{
  "bond_lengths": [
    0.4,
    0.6000000000000001,
    0.8,
    1.0,
    1.2000000000000002,
    1.4,
    1.6,
    1.8000000000000003,
    2.0,
    2.2,
    2.4,
    2.6,
    2.8000000000000003,
    3.0
  ],
  "E_hf": [
    -0.9043613941635393,
    -1.1011282422677011,
    -1.1108503974765949,
    -1.0661086493179366,
    -1.0051067065684898,
    -0.9414806547077985,
    -0.8817324499460566,
    -0.8288481479269773,
    -0.7837926542773535,
    -0.7464013499911593,
    -0.7159100604538065,
    -0.6913275611973779,
    -0.6716688597517277,
    -0.6560482511455908
  ],
  "E_fci": [
    -0.9141497046270848,
    -1.1162860068695397,
    -1.1341476666770962,
    -1.1011503302326187,
    -1.0567407463052574,
    -1.015468249288245,
    -0.9834727290331735,
    -0.9618169527925807,
    -0.9486411121761857,
    -0.9412240336932622,
    -0.9372549530096288,
    -0.935196030847474,
    -0.9341510956709365,
    -0.9336318445584986
  ],
  "E_vmc": [
    -0.9141491813494775,
    -1.1162860069833265,
    -1.1341482606051994,
    -1.1011503353082015,
    -1.055353858576386,
    -1.0154672451835751,
    -0.9826099807181827,
    -0.9618168978534247,
    -0.9486416814944034,
    -0.9412238439916473,
    -0.937254650714569,
    -0.9351968016827011,
    -0.9341512476666861,
    -0.9336251970097422
  ],
  "E_vmc_err": [
    5.232776072450207e-07,
    1.137867577938323e-10,
    5.93928103143071e-07,
    5.075582842906101e-09,
    0.001386887728871411,
    1.0041046698550105e-06,
    0.00086274831499078,
    5.493915600229826e-08,
    5.69318217680248e-07,
    1.8970161497211535e-07,
    3.022950597619811e-07,
    7.708352270929808e-07,
    1.5199574965318874e-07,
    6.647548756344435e-06
  ]
}