26-02-06-43 
============================================================
26-02-06-43 开始多链 NES-VMC 训练 | P8 双侧列规范 + 周期性 gauge reset + 分段冻结
26-02-06-43 ============================================================
26-02-06-43 精确CAS基准：E0=-2.88759483 | E1=-1.40116328 | E2=-0.95215100 | E3=-0.38469286 Ha
26-02-06-43 理论 Loss 上限：-5.62560197
26-02-06-43 总变分参数 P = 1516（每能级 379）
26-02-06-43 超参：clip_norm=20.0, lr=0.1, QGT diag_shift=0.1, RESET_PERIOD=10, N_ITER=300
26-02-06-43 分段冻结（单向，冻结后永不激活）：CHEM_ACC=1.6e-03 Ha, FREEZE_WINDOW=10, WARMUP=30, COOLDOWN=10
26-02-06-43 [Step   0] logΨ: mean=1.853+0.164j | min=-1.525-1.845j | max=3.410+2.453j
26-02-06-43 梯度监控 | raw=4.7099 | natural=2.4312 | clipped=2.4312(上限20.0) | t_grad=2545ms t_qgt=827ms
26-02-06-43 冻结状态 | frozen_set=[] | P_a/P=1516/1516 | QGT=2298256 | 本轮实际训练参数=1516
26-02-06-43 原始规范坐标 G(Re Σrow_mean) = +1.1539 | 累计|g| = 0.0000
26-02-06-43 Ψ矩阵条件数 cond(Ψ) = 3.98e+01
26-02-06-43 Loss=4.474020 | E0=0.34645313-0.02361065j | E1=0.46281940+0.01254051j|E2=1.49258590+0.01157437j|E3=2.17216139-0.00292688j
26-02-06-43 误差(Ha): e0=3.23e+00 | e1=1.86e+00 | e2=2.44e+00 | e3=2.56e+00
26-02-06-43 #-----------------------------------------#
26-02-06-43 [Step   1] logΨ: mean=2.482+0.254j | min=-0.339+0.530j | max=4.424+2.906j
26-02-06-43 梯度监控 | raw=5.3703 | natural=2.4645 | clipped=2.4645(上限20.0) | t_grad=0ms t_qgt=5ms
26-02-06-43 冻结状态 | frozen_set=[] | P_a/P=1516/1516 | QGT=2298256 | 本轮实际训练参数=1516
26-02-06-43 原始规范坐标 G(Re Σrow_mean) = +1.6738 | 累计|g| = 0.0000
26-02-06-43 Ψ矩阵条件数 cond(Ψ) = 8.67e+00
26-02-06-43 Loss=3.250829 | E0=-0.04932176-0.01050788j | E1=0.10996088+0.01156927j|E2=1.18502537+0.00450214j|E3=2.00516443-0.00101070j
26-02-06-43 误差(Ha): e0=2.84e+00 | e1=1.51e+00 | e2=2.14e+00 | e3=2.39e+00
26-02-06-43 #-----------------------------------------#
26-02-06-43 [Step   2] logΨ: mean=3.352+0.105j | min=-1.102-1.003j | max=5.558+2.863j
26-02-06-43 梯度监控 | raw=5.9736 | natural=2.3733 | clipped=2.3733(上限20.0) | t_grad=1ms t_qgt=6ms
26-02-06-43 冻结状态 | frozen_set=[] | P_a/P=1516/1516 | QGT=2298256 | 本轮实际训练参数=1516
26-02-06-43 原始规范坐标 G(Re Σrow_mean) = +2.3767 | 累计|g| = 0.0000
26-02-06-43 Ψ矩阵条件数 cond(Ψ) = 7.85e+00
26-02-06-43 Loss=1.994931 | E0=-0.40176624-0.02715658j | E1=-0.27980288+0.00395791j|E2=0.81446078+0.02049081j|E3=1.86203928+0.00302933j
26-02-06-43 误差(Ha): e0=2.49e+00 | e1=1.12e+00 | e2=1.77e+00 | e3=2.25e+00
26-02-06-43 #-----------------------------------------#
26-02-06-43 [Step   3] logΨ: mean=4.573+0.029j | min=0.644-1.604j | max=6.722+0.457j
26-02-06-43 梯度监控 | raw=5.5568 | natural=2.2294 | clipped=2.2294(上限20.0) | t_grad=0ms t_qgt=3ms
26-02-06-43 冻结状态 | frozen_set=[] | P_a/P=1516/1516 | QGT=2298256 | 本轮实际训练参数=1516
26-02-06-43 原始规范坐标 G(Re Σrow_mean) = +3.3658 | 累计|g| = 0.0000
26-02-06-43 Ψ矩阵条件数 cond(Ψ) = 1.12e+01
26-02-06-43 Loss=0.460817 | E0=-0.98788814+0.00289731j | E1=-0.56238396+0.03712182j|E2=0.35845055-0.01389208j|E3=1.65263889-0.01560295j
26-02-06-43 误差(Ha): e0=1.90e+00 | e1=8.39e-01 | e2=1.31e+00 | e3=2.04e+00
26-02-06-43 #-----------------------------------------#
26-02-06-43 [Step   4] logΨ: mean=6.009+0.056j | min=-0.105+2.577j | max=8.102+0.402j
26-02-06-43 梯度监控 | raw=5.9999 | natural=2.0054 | clipped=2.0054(上限20.0) | t_grad=0ms t_qgt=3ms
26-02-06-43 冻结状态 | frozen_set=[] | P_a/P=1516/1516 | QGT=2298256 | 本轮实际训练参数=1516
26-02-06-43 原始规范坐标 G(Re Σrow_mean) = +4.4825 | 累计|g| = 0.0000
26-02-06-43 Ψ矩阵条件数 cond(Ψ) = 1.08e+01
26-02-06-43 Loss=-0.948070 | E0=-1.57712395+0.00667477j | E1=-0.81455963+0.00247138j|E2=0.03484798+0.00203014j|E3=1.40876530-0.00550975j
26-02-06-43 误差(Ha): e0=1.31e+00 | e1=5.87e-01 | e2=9.87e-01 | e3=1.79e+00
26-02-06-43 #-----------------------------------------#
26-02-06-43 [Step   5] logΨ: mean=7.540-0.150j | min=1.923+1.426j | max=9.429+0.343j
26-02-06-43 梯度监控 | raw=5.9956 | natural=1.7554 | clipped=1.7554(上限20.0) | t_grad=0ms t_qgt=5ms
26-02-06-43 冻结状态 | frozen_set=[] | P_a/P=1516/1516 | QGT=2298256 | 本轮实际训练参数=1516
26-02-06-43 原始规范坐标 G(Re Σrow_mean) = +5.6981 | 累计|g| = 0.0000
26-02-06-43 Ψ矩阵条件数 cond(Ψ) = 3.68e+01
26-02-06-43 Loss=-2.241588 | E0=-2.18336716+0.00381270j | E1=-0.96407046+0.00274427j|E2=-0.24600498-0.00049296j|E3=1.15185444+0.00889948j
26-02-06-43 误差(Ha): e0=7.04e-01 | e1=4.37e-01 | e2=7.06e-01 | e3=1.54e+00
26-02-06-43 #-----------------------------------------#
26-02-06-43 [Step   6] logΨ: mean=9.065-0.376j | min=2.181-2.604j | max=10.705+0.332j
26-02-06-43 梯度监控 | raw=5.0935 | natural=1.6588 | clipped=1.6588(上限20.0) | t_grad=0ms t_qgt=4ms
26-02-06-43 冻结状态 | frozen_set=[] | P_a/P=1516/1516 | QGT=2298256 | 本轮实际训练参数=1516
26-02-06-43 原始规范坐标 G(Re Σrow_mean) = +6.9041 | 累计|g| = 0.0000
26-02-06-43 Ψ矩阵条件数 cond(Ψ) = 8.03e+00
26-02-06-43 Loss=-3.103326 | E0=-2.44272562-0.00444125j | E1=-1.05586242+0.00328082j|E2=-0.50912284-0.00786770j|E3=0.90438526+0.01794509j
26-02-06-43 误差(Ha): e0=4.45e-01 | e1=3.45e-01 | e2=4.43e-01 | e3=1.29e+00
26-02-06-43 #-----------------------------------------#
26-02-06-43 [Step   7] logΨ: mean=10.460-0.708j | min=3.395+1.422j | max=11.925+0.282j
26-02-06-43 梯度监控 | raw=5.4949 | natural=1.3943 | clipped=1.3943(上限20.0) | t_grad=0ms t_qgt=3ms
26-02-06-43 冻结状态 | frozen_set=[] | P_a/P=1516/1516 | QGT=2298256 | 本轮实际训练参数=1516
26-02-06-43 原始规范坐标 G(Re Σrow_mean) = +8.0141 | 累计|g| = 0.0000
26-02-06-43 Ψ矩阵条件数 cond(Ψ) = 1.16e+01
26-02-06-43 Loss=-3.736443 | E0=-2.58278048-0.00980248j | E1=-1.14915301-0.01026894j|E2=-0.57088190+0.01254468j|E3=0.56637242-0.00357249j
26-02-06-43 误差(Ha): e0=3.05e-01 | e1=2.52e-01 | e2=3.81e-01 | e3=9.51e-01
26-02-06-43 #-----------------------------------------#
26-02-06-43 [Step   8] logΨ: mean=11.946-0.733j | min=4.745-0.553j | max=13.074+0.291j
26-02-06-43 梯度监控 | raw=3.9646 | natural=1.1316 | clipped=1.1316(上限20.0) | t_grad=0ms t_qgt=4ms
26-02-06-43 冻结状态 | frozen_set=[] | P_a/P=1516/1516 | QGT=2298256 | 本轮实际训练参数=1516
26-02-06-43 原始规范坐标 G(Re Σrow_mean) = +9.1569 | 累计|g| = 0.0000
26-02-06-43 Ψ矩阵条件数 cond(Ψ) = 1.06e+01
26-02-06-43 Loss=-4.268847 | E0=-2.73793288+0.00674440j | E1=-1.21581712+0.00161985j|E2=-0.71333124-0.00542829j|E3=0.39823375+0.00616131j
26-02-06-43 误差(Ha): e0=1.50e-01 | e1=1.85e-01 | e2=2.39e-01 | e3=7.83e-01
26-02-06-43 #-----------------------------------------#
26-02-06-43 [Step   9] logΨ: mean=12.926-1.064j | min=7.174-2.705j | max=13.963+0.296j
26-02-06-43 梯度监控 | raw=3.1603 | natural=1.1294 | clipped=1.1294(上限20.0) | t_grad=0ms t_qgt=3ms
26-02-06-43 冻结状态 | frozen_set=[] | P_a/P=1516/1516 | QGT=2298256 | 本轮实际训练参数=1516
26-02-06-43 原始规范坐标 G(Re Σrow_mean) = +9.8623 | 累计|g| = 0.0000
26-02-06-43 Ψ矩阵条件数 cond(Ψ) = 8.47e+00
26-02-06-43 Loss=-4.508770 | E0=-2.81855155+0.00580368j | E1=-1.25746682+0.01220037j|E2=-0.75051994-0.01251706j|E3=0.31776825+0.00763105j
26-02-06-43 误差(Ha): e0=6.90e-02 | e1=1.44e-01 | e2=2.02e-01 | e3=7.02e-01
26-02-06-43 #-----------------------------------------#
26-02-06-43 [GaugeReset@10] 吸收 Δg = Σ Re(col_mean) = +9.8623 | 新|g| = 5.2508
26-02-06-43 [Step  10] logΨ: mean=4.416+0.927j | min=-2.635-0.975j | max=5.185+3.040j
26-02-06-43 梯度监控 | raw=3.9305 | natural=0.9103 | clipped=0.9103(上限20.0) | t_grad=1839ms t_qgt=491ms
26-02-06-43 冻结状态 | frozen_set=[] | P_a/P=1516/1516 | QGT=2298256 | 本轮实际训练参数=1516
26-02-06-43 原始规范坐标 G(Re Σrow_mean) = +10.8517 | 累计|g| = 5.2508
26-02-06-43 Ψ矩阵条件数 cond(Ψ) = 8.43e+00
26-02-06-43 Loss=-4.795821 | E0=-2.78062997+0.00729053j | E1=-1.31622565+0.00248808j|E2=-0.82815753-0.00798190j|E3=0.12919189+0.00256454j
26-02-06-43 误差(Ha): e0=1.07e-01 | e1=8.49e-02 | e2=1.24e-01 | e3=5.14e-01
26-02-06-43 #-----------------------------------------#
26-02-06-43 [Step  11] logΨ: mean=5.485+0.651j | min=-0.518+1.140j | max=6.258+3.103j
26-02-06-43 梯度监控 | raw=3.6690 | natural=0.7798 | clipped=0.7798(上限20.0) | t_grad=1ms t_qgt=5ms
26-02-06-43 冻结状态 | frozen_set=[] | P_a/P=1516/1516 | QGT=2298256 | 本轮实际训练参数=1516
26-02-06-43 原始规范坐标 G(Re Σrow_mean) = +11.5809 | 累计|g| = 5.2508
26-02-06-43 Ψ矩阵条件数 cond(Ψ) = 2.56e+01
26-02-06-43 Loss=-4.895982 | E0=-2.82397361-0.00030641j | E1=-1.32156734-0.00821679j|E2=-0.83320055+0.00200674j|E3=0.08275977-0.00145452j
26-02-06-43 误差(Ha): e0=6.36e-02 | e1=7.96e-02 | e2=1.19e-01 | e3=4.67e-01
26-02-06-43 #-----------------------------------------#
26-02-06-43 [Step  12] logΨ: mean=6.658-0.739j | min=0.681-2.795j | max=7.216+0.082j
26-02-06-43 梯度监控 | raw=2.9662 | natural=0.6365 | clipped=0.6365(上限20.0) | t_grad=0ms t_qgt=4ms
26-02-06-43 冻结状态 | frozen_set=[] | P_a/P=1516/1516 | QGT=2298256 | 本轮实际训练参数=1516
26-02-06-43 原始规范坐标 G(Re Σrow_mean) = +12.3799 | 累计|g| = 5.2508
26-02-06-43 Ψ矩阵条件数 cond(Ψ) = 1.03e+01
26-02-06-43 Loss=-5.053695 | E0=-2.85282855-0.00054541j | E1=-1.35143398-0.00745077j|E2=-0.84957293+0.00640393j|E3=0.00014082+0.00551799j
26-02-06-43 误差(Ha): e0=3.48e-02 | e1=4.97e-02 | e2=1.03e-01 | e3=3.85e-01
26-02-06-43 #-----------------------------------------#
26-02-06-43 [Step  13] logΨ: mean=8.774+0.591j | min=1.600-0.534j | max=9.206+2.631j
26-02-06-43 梯度监控 | raw=3.0114 | natural=1.1460 | clipped=1.1460(上限20.0) | t_grad=0ms t_qgt=3ms
26-02-06-43 冻结状态 | frozen_set=[] | P_a/P=1516/1516 | QGT=2298256 | 本轮实际训练参数=1516
26-02-06-43 原始规范坐标 G(Re Σrow_mean) = +13.7710 | 累计|g| = 5.2508
26-02-06-43 Ψ矩阵条件数 cond(Ψ) = 1.46e+01
26-02-06-43 Loss=-5.127525 | E0=-2.82919039+0.00353645j | E1=-1.35885742-0.00534381j|E2=-0.89778449+0.00356623j|E3=-0.04169292+0.00963318j
26-02-06-43 误差(Ha): e0=5.84e-02 | e1=4.23e-02 | e2=5.44e-02 | e3=3.43e-01
26-02-06-43 #-----------------------------------------#
26-02-06-43 [Step  14] logΨ: mean=9.466+0.829j | min=4.033-0.193j | max=9.877+2.938j
26-02-06-43 梯度监控 | raw=1.8700 | natural=0.4144 | clipped=0.4144(上限20.0) | t_grad=0ms t_qgt=3ms
26-02-06-43 冻结状态 | frozen_set=[] | P_a/P=1516/1516 | QGT=2298256 | 本轮实际训练参数=1516
26-02-06-43 原始规范坐标 G(Re Σrow_mean) = +14.2039 | 累计|g| = 5.2508
26-02-06-43 Ψ矩阵条件数 cond(Ψ) = 1.40e+01
26-02-06-43 Loss=-5.197083 | E0=-2.85596611-0.00046701j | E1=-1.36822938+0.01017328j|E2=-0.91156598-0.00739063j|E3=-0.06132123-0.00174753j
26-02-06-43 误差(Ha): e0=3.16e-02 | e1=3.29e-02 | e2=4.06e-02 | e3=3.23e-01
26-02-06-43 #-----------------------------------------#
26-02-06-43 [Step  15] logΨ: mean=9.922-0.923j | min=4.072+0.172j | max=10.289+0.379j
26-02-06-43 梯度监控 | raw=2.1559 | natural=0.4052 | clipped=0.4052(上限20.0) | t_grad=0ms t_qgt=4ms
26-02-06-43 冻结状态 | frozen_set=[] | P_a/P=1516/1516 | QGT=2298256 | 本轮实际训练参数=1516
26-02-06-43 原始规范坐标 G(Re Σrow_mean) = +14.5181 | 累计|g| = 5.2508
26-02-06-43 Ψ矩阵条件数 cond(Ψ) = 2.23e+01
26-02-06-43 Loss=-5.245879 | E0=-2.85591524-0.00013923j | E1=-1.36671710-0.00183455j|E2=-0.90773598+0.00121742j|E3=-0.11551062+0.00037605j
26-02-06-43 误差(Ha): e0=3.17e-02 | e1=3.44e-02 | e2=4.44e-02 | e3=2.69e-01
26-02-06-43 #-----------------------------------------#
26-02-06-43 [Step  16] logΨ: mean=8.245+1.118j | min=2.392-3.046j | max=8.511+3.068j
26-02-06-43 梯度监控 | raw=15.0001 | natural=1.8842 | clipped=1.8842(上限20.0) | t_grad=0ms t_qgt=4ms
26-02-06-43 冻结状态 | frozen_set=[] | P_a/P=1516/1516 | QGT=2298256 | 本轮实际训练参数=1516
26-02-06-43 原始规范坐标 G(Re Σrow_mean) = +13.0550 | 累计|g| = 5.2508
26-02-06-43 Ψ矩阵条件数 cond(Ψ) = 7.52e+00
26-02-06-43 Loss=-5.279039 | E0=-2.88782111-0.02313757j | E1=-1.37740357-0.00336975j|E2=-0.90685110+0.00660332j|E3=-0.10696325-0.00161531j
26-02-06-43 误差(Ha): e0=2.26e-04 | e1=2.38e-02 | e2=4.53e-02 | e3=2.78e-01
26-02-06-43 #-----------------------------------------#
26-02-06-43 [Step  17] logΨ: mean=9.052+0.372j | min=4.837-2.029j | max=9.678+0.129j
26-02-06-43 梯度监控 | raw=63.4885 | natural=0.7058 | clipped=0.7058(上限20.0) | t_grad=0ms t_qgt=3ms
26-02-06-43 冻结状态 | frozen_set=[] | P_a/P=1516/1516 | QGT=2298256 | 本轮实际训练参数=1516
26-02-06-43 原始规范坐标 G(Re Σrow_mean) = +13.3805 | 累计|g| = 5.2508
26-02-06-43 Ψ矩阵条件数 cond(Ψ) = 9.35e+00
26-02-06-43 Loss=-4.793216 | E0=-2.55790768-0.00616267j | E1=-1.37442296+0.00109799j|E2=-0.93489541-0.00038660j|E3=0.07401024-0.00288875j
26-02-06-43 误差(Ha): e0=3.30e-01 | e1=2.67e-02 | e2=1.73e-02 | e3=4.59e-01
26-02-06-43 #-----------------------------------------#
26-02-06-43 [Step  18] logΨ: mean=10.407-1.346j | min=5.049+1.875j | max=10.799+0.373j
26-02-06-43 梯度监控 | raw=48.9830 | natural=0.6079 | clipped=0.6079(上限20.0) | t_grad=1ms t_qgt=3ms
26-02-06-43 冻结状态 | frozen_set=[] | P_a/P=1516/1516 | QGT=2298256 | 本轮实际训练参数=1516
26-02-06-43 原始规范坐标 G(Re Σrow_mean) = +14.2700 | 累计|g| = 5.2508
26-02-06-43 Ψ矩阵条件数 cond(Ψ) = 8.94e+00
26-02-06-43 Loss=-5.113883 | E0=-2.73978824+0.00272355j | E1=-1.38491071-0.00261343j|E2=-0.93959961-0.00014430j|E3=-0.04958442+0.00633805j
26-02-06-43 误差(Ha): e0=1.48e-01 | e1=1.63e-02 | e2=1.26e-02 | e3=3.35e-01
26-02-06-43 #-----------------------------------------#
26-02-06-43 [Step  19] logΨ: mean=12.109-0.336j | min=5.115+3.105j | max=12.608+1.171j
26-02-06-43 梯度监控 | raw=36.7399 | natural=1.1903 | clipped=1.1903(上限20.0) | t_grad=0ms t_qgt=2ms
26-02-06-43 冻结状态 | frozen_set=[] | P_a/P=1516/1516 | QGT=2298256 | 本轮实际训练参数=1516
26-02-06-43 原始规范坐标 G(Re Σrow_mean) = +15.1884 | 累计|g| = 5.2508
26-02-06-43 Ψ矩阵条件数 cond(Ψ) = 1.69e+01
26-02-06-43 Loss=-5.174671 | E0=-2.84290124+0.02812477j | E1=-1.36977160+0.00036393j|E2=-0.92286192+0.00136568j|E3=-0.03913631+0.01078968j
26-02-06-43 误差(Ha): e0=4.47e-02 | e1=3.14e-02 | e2=2.93e-02 | e3=3.46e-01
26-02-06-43 #-----------------------------------------#
26-02-06-43 [保存] Step 19 → pickle 文件已更新 (20 条记录)
26-02-06-43 [GaugeReset@20] 吸收 Δg = Σ Re(col_mean) = +15.1884 | 新|g| = 8.0234
26-02-06-43 [Step  20] logΨ: mean=9.057+0.501j | min=4.616-0.841j | max=9.352+2.264j
26-02-06-43 梯度监控 | raw=41.2820 | natural=0.2670 | clipped=0.2670(上限20.0) | t_grad=0ms t_qgt=3ms
26-02-06-43 冻结状态 | frozen_set=[] | P_a/P=1516/1516 | QGT=2298256 | 本轮实际训练参数=1516
26-02-06-43 原始规范坐标 G(Re Σrow_mean) = +16.5467 | 累计|g| = 8.0234
26-02-06-43 Ψ矩阵条件数 cond(Ψ) = 1.01e+01
26-02-06-43 Loss=-5.259347 | E0=-2.84133188+0.00112101j | E1=-1.39684246+0.00021569j|E2=-0.94323592-0.00026470j|E3=-0.07793688-0.00622707j
26-02-06-43 误差(Ha): e0=4.63e-02 | e1=4.32e-03 | e2=8.92e-03 | e3=3.07e-01
26-02-06-43 #-----------------------------------------#
26-02-06-43 [Step  21] logΨ: mean=7.833+0.385j | min=1.551-1.872j | max=8.275+2.113j
26-02-06-43 梯度监控 | raw=18.3951 | natural=1.0162 | clipped=1.0162(上限20.0) | t_grad=0ms t_qgt=4ms
26-02-06-43 冻结状态 | frozen_set=[] | P_a/P=1516/1516 | QGT=2298256 | 本轮实际训练参数=1516
26-02-06-43 原始规范坐标 G(Re Σrow_mean) = +15.7830 | 累计|g| = 8.0234
26-02-06-43 Ψ矩阵条件数 cond(Ψ) = 2.33e+01
26-02-06-43 Loss=-5.337623 | E0=-2.87754970-0.00667672j | E1=-1.39115897-0.00004925j|E2=-0.93608599+0.00013995j|E3=-0.13282794+0.00075133j
26-02-06-43 误差(Ha): e0=1.00e-02 | e1=1.00e-02 | e2=1.61e-02 | e3=2.52e-01
26-02-06-43 #-----------------------------------------#
26-02-06-43 [Step  22] logΨ: mean=6.049-0.535j | min=0.656-2.322j | max=6.415+1.021j
26-02-06-43 梯度监控 | raw=2.4177 | natural=0.2955 | clipped=0.2955(上限20.0) | t_grad=0ms t_qgt=4ms
26-02-06-43 冻结状态 | frozen_set=[] | P_a/P=1516/1516 | QGT=2298256 | 本轮实际训练参数=1516
26-02-06-43 原始规范坐标 G(Re Σrow_mean) = +14.7673 | 累计|g| = 8.0234
26-02-06-43 Ψ矩阵条件数 cond(Ψ) = 1.62e+01
26-02-06-43 Loss=-5.336440 | E0=-2.85554837-0.00050974j | E1=-1.38302914-0.00059501j|E2=-0.92397401+0.00057209j|E3=-0.17388840+0.00927423j
26-02-06-43 误差(Ha): e0=3.20e-02 | e1=1.81e-02 | e2=2.82e-02 | e3=2.11e-01
26-02-06-43 #-----------------------------------------#
26-02-06-43 [Step  23] logΨ: mean=6.166-0.892j | min=1.394-0.137j | max=6.516+0.773j
26-02-06-43 梯度监控 | raw=2.1854 | natural=0.1669 | clipped=0.1669(上限20.0) | t_grad=1ms t_qgt=3ms
26-02-06-43 冻结状态 | frozen_set=[] | P_a/P=1516/1516 | QGT=2298256 | 本轮实际训练参数=1516
26-02-06-43 原始规范坐标 G(Re Σrow_mean) = +14.9534 | 累计|g| = 8.0234
26-02-06-43 Ψ矩阵条件数 cond(Ψ) = 8.32e+01
26-02-06-43 Loss=-5.364853 | E0=-2.85533759+0.00025369j | E1=-1.39578789+0.00311102j|E2=-0.93347998-0.00198635j|E3=-0.18024757+0.00438600j
26-02-06-43 误差(Ha): e0=3.23e-02 | e1=5.38e-03 | e2=1.87e-02 | e3=2.04e-01
26-02-06-43 #-----------------------------------------#
26-02-06-43 [Step  24] logΨ: mean=6.100-0.920j | min=2.468-2.583j | max=6.379+0.876j
26-02-06-43 梯度监控 | raw=4.0627 | natural=0.0396 | clipped=0.0396(上限20.0) | t_grad=0ms t_qgt=4ms
26-02-06-43 冻结状态 | frozen_set=[] | P_a/P=1516/1516 | QGT=2298256 | 本轮实际训练参数=1516
26-02-06-43 原始规范坐标 G(Re Σrow_mean) = +15.0557 | 累计|g| = 8.0234
26-02-06-43 Ψ矩阵条件数 cond(Ψ) = 2.50e+01
26-02-06-43 Loss=-5.402825 | E0=-2.85479522+0.00058315j | E1=-1.39834038+0.00006562j|E2=-0.94290152-0.00052908j|E3=-0.20678758+0.00041872j
26-02-06-43 误差(Ha): e0=3.28e-02 | e1=2.82e-03 | e2=9.25e-03 | e3=1.78e-01
26-02-06-43 #-----------------------------------------#
26-02-06-43 [Step  25] logΨ: mean=6.580-1.020j | min=1.990-1.268j | max=6.882+0.765j
26-02-06-43 梯度监控 | raw=2.8823 | natural=0.1285 | clipped=0.1285(上限20.0) | t_grad=0ms t_qgt=3ms
26-02-06-43 冻结状态 | frozen_set=[] | P_a/P=1516/1516 | QGT=2298256 | 本轮实际训练参数=1516
26-02-06-43 原始规范坐标 G(Re Σrow_mean) = +15.3125 | 累计|g| = 8.0234
26-02-06-43 Ψ矩阵条件数 cond(Ψ) = 2.72e+01
26-02-06-43 Loss=-5.389017 | E0=-2.85279200+0.00052519j | E1=-1.39253790-0.00025117j|E2=-0.93722235-0.00041692j|E3=-0.20646435+0.00301425j
26-02-06-43 误差(Ha): e0=3.48e-02 | e1=8.63e-03 | e2=1.49e-02 | e3=1.78e-01
26-02-06-43 #-----------------------------------------#
26-02-06-43 [Step  26] logΨ: mean=6.705-0.887j | min=1.566-3.015j | max=6.946+0.896j
26-02-06-43 梯度监控 | raw=1.8073 | natural=0.0696 | clipped=0.0696(上限20.0) | t_grad=0ms t_qgt=3ms
26-02-06-43 冻结状态 | frozen_set=[] | P_a/P=1516/1516 | QGT=2298256 | 本轮实际训练参数=1516
26-02-06-43 原始规范坐标 G(Re Σrow_mean) = +15.4666 | 累计|g| = 8.0234
26-02-06-43 Ψ矩阵条件数 cond(Ψ) = 6.33e+01
26-02-06-43 Loss=-5.399059 | E0=-2.85494052+0.00019077j | E1=-1.40044933+0.00150573j|E2=-0.94187719-0.00155307j|E3=-0.20179158+0.00688595j
26-02-06-43 误差(Ha): e0=3.27e-02 | e1=7.14e-04 | e2=1.03e-02 | e3=1.83e-01
26-02-06-43 #-----------------------------------------#
26-02-06-43 [Step  27] logΨ: mean=7.475-0.585j | min=-0.037+1.025j | max=7.849+0.973j
26-02-06-43 梯度监控 | raw=3.6677 | natural=0.4568 | clipped=0.4568(上限20.0) | t_grad=0ms t_qgt=3ms
26-02-06-43 冻结状态 | frozen_set=[] | P_a/P=1516/1516 | QGT=2298256 | 本轮实际训练参数=1516
26-02-06-43 原始规范坐标 G(Re Σrow_mean) = +15.7855 | 累计|g| = 8.0234
26-02-06-43 Ψ矩阵条件数 cond(Ψ) = 1.77e+01
26-02-06-43 Loss=-5.364937 | E0=-2.84996199+0.00020693j | E1=-1.39106798-0.00118448j|E2=-0.90426588+0.00664354j|E3=-0.21964160-0.00171608j
26-02-06-43 误差(Ha): e0=3.76e-02 | e1=1.01e-02 | e2=4.79e-02 | e3=1.65e-01
26-02-06-43 #-----------------------------------------#
26-02-06-43 [Step  28] logΨ: mean=7.589-0.754j | min=4.110+0.316j | max=7.839+0.983j
26-02-06-43 梯度监控 | raw=5.7069 | natural=0.0237 | clipped=0.0237(上限20.0) | t_grad=0ms t_qgt=3ms
26-02-06-43 冻结状态 | frozen_set=[] | P_a/P=1516/1516 | QGT=2298256 | 本轮实际训练参数=1516
26-02-06-43 原始规范坐标 G(Re Σrow_mean) = +15.9681 | 累计|g| = 8.0234
26-02-06-43 Ψ矩阵条件数 cond(Ψ) = 1.85e+01
26-02-06-43 Loss=-5.423896 | E0=-2.85476884+0.00006339j | E1=-1.40049765-0.00034320j|E2=-0.94498132-0.00024139j|E3=-0.22364860+0.00515731j
26-02-06-43 误差(Ha): e0=3.28e-02 | e1=6.66e-04 | e2=7.17e-03 | e3=1.61e-01
26-02-06-43 #-----------------------------------------#
26-02-06-43 [Step  29] logΨ: mean=7.363-0.379j | min=1.091-2.485j | max=7.618+1.387j
26-02-06-43 梯度监控 | raw=6.9965 | natural=0.1480 | clipped=0.1480(上限20.0) | t_grad=0ms t_qgt=4ms
26-02-06-43 冻结状态 | frozen_set=[] | P_a/P=1516/1516 | QGT=2298256 | 本轮实际训练参数=1516
26-02-06-43 原始规范坐标 G(Re Σrow_mean) = +15.8452 | 累计|g| = 8.0234
26-02-06-43 Ψ矩阵条件数 cond(Ψ) = 2.27e+01
26-02-06-43 Loss=-5.437535 | E0=-2.85437279+0.00005894j | E1=-1.39671440-0.00009647j|E2=-0.93641045-0.00050303j|E3=-0.25003698+0.00054797j
26-02-06-43 误差(Ha): e0=3.32e-02 | e1=4.45e-03 | e2=1.57e-02 | e3=1.35e-01
26-02-06-43 #-----------------------------------------#
26-02-06-43 [GaugeReset@30] 吸收 Δg = Σ Re(col_mean) = +15.8452 | 新|g| = 8.2068
26-02-06-43 [Step  30] logΨ: mean=6.968-1.207j | min=2.473-2.108j | max=7.228+0.532j
26-02-06-43 梯度监控 | raw=5.3966 | natural=0.1354 | clipped=0.1354(上限20.0) | t_grad=0ms t_qgt=4ms
26-02-06-43 冻结状态 | frozen_set=[] | P_a/P=1516/1516 | QGT=2298256 | 本轮实际训练参数=1516
26-02-06-43 原始规范坐标 G(Re Σrow_mean) = +15.9517 | 累计|g| = 8.2068
26-02-06-43 Ψ矩阵条件数 cond(Ψ) = 1.09e+01
26-02-06-43 Loss=-5.423013 | E0=-2.84684153+0.00031801j | E1=-1.40070548+0.00041302j|E2=-0.94306386-0.00052032j|E3=-0.23240184+0.00505305j
26-02-06-43 误差(Ha): e0=4.08e-02 | e1=4.58e-04 | e2=9.09e-03 | e3=1.52e-01
26-02-06-43 #-----------------------------------------#
26-02-06-43 [Step  31] logΨ: mean=7.429-1.138j | min=0.507+1.039j | max=7.797+0.446j
26-02-06-43 梯度监控 | raw=8.5098 | natural=0.2143 | clipped=0.2143(上限20.0) | t_grad=0ms t_qgt=3ms
26-02-06-43 冻结状态 | frozen_set=[] | P_a/P=1516/1516 | QGT=2298256 | 本轮实际训练参数=1516
26-02-06-43 原始规范坐标 G(Re Σrow_mean) = +16.1653 | 累计|g| = 8.2068
26-02-06-43 Ψ矩阵条件数 cond(Ψ) = 1.12e+01
26-02-06-43 Loss=-5.417459 | E0=-2.83418005-0.00054827j | E1=-1.40035204-0.00370799j|E2=-0.93237285+0.00150579j|E3=-0.25055456+0.00408401j
26-02-06-43 误差(Ha): e0=5.34e-02 | e1=8.11e-04 | e2=1.98e-02 | e3=1.34e-01
26-02-06-43 #-----------------------------------------#
26-02-06-43 [Step  32] logΨ: mean=7.681-0.864j | min=2.994-1.106j | max=7.927+0.716j
26-02-06-43 梯度监控 | raw=3.8408 | natural=0.2481 | clipped=0.2481(上限20.0) | t_grad=0ms t_qgt=4ms
26-02-06-43 冻结状态 | frozen_set=[] | P_a/P=1516/1516 | QGT=2298256 | 本轮实际训练参数=1516
26-02-06-43 原始规范坐标 G(Re Σrow_mean) = +16.2055 | 累计|g| = 8.2068
26-02-06-43 Ψ矩阵条件数 cond(Ψ) = 1.25e+01
26-02-06-43 Loss=-5.427998 | E0=-2.85464342+0.00011648j | E1=-1.39990176+0.00038438j|E2=-0.94509287-0.00065498j|E3=-0.22835968+0.00686947j
26-02-06-43 误差(Ha): e0=3.30e-02 | e1=1.26e-03 | e2=7.06e-03 | e3=1.56e-01
26-02-06-43 #-----------------------------------------#
26-02-06-43 [Step  33] logΨ: mean=8.505-0.852j | min=0.595+1.006j | max=8.743+0.527j
26-02-06-43 梯度监控 | raw=4.0172 | natural=0.2062 | clipped=0.2062(上限20.0) | t_grad=0ms t_qgt=5ms
26-02-06-43 冻结状态 | frozen_set=[] | P_a/P=1516/1516 | QGT=2298256 | 本轮实际训练参数=1516
26-02-06-43 原始规范坐标 G(Re Σrow_mean) = +16.4919 | 累计|g| = 8.2068
26-02-06-43 Ψ矩阵条件数 cond(Ψ) = 1.37e+01
26-02-06-43 Loss=-5.438264 | E0=-2.85065812-0.00010131j | E1=-1.39782882-0.00036140j|E2=-0.94281698-0.00008119j|E3=-0.24696034+0.01014891j
26-02-06-43 误差(Ha): e0=3.69e-02 | e1=3.33e-03 | e2=9.33e-03 | e3=1.38e-01
26-02-06-43 #-----------------------------------------#
26-02-06-43 [Step  34] logΨ: mean=8.559-0.270j | min=5.458+0.362j | max=8.815+1.185j
26-02-06-43 梯度监控 | raw=4.7690 | natural=0.0734 | clipped=0.0734(上限20.0) | t_grad=0ms t_qgt=3ms
26-02-06-43 冻结状态 | frozen_set=[] | P_a/P=1516/1516 | QGT=2298256 | 本轮实际训练参数=1516
26-02-06-43 原始规范坐标 G(Re Σrow_mean) = +16.7079 | 累计|g| = 8.2068
26-02-06-43 Ψ矩阵条件数 cond(Ψ) = 1.89e+01
26-02-06-43 Loss=-5.453198 | E0=-2.85489626-0.00007346j | E1=-1.40116326-0.00000000j|E2=-0.94598159-0.00028920j|E3=-0.25115734+0.00736173j
26-02-06-43 误差(Ha): e0=3.27e-02 | e1=1.23e-08 | e2=6.17e-03 | e3=1.34e-01
26-02-06-43 #-----------------------------------------#
26-02-06-44 [Step  35] logΨ: mean=8.625-0.288j | min=4.896+0.469j | max=8.804+1.153j
26-02-06-44 梯度监控 | raw=6.9343 | natural=0.0210 | clipped=0.0210(上限20.0) | t_grad=0ms t_qgt=4ms
26-02-06-44 冻结状态 | frozen_set=[] | P_a/P=1516/1516 | QGT=2298256 | 本轮实际训练参数=1516
26-02-06-44 原始规范坐标 G(Re Σrow_mean) = +16.8276 | 累计|g| = 8.2068
26-02-06-44 Ψ矩阵条件数 cond(Ψ) = 1.84e+01
26-02-06-44 Loss=-5.451767 | E0=-2.85442517-0.00087662j | E1=-1.39993169+0.00006654j|E2=-0.94460186-0.00041190j|E3=-0.25280823+0.01279759j
26-02-06-44 误差(Ha): e0=3.32e-02 | e1=1.23e-03 | e2=7.55e-03 | e3=1.32e-01
26-02-06-44 #-----------------------------------------#
26-02-06-44 [Step  36] logΨ: mean=8.488+0.390j | min=3.903-2.512j | max=8.729+1.783j
26-02-06-44 梯度监控 | raw=2.0190 | natural=0.2030 | clipped=0.2030(上限20.0) | t_grad=0ms t_qgt=3ms
26-02-06-44 冻结状态 | frozen_set=[] | P_a/P=1516/1516 | QGT=2298256 | 本轮实际训练参数=1516
26-02-06-44 原始规范坐标 G(Re Σrow_mean) = +16.7322 | 累计|g| = 8.2068
26-02-06-44 Ψ矩阵条件数 cond(Ψ) = 2.30e+01
26-02-06-44 Loss=-5.458183 | E0=-2.85352016-0.00113210j | E1=-1.40116329-0.00000000j|E2=-0.94594486-0.00028006j|E3=-0.25755423+0.00554255j
26-02-06-44 误差(Ha): e0=3.41e-02 | e1=1.42e-08 | e2=6.21e-03 | e3=1.27e-01
26-02-06-44 #-----------------------------------------#
26-02-06-44 [Step  37] logΨ: mean=8.811-1.160j | min=2.952+3.110j | max=9.057+0.608j
26-02-06-44 梯度监控 | raw=6.4432 | natural=0.1772 | clipped=0.1772(上限20.0) | t_grad=0ms t_qgt=4ms
26-02-06-44 冻结状态 | frozen_set=[] | P_a/P=1516/1516 | QGT=2298256 | 本轮实际训练参数=1516
26-02-06-44 原始规范坐标 G(Re Σrow_mean) = +17.1484 | 累计|g| = 8.2068
26-02-06-44 Ψ矩阵条件数 cond(Ψ) = 1.77e+01
26-02-06-44 Loss=-5.471198 | E0=-2.85435637-0.00110813j | E1=-1.39951007-0.00048085j|E2=-0.94737125-0.00322722j|E3=-0.26996005+0.00196430j
26-02-06-44 误差(Ha): e0=3.32e-02 | e1=1.65e-03 | e2=4.78e-03 | e3=1.15e-01
26-02-06-44 #-----------------------------------------#
26-02-06-44 [Step  38] logΨ: mean=9.040-0.688j | min=3.080+0.750j | max=9.290+0.863j
26-02-06-44 梯度监控 | raw=7.0817 | natural=0.1477 | clipped=0.1477(上限20.0) | t_grad=0ms t_qgt=4ms
26-02-06-44 冻结状态 | frozen_set=[] | P_a/P=1516/1516 | QGT=2298256 | 本轮实际训练参数=1516
26-02-06-44 原始规范坐标 G(Re Σrow_mean) = +17.1264 | 累计|g| = 8.2068
26-02-06-44 Ψ矩阵条件数 cond(Ψ) = 3.51e+01
26-02-06-44 Loss=-5.483544 | E0=-2.85653394-0.00039455j | E1=-1.39975089+0.00014836j|E2=-0.94291348-0.00055868j|E3=-0.28434541+0.00649657j
26-02-06-44 误差(Ha): e0=3.11e-02 | e1=1.41e-03 | e2=9.24e-03 | e3=1.00e-01
26-02-06-44 #-----------------------------------------#
26-02-06-44 [Step  39] logΨ: mean=9.517-0.914j | min=5.454+2.814j | max=9.766+0.645j
26-02-06-44 梯度监控 | raw=4.4485 | natural=0.1741 | clipped=0.1741(上限20.0) | t_grad=0ms t_qgt=3ms
26-02-06-44 冻结状态 | frozen_set=[] | P_a/P=1516/1516 | QGT=2298256 | 本轮实际训练参数=1516
26-02-06-44 原始规范坐标 G(Re Σrow_mean) = +17.1590 | 累计|g| = 8.2068
26-02-06-44 Ψ矩阵条件数 cond(Ψ) = 3.61e+01
26-02-06-44 Loss=-5.479438 | E0=-2.85692361-0.00018130j | E1=-1.40116326-0.00000001j|E2=-0.94603469-0.00017536j|E3=-0.27531660+0.00726854j
26-02-06-44 误差(Ha): e0=3.07e-02 | e1=1.67e-08 | e2=6.12e-03 | e3=1.09e-01
26-02-06-44 #-----------------------------------------#
26-02-06-44 [保存] Step 39 → pickle 文件已更新 (40 条记录)
26-02-06-44 [GaugeReset@40] 吸收 Δg = Σ Re(col_mean) = +17.1590 | 新|g| = 8.8689
26-02-06-44 [Step  40] logΨ: mean=8.498+1.114j | min=4.146+1.813j | max=8.719+2.510j
26-02-06-44 梯度监控 | raw=11.3364 | natural=0.0732 | clipped=0.0732(上限20.0) | t_grad=1ms t_qgt=4ms
26-02-06-44 冻结状态 | frozen_set=[] | P_a/P=1516/1516 | QGT=2298256 | 本轮实际训练参数=1516
26-02-06-44 原始规范坐标 G(Re Σrow_mean) = +17.3379 | 累计|g| = 8.8689
26-02-06-44 Ψ矩阵条件数 cond(Ψ) = 2.45e+01
26-02-06-44 Loss=-5.491679 | E0=-2.85586543-0.00009012j | E1=-1.40009988-0.00050627j|E2=-0.94482840+0.00018347j|E3=-0.29088538+0.01155604j
26-02-06-44 误差(Ha): e0=3.17e-02 | e1=1.06e-03 | e2=7.32e-03 | e3=9.38e-02
26-02-06-44 #-----------------------------------------#
26-02-06-44 [Step  41] logΨ: mean=8.617+0.993j | min=4.929-0.787j | max=8.881+2.435j
26-02-06-44 梯度监控 | raw=9.7906 | natural=0.1142 | clipped=0.1142(上限20.0) | t_grad=0ms t_qgt=4ms
26-02-06-44 冻结状态 | frozen_set=[] | P_a/P=1516/1516 | QGT=2298256 | 本轮实际训练参数=1516
26-02-06-44 原始规范坐标 G(Re Σrow_mean) = +17.2238 | 累计|g| = 8.8689
26-02-06-44 Ψ矩阵条件数 cond(Ψ) = 2.91e+01
26-02-06-44 Loss=-5.501883 | E0=-2.85589530-0.00001093j | E1=-1.40116328-0.00000001j|E2=-0.94604326-0.00012920j|E3=-0.29878117+0.00253778j
26-02-06-44 误差(Ha): e0=3.17e-02 | e1=3.24e-09 | e2=6.11e-03 | e3=8.59e-02
26-02-06-44 #-----------------------------------------#
26-02-06-44 [Step  42] logΨ: mean=7.719-1.267j | min=3.612+0.565j | max=7.984+0.388j
26-02-06-44 梯度监控 | raw=8.0563 | natural=0.2120 | clipped=0.2120(上限20.0) | t_grad=0ms t_qgt=4ms
26-02-06-44 冻结状态 | frozen_set=[] | P_a/P=1516/1516 | QGT=2298256 | 本轮实际训练参数=1516
26-02-06-44 原始规范坐标 G(Re Σrow_mean) = +16.5895 | 累计|g| = 8.8689
26-02-06-44 Ψ矩阵条件数 cond(Ψ) = 2.61e+01
26-02-06-44 Loss=-5.495126 | E0=-2.85581098+0.00004985j | E1=-1.40116331+0.00000000j|E2=-0.94602889-0.00011597j|E3=-0.29212272+0.00523930j
26-02-06-44 误差(Ha): e0=3.18e-02 | e1=3.12e-08 | e2=6.12e-03 | e3=9.26e-02
26-02-06-44 #-----------------------------------------#
26-02-06-44 [Step  43] logΨ: mean=7.866-0.767j | min=3.663-1.142j | max=8.131+0.743j
26-02-06-44 梯度监控 | raw=12.3632 | natural=0.0584 | clipped=0.0584(上限20.0) | t_grad=0ms t_qgt=4ms
26-02-06-44 冻结状态 | frozen_set=[] | P_a/P=1516/1516 | QGT=2298256 | 本轮实际训练参数=1516
26-02-06-44 原始规范坐标 G(Re Σrow_mean) = +16.7253 | 累计|g| = 8.8689
26-02-06-44 Ψ矩阵条件数 cond(Ψ) = 2.60e+01
26-02-06-44 Loss=-5.494762 | E0=-2.84745530+0.00257082j | E1=-1.40116330+0.00000001j|E2=-0.94604908-0.00007105j|E3=-0.30009425+0.00455103j
26-02-06-44 误差(Ha): e0=4.01e-02 | e1=2.64e-08 | e2=6.10e-03 | e3=8.46e-02
26-02-06-44 #-----------------------------------------#
26-02-06-44 [Step  44] logΨ: mean=8.203-1.472j | min=3.802-1.689j | max=8.566+0.243j
26-02-06-44 梯度监控 | raw=18.7087 | natural=0.1211 | clipped=0.1211(上限20.0) | t_grad=0ms t_qgt=4ms
26-02-06-44 冻结状态 | frozen_set=[] | P_a/P=1516/1516 | QGT=2298256 | 本轮实际训练参数=1516
26-02-06-44 原始规范坐标 G(Re Σrow_mean) = +16.9675 | 累计|g| = 8.8689
26-02-06-44 Ψ矩阵条件数 cond(Ψ) = 2.10e+01
26-02-06-44 Loss=-5.513449 | E0=-2.84733719+0.00195845j | E1=-1.39914791+0.00070610j|E2=-0.94386933-0.00061126j|E3=-0.32309493-0.00425516j
26-02-06-44 误差(Ha): e0=4.03e-02 | e1=2.02e-03 | e2=8.28e-03 | e3=6.16e-02
26-02-06-44 #-----------------------------------------#
26-02-06-44 [Step  45] logΨ: mean=8.495-1.195j | min=4.371+1.675j | max=8.832+0.445j
26-02-06-44 梯度监控 | raw=26.4832 | natural=0.0241 | clipped=0.0241(上限20.0) | t_grad=1ms t_qgt=4ms
26-02-06-44 冻结状态 | frozen_set=[] | P_a/P=1516/1516 | QGT=2298256 | 本轮实际训练参数=1516
26-02-06-44 原始规范坐标 G(Re Σrow_mean) = +17.0682 | 累计|g| = 8.8689
26-02-06-44 Ψ矩阵条件数 cond(Ψ) = 2.63e+01
26-02-06-44 Loss=-5.523139 | E0=-2.85390436+0.00144698j | E1=-1.40116328-0.00000000j|E2=-0.94604463-0.00005806j|E3=-0.32202665+0.00201602j
26-02-06-44 误差(Ha): e0=3.37e-02 | e1=1.96e-09 | e2=6.11e-03 | e3=6.27e-02
26-02-06-44 #-----------------------------------------#
26-02-06-44 [Step  46] logΨ: mean=9.003-1.187j | min=1.261-2.885j | max=9.345+0.412j
26-02-06-44 梯度监控 | raw=20.5036 | natural=0.0795 | clipped=0.0795(上限20.0) | t_grad=1ms t_qgt=3ms
26-02-06-44 冻结状态 | frozen_set=[] | P_a/P=1516/1516 | QGT=2298256 | 本轮实际训练参数=1516
26-02-06-44 原始规范坐标 G(Re Σrow_mean) = +17.4146 | 累计|g| = 8.8689
26-02-06-44 Ψ矩阵条件数 cond(Ψ) = 2.07e+01
26-02-06-44 Loss=-5.514480 | E0=-2.85210177+0.00114072j | E1=-1.39869885+0.00053978j|E2=-0.93892754-0.00051500j|E3=-0.32475217-0.00228918j
26-02-06-44 误差(Ha): e0=3.55e-02 | e1=2.46e-03 | e2=1.32e-02 | e3=5.99e-02
26-02-06-44 #-----------------------------------------#
26-02-06-44 [Step  47] logΨ: mean=7.949-0.311j | min=4.375+0.417j | max=8.310+1.440j
26-02-06-44 梯度监控 | raw=33.7276 | natural=0.0980 | clipped=0.0980(上限20.0) | t_grad=0ms t_qgt=4ms
26-02-06-44 冻结状态 | frozen_set=[] | P_a/P=1516/1516 | QGT=2298256 | 本轮实际训练参数=1516
26-02-06-44 原始规范坐标 G(Re Σrow_mean) = +16.8410 | 累计|g| = 8.8689
26-02-06-44 Ψ矩阵条件数 cond(Ψ) = 2.69e+01
26-02-06-44 Loss=-5.531733 | E0=-2.85538696+0.00082818j | E1=-1.40116327-0.00000000j|E2=-0.94607462-0.00006149j|E3=-0.32910789-0.00288030j
26-02-06-44 误差(Ha): e0=3.22e-02 | e1=9.05e-09 | e2=6.08e-03 | e3=5.56e-02
26-02-06-44 #-----------------------------------------#
26-02-06-44 [Step  48] logΨ: mean=9.607+0.004j | min=1.470+0.359j | max=10.286+3.083j
26-02-06-44 梯度监控 | raw=176.0232 | natural=2.1435 | clipped=2.1435(上限20.0) | t_grad=0ms t_qgt=3ms
26-02-06-44 冻结状态 | frozen_set=[] | P_a/P=1516/1516 | QGT=2298256 | 本轮实际训练参数=1516
26-02-06-44 原始规范坐标 G(Re Σrow_mean) = +16.8475 | 累计|g| = 8.8689
26-02-06-44 Ψ矩阵条件数 cond(Ψ) = 1.60e+01
26-02-06-44 Loss=-5.366761 | E0=-2.70625965-0.04535062j | E1=-1.40038425-0.00008743j|E2=-0.93574908-0.00162714j|E3=-0.32436761+0.00022355j
26-02-06-44 误差(Ha): e0=1.81e-01 | e1=7.79e-04 | e2=1.64e-02 | e3=6.03e-02
26-02-06-44 #-----------------------------------------#
26-02-06-44 [Step  49] logΨ: mean=9.836-0.618j | min=6.055-0.678j | max=10.220+1.089j
26-02-06-44 梯度监控 | raw=30.7072 | natural=0.1431 | clipped=0.1431(上限20.0) | t_grad=0ms t_qgt=3ms
26-02-06-44 冻结状态 | frozen_set=[] | P_a/P=1516/1516 | QGT=2298256 | 本轮实际训练参数=1516
26-02-06-44 原始规范坐标 G(Re Σrow_mean) = +16.9457 | 累计|g| = 8.8689
26-02-06-44 Ψ矩阵条件数 cond(Ψ) = 1.56e+01
26-02-06-44 Loss=-5.526070 | E0=-2.85487587+0.00124864j | E1=-1.40116326-0.00000001j|E2=-0.94610414-0.00001734j|E3=-0.32392627+0.00522827j
26-02-06-44 误差(Ha): e0=3.27e-02 | e1=1.75e-08 | e2=6.05e-03 | e3=6.08e-02
26-02-06-44 #-----------------------------------------#
26-02-06-44 [GaugeReset@50] 吸收 Δg = Σ Re(col_mean) = +16.9457 | 新|g| = 8.9099
26-02-06-44 [Step  50] logΨ: mean=9.445-1.235j | min=7.601-0.860j | max=9.811+0.470j
26-02-06-44 梯度监控 | raw=30.0607 | natural=0.0355 | clipped=0.0355(上限20.0) | t_grad=1ms t_qgt=4ms
26-02-06-44 冻结状态 | frozen_set=[] | P_a/P=1516/1516 | QGT=2298256 | 本轮实际训练参数=1516
26-02-06-44 原始规范坐标 G(Re Σrow_mean) = +16.7384 | 累计|g| = 8.9099
26-02-06-44 Ψ矩阵条件数 cond(Ψ) = 2.94e+01
26-02-06-44 Loss=-5.530985 | E0=-2.85554039+0.00097171j | E1=-1.40116329+0.00000000j|E2=-0.94612644-0.00003189j|E3=-0.32815500+0.00351610j
26-02-06-44 误差(Ha): e0=3.21e-02 | e1=1.42e-08 | e2=6.02e-03 | e3=5.65e-02
26-02-06-44 #-----------------------------------------#
26-02-06-44 [Step  51] logΨ: mean=9.600-1.426j | min=3.783-0.693j | max=9.931+0.458j
26-02-06-44 梯度监控 | raw=33.6729 | natural=0.1214 | clipped=0.1214(上限20.0) | t_grad=1ms t_qgt=4ms
26-02-06-44 冻结状态 | frozen_set=[] | P_a/P=1516/1516 | QGT=2298256 | 本轮实际训练参数=1516
26-02-06-44 原始规范坐标 G(Re Σrow_mean) = +16.7049 | 累计|g| = 8.9099
26-02-06-44 Ψ矩阵条件数 cond(Ψ) = 2.66e+01
26-02-06-44 Loss=-5.476901 | E0=-2.82571747+0.00165782j | E1=-1.40113519-0.00034775j|E2=-0.94559331+0.00023244j|E3=-0.30445529-0.01004059j
26-02-06-44 误差(Ha): e0=6.19e-02 | e1=2.81e-05 | e2=6.56e-03 | e3=8.02e-02
26-02-06-44 #-----------------------------------------#
26-02-06-44 [Step  52] logΨ: mean=8.091-0.961j | min=4.310+1.876j | max=8.423+0.775j
26-02-06-44 梯度监控 | raw=28.9352 | natural=0.2053 | clipped=0.2053(上限20.0) | t_grad=1ms t_qgt=4ms
26-02-06-44 冻结状态 | frozen_set=[] | P_a/P=1516/1516 | QGT=2298256 | 本轮实际训练参数=1516
26-02-06-44 原始规范坐标 G(Re Σrow_mean) = +16.0518 | 累计|g| = 8.9099
26-02-06-44 Ψ矩阵条件数 cond(Ψ) = 2.06e+01
26-02-06-44 Loss=-5.519081 | E0=-2.85565788+0.00120831j | E1=-1.40116326+0.00000001j|E2=-0.94611130-0.00004152j|E3=-0.31614845+0.00486600j
26-02-06-44 误差(Ha): e0=3.19e-02 | e1=1.78e-08 | e2=6.04e-03 | e3=6.85e-02
26-02-06-44 #-----------------------------------------#
26-02-06-44 [Step  53] logΨ: mean=2.789+1.407j | min=-3.624+2.609j | max=3.180+2.550j
26-02-06-44 梯度监控 | raw=46.7102 | natural=1.3144 | clipped=1.3144(上限20.0) | t_grad=0ms t_qgt=3ms
26-02-06-44 冻结状态 | frozen_set=[] | P_a/P=1516/1516 | QGT=2298256 | 本轮实际训练参数=1516
26-02-06-44 原始规范坐标 G(Re Σrow_mean) = +13.3499 | 累计|g| = 8.9099
26-02-06-44 Ψ矩阵条件数 cond(Ψ) = 1.88e+01
26-02-06-44 Loss=-5.482705 | E0=-2.82190718-0.04290654j | E1=-1.40116324+0.00000000j|E2=-0.94615922-0.00008045j|E3=-0.31347503+0.00564779j
26-02-06-44 误差(Ha): e0=6.57e-02 | e1=3.89e-08 | e2=5.99e-03 | e3=7.12e-02
26-02-06-44 #-----------------------------------------#
26-02-06-44 [Step  54] logΨ: mean=3.119+1.136j | min=0.281-1.939j | max=3.445+2.532j
26-02-06-44 梯度监控 | raw=73.2859 | natural=0.0110 | clipped=0.0110(上限20.0) | t_grad=0ms t_qgt=4ms
26-02-06-44 冻结状态 | frozen_set=[] | P_a/P=1516/1516 | QGT=2298256 | 本轮实际训练参数=1516
26-02-06-44 原始规范坐标 G(Re Σrow_mean) = +13.4274 | 累计|g| = 8.9099
26-02-06-44 Ψ矩阵条件数 cond(Ψ) = 2.05e+01
26-02-06-44 Loss=-5.425409 | E0=-2.74145215+0.00045167j | E1=-1.40116327+0.00000001j|E2=-0.94575280-0.00019269j|E3=-0.33704098-0.00517021j
26-02-06-44 误差(Ha): e0=1.46e-01 | e1=6.36e-09 | e2=6.40e-03 | e3=4.77e-02
26-02-06-44 #-----------------------------------------#
26-02-06-44 [Step  55] logΨ: mean=3.225+1.098j | min=-0.294+2.587j | max=3.491+2.465j
26-02-06-44 梯度监控 | raw=2.7501 | natural=0.0983 | clipped=0.0983(上限20.0) | t_grad=0ms t_qgt=4ms
26-02-06-44 冻结状态 | frozen_set=[] | P_a/P=1516/1516 | QGT=2298256 | 本轮实际训练参数=1516
26-02-06-44 原始规范坐标 G(Re Σrow_mean) = +13.4777 | 累计|g| = 8.9099
26-02-06-44 Ψ矩阵条件数 cond(Ψ) = 1.76e+01
26-02-06-44 Loss=-5.533462 | E0=-2.85827137-0.00068193j | E1=-1.38941859-0.00919472j|E2=-0.94140003+0.00618803j|E3=-0.34437187-0.00704116j
26-02-06-44 误差(Ha): e0=2.93e-02 | e1=1.17e-02 | e2=1.08e-02 | e3=4.03e-02
26-02-06-44 #-----------------------------------------#
26-02-06-44 [Step  56] logΨ: mean=3.361+1.296j | min=-1.106-2.568j | max=3.657+2.591j
26-02-06-44 梯度监控 | raw=3.7492 | natural=0.0896 | clipped=0.0896(上限20.0) | t_grad=0ms t_qgt=3ms
26-02-06-44 冻结状态 | frozen_set=[] | P_a/P=1516/1516 | QGT=2298256 | 本轮实际训练参数=1516
26-02-06-44 原始规范坐标 G(Re Σrow_mean) = +13.5431 | 累计|g| = 8.9099
26-02-06-44 Ψ矩阵条件数 cond(Ψ) = 3.47e+01
26-02-06-44 Loss=-5.531624 | E0=-2.85905408-0.00099508j | E1=-1.38536143+0.00354012j|E2=-0.93442294-0.00152629j|E3=-0.35278548-0.00634514j
26-02-06-44 误差(Ha): e0=2.85e-02 | e1=1.58e-02 | e2=1.77e-02 | e3=3.19e-02
26-02-06-44 #-----------------------------------------#
26-02-06-44 [Step  57] logΨ: mean=3.603+1.087j | min=-0.209-0.621j | max=3.899+2.452j
26-02-06-44 梯度监控 | raw=4.3170 | natural=0.0816 | clipped=0.0816(上限20.0) | t_grad=1ms t_qgt=2ms
26-02-06-44 冻结状态 | frozen_set=[] | P_a/P=1516/1516 | QGT=2298256 | 本轮实际训练参数=1516
26-02-06-44 原始规范坐标 G(Re Σrow_mean) = +13.6226 | 累计|g| = 8.9099
26-02-06-44 Ψ矩阵条件数 cond(Ψ) = 3.73e+01
26-02-06-44 Loss=-5.530462 | E0=-2.85626013-0.00099807j | E1=-1.39110753-0.00213056j|E2=-0.93346557+0.00186709j|E3=-0.34962904-0.00659353j
26-02-06-44 误差(Ha): e0=3.13e-02 | e1=1.01e-02 | e2=1.87e-02 | e3=3.51e-02
26-02-06-44 #-----------------------------------------#
26-02-06-44 [Step  58] logΨ: mean=3.760+1.023j | min=0.632+2.702j | max=4.024+2.469j
26-02-06-44 梯度监控 | raw=3.3336 | natural=0.0450 | clipped=0.0450(上限20.0) | t_grad=0ms t_qgt=3ms
26-02-06-44 冻结状态 | frozen_set=[] | P_a/P=1516/1516 | QGT=2298256 | 本轮实际训练参数=1516
26-02-06-44 原始规范坐标 G(Re Σrow_mean) = +13.7033 | 累计|g| = 8.9099
26-02-06-44 Ψ矩阵条件数 cond(Ψ) = 2.63e+01
26-02-06-44 Loss=-5.547288 | E0=-2.85796821-0.00087735j | E1=-1.39563814+0.00115800j|E2=-0.94189343-0.00057274j|E3=-0.35178778-0.00553907j
26-02-06-44 误差(Ha): e0=2.96e-02 | e1=5.53e-03 | e2=1.03e-02 | e3=3.29e-02
26-02-06-44 #-----------------------------------------#
26-02-06-44 [Step  59] logΨ: mean=4.106+1.084j | min=-0.855-0.346j | max=4.430+2.386j
26-02-06-44 梯度监控 | raw=5.8120 | natural=0.1399 | clipped=0.1399(上限20.0) | t_grad=1ms t_qgt=4ms
26-02-06-44 冻结状态 | frozen_set=[] | P_a/P=1516/1516 | QGT=2298256 | 本轮实际训练参数=1516
26-02-06-44 原始规范坐标 G(Re Σrow_mean) = +14.3753 | 累计|g| = 8.9099
26-02-06-44 Ψ矩阵条件数 cond(Ψ) = 1.71e+01
26-02-06-44 Loss=-5.527657 | E0=-2.85356211-0.00106417j | E1=-1.38505128-0.00166122j|E2=-0.93560547+0.00099902j|E3=-0.35343773-0.00054660j
26-02-06-44 误差(Ha): e0=3.40e-02 | e1=1.61e-02 | e2=1.65e-02 | e3=3.13e-02
26-02-06-44 #-----------------------------------------#
26-02-06-44 [保存] Step 59 → pickle 文件已更新 (60 条记录)
26-02-06-44 [GaugeReset@60] 吸收 Δg = Σ Re(col_mean) = +14.3753 | 新|g| = 7.7268
26-02-06-44 [Step  60] logΨ: mean=7.089+1.199j | min=1.611-0.050j | max=7.410+2.442j
26-02-06-44 梯度监控 | raw=6.2013 | natural=0.2020 | clipped=0.2020(上限20.0) | t_grad=0ms t_qgt=4ms
26-02-06-44 冻结状态 | frozen_set=[] | P_a/P=1516/1516 | QGT=2298256 | 本轮实际训练参数=1516
26-02-06-44 原始规范坐标 G(Re Σrow_mean) = +14.7156 | 累计|g| = 7.7268
26-02-06-44 Ψ矩阵条件数 cond(Ψ) = 8.04e+01
26-02-06-44 Loss=-5.512821 | E0=-2.85560125-0.00060362j | E1=-1.38843183-0.01400210j|E2=-0.93468607+0.00890239j|E3=-0.33410177-0.00648204j
26-02-06-44 误差(Ha): e0=3.20e-02 | e1=1.27e-02 | e2=1.75e-02 | e3=5.06e-02
26-02-06-44 #-----------------------------------------#
26-02-06-44 [Step  61] logΨ: mean=7.630+1.042j | min=1.175-1.460j | max=7.990+2.495j
26-02-06-44 梯度监控 | raw=4.5082 | natural=0.1518 | clipped=0.1518(上限20.0) | t_grad=0ms t_qgt=4ms
26-02-06-44 冻结状态 | frozen_set=[] | P_a/P=1516/1516 | QGT=2298256 | 本轮实际训练参数=1516
26-02-06-44 原始规范坐标 G(Re Σrow_mean) = +14.9222 | 累计|g| = 7.7268
26-02-06-44 Ψ矩阵条件数 cond(Ψ) = 1.46e+02
26-02-06-44 Loss=-5.487823 | E0=-2.85600889-0.00066389j | E1=-1.38292972-0.00578680j|E2=-0.93068744+0.01001373j|E3=-0.31819726-0.00331861j
26-02-06-44 误差(Ha): e0=3.16e-02 | e1=1.82e-02 | e2=2.15e-02 | e3=6.65e-02
26-02-06-44 #-----------------------------------------#
26-02-06-44 [Step  62] logΨ: mean=7.456+0.437j | min=2.574-0.933j | max=7.830+1.915j
26-02-06-44 梯度监控 | raw=5.3120 | natural=0.2608 | clipped=0.2608(上限20.0) | t_grad=0ms t_qgt=4ms
26-02-06-44 冻结状态 | frozen_set=[] | P_a/P=1516/1516 | QGT=2298256 | 本轮实际训练参数=1516
26-02-06-44 原始规范坐标 G(Re Σrow_mean) = +14.8076 | 累计|g| = 7.7268
26-02-06-44 Ψ矩阵条件数 cond(Ψ) = 7.22e+01
26-02-06-44 Loss=-5.503683 | E0=-2.85642438-0.00061543j | E1=-1.38664394+0.00285737j|E2=-0.93423470-0.00091275j|E3=-0.32638003+0.00102378j
26-02-06-44 误差(Ha): e0=3.12e-02 | e1=1.45e-02 | e2=1.79e-02 | e3=5.83e-02
26-02-06-44 #-----------------------------------------#
26-02-06-44 [Step  63] logΨ: mean=7.889+0.468j | min=3.497+0.684j | max=8.236+1.853j
26-02-06-44 梯度监控 | raw=5.4570 | natural=0.0995 | clipped=0.0995(上限20.0) | t_grad=0ms t_qgt=4ms
26-02-06-44 冻结状态 | frozen_set=[] | P_a/P=1516/1516 | QGT=2298256 | 本轮实际训练参数=1516
26-02-06-44 原始规范坐标 G(Re Σrow_mean) = +14.9699 | 累计|g| = 7.7268
26-02-06-44 Ψ矩阵条件数 cond(Ψ) = 5.56e+01
26-02-06-44 Loss=-5.503121 | E0=-2.85405309-0.00045000j | E1=-1.39483657-0.00133068j|E2=-0.93420337+0.00005793j|E3=-0.32002814-0.00148992j
26-02-06-44 误差(Ha): e0=3.35e-02 | e1=6.33e-03 | e2=1.79e-02 | e3=6.47e-02
26-02-06-44 #-----------------------------------------#
26-02-06-44 [Step  64] logΨ: mean=7.774+0.383j | min=3.315-0.418j | max=8.154+1.873j
26-02-06-44 梯度监控 | raw=5.7673 | natural=0.0761 | clipped=0.0761(上限20.0) | t_grad=0ms t_qgt=2ms
26-02-06-44 冻结状态 | frozen_set=[] | P_a/P=1516/1516 | QGT=2298256 | 本轮实际训练参数=1516
26-02-06-44 原始规范坐标 G(Re Σrow_mean) = +14.7468 | 累计|g| = 7.7268
26-02-06-44 Ψ矩阵条件数 cond(Ψ) = 5.18e+01
26-02-06-44 Loss=-5.507491 | E0=-2.85618426-0.00039087j | E1=-1.38749120+0.00261641j|E2=-0.93139304-0.00243099j|E3=-0.33242213-0.00046873j
26-02-06-44 误差(Ha): e0=3.14e-02 | e1=1.37e-02 | e2=2.08e-02 | e3=5.23e-02
26-02-06-44 #-----------------------------------------#
26-02-06-44 [Step  65] logΨ: mean=8.283+0.293j | min=3.063-0.351j | max=8.682+1.933j
26-02-06-44 梯度监控 | raw=5.5424 | natural=0.2845 | clipped=0.2845(上限20.0) | t_grad=0ms t_qgt=4ms
26-02-06-44 冻结状态 | frozen_set=[] | P_a/P=1516/1516 | QGT=2298256 | 本轮实际训练参数=1516
26-02-06-44 原始规范坐标 G(Re Σrow_mean) = +14.3559 | 累计|g| = 7.7268
26-02-06-44 Ψ矩阵条件数 cond(Ψ) = 2.50e+01
26-02-06-44 Loss=-5.494724 | E0=-2.85401888-0.00034490j | E1=-1.38652102-0.00082947j|E2=-0.92321692+0.00366994j|E3=-0.33096678+0.00228424j
26-02-06-44 误差(Ha): e0=3.36e-02 | e1=1.46e-02 | e2=2.89e-02 | e3=5.37e-02
26-02-06-44 #-----------------------------------------#
26-02-06-44 [Step  66] logΨ: mean=8.841+0.235j | min=4.859+0.497j | max=9.158+1.897j
26-02-06-44 梯度监控 | raw=5.7669 | natural=0.0725 | clipped=0.0725(上限20.0) | t_grad=1ms t_qgt=3ms
26-02-06-44 冻结状态 | frozen_set=[] | P_a/P=1516/1516 | QGT=2298256 | 本轮实际训练参数=1516
26-02-06-44 原始规范坐标 G(Re Σrow_mean) = +14.4746 | 累计|g| = 7.7268
26-02-06-44 Ψ矩阵条件数 cond(Ψ) = 2.65e+01
26-02-06-44 Loss=-5.511578 | E0=-2.85535263-0.00039709j | E1=-1.39256332+0.00131303j|E2=-0.93581140-0.00100042j|E3=-0.32785107+0.00544531j
26-02-06-44 误差(Ha): e0=3.22e-02 | e1=8.60e-03 | e2=1.63e-02 | e3=5.68e-02
26-02-06-44 #-----------------------------------------#
26-02-06-44 [Step  67] logΨ: mean=9.200+1.183j | min=3.488-0.564j | max=9.473+2.807j
26-02-06-44 梯度监控 | raw=4.7650 | natural=0.1244 | clipped=0.1244(上限20.0) | t_grad=0ms t_qgt=3ms
26-02-06-44 冻结状态 | frozen_set=[] | P_a/P=1516/1516 | QGT=2298256 | 本轮实际训练参数=1516
26-02-06-44 原始规范坐标 G(Re Σrow_mean) = +14.5590 | 累计|g| = 7.7268
26-02-06-44 Ψ矩阵条件数 cond(Ψ) = 2.23e+01
26-02-06-44 Loss=-5.523998 | E0=-2.85592877-0.00031008j | E1=-1.39785136+0.00040336j|E2=-0.94231464-0.00056603j|E3=-0.32790320+0.00341399j
26-02-06-44 误差(Ha): e0=3.17e-02 | e1=3.31e-03 | e2=9.84e-03 | e3=5.68e-02
26-02-06-44 #-----------------------------------------#
26-02-06-44 [Step  68] logΨ: mean=9.665+0.873j | min=4.816-2.502j | max=9.904+2.749j
26-02-06-44 梯度监控 | raw=6.2201 | natural=0.0568 | clipped=0.0568(上限20.0) | t_grad=0ms t_qgt=3ms
26-02-06-44 冻结状态 | frozen_set=[] | P_a/P=1516/1516 | QGT=2298256 | 本轮实际训练参数=1516
26-02-06-44 原始规范坐标 G(Re Σrow_mean) = +14.6753 | 累计|g| = 7.7268
26-02-06-44 Ψ矩阵条件数 cond(Ψ) = 2.12e+01
26-02-06-44 Loss=-5.536057 | E0=-2.85505941+0.00044104j | E1=-1.39864244-0.00033085j|E2=-0.94137812-0.00015697j|E3=-0.34097657+0.00525811j
26-02-06-44 误差(Ha): e0=3.25e-02 | e1=2.52e-03 | e2=1.08e-02 | e3=4.37e-02
26-02-06-44 #-----------------------------------------#
26-02-06-44 [Step  69] logΨ: mean=9.183+0.446j | min=3.905-0.972j | max=9.483+2.163j
26-02-06-44 梯度监控 | raw=3.9818 | natural=0.1766 | clipped=0.1766(上限20.0) | t_grad=0ms t_qgt=3ms
26-02-06-44 冻结状态 | frozen_set=[] | P_a/P=1516/1516 | QGT=2298256 | 本轮实际训练参数=1516
26-02-06-44 原始规范坐标 G(Re Σrow_mean) = +14.6378 | 累计|g| = 7.7268
26-02-06-44 Ψ矩阵条件数 cond(Ψ) = 1.68e+01
26-02-06-44 Loss=-5.528503 | E0=-2.85576714+0.00033172j | E1=-1.39876080+0.00057955j|E2=-0.94334679-0.00067058j|E3=-0.33062804+0.00617720j
26-02-06-44 误差(Ha): e0=3.18e-02 | e1=2.40e-03 | e2=8.80e-03 | e3=5.41e-02
26-02-06-44 #-----------------------------------------#
26-02-06-44 [GaugeReset@70] 吸收 Δg = Σ Re(col_mean) = +14.6378 | 新|g| = 7.5144
26-02-06-44 [Step  70] logΨ: mean=9.351+0.721j | min=6.733+3.026j | max=9.560+2.886j
26-02-06-44 梯度监控 | raw=6.1222 | natural=0.0229 | clipped=0.0229(上限20.0) | t_grad=1ms t_qgt=3ms
26-02-06-44 冻结状态 | frozen_set=[] | P_a/P=1516/1516 | QGT=2298256 | 本轮实际训练参数=1516
26-02-06-44 原始规范坐标 G(Re Σrow_mean) = +14.7977 | 累计|g| = 7.5144
26-02-06-44 Ψ矩阵条件数 cond(Ψ) = 1.72e+01
26-02-06-44 Loss=-5.544170 | E0=-2.85618057+0.00049729j | E1=-1.40053961+0.00008887j|E2=-0.94503814-0.00023550j|E3=-0.34241188+0.00201094j
26-02-06-44 误差(Ha): e0=3.14e-02 | e1=6.24e-04 | e2=7.11e-03 | e3=4.23e-02
26-02-06-44 #-----------------------------------------#
26-02-06-44 [Step  71] logΨ: mean=9.895+0.595j | min=3.055+2.039j | max=10.203+2.829j
26-02-06-44 梯度监控 | raw=8.6919 | natural=0.5578 | clipped=0.5578(上限20.0) | t_grad=0ms t_qgt=3ms
26-02-06-44 冻结状态 | frozen_set=[] | P_a/P=1516/1516 | QGT=2298256 | 本轮实际训练参数=1516
26-02-06-44 原始规范坐标 G(Re Σrow_mean) = +14.9916 | 累计|g| = 7.5144
26-02-06-44 Ψ矩阵条件数 cond(Ψ) = 1.80e+01
26-02-06-44 Loss=-5.515423 | E0=-2.85447074+0.00012018j | E1=-1.39641240-0.00167639j|E2=-0.91882054+0.01014325j|E3=-0.34571970+0.00440256j
26-02-06-44 误差(Ha): e0=3.31e-02 | e1=4.75e-03 | e2=3.33e-02 | e3=3.90e-02
26-02-06-44 #-----------------------------------------#
26-02-06-44 [Step  72] logΨ: mean=9.699-0.600j | min=5.940+1.036j | max=9.925+0.566j
26-02-06-44 梯度监控 | raw=6.1459 | natural=0.0397 | clipped=0.0397(上限20.0) | t_grad=0ms t_qgt=3ms
26-02-06-44 冻结状态 | frozen_set=[] | P_a/P=1516/1516 | QGT=2298256 | 本轮实际训练参数=1516
26-02-06-44 原始规范坐标 G(Re Σrow_mean) = +14.9610 | 累计|g| = 7.5144
26-02-06-44 Ψ矩阵条件数 cond(Ψ) = 1.75e+01
26-02-06-44 Loss=-5.544242 | E0=-2.85579094+0.00008347j | E1=-1.40018984-0.00021832j|E2=-0.94473568+0.00013893j|E3=-0.34352535+0.00256123j
26-02-06-44 误差(Ha): e0=3.18e-02 | e1=9.73e-04 | e2=7.42e-03 | e3=4.12e-02
26-02-06-44 #-----------------------------------------#
26-02-06-44 [Step  73] logΨ: mean=10.054-0.644j | min=5.329+1.549j | max=10.325+0.595j
26-02-06-44 梯度监控 | raw=4.9768 | natural=0.1479 | clipped=0.1479(上限20.0) | t_grad=0ms t_qgt=4ms
26-02-06-44 冻结状态 | frozen_set=[] | P_a/P=1516/1516 | QGT=2298256 | 本轮实际训练参数=1516
26-02-06-44 原始规范坐标 G(Re Σrow_mean) = +15.1409 | 累计|g| = 7.5144
26-02-06-44 Ψ矩阵条件数 cond(Ψ) = 1.84e+01
26-02-06-44 Loss=-5.541431 | E0=-2.85402964+0.00078393j | E1=-1.39861631-0.00067303j|E2=-0.94269489+0.00047261j|E3=-0.34609041+0.00114571j
26-02-06-44 误差(Ha): e0=3.36e-02 | e1=2.55e-03 | e2=9.46e-03 | e3=3.86e-02
26-02-06-44 #-----------------------------------------#
26-02-06-44 [Step  74] logΨ: mean=10.373-0.708j | min=4.039-2.437j | max=10.665+0.573j
26-02-06-44 梯度监控 | raw=3.2208 | natural=0.2346 | clipped=0.2346(上限20.0) | t_grad=0ms t_qgt=3ms
26-02-06-44 冻结状态 | frozen_set=[] | P_a/P=1516/1516 | QGT=2298256 | 本轮实际训练参数=1516
26-02-06-44 原始规范坐标 G(Re Σrow_mean) = +15.3786 | 累计|g| = 7.5144
26-02-06-44 Ψ矩阵条件数 cond(Ψ) = 1.73e+01
26-02-06-44 Loss=-5.542337 | E0=-2.85558806+0.00064614j | E1=-1.39832994-0.00134641j|E2=-0.94065532+0.00113949j|E3=-0.34776325+0.00158099j
26-02-06-44 误差(Ha): e0=3.20e-02 | e1=2.83e-03 | e2=1.15e-02 | e3=3.69e-02
26-02-06-44 #-----------------------------------------#
26-02-06-44 [Step  75] logΨ: mean=10.680-0.823j | min=6.640+0.914j | max=10.921+0.446j
26-02-06-44 梯度监控 | raw=6.4860 | natural=0.0151 | clipped=0.0151(上限20.0) | t_grad=1ms t_qgt=4ms
26-02-06-44 冻结状态 | frozen_set=[] | P_a/P=1516/1516 | QGT=2298256 | 本轮实际训练参数=1516
26-02-06-44 原始规范坐标 G(Re Σrow_mean) = +15.4628 | 累计|g| = 7.5144
26-02-06-44 Ψ矩阵条件数 cond(Ψ) = 1.55e+01
26-02-06-44 Loss=-5.546217 | E0=-2.85552098+0.00049153j | E1=-1.39799002+0.00029290j|E2=-0.94147066-0.00039194j|E3=-0.35123521+0.00205970j
26-02-06-44 误差(Ha): e0=3.21e-02 | e1=3.17e-03 | e2=1.07e-02 | e3=3.35e-02
26-02-06-44 #-----------------------------------------#
26-02-06-44 [Step  76] logΨ: mean=10.890-1.032j | min=7.714+0.302j | max=11.089+0.193j
26-02-06-44 梯度监控 | raw=6.6998 | natural=0.0137 | clipped=0.0137(上限20.0) | t_grad=1ms t_qgt=3ms
26-02-06-44 冻结状态 | frozen_set=[] | P_a/P=1516/1516 | QGT=2298256 | 本轮实际训练参数=1516
26-02-06-44 原始规范坐标 G(Re Σrow_mean) = +15.5655 | 累计|g| = 7.5144
26-02-06-44 Ψ矩阵条件数 cond(Ψ) = 1.72e+01
26-02-06-44 Loss=-5.551145 | E0=-2.85549661+0.00037229j | E1=-1.40062800+0.00009070j|E2=-0.94516935-0.00018074j|E3=-0.34985128+0.00165084j
26-02-06-44 误差(Ha): e0=3.21e-02 | e1=5.35e-04 | e2=6.98e-03 | e3=3.48e-02
26-02-06-44 #-----------------------------------------#
26-02-06-44 [Step  77] logΨ: mean=10.318-0.524j | min=5.553+3.059j | max=10.631+0.641j
26-02-06-44 梯度监控 | raw=4.6840 | natural=0.2068 | clipped=0.2068(上限20.0) | t_grad=1ms t_qgt=3ms
26-02-06-44 冻结状态 | frozen_set=[] | P_a/P=1516/1516 | QGT=2298256 | 本轮实际训练参数=1516
26-02-06-44 原始规范坐标 G(Re Σrow_mean) = +15.4459 | 累计|g| = 7.5144
26-02-06-44 Ψ矩阵条件数 cond(Ψ) = 1.58e+01
26-02-06-44 Loss=-5.560150 | E0=-2.85560832+0.00024539j | E1=-1.40065607-0.00033462j|E2=-0.94549916+0.00024862j|E3=-0.35838623+0.00749110j
26-02-06-44 误差(Ha): e0=3.20e-02 | e1=5.07e-04 | e2=6.65e-03 | e3=2.63e-02
26-02-06-44 #-----------------------------------------#
26-02-06-44 [Step  78] logΨ: mean=10.329-0.666j | min=9.092-1.803j | max=10.665+0.539j
26-02-06-44 梯度监控 | raw=11.4896 | natural=0.0073 | clipped=0.0073(上限20.0) | t_grad=0ms t_qgt=3ms
26-02-06-44 冻结状态 | frozen_set=[] | P_a/P=1516/1516 | QGT=2298256 | 本轮实际训练参数=1516
26-02-06-44 原始规范坐标 G(Re Σrow_mean) = +15.4634 | 累计|g| = 7.5144
26-02-06-44 Ψ矩阵条件数 cond(Ψ) = 1.58e+01
26-02-06-44 Loss=-5.568438 | E0=-2.85565492+0.00078153j | E1=-1.40116331-0.00000000j|E2=-0.94605860-0.00008293j|E3=-0.36556164+0.00312965j
26-02-06-44 误差(Ha): e0=3.19e-02 | e1=3.73e-08 | e2=6.09e-03 | e3=1.91e-02
26-02-06-44 #-----------------------------------------#
26-02-06-44 [Step  79] logΨ: mean=10.043-0.047j | min=7.058-2.455j | max=10.278+1.099j
26-02-06-44 梯度监控 | raw=8.9254 | natural=0.0405 | clipped=0.0405(上限20.0) | t_grad=1ms t_qgt=3ms
26-02-06-44 冻结状态 | frozen_set=[] | P_a/P=1516/1516 | QGT=2298256 | 本轮实际训练参数=1516
26-02-06-44 原始规范坐标 G(Re Σrow_mean) = +15.4146 | 累计|g| = 7.5144
26-02-06-44 Ψ矩阵条件数 cond(Ψ) = 1.63e+01
26-02-06-44 Loss=-5.558622 | E0=-2.85567360+0.00070087j | E1=-1.40116329-0.00000001j|E2=-0.94605371-0.00008638j|E3=-0.35573129+0.00029261j
26-02-06-44 误差(Ha): e0=3.19e-02 | e1=1.83e-08 | e2=6.10e-03 | e3=2.90e-02
26-02-06-44 #-----------------------------------------#
26-02-06-44 [保存] Step 79 → pickle 文件已更新 (80 条记录)
26-02-06-44 [GaugeReset@80] 吸收 Δg = Σ Re(col_mean) = +15.4146 | 新|g| = 7.8661
26-02-06-44 [Step  80] logΨ: mean=10.489-0.060j | min=5.242-2.881j | max=10.769+1.171j
26-02-06-44 梯度监控 | raw=6.0133 | natural=0.1855 | clipped=0.1855(上限20.0) | t_grad=1ms t_qgt=3ms
26-02-06-44 冻结状态 | frozen_set=[] | P_a/P=1516/1516 | QGT=2298256 | 本轮实际训练参数=1516
26-02-06-44 原始规范坐标 G(Re Σrow_mean) = +15.7659 | 累计|g| = 7.8661
26-02-06-44 Ψ矩阵条件数 cond(Ψ) = 1.70e+01
26-02-06-44 Loss=-5.559243 | E0=-2.85560871+0.00102935j | E1=-1.40116328-0.00000001j|E2=-0.94610674-0.00010026j|E3=-0.35636469-0.00351074j
26-02-06-44 误差(Ha): e0=3.20e-02 | e1=4.88e-09 | e2=6.04e-03 | e3=2.83e-02
26-02-06-44 #-----------------------------------------#
26-02-06-44 [Step  81] logΨ: mean=10.637+0.051j | min=6.515+2.142j | max=10.853+1.179j
26-02-06-44 梯度监控 | raw=8.1466 | natural=0.0127 | clipped=0.0127(上限20.0) | t_grad=1ms t_qgt=4ms
26-02-06-44 冻结状态 | frozen_set=[] | P_a/P=1516/1516 | QGT=2298256 | 本轮实际训练参数=1516
26-02-06-44 原始规范坐标 G(Re Σrow_mean) = +15.8507 | 累计|g| = 7.8661
26-02-06-44 Ψ矩阵条件数 cond(Ψ) = 1.66e+01
26-02-06-44 Loss=-5.561605 | E0=-2.85534306+0.00090094j | E1=-1.40071173-0.00011466j|E2=-0.94556363+0.00005326j|E3=-0.35998673+0.00020479j
26-02-06-44 误差(Ha): e0=3.23e-02 | e1=4.52e-04 | e2=6.59e-03 | e3=2.47e-02
26-02-06-44 #-----------------------------------------#
26-02-06-44 [Step  82] logΨ: mean=11.374-0.180j | min=6.887-1.759j | max=11.660+0.927j
26-02-06-44 梯度监控 | raw=9.3351 | natural=0.1627 | clipped=0.1627(上限20.0) | t_grad=0ms t_qgt=3ms
26-02-06-44 冻结状态 | frozen_set=[] | P_a/P=1516/1516 | QGT=2298256 | 本轮实际训练参数=1516
26-02-06-44 原始规范坐标 G(Re Σrow_mean) = +16.0773 | 累计|g| = 7.8661
26-02-06-44 Ψ矩阵条件数 cond(Ψ) = 1.94e+01
26-02-06-44 Loss=-5.558661 | E0=-2.85033953+0.00097689j | E1=-1.40116324+0.00000001j|E2=-0.94608110-0.00003260j|E3=-0.36107714+0.00160235j
26-02-06-44 误差(Ha): e0=3.73e-02 | e1=3.65e-08 | e2=6.07e-03 | e3=2.36e-02
26-02-06-44 #-----------------------------------------#
26-02-06-44 [Step  83] logΨ: mean=10.968-0.796j | min=6.602-3.064j | max=11.222+0.233j
26-02-06-44 梯度监控 | raw=7.5654 | natural=0.0281 | clipped=0.0281(上限20.0) | t_grad=0ms t_qgt=4ms
26-02-06-44 冻结状态 | frozen_set=[] | P_a/P=1516/1516 | QGT=2298256 | 本轮实际训练参数=1516
26-02-06-44 原始规范坐标 G(Re Σrow_mean) = +15.9507 | 累计|g| = 7.8661
26-02-06-44 Ψ矩阵条件数 cond(Ψ) = 1.91e+01
26-02-06-44 Loss=-5.566457 | E0=-2.85534239+0.00072085j | E1=-1.40116331-0.00000000j|E2=-0.94608411-0.00000368j|E3=-0.36386675+0.00176522j
26-02-06-44 误差(Ha): e0=3.23e-02 | e1=3.45e-08 | e2=6.07e-03 | e3=2.08e-02
26-02-06-44 #-----------------------------------------#
26-02-06-44 [Step  84] logΨ: mean=10.960-0.849j | min=9.760-2.932j | max=11.215+0.169j
26-02-06-44 梯度监控 | raw=9.0886 | natural=0.0048 | clipped=0.0048(上限20.0) | t_grad=0ms t_qgt=4ms
26-02-06-44 冻结状态 | frozen_set=[] | P_a/P=1516/1516 | QGT=2298256 | 本轮实际训练参数=1516
26-02-06-44 原始规范坐标 G(Re Σrow_mean) = +15.9589 | 累计|g| = 7.8661
26-02-06-44 Ψ矩阵条件数 cond(Ψ) = 1.91e+01
26-02-06-44 Loss=-5.570734 | E0=-2.85608044+0.00079238j | E1=-1.40116327+0.00000001j|E2=-0.94608911-0.00000278j|E3=-0.36740141+0.00235457j
26-02-06-44 误差(Ha): e0=3.15e-02 | e1=7.20e-09 | e2=6.06e-03 | e3=1.73e-02
26-02-06-44 #-----------------------------------------#
26-02-06-44 [Freeze@85] 能级 1 冻结 | err=4.48e-08 Ha
26-02-06-44 [重建@85] frozen_set=[1] | P_a/P = 1137/1516 | 重建耗时 0.08s（含编译，一次性）
26-02-06-44 [Step  85] logΨ: mean=10.945-0.968j | min=9.762-2.988j | max=11.205+0.110j
26-02-06-44 梯度监控 | raw=9.0600 | natural=0.0045 | clipped=0.0045(上限20.0) | t_grad=0ms t_qgt=3ms
26-02-06-44 冻结状态 | frozen_set=[1] | P_a/P=1516/1516 | QGT=2298256 | 本轮实际训练参数=1516
26-02-06-44 原始规范坐标 G(Re Σrow_mean) = +15.9583 | 累计|g| = 7.8661
26-02-06-44 Ψ矩阵条件数 cond(Ψ) = 1.92e+01
26-02-06-44 Loss=-5.569466 | E0=-2.85612388+0.00072365j | E1=-1.40116323+0.00000002j|E2=-0.94608884-0.00000322j|E3=-0.36608957+0.00148792j
26-02-06-44 误差(Ha): e0=3.15e-02 | e1=4.48e-08 | e2=6.06e-03 | e3=1.86e-02
26-02-06-44 #-----------------------------------------#
26-02-06-44 [Step  86] logΨ: mean=11.197-0.621j | min=6.745+1.409j | max=11.477+0.264j
26-02-06-44 梯度监控 | raw=14.3960 | natural=0.0990 | clipped=0.0990(上限20.0) | t_grad=1898ms t_qgt=653ms
26-02-06-44 冻结状态 | frozen_set=[1] | P_a/P=1137/1516 | QGT=1292769 | 本轮实际训练参数=1137
26-02-06-44 原始规范坐标 G(Re Σrow_mean) = +16.0299 | 累计|g| = 7.8661
26-02-06-44 Ψ矩阵条件数 cond(Ψ) = 1.91e+01
26-02-06-44 Loss=-5.550406 | E0=-2.84288142+0.00078510j | E1=-1.40116329+0.00000001j|E2=-0.94608709-0.00000350j|E3=-0.36027391+0.00107232j
26-02-06-44 误差(Ha): e0=4.47e-02 | e1=9.91e-09 | e2=6.06e-03 | e3=2.44e-02
26-02-06-44 #-----------------------------------------#
26-02-06-44 [Step  87] logΨ: mean=11.229+0.401j | min=6.843-0.328j | max=11.494+3.010j
26-02-06-44 梯度监控 | raw=5.6089 | natural=0.0722 | clipped=0.0722(上限20.0) | t_grad=0ms t_qgt=5ms
26-02-06-44 冻结状态 | frozen_set=[1] | P_a/P=1137/1516 | QGT=1292769 | 本轮实际训练参数=1137
26-02-06-44 原始规范坐标 G(Re Σrow_mean) = +15.9959 | 累计|g| = 7.8661
26-02-06-44 Ψ矩阵条件数 cond(Ψ) = 2.03e+01
26-02-06-44 Loss=-5.565546 | E0=-2.85595115+0.00049251j | E1=-1.40046003-0.00000252j|E2=-0.94557152+0.00002883j|E3=-0.36356297+0.00246240j
26-02-06-44 误差(Ha): e0=3.16e-02 | e1=7.03e-04 | e2=6.58e-03 | e3=2.11e-02
26-02-06-44 #-----------------------------------------#
26-02-06-44 [Step  88] logΨ: mean=11.260+0.393j | min=10.081-0.106j | max=11.485+2.967j
26-02-06-44 梯度监控 | raw=6.9535 | natural=0.0036 | clipped=0.0036(上限20.0) | t_grad=0ms t_qgt=4ms
26-02-06-44 冻结状态 | frozen_set=[1] | P_a/P=1137/1516 | QGT=1292769 | 本轮实际训练参数=1137
26-02-06-44 原始规范坐标 G(Re Σrow_mean) = +16.0085 | 累计|g| = 7.8661
26-02-06-44 Ψ矩阵条件数 cond(Ψ) = 2.04e+01
26-02-06-44 Loss=-5.570376 | E0=-2.85627620+0.00076822j | E1=-1.40116330-0.00000001j|E2=-0.94609222+0.00000549j|E3=-0.36684461+0.00131710j
26-02-06-44 误差(Ha): e0=3.13e-02 | e1=2.61e-08 | e2=6.06e-03 | e3=1.78e-02
26-02-06-44 #-----------------------------------------#
26-02-06-44 [Step  89] logΨ: mean=11.664+0.375j | min=7.919-3.101j | max=11.893+1.136j
26-02-06-44 梯度监控 | raw=7.3208 | natural=0.0625 | clipped=0.0625(上限20.0) | t_grad=0ms t_qgt=5ms
26-02-06-44 冻结状态 | frozen_set=[1] | P_a/P=1137/1516 | QGT=1292769 | 本轮实际训练参数=1137
26-02-06-44 原始规范坐标 G(Re Σrow_mean) = +16.0564 | 累计|g| = 7.8661
26-02-06-44 Ψ矩阵条件数 cond(Ψ) = 1.97e+01
26-02-06-44 Loss=-5.571515 | E0=-2.85632303+0.00070966j | E1=-1.40116325-0.00000000j|E2=-0.94609368+0.00000572j|E3=-0.36793515+0.00236002j
26-02-06-44 误差(Ha): e0=3.13e-02 | e1=2.33e-08 | e2=6.06e-03 | e3=1.68e-02
26-02-06-44 #-----------------------------------------#
26-02-06-44 [GaugeReset@90] 吸收 Δg = Σ Re(col_mean) = +16.0564 | 新|g| = 8.1521
26-02-06-44 [Step  90] logΨ: mean=11.882-0.499j | min=7.345-2.548j | max=12.111+0.324j
26-02-06-44 梯度监控 | raw=5.5320 | natural=0.1291 | clipped=0.1291(上限20.0) | t_grad=0ms t_qgt=4ms
26-02-06-44 冻结状态 | frozen_set=[1] | P_a/P=1137/1516 | QGT=1292769 | 本轮实际训练参数=1137
26-02-06-44 原始规范坐标 G(Re Σrow_mean) = +16.3465 | 累计|g| = 8.1521
26-02-06-44 Ψ矩阵条件数 cond(Ψ) = 5.24e+01
26-02-06-44 Loss=-5.565875 | E0=-2.85421127+0.00081133j | E1=-1.40116327+0.00000001j|E2=-0.94608639+0.00000199j|E3=-0.36441453+0.00373522j
26-02-06-44 误差(Ha): e0=3.34e-02 | e1=7.85e-09 | e2=6.06e-03 | e3=2.03e-02
26-02-06-44 #-----------------------------------------#
26-02-06-44 [Step  91] logΨ: mean=13.222+0.408j | min=9.833-0.137j | max=13.438+2.970j
26-02-06-44 梯度监控 | raw=6.0908 | natural=0.0334 | clipped=0.0334(上限20.0) | t_grad=0ms t_qgt=4ms
26-02-06-44 冻结状态 | frozen_set=[1] | P_a/P=1137/1516 | QGT=1292769 | 本轮实际训练参数=1137
26-02-06-44 原始规范坐标 G(Re Σrow_mean) = +16.6843 | 累计|g| = 8.1521
26-02-06-44 Ψ矩阵条件数 cond(Ψ) = 2.07e+01
26-02-06-44 Loss=-5.574500 | E0=-2.85526304+0.00067199j | E1=-1.40041896-0.00003446j|E2=-0.94561187+0.00002315j|E3=-0.37320581+0.00202882j
26-02-06-44 误差(Ha): e0=3.23e-02 | e1=7.44e-04 | e2=6.54e-03 | e3=1.15e-02
26-02-06-44 #-----------------------------------------#
26-02-06-44 [Step  92] logΨ: mean=11.036-0.099j | min=7.500+0.798j | max=11.263+2.004j
26-02-06-44 梯度监控 | raw=5.0623 | natural=0.0336 | clipped=0.0336(上限20.0) | t_grad=0ms t_qgt=5ms
26-02-06-44 冻结状态 | frozen_set=[1] | P_a/P=1137/1516 | QGT=1292769 | 本轮实际训练参数=1137
26-02-06-44 原始规范坐标 G(Re Σrow_mean) = +16.1686 | 累计|g| = 8.1521
26-02-06-44 Ψ矩阵条件数 cond(Ψ) = 5.25e+01
26-02-06-44 Loss=-5.569566 | E0=-2.85525675+0.00014620j | E1=-1.40116328-0.00000002j|E2=-0.94609411+0.00000988j|E3=-0.36705155+0.00261941j
26-02-06-44 误差(Ha): e0=3.23e-02 | e1=2.77e-10 | e2=6.06e-03 | e3=1.76e-02
26-02-06-44 #-----------------------------------------#
26-02-06-44 [Step  93] logΨ: mean=11.303-0.095j | min=7.987+0.412j | max=11.546+1.996j
26-02-06-44 梯度监控 | raw=7.9963 | natural=0.0194 | clipped=0.0194(上限20.0) | t_grad=0ms t_qgt=3ms
26-02-06-44 冻结状态 | frozen_set=[1] | P_a/P=1137/1516 | QGT=1292769 | 本轮实际训练参数=1137
26-02-06-44 原始规范坐标 G(Re Σrow_mean) = +16.2004 | 累计|g| = 8.1521
26-02-06-44 Ψ矩阵条件数 cond(Ψ) = 2.00e+01
26-02-06-44 Loss=-5.576349 | E0=-2.85503650+0.00000028j | E1=-1.40116327-0.00000003j|E2=-0.94610290+0.00001079j|E3=-0.37404612+0.00250154j
26-02-06-44 误差(Ha): e0=3.26e-02 | e1=4.43e-09 | e2=6.05e-03 | e3=1.06e-02
26-02-06-44 #-----------------------------------------#
26-02-06-44 [Step  94] logΨ: mean=11.200-0.434j | min=8.234+1.791j | max=11.495+1.683j
26-02-06-44 梯度监控 | raw=10.2785 | natural=0.0356 | clipped=0.0356(上限20.0) | t_grad=0ms t_qgt=4ms
26-02-06-44 冻结状态 | frozen_set=[1] | P_a/P=1137/1516 | QGT=1292769 | 本轮实际训练参数=1137
26-02-06-44 原始规范坐标 G(Re Σrow_mean) = +16.2343 | 累计|g| = 8.1521
26-02-06-44 Ψ矩阵条件数 cond(Ψ) = 1.98e+01
26-02-06-44 Loss=-5.577575 | E0=-2.85634609-0.00000344j | E1=-1.40116327-0.00000000j|E2=-0.94609927+0.00000981j|E3=-0.37396623+0.00132656j
26-02-06-44 误差(Ha): e0=3.12e-02 | e1=9.12e-09 | e2=6.05e-03 | e3=1.07e-02
26-02-06-44 #-----------------------------------------#
26-02-06-44 [Step  95] logΨ: mean=12.096+0.255j | min=8.458-2.077j | max=12.368+2.309j
26-02-06-44 梯度监控 | raw=11.9155 | natural=0.1056 | clipped=0.1056(上限20.0) | t_grad=0ms t_qgt=4ms
26-02-06-44 冻结状态 | frozen_set=[1] | P_a/P=1137/1516 | QGT=1292769 | 本轮实际训练参数=1137
26-02-06-44 原始规范坐标 G(Re Σrow_mean) = +16.3693 | 累计|g| = 8.1521
26-02-06-44 Ψ矩阵条件数 cond(Ψ) = 2.06e+01
26-02-06-44 Loss=-5.569312 | E0=-2.85120392-0.00027553j | E1=-1.40097908-0.00000836j|E2=-0.94597547+0.00001052j|E3=-0.37115372+0.00037316j
26-02-06-44 误差(Ha): e0=3.64e-02 | e1=1.84e-04 | e2=6.18e-03 | e3=1.35e-02
26-02-06-44 #-----------------------------------------#
26-02-06-44 [Step  96] logΨ: mean=12.418+0.196j | min=7.847-1.930j | max=12.687+2.303j
26-02-06-44 梯度监控 | raw=10.4814 | natural=0.0131 | clipped=0.0131(上限20.0) | t_grad=1ms t_qgt=4ms
26-02-06-44 冻结状态 | frozen_set=[1] | P_a/P=1137/1516 | QGT=1292769 | 本轮实际训练参数=1137
26-02-06-44 原始规范坐标 G(Re Σrow_mean) = +16.4245 | 累计|g| = 8.1521
26-02-06-44 Ψ矩阵条件数 cond(Ψ) = 2.06e+01
26-02-06-44 Loss=-5.575513 | E0=-2.85176939-0.00013665j | E1=-1.40053203-0.00000247j|E2=-0.94567035+0.00003994j|E3=-0.37754089-0.00009113j
26-02-06-44 误差(Ha): e0=3.58e-02 | e1=6.31e-04 | e2=6.48e-03 | e3=7.15e-03
26-02-06-44 #-----------------------------------------#
26-02-06-44 [Step  97] logΨ: mean=13.426+0.224j | min=9.033-2.964j | max=13.738+2.852j
26-02-06-44 梯度监控 | raw=12.9359 | natural=0.2339 | clipped=0.2339(上限20.0) | t_grad=0ms t_qgt=4ms
26-02-06-44 冻结状态 | frozen_set=[1] | P_a/P=1137/1516 | QGT=1292769 | 本轮实际训练参数=1137
26-02-06-44 原始规范坐标 G(Re Σrow_mean) = +16.5628 | 累计|g| = 8.1521
26-02-06-44 Ψ矩阵条件数 cond(Ψ) = 2.23e+01
26-02-06-44 Loss=-5.564235 | E0=-2.85410010-0.00014031j | E1=-1.39925693+0.00000334j|E2=-0.94483596+0.00006147j|E3=-0.36604215+0.00026915j
26-02-06-44 误差(Ha): e0=3.35e-02 | e1=1.91e-03 | e2=7.32e-03 | e3=1.87e-02
26-02-06-44 #-----------------------------------------#
26-02-06-44 [Step  98] logΨ: mean=13.240-0.323j | min=8.834-0.844j | max=13.525+1.808j
26-02-06-44 梯度监控 | raw=11.4527 | natural=0.0289 | clipped=0.0289(上限20.0) | t_grad=0ms t_qgt=4ms
26-02-06-44 冻结状态 | frozen_set=[1] | P_a/P=1137/1516 | QGT=1292769 | 本轮实际训练参数=1137
26-02-06-44 原始规范坐标 G(Re Σrow_mean) = +16.5509 | 累计|g| = 8.1521
26-02-06-44 Ψ矩阵条件数 cond(Ψ) = 5.08e+01
26-02-06-44 Loss=-5.579322 | E0=-2.85572094+0.00000378j | E1=-1.40078347+0.00001615j|E2=-0.94585605+0.00002109j|E3=-0.37696189-0.00332580j
26-02-06-44 误差(Ha): e0=3.19e-02 | e1=3.80e-04 | e2=6.29e-03 | e3=7.73e-03
26-02-06-44 #-----------------------------------------#
26-02-06-44 [Step  99] logΨ: mean=13.190+0.138j | min=12.122-1.099j | max=13.515+1.839j
26-02-06-44 梯度监控 | raw=9.6424 | natural=0.0019 | clipped=0.0019(上限20.0) | t_grad=0ms t_qgt=4ms
26-02-06-44 冻结状态 | frozen_set=[1] | P_a/P=1137/1516 | QGT=1292769 | 本轮实际训练参数=1137
26-02-06-44 原始规范坐标 G(Re Σrow_mean) = +16.4845 | 累计|g| = 8.1521
26-02-06-44 Ψ矩阵条件数 cond(Ψ) = 3.80e+01
26-02-06-44 Loss=-5.589895 | E0=-2.85547301-0.00058649j | E1=-1.40116329+0.00000001j|E2=-0.94610444-0.00000415j|E3=-0.38715381+0.00109963j
26-02-06-44 误差(Ha): e0=3.21e-02 | e1=1.30e-08 | e2=6.05e-03 | e3=2.46e-03
26-02-06-44 #-----------------------------------------#
26-02-06-44 [保存] Step 99 → pickle 文件已更新 (100 条记录)
26-02-06-44 [GaugeReset@100] 吸收 Δg = Σ Re(col_mean) = +16.4845 | 新|g| = 8.3823
26-02-06-44 [Step 100] logΨ: mean=13.229+0.513j | min=8.851+2.988j | max=13.511+2.500j
26-02-06-44 梯度监控 | raw=9.2006 | natural=0.0184 | clipped=0.0184(上限20.0) | t_grad=1ms t_qgt=4ms
26-02-06-44 冻结状态 | frozen_set=[1] | P_a/P=1137/1516 | QGT=1292769 | 本轮实际训练参数=1137
26-02-06-44 原始规范坐标 G(Re Σrow_mean) = +16.6128 | 累计|g| = 8.3823
26-02-06-44 Ψ矩阵条件数 cond(Ψ) = 2.20e+01
26-02-06-44 Loss=-5.583953 | E0=-2.85551610-0.00056094j | E1=-1.40059298+0.00002486j|E2=-0.94573543+0.00002474j|E3=-0.38210828-0.00102594j
26-02-06-44 误差(Ha): e0=3.21e-02 | e1=5.70e-04 | e2=6.42e-03 | e3=2.58e-03
26-02-06-44 #-----------------------------------------#
26-02-06-44 [Step 101] logΨ: mean=13.225+0.547j | min=12.102-0.409j | max=13.492+2.534j
26-02-06-44 梯度监控 | raw=9.7731 | natural=0.0018 | clipped=0.0018(上限20.0) | t_grad=1ms t_qgt=3ms
26-02-06-44 冻结状态 | frozen_set=[1] | P_a/P=1137/1516 | QGT=1292769 | 本轮实际训练参数=1137
26-02-06-44 原始规范坐标 G(Re Σrow_mean) = +16.6270 | 累计|g| = 8.3823
26-02-06-44 Ψ矩阵条件数 cond(Ψ) = 2.20e+01
26-02-06-44 Loss=-5.583771 | E0=-2.85545732-0.00034795j | E1=-1.40116328+0.00000001j|E2=-0.94609906-0.00000343j|E3=-0.38105106-0.00242261j
26-02-06-44 误差(Ha): e0=3.21e-02 | e1=1.46e-09 | e2=6.05e-03 | e3=3.64e-03
26-02-06-44 #-----------------------------------------#
26-02-06-44 [Step 102] logΨ: mean=13.668+0.470j | min=9.359-2.266j | max=13.990+2.893j
26-02-06-44 梯度监控 | raw=8.5040 | natural=0.1383 | clipped=0.1383(上限20.0) | t_grad=0ms t_qgt=4ms
26-02-06-44 冻结状态 | frozen_set=[1] | P_a/P=1137/1516 | QGT=1292769 | 本轮实际训练参数=1137
26-02-06-44 原始规范坐标 G(Re Σrow_mean) = +16.6955 | 累计|g| = 8.3823
26-02-06-44 Ψ矩阵条件数 cond(Ψ) = 2.36e+01
26-02-06-44 Loss=-5.576915 | E0=-2.85546452-0.00035093j | E1=-1.40002450+0.00003482j|E2=-0.94537161+0.00004053j|E3=-0.37605393+0.00114164j
26-02-06-44 误差(Ha): e0=3.21e-02 | e1=1.14e-03 | e2=6.78e-03 | e3=8.64e-03
26-02-06-44 #-----------------------------------------#
26-02-06-44 [Step 103] logΨ: mean=13.758-0.437j | min=9.619+3.077j | max=14.057+0.640j
26-02-06-44 梯度监控 | raw=5.6796 | natural=0.0473 | clipped=0.0473(上限20.0) | t_grad=0ms t_qgt=4ms
26-02-06-44 冻结状态 | frozen_set=[1] | P_a/P=1137/1516 | QGT=1292769 | 本轮实际训练参数=1137
26-02-06-44 原始规范坐标 G(Re Σrow_mean) = +16.7150 | 累计|g| = 8.3823
26-02-06-44 Ψ矩阵条件数 cond(Ψ) = 2.37e+01
26-02-06-44 Loss=-5.580734 | E0=-2.85570116-0.00008660j | E1=-1.40116328-0.00000000j|E2=-0.94610333+0.00000088j|E3=-0.37776641-0.00095415j
26-02-06-44 误差(Ha): e0=3.19e-02 | e1=2.78e-09 | e2=6.05e-03 | e3=6.93e-03
26-02-06-44 #-----------------------------------------#
26-02-06-44 [Step 104] logΨ: mean=14.109+0.095j | min=9.601-0.974j | max=14.362+2.102j
26-02-06-44 梯度监控 | raw=6.6418 | natural=0.0398 | clipped=0.0398(上限20.0) | t_grad=0ms t_qgt=5ms
26-02-06-44 冻结状态 | frozen_set=[1] | P_a/P=1137/1516 | QGT=1292769 | 本轮实际训练参数=1137
26-02-06-44 原始规范坐标 G(Re Σrow_mean) = +16.8037 | 累计|g| = 8.3823
26-02-06-44 Ψ矩阵条件数 cond(Ψ) = 2.39e+01
26-02-06-44 Loss=-5.582592 | E0=-2.85556268+0.00030487j | E1=-1.39965278-0.00003958j|E2=-0.94506346-0.00003624j|E3=-0.38231326-0.00086609j
26-02-06-44 误差(Ha): e0=3.20e-02 | e1=1.51e-03 | e2=7.09e-03 | e3=2.38e-03
26-02-06-44 #-----------------------------------------#
26-02-06-44 [Step 105] logΨ: mean=15.363+0.463j | min=12.269+2.244j | max=15.686+2.949j
26-02-06-44 梯度监控 | raw=1.7630 | natural=0.0556 | clipped=0.0556(上限20.0) | t_grad=0ms t_qgt=4ms
26-02-06-44 冻结状态 | frozen_set=[1] | P_a/P=1137/1516 | QGT=1292769 | 本轮实际训练参数=1137
26-02-06-44 原始规范坐标 G(Re Σrow_mean) = +17.1424 | 累计|g| = 8.3823
26-02-06-44 Ψ矩阵条件数 cond(Ψ) = 2.47e+01
26-02-06-44 Loss=-5.573050 | E0=-2.85549755-0.00028802j | E1=-1.40116327+0.00000002j|E2=-0.94613382-0.00000337j|E3=-0.37025563-0.00133401j
26-02-06-44 误差(Ha): e0=3.21e-02 | e1=8.39e-09 | e2=6.02e-03 | e3=1.44e-02
26-02-06-44 #-----------------------------------------#
26-02-06-44 [Step 106] logΨ: mean=17.708-0.821j | min=12.651+3.129j | max=17.984+0.071j
26-02-06-44 梯度监控 | raw=1.5219 | natural=0.1494 | clipped=0.1494(上限20.0) | t_grad=0ms t_qgt=5ms
26-02-06-44 冻结状态 | frozen_set=[1] | P_a/P=1137/1516 | QGT=1292769 | 本轮实际训练参数=1137
26-02-06-44 原始规范坐标 G(Re Σrow_mean) = +17.6930 | 累计|g| = 8.3823
26-02-06-44 Ψ矩阵条件数 cond(Ψ) = 2.83e+01
26-02-06-44 Loss=-5.575518 | E0=-2.85527615-0.00003953j | E1=-1.40116329-0.00000000j|E2=-0.94610833-0.00000040j|E3=-0.37296978+0.00085240j
26-02-06-44 误差(Ha): e0=3.23e-02 | e1=1.71e-08 | e2=6.04e-03 | e3=1.17e-02
26-02-06-44 #-----------------------------------------#
26-02-06-44 [Step 107] logΨ: mean=13.849+0.571j | min=8.408+0.624j | max=14.114+1.592j
26-02-06-44 梯度监控 | raw=42.4306 | natural=0.2422 | clipped=0.2422(上限20.0) | t_grad=0ms t_qgt=4ms
26-02-06-44 冻结状态 | frozen_set=[1] | P_a/P=1137/1516 | QGT=1292769 | 本轮实际训练参数=1137
26-02-06-44 原始规范坐标 G(Re Σrow_mean) = +16.8857 | 累计|g| = 8.3823
26-02-06-44 Ψ矩阵条件数 cond(Ψ) = 3.51e+01
26-02-06-44 Loss=-5.576201 | E0=-2.85522053-0.00000272j | E1=-1.40116328-0.00000001j|E2=-0.94610973-0.00000020j|E3=-0.37370709-0.01346484j
26-02-06-44 误差(Ha): e0=3.24e-02 | e1=7.25e-09 | e2=6.04e-03 | e3=1.10e-02
26-02-06-44 #-----------------------------------------#
26-02-06-44 [Step 108] logΨ: mean=17.301-0.589j | min=13.758-2.369j | max=17.493+0.449j
26-02-06-44 梯度监控 | raw=3.1385 | natural=0.0767 | clipped=0.0767(上限20.0) | t_grad=1ms t_qgt=5ms
26-02-06-44 冻结状态 | frozen_set=[1] | P_a/P=1137/1516 | QGT=1292769 | 本轮实际训练参数=1137
26-02-06-44 原始规范坐标 G(Re Σrow_mean) = +17.6834 | 累计|g| = 8.3823
26-02-06-44 Ψ矩阵条件数 cond(Ψ) = 3.73e+01
26-02-06-44 Loss=-5.586580 | E0=-2.85522101+0.00056925j | E1=-1.40116324+0.00000001j|E2=-0.94610883+0.00000420j|E3=-0.38408710-0.00016102j
26-02-06-44 误差(Ha): e0=3.24e-02 | e1=3.85e-08 | e2=6.04e-03 | e3=6.06e-04
26-02-06-44 #-----------------------------------------#
26-02-06-45 [Step 109] logΨ: mean=9.770+0.378j | min=8.443-0.117j | max=11.493+1.838j
26-02-06-45 梯度监控 | raw=17.2186 | natural=0.0644 | clipped=0.0644(上限20.0) | t_grad=0ms t_qgt=4ms
26-02-06-45 冻结状态 | frozen_set=[1] | P_a/P=1137/1516 | QGT=1292769 | 本轮实际训练参数=1137
26-02-06-45 原始规范坐标 G(Re Σrow_mean) = +13.4147 | 累计|g| = 8.3823
26-02-06-45 Ψ矩阵条件数 cond(Ψ) = 8.27e+01
26-02-06-45 Loss=-5.566885 | E0=-2.85535752+0.00000335j | E1=-1.40116324-0.00000001j|E2=-0.94614313-0.00000968j|E3=-0.36422098+0.00771796j
26-02-06-45 误差(Ha): e0=3.22e-02 | e1=3.64e-08 | e2=6.01e-03 | e3=2.05e-02
26-02-06-45 #-----------------------------------------#
26-02-06-45 [GaugeReset@110] 吸收 Δg = Σ Re(col_mean) = +13.4147 | 新|g| = 7.7499
26-02-06-45 [Step 110] logΨ: mean=12.638-1.297j | min=11.460-1.709j | max=14.546-3.005j
26-02-06-45 梯度监控 | raw=425.8286 | natural=0.0069 | clipped=0.0069(上限20.0) | t_grad=0ms t_qgt=5ms
26-02-06-45 冻结状态 | frozen_set=[1] | P_a/P=1137/1516 | QGT=1292769 | 本轮实际训练参数=1137
26-02-06-45 原始规范坐标 G(Re Σrow_mean) = +13.5188 | 累计|g| = 7.7499
26-02-06-45 Ψ矩阵条件数 cond(Ψ) = 3.42e+01
26-02-06-45 Loss=-5.230185 | E0=-2.91076435-0.00697196j | E1=-1.40116324+0.00000000j|E2=-0.94625801-0.00011605j|E3=0.02800012-0.33540702j
26-02-06-45 误差(Ha): e0=2.32e-02 | e1=3.19e-08 | e2=5.89e-03 | e3=4.13e-01
26-02-06-45 #-----------------------------------------#
26-02-06-45 [Step 111] logΨ: mean=12.613-1.255j | min=11.418-1.593j | max=14.530-3.007j
26-02-06-45 梯度监控 | raw=468.0586 | natural=0.0065 | clipped=0.0065(上限20.0) | t_grad=1ms t_qgt=4ms
26-02-06-45 冻结状态 | frozen_set=[1] | P_a/P=1137/1516 | QGT=1292769 | 本轮实际训练参数=1137
26-02-06-45 原始规范坐标 G(Re Σrow_mean) = +13.5461 | 累计|g| = 7.7499
26-02-06-45 Ψ矩阵条件数 cond(Ψ) = 3.44e+01
26-02-06-45 Loss=-5.272336 | E0=-2.91664141-0.00336672j | E1=-1.40116331+0.00000000j|E2=-0.94627828-0.00011708j|E3=-0.00825349-0.37042299j
26-02-06-45 误差(Ha): e0=2.90e-02 | e1=3.29e-08 | e2=5.87e-03 | e3=3.76e-01
26-02-06-45 #-----------------------------------------#
26-02-06-45 [Step 112] logΨ: mean=12.593-1.212j | min=11.391-1.472j | max=14.514-3.008j
26-02-06-45 梯度监控 | raw=502.0069 | natural=0.0062 | clipped=0.0062(上限20.0) | t_grad=0ms t_qgt=4ms
26-02-06-45 冻结状态 | frozen_set=[1] | P_a/P=1137/1516 | QGT=1292769 | 本轮实际训练参数=1137
26-02-06-45 原始规范坐标 G(Re Σrow_mean) = +13.5720 | 累计|g| = 7.7499
26-02-06-45 Ψ矩阵条件数 cond(Ψ) = 3.47e+01
26-02-06-45 Loss=-5.323703 | E0=-2.92213290+0.00181542j | E1=-1.40116329+0.00000001j|E2=-0.94630075-0.00011508j|E3=-0.05410584-0.39873062j
26-02-06-45 误差(Ha): e0=3.45e-02 | e1=1.81e-08 | e2=5.85e-03 | e3=3.31e-01
26-02-06-45 #-----------------------------------------#
26-02-06-45 [Step 113] logΨ: mean=12.580-1.169j | min=11.379-1.350j | max=14.497-3.010j
26-02-06-45 梯度监控 | raw=523.1008 | natural=0.0059 | clipped=0.0059(上限20.0) | t_grad=0ms t_qgt=4ms
26-02-06-45 冻结状态 | frozen_set=[1] | P_a/P=1137/1516 | QGT=1292769 | 本轮实际训练参数=1137
26-02-06-45 原始规范坐标 G(Re Σrow_mean) = +13.5967 | 累计|g| = 7.7499
26-02-06-45 Ψ矩阵条件数 cond(Ψ) = 3.50e+01
26-02-06-45 Loss=-5.381342 | E0=-2.92665820+0.00854552j | E1=-1.40116333+0.00000002j|E2=-0.94632503-0.00010903j|E3=-0.10719535-0.41674331j
26-02-06-45 误差(Ha): e0=3.91e-02 | e1=4.88e-08 | e2=5.83e-03 | e3=2.77e-01
26-02-06-45 #-----------------------------------------#
26-02-06-45 [Step 114] logΨ: mean=12.572-1.126j | min=11.383-1.230j | max=14.481-3.011j
26-02-06-45 梯度监控 | raw=528.3856 | natural=0.0056 | clipped=0.0056(上限20.0) | t_grad=0ms t_qgt=4ms
26-02-06-45 冻结状态 | frozen_set=[1] | P_a/P=1137/1516 | QGT=1292769 | 本轮实际训练参数=1137
26-02-06-45 原始规范坐标 G(Re Σrow_mean) = +13.6201 | 累计|g| = 7.7499
26-02-06-45 Ψ矩阵条件数 cond(Ψ) = 3.53e+01
26-02-06-45 Loss=-5.440672 | E0=-2.92963162+0.01651094j | E1=-1.40116325-0.00000000j|E2=-0.94635017-0.00009797j|E3=-0.16352688-0.42218894j
26-02-06-45 误差(Ha): e0=4.20e-02 | e1=2.47e-08 | e2=5.80e-03 | e3=2.21e-01
26-02-06-45 #-----------------------------------------#
26-02-06-45 [Step 115] logΨ: mean=12.569-1.085j | min=11.400-1.116j | max=14.464-3.012j
26-02-06-45 梯度监控 | raw=517.6015 | natural=0.0053 | clipped=0.0053(上限20.0) | t_grad=0ms t_qgt=4ms
26-02-06-45 冻结状态 | frozen_set=[1] | P_a/P=1137/1516 | QGT=1292769 | 本轮实际训练参数=1137
26-02-06-45 原始规范坐标 G(Re Σrow_mean) = +13.6421 | 累计|g| = 7.7499
26-02-06-45 Ψ矩阵条件数 cond(Ψ) = 3.55e+01
26-02-06-45 Loss=-5.496628 | E0=-2.93063527+0.02512260j | E1=-1.40116331-0.00000000j|E2=-0.94637506-0.00008112j|E3=-0.21845444-0.41489642j
26-02-06-45 误差(Ha): e0=4.30e-02 | e1=3.24e-08 | e2=5.78e-03 | e3=1.66e-01
26-02-06-45 #-----------------------------------------#
26-02-06-45 [Step 116] logΨ: mean=12.571-1.048j | min=11.427-1.010j | max=14.447-3.013j
26-02-06-45 梯度监控 | raw=493.1944 | natural=0.0050 | clipped=0.0050(上限20.0) | t_grad=0ms t_qgt=5ms
26-02-06-45 冻结状态 | frozen_set=[1] | P_a/P=1137/1516 | QGT=1292769 | 本轮实际训练参数=1137
26-02-06-45 原始规范坐标 G(Re Σrow_mean) = +13.6626 | 累计|g| = 7.7499
26-02-06-45 Ψ矩阵条件数 cond(Ψ) = 3.58e+01
26-02-06-45 Loss=-5.545083 | E0=-2.92956409+0.03364344j | E1=-1.40116329-0.00000000j|E2=-0.94639761-0.00005818j|E3=-0.26795806-0.39675348j
26-02-06-45 误差(Ha): e0=4.20e-02 | e1=9.24e-09 | e2=5.75e-03 | e3=1.17e-01
26-02-06-45 #-----------------------------------------#
26-02-06-45 [Step 117] logΨ: mean=12.736-0.853j | min=9.099-1.400j | max=14.636+0.224j
26-02-06-45 梯度监控 | raw=459.5811 | natural=0.0972 | clipped=0.0972(上限20.0) | t_grad=1ms t_qgt=5ms
26-02-06-45 冻结状态 | frozen_set=[1] | P_a/P=1137/1516 | QGT=1292769 | 本轮实际训练参数=1137
26-02-06-45 原始规范坐标 G(Re Σrow_mean) = +14.5808 | 累计|g| = 7.7499
26-02-06-45 Ψ矩阵条件数 cond(Ψ) = 4.24e+01
26-02-06-45 Loss=-5.565345 | E0=-2.92024979+0.04285776j | E1=-1.40116325-0.00000001j|E2=-0.94641305-0.00002565j|E3=-0.29751849-0.37231134j
26-02-06-45 误差(Ha): e0=3.27e-02 | e1=2.71e-08 | e2=5.74e-03 | e3=8.72e-02
26-02-06-45 #-----------------------------------------#
26-02-06-45 [Step 118] logΨ: mean=12.995-0.638j | min=9.642-0.585j | max=14.881+0.280j
26-02-06-45 梯度监控 | raw=526.5317 | natural=0.3021 | clipped=0.3021(上限20.0) | t_grad=0ms t_qgt=4ms
26-02-06-45 冻结状态 | frozen_set=[1] | P_a/P=1137/1516 | QGT=1292769 | 本轮实际训练参数=1137
26-02-06-45 原始规范坐标 G(Re Σrow_mean) = +14.5334 | 累计|g| = 7.7499
26-02-06-45 Ψ矩阵条件数 cond(Ψ) = 4.54e+01
26-02-06-45 Loss=-5.573585 | E0=-2.88046473+0.04625536j | E1=-1.40116323-0.00000004j|E2=-0.94637895+0.00000492j|E3=-0.34557858-0.37001252j
26-02-06-45 误差(Ha): e0=7.13e-03 | e1=4.37e-08 | e2=5.77e-03 | e3=3.91e-02
26-02-06-45 #-----------------------------------------#
26-02-06-45 [Step 119] logΨ: mean=13.350-0.336j | min=11.942+1.755j | max=15.194+0.542j
26-02-06-45 梯度监控 | raw=434.5041 | natural=0.1651 | clipped=0.1651(上限20.0) | t_grad=0ms t_qgt=4ms
26-02-06-45 冻结状态 | frozen_set=[1] | P_a/P=1137/1516 | QGT=1292769 | 本轮实际训练参数=1137
26-02-06-45 原始规范坐标 G(Re Σrow_mean) = +15.3746 | 累计|g| = 7.7499
26-02-06-45 Ψ矩阵条件数 cond(Ψ) = 8.24e+01
26-02-06-45 Loss=-5.619616 | E0=-2.88539114+0.03636881j | E1=-1.40116326+0.00000002j|E2=-0.94631004+0.00003254j|E3=-0.38675174-0.33778337j
26-02-06-45 误差(Ha): e0=2.20e-03 | e1=2.06e-08 | e2=5.84e-03 | e3=2.06e-03
26-02-06-45 #-----------------------------------------#
26-02-06-45 [保存] Step 119 → pickle 文件已更新 (120 条记录)
26-02-06-45 [GaugeReset@120] 吸收 Δg = Σ Re(col_mean) = +15.3746 | 新|g| = 8.1628
26-02-06-45 [Step 120] logΨ: mean=11.999-0.257j | min=10.542-0.871j | max=14.040-3.000j
26-02-06-45 梯度监控 | raw=439.9685 | natural=0.2581 | clipped=0.2581(上限20.0) | t_grad=1ms t_qgt=4ms
26-02-06-45 冻结状态 | frozen_set=[1] | P_a/P=1137/1516 | QGT=1292769 | 本轮实际训练参数=1137
26-02-06-45 原始规范坐标 G(Re Σrow_mean) = +16.0956 | 累计|g| = 8.1628
26-02-06-45 Ψ矩阵条件数 cond(Ψ) = 2.74e+01
26-02-06-45 Loss=-5.639936 | E0=-2.87355945+0.03365640j | E1=-1.40116328-0.00000001j|E2=-0.94625306+0.00006462j|E3=-0.41896041-0.31225510j
26-02-06-45 误差(Ha): e0=1.40e-02 | e1=7.95e-09 | e2=5.90e-03 | e3=3.43e-02
26-02-06-45 #-----------------------------------------#
26-02-06-45 [Step 121] logΨ: mean=12.133+0.011j | min=10.672-1.504j | max=14.176-2.745j
26-02-06-45 梯度监控 | raw=1099.9703 | natural=0.0817 | clipped=0.0817(上限20.0) | t_grad=1ms t_qgt=6ms
26-02-06-45 冻结状态 | frozen_set=[1] | P_a/P=1137/1516 | QGT=1292769 | 本轮实际训练参数=1137
26-02-06-45 原始规范坐标 G(Re Σrow_mean) = +16.2622 | 累计|g| = 8.1628
26-02-06-45 Ψ矩阵条件数 cond(Ψ) = 2.80e+01
26-02-06-45 Loss=-5.741521 | E0=-2.86157467+0.03080730j | E1=-1.40116327-0.00000002j|E2=-0.94623368+0.00003263j|E3=-0.53254933-0.52907255j
26-02-06-45 误差(Ha): e0=2.60e-02 | e1=8.38e-09 | e2=5.92e-03 | e3=1.48e-01
26-02-06-45 #-----------------------------------------#
26-02-06-45 [Step 122] logΨ: mean=12.170+0.388j | min=10.596-1.029j | max=14.255-2.258j
26-02-06-45 梯度监控 | raw=1153.2505 | natural=0.1173 | clipped=0.1173(上限20.0) | t_grad=0ms t_qgt=4ms
26-02-06-45 冻结状态 | frozen_set=[1] | P_a/P=1137/1516 | QGT=1292769 | 本轮实际训练参数=1137
26-02-06-45 原始规范坐标 G(Re Σrow_mean) = +16.3687 | 累计|g| = 8.1628
26-02-06-45 Ψ矩阵条件数 cond(Ψ) = 2.73e+01
26-02-06-45 Loss=-5.764281 | E0=-2.85729842+0.02941649j | E1=-1.40116326+0.00000005j|E2=-0.94621687+0.00005003j|E3=-0.55960234-0.53317120j
26-02-06-45 误差(Ha): e0=3.03e-02 | e1=1.40e-08 | e2=5.93e-03 | e3=1.75e-01
26-02-06-45 #-----------------------------------------#
26-02-06-45 [Step 123] logΨ: mean=12.149+0.447j | min=10.737-0.003j | max=14.214-2.260j
26-02-06-45 梯度监控 | raw=1110.2831 | natural=0.0091 | clipped=0.0091(上限20.0) | t_grad=0ms t_qgt=4ms
26-02-06-45 冻结状态 | frozen_set=[1] | P_a/P=1137/1516 | QGT=1292769 | 本轮实际训练参数=1137
26-02-06-45 原始规范坐标 G(Re Σrow_mean) = +16.3444 | 累计|g| = 8.1628
26-02-06-45 Ψ矩阵条件数 cond(Ψ) = 2.73e+01
26-02-06-45 Loss=-5.601960 | E0=-2.85587829+0.02777094j | E1=-1.40116325+0.00000001j|E2=-0.94618429+0.00004976j|E3=-0.39873448-0.62370828j
26-02-06-45 误差(Ha): e0=3.17e-02 | e1=2.44e-08 | e2=5.97e-03 | e3=1.40e-02
26-02-06-45 #-----------------------------------------#
26-02-06-45 [Step 124] logΨ: mean=12.119-1.091j | min=10.390-0.727j | max=14.251-1.627j
26-02-06-45 梯度监控 | raw=1001.7237 | natural=0.2464 | clipped=0.2464(上限20.0) | t_grad=0ms t_qgt=4ms
26-02-06-45 冻结状态 | frozen_set=[1] | P_a/P=1137/1516 | QGT=1292769 | 本轮实际训练参数=1137
26-02-06-45 原始规范坐标 G(Re Σrow_mean) = +16.4020 | 累计|g| = 8.1628
26-02-06-45 Ψ矩阵条件数 cond(Ψ) = 2.76e+01
26-02-06-45 Loss=-5.668493 | E0=-2.85155765+0.02631830j | E1=-1.40116327-0.00000001j|E2=-0.94618037+0.00006221j|E3=-0.46959181-0.55438564j
26-02-06-45 误差(Ha): e0=3.60e-02 | e1=7.33e-09 | e2=5.97e-03 | e3=8.49e-02
26-02-06-45 #-----------------------------------------#
26-02-06-45 [Step 125] logΨ: mean=12.587-1.049j | min=11.141-2.895j | max=14.633-1.655j
26-02-06-45 梯度监控 | raw=1005.1277 | natural=0.0510 | clipped=0.0510(上限20.0) | t_grad=0ms t_qgt=4ms
26-02-06-45 冻结状态 | frozen_set=[1] | P_a/P=1137/1516 | QGT=1292769 | 本轮实际训练参数=1137
26-02-06-45 原始规范坐标 G(Re Σrow_mean) = +16.6088 | 累计|g| = 8.1628
26-02-06-45 Ψ矩阵条件数 cond(Ψ) = 3.00e+01
26-02-06-45 Loss=-5.316293 | E0=-2.85301360+0.02567857j | E1=-1.40116332+0.00000002j|E2=-0.94616037+0.00003980j|E3=-0.11595610-0.65648270j
26-02-06-45 误差(Ha): e0=3.46e-02 | e1=4.13e-08 | e2=5.99e-03 | e3=2.69e-01
26-02-06-45 #-----------------------------------------#
26-02-06-45 [Step 126] logΨ: mean=13.110-1.017j | min=11.572+2.562j | max=15.113+1.369j
26-02-06-45 梯度监控 | raw=874.0944 | natural=0.1732 | clipped=0.1732(上限20.0) | t_grad=0ms t_qgt=4ms
26-02-06-45 冻结状态 | frozen_set=[1] | P_a/P=1137/1516 | QGT=1292769 | 本轮实际训练参数=1137
26-02-06-45 原始规范坐标 G(Re Σrow_mean) = +16.7989 | 累计|g| = 8.1628
26-02-06-45 Ψ矩阵条件数 cond(Ψ) = 3.38e+01
26-02-06-45 Loss=-5.462294 | E0=-2.85425106+0.01783375j | E1=-1.40116324-0.00000004j|E2=-0.94615195+0.00002940j|E3=-0.26072775-0.56203217j
26-02-06-45 误差(Ha): e0=3.33e-02 | e1=3.96e-08 | e2=6.00e-03 | e3=1.24e-01
26-02-06-45 #-----------------------------------------#
26-02-06-45 [Step 127] logΨ: mean=13.088-1.276j | min=9.117-1.173j | max=15.138+1.110j
26-02-06-45 梯度监控 | raw=745.1060 | natural=0.3774 | clipped=0.3774(上限20.0) | t_grad=1ms t_qgt=4ms
26-02-06-45 冻结状态 | frozen_set=[1] | P_a/P=1137/1516 | QGT=1292769 | 本轮实际训练参数=1137
26-02-06-45 原始规范坐标 G(Re Σrow_mean) = +16.6789 | 累计|g| = 8.1628
26-02-06-45 Ψ矩阵条件数 cond(Ψ) = 2.81e+01
26-02-06-45 Loss=-5.572356 | E0=-2.85892354+0.01821492j | E1=-1.40116333+0.00000003j|E2=-0.94614764+0.00002052j|E3=-0.36612124-0.45873084j
26-02-06-45 误差(Ha): e0=2.87e-02 | e1=4.89e-08 | e2=6.00e-03 | e3=1.86e-02
26-02-06-45 #-----------------------------------------#
26-02-06-45 [Step 128] logΨ: mean=13.113-0.880j | min=10.199+1.777j | max=15.069+1.516j
26-02-06-45 梯度监控 | raw=789.1092 | natural=0.1398 | clipped=0.1398(上限20.0) | t_grad=0ms t_qgt=4ms
26-02-06-45 冻结状态 | frozen_set=[1] | P_a/P=1137/1516 | QGT=1292769 | 本轮实际训练参数=1137
26-02-06-45 原始规范坐标 G(Re Σrow_mean) = +16.6873 | 累计|g| = 8.1628
26-02-06-45 Ψ矩阵条件数 cond(Ψ) = 2.66e+01
26-02-06-45 Loss=-5.571405 | E0=-2.85821988+0.01627745j | E1=-1.40116328-0.00000002j|E2=-0.94614866+0.00001470j|E3=-0.36587286-0.52516956j
26-02-06-45 误差(Ha): e0=2.94e-02 | e1=5.44e-10 | e2=6.00e-03 | e3=1.88e-02
26-02-06-45 #-----------------------------------------#
26-02-06-45 [Step 129] logΨ: mean=13.179-0.850j | min=11.639-2.399j | max=15.009+1.518j
26-02-06-45 梯度监控 | raw=754.8641 | natural=0.0085 | clipped=0.0085(上限20.0) | t_grad=0ms t_qgt=4ms
26-02-06-45 冻结状态 | frozen_set=[1] | P_a/P=1137/1516 | QGT=1292769 | 本轮实际训练参数=1137
26-02-06-45 原始规范坐标 G(Re Σrow_mean) = +16.7479 | 累计|g| = 8.1628
26-02-06-45 Ψ矩阵条件数 cond(Ψ) = 4.91e+01
26-02-06-45 Loss=-5.621668 | E0=-2.85466009+0.00946942j | E1=-1.40116326+0.00000001j|E2=-0.94614122+0.00001505j|E3=-0.41970308-0.48526475j
26-02-06-45 误差(Ha): e0=3.29e-02 | e1=1.36e-08 | e2=6.01e-03 | e3=3.50e-02
26-02-06-45 #-----------------------------------------#
26-02-06-45 [GaugeReset@130] 吸收 Δg = Σ Re(col_mean) = +16.7479 | 新|g| = 8.7082
26-02-06-45 [Step 130] logΨ: mean=12.427-1.229j | min=11.051-2.773j | max=14.193+1.134j
26-02-06-45 梯度监控 | raw=682.7936 | natural=0.0725 | clipped=0.0725(上限20.0) | t_grad=1ms t_qgt=4ms
26-02-06-45 冻结状态 | frozen_set=[1] | P_a/P=1137/1516 | QGT=1292769 | 本轮实际训练参数=1137
26-02-06-45 原始规范坐标 G(Re Σrow_mean) = +17.0153 | 累计|g| = 8.7082
26-02-06-45 Ψ矩阵条件数 cond(Ψ) = 3.78e+01
26-02-06-45 Loss=-5.659222 | E0=-2.84464710+0.00998758j | E1=-1.40116327-0.00000003j|E2=-0.94613685+0.00001554j|E3=-0.46727459-0.42812450j
26-02-06-45 误差(Ha): e0=4.29e-02 | e1=3.56e-09 | e2=6.01e-03 | e3=8.26e-02
26-02-06-45 #-----------------------------------------#
26-02-06-45 [Step 131] logΨ: mean=12.458-1.208j | min=11.055-2.679j | max=14.136+1.139j
26-02-06-45 梯度监控 | raw=528.7155 | natural=0.0077 | clipped=0.0077(上限20.0) | t_grad=1ms t_qgt=4ms
26-02-06-45 冻结状态 | frozen_set=[1] | P_a/P=1137/1516 | QGT=1292769 | 本轮实际训练参数=1137
26-02-06-45 原始规范坐标 G(Re Σrow_mean) = +17.0097 | 累计|g| = 8.7082
26-02-06-45 Ψ矩阵条件数 cond(Ψ) = 3.83e+01
26-02-06-45 Loss=-5.635054 | E0=-2.85715751+0.00544508j | E1=-1.40116329-0.00000002j|E2=-0.94614377+0.00000609j|E3=-0.43058987-0.32559716j
26-02-06-45 误差(Ha): e0=3.04e-02 | e1=1.68e-08 | e2=6.01e-03 | e3=4.59e-02
26-02-06-45 #-----------------------------------------#
26-02-06-45 [Step 132] logΨ: mean=13.400-0.819j | min=9.457+0.818j | max=15.022+1.477j
26-02-06-45 梯度监控 | raw=509.9189 | natural=0.5068 | clipped=0.5068(上限20.0) | t_grad=0ms t_qgt=4ms
26-02-06-45 冻结状态 | frozen_set=[1] | P_a/P=1137/1516 | QGT=1292769 | 本轮实际训练参数=1137
26-02-06-45 原始规范坐标 G(Re Σrow_mean) = +17.2903 | 累计|g| = 8.7082
26-02-06-45 Ψ矩阵条件数 cond(Ψ) = 3.56e+01
26-02-06-45 Loss=-5.586440 | E0=-2.80792951-0.00042976j | E1=-1.40116329-0.00000002j|E2=-0.94614242+0.00000540j|E3=-0.43120514-0.28768290j
26-02-06-45 误差(Ha): e0=7.97e-02 | e1=1.19e-08 | e2=6.01e-03 | e3=4.65e-02
26-02-06-45 #-----------------------------------------#
26-02-06-45 [Step 133] logΨ: mean=13.198-0.407j | min=10.007-1.429j | max=14.698+1.802j
26-02-06-45 梯度监控 | raw=429.6311 | natural=0.4173 | clipped=0.4173(上限20.0) | t_grad=0ms t_qgt=4ms
26-02-06-45 冻结状态 | frozen_set=[1] | P_a/P=1137/1516 | QGT=1292769 | 本轮实际训练参数=1137
26-02-06-45 原始规范坐标 G(Re Σrow_mean) = +17.1363 | 累计|g| = 8.7082
26-02-06-45 Ψ矩阵条件数 cond(Ψ) = 3.89e+01
26-02-06-45 Loss=-5.556125 | E0=-2.85379904+0.00356203j | E1=-1.40116328-0.00000002j|E2=-0.94614478+0.00000296j|E3=-0.35501812-0.33472073j
26-02-06-45 误差(Ha): e0=3.38e-02 | e1=8.38e-10 | e2=6.01e-03 | e3=2.97e-02
26-02-06-45 #-----------------------------------------#
26-02-06-45 [Step 134] logΨ: mean=13.992-0.592j | min=10.135-2.089j | max=15.320+1.564j
26-02-06-45 梯度监控 | raw=336.2521 | natural=0.3927 | clipped=0.3927(上限20.0) | t_grad=0ms t_qgt=5ms
26-02-06-45 冻结状态 | frozen_set=[1] | P_a/P=1137/1516 | QGT=1292769 | 本轮实际训练参数=1137
26-02-06-45 原始规范坐标 G(Re Σrow_mean) = +17.6379 | 累计|g| = 8.7082
26-02-06-45 Ψ矩阵条件数 cond(Ψ) = 2.94e+01
26-02-06-45 Loss=-5.548197 | E0=-2.82569953+0.00049730j | E1=-1.40116328-0.00000003j|E2=-0.94614612+0.00000206j|E3=-0.37518811-0.27736749j
26-02-06-45 误差(Ha): e0=6.19e-02 | e1=4.44e-09 | e2=6.00e-03 | e3=9.50e-03
26-02-06-45 #-----------------------------------------#
26-02-06-45 [Step 135] logΨ: mean=13.680-0.810j | min=10.261+2.074j | max=14.954+1.417j
26-02-06-45 梯度监控 | raw=285.5148 | natural=0.4355 | clipped=0.4355(上限20.0) | t_grad=0ms t_qgt=5ms
26-02-06-45 冻结状态 | frozen_set=[1] | P_a/P=1137/1516 | QGT=1292769 | 本轮实际训练参数=1137
26-02-06-45 原始规范坐标 G(Re Σrow_mean) = +17.8770 | 累计|g| = 8.7082
26-02-06-45 Ψ矩阵条件数 cond(Ψ) = 2.16e+01
26-02-06-45 Loss=-5.506786 | E0=-2.82131242+0.00747971j | E1=-1.40116330-0.00000001j|E2=-0.94615326-0.00000042j|E3=-0.33815720-0.29120593j
26-02-06-45 误差(Ha): e0=6.63e-02 | e1=2.23e-08 | e2=6.00e-03 | e3=4.65e-02
26-02-06-45 #-----------------------------------------#
26-02-06-45 [Step 136] logΨ: mean=12.936-0.497j | min=8.682-1.602j | max=13.854+2.006j
26-02-06-45 梯度监控 | raw=222.6300 | natural=0.2613 | clipped=0.2613(上限20.0) | t_grad=0ms t_qgt=2ms
26-02-06-45 冻结状态 | frozen_set=[1] | P_a/P=1137/1516 | QGT=1292769 | 本轮实际训练参数=1137
26-02-06-45 原始规范坐标 G(Re Σrow_mean) = +17.7521 | 累计|g| = 8.7082
26-02-06-45 Ψ矩阵条件数 cond(Ψ) = 2.06e+01
26-02-06-45 Loss=-5.462088 | E0=-2.83105708-0.00017034j | E1=-1.40116328+0.00000000j|E2=-0.94615434+0.00000070j|E3=-0.28371341-0.16866436j
26-02-06-45 误差(Ha): e0=5.65e-02 | e1=8.10e-10 | e2=6.00e-03 | e3=1.01e-01
26-02-06-45 #-----------------------------------------#
26-02-06-45 [Step 137] logΨ: mean=12.998+0.523j | min=9.602+1.889j | max=13.817+2.940j
26-02-06-45 梯度监控 | raw=154.0382 | natural=0.3277 | clipped=0.3277(上限20.0) | t_grad=0ms t_qgt=4ms
26-02-06-45 冻结状态 | frozen_set=[1] | P_a/P=1137/1516 | QGT=1292769 | 本轮实际训练参数=1137
26-02-06-45 原始规范坐标 G(Re Σrow_mean) = +18.4343 | 累计|g| = 8.7082
26-02-06-45 Ψ矩阵条件数 cond(Ψ) = 1.62e+01
26-02-06-45 Loss=-5.466212 | E0=-2.86114687+0.00143983j | E1=-1.40116327+0.00000001j|E2=-0.94615133-0.00000172j|E3=-0.25775014-0.14462253j
26-02-06-45 误差(Ha): e0=2.64e-02 | e1=3.78e-09 | e2=6.00e-03 | e3=1.27e-01
26-02-06-45 #-----------------------------------------#
26-02-06-45 [Step 138] logΨ: mean=13.073+0.496j | min=9.489-3.009j | max=13.785+2.670j
26-02-06-45 梯度监控 | raw=93.6075 | natural=0.1907 | clipped=0.1907(上限20.0) | t_grad=0ms t_qgt=4ms
26-02-06-45 冻结状态 | frozen_set=[1] | P_a/P=1137/1516 | QGT=1292769 | 本轮实际训练参数=1137
26-02-06-45 原始规范坐标 G(Re Σrow_mean) = +18.4708 | 累计|g| = 8.7082
26-02-06-45 Ψ矩阵条件数 cond(Ψ) = 1.51e+01
26-02-06-45 Loss=-5.437610 | E0=-2.84376090+0.00224862j | E1=-1.40116327-0.00000001j|E2=-0.94615666+0.00000119j|E3=-0.24652903-0.07397553j
26-02-06-45 误差(Ha): e0=4.38e-02 | e1=5.19e-09 | e2=5.99e-03 | e3=1.38e-01
26-02-06-45 #-----------------------------------------#
26-02-06-45 [Step 139] logΨ: mean=12.229+0.396j | min=7.871-2.913j | max=13.053+2.555j
26-02-06-45 梯度监控 | raw=107.3522 | natural=0.2200 | clipped=0.2200(上限20.0) | t_grad=1ms t_qgt=4ms
26-02-06-45 冻结状态 | frozen_set=[1] | P_a/P=1137/1516 | QGT=1292769 | 本轮实际训练参数=1137
26-02-06-45 原始规范坐标 G(Re Σrow_mean) = +18.1389 | 累计|g| = 8.7082
26-02-06-45 Ψ矩阵条件数 cond(Ψ) = 1.50e+01
26-02-06-45 Loss=-5.490227 | E0=-2.84415962+0.00165407j | E1=-1.40116329+0.00000001j|E2=-0.94615191+0.00000280j|E3=-0.29875257-0.09638103j
26-02-06-45 误差(Ha): e0=4.34e-02 | e1=1.65e-08 | e2=6.00e-03 | e3=8.59e-02
26-02-06-45 #-----------------------------------------#
26-02-06-45 [保存] Step 139 → pickle 文件已更新 (140 条记录)
26-02-06-45 [GaugeReset@140] 吸收 Δg = Σ Re(col_mean) = +18.1389 | 新|g| = 9.4955
26-02-06-45 [Step 140] logΨ: mean=9.964+0.566j | min=6.700+0.744j | max=10.697+2.625j
26-02-06-45 梯度监控 | raw=108.7840 | natural=0.0483 | clipped=0.0483(上限20.0) | t_grad=0ms t_qgt=4ms
26-02-06-45 冻结状态 | frozen_set=[1] | P_a/P=1137/1516 | QGT=1292769 | 本轮实际训练参数=1137
26-02-06-45 原始规范坐标 G(Re Σrow_mean) = +17.7081 | 累计|g| = 9.4955
26-02-06-45 Ψ矩阵条件数 cond(Ψ) = 2.16e+01
26-02-06-45 Loss=-5.475034 | E0=-2.85005080+0.00071140j | E1=-1.40116329+0.00000003j|E2=-0.94615801+0.00000359j|E3=-0.27766182-0.07353046j
26-02-06-45 误差(Ha): e0=3.75e-02 | e1=1.04e-08 | e2=5.99e-03 | e3=1.07e-01
26-02-06-45 #-----------------------------------------#
26-02-06-45 [Step 141] logΨ: mean=10.556+0.149j | min=7.879-0.582j | max=11.307+2.044j
26-02-06-45 梯度监控 | raw=60.6801 | natural=0.1086 | clipped=0.1086(上限20.0) | t_grad=0ms t_qgt=4ms
26-02-06-45 冻结状态 | frozen_set=[1] | P_a/P=1137/1516 | QGT=1292769 | 本轮实际训练参数=1137
26-02-06-45 原始规范坐标 G(Re Σrow_mean) = +18.0250 | 累计|g| = 9.4955
26-02-06-45 Ψ矩阵条件数 cond(Ψ) = 1.73e+01
26-02-06-45 Loss=-5.443494 | E0=-2.82526824+0.00305434j | E1=-1.40116326+0.00000000j|E2=-0.94615565+0.00000503j|E3=-0.27090684-0.06488086j
26-02-06-45 误差(Ha): e0=6.23e-02 | e1=1.51e-08 | e2=6.00e-03 | e3=1.14e-01
26-02-06-45 #-----------------------------------------#
26-02-06-45 [Step 142] logΨ: mean=9.498-0.714j | min=5.125+3.067j | max=10.255+0.924j
26-02-06-45 梯度监控 | raw=75.0080 | natural=0.4118 | clipped=0.4118(上限20.0) | t_grad=1ms t_qgt=4ms
26-02-06-45 冻结状态 | frozen_set=[1] | P_a/P=1137/1516 | QGT=1292769 | 本轮实际训练参数=1137
26-02-06-45 原始规范坐标 G(Re Σrow_mean) = +17.7123 | 累计|g| = 9.4955
26-02-06-45 Ψ矩阵条件数 cond(Ψ) = 1.26e+01
26-02-06-45 Loss=-5.485101 | E0=-2.85419157-0.00027593j | E1=-1.40116328-0.00000001j|E2=-0.94615284+0.00000387j|E3=-0.28359332-0.05834673j
26-02-06-45 误差(Ha): e0=3.34e-02 | e1=6.54e-09 | e2=6.00e-03 | e3=1.01e-01
26-02-06-45 #-----------------------------------------#
26-02-06-45 [Step 143] logΨ: mean=9.560+0.291j | min=6.173+2.927j | max=10.331+2.127j
26-02-06-45 梯度监控 | raw=70.8373 | natural=0.1623 | clipped=0.1623(上限20.0) | t_grad=0ms t_qgt=4ms
26-02-06-45 冻结状态 | frozen_set=[1] | P_a/P=1137/1516 | QGT=1292769 | 本轮实际训练参数=1137
26-02-06-45 原始规范坐标 G(Re Σrow_mean) = +17.7081 | 累计|g| = 9.4955
26-02-06-45 Ψ矩阵条件数 cond(Ψ) = 1.72e+01
26-02-06-45 Loss=-5.493865 | E0=-2.84911478+0.00030842j | E1=-1.40116327-0.00000001j|E2=-0.94614084+0.00001323j|E3=-0.29744615-0.04640613j
26-02-06-45 误差(Ha): e0=3.85e-02 | e1=8.79e-09 | e2=6.01e-03 | e3=8.72e-02
26-02-06-45 #-----------------------------------------#
26-02-06-45 [Step 144] logΨ: mean=9.699-0.403j | min=6.994-1.060j | max=10.450+1.458j
26-02-06-45 梯度监控 | raw=65.9902 | natural=0.1198 | clipped=0.1198(上限20.0) | t_grad=1ms t_qgt=4ms
26-02-06-45 冻结状态 | frozen_set=[1] | P_a/P=1137/1516 | QGT=1292769 | 本轮实际训练参数=1137
26-02-06-45 原始规范坐标 G(Re Σrow_mean) = +17.8116 | 累计|g| = 9.4955
26-02-06-45 Ψ矩阵条件数 cond(Ψ) = 1.88e+01
26-02-06-45 Loss=-5.510491 | E0=-2.85587485+0.00009931j | E1=-1.40116329+0.00000000j|E2=-0.94615700+0.00001192j|E3=-0.30729553-0.04187920j
26-02-06-45 误差(Ha): e0=3.17e-02 | e1=1.50e-08 | e2=5.99e-03 | e3=7.74e-02
26-02-06-45 #-----------------------------------------#
26-02-06-45 [Step 145] logΨ: mean=9.604-0.392j | min=5.586+0.232j | max=10.379+0.030j
26-02-06-45 梯度监控 | raw=57.8234 | natural=0.1914 | clipped=0.1914(上限20.0) | t_grad=0ms t_qgt=4ms
26-02-06-45 冻结状态 | frozen_set=[1] | P_a/P=1137/1516 | QGT=1292769 | 本轮实际训练参数=1137
26-02-06-45 原始规范坐标 G(Re Σrow_mean) = +17.9846 | 累计|g| = 9.4955
26-02-06-45 Ψ矩阵条件数 cond(Ψ) = 1.43e+01
26-02-06-45 Loss=-5.516784 | E0=-2.84292915+0.00139770j | E1=-1.40116329-0.00000001j|E2=-0.94614843+0.00001030j|E3=-0.32654298-0.05841392j
26-02-06-45 误差(Ha): e0=4.47e-02 | e1=1.59e-08 | e2=6.00e-03 | e3=5.81e-02
26-02-06-45 #-----------------------------------------#
26-02-06-45 [Step 146] logΨ: mean=8.603-0.466j | min=5.273+2.340j | max=9.349+1.178j
26-02-06-45 梯度监控 | raw=77.3830 | natural=0.2618 | clipped=0.2618(上限20.0) | t_grad=1ms t_qgt=4ms
26-02-06-45 冻结状态 | frozen_set=[1] | P_a/P=1137/1516 | QGT=1292769 | 本轮实际训练参数=1137
26-02-06-45 原始规范坐标 G(Re Σrow_mean) = +17.5940 | 累计|g| = 9.4955
26-02-06-45 Ψ矩阵条件数 cond(Ψ) = 1.36e+01
26-02-06-45 Loss=-5.502454 | E0=-2.83579365-0.00051525j | E1=-1.40116328+0.00000001j|E2=-0.94614746+0.00000332j|E3=-0.31934989-0.05223719j
26-02-06-45 误差(Ha): e0=5.18e-02 | e1=2.44e-10 | e2=6.00e-03 | e3=6.53e-02
26-02-06-45 #-----------------------------------------#
26-02-06-45 [Step 147] logΨ: mean=7.425-0.044j | min=3.752+1.074j | max=8.186+1.297j
26-02-06-45 梯度监控 | raw=64.5781 | natural=0.1301 | clipped=0.1301(上限20.0) | t_grad=0ms t_qgt=4ms
26-02-06-45 冻结状态 | frozen_set=[1] | P_a/P=1137/1516 | QGT=1292769 | 本轮实际训练参数=1137
26-02-06-45 原始规范坐标 G(Re Σrow_mean) = +17.1116 | 累计|g| = 9.4955
26-02-06-45 Ψ矩阵条件数 cond(Ψ) = 1.40e+01
26-02-06-45 Loss=-5.518501 | E0=-2.84481885+0.00009814j | E1=-1.40116326-0.00000001j|E2=-0.94616428+0.00000739j|E3=-0.32635426-0.04164173j
26-02-06-45 误差(Ha): e0=4.28e-02 | e1=1.72e-08 | e2=5.99e-03 | e3=5.83e-02
26-02-06-45 #-----------------------------------------#
26-02-06-45 [Step 148] logΨ: mean=7.450-0.052j | min=5.901-2.521j | max=8.167+1.303j
26-02-06-45 梯度监控 | raw=44.2302 | natural=0.0028 | clipped=0.0028(上限20.0) | t_grad=0ms t_qgt=4ms
26-02-06-45 冻结状态 | frozen_set=[1] | P_a/P=1137/1516 | QGT=1292769 | 本轮实际训练参数=1137
26-02-06-45 原始规范坐标 G(Re Σrow_mean) = +17.1286 | 累计|g| = 9.4955
26-02-06-45 Ψ矩阵条件数 cond(Ψ) = 1.41e+01
26-02-06-45 Loss=-5.526204 | E0=-2.85972212-0.00041923j | E1=-1.40116327+0.00000001j|E2=-0.94618434-0.00000578j|E3=-0.31913381-0.03853660j
26-02-06-45 误差(Ha): e0=2.79e-02 | e1=5.10e-09 | e2=5.97e-03 | e3=6.56e-02
26-02-06-45 #-----------------------------------------#
26-02-06-45 [Step 149] logΨ: mean=6.711-0.107j | min=2.340+1.522j | max=7.453+1.115j
26-02-06-45 梯度监控 | raw=42.1344 | natural=0.1239 | clipped=0.1239(上限20.0) | t_grad=0ms t_qgt=4ms
26-02-06-45 冻结状态 | frozen_set=[1] | P_a/P=1137/1516 | QGT=1292769 | 本轮实际训练参数=1137
26-02-06-45 原始规范坐标 G(Re Σrow_mean) = +16.9164 | 累计|g| = 9.4955
26-02-06-45 Ψ矩阵条件数 cond(Ψ) = 1.42e+01
26-02-06-45 Loss=-5.518535 | E0=-2.85452108-0.00022098j | E1=-1.40116328-0.00000001j|E2=-0.94618556-0.00000655j|E3=-0.31666535-0.03467875j
26-02-06-45 误差(Ha): e0=3.31e-02 | e1=4.84e-09 | e2=5.97e-03 | e3=6.80e-02
26-02-06-45 #-----------------------------------------#
26-02-06-45 [GaugeReset@150] 吸收 Δg = Σ Re(col_mean) = +16.9164 | 新|g| = 8.9258
26-02-06-45 [Step 150] logΨ: mean=7.859+0.439j | min=3.466+0.094j | max=8.565+1.652j
26-02-06-45 梯度监控 | raw=39.0139 | natural=0.0120 | clipped=0.0120(上限20.0) | t_grad=0ms t_qgt=4ms
26-02-06-45 冻结状态 | frozen_set=[1] | P_a/P=1137/1516 | QGT=1292769 | 本轮实际训练参数=1137
26-02-06-45 原始规范坐标 G(Re Σrow_mean) = +16.8934 | 累计|g| = 8.9258
26-02-06-45 Ψ矩阵条件数 cond(Ψ) = 1.53e+01
26-02-06-45 Loss=-5.514972 | E0=-2.85304299-0.00053748j | E1=-1.40116323-0.00000003j|E2=-0.94622288-0.00003108j|E3=-0.31454301-0.03293376j
26-02-06-45 误差(Ha): e0=3.46e-02 | e1=4.33e-08 | e2=5.93e-03 | e3=7.01e-02
26-02-06-45 #-----------------------------------------#
26-02-06-45 [Step 151] logΨ: mean=7.324-0.637j | min=3.529-1.674j | max=8.064+0.733j
26-02-06-45 梯度监控 | raw=33.7559 | natural=0.1531 | clipped=0.1531(上限20.0) | t_grad=0ms t_qgt=4ms
26-02-06-45 冻结状态 | frozen_set=[1] | P_a/P=1137/1516 | QGT=1292769 | 本轮实际训练参数=1137
26-02-06-45 原始规范坐标 G(Re Σrow_mean) = +16.8499 | 累计|g| = 8.9258
26-02-06-45 Ψ矩阵条件数 cond(Ψ) = 1.32e+01
26-02-06-45 Loss=-5.511168 | E0=-2.84947975+0.00028579j | E1=-1.40116327-0.00000001j|E2=-0.94622405-0.00003074j|E3=-0.31430131-0.02921353j
26-02-06-45 误差(Ha): e0=3.81e-02 | e1=4.45e-09 | e2=5.93e-03 | e3=7.04e-02
26-02-06-45 #-----------------------------------------#
26-02-06-45 [Step 152] logΨ: mean=9.149-1.425j | min=4.462-0.787j | max=9.806+0.654j
26-02-06-45 梯度监控 | raw=51.7110 | natural=0.4428 | clipped=0.4428(上限20.0) | t_grad=1ms t_qgt=4ms
26-02-06-45 冻结状态 | frozen_set=[1] | P_a/P=1137/1516 | QGT=1292769 | 本轮实际训练参数=1137
26-02-06-45 原始规范坐标 G(Re Σrow_mean) = +17.1333 | 累计|g| = 8.9258
26-02-06-45 Ψ矩阵条件数 cond(Ψ) = 2.10e+01
26-02-06-45 Loss=-5.509719 | E0=-2.85974360+0.00042079j | E1=-1.40116327-0.00000002j|E2=-0.94622016-0.00016491j|E3=-0.30259235-0.04580096j
26-02-06-45 误差(Ha): e0=2.79e-02 | e1=2.44e-09 | e2=5.93e-03 | e3=8.21e-02
26-02-06-45 #-----------------------------------------#
26-02-06-45 [Step 153] logΨ: mean=9.456-1.580j | min=6.455+0.067j | max=10.108+0.656j
26-02-06-45 梯度监控 | raw=38.4208 | natural=0.0741 | clipped=0.0741(上限20.0) | t_grad=0ms t_qgt=4ms
26-02-06-45 冻结状态 | frozen_set=[1] | P_a/P=1137/1516 | QGT=1292769 | 本轮实际训练参数=1137
26-02-06-45 原始规范坐标 G(Re Σrow_mean) = +17.1795 | 累计|g| = 8.9258
26-02-06-45 Ψ矩阵条件数 cond(Ψ) = 2.49e+01
26-02-06-45 Loss=-5.496891 | E0=-2.84444229+0.00426916j | E1=-1.40116327+0.00000001j|E2=-0.94613271+0.00005788j|E3=-0.30515299-0.01885374j
26-02-06-45 误差(Ha): e0=4.32e-02 | e1=8.63e-09 | e2=6.02e-03 | e3=7.95e-02
26-02-06-45 #-----------------------------------------#
26-02-06-45 [Step 154] logΨ: mean=10.163+1.548j | min=6.992+2.433j | max=10.860+2.950j
26-02-06-45 梯度监控 | raw=32.3156 | natural=0.2790 | clipped=0.2790(上限20.0) | t_grad=0ms t_qgt=4ms
26-02-06-45 冻结状态 | frozen_set=[1] | P_a/P=1137/1516 | QGT=1292769 | 本轮实际训练参数=1137
26-02-06-45 原始规范坐标 G(Re Σrow_mean) = +17.2915 | 累计|g| = 8.9258
26-02-06-45 Ψ矩阵条件数 cond(Ψ) = 2.67e+01
26-02-06-45 Loss=-5.489329 | E0=-2.83227049+0.00257865j | E1=-1.40116328-0.00000000j|E2=-0.94612912+0.00005007j|E3=-0.30976594-0.01761213j
26-02-06-45 误差(Ha): e0=5.53e-02 | e1=1.75e-09 | e2=6.02e-03 | e3=7.49e-02
26-02-06-45 #-----------------------------------------#
26-02-06-45 [Step 155] logΨ: mean=9.830-0.218j | min=4.785-2.757j | max=10.485+1.422j
26-02-06-45 梯度监控 | raw=25.9075 | natural=0.2950 | clipped=0.2950(上限20.0) | t_grad=1ms t_qgt=4ms
26-02-06-45 冻结状态 | frozen_set=[1] | P_a/P=1137/1516 | QGT=1292769 | 本轮实际训练参数=1137
26-02-06-45 原始规范坐标 G(Re Σrow_mean) = +17.2681 | 累计|g| = 8.9258
26-02-06-45 Ψ矩阵条件数 cond(Ψ) = 2.55e+01
26-02-06-45 Loss=-5.482551 | E0=-2.83247935+0.00146441j | E1=-1.40116328-0.00000000j|E2=-0.94613194+0.00004398j|E3=-0.30277678-0.01441332j
26-02-06-45 误差(Ha): e0=5.51e-02 | e1=1.40e-10 | e2=6.02e-03 | e3=8.19e-02
26-02-06-45 #-----------------------------------------#
26-02-06-45 [Step 156] logΨ: mean=8.794-0.831j | min=3.276+0.144j | max=9.477+0.857j
26-02-06-45 梯度监控 | raw=33.6535 | natural=0.3276 | clipped=0.3276(上限20.0) | t_grad=0ms t_qgt=5ms
26-02-06-45 冻结状态 | frozen_set=[1] | P_a/P=1137/1516 | QGT=1292769 | 本轮实际训练参数=1137
26-02-06-45 原始规范坐标 G(Re Σrow_mean) = +17.0846 | 累计|g| = 8.9258
26-02-06-45 Ψ矩阵条件数 cond(Ψ) = 2.12e+01
26-02-06-45 Loss=-5.490661 | E0=-2.83347207+0.00387245j | E1=-1.40116330-0.00000001j|E2=-0.94613742+0.00003654j|E3=-0.30988783-0.01584629j
26-02-06-45 误差(Ha): e0=5.41e-02 | e1=1.93e-08 | e2=6.01e-03 | e3=7.48e-02
26-02-06-45 #-----------------------------------------#
26-02-06-45 [Step 157] logΨ: mean=10.151-0.676j | min=6.103+0.148j | max=10.953+0.790j
26-02-06-45 梯度监控 | raw=24.5787 | natural=0.3561 | clipped=0.3561(上限20.0) | t_grad=0ms t_qgt=4ms
26-02-06-45 冻结状态 | frozen_set=[1] | P_a/P=1137/1516 | QGT=1292769 | 本轮实际训练参数=1137
26-02-06-45 原始规范坐标 G(Re Σrow_mean) = +17.4804 | 累计|g| = 8.9258
26-02-06-45 Ψ矩阵条件数 cond(Ψ) = 1.84e+01
26-02-06-45 Loss=-5.499960 | E0=-2.85199151+0.00145281j | E1=-1.40116327+0.00000002j|E2=-0.94613464+0.00001821j|E3=-0.30067025-0.01348526j
26-02-06-45 误差(Ha): e0=3.56e-02 | e1=9.25e-09 | e2=6.02e-03 | e3=8.40e-02
26-02-06-45 #-----------------------------------------#
26-02-06-45 [Step 158] logΨ: mean=10.501-0.321j | min=6.281-2.631j | max=11.137+1.140j
26-02-06-45 梯度监控 | raw=31.9070 | natural=0.1960 | clipped=0.1960(上限20.0) | t_grad=0ms t_qgt=4ms
26-02-06-45 冻结状态 | frozen_set=[1] | P_a/P=1137/1516 | QGT=1292769 | 本轮实际训练参数=1137
26-02-06-45 原始规范坐标 G(Re Σrow_mean) = +17.6338 | 累计|g| = 8.9258
26-02-06-45 Ψ矩阵条件数 cond(Ψ) = 2.00e+01
26-02-06-45 Loss=-5.483430 | E0=-2.85446630+0.00203483j | E1=-1.40116327+0.00000001j|E2=-0.94613336+0.00003645j|E3=-0.28166699-0.02426794j
26-02-06-45 误差(Ha): e0=3.31e-02 | e1=6.83e-09 | e2=6.02e-03 | e3=1.03e-01
26-02-06-45 #-----------------------------------------#
26-02-06-45 [Step 159] logΨ: mean=9.663-0.774j | min=4.834+3.140j | max=10.405+0.725j
26-02-06-45 梯度监控 | raw=25.9114 | natural=0.3491 | clipped=0.3491(上限20.0) | t_grad=0ms t_qgt=4ms
26-02-06-45 冻结状态 | frozen_set=[1] | P_a/P=1137/1516 | QGT=1292769 | 本轮实际训练参数=1137
26-02-06-45 原始规范坐标 G(Re Σrow_mean) = +17.2799 | 累计|g| = 8.9258
26-02-06-45 Ψ矩阵条件数 cond(Ψ) = 1.95e+01
26-02-06-45 Loss=-5.484927 | E0=-2.85888439+0.00210775j | E1=-1.40116330-0.00000000j|E2=-0.94613690+0.00003120j|E3=-0.27874222-0.02397947j
26-02-06-45 误差(Ha): e0=2.87e-02 | e1=2.61e-08 | e2=6.01e-03 | e3=1.06e-01
26-02-06-45 #-----------------------------------------#
26-02-06-45 [保存] Step 159 → pickle 文件已更新 (160 条记录)
26-02-06-45 [GaugeReset@160] 吸收 Δg = Σ Re(col_mean) = +17.2799 | 新|g| = 8.8840
26-02-06-45 [Step 160] logΨ: mean=9.469-0.661j | min=5.404-1.739j | max=10.310+0.863j
26-02-06-45 梯度监控 | raw=23.2003 | natural=0.2731 | clipped=0.2731(上限20.0) | t_grad=0ms t_qgt=4ms
26-02-06-45 冻结状态 | frozen_set=[1] | P_a/P=1137/1516 | QGT=1292769 | 本轮实际训练参数=1137
26-02-06-45 原始规范坐标 G(Re Σrow_mean) = +17.3749 | 累计|g| = 8.8840
26-02-06-45 Ψ矩阵条件数 cond(Ψ) = 1.22e+01
26-02-06-45 Loss=-5.516795 | E0=-2.84097479+0.00081211j | E1=-1.40116328+0.00000001j|E2=-0.94612643+0.00002885j|E3=-0.32853049-0.02947890j
26-02-06-45 误差(Ha): e0=4.66e-02 | e1=6.24e-09 | e2=6.02e-03 | e3=5.62e-02
26-02-06-45 #-----------------------------------------#
26-02-06-45 [Step 161] logΨ: mean=8.901-0.607j | min=4.676-1.606j | max=9.561+0.927j
26-02-06-45 梯度监控 | raw=39.7181 | natural=0.0838 | clipped=0.0838(上限20.0) | t_grad=0ms t_qgt=4ms
26-02-06-45 冻结状态 | frozen_set=[1] | P_a/P=1137/1516 | QGT=1292769 | 本轮实际训练参数=1137
26-02-06-45 原始规范坐标 G(Re Σrow_mean) = +17.1191 | 累计|g| = 8.8840
26-02-06-45 Ψ矩阵条件数 cond(Ψ) = 1.32e+01
26-02-06-45 Loss=-5.508656 | E0=-2.85995832+0.00155088j | E1=-1.40116324+0.00000002j|E2=-0.94614376+0.00002907j|E3=-0.30139084-0.04182168j
26-02-06-45 误差(Ha): e0=2.76e-02 | e1=3.27e-08 | e2=6.01e-03 | e3=8.33e-02
26-02-06-45 #-----------------------------------------#
26-02-06-45 [Step 162] logΨ: mean=9.345-0.063j | min=6.434-3.056j | max=10.084+1.474j
26-02-06-45 梯度监控 | raw=33.5994 | natural=0.2531 | clipped=0.2531(上限20.0) | t_grad=0ms t_qgt=4ms
26-02-06-45 冻结状态 | frozen_set=[1] | P_a/P=1137/1516 | QGT=1292769 | 本轮实际训练参数=1137
26-02-06-45 原始规范坐标 G(Re Σrow_mean) = +17.1074 | 累计|g| = 8.8840
26-02-06-45 Ψ矩阵条件数 cond(Ψ) = 1.38e+01
26-02-06-45 Loss=-5.510228 | E0=-2.84806361+0.00300809j | E1=-1.40116327-0.00000002j|E2=-0.94613817+0.00003670j|E3=-0.31486247-0.03984289j
26-02-06-45 误差(Ha): e0=3.95e-02 | e1=2.72e-09 | e2=6.01e-03 | e3=6.98e-02
26-02-06-45 #-----------------------------------------#
26-02-06-45 [Step 163] logΨ: mean=8.632-0.428j | min=0.862-2.986j | max=9.494+0.622j
26-02-06-45 梯度监控 | raw=23.8920 | natural=1.1162 | clipped=1.1162(上限20.0) | t_grad=1ms t_qgt=4ms
26-02-06-45 冻结状态 | frozen_set=[1] | P_a/P=1137/1516 | QGT=1292769 | 本轮实际训练参数=1137
26-02-06-45 原始规范坐标 G(Re Σrow_mean) = +16.8257 | 累计|g| = 8.8840
26-02-06-45 Ψ矩阵条件数 cond(Ψ) = 1.46e+01
26-02-06-45 Loss=-5.525688 | E0=-2.86156075-0.01859243j | E1=-1.40073524+0.00006969j|E2=-0.94589248+0.00013917j|E3=-0.31749994-0.03697905j
26-02-06-45 误差(Ha): e0=2.60e-02 | e1=4.28e-04 | e2=6.26e-03 | e3=6.72e-02
26-02-06-45 #-----------------------------------------#
26-02-06-45 [Step 164] logΨ: mean=8.525-0.754j | min=4.893+2.000j | max=9.216+0.799j
26-02-06-45 梯度监控 | raw=41.3187 | natural=0.1176 | clipped=0.1176(上限20.0) | t_grad=1ms t_qgt=5ms
26-02-06-45 冻结状态 | frozen_set=[1] | P_a/P=1137/1516 | QGT=1292769 | 本轮实际训练参数=1137
26-02-06-45 原始规范坐标 G(Re Σrow_mean) = +16.8371 | 累计|g| = 8.8840
26-02-06-45 Ψ矩阵条件数 cond(Ψ) = 1.39e+01
26-02-06-45 Loss=-5.505153 | E0=-2.85269110+0.00310422j | E1=-1.40116326+0.00000002j|E2=-0.94613618+0.00002445j|E3=-0.30516230-0.04112667j
26-02-06-45 误差(Ha): e0=3.49e-02 | e1=1.99e-08 | e2=6.01e-03 | e3=7.95e-02
26-02-06-45 #-----------------------------------------#
26-02-06-45 [Step 165] logΨ: mean=9.904-0.456j | min=6.903+1.594j | max=10.577+0.608j
26-02-06-45 梯度监控 | raw=39.3479 | natural=0.2259 | clipped=0.2259(上限20.0) | t_grad=0ms t_qgt=4ms
26-02-06-45 冻结状态 | frozen_set=[1] | P_a/P=1137/1516 | QGT=1292769 | 本轮实际训练参数=1137
26-02-06-45 原始规范坐标 G(Re Σrow_mean) = +17.1684 | 累计|g| = 8.8840
26-02-06-45 Ψ矩阵条件数 cond(Ψ) = 1.68e+01
26-02-06-45 Loss=-5.498489 | E0=-2.85214864+0.00177508j | E1=-1.40116328+0.00000001j|E2=-0.94612963+0.00002213j|E3=-0.29904732-0.03821610j
26-02-06-45 误差(Ha): e0=3.54e-02 | e1=3.80e-09 | e2=6.02e-03 | e3=8.56e-02
26-02-06-45 #-----------------------------------------#
26-02-06-45 [Step 166] logΨ: mean=10.183-1.128j | min=6.450-1.184j | max=10.855+0.750j
26-02-06-45 梯度监控 | raw=38.6458 | natural=0.0992 | clipped=0.0992(上限20.0) | t_grad=1ms t_qgt=4ms
26-02-06-45 冻结状态 | frozen_set=[1] | P_a/P=1137/1516 | QGT=1292769 | 本轮实际训练参数=1137
26-02-06-45 原始规范坐标 G(Re Σrow_mean) = +17.2674 | 累计|g| = 8.8840
26-02-06-45 Ψ矩阵条件数 cond(Ψ) = 1.75e+01
26-02-06-45 Loss=-5.503665 | E0=-2.85895317+0.00224019j | E1=-1.40116324-0.00000000j|E2=-0.94614396+0.00001439j|E3=-0.29740424-0.03746069j
26-02-06-45 误差(Ha): e0=2.86e-02 | e1=3.68e-08 | e2=6.01e-03 | e3=8.73e-02
26-02-06-45 #-----------------------------------------#
26-02-06-45 [Step 167] logΨ: mean=9.701-0.583j | min=6.084+0.495j | max=10.451+0.633j
26-02-06-45 梯度监控 | raw=46.0386 | natural=0.2156 | clipped=0.2156(上限20.0) | t_grad=0ms t_qgt=4ms
26-02-06-45 冻结状态 | frozen_set=[1] | P_a/P=1137/1516 | QGT=1292769 | 本轮实际训练参数=1137
26-02-06-45 原始规范坐标 G(Re Σrow_mean) = +17.0432 | 累计|g| = 8.8840
26-02-06-45 Ψ矩阵条件数 cond(Ψ) = 1.78e+01
26-02-06-45 Loss=-5.519611 | E0=-2.85372861+0.00246499j | E1=-1.40116326-0.00000002j|E2=-0.94614376+0.00001387j|E3=-0.31857553-0.02861950j
26-02-06-45 误差(Ha): e0=3.39e-02 | e1=1.79e-08 | e2=6.01e-03 | e3=6.61e-02
26-02-06-45 #-----------------------------------------#
26-02-06-45 [Step 168] logΨ: mean=9.930-0.012j | min=5.199-2.047j | max=10.692+1.580j
26-02-06-45 梯度监控 | raw=36.1546 | natural=0.4047 | clipped=0.4047(上限20.0) | t_grad=0ms t_qgt=4ms
26-02-06-45 冻结状态 | frozen_set=[1] | P_a/P=1137/1516 | QGT=1292769 | 本轮实际训练参数=1137
26-02-06-45 原始规范坐标 G(Re Σrow_mean) = +17.0284 | 累计|g| = 8.8840
26-02-06-45 Ψ矩阵条件数 cond(Ψ) = 1.77e+01
26-02-06-45 Loss=-5.504938 | E0=-2.83369789-0.00611012j | E1=-1.40116325+0.00000002j|E2=-0.94614543+0.00001336j|E3=-0.32393159-0.03157039j
26-02-06-45 误差(Ha): e0=5.39e-02 | e1=2.35e-08 | e2=6.01e-03 | e3=6.08e-02
26-02-06-45 #-----------------------------------------#
26-02-06-45 [Step 169] logΨ: mean=10.237+0.135j | min=5.303-1.786j | max=10.940+1.717j
26-02-06-45 梯度监控 | raw=35.5748 | natural=0.3401 | clipped=0.3401(上限20.0) | t_grad=0ms t_qgt=4ms
26-02-06-45 冻结状态 | frozen_set=[1] | P_a/P=1137/1516 | QGT=1292769 | 本轮实际训练参数=1137
26-02-06-45 原始规范坐标 G(Re Σrow_mean) = +17.2925 | 累计|g| = 8.8840
26-02-06-45 Ψ矩阵条件数 cond(Ψ) = 1.69e+01
26-02-06-45 Loss=-5.474610 | E0=-2.83436610+0.00161663j | E1=-1.40116327-0.00000001j|E2=-0.94614352+0.00000729j|E3=-0.29293678-0.02837364j
26-02-06-45 误差(Ha): e0=5.32e-02 | e1=6.17e-09 | e2=6.01e-03 | e3=9.18e-02
26-02-06-45 #-----------------------------------------#
26-02-06-45 [GaugeReset@170] 吸收 Δg = Σ Re(col_mean) = +17.2925 | 新|g| = 8.9180
26-02-06-45 [Step 170] logΨ: mean=10.291+0.660j | min=8.878-1.675j | max=10.924+2.234j
26-02-06-45 梯度监控 | raw=29.2459 | natural=0.0049 | clipped=0.0049(上限20.0) | t_grad=1ms t_qgt=4ms
26-02-06-45 冻结状态 | frozen_set=[1] | P_a/P=1137/1516 | QGT=1292769 | 本轮实际训练参数=1137
26-02-06-45 原始规范坐标 G(Re Σrow_mean) = +17.3567 | 累计|g| = 8.9180
26-02-06-45 Ψ矩阵条件数 cond(Ψ) = 1.60e+01
26-02-06-45 Loss=-5.494184 | E0=-2.86240118+0.00146246j | E1=-1.40116327+0.00000002j|E2=-0.94614036+0.00000801j|E3=-0.28447897-0.02740600j
26-02-06-45 误差(Ha): e0=2.52e-02 | e1=2.18e-09 | e2=6.01e-03 | e3=1.00e-01
26-02-06-45 #-----------------------------------------#
26-02-06-45 [Step 171] logΨ: mean=10.293+1.221j | min=5.892-0.816j | max=11.064+2.860j
26-02-06-45 梯度监控 | raw=39.3702 | natural=0.2666 | clipped=0.2666(上限20.0) | t_grad=0ms t_qgt=4ms
26-02-06-45 冻结状态 | frozen_set=[1] | P_a/P=1137/1516 | QGT=1292769 | 本轮实际训练参数=1137
26-02-06-45 原始规范坐标 G(Re Σrow_mean) = +17.2882 | 累计|g| = 8.9180
26-02-06-45 Ψ矩阵条件数 cond(Ψ) = 3.33e+01
26-02-06-45 Loss=-5.525074 | E0=-2.85151863+0.00135452j | E1=-1.40116328+0.00000001j|E2=-0.94614104+0.00000771j|E3=-0.32625059-0.02244125j
26-02-06-45 误差(Ha): e0=3.61e-02 | e1=7.38e-11 | e2=6.01e-03 | e3=5.84e-02
26-02-06-45 #-----------------------------------------#
26-02-06-45 [Step 172] logΨ: mean=10.015-1.180j | min=5.748+0.046j | max=11.016+0.073j
26-02-06-45 梯度监控 | raw=41.8569 | natural=0.3317 | clipped=0.3317(上限20.0) | t_grad=0ms t_qgt=4ms
26-02-06-45 冻结状态 | frozen_set=[1] | P_a/P=1137/1516 | QGT=1292769 | 本轮实际训练参数=1137
26-02-06-45 原始规范坐标 G(Re Σrow_mean) = +17.0938 | 累计|g| = 8.9180
26-02-06-45 Ψ矩阵条件数 cond(Ψ) = 1.32e+01
26-02-06-45 Loss=-5.572021 | E0=-2.87158243+0.00151751j | E1=-1.40116330+0.00000001j|E2=-0.94614701+0.00000455j|E3=-0.35312779-0.02136576j
26-02-06-45 误差(Ha): e0=1.60e-02 | e1=2.15e-08 | e2=6.00e-03 | e3=3.16e-02
26-02-06-45 #-----------------------------------------#
26-02-06-45 [Step 173] logΨ: mean=10.205-0.902j | min=5.495+0.331j | max=11.064+1.426j
26-02-06-45 梯度监控 | raw=33.6287 | natural=0.4653 | clipped=0.4653(上限20.0) | t_grad=0ms t_qgt=4ms
26-02-06-45 冻结状态 | frozen_set=[1] | P_a/P=1137/1516 | QGT=1292769 | 本轮实际训练参数=1137
26-02-06-45 原始规范坐标 G(Re Σrow_mean) = +17.2237 | 累计|g| = 8.9180
26-02-06-45 Ψ矩阵条件数 cond(Ψ) = 1.29e+01
26-02-06-45 Loss=-5.427058 | E0=-2.80591101-0.00577882j | E1=-1.40116327-0.00000001j|E2=-0.94615409+0.00000526j|E3=-0.27382969-0.06466209j
26-02-06-45 误差(Ha): e0=8.17e-02 | e1=4.13e-09 | e2=6.00e-03 | e3=1.11e-01
26-02-06-45 #-----------------------------------------#
26-02-06-45 [Step 174] logΨ: mean=10.151-0.425j | min=5.921+0.510j | max=10.920+1.722j
26-02-06-45 梯度监控 | raw=37.2699 | natural=0.1330 | clipped=0.1330(上限20.0) | t_grad=0ms t_qgt=4ms
26-02-06-45 冻结状态 | frozen_set=[1] | P_a/P=1137/1516 | QGT=1292769 | 本轮实际训练参数=1137
26-02-06-45 原始规范坐标 G(Re Σrow_mean) = +17.2968 | 累计|g| = 8.9180
26-02-06-45 Ψ矩阵条件数 cond(Ψ) = 1.17e+01
26-02-06-45 Loss=-5.433587 | E0=-2.84118385+0.00107108j | E1=-1.40116332-0.00000000j|E2=-0.94616125+0.00000853j|E3=-0.24507858-0.06354803j
26-02-06-45 误差(Ha): e0=4.64e-02 | e1=4.13e-08 | e2=5.99e-03 | e3=1.40e-01
26-02-06-45 #-----------------------------------------#
26-02-06-45 [Step 175] logΨ: mean=10.476+0.400j | min=5.889-1.019j | max=11.360+2.466j
26-02-06-45 梯度监控 | raw=56.4272 | natural=0.2990 | clipped=0.2990(上限20.0) | t_grad=0ms t_qgt=3ms
26-02-06-45 冻结状态 | frozen_set=[1] | P_a/P=1137/1516 | QGT=1292769 | 本轮实际训练参数=1137
26-02-06-45 原始规范坐标 G(Re Σrow_mean) = +17.3144 | 累计|g| = 8.9180
26-02-06-45 Ψ矩阵条件数 cond(Ψ) = 1.34e+01
26-02-06-45 Loss=-5.423785 | E0=-2.79894313+0.00210368j | E1=-1.40116327+0.00000001j|E2=-0.94615995+0.00000935j|E3=-0.27751882-0.07221277j
26-02-06-45 误差(Ha): e0=8.87e-02 | e1=5.28e-09 | e2=5.99e-03 | e3=1.07e-01
26-02-06-45 #-----------------------------------------#
26-02-06-45 [Step 176] logΨ: mean=10.423+0.999j | min=8.284-2.505j | max=11.177+3.044j
26-02-06-45 梯度监控 | raw=45.7299 | natural=0.0455 | clipped=0.0455(上限20.0) | t_grad=0ms t_qgt=4ms
26-02-06-45 冻结状态 | frozen_set=[1] | P_a/P=1137/1516 | QGT=1292769 | 本轮实际训练参数=1137
26-02-06-45 原始规范坐标 G(Re Σrow_mean) = +17.2539 | 累计|g| = 8.9180
26-02-06-45 Ψ矩阵条件数 cond(Ψ) = 1.45e+01
26-02-06-45 Loss=-5.449633 | E0=-2.85627009+0.00155496j | E1=-1.40116326-0.00000001j|E2=-0.94615446+0.00000835j|E3=-0.24604517-0.06768292j
26-02-06-45 误差(Ha): e0=3.13e-02 | e1=1.80e-08 | e2=6.00e-03 | e3=1.39e-01
26-02-06-45 #-----------------------------------------#
26-02-06-45 [Step 177] logΨ: mean=9.477-0.493j | min=5.568+1.098j | max=10.220+1.536j
26-02-06-45 梯度监控 | raw=34.7948 | natural=0.2723 | clipped=0.2723(上限20.0) | t_grad=1ms t_qgt=4ms
26-02-06-45 冻结状态 | frozen_set=[1] | P_a/P=1137/1516 | QGT=1292769 | 本轮实际训练参数=1137
26-02-06-45 原始规范坐标 G(Re Σrow_mean) = +17.1891 | 累计|g| = 8.9180
26-02-06-45 Ψ矩阵条件数 cond(Ψ) = 1.20e+01
26-02-06-45 Loss=-5.424514 | E0=-2.83399667+0.00061257j | E1=-1.40116324+0.00000000j|E2=-0.94615088+0.00000775j|E3=-0.24320355-0.06459469j
26-02-06-45 误差(Ha): e0=5.36e-02 | e1=3.73e-08 | e2=6.00e-03 | e3=1.41e-01
26-02-06-45 #-----------------------------------------#
26-02-06-45 [Step 178] logΨ: mean=9.529+0.188j | min=5.981-2.330j | max=10.240+2.257j
26-02-06-45 梯度监控 | raw=32.7113 | natural=0.1556 | clipped=0.1556(上限20.0) | t_grad=0ms t_qgt=4ms
26-02-06-45 冻结状态 | frozen_set=[1] | P_a/P=1137/1516 | QGT=1292769 | 本轮实际训练参数=1137
26-02-06-45 原始规范坐标 G(Re Σrow_mean) = +17.1970 | 累计|g| = 8.9180
26-02-06-45 Ψ矩阵条件数 cond(Ψ) = 1.24e+01
26-02-06-45 Loss=-5.445961 | E0=-2.85451583+0.00125070j | E1=-1.40116324+0.00000001j|E2=-0.94615581+0.00000254j|E3=-0.24412583-0.06028835j
26-02-06-45 误差(Ha): e0=3.31e-02 | e1=3.33e-08 | e2=6.00e-03 | e3=1.41e-01
26-02-06-45 #-----------------------------------------#
26-02-06-45 [Step 179] logΨ: mean=8.076-0.402j | min=4.486+0.411j | max=8.926+0.768j
26-02-06-45 梯度监控 | raw=33.6063 | natural=0.2084 | clipped=0.2084(上限20.0) | t_grad=0ms t_qgt=4ms
26-02-06-45 冻结状态 | frozen_set=[1] | P_a/P=1137/1516 | QGT=1292769 | 本轮实际训练参数=1137
26-02-06-45 原始规范坐标 G(Re Σrow_mean) = +16.7853 | 累计|g| = 8.9180
26-02-06-45 Ψ矩阵条件数 cond(Ψ) = 9.97e+00
26-02-06-45 Loss=-5.476437 | E0=-2.84322672+0.00207931j | E1=-1.40116328+0.00000001j|E2=-0.94615249+0.00000509j|E3=-0.28589471-0.06053608j
26-02-06-45 误差(Ha): e0=4.44e-02 | e1=6.15e-09 | e2=6.00e-03 | e3=9.88e-02
26-02-06-45 #-----------------------------------------#
26-02-06-45 [保存] Step 179 → pickle 文件已更新 (180 条记录)
26-02-06-45 [GaugeReset@180] 吸收 Δg = Σ Re(col_mean) = +16.7853 | 新|g| = 8.6710
26-02-06-45 [Step 180] logΨ: mean=8.391-0.975j | min=5.256+0.788j | max=9.230+0.341j
26-02-06-45 梯度监控 | raw=38.9607 | natural=0.1515 | clipped=0.1515(上限20.0) | t_grad=1ms t_qgt=5ms
26-02-06-45 冻结状态 | frozen_set=[1] | P_a/P=1137/1516 | QGT=1292769 | 本轮实际训练参数=1137
26-02-06-45 原始规范坐标 G(Re Σrow_mean) = +16.7340 | 累计|g| = 8.6710
26-02-06-45 Ψ矩阵条件数 cond(Ψ) = 1.02e+01
26-02-06-45 Loss=-5.506330 | E0=-2.85710170+0.00110712j | E1=-1.40116328+0.00000000j|E2=-0.94615000-0.00001973j|E3=-0.30191493-0.05678701j
26-02-06-45 误差(Ha): e0=3.05e-02 | e1=3.15e-09 | e2=6.00e-03 | e3=8.28e-02
26-02-06-45 #-----------------------------------------#
26-02-06-45 [Step 181] logΨ: mean=5.749-0.890j | min=1.869-2.762j | max=6.508+1.690j
26-02-06-45 梯度监控 | raw=42.4574 | natural=0.3794 | clipped=0.3794(上限20.0) | t_grad=0ms t_qgt=3ms
26-02-06-45 冻结状态 | frozen_set=[1] | P_a/P=1137/1516 | QGT=1292769 | 本轮实际训练参数=1137
26-02-06-45 原始规范坐标 G(Re Σrow_mean) = +16.1613 | 累计|g| = 8.6710
26-02-06-45 Ψ矩阵条件数 cond(Ψ) = 1.51e+01
26-02-06-45 Loss=-5.476955 | E0=-2.83589813+0.00270295j | E1=-1.40116329+0.00000001j|E2=-0.94611807-0.00001358j|E3=-0.29377590-0.05667526j
26-02-06-45 误差(Ha): e0=5.17e-02 | e1=1.35e-08 | e2=6.03e-03 | e3=9.09e-02
26-02-06-45 #-----------------------------------------#
26-02-06-45 [Step 182] logΨ: mean=5.745-1.202j | min=2.244-2.606j | max=6.516+1.464j
26-02-06-45 梯度监控 | raw=37.6145 | natural=0.0693 | clipped=0.0693(上限20.0) | t_grad=0ms t_qgt=4ms
26-02-06-45 冻结状态 | frozen_set=[1] | P_a/P=1137/1516 | QGT=1292769 | 本轮实际训练参数=1137
26-02-06-45 原始规范坐标 G(Re Σrow_mean) = +16.1267 | 累计|g| = 8.6710
26-02-06-45 Ψ矩阵条件数 cond(Ψ) = 8.56e+00
26-02-06-45 Loss=-5.503950 | E0=-2.86231135+0.00209132j | E1=-1.39791982-0.00077830j|E2=-0.94468957-0.00060262j|E3=-0.29902887-0.04695700j
26-02-06-45 误差(Ha): e0=2.53e-02 | e1=3.24e-03 | e2=7.46e-03 | e3=8.57e-02
26-02-06-45 #-----------------------------------------#
26-02-06-45 [Step 183] logΨ: mean=5.727-0.442j | min=0.530+1.675j | max=6.721+1.750j
26-02-06-45 梯度监控 | raw=50.2517 | natural=0.4601 | clipped=0.4601(上限20.0) | t_grad=0ms t_qgt=4ms
26-02-06-45 冻结状态 | frozen_set=[1] | P_a/P=1137/1516 | QGT=1292769 | 本轮实际训练参数=1137
26-02-06-45 原始规范坐标 G(Re Σrow_mean) = +15.8786 | 累计|g| = 8.6710
26-02-06-45 Ψ矩阵条件数 cond(Ψ) = 8.58e+00
26-02-06-45 Loss=-5.504294 | E0=-2.84271155-0.00021418j | E1=-1.39715541-0.00049299j|E2=-0.94443483-0.00031933j|E3=-0.31999209-0.05530586j
26-02-06-45 误差(Ha): e0=4.49e-02 | e1=4.01e-03 | e2=7.72e-03 | e3=6.47e-02
26-02-06-45 #-----------------------------------------#
26-02-06-45 [Step 184] logΨ: mean=5.587-0.722j | min=-2.558+0.016j | max=6.558+1.513j
26-02-06-45 梯度监控 | raw=39.5367 | natural=0.5802 | clipped=0.5802(上限20.0) | t_grad=1ms t_qgt=4ms
26-02-06-45 冻结状态 | frozen_set=[1] | P_a/P=1137/1516 | QGT=1292769 | 本轮实际训练参数=1137
26-02-06-45 原始规范坐标 G(Re Σrow_mean) = +15.7906 | 累计|g| = 8.6710
26-02-06-45 Ψ矩阵条件数 cond(Ψ) = 8.55e+00
26-02-06-45 Loss=-5.515904 | E0=-2.85431562-0.00445557j | E1=-1.38856390-0.00439269j|E2=-0.94886958-0.00444946j|E3=-0.32415498-0.03670760j
26-02-06-45 误差(Ha): e0=3.33e-02 | e1=1.26e-02 | e2=3.28e-03 | e3=6.05e-02
26-02-06-45 #-----------------------------------------#
26-02-06-45 [Step 185] logΨ: mean=6.039-0.622j | min=0.197-1.450j | max=6.900+1.475j
26-02-06-45 梯度监控 | raw=27.0482 | natural=0.3809 | clipped=0.3809(上限20.0) | t_grad=0ms t_qgt=4ms
26-02-06-45 冻结状态 | frozen_set=[1] | P_a/P=1137/1516 | QGT=1292769 | 本轮实际训练参数=1137
26-02-06-45 原始规范坐标 G(Re Σrow_mean) = +16.2406 | 累计|g| = 8.6710
26-02-06-45 Ψ矩阵条件数 cond(Ψ) = 9.23e+00
26-02-06-45 Loss=-5.459097 | E0=-2.84202961+0.00138897j | E1=-1.39511693-0.01313829j|E2=-0.94322654+0.00828692j|E3=-0.27872414-0.04518648j
26-02-06-45 误差(Ha): e0=4.56e-02 | e1=6.05e-03 | e2=8.92e-03 | e3=1.06e-01
26-02-06-45 #-----------------------------------------#
26-02-06-45 [Step 186] logΨ: mean=6.256-0.501j | min=2.246+0.337j | max=6.962+1.496j
26-02-06-45 梯度监控 | raw=30.0384 | natural=0.0279 | clipped=0.0279(上限20.0) | t_grad=0ms t_qgt=4ms
26-02-06-45 冻结状态 | frozen_set=[1] | P_a/P=1137/1516 | QGT=1292769 | 本轮实际训练参数=1137
26-02-06-45 原始规范坐标 G(Re Σrow_mean) = +16.3507 | 累计|g| = 8.6710
26-02-06-45 Ψ矩阵条件数 cond(Ψ) = 9.28e+00
26-02-06-45 Loss=-5.499099 | E0=-2.86216937+0.00160935j | E1=-1.40016238-0.00018896j|E2=-0.94575517-0.00023810j|E3=-0.29101170-0.04736950j
26-02-06-45 误差(Ha): e0=2.54e-02 | e1=1.00e-03 | e2=6.40e-03 | e3=9.37e-02
26-02-06-45 #-----------------------------------------#
26-02-06-45 [Step 187] logΨ: mean=6.368-0.544j | min=-0.615+0.271j | max=7.188+0.311j
26-02-06-45 梯度监控 | raw=33.4927 | natural=0.2439 | clipped=0.2439(上限20.0) | t_grad=0ms t_qgt=5ms
26-02-06-45 冻结状态 | frozen_set=[1] | P_a/P=1137/1516 | QGT=1292769 | 本轮实际训练参数=1137
26-02-06-45 原始规范坐标 G(Re Σrow_mean) = +16.1930 | 累计|g| = 8.6710
26-02-06-45 Ψ矩阵条件数 cond(Ψ) = 8.20e+00
26-02-06-45 Loss=-5.504894 | E0=-2.86417442-0.00652494j | E1=-1.39927265-0.00022534j|E2=-0.94496498-0.00044539j|E3=-0.29648243-0.04525969j
26-02-06-45 误差(Ha): e0=2.34e-02 | e1=1.89e-03 | e2=7.19e-03 | e3=8.82e-02
26-02-06-45 #-----------------------------------------#
26-02-06-45 [Step 188] logΨ: mean=6.507-0.421j | min=2.976+2.569j | max=7.419+0.560j
26-02-06-45 梯度监控 | raw=33.3763 | natural=0.1324 | clipped=0.1324(上限20.0) | t_grad=0ms t_qgt=4ms
26-02-06-45 冻结状态 | frozen_set=[1] | P_a/P=1137/1516 | QGT=1292769 | 本轮实际训练参数=1137
26-02-06-45 原始规范坐标 G(Re Σrow_mean) = +16.2637 | 累计|g| = 8.6710
26-02-06-45 Ψ矩阵条件数 cond(Ψ) = 8.39e+00
26-02-06-45 Loss=-5.432415 | E0=-2.81796442+0.00182420j | E1=-1.39824620-0.00092515j|E2=-0.94616401-0.00060533j|E3=-0.27004039-0.07940762j
26-02-06-45 误差(Ha): e0=6.96e-02 | e1=2.92e-03 | e2=5.99e-03 | e3=1.15e-01
26-02-06-45 #-----------------------------------------#
26-02-06-45 [Step 189] logΨ: mean=6.759-0.188j | min=3.123+1.542j | max=7.564+0.673j
26-02-06-45 梯度监控 | raw=55.2752 | natural=0.0579 | clipped=0.0579(上限20.0) | t_grad=0ms t_qgt=5ms
26-02-06-45 冻结状态 | frozen_set=[1] | P_a/P=1137/1516 | QGT=1292769 | 本轮实际训练参数=1137
26-02-06-45 原始规范坐标 G(Re Σrow_mean) = +16.4203 | 累计|g| = 8.6710
26-02-06-45 Ψ矩阵条件数 cond(Ψ) = 3.58e+01
26-02-06-45 Loss=-5.475557 | E0=-2.86254408+0.00150213j | E1=-1.39933579-0.00055204j|E2=-0.94589057-0.00030700j|E3=-0.26778662-0.08473119j
26-02-06-45 误差(Ha): e0=2.51e-02 | e1=1.83e-03 | e2=6.26e-03 | e3=1.17e-01
26-02-06-45 #-----------------------------------------#
26-02-06-45 [GaugeReset@190] 吸收 Δg = Σ Re(col_mean) = +16.4203 | 新|g| = 8.5732
26-02-06-45 [Step 190] logΨ: mean=6.968-0.221j | min=1.945-0.960j | max=7.885+1.609j
26-02-06-45 梯度监控 | raw=50.7834 | natural=0.6632 | clipped=0.6632(上限20.0) | t_grad=0ms t_qgt=4ms
26-02-06-45 冻结状态 | frozen_set=[1] | P_a/P=1137/1516 | QGT=1292769 | 本轮实际训练参数=1137
26-02-06-45 原始规范坐标 G(Re Σrow_mean) = +16.2949 | 累计|g| = 8.5732
26-02-06-45 Ψ矩阵条件数 cond(Ψ) = 1.35e+02
26-02-06-45 Loss=-5.484206 | E0=-2.84543682-0.01782017j | E1=-1.40100135+0.00001483j|E2=-0.94610458-0.00015393j|E3=-0.29166314-0.08127730j
26-02-06-45 误差(Ha): e0=4.22e-02 | e1=1.62e-04 | e2=6.05e-03 | e3=9.30e-02
26-02-06-45 #-----------------------------------------#
26-02-06-45 [Step 191] logΨ: mean=7.493-0.161j | min=4.643-2.557j | max=8.381+1.647j
26-02-06-45 梯度监控 | raw=60.6593 | natural=0.0781 | clipped=0.0781(上限20.0) | t_grad=0ms t_qgt=4ms
26-02-06-45 冻结状态 | frozen_set=[1] | P_a/P=1137/1516 | QGT=1292769 | 本轮实际训练参数=1137
26-02-06-45 原始规范坐标 G(Re Σrow_mean) = +16.4789 | 累计|g| = 8.5732
26-02-06-45 Ψ矩阵条件数 cond(Ψ) = 5.82e+01
26-02-06-45 Loss=-5.510521 | E0=-2.85580920+0.00074665j | E1=-1.40116329-0.00000004j|E2=-0.94627478-0.00009155j|E3=-0.30727394-0.08113550j
26-02-06-45 误差(Ha): e0=3.18e-02 | e1=8.95e-09 | e2=5.88e-03 | e3=7.74e-02
26-02-06-45 #-----------------------------------------#
26-02-06-45 [Step 192] logΨ: mean=7.286-0.386j | min=1.655-1.214j | max=8.183+1.546j
26-02-06-45 梯度监控 | raw=53.9106 | natural=0.5730 | clipped=0.5730(上限20.0) | t_grad=0ms t_qgt=4ms
26-02-06-45 冻结状态 | frozen_set=[1] | P_a/P=1137/1516 | QGT=1292769 | 本轮实际训练参数=1137
26-02-06-45 原始规范坐标 G(Re Σrow_mean) = +16.3875 | 累计|g| = 8.5732
26-02-06-45 Ψ矩阵条件数 cond(Ψ) = 1.12e+01
26-02-06-45 Loss=-5.513184 | E0=-2.88030997-0.00638230j | E1=-1.40101612+0.00003749j|E2=-0.94607383-0.00006714j|E3=-0.28578407-0.08192501j
26-02-06-45 误差(Ha): e0=7.28e-03 | e1=1.47e-04 | e2=6.08e-03 | e3=9.89e-02
26-02-06-45 #-----------------------------------------#
26-02-06-45 [Step 193] logΨ: mean=7.429-0.447j | min=2.605-1.796j | max=8.303+1.608j
26-02-06-45 梯度监控 | raw=62.6486 | natural=0.4037 | clipped=0.4037(上限20.0) | t_grad=0ms t_qgt=4ms
26-02-06-45 冻结状态 | frozen_set=[1] | P_a/P=1137/1516 | QGT=1292769 | 本轮实际训练参数=1137
26-02-06-45 原始规范坐标 G(Re Σrow_mean) = +16.6881 | 累计|g| = 8.5732
26-02-06-45 Ψ矩阵条件数 cond(Ψ) = 1.21e+01
26-02-06-45 Loss=-5.492723 | E0=-2.86574603-0.01201818j | E1=-1.39757646+0.00048246j|E2=-0.94545698+0.00010655j|E3=-0.28394398-0.09143946j
26-02-06-45 误差(Ha): e0=2.18e-02 | e1=3.59e-03 | e2=6.69e-03 | e3=1.01e-01
26-02-06-45 #-----------------------------------------#
26-02-06-45 [Step 194] logΨ: mean=7.641-0.303j | min=0.382-1.986j | max=8.514+1.873j
26-02-06-45 梯度监控 | raw=79.6278 | natural=0.0796 | clipped=0.0796(上限20.0) | t_grad=0ms t_qgt=4ms
26-02-06-45 冻结状态 | frozen_set=[1] | P_a/P=1137/1516 | QGT=1292769 | 本轮实际训练参数=1137
26-02-06-45 原始规范坐标 G(Re Σrow_mean) = +16.7471 | 累计|g| = 8.5732
26-02-06-45 Ψ矩阵条件数 cond(Ψ) = 1.35e+01
26-02-06-45 Loss=-5.539772 | E0=-2.86426327-0.00020961j | E1=-1.40036818-0.00042045j|E2=-0.94657756-0.00053869j|E3=-0.32856297-0.09549906j
26-02-06-45 误差(Ha): e0=2.33e-02 | e1=7.95e-04 | e2=5.57e-03 | e3=5.61e-02
26-02-06-45 #-----------------------------------------#
26-02-06-45 [Step 195] logΨ: mean=7.888-0.631j | min=4.131+2.064j | max=8.762+1.311j
26-02-06-45 梯度监控 | raw=75.4785 | natural=0.0960 | clipped=0.0960(上限20.0) | t_grad=1ms t_qgt=4ms
26-02-06-45 冻结状态 | frozen_set=[1] | P_a/P=1137/1516 | QGT=1292769 | 本轮实际训练参数=1137
26-02-06-45 原始规范坐标 G(Re Σrow_mean) = +16.7614 | 累计|g| = 8.5732
26-02-06-45 Ψ矩阵条件数 cond(Ψ) = 1.52e+01
26-02-06-45 Loss=-5.529847 | E0=-2.85922033+0.00138162j | E1=-1.40116327-0.00000000j|E2=-0.94622844-0.00002773j|E3=-0.32323514-0.09254228j
26-02-06-45 误差(Ha): e0=2.84e-02 | e1=1.73e-09 | e2=5.92e-03 | e3=6.15e-02
26-02-06-45 #-----------------------------------------#
26-02-06-45 [Step 196] logΨ: mean=8.406-0.844j | min=6.853-2.757j | max=9.253+1.094j
26-02-06-45 梯度监控 | raw=73.0261 | natural=0.0159 | clipped=0.0159(上限20.0) | t_grad=0ms t_qgt=4ms
26-02-06-45 冻结状态 | frozen_set=[1] | P_a/P=1137/1516 | QGT=1292769 | 本轮实际训练参数=1137
26-02-06-45 原始规范坐标 G(Re Σrow_mean) = +16.9165 | 累计|g| = 8.5732
26-02-06-45 Ψ矩阵条件数 cond(Ψ) = 1.71e+01
26-02-06-45 Loss=-5.532870 | E0=-2.86395877+0.00104764j | E1=-1.40116326-0.00000001j|E2=-0.94619272-0.00004684j|E3=-0.32155485-0.09440508j
26-02-06-45 误差(Ha): e0=2.36e-02 | e1=1.39e-08 | e2=5.96e-03 | e3=6.31e-02
26-02-06-45 #-----------------------------------------#
26-02-06-46 [Step 197] logΨ: mean=7.465+0.452j | min=3.084-1.276j | max=8.349+1.990j
26-02-06-46 梯度监控 | raw=71.8477 | natural=0.0755 | clipped=0.0755(上限20.0) | t_grad=0ms t_qgt=4ms
26-02-06-46 冻结状态 | frozen_set=[1] | P_a/P=1137/1516 | QGT=1292769 | 本轮实际训练参数=1137
26-02-06-46 原始规范坐标 G(Re Σrow_mean) = +16.6195 | 累计|g| = 8.5732
26-02-06-46 Ψ矩阵条件数 cond(Ψ) = 1.37e+01
26-02-06-46 Loss=-5.528826 | E0=-2.85902135+0.00084082j | E1=-1.40116327-0.00000001j|E2=-0.94617819-0.00003023j|E3=-0.32246360-0.09004567j
26-02-06-46 误差(Ha): e0=2.86e-02 | e1=8.10e-09 | e2=5.97e-03 | e3=6.22e-02
26-02-06-46 #-----------------------------------------#
26-02-06-46 [Step 198] logΨ: mean=6.692+1.246j | min=3.553-2.830j | max=7.525+2.797j
26-02-06-46 梯度监控 | raw=71.4886 | natural=0.0571 | clipped=0.0571(上限20.0) | t_grad=1ms t_qgt=4ms
26-02-06-46 冻结状态 | frozen_set=[1] | P_a/P=1137/1516 | QGT=1292769 | 本轮实际训练参数=1137
26-02-06-46 原始规范坐标 G(Re Σrow_mean) = +16.4321 | 累计|g| = 8.5732
26-02-06-46 Ψ矩阵条件数 cond(Ψ) = 1.20e+01
26-02-06-46 Loss=-5.535618 | E0=-2.86418913+0.00046577j | E1=-1.40116326-0.00000003j|E2=-0.94609426+0.00002876j|E3=-0.32417130-0.09052968j
26-02-06-46 误差(Ha): e0=2.34e-02 | e1=1.25e-08 | e2=6.06e-03 | e3=6.05e-02
26-02-06-46 #-----------------------------------------#
26-02-06-46 [Step 199] logΨ: mean=6.913+1.447j | min=3.154+2.422j | max=7.814+2.906j
26-02-06-46 梯度监控 | raw=72.9312 | natural=0.1424 | clipped=0.1424(上限20.0) | t_grad=0ms t_qgt=5ms
26-02-06-46 冻结状态 | frozen_set=[1] | P_a/P=1137/1516 | QGT=1292769 | 本轮实际训练参数=1137
26-02-06-46 原始规范坐标 G(Re Σrow_mean) = +16.4318 | 累计|g| = 8.5732
26-02-06-46 Ψ矩阵条件数 cond(Ψ) = 1.49e+01
26-02-06-46 Loss=-5.563938 | E0=-2.85712845+0.00002713j | E1=-1.40094681+0.00001546j|E2=-0.94591213-0.00005366j|E3=-0.35995109-0.08545609j
26-02-06-46 误差(Ha): e0=3.05e-02 | e1=2.16e-04 | e2=6.24e-03 | e3=2.47e-02
26-02-06-46 #-----------------------------------------#
26-02-06-46 [保存] Step 199 → pickle 文件已更新 (200 条记录)
26-02-06-46 [GaugeReset@200] 吸收 Δg = Σ Re(col_mean) = +16.4318 | 新|g| = 8.6570
26-02-06-46 [Step 200] logΨ: mean=6.913+1.831j | min=2.538+0.608j | max=7.789+2.675j
26-02-06-46 梯度监控 | raw=74.5197 | natural=0.0682 | clipped=0.0682(上限20.0) | t_grad=0ms t_qgt=4ms
26-02-06-46 冻结状态 | frozen_set=[1] | P_a/P=1137/1516 | QGT=1292769 | 本轮实际训练参数=1137
26-02-06-46 原始规范坐标 G(Re Σrow_mean) = +16.4515 | 累计|g| = 8.6570
26-02-06-46 Ψ矩阵条件数 cond(Ψ) = 1.42e+01
26-02-06-46 Loss=-5.583114 | E0=-2.86195121+0.00100649j | E1=-1.39966549+0.00020313j|E2=-0.94523445-0.00010852j|E3=-0.37626307-0.08827340j
26-02-06-46 误差(Ha): e0=2.56e-02 | e1=1.50e-03 | e2=6.92e-03 | e3=8.43e-03
26-02-06-46 #-----------------------------------------#
26-02-06-46 [Step 201] logΨ: mean=7.000+1.838j | min=2.731+1.761j | max=7.861+2.862j
26-02-06-46 梯度监控 | raw=71.1453 | natural=0.1604 | clipped=0.1604(上限20.0) | t_grad=0ms t_qgt=4ms
26-02-06-46 冻结状态 | frozen_set=[1] | P_a/P=1137/1516 | QGT=1292769 | 本轮实际训练参数=1137
26-02-06-46 原始规范坐标 G(Re Σrow_mean) = +16.5005 | 累计|g| = 8.6570
26-02-06-46 Ψ矩阵条件数 cond(Ψ) = 1.45e+01
26-02-06-46 Loss=-5.540319 | E0=-2.86224581+0.00062636j | E1=-1.39982020-0.00002342j|E2=-0.94231494-0.00107871j|E3=-0.33593769-0.07891447j
26-02-06-46 误差(Ha): e0=2.53e-02 | e1=1.34e-03 | e2=9.84e-03 | e3=4.88e-02
26-02-06-46 #-----------------------------------------#
26-02-06-46 [Step 202] logΨ: mean=6.974+1.541j | min=3.685+1.547j | max=7.815+2.570j
26-02-06-46 梯度监控 | raw=69.6502 | natural=0.0202 | clipped=0.0202(上限20.0) | t_grad=0ms t_qgt=5ms
26-02-06-46 冻结状态 | frozen_set=[1] | P_a/P=1137/1516 | QGT=1292769 | 本轮实际训练参数=1137
26-02-06-46 原始规范坐标 G(Re Σrow_mean) = +16.5220 | 累计|g| = 8.6570
26-02-06-46 Ψ矩阵条件数 cond(Ψ) = 1.45e+01
26-02-06-46 Loss=-5.541671 | E0=-2.85938441+0.00021471j | E1=-1.40116330+0.00000001j|E2=-0.94603799-0.00005159j|E3=-0.33508551-0.08807905j
26-02-06-46 误差(Ha): e0=2.82e-02 | e1=1.89e-08 | e2=6.11e-03 | e3=4.96e-02
26-02-06-46 #-----------------------------------------#
26-02-06-46 [Step 203] logΨ: mean=6.949+1.472j | min=3.315+1.265j | max=7.736+2.381j
26-02-06-46 梯度监控 | raw=69.2551 | natural=0.0874 | clipped=0.0874(上限20.0) | t_grad=0ms t_qgt=4ms
26-02-06-46 冻结状态 | frozen_set=[1] | P_a/P=1137/1516 | QGT=1292769 | 本轮实际训练参数=1137
26-02-06-46 原始规范坐标 G(Re Σrow_mean) = +16.4311 | 累计|g| = 8.6570
26-02-06-46 Ψ矩阵条件数 cond(Ψ) = 1.99e+01
26-02-06-46 Loss=-5.545393 | E0=-2.85867946+0.00016576j | E1=-1.40116332-0.00000003j|E2=-0.94601451-0.00002973j|E3=-0.33953537-0.08446778j
26-02-06-46 误差(Ha): e0=2.89e-02 | e1=3.97e-08 | e2=6.14e-03 | e3=4.52e-02
26-02-06-46 #-----------------------------------------#
26-02-06-46 [Step 204] logΨ: mean=6.842+1.187j | min=2.478-0.577j | max=7.671+2.264j
26-02-06-46 梯度监控 | raw=66.6810 | natural=0.0151 | clipped=0.0151(上限20.0) | t_grad=1ms t_qgt=4ms
26-02-06-46 冻结状态 | frozen_set=[1] | P_a/P=1137/1516 | QGT=1292769 | 本轮实际训练参数=1137
26-02-06-46 原始规范坐标 G(Re Σrow_mean) = +16.3860 | 累计|g| = 8.6570
26-02-06-46 Ψ矩阵条件数 cond(Ψ) = 1.91e+01
26-02-06-46 Loss=-5.547187 | E0=-2.85605533+0.00068676j | E1=-1.40113439-0.00018341j|E2=-0.94564732+0.00009338j|E3=-0.34434990-0.08099628j
26-02-06-46 误差(Ha): e0=3.15e-02 | e1=2.89e-05 | e2=6.50e-03 | e3=4.03e-02
26-02-06-46 #-----------------------------------------#
26-02-06-46 [Step 205] logΨ: mean=6.843+0.927j | min=2.388+0.105j | max=7.660+2.201j
26-02-06-46 梯度监控 | raw=67.2239 | natural=0.0246 | clipped=0.0246(上限20.0) | t_grad=0ms t_qgt=4ms
26-02-06-46 冻结状态 | frozen_set=[1] | P_a/P=1137/1516 | QGT=1292769 | 本轮实际训练参数=1137
26-02-06-46 原始规范坐标 G(Re Σrow_mean) = +16.4349 | 累计|g| = 8.6570
26-02-06-46 Ψ矩阵条件数 cond(Ψ) = 1.83e+01
26-02-06-46 Loss=-5.570866 | E0=-2.86032682+0.00067553j | E1=-1.40053094-0.00068229j|E2=-0.94511386+0.00027999j|E3=-0.36489433-0.08143520j
26-02-06-46 误差(Ha): e0=2.73e-02 | e1=6.32e-04 | e2=7.04e-03 | e3=1.98e-02
26-02-06-46 #-----------------------------------------#
26-02-06-46 [Step 206] logΨ: mean=6.452+0.593j | min=1.474-1.269j | max=7.340+1.744j
26-02-06-46 梯度监控 | raw=70.1143 | natural=0.3543 | clipped=0.3543(上限20.0) | t_grad=0ms t_qgt=5ms
26-02-06-46 冻结状态 | frozen_set=[1] | P_a/P=1137/1516 | QGT=1292769 | 本轮实际训练参数=1137
26-02-06-46 原始规范坐标 G(Re Σrow_mean) = +16.5061 | 累计|g| = 8.6570
26-02-06-46 Ψ矩阵条件数 cond(Ψ) = 2.00e+01
26-02-06-46 Loss=-5.579129 | E0=-2.86048076+0.00059909j | E1=-1.40039368+0.00004689j|E2=-0.94549826+0.00004028j|E3=-0.37275610-0.09931295j
26-02-06-46 误差(Ha): e0=2.71e-02 | e1=7.70e-04 | e2=6.65e-03 | e3=1.19e-02
26-02-06-46 #-----------------------------------------#
26-02-06-46 [Step 207] logΨ: mean=6.369+0.436j | min=2.862+2.829j | max=7.224+1.653j
26-02-06-46 梯度监控 | raw=72.6356 | natural=0.1005 | clipped=0.1005(上限20.0) | t_grad=0ms t_qgt=4ms
26-02-06-46 冻结状态 | frozen_set=[1] | P_a/P=1137/1516 | QGT=1292769 | 本轮实际训练参数=1137
26-02-06-46 原始规范坐标 G(Re Σrow_mean) = +16.4869 | 累计|g| = 8.6570
26-02-06-46 Ψ矩阵条件数 cond(Ψ) = 1.74e+01
26-02-06-46 Loss=-5.592914 | E0=-2.85882778-0.00009268j | E1=-1.39767341+0.00073866j|E2=-0.94392736+0.00015025j|E3=-0.39248549-0.07321347j
26-02-06-46 误差(Ha): e0=2.88e-02 | e1=3.49e-03 | e2=8.22e-03 | e3=7.79e-03
26-02-06-46 #-----------------------------------------#
26-02-06-46 [Step 208] logΨ: mean=5.851+0.562j | min=1.683-1.888j | max=6.668+1.745j
26-02-06-46 梯度监控 | raw=72.3634 | natural=0.3347 | clipped=0.3347(上限20.0) | t_grad=0ms t_qgt=4ms
26-02-06-46 冻结状态 | frozen_set=[1] | P_a/P=1137/1516 | QGT=1292769 | 本轮实际训练参数=1137
26-02-06-46 原始规范坐标 G(Re Σrow_mean) = +16.3016 | 累计|g| = 8.6570
26-02-06-46 Ψ矩阵条件数 cond(Ψ) = 1.48e+01
26-02-06-46 Loss=-5.555760 | E0=-2.85075579-0.00003639j | E1=-1.39093022+0.00203098j|E2=-0.93766326-0.01002740j|E3=-0.37641086-0.07152176j
26-02-06-46 误差(Ha): e0=3.68e-02 | e1=1.02e-02 | e2=1.45e-02 | e3=8.28e-03
26-02-06-46 #-----------------------------------------#
26-02-06-46 [Step 209] logΨ: mean=6.064+0.039j | min=1.596-2.270j | max=6.879+1.323j
26-02-06-46 梯度监控 | raw=49.8319 | natural=0.2723 | clipped=0.2723(上限20.0) | t_grad=1ms t_qgt=4ms
26-02-06-46 冻结状态 | frozen_set=[1] | P_a/P=1137/1516 | QGT=1292769 | 本轮实际训练参数=1137
26-02-06-46 原始规范坐标 G(Re Σrow_mean) = +16.5356 | 累计|g| = 8.6570
26-02-06-46 Ψ矩阵条件数 cond(Ψ) = 1.20e+01
26-02-06-46 Loss=-5.563972 | E0=-2.85588027+0.00066632j | E1=-1.39804632+0.00008779j|E2=-0.94539541-0.00844070j|E3=-0.36465011-0.06649190j
26-02-06-46 误差(Ha): e0=3.17e-02 | e1=3.12e-03 | e2=6.76e-03 | e3=2.00e-02
26-02-06-46 #-----------------------------------------#
26-02-06-46 [GaugeReset@210] 吸收 Δg = Σ Re(col_mean) = +16.5356 | 新|g| = 8.8371
26-02-06-46 [Step 210] logΨ: mean=5.962+0.524j | min=3.335+1.085j | max=6.748+1.765j
26-02-06-46 梯度监控 | raw=57.0791 | natural=0.0098 | clipped=0.0098(上限20.0) | t_grad=1ms t_qgt=4ms
26-02-06-46 冻结状态 | frozen_set=[1] | P_a/P=1137/1516 | QGT=1292769 | 本轮实际训练参数=1137
26-02-06-46 原始规范坐标 G(Re Σrow_mean) = +16.5605 | 累计|g| = 8.8371
26-02-06-46 Ψ矩阵条件数 cond(Ψ) = 1.20e+01
26-02-06-46 Loss=-5.574969 | E0=-2.86173490+0.00052637j | E1=-1.40116334-0.00000002j|E2=-0.94619231+0.00021200j|E3=-0.36587830-0.06445281j
26-02-06-46 误差(Ha): e0=2.59e-02 | e1=6.35e-08 | e2=5.96e-03 | e3=1.88e-02
26-02-06-46 #-----------------------------------------#
26-02-06-46 [Step 211] logΨ: mean=6.109+0.509j | min=2.974+1.857j | max=6.876+1.740j
26-02-06-46 梯度监控 | raw=54.3284 | natural=0.0188 | clipped=0.0188(上限20.0) | t_grad=0ms t_qgt=4ms
26-02-06-46 冻结状态 | frozen_set=[1] | P_a/P=1137/1516 | QGT=1292769 | 本轮实际训练参数=1137
26-02-06-46 原始规范坐标 G(Re Σrow_mean) = +16.5993 | 累计|g| = 8.8371
26-02-06-46 Ψ矩阵条件数 cond(Ψ) = 1.22e+01
26-02-06-46 Loss=-5.576277 | E0=-2.85898677+0.00041096j | E1=-1.39924895-0.00014386j|E2=-0.94553475+0.00037690j|E3=-0.37250642-0.06097680j
26-02-06-46 误差(Ha): e0=2.86e-02 | e1=1.91e-03 | e2=6.62e-03 | e3=1.22e-02
26-02-06-46 #-----------------------------------------#
26-02-06-46 [Step 212] logΨ: mean=6.493+0.647j | min=2.932+1.695j | max=7.248+1.922j
26-02-06-46 梯度监控 | raw=49.9612 | natural=0.0801 | clipped=0.0801(上限20.0) | t_grad=1ms t_qgt=3ms
26-02-06-46 冻结状态 | frozen_set=[1] | P_a/P=1137/1516 | QGT=1292769 | 本轮实际训练参数=1137
26-02-06-46 原始规范坐标 G(Re Σrow_mean) = +16.7043 | 累计|g| = 8.8371
26-02-06-46 Ψ矩阵条件数 cond(Ψ) = 1.29e+01
26-02-06-46 Loss=-5.573004 | E0=-2.85382831+0.00029185j | E1=-1.39971360-0.00099086j|E2=-0.94625351+0.00081901j|E3=-0.37320824-0.06075258j
26-02-06-46 误差(Ha): e0=3.38e-02 | e1=1.45e-03 | e2=5.90e-03 | e3=1.15e-02
26-02-06-46 #-----------------------------------------#
26-02-06-46 [Step 213] logΨ: mean=6.674+0.652j | min=2.605+2.381j | max=7.455+1.953j
26-02-06-46 梯度监控 | raw=51.1106 | natural=0.0574 | clipped=0.0574(上限20.0) | t_grad=1ms t_qgt=3ms
26-02-06-46 冻结状态 | frozen_set=[1] | P_a/P=1137/1516 | QGT=1292769 | 本轮实际训练参数=1137
26-02-06-46 原始规范坐标 G(Re Σrow_mean) = +16.7356 | 累计|g| = 8.8371
26-02-06-46 Ψ矩阵条件数 cond(Ψ) = 1.45e+01
26-02-06-46 Loss=-5.581137 | E0=-2.86159960+0.00028410j | E1=-1.40051772+0.00005001j|E2=-0.94585197+0.00014698j|E3=-0.37316760-0.05788050j
26-02-06-46 误差(Ha): e0=2.60e-02 | e1=6.46e-04 | e2=6.30e-03 | e3=1.15e-02
26-02-06-46 #-----------------------------------------#
26-02-06-46 [Step 214] logΨ: mean=6.189+0.998j | min=2.278-2.007j | max=6.933+2.286j
26-02-06-46 梯度监控 | raw=49.1345 | natural=0.0924 | clipped=0.0924(上限20.0) | t_grad=1ms t_qgt=5ms
26-02-06-46 冻结状态 | frozen_set=[1] | P_a/P=1137/1516 | QGT=1292769 | 本轮实际训练参数=1137
26-02-06-46 原始规范坐标 G(Re Σrow_mean) = +16.5530 | 累计|g| = 8.8371
26-02-06-46 Ψ矩阵条件数 cond(Ψ) = 1.65e+01
26-02-06-46 Loss=-5.583689 | E0=-2.85722484+0.00029886j | E1=-1.40116330-0.00000001j|E2=-0.94613195+0.00014308j|E3=-0.37916931-0.05423643j
26-02-06-46 误差(Ha): e0=3.04e-02 | e1=1.87e-08 | e2=6.02e-03 | e3=5.52e-03
26-02-06-46 #-----------------------------------------#
26-02-06-46 [Step 215] logΨ: mean=7.053+0.976j | min=2.392-2.259j | max=7.911+2.375j
26-02-06-46 梯度监控 | raw=48.2914 | natural=0.2055 | clipped=0.2055(上限20.0) | t_grad=0ms t_qgt=3ms
26-02-06-46 冻结状态 | frozen_set=[1] | P_a/P=1137/1516 | QGT=1292769 | 本轮实际训练参数=1137
26-02-06-46 原始规范坐标 G(Re Σrow_mean) = +16.8213 | 累计|g| = 8.8371
26-02-06-46 Ψ矩阵条件数 cond(Ψ) = 1.77e+01
26-02-06-46 Loss=-5.573332 | E0=-2.86112127-0.00072697j | E1=-1.39145440+0.00061112j|E2=-0.93925285+0.00249183j|E3=-0.38150317-0.05291450j
26-02-06-46 误差(Ha): e0=2.65e-02 | e1=9.71e-03 | e2=1.29e-02 | e3=3.19e-03
26-02-06-46 #-----------------------------------------#
26-02-06-46 [Step 216] logΨ: mean=7.184+1.077j | min=2.921-0.827j | max=7.960+2.683j
26-02-06-46 梯度监控 | raw=64.9923 | natural=0.0846 | clipped=0.0846(上限20.0) | t_grad=0ms t_qgt=4ms
26-02-06-46 冻结状态 | frozen_set=[1] | P_a/P=1137/1516 | QGT=1292769 | 本轮实际训练参数=1137
26-02-06-46 原始规范坐标 G(Re Σrow_mean) = +16.8060 | 累计|g| = 8.8371
26-02-06-46 Ψ矩阵条件数 cond(Ψ) = 2.08e+01
26-02-06-46 Loss=-5.524846 | E0=-2.85395128+0.00146660j | E1=-1.40116318-0.00000005j|E2=-0.94598609+0.00009336j|E3=-0.32374530-0.09481982j
26-02-06-46 误差(Ha): e0=3.36e-02 | e1=9.75e-08 | e2=6.16e-03 | e3=6.09e-02
26-02-06-46 #-----------------------------------------#
26-02-06-46 [Step 217] logΨ: mean=8.600+0.058j | min=2.196-0.843j | max=9.360+0.777j
26-02-06-46 梯度监控 | raw=63.4519 | natural=0.2446 | clipped=0.2446(上限20.0) | t_grad=0ms t_qgt=4ms
26-02-06-46 冻结状态 | frozen_set=[1] | P_a/P=1137/1516 | QGT=1292769 | 本轮实际训练参数=1137
26-02-06-46 原始规范坐标 G(Re Σrow_mean) = +18.1920 | 累计|g| = 8.8371
26-02-06-46 Ψ矩阵条件数 cond(Ψ) = 2.75e+01
26-02-06-46 Loss=-5.511260 | E0=-2.85287879+0.00058270j | E1=-1.40045488-0.00034988j|E2=-0.94446183+0.00029752j|E3=-0.31346424-0.08424341j
26-02-06-46 误差(Ha): e0=3.47e-02 | e1=7.08e-04 | e2=7.69e-03 | e3=7.12e-02
26-02-06-46 #-----------------------------------------#
26-02-06-46 [Step 218] logΨ: mean=8.742+1.162j | min=5.697-2.131j | max=9.515+2.953j
26-02-06-46 梯度监控 | raw=30.5321 | natural=0.2760 | clipped=0.2760(上限20.0) | t_grad=0ms t_qgt=4ms
26-02-06-46 冻结状态 | frozen_set=[1] | P_a/P=1137/1516 | QGT=1292769 | 本轮实际训练参数=1137
26-02-06-46 原始规范坐标 G(Re Σrow_mean) = +18.2471 | 累计|g| = 8.8371
26-02-06-46 Ψ矩阵条件数 cond(Ψ) = 5.76e+01
26-02-06-46 Loss=-5.265374 | E0=-2.85597342+0.00095968j | E1=-1.39952305+0.00004624j|E2=-0.94504416+0.00018850j|E3=-0.06483313-0.03202615j
26-02-06-46 误差(Ha): e0=3.16e-02 | e1=1.64e-03 | e2=7.11e-03 | e3=3.20e-01
26-02-06-46 #-----------------------------------------#
26-02-06-46 [Step 219] logΨ: mean=8.947-0.677j | min=5.801+1.493j | max=9.731+0.150j
26-02-06-46 梯度监控 | raw=39.5540 | natural=0.2195 | clipped=0.2195(上限20.0) | t_grad=1ms t_qgt=5ms
26-02-06-46 冻结状态 | frozen_set=[1] | P_a/P=1137/1516 | QGT=1292769 | 本轮实际训练参数=1137
26-02-06-46 原始规范坐标 G(Re Σrow_mean) = +18.3666 | 累计|g| = 8.8371
26-02-06-46 Ψ矩阵条件数 cond(Ψ) = 7.11e+01
26-02-06-46 Loss=-5.295168 | E0=-2.85576989+0.00031442j | E1=-1.40011579+0.00017369j|E2=-0.94536782-0.00020441j|E3=-0.09391427-0.00867917j
26-02-06-46 误差(Ha): e0=3.18e-02 | e1=1.05e-03 | e2=6.78e-03 | e3=2.91e-01
26-02-06-46 #-----------------------------------------#
26-02-06-46 [保存] Step 219 → pickle 文件已更新 (220 条记录)
26-02-06-46 [GaugeReset@220] 吸收 Δg = Σ Re(col_mean) = +18.3666 | 新|g| = 9.7681
26-02-06-46 [Step 220] logΨ: mean=5.560+0.790j | min=2.163+0.268j | max=6.423+2.264j
26-02-06-46 梯度监控 | raw=63.8871 | natural=0.1388 | clipped=0.1388(上限20.0) | t_grad=0ms t_qgt=4ms
26-02-06-46 冻结状态 | frozen_set=[1] | P_a/P=1137/1516 | QGT=1292769 | 本轮实际训练参数=1137
26-02-06-46 原始规范坐标 G(Re Σrow_mean) = +17.9682 | 累计|g| = 9.7681
26-02-06-46 Ψ矩阵条件数 cond(Ψ) = 6.91e+01
26-02-06-46 Loss=-5.302616 | E0=-2.85536990+0.00016226j | E1=-1.40116331+0.00000001j|E2=-0.94588654+0.00014119j|E3=-0.10019671-0.03913344j
26-02-06-46 误差(Ha): e0=3.22e-02 | e1=3.16e-08 | e2=6.26e-03 | e3=2.84e-01
26-02-06-46 #-----------------------------------------#
26-02-06-46 [Step 221] logΨ: mean=5.448+1.179j | min=2.169+2.423j | max=6.352+2.705j
26-02-06-46 梯度监控 | raw=147.1584 | natural=0.1293 | clipped=0.1293(上限20.0) | t_grad=0ms t_qgt=4ms
26-02-06-46 冻结状态 | frozen_set=[1] | P_a/P=1137/1516 | QGT=1292769 | 本轮实际训练参数=1137
26-02-06-46 原始规范坐标 G(Re Σrow_mean) = +18.0726 | 累计|g| = 9.7681
26-02-06-46 Ψ矩阵条件数 cond(Ψ) = 8.13e+01
26-02-06-46 Loss=-5.307451 | E0=-2.85541816+0.00025378j | E1=-1.39385814+0.00005653j|E2=-0.94206745-0.00026314j|E3=-0.11610702-0.08216688j
26-02-06-46 误差(Ha): e0=3.22e-02 | e1=7.31e-03 | e2=1.01e-02 | e3=2.69e-01
26-02-06-46 #-----------------------------------------#
26-02-06-46 [Step 222] logΨ: mean=6.177+1.026j | min=1.694-1.555j | max=7.109+2.589j
26-02-06-46 梯度监控 | raw=210.2105 | natural=0.1544 | clipped=0.1544(上限20.0) | t_grad=1ms t_qgt=4ms
26-02-06-46 冻结状态 | frozen_set=[1] | P_a/P=1137/1516 | QGT=1292769 | 本轮实际训练参数=1137
26-02-06-46 原始规范坐标 G(Re Σrow_mean) = +18.5103 | 累计|g| = 9.7681
26-02-06-46 Ψ矩阵条件数 cond(Ψ) = 4.19e+01
26-02-06-46 Loss=-5.340325 | E0=-2.85441290+0.00058327j | E1=-1.39032939+0.00018132j|E2=-0.94044935-0.00150822j|E3=-0.15513342-0.13526478j
26-02-06-46 误差(Ha): e0=3.32e-02 | e1=1.08e-02 | e2=1.17e-02 | e3=2.30e-01
26-02-06-46 #-----------------------------------------#
26-02-06-46 [Step 223] logΨ: mean=5.547+1.021j | min=1.437-2.797j | max=6.557+2.373j
26-02-06-46 梯度监控 | raw=295.8339 | natural=0.2553 | clipped=0.2553(上限20.0) | t_grad=0ms t_qgt=4ms
26-02-06-46 冻结状态 | frozen_set=[1] | P_a/P=1137/1516 | QGT=1292769 | 本轮实际训练参数=1137
26-02-06-46 原始规范坐标 G(Re Σrow_mean) = +18.5538 | 累计|g| = 9.7681
26-02-06-46 Ψ矩阵条件数 cond(Ψ) = 1.71e+01
26-02-06-46 Loss=-5.368465 | E0=-2.85526377+0.00014638j | E1=-1.38906282+0.00160023j|E2=-0.93979601-0.00063937j|E3=-0.18434254-0.11079817j
26-02-06-46 误差(Ha): e0=3.23e-02 | e1=1.21e-02 | e2=1.24e-02 | e3=2.00e-01
26-02-06-46 #-----------------------------------------#
26-02-06-46 [Step 224] logΨ: mean=5.978+0.916j | min=1.444-0.798j | max=6.957+2.332j
26-02-06-46 梯度监控 | raw=370.7532 | natural=0.1493 | clipped=0.1493(上限20.0) | t_grad=0ms t_qgt=4ms
26-02-06-46 冻结状态 | frozen_set=[1] | P_a/P=1137/1516 | QGT=1292769 | 本轮实际训练参数=1137
26-02-06-46 原始规范坐标 G(Re Σrow_mean) = +18.8011 | 累计|g| = 9.7681
26-02-06-46 Ψ矩阵条件数 cond(Ψ) = 1.25e+01
26-02-06-46 Loss=-5.412995 | E0=-2.84414157+0.00131438j | E1=-1.39735437+0.00031294j|E2=-0.94412612+0.00061562j|E3=-0.22737324-0.16403703j
26-02-06-46 误差(Ha): e0=4.35e-02 | e1=3.81e-03 | e2=8.02e-03 | e3=1.57e-01
26-02-06-46 #-----------------------------------------#
26-02-06-46 [Step 225] logΨ: mean=6.262+0.742j | min=1.268-1.712j | max=7.181+2.312j
26-02-06-46 梯度监控 | raw=372.1171 | natural=0.0096 | clipped=0.0096(上限20.0) | t_grad=0ms t_qgt=4ms
26-02-06-46 冻结状态 | frozen_set=[1] | P_a/P=1137/1516 | QGT=1292769 | 本轮实际训练参数=1137
26-02-06-46 原始规范坐标 G(Re Σrow_mean) = +18.9299 | 累计|g| = 9.7681
26-02-06-46 Ψ矩阵条件数 cond(Ψ) = 1.50e+01
26-02-06-46 Loss=-5.461074 | E0=-2.85203413+0.00042702j | E1=-1.40116328-0.00000018j|E2=-0.94585021+0.00033497j|E3=-0.26202686-0.16230214j
26-02-06-46 误差(Ha): e0=3.56e-02 | e1=1.45e-09 | e2=6.30e-03 | e3=1.23e-01
26-02-06-46 #-----------------------------------------#
26-02-06-46 [Step 226] logΨ: mean=3.516+0.692j | min=-0.604+0.190j | max=4.227+2.784j
26-02-06-46 梯度监控 | raw=410.3112 | natural=0.3798 | clipped=0.3798(上限20.0) | t_grad=1ms t_qgt=3ms
26-02-06-46 冻结状态 | frozen_set=[1] | P_a/P=1137/1516 | QGT=1292769 | 本轮实际训练参数=1137
26-02-06-46 原始规范坐标 G(Re Σrow_mean) = +17.0447 | 累计|g| = 9.7681
26-02-06-46 Ψ矩阵条件数 cond(Ψ) = 1.32e+01
26-02-06-46 Loss=-5.458933 | E0=-2.85488817+0.00039551j | E1=-1.39570767+0.00074977j|E2=-0.94734665-0.01184455j|E3=-0.26099095-0.15841338j
26-02-06-46 误差(Ha): e0=3.27e-02 | e1=5.46e-03 | e2=4.80e-03 | e3=1.24e-01
26-02-06-46 #-----------------------------------------#
26-02-06-46 [Step 227] logΨ: mean=4.599+0.192j | min=-0.190+2.923j | max=5.478+2.167j
26-02-06-46 梯度监控 | raw=54.3193 | natural=0.1094 | clipped=0.1094(上限20.0) | t_grad=1ms t_qgt=4ms
26-02-06-46 冻结状态 | frozen_set=[1] | P_a/P=1137/1516 | QGT=1292769 | 本轮实际训练参数=1137
26-02-06-46 原始规范坐标 G(Re Σrow_mean) = +17.6168 | 累计|g| = 9.7681
26-02-06-46 Ψ矩阵条件数 cond(Ψ) = 2.96e+01
26-02-06-46 Loss=-5.318239 | E0=-2.71261929-0.00097109j | E1=-1.39825054+0.00080506j|E2=-0.94359516-0.00064843j|E3=-0.26377400-0.04591830j
26-02-06-46 误差(Ha): e0=1.75e-01 | e1=2.91e-03 | e2=8.56e-03 | e3=1.21e-01
26-02-06-46 #-----------------------------------------#
26-02-06-46 [Step 228] logΨ: mean=5.406+0.313j | min=-0.111+2.655j | max=6.143+1.962j
26-02-06-46 梯度监控 | raw=47.5555 | natural=0.1766 | clipped=0.1766(上限20.0) | t_grad=0ms t_qgt=5ms
26-02-06-46 冻结状态 | frozen_set=[1] | P_a/P=1137/1516 | QGT=1292769 | 本轮实际训练参数=1137
26-02-06-46 原始规范坐标 G(Re Σrow_mean) = +17.9405 | 累计|g| = 9.7681
26-02-06-46 Ψ矩阵条件数 cond(Ψ) = 2.53e+01
26-02-06-46 Loss=-5.418215 | E0=-2.81716472-0.00210492j | E1=-1.38465405-0.00448793j|E2=-0.94296918+0.00262304j|E3=-0.27342718-0.00839384j
26-02-06-46 误差(Ha): e0=7.04e-02 | e1=1.65e-02 | e2=9.18e-03 | e3=1.11e-01
26-02-06-46 #-----------------------------------------#
26-02-06-46 [Step 229] logΨ: mean=5.900+0.498j | min=1.476-1.182j | max=6.529+2.021j
26-02-06-46 梯度监控 | raw=46.2932 | natural=0.1010 | clipped=0.1010(上限20.0) | t_grad=0ms t_qgt=5ms
26-02-06-46 冻结状态 | frozen_set=[1] | P_a/P=1137/1516 | QGT=1292769 | 本轮实际训练参数=1137
26-02-06-46 原始规范坐标 G(Re Σrow_mean) = +18.1803 | 累计|g| = 9.7681
26-02-06-46 Ψ矩阵条件数 cond(Ψ) = 2.77e+01
26-02-06-46 Loss=-5.432955 | E0=-2.82897001-0.00173748j | E1=-1.39826898-0.00149897j|E2=-0.94574936+0.00121908j|E3=-0.25996637+0.00650282j
26-02-06-46 误差(Ha): e0=5.86e-02 | e1=2.89e-03 | e2=6.40e-03 | e3=1.25e-01
26-02-06-46 #-----------------------------------------#
26-02-06-46 [GaugeReset@230] 吸收 Δg = Σ Re(col_mean) = +18.1803 | 新|g| = 9.8534
26-02-06-46 [Step 230] logΨ: mean=6.430-1.206j | min=3.677-0.135j | max=6.879+0.435j
26-02-06-46 梯度监控 | raw=9.6187 | natural=0.0135 | clipped=0.0135(上限20.0) | t_grad=0ms t_qgt=4ms
26-02-06-46 冻结状态 | frozen_set=[1] | P_a/P=1137/1516 | QGT=1292769 | 本轮实际训练参数=1137
26-02-06-46 原始规范坐标 G(Re Σrow_mean) = +18.2316 | 累计|g| = 9.8534
26-02-06-46 Ψ矩阵条件数 cond(Ψ) = 1.61e+01
26-02-06-46 Loss=-5.432640 | E0=-2.85404735-0.00125086j | E1=-1.40116331-0.00000003j|E2=-0.94623516+0.00017976j|E3=-0.23119449+0.03151368j
26-02-06-46 误差(Ha): e0=3.35e-02 | e1=3.30e-08 | e2=5.92e-03 | e3=1.53e-01
26-02-06-46 #-----------------------------------------#
26-02-06-46 [Step 231] logΨ: mean=6.539-1.218j | min=5.893-2.381j | max=6.925+0.440j
26-02-06-46 梯度监控 | raw=5.7287 | natural=0.0008 | clipped=0.0008(上限20.0) | t_grad=0ms t_qgt=4ms
26-02-06-46 冻结状态 | frozen_set=[1] | P_a/P=1137/1516 | QGT=1292769 | 本轮实际训练参数=1137
26-02-06-46 原始规范坐标 G(Re Σrow_mean) = +18.2582 | 累计|g| = 9.8534
26-02-06-46 Ψ矩阵条件数 cond(Ψ) = 1.84e+01
26-02-06-46 Loss=-5.432300 | E0=-2.85558370-0.00110885j | E1=-1.40116333-0.00000002j|E2=-0.94623392+0.00019215j|E3=-0.22931898+0.03616522j
26-02-06-46 误差(Ha): e0=3.20e-02 | e1=4.94e-08 | e2=5.92e-03 | e3=1.55e-01
26-02-06-46 #-----------------------------------------#
26-02-06-46 [Step 232] logΨ: mean=6.653-1.090j | min=3.587-0.046j | max=7.072+0.562j
26-02-06-46 梯度监控 | raw=6.2258 | natural=0.0051 | clipped=0.0051(上限20.0) | t_grad=1ms t_qgt=5ms
26-02-06-46 冻结状态 | frozen_set=[1] | P_a/P=1137/1516 | QGT=1292769 | 本轮实际训练参数=1137
26-02-06-46 原始规范坐标 G(Re Σrow_mean) = +18.3071 | 累计|g| = 9.8534
26-02-06-46 Ψ矩阵条件数 cond(Ψ) = 1.97e+01
26-02-06-46 Loss=-5.429976 | E0=-2.85477334-0.00106157j | E1=-1.40116333-0.00000002j|E2=-0.94623388+0.00018224j|E3=-0.22780587+0.03822331j
26-02-06-46 误差(Ha): e0=3.28e-02 | e1=4.98e-08 | e2=5.92e-03 | e3=1.57e-01
26-02-06-46 #-----------------------------------------#
26-02-06-46 [Step 233] logΨ: mean=6.678-1.054j | min=4.060-1.485j | max=7.146+0.534j
26-02-06-46 梯度监控 | raw=6.6137 | natural=0.0016 | clipped=0.0016(上限20.0) | t_grad=0ms t_qgt=4ms
26-02-06-46 冻结状态 | frozen_set=[1] | P_a/P=1137/1516 | QGT=1292769 | 本轮实际训练参数=1137
26-02-06-46 原始规范坐标 G(Re Σrow_mean) = +18.3038 | 累计|g| = 9.8534
26-02-06-46 Ψ矩阵条件数 cond(Ψ) = 1.94e+01
26-02-06-46 Loss=-5.426667 | E0=-2.85555672-0.00089664j | E1=-1.40020344+0.00002649j|E2=-0.94571992+0.00022504j|E3=-0.22518724+0.03945025j
26-02-06-46 误差(Ha): e0=3.20e-02 | e1=9.60e-04 | e2=6.43e-03 | e3=1.60e-01
26-02-06-46 #-----------------------------------------#
26-02-06-46 [Step 234] logΨ: mean=6.950-1.050j | min=3.391+0.128j | max=7.422+0.442j
26-02-06-46 梯度监控 | raw=15.2827 | natural=0.0599 | clipped=0.0599(上限20.0) | t_grad=0ms t_qgt=4ms
26-02-06-46 冻结状态 | frozen_set=[1] | P_a/P=1137/1516 | QGT=1292769 | 本轮实际训练参数=1137
26-02-06-46 原始规范坐标 G(Re Σrow_mean) = +18.3491 | 累计|g| = 9.8534
26-02-06-46 Ψ矩阵条件数 cond(Ψ) = 1.63e+01
26-02-06-46 Loss=-5.437705 | E0=-2.85127471-0.00087588j | E1=-1.39961080+0.00035223j|E2=-0.94596495-0.00029442j|E3=-0.24085424+0.02687149j
26-02-06-46 误差(Ha): e0=3.63e-02 | e1=1.55e-03 | e2=6.19e-03 | e3=1.44e-01
26-02-06-46 #-----------------------------------------#
26-02-06-46 [Step 235] logΨ: mean=7.066-0.894j | min=2.732-1.446j | max=7.575+0.576j
26-02-06-46 梯度监控 | raw=16.8530 | natural=0.1359 | clipped=0.1359(上限20.0) | t_grad=0ms t_qgt=3ms
26-02-06-46 冻结状态 | frozen_set=[1] | P_a/P=1137/1516 | QGT=1292769 | 本轮实际训练参数=1137
26-02-06-46 原始规范坐标 G(Re Σrow_mean) = +18.3897 | 累计|g| = 9.8534
26-02-06-46 Ψ矩阵条件数 cond(Ψ) = 1.76e+01
26-02-06-46 Loss=-5.448642 | E0=-2.85549721-0.00071793j | E1=-1.39701514+0.00013271j|E2=-0.94560334-0.00031808j|E3=-0.25052610+0.02898742j
26-02-06-46 误差(Ha): e0=3.21e-02 | e1=4.15e-03 | e2=6.55e-03 | e3=1.34e-01
26-02-06-46 #-----------------------------------------#
26-02-06-46 [Step 236] logΨ: mean=7.111-1.092j | min=3.493-1.623j | max=7.633+0.224j
26-02-06-46 梯度监控 | raw=15.8485 | natural=0.0349 | clipped=0.0349(上限20.0) | t_grad=1ms t_qgt=4ms
26-02-06-46 冻结状态 | frozen_set=[1] | P_a/P=1137/1516 | QGT=1292769 | 本轮实际训练参数=1137
26-02-06-46 原始规范坐标 G(Re Σrow_mean) = +18.3796 | 累计|g| = 9.8534
26-02-06-46 Ψ矩阵条件数 cond(Ψ) = 1.68e+01
26-02-06-46 Loss=-5.444729 | E0=-2.85547086-0.00077493j | E1=-1.39730187+0.00004598j|E2=-0.94438003+0.00010542j|E3=-0.24757634+0.03199590j
26-02-06-46 误差(Ha): e0=3.21e-02 | e1=3.86e-03 | e2=7.77e-03 | e3=1.37e-01
26-02-06-46 #-----------------------------------------#
26-02-06-46 [Step 237] logΨ: mean=6.939-1.186j | min=3.735+0.511j | max=7.466+0.151j
26-02-06-46 梯度监控 | raw=8.3386 | natural=0.0425 | clipped=0.0425(上限20.0) | t_grad=0ms t_qgt=4ms
26-02-06-46 冻结状态 | frozen_set=[1] | P_a/P=1137/1516 | QGT=1292769 | 本轮实际训练参数=1137
26-02-06-46 原始规范坐标 G(Re Σrow_mean) = +18.2863 | 累计|g| = 9.8534
26-02-06-46 Ψ矩阵条件数 cond(Ψ) = 2.09e+01
26-02-06-46 Loss=-5.436458 | E0=-2.85522551-0.00083639j | E1=-1.39840708+0.00007223j|E2=-0.94477928+0.00012934j|E3=-0.23804581+0.03774475j
26-02-06-46 误差(Ha): e0=3.24e-02 | e1=2.76e-03 | e2=7.37e-03 | e3=1.47e-01
26-02-06-46 #-----------------------------------------#
26-02-06-46 [Step 238] logΨ: mean=7.266-1.295j | min=3.928+3.057j | max=7.722+0.179j
26-02-06-46 梯度监控 | raw=5.2320 | natural=0.0123 | clipped=0.0123(上限20.0) | t_grad=1ms t_qgt=4ms
26-02-06-46 冻结状态 | frozen_set=[1] | P_a/P=1137/1516 | QGT=1292769 | 本轮实际训练参数=1137
26-02-06-46 原始规范坐标 G(Re Σrow_mean) = +18.4124 | 累计|g| = 9.8534
26-02-06-46 Ψ矩阵条件数 cond(Ψ) = 1.77e+01
26-02-06-46 Loss=-5.439763 | E0=-2.85342478-0.00105053j | E1=-1.40116330-0.00000000j|E2=-0.94617132+0.00013247j|E3=-0.23900346+0.04016976j
26-02-06-46 误差(Ha): e0=3.42e-02 | e1=2.25e-08 | e2=5.98e-03 | e3=1.46e-01
26-02-06-46 #-----------------------------------------#
26-02-06-46 [Step 239] logΨ: mean=7.403-1.329j | min=4.274+1.202j | max=7.885+0.112j
26-02-06-46 梯度监控 | raw=12.9883 | natural=0.0073 | clipped=0.0073(上限20.0) | t_grad=1ms t_qgt=4ms
26-02-06-46 冻结状态 | frozen_set=[1] | P_a/P=1137/1516 | QGT=1292769 | 本轮实际训练参数=1137
26-02-06-46 原始规范坐标 G(Re Σrow_mean) = +18.5109 | 累计|g| = 9.8534
26-02-06-46 Ψ矩阵条件数 cond(Ψ) = 2.38e+01
26-02-06-46 Loss=-5.456379 | E0=-2.85512264-0.00082019j | E1=-1.40036021+0.00002580j|E2=-0.94577485+0.00012662j|E3=-0.25512149+0.03016297j
26-02-06-46 误差(Ha): e0=3.25e-02 | e1=8.03e-04 | e2=6.38e-03 | e3=1.30e-01
26-02-06-46 #-----------------------------------------#
26-02-06-46 [保存] Step 239 → pickle 文件已更新 (240 条记录)
26-02-06-46 [GaugeReset@240] 吸收 Δg = Σ Re(col_mean) = +18.5109 | 新|g| = 10.0018
26-02-06-46 [Step 240] logΨ: mean=7.402-0.793j | min=2.798+2.819j | max=7.893+0.490j
26-02-06-46 梯度监控 | raw=7.4533 | natural=0.0674 | clipped=0.0674(上限20.0) | t_grad=1ms t_qgt=4ms
26-02-06-46 冻结状态 | frozen_set=[1] | P_a/P=1137/1516 | QGT=1292769 | 本轮实际训练参数=1137
26-02-06-46 原始规范坐标 G(Re Σrow_mean) = +18.6520 | 累计|g| = 10.0018
26-02-06-46 Ψ矩阵条件数 cond(Ψ) = 1.80e+01
26-02-06-46 Loss=-5.457413 | E0=-2.85337471-0.00079277j | E1=-1.40116331-0.00000001j|E2=-0.94616185+0.00012767j|E3=-0.25671359+0.03654739j
26-02-06-46 误差(Ha): e0=3.42e-02 | e1=3.20e-08 | e2=5.99e-03 | e3=1.28e-01
26-02-06-46 #-----------------------------------------#
26-02-06-46 [Step 241] logΨ: mean=7.571-0.795j | min=6.831-2.375j | max=7.984+0.482j
26-02-06-46 梯度监控 | raw=4.0854 | natural=0.0009 | clipped=0.0009(上限20.0) | t_grad=0ms t_qgt=4ms
26-02-06-46 冻结状态 | frozen_set=[1] | P_a/P=1137/1516 | QGT=1292769 | 本轮实际训练参数=1137
26-02-06-46 原始规范坐标 G(Re Σrow_mean) = +18.6742 | 累计|g| = 10.0018
26-02-06-46 Ψ矩阵条件数 cond(Ψ) = 1.83e+01
26-02-06-46 Loss=-5.452243 | E0=-2.85506864-0.00067404j | E1=-1.40116330-0.00000001j|E2=-0.94612203+0.00011743j|E3=-0.24988859+0.04389602j
26-02-06-46 误差(Ha): e0=3.25e-02 | e1=2.30e-08 | e2=6.03e-03 | e3=1.35e-01
26-02-06-46 #-----------------------------------------#
26-02-06-46 [Step 242] logΨ: mean=7.646-0.803j | min=6.918-2.391j | max=8.081+0.472j
26-02-06-46 梯度监控 | raw=3.9031 | natural=0.0009 | clipped=0.0009(上限20.0) | t_grad=0ms t_qgt=3ms
26-02-06-46 冻结状态 | frozen_set=[1] | P_a/P=1137/1516 | QGT=1292769 | 本轮实际训练参数=1137
26-02-06-46 原始规范坐标 G(Re Σrow_mean) = +18.6973 | 累计|g| = 10.0018
26-02-06-46 Ψ矩阵条件数 cond(Ψ) = 1.86e+01
26-02-06-46 Loss=-5.452046 | E0=-2.85508467-0.00063568j | E1=-1.40116327+0.00000005j|E2=-0.94612379+0.00011312j|E3=-0.24967434+0.04577026j
26-02-06-46 误差(Ha): e0=3.25e-02 | e1=9.78e-09 | e2=6.03e-03 | e3=1.35e-01
26-02-06-46 #-----------------------------------------#
26-02-06-46 [Step 243] logΨ: mean=7.753-0.819j | min=7.012-2.411j | max=8.185+0.459j
26-02-06-46 梯度监控 | raw=3.6686 | natural=0.0010 | clipped=0.0010(上限20.0) | t_grad=1ms t_qgt=4ms
26-02-06-46 冻结状态 | frozen_set=[1] | P_a/P=1137/1516 | QGT=1292769 | 本轮实际训练参数=1137
26-02-06-46 原始规范坐标 G(Re Σrow_mean) = +18.7296 | 累计|g| = 10.0018
26-02-06-46 Ψ矩阵条件数 cond(Ψ) = 2.47e+01
26-02-06-46 Loss=-5.452771 | E0=-2.85509824-0.00059609j | E1=-1.40116329-0.00000000j|E2=-0.94612520+0.00010870j|E3=-0.25038383+0.04779889j
26-02-06-46 误差(Ha): e0=3.25e-02 | e1=9.88e-09 | e2=6.03e-03 | e3=1.34e-01
26-02-06-46 #-----------------------------------------#
26-02-06-46 [Step 244] logΨ: mean=8.057-0.784j | min=4.721+0.699j | max=8.539+0.484j
26-02-06-46 梯度监控 | raw=3.4967 | natural=0.0106 | clipped=0.0106(上限20.0) | t_grad=0ms t_qgt=4ms
26-02-06-46 冻结状态 | frozen_set=[1] | P_a/P=1137/1516 | QGT=1292769 | 本轮实际训练参数=1137
26-02-06-46 原始规范坐标 G(Re Σrow_mean) = +18.7902 | 累计|g| = 10.0018
26-02-06-46 Ψ矩阵条件数 cond(Ψ) = 1.72e+01
26-02-06-46 Loss=-5.450977 | E0=-2.85510943-0.00055637j | E1=-1.40116325-0.00000000j|E2=-0.94612666+0.00010403j|E3=-0.24857731+0.04973655j
26-02-06-46 误差(Ha): e0=3.25e-02 | e1=2.56e-08 | e2=6.02e-03 | e3=1.36e-01
26-02-06-46 #-----------------------------------------#
26-02-06-46 [Step 245] logΨ: mean=8.263-0.828j | min=7.499-2.427j | max=8.693+0.456j
26-02-06-46 梯度监控 | raw=3.2314 | natural=0.0011 | clipped=0.0011(上限20.0) | t_grad=0ms t_qgt=4ms
26-02-06-46 冻结状态 | frozen_set=[1] | P_a/P=1137/1516 | QGT=1292769 | 本轮实际训练参数=1137
26-02-06-46 原始规范坐标 G(Re Σrow_mean) = +18.8500 | 累计|g| = 10.0018
26-02-06-46 Ψ矩阵条件数 cond(Ψ) = 1.74e+01
26-02-06-46 Loss=-5.436739 | E0=-2.85519346-0.00033457j | E1=-1.40116330-0.00000001j|E2=-0.94616254+0.00010616j|E3=-0.23422020+0.04512186j
26-02-06-46 误差(Ha): e0=3.24e-02 | e1=2.53e-08 | e2=5.99e-03 | e3=1.50e-01
26-02-06-46 #-----------------------------------------#
26-02-06-46 [Step 246] logΨ: mean=8.404-0.862j | min=7.661-2.472j | max=8.865+0.418j
26-02-06-46 梯度监控 | raw=3.1233 | natural=0.0012 | clipped=0.0012(上限20.0) | t_grad=0ms t_qgt=4ms
26-02-06-46 冻结状态 | frozen_set=[1] | P_a/P=1137/1516 | QGT=1292769 | 本轮实际训练参数=1137
26-02-06-46 原始规范坐标 G(Re Σrow_mean) = +18.8902 | 累计|g| = 10.0018
26-02-06-46 Ψ矩阵条件数 cond(Ψ) = 1.77e+01
26-02-06-46 Loss=-5.435723 | E0=-2.85519300-0.00029583j | E1=-1.40116328+0.00000001j|E2=-0.94616265+0.00009942j|E3=-0.23320410+0.04727681j
26-02-06-46 误差(Ha): e0=3.24e-02 | e1=6.12e-09 | e2=5.99e-03 | e3=1.51e-01
26-02-06-46 #-----------------------------------------#
26-02-06-46 [Step 247] logΨ: mean=8.583-0.338j | min=5.156+1.082j | max=9.072+0.938j
26-02-06-46 梯度监控 | raw=2.8907 | natural=0.0119 | clipped=0.0119(上限20.0) | t_grad=0ms t_qgt=4ms
26-02-06-46 冻结状态 | frozen_set=[1] | P_a/P=1137/1516 | QGT=1292769 | 本轮实际训练参数=1137
26-02-06-46 原始规范坐标 G(Re Σrow_mean) = +18.9230 | 累计|g| = 10.0018
26-02-06-46 Ψ矩阵条件数 cond(Ψ) = 1.78e+01
26-02-06-46 Loss=-5.434333 | E0=-2.85519016-0.00025736j | E1=-1.40116330-0.00000001j|E2=-0.94616261+0.00009238j|E3=-0.23181661+0.04924248j
26-02-06-46 误差(Ha): e0=3.24e-02 | e1=1.93e-08 | e2=5.99e-03 | e3=1.53e-01
26-02-06-46 #-----------------------------------------#
26-02-06-46 [Step 248] logΨ: mean=8.799-0.331j | min=8.035-1.958j | max=9.266+0.955j
26-02-06-46 梯度监控 | raw=3.1420 | natural=0.0014 | clipped=0.0014(上限20.0) | t_grad=0ms t_qgt=4ms
26-02-06-46 冻结状态 | frozen_set=[1] | P_a/P=1137/1516 | QGT=1292769 | 本轮实际训练参数=1137
26-02-06-46 原始规范坐标 G(Re Σrow_mean) = +18.9840 | 累计|g| = 10.0018
26-02-06-46 Ψ矩阵条件数 cond(Ψ) = 2.19e+01
26-02-06-46 Loss=-5.419534 | E0=-2.85526950-0.00009403j | E1=-1.40116327-0.00000001j|E2=-0.94622843+0.00006722j|E3=-0.21687265+0.04367118j
26-02-06-46 误差(Ha): e0=3.23e-02 | e1=6.52e-09 | e2=5.92e-03 | e3=1.68e-01
26-02-06-46 #-----------------------------------------#
26-02-06-46 [Step 249] logΨ: mean=8.248-0.323j | min=4.195-2.374j | max=8.766+1.262j
26-02-06-46 梯度监控 | raw=4.6173 | natural=0.1427 | clipped=0.1427(上限20.0) | t_grad=1ms t_qgt=4ms
26-02-06-46 冻结状态 | frozen_set=[1] | P_a/P=1137/1516 | QGT=1292769 | 本轮实际训练参数=1137
26-02-06-46 原始规范坐标 G(Re Σrow_mean) = +18.9099 | 累计|g| = 10.0018
26-02-06-46 Ψ矩阵条件数 cond(Ψ) = 6.13e+01
26-02-06-46 Loss=-5.414190 | E0=-2.85525711-0.00006780j | E1=-1.40039773-0.00004099j|E2=-0.94581917+0.00007263j|E3=-0.21271647+0.04282417j
26-02-06-46 误差(Ha): e0=3.23e-02 | e1=7.66e-04 | e2=6.33e-03 | e3=1.72e-01
26-02-06-46 #-----------------------------------------#
26-02-06-46 [GaugeReset@250] 吸收 Δg = Σ Re(col_mean) = +18.9099 | 新|g| = 10.0605
26-02-06-46 [Step 250] logΨ: mean=8.396+1.336j | min=4.374-1.504j | max=8.924+2.755j
26-02-06-46 梯度监控 | raw=6.1944 | natural=0.0668 | clipped=0.0668(上限20.0) | t_grad=0ms t_qgt=4ms
26-02-06-46 冻结状态 | frozen_set=[1] | P_a/P=1137/1516 | QGT=1292769 | 本轮实际训练参数=1137
26-02-06-46 原始规范坐标 G(Re Σrow_mean) = +19.2701 | 累计|g| = 10.0605
26-02-06-46 Ψ矩阵条件数 cond(Ψ) = 1.55e+01
26-02-06-46 Loss=-5.405909 | E0=-2.85495940+0.00001973j | E1=-1.40058630-0.00003341j|E2=-0.94591203+0.00007211j|E3=-0.20445124+0.00539903j
26-02-06-46 误差(Ha): e0=3.26e-02 | e1=5.77e-04 | e2=6.24e-03 | e3=1.80e-01
26-02-06-46 #-----------------------------------------#
26-02-06-46 [Step 251] logΨ: mean=8.330+1.378j | min=7.470-0.236j | max=8.814+2.667j
26-02-06-46 梯度监控 | raw=7.3976 | natural=0.0011 | clipped=0.0011(上限20.0) | t_grad=0ms t_qgt=4ms
26-02-06-46 冻结状态 | frozen_set=[1] | P_a/P=1137/1516 | QGT=1292769 | 本轮实际训练参数=1137
26-02-06-46 原始规范坐标 G(Re Σrow_mean) = +19.2655 | 累计|g| = 10.0605
26-02-06-46 Ψ矩阵条件数 cond(Ψ) = 1.37e+01
26-02-06-46 Loss=-5.397806 | E0=-2.85499902+0.00006891j | E1=-1.40116327-0.00000001j|E2=-0.94620199+0.00005004j|E3=-0.19544133+0.00105609j
26-02-06-46 误差(Ha): e0=3.26e-02 | e1=5.83e-09 | e2=5.95e-03 | e3=1.89e-01
26-02-06-46 #-----------------------------------------#
26-02-06-46 [Step 252] logΨ: mean=7.683+0.548j | min=3.430+2.091j | max=8.217+1.791j
26-02-06-46 梯度监控 | raw=8.1054 | natural=0.0470 | clipped=0.0470(上限20.0) | t_grad=0ms t_qgt=4ms
26-02-06-46 冻结状态 | frozen_set=[1] | P_a/P=1137/1516 | QGT=1292769 | 本轮实际训练参数=1137
26-02-06-46 原始规范坐标 G(Re Σrow_mean) = +18.9382 | 累计|g| = 10.0605
26-02-06-46 Ψ矩阵条件数 cond(Ψ) = 1.18e+01
26-02-06-46 Loss=-5.399313 | E0=-2.85499176+0.00008348j | E1=-1.39979998+0.00025494j|E2=-0.94587033+0.00000749j|E3=-0.19865118+0.00030054j
26-02-06-46 误差(Ha): e0=3.26e-02 | e1=1.36e-03 | e2=6.28e-03 | e3=1.86e-01
26-02-06-46 #-----------------------------------------#
26-02-06-46 [Step 253] logΨ: mean=7.526+0.708j | min=4.825+1.276j | max=8.078+2.078j
26-02-06-46 梯度监控 | raw=20.6964 | natural=0.0020 | clipped=0.0020(上限20.0) | t_grad=0ms t_qgt=4ms
26-02-06-46 冻结状态 | frozen_set=[1] | P_a/P=1137/1516 | QGT=1292769 | 本轮实际训练参数=1137
26-02-06-46 原始规范坐标 G(Re Σrow_mean) = +18.8941 | 累计|g| = 10.0605
26-02-06-46 Ψ矩阵条件数 cond(Ψ) = 1.13e+01
26-02-06-46 Loss=-5.309398 | E0=-2.85517851+0.00017139j | E1=-1.39757427-0.00008311j|E2=-0.94441816+0.00015674j|E3=-0.11222683-0.00522379j
26-02-06-46 误差(Ha): e0=3.24e-02 | e1=3.59e-03 | e2=7.73e-03 | e3=2.72e-01
26-02-06-46 #-----------------------------------------#
26-02-06-46 [Step 254] logΨ: mean=7.371+0.709j | min=4.565-1.687j | max=7.916+2.262j
26-02-06-46 梯度监控 | raw=22.9936 | natural=0.0025 | clipped=0.0025(上限20.0) | t_grad=0ms t_qgt=4ms
26-02-06-46 冻结状态 | frozen_set=[1] | P_a/P=1137/1516 | QGT=1292769 | 本轮实际训练参数=1137
26-02-06-46 原始规范坐标 G(Re Σrow_mean) = +18.8558 | 累计|g| = 10.0605
26-02-06-46 Ψ矩阵条件数 cond(Ψ) = 1.09e+01
26-02-06-46 Loss=-5.307636 | E0=-2.85511852+0.00020072j | E1=-1.39683060-0.00011577j|E2=-0.94397342+0.00017412j|E3=-0.11171380-0.00270215j
26-02-06-46 误差(Ha): e0=3.25e-02 | e1=4.33e-03 | e2=8.18e-03 | e3=2.73e-01
26-02-06-46 #-----------------------------------------#
26-02-06-46 [Step 255] logΨ: mean=7.151+0.790j | min=3.246+2.604j | max=7.774+2.250j
26-02-06-46 梯度监控 | raw=28.1982 | natural=0.0181 | clipped=0.0181(上限20.0) | t_grad=1ms t_qgt=5ms
26-02-06-46 冻结状态 | frozen_set=[1] | P_a/P=1137/1516 | QGT=1292769 | 本轮实际训练参数=1137
26-02-06-46 原始规范坐标 G(Re Σrow_mean) = +18.8107 | 累计|g| = 10.0605
26-02-06-46 Ψ矩阵条件数 cond(Ψ) = 1.06e+01
26-02-06-46 Loss=-5.298197 | E0=-2.85506246+0.00023007j | E1=-1.39456320-0.00123292j|E2=-0.94292966+0.00058447j|E3=-0.10564202+0.01117366j
26-02-06-46 误差(Ha): e0=3.25e-02 | e1=6.60e-03 | e2=9.22e-03 | e3=2.79e-01
26-02-06-46 #-----------------------------------------#
26-02-06-46 [Step 256] logΨ: mean=6.658+1.183j | min=2.751+2.892j | max=7.292+2.643j
26-02-06-46 梯度监控 | raw=39.0835 | natural=0.0388 | clipped=0.0388(上限20.0) | t_grad=0ms t_qgt=4ms
26-02-06-46 冻结状态 | frozen_set=[1] | P_a/P=1137/1516 | QGT=1292769 | 本轮实际训练参数=1137
26-02-06-46 原始规范坐标 G(Re Σrow_mean) = +18.5476 | 累计|g| = 10.0605
26-02-06-46 Ψ矩阵条件数 cond(Ψ) = 1.17e+01
26-02-06-46 Loss=-5.305268 | E0=-2.85501119+0.00027142j | E1=-1.39969572-0.00018197j|E2=-0.94608444+0.00008384j|E3=-0.10447628+0.01861541j
26-02-06-46 误差(Ha): e0=3.26e-02 | e1=1.47e-03 | e2=6.07e-03 | e3=2.80e-01
26-02-06-46 #-----------------------------------------#
26-02-06-46 [Step 257] logΨ: mean=6.749-1.531j | min=2.556+0.794j | max=7.326+0.026j
26-02-06-46 梯度监控 | raw=30.8984 | natural=0.0535 | clipped=0.0535(上限20.0) | t_grad=0ms t_qgt=4ms
26-02-06-46 冻结状态 | frozen_set=[1] | P_a/P=1137/1516 | QGT=1292769 | 本轮实际训练参数=1137
26-02-06-46 原始规范坐标 G(Re Σrow_mean) = +18.5802 | 累计|g| = 10.0605
26-02-06-46 Ψ矩阵条件数 cond(Ψ) = 1.31e+01
26-02-06-46 Loss=-5.311363 | E0=-2.85477691+0.00029255j | E1=-1.39815119-0.00117018j|E2=-0.94492211+0.00053076j|E3=-0.11351297+0.00708736j
26-02-06-46 误差(Ha): e0=3.28e-02 | e1=3.01e-03 | e2=7.23e-03 | e3=2.71e-01
26-02-06-46 #-----------------------------------------#
26-02-06-46 [Step 258] logΨ: mean=6.725+0.086j | min=2.860+0.131j | max=7.308+3.103j
26-02-06-46 梯度监控 | raw=33.9158 | natural=0.1271 | clipped=0.1271(上限20.0) | t_grad=0ms t_qgt=4ms
26-02-06-46 冻结状态 | frozen_set=[1] | P_a/P=1137/1516 | QGT=1292769 | 本轮实际训练参数=1137
26-02-06-46 原始规范坐标 G(Re Σrow_mean) = +18.6481 | 累计|g| = 10.0605
26-02-06-46 Ψ矩阵条件数 cond(Ψ) = 1.71e+01
26-02-06-46 Loss=-5.312874 | E0=-2.85466955+0.00014159j | E1=-1.39802617-0.00013584j|E2=-0.94463425+0.00011647j|E3=-0.11554447-0.00264757j
26-02-06-46 误差(Ha): e0=3.29e-02 | e1=3.14e-03 | e2=7.52e-03 | e3=2.69e-01
26-02-06-46 #-----------------------------------------#
26-02-06-46 [Step 259] logΨ: mean=6.776-0.113j | min=0.590-1.738j | max=7.460+1.108j
26-02-06-46 梯度监控 | raw=37.4466 | natural=0.2677 | clipped=0.2677(上限20.0) | t_grad=0ms t_qgt=4ms
26-02-06-46 冻结状态 | frozen_set=[1] | P_a/P=1137/1516 | QGT=1292769 | 本轮实际训练参数=1137
26-02-06-46 原始规范坐标 G(Re Σrow_mean) = +18.9208 | 累计|g| = 10.0605
26-02-06-46 Ψ矩阵条件数 cond(Ψ) = 2.72e+01
26-02-06-46 Loss=-5.338092 | E0=-2.85471778-0.00015240j | E1=-1.39605190-0.00149352j|E2=-0.94965719+0.00140051j|E3=-0.13766522+0.02812892j
26-02-06-46 误差(Ha): e0=3.29e-02 | e1=5.11e-03 | e2=2.49e-03 | e3=2.47e-01
26-02-06-46 #-----------------------------------------#
26-02-06-46 [保存] Step 259 → pickle 文件已更新 (260 条记录)
26-02-06-46 [GaugeReset@260] 吸收 Δg = Σ Re(col_mean) = +18.9208 | 新|g| = 10.2064
26-02-06-46 [Step 260] logΨ: mean=6.531-0.973j | min=1.571+0.768j | max=7.252+0.329j
26-02-06-46 梯度监控 | raw=89.1311 | natural=0.3189 | clipped=0.3189(上限20.0) | t_grad=0ms t_qgt=4ms
26-02-06-46 冻结状态 | frozen_set=[1] | P_a/P=1137/1516 | QGT=1292769 | 本轮实际训练参数=1137
26-02-06-46 原始规范坐标 G(Re Σrow_mean) = +18.7695 | 累计|g| = 10.2064
26-02-06-46 Ψ矩阵条件数 cond(Ψ) = 3.47e+01
26-02-06-46 Loss=-5.330488 | E0=-2.84564389-0.00143625j | E1=-1.39869497+0.00013638j|E2=-0.95260305+0.00178086j|E3=-0.13354656+0.04330862j
26-02-06-46 误差(Ha): e0=4.20e-02 | e1=2.47e-03 | e2=4.52e-04 | e3=2.51e-01
26-02-06-46 #-----------------------------------------#
26-02-06-46 [Step 261] logΨ: mean=6.101-0.111j | min=2.479-0.190j | max=6.857+1.050j
26-02-06-46 梯度监控 | raw=118.5146 | natural=0.1336 | clipped=0.1336(上限20.0) | t_grad=0ms t_qgt=4ms
26-02-06-46 冻结状态 | frozen_set=[1] | P_a/P=1137/1516 | QGT=1292769 | 本轮实际训练参数=1137
26-02-06-46 原始规范坐标 G(Re Σrow_mean) = +18.5265 | 累计|g| = 10.2064
26-02-06-46 Ψ矩阵条件数 cond(Ψ) = 4.48e+01
26-02-06-46 Loss=-5.333352 | E0=-2.85505922-0.00106418j | E1=-1.39962504+0.00004398j|E2=-0.94878919+0.00022140j|E3=-0.12987813+0.04930643j
26-02-06-46 误差(Ha): e0=3.25e-02 | e1=1.54e-03 | e2=3.36e-03 | e3=2.55e-01
26-02-06-46 #-----------------------------------------#
26-02-06-46 [Step 262] logΨ: mean=7.174+0.872j | min=2.888-3.039j | max=7.918+2.312j
26-02-06-46 梯度监控 | raw=118.2398 | natural=0.1357 | clipped=0.1357(上限20.0) | t_grad=0ms t_qgt=4ms
26-02-06-46 冻结状态 | frozen_set=[1] | P_a/P=1137/1516 | QGT=1292769 | 本轮实际训练参数=1137
26-02-06-46 原始规范坐标 G(Re Σrow_mean) = +19.2856 | 累计|g| = 10.2064
26-02-06-46 Ψ矩阵条件数 cond(Ψ) = 2.62e+01
26-02-06-46 Loss=-5.335915 | E0=-2.85598481-0.00135280j | E1=-1.39975141-0.00078996j|E2=-0.94634457+0.00030394j|E3=-0.13383470+0.05437156j
26-02-06-46 误差(Ha): e0=3.16e-02 | e1=1.41e-03 | e2=5.81e-03 | e3=2.51e-01
26-02-06-46 #-----------------------------------------#
26-02-06-46 [Step 263] logΨ: mean=8.134-0.157j | min=2.101-1.055j | max=8.946+0.093j
26-02-06-46 梯度监控 | raw=221.0628 | natural=0.3751 | clipped=0.3751(上限20.0) | t_grad=0ms t_qgt=4ms
26-02-06-46 冻结状态 | frozen_set=[1] | P_a/P=1137/1516 | QGT=1292769 | 本轮实际训练参数=1137
26-02-06-46 原始规范坐标 G(Re Σrow_mean) = +19.6953 | 累计|g| = 10.2064
26-02-06-46 Ψ矩阵条件数 cond(Ψ) = 4.50e+02
26-02-06-46 Loss=-5.359290 | E0=-2.85600394+0.00002337j | E1=-1.39678460-0.00024237j|E2=-0.94527017+0.00024034j|E3=-0.16123147+0.11565006j
26-02-06-46 误差(Ha): e0=3.16e-02 | e1=4.38e-03 | e2=6.88e-03 | e3=2.23e-01
26-02-06-46 #-----------------------------------------#
26-02-06-46 [Step 264] logΨ: mean=7.580+0.088j | min=3.446-2.967j | max=8.341+2.213j
26-02-06-46 梯度监控 | raw=126.4322 | natural=0.0890 | clipped=0.0890(上限20.0) | t_grad=0ms t_qgt=5ms
26-02-06-46 冻结状态 | frozen_set=[1] | P_a/P=1137/1516 | QGT=1292769 | 本轮实际训练参数=1137
26-02-06-46 原始规范坐标 G(Re Σrow_mean) = +19.4366 | 累计|g| = 10.2064
26-02-06-46 Ψ矩阵条件数 cond(Ψ) = 1.59e+01
26-02-06-46 Loss=-5.396736 | E0=-2.85496011-0.00021985j | E1=-1.39957147-0.00030459j|E2=-0.94561856+0.00015127j|E3=-0.19658563+0.07932855j
26-02-06-46 误差(Ha): e0=3.26e-02 | e1=1.59e-03 | e2=6.53e-03 | e3=1.88e-01
26-02-06-46 #-----------------------------------------#
26-02-06-46 [Step 265] logΨ: mean=7.271+0.621j | min=3.386+0.767j | max=8.056+2.707j
26-02-06-46 梯度监控 | raw=125.6028 | natural=0.0250 | clipped=0.0250(上限20.0) | t_grad=1ms t_qgt=4ms
26-02-06-46 冻结状态 | frozen_set=[1] | P_a/P=1137/1516 | QGT=1292769 | 本轮实际训练参数=1137
26-02-06-46 原始规范坐标 G(Re Σrow_mean) = +19.2467 | 累计|g| = 10.2064
26-02-06-46 Ψ矩阵条件数 cond(Ψ) = 1.89e+02
26-02-06-46 Loss=-5.402167 | E0=-2.85448723+0.00013823j | E1=-1.39479972+0.00001403j|E2=-0.94396837-0.00020832j|E3=-0.20891211+0.07340430j
26-02-06-46 误差(Ha): e0=3.31e-02 | e1=6.36e-03 | e2=8.18e-03 | e3=1.76e-01
26-02-06-46 #-----------------------------------------#
26-02-06-46 [Step 266] logΨ: mean=6.207+0.586j | min=2.973-0.455j | max=6.963+2.580j
26-02-06-46 梯度监控 | raw=119.3401 | natural=0.1697 | clipped=0.1697(上限20.0) | t_grad=1ms t_qgt=4ms
26-02-06-46 冻结状态 | frozen_set=[1] | P_a/P=1137/1516 | QGT=1292769 | 本轮实际训练参数=1137
26-02-06-46 原始规范坐标 G(Re Σrow_mean) = +18.6294 | 累计|g| = 10.2064
26-02-06-46 Ψ矩阵条件数 cond(Ψ) = 1.97e+01
26-02-06-46 Loss=-5.415070 | E0=-2.85430897-0.00023501j | E1=-1.39977989-0.00107670j|E2=-0.94618973+0.00021826j|E3=-0.21479191+0.07795646j
26-02-06-46 误差(Ha): e0=3.33e-02 | e1=1.38e-03 | e2=5.96e-03 | e3=1.70e-01
26-02-06-46 #-----------------------------------------#
26-02-06-46 [Step 267] logΨ: mean=5.239+0.400j | min=1.310+0.706j | max=6.038+2.649j
26-02-06-46 梯度监控 | raw=100.6443 | natural=0.1743 | clipped=0.1743(上限20.0) | t_grad=0ms t_qgt=3ms
26-02-06-46 冻结状态 | frozen_set=[1] | P_a/P=1137/1516 | QGT=1292769 | 本轮实际训练参数=1137
26-02-06-46 原始规范坐标 G(Re Σrow_mean) = +18.1515 | 累计|g| = 10.2064
26-02-06-46 Ψ矩阵条件数 cond(Ψ) = 2.59e+01
26-02-06-46 Loss=-5.433179 | E0=-2.85209908-0.00046872j | E1=-1.40116327-0.00000001j|E2=-0.94629680+0.00003121j|E3=-0.23361963+0.08200084j
26-02-06-46 误差(Ha): e0=3.55e-02 | e1=5.03e-09 | e2=5.85e-03 | e3=1.51e-01
26-02-06-46 #-----------------------------------------#
26-02-06-46 [Step 268] logΨ: mean=5.747+0.660j | min=1.341-2.840j | max=6.602+2.729j
26-02-06-46 梯度监控 | raw=103.2177 | natural=0.2495 | clipped=0.2495(上限20.0) | t_grad=0ms t_qgt=4ms
26-02-06-46 冻结状态 | frozen_set=[1] | P_a/P=1137/1516 | QGT=1292769 | 本轮实际训练参数=1137
26-02-06-46 原始规范坐标 G(Re Σrow_mean) = +18.4307 | 累计|g| = 10.2064
26-02-06-46 Ψ矩阵条件数 cond(Ψ) = 2.52e+01
26-02-06-46 Loss=-5.459786 | E0=-2.84869839-0.00166038j | E1=-1.39596382-0.00413183j|E2=-0.94274987-0.00063151j|E3=-0.27237344+0.09654943j
26-02-06-46 误差(Ha): e0=3.89e-02 | e1=5.20e-03 | e2=9.40e-03 | e3=1.12e-01
26-02-06-46 #-----------------------------------------#
26-02-06-46 [Step 269] logΨ: mean=6.119+0.697j | min=0.073-0.254j | max=7.087+3.056j
26-02-06-46 梯度监控 | raw=115.0901 | natural=0.0775 | clipped=0.0775(上限20.0) | t_grad=0ms t_qgt=4ms
26-02-06-46 冻结状态 | frozen_set=[1] | P_a/P=1137/1516 | QGT=1292769 | 本轮实际训练参数=1137
26-02-06-46 原始规范坐标 G(Re Σrow_mean) = +18.6075 | 累计|g| = 10.2064
26-02-06-46 Ψ矩阵条件数 cond(Ψ) = 1.80e+01
26-02-06-46 Loss=-5.482412 | E0=-2.84273073-0.00088534j | E1=-1.39642671-0.00168579j|E2=-0.94426558+0.00012476j|E3=-0.29898932+0.10402133j
26-02-06-46 误差(Ha): e0=4.49e-02 | e1=4.74e-03 | e2=7.89e-03 | e3=8.57e-02
26-02-06-46 #-----------------------------------------#
26-02-06-46 [GaugeReset@270] 吸收 Δg = Σ Re(col_mean) = +18.6075 | 新|g| = 9.9689
26-02-06-46 [Step 270] logΨ: mean=6.765+0.959j | min=1.737-2.224j | max=7.682+2.867j
26-02-06-46 梯度监控 | raw=124.5453 | natural=0.1898 | clipped=0.1898(上限20.0) | t_grad=1ms t_qgt=5ms
26-02-06-46 冻结状态 | frozen_set=[1] | P_a/P=1137/1516 | QGT=1292769 | 本轮实际训练参数=1137
26-02-06-46 原始规范坐标 G(Re Σrow_mean) = +18.8130 | 累计|g| = 9.9689
26-02-06-46 Ψ矩阵条件数 cond(Ψ) = 1.22e+01
26-02-06-46 Loss=-5.493628 | E0=-2.84547177-0.00120344j | E1=-1.39369767-0.00166133j|E2=-0.94784599+0.00320106j|E3=-0.30661302+0.10350054j
26-02-06-46 误差(Ha): e0=4.21e-02 | e1=7.47e-03 | e2=4.31e-03 | e3=7.81e-02
26-02-06-46 #-----------------------------------------#
26-02-06-46 [Step 271] logΨ: mean=7.233+0.876j | min=2.993-2.741j | max=8.086+2.866j
26-02-06-46 梯度监控 | raw=116.3547 | natural=0.0697 | clipped=0.0697(上限20.0) | t_grad=0ms t_qgt=4ms
26-02-06-46 冻结状态 | frozen_set=[1] | P_a/P=1137/1516 | QGT=1292769 | 本轮实际训练参数=1137
26-02-06-46 原始规范坐标 G(Re Σrow_mean) = +19.0194 | 累计|g| = 9.9689
26-02-06-46 Ψ矩阵条件数 cond(Ψ) = 1.36e+01
26-02-06-46 Loss=-5.493729 | E0=-2.85014823-0.00055994j | E1=-1.39594542-0.00031330j|E2=-0.94366747+0.00040864j|E3=-0.30396813+0.08730645j
26-02-06-46 误差(Ha): e0=3.74e-02 | e1=5.22e-03 | e2=8.48e-03 | e3=8.07e-02
26-02-06-46 #-----------------------------------------#
26-02-06-46 [Step 272] logΨ: mean=7.397+0.335j | min=2.528-2.536j | max=8.380+3.018j
26-02-06-46 梯度监控 | raw=111.6696 | natural=0.2405 | clipped=0.2405(上限20.0) | t_grad=0ms t_qgt=4ms
26-02-06-46 冻结状态 | frozen_set=[1] | P_a/P=1137/1516 | QGT=1292769 | 本轮实际训练参数=1137
26-02-06-46 原始规范坐标 G(Re Σrow_mean) = +19.0471 | 累计|g| = 9.9689
26-02-06-46 Ψ矩阵条件数 cond(Ψ) = 3.30e+01
26-02-06-46 Loss=-5.492108 | E0=-2.85109496-0.00055566j | E1=-1.38488701+0.00374939j|E2=-0.94689570-0.00197084j|E3=-0.30923014+0.09637759j
26-02-06-46 误差(Ha): e0=3.65e-02 | e1=1.63e-02 | e2=5.26e-03 | e3=7.55e-02
26-02-06-46 #-----------------------------------------#
26-02-06-46 [Step 273] logΨ: mean=7.862+0.285j | min=3.367+2.022j | max=8.779+2.968j
26-02-06-46 梯度监控 | raw=122.8522 | natural=0.0192 | clipped=0.0192(上限20.0) | t_grad=0ms t_qgt=5ms
26-02-06-46 冻结状态 | frozen_set=[1] | P_a/P=1137/1516 | QGT=1292769 | 本轮实际训练参数=1137
26-02-06-46 原始规范坐标 G(Re Σrow_mean) = +19.3614 | 累计|g| = 9.9689
26-02-06-46 Ψ矩阵条件数 cond(Ψ) = 3.56e+01
26-02-06-46 Loss=-5.554313 | E0=-2.85294187-0.00030089j | E1=-1.39693597-0.00090504j|E2=-0.94418338+0.00026553j|E3=-0.36025146+0.10479951j
26-02-06-46 误差(Ha): e0=3.47e-02 | e1=4.23e-03 | e2=7.97e-03 | e3=2.44e-02
26-02-06-46 #-----------------------------------------#
26-02-06-46 [Step 274] logΨ: mean=7.939+0.242j | min=5.820+2.013j | max=8.854+3.010j
26-02-06-46 梯度监控 | raw=125.1854 | natural=0.0051 | clipped=0.0051(上限20.0) | t_grad=0ms t_qgt=4ms
26-02-06-46 冻结状态 | frozen_set=[1] | P_a/P=1137/1516 | QGT=1292769 | 本轮实际训练参数=1137
26-02-06-46 原始规范坐标 G(Re Σrow_mean) = +19.4147 | 累计|g| = 9.9689
26-02-06-46 Ψ矩阵条件数 cond(Ψ) = 1.26e+01
26-02-06-46 Loss=-5.552087 | E0=-2.85475633-0.00021629j | E1=-1.40095653-0.00002687j|E2=-0.94606313+0.00003296j|E3=-0.35031069+0.08396712j
26-02-06-46 误差(Ha): e0=3.28e-02 | e1=2.07e-04 | e2=6.09e-03 | e3=3.44e-02
26-02-06-46 #-----------------------------------------#
26-02-06-46 [Step 275] logΨ: mean=8.664-0.067j | min=4.513+0.132j | max=9.540+0.124j
26-02-06-46 梯度监控 | raw=120.8342 | natural=0.0953 | clipped=0.0953(上限20.0) | t_grad=0ms t_qgt=4ms
26-02-06-46 冻结状态 | frozen_set=[1] | P_a/P=1137/1516 | QGT=1292769 | 本轮实际训练参数=1137
26-02-06-46 原始规范坐标 G(Re Σrow_mean) = +19.7145 | 累计|g| = 9.9689
26-02-06-46 Ψ矩阵条件数 cond(Ψ) = 1.26e+01
26-02-06-46 Loss=-5.550844 | E0=-2.84999853-0.00016579j | E1=-1.40053508-0.00008559j|E2=-0.94584654+0.00004460j|E3=-0.35446415+0.09016764j
26-02-06-46 误差(Ha): e0=3.76e-02 | e1=6.28e-04 | e2=6.30e-03 | e3=3.02e-02
26-02-06-46 #-----------------------------------------#
26-02-06-46 [Step 276] logΨ: mean=9.042-0.191j | min=4.692-0.201j | max=9.935+0.110j
26-02-06-46 梯度监控 | raw=116.8399 | natural=0.1131 | clipped=0.1131(上限20.0) | t_grad=0ms t_qgt=5ms
26-02-06-46 冻结状态 | frozen_set=[1] | P_a/P=1137/1516 | QGT=1292769 | 本轮实际训练参数=1137
26-02-06-46 原始规范坐标 G(Re Σrow_mean) = +19.9038 | 累计|g| = 9.9689
26-02-06-46 Ψ矩阵条件数 cond(Ψ) = 1.09e+01
26-02-06-46 Loss=-5.548363 | E0=-2.85347952-0.00006051j | E1=-1.40019554-0.00059298j|E2=-0.94613138+0.00014780j|E3=-0.34855669+0.07846466j
26-02-06-46 误差(Ha): e0=3.41e-02 | e1=9.68e-04 | e2=6.02e-03 | e3=3.61e-02
26-02-06-46 #-----------------------------------------#
26-02-06-46 [Step 277] logΨ: mean=9.180-0.408j | min=5.694+2.791j | max=10.003+0.139j
26-02-06-46 梯度监控 | raw=122.9120 | natural=0.0047 | clipped=0.0047(上限20.0) | t_grad=1ms t_qgt=5ms
26-02-06-46 冻结状态 | frozen_set=[1] | P_a/P=1137/1516 | QGT=1292769 | 本轮实际训练参数=1137
26-02-06-46 原始规范坐标 G(Re Σrow_mean) = +19.9755 | 累计|g| = 9.9689
26-02-06-46 Ψ矩阵条件数 cond(Ψ) = 1.33e+01
26-02-06-46 Loss=-5.556551 | E0=-2.85499160-0.00017108j | E1=-1.39948584-0.00031402j|E2=-0.94531110+0.00015460j|E3=-0.35676216+0.07052094j
26-02-06-46 误差(Ha): e0=3.26e-02 | e1=1.68e-03 | e2=6.84e-03 | e3=2.79e-02
26-02-06-46 #-----------------------------------------#
26-02-06-46 [Step 278] logΨ: mean=9.307-0.358j | min=5.203+0.463j | max=10.095+0.160j
26-02-06-46 梯度监控 | raw=117.5638 | natural=0.0060 | clipped=0.0060(上限20.0) | t_grad=0ms t_qgt=4ms
26-02-06-46 冻结状态 | frozen_set=[1] | P_a/P=1137/1516 | QGT=1292769 | 本轮实际训练参数=1137
26-02-06-46 原始规范坐标 G(Re Σrow_mean) = +20.0300 | 累计|g| = 9.9689
26-02-06-46 Ψ矩阵条件数 cond(Ψ) = 4.67e+01
26-02-06-46 Loss=-5.557167 | E0=-2.85499619-0.00017938j | E1=-1.40070219+0.00000179j|E2=-0.94576994+0.00007132j|E3=-0.35569859+0.06288548j
26-02-06-46 误差(Ha): e0=3.26e-02 | e1=4.61e-04 | e2=6.38e-03 | e3=2.90e-02
26-02-06-46 #-----------------------------------------#
26-02-06-46 [Step 279] logΨ: mean=9.304-0.428j | min=8.715-2.124j | max=10.089+0.191j
26-02-06-46 梯度监控 | raw=123.2525 | natural=0.0041 | clipped=0.0041(上限20.0) | t_grad=0ms t_qgt=4ms
26-02-06-46 冻结状态 | frozen_set=[1] | P_a/P=1137/1516 | QGT=1292769 | 本轮实际训练参数=1137
26-02-06-46 原始规范坐标 G(Re Σrow_mean) = +20.0710 | 累计|g| = 9.9689
26-02-06-46 Ψ矩阵条件数 cond(Ψ) = 4.62e+01
26-02-06-46 Loss=-5.572348 | E0=-2.85500550-0.00018277j | E1=-1.40116326+0.00000001j|E2=-0.94614638+0.00004526j|E3=-0.37003288+0.07144375j
26-02-06-46 误差(Ha): e0=3.26e-02 | e1=1.57e-08 | e2=6.00e-03 | e3=1.47e-02
26-02-06-46 #-----------------------------------------#
26-02-06-46 [保存] Step 279 → pickle 文件已更新 (280 条记录)
26-02-06-46 [GaugeReset@280] 吸收 Δg = Σ Re(col_mean) = +20.0710 | 新|g| = 10.6216
26-02-06-46 [Step 280] logΨ: mean=7.287-0.211j | min=3.357-0.286j | max=8.054+0.400j
26-02-06-46 梯度监控 | raw=121.0073 | natural=0.0813 | clipped=0.0813(上限20.0) | t_grad=0ms t_qgt=4ms
26-02-06-46 冻结状态 | frozen_set=[1] | P_a/P=1137/1516 | QGT=1292769 | 本轮实际训练参数=1137
26-02-06-46 原始规范坐标 G(Re Σrow_mean) = +19.7802 | 累计|g| = 10.6216
26-02-06-46 Ψ矩阵条件数 cond(Ψ) = 1.65e+01
26-02-06-46 Loss=-5.567260 | E0=-2.85505476-0.00018521j | E1=-1.40116326+0.00000000j|E2=-0.94615600+0.00004445j|E3=-0.36488565+0.06217501j
26-02-06-46 误差(Ha): e0=3.25e-02 | e1=1.40e-08 | e2=5.99e-03 | e3=1.98e-02
26-02-06-46 #-----------------------------------------#
26-02-06-46 [Step 281] logΨ: mean=7.276-0.145j | min=6.716-1.928j | max=8.046+0.423j
26-02-06-46 梯度监控 | raw=124.6390 | natural=0.0038 | clipped=0.0038(上限20.0) | t_grad=0ms t_qgt=5ms
26-02-06-46 冻结状态 | frozen_set=[1] | P_a/P=1137/1516 | QGT=1292769 | 本轮实际训练参数=1137
26-02-06-46 原始规范坐标 G(Re Σrow_mean) = +19.7370 | 累计|g| = 10.6216
26-02-06-46 Ψ矩阵条件数 cond(Ψ) = 1.64e+01
26-02-06-46 Loss=-5.563989 | E0=-2.85503825-0.00034945j | E1=-1.40116325-0.00000002j|E2=-0.94614473+0.00003086j|E3=-0.36164266+0.05267634j
26-02-06-46 误差(Ha): e0=3.26e-02 | e1=2.50e-08 | e2=6.01e-03 | e3=2.31e-02
26-02-06-46 #-----------------------------------------#
26-02-06-46 [Step 282] logΨ: mean=7.651-0.130j | min=4.148+1.589j | max=8.393+0.385j
26-02-06-46 梯度监控 | raw=122.0983 | natural=0.0113 | clipped=0.0113(上限20.0) | t_grad=1ms t_qgt=4ms
26-02-06-46 冻结状态 | frozen_set=[1] | P_a/P=1137/1516 | QGT=1292769 | 本轮实际训练参数=1137
26-02-06-46 原始规范坐标 G(Re Σrow_mean) = +19.9519 | 累计|g| = 10.6216
26-02-06-46 Ψ矩阵条件数 cond(Ψ) = 1.56e+01
26-02-06-46 Loss=-5.572418 | E0=-2.85093317-0.00038348j | E1=-1.40095170-0.00006079j|E2=-0.94604218+0.00006545j|E3=-0.37449110+0.06104025j
26-02-06-46 误差(Ha): e0=3.67e-02 | e1=2.12e-04 | e2=6.11e-03 | e3=1.02e-02
26-02-06-46 #-----------------------------------------#
26-02-06-46 [Step 283] logΨ: mean=7.307-0.385j | min=3.504-2.427j | max=8.044+0.023j
26-02-06-46 梯度监控 | raw=128.0092 | natural=0.0824 | clipped=0.0824(上限20.0) | t_grad=0ms t_qgt=5ms
26-02-06-46 冻结状态 | frozen_set=[1] | P_a/P=1137/1516 | QGT=1292769 | 本轮实际训练参数=1137
26-02-06-46 原始规范坐标 G(Re Σrow_mean) = +19.7264 | 累计|g| = 10.6216
26-02-06-46 Ψ矩阵条件数 cond(Ψ) = 1.78e+01
26-02-06-46 Loss=-5.577406 | E0=-2.85507687-0.00027707j | E1=-1.40116330-0.00000003j|E2=-0.94614488+0.00003501j|E3=-0.37502094+0.05807111j
26-02-06-46 误差(Ha): e0=3.25e-02 | e1=1.92e-08 | e2=6.01e-03 | e3=9.67e-03
26-02-06-46 #-----------------------------------------#
26-02-06-46 [Step 284] logΨ: mean=7.554-0.237j | min=2.439+1.549j | max=8.325+0.227j
26-02-06-46 梯度监控 | raw=125.4662 | natural=0.1694 | clipped=0.1694(上限20.0) | t_grad=0ms t_qgt=5ms
26-02-06-46 冻结状态 | frozen_set=[1] | P_a/P=1137/1516 | QGT=1292769 | 本轮实际训练参数=1137
26-02-06-46 原始规范坐标 G(Re Σrow_mean) = +19.8850 | 累计|g| = 10.6216
26-02-06-46 Ψ矩阵条件数 cond(Ψ) = 1.67e+01
26-02-06-46 Loss=-5.565828 | E0=-2.85101529-0.00038404j | E1=-1.39860848-0.00071874j|E2=-0.94462112+0.00037212j|E3=-0.37158312+0.05542365j
26-02-06-46 误差(Ha): e0=3.66e-02 | e1=2.55e-03 | e2=7.53e-03 | e3=1.31e-02
26-02-06-46 #-----------------------------------------#
26-02-06-46 [Step 285] logΨ: mean=7.107+0.841j | min=4.109+2.973j | max=7.822+2.792j
26-02-06-46 梯度监控 | raw=125.5068 | natural=0.0312 | clipped=0.0312(上限20.0) | t_grad=1ms t_qgt=4ms
26-02-06-46 冻结状态 | frozen_set=[1] | P_a/P=1137/1516 | QGT=1292769 | 本轮实际训练参数=1137
26-02-06-46 原始规范坐标 G(Re Σrow_mean) = +19.6624 | 累计|g| = 10.6216
26-02-06-46 Ψ矩阵条件数 cond(Ψ) = 2.19e+01
26-02-06-46 Loss=-5.572867 | E0=-2.85512784-0.00034498j | E1=-1.40090559+0.00003349j|E2=-0.94603786-0.00000653j|E3=-0.37079549+0.05081678j
26-02-06-46 误差(Ha): e0=3.25e-02 | e1=2.58e-04 | e2=6.11e-03 | e3=1.39e-02
26-02-06-46 #-----------------------------------------#
26-02-06-47 [Step 286] logΨ: mean=7.121+0.903j | min=6.534-2.324j | max=7.816+2.809j
26-02-06-47 梯度监控 | raw=92.4311 | natural=0.0028 | clipped=0.0028(上限20.0) | t_grad=0ms t_qgt=4ms
26-02-06-47 冻结状态 | frozen_set=[1] | P_a/P=1137/1516 | QGT=1292769 | 本轮实际训练参数=1137
26-02-06-47 原始规范坐标 G(Re Σrow_mean) = +19.6187 | 累计|g| = 10.6216
26-02-06-47 Ψ矩阵条件数 cond(Ψ) = 2.79e+01
26-02-06-47 Loss=-5.564110 | E0=-2.85482778-0.00045032j | E1=-1.40116328+0.00000001j|E2=-0.94613745+0.00003017j|E3=-0.36198103+0.04201364j
26-02-06-47 误差(Ha): e0=3.28e-02 | e1=5.19e-09 | e2=6.01e-03 | e3=2.27e-02
26-02-06-47 #-----------------------------------------#
26-02-06-47 [Step 287] logΨ: mean=6.951+0.361j | min=3.731+2.798j | max=7.587+3.021j
26-02-06-47 梯度监控 | raw=95.0726 | natural=0.0848 | clipped=0.0848(上限20.0) | t_grad=0ms t_qgt=4ms
26-02-06-47 冻结状态 | frozen_set=[1] | P_a/P=1137/1516 | QGT=1292769 | 本轮实际训练参数=1137
26-02-06-47 原始规范坐标 G(Re Σrow_mean) = +19.5096 | 累计|g| = 10.6216
26-02-06-47 Ψ矩阵条件数 cond(Ψ) = 4.36e+01
26-02-06-47 Loss=-5.561523 | E0=-2.85484777-0.00046032j | E1=-1.40116327-0.00000003j|E2=-0.94614320+0.00003077j|E3=-0.35936894+0.04489170j
26-02-06-47 误差(Ha): e0=3.27e-02 | e1=5.60e-09 | e2=6.01e-03 | e3=2.53e-02
26-02-06-47 #-----------------------------------------#
26-02-06-47 [Step 288] logΨ: mean=6.884+0.616j | min=3.292+2.935j | max=7.515+2.831j
26-02-06-47 梯度监控 | raw=89.4382 | natural=0.0525 | clipped=0.0525(上限20.0) | t_grad=0ms t_qgt=4ms
26-02-06-47 冻结状态 | frozen_set=[1] | P_a/P=1137/1516 | QGT=1292769 | 本轮实际训练参数=1137
26-02-06-47 原始规范坐标 G(Re Σrow_mean) = +19.4266 | 累计|g| = 10.6216
26-02-06-47 Ψ矩阵条件数 cond(Ψ) = 3.45e+01
26-02-06-47 Loss=-5.536124 | E0=-2.83655998-0.00089486j | E1=-1.39839908+0.00033557j|E2=-0.94484240-0.00037301j|E3=-0.35632295+0.03904320j
26-02-06-47 误差(Ha): e0=5.10e-02 | e1=2.76e-03 | e2=7.31e-03 | e3=2.84e-02
26-02-06-47 #-----------------------------------------#
26-02-06-47 [Step 289] logΨ: mean=7.199+0.560j | min=2.882-1.173j | max=7.833+2.882j
26-02-06-47 梯度监控 | raw=89.9118 | natural=0.0268 | clipped=0.0268(上限20.0) | t_grad=0ms t_qgt=4ms
26-02-06-47 冻结状态 | frozen_set=[1] | P_a/P=1137/1516 | QGT=1292769 | 本轮实际训练参数=1137
26-02-06-47 原始规范坐标 G(Re Σrow_mean) = +19.6027 | 累计|g| = 10.6216
26-02-06-47 Ψ矩阵条件数 cond(Ψ) = 3.57e+01
26-02-06-47 Loss=-5.552702 | E0=-2.85166355-0.00055290j | E1=-1.40024712-0.00027994j|E2=-0.94552548+0.00015234j|E3=-0.35526554+0.03293330j
26-02-06-47 误差(Ha): e0=3.59e-02 | e1=9.16e-04 | e2=6.63e-03 | e3=2.94e-02
26-02-06-47 #-----------------------------------------#
26-02-06-47 [GaugeReset@290] 吸收 Δg = Σ Re(col_mean) = +19.6027 | 新|g| = 10.3199
26-02-06-47 [Step 290] logΨ: mean=7.669+0.228j | min=7.029-1.954j | max=8.297+3.126j
26-02-06-47 梯度监控 | raw=93.9982 | natural=0.0023 | clipped=0.0023(上限20.0) | t_grad=1ms t_qgt=4ms
26-02-06-47 冻结状态 | frozen_set=[1] | P_a/P=1137/1516 | QGT=1292769 | 本轮实际训练参数=1137
26-02-06-47 原始规范坐标 G(Re Σrow_mean) = +19.6164 | 累计|g| = 10.3199
26-02-06-47 Ψ矩阵条件数 cond(Ψ) = 3.13e+01
26-02-06-47 Loss=-5.556889 | E0=-2.85503946-0.00045832j | E1=-1.40116326+0.00000001j|E2=-0.94614729+0.00002336j|E3=-0.35453929+0.02736704j
26-02-06-47 误差(Ha): e0=3.26e-02 | e1=2.07e-08 | e2=6.00e-03 | e3=3.02e-02
26-02-06-47 #-----------------------------------------#
26-02-06-47 [Step 291] logΨ: mean=7.634+0.203j | min=3.883+1.503j | max=8.228+0.536j
26-02-06-47 梯度监控 | raw=83.0799 | natural=0.0977 | clipped=0.0977(上限20.0) | t_grad=1ms t_qgt=4ms
26-02-06-47 冻结状态 | frozen_set=[1] | P_a/P=1137/1516 | QGT=1292769 | 本轮实际训练参数=1137
26-02-06-47 原始规范坐标 G(Re Σrow_mean) = +19.5574 | 累计|g| = 10.3199
26-02-06-47 Ψ矩阵条件数 cond(Ψ) = 3.97e+01
26-02-06-47 Loss=-5.549482 | E0=-2.85506953-0.00044762j | E1=-1.40116328+0.00000000j|E2=-0.94615091+0.00002165j|E3=-0.34709829+0.02602958j
26-02-06-47 误差(Ha): e0=3.25e-02 | e1=6.53e-09 | e2=6.00e-03 | e3=3.76e-02
26-02-06-47 #-----------------------------------------#
26-02-06-47 [Step 292] logΨ: mean=7.764+0.115j | min=3.278-0.719j | max=8.339+0.477j
26-02-06-47 梯度监控 | raw=71.8336 | natural=0.0972 | clipped=0.0972(上限20.0) | t_grad=0ms t_qgt=4ms
26-02-06-47 冻结状态 | frozen_set=[1] | P_a/P=1137/1516 | QGT=1292769 | 本轮实际训练参数=1137
26-02-06-47 原始规范坐标 G(Re Σrow_mean) = +19.5527 | 累计|g| = 10.3199
26-02-06-47 Ψ矩阵条件数 cond(Ψ) = 3.71e+01
26-02-06-47 Loss=-5.527930 | E0=-2.85368669-0.00054087j | E1=-1.40020259+0.00018901j|E2=-0.94569613-0.00014867j|E3=-0.32834460+0.01838505j
26-02-06-47 误差(Ha): e0=3.39e-02 | e1=9.61e-04 | e2=6.45e-03 | e3=5.63e-02
26-02-06-47 #-----------------------------------------#
26-02-06-47 [Step 293] logΨ: mean=7.831+0.113j | min=7.083-1.412j | max=8.336+0.482j
26-02-06-47 梯度监控 | raw=70.7591 | natural=0.0019 | clipped=0.0019(上限20.0) | t_grad=1ms t_qgt=4ms
26-02-06-47 冻结状态 | frozen_set=[1] | P_a/P=1137/1516 | QGT=1292769 | 本轮实际训练参数=1137
26-02-06-47 原始规范坐标 G(Re Σrow_mean) = +19.5648 | 累计|g| = 10.3199
26-02-06-47 Ψ矩阵条件数 cond(Ψ) = 3.74e+01
26-02-06-47 Loss=-5.532456 | E0=-2.85523768-0.00041108j | E1=-1.40116331+0.00000001j|E2=-0.94615641+0.00001483j|E3=-0.32989861+0.01914093j
26-02-06-47 误差(Ha): e0=3.24e-02 | e1=3.19e-08 | e2=5.99e-03 | e3=5.48e-02
26-02-06-47 #-----------------------------------------#
26-02-06-47 [Step 294] logΨ: mean=6.463+0.406j | min=3.049+2.758j | max=6.925+2.606j
26-02-06-47 梯度监控 | raw=63.7703 | natural=0.3149 | clipped=0.3149(上限20.0) | t_grad=0ms t_qgt=4ms
26-02-06-47 冻结状态 | frozen_set=[1] | P_a/P=1137/1516 | QGT=1292769 | 本轮实际训练参数=1137
26-02-06-47 原始规范坐标 G(Re Σrow_mean) = +19.1996 | 累计|g| = 10.3199
26-02-06-47 Ψ矩阵条件数 cond(Ψ) = 4.78e+01
26-02-06-47 Loss=-5.530555 | E0=-2.85523978-0.00041427j | E1=-1.39928776+0.00034502j|E2=-0.94522007-0.00031251j|E3=-0.33080717+0.01758736j
26-02-06-47 误差(Ha): e0=3.24e-02 | e1=1.88e-03 | e2=6.93e-03 | e3=5.39e-02
26-02-06-47 #-----------------------------------------#
26-02-06-47 [Step 295] logΨ: mean=6.827+0.608j | min=2.053+0.806j | max=7.334+2.549j
26-02-06-47 梯度监控 | raw=36.7359 | natural=0.0166 | clipped=0.0166(上限20.0) | t_grad=1ms t_qgt=4ms
26-02-06-47 冻结状态 | frozen_set=[1] | P_a/P=1137/1516 | QGT=1292769 | 本轮实际训练参数=1137
26-02-06-47 原始规范坐标 G(Re Σrow_mean) = +19.4147 | 累计|g| = 10.3199
26-02-06-47 Ψ矩阵条件数 cond(Ψ) = 3.17e+01
26-02-06-47 Loss=-5.522947 | E0=-2.84021112-0.00080499j | E1=-1.39635252-0.00131542j|E2=-0.94319608+0.00089207j|E3=-0.34318777+0.00674956j
26-02-06-47 误差(Ha): e0=4.74e-02 | e1=4.81e-03 | e2=8.95e-03 | e3=4.15e-02
26-02-06-47 #-----------------------------------------#
26-02-06-47 [Step 296] logΨ: mean=7.725+1.137j | min=3.160-1.245j | max=8.188+2.715j
26-02-06-47 梯度监控 | raw=42.0481 | natural=0.0701 | clipped=0.0701(上限20.0) | t_grad=0ms t_qgt=4ms
26-02-06-47 冻结状态 | frozen_set=[1] | P_a/P=1137/1516 | QGT=1292769 | 本轮实际训练参数=1137
26-02-06-47 原始规范坐标 G(Re Σrow_mean) = +19.8536 | 累计|g| = 10.3199
26-02-06-47 Ψ矩阵条件数 cond(Ψ) = 2.62e+01
26-02-06-47 Loss=-5.539667 | E0=-2.84700843-0.00053373j | E1=-1.40116326+0.00000001j|E2=-0.94616210-0.00002223j|E3=-0.34533314+0.00746109j
26-02-06-47 误差(Ha): e0=4.06e-02 | e1=1.43e-08 | e2=5.99e-03 | e3=3.94e-02
26-02-06-47 #-----------------------------------------#
26-02-06-47 [Step 297] logΨ: mean=7.441-0.775j | min=2.478+0.156j | max=7.896+0.435j
26-02-06-47 梯度监控 | raw=38.7688 | natural=0.1407 | clipped=0.1407(上限20.0) | t_grad=0ms t_qgt=5ms
26-02-06-47 冻结状态 | frozen_set=[1] | P_a/P=1137/1516 | QGT=1292769 | 本轮实际训练参数=1137
26-02-06-47 原始规范坐标 G(Re Σrow_mean) = +19.6859 | 累计|g| = 10.3199
26-02-06-47 Ψ矩阵条件数 cond(Ψ) = 3.48e+01
26-02-06-47 Loss=-5.540989 | E0=-2.85471276-0.00043210j | E1=-1.40116323+0.00000001j|E2=-0.94613494-0.00001011j|E3=-0.33897781+0.00258686j
26-02-06-47 误差(Ha): e0=3.29e-02 | e1=4.28e-08 | e2=6.02e-03 | e3=4.57e-02
26-02-06-47 #-----------------------------------------#
26-02-06-47 [Step 298] logΨ: mean=7.366+0.832j | min=2.640+0.326j | max=7.802+3.071j
26-02-06-47 梯度监控 | raw=37.8732 | natural=0.0330 | clipped=0.0330(上限20.0) | t_grad=0ms t_qgt=4ms
26-02-06-47 冻结状态 | frozen_set=[1] | P_a/P=1137/1516 | QGT=1292769 | 本轮实际训练参数=1137
26-02-06-47 原始规范坐标 G(Re Σrow_mean) = +19.6686 | 累计|g| = 10.3199
26-02-06-47 Ψ矩阵条件数 cond(Ψ) = 2.82e+01
26-02-06-47 Loss=-5.532014 | E0=-2.84843604-0.00129924j | E1=-1.39907323+0.00034773j|E2=-0.94484810-0.00028799j|E3=-0.33965651+0.00412793j
26-02-06-47 误差(Ha): e0=3.92e-02 | e1=2.09e-03 | e2=7.30e-03 | e3=4.50e-02
26-02-06-47 #-----------------------------------------#
26-02-06-47 [Step 299] logΨ: mean=7.763+0.851j | min=3.616+0.763j | max=8.163+3.047j
26-02-06-47 梯度监控 | raw=43.1422 | natural=0.0102 | clipped=0.0102(上限20.0) | t_grad=1ms t_qgt=4ms
26-02-06-47 冻结状态 | frozen_set=[1] | P_a/P=1137/1516 | QGT=1292769 | 本轮实际训练参数=1137
26-02-06-47 原始规范坐标 G(Re Σrow_mean) = +19.8538 | 累计|g| = 10.3199
26-02-06-47 Ψ矩阵条件数 cond(Ψ) = 2.51e+01
26-02-06-47 Loss=-5.533237 | E0=-2.85165394-0.00067281j | E1=-1.39975222-0.00062640j|E2=-0.94482857+0.00034429j|E3=-0.33700208+0.00443823j
26-02-06-47 误差(Ha): e0=3.59e-02 | e1=1.41e-03 | e2=7.32e-03 | e3=4.77e-02
26-02-06-47 #-----------------------------------------#
26-02-06-47 [保存] Step 299 → pickle 文件已更新 (300 条记录)
26-02-06-47 [GaugeReset@300] 吸收 Δg = Σ Re(col_mean) = +19.8538 | 新|g| = 10.4991
26-02-06-47 训练耗时：225.80 秒
26-02-06-47 
============================================================
26-02-06-47 训练完成!
26-02-06-47 ============================================================
26-02-06-47 
===== 分段冻结结果汇总 =====
26-02-06-47 冻结事件（step, 能级, 类型）：[(85, 1, 'freeze')]
26-02-06-47 最终 frozen_set：[1]
26-02-06-47 总参数 P = 1516 | 初始活跃 P_a = 1516 | 最终活跃 P_a = 1137
26-02-06-47 最终 QGT 尺寸 = 1137 x 1137（初始 1516 x 1516）
26-02-06-47 最终各能级误差(mHa): E0=35.94 | E1=1.41 | E2=7.32 | E3=47.69
26-02-06-47 [保存] 训练结束，pickle 最终写入 300 条记录 → ./data/26-09-02-06-43_history_natural_gradient_He_atom_K4_frozen.pkl
26-02-06-47 Loss 曲线已保存: ./日志/26-09-02-06-43_loss_curve_frozen.png
26-02-06-47 活跃参数数曲线已保存: ./日志/26-09-02-06-43_active_params_curve_frozen.png
26-02-06-47 QGT 尺寸曲线已保存: ./日志/26-09-02-06-43_qgt_size_curve_frozen.png
26-02-06-47 能级误差曲线已保存: ./日志/26-09-02-06-43_err_curve_frozen.png
