
============================================================
开始多链 NES-VMC 训练 | P8: 双侧一致列规范 + 周期性 gauge reset
============================================================
精确CAS基准：基态=-7.86364558 Ha | 1激发=-7.72153670 Ha|2激发=-7.70823970 Ha|3激发=-7.68581513 Ha|
理论 Loss 上限：-30.97923710 
超参：clip_norm=20.0, lr=0.1, QGT diag_shift=0.1, RESET_PERIOD=10
检测到已有历史文件，上次保存 step=99，将从 step=100 继续
[Step   0] logΨ: mean=9.264+0.151j | min=3.413-2.258j | max=11.034+0.951j
梯度监控 | raw=20.1724 | natural=2.4716 | clipped=2.4716(上限20.0)
原始规范坐标 G(Re Σrow_mean) = +4.2997 | 累计|g| = 0.0000
Ψ矩阵条件数 cond(Ψ) = 1.15e+01
Loss=-21.989181 | E0=-5.90165091+0.01112421j | E1=-5.64291648+0.01155631j|E2=-5.33633014-0.02197863j|E3=-5.10828311-0.00074582j
#-----------------------------------------#
[Step   1] logΨ: mean=10.157+0.006j | min=4.232+2.681j | max=11.978+0.750j
梯度监控 | raw=18.2645 | natural=2.2214 | clipped=2.2214(上限20.0)
原始规范坐标 G(Re Σrow_mean) = +4.9352 | 累计|g| = 0.0000
Ψ矩阵条件数 cond(Ψ) = 2.24e+01
Loss=-23.039504 | E0=-6.25111479-0.00799138j | E1=-6.17457742+0.01573088j|E2=-5.51916180-0.00165410j|E3=-5.09464972-0.00346046j
#-----------------------------------------#
[Step   2] logΨ: mean=11.319-0.110j | min=5.511-1.072j | max=13.181+0.772j
梯度监控 | raw=22.4896 | natural=1.9624 | clipped=1.9624(上限20.0)
原始规范坐标 G(Re Σrow_mean) = +5.8836 | 累计|g| = 0.0000
Ψ矩阵条件数 cond(Ψ) = 1.21e+01
Loss=-23.837653 | E0=-6.56157928-0.00692675j | E1=-6.53924431+0.00741288j|E2=-5.62545520-0.00275761j|E3=-5.11137464+0.00096283j
#-----------------------------------------#
[Step   3] logΨ: mean=12.535-0.001j | min=6.445-1.608j | max=14.282+0.795j
梯度监控 | raw=22.8226 | natural=1.5774 | clipped=1.5774(上限20.0)
原始规范坐标 G(Re Σrow_mean) = +6.9288 | 累计|g| = 0.0000
Ψ矩阵条件数 cond(Ψ) = 1.70e+01
Loss=-24.619943 | E0=-6.95088743+0.00133226j | E1=-6.81019649+0.00297482j|E2=-5.73528259-0.00402479j|E3=-5.12357600+0.00117683j
#-----------------------------------------#
[Step   4] logΨ: mean=13.860-0.025j | min=7.956-2.166j | max=15.541+0.789j
梯度监控 | raw=35.4105 | natural=1.3917 | clipped=1.3917(上限20.0)
原始规范坐标 G(Re Σrow_mean) = +8.1604 | 累计|g| = 0.0000
Ψ矩阵条件数 cond(Ψ) = 9.74e+00
Loss=-25.092177 | E0=-7.14499420+0.00053944j | E1=-6.94074720+0.00442820j|E2=-5.84372217-0.00241488j|E3=-5.16271314-0.00125241j
#-----------------------------------------#
[Step   5] logΨ: mean=14.765-0.115j | min=9.024-2.356j | max=16.302+0.628j
梯度监控 | raw=38.0193 | natural=1.1114 | clipped=1.1114(上限20.0)
原始规范坐标 G(Re Σrow_mean) = +8.9855 | 累计|g| = 0.0000
Ψ矩阵条件数 cond(Ψ) = 3.62e+01
Loss=-25.552852 | E0=-7.30340536+0.00669234j | E1=-7.08857121+0.00357096j|E2=-5.99652116-0.01024595j|E3=-5.16435411-0.00152744j
#-----------------------------------------#
[Step   6] logΨ: mean=15.861-0.056j | min=9.760-1.824j | max=17.358+2.896j
梯度监控 | raw=60.9172 | natural=0.9886 | clipped=0.9886(上限20.0)
原始规范坐标 G(Re Σrow_mean) = +10.1133 | 累计|g| = 0.0000
Ψ矩阵条件数 cond(Ψ) = 1.03e+01
Loss=-25.961873 | E0=-7.38143612-0.00491563j | E1=-7.17178130+0.00628440j|E2=-6.13618192-0.00021350j|E3=-5.27247382+0.00132448j
#-----------------------------------------#
[Step   7] logΨ: mean=16.673-0.130j | min=7.679+0.691j | max=18.110+2.668j
梯度监控 | raw=57.0022 | natural=0.8430 | clipped=0.8430(上限20.0)
原始规范坐标 G(Re Σrow_mean) = +10.8882 | 累计|g| = 0.0000
Ψ矩阵条件数 cond(Ψ) = 1.92e+01
Loss=-26.354389 | E0=-7.46670568-0.00488928j | E1=-7.26509190+0.00142276j|E2=-6.35252552+0.00659222j|E3=-5.27006562-0.00065947j
#-----------------------------------------#
[Step   8] logΨ: mean=17.227+0.069j | min=10.204-1.075j | max=18.687+2.531j
梯度监控 | raw=88.2571 | natural=0.8485 | clipped=0.8485(上限20.0)
原始规范坐标 G(Re Σrow_mean) = +11.4731 | 累计|g| = 0.0000
Ψ矩阵条件数 cond(Ψ) = 1.06e+01
Loss=-26.709629 | E0=-7.51175417+0.00190525j | E1=-7.31899423-0.01055753j|E2=-6.46090004+0.00802946j|E3=-5.41798100+0.00058470j
#-----------------------------------------#
[Step   9] logΨ: mean=18.124+0.110j | min=11.277+2.805j | max=19.503+2.496j
梯度监控 | raw=113.0472 | natural=0.6968 | clipped=0.6968(上限20.0)
原始规范坐标 G(Re Σrow_mean) = +12.4144 | 累计|g| = 0.0000
Ψ矩阵条件数 cond(Ψ) = 9.83e+00
Loss=-27.129383 | E0=-7.56881392-0.00235884j | E1=-7.34931745+0.00100132j|E2=-6.62287802+0.00057961j|E3=-5.58837332+0.00338262j
#-----------------------------------------#
[GaugeReset@10] 吸收 Δg = Σ Re(col_mean) = +12.4144 | 新|g| = 6.5486
[Step  10] logΨ: mean=6.556-0.095j | min=1.537-0.679j | max=7.832+0.864j
梯度监控 | raw=133.6663 | natural=0.5998 | clipped=0.5998(上限20.0)
原始规范坐标 G(Re Σrow_mean) = +13.3889 | 累计|g| = 6.5486
Ψ矩阵条件数 cond(Ψ) = 2.12e+01
Loss=-27.610118 | E0=-7.60347246+0.00534505j | E1=-7.38328757+0.00068081j|E2=-6.76772645-0.00113423j|E3=-5.85563124-0.00412363j
#-----------------------------------------#
[Step  11] logΨ: mean=7.572-0.022j | min=1.640-2.455j | max=8.857+2.631j
梯度监控 | raw=146.9343 | natural=0.5683 | clipped=0.5683(上限20.0)
原始规范坐标 G(Re Σrow_mean) = +14.5571 | 累计|g| = 6.5486
Ψ矩阵条件数 cond(Ψ) = 8.33e+00
Loss=-28.123333 | E0=-7.62979760-0.00020508j | E1=-7.41658653-0.00470126j|E2=-6.89804124+0.00089600j|E3=-6.17890810+0.00092932j
#-----------------------------------------#
[Step  12] logΨ: mean=8.469+0.079j | min=3.261+2.495j | max=9.655+2.846j
梯度监控 | raw=143.7383 | natural=0.4443 | clipped=0.4443(上限20.0)
原始规范坐标 G(Re Σrow_mean) = +15.5376 | 累计|g| = 6.5486
Ψ矩阵条件数 cond(Ψ) = 3.15e+01
Loss=-28.691945 | E0=-7.64593253+0.00084970j | E1=-7.43594844+0.00507716j|E2=-7.05569768-0.00053716j|E3=-6.55436598-0.00216980j
#-----------------------------------------#
[Step  13] logΨ: mean=8.941+0.219j | min=3.135-3.097j | max=10.192+2.653j
梯度监控 | raw=128.8841 | natural=0.4385 | clipped=0.4385(上限20.0)
原始规范坐标 G(Re Σrow_mean) = +15.9420 | 累计|g| = 6.5486
Ψ矩阵条件数 cond(Ψ) = 3.26e+01
Loss=-28.840830 | E0=-7.64974878+0.00102098j | E1=-7.44821435+0.00077255j|E2=-7.11978612-0.00737186j|E3=-6.62308056+0.00767726j
#-----------------------------------------#
[Step  14] logΨ: mean=9.208+0.175j | min=2.070-0.381j | max=10.366+2.853j
梯度监控 | raw=95.2719 | natural=0.4091 | clipped=0.4091(上限20.0)
原始规范坐标 G(Re Σrow_mean) = +16.3293 | 累计|g| = 6.5486
Ψ矩阵条件数 cond(Ψ) = 7.62e+00
Loss=-29.329309 | E0=-7.66514048+0.00182027j | E1=-7.48457435+0.00476138j|E2=-7.23764221-0.00398335j|E3=-6.94195238+0.00021831j
#-----------------------------------------#
[Step  15] logΨ: mean=9.959+0.030j | min=3.090-1.728j | max=10.980+0.079j
梯度监控 | raw=59.9304 | natural=0.3427 | clipped=0.3427(上限20.0)
原始规范坐标 G(Re Σrow_mean) = +17.1245 | 累计|g| = 6.5486
Ψ矩阵条件数 cond(Ψ) = 7.00e+00
Loss=-29.666422 | E0=-7.67961911-0.00322063j | E1=-7.50682146+0.00807873j|E2=-7.37847726-0.00558496j|E3=-7.10150407+0.00234488j
#-----------------------------------------#
[Step  16] logΨ: mean=10.873+0.379j | min=3.672-1.493j | max=11.925+2.979j
梯度监控 | raw=60.0693 | natural=0.3170 | clipped=0.3170(上限20.0)
原始规范坐标 G(Re Σrow_mean) = +17.9371 | 累计|g| = 6.5486
Ψ矩阵条件数 cond(Ψ) = 8.35e+00
Loss=-29.670571 | E0=-7.67651374+0.00164517j | E1=-7.49261205+0.00399819j|E2=-7.38430913-0.00710056j|E3=-7.11713592+0.00019956j
#-----------------------------------------#
[Step  17] logΨ: mean=11.689+0.485j | min=3.988+0.522j | max=12.594+2.980j
梯度监控 | raw=31.1927 | natural=0.2378 | clipped=0.2378(上限20.0)
原始规范坐标 G(Re Σrow_mean) = +18.7675 | 累计|g| = 6.5486
Ψ矩阵条件数 cond(Ψ) = 1.52e+01
Loss=-29.980869 | E0=-7.69183500-0.00293141j | E1=-7.56530971-0.00379055j|E2=-7.47601973+0.00479960j|E3=-7.24770409+0.00203483j
#-----------------------------------------#
[Step  18] logΨ: mean=12.334+0.044j | min=6.380+2.442j | max=13.195+0.011j
梯度监控 | raw=24.3024 | natural=0.2370 | clipped=0.2370(上限20.0)
原始规范坐标 G(Re Σrow_mean) = +19.2964 | 累计|g| = 6.5486
Ψ矩阵条件数 cond(Ψ) = 1.46e+01
Loss=-30.056098 | E0=-7.69711480+0.00044261j | E1=-7.60979601+0.00022436j|E2=-7.50758329+0.00347436j|E3=-7.24160439-0.00390882j
#-----------------------------------------#
[Step  19] logΨ: mean=13.185-0.162j | min=6.524+1.353j | max=14.035+0.227j
梯度监控 | raw=25.2857 | natural=0.2277 | clipped=0.2277(上限20.0)
原始规范坐标 G(Re Σrow_mean) = +20.0389 | 累计|g| = 6.5486
Ψ矩阵条件数 cond(Ψ) = 1.31e+01
Loss=-30.125900 | E0=-7.70778949+0.00035267j | E1=-7.62656019+0.00155217j|E2=-7.51942415-0.00217215j|E3=-7.27212569+0.00348424j
#-----------------------------------------#
[保存] Step 19 → pickle 文件已更新 (20 条记录)
[GaugeReset@20] 吸收 Δg = Σ Re(col_mean) = +20.0389 | 新|g| = 10.8145
[Step  20] logΨ: mean=6.207-0.177j | min=0.455+1.216j | max=7.010+1.673j
梯度监控 | raw=31.6309 | natural=0.1750 | clipped=0.1750(上限20.0)
原始规范坐标 G(Re Σrow_mean) = +20.5579 | 累计|g| = 10.8145
Ψ矩阵条件数 cond(Ψ) = 1.07e+01
Loss=-30.198359 | E0=-7.71449408-0.00185903j | E1=-7.62644356-0.00203372j|E2=-7.55065030+0.00090646j|E3=-7.30677130+0.00139643j
#-----------------------------------------#
[Step  21] logΨ: mean=6.797-0.221j | min=1.158-1.285j | max=7.516+1.652j
梯度监控 | raw=37.5069 | natural=0.1239 | clipped=0.1239(上限20.0)
原始规范坐标 G(Re Σrow_mean) = +21.0065 | 累计|g| = 10.8145
Ψ矩阵条件数 cond(Ψ) = 1.02e+01
Loss=-30.221400 | E0=-7.72240094-0.00079161j | E1=-7.64521302+0.00043959j|E2=-7.55139262-0.00122016j|E3=-7.30239312+0.00331306j
#-----------------------------------------#
[Step  22] logΨ: mean=7.648+0.159j | min=1.944-2.042j | max=8.411+2.067j
梯度监控 | raw=41.1483 | natural=0.2139 | clipped=0.2139(上限20.0)
原始规范坐标 G(Re Σrow_mean) = +21.8290 | 累计|g| = 10.8145
Ψ矩阵条件数 cond(Ψ) = 8.14e+00
Loss=-30.266128 | E0=-7.72052265-0.00058698j | E1=-7.64540019-0.00026053j|E2=-7.56432594+0.00171803j|E3=-7.33587938-0.00040717j
#-----------------------------------------#
[Step  23] logΨ: mean=8.267+0.319j | min=2.545-0.935j | max=8.999+2.222j
梯度监控 | raw=56.5764 | natural=0.2009 | clipped=0.2009(上限20.0)
原始规范坐标 G(Re Σrow_mean) = +22.1431 | 累计|g| = 10.8145
Ψ矩阵条件数 cond(Ψ) = 2.65e+01
Loss=-30.277090 | E0=-7.72436614-0.00062751j | E1=-7.64833725+0.00148035j|E2=-7.56306319+0.00164184j|E3=-7.34132384-0.00087865j
#-----------------------------------------#
[Step  24] logΨ: mean=8.810+0.125j | min=2.354+1.090j | max=9.475+2.053j
梯度监控 | raw=60.4670 | natural=0.1237 | clipped=0.1237(上限20.0)
原始规范坐标 G(Re Σrow_mean) = +22.5033 | 累计|g| = 10.8145
Ψ矩阵条件数 cond(Ψ) = 9.13e+00
Loss=-30.333332 | E0=-7.72985626+0.00056736j | E1=-7.65714186+0.00092082j|E2=-7.58027546-0.00227314j|E3=-7.36605796-0.00005420j
#-----------------------------------------#
[Step  25] logΨ: mean=9.387+0.314j | min=4.312-0.220j | max=9.999+2.275j
梯度监控 | raw=66.3288 | natural=0.0855 | clipped=0.0855(上限20.0)
原始规范坐标 G(Re Σrow_mean) = +22.9341 | 累计|g| = 10.8145
Ψ矩阵条件数 cond(Ψ) = 1.19e+01
Loss=-30.378477 | E0=-7.73164249-0.00072675j | E1=-7.66254251-0.00087923j|E2=-7.60072956+0.00087254j|E3=-7.38356218-0.00318751j
#-----------------------------------------#
[Step  26] logΨ: mean=9.899+0.323j | min=4.209-2.738j | max=10.498+2.324j
梯度监控 | raw=73.2171 | natural=0.0880 | clipped=0.0880(上限20.0)
原始规范坐标 G(Re Σrow_mean) = +23.2329 | 累计|g| = 10.8145
Ψ矩阵条件数 cond(Ψ) = 8.31e+01
Loss=-30.375310 | E0=-7.73539548-0.00063768j | E1=-7.65922157+0.00129788j|E2=-7.60723735-0.00060861j|E3=-7.37345546-0.00160718j
#-----------------------------------------#
[Step  27] logΨ: mean=10.461+0.246j | min=4.267-0.794j | max=11.079+2.438j
梯度监控 | raw=85.4158 | natural=0.0759 | clipped=0.0759(上限20.0)
原始规范坐标 G(Re Σrow_mean) = +23.6554 | 累计|g| = 10.8145
Ψ矩阵条件数 cond(Ψ) = 1.02e+01
Loss=-30.430443 | E0=-7.73834942+0.00000358j | E1=-7.65686015-0.00031265j|E2=-7.60847338+0.00255026j|E3=-7.42676033-0.00377669j
#-----------------------------------------#
[Step  28] logΨ: mean=11.081+0.199j | min=5.685+1.470j | max=11.669+1.731j
梯度监控 | raw=91.1276 | natural=0.0597 | clipped=0.0597(上限20.0)
原始规范坐标 G(Re Σrow_mean) = +24.0936 | 累计|g| = 10.8145
Ψ矩阵条件数 cond(Ψ) = 1.79e+01
Loss=-30.446678 | E0=-7.74172919-0.00029193j | E1=-7.66358828+0.00096310j|E2=-7.61080564+0.00034045j|E3=-7.43055491-0.00104450j
#-----------------------------------------#
[Step  29] logΨ: mean=11.493+0.436j | min=7.065-2.412j | max=12.097+2.076j
梯度监控 | raw=92.7320 | natural=0.0669 | clipped=0.0669(上限20.0)
原始规范坐标 G(Re Σrow_mean) = +24.4606 | 累计|g| = 10.8145
Ψ矩阵条件数 cond(Ψ) = 5.30e+00
Loss=-30.483268 | E0=-7.74832276-0.00139932j | E1=-7.66521929-0.00150736j|E2=-7.61827128+0.00098813j|E3=-7.45145431+0.00154900j
#-----------------------------------------#
[GaugeReset@30] 吸收 Δg = Σ Re(col_mean) = +24.4606 | 新|g| = 13.2609
[Step  30] logΨ: mean=7.258+0.181j | min=2.472-1.994j | max=7.863+1.633j
梯度监控 | raw=96.7398 | natural=0.0932 | clipped=0.0932(上限20.0)
原始规范坐标 G(Re Σrow_mean) = +24.6806 | 累计|g| = 13.2609
Ψ矩阵条件数 cond(Ψ) = 1.57e+01
Loss=-30.480721 | E0=-7.74951484+0.00034622j | E1=-7.66443450+0.00012496j|E2=-7.62658833-0.00149928j|E3=-7.44018322+0.00001620j
#-----------------------------------------#
[Step  31] logΨ: mean=7.712+0.357j | min=2.350-0.369j | max=8.401+1.571j
梯度监控 | raw=87.8090 | natural=0.0816 | clipped=0.0816(上限20.0)
原始规范坐标 G(Re Σrow_mean) = +24.9583 | 累计|g| = 13.2609
Ψ矩阵条件数 cond(Ψ) = 8.43e+00
Loss=-30.530464 | E0=-7.75307993+0.00044736j | E1=-7.66548668-0.00017426j|E2=-7.63228154-0.00114157j|E3=-7.47961594-0.00004991j
#-----------------------------------------#
[Step  32] logΨ: mean=8.190-0.027j | min=3.056-1.047j | max=8.842+1.085j
梯度监控 | raw=88.4423 | natural=0.0502 | clipped=0.0502(上限20.0)
原始规范坐标 G(Re Σrow_mean) = +25.3666 | 累计|g| = 13.2609
Ψ矩阵条件数 cond(Ψ) = 1.15e+01
Loss=-30.569500 | E0=-7.75709816+0.00037318j | E1=-7.66609900-0.00096565j|E2=-7.63500401+0.00002652j|E3=-7.51129847+0.00049805j
#-----------------------------------------#
[Step  33] logΨ: mean=8.060-0.071j | min=2.009+1.377j | max=8.736+0.941j
梯度监控 | raw=100.2543 | natural=0.1666 | clipped=0.1666(上限20.0)
原始规范坐标 G(Re Σrow_mean) = +25.2376 | 累计|g| = 13.2609
Ψ矩阵条件数 cond(Ψ) = 2.00e+01
Loss=-30.573509 | E0=-7.76063750-0.00012125j | E1=-7.66529037-0.00367064j|E2=-7.63752989+0.00018705j|E3=-7.51005149+0.00299709j
#-----------------------------------------#
[Step  34] logΨ: mean=7.648+0.079j | min=1.917+2.290j | max=8.330+1.126j
梯度监控 | raw=93.9957 | natural=0.1081 | clipped=0.1081(上限20.0)
原始规范坐标 G(Re Σrow_mean) = +24.8808 | 累计|g| = 13.2609
Ψ矩阵条件数 cond(Ψ) = 6.36e+00
Loss=-30.614112 | E0=-7.76369865-0.00010277j | E1=-7.66832778+0.00034716j|E2=-7.63856961-0.00084976j|E3=-7.54351554+0.00113266j
#-----------------------------------------#
[Step  35] logΨ: mean=7.456+0.144j | min=3.773+1.307j | max=8.178+1.154j
梯度监控 | raw=81.0852 | natural=0.0201 | clipped=0.0201(上限20.0)
原始规范坐标 G(Re Σrow_mean) = +24.8092 | 累计|g| = 13.2609
Ψ矩阵条件数 cond(Ψ) = 7.10e+00
Loss=-30.605993 | E0=-7.76727432-0.00035289j | E1=-7.66808223+0.00101993j|E2=-7.63576668+0.00008752j|E3=-7.53487010+0.00403382j
#-----------------------------------------#
[Step  36] logΨ: mean=7.667+0.188j | min=2.304+2.677j | max=8.313+1.926j
梯度监控 | raw=71.1093 | natural=0.0761 | clipped=0.0761(上限20.0)
原始规范坐标 G(Re Σrow_mean) = +24.9925 | 累计|g| = 13.2609
Ψ矩阵条件数 cond(Ψ) = 5.29e+00
Loss=-30.641729 | E0=-7.77046712-0.00045015j | E1=-7.66508226+0.00075339j|E2=-7.64368523+0.00042669j|E3=-7.56249449+0.00155603j
#-----------------------------------------#
[Step  37] logΨ: mean=7.266+0.431j | min=0.630+0.675j | max=7.907+1.541j
梯度监控 | raw=73.3399 | natural=0.0942 | clipped=0.0942(上限20.0)
原始规范坐标 G(Re Σrow_mean) = +24.7031 | 累计|g| = 13.2609
Ψ矩阵条件数 cond(Ψ) = 5.28e+00
Loss=-30.663947 | E0=-7.77194964+0.00050884j | E1=-7.67033720+0.00031264j|E2=-7.64876274+0.00145245j|E3=-7.57289787-0.00084426j
#-----------------------------------------#
[Step  38] logΨ: mean=8.269+0.279j | min=2.322-0.913j | max=8.928+1.555j
梯度监控 | raw=55.5245 | natural=0.1303 | clipped=0.1303(上限20.0)
原始规范坐标 G(Re Σrow_mean) = +25.3899 | 累计|g| = 13.2609
Ψ矩阵条件数 cond(Ψ) = 6.42e+00
Loss=-30.656616 | E0=-7.77215547-0.00077548j | E1=-7.66681034-0.00220550j|E2=-7.64866528+0.00066404j|E3=-7.56898536+0.00099548j
#-----------------------------------------#
[Step  39] logΨ: mean=7.708+0.344j | min=2.441-0.446j | max=8.305+2.125j
梯度监控 | raw=65.4266 | natural=0.0719 | clipped=0.0719(上限20.0)
原始规范坐标 G(Re Σrow_mean) = +25.1930 | 累计|g| = 13.2609
Ψ矩阵条件数 cond(Ψ) = 4.01e+00
Loss=-30.707571 | E0=-7.77777443-0.00026106j | E1=-7.67710115-0.00223861j|E2=-7.65526683-0.00143839j|E3=-7.59742878+0.00301568j
#-----------------------------------------#
[保存] Step 39 → pickle 文件已更新 (40 条记录)
[GaugeReset@40] 吸收 Δg = Σ Re(col_mean) = +25.1930 | 新|g| = 13.8898
[Step  40] logΨ: mean=6.808+0.094j | min=1.980+1.178j | max=7.414+1.853j
梯度监控 | raw=69.0235 | natural=0.0546 | clipped=0.0546(上限20.0)
原始规范坐标 G(Re Σrow_mean) = +25.0120 | 累计|g| = 13.8898
Ψ矩阵条件数 cond(Ψ) = 4.53e+00
Loss=-30.703436 | E0=-7.78179775-0.00120095j | E1=-7.67298924+0.00167333j|E2=-7.65449089+0.00101534j|E3=-7.59415818-0.00144935j
#-----------------------------------------#
[Step  41] logΨ: mean=7.105+0.110j | min=0.349-2.149j | max=7.576+1.154j
梯度监控 | raw=49.0921 | natural=0.0752 | clipped=0.0752(上限20.0)
原始规范坐标 G(Re Σrow_mean) = +25.1624 | 累计|g| = 13.8898
Ψ矩阵条件数 cond(Ψ) = 4.45e+00
Loss=-30.738089 | E0=-7.78240836-0.00192179j | E1=-7.67841603+0.00116027j|E2=-7.65796301-0.00162536j|E3=-7.61930113-0.00013546j
#-----------------------------------------#
[Step  42] logΨ: mean=7.654-0.370j | min=0.055+2.081j | max=8.184+0.690j
梯度监控 | raw=46.4639 | natural=0.1271 | clipped=0.1271(上限20.0)
原始规范坐标 G(Re Σrow_mean) = +25.3868 | 累计|g| = 13.8898
Ψ矩阵条件数 cond(Ψ) = 4.92e+00
Loss=-30.739299 | E0=-7.79002261+0.00111538j | E1=-7.67782865+0.00038875j|E2=-7.65032940-0.00288717j|E3=-7.62111871+0.00093721j
#-----------------------------------------#
[Step  43] logΨ: mean=8.090-0.150j | min=1.381+1.575j | max=8.616+0.930j
梯度监控 | raw=46.8576 | natural=0.0945 | clipped=0.0945(上限20.0)
原始规范坐标 G(Re Σrow_mean) = +25.6274 | 累计|g| = 13.8898
Ψ矩阵条件数 cond(Ψ) = 5.71e+00
Loss=-30.746919 | E0=-7.79716195+0.00023911j | E1=-7.67836265-0.00095161j|E2=-7.65344746-0.00128026j|E3=-7.61794658-0.00019865j
#-----------------------------------------#
[Step  44] logΨ: mean=8.021+0.148j | min=3.425-1.712j | max=8.520+1.221j
梯度监控 | raw=45.2788 | natural=0.0878 | clipped=0.0878(上限20.0)
原始规范坐标 G(Re Σrow_mean) = +25.6890 | 累计|g| = 13.8898
Ψ矩阵条件数 cond(Ψ) = 3.88e+00
Loss=-30.761323 | E0=-7.79383603+0.00152424j | E1=-7.68224247-0.00131965j|E2=-7.65880929+0.00084261j|E3=-7.62643549+0.00123082j
#-----------------------------------------#
[Step  45] logΨ: mean=8.343+0.275j | min=2.852+2.699j | max=8.749+1.245j
梯度监控 | raw=33.5363 | natural=0.0694 | clipped=0.0694(上限20.0)
原始规范坐标 G(Re Σrow_mean) = +26.0015 | 累计|g| = 13.8898
Ψ矩阵条件数 cond(Ψ) = 5.18e+00
Loss=-30.797175 | E0=-7.80052364-0.00042622j | E1=-7.68977309+0.00201129j|E2=-7.66175207+0.00100256j|E3=-7.64512574-0.00384715j
#-----------------------------------------#
[Step  46] logΨ: mean=8.571+0.124j | min=3.634+2.031j | max=9.040+1.189j
梯度监控 | raw=41.6967 | natural=0.0337 | clipped=0.0337(上限20.0)
原始规范坐标 G(Re Σrow_mean) = +26.1628 | 累计|g| = 13.8898
Ψ矩阵条件数 cond(Ψ) = 3.87e+00
Loss=-30.772228 | E0=-7.79888540+0.00111999j | E1=-7.68128025-0.00085996j|E2=-7.65796987+0.00068860j|E3=-7.63409265-0.00073201j
#-----------------------------------------#
[Step  47] logΨ: mean=8.147+0.258j | min=1.318+0.633j | max=8.726+0.410j
梯度监控 | raw=34.9666 | natural=0.1460 | clipped=0.1460(上限20.0)
原始规范坐标 G(Re Σrow_mean) = +26.1214 | 累计|g| = 13.8898
Ψ矩阵条件数 cond(Ψ) = 5.30e+00
Loss=-30.802883 | E0=-7.80279369-0.00044101j | E1=-7.69068444+0.00046276j|E2=-7.66438128-0.00027620j|E3=-7.64502319+0.00051035j
#-----------------------------------------#
[Step  48] logΨ: mean=8.313-0.403j | min=3.585+3.088j | max=8.860+0.802j
梯度监控 | raw=18.9691 | natural=0.0537 | clipped=0.0537(上限20.0)
原始规范坐标 G(Re Σrow_mean) = +26.4325 | 累计|g| = 13.8898
Ψ矩阵条件数 cond(Ψ) = 4.90e+00
Loss=-30.825926 | E0=-7.80335467-0.00036402j | E1=-7.69443339-0.00012097j|E2=-7.66917936+0.00002121j|E3=-7.65895836-0.00057195j
#-----------------------------------------#
[Step  49] logΨ: mean=8.793-0.449j | min=1.970+2.620j | max=9.327+0.931j
梯度监控 | raw=29.5454 | natural=0.0818 | clipped=0.0818(上限20.0)
原始规范坐标 G(Re Σrow_mean) = +26.7870 | 累计|g| = 13.8898
Ψ矩阵条件数 cond(Ψ) = 4.12e+00
Loss=-30.819610 | E0=-7.79617473-0.00187114j | E1=-7.69951056+0.00160101j|E2=-7.66385143+0.00132781j|E3=-7.66007280+0.00131728j
#-----------------------------------------#
[GaugeReset@50] 吸收 Δg = Σ Re(col_mean) = +26.7870 | 新|g| = 15.1917
[Step  50] logΨ: mean=7.156-0.030j | min=2.505+1.813j | max=7.628+0.374j
梯度监控 | raw=31.3184 | natural=0.0270 | clipped=0.0270(上限20.0)
原始规范坐标 G(Re Σrow_mean) = +26.7888 | 累计|g| = 15.1917
Ψ矩阵条件数 cond(Ψ) = 3.64e+00
Loss=-30.845981 | E0=-7.80795605-0.00035120j | E1=-7.70380199+0.00075146j|E2=-7.67366232-0.00244111j|E3=-7.66056105-0.00028795j
#-----------------------------------------#
[Step  51] logΨ: mean=7.952-0.089j | min=1.543-2.080j | max=8.429+0.373j
梯度监控 | raw=24.7717 | natural=0.1281 | clipped=0.1281(上限20.0)
原始规范坐标 G(Re Σrow_mean) = +27.3514 | 累计|g| = 15.1917
Ψ矩阵条件数 cond(Ψ) = 3.52e+00
Loss=-30.846789 | E0=-7.80893789+0.00068184j | E1=-7.70502182-0.00116804j|E2=-7.67680037+0.00059218j|E3=-7.65602901+0.00122207j
#-----------------------------------------#
[Step  52] logΨ: mean=7.998-0.271j | min=2.114-2.511j | max=8.472+0.238j
梯度监控 | raw=31.7595 | natural=0.0339 | clipped=0.0339(上限20.0)
原始规范坐标 G(Re Σrow_mean) = +27.3973 | 累计|g| = 15.1917
Ψ矩阵条件数 cond(Ψ) = 4.26e+00
Loss=-30.856055 | E0=-7.80960137-0.00103274j | E1=-7.70553687-0.00066792j|E2=-7.67833176+0.00125679j|E3=-7.66258478-0.00042094j
#-----------------------------------------#
[Step  53] logΨ: mean=7.919-0.097j | min=3.285+2.945j | max=8.347+0.527j
梯度监控 | raw=35.3848 | natural=0.1007 | clipped=0.1007(上限20.0)
原始规范坐标 G(Re Σrow_mean) = +27.4389 | 累计|g| = 15.1917
Ψ矩阵条件数 cond(Ψ) = 3.29e+00
Loss=-30.869642 | E0=-7.81391971+0.00003318j | E1=-7.71041120+0.00017058j|E2=-7.68157392+0.00011083j|E3=-7.66373728-0.00079800j
#-----------------------------------------#
[Step  54] logΨ: mean=7.868+0.001j | min=2.320-1.891j | max=8.319+0.569j
梯度监控 | raw=29.2230 | natural=0.0344 | clipped=0.0344(上限20.0)
原始规范坐标 G(Re Σrow_mean) = +27.4616 | 累计|g| = 15.1917
Ψ矩阵条件数 cond(Ψ) = 6.90e+00
Loss=-30.872419 | E0=-7.81682968+0.00011633j | E1=-7.70762768+0.00016819j|E2=-7.68358923+0.00068109j|E3=-7.66437202-0.00029032j
#-----------------------------------------#
[Step  55] logΨ: mean=9.656-0.390j | min=2.344+3.133j | max=10.166+0.942j
梯度监控 | raw=35.4869 | natural=0.1319 | clipped=0.1319(上限20.0)
原始规范坐标 G(Re Σrow_mean) = +28.7535 | 累计|g| = 15.1917
Ψ矩阵条件数 cond(Ψ) = 3.49e+00
Loss=-30.855403 | E0=-7.80905387-0.00005539j | E1=-7.70615786-0.00027140j|E2=-7.68355167+0.00003995j|E3=-7.65663911+0.00067438j
#-----------------------------------------#
[Step  56] logΨ: mean=10.395-0.426j | min=5.575+0.969j | max=10.926+0.782j
梯度监控 | raw=33.4132 | natural=0.0471 | clipped=0.0471(上限20.0)
原始规范坐标 G(Re Σrow_mean) = +29.2758 | 累计|g| = 15.1917
Ψ矩阵条件数 cond(Ψ) = 7.67e+00
Loss=-30.876244 | E0=-7.81776785-0.00003543j | E1=-7.70883222-0.00061429j|E2=-7.68893824-0.00061728j|E3=-7.66070593+0.00035925j
#-----------------------------------------#
[Step  57] logΨ: mean=10.948-0.773j | min=4.545+0.570j | max=11.330+0.984j
梯度监控 | raw=31.6788 | natural=0.0300 | clipped=0.0300(上限20.0)
原始规范坐标 G(Re Σrow_mean) = +29.6155 | 累计|g| = 15.1917
Ψ矩阵条件数 cond(Ψ) = 4.57e+00
Loss=-30.883239 | E0=-7.81560426-0.00044483j | E1=-7.71134376-0.00087169j|E2=-7.69335992+0.00109421j|E3=-7.66293057+0.00117858j
#-----------------------------------------#
[Step  58] logΨ: mean=11.017-0.736j | min=4.590-1.027j | max=11.407+0.759j
梯度监控 | raw=37.1415 | natural=0.0365 | clipped=0.0365(上限20.0)
原始规范坐标 G(Re Σrow_mean) = +29.6982 | 累计|g| = 15.1917
Ψ矩阵条件数 cond(Ψ) = 4.21e+00
Loss=-30.876977 | E0=-7.81473638-0.00042690j | E1=-7.71045202-0.00238265j|E2=-7.69085692+0.00237380j|E3=-7.66093186+0.00094611j
#-----------------------------------------#
[Step  59] logΨ: mean=11.793+1.003j | min=3.867+1.619j | max=12.227+2.934j
梯度监控 | raw=37.2139 | natural=0.2417 | clipped=0.2417(上限20.0)
原始规范坐标 G(Re Σrow_mean) = +30.5169 | 累计|g| = 15.1917
Ψ矩阵条件数 cond(Ψ) = 6.83e+00
Loss=-30.869599 | E0=-7.81379343-0.00078949j | E1=-7.71117269+0.00158625j|E2=-7.68615788-0.00089214j|E3=-7.65847491-0.00332443j
#-----------------------------------------#
[保存] Step 59 → pickle 文件已更新 (60 条记录)
[GaugeReset@60] 吸收 Δg = Σ Re(col_mean) = +30.5169 | 新|g| = 17.5726
[Step  60] logΨ: mean=8.321+0.493j | min=2.723-1.462j | max=8.713+2.397j
梯度监控 | raw=44.8919 | natural=0.0964 | clipped=0.0964(上限20.0)
原始规范坐标 G(Re Σrow_mean) = +30.5755 | 累计|g| = 17.5726
Ψ矩阵条件数 cond(Ψ) = 3.17e+00
Loss=-30.884603 | E0=-7.81434393+0.00014159j | E1=-7.71449348+0.00060927j|E2=-7.69478372-0.00070664j|E3=-7.66098165-0.00083555j
#-----------------------------------------#
[Step  61] logΨ: mean=7.616-0.281j | min=1.315-0.615j | max=8.088+0.416j
梯度监控 | raw=41.3981 | natural=0.1211 | clipped=0.1211(上限20.0)
原始规范坐标 G(Re Σrow_mean) = +30.1226 | 累计|g| = 17.5726
Ψ矩阵条件数 cond(Ψ) = 1.23e+01
Loss=-30.887232 | E0=-7.82117741+0.00011666j | E1=-7.71522600+0.00039677j|E2=-7.68784543+0.00013733j|E3=-7.66298359+0.00059899j
#-----------------------------------------#
[Step  62] logΨ: mean=7.635-0.932j | min=2.390+1.226j | max=8.024+0.560j
梯度监控 | raw=34.2516 | natural=0.0095 | clipped=0.0095(上限20.0)
原始规范坐标 G(Re Σrow_mean) = +30.1717 | 累计|g| = 17.5726
Ψ矩阵条件数 cond(Ψ) = 3.23e+00
Loss=-30.891478 | E0=-7.81955332-0.00013889j | E1=-7.71658270+0.00063155j|E2=-7.69363011-0.00051936j|E3=-7.66171148+0.00081121j
#-----------------------------------------#
[Step  63] logΨ: mean=7.646+0.344j | min=2.327-2.985j | max=8.124+2.111j
梯度监控 | raw=33.7359 | natural=0.1026 | clipped=0.1026(上限20.0)
原始规范坐标 G(Re Σrow_mean) = +30.0543 | 累计|g| = 17.5726
Ψ矩阵条件数 cond(Ψ) = 3.37e+00
Loss=-30.894110 | E0=-7.82070276-0.00137757j | E1=-7.71637056-0.00011417j|E2=-7.69608000+0.00162148j|E3=-7.66095657+0.00042334j
#-----------------------------------------#
[Step  64] logΨ: mean=7.574+0.479j | min=2.107+2.167j | max=7.916+2.225j
梯度监控 | raw=27.9806 | natural=0.0182 | clipped=0.0182(上限20.0)
原始规范坐标 G(Re Σrow_mean) = +29.8541 | 累计|g| = 17.5726
Ψ矩阵条件数 cond(Ψ) = 3.38e+00
Loss=-30.916197 | E0=-7.83632968-0.00022306j | E1=-7.71782025+0.00001030j|E2=-7.69850180+0.00016850j|E3=-7.66354507-0.00070343j
#-----------------------------------------#
[Step  65] logΨ: mean=7.977+0.409j | min=0.667-1.060j | max=8.445+2.068j
梯度监控 | raw=25.3051 | natural=0.1396 | clipped=0.1396(上限20.0)
原始规范坐标 G(Re Σrow_mean) = +30.5178 | 累计|g| = 17.5726
Ψ矩阵条件数 cond(Ψ) = 3.13e+00
Loss=-30.906323 | E0=-7.83520277-0.00012234j | E1=-7.71712556+0.00061479j|E2=-7.69740980-0.00085726j|E3=-7.65658474-0.00023580j
#-----------------------------------------#
[Step  66] logΨ: mean=7.110-0.726j | min=1.452-1.803j | max=7.500+0.810j
梯度监控 | raw=28.6625 | natural=0.1618 | clipped=0.1618(上限20.0)
原始规范坐标 G(Re Σrow_mean) = +30.0939 | 累计|g| = 17.5726
Ψ矩阵条件数 cond(Ψ) = 3.38e+00
Loss=-30.903217 | E0=-7.83148578-0.00031892j | E1=-7.71526490+0.00019106j|E2=-7.69765354+0.00081328j|E3=-7.65881233+0.00002077j
#-----------------------------------------#
[Step  67] logΨ: mean=7.101-0.364j | min=1.239+1.083j | max=7.561+1.159j
梯度监控 | raw=79.0157 | natural=0.0586 | clipped=0.0586(上限20.0)
原始规范坐标 G(Re Σrow_mean) = +30.0322 | 累计|g| = 17.5726
Ψ矩阵条件数 cond(Ψ) = 3.33e+00
Loss=-30.912913 | E0=-7.84182002+0.00020764j | E1=-7.71710465-0.00061675j|E2=-7.69146047-0.00085689j|E3=-7.66252826+0.00067064j
#-----------------------------------------#
[Step  68] logΨ: mean=8.203-0.520j | min=2.179+2.325j | max=8.624+1.038j
梯度监控 | raw=78.2022 | natural=0.1048 | clipped=0.1048(上限20.0)
原始规范坐标 G(Re Σrow_mean) = +30.7248 | 累计|g| = 17.5726
Ψ矩阵条件数 cond(Ψ) = 5.51e+00
Loss=-30.913823 | E0=-7.84198496-0.00023128j | E1=-7.71808167-0.00077912j|E2=-7.69547664-0.00020995j|E3=-7.65827977-0.00128309j
#-----------------------------------------#
[Step  69] logΨ: mean=8.954+0.856j | min=2.995+2.057j | max=9.353+2.870j
梯度监控 | raw=100.1062 | natural=0.0817 | clipped=0.0817(上限20.0)
原始规范坐标 G(Re Σrow_mean) = +30.9264 | 累计|g| = 17.5726
Ψ矩阵条件数 cond(Ψ) = 4.19e+00
Loss=-30.914883 | E0=-7.83941522+0.00056013j | E1=-7.71752820-0.00005008j|E2=-7.69614453+0.00125757j|E3=-7.66179519+0.00004265j
#-----------------------------------------#
[GaugeReset@70] 吸收 Δg = Σ Re(col_mean) = +30.9264 | 新|g| = 17.4747
[Step  70] logΨ: mean=8.765+0.940j | min=1.894+2.727j | max=9.238+2.844j
梯度监控 | raw=100.8417 | natural=0.0884 | clipped=0.0884(上限20.0)
原始规范坐标 G(Re Σrow_mean) = +31.0818 | 累计|g| = 17.4747
Ψ矩阵条件数 cond(Ψ) = 2.78e+00
Loss=-30.914385 | E0=-7.83872626-0.00026152j | E1=-7.71733816-0.00054869j|E2=-7.69389041-0.00064281j|E3=-7.66442999+0.00081833j
#-----------------------------------------#
[Step  71] logΨ: mean=8.815-0.546j | min=3.445-2.912j | max=9.260+0.481j
梯度监控 | raw=84.2706 | natural=0.0746 | clipped=0.0746(上限20.0)
原始规范坐标 G(Re Σrow_mean) = +31.0973 | 累计|g| = 17.4747
Ψ矩阵条件数 cond(Ψ) = 2.75e+00
Loss=-30.913373 | E0=-7.84304261+0.00009555j | E1=-7.71669365+0.00126891j|E2=-7.69083529-0.00016707j|E3=-7.66280107+0.00013892j
#-----------------------------------------#
[Step  72] logΨ: mean=8.713-0.595j | min=3.582-0.510j | max=9.163+0.461j
梯度监控 | raw=74.2404 | natural=0.0215 | clipped=0.0215(上限20.0)
原始规范坐标 G(Re Σrow_mean) = +31.0810 | 累计|g| = 17.4747
Ψ矩阵条件数 cond(Ψ) = 2.79e+00
Loss=-30.918872 | E0=-7.84116855+0.00005989j | E1=-7.71790296+0.00033568j|E2=-7.69377258+0.00155516j|E3=-7.66602743+0.00018003j
#-----------------------------------------#
[Step  73] logΨ: mean=9.685-0.442j | min=3.486-0.513j | max=10.131+0.485j
梯度监控 | raw=69.8950 | natural=0.0977 | clipped=0.0977(上限20.0)
原始规范坐标 G(Re Σrow_mean) = +31.8206 | 累计|g| = 17.4747
Ψ矩阵条件数 cond(Ψ) = 2.96e+00
Loss=-30.915494 | E0=-7.84418361-0.00021109j | E1=-7.71749634+0.00001392j|E2=-7.69310420+0.00087834j|E3=-7.66071034-0.00002664j
#-----------------------------------------#
[Step  74] logΨ: mean=10.780+0.390j | min=-0.006+2.063j | max=11.669+1.257j
梯度监控 | raw=87.5046 | natural=0.1248 | clipped=0.1248(上限20.0)
原始规范坐标 G(Re Σrow_mean) = +33.0818 | 累计|g| = 17.4747
Ψ矩阵条件数 cond(Ψ) = 4.74e+01
Loss=-30.921290 | E0=-7.84556224+0.00001860j | E1=-7.71757306+0.00061530j|E2=-7.69540922+0.00119951j|E3=-7.66274555-0.00067708j
#-----------------------------------------#
[Step  75] logΨ: mean=15.048+0.713j | min=9.332+1.794j | max=15.393+2.084j
梯度监控 | raw=67.4070 | natural=0.1154 | clipped=0.1154(上限20.0)
原始规范坐标 G(Re Σrow_mean) = +36.1604 | 累计|g| = 17.4747
Ψ矩阵条件数 cond(Ψ) = 2.10e+01
Loss=-30.795178 | E0=-7.74209460-0.00108531j | E1=-7.70738307-0.00329833j|E2=-7.69403072+0.00545199j|E3=-7.65166934-0.00157178j
#-----------------------------------------#
[Step  76] logΨ: mean=15.067-0.348j | min=9.348+0.394j | max=15.392+0.984j
梯度监控 | raw=91.0574 | natural=0.0405 | clipped=0.0405(上限20.0)
原始规范坐标 G(Re Σrow_mean) = +35.4477 | 累计|g| = 17.4747
Ψ矩阵条件数 cond(Ψ) = 6.84e+00
Loss=-30.807673 | E0=-7.75016415+0.00021540j | E1=-7.71268633+0.00035507j|E2=-7.69392919+0.00047546j|E3=-7.65089336-0.00092501j
#-----------------------------------------#
[Step  77] logΨ: mean=15.319-1.096j | min=9.926-1.815j | max=15.652+0.292j
梯度监控 | raw=104.6901 | natural=0.0568 | clipped=0.0568(上限20.0)
原始规范坐标 G(Re Σrow_mean) = +35.4978 | 累计|g| = 17.4747
Ψ矩阵条件数 cond(Ψ) = 3.94e+01
Loss=-30.802986 | E0=-7.74680699+0.00034654j | E1=-7.71291910+0.00012667j|E2=-7.69313219-0.00019768j|E3=-7.65012795+0.00060877j
#-----------------------------------------#
[Step  78] logΨ: mean=14.003+0.672j | min=8.074-2.127j | max=14.352+2.186j
梯度监控 | raw=82.6906 | natural=0.0688 | clipped=0.0688(上限20.0)
原始规范坐标 G(Re Σrow_mean) = +34.6923 | 累计|g| = 17.4747
Ψ矩阵条件数 cond(Ψ) = 6.91e+00
Loss=-30.794073 | E0=-7.74316893+0.00081146j | E1=-7.71274371-0.00093786j|E2=-7.68979328+0.00059884j|E3=-7.64836755-0.00019729j
#-----------------------------------------#
[Step  79] logΨ: mean=13.605+0.525j | min=8.230-0.965j | max=13.958+2.031j
梯度监控 | raw=81.9026 | natural=0.0264 | clipped=0.0264(上限20.0)
原始规范坐标 G(Re Σrow_mean) = +34.1894 | 累计|g| = 17.4747
Ψ矩阵条件数 cond(Ψ) = 1.97e+01
Loss=-30.808013 | E0=-7.75097969+0.00101070j | E1=-7.71451735+0.00050851j|E2=-7.69275563+0.00161602j|E3=-7.64976026+0.00088803j
#-----------------------------------------#
[保存] Step 79 → pickle 文件已更新 (80 条记录)
[GaugeReset@80] 吸收 Δg = Σ Re(col_mean) = +34.1894 | 新|g| = 19.2522
[Step  80] logΨ: mean=10.410-0.033j | min=6.324-0.583j | max=10.684+1.429j
梯度监控 | raw=75.5680 | natural=0.0070 | clipped=0.0070(上限20.0)
原始规范坐标 G(Re Σrow_mean) = +34.2796 | 累计|g| = 19.2522
Ψ矩阵条件数 cond(Ψ) = 2.49e+01
Loss=-30.812637 | E0=-7.75182470-0.00035170j | E1=-7.71480667+0.00025071j|E2=-7.69517338+0.00015304j|E3=-7.65083226-0.00124908j
#-----------------------------------------#
[Step  81] logΨ: mean=10.339+0.166j | min=4.524+2.853j | max=10.637+1.399j
梯度监控 | raw=70.6988 | natural=0.0074 | clipped=0.0074(上限20.0)
原始规范坐标 G(Re Σrow_mean) = +34.2338 | 累计|g| = 19.2522
Ψ矩阵条件数 cond(Ψ) = 2.41e+01
Loss=-30.809754 | E0=-7.74966658+0.00001293j | E1=-7.71414363+0.00070646j|E2=-7.69399028-0.00029331j|E3=-7.65195325+0.00070042j
#-----------------------------------------#
[Step  82] logΨ: mean=11.786-0.746j | min=5.801-0.038j | max=12.076+0.514j
梯度监控 | raw=67.1738 | natural=0.0918 | clipped=0.0918(上限20.0)
原始规范坐标 G(Re Σrow_mean) = +35.3012 | 累计|g| = 19.2522
Ψ矩阵条件数 cond(Ψ) = 2.59e+01
Loss=-30.808004 | E0=-7.74942818-0.00067507j | E1=-7.71390559-0.00037434j|E2=-7.69449485+0.00098340j|E3=-7.65017579-0.00018298j
#-----------------------------------------#
[Step  83] logΨ: mean=11.787-0.806j | min=8.391+1.514j | max=12.055+0.452j
梯度监控 | raw=103.0558 | natural=0.0071 | clipped=0.0071(上限20.0)
原始规范坐标 G(Re Σrow_mean) = +35.3292 | 累计|g| = 19.2522
Ψ矩阵条件数 cond(Ψ) = 2.20e+01
Loss=-30.828898 | E0=-7.76334456-0.00018517j | E1=-7.71533495+0.00025385j|E2=-7.69753425-0.00032240j|E3=-7.65268430-0.00017597j
#-----------------------------------------#
[Step  84] logΨ: mean=11.804-0.999j | min=7.447+2.026j | max=12.097+0.416j
梯度监控 | raw=99.2867 | natural=0.0087 | clipped=0.0087(上限20.0)
原始规范坐标 G(Re Σrow_mean) = +35.3254 | 累计|g| = 19.2522
Ψ矩阵条件数 cond(Ψ) = 1.24e+01
Loss=-30.826909 | E0=-7.76374482+0.00031910j | E1=-7.71467124+0.00022377j|E2=-7.69605329+0.00010768j|E3=-7.65243984+0.00141152j
#-----------------------------------------#
[Step  85] logΨ: mean=11.722-0.911j | min=6.239+2.799j | max=11.963+0.393j
梯度监控 | raw=106.8139 | natural=0.0084 | clipped=0.0084(上限20.0)
原始规范坐标 G(Re Σrow_mean) = +35.3087 | 累计|g| = 19.2522
Ψ矩阵条件数 cond(Ψ) = 2.05e+01
Loss=-30.833437 | E0=-7.76414275-0.00097450j | E1=-7.71559260-0.00030457j|E2=-7.69885040-0.00009901j|E3=-7.65485081-0.00038830j
#-----------------------------------------#
[Step  86] logΨ: mean=11.996-1.114j | min=6.411+0.924j | max=12.281+0.158j
梯度监控 | raw=100.6640 | natural=0.0308 | clipped=0.0308(上限20.0)
原始规范坐标 G(Re Σrow_mean) = +35.3199 | 累计|g| = 19.2522
Ψ矩阵条件数 cond(Ψ) = 5.47e+00
Loss=-30.824825 | E0=-7.76042307-0.00022021j | E1=-7.71550640-0.00008721j|E2=-7.69599951-0.00063609j|E3=-7.65289580-0.00058088j
#-----------------------------------------#
[Step  87] logΨ: mean=12.021-1.098j | min=7.528+1.827j | max=12.310+0.130j
梯度监控 | raw=91.2618 | natural=0.0084 | clipped=0.0084(上限20.0)
原始规范坐标 G(Re Σrow_mean) = +35.3639 | 累计|g| = 19.2522
Ψ矩阵条件数 cond(Ψ) = 5.41e+00
Loss=-30.827653 | E0=-7.76274800-0.00057928j | E1=-7.71489489+0.00064087j|E2=-7.69718224-0.00012289j|E3=-7.65282828+0.00111745j
#-----------------------------------------#
[Step  88] logΨ: mean=11.882-0.808j | min=4.524+0.419j | max=12.153+0.396j
梯度监控 | raw=98.1381 | natural=0.1084 | clipped=0.1084(上限20.0)
原始规范坐标 G(Re Σrow_mean) = +35.0318 | 累计|g| = 19.2522
Ψ矩阵条件数 cond(Ψ) = 1.52e+01
Loss=-30.830378 | E0=-7.76337815+0.00038943j | E1=-7.71496574-0.00049893j|E2=-7.69626959-0.00104104j|E3=-7.65576416+0.00162588j
#-----------------------------------------#
[Step  89] logΨ: mean=11.824-0.891j | min=6.198+1.539j | max=12.075+0.397j
梯度监控 | raw=78.7783 | natural=0.0070 | clipped=0.0070(上限20.0)
原始规范坐标 G(Re Σrow_mean) = +35.0304 | 累计|g| = 19.2522
Ψ矩阵条件数 cond(Ψ) = 1.46e+01
Loss=-30.832950 | E0=-7.76460532+0.00112768j | E1=-7.71528480+0.00019576j|E2=-7.69723402-0.00080803j|E3=-7.65582550+0.00270431j
#-----------------------------------------#
[GaugeReset@90] 吸收 Δg = Σ Re(col_mean) = +35.0304 | 新|g| = 19.4225
[Step  90] logΨ: mean=10.977+0.031j | min=7.448+1.424j | max=11.212+1.392j
梯度监控 | raw=79.6272 | natural=0.0056 | clipped=0.0056(上限20.0)
原始规范坐标 G(Re Σrow_mean) = +34.9955 | 累计|g| = 19.4225
Ψ矩阵条件数 cond(Ψ) = 1.58e+01
Loss=-30.837722 | E0=-7.77025984+0.00032577j | E1=-7.71554179-0.00084942j|E2=-7.69817514+0.00016613j|E3=-7.65374525+0.00017292j
#-----------------------------------------#
[Step  91] logΨ: mean=10.906+0.161j | min=7.343-0.780j | max=11.113+1.440j
梯度监控 | raw=81.1955 | natural=0.0047 | clipped=0.0047(上限20.0)
原始规范坐标 G(Re Σrow_mean) = +34.9435 | 累计|g| = 19.4225
Ψ矩阵条件数 cond(Ψ) = 1.53e+01
Loss=-30.842455 | E0=-7.77364989+0.00026888j | E1=-7.71570618+0.00016400j|E2=-7.69834206+0.00060865j|E3=-7.65475643-0.00023417j
#-----------------------------------------#
[Step  92] logΨ: mean=10.811+0.095j | min=6.429-1.126j | max=11.042+1.445j
梯度监控 | raw=81.1907 | natural=0.0038 | clipped=0.0038(上限20.0)
原始规范坐标 G(Re Σrow_mean) = +34.8625 | 累计|g| = 19.4225
Ψ矩阵条件数 cond(Ψ) = 1.49e+01
Loss=-30.845236 | E0=-7.77565741+0.00056183j | E1=-7.71574813-0.00030189j|E2=-7.69874746+0.00106875j|E3=-7.65508266-0.00015436j
#-----------------------------------------#
[Step  93] logΨ: mean=10.724+0.179j | min=4.832+0.028j | max=10.932+1.424j
梯度监控 | raw=81.5674 | natural=0.0068 | clipped=0.0068(上限20.0)
原始规范坐标 G(Re Σrow_mean) = +34.8310 | 累计|g| = 19.4225
Ψ矩阵条件数 cond(Ψ) = 4.85e+00
Loss=-30.844727 | E0=-7.77590299-0.00013539j | E1=-7.71567660+0.00002796j|E2=-7.69835421-0.00076674j|E3=-7.65479336+0.00017763j
#-----------------------------------------#
[Step  94] logΨ: mean=10.695+0.293j | min=6.274-1.213j | max=10.879+1.427j
梯度监控 | raw=81.2680 | natural=0.0047 | clipped=0.0047(上限20.0)
原始规范坐标 G(Re Σrow_mean) = +34.8091 | 累计|g| = 19.4225
Ψ矩阵条件数 cond(Ψ) = 1.39e+01
Loss=-30.845577 | E0=-7.77487462+0.00053098j | E1=-7.71586656+0.00024181j|E2=-7.69958746-0.00009866j|E3=-7.65524879-0.00016747j
#-----------------------------------------#
[Step  95] logΨ: mean=10.651+0.172j | min=7.068-0.997j | max=10.843+1.408j
梯度监控 | raw=83.3096 | natural=0.0055 | clipped=0.0055(上限20.0)
原始规范坐标 G(Re Σrow_mean) = +34.7745 | 累计|g| = 19.4225
Ψ矩阵条件数 cond(Ψ) = 1.36e+01
Loss=-30.851849 | E0=-7.77990854-0.00050725j | E1=-7.71610171+0.00035256j|E2=-7.70039798-0.00010356j|E3=-7.65544126-0.00009939j
#-----------------------------------------#
[Step  96] logΨ: mean=10.612+0.115j | min=6.208+3.111j | max=10.807+1.434j
梯度监控 | raw=82.5390 | natural=0.0074 | clipped=0.0074(上限20.0)
原始规范坐标 G(Re Σrow_mean) = +34.7361 | 累计|g| = 19.4225
Ψ矩阵条件数 cond(Ψ) = 1.31e+01
Loss=-30.851130 | E0=-7.77938833-0.00023976j | E1=-7.71574912+0.00009715j|E2=-7.70011217+0.00008211j|E3=-7.65588032-0.00004386j
#-----------------------------------------#
[Step  97] logΨ: mean=11.278+0.594j | min=2.460-2.122j | max=11.841+0.784j
梯度监控 | raw=83.7001 | natural=0.3114 | clipped=0.3114(上限20.0)
原始规范坐标 G(Re Σrow_mean) = +34.9697 | 累计|g| = 19.4225
Ψ矩阵条件数 cond(Ψ) = 4.65e+00
Loss=-30.849798 | E0=-7.77950464+0.00729188j | E1=-7.71646356-0.00058563j|E2=-7.69832492+0.00315108j|E3=-7.65550470+0.00023109j
#-----------------------------------------#
[Step  98] logΨ: mean=11.586-0.261j | min=6.795-1.804j | max=11.886+0.741j
梯度监控 | raw=74.5988 | natural=0.0056 | clipped=0.0056(上限20.0)
原始规范坐标 G(Re Σrow_mean) = +35.1213 | 累计|g| = 19.4225
Ψ矩阵条件数 cond(Ψ) = 4.67e+00
Loss=-30.909110 | E0=-7.82363928+0.00024837j | E1=-7.71920129-0.00073491j|E2=-7.70443799+0.00019763j|E3=-7.66183183+0.00097936j
#-----------------------------------------#
[Step  99] logΨ: mean=11.581-0.309j | min=7.833-0.443j | max=11.875+0.596j
梯度监控 | raw=74.8147 | natural=0.0043 | clipped=0.0043(上限20.0)
原始规范坐标 G(Re Σrow_mean) = +35.0968 | 累计|g| = 19.4225
Ψ矩阵条件数 cond(Ψ) = 6.87e+00
Loss=-30.907535 | E0=-7.82609481+0.00017671j | E1=-7.71848262+0.00017639j|E2=-7.70410834+0.00026507j|E3=-7.65884901-0.00024151j
#-----------------------------------------#
[保存] Step 99 → pickle 文件已更新 (100 条记录)
[GaugeReset@100] 吸收 Δg = Σ Re(col_mean) = +35.0968 | 新|g| = 18.7980
[Step 100] logΨ: mean=11.423+1.123j | min=7.655+1.894j | max=11.718+2.930j
梯度监控 | raw=76.3714 | natural=0.0055 | clipped=0.0055(上限20.0)
原始规范坐标 G(Re Σrow_mean) = +35.0056 | 累计|g| = 18.7980
Ψ矩阵条件数 cond(Ψ) = 4.11e+00
Loss=-30.906501 | E0=-7.82445577-0.00033292j | E1=-7.71814040-0.00061091j|E2=-7.70494139+0.00019369j|E3=-7.65896345-0.00012782j
#-----------------------------------------#
[Step 101] logΨ: mean=11.307+0.875j | min=7.010+0.462j | max=11.601+2.812j
梯度监控 | raw=70.3137 | natural=0.0071 | clipped=0.0071(上限20.0)
原始规范坐标 G(Re Σrow_mean) = +34.8878 | 累计|g| = 18.7980
Ψ矩阵条件数 cond(Ψ) = 6.92e+00
Loss=-30.911763 | E0=-7.82821651+0.00028738j | E1=-7.71913892+0.00001635j|E2=-7.70448550+0.00048508j|E3=-7.65992187-0.00002501j
#-----------------------------------------#
[Step 102] logΨ: mean=11.178+0.827j | min=6.809+0.342j | max=11.466+2.691j
梯度监控 | raw=67.2027 | natural=0.0058 | clipped=0.0058(上限20.0)
原始规范坐标 G(Re Σrow_mean) = +34.8249 | 累计|g| = 18.7980
Ψ矩阵条件数 cond(Ψ) = 4.12e+00
Loss=-30.911689 | E0=-7.82804378-0.00092083j | E1=-7.71851435+0.00029399j|E2=-7.70539653-0.00025389j|E3=-7.65973449-0.00006880j
#-----------------------------------------#
[Step 103] logΨ: mean=11.032+0.760j | min=4.910-2.737j | max=11.365+2.564j
梯度监控 | raw=65.2897 | natural=0.0537 | clipped=0.0537(上限20.0)
原始规范坐标 G(Re Σrow_mean) = +34.7458 | 累计|g| = 18.7980
Ψ矩阵条件数 cond(Ψ) = 4.01e+00
Loss=-30.914233 | E0=-7.82932430+0.00012438j | E1=-7.71969793+0.00042353j|E2=-7.70526099+0.00118636j|E3=-7.65994989-0.00008932j
#-----------------------------------------#
[Step 104] logΨ: mean=11.546+0.174j | min=6.841-0.783j | max=11.855+1.934j
梯度监控 | raw=61.0272 | natural=0.0104 | clipped=0.0104(上限20.0)
原始规范坐标 G(Re Σrow_mean) = +34.9543 | 累计|g| = 18.7980
Ψ矩阵条件数 cond(Ψ) = 4.21e+00
Loss=-30.913027 | E0=-7.82920719-0.00013962j | E1=-7.71929698-0.00009529j|E2=-7.70384678+0.00021322j|E3=-7.66067563+0.00010444j
#-----------------------------------------#
[Step 105] logΨ: mean=11.868-0.584j | min=7.193-1.613j | max=12.184+1.107j
梯度监控 | raw=56.7008 | natural=0.0112 | clipped=0.0112(上限20.0)
原始规范坐标 G(Re Σrow_mean) = +35.0609 | 累计|g| = 18.7980
Ψ矩阵条件数 cond(Ψ) = 1.03e+01
Loss=-30.916602 | E0=-7.83189522-0.00024881j | E1=-7.71935895-0.00054608j|E2=-7.70388168+0.00090933j|E3=-7.66146665+0.00042796j
#-----------------------------------------#
[Step 106] logΨ: mean=13.704-0.881j | min=8.710-2.523j | max=14.010+0.187j
梯度监控 | raw=56.2315 | natural=0.0274 | clipped=0.0274(上限20.0)
原始规范坐标 G(Re Σrow_mean) = +36.0378 | 累计|g| = 18.7980
Ψ矩阵条件数 cond(Ψ) = 1.50e+01
Loss=-30.918545 | E0=-7.83322951-0.00049769j | E1=-7.72000250+0.00069140j|E2=-7.70457443-0.00001068j|E3=-7.66073864+0.00026934j
#-----------------------------------------#
[Step 107] logΨ: mean=10.741-0.509j | min=6.688-1.773j | max=11.016+1.229j
梯度监控 | raw=45.9145 | natural=0.0278 | clipped=0.0278(上限20.0)
原始规范坐标 G(Re Σrow_mean) = +34.4807 | 累计|g| = 18.7980
Ψ矩阵条件数 cond(Ψ) = 9.78e+00
Loss=-30.930176 | E0=-7.84348119+0.00011198j | E1=-7.71944522-0.00047165j|E2=-7.70562945+0.00067599j|E3=-7.66162023+0.00085001j
#-----------------------------------------#
[Step 108] logΨ: mean=6.522-0.468j | min=0.851+0.580j | max=7.188+0.969j
梯度监控 | raw=43.0326 | natural=0.0964 | clipped=0.0964(上限20.0)
原始规范坐标 G(Re Σrow_mean) = +31.6868 | 累计|g| = 18.7980
Ψ矩阵条件数 cond(Ψ) = 4.81e+00
Loss=-30.926383 | E0=-7.84047570-0.00060464j | E1=-7.72003053+0.00028481j|E2=-7.70556571+0.00000180j|E3=-7.66031142-0.00014806j
#-----------------------------------------#
[Step 109] logΨ: mean=6.833-0.234j | min=0.793-3.036j | max=7.554+1.080j
梯度监控 | raw=89.5681 | natural=0.0066 | clipped=0.0066(上限20.0)
原始规范坐标 G(Re Σrow_mean) = +31.7256 | 累计|g| = 18.7980
Ψ矩阵条件数 cond(Ψ) = 4.86e+00
Loss=-30.914299 | E0=-7.83862452-0.00067321j | E1=-7.71531607-0.00250647j|E2=-7.70340228-0.00973853j|E3=-7.65695615+0.01014089j
#-----------------------------------------#
[GaugeReset@110] 吸收 Δg = Σ Re(col_mean) = +31.7256 | 新|g| = 17.7876
[Step 110] logΨ: mean=10.880-0.271j | min=6.561+3.053j | max=10.938+1.878j
梯度监控 | raw=17.4284 | natural=0.0010 | clipped=0.0010(上限20.0)
原始规范坐标 G(Re Σrow_mean) = +31.7957 | 累计|g| = 17.7876
Ψ矩阵条件数 cond(Ψ) = 3.78e+00
Loss=-30.930937 | E0=-7.84958185+0.00066503j | E1=-7.71963961-0.00016405j|E2=-7.70134205-0.00110004j|E3=-7.66037357+0.00008351j
#-----------------------------------------#
[Step 111] logΨ: mean=10.780-0.361j | min=5.716+1.197j | max=10.891+1.822j
梯度监控 | raw=25.9562 | natural=0.0038 | clipped=0.0038(上限20.0)
原始规范坐标 G(Re Σrow_mean) = +31.7884 | 累计|g| = 17.7876
Ψ矩阵条件数 cond(Ψ) = 3.78e+00
Loss=-30.916873 | E0=-7.83642406+0.00019542j | E1=-7.71908922-0.00022540j|E2=-7.70098769-0.00087833j|E3=-7.66037198+0.00009249j
#-----------------------------------------#
[Step 112] logΨ: mean=10.962-0.378j | min=5.688-0.851j | max=11.043+1.815j
梯度监控 | raw=21.8989 | natural=0.0042 | clipped=0.0042(上限20.0)
原始规范坐标 G(Re Σrow_mean) = +31.8230 | 累计|g| = 17.7876
Ψ矩阵条件数 cond(Ψ) = 5.87e+00
Loss=-30.924651 | E0=-7.84366581+0.00060025j | E1=-7.71959234-0.00012593j|E2=-7.70089791-0.00112238j|E3=-7.66049484-0.00007905j
#-----------------------------------------#
[Step 113] logΨ: mean=11.237-0.433j | min=5.735-1.244j | max=11.341+1.728j
梯度监控 | raw=27.7401 | natural=0.0068 | clipped=0.0068(上限20.0)
原始规范坐标 G(Re Σrow_mean) = +31.9836 | 累计|g| = 17.7876
Ψ矩阵条件数 cond(Ψ) = 3.80e+00
Loss=-30.917304 | E0=-7.83667922+0.00050466j | E1=-7.71848559-0.00028615j|E2=-7.70184233-0.00079554j|E3=-7.66029643-0.00024943j
#-----------------------------------------#
[Step 114] logΨ: mean=11.210-0.007j | min=6.135-2.902j | max=11.328+1.944j
梯度监控 | raw=22.6130 | natural=0.0056 | clipped=0.0056(上限20.0)
原始规范坐标 G(Re Σrow_mean) = +32.0540 | 累计|g| = 17.7876
Ψ矩阵条件数 cond(Ψ) = 3.71e+00
Loss=-30.920780 | E0=-7.84004782-0.00008779j | E1=-7.71781251+0.00038792j|E2=-7.70192556+0.00134002j|E3=-7.66099453-0.00005822j
#-----------------------------------------#
[Step 115] logΨ: mean=11.258+0.184j | min=7.816-1.034j | max=11.319+1.905j
梯度监控 | raw=11.4957 | natural=0.0024 | clipped=0.0024(上限20.0)
原始规范坐标 G(Re Σrow_mean) = +32.0554 | 累计|g| = 17.7876
Ψ矩阵条件数 cond(Ψ) = 3.72e+00
Loss=-30.936641 | E0=-7.85417332+0.00025524j | E1=-7.71904650-0.00008970j|E2=-7.70305910-0.00021514j|E3=-7.66036166-0.00028125j
#-----------------------------------------#
[Step 116] logΨ: mean=11.233+0.258j | min=6.820-3.086j | max=11.361+1.959j
梯度监控 | raw=27.6291 | natural=0.0032 | clipped=0.0032(上限20.0)
原始规范坐标 G(Re Σrow_mean) = +32.0292 | 累计|g| = 17.7876
Ψ矩阵条件数 cond(Ψ) = 3.71e+00
Loss=-30.920387 | E0=-7.83790185+0.00016533j | E1=-7.71762742-0.00019915j|E2=-7.70362730-0.00002800j|E3=-7.66123086-0.00005159j
#-----------------------------------------#
[Step 117] logΨ: mean=11.521+0.132j | min=5.853-1.096j | max=11.637+1.961j
梯度监控 | raw=12.8531 | natural=0.0092 | clipped=0.0092(上限20.0)
原始规范坐标 G(Re Σrow_mean) = +32.1936 | 累计|g| = 17.7876
Ψ矩阵条件数 cond(Ψ) = 3.67e+00
Loss=-30.934783 | E0=-7.84926503-0.00020303j | E1=-7.71895779-0.00013795j|E2=-7.70273375-0.00025192j|E3=-7.66382655+0.00085158j
#-----------------------------------------#
[Step 118] logΨ: mean=11.187+0.222j | min=6.519-1.562j | max=11.292+2.026j
梯度监控 | raw=10.5332 | natural=0.0065 | clipped=0.0065(上限20.0)
原始规范坐标 G(Re Σrow_mean) = +32.1640 | 累计|g| = 17.7876
Ψ矩阵条件数 cond(Ψ) = 3.63e+00
Loss=-30.943762 | E0=-7.85563584-0.00044531j | E1=-7.71948312+0.00004103j|E2=-7.70452732-0.00156008j|E3=-7.66411603+0.00086845j
#-----------------------------------------#
[Step 119] logΨ: mean=11.197+0.575j | min=6.066+2.610j | max=11.311+2.101j
梯度监控 | raw=14.3420 | natural=0.0042 | clipped=0.0042(上限20.0)
原始规范坐标 G(Re Σrow_mean) = +32.1209 | 累计|g| = 17.7876
Ψ矩阵条件数 cond(Ψ) = 3.62e+00
Loss=-30.932539 | E0=-7.84995003+0.00010717j | E1=-7.71702046-0.00023414j|E2=-7.70507556+0.00017191j|E3=-7.66049336-0.00030795j
#-----------------------------------------#
[保存] Step 119 → pickle 文件已更新 (120 条记录)
[GaugeReset@120] 吸收 Δg = Σ Re(col_mean) = +32.1209 | 新|g| = 17.9877
[Step 120] logΨ: mean=10.807+1.269j | min=7.029+0.499j | max=10.904+2.827j
梯度监控 | raw=11.0739 | natural=0.0021 | clipped=0.0021(上限20.0)
原始规范坐标 G(Re Σrow_mean) = +32.1094 | 累计|g| = 17.9877
Ψ矩阵条件数 cond(Ψ) = 3.68e+00
Loss=-30.944185 | E0=-7.85711567+0.00002856j | E1=-7.71833906-0.00014079j|E2=-7.70421075-0.00003488j|E3=-7.66451911+0.00088070j
#-----------------------------------------#
[Step 121] logΨ: mean=10.980+1.311j | min=4.526-2.635j | max=11.026+2.874j
梯度监控 | raw=6.5404 | natural=0.0064 | clipped=0.0064(上限20.0)
原始规范坐标 G(Re Σrow_mean) = +32.3030 | 累计|g| = 17.9877
Ψ矩阵条件数 cond(Ψ) = 3.73e+00
Loss=-30.941432 | E0=-7.85817383+0.00021112j | E1=-7.71946004-0.00007703j|E2=-7.70320508-0.00027217j|E3=-7.66059301-0.00037958j
#-----------------------------------------#
[Step 122] logΨ: mean=10.928+1.460j | min=6.260-1.894j | max=10.994+2.919j
梯度监控 | raw=11.1521 | natural=0.0019 | clipped=0.0019(上限20.0)
原始规范坐标 G(Re Σrow_mean) = +32.2752 | 累计|g| = 17.9877
Ψ矩阵条件数 cond(Ψ) = 3.75e+00
Loss=-30.937330 | E0=-7.85441605+0.00016644j | E1=-7.71955783-0.00009547j|E2=-7.70319989-0.00038231j|E3=-7.66015606-0.00049265j
#-----------------------------------------#
[Step 123] logΨ: mean=10.937+1.476j | min=6.888-0.364j | max=11.010+3.133j
梯度监控 | raw=8.2749 | natural=0.0063 | clipped=0.0063(上限20.0)
原始规范坐标 G(Re Σrow_mean) = +32.3134 | 累计|g| = 17.9877
Ψ矩阵条件数 cond(Ψ) = 3.70e+00
Loss=-30.940747 | E0=-7.85609340-0.00037751j | E1=-7.72019928+0.00025605j|E2=-7.70349989+0.00026098j|E3=-7.66095431-0.00009826j
#-----------------------------------------#
[Step 124] logΨ: mean=10.908+1.945j | min=5.896+0.325j | max=10.985+3.141j
梯度监控 | raw=7.7589 | natural=0.0036 | clipped=0.0036(上限20.0)
原始规范坐标 G(Re Σrow_mean) = +32.2373 | 累计|g| = 17.9877
Ψ矩阵条件数 cond(Ψ) = 3.67e+00
Loss=-30.942213 | E0=-7.85787327+0.00003372j | E1=-7.71834031-0.00021034j|E2=-7.70486546-0.00004186j|E3=-7.66113365-0.00000517j
#-----------------------------------------#
[Step 125] logΨ: mean=10.936-2.116j | min=8.543-0.056j | max=10.973+0.003j
梯度监控 | raw=2.9458 | natural=0.0007 | clipped=0.0007(上限20.0)
原始规范坐标 G(Re Σrow_mean) = +32.2710 | 累计|g| = 17.9877
Ψ矩阵条件数 cond(Ψ) = 3.67e+00
Loss=-30.945992 | E0=-7.86222872+0.00023189j | E1=-7.71891835-0.00017550j|E2=-7.70438834-0.00018200j|E3=-7.66045683-0.00049031j
#-----------------------------------------#
[Step 126] logΨ: mean=10.860-2.029j | min=6.070-1.676j | max=10.930+0.075j
梯度监控 | raw=5.3376 | natural=0.0030 | clipped=0.0030(上限20.0)
原始规范坐标 G(Re Σrow_mean) = +32.3874 | 累计|g| = 17.9877
Ψ矩阵条件数 cond(Ψ) = 3.69e+00
Loss=-30.949057 | E0=-7.86217954-0.00002401j | E1=-7.71960917+0.00004627j|E2=-7.70443525+0.00013941j|E3=-7.66283329+0.00054759j
#-----------------------------------------#
[Step 127] logΨ: mean=10.849-1.697j | min=6.577-1.156j | max=10.892+0.118j
梯度监控 | raw=3.4815 | natural=0.0025 | clipped=0.0025(上限20.0)
原始规范坐标 G(Re Σrow_mean) = +32.4125 | 累计|g| = 17.9877
Ψ矩阵条件数 cond(Ψ) = 3.64e+00
Loss=-30.945556 | E0=-7.86154442+0.00006347j | E1=-7.71925479-0.00012507j|E2=-7.70442915-0.00017793j|E3=-7.66032755-0.00051702j
#-----------------------------------------#
[Step 128] logΨ: mean=10.759-1.654j | min=5.652-2.406j | max=10.841+0.229j
梯度监控 | raw=7.3205 | natural=0.0054 | clipped=0.0054(上限20.0)
原始规范坐标 G(Re Σrow_mean) = +32.3683 | 累计|g| = 17.9877
Ψ矩阵条件数 cond(Ψ) = 3.59e+00
Loss=-30.944287 | E0=-7.85911254+0.00009813j | E1=-7.71871980-0.00009401j|E2=-7.70548459+0.00008366j|E3=-7.66097042-0.00000490j
#-----------------------------------------#
[Step 129] logΨ: mean=10.796-1.656j | min=7.120+2.894j | max=10.852+0.288j
梯度监控 | raw=6.4367 | natural=0.0017 | clipped=0.0017(上限20.0)
原始规范坐标 G(Re Σrow_mean) = +32.4346 | 累计|g| = 17.9877
Ψ矩阵条件数 cond(Ψ) = 3.58e+00
Loss=-30.947515 | E0=-7.86117220+0.00013593j | E1=-7.71901703-0.00002697j|E2=-7.70686603+0.00046593j|E3=-7.66045938-0.00053699j
#-----------------------------------------#
[GaugeReset@130] 吸收 Δg = Σ Re(col_mean) = +32.4346 | 新|g| = 18.0329
[Step 130] logΨ: mean=10.496+1.589j | min=6.013+1.231j | max=10.535+3.133j
梯度监控 | raw=5.4596 | natural=0.0040 | clipped=0.0040(上限20.0)
原始规范坐标 G(Re Σrow_mean) = +32.4555 | 累计|g| = 18.0329
Ψ矩阵条件数 cond(Ψ) = 3.60e+00
Loss=-30.951416 | E0=-7.86371390+0.00019448j | E1=-7.72136307+0.00024679j|E2=-7.70609893+0.00032114j|E3=-7.66024014-0.00041361j
#-----------------------------------------#
[Step 131] logΨ: mean=10.469+1.150j | min=6.623+0.999j | max=10.534+3.125j
梯度监控 | raw=3.4103 | natural=0.0014 | clipped=0.0014(上限20.0)
原始规范坐标 G(Re Σrow_mean) = +32.4534 | 累计|g| = 18.0329
Ψ矩阵条件数 cond(Ψ) = 3.59e+00
Loss=-30.949591 | E0=-7.86242650+0.00003597j | E1=-7.71939813-0.00011132j|E2=-7.70520204-0.00005010j|E3=-7.66256419+0.00022937j
#-----------------------------------------#
[Step 132] logΨ: mean=10.407-1.282j | min=5.918-1.206j | max=10.428+0.023j
梯度监控 | raw=2.3399 | natural=0.0026 | clipped=0.0026(上限20.0)
原始规范坐标 G(Re Σrow_mean) = +32.4886 | 累计|g| = 18.0329
Ψ矩阵条件数 cond(Ψ) = 3.53e+00
Loss=-30.949896 | E0=-7.86329936+0.00010148j | E1=-7.72105877+0.00003930j|E2=-7.70463209-0.00010543j|E3=-7.66090534-0.00045548j
#-----------------------------------------#
[Step 133] logΨ: mean=10.205-1.061j | min=5.332+1.316j | max=10.281+0.140j
梯度监控 | raw=7.0255 | natural=0.0054 | clipped=0.0054(上限20.0)
原始规范坐标 G(Re Σrow_mean) = +32.4224 | 累计|g| = 18.0329
Ψ矩阵条件数 cond(Ψ) = 3.46e+00
Loss=-30.949143 | E0=-7.86064329+0.00011636j | E1=-7.71999867-0.00003831j|E2=-7.70602162-0.00007423j|E3=-7.66247963+0.00011950j
#-----------------------------------------#
[Step 134] logΨ: mean=10.014-0.950j | min=4.040+0.992j | max=10.149+0.209j
梯度监控 | raw=9.8577 | natural=0.0079 | clipped=0.0079(上限20.0)
原始规范坐标 G(Re Σrow_mean) = +32.3301 | 累计|g| = 18.0329
Ψ矩阵条件数 cond(Ψ) = 3.33e+00
Loss=-30.951738 | E0=-7.86080230-0.00006739j | E1=-7.71964753-0.00010558j|E2=-7.70759302-0.00025841j|E3=-7.66369507+0.00120014j
#-----------------------------------------#
[Step 135] logΨ: mean=9.982-1.072j | min=4.996+1.565j | max=10.068+0.254j
梯度监控 | raw=6.4368 | natural=0.0033 | clipped=0.0033(上限20.0)
原始规范坐标 G(Re Σrow_mean) = +32.3250 | 累计|g| = 18.0329
Ψ矩阵条件数 cond(Ψ) = 3.28e+00
Loss=-30.946488 | E0=-7.86027202+0.00000698j | E1=-7.72059971+0.00003976j|E2=-7.70701382+0.00023985j|E3=-7.65860215-0.00040453j
#-----------------------------------------#
[Step 136] logΨ: mean=10.000-0.710j | min=5.366-0.895j | max=10.050+0.286j
梯度监控 | raw=3.3255 | natural=0.0033 | clipped=0.0033(上限20.0)
原始规范坐标 G(Re Σrow_mean) = +32.3397 | 累计|g| = 18.0329
Ψ矩阵条件数 cond(Ψ) = 3.24e+00
Loss=-30.950342 | E0=-7.86207114-0.00004553j | E1=-7.72105006+0.00001988j|E2=-7.70562442-0.00004233j|E3=-7.66159678-0.00015428j
#-----------------------------------------#
[Step 137] logΨ: mean=10.084-0.717j | min=6.598-0.180j | max=10.117+0.347j
梯度监控 | raw=2.3469 | natural=0.0013 | clipped=0.0013(上限20.0)
原始规范坐标 G(Re Σrow_mean) = +32.3978 | 累计|g| = 18.0329
Ψ矩阵条件数 cond(Ψ) = 3.27e+00
Loss=-30.949942 | E0=-7.86283720+0.00002553j | E1=-7.72066637-0.00001758j|E2=-7.70575343-0.00006116j|E3=-7.66068473-0.00045935j
#-----------------------------------------#
[Step 138] logΨ: mean=9.918-0.855j | min=6.038-1.887j | max=10.009+0.340j
梯度监控 | raw=10.2241 | natural=0.0031 | clipped=0.0031(上限20.0)
原始规范坐标 G(Re Σrow_mean) = +32.3247 | 累计|g| = 18.0329
Ψ矩阵条件数 cond(Ψ) = 3.21e+00
Loss=-30.957598 | E0=-7.86312949+0.00002517j | E1=-7.72178912+0.00009542j|E2=-7.70687688+0.00003819j|E3=-7.66580247+0.00099243j
#-----------------------------------------#
[Step 139] logΨ: mean=10.000-0.873j | min=4.658+0.535j | max=10.069+0.365j
梯度监控 | raw=2.8988 | natural=0.0047 | clipped=0.0047(上限20.0)
原始规范坐标 G(Re Σrow_mean) = +32.3380 | 累计|g| = 18.0329
Ψ矩阵条件数 cond(Ψ) = 3.25e+00
Loss=-30.950174 | E0=-7.86267362-0.00004537j | E1=-7.72033725-0.00007695j|E2=-7.70745719-0.00031500j|E3=-7.65970636-0.00029747j
#-----------------------------------------#
[保存] Step 139 → pickle 文件已更新 (140 条记录)
[GaugeReset@140] 吸收 Δg = Σ Re(col_mean) = +32.3380 | 新|g| = 17.9066
[Step 140] logΨ: mean=10.063-1.365j | min=5.021-1.106j | max=10.222+0.027j
梯度监控 | raw=11.2200 | natural=0.0058 | clipped=0.0058(上限20.0)
原始规范坐标 G(Re Σrow_mean) = +32.2822 | 累计|g| = 17.9066
Ψ矩阵条件数 cond(Ψ) = 3.40e+00
Loss=-30.957963 | E0=-7.86225057-0.00021303j | E1=-7.72029263-0.00008366j|E2=-7.70687012-0.00022516j|E3=-7.66854920+0.00162555j
#-----------------------------------------#
[Step 141] logΨ: mean=10.522-1.396j | min=4.759-0.383j | max=10.593+0.029j
梯度监控 | raw=2.5942 | natural=0.0073 | clipped=0.0073(上限20.0)
原始规范坐标 G(Re Σrow_mean) = +32.4888 | 累计|g| = 17.9066
Ψ矩阵条件数 cond(Ψ) = 3.51e+00
Loss=-30.952312 | E0=-7.86313350-0.00003322j | E1=-7.72089765-0.00022636j|E2=-7.70614355+0.00030333j|E3=-7.66213741+0.00003501j
#-----------------------------------------#
[Step 142] logΨ: mean=10.786+1.302j | min=3.592-1.020j | max=10.892+2.941j
梯度监控 | raw=4.7842 | natural=0.0194 | clipped=0.0194(上限20.0)
原始规范坐标 G(Re Σrow_mean) = +32.5876 | 累计|g| = 17.9066
Ψ矩阵条件数 cond(Ψ) = 3.58e+00
Loss=-30.950114 | E0=-7.85921605+0.00046016j | E1=-7.72045258-0.00001460j|E2=-7.70744840+0.00028402j|E3=-7.66299742+0.00027649j
#-----------------------------------------#
[Step 143] logΨ: mean=10.697+1.415j | min=5.729-2.935j | max=10.803+3.060j
梯度监控 | raw=6.4545 | natural=0.0038 | clipped=0.0038(上限20.0)
原始规范坐标 G(Re Σrow_mean) = +32.5358 | 累计|g| = 17.9066
Ψ矩阵条件数 cond(Ψ) = 3.48e+00
Loss=-30.954082 | E0=-7.86247220-0.00010890j | E1=-7.72035447-0.00009919j|E2=-7.70692966-0.00007422j|E3=-7.66432615+0.00054603j
#-----------------------------------------#
[Step 144] logΨ: mean=11.563+0.936j | min=3.914+0.584j | max=11.682+2.710j
梯度监控 | raw=8.3158 | natural=0.0361 | clipped=0.0361(上限20.0)
原始规范坐标 G(Re Σrow_mean) = +32.9224 | 累计|g| = 17.9066
Ψ矩阵条件数 cond(Ψ) = 3.72e+00
Loss=-30.952897 | E0=-7.86252978+0.00003375j | E1=-7.71947366-0.00034479j|E2=-7.70556004-0.00066719j|E3=-7.66533378+0.00080655j
#-----------------------------------------#
[Step 145] logΨ: mean=11.595+1.203j | min=6.727+0.063j | max=11.785+2.729j
梯度监控 | raw=14.5752 | natural=0.0020 | clipped=0.0020(上限20.0)
原始规范坐标 G(Re Σrow_mean) = +32.8927 | 累计|g| = 17.9066
Ψ矩阵条件数 cond(Ψ) = 3.74e+00
Loss=-30.960799 | E0=-7.86234311-0.00003585j | E1=-7.72067723-0.00004127j|E2=-7.70734554+0.00016248j|E3=-7.67043337+0.00176434j
#-----------------------------------------#
[Step 146] logΨ: mean=11.846+1.532j | min=7.029+1.629j | max=11.927+2.752j
梯度监控 | raw=2.0607 | natural=0.0028 | clipped=0.0028(上限20.0)
原始规范坐标 G(Re Σrow_mean) = +33.0360 | 累计|g| = 17.9066
Ψ矩阵条件数 cond(Ψ) = 3.76e+00
Loss=-30.952610 | E0=-7.86305541+0.00005946j | E1=-7.72091970+0.00002888j|E2=-7.70764151+0.00009217j|E3=-7.66099291-0.00026251j
#-----------------------------------------#
[Step 147] logΨ: mean=11.866+1.272j | min=7.829-0.929j | max=11.929+2.793j
梯度监控 | raw=2.9609 | natural=0.0016 | clipped=0.0016(上限20.0)
原始规范坐标 G(Re Σrow_mean) = +33.0581 | 累计|g| = 17.9066
Ψ矩阵条件数 cond(Ψ) = 3.75e+00
Loss=-30.953204 | E0=-7.86336606+0.00009023j | E1=-7.72084949-0.00002783j|E2=-7.70730092-0.00007356j|E3=-7.66168723-0.00008541j
#-----------------------------------------#
[Step 148] logΨ: mean=12.045+1.236j | min=6.093+2.869j | max=12.111+2.828j
梯度监控 | raw=1.6137 | natural=0.0035 | clipped=0.0035(上限20.0)
原始规范坐标 G(Re Σrow_mean) = +33.1191 | 累计|g| = 17.9066
Ψ矩阵条件数 cond(Ψ) = 3.77e+00
Loss=-30.953184 | E0=-7.86326579+0.00006263j | E1=-7.72020608-0.00008783j|E2=-7.70712387+0.00009260j|E3=-7.66258861-0.00012862j
#-----------------------------------------#
[Step 149] logΨ: mean=11.927+1.144j | min=7.538-2.750j | max=11.998+2.836j
梯度监控 | raw=1.5295 | natural=0.0028 | clipped=0.0028(上限20.0)
原始规范坐标 G(Re Σrow_mean) = +33.0872 | 累计|g| = 17.9066
Ψ矩阵条件数 cond(Ψ) = 3.76e+00
Loss=-30.953656 | E0=-7.86322910+0.00001757j | E1=-7.72061452-0.00006556j|E2=-7.70759118-0.00019222j|E3=-7.66222072-0.00023655j
#-----------------------------------------#
[GaugeReset@150] 吸收 Δg = Σ Re(col_mean) = +33.0872 | 新|g| = 18.0730
[Step 150] logΨ: mean=11.195+1.236j | min=7.484-0.803j | max=11.269+2.884j
梯度监控 | raw=2.8925 | natural=0.0006 | clipped=0.0006(上限20.0)
原始规范坐标 G(Re Σrow_mean) = +33.0910 | 累计|g| = 18.0730
Ψ矩阵条件数 cond(Ψ) = 3.65e+00
Loss=-30.952103 | E0=-7.86293111+0.00004767j | E1=-7.72112637+0.00001706j|E2=-7.70748038+0.00008872j|E3=-7.66056555-0.00030571j
#-----------------------------------------#
[Step 151] logΨ: mean=11.167+1.513j | min=5.967-2.941j | max=11.304+2.918j
梯度监控 | raw=9.3268 | natural=0.0015 | clipped=0.0015(上限20.0)
原始规范坐标 G(Re Σrow_mean) = +33.0328 | 累计|g| = 18.0730
Ψ矩阵条件数 cond(Ψ) = 3.63e+00
Loss=-30.958479 | E0=-7.86296748-0.00005709j | E1=-7.72083254-0.00002451j|E2=-7.70757300+0.00008655j|E3=-7.66710570+0.00065310j
#-----------------------------------------#
[Step 152] logΨ: mean=11.280+1.731j | min=7.434+0.669j | max=11.341+2.950j
梯度监控 | raw=1.3216 | natural=0.0015 | clipped=0.0015(上限20.0)
原始规范坐标 G(Re Σrow_mean) = +33.1137 | 累计|g| = 18.0730
Ψ矩阵条件数 cond(Ψ) = 3.61e+00
Loss=-30.953233 | E0=-7.86312139+0.00002309j | E1=-7.72077079-0.00004994j|E2=-7.70726954+0.00007735j|E3=-7.66207155-0.00022942j
#-----------------------------------------#
[Step 153] logΨ: mean=11.287+1.921j | min=7.439-2.476j | max=11.351+2.946j
梯度监控 | raw=2.0903 | natural=0.0008 | clipped=0.0008(上限20.0)
原始规范坐标 G(Re Σrow_mean) = +33.1435 | 累计|g| = 18.0730
Ψ矩阵条件数 cond(Ψ) = 3.61e+00
Loss=-30.954743 | E0=-7.86313511-0.00002480j | E1=-7.72173687+0.00008362j|E2=-7.70715688+0.00008549j|E3=-7.66271446-0.00015391j
#-----------------------------------------#
[Step 154] logΨ: mean=10.648-1.289j | min=4.516+0.222j | max=10.777+0.906j
梯度监控 | raw=4.4325 | natural=0.0142 | clipped=0.0142(上限20.0)
原始规范坐标 G(Re Σrow_mean) = +32.7692 | 累计|g| = 18.0730
Ψ矩阵条件数 cond(Ψ) = 3.46e+00
Loss=-30.956534 | E0=-7.86336221-0.00006577j | E1=-7.72074100-0.00006416j|E2=-7.70849809-0.00063392j|E3=-7.66393297+0.00012396j
#-----------------------------------------#
[Step 155] logΨ: mean=10.732-1.397j | min=6.179+1.082j | max=10.786+0.914j
梯度监控 | raw=2.3595 | natural=0.0006 | clipped=0.0006(上限20.0)
原始规范坐标 G(Re Σrow_mean) = +32.8290 | 累计|g| = 18.0730
Ψ矩阵条件数 cond(Ψ) = 3.46e+00
Loss=-30.955029 | E0=-7.86342080+0.00001425j | E1=-7.72131174+0.00000101j|E2=-7.70721084+0.00016125j|E3=-7.66308554-0.00004823j
#-----------------------------------------#
[Step 156] logΨ: mean=10.764-1.389j | min=5.320+1.055j | max=10.831+0.933j
梯度监控 | raw=2.6400 | natural=0.0027 | clipped=0.0027(上限20.0)
原始规范坐标 G(Re Σrow_mean) = +32.8495 | 累计|g| = 18.0730
Ψ矩阵条件数 cond(Ψ) = 3.47e+00
Loss=-30.955005 | E0=-7.86333511+0.00000184j | E1=-7.72127096+0.00001171j|E2=-7.70715146+0.00011258j|E3=-7.66324764-0.00002511j
#-----------------------------------------#
[Step 157] logΨ: mean=10.758-1.116j | min=6.943-2.830j | max=10.846+0.962j
梯度监控 | raw=4.3162 | natural=0.0011 | clipped=0.0011(上限20.0)
原始规范坐标 G(Re Σrow_mean) = +32.8219 | 累计|g| = 18.0730
Ψ矩阵条件数 cond(Ψ) = 3.47e+00
Loss=-30.953573 | E0=-7.86234787+0.00000546j | E1=-7.72099822+0.00001042j|E2=-7.70743258+0.00006581j|E3=-7.66279480-0.00010314j
#-----------------------------------------#
[Step 158] logΨ: mean=11.561-2.154j | min=5.063-2.837j | max=11.691+0.133j
梯度监控 | raw=5.8231 | natural=0.0502 | clipped=0.0502(上限20.0)
原始规范坐标 G(Re Σrow_mean) = +33.0882 | 累计|g| = 18.0730
Ψ矩阵条件数 cond(Ψ) = 3.28e+00
Loss=-30.955004 | E0=-7.86309933-0.00000474j | E1=-7.72079202+0.00001341j|E2=-7.70736206+0.00010683j|E3=-7.66375031-0.00394974j
#-----------------------------------------#
[Step 159] logΨ: mean=11.869-1.828j | min=5.425-1.544j | max=12.007+0.021j
梯度监控 | raw=8.6061 | natural=0.0131 | clipped=0.0131(上限20.0)
原始规范坐标 G(Re Σrow_mean) = +33.5176 | 累计|g| = 18.0730
Ψ矩阵条件数 cond(Ψ) = 3.05e+00
Loss=-30.955505 | E0=-7.86172514-0.00093359j | E1=-7.72041994-0.00003711j|E2=-7.70692828-0.00099569j|E3=-7.66643138+0.00040115j
#-----------------------------------------#
[保存] Step 159 → pickle 文件已更新 (160 条记录)
[GaugeReset@160] 吸收 Δg = Σ Re(col_mean) = +33.5176 | 新|g| = 18.2909
[Step 160] logΨ: mean=11.282+0.604j | min=6.422-1.908j | max=11.435+2.104j
梯度监控 | raw=13.6390 | natural=0.0074 | clipped=0.0074(上限20.0)
原始规范坐标 G(Re Σrow_mean) = +33.4717 | 累计|g| = 18.2909
Ψ矩阵条件数 cond(Ψ) = 3.12e+00
Loss=-30.958714 | E0=-7.86205714+0.00002318j | E1=-7.72098532+0.00011696j|E2=-7.70712403-0.00006161j|E3=-7.66854752+0.00066986j
#-----------------------------------------#
[Step 161] logΨ: mean=11.385+0.833j | min=6.756+2.402j | max=11.451+2.111j
梯度监控 | raw=2.8295 | natural=0.0010 | clipped=0.0010(上限20.0)
原始规范坐标 G(Re Σrow_mean) = +33.5517 | 累计|g| = 18.2909
Ψ矩阵条件数 cond(Ψ) = 3.13e+00
Loss=-30.953053 | E0=-7.86252051-0.00020263j | E1=-7.72112301+0.00006108j|E2=-7.70706954+0.00010625j|E3=-7.66234024-0.00032000j
#-----------------------------------------#
[Step 162] logΨ: mean=10.703+1.472j | min=4.625+0.040j | max=10.763+2.869j
梯度监控 | raw=5.3256 | natural=0.0132 | clipped=0.0132(上限20.0)
原始规范坐标 G(Re Σrow_mean) = +32.9372 | 累计|g| = 18.2909
Ψ矩阵条件数 cond(Ψ) = 3.26e+00
Loss=-30.955050 | E0=-7.86295469-0.00004848j | E1=-7.72116995+0.00092389j|E2=-7.70861547+0.00216861j|E3=-7.66231008-0.00035960j
#-----------------------------------------#
[Step 163] logΨ: mean=10.670+1.540j | min=5.488+2.977j | max=10.820+2.852j
梯度监控 | raw=7.7315 | natural=0.0055 | clipped=0.0055(上限20.0)
原始规范坐标 G(Re Σrow_mean) = +32.7874 | 累计|g| = 18.2909
Ψ矩阵条件数 cond(Ψ) = 3.30e+00
Loss=-30.956442 | E0=-7.86163111+0.00007076j | E1=-7.72105057+0.00015870j|E2=-7.70831709-0.00007144j|E3=-7.66544296+0.00009057j
#-----------------------------------------#
[Step 164] logΨ: mean=10.759+1.156j | min=5.428+1.247j | max=10.863+2.886j
梯度监控 | raw=4.2169 | natural=0.0021 | clipped=0.0021(上限20.0)
原始规范坐标 G(Re Σrow_mean) = +32.8347 | 累计|g| = 18.2909
Ψ矩阵条件数 cond(Ψ) = 3.32e+00
Loss=-30.952449 | E0=-7.86118738-0.00003025j | E1=-7.72048692-0.00018293j|E2=-7.70773053+0.00021063j|E3=-7.66304464-0.00030518j
#-----------------------------------------#
[Step 165] logΨ: mean=10.855+1.476j | min=6.173+1.011j | max=10.915+2.897j
梯度监控 | raw=3.9994 | natural=0.0011 | clipped=0.0011(上限20.0)
原始规范坐标 G(Re Σrow_mean) = +32.9064 | 累计|g| = 18.2909
Ψ矩阵条件数 cond(Ψ) = 3.35e+00
Loss=-30.954596 | E0=-7.86248557+0.00016099j | E1=-7.72153874+0.00013813j|E2=-7.70666220-0.00000493j|E3=-7.66390955-0.00015904j
#-----------------------------------------#
[Step 166] logΨ: mean=10.894+1.570j | min=5.956-1.288j | max=11.017+2.912j
梯度监控 | raw=7.1287 | natural=0.0020 | clipped=0.0020(上限20.0)
原始规范坐标 G(Re Σrow_mean) = +32.9025 | 累计|g| = 18.2909
Ψ矩阵条件数 cond(Ψ) = 3.36e+00
Loss=-30.954975 | E0=-7.86167077-0.00024339j | E1=-7.72093626-0.00004816j|E2=-7.70704417+0.00008120j|E3=-7.66532417+0.00012580j
#-----------------------------------------#
[Step 167] logΨ: mean=10.867+1.234j | min=6.498+3.114j | max=10.958+2.856j
梯度监控 | raw=6.2476 | natural=0.0028 | clipped=0.0028(上限20.0)
原始规范坐标 G(Re Σrow_mean) = +32.9104 | 累计|g| = 18.2909
Ψ矩阵条件数 cond(Ψ) = 3.37e+00
Loss=-30.955462 | E0=-7.86232400-0.00003506j | E1=-7.72067150-0.00007790j|E2=-7.70756142-0.00049898j|E3=-7.66490531-0.00001453j
#-----------------------------------------#
[Step 168] logΨ: mean=10.733+0.983j | min=4.159+0.729j | max=10.867+2.397j
梯度监控 | raw=7.8545 | natural=0.0209 | clipped=0.0209(上限20.0)
原始规范坐标 G(Re Σrow_mean) = +33.4420 | 累计|g| = 18.2909
Ψ矩阵条件数 cond(Ψ) = 3.41e+00
Loss=-30.954310 | E0=-7.86183821-0.00014627j | E1=-7.72026671-0.00015607j|E2=-7.70702145+0.00001159j|E3=-7.66518379+0.00004200j
#-----------------------------------------#
[Step 169] logΨ: mean=10.766+1.059j | min=5.364+1.928j | max=10.908+2.229j
梯度监控 | raw=10.3839 | natural=0.0077 | clipped=0.0077(上限20.0)
原始规范坐标 G(Re Σrow_mean) = +33.4597 | 累计|g| = 18.2909
Ψ矩阵条件数 cond(Ψ) = 3.43e+00
Loss=-30.954772 | E0=-7.86125542-0.00003266j | E1=-7.72090817+0.00032216j|E2=-7.70648084-0.00001087j|E3=-7.66612776-0.00032291j
#-----------------------------------------#
[GaugeReset@170] 吸收 Δg = Σ Re(col_mean) = +33.4597 | 新|g| = 18.3319
[Step 170] logΨ: mean=10.836+0.774j | min=5.717-1.339j | max=10.979+1.598j
梯度监控 | raw=12.3062 | natural=0.0041 | clipped=0.0041(上限20.0)
原始规范坐标 G(Re Σrow_mean) = +33.4418 | 累计|g| = 18.3319
Ψ矩阵条件数 cond(Ψ) = 3.46e+00
Loss=-30.955130 | E0=-7.86096923-0.00005789j | E1=-7.72082421+0.00020108j|E2=-7.70749793-0.00000953j|E3=-7.66583897+0.00026000j
#-----------------------------------------#
[Step 171] logΨ: mean=10.856+0.195j | min=5.509+0.178j | max=10.975+1.458j
梯度监控 | raw=8.5295 | natural=0.0033 | clipped=0.0033(上限20.0)
原始规范坐标 G(Re Σrow_mean) = +33.4227 | 累计|g| = 18.3319
Ψ矩阵条件数 cond(Ψ) = 3.49e+00
Loss=-30.955371 | E0=-7.86172195+0.00012362j | E1=-7.72107239+0.00021718j|E2=-7.70752647+0.00060112j|E3=-7.66505060-0.00060177j
#-----------------------------------------#
[Step 172] logΨ: mean=10.867+0.297j | min=5.210-0.338j | max=11.002+1.440j
梯度监控 | raw=8.4548 | natural=0.0040 | clipped=0.0040(上限20.0)
原始规范坐标 G(Re Σrow_mean) = +33.4216 | 累计|g| = 18.3319
Ψ矩阵条件数 cond(Ψ) = 3.53e+00
Loss=-30.953399 | E0=-7.86113626-0.00011246j | E1=-7.72056908-0.00030542j|E2=-7.70682826+0.00015018j|E3=-7.66486560-0.00099300j
#-----------------------------------------#
[Step 173] logΨ: mean=10.942-0.373j | min=6.120-0.261j | max=11.041+1.436j
梯度监控 | raw=7.7625 | natural=0.0012 | clipped=0.0012(上限20.0)
原始规范坐标 G(Re Σrow_mean) = +33.4530 | 累计|g| = 18.3319
Ψ矩阵条件数 cond(Ψ) = 3.53e+00
Loss=-30.953027 | E0=-7.86145222-0.00012917j | E1=-7.72104321+0.00008679j|E2=-7.70653471-0.00006406j|E3=-7.66399713-0.00014114j
#-----------------------------------------#
[Step 174] logΨ: mean=10.995-0.485j | min=6.026+1.639j | max=11.092+1.404j
梯度监控 | raw=7.6423 | natural=0.0018 | clipped=0.0018(上限20.0)
原始规范坐标 G(Re Σrow_mean) = +33.4586 | 累计|g| = 18.3319
Ψ矩阵条件数 cond(Ψ) = 3.55e+00
Loss=-30.954986 | E0=-7.86246413+0.00017149j | E1=-7.72080964-0.00009964j|E2=-7.70678513+0.00000969j|E3=-7.66492754-0.00072687j
#-----------------------------------------#
[Step 175] logΨ: mean=10.935-0.373j | min=6.070-0.436j | max=11.015+1.424j
梯度监控 | raw=6.1408 | natural=0.0022 | clipped=0.0022(上限20.0)
原始规范坐标 G(Re Σrow_mean) = +33.4076 | 累计|g| = 18.3319
Ψ矩阵条件数 cond(Ψ) = 3.55e+00
Loss=-30.954454 | E0=-7.86210478-0.00005724j | E1=-7.72075576-0.00018854j|E2=-7.70675441-0.00034000j|E3=-7.66483919-0.00012012j
#-----------------------------------------#
[Step 176] logΨ: mean=10.877-0.779j | min=6.419+0.156j | max=11.003+1.371j
梯度监控 | raw=7.8402 | natural=0.0029 | clipped=0.0029(上限20.0)
原始规范坐标 G(Re Σrow_mean) = +33.3442 | 累计|g| = 18.3319
Ψ矩阵条件数 cond(Ψ) = 3.58e+00
Loss=-30.955866 | E0=-7.86189640-0.00002191j | E1=-7.72121554+0.00008189j|E2=-7.70691282+0.00010625j|E3=-7.66584169-0.00022841j
#-----------------------------------------#
[Step 177] logΨ: mean=10.943-0.538j | min=6.051+2.673j | max=11.030+1.380j
梯度监控 | raw=6.0472 | natural=0.0011 | clipped=0.0011(上限20.0)
原始规范坐标 G(Re Σrow_mean) = +33.3585 | 累计|g| = 18.3319
Ψ矩阵条件数 cond(Ψ) = 3.58e+00
Loss=-30.954694 | E0=-7.86227750-0.00003768j | E1=-7.72082003-0.00014388j|E2=-7.70728800+0.00020370j|E3=-7.66430856-0.00021591j
#-----------------------------------------#
[Step 178] logΨ: mean=10.902-0.735j | min=6.572+2.963j | max=11.013+1.420j
梯度监控 | raw=6.7134 | natural=0.0031 | clipped=0.0031(上限20.0)
原始规范坐标 G(Re Σrow_mean) = +33.2942 | 累计|g| = 18.3319
Ψ矩阵条件数 cond(Ψ) = 8.48e+00
Loss=-30.956401 | E0=-7.86281479+0.00010564j | E1=-7.72087914-0.00009048j|E2=-7.70738979+0.00010478j|E3=-7.66531745-0.00006449j
#-----------------------------------------#
[Step 179] logΨ: mean=10.887-0.740j | min=5.925+1.675j | max=10.972+1.446j
梯度监控 | raw=4.1961 | natural=0.0039 | clipped=0.0039(上限20.0)
原始规范坐标 G(Re Σrow_mean) = +33.3048 | 累计|g| = 18.3319
Ψ矩阵条件数 cond(Ψ) = 3.53e+00
Loss=-30.955401 | E0=-7.86311139+0.00006683j | E1=-7.72042161-0.00028974j|E2=-7.70738261-0.00020531j|E3=-7.66448527-0.00017278j
#-----------------------------------------#
[保存] Step 179 → pickle 文件已更新 (180 条记录)
[GaugeReset@180] 吸收 Δg = Σ Re(col_mean) = +33.3048 | 新|g| = 18.2351
[Step 180] logΨ: mean=11.031-0.540j | min=6.458-1.239j | max=11.168+1.738j
梯度监控 | raw=9.5324 | natural=0.0030 | clipped=0.0030(上限20.0)
原始规范坐标 G(Re Σrow_mean) = +33.2777 | 累计|g| = 18.2351
Ψ矩阵条件数 cond(Ψ) = 3.47e+00
Loss=-30.958946 | E0=-7.86270703+0.00009411j | E1=-7.72112025+0.00002568j|E2=-7.70763284+0.00017835j|E3=-7.66748592+0.00023365j
#-----------------------------------------#
[Step 181] logΨ: mean=11.098-0.310j | min=6.496-1.234j | max=11.251+1.752j
梯度监控 | raw=11.8571 | natural=0.0014 | clipped=0.0014(上限20.0)
原始规范坐标 G(Re Σrow_mean) = +33.3268 | 累计|g| = 18.2351
Ψ矩阵条件数 cond(Ψ) = 3.48e+00
Loss=-30.957547 | E0=-7.86211127-0.00002447j | E1=-7.72120448-0.00009495j|E2=-7.70648905-0.00003906j|E3=-7.66774255+0.00032630j
#-----------------------------------------#
[Step 182] logΨ: mean=11.105+0.292j | min=5.726+0.564j | max=11.241+1.722j
梯度监控 | raw=6.9325 | natural=0.0030 | clipped=0.0030(上限20.0)
原始规范坐标 G(Re Σrow_mean) = +33.2924 | 累计|g| = 18.2351
Ψ矩阵条件数 cond(Ψ) = 3.52e+00
Loss=-30.956555 | E0=-7.86240516-0.00017571j | E1=-7.72116655+0.00003350j|E2=-7.70770992+0.00026703j|E3=-7.66527288-0.00070951j
#-----------------------------------------#
[Step 183] logΨ: mean=11.103+0.263j | min=7.134-2.459j | max=11.200+1.738j
梯度监控 | raw=6.2335 | natural=0.0015 | clipped=0.0015(上限20.0)
原始规范坐标 G(Re Σrow_mean) = +33.2863 | 累计|g| = 18.2351
Ψ矩阵条件数 cond(Ψ) = 3.51e+00
Loss=-30.957176 | E0=-7.86296371+0.00002548j | E1=-7.72101452-0.00003799j|E2=-7.70746087-0.00013727j|E3=-7.66573726-0.00006520j
#-----------------------------------------#
[Step 184] logΨ: mean=11.006-0.004j | min=7.207-1.692j | max=11.150+1.771j
梯度监控 | raw=12.7730 | natural=0.0022 | clipped=0.0022(上限20.0)
原始规范坐标 G(Re Σrow_mean) = +33.2355 | 累计|g| = 18.2351
Ψ矩阵条件数 cond(Ψ) = 3.53e+00
Loss=-30.959552 | E0=-7.86232412-0.00004413j | E1=-7.72110794+0.00007688j|E2=-7.70698022-0.00031843j|E3=-7.66913951+0.00032316j
#-----------------------------------------#
[Step 185] logΨ: mean=11.038-0.021j | min=6.179+1.997j | max=11.191+1.784j
梯度监控 | raw=11.3678 | natural=0.0024 | clipped=0.0024(上限20.0)
原始规范坐标 G(Re Σrow_mean) = +33.2184 | 累计|g| = 18.2351
Ψ矩阵条件数 cond(Ψ) = 3.53e+00
Loss=-30.961962 | E0=-7.86322176+0.00005615j | E1=-7.72079225-0.00011446j|E2=-7.70728457-0.00031572j|E3=-7.67066385+0.00052943j
#-----------------------------------------#
[Step 186] logΨ: mean=11.018-0.069j | min=6.444-1.302j | max=11.160+1.760j
梯度监控 | raw=10.3184 | natural=0.0027 | clipped=0.0027(上限20.0)
原始规范坐标 G(Re Σrow_mean) = +33.2178 | 累计|g| = 18.2351
Ψ矩阵条件数 cond(Ψ) = 3.52e+00
Loss=-30.958317 | E0=-7.86264310+0.00008319j | E1=-7.72101298-0.00003341j|E2=-7.70741848+0.00006955j|E3=-7.66724257+0.00016471j
#-----------------------------------------#
[Step 187] logΨ: mean=11.041+0.376j | min=6.466+1.848j | max=11.227+1.776j
梯度监控 | raw=14.4392 | natural=0.0012 | clipped=0.0012(上限20.0)
原始规范坐标 G(Re Σrow_mean) = +33.2075 | 累计|g| = 18.2351
Ψ矩阵条件数 cond(Ψ) = 3.52e+00
Loss=-30.963418 | E0=-7.86296086+0.00002140j | E1=-7.72123435-0.00009488j|E2=-7.70699670-0.00001542j|E3=-7.67222577+0.00072123j
#-----------------------------------------#
[Step 188] logΨ: mean=11.012+0.757j | min=6.425+0.677j | max=11.130+1.754j
梯度监控 | raw=8.0962 | natural=0.0030 | clipped=0.0030(上限20.0)
原始规范坐标 G(Re Σrow_mean) = +33.2943 | 累计|g| = 18.2351
Ψ矩阵条件数 cond(Ψ) = 3.57e+00
Loss=-30.958801 | E0=-7.86288904-0.00001150j | E1=-7.72104837+0.00007531j|E2=-7.70746659-0.00015951j|E3=-7.66739685+0.00006661j
#-----------------------------------------#
[Step 189] logΨ: mean=11.038+0.787j | min=6.036+3.067j | max=11.200+1.739j
梯度监控 | raw=12.3556 | natural=0.0022 | clipped=0.0022(上限20.0)
原始规范坐标 G(Re Σrow_mean) = +33.3087 | 累计|g| = 18.2351
Ψ矩阵条件数 cond(Ψ) = 3.56e+00
Loss=-30.961542 | E0=-7.86291258+0.00007136j | E1=-7.72096199-0.00011890j|E2=-7.70690668+0.00004784j|E3=-7.67076058+0.00046589j
#-----------------------------------------#
[GaugeReset@190] 吸收 Δg = Σ Re(col_mean) = +33.3087 | 新|g| = 18.2433
[Step 190] logΨ: mean=11.103+0.533j | min=5.322+1.779j | max=11.199+1.626j
梯度监控 | raw=6.1605 | natural=0.0046 | clipped=0.0046(上限20.0)
原始规范坐标 G(Re Σrow_mean) = +33.4565 | 累计|g| = 18.2433
Ψ矩阵条件数 cond(Ψ) = 3.57e+00
Loss=-30.954949 | E0=-7.86309788+0.00007961j | E1=-7.72070520+0.00011378j|E2=-7.70683794-0.00001671j|E3=-7.66430795-0.00052204j
#-----------------------------------------#
[Step 191] logΨ: mean=10.618+1.016j | min=4.504+1.773j | max=10.686+2.108j
梯度监控 | raw=3.2951 | natural=0.0108 | clipped=0.0108(上限20.0)
原始规范坐标 G(Re Σrow_mean) = +33.1326 | 累计|g| = 18.2433
Ψ矩阵条件数 cond(Ψ) = 3.59e+00
Loss=-30.955109 | E0=-7.86315556+0.00002098j | E1=-7.72075051-0.00015621j|E2=-7.70750780+0.00003451j|E3=-7.66369519-0.00041424j
#-----------------------------------------#
[Step 192] logΨ: mean=10.581+1.042j | min=6.529+2.394j | max=10.661+2.121j
梯度监控 | raw=3.7659 | natural=0.0016 | clipped=0.0016(上限20.0)
原始规范坐标 G(Re Σrow_mean) = +33.1142 | 累计|g| = 18.2433
Ψ矩阵条件数 cond(Ψ) = 3.61e+00
Loss=-30.956675 | E0=-7.86332842+0.00002566j | E1=-7.72065233-0.00003974j|E2=-7.70799700-0.00039520j|E3=-7.66469710-0.00024303j
#-----------------------------------------#
[Step 193] logΨ: mean=10.584+0.973j | min=5.125+1.083j | max=10.672+2.134j
梯度监控 | raw=4.0063 | natural=0.0018 | clipped=0.0018(上限20.0)
原始规范坐标 G(Re Σrow_mean) = +33.0869 | 累计|g| = 18.2433
Ψ矩阵条件数 cond(Ψ) = 3.63e+00
Loss=-30.955385 | E0=-7.86272680-0.00009163j | E1=-7.72103926+0.00001399j|E2=-7.70785488-0.00000052j|E3=-7.66376439-0.00044785j
#-----------------------------------------#
[Step 194] logΨ: mean=10.572+0.536j | min=6.547+2.403j | max=10.646+2.140j
梯度监控 | raw=2.9549 | natural=0.0009 | clipped=0.0009(上限20.0)
原始规范坐标 G(Re Σrow_mean) = +33.0806 | 累计|g| = 18.2433
Ψ矩阵条件数 cond(Ψ) = 3.63e+00
Loss=-30.956167 | E0=-7.86328717-0.00000324j | E1=-7.72125796+0.00011717j|E2=-7.70765755+0.00000351j|E3=-7.66396464-0.00042120j
#-----------------------------------------#
[Step 195] logΨ: mean=10.558+0.675j | min=6.221-2.702j | max=10.661+2.116j
梯度监控 | raw=4.9084 | natural=0.0019 | clipped=0.0019(上限20.0)
原始规范坐标 G(Re Σrow_mean) = +33.0565 | 累计|g| = 18.2433
Ψ矩阵条件数 cond(Ψ) = 3.65e+00
Loss=-30.956883 | E0=-7.86295444-0.00005381j | E1=-7.72121372-0.00000308j|E2=-7.70763928+0.00010521j|E3=-7.66507592-0.00042958j
#-----------------------------------------#
[Step 196] logΨ: mean=10.594+0.701j | min=6.483-1.300j | max=10.722+2.118j
梯度监控 | raw=8.1613 | natural=0.0021 | clipped=0.0021(上限20.0)
原始规范坐标 G(Re Σrow_mean) = +33.0667 | 累计|g| = 18.2433
Ψ矩阵条件数 cond(Ψ) = 3.65e+00
Loss=-30.958744 | E0=-7.86305499+0.00002273j | E1=-7.72092718-0.00005553j|E2=-7.70775240-0.00001566j|E3=-7.66700917+0.00017393j
#-----------------------------------------#
[Step 197] logΨ: mean=10.690+0.566j | min=6.196-2.691j | max=10.732+2.116j
梯度监控 | raw=1.6742 | natural=0.0006 | clipped=0.0006(上限20.0)
原始规范坐标 G(Re Σrow_mean) = +33.1446 | 累计|g| = 18.2433
Ψ矩阵条件数 cond(Ψ) = 3.66e+00
Loss=-30.955329 | E0=-7.86354440+0.00003759j | E1=-7.72119667-0.00003804j|E2=-7.70718196-0.00005001j|E3=-7.66340566-0.00056787j
#-----------------------------------------#
[Step 198] logΨ: mean=10.701+0.943j | min=4.626+1.219j | max=10.823+2.121j
梯度监控 | raw=6.4126 | natural=0.0028 | clipped=0.0028(上限20.0)
原始规范坐标 G(Re Σrow_mean) = +33.0946 | 累计|g| = 18.2433
Ψ矩阵条件数 cond(Ψ) = 3.66e+00
Loss=-30.958582 | E0=-7.86293755-0.00005290j | E1=-7.72122032-0.00000102j|E2=-7.70737368+0.00005593j|E3=-7.66705051-0.00006484j
#-----------------------------------------#
[Step 199] logΨ: mean=10.454+0.838j | min=4.277+0.382j | max=10.633+2.067j
梯度监控 | raw=14.6529 | natural=0.0077 | clipped=0.0077(上限20.0)
原始规范坐标 G(Re Σrow_mean) = +32.9194 | 累计|g| = 18.2433
Ψ矩阵条件数 cond(Ψ) = 3.69e+00
Loss=-30.960433 | E0=-7.86252135-0.00005063j | E1=-7.72048637+0.00007461j|E2=-7.70758080-0.00005766j|E3=-7.66984452+0.00029455j
#-----------------------------------------#
[保存] Step 199 → pickle 文件已更新 (200 条记录)
[GaugeReset@200] 吸收 Δg = Σ Re(col_mean) = +32.9194 | 新|g| = 18.0130
[Step 200] logΨ: mean=10.909+0.825j | min=6.329+0.657j | max=10.988+1.858j
梯度监控 | raw=4.5391 | natural=0.0022 | clipped=0.0022(上限20.0)
原始规范坐标 G(Re Σrow_mean) = +32.9754 | 累计|g| = 18.0130
Ψ矩阵条件数 cond(Ψ) = 3.61e+00
Loss=-30.958229 | E0=-7.86343926+0.00001160j | E1=-7.72108161+0.00002057j|E2=-7.70721137-0.00014184j|E3=-7.66649661+0.00000967j
#-----------------------------------------#
[Step 201] logΨ: mean=10.888+0.592j | min=6.323+0.635j | max=11.020+1.840j
梯度监控 | raw=8.7671 | natural=0.0016 | clipped=0.0016(上限20.0)
原始规范坐标 G(Re Σrow_mean) = +32.9547 | 累计|g| = 18.0130
Ψ矩阵条件数 cond(Ψ) = 3.63e+00
Loss=-30.960061 | E0=-7.86309353-0.00000608j | E1=-7.72093881-0.00001978j|E2=-7.70765377-0.00008056j|E3=-7.66837504+0.00038324j
#-----------------------------------------#
[Step 202] logΨ: mean=10.969+0.480j | min=4.050+2.089j | max=11.100+1.818j
梯度监控 | raw=6.6869 | natural=0.0018 | clipped=0.0018(上限20.0)
原始规范坐标 G(Re Σrow_mean) = +33.0030 | 累计|g| = 18.0130
Ψ矩阵条件数 cond(Ψ) = 3.64e+00
Loss=-30.959497 | E0=-7.86318816-0.00001594j | E1=-7.72110860-0.00071200j|E2=-7.70723365+0.00071247j|E3=-7.66796705-0.00052234j
#-----------------------------------------#
[Step 203] logΨ: mean=11.001+0.846j | min=4.383+1.412j | max=11.074+1.816j
梯度监控 | raw=1.9583 | natural=0.0012 | clipped=0.0012(上限20.0)
原始规范坐标 G(Re Σrow_mean) = +33.0489 | 累计|g| = 18.0130
Ψ矩阵条件数 cond(Ψ) = 3.64e+00
Loss=-30.956331 | E0=-7.86339868+0.00001152j | E1=-7.72113630-0.00000950j|E2=-7.70771697+0.00004769j|E3=-7.66407881-0.00051202j
#-----------------------------------------#
[Step 204] logΨ: mean=11.011+0.881j | min=6.104-1.095j | max=11.098+1.804j
梯度监控 | raw=3.1997 | natural=0.0013 | clipped=0.0013(上限20.0)
原始规范坐标 G(Re Σrow_mean) = +33.0344 | 累计|g| = 18.0130
Ψ矩阵条件数 cond(Ψ) = 3.63e+00
Loss=-30.957413 | E0=-7.86337701+0.00000294j | E1=-7.72118254+0.00003874j|E2=-7.70751150+0.00001255j|E3=-7.66534156-0.00030841j
#-----------------------------------------#
[Step 205] logΨ: mean=11.053+0.466j | min=4.227+2.752j | max=11.200+1.651j
梯度监控 | raw=10.6290 | natural=0.0116 | clipped=0.0116(上限20.0)
原始规范坐标 G(Re Σrow_mean) = +33.2242 | 累计|g| = 18.0130
Ψ矩阵条件数 cond(Ψ) = 3.49e+00
Loss=-30.957661 | E0=-7.86230853-0.00007734j | E1=-7.72045049+0.00000339j|E2=-7.70721651+0.00006534j|E3=-7.66768583-0.00005249j
#-----------------------------------------#
[Step 206] logΨ: mean=11.102+0.330j | min=6.862-1.761j | max=11.253+1.656j
梯度监控 | raw=8.7523 | natural=0.0009 | clipped=0.0009(上限20.0)
原始规范坐标 G(Re Σrow_mean) = +33.2261 | 累计|g| = 18.0130
Ψ矩阵条件数 cond(Ψ) = 3.49e+00
Loss=-30.961139 | E0=-7.86321389+0.00001218j | E1=-7.72121780-0.00005240j|E2=-7.70750032+0.00010854j|E3=-7.66920659+0.00035234j
#-----------------------------------------#
[Step 207] logΨ: mean=11.122+0.715j | min=6.764+0.579j | max=11.234+1.625j
梯度监控 | raw=4.7638 | natural=0.0011 | clipped=0.0011(上限20.0)
原始规范坐标 G(Re Σrow_mean) = +33.2524 | 累计|g| = 18.0130
Ψ矩阵条件数 cond(Ψ) = 3.50e+00
Loss=-30.958896 | E0=-7.86347898+0.00000227j | E1=-7.72107768-0.00005164j|E2=-7.70760381+0.00005581j|E3=-7.66673556-0.00034190j
#-----------------------------------------#
[Step 208] logΨ: mean=11.047+0.758j | min=6.456-0.144j | max=11.229+1.644j
梯度监控 | raw=12.9767 | natural=0.0012 | clipped=0.0012(上限20.0)
原始规范坐标 G(Re Σrow_mean) = +33.2036 | 累计|g| = 18.0130
Ψ矩阵条件数 cond(Ψ) = 3.51e+00
Loss=-30.962880 | E0=-7.86292318-0.00000577j | E1=-7.72098575-0.00012916j|E2=-7.70764254+0.00000045j|E3=-7.67132806+0.00065224j
#-----------------------------------------#
[Step 209] logΨ: mean=11.067+0.632j | min=7.321+1.852j | max=11.215+1.657j
梯度监控 | raw=10.1120 | natural=0.0008 | clipped=0.0008(上限20.0)
原始规范坐标 G(Re Σrow_mean) = +33.2161 | 累计|g| = 18.0130
Ψ矩阵条件数 cond(Ψ) = 3.51e+00
Loss=-30.960913 | E0=-7.86303478-0.00000058j | E1=-7.72104552-0.00001123j|E2=-7.70760406-0.00001283j|E3=-7.66922861+0.00025574j
#-----------------------------------------#
[GaugeReset@210] 吸收 Δg = Σ Re(col_mean) = +33.2161 | 新|g| = 18.1930
[Step 210] logΨ: mean=10.875+0.580j | min=6.633+1.500j | max=10.970+1.773j
梯度监控 | raw=2.8438 | natural=0.0009 | clipped=0.0009(上限20.0)
原始规范坐标 G(Re Σrow_mean) = +33.2799 | 累计|g| = 18.1930
Ψ矩阵条件数 cond(Ψ) = 3.59e+00
Loss=-30.957680 | E0=-7.86352665-0.00000133j | E1=-7.72124602-0.00002183j|E2=-7.70750997+0.00008374j|E3=-7.66539737-0.00031512j
#-----------------------------------------#
[Step 211] logΨ: mean=10.819+0.842j | min=6.109+3.129j | max=11.034+1.761j
梯度监控 | raw=12.6505 | natural=0.0037 | clipped=0.0037(上限20.0)
原始规范坐标 G(Re Σrow_mean) = +33.2620 | 累计|g| = 18.1930
Ψ矩阵条件数 cond(Ψ) = 3.56e+00
Loss=-30.962458 | E0=-7.86296034-0.00002914j | E1=-7.72075159-0.00004811j|E2=-7.70771104-0.00002616j|E3=-7.67103490-0.00006982j
#-----------------------------------------#
[Step 212] logΨ: mean=10.955+0.676j | min=6.323+0.479j | max=11.035+1.685j
梯度监控 | raw=3.0653 | natural=0.0026 | clipped=0.0026(上限20.0)
原始规范坐标 G(Re Σrow_mean) = +33.3927 | 累计|g| = 18.1930
Ψ矩阵条件数 cond(Ψ) = 3.58e+00
Loss=-30.957088 | E0=-7.86339058-0.00000122j | E1=-7.72086579-0.00000739j|E2=-7.70772178-0.00005985j|E3=-7.66510963-0.00045320j
#-----------------------------------------#
[Step 213] logΨ: mean=10.390+0.883j | min=4.602-1.271j | max=10.581+2.044j
梯度监控 | raw=11.7816 | natural=0.0148 | clipped=0.0148(上限20.0)
原始规范坐标 G(Re Σrow_mean) = +32.9472 | 累计|g| = 18.1930
Ψ矩阵条件数 cond(Ψ) = 3.77e+00
Loss=-30.962676 | E0=-7.86247691-0.00003510j | E1=-7.72163192+0.00037415j|E2=-7.70849617+0.00037868j|E3=-7.67007112+0.00031269j
#-----------------------------------------#
[Step 214] logΨ: mean=10.539+1.110j | min=5.915-2.349j | max=10.640+2.061j
梯度监控 | raw=4.9291 | natural=0.0033 | clipped=0.0033(上限20.0)
原始规范坐标 G(Re Σrow_mean) = +33.0658 | 累计|g| = 18.1930
Ψ矩阵条件数 cond(Ψ) = 3.73e+00
Loss=-30.957901 | E0=-7.86311016-0.00000947j | E1=-7.72107663+0.00002039j|E2=-7.70743893-0.00003867j|E3=-7.66627547-0.00006994j
#-----------------------------------------#
[Step 215] logΨ: mean=10.584+0.797j | min=4.136-2.669j | max=10.702+2.087j
梯度监控 | raw=5.1870 | natural=0.0012 | clipped=0.0012(上限20.0)
原始规范坐标 G(Re Σrow_mean) = +33.0490 | 累计|g| = 18.1930
Ψ矩阵条件数 cond(Ψ) = 7.77e+00
Loss=-30.960104 | E0=-7.86343128+0.00000569j | E1=-7.72076533-0.00010563j|E2=-7.70797401+0.00028769j|E3=-7.66793373+0.00011916j
#-----------------------------------------#
[Step 216] logΨ: mean=10.651+0.414j | min=4.661+1.554j | max=10.763+2.063j
梯度监控 | raw=3.3486 | natural=0.0016 | clipped=0.0016(上限20.0)
原始规范坐标 G(Re Σrow_mean) = +33.0950 | 累计|g| = 18.1930
Ψ矩阵条件数 cond(Ψ) = 3.73e+00
Loss=-30.957052 | E0=-7.86288486-0.00006224j | E1=-7.72090203-0.00004654j|E2=-7.70783568+0.00000086j|E3=-7.66542961-0.00045316j
#-----------------------------------------#
[Step 217] logΨ: mean=10.579+0.193j | min=5.387+0.032j | max=10.769+2.045j
梯度监控 | raw=10.6603 | natural=0.0020 | clipped=0.0020(上限20.0)
原始规范坐标 G(Re Σrow_mean) = +33.0386 | 累计|g| = 18.1930
Ψ矩阵条件数 cond(Ψ) = 3.70e+00
Loss=-30.963900 | E0=-7.86338315+0.00000836j | E1=-7.72101243+0.00006196j|E2=-7.70738449+0.00001621j|E3=-7.67212018+0.00070519j
#-----------------------------------------#
[Step 218] logΨ: mean=10.568+0.116j | min=4.885+0.294j | max=10.837+2.050j
梯度监控 | raw=15.5277 | natural=0.0020 | clipped=0.0020(上限20.0)
原始规范坐标 G(Re Σrow_mean) = +33.0027 | 累计|g| = 18.1930
Ψ矩阵条件数 cond(Ψ) = 3.70e+00
Loss=-30.967889 | E0=-7.86319409-0.00002172j | E1=-7.72072796-0.00014044j|E2=-7.70781119-0.00001440j|E3=-7.67615578+0.00125023j
#-----------------------------------------#
[Step 219] logΨ: mean=10.768-0.033j | min=5.773+1.919j | max=10.905+1.998j
梯度监控 | raw=7.3203 | natural=0.0020 | clipped=0.0020(上限20.0)
原始规范坐标 G(Re Σrow_mean) = +33.1653 | 累计|g| = 18.1930
Ψ矩阵条件数 cond(Ψ) = 3.70e+00
Loss=-30.959971 | E0=-7.86317166-0.00000306j | E1=-7.72093488+0.00004667j|E2=-7.70769684-0.00006208j|E3=-7.66816746-0.00021701j
#-----------------------------------------#
[保存] Step 219 → pickle 文件已更新 (220 条记录)
[GaugeReset@220] 吸收 Δg = Σ Re(col_mean) = +33.1653 | 新|g| = 18.2310
[Step 220] logΨ: mean=10.898-0.251j | min=7.458-3.097j | max=10.954+1.688j
梯度监控 | raw=1.8877 | natural=0.0000 | clipped=0.0000(上限20.0)
原始规范坐标 G(Re Σrow_mean) = +33.2237 | 累计|g| = 18.2310
Ψ矩阵条件数 cond(Ψ) = 3.66e+00
Loss=-30.956780 | E0=-7.86338552+0.00000934j | E1=-7.72130330+0.00003561j|E2=-7.70751744+0.00003169j|E3=-7.66457394-0.00055846j
#-----------------------------------------#
[Step 221] logΨ: mean=10.874-0.155j | min=4.764-2.047j | max=10.962+1.676j
梯度监控 | raw=3.0839 | natural=0.0012 | clipped=0.0012(上限20.0)
原始规范坐标 G(Re Σrow_mean) = +33.2011 | 累计|g| = 18.2310
Ψ矩阵条件数 cond(Ψ) = 3.64e+00
Loss=-30.958841 | E0=-7.86355192-0.00000145j | E1=-7.72114400+0.00003712j|E2=-7.70761790-0.00001421j|E3=-7.66652698-0.00021351j
#-----------------------------------------#
[Step 222] logΨ: mean=10.883-0.026j | min=6.294+0.412j | max=11.032+1.673j
梯度监控 | raw=8.6455 | natural=0.0032 | clipped=0.0032(上限20.0)
原始规范坐标 G(Re Σrow_mean) = +33.1957 | 累计|g| = 18.2310
Ψ矩阵条件数 cond(Ψ) = 3.63e+00
Loss=-30.961114 | E0=-7.86296988-0.00002211j | E1=-7.72099910+0.00003082j|E2=-7.70747559-0.00003739j|E3=-7.66966966+0.00021640j
#-----------------------------------------#
[Step 223] logΨ: mean=10.811-0.343j | min=6.221-2.788j | max=10.996+1.619j
梯度监控 | raw=11.5132 | natural=0.0021 | clipped=0.0021(上限20.0)
原始规范坐标 G(Re Σrow_mean) = +33.1326 | 累计|g| = 18.2310
Ψ矩阵条件数 cond(Ψ) = 3.63e+00
Loss=-30.964281 | E0=-7.86333845+0.00000176j | E1=-7.72105357-0.00005840j|E2=-7.70742103+0.00004627j|E3=-7.67246751+0.00047175j
#-----------------------------------------#
[Step 224] logΨ: mean=10.880-0.684j | min=7.204-1.459j | max=11.001+1.632j
梯度监控 | raw=5.7134 | natural=0.0008 | clipped=0.0008(上限20.0)
原始规范坐标 G(Re Σrow_mean) = +33.1994 | 累计|g| = 18.2310
Ψ矩阵条件数 cond(Ψ) = 3.64e+00
Loss=-30.959916 | E0=-7.86321424+0.00001539j | E1=-7.72102033-0.00000081j|E2=-7.70767224-0.00001989j|E3=-7.66800874-0.00011181j
#-----------------------------------------#
[Step 225] logΨ: mean=10.792-0.565j | min=3.489-1.667j | max=11.014+1.635j
梯度监控 | raw=10.8758 | natural=0.0070 | clipped=0.0070(上限20.0)
原始规范坐标 G(Re Σrow_mean) = +33.0996 | 累计|g| = 18.2310
Ψ矩阵条件数 cond(Ψ) = 3.69e+00
Loss=-30.962815 | E0=-7.86307887-0.00006887j | E1=-7.72057674+0.00000750j|E2=-7.70781265-0.00005637j|E3=-7.67134671-0.00026134j
#-----------------------------------------#
[Step 226] logΨ: mean=10.947-0.522j | min=5.793+2.836j | max=11.037+1.623j
梯度监控 | raw=5.0610 | natural=0.0017 | clipped=0.0017(上限20.0)
原始规范坐标 G(Re Σrow_mean) = +33.2558 | 累计|g| = 18.2310
Ψ矩阵条件数 cond(Ψ) = 3.68e+00
Loss=-30.957456 | E0=-7.86318267+0.00002412j | E1=-7.72081376+0.00004360j|E2=-7.70757231-0.00005133j|E3=-7.66588749-0.00043484j
#-----------------------------------------#
[Step 227] logΨ: mean=10.953-0.336j | min=6.642+0.879j | max=11.073+1.588j
梯度监控 | raw=6.0616 | natural=0.0016 | clipped=0.0016(上限20.0)
原始规范坐标 G(Re Σrow_mean) = +33.2346 | 累计|g| = 18.2310
Ψ矩阵条件数 cond(Ψ) = 3.67e+00
Loss=-30.960787 | E0=-7.86347564-0.00001663j | E1=-7.72122723-0.00002432j|E2=-7.70755439+0.00002732j|E3=-7.66853014-0.00010254j
#-----------------------------------------#
[Step 228] logΨ: mean=10.983-0.559j | min=6.024+1.556j | max=11.053+1.574j
梯度监控 | raw=2.8988 | natural=0.0007 | clipped=0.0007(上限20.0)
原始规范坐标 G(Re Σrow_mean) = +33.2549 | 累计|g| = 18.2310
Ψ矩阵条件数 cond(Ψ) = 3.67e+00
Loss=-30.958694 | E0=-7.86348754-0.00001959j | E1=-7.72119878-0.00001507j|E2=-7.70760099-0.00000474j|E3=-7.66640645-0.00042717j
#-----------------------------------------#
[Step 229] logΨ: mean=11.110-0.630j | min=3.561+2.813j | max=11.251+1.554j
梯度监控 | raw=9.9897 | natural=0.0043 | clipped=0.0043(上限20.0)
原始规范坐标 G(Re Σrow_mean) = +33.3595 | 累计|g| = 18.2310
Ψ矩阵条件数 cond(Ψ) = 3.64e+00
Loss=-30.961544 | E0=-7.86222082-0.00012583j | E1=-7.72112766+0.00001223j|E2=-7.70763333-0.00002066j|E3=-7.67056245+0.00019099j
#-----------------------------------------#
[GaugeReset@230] 吸收 Δg = Σ Re(col_mean) = +33.3595 | 新|g| = 18.3206
[Step 230] logΨ: mean=10.928-0.343j | min=5.791+2.723j | max=11.040+1.584j
梯度监控 | raw=4.6936 | natural=0.0007 | clipped=0.0007(上限20.0)
原始规范坐标 G(Re Σrow_mean) = +33.3855 | 累计|g| = 18.3206
Ψ矩阵条件数 cond(Ψ) = 3.67e+00
Loss=-30.960286 | E0=-7.86347456-0.00000654j | E1=-7.72100422+0.00006336j|E2=-7.70749725-0.00000861j|E3=-7.66830982-0.00015045j
#-----------------------------------------#
[Step 231] logΨ: mean=10.936-0.265j | min=3.561-2.336j | max=11.092+1.595j
梯度监控 | raw=7.2147 | natural=0.0012 | clipped=0.0012(上限20.0)
原始规范坐标 G(Re Σrow_mean) = +33.3609 | 累计|g| = 18.3206
Ψ矩阵条件数 cond(Ψ) = 3.67e+00
Loss=-30.961274 | E0=-7.86326548+0.00000855j | E1=-7.72073438+0.00001386j|E2=-7.70787503-0.00005648j|E3=-7.66939917+0.00002823j
#-----------------------------------------#
[Step 232] logΨ: mean=10.952-0.807j | min=6.096-1.565j | max=11.083+1.576j
梯度监控 | raw=6.7291 | natural=0.0009 | clipped=0.0009(上限20.0)
原始规范坐标 G(Re Σrow_mean) = +33.3687 | 累计|g| = 18.3206
Ψ矩阵条件数 cond(Ψ) = 3.68e+00
Loss=-30.961153 | E0=-7.86342462-0.00001425j | E1=-7.72120351+0.00003990j|E2=-7.70755595+0.00000228j|E3=-7.66896892-0.00010303j
#-----------------------------------------#
[Step 233] logΨ: mean=10.893-0.698j | min=7.050-2.020j | max=11.124+1.582j
梯度监控 | raw=13.3427 | natural=0.0010 | clipped=0.0010(上限20.0)
原始规范坐标 G(Re Σrow_mean) = +33.2735 | 累计|g| = 18.3206
Ψ矩阵条件数 cond(Ψ) = 3.67e+00
Loss=-30.967302 | E0=-7.86338342-0.00000024j | E1=-7.72118535+0.00000564j|E2=-7.70756649-0.00000273j|E3=-7.67516721+0.00086492j
#-----------------------------------------#
[Step 234] logΨ: mean=10.955-0.760j | min=6.683-2.217j | max=11.122+1.570j
梯度监控 | raw=9.5860 | natural=0.0003 | clipped=0.0003(上限20.0)
原始规范坐标 G(Re Σrow_mean) = +33.3359 | 累计|g| = 18.3206
Ψ矩阵条件数 cond(Ψ) = 3.67e+00
Loss=-30.964891 | E0=-7.86353695-0.00001964j | E1=-7.72125287+0.00001985j|E2=-7.70747528-0.00001418j|E3=-7.67262607+0.00033948j
#-----------------------------------------#
[Step 235] logΨ: mean=11.027-0.612j | min=7.044+1.106j | max=11.159+1.560j
梯度监控 | raw=7.8165 | natural=0.0012 | clipped=0.0012(上限20.0)
原始规范坐标 G(Re Σrow_mean) = +33.4041 | 累计|g| = 18.3206
Ψ矩阵条件数 cond(Ψ) = 3.67e+00
Loss=-30.961512 | E0=-7.86350885-0.00002389j | E1=-7.72060613-0.00000532j|E2=-7.70799799-0.00007036j|E3=-7.66939891-0.00004597j
#-----------------------------------------#
[Step 236] logΨ: mean=11.032-0.492j | min=6.460+1.682j | max=11.204+1.516j
梯度监控 | raw=11.3425 | natural=0.0009 | clipped=0.0009(上限20.0)
原始规范坐标 G(Re Σrow_mean) = +33.3602 | 累计|g| = 18.3206
Ψ矩阵条件数 cond(Ψ) = 3.67e+00
Loss=-30.964113 | E0=-7.86323868-0.00002068j | E1=-7.72123862+0.00001463j|E2=-7.70746292-0.00001547j|E3=-7.67217265+0.00025940j
#-----------------------------------------#
[Step 237] logΨ: mean=10.944-0.391j | min=3.531-1.672j | max=11.158+1.514j
梯度监控 | raw=11.3483 | natural=0.0026 | clipped=0.0026(上限20.0)
原始规范坐标 G(Re Σrow_mean) = +33.2662 | 累计|g| = 18.3206
Ψ矩阵条件数 cond(Ψ) = 3.72e+00
Loss=-30.965977 | E0=-7.86325922-0.00006867j | E1=-7.72072228+0.00000947j|E2=-7.70798311-0.00003936j|E3=-7.67401215-0.00008561j
#-----------------------------------------#
[Step 238] logΨ: mean=10.975-0.014j | min=6.707+3.008j | max=11.216+1.504j
梯度监控 | raw=12.8555 | natural=0.0017 | clipped=0.0017(上限20.0)
原始规范坐标 G(Re Σrow_mean) = +33.2621 | 累计|g| = 18.3206
Ψ矩阵条件数 cond(Ψ) = 3.72e+00
Loss=-30.966732 | E0=-7.86328510+0.00000304j | E1=-7.72070876-0.00003244j|E2=-7.70791142-0.00001897j|E3=-7.67482679+0.00063641j
#-----------------------------------------#
[Step 239] logΨ: mean=11.172-0.028j | min=6.026-2.911j | max=11.285+1.513j
梯度监控 | raw=4.7912 | natural=0.0027 | clipped=0.0027(上限20.0)
原始规范坐标 G(Re Σrow_mean) = +33.4331 | 累计|g| = 18.3206
Ψ矩阵条件数 cond(Ψ) = 3.69e+00
Loss=-30.959567 | E0=-7.86327932-0.00001349j | E1=-7.72103101+0.00003073j|E2=-7.70757302-0.00003561j|E3=-7.66768357-0.00032736j
#-----------------------------------------#
[保存] Step 239 → pickle 文件已更新 (240 条记录)
[GaugeReset@240] 吸收 Δg = Σ Re(col_mean) = +33.4331 | 新|g| = 18.3408
[Step 240] logΨ: mean=11.117+0.085j | min=6.638+0.049j | max=11.251+1.684j
梯度监控 | raw=6.5096 | natural=0.0009 | clipped=0.0009(上限20.0)
原始规范坐标 G(Re Σrow_mean) = +33.4155 | 累计|g| = 18.3408
Ψ矩阵条件数 cond(Ψ) = 3.68e+00
Loss=-30.962156 | E0=-7.86325034+0.00001919j | E1=-7.72111227+0.00000502j|E2=-7.70760499-0.00001673j|E3=-7.67018846-0.00003570j
#-----------------------------------------#
[Step 241] logΨ: mean=11.163-0.110j | min=4.498-1.997j | max=11.288+1.677j
梯度监控 | raw=7.9562 | natural=0.0017 | clipped=0.0017(上限20.0)
原始规范坐标 G(Re Σrow_mean) = +33.4648 | 累计|g| = 18.3408
Ψ矩阵条件数 cond(Ψ) = 3.67e+00
Loss=-30.961888 | E0=-7.86338889-0.00001090j | E1=-7.72109262+0.00000021j|E2=-7.70739325+0.00000042j|E3=-7.67001361-0.00007568j
#-----------------------------------------#
[Step 242] logΨ: mean=11.178+0.091j | min=7.388-1.369j | max=11.288+1.681j
梯度监控 | raw=4.8433 | natural=0.0005 | clipped=0.0005(上限20.0)
原始规范坐标 G(Re Σrow_mean) = +33.4694 | 累计|g| = 18.3408
Ψ矩阵条件数 cond(Ψ) = 3.69e+00
Loss=-30.961246 | E0=-7.86348592-0.00001190j | E1=-7.72110973-0.00001216j|E2=-7.70762860-0.00000777j|E3=-7.66902156-0.00022071j
#-----------------------------------------#
[Step 243] logΨ: mean=11.137-0.093j | min=7.386+1.779j | max=11.301+1.693j
梯度监控 | raw=10.0374 | natural=0.0003 | clipped=0.0003(上限20.0)
原始规范坐标 G(Re Σrow_mean) = +33.4198 | 累计|g| = 18.3408
Ψ矩阵条件数 cond(Ψ) = 3.68e+00
Loss=-30.964684 | E0=-7.86343017-0.00001025j | E1=-7.72125360+0.00001975j|E2=-7.70747494-0.00001935j|E3=-7.67252498+0.00024351j
#-----------------------------------------#
[Step 244] logΨ: mean=11.173-0.230j | min=7.407+0.065j | max=11.300+1.695j
梯度监控 | raw=7.5070 | natural=0.0005 | clipped=0.0005(上限20.0)
原始规范坐标 G(Re Σrow_mean) = +33.4512 | 累计|g| = 18.3408
Ψ矩阵条件数 cond(Ψ) = 3.69e+00
Loss=-30.962859 | E0=-7.86347277-0.00002481j | E1=-7.72112068-0.00001119j|E2=-7.70762941-0.00001001j|E3=-7.67063621-0.00002049j
#-----------------------------------------#
[Step 245] logΨ: mean=11.190-0.133j | min=5.434-1.438j | max=11.317+1.718j
梯度监控 | raw=3.9543 | natural=0.0022 | clipped=0.0022(上限20.0)
原始规范坐标 G(Re Σrow_mean) = +33.4716 | 累计|g| = 18.3408
Ψ矩阵条件数 cond(Ψ) = 3.68e+00
Loss=-30.960652 | E0=-7.86349577-0.00001475j | E1=-7.72113570-0.00000254j|E2=-7.70750122+0.00001088j|E3=-7.66851929-0.00030660j
#-----------------------------------------#
[Step 246] logΨ: mean=11.271-0.059j | min=6.505+0.476j | max=11.333+1.703j
梯度监控 | raw=4.8841 | natural=0.0016 | clipped=0.0016(上限20.0)
原始规范坐标 G(Re Σrow_mean) = +33.5751 | 累计|g| = 18.3408
Ψ矩阵条件数 cond(Ψ) = 3.69e+00
Loss=-30.957911 | E0=-7.86337413-0.00000365j | E1=-7.72117295+0.00004446j|E2=-7.70739529-0.00003624j|E3=-7.66596892-0.00064816j
#-----------------------------------------#
[Step 247] logΨ: mean=11.244-0.140j | min=7.394-3.001j | max=11.341+1.713j
梯度监控 | raw=5.1177 | natural=0.0002 | clipped=0.0002(上限20.0)
原始规范坐标 G(Re Σrow_mean) = +33.5279 | 累计|g| = 18.3408
Ψ矩阵条件数 cond(Ψ) = 3.69e+00
Loss=-30.960421 | E0=-7.86339990+0.00004254j | E1=-7.72129190-0.00000439j|E2=-7.70753257-0.00001382j|E3=-7.66819628-0.00037332j
#-----------------------------------------#
[Step 248] logΨ: mean=11.302-0.098j | min=6.758+1.796j | max=11.370+1.703j
梯度监控 | raw=0.7463 | natural=0.0008 | clipped=0.0008(上限20.0)
原始规范坐标 G(Re Σrow_mean) = +33.5783 | 累计|g| = 18.3408
Ψ矩阵条件数 cond(Ψ) = 3.68e+00
Loss=-30.958658 | E0=-7.86349225-0.00002900j | E1=-7.72113871-0.00000122j|E2=-7.70767081-0.00001174j|E3=-7.66635639-0.00058540j
#-----------------------------------------#
[Step 249] logΨ: mean=11.274-0.181j | min=6.758+3.138j | max=11.419+1.688j
梯度监控 | raw=8.2130 | natural=0.0011 | clipped=0.0011(上限20.0)
原始规范坐标 G(Re Σrow_mean) = +33.5075 | 累计|g| = 18.3408
Ψ矩阵条件数 cond(Ψ) = 3.69e+00
Loss=-30.961144 | E0=-7.86324922-0.00008881j | E1=-7.72090522+0.00000078j|E2=-7.70769827-0.00001102j|E3=-7.66929164-0.00023334j
#-----------------------------------------#
[GaugeReset@250] 吸收 Δg = Σ Re(col_mean) = +33.5075 | 新|g| = 18.3993
[Step 250] logΨ: mean=11.115+0.095j | min=7.344-3.054j | max=11.348+1.662j
梯度监控 | raw=14.4830 | natural=0.0002 | clipped=0.0002(上限20.0)
原始规范坐标 G(Re Σrow_mean) = +33.3812 | 累计|g| = 18.3993
Ψ矩阵条件数 cond(Ψ) = 3.71e+00
Loss=-30.968999 | E0=-7.86349413+0.00000916j | E1=-7.72120888-0.00000053j|E2=-7.70758651-0.00001209j|E3=-7.67670957+0.00070691j
#-----------------------------------------#
[Step 251] logΨ: mean=11.172+0.090j | min=6.290-2.637j | max=11.373+1.635j
梯度监控 | raw=10.0853 | natural=0.0007 | clipped=0.0007(上限20.0)
原始规范坐标 G(Re Σrow_mean) = +33.4287 | 累计|g| = 18.3993
Ψ矩阵条件数 cond(Ψ) = 3.72e+00
Loss=-30.964749 | E0=-7.86338600-0.00001993j | E1=-7.72104670-0.00004611j|E2=-7.70742141+0.00002057j|E3=-7.67289537+0.00017119j
#-----------------------------------------#
[Step 252] logΨ: mean=11.339+0.257j | min=6.607-1.440j | max=11.441+1.632j
梯度监控 | raw=5.1713 | natural=0.0010 | clipped=0.0010(上限20.0)
原始规范坐标 G(Re Σrow_mean) = +33.5404 | 累计|g| = 18.3993
Ψ矩阵条件数 cond(Ψ) = 3.72e+00
Loss=-30.961621 | E0=-7.86333876+0.00000301j | E1=-7.72121737-0.00001899j|E2=-7.70758579-0.00001561j|E3=-7.66947882-0.00019225j
#-----------------------------------------#
[Step 253] logΨ: mean=11.396+0.049j | min=6.647+3.079j | max=11.467+1.628j
梯度监控 | raw=1.0806 | natural=0.0006 | clipped=0.0006(上限20.0)
原始规范坐标 G(Re Σrow_mean) = +33.5883 | 累计|g| = 18.3993
Ψ矩阵条件数 cond(Ψ) = 3.72e+00
Loss=-30.958303 | E0=-7.86333534-0.00006736j | E1=-7.72087216+0.00000120j|E2=-7.70785845-0.00002088j|E3=-7.66623726-0.00068847j
#-----------------------------------------#
[Step 254] logΨ: mean=11.330+0.121j | min=5.156+2.179j | max=11.497+1.624j
梯度监控 | raw=74.2447 | natural=0.0012 | clipped=0.0012(上限20.0)
原始规范坐标 G(Re Σrow_mean) = +33.4786 | 累计|g| = 18.3993
Ψ矩阵条件数 cond(Ψ) = 3.72e+00
Loss=-30.924700 | E0=-7.86278028+0.00001380j | E1=-7.71531684+0.00039738j|E2=-7.67839648-0.00059629j|E3=-7.66820664-0.00038863j
#-----------------------------------------#
[Step 255] logΨ: mean=11.369+0.232j | min=5.086-1.050j | max=11.520+1.609j
梯度监控 | raw=34.5214 | natural=0.0013 | clipped=0.0013(上限20.0)
原始规范坐标 G(Re Σrow_mean) = +33.5164 | 累计|g| = 18.3993
Ψ矩阵条件数 cond(Ψ) = 3.72e+00
Loss=-30.944923 | E0=-7.86208363-0.00004128j | E1=-7.71659714+0.00036786j|E2=-7.69706418-0.00046059j|E3=-7.66917847-0.00027165j
#-----------------------------------------#
[Step 256] logΨ: mean=11.384+0.086j | min=7.129+1.159j | max=11.563+1.604j
梯度监控 | raw=10.5772 | natural=0.0009 | clipped=0.0009(上限20.0)
原始规范坐标 G(Re Σrow_mean) = +33.4931 | 累计|g| = 18.3993
Ψ矩阵条件数 cond(Ψ) = 3.72e+00
Loss=-30.965803 | E0=-7.86354726-0.00004162j | E1=-7.72103310+0.00000081j|E2=-7.70766275-0.00001598j|E3=-7.67355983+0.00024076j
#-----------------------------------------#
[Step 257] logΨ: mean=11.477+0.050j | min=7.881+2.312j | max=11.574+1.606j
梯度监控 | raw=3.4191 | natural=0.0003 | clipped=0.0003(上限20.0)
原始规范坐标 G(Re Σrow_mean) = +33.5664 | 累计|g| = 18.3993
Ψ矩阵条件数 cond(Ψ) = 3.73e+00
Loss=-30.960968 | E0=-7.86352876-0.00002628j | E1=-7.72129580-0.00001617j|E2=-7.70751894+0.00000810j|E3=-7.66862483-0.00038771j
#-----------------------------------------#
[Step 258] logΨ: mean=11.515-0.096j | min=6.730+0.739j | max=11.578+1.619j
梯度监控 | raw=1.5493 | natural=0.0003 | clipped=0.0003(上限20.0)
原始规范坐标 G(Re Σrow_mean) = +33.6217 | 累计|g| = 18.3993
Ψ矩阵条件数 cond(Ψ) = 3.73e+00
Loss=-30.959042 | E0=-7.86349473-0.00000480j | E1=-7.72103721+0.00000988j|E2=-7.70771101-0.00001897j|E3=-7.66679950-0.00061574j
#-----------------------------------------#
[Step 259] logΨ: mean=11.458-0.307j | min=7.637-1.375j | max=11.585+1.632j
梯度监控 | raw=7.5094 | natural=0.0002 | clipped=0.0002(上限20.0)
原始规范坐标 G(Re Σrow_mean) = +33.5593 | 累计|g| = 18.3993
Ψ矩阵条件数 cond(Ψ) = 3.73e+00
Loss=-30.962151 | E0=-7.86335185+0.00000174j | E1=-7.72126579+0.00001335j|E2=-7.70746758-0.00001627j|E3=-7.67006616-0.00023444j
#-----------------------------------------#
[保存] Step 259 → pickle 文件已更新 (260 条记录)
[GaugeReset@260] 吸收 Δg = Σ Re(col_mean) = +33.5593 | 新|g| = 18.4325
[Step 260] logΨ: mean=11.423-0.296j | min=3.752-2.002j | max=11.518+1.631j
梯度监控 | raw=5.9988 | natural=0.0005 | clipped=0.0005(上限20.0)
原始规范坐标 G(Re Σrow_mean) = +33.5784 | 累计|g| = 18.4325
Ψ矩阵条件数 cond(Ψ) = 3.72e+00
Loss=-30.960215 | E0=-7.86341938-0.00000641j | E1=-7.72083514+0.00000601j|E2=-7.70781626-0.00004761j|E3=-7.66814386-0.00047299j
#-----------------------------------------#
[Step 261] logΨ: mean=11.263-0.376j | min=6.600+0.437j | max=11.444+1.648j
梯度监控 | raw=9.9928 | natural=0.0031 | clipped=0.0031(上限20.0)
原始规范坐标 G(Re Σrow_mean) = +33.5064 | 累计|g| = 18.4325
Ψ矩阵条件数 cond(Ψ) = 3.70e+00
Loss=-30.963723 | E0=-7.86337451-0.00001276j | E1=-7.72095981+0.00002573j|E2=-7.70747576-0.00002516j|E3=-7.67191248-0.00002226j
#-----------------------------------------#
[Step 262] logΨ: mean=11.400-0.311j | min=6.948+1.746j | max=11.476+1.642j
梯度监控 | raw=2.0797 | natural=0.0005 | clipped=0.0005(上限20.0)
原始规范坐标 G(Re Σrow_mean) = +33.6401 | 累计|g| = 18.4325
Ψ矩阵条件数 cond(Ψ) = 3.70e+00
Loss=-30.960227 | E0=-7.86349209-0.00000823j | E1=-7.72129316-0.00000431j|E2=-7.70753068-0.00000239j|E3=-7.66791150-0.00048151j
#-----------------------------------------#
[Step 263] logΨ: mean=11.413-0.326j | min=8.110-0.113j | max=11.476+1.643j
梯度监控 | raw=1.2079 | natural=0.0000 | clipped=0.0000(上限20.0)
原始规范坐标 G(Re Σrow_mean) = +33.6546 | 累计|g| = 18.4325
Ψ矩阵条件数 cond(Ψ) = 3.70e+00
Loss=-30.958962 | E0=-7.86352815-0.00003175j | E1=-7.72126223+0.00001596j|E2=-7.70747663-0.00001482j|E3=-7.66669518-0.00065989j
#-----------------------------------------#
[Step 264] logΨ: mean=11.348-0.277j | min=6.599-2.701j | max=11.481+1.657j
梯度监控 | raw=5.8565 | natural=0.0035 | clipped=0.0035(上限20.0)
原始规范坐标 G(Re Σrow_mean) = +33.6433 | 累计|g| = 18.4325
Ψ矩阵条件数 cond(Ψ) = 3.70e+00
Loss=-30.961473 | E0=-7.86341493+0.00000983j | E1=-7.72066848-0.00000572j|E2=-7.70773217-0.00002560j|E3=-7.66965762-0.00026725j
#-----------------------------------------#
[Step 265] logΨ: mean=11.507-0.885j | min=5.289-0.483j | max=11.772+1.199j
梯度监控 | raw=86.6442 | natural=0.0418 | clipped=0.0418(上限20.0)
原始规范坐标 G(Re Σrow_mean) = +33.9047 | 累计|g| = 18.4325
Ψ矩阵条件数 cond(Ψ) = 3.66e+00
Loss=-30.919652 | E0=-7.85589716-0.00014659j | E1=-7.71498093+0.00055619j|E2=-7.67784230-0.00094720j|E3=-7.67093166+0.00022465j
#-----------------------------------------#
[Step 266] logΨ: mean=11.781-0.978j | min=4.333-2.408j | max=11.888+1.152j
梯度监控 | raw=10.4825 | natural=0.0067 | clipped=0.0067(上限20.0)
原始规范坐标 G(Re Σrow_mean) = +34.2016 | 累计|g| = 18.4325
Ψ矩阵条件数 cond(Ψ) = 3.62e+00
Loss=-30.951886 | E0=-7.86329968-0.00009442j | E1=-7.71837083+0.00045581j|E2=-7.70318340-0.00050836j|E3=-7.66703224-0.00068115j
#-----------------------------------------#
[Step 267] logΨ: mean=11.821-0.773j | min=7.818-1.857j | max=11.893+1.156j
梯度监控 | raw=2.8744 | natural=0.0006 | clipped=0.0006(上限20.0)
原始规范坐标 G(Re Σrow_mean) = +34.2577 | 累计|g| = 18.4325
Ψ矩阵条件数 cond(Ψ) = 3.62e+00
Loss=-30.958809 | E0=-7.86331522+0.00004051j | E1=-7.72088318-0.00002428j|E2=-7.70778830-0.00003206j|E3=-7.66682238-0.00060589j
#-----------------------------------------#
[Step 268] logΨ: mean=11.818-0.600j | min=8.124-0.313j | max=11.900+1.160j
梯度监控 | raw=4.2040 | natural=0.0005 | clipped=0.0005(上限20.0)
原始规范坐标 G(Re Σrow_mean) = +34.2280 | 累计|g| = 18.4325
Ψ矩阵条件数 cond(Ψ) = 3.62e+00
Loss=-30.959595 | E0=-7.86325491-0.00002674j | E1=-7.72125624-0.00000021j|E2=-7.70756179+0.00004277j|E3=-7.66752222-0.00053100j
#-----------------------------------------#
[Step 269] logΨ: mean=11.814-0.315j | min=6.442+1.310j | max=11.949+1.379j
梯度监控 | raw=7.1346 | natural=0.0047 | clipped=0.0047(上限20.0)
原始规范坐标 G(Re Σrow_mean) = +34.1704 | 累计|g| = 18.4325
Ψ矩阵条件数 cond(Ψ) = 3.63e+00
Loss=-30.961909 | E0=-7.86302170+0.00002405j | E1=-7.72011079-0.00002577j|E2=-7.70833249-0.00023360j|E3=-7.67044359-0.00020228j
#-----------------------------------------#
[GaugeReset@270] 吸收 Δg = Σ Re(col_mean) = +34.1704 | 新|g| = 18.7908
[Step 270] logΨ: mean=10.769-0.088j | min=4.945-1.767j | max=10.837+1.640j
梯度监控 | raw=2.8683 | natural=0.0123 | clipped=0.0123(上限20.0)
原始规范坐标 G(Re Σrow_mean) = +34.3631 | 累计|g| = 18.7908
Ψ矩阵条件数 cond(Ψ) = 3.73e+00
Loss=-30.959541 | E0=-7.86338907-0.00004458j | E1=-7.72080655-0.00000333j|E2=-7.70773595-0.00002238j|E3=-7.66760922-0.00053255j
#-----------------------------------------#
[Step 271] logΨ: mean=10.678-0.184j | min=5.184-1.311j | max=10.811+1.634j
梯度监控 | raw=37.9133 | natural=0.0029 | clipped=0.0029(上限20.0)
原始规范坐标 G(Re Σrow_mean) = +34.2814 | 累计|g| = 18.7908
Ψ矩阵条件数 cond(Ψ) = 3.71e+00
Loss=-30.952664 | E0=-7.85949411-0.00004013j | E1=-7.72097630+0.00042209j|E2=-7.70728314-0.00011842j|E3=-7.66490998-0.00044297j
#-----------------------------------------#
[Step 272] logΨ: mean=10.729-0.295j | min=5.451+1.273j | max=10.826+1.626j
梯度监控 | raw=27.4080 | natural=0.0006 | clipped=0.0006(上限20.0)
原始规范坐标 G(Re Σrow_mean) = +34.3022 | 累计|g| = 18.7908
Ψ矩阵条件数 cond(Ψ) = 3.71e+00
Loss=-30.954221 | E0=-7.86078888-0.00021293j | E1=-7.72076676-0.00025436j|E2=-7.70726196+0.00004175j|E3=-7.66540352-0.00064515j
#-----------------------------------------#
[Step 273] logΨ: mean=10.580+0.766j | min=5.331+2.546j | max=10.795+2.351j
梯度监控 | raw=26.9551 | natural=0.0188 | clipped=0.0188(上限20.0)
原始规范坐标 G(Re Σrow_mean) = +34.1964 | 累计|g| = 18.7908
Ψ矩阵条件数 cond(Ψ) = 3.57e+00
Loss=-30.963476 | E0=-7.86112020-0.00014445j | E1=-7.72184895+0.00075908j|E2=-7.70862927+0.00032061j|E3=-7.67187769+0.00044676j
#-----------------------------------------#
[Step 274] logΨ: mean=10.572+0.926j | min=6.615+0.763j | max=10.806+2.316j
梯度监控 | raw=28.5133 | natural=0.0012 | clipped=0.0012(上限20.0)
原始规范坐标 G(Re Σrow_mean) = +34.1595 | 累计|g| = 18.7908
Ψ矩阵条件数 cond(Ψ) = 3.58e+00
Loss=-30.961556 | E0=-7.86060753+0.00023631j | E1=-7.72095585-0.00005863j|E2=-7.70749394+0.00007806j|E3=-7.67249895+0.00060189j
#-----------------------------------------#
[Step 275] logΨ: mean=10.585+1.088j | min=5.275+1.936j | max=10.907+2.287j
梯度监控 | raw=29.0056 | natural=0.0023 | clipped=0.0023(上限20.0)
原始规范坐标 G(Re Σrow_mean) = +34.0838 | 累计|g| = 18.7908
Ψ矩阵条件数 cond(Ψ) = 3.58e+00
Loss=-30.964998 | E0=-7.86158562-0.00015625j | E1=-7.72091258-0.00011571j|E2=-7.70738421-0.00019059j|E3=-7.67511552+0.00133461j
#-----------------------------------------#
[Step 276] logΨ: mean=10.586+0.750j | min=6.607-2.488j | max=10.919+2.256j
梯度监控 | raw=31.9680 | natural=0.0012 | clipped=0.0012(上限20.0)
原始规范坐标 G(Re Σrow_mean) = +34.0658 | 累计|g| = 18.7908
Ψ矩阵条件数 cond(Ψ) = 3.59e+00
Loss=-30.965833 | E0=-7.86123236+0.00010611j | E1=-7.72068222-0.00054764j|E2=-7.70753587-0.00013647j|E3=-7.67638233+0.00141698j
#-----------------------------------------#
[Step 277] logΨ: mean=8.634+1.102j | min=2.023+0.024j | max=8.831+2.917j
梯度监控 | raw=28.9483 | natural=0.0689 | clipped=0.0689(上限20.0)
原始规范坐标 G(Re Σrow_mean) = +32.7573 | 累计|g| = 18.7908
Ψ矩阵条件数 cond(Ψ) = 8.39e+00
Loss=-30.958543 | E0=-7.86080265+0.00021485j | E1=-7.72108401-0.00024860j|E2=-7.70808642-0.00047146j|E3=-7.66856994-0.00271330j
#-----------------------------------------#
[Step 278] logΨ: mean=8.635+1.338j | min=3.642+1.561j | max=8.867+2.955j
梯度监控 | raw=23.5886 | natural=0.0023 | clipped=0.0023(上限20.0)
原始规范坐标 G(Re Σrow_mean) = +32.7296 | 累计|g| = 18.7908
Ψ矩阵条件数 cond(Ψ) = 3.88e+00
Loss=-30.959601 | E0=-7.86083285+0.00041278j | E1=-7.72083257+0.00009670j|E2=-7.70755222-0.00005357j|E3=-7.67038296+0.00023286j
#-----------------------------------------#
[Step 279] logΨ: mean=9.318+0.833j | min=1.986+1.888j | max=9.506+2.444j
梯度监控 | raw=14.5289 | natural=0.0643 | clipped=0.0643(上限20.0)
原始规范坐标 G(Re Σrow_mean) = +33.2036 | 累计|g| = 18.7908
Ψ矩阵条件数 cond(Ψ) = 3.91e+00
Loss=-30.961258 | E0=-7.86217974-0.00029475j | E1=-7.72064674-0.00233495j|E2=-7.70688117-0.00095520j|E3=-7.67155045+0.00046262j
#-----------------------------------------#
[保存] Step 279 → pickle 文件已更新 (280 条记录)
[GaugeReset@280] 吸收 Δg = Σ Re(col_mean) = +33.2036 | 新|g| = 18.4922
[Step 280] logΨ: mean=10.411-0.057j | min=7.083+1.445j | max=10.489+1.332j
梯度监控 | raw=8.4929 | natural=0.0003 | clipped=0.0003(上限20.0)
原始规范坐标 G(Re Σrow_mean) = +33.3148 | 累计|g| = 18.4922
Ψ矩阵条件数 cond(Ψ) = 3.74e+00
Loss=-30.959772 | E0=-7.86247845-0.00052621j | E1=-7.72115863-0.00000369j|E2=-7.70723375+0.00073835j|E3=-7.66890154-0.00084371j
#-----------------------------------------#
[Step 281] logΨ: mean=10.375-0.012j | min=4.506+0.310j | max=10.538+1.323j
梯度监控 | raw=25.6246 | natural=0.0018 | clipped=0.0018(上限20.0)
原始规范坐标 G(Re Σrow_mean) = +33.2601 | 累计|g| = 18.4922
Ψ矩阵条件数 cond(Ψ) = 3.75e+00
Loss=-30.959263 | E0=-7.85991083+0.00020430j | E1=-7.72113730-0.00009800j|E2=-7.70717345+0.00070191j|E3=-7.67104123-0.00004812j
#-----------------------------------------#
[Step 282] logΨ: mean=10.540+0.285j | min=3.695+0.221j | max=10.686+1.498j
梯度监控 | raw=22.7549 | natural=0.0171 | clipped=0.0171(上限20.0)
原始规范坐标 G(Re Σrow_mean) = +33.1970 | 累计|g| = 18.4922
Ψ矩阵条件数 cond(Ψ) = 3.84e+00
Loss=-30.957806 | E0=-7.85976690+0.00010822j | E1=-7.72123750+0.00021683j|E2=-7.70739461+0.00023504j|E3=-7.66940704-0.00017115j
#-----------------------------------------#
[Step 283] logΨ: mean=10.533+0.288j | min=5.789-0.930j | max=10.710+1.489j
梯度监控 | raw=15.5122 | natural=0.0006 | clipped=0.0006(上限20.0)
原始规范坐标 G(Re Σrow_mean) = +33.1511 | 累计|g| = 18.4922
Ψ矩阵条件数 cond(Ψ) = 3.85e+00
Loss=-30.962912 | E0=-7.86228440-0.00029319j | E1=-7.72103155-0.00027736j|E2=-7.70722740-0.00051790j|E3=-7.67236833-0.00012668j
#-----------------------------------------#
[Step 284] logΨ: mean=11.059-1.361j | min=5.679-2.360j | max=11.284+0.077j
梯度监控 | raw=21.8112 | natural=0.0549 | clipped=0.0549(上限20.0)
原始规范坐标 G(Re Σrow_mean) = +33.1129 | 累计|g| = 18.4922
Ψ矩阵条件数 cond(Ψ) = 4.28e+00
Loss=-30.966742 | E0=-7.86171117-0.00036984j | E1=-7.72097763-0.00008983j|E2=-7.70755990+0.00045188j|E3=-7.67649360-0.00155128j
#-----------------------------------------#
[Step 285] logΨ: mean=11.466-0.976j | min=7.739-0.778j | max=11.612+0.706j
梯度监控 | raw=16.1727 | natural=0.0109 | clipped=0.0109(上限20.0)
原始规范坐标 G(Re Σrow_mean) = +33.3366 | 累计|g| = 18.4922
Ψ矩阵条件数 cond(Ψ) = 4.23e+00
Loss=-30.961625 | E0=-7.86212995-0.00002583j | E1=-7.72058670+0.00027723j|E2=-7.70745709+0.00002008j|E3=-7.67145116-0.00021928j
#-----------------------------------------#
[Step 286] logΨ: mean=11.464+0.299j | min=6.916+1.462j | max=11.644+1.548j
梯度监控 | raw=19.9469 | natural=0.0136 | clipped=0.0136(上限20.0)
原始规范坐标 G(Re Σrow_mean) = +33.2875 | 累计|g| = 18.4922
Ψ矩阵条件数 cond(Ψ) = 4.26e+00
Loss=-30.960540 | E0=-7.86203172+0.00009159j | E1=-7.72073783-0.00002887j|E2=-7.70765560-0.00005172j|E3=-7.67011500-0.00029316j
#-----------------------------------------#
[Step 287] logΨ: mean=9.836+0.620j | min=4.891-1.127j | max=10.214+2.671j
梯度监控 | raw=26.4059 | natural=0.1089 | clipped=0.1089(上限20.0)
原始规范坐标 G(Re Σrow_mean) = +32.7840 | 累计|g| = 18.4922
Ψ矩阵条件数 cond(Ψ) = 5.01e+00
Loss=-30.964289 | E0=-7.86200512+0.00004794j | E1=-7.72089736+0.00016097j|E2=-7.70750207-0.00016197j|E3=-7.67388445-0.00234153j
#-----------------------------------------#
[Step 288] logΨ: mean=9.933+1.119j | min=6.108+1.606j | max=10.130+2.927j
梯度监控 | raw=94.6614 | natural=0.0084 | clipped=0.0084(上限20.0)
原始规范坐标 G(Re Σrow_mean) = +32.9794 | 累计|g| = 18.4922
Ψ矩阵条件数 cond(Ψ) = 7.55e+00
Loss=-30.853881 | E0=-7.80567920-0.00044893j | E1=-7.71406699-0.00028271j|E2=-7.68500649+0.00004057j|E3=-7.64912805+0.00023469j
#-----------------------------------------#
[Step 289] logΨ: mean=9.988+1.290j | min=5.958-2.219j | max=10.183+3.089j
梯度监控 | raw=78.9943 | natural=0.0074 | clipped=0.0074(上限20.0)
原始规范坐标 G(Re Σrow_mean) = +32.9224 | 累计|g| = 18.4922
Ψ矩阵条件数 cond(Ψ) = 7.32e+00
Loss=-30.857637 | E0=-7.80613833-0.00045055j | E1=-7.71405676-0.00060221j|E2=-7.68595045-0.00096703j|E3=-7.65149174+0.00073957j
#-----------------------------------------#
[GaugeReset@290] 吸收 Δg = Σ Re(col_mean) = +32.9224 | 新|g| = 18.7187
[Step 290] logΨ: mean=10.231-0.899j | min=6.321-2.861j | max=10.412+0.812j
梯度监控 | raw=74.2966 | natural=0.0090 | clipped=0.0090(上限20.0)
原始规范坐标 G(Re Σrow_mean) = +32.8723 | 累计|g| = 18.7187
Ψ矩阵条件数 cond(Ψ) = 3.95e+00
Loss=-30.853123 | E0=-7.80652379-0.00022458j | E1=-7.71454648-0.00000371j|E2=-7.68403451+0.00076559j|E3=-7.64801777-0.00157227j
#-----------------------------------------#
[Step 291] logΨ: mean=10.323-0.969j | min=6.349-1.557j | max=10.496+0.703j
梯度监控 | raw=76.7057 | natural=0.0077 | clipped=0.0077(上限20.0)
原始规范坐标 G(Re Σrow_mean) = +32.9153 | 累计|g| = 18.7187
Ψ矩阵条件数 cond(Ψ) = 7.47e+00
Loss=-30.860395 | E0=-7.80697098+0.00056784j | E1=-7.71471153+0.00013554j|E2=-7.68673508-0.00090543j|E3=-7.65197723-0.00012812j
#-----------------------------------------#
[Step 292] logΨ: mean=10.237-0.417j | min=6.162-1.719j | max=10.429+0.436j
梯度监控 | raw=81.9835 | natural=0.0055 | clipped=0.0055(上限20.0)
原始规范坐标 G(Re Σrow_mean) = +32.7467 | 累计|g| = 18.7187
Ψ矩阵条件数 cond(Ψ) = 4.08e+00
Loss=-30.867820 | E0=-7.81539661+0.00002895j | E1=-7.71429215-0.00027392j|E2=-7.68676534+0.00002578j|E3=-7.65136571-0.00011011j
#-----------------------------------------#
[Step 293] logΨ: mean=8.449+0.525j | min=4.894-1.004j | max=9.049+2.329j
梯度监控 | raw=82.8895 | natural=0.0277 | clipped=0.0277(上限20.0)
原始规范坐标 G(Re Σrow_mean) = +31.4489 | 累计|g| = 18.7187
Ψ矩阵条件数 cond(Ψ) = 4.78e+00
Loss=-30.865521 | E0=-7.81268825-0.00012295j | E1=-7.71418920-0.00024586j|E2=-7.68666320-0.00022841j|E3=-7.65198040-0.00048357j
#-----------------------------------------#
[Step 294] logΨ: mean=8.510+0.464j | min=1.680-1.827j | max=8.994+2.137j
梯度监控 | raw=91.1760 | natural=0.1333 | clipped=0.1333(上限20.0)
原始规范坐标 G(Re Σrow_mean) = +31.0121 | 累计|g| = 18.7187
Ψ矩阵条件数 cond(Ψ) = 5.42e+00
Loss=-30.905309 | E0=-7.82772456+0.00022494j | E1=-7.71590600-0.00144159j|E2=-7.69285633+0.00254693j|E3=-7.66882227-0.00096224j
#-----------------------------------------#
[Step 295] logΨ: mean=8.704+0.452j | min=5.019+2.624j | max=9.021+2.151j
梯度监控 | raw=79.5796 | natural=0.0025 | clipped=0.0025(上限20.0)
原始规范坐标 G(Re Σrow_mean) = +31.0697 | 累计|g| = 18.7187
Ψ矩阵条件数 cond(Ψ) = 6.06e+00
Loss=-30.928951 | E0=-7.84542370+0.00063562j | E1=-7.71776766+0.00021568j|E2=-7.69703602-0.00066348j|E3=-7.66872397+0.00047911j
#-----------------------------------------#
[Step 296] logΨ: mean=8.702+0.503j | min=4.337-0.851j | max=9.060+2.162j
梯度监控 | raw=75.3783 | natural=0.0027 | clipped=0.0027(上限20.0)
原始规范坐标 G(Re Σrow_mean) = +31.0328 | 累计|g| = 18.7187
Ψ矩阵条件数 cond(Ψ) = 6.01e+00
Loss=-30.929488 | E0=-7.84434549+0.00016408j | E1=-7.71637208+0.00001365j|E2=-7.69928994+0.00013504j|E3=-7.66948017+0.00077081j
#-----------------------------------------#
[Step 297] logΨ: mean=8.660+0.648j | min=4.432-0.209j | max=9.008+2.236j
梯度监控 | raw=66.3625 | natural=0.0070 | clipped=0.0070(上限20.0)
原始规范坐标 G(Re Σrow_mean) = +30.9264 | 累计|g| = 18.7187
Ψ矩阵条件数 cond(Ψ) = 6.06e+00
Loss=-30.929412 | E0=-7.84482308-0.00010070j | E1=-7.71683148+0.00009784j|E2=-7.69847470-0.00015500j|E3=-7.66928261+0.00035154j
#-----------------------------------------#
[Step 298] logΨ: mean=8.649+0.585j | min=5.121-2.645j | max=9.002+2.237j
梯度监控 | raw=67.8764 | natural=0.0020 | clipped=0.0020(上限20.0)
原始规范坐标 G(Re Σrow_mean) = +30.8813 | 累计|g| = 18.7187
Ψ矩阵条件数 cond(Ψ) = 6.03e+00
Loss=-30.932239 | E0=-7.84596557+0.00036628j | E1=-7.71689426-0.00003658j|E2=-7.69896469-0.00076424j|E3=-7.67041412+0.00127136j
#-----------------------------------------#
[Step 299] logΨ: mean=8.670+0.592j | min=4.968+2.480j | max=8.991+2.241j
梯度监控 | raw=63.1359 | natural=0.0021 | clipped=0.0021(上限20.0)
原始规范坐标 G(Re Σrow_mean) = +30.8678 | 累计|g| = 18.7187
Ψ矩阵条件数 cond(Ψ) = 6.00e+00
Loss=-30.932983 | E0=-7.84735962+0.00019496j | E1=-7.71751988+0.00023543j|E2=-7.69896880-0.00075581j|E3=-7.66913518+0.00022184j
#-----------------------------------------#
[保存] Step 299 → pickle 文件已更新 (300 条记录)
[GaugeReset@300] 吸收 Δg = Σ Re(col_mean) = +30.8678 | 新|g| = 17.9400
[Step 300] logΨ: mean=10.716-0.669j | min=5.902+2.977j | max=11.051+1.018j
梯度监控 | raw=57.0631 | natural=0.0045 | clipped=0.0045(上限20.0)
原始规范坐标 G(Re Σrow_mean) = +30.8237 | 累计|g| = 17.9400
Ψ矩阵条件数 cond(Ψ) = 5.07e+00
Loss=-30.934690 | E0=-7.84764429-0.00019156j | E1=-7.71731632-0.00036371j|E2=-7.70042242+0.00023950j|E3=-7.66930701-0.00011141j
#-----------------------------------------#
[Step 301] logΨ: mean=10.597-0.785j | min=6.388+1.442j | max=10.938+0.814j
梯度监控 | raw=60.5553 | natural=0.0237 | clipped=0.0237(上限20.0)
原始规范坐标 G(Re Σrow_mean) = +30.8067 | 累计|g| = 17.9400
Ψ矩阵条件数 cond(Ψ) = 4.57e+00
Loss=-30.934344 | E0=-7.84704613+0.00003074j | E1=-7.71722494+0.00010412j|E2=-7.70063136+0.00039613j|E3=-7.66944141-0.00048721j
#-----------------------------------------#
[Step 302] logΨ: mean=10.597-0.906j | min=6.298+0.963j | max=10.940+0.773j
梯度监控 | raw=66.8038 | natural=0.0036 | clipped=0.0036(上限20.0)
原始规范坐标 G(Re Σrow_mean) = +30.7943 | 累计|g| = 17.9400
Ψ矩阵条件数 cond(Ψ) = 4.57e+00
Loss=-30.933665 | E0=-7.84692330+0.00041960j | E1=-7.71703343+0.00009638j|E2=-7.70041179+0.00020215j|E3=-7.66929671-0.00040798j
#-----------------------------------------#
[Step 303] logΨ: mean=10.617-0.818j | min=7.088+2.217j | max=10.946+0.765j
梯度监控 | raw=58.8076 | natural=0.0020 | clipped=0.0020(上限20.0)
原始规范坐标 G(Re Σrow_mean) = +30.7533 | 累计|g| = 17.9400
Ψ矩阵条件数 cond(Ψ) = 6.38e+00
Loss=-30.936791 | E0=-7.84936995+0.00026618j | E1=-7.71720367+0.00002477j|E2=-7.70030063-0.00043348j|E3=-7.66991713+0.00002273j
#-----------------------------------------#
[Step 304] logΨ: mean=10.439-0.972j | min=5.802-1.167j | max=10.742+0.640j
梯度监控 | raw=52.0359 | natural=0.0108 | clipped=0.0108(上限20.0)
原始规范坐标 G(Re Σrow_mean) = +30.5045 | 累计|g| = 17.9400
Ψ矩阵条件数 cond(Ψ) = 4.51e+00
Loss=-30.940688 | E0=-7.85182532+0.00018229j | E1=-7.71753292-0.00002309j|E2=-7.70095292-0.00018863j|E3=-7.67037656-0.00025234j
#-----------------------------------------#
[Step 305] logΨ: mean=10.473-0.896j | min=6.768+0.836j | max=10.788+0.624j
梯度监控 | raw=54.9091 | natural=0.0025 | clipped=0.0025(上限20.0)
原始规范坐标 G(Re Σrow_mean) = +30.5112 | 累计|g| = 17.9400
Ψ矩阵条件数 cond(Ψ) = 2.18e+01
Loss=-30.939635 | E0=-7.85128266+0.00001916j | E1=-7.71719408-0.00001944j|E2=-7.70142154-0.00007894j|E3=-7.66973639-0.00042084j
#-----------------------------------------#
[Step 306] logΨ: mean=10.299-0.975j | min=5.573-0.329j | max=10.607+0.617j
梯度监控 | raw=51.7604 | natural=0.0121 | clipped=0.0121(上限20.0)
原始规范坐标 G(Re Σrow_mean) = +30.3344 | 累计|g| = 17.9400
Ψ矩阵条件数 cond(Ψ) = 4.54e+00
Loss=-30.941282 | E0=-7.85071983-0.00000325j | E1=-7.71731914+0.00021625j|E2=-7.70208193-0.00025713j|E3=-7.67116143-0.00067500j
#-----------------------------------------#
[Step 307] logΨ: mean=10.350-1.096j | min=6.232-2.396j | max=10.650+0.580j
梯度监控 | raw=54.9599 | natural=0.0024 | clipped=0.0024(上限20.0)
原始规范坐标 G(Re Σrow_mean) = +30.3460 | 累计|g| = 17.9400
Ψ矩阵条件数 cond(Ψ) = 4.83e+00
Loss=-30.940997 | E0=-7.85107592+0.00020428j | E1=-7.71757845-0.00039132j|E2=-7.70212850-0.00002316j|E3=-7.67021455-0.00055733j
#-----------------------------------------#
[Step 308] logΨ: mean=10.301-1.193j | min=6.187+0.671j | max=10.610+0.492j
梯度监控 | raw=54.1406 | natural=0.0099 | clipped=0.0099(上限20.0)
原始规范坐标 G(Re Σrow_mean) = +30.3435 | 累计|g| = 17.9400
Ψ矩阵条件数 cond(Ψ) = 4.38e+00
Loss=-30.941168 | E0=-7.85244540-0.00000941j | E1=-7.71729635-0.00000059j|E2=-7.70118389-0.00016401j|E3=-7.67024217-0.00075236j
#-----------------------------------------#
[Step 309] logΨ: mean=10.269-0.930j | min=6.440+1.931j | max=10.617+0.441j
梯度监控 | raw=54.2108 | natural=0.0099 | clipped=0.0099(上限20.0)
原始规范坐标 G(Re Σrow_mean) = +30.4790 | 累计|g| = 17.9400
Ψ矩阵条件数 cond(Ψ) = 3.72e+00
Loss=-30.943608 | E0=-7.85130766+0.00008859j | E1=-7.71748092-0.00013912j|E2=-7.70103030-0.00014955j|E3=-7.67378907+0.00011404j
#-----------------------------------------#
[GaugeReset@310] 吸收 Δg = Σ Re(col_mean) = +30.4790 | 新|g| = 17.6469
[Step 310] logΨ: mean=10.575-0.662j | min=7.099-2.514j | max=10.906+0.938j
梯度监控 | raw=50.1848 | natural=0.0033 | clipped=0.0033(上限20.0)
原始规范坐标 G(Re Σrow_mean) = +30.4422 | 累计|g| = 17.6469
Ψ矩阵条件数 cond(Ψ) = 4.21e+00
Loss=-30.942455 | E0=-7.85158163+0.00017601j | E1=-7.71729729+0.00020787j|E2=-7.70104241-0.00034932j|E3=-7.67253331+0.00030719j
#-----------------------------------------#
[Step 311] logΨ: mean=10.503-0.824j | min=6.640+0.985j | max=10.827+0.906j
梯度监控 | raw=37.6654 | natural=0.0059 | clipped=0.0059(上限20.0)
原始规范坐标 G(Re Σrow_mean) = +30.4069 | 累计|g| = 17.6469
Ψ矩阵条件数 cond(Ψ) = 4.21e+00
Loss=-30.949137 | E0=-7.85470681+0.00013494j | E1=-7.71762272-0.00002567j|E2=-7.70227194-0.00014583j|E3=-7.67453555+0.00019187j
#-----------------------------------------#
[Step 312] logΨ: mean=10.561-0.806j | min=4.836+1.628j | max=10.879+0.917j
梯度监控 | raw=41.6208 | natural=0.0074 | clipped=0.0074(上限20.0)
原始规范坐标 G(Re Σrow_mean) = +30.4184 | 累计|g| = 17.6469
Ψ矩阵条件数 cond(Ψ) = 4.90e+00
Loss=-30.946103 | E0=-7.85377592-0.00017975j | E1=-7.71750754-0.00007082j|E2=-7.70340782+0.00031519j|E3=-7.67141194-0.00008693j
#-----------------------------------------#
[Step 313] logΨ: mean=10.503-0.740j | min=4.691-2.738j | max=10.827+0.885j
梯度监控 | raw=42.4094 | natural=0.0052 | clipped=0.0052(上限20.0)
原始规范坐标 G(Re Σrow_mean) = +30.3848 | 累计|g| = 17.6469
Ψ矩阵条件数 cond(Ψ) = 4.25e+00
Loss=-30.946683 | E0=-7.85345131+0.00010746j | E1=-7.71639749-0.00011378j|E2=-7.70454476+0.00025774j|E3=-7.67228911-0.00050063j
#-----------------------------------------#
[Step 314] logΨ: mean=10.426-0.599j | min=6.768+0.665j | max=10.749+0.912j
梯度监控 | raw=39.4288 | natural=0.0063 | clipped=0.0063(上限20.0)
原始规范坐标 G(Re Σrow_mean) = +30.3008 | 累计|g| = 17.6469
Ψ矩阵条件数 cond(Ψ) = 4.29e+00
Loss=-30.949303 | E0=-7.85392456-0.00002023j | E1=-7.71789030+0.00020994j|E2=-7.70342056-0.00017157j|E3=-7.67406799+0.00004662j
#-----------------------------------------#
[Step 315] logΨ: mean=10.379-0.599j | min=5.533+0.768j | max=10.716+0.907j
梯度监控 | raw=43.6041 | natural=0.0070 | clipped=0.0070(上限20.0)
原始规范坐标 G(Re Σrow_mean) = +30.3515 | 累计|g| = 17.6469
Ψ矩阵条件数 cond(Ψ) = 4.28e+00
Loss=-30.946925 | E0=-7.85228097-0.00007937j | E1=-7.71800668-0.00047874j|E2=-7.70297287+0.00022139j|E3=-7.67366404+0.00027942j
#-----------------------------------------#
[Step 316] logΨ: mean=10.327-0.815j | min=6.144-2.717j | max=10.679+0.879j
梯度监控 | raw=45.1491 | natural=0.0080 | clipped=0.0080(上限20.0)
原始规范坐标 G(Re Σrow_mean) = +30.2040 | 累计|g| = 17.6469
Ψ矩阵条件数 cond(Ψ) = 4.34e+00
Loss=-30.946308 | E0=-7.85234046+0.00011544j | E1=-7.71735696+0.00005506j|E2=-7.70166500-0.00012685j|E3=-7.67494566-0.00017129j
#-----------------------------------------#
[Step 317] logΨ: mean=10.300-0.900j | min=4.657+0.329j | max=10.626+0.940j
梯度监控 | raw=37.9552 | natural=0.0070 | clipped=0.0070(上限20.0)
原始规范坐标 G(Re Σrow_mean) = +30.0985 | 累计|g| = 17.6469
Ψ矩阵条件数 cond(Ψ) = 4.36e+00
Loss=-30.950339 | E0=-7.85475874-0.00002127j | E1=-7.71769695+0.00021135j|E2=-7.70345619-0.00001998j|E3=-7.67442666-0.00050205j
#-----------------------------------------#
[Step 318] logΨ: mean=10.308-0.550j | min=6.539+1.088j | max=10.632+0.929j
梯度监控 | raw=33.7337 | natural=0.0076 | clipped=0.0076(上限20.0)
原始规范坐标 G(Re Σrow_mean) = +30.1560 | 累计|g| = 17.6469
Ψ矩阵条件数 cond(Ψ) = 4.34e+00
Loss=-30.952748 | E0=-7.85585503-0.00000167j | E1=-7.71804880-0.00091961j|E2=-7.70266486+0.00043785j|E3=-7.67617894+0.00031360j
#-----------------------------------------#
[Step 319] logΨ: mean=10.293-0.595j | min=5.933+1.442j | max=10.585+1.030j
梯度监控 | raw=37.0430 | natural=0.0065 | clipped=0.0065(上限20.0)
原始规范坐标 G(Re Σrow_mean) = +30.1935 | 累计|g| = 17.6469
Ψ矩阵条件数 cond(Ψ) = 4.28e+00
Loss=-30.948827 | E0=-7.85542842-0.00014405j | E1=-7.71816512+0.00030983j|E2=-7.70340277-0.00009133j|E3=-7.67183106-0.00098255j
#-----------------------------------------#
[保存] Step 319 → pickle 文件已更新 (320 条记录)
[GaugeReset@320] 吸收 Δg = Σ Re(col_mean) = +30.1935 | 新|g| = 17.5963
[Step 320] logΨ: mean=10.169+0.189j | min=3.701+1.746j | max=10.548+1.717j
梯度监控 | raw=35.8361 | natural=0.0293 | clipped=0.0293(上限20.0)
原始规范坐标 G(Re Σrow_mean) = +29.9656 | 累计|g| = 17.5963
Ψ矩阵条件数 cond(Ψ) = 4.16e+00
Loss=-30.951652 | E0=-7.85233691-0.00011119j | E1=-7.71771518-0.00012405j|E2=-7.70347247+0.00030502j|E3=-7.67812727+0.00104965j
#-----------------------------------------#
[Step 321] logΨ: mean=10.180+0.123j | min=4.207-1.702j | max=10.524+1.698j
梯度监控 | raw=26.2874 | natural=0.0096 | clipped=0.0096(上限20.0)
原始规范坐标 G(Re Σrow_mean) = +29.7545 | 累计|g| = 17.5963
Ψ矩阵条件数 cond(Ψ) = 4.27e+00
Loss=-30.953084 | E0=-7.85579643-0.00030054j | E1=-7.71784378-0.00033077j|E2=-7.70371582+0.00028269j|E3=-7.67572757-0.00014196j
#-----------------------------------------#
[Step 322] logΨ: mean=10.186+0.208j | min=6.174-1.916j | max=10.518+1.660j
梯度监控 | raw=26.8760 | natural=0.0028 | clipped=0.0028(上限20.0)
原始规范坐标 G(Re Σrow_mean) = +29.7377 | 累计|g| = 17.5963
Ψ矩阵条件数 cond(Ψ) = 4.31e+00
Loss=-30.953089 | E0=-7.85608329-0.00003248j | E1=-7.71797972+0.00021164j|E2=-7.70364836-0.00025952j|E3=-7.67537770+0.00003230j
#-----------------------------------------#
[Step 323] logΨ: mean=10.157+0.096j | min=5.940-1.395j | max=10.500+1.629j
梯度监控 | raw=30.4058 | natural=0.0020 | clipped=0.0020(上限20.0)
原始规范坐标 G(Re Σrow_mean) = +29.7392 | 累计|g| = 17.5963
Ψ矩阵条件数 cond(Ψ) = 5.15e+00
Loss=-30.952035 | E0=-7.85435119+0.00009069j | E1=-7.71782538+0.00015108j|E2=-7.70376255-0.00022722j|E3=-7.67609627+0.00021830j
#-----------------------------------------#
[Step 324] logΨ: mean=10.163+0.119j | min=6.611+2.994j | max=10.487+1.590j
梯度监控 | raw=24.8883 | natural=0.0036 | clipped=0.0036(上限20.0)
原始规范坐标 G(Re Σrow_mean) = +29.6366 | 累计|g| = 17.5963
Ψ矩阵条件数 cond(Ψ) = 4.45e+00
Loss=-30.954755 | E0=-7.85750339+0.00010312j | E1=-7.71778224+0.00006364j|E2=-7.70289795-0.00010310j|E3=-7.67657125+0.00015244j
#-----------------------------------------#
[Step 325] logΨ: mean=10.185-0.014j | min=4.818+1.513j | max=10.532+1.576j
梯度监控 | raw=28.7892 | natural=0.0070 | clipped=0.0070(上限20.0)
原始规范坐标 G(Re Σrow_mean) = +29.9772 | 累计|g| = 17.5963
Ψ矩阵条件数 cond(Ψ) = 5.18e+00
Loss=-30.953685 | E0=-7.85662205+0.00003110j | E1=-7.71747615+0.00001746j|E2=-7.70385539-0.00002244j|E3=-7.67573177-0.00042440j
#-----------------------------------------#
[Step 326] logΨ: mean=10.162+0.163j | min=5.880-1.393j | max=10.508+1.597j
梯度监控 | raw=21.9195 | natural=0.0044 | clipped=0.0044(上限20.0)
原始规范坐标 G(Re Σrow_mean) = +29.9801 | 累计|g| = 17.5963
Ψ矩阵条件数 cond(Ψ) = 4.47e+00
Loss=-30.956973 | E0=-7.85791041-0.00002214j | E1=-7.71803770+0.00022143j|E2=-7.70406900-0.00020008j|E3=-7.67695582+0.00019597j
#-----------------------------------------#
[Step 327] logΨ: mean=10.183+0.060j | min=4.123-1.262j | max=10.520+1.612j
梯度监控 | raw=18.4009 | natural=0.0072 | clipped=0.0072(上限20.0)
原始规范坐标 G(Re Σrow_mean) = +30.0967 | 累计|g| = 17.5963
Ψ矩阵条件数 cond(Ψ) = 4.42e+00
Loss=-30.957311 | E0=-7.85807982-0.00011223j | E1=-7.71797383+0.00015095j|E2=-7.70393845-0.00018034j|E3=-7.67731853+0.00001440j
#-----------------------------------------#
[Step 328] logΨ: mean=10.207+0.094j | min=6.753-1.633j | max=10.513+1.587j
梯度监控 | raw=22.8470 | natural=0.0015 | clipped=0.0015(上限20.0)
原始规范坐标 G(Re Σrow_mean) = +30.0921 | 累计|g| = 17.5963
Ψ矩阵条件数 cond(Ψ) = 4.44e+00
Loss=-30.955012 | E0=-7.85815059+0.00009422j | E1=-7.71794116+0.00021768j|E2=-7.70383429-0.00018056j|E3=-7.67508624-0.00043968j
#-----------------------------------------#
[Step 329] logΨ: mean=10.222+0.329j | min=6.378+1.867j | max=10.508+1.601j
梯度监控 | raw=22.5767 | natural=0.0050 | clipped=0.0050(上限20.0)
原始规范坐标 G(Re Σrow_mean) = +30.1637 | 累计|g| = 17.5963
Ψ矩阵条件数 cond(Ψ) = 6.75e+00
Loss=-30.955007 | E0=-7.85767401-0.00004104j | E1=-7.71807149+0.00020485j|E2=-7.70435499-0.00009407j|E3=-7.67490650-0.00077788j
#-----------------------------------------#
[GaugeReset@330] 吸收 Δg = Σ Re(col_mean) = +30.1637 | 新|g| = 17.8008
[Step 330] logΨ: mean=10.241+0.510j | min=4.912-1.512j | max=10.544+1.984j
梯度监控 | raw=19.7022 | natural=0.0022 | clipped=0.0022(上限20.0)
原始规范坐标 G(Re Σrow_mean) = +30.1778 | 累计|g| = 17.8008
Ψ矩阵条件数 cond(Ψ) = 4.43e+00
Loss=-30.956401 | E0=-7.85837554+0.00004091j | E1=-7.71819320+0.00018905j|E2=-7.70409480-0.00020396j|E3=-7.67573749-0.00032588j
#-----------------------------------------#
[Step 331] logΨ: mean=9.608-0.168j | min=3.314+0.637j | max=9.940+1.463j
梯度监控 | raw=16.9804 | natural=0.0821 | clipped=0.0821(上限20.0)
原始规范坐标 G(Re Σrow_mean) = +29.8514 | 累计|g| = 17.8008
Ψ矩阵条件数 cond(Ψ) = 4.31e+00
Loss=-30.956734 | E0=-7.85909084-0.00002630j | E1=-7.71834764-0.00016269j|E2=-7.70430306+0.00008721j|E3=-7.67499210+0.00144804j
#-----------------------------------------#
[Step 332] logΨ: mean=9.616-0.029j | min=5.064-1.796j | max=10.002+1.448j
梯度监控 | raw=13.1047 | natural=0.0063 | clipped=0.0063(上限20.0)
原始规范坐标 G(Re Σrow_mean) = +29.7932 | 累计|g| = 17.8008
Ψ矩阵条件数 cond(Ψ) = 4.31e+00
Loss=-30.954031 | E0=-7.85944790-0.00032237j | E1=-7.71822937+0.00015048j|E2=-7.70441755-0.00036593j|E3=-7.67193601+0.00228983j
#-----------------------------------------#
[Step 333] logΨ: mean=9.745+0.048j | min=5.433-1.638j | max=10.058+1.431j
梯度监控 | raw=11.8703 | natural=0.0054 | clipped=0.0054(上限20.0)
原始规范坐标 G(Re Σrow_mean) = +29.8960 | 累计|g| = 17.8008
Ψ矩阵条件数 cond(Ψ) = 4.30e+00
Loss=-30.954759 | E0=-7.86044826+0.00002064j | E1=-7.71853214-0.00002226j|E2=-7.70442836+0.00002438j|E3=-7.67134988-0.00064327j
#-----------------------------------------#
[Step 334] logΨ: mean=9.779+0.061j | min=5.874+0.563j | max=10.068+1.481j
梯度监控 | raw=11.5416 | natural=0.0055 | clipped=0.0055(上限20.0)
原始规范坐标 G(Re Σrow_mean) = +29.9283 | 累计|g| = 17.8008
Ψ矩阵条件数 cond(Ψ) = 5.56e+00
Loss=-30.953745 | E0=-7.86020934-0.00009568j | E1=-7.71837416-0.00013030j|E2=-7.70439959+0.00028314j|E3=-7.67076198-0.00191240j
#-----------------------------------------#
[Step 335] logΨ: mean=9.652-0.506j | min=1.927-2.711j | max=9.952+1.056j
梯度监控 | raw=12.2064 | natural=0.0402 | clipped=0.0402(上限20.0)
原始规范坐标 G(Re Σrow_mean) = +29.9922 | 累计|g| = 17.8008
Ψ矩阵条件数 cond(Ψ) = 4.10e+00
Loss=-30.952402 | E0=-7.86053056+0.00004178j | E1=-7.71817729-0.00010402j|E2=-7.70301066+0.00002611j|E3=-7.67068354-0.00147167j
#-----------------------------------------#
[Step 336] logΨ: mean=9.632-0.239j | min=4.041-1.699j | max=9.969+1.068j
梯度监控 | raw=13.7566 | natural=0.0065 | clipped=0.0065(上限20.0)
原始规范坐标 G(Re Σrow_mean) = +29.9710 | 累计|g| = 17.8008
Ψ矩阵条件数 cond(Ψ) = 4.09e+00
Loss=-30.956812 | E0=-7.85960529-0.00022465j | E1=-7.71814308+0.00006375j|E2=-7.70533426-0.00028248j|E3=-7.67372914+0.00014983j
#-----------------------------------------#
[Step 337] logΨ: mean=9.707-0.275j | min=5.469-2.150j | max=9.979+1.078j
梯度监控 | raw=10.4124 | natural=0.0022 | clipped=0.0022(上限20.0)
原始规范坐标 G(Re Σrow_mean) = +30.0307 | 累计|g| = 17.8008
Ψ矩阵条件数 cond(Ψ) = 4.10e+00
Loss=-30.958006 | E0=-7.86138939+0.00009132j | E1=-7.71858889-0.00010390j|E2=-7.70531704-0.00005605j|E3=-7.67271115-0.00244013j
#-----------------------------------------#
[Step 338] logΨ: mean=9.753-0.277j | min=4.275-2.122j | max=10.069+1.125j
梯度监控 | raw=12.4023 | natural=0.0063 | clipped=0.0063(上限20.0)
原始规范坐标 G(Re Σrow_mean) = +30.0163 | 累计|g| = 17.8008
Ψ矩阵条件数 cond(Ψ) = 4.12e+00
Loss=-30.958935 | E0=-7.86085927+0.00000908j | E1=-7.71829391+0.00035754j|E2=-7.70550159-0.00051120j|E3=-7.67428031+0.00033550j
#-----------------------------------------#
[Step 339] logΨ: mean=9.832-0.213j | min=4.476+1.450j | max=10.081+1.122j
梯度监控 | raw=9.1138 | natural=0.0021 | clipped=0.0021(上限20.0)
原始规范坐标 G(Re Σrow_mean) = +30.0869 | 累计|g| = 17.8008
Ψ矩阵条件数 cond(Ψ) = 4.14e+00
Loss=-30.959110 | E0=-7.86155375+0.00005936j | E1=-7.71906877+0.00022509j|E2=-7.70590181+0.00014095j|E3=-7.67258551-0.00281887j
#-----------------------------------------#
[保存] Step 339 → pickle 文件已更新 (340 条记录)
[GaugeReset@340] 吸收 Δg = Σ Re(col_mean) = +30.0869 | 新|g| = 17.1526
[Step 340] logΨ: mean=9.899-1.426j | min=5.718+0.744j | max=10.172+0.086j
梯度监控 | raw=9.5983 | natural=0.0046 | clipped=0.0046(上限20.0)
原始规范坐标 G(Re Σrow_mean) = +30.0630 | 累计|g| = 17.1526
Ψ矩阵条件数 cond(Ψ) = 4.24e+00
Loss=-30.958568 | E0=-7.86155131-0.00001962j | E1=-7.71873983-0.00025166j|E2=-7.70524452+0.00009825j|E3=-7.67303280-0.00161596j
#-----------------------------------------#
[Step 341] logΨ: mean=9.858-1.193j | min=5.904+0.372j | max=10.177+0.108j
梯度监控 | raw=10.9785 | natural=0.0053 | clipped=0.0053(上限20.0)
原始规范坐标 G(Re Σrow_mean) = +30.0102 | 累计|g| = 17.1526
Ψ矩阵条件数 cond(Ψ) = 4.22e+00
Loss=-30.958918 | E0=-7.86119175-0.00000206j | E1=-7.71831542+0.00001038j|E2=-7.70506809-0.00025895j|E3=-7.67434247-0.00033820j
#-----------------------------------------#
[Step 342] logΨ: mean=9.876-1.156j | min=5.565-2.812j | max=10.178+0.104j
梯度监控 | raw=9.9259 | natural=0.0020 | clipped=0.0020(上限20.0)
原始规范坐标 G(Re Σrow_mean) = +30.0227 | 累计|g| = 17.1526
Ψ矩阵条件数 cond(Ψ) = 4.24e+00
Loss=-30.958731 | E0=-7.86147573-0.00001081j | E1=-7.71867382+0.00025084j|E2=-7.70521390-0.00007714j|E3=-7.67336784-0.00139246j
#-----------------------------------------#
[Step 343] logΨ: mean=10.112-1.171j | min=4.261+0.781j | max=10.424+0.183j
梯度监控 | raw=11.6049 | natural=0.0119 | clipped=0.0119(上限20.0)
原始规范坐标 G(Re Σrow_mean) = +30.1461 | 累计|g| = 17.1526
Ψ矩阵条件数 cond(Ψ) = 4.19e+00
Loss=-30.960205 | E0=-7.86174280-0.00001517j | E1=-7.71865716+0.00019062j|E2=-7.70532785-0.00001735j|E3=-7.67447765+0.00057960j
#-----------------------------------------#
[Step 344] logΨ: mean=10.112-1.118j | min=3.948-0.224j | max=10.436+0.169j
梯度监控 | raw=11.1689 | natural=0.0019 | clipped=0.0019(上限20.0)
原始规范坐标 G(Re Σrow_mean) = +30.1468 | 累计|g| = 17.1526
Ψ矩阵条件数 cond(Ψ) = 4.19e+00
Loss=-30.960361 | E0=-7.86112595-0.00007771j | E1=-7.71894055-0.00007062j|E2=-7.70523296+0.00016219j|E3=-7.67506201+0.00058826j
#-----------------------------------------#
[Step 345] logΨ: mean=10.152-1.331j | min=5.719-2.331j | max=10.457+0.175j
梯度监控 | raw=10.1268 | natural=0.0056 | clipped=0.0056(上限20.0)
原始规范坐标 G(Re Σrow_mean) = +30.1837 | 累计|g| = 17.1526
Ψ矩阵条件数 cond(Ψ) = 4.19e+00
Loss=-30.958358 | E0=-7.86143333-0.00000159j | E1=-7.71849787-0.00001674j|E2=-7.70501680+0.00009280j|E3=-7.67341015-0.00234299j
#-----------------------------------------#
[Step 346] logΨ: mean=10.150-1.238j | min=4.915-2.610j | max=10.498+0.169j
梯度监控 | raw=11.2617 | natural=0.0040 | clipped=0.0040(上限20.0)
原始规范坐标 G(Re Σrow_mean) = +30.1475 | 累计|g| = 17.1526
Ψ矩阵条件数 cond(Ψ) = 4.19e+00
Loss=-30.961314 | E0=-7.86100114-0.00001228j | E1=-7.71901401-0.00019089j|E2=-7.70537111+0.00003176j|E3=-7.67592737+0.00199036j
#-----------------------------------------#
[Step 347] logΨ: mean=10.124-1.209j | min=2.955-2.508j | max=10.503+0.165j
梯度监控 | raw=12.3414 | natural=0.0058 | clipped=0.0058(上限20.0)
原始规范坐标 G(Re Σrow_mean) = +30.1093 | 累计|g| = 17.1526
Ψ矩阵条件数 cond(Ψ) = 4.18e+00
Loss=-30.961663 | E0=-7.86141385+0.00031382j | E1=-7.71834328-0.00008571j|E2=-7.70553570-0.00047072j|E3=-7.67637008+0.00262567j
#-----------------------------------------#
[Step 348] logΨ: mean=10.176-1.107j | min=4.762+0.164j | max=10.507+0.161j
梯度监控 | raw=15.8685 | natural=0.0021 | clipped=0.0021(上限20.0)
原始规范坐标 G(Re Σrow_mean) = +30.1638 | 累计|g| = 17.1526
Ψ矩阵条件数 cond(Ψ) = 4.20e+00
Loss=-30.960437 | E0=-7.86107385+0.00002693j | E1=-7.71885814-0.00030478j|E2=-7.70526598+0.00013508j|E3=-7.67523937+0.00062012j
#-----------------------------------------#
[Step 349] logΨ: mean=10.173-1.146j | min=5.850+1.721j | max=10.502+0.233j
梯度监控 | raw=10.2890 | natural=0.0048 | clipped=0.0048(上限20.0)
原始规范坐标 G(Re Σrow_mean) = +30.1660 | 累计|g| = 17.1526
Ψ矩阵条件数 cond(Ψ) = 4.17e+00
Loss=-30.961897 | E0=-7.86122881-0.00013973j | E1=-7.71906720-0.00000370j|E2=-7.70614966-0.00024181j|E3=-7.67545181+0.00075360j
#-----------------------------------------#
[GaugeReset@350] 吸收 Δg = Σ Re(col_mean) = +30.1660 | 新|g| = 17.1333
[Step 350] logΨ: mean=10.096+0.745j | min=4.932-1.869j | max=10.386+3.086j
梯度监控 | raw=8.7874 | natural=0.0142 | clipped=0.0142(上限20.0)
原始规范坐标 G(Re Σrow_mean) = +30.1712 | 累计|g| = 17.1333
Ψ矩阵条件数 cond(Ψ) = 5.80e+00
Loss=-30.960303 | E0=-7.86151863-0.00002122j | E1=-7.71882927-0.00003538j|E2=-7.70563616-0.00004462j|E3=-7.67431909-0.00148823j
#-----------------------------------------#
[Step 351] logΨ: mean=10.336+1.077j | min=4.438+0.522j | max=10.685+3.034j
梯度监控 | raw=23.1929 | natural=0.0153 | clipped=0.0153(上限20.0)
原始规范坐标 G(Re Σrow_mean) = +30.3337 | 累计|g| = 17.1333
Ψ矩阵条件数 cond(Ψ) = 4.18e+00
Loss=-30.947892 | E0=-7.85470147-0.00001503j | E1=-7.71737799+0.00004334j|E2=-7.70104324+0.00055757j|E3=-7.67476940-0.00041143j
#-----------------------------------------#
[Step 352] logΨ: mean=10.357+0.874j | min=4.894+3.032j | max=10.707+3.017j
梯度监控 | raw=10.7820 | natural=0.0023 | clipped=0.0023(上限20.0)
原始规范坐标 G(Re Σrow_mean) = +30.3161 | 累计|g| = 17.1333
Ψ矩阵条件数 cond(Ψ) = 5.80e+00
Loss=-30.961861 | E0=-7.86165026-0.00006274j | E1=-7.71883895+0.00011342j|E2=-7.70586792-0.00026412j|E3=-7.67550361+0.00015723j
#-----------------------------------------#
[Step 353] logΨ: mean=10.419+0.784j | min=5.155+2.183j | max=10.737+2.967j
梯度监控 | raw=18.7996 | natural=0.0054 | clipped=0.0054(上限20.0)
原始规范坐标 G(Re Σrow_mean) = +30.3882 | 累计|g| = 17.1333
Ψ矩阵条件数 cond(Ψ) = 4.21e+00
Loss=-30.951207 | E0=-7.85355534+0.00001464j | E1=-7.71861266-0.00008801j|E2=-7.70498078+0.00021137j|E3=-7.67405804-0.00062998j
#-----------------------------------------#
[Step 354] logΨ: mean=10.423+0.804j | min=6.129-0.000j | max=10.735+2.962j
梯度监控 | raw=12.8264 | natural=0.0019 | clipped=0.0019(上限20.0)
原始规范坐标 G(Re Σrow_mean) = +30.3692 | 累计|g| = 17.1333
Ψ矩阵条件数 cond(Ψ) = 7.62e+00
Loss=-30.963639 | E0=-7.86237715+0.00001548j | E1=-7.71890213-0.00007962j|E2=-7.70594221-0.00002605j|E3=-7.67641757+0.00117365j
#-----------------------------------------#
[Step 355] logΨ: mean=10.452+0.776j | min=6.243-3.035j | max=10.752+2.959j
梯度监控 | raw=9.5596 | natural=0.0053 | clipped=0.0053(上限20.0)
原始规范坐标 G(Re Σrow_mean) = +30.3904 | 累计|g| = 17.1333
Ψ矩阵条件数 cond(Ψ) = 4.22e+00
Loss=-30.961883 | E0=-7.86212339-0.00010622j | E1=-7.71892753-0.00012623j|E2=-7.70588950+0.00014868j|E3=-7.67494221-0.00092706j
#-----------------------------------------#
[Step 356] logΨ: mean=10.451+1.086j | min=5.846-0.884j | max=10.785+2.967j
梯度监控 | raw=11.9955 | natural=0.0042 | clipped=0.0042(上限20.0)
原始规范坐标 G(Re Σrow_mean) = +30.3999 | 累计|g| = 17.1333
Ψ矩阵条件数 cond(Ψ) = 4.23e+00
Loss=-30.959004 | E0=-7.85974436+0.00002576j | E1=-7.71906710-0.00077673j|E2=-7.70522610+0.00029120j|E3=-7.67496658+0.00036166j
#-----------------------------------------#
[Step 357] logΨ: mean=10.492+1.263j | min=6.201+3.015j | max=10.801+2.963j
梯度监控 | raw=10.5043 | natural=0.0050 | clipped=0.0050(上限20.0)
原始规范坐标 G(Re Σrow_mean) = +30.4256 | 累计|g| = 17.1333
Ψ矩阵条件数 cond(Ψ) = 4.22e+00
Loss=-30.963092 | E0=-7.86227984-0.00004432j | E1=-7.71921606-0.00064721j|E2=-7.70571495+0.00034296j|E3=-7.67588083+0.00019095j
#-----------------------------------------#
[Step 358] logΨ: mean=10.506+1.181j | min=5.281-0.678j | max=10.834+2.947j
梯度监控 | raw=12.6483 | natural=0.0039 | clipped=0.0039(上限20.0)
原始规范坐标 G(Re Σrow_mean) = +30.4035 | 累计|g| = 17.1333
Ψ矩阵条件数 cond(Ψ) = 4.22e+00
Loss=-30.962144 | E0=-7.86002659-0.00002237j | E1=-7.71949151-0.00009579j|E2=-7.70590288-0.00008387j|E3=-7.67672282+0.00150289j
#-----------------------------------------#
[Step 359] logΨ: mean=10.477+1.054j | min=6.065+0.532j | max=10.831+2.938j
梯度监控 | raw=14.6897 | natural=0.0021 | clipped=0.0021(上限20.0)
原始规范坐标 G(Re Σrow_mean) = +30.3843 | 累计|g| = 17.1333
Ψ矩阵条件数 cond(Ψ) = 4.23e+00
Loss=-30.965427 | E0=-7.86169013-0.00000690j | E1=-7.71933433-0.00017678j|E2=-7.70609366-0.00013855j|E3=-7.67830906+0.00311399j
#-----------------------------------------#
[保存] Step 359 → pickle 文件已更新 (360 条记录)
[GaugeReset@360] 吸收 Δg = Σ Re(col_mean) = +30.3843 | 新|g| = 17.1912
[Step 360] logΨ: mean=10.290+0.540j | min=5.507-2.468j | max=10.604+2.503j
梯度监控 | raw=10.8049 | natural=0.0020 | clipped=0.0020(上限20.0)
原始规范坐标 G(Re Σrow_mean) = +30.4054 | 累计|g| = 17.1912
Ψ矩阵条件数 cond(Ψ) = 4.38e+00
Loss=-30.963116 | E0=-7.86247850+0.00003170j | E1=-7.71902633+0.00022301j|E2=-7.70592966-0.00014337j|E3=-7.67568113-0.00019454j
#-----------------------------------------#
[Step 361] logΨ: mean=10.339+0.524j | min=5.379+1.704j | max=10.616+2.487j
梯度监控 | raw=8.3039 | natural=0.0041 | clipped=0.0041(上限20.0)
原始规范坐标 G(Re Σrow_mean) = +30.4397 | 累计|g| = 17.1912
Ψ矩阵条件数 cond(Ψ) = 4.36e+00
Loss=-30.961770 | E0=-7.86258185-0.00001733j | E1=-7.71922063-0.00003800j|E2=-7.70557145+0.00004749j|E3=-7.67439561-0.00176397j
#-----------------------------------------#
[Step 362] logΨ: mean=10.298+0.504j | min=4.686-0.576j | max=10.620+2.529j
梯度监控 | raw=12.0328 | natural=0.0025 | clipped=0.0025(上限20.0)
原始规范坐标 G(Re Σrow_mean) = +30.3844 | 累计|g| = 17.1912
Ψ矩阵条件数 cond(Ψ) = 4.36e+00
Loss=-30.964683 | E0=-7.86253737+0.00009675j | E1=-7.71937059+0.00020534j|E2=-7.70596108-0.00023913j|E3=-7.67681403+0.00079436j
#-----------------------------------------#
[Step 363] logΨ: mean=10.351+0.360j | min=5.884+2.974j | max=10.638+2.520j
梯度监控 | raw=9.3819 | natural=0.0047 | clipped=0.0047(上限20.0)
原始规范坐标 G(Re Σrow_mean) = +30.4280 | 累计|g| = 17.1912
Ψ矩阵条件数 cond(Ψ) = 4.36e+00
Loss=-30.961941 | E0=-7.86195478-0.00003538j | E1=-7.71911932+0.00003034j|E2=-7.70546611+0.00004135j|E3=-7.67540052-0.00114747j
#-----------------------------------------#
[Step 364] logΨ: mean=10.322+0.762j | min=5.828+2.663j | max=10.631+2.499j
梯度监控 | raw=10.7714 | natural=0.0015 | clipped=0.0015(上限20.0)
原始规范坐标 G(Re Σrow_mean) = +30.3921 | 累计|g| = 17.1912
Ψ矩阵条件数 cond(Ψ) = 1.31e+01
Loss=-30.964101 | E0=-7.86271307+0.00006616j | E1=-7.71887212+0.00011822j|E2=-7.70605339-0.00009179j|E3=-7.67646238+0.00025701j
#-----------------------------------------#
[Step 365] logΨ: mean=10.295+0.571j | min=5.844-0.168j | max=10.628+2.492j
梯度监控 | raw=14.4426 | natural=0.0019 | clipped=0.0019(上限20.0)
原始规范坐标 G(Re Σrow_mean) = +30.3634 | 累计|g| = 17.1912
Ψ矩阵条件数 cond(Ψ) = 4.38e+00
Loss=-30.966699 | E0=-7.86282291+0.00000603j | E1=-7.71942886-0.00007100j|E2=-7.70598799-0.00011842j|E3=-7.67845969+0.00278662j
#-----------------------------------------#
[Step 366] logΨ: mean=10.315+0.755j | min=2.025+1.781j | max=10.672+2.523j
梯度监控 | raw=10.7608 | natural=0.0071 | clipped=0.0071(上限20.0)
原始规范坐标 G(Re Σrow_mean) = +30.3976 | 累计|g| = 17.1912
Ψ矩阵条件数 cond(Ψ) = 4.36e+00
Loss=-30.959449 | E0=-7.86003587+0.00005840j | E1=-7.71900177+0.00016646j|E2=-7.70542947-0.00022178j|E3=-7.67498199-0.00062223j
#-----------------------------------------#
[Step 367] logΨ: mean=10.246+0.058j | min=6.081+2.467j | max=10.652+2.493j
梯度监控 | raw=19.8650 | natural=0.0016 | clipped=0.0016(上限20.0)
原始规范坐标 G(Re Σrow_mean) = +30.3222 | 累计|g| = 17.1912
Ψ矩阵条件数 cond(Ψ) = 4.36e+00
Loss=-30.969966 | E0=-7.86291995-0.00000645j | E1=-7.71939348-0.00012458j|E2=-7.70612178-0.00052481j|E3=-7.68153105+0.00695279j
#-----------------------------------------#
[Step 368] logΨ: mean=10.350+1.066j | min=6.190+2.752j | max=10.644+2.479j
梯度监控 | raw=9.3527 | natural=0.0017 | clipped=0.0017(上限20.0)
原始规范坐标 G(Re Σrow_mean) = +30.4380 | 累计|g| = 17.1912
Ψ矩阵条件数 cond(Ψ) = 4.37e+00
Loss=-30.963418 | E0=-7.86252427+0.00002394j | E1=-7.71915167+0.00012307j|E2=-7.70582681-0.00004794j|E3=-7.67591531-0.00076586j
#-----------------------------------------#
[Step 369] logΨ: mean=10.594+0.764j | min=5.026+2.530j | max=10.914+2.514j
梯度监控 | raw=10.2806 | natural=0.0089 | clipped=0.0089(上限20.0)
原始规范坐标 G(Re Σrow_mean) = +30.5623 | 累计|g| = 17.1912
Ψ矩阵条件数 cond(Ψ) = 4.36e+00
Loss=-30.962741 | E0=-7.86289819+0.00000703j | E1=-7.71862855+0.00022171j|E2=-7.70575233-0.00017678j|E3=-7.67546167-0.00001695j
#-----------------------------------------#
[GaugeReset@370] 吸收 Δg = Σ Re(col_mean) = +30.5623 | 新|g| = 17.2756
[Step 370] logΨ: mean=10.433+0.801j | min=6.273+2.990j | max=10.735+2.715j
梯度监控 | raw=11.5060 | natural=0.0013 | clipped=0.0013(上限20.0)
原始规范坐标 G(Re Σrow_mean) = +30.5914 | 累计|g| = 17.2756
Ψ矩阵条件数 cond(Ψ) = 4.34e+00
Loss=-30.964885 | E0=-7.86276737+0.00004248j | E1=-7.71936821-0.00005835j|E2=-7.70576044-0.00001636j|E3=-7.67698858+0.00051016j
#-----------------------------------------#
[Step 371] logΨ: mean=10.472+1.049j | min=6.217-0.463j | max=10.739+2.704j
梯度监控 | raw=9.2245 | natural=0.0017 | clipped=0.0017(上限20.0)
原始规范坐标 G(Re Σrow_mean) = +30.6182 | 累计|g| = 17.2756
Ψ矩阵条件数 cond(Ψ) = 4.35e+00
Loss=-30.963780 | E0=-7.86316268+0.00000518j | E1=-7.71912474-0.00003792j|E2=-7.70583566+0.00015681j|E3=-7.67565723-0.00130684j
#-----------------------------------------#
[Step 372] logΨ: mean=10.485+1.134j | min=5.785+2.854j | max=10.729+2.692j
梯度监控 | raw=7.3354 | natural=0.0018 | clipped=0.0018(上限20.0)
原始规范坐标 G(Re Σrow_mean) = +30.6462 | 累计|g| = 17.2756
Ψ矩阵条件数 cond(Ψ) = 4.36e+00
Loss=-30.962459 | E0=-7.86300667+0.00002418j | E1=-7.71917093+0.00018572j|E2=-7.70598942+0.00005892j|E3=-7.67429247-0.00312976j
#-----------------------------------------#
[Step 373] logΨ: mean=10.427+0.621j | min=5.980-2.949j | max=10.713+2.678j
梯度监控 | raw=8.7153 | natural=0.0017 | clipped=0.0017(上限20.0)
原始规范坐标 G(Re Σrow_mean) = +30.5933 | 累计|g| = 17.2756
Ψ矩阵条件数 cond(Ψ) = 4.36e+00
Loss=-30.963182 | E0=-7.86278083+0.00000536j | E1=-7.71898368+0.00016570j|E2=-7.70591640-0.00001527j|E3=-7.67550122-0.00159144j
#-----------------------------------------#
[Step 374] logΨ: mean=10.399+0.466j | min=6.379-0.490j | max=10.719+2.669j
梯度监控 | raw=12.4575 | natural=0.0009 | clipped=0.0009(上限20.0)
原始规范坐标 G(Re Σrow_mean) = +30.5567 | 累计|g| = 17.2756
Ψ矩阵条件数 cond(Ψ) = 4.36e+00
Loss=-30.966188 | E0=-7.86293589+0.00000656j | E1=-7.71947800+0.00004740j|E2=-7.70601915-0.00016376j|E3=-7.67775457+0.00116342j
#-----------------------------------------#
[Step 375] logΨ: mean=10.341+0.062j | min=3.061+2.669j | max=10.716+2.660j
梯度监控 | raw=13.7208 | natural=0.0019 | clipped=0.0019(上限20.0)
原始规范坐标 G(Re Σrow_mean) = +30.5080 | 累计|g| = 17.2756
Ψ矩阵条件数 cond(Ψ) = 7.45e+00
Loss=-30.966719 | E0=-7.86262157+0.00000446j | E1=-7.71934119-0.00030398j|E2=-7.70607929-0.00006998j|E3=-7.67867702+0.00230573j
#-----------------------------------------#
[Step 376] logΨ: mean=10.491+0.226j | min=5.104-0.186j | max=10.741+2.650j
梯度监控 | raw=7.7455 | natural=0.0046 | clipped=0.0046(上限20.0)
原始规范坐标 G(Re Σrow_mean) = +30.6546 | 累计|g| = 17.2756
Ψ矩阵条件数 cond(Ψ) = 7.41e+00
Loss=-30.963949 | E0=-7.86270569-0.00001254j | E1=-7.71947899-0.00002586j|E2=-7.70625433+0.00009659j|E3=-7.67550963-0.00204114j
#-----------------------------------------#
[Step 377] logΨ: mean=10.515+0.915j | min=7.187-0.181j | max=10.749+2.638j
梯度监控 | raw=8.2550 | natural=0.0008 | clipped=0.0008(上限20.0)
原始规范坐标 G(Re Σrow_mean) = +30.6609 | 累计|g| = 17.2756
Ψ矩阵条件数 cond(Ψ) = 4.38e+00
Loss=-30.964212 | E0=-7.86307418-0.00000305j | E1=-7.71953689+0.00019498j|E2=-7.70591430+0.00000524j|E3=-7.67568644-0.00175022j
#-----------------------------------------#
[Step 378] logΨ: mean=10.465+0.949j | min=6.321-0.257j | max=10.744+2.630j
梯度监控 | raw=7.4734 | natural=0.0019 | clipped=0.0019(上限20.0)
原始规范坐标 G(Re Σrow_mean) = +30.6188 | 累计|g| = 17.2756
Ψ矩阵条件数 cond(Ψ) = 4.39e+00
Loss=-30.963894 | E0=-7.86295737+0.00001700j | E1=-7.71940899-0.00006290j|E2=-7.70610108+0.00015451j|E3=-7.67542609-0.00196981j
#-----------------------------------------#
[Step 379] logΨ: mean=10.498+0.960j | min=5.135+0.835j | max=10.739+2.622j
梯度监控 | raw=7.2863 | natural=0.0019 | clipped=0.0019(上限20.0)
原始规范坐标 G(Re Σrow_mean) = +30.6521 | 累计|g| = 17.2756
Ψ矩阵条件数 cond(Ψ) = 7.41e+00
Loss=-30.963393 | E0=-7.86287982+0.00001231j | E1=-7.71906013+0.00005962j|E2=-7.70628180+0.00011236j|E3=-7.67517092-0.00248578j
#-----------------------------------------#
[保存] Step 379 → pickle 文件已更新 (380 条记录)
[GaugeReset@380] 吸收 Δg = Σ Re(col_mean) = +30.6521 | 新|g| = 17.3407
[Step 380] logΨ: mean=10.330+0.808j | min=6.731+2.186j | max=10.661+2.853j
梯度监控 | raw=13.3624 | natural=0.0011 | clipped=0.0011(上限20.0)
原始规范坐标 G(Re Σrow_mean) = +30.5340 | 累计|g| = 17.3407
Ψ矩阵条件数 cond(Ψ) = 4.34e+00
Loss=-30.967462 | E0=-7.86320790-0.00001470j | E1=-7.71976424-0.00013965j|E2=-7.70580655-0.00005944j|E3=-7.67868379+0.00202969j
#-----------------------------------------#
[Step 381] logΨ: mean=10.411+1.261j | min=6.241-0.251j | max=10.666+2.837j
梯度监控 | raw=8.5069 | natural=0.0010 | clipped=0.0010(上限20.0)
原始规范坐标 G(Re Σrow_mean) = +30.6279 | 累计|g| = 17.3407
Ψ矩阵条件数 cond(Ψ) = 7.31e+00
Loss=-30.965014 | E0=-7.86308009-0.00000812j | E1=-7.71969622+0.00010376j|E2=-7.70604024-0.00002817j|E3=-7.67619780-0.00141731j
#-----------------------------------------#
[Step 382] logΨ: mean=10.344+1.303j | min=3.588+2.843j | max=10.615+2.984j
梯度监控 | raw=7.7590 | natural=0.0132 | clipped=0.0132(上限20.0)
原始规范坐标 G(Re Σrow_mean) = +30.5894 | 累计|g| = 17.3407
Ψ矩阵条件数 cond(Ψ) = 4.29e+00
Loss=-30.964648 | E0=-7.86311712-0.00006174j | E1=-7.71959277-0.00006615j|E2=-7.70597843+0.00011913j|E3=-7.67595946-0.00162348j
#-----------------------------------------#
[Step 383] logΨ: mean=10.359+1.249j | min=5.527-3.090j | max=10.618+2.970j
梯度监控 | raw=8.0069 | natural=0.0012 | clipped=0.0012(上限20.0)
原始规范坐标 G(Re Σrow_mean) = +30.5932 | 累计|g| = 17.3407
Ψ矩阵条件数 cond(Ψ) = 7.23e+00
Loss=-30.964675 | E0=-7.86321331-0.00001178j | E1=-7.71955537+0.00018961j|E2=-7.70590146-0.00002020j|E3=-7.67600534-0.00160641j
#-----------------------------------------#
[Step 384] logΨ: mean=10.291+0.792j | min=6.107+2.905j | max=10.617+2.966j
梯度监控 | raw=10.9862 | natural=0.0011 | clipped=0.0011(上限20.0)
原始规范坐标 G(Re Σrow_mean) = +30.5151 | 累计|g| = 17.3407
Ψ矩阵条件数 cond(Ψ) = 4.30e+00
Loss=-30.966205 | E0=-7.86336248-0.00002990j | E1=-7.71918670+0.00004411j|E2=-7.70605686-0.00010505j|E3=-7.67759936+0.00033810j
#-----------------------------------------#
[Step 385] logΨ: mean=10.378+1.118j | min=6.094+2.884j | max=10.633+2.955j
梯度监控 | raw=7.7100 | natural=0.0011 | clipped=0.0011(上限20.0)
原始规范坐标 G(Re Σrow_mean) = +30.6165 | 累计|g| = 17.3407
Ψ矩阵条件数 cond(Ψ) = 4.30e+00
Loss=-30.965236 | E0=-7.86313529-0.00000805j | E1=-7.71915907-0.00008633j|E2=-7.70680725+0.00016882j|E3=-7.67613419-0.00173977j
#-----------------------------------------#
[Step 386] logΨ: mean=10.338+0.706j | min=4.743+2.919j | max=10.646+2.946j
梯度监控 | raw=13.4592 | natural=0.0024 | clipped=0.0024(上限20.0)
原始规范坐标 G(Re Σrow_mean) = +30.5633 | 累计|g| = 17.3407
Ψ矩阵条件数 cond(Ψ) = 4.30e+00
Loss=-30.968448 | E0=-7.86326458+0.00001699j | E1=-7.71983884-0.00003115j|E2=-7.70619868-0.00005427j|E3=-7.67914634+0.00189686j
#-----------------------------------------#
[Step 387] logΨ: mean=10.422+0.791j | min=4.841-3.072j | max=10.660+2.950j
梯度监控 | raw=8.0960 | natural=0.0012 | clipped=0.0012(上限20.0)
原始规范坐标 G(Re Σrow_mean) = +30.6458 | 累计|g| = 17.3407
Ψ矩阵条件数 cond(Ψ) = 4.30e+00
Loss=-30.965493 | E0=-7.86318862-0.00001538j | E1=-7.71960682+0.00009237j|E2=-7.70633702+0.00001028j|E3=-7.67636075-0.00156869j
#-----------------------------------------#
[Step 388] logΨ: mean=10.337+0.776j | min=5.744+2.829j | max=10.663+2.969j
梯度监控 | raw=12.4890 | natural=0.0047 | clipped=0.0047(上限20.0)
原始规范坐标 G(Re Σrow_mean) = +30.5472 | 累计|g| = 17.3407
Ψ矩阵条件数 cond(Ψ) = 4.29e+00
Loss=-30.967283 | E0=-7.86303974-0.00003649j | E1=-7.71906545+0.00007310j|E2=-7.70643794-0.00015859j|E3=-7.67873969+0.00137251j
#-----------------------------------------#
[Step 389] logΨ: mean=10.286+1.034j | min=5.053+1.084j | max=10.658+2.966j
梯度监控 | raw=15.7513 | natural=0.0007 | clipped=0.0007(上限20.0)
原始规范坐标 G(Re Σrow_mean) = +30.4959 | 累计|g| = 17.3407
Ψ矩阵条件数 cond(Ψ) = 7.13e+00
Loss=-30.969696 | E0=-7.86303744-0.00004445j | E1=-7.71959501-0.00001591j|E2=-7.70604448-0.00037611j|E3=-7.68101955+0.00424812j
#-----------------------------------------#
[GaugeReset@390] 吸收 Δg = Σ Re(col_mean) = +30.4959 | 新|g| = 17.1804
[Step 390] logΨ: mean=10.690+0.568j | min=4.481-2.383j | max=11.074+2.024j
梯度监控 | raw=22.5689 | natural=0.0121 | clipped=0.0121(上限20.0)
原始规范坐标 G(Re Σrow_mean) = +30.6479 | 累计|g| = 17.1804
Ψ矩阵条件数 cond(Ψ) = 6.54e+00
Loss=-30.958293 | E0=-7.85750997-0.00009244j | E1=-7.71789820-0.00061628j|E2=-7.70394892+0.00102339j|E3=-7.67893553+0.00233469j
#-----------------------------------------#
[Step 391] logΨ: mean=10.733+0.604j | min=7.336+1.905j | max=11.079+2.010j
梯度监控 | raw=16.6212 | natural=0.0010 | clipped=0.0010(上限20.0)
原始规范坐标 G(Re Σrow_mean) = +30.6792 | 累计|g| = 17.1804
Ψ矩阵条件数 cond(Ψ) = 4.45e+00
Loss=-30.969615 | E0=-7.86300454+0.00000202j | E1=-7.71978757+0.00000417j|E2=-7.70610175-0.00031277j|E3=-7.68072099+0.00369464j
#-----------------------------------------#
[Step 392] logΨ: mean=10.723+0.906j | min=6.486+2.158j | max=11.032+1.986j
梯度监控 | raw=15.6191 | natural=0.0016 | clipped=0.0016(上限20.0)
原始规范坐标 G(Re Σrow_mean) = +30.7064 | 累计|g| = 17.1804
Ψ矩阵条件数 cond(Ψ) = 4.44e+00
Loss=-30.969208 | E0=-7.86321489+0.00002730j | E1=-7.71970541+0.00002158j|E2=-7.70613523-0.00024302j|E3=-7.68015284+0.00283708j
#-----------------------------------------#
[Step 393] logΨ: mean=12.445-1.272j | min=5.683+1.843j | max=12.797+0.643j
梯度监控 | raw=20.8683 | natural=0.1273 | clipped=0.1273(上限20.0)
原始规范坐标 G(Re Σrow_mean) = +31.8197 | 累计|g| = 17.1804
Ψ矩阵条件数 cond(Ψ) = 4.12e+00
Loss=-30.961355 | E0=-7.86296813-0.00000793j | E1=-7.72018863-0.00038024j|E2=-7.70600838-0.00003571j|E3=-7.67218955+0.00508989j
#-----------------------------------------#
[Step 394] logΨ: mean=12.384-1.419j | min=6.958-2.567j | max=12.676+0.378j
梯度监控 | raw=12.1631 | natural=0.0094 | clipped=0.0094(上限20.0)
原始规范坐标 G(Re Σrow_mean) = +31.8425 | 累计|g| = 17.1804
Ψ矩阵条件数 cond(Ψ) = 4.03e+00
Loss=-30.960031 | E0=-7.86340287+0.00001042j | E1=-7.72006895+0.00012230j|E2=-7.70581727+0.00022433j|E3=-7.67074202-0.00336712j
#-----------------------------------------#
[Step 395] logΨ: mean=12.166-1.035j | min=7.426-2.149j | max=12.488+0.135j
梯度监控 | raw=13.9112 | natural=0.0077 | clipped=0.0077(上限20.0)
原始规范坐标 G(Re Σrow_mean) = +31.6739 | 累计|g| = 17.1804
Ψ矩阵条件数 cond(Ψ) = 8.15e+00
Loss=-30.955593 | E0=-7.86298086-0.00000891j | E1=-7.71942634-0.00002686j|E2=-7.70666570+0.00009033j|E3=-7.66651974-0.00055389j
#-----------------------------------------#
[Step 396] logΨ: mean=11.954+0.381j | min=5.491-2.358j | max=12.297+3.122j
梯度监控 | raw=15.4891 | natural=0.0070 | clipped=0.0070(上限20.0)
原始规范坐标 G(Re Σrow_mean) = +31.4742 | 累计|g| = 17.1804
Ψ矩阵条件数 cond(Ψ) = 4.05e+00
Loss=-30.962633 | E0=-7.86310809+0.00000421j | E1=-7.71994445-0.00049469j|E2=-7.70598741+0.00023905j|E3=-7.67359262+0.00106712j
#-----------------------------------------#
[Step 397] logΨ: mean=11.761+0.098j | min=6.429+1.714j | max=12.125+3.019j
梯度监控 | raw=15.9863 | natural=0.0060 | clipped=0.0060(上限20.0)
原始规范坐标 G(Re Σrow_mean) = +31.3064 | 累计|g| = 17.1804
Ψ矩阵条件数 cond(Ψ) = 4.08e+00
Loss=-30.964616 | E0=-7.86319637-0.00005031j | E1=-7.71966841-0.00029698j|E2=-7.70606224+0.00002591j|E3=-7.67568852+0.00267773j
#-----------------------------------------#
[Step 398] logΨ: mean=11.668+0.544j | min=6.868-2.494j | max=11.991+2.949j
梯度监控 | raw=14.1738 | natural=0.0051 | clipped=0.0051(上限20.0)
原始规范坐标 G(Re Σrow_mean) = +31.2757 | 累计|g| = 17.1804
Ψ矩阵条件数 cond(Ψ) = 4.11e+00
Loss=-30.960249 | E0=-7.86342043+0.00000675j | E1=-7.71970807+0.00007666j|E2=-7.70623714-0.00007539j|E3=-7.67088364+0.00138529j
#-----------------------------------------#
[Step 399] logΨ: mean=11.733+1.149j | min=7.940-2.670j | max=12.013+2.946j
梯度监控 | raw=12.0327 | natural=0.0018 | clipped=0.0018(上限20.0)
原始规范坐标 G(Re Σrow_mean) = +31.3619 | 累计|g| = 17.1804
Ψ矩阵条件数 cond(Ψ) = 4.12e+00
Loss=-30.962213 | E0=-7.86309546-0.00000680j | E1=-7.72006913+0.00004937j|E2=-7.70644085-0.00006147j|E3=-7.67260803-0.00043365j
#-----------------------------------------#
[保存] Step 399 → pickle 文件已更新 (400 条记录)
[GaugeReset@400] 吸收 Δg = Σ Re(col_mean) = +31.3619 | 新|g| = 17.8457
[Step 400] logΨ: mean=10.658+1.403j | min=6.661-0.228j | max=11.016+2.402j
梯度监控 | raw=13.9269 | natural=0.0051 | clipped=0.0051(上限20.0)
原始规范坐标 G(Re Σrow_mean) = +31.1423 | 累计|g| = 17.8457
Ψ矩阵条件数 cond(Ψ) = 4.22e+00
Loss=-30.962621 | E0=-7.86321362-0.00001019j | E1=-7.71966619-0.00008242j|E2=-7.70619553-0.00007294j|E3=-7.67354581+0.00246446j
#-----------------------------------------#
[Step 401] logΨ: mean=10.694+0.882j | min=6.865-0.093j | max=10.984+2.397j
梯度监控 | raw=11.7318 | natural=0.0022 | clipped=0.0022(上限20.0)
原始规范坐标 G(Re Σrow_mean) = +31.2371 | 累计|g| = 17.8457
Ψ矩阵条件数 cond(Ψ) = 8.21e+00
Loss=-30.965810 | E0=-7.86344898+0.00000333j | E1=-7.71977513+0.00008243j|E2=-7.70641557-0.00008901j|E3=-7.67617012-0.00078478j
#-----------------------------------------#
[Step 402] logΨ: mean=10.706+1.093j | min=6.618+2.918j | max=11.014+2.406j
梯度监控 | raw=12.7269 | natural=0.0011 | clipped=0.0011(上限20.0)
原始规范坐标 G(Re Σrow_mean) = +31.2188 | 累计|g| = 17.8457
Ψ矩阵条件数 cond(Ψ) = 1.04e+01
Loss=-30.963579 | E0=-7.86335278-0.00000134j | E1=-7.72030280-0.00030693j|E2=-7.70582948+0.00012578j|E3=-7.67409387+0.00171027j
#-----------------------------------------#
[Step 403] logΨ: mean=10.711+1.222j | min=6.157-0.512j | max=10.953+2.389j
梯度监控 | raw=9.3480 | natural=0.0025 | clipped=0.0025(上限20.0)
原始规范坐标 G(Re Σrow_mean) = +31.3027 | 累计|g| = 17.8457
Ψ矩阵条件数 cond(Ψ) = 8.20e+00
Loss=-30.964738 | E0=-7.86337402-0.00000312j | E1=-7.71983282+0.00013515j|E2=-7.70631492-0.00003857j|E3=-7.67521634-0.00250093j
#-----------------------------------------#
[Step 404] logΨ: mean=10.685+1.095j | min=6.077-0.011j | max=10.972+2.397j
梯度监控 | raw=16.5338 | natural=0.0017 | clipped=0.0017(上限20.0)
原始规范坐标 G(Re Σrow_mean) = +31.2535 | 累计|g| = 17.8457
Ψ矩阵条件数 cond(Ψ) = 4.25e+00
Loss=-30.962457 | E0=-7.86337338+0.00001632j | E1=-7.72024841+0.00004941j|E2=-7.70656848-0.00001730j|E3=-7.67226681+0.00027643j
#-----------------------------------------#
[Step 405] logΨ: mean=10.569+1.040j | min=6.037+2.531j | max=10.864+2.355j
梯度监控 | raw=11.2357 | natural=0.0047 | clipped=0.0047(上限20.0)
原始规范坐标 G(Re Σrow_mean) = +31.1553 | 累计|g| = 17.8457
Ψ矩阵条件数 cond(Ψ) = 4.28e+00
Loss=-30.965274 | E0=-7.86336234+0.00000279j | E1=-7.72020949-0.00006856j|E2=-7.70676027+0.00003010j|E3=-7.67494221+0.00047332j
#-----------------------------------------#
[Step 406] logΨ: mean=10.581+0.616j | min=6.883-0.204j | max=10.886+2.360j
梯度监控 | raw=10.2480 | natural=0.0009 | clipped=0.0009(上限20.0)
原始规范坐标 G(Re Σrow_mean) = +31.1671 | 累计|g| = 17.8457
Ψ矩阵条件数 cond(Ψ) = 4.29e+00
Loss=-30.963709 | E0=-7.86345229+0.00001719j | E1=-7.71998950-0.00001809j|E2=-7.70609668+0.00005208j|E3=-7.67417069+0.00040414j
#-----------------------------------------#
[Step 407] logΨ: mean=10.682+0.943j | min=6.644-0.164j | max=10.900+2.375j
梯度监控 | raw=8.8095 | natural=0.0006 | clipped=0.0006(上限20.0)
原始规范坐标 G(Re Σrow_mean) = +31.3181 | 累计|g| = 17.8457
Ψ矩阵条件数 cond(Ψ) = 4.29e+00
Loss=-30.964362 | E0=-7.86345990+0.00000190j | E1=-7.72003819+0.00009487j|E2=-7.70634352+0.00002295j|E3=-7.67452053-0.00338599j
#-----------------------------------------#
[Step 408] logΨ: mean=10.503+0.826j | min=6.672-0.450j | max=10.805+2.340j
梯度监控 | raw=10.2822 | natural=0.0041 | clipped=0.0041(上限20.0)
原始规范坐标 G(Re Σrow_mean) = +31.1348 | 累计|g| = 17.8457
Ψ矩阵条件数 cond(Ψ) = 4.31e+00
Loss=-30.966549 | E0=-7.86335079+0.00000198j | E1=-7.71999581+0.00007017j|E2=-7.70624105-0.00002573j|E3=-7.67696123-0.00048819j
#-----------------------------------------#
[Step 409] logΨ: mean=10.455+0.881j | min=4.861-1.939j | max=10.741+2.559j
梯度监控 | raw=12.1310 | natural=0.0079 | clipped=0.0079(上限20.0)
原始规范坐标 G(Re Σrow_mean) = +31.1095 | 累计|g| = 17.8457
Ψ矩阵条件数 cond(Ψ) = 4.33e+00
Loss=-30.962716 | E0=-7.86069175+0.00000403j | E1=-7.72026062-0.00012368j|E2=-7.70640051+0.00001497j|E3=-7.67536305+0.00007841j
#-----------------------------------------#
[GaugeReset@410] 吸收 Δg = Σ Re(col_mean) = +31.1095 | 新|g| = 17.6263
[Step 410] logΨ: mean=10.640+0.726j | min=5.469+3.026j | max=10.880+2.368j
梯度监控 | raw=7.3639 | natural=0.0039 | clipped=0.0039(上限20.0)
原始规范坐标 G(Re Σrow_mean) = +31.1367 | 累计|g| = 17.6263
Ψ矩阵条件数 cond(Ψ) = 4.31e+00
Loss=-30.966446 | E0=-7.86309397+0.00000736j | E1=-7.72006988+0.00009832j|E2=-7.70675035+0.00002627j|E3=-7.67653202-0.00282898j
#-----------------------------------------#
[Step 411] logΨ: mean=10.506+0.911j | min=5.440+2.664j | max=10.790+2.351j
梯度监控 | raw=8.6847 | natural=0.0037 | clipped=0.0037(上限20.0)
原始规范坐标 G(Re Σrow_mean) = +30.9994 | 累计|g| = 17.6263
Ψ矩阵条件数 cond(Ψ) = 8.23e+00
Loss=-30.966548 | E0=-7.86316426+0.00002696j | E1=-7.71981476+0.00012051j|E2=-7.70675321-0.00003993j|E3=-7.67681614-0.00099635j
#-----------------------------------------#
[Step 412] logΨ: mean=10.514+1.004j | min=5.097-0.774j | max=10.789+2.364j
梯度监控 | raw=8.1632 | natural=0.0020 | clipped=0.0020(上限20.0)
原始规范坐标 G(Re Σrow_mean) = +31.0153 | 累计|g| = 17.6263
Ψ矩阵条件数 cond(Ψ) = 8.18e+00
Loss=-30.965728 | E0=-7.86334044-0.00000316j | E1=-7.71983267+0.00012327j|E2=-7.70587033+0.00003693j|E3=-7.67668445-0.00185905j
#-----------------------------------------#
[Step 413] logΨ: mean=10.537+0.994j | min=6.435+2.919j | max=10.809+2.367j
梯度监控 | raw=7.8572 | natural=0.0008 | clipped=0.0008(上限20.0)
原始规范坐标 G(Re Σrow_mean) = +31.0253 | 累计|g| = 17.6263
Ψ矩阵条件数 cond(Ψ) = 4.33e+00
Loss=-30.965904 | E0=-7.86352068-0.00000359j | E1=-7.71997719-0.00001873j|E2=-7.70611766+0.00010226j|E3=-7.67628877-0.00240416j
#-----------------------------------------#
[Step 414] logΨ: mean=10.483+0.916j | min=5.881+2.548j | max=10.737+2.340j
梯度监控 | raw=9.0186 | natural=0.0037 | clipped=0.0037(上限20.0)
原始规范坐标 G(Re Σrow_mean) = +31.0196 | 累计|g| = 17.6263
Ψ矩阵条件数 cond(Ψ) = 8.20e+00
Loss=-30.966914 | E0=-7.86332494+0.00001798j | E1=-7.72014712+0.00003227j|E2=-7.70686126+0.00003871j|E3=-7.67658082-0.00101134j
#-----------------------------------------#
[Step 415] logΨ: mean=10.385+0.927j | min=6.114+2.389j | max=10.680+2.318j
梯度监控 | raw=11.8970 | natural=0.0036 | clipped=0.0036(上限20.0)
原始规范坐标 G(Re Σrow_mean) = +30.8671 | 累计|g| = 17.6263
Ψ矩阵条件数 cond(Ψ) = 8.23e+00
Loss=-30.970350 | E0=-7.86334004+0.00000295j | E1=-7.72010889-0.00010637j|E2=-7.70667273+0.00001736j|E3=-7.68022789+0.00132474j
#-----------------------------------------#
[Step 416] logΨ: mean=10.373+0.928j | min=6.115-0.749j | max=10.698+2.323j
梯度监控 | raw=14.3790 | natural=0.0010 | clipped=0.0010(上限20.0)
原始规范坐标 G(Re Σrow_mean) = +30.7897 | 累计|g| = 17.6263
Ψ矩阵条件数 cond(Ψ) = 8.21e+00
Loss=-30.973186 | E0=-7.86337029-0.00001235j | E1=-7.72041901-0.00002013j|E2=-7.70652175-0.00023161j|E3=-7.68287524+0.00369508j
#-----------------------------------------#
[Step 417] logΨ: mean=10.394+1.039j | min=6.811+2.344j | max=10.695+2.332j
梯度监控 | raw=13.1728 | natural=0.0008 | clipped=0.0008(上限20.0)
原始规范坐标 G(Re Σrow_mean) = +30.8472 | 累计|g| = 17.6263
Ψ矩阵条件数 cond(Ψ) = 8.18e+00
Loss=-30.971605 | E0=-7.86336474-0.00001155j | E1=-7.72050726+0.00004524j|E2=-7.70663117-0.00017248j|E3=-7.68110206+0.00230228j
#-----------------------------------------#
[Step 418] logΨ: mean=10.397+1.122j | min=5.194-2.683j | max=10.698+2.343j
梯度监控 | raw=11.2254 | natural=0.0015 | clipped=0.0015(上限20.0)
原始规范坐标 G(Re Σrow_mean) = +30.8909 | 累计|g| = 17.6263
Ψ矩阵条件数 cond(Ψ) = 8.18e+00
Loss=-30.969117 | E0=-7.86342618-0.00001026j | E1=-7.72003370+0.00010253j|E2=-7.70638395-0.00013501j|E3=-7.67927274+0.00150980j
#-----------------------------------------#
[Step 419] logΨ: mean=10.374+0.626j | min=5.688+2.522j | max=10.644+2.321j
梯度监控 | raw=8.3790 | natural=0.0035 | clipped=0.0035(上限20.0)
原始规范坐标 G(Re Σrow_mean) = +30.9243 | 累计|g| = 17.6263
Ψ矩阵条件数 cond(Ψ) = 4.38e+00
Loss=-30.967550 | E0=-7.86338448-0.00000535j | E1=-7.72025283-0.00000046j|E2=-7.70645161+0.00004151j|E3=-7.67746105-0.00057923j
#-----------------------------------------#
[保存] Step 419 → pickle 文件已更新 (420 条记录)
[GaugeReset@420] 吸收 Δg = Σ Re(col_mean) = +30.9243 | 新|g| = 17.5049
[Step 420] logΨ: mean=10.485+1.076j | min=5.900+2.723j | max=10.775+2.495j
梯度监控 | raw=10.7279 | natural=0.0029 | clipped=0.0029(上限20.0)
原始规范坐标 G(Re Σrow_mean) = +30.8350 | 累计|g| = 17.5049
Ψ矩阵条件数 cond(Ψ) = 4.33e+00
Loss=-30.970693 | E0=-7.86347199+0.00000412j | E1=-7.72014750-0.00003748j|E2=-7.70676081-0.00000592j|E3=-7.68031286+0.00033538j
#-----------------------------------------#
[Step 421] logΨ: mean=10.612+0.902j | min=5.386-0.100j | max=10.844+2.488j
梯度监控 | raw=6.7612 | natural=0.0051 | clipped=0.0051(上限20.0)
原始规范坐标 G(Re Σrow_mean) = +30.9917 | 累计|g| = 17.5049
Ψ矩阵条件数 cond(Ψ) = 4.32e+00
Loss=-30.967905 | E0=-7.86301821-0.00000974j | E1=-7.72047322-0.00009886j|E2=-7.70644411+0.00012673j|E3=-7.67796908-0.00198668j
#-----------------------------------------#
[Step 422] logΨ: mean=10.560+1.007j | min=4.886+2.678j | max=10.821+2.474j
梯度监控 | raw=9.2226 | natural=0.0028 | clipped=0.0028(上限20.0)
原始规范坐标 G(Re Σrow_mean) = +30.9227 | 累计|g| = 17.5049
Ψ矩阵条件数 cond(Ψ) = 4.33e+00
Loss=-30.969901 | E0=-7.86327827-0.00000282j | E1=-7.72024713-0.00006200j|E2=-7.70703371+0.00006171j|E3=-7.67934169-0.00059438j
#-----------------------------------------#
[Step 423] logΨ: mean=10.601+1.005j | min=5.112+2.158j | max=10.875+1.983j
梯度监控 | raw=12.2013 | natural=0.0521 | clipped=0.0521(上限20.0)
原始规范坐标 G(Re Σrow_mean) = +30.8307 | 累计|g| = 17.5049
Ψ矩阵条件数 cond(Ψ) = 7.07e+00
Loss=-30.963667 | E0=-7.86064949+0.00000341j | E1=-7.72024139-0.00009782j|E2=-7.70677234+0.00006711j|E3=-7.67600424+0.00048432j
#-----------------------------------------#
[Step 424] logΨ: mean=10.680+0.579j | min=5.390+2.167j | max=10.890+1.987j
梯度监控 | raw=6.8400 | natural=0.0007 | clipped=0.0007(上限20.0)
原始规范坐标 G(Re Σrow_mean) = +30.9366 | 累计|g| = 17.5049
Ψ矩阵条件数 cond(Ψ) = 4.32e+00
Loss=-30.968425 | E0=-7.86340643+0.00020796j | E1=-7.72025449+0.00014016j|E2=-7.70642742-0.00007706j|E3=-7.67833635-0.00227144j
#-----------------------------------------#
[Step 425] logΨ: mean=11.547-0.784j | min=3.378-0.359j | max=11.831+0.581j
梯度监控 | raw=22.9572 | natural=0.0804 | clipped=0.0804(上限20.0)
原始规范坐标 G(Re Σrow_mean) = +32.1080 | 累计|g| = 17.5049
Ψ矩阵条件数 cond(Ψ) = 3.75e+00
Loss=-30.964706 | E0=-7.85989616+0.00807397j | E1=-7.72041071+0.00004435j|E2=-7.70667485-0.00024725j|E3=-7.67772421-0.00013311j
#-----------------------------------------#
[Step 426] logΨ: mean=11.474-0.672j | min=6.508-2.761j | max=11.906+0.579j
梯度监控 | raw=202.0004 | natural=0.0154 | clipped=0.0154(上限20.0)
原始规范坐标 G(Re Σrow_mean) = +32.0423 | 累计|g| = 17.5049
Ψ矩阵条件数 cond(Ψ) = 3.73e+00
Loss=-30.861674 | E0=-7.83431663+0.00018646j | E1=-7.71921650-0.00015870j|E2=-7.70374070+0.00031238j|E3=-7.60440038+0.00015515j
#-----------------------------------------#
[Step 427] logΨ: mean=11.397-0.660j | min=5.948+3.141j | max=11.764+0.528j
梯度监控 | raw=174.8816 | natural=0.0069 | clipped=0.0069(上限20.0)
原始规范坐标 G(Re Σrow_mean) = +32.0288 | 累计|g| = 17.5049
Ψ矩阵条件数 cond(Ψ) = 3.74e+00
Loss=-30.878648 | E0=-7.83663930+0.00062100j | E1=-7.71920456-0.00079225j|E2=-7.70371278+0.00043353j|E3=-7.61909147-0.00026124j
#-----------------------------------------#
[Step 428] logΨ: mean=11.328-0.995j | min=6.944-0.479j | max=11.691+0.480j
梯度监控 | raw=198.4242 | natural=0.0137 | clipped=0.0137(上限20.0)
原始规范坐标 G(Re Σrow_mean) = +32.0164 | 累计|g| = 17.5049
Ψ矩阵条件数 cond(Ψ) = 3.74e+00
Loss=-30.861404 | E0=-7.83903434+0.00035544j | E1=-7.71864473+0.00037410j|E2=-7.70372625-0.00079093j|E3=-7.59999848-0.00252745j
#-----------------------------------------#
[Step 429] logΨ: mean=11.106-0.784j | min=6.464-2.054j | max=11.580+0.452j
梯度监控 | raw=225.6126 | natural=0.0063 | clipped=0.0063(上限20.0)
原始规范坐标 G(Re Σrow_mean) = +31.8193 | 累计|g| = 17.5049
Ψ矩阵条件数 cond(Ψ) = 1.63e+01
Loss=-30.851633 | E0=-7.83537699+0.00073813j | E1=-7.71927627-0.00008818j|E2=-7.70455335-0.00044394j|E3=-7.59242662-0.00052716j
#-----------------------------------------#
[GaugeReset@430] 吸收 Δg = Σ Re(col_mean) = +31.8193 | 新|g| = 17.7219
[Step 430] logΨ: mean=10.240-0.851j | min=4.738+0.672j | max=10.637+0.468j
梯度监控 | raw=180.0469 | natural=0.0091 | clipped=0.0091(上限20.0)
原始规范坐标 G(Re Σrow_mean) = +31.8680 | 累计|g| = 17.7219
Ψ矩阵条件数 cond(Ψ) = 4.02e+00
Loss=-30.881297 | E0=-7.84284060+0.00062090j | E1=-7.71945104+0.00101929j|E2=-7.70554688-0.00057168j|E3=-7.61345832-0.00009175j
#-----------------------------------------#
[Step 431] logΨ: mean=10.125-0.965j | min=4.560-2.728j | max=10.548+0.447j
梯度监控 | raw=166.6996 | natural=0.0114 | clipped=0.0114(上限20.0)
原始规范坐标 G(Re Σrow_mean) = +31.7682 | 累计|g| = 17.7219
Ψ矩阵条件数 cond(Ψ) = 4.02e+00
Loss=-30.895375 | E0=-7.84082419-0.00009729j | E1=-7.71962641+0.00001503j|E2=-7.70495157-0.00048048j|E3=-7.62997237+0.00078913j
#-----------------------------------------#
[Step 432] logΨ: mean=10.252-0.220j | min=6.452-2.509j | max=10.568+0.439j
梯度监控 | raw=150.4787 | natural=0.0072 | clipped=0.0072(上限20.0)
原始规范坐标 G(Re Σrow_mean) = +31.9097 | 累计|g| = 17.7219
Ψ矩阵条件数 cond(Ψ) = 9.49e+00
Loss=-30.900905 | E0=-7.84741919-0.00006666j | E1=-7.71958421-0.00017936j|E2=-7.70434723+0.00034445j|E3=-7.62955423-0.00102580j
#-----------------------------------------#
[Step 433] logΨ: mean=10.241-0.840j | min=4.999+2.555j | max=10.495+0.521j
梯度监控 | raw=111.4957 | natural=0.0118 | clipped=0.0118(上限20.0)
原始规范坐标 G(Re Σrow_mean) = +31.9167 | 累计|g| = 17.7219
Ψ矩阵条件数 cond(Ψ) = 9.64e+00
Loss=-30.919335 | E0=-7.84982082-0.00039631j | E1=-7.71950849+0.00007376j|E2=-7.70461222+0.00055038j|E3=-7.64539345-0.00086761j
#-----------------------------------------#
[Step 434] logΨ: mean=10.189-1.016j | min=5.059+1.013j | max=10.445+0.411j
梯度监控 | raw=97.8538 | natural=0.0074 | clipped=0.0074(上限20.0)
原始规范坐标 G(Re Σrow_mean) = +31.8394 | 累计|g| = 17.7219
Ψ矩阵条件数 cond(Ψ) = 3.97e+00
Loss=-30.919272 | E0=-7.85373700-0.00054513j | E1=-7.71989731-0.00059996j|E2=-7.70430243+0.00127315j|E3=-7.64133531-0.00187940j
#-----------------------------------------#
[Step 435] logΨ: mean=9.941-1.125j | min=5.301-0.153j | max=10.390+0.357j
梯度监控 | raw=144.2881 | natural=0.0056 | clipped=0.0056(上限20.0)
原始规范坐标 G(Re Σrow_mean) = +31.5521 | 累计|g| = 17.7219
Ψ矩阵条件数 cond(Ψ) = 3.96e+00
Loss=-30.916832 | E0=-7.85038123+0.00060517j | E1=-7.71960716+0.00009010j|E2=-7.70569328-0.00097793j|E3=-7.64115076-0.00036670j
#-----------------------------------------#
[Step 436] logΨ: mean=9.990-0.452j | min=5.040-3.119j | max=10.350+0.321j
梯度监控 | raw=90.0815 | natural=0.0069 | clipped=0.0069(上限20.0)
原始规范坐标 G(Re Σrow_mean) = +31.5661 | 累计|g| = 17.7219
Ψ矩阵条件数 cond(Ψ) = 9.83e+00
Loss=-30.939595 | E0=-7.85574447+0.00036903j | E1=-7.72004234-0.00018034j|E2=-7.70542377+0.00048602j|E3=-7.65838403+0.00132628j
#-----------------------------------------#
[Step 437] logΨ: mean=9.907-1.147j | min=4.441-2.707j | max=10.306+0.277j
梯度监控 | raw=131.8832 | natural=0.0046 | clipped=0.0046(上限20.0)
原始规范坐标 G(Re Σrow_mean) = +31.5209 | 累计|g| = 17.7219
Ψ矩阵条件数 cond(Ψ) = 9.93e+00
Loss=-30.926117 | E0=-7.85445936+0.00034557j | E1=-7.71955118+0.00019047j|E2=-7.70644574-0.00034340j|E3=-7.64566043+0.00079243j
#-----------------------------------------#
[Step 438] logΨ: mean=9.992-1.201j | min=5.987-0.726j | max=10.260+0.240j
梯度监控 | raw=71.6845 | natural=0.0042 | clipped=0.0042(上限20.0)
原始规范坐标 G(Re Σrow_mean) = +31.6248 | 累计|g| = 17.7219
Ψ矩阵条件数 cond(Ψ) = 3.98e+00
Loss=-30.943252 | E0=-7.85773304-0.00008843j | E1=-7.71965030+0.00015398j|E2=-7.70504069+0.00072222j|E3=-7.66082815-0.00090954j
#-----------------------------------------#
[Step 439] logΨ: mean=9.957-1.162j | min=4.894-0.077j | max=10.224+0.213j
梯度监控 | raw=95.5226 | natural=0.0052 | clipped=0.0052(上限20.0)
原始规范坐标 G(Re Σrow_mean) = +31.6261 | 累计|g| = 17.7219
Ψ矩阵条件数 cond(Ψ) = 4.00e+00
Loss=-30.935868 | E0=-7.85664913+0.00024812j | E1=-7.71958248-0.00031480j|E2=-7.70521676-0.00010518j|E3=-7.65441943-0.00184763j
#-----------------------------------------#
[保存] Step 439 → pickle 文件已更新 (440 条记录)
[GaugeReset@440] 吸收 Δg = Σ Re(col_mean) = +31.6261 | 新|g| = 17.6824
[Step 440] logΨ: mean=10.176-0.702j | min=6.555+0.161j | max=10.429+0.725j
梯度监控 | raw=80.4172 | natural=0.0026 | clipped=0.0026(上限20.0)
原始规范坐标 G(Re Σrow_mean) = +31.5992 | 累计|g| = 17.6824
Ψ矩阵条件数 cond(Ψ) = 3.98e+00
Loss=-30.943935 | E0=-7.85857147+0.00004689j | E1=-7.72010031+0.00015859j|E2=-7.70547084+0.00059982j|E3=-7.65979210-0.00092472j
#-----------------------------------------#
[Step 441] logΨ: mean=10.102-0.697j | min=4.038-2.456j | max=10.424+0.655j
梯度监控 | raw=105.6909 | natural=0.0066 | clipped=0.0066(上限20.0)
原始规范坐标 G(Re Σrow_mean) = +31.5253 | 累计|g| = 17.6824
Ψ矩阵条件数 cond(Ψ) = 4.01e+00
Loss=-30.936704 | E0=-7.85704206-0.00032734j | E1=-7.71962601+0.00000885j|E2=-7.70605452-0.00062718j|E3=-7.65398158-0.00112027j
#-----------------------------------------#
[Step 442] logΨ: mean=10.057-0.878j | min=4.677+0.332j | max=10.390+0.629j
梯度监控 | raw=64.0083 | natural=0.0033 | clipped=0.0033(上限20.0)
原始规范坐标 G(Re Σrow_mean) = +31.3989 | 累计|g| = 17.6824
Ψ矩阵条件数 cond(Ψ) = 1.02e+01
Loss=-30.951270 | E0=-7.85610746-0.00009403j | E1=-7.72015635-0.00014587j|E2=-7.70585245+0.00046949j|E3=-7.66915418+0.00034504j
#-----------------------------------------#
[Step 443] logΨ: mean=10.031-0.636j | min=6.279-2.437j | max=10.362+0.601j
梯度监控 | raw=81.7392 | natural=0.0028 | clipped=0.0028(上限20.0)
原始规范坐标 G(Re Σrow_mean) = +31.3716 | 累计|g| = 17.6824
Ψ矩阵条件数 cond(Ψ) = 4.03e+00
Loss=-30.950265 | E0=-7.85964406-0.00010662j | E1=-7.72024768+0.00049783j|E2=-7.70643943+0.00034452j|E3=-7.66393341+0.00080939j
#-----------------------------------------#
[Step 444] logΨ: mean=9.983-1.159j | min=4.577+0.294j | max=10.344+0.592j
梯度监控 | raw=61.0585 | natural=0.0034 | clipped=0.0034(上限20.0)
原始规范坐标 G(Re Σrow_mean) = +31.2743 | 累计|g| = 17.6824
Ψ矩阵条件数 cond(Ψ) = 4.05e+00
Loss=-30.955531 | E0=-7.85795643-0.00031635j | E1=-7.72011216+0.00007747j|E2=-7.70637145-0.00012933j|E3=-7.67109096+0.00124497j
#-----------------------------------------#
[Step 445] logΨ: mean=9.934-1.118j | min=4.098+1.963j | max=10.263+0.553j
梯度监控 | raw=83.8728 | natural=0.0039 | clipped=0.0039(上限20.0)
原始规范坐标 G(Re Σrow_mean) = +31.2650 | 累计|g| = 17.6824
Ψ矩阵条件数 cond(Ψ) = 4.07e+00
Loss=-30.949425 | E0=-7.85908123+0.00002097j | E1=-7.72013445+0.00051315j|E2=-7.70658802-0.00031037j|E3=-7.66362143+0.00035089j
#-----------------------------------------#
[Step 446] logΨ: mean=9.971-1.051j | min=4.571-0.882j | max=10.266+0.537j
梯度监控 | raw=96.4892 | natural=0.0017 | clipped=0.0017(上限20.0)
原始规范坐标 G(Re Σrow_mean) = +31.3500 | 累计|g| = 17.6824
Ψ矩阵条件数 cond(Ψ) = 4.08e+00
Loss=-30.946726 | E0=-7.86063145-0.00051841j | E1=-7.71998108-0.00011726j|E2=-7.70590220-0.00077153j|E3=-7.66021104-0.00144548j
#-----------------------------------------#
[Step 447] logΨ: mean=9.988-0.864j | min=4.240+0.640j | max=10.251+0.523j
梯度监控 | raw=60.0785 | natural=0.0021 | clipped=0.0021(上限20.0)
原始规范坐标 G(Re Σrow_mean) = +31.3127 | 累计|g| = 17.6824
Ψ矩阵条件数 cond(Ψ) = 4.09e+00
Loss=-30.955069 | E0=-7.85995985-0.00001014j | E1=-7.71996528+0.00039344j|E2=-7.70641875-0.00002141j|E3=-7.66872511-0.00078709j
#-----------------------------------------#
[Step 448] logΨ: mean=10.504-0.815j | min=2.440-1.614j | max=10.826+0.572j
梯度监控 | raw=84.5037 | natural=0.0280 | clipped=0.0280(上限20.0)
原始规范坐标 G(Re Σrow_mean) = +31.6186 | 累计|g| = 17.6824
Ψ矩阵条件数 cond(Ψ) = 1.09e+01
Loss=-30.951818 | E0=-7.86184054-0.00005052j | E1=-7.72012696+0.00088732j|E2=-7.70521608-0.00132450j|E3=-7.66463462-0.00037829j
#-----------------------------------------#
[Step 449] logΨ: mean=10.404-0.645j | min=4.694+0.233j | max=10.672+0.531j
梯度监控 | raw=69.5505 | natural=0.0054 | clipped=0.0054(上限20.0)
原始规范坐标 G(Re Σrow_mean) = +31.5228 | 累计|g| = 17.6824
Ψ矩阵条件数 cond(Ψ) = 4.25e+00
Loss=-30.955997 | E0=-7.86100383+0.00022732j | E1=-7.72051749+0.00017563j|E2=-7.70636292+0.00032163j|E3=-7.66811265-0.00041675j
#-----------------------------------------#
[GaugeReset@450] 吸收 Δg = Σ Re(col_mean) = +31.5228 | 新|g| = 17.6171
[Step 450] logΨ: mean=10.500-1.127j | min=6.219+2.851j | max=10.762+0.300j
梯度监控 | raw=60.8408 | natural=0.0016 | clipped=0.0016(上限20.0)
原始规范坐标 G(Re Σrow_mean) = +31.5090 | 累计|g| = 17.6171
Ψ矩阵条件数 cond(Ψ) = 1.08e+01
Loss=-30.959568 | E0=-7.86135892-0.00011434j | E1=-7.72033623+0.00021561j|E2=-7.70670883+0.00008593j|E3=-7.67116370-0.00041995j
#-----------------------------------------#
[Step 451] logΨ: mean=10.514-1.376j | min=4.725-2.774j | max=10.768+0.273j
梯度监控 | raw=61.4512 | natural=0.0033 | clipped=0.0033(上限20.0)
原始规范坐标 G(Re Σrow_mean) = +31.5092 | 累计|g| = 17.6171
Ψ矩阵条件数 cond(Ψ) = 4.14e+00
Loss=-30.959476 | E0=-7.86105159-0.00005938j | E1=-7.72036389-0.00019478j|E2=-7.70653339+0.00047654j|E3=-7.67152685-0.00056421j
#-----------------------------------------#
[Step 452] logΨ: mean=10.427-1.071j | min=5.205+2.992j | max=10.753+0.258j
梯度监控 | raw=76.3974 | natural=0.0025 | clipped=0.0025(上限20.0)
原始规范坐标 G(Re Σrow_mean) = +31.3679 | 累计|g| = 17.6171
Ψ矩阵条件数 cond(Ψ) = 4.16e+00
Loss=-30.960974 | E0=-7.86152059-0.00010302j | E1=-7.72060498+0.00013444j|E2=-7.70678986+0.00002116j|E3=-7.67205883+0.00131731j
#-----------------------------------------#
[Step 453] logΨ: mean=10.414-1.453j | min=5.326-0.295j | max=10.740+0.242j
梯度监控 | raw=33.5532 | natural=0.0017 | clipped=0.0017(上限20.0)
原始规范坐标 G(Re Σrow_mean) = +31.2881 | 累计|g| = 17.6171
Ψ矩阵条件数 cond(Ψ) = 1.09e+01
Loss=-30.969273 | E0=-7.86290361+0.00015131j | E1=-7.72042806-0.00023372j|E2=-7.70640981-0.00013236j|E3=-7.67953158+0.00124504j
#-----------------------------------------#
[Step 454] logΨ: mean=10.444-0.823j | min=4.909-2.780j | max=10.730+0.230j
梯度监控 | raw=42.3749 | natural=0.0017 | clipped=0.0017(上限20.0)
原始规范坐标 G(Re Σrow_mean) = +31.3410 | 累计|g| = 17.6171
Ψ矩阵条件数 cond(Ψ) = 1.09e+01
Loss=-30.967306 | E0=-7.86261293-0.00028403j | E1=-7.72061163-0.00007351j|E2=-7.70668126+0.00057871j|E3=-7.67740015+0.00092477j
#-----------------------------------------#
[Step 455] logΨ: mean=10.367-0.745j | min=6.432-2.181j | max=10.742+0.220j
梯度监控 | raw=74.9647 | natural=0.0006 | clipped=0.0006(上限20.0)
原始规范坐标 G(Re Σrow_mean) = +31.2133 | 累计|g| = 17.6171
Ψ矩阵条件数 cond(Ψ) = 4.20e+00
Loss=-30.964349 | E0=-7.86072817-0.00000062j | E1=-7.72081519-0.00026038j|E2=-7.70655303-0.00024104j|E3=-7.67625306+0.00236483j
#-----------------------------------------#
[Step 456] logΨ: mean=10.539-1.232j | min=5.316+2.822j | max=10.757+0.211j
梯度监控 | raw=45.2799 | natural=0.0006 | clipped=0.0006(上限20.0)
原始规范坐标 G(Re Σrow_mean) = +31.4415 | 累计|g| = 17.6171
Ψ矩阵条件数 cond(Ψ) = 4.21e+00
Loss=-30.964149 | E0=-7.86221370+0.00000942j | E1=-7.72051484+0.00054318j|E2=-7.70663261+0.00043266j|E3=-7.67478805-0.00105392j
#-----------------------------------------#
[Step 457] logΨ: mean=10.480-1.289j | min=6.769+1.224j | max=10.771+0.201j
梯度监控 | raw=28.7716 | natural=0.0006 | clipped=0.0006(上限20.0)
原始规范坐标 G(Re Σrow_mean) = +31.3078 | 累计|g| = 17.6171
Ψ矩阵条件数 cond(Ψ) = 4.22e+00
Loss=-30.969353 | E0=-7.86258224+0.00004344j | E1=-7.72083659-0.00033056j|E2=-7.70657802-0.00014276j|E3=-7.67935581+0.00067439j
#-----------------------------------------#
[Step 458] logΨ: mean=10.536-1.218j | min=6.826-2.669j | max=10.781+0.194j
梯度监控 | raw=25.5791 | natural=0.0007 | clipped=0.0007(上限20.0)
原始规范坐标 G(Re Σrow_mean) = +31.3477 | 累计|g| = 17.6171
Ψ矩阵条件数 cond(Ψ) = 1.10e+01
Loss=-30.969881 | E0=-7.86289356+0.00008648j | E1=-7.72081995-0.00030859j|E2=-7.70671908+0.00027855j|E3=-7.67944888+0.00024120j
#-----------------------------------------#
[Step 459] logΨ: mean=10.450-1.433j | min=5.982+0.296j | max=10.787+0.189j
梯度监控 | raw=31.5141 | natural=0.0007 | clipped=0.0007(上限20.0)
原始规范坐标 G(Re Σrow_mean) = +31.1821 | 累计|g| = 17.6171
Ψ矩阵条件数 cond(Ψ) = 1.10e+01
Loss=-30.972374 | E0=-7.86284345+0.00009206j | E1=-7.72078046-0.00000449j|E2=-7.70691307-0.00004865j|E3=-7.68183748+0.00225687j
#-----------------------------------------#
[保存] Step 459 → pickle 文件已更新 (460 条记录)
[GaugeReset@460] 吸收 Δg = Σ Re(col_mean) = +31.1821 | 新|g| = 17.4528
[Step 460] logΨ: mean=10.841+0.837j | min=4.505-2.060j | max=11.112+2.653j
梯度监控 | raw=30.8802 | natural=0.0027 | clipped=0.0027(上限20.0)
原始规范坐标 G(Re Σrow_mean) = +31.2695 | 累计|g| = 17.4528
Ψ矩阵条件数 cond(Ψ) = 4.30e+00
Loss=-30.968119 | E0=-7.86185640+0.00007125j | E1=-7.72042799+0.00013086j|E2=-7.70691822+0.00027045j|E3=-7.67891682+0.00042598j
#-----------------------------------------#
[Step 461] logΨ: mean=10.757+1.000j | min=5.888-2.915j | max=11.102+2.641j
梯度监控 | raw=48.9285 | natural=0.0017 | clipped=0.0017(上限20.0)
原始规范坐标 G(Re Σrow_mean) = +31.1194 | 累计|g| = 17.4528
Ψ矩阵条件数 cond(Ψ) = 4.32e+00
Loss=-30.971088 | E0=-7.86266119-0.00004823j | E1=-7.72041277-0.00019096j|E2=-7.70706821-0.00012633j|E3=-7.68094612+0.00201979j
#-----------------------------------------#
[Step 462] logΨ: mean=10.796+0.961j | min=5.409+0.306j | max=11.093+2.631j
梯度监控 | raw=27.0108 | natural=0.0017 | clipped=0.0017(上限20.0)
原始规范坐标 G(Re Σrow_mean) = +31.1900 | 累计|g| = 17.4528
Ψ矩阵条件数 cond(Ψ) = 1.11e+01
Loss=-30.970955 | E0=-7.86315638-0.00000589j | E1=-7.72046862-0.00053365j|E2=-7.70703307-0.00028908j|E3=-7.68029676+0.00047786j
#-----------------------------------------#
[Step 463] logΨ: mean=10.846+0.861j | min=7.082-2.689j | max=11.082+2.619j
梯度监控 | raw=57.3617 | natural=0.0016 | clipped=0.0016(上限20.0)
原始规范坐标 G(Re Σrow_mean) = +31.2956 | 累计|g| = 17.4528
Ψ矩阵条件数 cond(Ψ) = 1.11e+01
Loss=-30.965722 | E0=-7.86309236-0.00011381j | E1=-7.71999704+0.00022110j|E2=-7.70744602+0.00026461j|E3=-7.67518616-0.00132399j
#-----------------------------------------#
[Step 464] logΨ: mean=10.851+1.060j | min=6.177-0.420j | max=11.073+2.608j
梯度监控 | raw=39.6381 | natural=0.0016 | clipped=0.0016(上限20.0)
原始规范坐标 G(Re Σrow_mean) = +31.2884 | 累计|g| = 17.4528
Ψ矩阵条件数 cond(Ψ) = 4.39e+00
Loss=-30.966840 | E0=-7.86313700-0.00000379j | E1=-7.72049059-0.00000666j|E2=-7.70721453-0.00041612j|E3=-7.67599779-0.00148891j
#-----------------------------------------#
[Step 465] logΨ: mean=10.741+1.128j | min=4.877+2.677j | max=11.066+2.589j
梯度监控 | raw=43.2672 | natural=0.0029 | clipped=0.0029(上限20.0)
原始规范坐标 G(Re Σrow_mean) = +31.0936 | 累计|g| = 17.4528
Ψ矩阵条件数 cond(Ψ) = 1.11e+01
Loss=-30.968537 | E0=-7.86278068-0.00008926j | E1=-7.71963949+0.00005692j|E2=-7.70748266+0.00015822j|E3=-7.67863404+0.00043685j
#-----------------------------------------#
[Step 466] logΨ: mean=10.772+1.117j | min=5.517-1.064j | max=11.065+2.576j
梯度监控 | raw=25.4726 | natural=0.0015 | clipped=0.0015(上限20.0)
原始规范坐标 G(Re Σrow_mean) = +31.0885 | 累计|g| = 17.4528
Ψ矩阵条件数 cond(Ψ) = 7.21e+00
Loss=-30.971695 | E0=-7.86317471+0.00000337j | E1=-7.72058209-0.00000605j|E2=-7.70717090-0.00026924j|E3=-7.68076703+0.00061732j
#-----------------------------------------#
[Step 467] logΨ: mean=10.789+1.209j | min=5.228-0.508j | max=11.072+2.567j
梯度监控 | raw=19.1709 | natural=0.0011 | clipped=0.0011(上限20.0)
原始规范坐标 G(Re Σrow_mean) = +31.0855 | 累计|g| = 17.4528
Ψ矩阵条件数 cond(Ψ) = 4.46e+00
Loss=-30.972057 | E0=-7.86307869+0.00001728j | E1=-7.72071175+0.00008115j|E2=-7.70691649+0.00010242j|E3=-7.68135000+0.00065501j
#-----------------------------------------#
[Step 468] logΨ: mean=10.925+1.134j | min=6.029+2.556j | max=11.090+2.559j
梯度监控 | raw=6.8556 | natural=0.0010 | clipped=0.0010(上限20.0)
原始规范坐标 G(Re Σrow_mean) = +31.2861 | 累计|g| = 17.4528
Ψ矩阵条件数 cond(Ψ) = 4.48e+00
Loss=-30.968766 | E0=-7.86329515+0.00000564j | E1=-7.72048055+0.00026264j|E2=-7.70686557+0.00020913j|E3=-7.67812424-0.00204218j
#-----------------------------------------#
[Step 469] logΨ: mean=10.855+1.061j | min=6.011-0.592j | max=11.084+2.549j
梯度监控 | raw=22.3091 | natural=0.0017 | clipped=0.0017(上限20.0)
原始规范坐标 G(Re Σrow_mean) = +31.1890 | 累计|g| = 17.4528
Ψ矩阵条件数 cond(Ψ) = 4.51e+00
Loss=-30.969706 | E0=-7.86299927-0.00001947j | E1=-7.72020717-0.00007927j|E2=-7.70756833+0.00005227j|E3=-7.67893091-0.00094483j
#-----------------------------------------#
[GaugeReset@470] 吸收 Δg = Σ Re(col_mean) = +31.1890 | 新|g| = 17.4646
[Step 470] logΨ: mean=10.836-1.395j | min=5.511-2.223j | max=11.085+0.095j
梯度监控 | raw=69.8390 | natural=0.0003 | clipped=0.0003(上限20.0)
原始规范坐标 G(Re Σrow_mean) = +31.1508 | 累计|g| = 17.4646
Ψ矩阵条件数 cond(Ψ) = 4.32e+00
Loss=-30.968832 | E0=-7.86338490+0.00000078j | E1=-7.72084858+0.00010533j|E2=-7.70689838-0.00004541j|E3=-7.67770036-0.00011546j
#-----------------------------------------#
[Step 471] logΨ: mean=10.844-0.893j | min=5.921-3.054j | max=11.089+0.085j
梯度监控 | raw=22.7043 | natural=0.0013 | clipped=0.0013(上限20.0)
原始规范坐标 G(Re Σrow_mean) = +31.1341 | 累计|g| = 17.4646
Ψ矩阵条件数 cond(Ψ) = 4.34e+00
Loss=-30.971690 | E0=-7.86312806-0.00003752j | E1=-7.72083292+0.00019163j|E2=-7.70717421-0.00011384j|E3=-7.68055442+0.00007310j
#-----------------------------------------#
[Step 472] logΨ: mean=10.850-0.906j | min=5.992+0.082j | max=11.087+0.076j
梯度监控 | raw=30.5703 | natural=0.0015 | clipped=0.0015(上限20.0)
原始规范坐标 G(Re Σrow_mean) = +31.1424 | 累计|g| = 17.4646
Ψ矩阵条件数 cond(Ψ) = 1.06e+01
Loss=-30.971016 | E0=-7.86327367-0.00001822j | E1=-7.72067271+0.00009448j|E2=-7.70718583+0.00000548j|E3=-7.67988346-0.00020815j
#-----------------------------------------#
[Step 473] logΨ: mean=10.670-0.456j | min=5.305+2.390j | max=11.023+0.212j
梯度监控 | raw=14.2131 | natural=0.0122 | clipped=0.0122(上限20.0)
原始规范坐标 G(Re Σrow_mean) = +30.9005 | 累计|g| = 17.4646
Ψ矩阵条件数 cond(Ψ) = 4.33e+00
Loss=-30.975743 | E0=-7.86322848-0.00005172j | E1=-7.72061626+0.00010918j|E2=-7.70696379-0.00004378j|E3=-7.68493480+0.00275533j
#-----------------------------------------#
[Step 474] logΨ: mean=10.665-0.742j | min=4.107+1.414j | max=10.995+0.417j
梯度监控 | raw=16.5166 | natural=0.0083 | clipped=0.0083(上限20.0)
原始规范坐标 G(Re Σrow_mean) = +30.9588 | 累计|g| = 17.4646
Ψ矩阵条件数 cond(Ψ) = 4.33e+00
Loss=-30.973920 | E0=-7.86336707-0.00004619j | E1=-7.72011356-0.00007610j|E2=-7.70773953-0.00016602j|E3=-7.68270008+0.00203496j
#-----------------------------------------#
[Step 475] logΨ: mean=10.741-1.157j | min=6.611+0.594j | max=10.990+0.409j
梯度监控 | raw=6.7375 | natural=0.0016 | clipped=0.0016(上限20.0)
原始规范坐标 G(Re Σrow_mean) = +31.1314 | 累计|g| = 17.4646
Ψ矩阵条件数 cond(Ψ) = 4.36e+00
Loss=-30.971551 | E0=-7.86298940-0.00008319j | E1=-7.72025096-0.00001095j|E2=-7.70739499+0.00010604j|E3=-7.68091574-0.00043476j
#-----------------------------------------#
[Step 476] logΨ: mean=10.810-1.315j | min=6.919-2.679j | max=10.994+0.409j
梯度监控 | raw=14.2049 | natural=0.0003 | clipped=0.0003(上限20.0)
原始规范坐标 G(Re Σrow_mean) = +31.2391 | 累计|g| = 17.4646
Ψ矩阵条件数 cond(Ψ) = 4.36e+00
Loss=-30.969923 | E0=-7.86343424-0.00005196j | E1=-7.72040218+0.00009916j|E2=-7.70749947+0.00002136j|E3=-7.67858749-0.00162058j
#-----------------------------------------#
[Step 477] logΨ: mean=10.806-1.515j | min=5.151-2.715j | max=10.987+0.393j
梯度监控 | raw=10.2468 | natural=0.0015 | clipped=0.0015(上限20.0)
原始规范坐标 G(Re Σrow_mean) = +31.2478 | 累计|g| = 17.4646
Ψ矩阵条件数 cond(Ψ) = 1.01e+01
Loss=-30.969446 | E0=-7.86330862-0.00004646j | E1=-7.72042815+0.00000579j|E2=-7.70715082-0.00001191j|E3=-7.67855813-0.00163458j
#-----------------------------------------#
[Step 478] logΨ: mean=10.805-1.736j | min=6.254-2.610j | max=10.980+0.385j
梯度监控 | raw=10.6911 | natural=0.0015 | clipped=0.0015(上限20.0)
原始规范坐标 G(Re Σrow_mean) = +31.2761 | 累计|g| = 17.4646
Ψ矩阵条件数 cond(Ψ) = 1.00e+01
Loss=-30.968915 | E0=-7.86314486-0.00008992j | E1=-7.72070532+0.00008862j|E2=-7.70689476+0.00020634j|E3=-7.67816963-0.00195736j
#-----------------------------------------#
[Step 479] logΨ: mean=10.880-1.503j | min=5.243-0.543j | max=11.041+0.404j
梯度监控 | raw=11.0285 | natural=0.0020 | clipped=0.0020(上限20.0)
原始规范坐标 G(Re Σrow_mean) = +31.3432 | 累计|g| = 17.4646
Ψ矩阵条件数 cond(Ψ) = 4.44e+00
Loss=-30.968248 | E0=-7.86316633-0.00010313j | E1=-7.72047291+0.00018850j|E2=-7.70698788+0.00001783j|E3=-7.67762071-0.00230833j
#-----------------------------------------#
[保存] Step 479 → pickle 文件已更新 (480 条记录)
[GaugeReset@480] 吸收 Δg = Σ Re(col_mean) = +31.3432 | 新|g| = 17.4910
[Step 480] logΨ: mean=10.669-1.057j | min=5.048+0.454j | max=10.881+0.428j
梯度监控 | raw=41.4007 | natural=0.0020 | clipped=0.0020(上限20.0)
原始规范坐标 G(Re Σrow_mean) = +31.2447 | 累计|g| = 17.4910
Ψ矩阵条件数 cond(Ψ) = 4.42e+00
Loss=-30.970936 | E0=-7.86336327-0.00007651j | E1=-7.72081746-0.00000282j|E2=-7.70743679-0.00009475j|E3=-7.67931814-0.00057227j
#-----------------------------------------#
[Step 481] logΨ: mean=10.993-0.895j | min=5.211-2.346j | max=11.145+0.474j
梯度监控 | raw=6.4422 | natural=0.0085 | clipped=0.0085(上限20.0)
原始规范坐标 G(Re Σrow_mean) = +31.5688 | 累计|g| = 17.4910
Ψ矩阵条件数 cond(Ψ) = 4.38e+00
Loss=-30.969168 | E0=-7.86340913-0.00003365j | E1=-7.72083741+0.00009697j|E2=-7.70741670-0.00005403j|E3=-7.67750434-0.00210829j
#-----------------------------------------#
[Step 482] logΨ: mean=11.016-0.938j | min=6.562-2.726j | max=11.136+0.476j
梯度监控 | raw=2.5675 | natural=0.0013 | clipped=0.0013(上限20.0)
原始规范坐标 G(Re Σrow_mean) = +31.6005 | 累计|g| = 17.4910
Ψ矩阵条件数 cond(Ψ) = 4.39e+00
Loss=-30.969705 | E0=-7.86348469-0.00001243j | E1=-7.72087520-0.00009517j|E2=-7.70739392+0.00010125j|E3=-7.67795112-0.00239784j
#-----------------------------------------#
[Step 483] logΨ: mean=10.923-0.940j | min=5.348-0.043j | max=11.124+0.465j
梯度监控 | raw=31.5203 | natural=0.0016 | clipped=0.0016(上限20.0)
原始规范坐标 G(Re Σrow_mean) = +31.4800 | 累计|g| = 17.4910
Ψ矩阵条件数 cond(Ψ) = 4.40e+00
Loss=-30.970350 | E0=-7.86314794-0.00000219j | E1=-7.72068954+0.00002631j|E2=-7.70743789-0.00004226j|E3=-7.67907498-0.00122771j
#-----------------------------------------#
[Step 484] logΨ: mean=10.929-0.828j | min=6.910-2.590j | max=11.134+0.457j
梯度监控 | raw=20.5020 | natural=0.0009 | clipped=0.0009(上限20.0)
原始规范坐标 G(Re Σrow_mean) = +31.4764 | 累计|g| = 17.4910
Ψ矩阵条件数 cond(Ψ) = 4.41e+00
Loss=-30.971086 | E0=-7.86353167+0.00009004j | E1=-7.72093499-0.00003192j|E2=-7.70708004-0.00004286j|E3=-7.67953912-0.00087491j
#-----------------------------------------#
[Step 485] logΨ: mean=10.870-0.918j | min=5.062-0.434j | max=11.147+0.444j
梯度监控 | raw=16.1265 | natural=0.0046 | clipped=0.0046(上限20.0)
原始规范坐标 G(Re Σrow_mean) = +31.3505 | 累计|g| = 17.4910
Ψ矩阵条件数 cond(Ψ) = 4.40e+00
Loss=-30.972895 | E0=-7.86299406-0.00009469j | E1=-7.72032822-0.00014768j|E2=-7.70776402+0.00001767j|E3=-7.68180903+0.00051355j
#-----------------------------------------#
[Step 486] logΨ: mean=10.860-0.807j | min=5.457+0.363j | max=11.138+0.438j
梯度监控 | raw=18.0321 | natural=0.0015 | clipped=0.0015(上限20.0)
原始规范坐标 G(Re Σrow_mean) = +31.3094 | 累计|g| = 17.4910
Ψ矩阵条件数 cond(Ψ) = 4.42e+00
Loss=-30.973749 | E0=-7.86319653+0.00000483j | E1=-7.72055840-0.00003048j|E2=-7.70723470+0.00008496j|E3=-7.68275945+0.00086201j
#-----------------------------------------#
[Step 487] logΨ: mean=10.863-0.864j | min=6.621+1.294j | max=11.140+0.431j
梯度监控 | raw=26.6040 | natural=0.0009 | clipped=0.0009(上限20.0)
原始规范坐标 G(Re Σrow_mean) = +31.3460 | 累计|g| = 17.4910
Ψ矩阵条件数 cond(Ψ) = 4.43e+00
Loss=-30.973828 | E0=-7.86322662-0.00002262j | E1=-7.72100008-0.00003622j|E2=-7.70731989+0.00001321j|E3=-7.68228124+0.00069174j
#-----------------------------------------#
[Step 488] logΨ: mean=10.958-0.994j | min=6.568+1.292j | max=11.130+0.424j
梯度监控 | raw=17.6476 | natural=0.0015 | clipped=0.0015(上限20.0)
原始规范坐标 G(Re Σrow_mean) = +31.5517 | 累计|g| = 17.4910
Ψ矩阵条件数 cond(Ψ) = 9.69e+00
Loss=-30.970796 | E0=-7.86346801-0.00006320j | E1=-7.72102541-0.00010797j|E2=-7.70717991+0.00011232j|E3=-7.67912311-0.00141136j
#-----------------------------------------#
[Step 489] logΨ: mean=10.950-1.075j | min=6.522+0.304j | max=11.134+0.423j
梯度监控 | raw=10.6568 | natural=0.0003 | clipped=0.0003(上限20.0)
原始规范坐标 G(Re Σrow_mean) = +31.5298 | 累计|g| = 17.4910
Ψ矩阵条件数 cond(Ψ) = 4.44e+00
Loss=-30.971157 | E0=-7.86355779-0.00003909j | E1=-7.72098902+0.00002824j|E2=-7.70723314-0.00000636j|E3=-7.67937694-0.00138981j
#-----------------------------------------#
[GaugeReset@490] 吸收 Δg = Σ Re(col_mean) = +31.5298 | 新|g| = 17.5425
[Step 490] logΨ: mean=10.697-1.331j | min=6.727-3.062j | max=10.937+0.137j
梯度监控 | raw=8.0319 | natural=0.0007 | clipped=0.0007(上限20.0)
原始规范坐标 G(Re Σrow_mean) = +31.4210 | 累计|g| = 17.5425
Ψ矩阵条件数 cond(Ψ) = 4.53e+00
Loss=-30.973563 | E0=-7.86344967-0.00001494j | E1=-7.72091502-0.00001864j|E2=-7.70750134-0.00007573j|E3=-7.68169654-0.00014132j
#-----------------------------------------#
[Step 491] logΨ: mean=10.744-1.296j | min=4.079-1.275j | max=10.940+0.072j
梯度监控 | raw=7.5664 | natural=0.0039 | clipped=0.0039(上限20.0)
原始规范坐标 G(Re Σrow_mean) = +31.5499 | 累计|g| = 17.5425
Ψ矩阵条件数 cond(Ψ) = 4.55e+00
Loss=-30.965192 | E0=-7.86222890+0.00003201j | E1=-7.72081404-0.00015988j|E2=-7.70722605+0.00008424j|E3=-7.67492284-0.00250570j
#-----------------------------------------#
[Step 492] logΨ: mean=10.735-1.235j | min=6.341-0.042j | max=10.951+0.067j
梯度监控 | raw=6.2281 | natural=0.0006 | clipped=0.0006(上限20.0)
原始规范坐标 G(Re Σrow_mean) = +31.5029 | 累计|g| = 17.5425
Ψ矩阵条件数 cond(Ψ) = 4.55e+00
Loss=-30.971688 | E0=-7.86343310+0.00001606j | E1=-7.72097923-0.00005567j|E2=-7.70700745+0.00003050j|E3=-7.68026837-0.00070773j
#-----------------------------------------#
[Step 493] logΨ: mean=10.794-1.388j | min=6.386+0.003j | max=10.960+0.063j
梯度监控 | raw=4.8943 | natural=0.0005 | clipped=0.0005(上限20.0)
原始规范坐标 G(Re Σrow_mean) = +31.5852 | 累计|g| = 17.5425
Ψ矩阵条件数 cond(Ψ) = 4.55e+00
Loss=-30.971279 | E0=-7.86344706+0.00002517j | E1=-7.72103491-0.00002029j|E2=-7.70714126+0.00004378j|E3=-7.67965584-0.00144681j
#-----------------------------------------#
[Step 494] logΨ: mean=10.767-1.272j | min=6.664-1.659j | max=10.948+0.052j
梯度监控 | raw=13.3386 | natural=0.0006 | clipped=0.0006(上限20.0)
原始规范坐标 G(Re Σrow_mean) = +31.5848 | 累计|g| = 17.5425
Ψ矩阵条件数 cond(Ψ) = 4.55e+00
Loss=-30.970826 | E0=-7.86344136+0.00000325j | E1=-7.72084024+0.00006153j|E2=-7.70725180-0.00006112j|E3=-7.67929256-0.00156562j
#-----------------------------------------#
[Step 495] logΨ: mean=10.968-1.335j | min=4.484+0.446j | max=11.162+0.072j
梯度监控 | raw=5.3820 | natural=0.0073 | clipped=0.0073(上限20.0)
原始规范坐标 G(Re Σrow_mean) = +31.7260 | 累计|g| = 17.5425
Ψ矩阵条件数 cond(Ψ) = 4.52e+00
Loss=-30.971168 | E0=-7.86343736-0.00000905j | E1=-7.72052506+0.00010268j|E2=-7.70771631+0.00000319j|E3=-7.67948920-0.00128452j
#-----------------------------------------#
[Step 496] logΨ: mean=10.964-1.276j | min=6.638-2.877j | max=11.159+0.068j
梯度监控 | raw=6.8341 | natural=0.0010 | clipped=0.0010(上限20.0)
原始规范坐标 G(Re Σrow_mean) = +31.7078 | 累计|g| = 17.5425
Ψ矩阵条件数 cond(Ψ) = 4.53e+00
Loss=-30.972378 | E0=-7.86340684+0.00001275j | E1=-7.72128243-0.00022855j|E2=-7.70675161+0.00025100j|E3=-7.68093669-0.00071682j
#-----------------------------------------#
[Step 497] logΨ: mean=11.031-1.303j | min=6.594+0.006j | max=11.167+0.066j
梯度监控 | raw=4.0191 | natural=0.0003 | clipped=0.0003(上限20.0)
原始规范坐标 G(Re Σrow_mean) = +31.8210 | 累计|g| = 17.5425
Ψ矩阵条件数 cond(Ψ) = 4.53e+00
Loss=-30.970900 | E0=-7.86350205+0.00000609j | E1=-7.72116528-0.00004099j|E2=-7.70722011+0.00007220j|E3=-7.67901296-0.00190826j
#-----------------------------------------#
[Step 498] logΨ: mean=10.943-1.236j | min=5.917-2.972j | max=11.170+0.060j
梯度监控 | raw=5.3991 | natural=0.0011 | clipped=0.0011(上限20.0)
原始规范坐标 G(Re Σrow_mean) = +31.7210 | 累计|g| = 17.5425
Ψ矩阵条件数 cond(Ψ) = 4.54e+00
Loss=-30.971044 | E0=-7.86343720-0.00002831j | E1=-7.72060458+0.00007197j|E2=-7.70723110+0.00005264j|E3=-7.67977122-0.00111515j
#-----------------------------------------#
[Step 499] logΨ: mean=11.015-1.232j | min=5.650-0.221j | max=11.154+0.051j
梯度监控 | raw=2.7248 | natural=0.0008 | clipped=0.0008(上限20.0)
原始规范坐标 G(Re Σrow_mean) = +31.8561 | 累计|g| = 17.5425
Ψ矩阵条件数 cond(Ψ) = 4.53e+00
Loss=-30.969837 | E0=-7.86339232-0.00001119j | E1=-7.72077889+0.00007778j|E2=-7.70757652-0.00002773j|E3=-7.67808937-0.00247990j
#-----------------------------------------#
[保存] Step 499 → pickle 文件已更新 (500 条记录)
[GaugeReset@500] 吸收 Δg = Σ Re(col_mean) = +31.8561 | 新|g| = 17.7141
[Step 500] logΨ: mean=10.679-0.723j | min=3.460-2.641j | max=10.862+0.425j
梯度监控 | raw=3.6444 | natural=0.0034 | clipped=0.0034(上限20.0)
原始规范坐标 G(Re Σrow_mean) = +31.8005 | 累计|g| = 17.7141
Ψ矩阵条件数 cond(Ψ) = 4.55e+00
Loss=-30.970023 | E0=-7.86279934-0.00000559j | E1=-7.72033888+0.00018525j|E2=-7.70741929-0.00008884j|E3=-7.67946578-0.00168923j
#-----------------------------------------#
[Step 501] logΨ: mean=10.672-1.014j | min=6.261-2.812j | max=10.866+0.424j
梯度监控 | raw=17.2036 | natural=0.0005 | clipped=0.0005(上限20.0)
原始规范坐标 G(Re Σrow_mean) = +31.7688 | 累计|g| = 17.7141
Ψ矩阵条件数 cond(Ψ) = 4.56e+00
Loss=-30.972253 | E0=-7.86346680+0.00002213j | E1=-7.72095516-0.00002183j|E2=-7.70724197+0.00002198j|E3=-7.68058935-0.00047577j
#-----------------------------------------#
[Step 502] logΨ: mean=10.700-0.912j | min=6.319+0.613j | max=10.872+0.421j
梯度监控 | raw=5.7445 | natural=0.0002 | clipped=0.0002(上限20.0)
原始规范坐标 G(Re Σrow_mean) = +31.7976 | 累计|g| = 17.7141
Ψ矩阵条件数 cond(Ψ) = 4.56e+00
Loss=-30.972000 | E0=-7.86353960+0.00003792j | E1=-7.72100487+0.00000478j|E2=-7.70725511-0.00000179j|E3=-7.68020028-0.00121366j
#-----------------------------------------#
[Step 503] logΨ: mean=10.625-0.909j | min=5.170+0.354j | max=10.859+0.418j
梯度监控 | raw=18.6062 | natural=0.0013 | clipped=0.0013(上限20.0)
原始规范坐标 G(Re Σrow_mean) = +31.7123 | 累计|g| = 17.7141
Ψ矩阵条件数 cond(Ψ) = 4.56e+00
Loss=-30.972418 | E0=-7.86347949+0.00002042j | E1=-7.72065188+0.00003710j|E2=-7.70742606+0.00003193j|E3=-7.68086084-0.00044155j
#-----------------------------------------#
[Step 504] logΨ: mean=10.701-0.424j | min=6.296+0.607j | max=10.862+0.415j
梯度监控 | raw=4.7305 | natural=0.0006 | clipped=0.0006(上限20.0)
原始规范坐标 G(Re Σrow_mean) = +31.8361 | 累计|g| = 17.7141
Ψ矩阵条件数 cond(Ψ) = 4.56e+00
Loss=-30.971311 | E0=-7.86327612-0.00001667j | E1=-7.72094012+0.00006240j|E2=-7.70736835+0.00000898j|E3=-7.67972621-0.00158378j
#-----------------------------------------#
[Step 505] logΨ: mean=9.207+0.015j | min=2.549-0.872j | max=9.816+0.820j
梯度监控 | raw=78.5630 | natural=0.1116 | clipped=0.1116(上限20.0)
原始规范坐标 G(Re Σrow_mean) = +29.7066 | 累计|g| = 17.7141
Ψ矩阵条件数 cond(Ψ) = 4.44e+00
Loss=-30.999710 | E0=-7.86354932+0.00003671j | E1=-7.72110475+0.00000436j|E2=-7.70765816-0.00276663j|E3=-7.70739787+0.00001224j
#-----------------------------------------#
[Step 506] logΨ: mean=9.165-0.064j | min=3.935+0.690j | max=9.528+1.406j
梯度监控 | raw=315.7267 | natural=0.0433 | clipped=0.0433(上限20.0)
原始规范坐标 G(Re Σrow_mean) = +29.8474 | 累计|g| = 17.7141
Ψ矩阵条件数 cond(Ψ) = 2.28e+01
Loss=-30.613827 | E0=-7.85568287+0.00006961j | E1=-7.72100841-0.00007082j|E2=-7.69833369+0.00086243j|E3=-7.33880234+0.00059029j
#-----------------------------------------#
[Step 507] logΨ: mean=9.641-0.313j | min=3.802-0.160j | max=9.833+1.342j
梯度监控 | raw=334.3108 | natural=0.0061 | clipped=0.0061(上限20.0)
原始规范坐标 G(Re Σrow_mean) = +29.5496 | 累计|g| = 17.7141
Ψ矩阵条件数 cond(Ψ) = 4.67e+00
Loss=-30.692923 | E0=-7.85597825-0.00015598j | E1=-7.72111952-0.00004807j|E2=-7.69619463+0.00006536j|E3=-7.41963085-0.00137759j
#-----------------------------------------#
[Step 508] logΨ: mean=8.821-1.082j | min=1.444+1.368j | max=9.234+0.857j
梯度监控 | raw=352.5265 | natural=0.1204 | clipped=0.1204(上限20.0)
原始规范坐标 G(Re Σrow_mean) = +27.0783 | 累计|g| = 17.7141
Ψ矩阵条件数 cond(Ψ) = 6.47e+00
Loss=-30.654356 | E0=-7.85600058-0.00035720j | E1=-7.72129423-0.00001678j|E2=-7.69765009+0.00041384j|E3=-7.37941150-0.00240551j
#-----------------------------------------#
[Step 509] logΨ: mean=8.744-1.062j | min=4.417+2.576j | max=9.025+0.609j
梯度监控 | raw=150.7949 | natural=0.0325 | clipped=0.0325(上限20.0)
原始规范坐标 G(Re Σrow_mean) = +28.1453 | 累计|g| = 17.7141
Ψ矩阵条件数 cond(Ψ) = 5.41e+00
Loss=-30.556431 | E0=-7.86251251+0.00001643j | E1=-7.71527601+0.00009231j|E2=-7.70142679-0.00052139j|E3=-7.27721577+0.00054796j
#-----------------------------------------#
[GaugeReset@510] 吸收 Δg = Σ Re(col_mean) = +28.1453 | 新|g| = 17.6986
[Step 510] logΨ: mean=12.287-1.153j | min=7.467+2.433j | max=12.564+0.657j
梯度监控 | raw=138.3614 | natural=0.0302 | clipped=0.0302(上限20.0)
原始规范坐标 G(Re Σrow_mean) = +28.5113 | 累计|g| = 17.6986
Ψ矩阵条件数 cond(Ψ) = 5.55e+00
Loss=-30.555675 | E0=-7.86228539-0.00001450j | E1=-7.71526573-0.00041881j|E2=-7.70046747+0.00103051j|E3=-7.27765591-0.00113260j
#-----------------------------------------#
[Step 511] logΨ: mean=12.338-1.279j | min=8.352+2.700j | max=12.573+0.510j
梯度监控 | raw=139.2521 | natural=0.0162 | clipped=0.0162(上限20.0)
原始规范坐标 G(Re Σrow_mean) = +28.7138 | 累计|g| = 17.6986
Ψ矩阵条件数 cond(Ψ) = 4.86e+00
Loss=-30.560338 | E0=-7.86254638-0.00015896j | E1=-7.71551046-0.00025722j|E2=-7.70205748+0.00053292j|E3=-7.28022355+0.00018905j
#-----------------------------------------#
[Step 512] logΨ: mean=12.258-1.150j | min=8.384-2.485j | max=12.508+0.416j
梯度监控 | raw=158.2215 | natural=0.0024 | clipped=0.0024(上限20.0)
原始规范坐标 G(Re Σrow_mean) = +28.7998 | 累计|g| = 17.6986
Ψ矩阵条件数 cond(Ψ) = 4.82e+00
Loss=-30.572402 | E0=-7.86211109+0.00008762j | E1=-7.71472939+0.00058203j|E2=-7.70099453-0.00000801j|E3=-7.29456741+0.00166854j
#-----------------------------------------#
[Step 513] logΨ: mean=12.121-1.077j | min=8.131+1.126j | max=12.352+0.477j
梯度监控 | raw=168.3919 | natural=0.0169 | clipped=0.0169(上限20.0)
原始规范坐标 G(Re Σrow_mean) = +28.8048 | 累计|g| = 17.6986
Ψ矩阵条件数 cond(Ψ) = 4.80e+00
Loss=-30.585627 | E0=-7.86196789+0.00008007j | E1=-7.71557546-0.00050631j|E2=-7.70118571+0.00066728j|E3=-7.30689839-0.00052308j
#-----------------------------------------#
[Step 514] logΨ: mean=11.955-0.572j | min=5.614+0.485j | max=12.192+0.523j
梯度监控 | raw=183.5420 | natural=0.0388 | clipped=0.0388(上限20.0)
原始规范坐标 G(Re Σrow_mean) = +28.9464 | 累计|g| = 17.6986
Ψ矩阵条件数 cond(Ψ) = 5.04e+00
Loss=-30.600923 | E0=-7.86256805+0.00001058j | E1=-7.71492903-0.00014887j|E2=-7.69912746+0.00023942j|E3=-7.32429831+0.00105176j
#-----------------------------------------#
[Step 515] logΨ: mean=11.900-0.794j | min=6.003-0.452j | max=12.183+0.458j
梯度监控 | raw=339.2182 | natural=0.0085 | clipped=0.0085(上限20.0)
原始规范坐标 G(Re Σrow_mean) = +28.6793 | 累计|g| = 17.6986
Ψ矩阵条件数 cond(Ψ) = 4.65e+00
Loss=-30.619580 | E0=-7.86177695-0.00003670j | E1=-7.71613462+0.00071443j|E2=-7.69348318-0.00197585j|E3=-7.34818514+0.00092087j
#-----------------------------------------#
[Step 516] logΨ: mean=11.868-0.862j | min=7.659+2.568j | max=12.080+0.446j
梯度监控 | raw=325.1461 | natural=0.0128 | clipped=0.0128(上限20.0)
原始规范坐标 G(Re Σrow_mean) = +28.7635 | 累计|g| = 17.6986
Ψ矩阵条件数 cond(Ψ) = 4.96e+00
Loss=-30.618670 | E0=-7.86263097-0.00004095j | E1=-7.71633572-0.00034122j|E2=-7.69550116+0.00117546j|E3=-7.34420239-0.00100730j
#-----------------------------------------#
[Step 517] logΨ: mean=11.587+0.270j | min=5.926-1.813j | max=11.993+2.832j
梯度监控 | raw=353.3800 | natural=0.0249 | clipped=0.0249(上限20.0)
原始规范坐标 G(Re Σrow_mean) = +29.2236 | 累计|g| = 17.6986
Ψ矩阵条件数 cond(Ψ) = 6.46e+00
Loss=-30.642450 | E0=-7.86302417-0.00022963j | E1=-7.71559678+0.00002899j|E2=-7.69658128+0.00032453j|E3=-7.36724820+0.00089868j
#-----------------------------------------#
[Step 518] logΨ: mean=11.461+0.432j | min=7.063-0.513j | max=11.810+2.533j
梯度监控 | raw=657.9081 | natural=0.0330 | clipped=0.0330(上限20.0)
原始规范坐标 G(Re Σrow_mean) = +29.2591 | 累计|g| = 17.6986
Ψ矩阵条件数 cond(Ψ) = 5.49e+00
Loss=-30.534591 | E0=-7.83874102-0.00079190j | E1=-7.71919044-0.00028851j|E2=-7.70094848-0.00010896j|E3=-7.27571121-0.00011914j
#-----------------------------------------#
[Step 519] logΨ: mean=11.481+0.316j | min=7.130-0.743j | max=11.829+2.488j
梯度监控 | raw=623.6134 | natural=0.0040 | clipped=0.0040(上限20.0)
原始规范坐标 G(Re Σrow_mean) = +29.0531 | 累计|g| = 17.6986
Ψ矩阵条件数 cond(Ψ) = 6.80e+00
Loss=-30.569134 | E0=-7.84059061+0.00019325j | E1=-7.71892195+0.00011571j|E2=-7.70023194+0.00011209j|E3=-7.30938931+0.00110997j
#-----------------------------------------#
[保存] Step 519 → pickle 文件已更新 (520 条记录)
[GaugeReset@520] 吸收 Δg = Σ Re(col_mean) = +29.0531 | 新|g| = 17.7345
[Step 520] logΨ: mean=10.306-0.224j | min=3.470-0.122j | max=10.697+0.334j
梯度监控 | raw=639.1960 | natural=0.1056 | clipped=0.1056(上限20.0)
原始规范坐标 G(Re Σrow_mean) = +28.4140 | 累计|g| = 17.7345
Ψ矩阵条件数 cond(Ψ) = 7.12e+00
Loss=-30.567476 | E0=-7.84235212-0.00018951j | E1=-7.71741771-0.00012491j|E2=-7.70204474-0.00010989j|E3=-7.30566148+0.00040344j
#-----------------------------------------#
[Step 521] logΨ: mean=10.266-0.389j | min=6.720-0.193j | max=10.618+0.372j
梯度监控 | raw=759.9023 | natural=0.0067 | clipped=0.0067(上限20.0)
原始规范坐标 G(Re Σrow_mean) = +29.0333 | 累计|g| = 17.7345
Ψ矩阵条件数 cond(Ψ) = 7.08e+00
Loss=-30.335696 | E0=-7.79297276+0.00000243j | E1=-7.71130625-0.00002876j|E2=-7.55519007+0.00218715j|E3=-7.27622664-0.00463737j
#-----------------------------------------#
[Step 522] logΨ: mean=10.355-0.393j | min=4.062-1.293j | max=10.735+0.444j
梯度监控 | raw=774.6054 | natural=0.0236 | clipped=0.0236(上限20.0)
原始规范坐标 G(Re Σrow_mean) = +29.0462 | 累计|g| = 17.7345
Ψ矩阵条件数 cond(Ψ) = 7.05e+00
Loss=-30.362237 | E0=-7.79267304-0.00018450j | E1=-7.71148045-0.00057474j|E2=-7.56942109+0.00133403j|E3=-7.28866239-0.00182276j
#-----------------------------------------#
[Step 523] logΨ: mean=10.377-0.440j | min=5.659-0.622j | max=10.719+0.390j
梯度监控 | raw=778.0534 | natural=0.0022 | clipped=0.0022(上限20.0)
原始规范坐标 G(Re Σrow_mean) = +29.1064 | 累计|g| = 17.7345
Ψ矩阵条件数 cond(Ψ) = 4.97e+00
Loss=-30.404405 | E0=-7.79282239+0.00004880j | E1=-7.71194960-0.00048845j|E2=-7.60261521-0.00396018j|E3=-7.29701778+0.00744708j
#-----------------------------------------#
[Step 524] logΨ: mean=10.288-0.433j | min=7.027-2.596j | max=10.680+0.400j
梯度监控 | raw=677.8590 | natural=0.0010 | clipped=0.0010(上限20.0)
原始规范坐标 G(Re Σrow_mean) = +28.9426 | 累计|g| = 17.7345
Ψ矩阵条件数 cond(Ψ) = 2.10e+02
Loss=-30.412675 | E0=-7.80164324-0.00013896j | E1=-7.71076900+0.00068407j|E2=-7.59919037+0.00006446j|E3=-7.30107279-0.00158269j
#-----------------------------------------#
[Step 525] logΨ: mean=10.273-0.389j | min=6.016+2.518j | max=10.618+0.364j
梯度监控 | raw=657.8598 | natural=0.0038 | clipped=0.0038(上限20.0)
原始规范坐标 G(Re Σrow_mean) = +28.9718 | 累计|g| = 17.7345
Ψ矩阵条件数 cond(Ψ) = 2.10e+02
Loss=-30.458660 | E0=-7.80975767-0.00014026j | E1=-7.71260378+0.00014413j|E2=-7.62889157+0.00070447j|E3=-7.30740699+0.00510035j
#-----------------------------------------#
[Step 526] logΨ: mean=10.241-0.528j | min=5.992+2.000j | max=10.602+0.335j
梯度监控 | raw=627.9011 | natural=0.0046 | clipped=0.0046(上限20.0)
原始规范坐标 G(Re Σrow_mean) = +28.8658 | 累计|g| = 17.7345
Ψ矩阵条件数 cond(Ψ) = 6.85e+00
Loss=-30.483068 | E0=-7.81260230-0.00011444j | E1=-7.71131573-0.00022421j|E2=-7.63696995-0.00049596j|E3=-7.32218033+0.00277604j
#-----------------------------------------#
[Step 527] logΨ: mean=10.229-0.766j | min=6.559-0.866j | max=10.550+0.303j
梯度监控 | raw=640.4066 | natural=0.0032 | clipped=0.0032(上限20.0)
原始规范坐标 G(Re Σrow_mean) = +28.7888 | 累计|g| = 17.7345
Ψ矩阵条件数 cond(Ψ) = 8.72e+00
Loss=-30.521153 | E0=-7.81681790+0.00096111j | E1=-7.71202404-0.00073028j|E2=-7.64245917-0.00039279j|E3=-7.34985195-0.00232876j
#-----------------------------------------#
[Step 528] logΨ: mean=10.173-0.720j | min=6.691+0.713j | max=10.512+0.278j
梯度监控 | raw=622.0314 | natural=0.0029 | clipped=0.0029(上限20.0)
原始规范坐标 G(Re Σrow_mean) = +28.7185 | 累计|g| = 17.7345
Ψ矩阵条件数 cond(Ψ) = 6.79e+00
Loss=-30.517737 | E0=-7.81807333+0.00010017j | E1=-7.71121836+0.00052587j|E2=-7.64074240+0.00182498j|E3=-7.34770330-0.00458910j
#-----------------------------------------#
[Step 529] logΨ: mean=10.175-0.755j | min=6.537+2.313j | max=10.515+0.229j
梯度监控 | raw=586.9969 | natural=0.0034 | clipped=0.0034(上限20.0)
原始规范坐标 G(Re Σrow_mean) = +28.6608 | 累计|g| = 17.7345
Ψ矩阵条件数 cond(Ψ) = 8.20e+00
Loss=-30.544348 | E0=-7.81856808-0.00033437j | E1=-7.71215879+0.00028966j|E2=-7.65302015+0.00081512j|E3=-7.36060119-0.00042564j
#-----------------------------------------#
[GaugeReset@530] 吸收 Δg = Σ Re(col_mean) = +28.6608 | 新|g| = 17.0358
[Step 530] logΨ: mean=10.533+0.170j | min=5.257-0.856j | max=10.949+2.227j
梯度监控 | raw=561.6453 | natural=0.0074 | clipped=0.0074(上限20.0)
原始规范坐标 G(Re Σrow_mean) = +28.6051 | 累计|g| = 17.0358
Ψ矩阵条件数 cond(Ψ) = 4.84e+01
Loss=-30.543630 | E0=-7.81432775-0.00121732j | E1=-7.71245345+0.00114043j|E2=-7.65457046-0.00166966j|E3=-7.36227847+0.00249656j
#-----------------------------------------#
[Step 531] logΨ: mean=10.578+0.293j | min=5.994+2.629j | max=10.947+2.253j
梯度监控 | raw=560.2273 | natural=0.0048 | clipped=0.0048(上限20.0)
原始规范坐标 G(Re Σrow_mean) = +28.5734 | 累计|g| = 17.0358
Ψ矩阵条件数 cond(Ψ) = 7.69e+00
Loss=-30.598489 | E0=-7.82703666+0.00016020j | E1=-7.71383241-0.00123159j|E2=-7.66222138+0.00242912j|E3=-7.39539819-0.00425042j
#-----------------------------------------#
[Step 532] logΨ: mean=10.511+0.271j | min=6.843-2.893j | max=10.920+2.216j
梯度监控 | raw=518.7971 | natural=0.0012 | clipped=0.0012(上限20.0)
原始规范坐标 G(Re Σrow_mean) = +28.5879 | 累计|g| = 17.0358
Ψ矩阵条件数 cond(Ψ) = 7.73e+00
Loss=-30.593456 | E0=-7.82723191-0.00046613j | E1=-7.71271964-0.00038003j|E2=-7.66966589-0.00129836j|E3=-7.38383815+0.00210565j
#-----------------------------------------#
[Step 533] logΨ: mean=10.425+0.405j | min=6.696-2.781j | max=10.884+2.212j
梯度监控 | raw=528.6648 | natural=0.0025 | clipped=0.0025(上限20.0)
原始规范坐标 G(Re Σrow_mean) = +28.3973 | 累计|g| = 17.0358
Ψ矩阵条件数 cond(Ψ) = 7.77e+00
Loss=-30.611510 | E0=-7.83230564-0.00023036j | E1=-7.71083210+0.00243818j|E2=-7.66818181-0.00163596j|E3=-7.40018999-0.00171649j
#-----------------------------------------#
[Step 534] logΨ: mean=10.540+0.301j | min=6.303-2.983j | max=10.912+2.189j
梯度监控 | raw=479.8127 | natural=0.0051 | clipped=0.0051(上限20.0)
原始规范坐标 G(Re Σrow_mean) = +28.4585 | 累计|g| = 17.0358
Ψ矩阵条件数 cond(Ψ) = 2.11e+01
Loss=-30.669585 | E0=-7.84019467+0.00092726j | E1=-7.71459354-0.00270457j|E2=-7.68677015+0.00129512j|E3=-7.42802630-0.00142774j
#-----------------------------------------#
[Step 535] logΨ: mean=10.473+0.500j | min=5.506+1.822j | max=10.907+2.235j
梯度监控 | raw=484.6672 | natural=0.0064 | clipped=0.0064(上限20.0)
原始规范坐标 G(Re Σrow_mean) = +28.4198 | 累计|g| = 17.0358
Ψ矩阵条件数 cond(Ψ) = 5.39e+00
Loss=-30.666247 | E0=-7.84109584+0.00019301j | E1=-7.71374696+0.00014117j|E2=-7.68227872+0.00159792j|E3=-7.42912567-0.00339265j
#-----------------------------------------#
[Step 536] logΨ: mean=10.471+0.550j | min=4.342+0.322j | max=10.923+1.799j
梯度监控 | raw=483.2677 | natural=0.0456 | clipped=0.0456(上限20.0)
原始规范坐标 G(Re Σrow_mean) = +28.3969 | 累计|g| = 17.0358
Ψ矩阵条件数 cond(Ψ) = 6.23e+00
Loss=-30.675168 | E0=-7.83877076-0.00076036j | E1=-7.71419339-0.00095290j|E2=-7.68482991+0.00005445j|E3=-7.43737417-0.00124296j
#-----------------------------------------#
[Step 537] logΨ: mean=10.979+0.134j | min=5.380+0.023j | max=11.407+1.772j
梯度监控 | raw=478.6653 | natural=0.0385 | clipped=0.0385(上限20.0)
原始规范坐标 G(Re Σrow_mean) = +28.5267 | 累计|g| = 17.0358
Ψ矩阵条件数 cond(Ψ) = 7.67e+00
Loss=-30.694228 | E0=-7.84425112-0.00025969j | E1=-7.71417584+0.00076798j|E2=-7.68834847-0.00113560j|E3=-7.44745257+0.00133071j
#-----------------------------------------#
[Step 538] logΨ: mean=10.912-0.047j | min=7.664+2.041j | max=11.372+1.805j
梯度监控 | raw=567.0719 | natural=0.0050 | clipped=0.0050(上限20.0)
原始规范坐标 G(Re Σrow_mean) = +28.4687 | 累计|g| = 17.0358
Ψ矩阵条件数 cond(Ψ) = 5.59e+00
Loss=-30.698793 | E0=-7.84589445-0.00054694j | E1=-7.71489038+0.00067404j|E2=-7.68915031-0.00269570j|E3=-7.44885790+0.00379001j
#-----------------------------------------#
[Step 539] logΨ: mean=10.835+0.279j | min=5.340-0.848j | max=11.308+1.946j
梯度监控 | raw=552.9412 | natural=0.0177 | clipped=0.0177(上限20.0)
原始规范坐标 G(Re Σrow_mean) = +28.4070 | 累计|g| = 17.0358
Ψ矩阵条件数 cond(Ψ) = 7.66e+00
Loss=-30.713571 | E0=-7.84685075-0.00090447j | E1=-7.71494348+0.00076923j|E2=-7.69181228-0.00024483j|E3=-7.45996414-0.00026456j
#-----------------------------------------#
[保存] Step 539 → pickle 文件已更新 (540 条记录)
[GaugeReset@540] 吸收 Δg = Σ Re(col_mean) = +28.4070 | 新|g| = 17.4144
[Step 540] logΨ: mean=10.989+0.335j | min=5.815-2.553j | max=11.470+3.140j
梯度监控 | raw=561.3121 | natural=0.0179 | clipped=0.0179(上限20.0)
原始规范坐标 G(Re Σrow_mean) = +28.3812 | 累计|g| = 17.4144
Ψ矩阵条件数 cond(Ψ) = 7.54e+00
Loss=-30.721165 | E0=-7.85047755+0.00049527j | E1=-7.71493218+0.00027133j|E2=-7.69537262-0.00099980j|E3=-7.46038221+0.00117461j
#-----------------------------------------#
[Step 541] logΨ: mean=10.968-1.152j | min=6.021-1.875j | max=11.391+0.042j
梯度监控 | raw=524.2439 | natural=0.0119 | clipped=0.0119(上限20.0)
原始规范坐标 G(Re Σrow_mean) = +28.2157 | 累计|g| = 17.4144
Ψ矩阵条件数 cond(Ψ) = 6.26e+00
Loss=-30.762839 | E0=-7.85099531+0.00007011j | E1=-7.71733310-0.00174966j|E2=-7.69815582+0.00279073j|E3=-7.49635431-0.00203197j
#-----------------------------------------#
[Step 542] logΨ: mean=11.130-1.112j | min=4.897+2.393j | max=11.686+0.064j
梯度监控 | raw=539.8904 | natural=0.0099 | clipped=0.0099(上限20.0)
原始规范坐标 G(Re Σrow_mean) = +28.2788 | 累计|g| = 17.4144
Ψ矩阵条件数 cond(Ψ) = 7.54e+00
Loss=-30.734596 | E0=-7.84889829-0.00107435j | E1=-7.71182837+0.00551953j|E2=-7.69630833-0.00064148j|E3=-7.47756092-0.00269632j
#-----------------------------------------#
[Step 543] logΨ: mean=11.414+0.776j | min=5.595-0.054j | max=11.805+2.670j
梯度监控 | raw=464.7905 | natural=0.0229 | clipped=0.0229(上限20.0)
原始规范坐标 G(Re Σrow_mean) = +28.2024 | 累计|g| = 17.4144
Ψ矩阵条件数 cond(Ψ) = 5.48e+00
Loss=-30.799005 | E0=-7.85294826+0.00057586j | E1=-7.71640843+0.00013647j|E2=-7.69810033+0.00123607j|E3=-7.53154751-0.00447841j
#-----------------------------------------#
[Step 544] logΨ: mean=11.339+1.039j | min=7.042-0.057j | max=11.745+2.698j
梯度监控 | raw=552.7661 | natural=0.0128 | clipped=0.0128(上限20.0)
原始规范坐标 G(Re Σrow_mean) = +28.2143 | 累计|g| = 17.4144
Ψ矩阵条件数 cond(Ψ) = 5.48e+00
Loss=-30.791137 | E0=-7.85636211+0.00064356j | E1=-7.71684544-0.00074587j|E2=-7.70196650+0.00048129j|E3=-7.51596331-0.00015893j
#-----------------------------------------#
[Step 545] logΨ: mean=12.598-1.032j | min=5.005-2.567j | max=13.081+0.156j
梯度监控 | raw=530.8027 | natural=0.1051 | clipped=0.1051(上限20.0)
原始规范坐标 G(Re Σrow_mean) = +28.8270 | 累计|g| = 17.4144
Ψ矩阵条件数 cond(Ψ) = 7.13e+00
Loss=-30.783701 | E0=-7.85369148-0.00140617j | E1=-7.71578064+0.00087756j|E2=-7.69402867-0.00113269j|E3=-7.52019978+0.00078545j
#-----------------------------------------#
[Step 546] logΨ: mean=12.647-1.196j | min=8.104-2.611j | max=13.088+0.129j
梯度监控 | raw=495.4871 | natural=0.0020 | clipped=0.0020(上限20.0)
原始规范坐标 G(Re Σrow_mean) = +28.8025 | 累计|g| = 17.4144
Ψ矩阵条件数 cond(Ψ) = 1.68e+01
Loss=-30.806379 | E0=-7.85619760+0.00020948j | E1=-7.71781335+0.00072799j|E2=-7.70157900-0.00043692j|E3=-7.53078896+0.00051455j
#-----------------------------------------#
[Step 547] logΨ: mean=12.702-0.624j | min=6.181+1.073j | max=13.114+0.644j
梯度监控 | raw=547.9733 | natural=0.0249 | clipped=0.0249(上限20.0)
原始规范坐标 G(Re Σrow_mean) = +29.0255 | 累计|g| = 17.4144
Ψ矩阵条件数 cond(Ψ) = 5.94e+00
Loss=-30.811488 | E0=-7.85742440+0.00026083j | E1=-7.71928787-0.00148463j|E2=-7.70368736+0.00156249j|E3=-7.53108887+0.00066450j
#-----------------------------------------#
[Step 548] logΨ: mean=12.549-0.918j | min=7.111+2.068j | max=12.937+0.525j
梯度监控 | raw=441.7313 | natural=0.0159 | clipped=0.0159(上限20.0)
原始规范坐标 G(Re Σrow_mean) = +28.9419 | 累计|g| = 17.4144
Ψ矩阵条件数 cond(Ψ) = 5.27e+00
Loss=-30.824838 | E0=-7.85692231-0.00045410j | E1=-7.71783743+0.00020885j|E2=-7.70438936+0.00088463j|E3=-7.54568939-0.00175609j
#-----------------------------------------#
[Step 549] logΨ: mean=12.449-0.776j | min=8.026-2.065j | max=12.824+0.485j
梯度监控 | raw=458.1394 | natural=0.0106 | clipped=0.0106(上限20.0)
原始规范坐标 G(Re Σrow_mean) = +28.8617 | 累计|g| = 17.4144
Ψ矩阵条件数 cond(Ψ) = 5.28e+00
Loss=-30.834554 | E0=-7.86026991+0.00042265j | E1=-7.71893671-0.00056394j|E2=-7.70517375+0.00057439j|E3=-7.55017343-0.00093542j
#-----------------------------------------#
[GaugeReset@550] 吸收 Δg = Σ Re(col_mean) = +28.8617 | 新|g| = 18.0380
[Step 550] logΨ: mean=11.884-0.621j | min=7.211+2.424j | max=12.241+0.996j
梯度监控 | raw=387.4626 | natural=0.0166 | clipped=0.0166(上限20.0)
原始规范坐标 G(Re Σrow_mean) = +28.7283 | 累计|g| = 18.0380
Ψ矩阵条件数 cond(Ψ) = 2.06e+01
Loss=-30.852613 | E0=-7.86079299+0.00035203j | E1=-7.71826418+0.00075467j|E2=-7.70495499-0.00003763j|E3=-7.56860050-0.00195482j
#-----------------------------------------#
[Step 551] logΨ: mean=11.864-0.306j | min=8.225-1.957j | max=12.195+1.000j
梯度监控 | raw=436.9369 | natural=0.0047 | clipped=0.0047(上限20.0)
原始规范坐标 G(Re Σrow_mean) = +28.7225 | 累计|g| = 18.0380
Ψ矩阵条件数 cond(Ψ) = 6.15e+00
Loss=-30.856843 | E0=-7.86069672+0.00051628j | E1=-7.71976596-0.00009401j|E2=-7.70713726-0.00019004j|E3=-7.56924266-0.00008089j
#-----------------------------------------#
[Step 552] logΨ: mean=13.166-0.984j | min=7.232+1.154j | max=13.447+0.324j
梯度监控 | raw=399.3830 | natural=0.0717 | clipped=0.0717(上限20.0)
原始规范坐标 G(Re Σrow_mean) = +29.2236 | 累计|g| = 18.0380
Ψ矩阵条件数 cond(Ψ) = 1.51e+01
Loss=-30.865458 | E0=-7.86119130+0.00021767j | E1=-7.72018809+0.00065265j|E2=-7.70530610+0.00043986j|E3=-7.57877288-0.00099177j
#-----------------------------------------#
[Step 553] logΨ: mean=12.986-1.021j | min=9.383+2.623j | max=13.366+0.259j
梯度监控 | raw=870.2588 | natural=0.0085 | clipped=0.0085(上限20.0)
原始规范坐标 G(Re Σrow_mean) = +29.2709 | 累计|g| = 18.0380
Ψ矩阵条件数 cond(Ψ) = 2.43e+01
Loss=-30.830523 | E0=-7.86043614-0.00032817j | E1=-7.71992796-0.00030143j|E2=-7.70459186-0.00006247j|E3=-7.54556719-0.00125456j
#-----------------------------------------#
[Step 554] logΨ: mean=13.003-0.890j | min=8.907-2.434j | max=13.394+0.223j
梯度监控 | raw=1046.2490 | natural=0.0063 | clipped=0.0063(上限20.0)
原始规范坐标 G(Re Σrow_mean) = +29.4033 | 累计|g| = 18.0380
Ψ矩阵条件数 cond(Ψ) = 6.15e+00
Loss=-30.815105 | E0=-7.86177281+0.00047037j | E1=-7.72043369-0.00066031j|E2=-7.70563952+0.00083941j|E3=-7.52725909+0.00002564j
#-----------------------------------------#
[Step 555] logΨ: mean=12.822-1.302j | min=8.788+2.909j | max=13.208+0.216j
梯度监控 | raw=966.3535 | natural=0.0158 | clipped=0.0158(上限20.0)
原始规范坐标 G(Re Σrow_mean) = +29.1062 | 累计|g| = 18.0380
Ψ矩阵条件数 cond(Ψ) = 7.00e+00
Loss=-30.833179 | E0=-7.86232987+0.00057655j | E1=-7.72042287-0.00001340j|E2=-7.70437012+0.00026634j|E3=-7.54605635+0.00090768j
#-----------------------------------------#
[Step 556] logΨ: mean=12.691-1.173j | min=8.649-2.260j | max=13.164+0.118j
梯度监控 | raw=905.6055 | natural=0.0117 | clipped=0.0117(上限20.0)
原始规范坐标 G(Re Σrow_mean) = +29.0748 | 累计|g| = 18.0380
Ψ矩阵条件数 cond(Ψ) = 6.30e+00
Loss=-30.818245 | E0=-7.86144976-0.00087478j | E1=-7.71898346+0.00093345j|E2=-7.70341850-0.00117628j|E3=-7.53439291+0.00124001j
#-----------------------------------------#
[Step 557] logΨ: mean=12.236-0.858j | min=6.519-0.843j | max=12.627+0.375j
梯度监控 | raw=800.3950 | natural=0.0400 | clipped=0.0400(上限20.0)
原始规范坐标 G(Re Σrow_mean) = +28.7117 | 累计|g| = 18.0380
Ψ矩阵条件数 cond(Ψ) = 6.23e+00
Loss=-30.848366 | E0=-7.86232475+0.00021309j | E1=-7.72131523-0.00026888j|E2=-7.70370973+0.00050259j|E3=-7.56101620-0.00048470j
#-----------------------------------------#
[Step 558] logΨ: mean=12.139-0.996j | min=8.154-0.055j | max=12.494+0.405j
梯度监控 | raw=753.0851 | natural=0.0169 | clipped=0.0169(上限20.0)
原始规范坐标 G(Re Σrow_mean) = +28.6142 | 累计|g| = 18.0380
Ψ矩阵条件数 cond(Ψ) = 6.28e+00
Loss=-30.865760 | E0=-7.86220692+0.00041764j | E1=-7.72112808-0.00057915j|E2=-7.70504652+0.00059693j|E3=-7.57737834+0.00075072j
#-----------------------------------------#
[Step 559] logΨ: mean=12.283-0.374j | min=4.680+3.003j | max=12.601+1.136j
梯度监控 | raw=592.8062 | natural=0.0739 | clipped=0.0739(上限20.0)
原始规范坐标 G(Re Σrow_mean) = +28.7582 | 累计|g| = 18.0380
Ψ矩阵条件数 cond(Ψ) = 6.00e+00
Loss=-30.887272 | E0=-7.86244825+0.00050174j | E1=-7.72205618+0.00036955j|E2=-7.70378007+0.00096724j|E3=-7.59898727-0.00041306j
#-----------------------------------------#
[保存] Step 559 → pickle 文件已更新 (560 条记录)
[GaugeReset@560] 吸收 Δg = Σ Re(col_mean) = +28.7582 | 新|g| = 18.4419
[Step 560] logΨ: mean=12.426-0.309j | min=7.896-1.282j | max=12.723+1.218j
梯度监控 | raw=646.2846 | natural=0.0183 | clipped=0.0183(上限20.0)
原始规范坐标 G(Re Σrow_mean) = +28.8221 | 累计|g| = 18.4419
Ψ矩阵条件数 cond(Ψ) = 7.46e+00
Loss=-30.884171 | E0=-7.86195154+0.00015736j | E1=-7.72101068-0.00052729j|E2=-7.70625332+0.00049869j|E3=-7.59495564+0.00032118j
#-----------------------------------------#
[Step 561] logΨ: mean=12.680-0.487j | min=7.482-2.130j | max=13.046+0.793j
梯度监控 | raw=640.1256 | natural=0.0129 | clipped=0.0129(上限20.0)
原始规范坐标 G(Re Σrow_mean) = +28.7320 | 累计|g| = 18.4419
Ψ矩阵条件数 cond(Ψ) = 6.44e+00
Loss=-30.889679 | E0=-7.86287209+0.00002526j | E1=-7.72117917-0.00006642j|E2=-7.70514591+0.00033212j|E3=-7.60048134-0.00083898j
#-----------------------------------------#
[Step 562] logΨ: mean=12.473-0.963j | min=6.763+1.455j | max=12.775+0.224j
梯度监控 | raw=445.4140 | natural=0.0288 | clipped=0.0288(上限20.0)
原始规范坐标 G(Re Σrow_mean) = +28.4706 | 累计|g| = 18.4419
Ψ矩阵条件数 cond(Ψ) = 6.49e+00
Loss=-30.912637 | E0=-7.86343157-0.00010680j | E1=-7.72099452-0.00018107j|E2=-7.70512648-0.00022109j|E3=-7.62308395-0.00055855j
#-----------------------------------------#
[Step 563] logΨ: mean=12.516-0.872j | min=7.441+2.177j | max=12.748+0.213j
梯度监控 | raw=415.7229 | natural=0.0110 | clipped=0.0110(上限20.0)
原始规范坐标 G(Re Σrow_mean) = +28.4252 | 累计|g| = 18.4419
Ψ矩阵条件数 cond(Ψ) = 7.60e+00
Loss=-30.931830 | E0=-7.86306260+0.00010849j | E1=-7.72115308-0.00030497j|E2=-7.70602179+0.00005133j|E3=-7.64159286+0.00015800j
#-----------------------------------------#
[Step 564] logΨ: mean=12.797-0.478j | min=4.457+0.936j | max=13.086+0.584j
梯度监控 | raw=356.1474 | natural=0.0416 | clipped=0.0416(上限20.0)
原始规范坐标 G(Re Σrow_mean) = +28.6408 | 累计|g| = 18.4419
Ψ矩阵条件数 cond(Ψ) = 6.33e+00
Loss=-30.934413 | E0=-7.86299081-0.00004916j | E1=-7.71888404-0.00070550j|E2=-7.70483182+0.00041730j|E3=-7.64770615+0.00096863j
#-----------------------------------------#
[Step 565] logΨ: mean=12.782-1.017j | min=7.879-1.803j | max=13.057+0.558j
梯度监控 | raw=337.2064 | natural=0.0107 | clipped=0.0107(上限20.0)
原始规范坐标 G(Re Σrow_mean) = +28.6179 | 累计|g| = 18.4419
Ψ矩阵条件数 cond(Ψ) = 6.38e+00
Loss=-30.937517 | E0=-7.86362307-0.00013914j | E1=-7.71991848+0.00042591j|E2=-7.70511507+0.00031588j|E3=-7.64886036+0.00032650j
#-----------------------------------------#
[Step 566] logΨ: mean=12.729-0.743j | min=8.773-2.788j | max=13.007+0.554j
梯度监控 | raw=434.2107 | natural=0.0076 | clipped=0.0076(上限20.0)
原始规范坐标 G(Re Σrow_mean) = +28.6168 | 累计|g| = 18.4419
Ψ矩阵条件数 cond(Ψ) = 6.41e+00
Loss=-30.934732 | E0=-7.86331160-0.00002475j | E1=-7.72112648-0.00012000j|E2=-7.70504835-0.00000438j|E3=-7.64524521+0.00046924j
#-----------------------------------------#
[Step 567] logΨ: mean=12.964-1.161j | min=8.961+0.649j | max=13.157+0.337j
梯度监控 | raw=295.1633 | natural=0.0245 | clipped=0.0245(上限20.0)
原始规范坐标 G(Re Σrow_mean) = +28.6673 | 累计|g| = 18.4419
Ψ矩阵条件数 cond(Ψ) = 6.50e+00
Loss=-30.945473 | E0=-7.86354375-0.00003148j | E1=-7.72067126+0.00010532j|E2=-7.70687670+0.00013342j|E3=-7.65438139+0.00012360j
#-----------------------------------------#
[Step 568] logΨ: mean=12.999-1.481j | min=7.672-2.733j | max=13.248+0.296j
梯度监控 | raw=366.7795 | natural=0.0091 | clipped=0.0091(上限20.0)
原始规范坐标 G(Re Σrow_mean) = +28.7891 | 累计|g| = 18.4419
Ψ矩阵条件数 cond(Ψ) = 6.48e+00
Loss=-30.942724 | E0=-7.86328417-0.00006885j | E1=-7.72116583-0.00002326j|E2=-7.70619201-0.00027184j|E3=-7.65208179+0.00003044j
#-----------------------------------------#
[Step 569] logΨ: mean=13.432+1.015j | min=8.647+1.981j | max=13.633+2.950j
梯度监控 | raw=291.7200 | natural=0.0316 | clipped=0.0316(上限20.0)
原始规范坐标 G(Re Σrow_mean) = +28.8753 | 累计|g| = 18.4419
Ψ矩阵条件数 cond(Ψ) = 6.47e+00
Loss=-30.947445 | E0=-7.86309442-0.00008878j | E1=-7.72137690-0.00033235j|E2=-7.70568559+0.00012615j|E3=-7.65728811-0.00038582j
#-----------------------------------------#
[GaugeReset@570] 吸收 Δg = Σ Re(col_mean) = +28.8753 | 新|g| = 18.8167
[Step 570] logΨ: mean=13.357-1.169j | min=9.635+0.536j | max=13.562+0.626j
梯度监控 | raw=328.2956 | natural=0.0164 | clipped=0.0164(上限20.0)
原始规范坐标 G(Re Σrow_mean) = +28.9725 | 累计|g| = 18.8167
Ψ矩阵条件数 cond(Ψ) = 6.58e+00
Loss=-30.946016 | E0=-7.86317470+0.00009478j | E1=-7.72132971-0.00022255j|E2=-7.70664939-0.00025254j|E3=-7.65486228-0.00003471j
#-----------------------------------------#
[Step 571] logΨ: mean=13.249-0.574j | min=8.554+1.467j | max=13.400+0.605j
梯度监控 | raw=220.8086 | natural=0.0039 | clipped=0.0039(上限20.0)
原始规范坐标 G(Re Σrow_mean) = +28.8487 | 累计|g| = 18.8167
Ψ矩阵条件数 cond(Ψ) = 6.33e+00
Loss=-30.949901 | E0=-7.86317506+0.00009802j | E1=-7.72096073-0.00015968j|E2=-7.70649052-0.00010484j|E3=-7.65927485+0.00044295j
#-----------------------------------------#
[Step 572] logΨ: mean=13.228-1.101j | min=9.239-2.699j | max=13.441+0.507j
梯度监控 | raw=276.8113 | natural=0.0085 | clipped=0.0085(上限20.0)
原始规范坐标 G(Re Σrow_mean) = +28.9478 | 累计|g| = 18.8167
Ψ矩阵条件数 cond(Ψ) = 6.62e+00
Loss=-30.952342 | E0=-7.86346140-0.00002269j | E1=-7.72106453-0.00021394j|E2=-7.70704969-0.00012278j|E3=-7.66076641-0.00010775j
#-----------------------------------------#
[Step 573] logΨ: mean=13.218-1.375j | min=9.253+0.445j | max=13.467+0.510j
梯度监控 | raw=343.8599 | natural=0.0009 | clipped=0.0009(上限20.0)
原始规范坐标 G(Re Σrow_mean) = +28.9589 | 累计|g| = 18.8167
Ψ矩阵条件数 cond(Ψ) = 6.62e+00
Loss=-30.948570 | E0=-7.86310492-0.00003469j | E1=-7.72107097+0.00000123j|E2=-7.70598210-0.00030080j|E3=-7.65841195+0.00013779j
#-----------------------------------------#
[Step 574] logΨ: mean=13.497-1.000j | min=5.381+1.300j | max=13.712+0.591j
梯度监控 | raw=305.0238 | natural=0.0208 | clipped=0.0208(上限20.0)
原始规范坐标 G(Re Σrow_mean) = +29.0708 | 累计|g| = 18.8167
Ψ矩阵条件数 cond(Ψ) = 1.91e+01
Loss=-30.950544 | E0=-7.86331778+0.00001115j | E1=-7.72034483-0.00120278j|E2=-7.70670173+0.00055400j|E3=-7.66018015+0.00039136j
#-----------------------------------------#
[Step 575] logΨ: mean=13.594-1.025j | min=8.186-0.917j | max=13.750+0.659j
梯度监控 | raw=279.7309 | natural=0.0123 | clipped=0.0123(上限20.0)
原始规范坐标 G(Re Σrow_mean) = +29.1765 | 累计|g| = 18.8167
Ψ矩阵条件数 cond(Ψ) = 6.54e+00
Loss=-30.952220 | E0=-7.86324064+0.00007276j | E1=-7.72096505-0.00040195j|E2=-7.70780138-0.00009947j|E3=-7.66021244+0.00000213j
#-----------------------------------------#
[Step 576] logΨ: mean=13.592-0.819j | min=8.138+2.211j | max=13.771+0.643j
梯度监控 | raw=337.8709 | natural=0.0021 | clipped=0.0021(上限20.0)
原始规范坐标 G(Re Σrow_mean) = +29.1548 | 累计|g| = 18.8167
Ψ矩阵条件数 cond(Ψ) = 6.53e+00
Loss=-30.949500 | E0=-7.86329300+0.00002070j | E1=-7.72113406+0.00000465j|E2=-7.70652714-0.00038167j|E3=-7.65854575+0.00007123j
#-----------------------------------------#
[Step 577] logΨ: mean=13.581-0.991j | min=9.825+0.323j | max=13.740+0.656j
梯度监控 | raw=301.0381 | natural=0.0027 | clipped=0.0027(上限20.0)
原始规范坐标 G(Re Σrow_mean) = +29.1213 | 累计|g| = 18.8167
Ψ矩阵条件数 cond(Ψ) = 8.57e+00
Loss=-30.951295 | E0=-7.86320224-0.00010536j | E1=-7.72110249+0.00017781j|E2=-7.70668348-0.00020783j|E3=-7.66030699+0.00033215j
#-----------------------------------------#
[Step 578] logΨ: mean=13.367-0.960j | min=5.195-2.081j | max=13.561+0.834j
梯度监控 | raw=310.5663 | natural=0.0110 | clipped=0.0110(上限20.0)
原始规范坐标 G(Re Σrow_mean) = +29.0122 | 累计|g| = 18.8167
Ψ矩阵条件数 cond(Ψ) = 6.54e+00
Loss=-30.953548 | E0=-7.86198738-0.00015827j | E1=-7.72117605-0.00003913j|E2=-7.70730836-0.00023794j|E3=-7.66307651+0.00002651j
#-----------------------------------------#
[Step 579] logΨ: mean=13.538-0.885j | min=9.461+0.413j | max=13.763+0.569j
梯度监控 | raw=316.7994 | natural=0.0143 | clipped=0.0143(上限20.0)
原始规范坐标 G(Re Σrow_mean) = +29.1988 | 累计|g| = 18.8167
Ψ矩阵条件数 cond(Ψ) = 6.49e+00
Loss=-30.950578 | E0=-7.86317480+0.00005820j | E1=-7.72088309-0.00009674j|E2=-7.70694302-0.00010885j|E3=-7.65957682-0.00023932j
#-----------------------------------------#
[保存] Step 579 → pickle 文件已更新 (580 条记录)
[GaugeReset@580] 吸收 Δg = Σ Re(col_mean) = +29.1988 | 新|g| = 18.8901
[Step 580] logΨ: mean=13.217-0.666j | min=9.210-2.450j | max=13.437+0.697j
梯度监控 | raw=382.4954 | natural=0.0026 | clipped=0.0026(上限20.0)
原始规范坐标 G(Re Σrow_mean) = +29.2464 | 累计|g| = 18.8901
Ψ矩阵条件数 cond(Ψ) = 6.41e+00
Loss=-30.949221 | E0=-7.86322557+0.00012168j | E1=-7.72130703-0.00004173j|E2=-7.70736610+0.00006072j|E3=-7.65732248-0.00068178j
#-----------------------------------------#
[Step 581] logΨ: mean=13.181-0.770j | min=7.198+2.648j | max=13.417+0.723j
梯度监控 | raw=425.3757 | natural=0.0027 | clipped=0.0027(上限20.0)
原始规范坐标 G(Re Σrow_mean) = +29.2030 | 累计|g| = 18.8901
Ψ矩阵条件数 cond(Ψ) = 6.41e+00
Loss=-30.948108 | E0=-7.86342645+0.00007997j | E1=-7.72109139+0.00004303j|E2=-7.70662652-0.00025179j|E3=-7.65696330+0.00055403j
#-----------------------------------------#
[Step 582] logΨ: mean=13.189-0.829j | min=8.572+2.675j | max=13.419+0.787j
梯度监控 | raw=377.4659 | natural=0.0064 | clipped=0.0064(上限20.0)
原始规范坐标 G(Re Σrow_mean) = +29.2064 | 累计|g| = 18.8901
Ψ矩阵条件数 cond(Ψ) = 6.38e+00
Loss=-30.949285 | E0=-7.86312836+0.00000891j | E1=-7.72125809-0.00018488j|E2=-7.70618397-0.00018034j|E3=-7.65871475+0.00019415j
#-----------------------------------------#
[Step 583] logΨ: mean=11.858-0.721j | min=5.002-1.703j | max=14.705+3.140j
梯度监控 | raw=413.5302 | natural=0.1300 | clipped=0.1300(上限20.0)
原始规范坐标 G(Re Σrow_mean) = +27.8748 | 累计|g| = 18.8901
Ψ矩阵条件数 cond(Ψ) = 6.70e+00
Loss=-30.946812 | E0=-7.86290516+0.00003558j | E1=-7.72188582+0.00185057j|E2=-7.70550195+0.00037578j|E3=-7.65651861-0.00031331j
#-----------------------------------------#
[Step 584] logΨ: mean=14.792+1.304j | min=8.599+0.310j | max=15.274+2.968j
梯度监控 | raw=194.9008 | natural=0.0362 | clipped=0.0362(上限20.0)
原始规范坐标 G(Re Σrow_mean) = +30.8279 | 累计|g| = 18.8901
Ψ矩阵条件数 cond(Ψ) = 5.97e+00
Loss=-30.945857 | E0=-7.86624785-0.00164102j | E1=-7.71415987-0.00302515j|E2=-7.70061090+0.00305542j|E3=-7.66483833+0.00819138j
#-----------------------------------------#
[Step 585] logΨ: mean=15.068+1.638j | min=9.946-1.569j | max=15.250+3.103j
梯度监控 | raw=63.7270 | natural=0.0047 | clipped=0.0047(上限20.0)
原始规范坐标 G(Re Σrow_mean) = +31.2438 | 累计|g| = 18.8901
Ψ矩阵条件数 cond(Ψ) = 1.18e+01
Loss=-30.948627 | E0=-7.86362642-0.00007659j | E1=-7.71859361-0.00065634j|E2=-7.70539099+0.00027552j|E3=-7.66101645+0.00058596j
#-----------------------------------------#
[Step 586] logΨ: mean=15.211-1.959j | min=8.647+0.851j | max=15.399+0.022j
梯度监控 | raw=34.2023 | natural=0.0079 | clipped=0.0079(上限20.0)
原始规范坐标 G(Re Σrow_mean) = +31.2776 | 累计|g| = 18.8901
Ψ矩阵条件数 cond(Ψ) = 1.09e+01
Loss=-30.950353 | E0=-7.86275428+0.00007779j | E1=-7.71988350+0.00076434j|E2=-7.70607167+0.00005196j|E3=-7.66164323+0.00046728j
#-----------------------------------------#
[Step 587] logΨ: mean=15.265+2.280j | min=7.620+0.738j | max=15.407+3.136j
梯度监控 | raw=31.3957 | natural=0.0017 | clipped=0.0017(上限20.0)
原始规范坐标 G(Re Σrow_mean) = +31.3659 | 累计|g| = 18.8901
Ψ矩阵条件数 cond(Ψ) = 1.20e+01
Loss=-30.949674 | E0=-7.86362559-0.00013558j | E1=-7.71965719+0.00017039j|E2=-7.70628100-0.00032288j|E3=-7.66010973-0.00112620j
#-----------------------------------------#
[Step 588] logΨ: mean=15.279-2.216j | min=11.566+0.025j | max=15.384+0.023j
梯度监控 | raw=21.1939 | natural=0.0003 | clipped=0.0003(上限20.0)
原始规范坐标 G(Re Σrow_mean) = +31.4327 | 累计|g| = 18.8901
Ψ矩阵条件数 cond(Ψ) = 1.20e+01
Loss=-30.951138 | E0=-7.86327738+0.00013083j | E1=-7.72047580+0.00023679j|E2=-7.70708078-0.00041735j|E3=-7.66030418-0.00080817j
#-----------------------------------------#
[Step 589] logΨ: mean=15.259-2.158j | min=11.616+2.872j | max=15.390+0.019j
梯度监控 | raw=26.3178 | natural=0.0003 | clipped=0.0003(上限20.0)
原始规范坐标 G(Re Σrow_mean) = +31.3831 | 累计|g| = 18.8901
Ψ矩阵条件数 cond(Ψ) = 1.20e+01
Loss=-30.949202 | E0=-7.86320201+0.00008834j | E1=-7.72018547+0.00035577j|E2=-7.70580905-0.00046221j|E3=-7.66000594-0.00107193j
#-----------------------------------------#
[GaugeReset@590] 吸收 Δg = Σ Re(col_mean) = +31.3831 | 新|g| = 19.0051
[Step 590] logΨ: mean=13.142-0.836j | min=8.028+0.907j | max=13.295+0.020j
梯度监控 | raw=24.7048 | natural=0.0063 | clipped=0.0063(上限20.0)
原始规范坐标 G(Re Σrow_mean) = +31.4135 | 累计|g| = 19.0051
Ψ矩阵条件数 cond(Ψ) = 1.02e+01
Loss=-30.950337 | E0=-7.86306806+0.00004382j | E1=-7.72077928+0.00071101j|E2=-7.70560328-0.00031623j|E3=-7.66088669-0.00006496j
#-----------------------------------------#
[Step 591] logΨ: mean=13.140-0.832j | min=6.715-2.144j | max=13.261+0.036j
梯度监控 | raw=19.1053 | natural=0.0635 | clipped=0.0635(上限20.0)
原始规范坐标 G(Re Σrow_mean) = +31.4944 | 累计|g| = 19.0051
Ψ矩阵条件数 cond(Ψ) = 9.66e+00
Loss=-30.949998 | E0=-7.86331863+0.00003720j | E1=-7.72085847+0.00136484j|E2=-7.70545645-0.00005836j|E3=-7.66036446-0.00055247j
#-----------------------------------------#
[Step 592] logΨ: mean=12.891-0.869j | min=7.640-2.756j | max=13.036+0.150j
梯度监控 | raw=31.7717 | natural=0.0179 | clipped=0.0179(上限20.0)
原始规范坐标 G(Re Σrow_mean) = +31.4011 | 累计|g| = 19.0051
Ψ矩阵条件数 cond(Ψ) = 9.68e+00
Loss=-30.950902 | E0=-7.86374212-0.00009312j | E1=-7.72022669+0.00053646j|E2=-7.70657335+0.00000517j|E3=-7.66036020-0.00096070j
#-----------------------------------------#
[Step 593] logΨ: mean=12.853-0.907j | min=9.139+0.157j | max=13.015+0.158j
梯度监控 | raw=32.5490 | natural=0.0011 | clipped=0.0011(上限20.0)
原始规范坐标 G(Re Σrow_mean) = +31.3707 | 累计|g| = 19.0051
Ψ矩阵条件数 cond(Ψ) = 9.70e+00
Loss=-30.949647 | E0=-7.86333644+0.00003201j | E1=-7.72025271-0.00006342j|E2=-7.70552866+0.00041698j|E3=-7.66052925-0.00075908j
#-----------------------------------------#
[Step 594] logΨ: mean=12.820-0.871j | min=7.772+0.436j | max=13.035+0.285j
梯度监控 | raw=45.0622 | natural=0.0161 | clipped=0.0161(上限20.0)
原始规范坐标 G(Re Σrow_mean) = +31.4893 | 累计|g| = 19.0051
Ψ矩阵条件数 cond(Ψ) = 9.57e+00
Loss=-30.951707 | E0=-7.86357956-0.00014844j | E1=-7.72005541+0.00022596j|E2=-7.70648453+0.00062479j|E3=-7.66158757+0.00151064j
#-----------------------------------------#
[Step 595] logΨ: mean=12.952-1.071j | min=8.076+0.914j | max=13.114+0.424j
梯度监控 | raw=32.7319 | natural=0.0049 | clipped=0.0049(上限20.0)
原始规范坐标 G(Re Σrow_mean) = +31.5880 | 累计|g| = 19.0051
Ψ矩阵条件数 cond(Ψ) = 9.46e+00
Loss=-30.950402 | E0=-7.86328419-0.00011895j | E1=-7.71981115-0.00047653j|E2=-7.70612617+0.00012100j|E3=-7.66118005-0.00005570j
#-----------------------------------------#
[Step 596] logΨ: mean=12.947-1.224j | min=9.169-2.750j | max=13.103+0.427j
梯度监控 | raw=28.9309 | natural=0.0003 | clipped=0.0003(上限20.0)
原始规范坐标 G(Re Σrow_mean) = +31.5822 | 累计|g| = 19.0051
Ψ矩阵条件数 cond(Ψ) = 9.45e+00
Loss=-30.952162 | E0=-7.86324322+0.00000846j | E1=-7.72025939+0.00002583j|E2=-7.70681398-0.00006064j|E3=-7.66184552+0.00088363j
#-----------------------------------------#
[Step 597] logΨ: mean=12.879-1.596j | min=5.762-1.291j | max=13.076+0.381j
梯度监控 | raw=48.6103 | natural=0.0309 | clipped=0.0309(上限20.0)
原始规范坐标 G(Re Σrow_mean) = +31.5009 | 累计|g| = 19.0051
Ψ矩阵条件数 cond(Ψ) = 9.54e+00
Loss=-30.950551 | E0=-7.86350359-0.00001466j | E1=-7.71976735-0.00012271j|E2=-7.70562666-0.00046461j|E3=-7.66165336+0.00145160j
#-----------------------------------------#
[Step 598] logΨ: mean=12.970-1.666j | min=9.038-2.814j | max=13.084+0.379j
梯度监控 | raw=14.5384 | natural=0.0002 | clipped=0.0002(上限20.0)
原始规范坐标 G(Re Σrow_mean) = +31.6159 | 累计|g| = 19.0051
Ψ矩阵条件数 cond(Ψ) = 9.54e+00
Loss=-30.950941 | E0=-7.86325901+0.00000548j | E1=-7.72092583+0.00029045j|E2=-7.70656430-0.00007696j|E3=-7.66019150-0.00138131j
#-----------------------------------------#
[Step 599] logΨ: mean=13.107-1.291j | min=7.555-2.566j | max=13.343+0.541j
梯度监控 | raw=50.0256 | natural=0.0063 | clipped=0.0063(上限20.0)
原始规范坐标 G(Re Σrow_mean) = +31.7055 | 累计|g| = 19.0051
Ψ矩阵条件数 cond(Ψ) = 9.30e+00
Loss=-30.954696 | E0=-7.86411851-0.00026290j | E1=-7.71947635-0.00056366j|E2=-7.70676579+0.00034775j|E3=-7.66433581+0.00334738j
#-----------------------------------------#
[保存] Step 599 → pickle 文件已更新 (600 条记录)
[GaugeReset@600] 吸收 Δg = Σ Re(col_mean) = +31.7055 | 新|g| = 19.1944
训练耗时：941.95 秒

============================================================
训练完成!
============================================================
[保存] 训练结束，pickle 最终写入 600 条记录 → ./data/history_natural_gradient_LiH_molecule_K4.pkl
Loss 曲线已保存: ./日志/0831_loss_curve_gauge_reset_min120.png
logΨ mean 曲线已保存: ./日志/0831_logPsi_mean_curve_gauge_reset_min120.png
Loss 曲线已保存: ./日志/0831_loss_curve_gauge_reset_min120.png
logΨ mean 曲线已保存: ./日志/0831_logPsi_mean_curve_gauge_reset_min120.png
