{
  "bond_lengths": [
    0.4,
    0.6000000000000001,
    0.8,
    1.0,
    1.2000000000000002,
    1.4,
    1.6,
    1.8000000000000003,
    2.0,
    2.2,
    2.4,
    2.6,
    2.8000000000000003,
    3.0
  ],
  "E_hf": [
    -0.9043613941635393,
    -1.1011282422677011,
    -1.1108503974765949,
    -1.0661086493179366,
    -1.0051067065684898,
    -0.9414806547077985,
    -0.8817324499460566,
    -0.8288481479269773,
    -0.7837926542773535,
    -0.7464013499911593,
    -0.7159100604538065,
    -0.6913275611973779,
    -0.6716688597517277,
    -0.6560482511455908
  ],
  "E_fci": [
    -0.9141497046270848,
    -1.1162860068695397,
    -1.1341476666770962,
    -1.1011503302326187,
    -1.0567407463052574,
    -1.015468249288245,
    -0.9834727290331735,
    -0.9618169527925807,
    -0.9486411121761857,
    -0.9412240336932622,
    -0.9372549530096288,
    -0.935196030847474,
    -0.9341510956709365,
    -0.9336318445584986
  ],
  "E_vmc": [
    -0.9100742865258841,
    -1.1161618629741108,
    -1.1340712053199333,
    -1.100139482502016,
    -1.0567546916584665,
    -1.014161860762353,
    -0.9834345393506112,
    -0.9597382241893251,
    -0.9478018130916915,
    -0.9407224901746954,
    -0.9370649379669305,
    -0.9348398117416938,
    -0.931456743461913,
    -0.9335197479770686
  ],
  "E_vmc_err": [
    0.004075418101200712,
    0.00012414389542891868,
    7.646135716288249e-05,
    0.0010108477306025598,
    1.3945353209088296e-05,
    0.0013063885258919328,
    3.818968256230626e-05,
    0.002078728603255642,
    0.000839299084494205,
    0.0005015435185667938,
    0.0001900150426983327,
    0.0003562191057802089,
    0.002694352209023476,
    0.0001120965814299657
  ]
}