26-02-07-52 
============================================================
26-02-07-52 开始多链 NES-VMC 训练 | P8 双侧列规范 + 周期性 gauge reset + 分段冻结
26-02-07-52 ============================================================
26-02-07-52 精确CAS基准：E0=-2.88759483 | E1=-1.40116328 | E2=-0.95215100 | E3=-0.38469286 Ha
26-02-07-52 理论 Loss 上限：-5.62560197
26-02-07-52 总变分参数 P = 1516（每能级 379）
26-02-07-52 超参：clip_norm=20.0, lr=0.1, QGT diag_shift=0.1, RESET_PERIOD=10, N_ITER=300
26-02-07-52 分段冻结（单向 + 立即冻结判据）：CHEM_ACC=1.6e-03 Ha（仅达化学精度即冻结）
26-02-07-52 [Step   0] logΨ: mean=1.853+0.164j | min=-1.525-1.845j | max=3.410+2.453j
26-02-07-52 梯度监控 | raw=4.7099 | natural=2.4312 | clipped=2.4312(上限20.0) | t_grad=2848ms t_qgt=1766ms
26-02-07-52 冻结状态 | frozen_set=[] | P_a/P=1516/1516 | QGT=2298256 | 本轮实际训练参数=1516
26-02-07-52 原始规范坐标 G(Re Σrow_mean) = +1.1539 | 累计|g| = 0.0000
26-02-07-52 Ψ矩阵条件数 cond(Ψ) = 3.98e+01
26-02-07-52 Loss=4.474020 | E0=0.34645313-0.02361065j | E1=0.46281940+0.01254051j|E2=1.49258590+0.01157437j|E3=2.17216139-0.00292688j
26-02-07-52 误差(Ha): e0=3.23e+00 | e1=1.86e+00 | e2=2.44e+00 | e3=2.56e+00
26-02-07-52 #-----------------------------------------#
26-02-07-52 [Step   1] logΨ: mean=2.482+0.254j | min=-0.339+0.530j | max=4.424+2.906j
26-02-07-52 梯度监控 | raw=5.3703 | natural=2.4645 | clipped=2.4645(上限20.0) | t_grad=0ms t_qgt=7ms
26-02-07-52 冻结状态 | frozen_set=[] | P_a/P=1516/1516 | QGT=2298256 | 本轮实际训练参数=1516
26-02-07-52 原始规范坐标 G(Re Σrow_mean) = +1.6738 | 累计|g| = 0.0000
26-02-07-52 Ψ矩阵条件数 cond(Ψ) = 8.67e+00
26-02-07-52 Loss=3.250829 | E0=-0.04932176-0.01050788j | E1=0.10996088+0.01156927j|E2=1.18502537+0.00450214j|E3=2.00516443-0.00101070j
26-02-07-52 误差(Ha): e0=2.84e+00 | e1=1.51e+00 | e2=2.14e+00 | e3=2.39e+00
26-02-07-52 #-----------------------------------------#
26-02-07-52 [Step   2] logΨ: mean=3.352+0.105j | min=-1.102-1.003j | max=5.558+2.863j
26-02-07-52 梯度监控 | raw=5.9736 | natural=2.3733 | clipped=2.3733(上限20.0) | t_grad=0ms t_qgt=9ms
26-02-07-52 冻结状态 | frozen_set=[] | P_a/P=1516/1516 | QGT=2298256 | 本轮实际训练参数=1516
26-02-07-52 原始规范坐标 G(Re Σrow_mean) = +2.3767 | 累计|g| = 0.0000
26-02-07-52 Ψ矩阵条件数 cond(Ψ) = 7.85e+00
26-02-07-52 Loss=1.994931 | E0=-0.40176624-0.02715658j | E1=-0.27980288+0.00395791j|E2=0.81446078+0.02049081j|E3=1.86203928+0.00302933j
26-02-07-52 误差(Ha): e0=2.49e+00 | e1=1.12e+00 | e2=1.77e+00 | e3=2.25e+00
26-02-07-52 #-----------------------------------------#
26-02-07-52 [Step   3] logΨ: mean=4.573+0.029j | min=0.644-1.604j | max=6.722+0.457j
26-02-07-52 梯度监控 | raw=5.5568 | natural=2.2294 | clipped=2.2294(上限20.0) | t_grad=0ms t_qgt=5ms
26-02-07-52 冻结状态 | frozen_set=[] | P_a/P=1516/1516 | QGT=2298256 | 本轮实际训练参数=1516
26-02-07-52 原始规范坐标 G(Re Σrow_mean) = +3.3658 | 累计|g| = 0.0000
26-02-07-52 Ψ矩阵条件数 cond(Ψ) = 1.12e+01
26-02-07-52 Loss=0.460817 | E0=-0.98788814+0.00289731j | E1=-0.56238396+0.03712182j|E2=0.35845055-0.01389208j|E3=1.65263889-0.01560295j
26-02-07-52 误差(Ha): e0=1.90e+00 | e1=8.39e-01 | e2=1.31e+00 | e3=2.04e+00
26-02-07-52 #-----------------------------------------#
26-02-07-52 [Step   4] logΨ: mean=6.009+0.056j | min=-0.105+2.577j | max=8.102+0.402j
26-02-07-52 梯度监控 | raw=5.9999 | natural=2.0054 | clipped=2.0054(上限20.0) | t_grad=0ms t_qgt=4ms
26-02-07-52 冻结状态 | frozen_set=[] | P_a/P=1516/1516 | QGT=2298256 | 本轮实际训练参数=1516
26-02-07-52 原始规范坐标 G(Re Σrow_mean) = +4.4825 | 累计|g| = 0.0000
26-02-07-52 Ψ矩阵条件数 cond(Ψ) = 1.08e+01
26-02-07-52 Loss=-0.948070 | E0=-1.57712395+0.00667477j | E1=-0.81455963+0.00247138j|E2=0.03484798+0.00203014j|E3=1.40876530-0.00550975j
26-02-07-52 误差(Ha): e0=1.31e+00 | e1=5.87e-01 | e2=9.87e-01 | e3=1.79e+00
26-02-07-52 #-----------------------------------------#
26-02-07-52 [Step   5] logΨ: mean=7.540-0.150j | min=1.923+1.426j | max=9.429+0.343j
26-02-07-52 梯度监控 | raw=5.9956 | natural=1.7554 | clipped=1.7554(上限20.0) | t_grad=0ms t_qgt=4ms
26-02-07-52 冻结状态 | frozen_set=[] | P_a/P=1516/1516 | QGT=2298256 | 本轮实际训练参数=1516
26-02-07-52 原始规范坐标 G(Re Σrow_mean) = +5.6981 | 累计|g| = 0.0000
26-02-07-52 Ψ矩阵条件数 cond(Ψ) = 3.68e+01
26-02-07-52 Loss=-2.241588 | E0=-2.18336716+0.00381270j | E1=-0.96407046+0.00274427j|E2=-0.24600498-0.00049296j|E3=1.15185444+0.00889948j
26-02-07-52 误差(Ha): e0=7.04e-01 | e1=4.37e-01 | e2=7.06e-01 | e3=1.54e+00
26-02-07-52 #-----------------------------------------#
26-02-07-52 [Step   6] logΨ: mean=9.065-0.376j | min=2.181-2.604j | max=10.705+0.332j
26-02-07-52 梯度监控 | raw=5.0935 | natural=1.6588 | clipped=1.6588(上限20.0) | t_grad=0ms t_qgt=4ms
26-02-07-52 冻结状态 | frozen_set=[] | P_a/P=1516/1516 | QGT=2298256 | 本轮实际训练参数=1516
26-02-07-52 原始规范坐标 G(Re Σrow_mean) = +6.9041 | 累计|g| = 0.0000
26-02-07-52 Ψ矩阵条件数 cond(Ψ) = 8.03e+00
26-02-07-52 Loss=-3.103326 | E0=-2.44272562-0.00444125j | E1=-1.05586242+0.00328082j|E2=-0.50912284-0.00786770j|E3=0.90438526+0.01794509j
26-02-07-52 误差(Ha): e0=4.45e-01 | e1=3.45e-01 | e2=4.43e-01 | e3=1.29e+00
26-02-07-52 #-----------------------------------------#
26-02-07-52 [Step   7] logΨ: mean=10.460-0.708j | min=3.395+1.422j | max=11.925+0.282j
26-02-07-52 梯度监控 | raw=5.4949 | natural=1.3943 | clipped=1.3943(上限20.0) | t_grad=0ms t_qgt=4ms
26-02-07-52 冻结状态 | frozen_set=[] | P_a/P=1516/1516 | QGT=2298256 | 本轮实际训练参数=1516
26-02-07-52 原始规范坐标 G(Re Σrow_mean) = +8.0141 | 累计|g| = 0.0000
26-02-07-52 Ψ矩阵条件数 cond(Ψ) = 1.16e+01
26-02-07-52 Loss=-3.736443 | E0=-2.58278048-0.00980248j | E1=-1.14915301-0.01026894j|E2=-0.57088190+0.01254468j|E3=0.56637242-0.00357249j
26-02-07-52 误差(Ha): e0=3.05e-01 | e1=2.52e-01 | e2=3.81e-01 | e3=9.51e-01
26-02-07-52 #-----------------------------------------#
26-02-07-52 [Step   8] logΨ: mean=11.946-0.733j | min=4.745-0.553j | max=13.074+0.291j
26-02-07-52 梯度监控 | raw=3.9646 | natural=1.1316 | clipped=1.1316(上限20.0) | t_grad=0ms t_qgt=4ms
26-02-07-52 冻结状态 | frozen_set=[] | P_a/P=1516/1516 | QGT=2298256 | 本轮实际训练参数=1516
26-02-07-52 原始规范坐标 G(Re Σrow_mean) = +9.1569 | 累计|g| = 0.0000
26-02-07-52 Ψ矩阵条件数 cond(Ψ) = 1.06e+01
26-02-07-52 Loss=-4.268847 | E0=-2.73793288+0.00674440j | E1=-1.21581712+0.00161985j|E2=-0.71333124-0.00542829j|E3=0.39823375+0.00616131j
26-02-07-52 误差(Ha): e0=1.50e-01 | e1=1.85e-01 | e2=2.39e-01 | e3=7.83e-01
26-02-07-52 #-----------------------------------------#
26-02-07-52 [Step   9] logΨ: mean=12.926-1.064j | min=7.174-2.705j | max=13.963+0.296j
26-02-07-52 梯度监控 | raw=3.1603 | natural=1.1294 | clipped=1.1294(上限20.0) | t_grad=0ms t_qgt=6ms
26-02-07-52 冻结状态 | frozen_set=[] | P_a/P=1516/1516 | QGT=2298256 | 本轮实际训练参数=1516
26-02-07-52 原始规范坐标 G(Re Σrow_mean) = +9.8623 | 累计|g| = 0.0000
26-02-07-52 Ψ矩阵条件数 cond(Ψ) = 8.47e+00
26-02-07-52 Loss=-4.508770 | E0=-2.81855155+0.00580368j | E1=-1.25746682+0.01220037j|E2=-0.75051994-0.01251706j|E3=0.31776825+0.00763105j
26-02-07-52 误差(Ha): e0=6.90e-02 | e1=1.44e-01 | e2=2.02e-01 | e3=7.02e-01
26-02-07-52 #-----------------------------------------#
26-02-07-52 [GaugeReset@10] 吸收 Δg = Σ Re(col_mean) = +9.8623 | 新|g| = 5.2508
26-02-07-52 [Step  10] logΨ: mean=4.416+0.927j | min=-2.635-0.975j | max=5.185+3.040j
26-02-07-52 梯度监控 | raw=3.9305 | natural=0.9103 | clipped=0.9103(上限20.0) | t_grad=2287ms t_qgt=444ms
26-02-07-52 冻结状态 | frozen_set=[] | P_a/P=1516/1516 | QGT=2298256 | 本轮实际训练参数=1516
26-02-07-52 原始规范坐标 G(Re Σrow_mean) = +10.8517 | 累计|g| = 5.2508
26-02-07-52 Ψ矩阵条件数 cond(Ψ) = 8.43e+00
26-02-07-52 Loss=-4.795821 | E0=-2.78062997+0.00729053j | E1=-1.31622565+0.00248808j|E2=-0.82815753-0.00798190j|E3=0.12919189+0.00256454j
26-02-07-52 误差(Ha): e0=1.07e-01 | e1=8.49e-02 | e2=1.24e-01 | e3=5.14e-01
26-02-07-52 #-----------------------------------------#
26-02-07-52 [Step  11] logΨ: mean=5.485+0.651j | min=-0.518+1.140j | max=6.258+3.103j
26-02-07-52 梯度监控 | raw=3.6690 | natural=0.7798 | clipped=0.7798(上限20.0) | t_grad=0ms t_qgt=4ms
26-02-07-52 冻结状态 | frozen_set=[] | P_a/P=1516/1516 | QGT=2298256 | 本轮实际训练参数=1516
26-02-07-52 原始规范坐标 G(Re Σrow_mean) = +11.5809 | 累计|g| = 5.2508
26-02-07-52 Ψ矩阵条件数 cond(Ψ) = 2.56e+01
26-02-07-52 Loss=-4.895982 | E0=-2.82397361-0.00030641j | E1=-1.32156734-0.00821679j|E2=-0.83320055+0.00200674j|E3=0.08275977-0.00145452j
26-02-07-52 误差(Ha): e0=6.36e-02 | e1=7.96e-02 | e2=1.19e-01 | e3=4.67e-01
26-02-07-52 #-----------------------------------------#
26-02-07-52 [Step  12] logΨ: mean=6.658-0.739j | min=0.681-2.795j | max=7.216+0.082j
26-02-07-52 梯度监控 | raw=2.9662 | natural=0.6365 | clipped=0.6365(上限20.0) | t_grad=0ms t_qgt=5ms
26-02-07-52 冻结状态 | frozen_set=[] | P_a/P=1516/1516 | QGT=2298256 | 本轮实际训练参数=1516
26-02-07-52 原始规范坐标 G(Re Σrow_mean) = +12.3799 | 累计|g| = 5.2508
26-02-07-52 Ψ矩阵条件数 cond(Ψ) = 1.03e+01
26-02-07-52 Loss=-5.053695 | E0=-2.85282855-0.00054541j | E1=-1.35143398-0.00745077j|E2=-0.84957293+0.00640393j|E3=0.00014082+0.00551799j
26-02-07-52 误差(Ha): e0=3.48e-02 | e1=4.97e-02 | e2=1.03e-01 | e3=3.85e-01
26-02-07-52 #-----------------------------------------#
26-02-07-52 [Step  13] logΨ: mean=8.774+0.591j | min=1.600-0.534j | max=9.206+2.631j
26-02-07-52 梯度监控 | raw=3.0114 | natural=1.1460 | clipped=1.1460(上限20.0) | t_grad=0ms t_qgt=4ms
26-02-07-52 冻结状态 | frozen_set=[] | P_a/P=1516/1516 | QGT=2298256 | 本轮实际训练参数=1516
26-02-07-52 原始规范坐标 G(Re Σrow_mean) = +13.7710 | 累计|g| = 5.2508
26-02-07-52 Ψ矩阵条件数 cond(Ψ) = 1.46e+01
26-02-07-52 Loss=-5.127525 | E0=-2.82919039+0.00353645j | E1=-1.35885742-0.00534381j|E2=-0.89778449+0.00356623j|E3=-0.04169292+0.00963318j
26-02-07-52 误差(Ha): e0=5.84e-02 | e1=4.23e-02 | e2=5.44e-02 | e3=3.43e-01
26-02-07-52 #-----------------------------------------#
26-02-07-52 [Step  14] logΨ: mean=9.466+0.829j | min=4.033-0.193j | max=9.877+2.938j
26-02-07-52 梯度监控 | raw=1.8700 | natural=0.4144 | clipped=0.4144(上限20.0) | t_grad=0ms t_qgt=5ms
26-02-07-52 冻结状态 | frozen_set=[] | P_a/P=1516/1516 | QGT=2298256 | 本轮实际训练参数=1516
26-02-07-52 原始规范坐标 G(Re Σrow_mean) = +14.2039 | 累计|g| = 5.2508
26-02-07-52 Ψ矩阵条件数 cond(Ψ) = 1.40e+01
26-02-07-52 Loss=-5.197083 | E0=-2.85596611-0.00046701j | E1=-1.36822938+0.01017328j|E2=-0.91156598-0.00739063j|E3=-0.06132123-0.00174753j
26-02-07-52 误差(Ha): e0=3.16e-02 | e1=3.29e-02 | e2=4.06e-02 | e3=3.23e-01
26-02-07-52 #-----------------------------------------#
26-02-07-52 [Step  15] logΨ: mean=9.922-0.923j | min=4.072+0.172j | max=10.289+0.379j
26-02-07-52 梯度监控 | raw=2.1559 | natural=0.4052 | clipped=0.4052(上限20.0) | t_grad=4ms t_qgt=7ms
26-02-07-52 冻结状态 | frozen_set=[] | P_a/P=1516/1516 | QGT=2298256 | 本轮实际训练参数=1516
26-02-07-52 原始规范坐标 G(Re Σrow_mean) = +14.5181 | 累计|g| = 5.2508
26-02-07-52 Ψ矩阵条件数 cond(Ψ) = 2.23e+01
26-02-07-52 Loss=-5.245879 | E0=-2.85591524-0.00013923j | E1=-1.36671710-0.00183455j|E2=-0.90773598+0.00121742j|E3=-0.11551062+0.00037605j
26-02-07-52 误差(Ha): e0=3.17e-02 | e1=3.44e-02 | e2=4.44e-02 | e3=2.69e-01
26-02-07-52 #-----------------------------------------#
26-02-07-52 [Freeze@16] 能级 0 冻结 | err=2.26e-04 Ha (< 1.6e-03)
26-02-07-52 [重建@16] frozen_set=[0] | P_a/P = 1137/1516 | 重建耗时 0.10s（含编译，一次性）
26-02-07-52 [Step  16] logΨ: mean=8.245+1.118j | min=2.392-3.046j | max=8.511+3.068j
26-02-07-52 梯度监控 | raw=15.0001 | natural=1.8842 | clipped=1.8842(上限20.0) | t_grad=0ms t_qgt=7ms
26-02-07-52 冻结状态 | frozen_set=[0] | P_a/P=1516/1516 | QGT=2298256 | 本轮实际训练参数=1516
26-02-07-52 原始规范坐标 G(Re Σrow_mean) = +13.0550 | 累计|g| = 5.2508
26-02-07-52 Ψ矩阵条件数 cond(Ψ) = 7.52e+00
26-02-07-52 Loss=-5.279039 | E0=-2.88782111-0.02313757j | E1=-1.37740357-0.00336975j|E2=-0.90685110+0.00660332j|E3=-0.10696325-0.00161531j
26-02-07-52 误差(Ha): e0=2.26e-04 | e1=2.38e-02 | e2=4.53e-02 | e3=2.78e-01
26-02-07-52 #-----------------------------------------#
26-02-07-52 [Step  17] logΨ: mean=8.933+0.958j | min=4.886-0.886j | max=9.499+2.839j
26-02-07-52 梯度监控 | raw=63.3118 | natural=0.6803 | clipped=0.6803(上限20.0) | t_grad=3749ms t_qgt=1089ms
26-02-07-52 冻结状态 | frozen_set=[0] | P_a/P=1137/1516 | QGT=1292769 | 本轮实际训练参数=1137
26-02-07-52 原始规范坐标 G(Re Σrow_mean) = +13.2192 | 累计|g| = 5.2508
26-02-07-52 Ψ矩阵条件数 cond(Ψ) = 9.10e+00
26-02-07-52 Loss=-4.793216 | E0=-2.55790768-0.00616267j | E1=-1.37442296+0.00109799j|E2=-0.93489541-0.00038660j|E3=0.07401024-0.00288875j
26-02-07-52 误差(Ha): e0=3.30e-01 | e1=2.67e-02 | e2=1.73e-02 | e3=4.59e-01
26-02-07-52 #-----------------------------------------#
26-02-07-52 [Step  18] logΨ: mean=9.800+0.408j | min=4.771+0.926j | max=10.168+2.320j
26-02-07-52 梯度监控 | raw=64.7311 | natural=0.4369 | clipped=0.4369(上限20.0) | t_grad=0ms t_qgt=5ms
26-02-07-52 冻结状态 | frozen_set=[0] | P_a/P=1137/1516 | QGT=1292769 | 本轮实际训练参数=1137
26-02-07-52 原始规范坐标 G(Re Σrow_mean) = +13.8149 | 累计|g| = 5.2508
26-02-07-52 Ψ矩阵条件数 cond(Ψ) = 9.90e+00
26-02-07-52 Loss=-5.029721 | E0=-2.65492070-0.00739534j | E1=-1.38139344-0.00189292j|E2=-0.93594063-0.00205624j|E3=-0.05746657+0.01471590j
26-02-07-52 误差(Ha): e0=2.33e-01 | e1=1.98e-02 | e2=1.62e-02 | e3=3.27e-01
26-02-07-52 #-----------------------------------------#
26-02-07-52 [Step  19] logΨ: mean=9.968+0.317j | min=5.421-1.455j | max=10.417+2.209j
26-02-07-52 梯度监控 | raw=77.0512 | natural=0.4489 | clipped=0.4489(上限20.0) | t_grad=0ms t_qgt=4ms
26-02-07-52 冻结状态 | frozen_set=[0] | P_a/P=1137/1516 | QGT=1292769 | 本轮实际训练参数=1137
26-02-07-52 原始规范坐标 G(Re Σrow_mean) = +13.9222 | 累计|g| = 5.2508
26-02-07-52 Ψ矩阵条件数 cond(Ψ) = 6.72e+00
26-02-07-52 Loss=-5.036655 | E0=-2.68643177-0.00245760j | E1=-1.37817889-0.00065144j|E2=-0.92752735+0.00007467j|E3=-0.04451694+0.00670147j
26-02-07-52 误差(Ha): e0=2.01e-01 | e1=2.30e-02 | e2=2.46e-02 | e3=3.40e-01
26-02-07-52 #-----------------------------------------#
26-02-07-52 [保存] Step 19 → pickle 文件已更新 (20 条记录)
26-02-07-52 [GaugeReset@20] 吸收 Δg = Σ Re(col_mean) = +13.9222 | 新|g| = 7.3001
26-02-07-52 [Step  20] logΨ: mean=3.454+1.140j | min=-1.469+0.916j | max=3.962+3.011j
26-02-07-52 梯度监控 | raw=95.6674 | natural=0.7988 | clipped=0.7988(上限20.0) | t_grad=0ms t_qgt=5ms
26-02-07-52 冻结状态 | frozen_set=[0] | P_a/P=1137/1516 | QGT=1292769 | 本轮实际训练参数=1137
26-02-07-52 原始规范坐标 G(Re Σrow_mean) = +12.5096 | 累计|g| = 7.3001
26-02-07-52 Ψ矩阵条件数 cond(Ψ) = 1.02e+01
26-02-07-52 Loss=-4.995155 | E0=-2.64219585+0.00166625j | E1=-1.39581203+0.00049868j|E2=-0.94168548-0.00008807j|E3=-0.01546121-0.00122066j
26-02-07-52 误差(Ha): e0=2.45e-01 | e1=5.35e-03 | e2=1.05e-02 | e3=3.69e-01
26-02-07-52 #-----------------------------------------#
26-02-07-52 [Step  21] logΨ: mean=3.762+1.075j | min=-0.873-1.533j | max=4.196+3.099j
26-02-07-52 梯度监控 | raw=7.6162 | natural=0.4867 | clipped=0.4867(上限20.0) | t_grad=0ms t_qgt=6ms
26-02-07-52 冻结状态 | frozen_set=[0] | P_a/P=1137/1516 | QGT=1292769 | 本轮实际训练参数=1137
26-02-07-52 原始规范坐标 G(Re Σrow_mean) = +12.8145 | 累计|g| = 7.3001
26-02-07-52 Ψ矩阵条件数 cond(Ψ) = 5.23e+00
26-02-07-52 Loss=-5.140543 | E0=-2.82257726-0.00145402j | E1=-1.37291857+0.00083905j|E2=-0.90284218+0.00190044j|E3=-0.04220530-0.00430287j
26-02-07-52 误差(Ha): e0=6.50e-02 | e1=2.82e-02 | e2=4.93e-02 | e3=3.42e-01
26-02-07-52 #-----------------------------------------#
26-02-07-52 [Step  22] logΨ: mean=3.513+1.473j | min=-1.906-0.348j | max=3.995+3.083j
26-02-07-52 梯度监控 | raw=11.3210 | natural=0.6697 | clipped=0.6697(上限20.0) | t_grad=0ms t_qgt=5ms
26-02-07-52 冻结状态 | frozen_set=[0] | P_a/P=1137/1516 | QGT=1292769 | 本轮实际训练参数=1137
26-02-07-52 原始规范坐标 G(Re Σrow_mean) = +12.4993 | 累计|g| = 7.3001
26-02-07-52 Ψ矩阵条件数 cond(Ψ) = 5.44e+00
26-02-07-52 Loss=-5.108252 | E0=-2.79705989-0.00729683j | E1=-1.36935509-0.00556989j|E2=-0.89951579+0.00473987j|E3=-0.04232094+0.00109602j
26-02-07-52 误差(Ha): e0=9.05e-02 | e1=3.18e-02 | e2=5.26e-02 | e3=3.42e-01
26-02-07-52 #-----------------------------------------#
26-02-07-52 [Step  23] logΨ: mean=4.112+0.134j | min=-0.522-2.867j | max=4.530+0.081j
26-02-07-52 梯度监控 | raw=6.7121 | natural=0.4725 | clipped=0.4725(上限20.0) | t_grad=0ms t_qgt=7ms
26-02-07-52 冻结状态 | frozen_set=[0] | P_a/P=1137/1516 | QGT=1292769 | 本轮实际训练参数=1137
26-02-07-52 原始规范坐标 G(Re Σrow_mean) = +12.7668 | 累计|g| = 7.3001
26-02-07-52 Ψ矩阵条件数 cond(Ψ) = 5.60e+00
26-02-07-52 Loss=-5.181808 | E0=-2.82402561+0.00085933j | E1=-1.37625409-0.00431028j|E2=-0.90176857+0.00301024j|E3=-0.07975966+0.00571302j
26-02-07-52 误差(Ha): e0=6.36e-02 | e1=2.49e-02 | e2=5.04e-02 | e3=3.05e-01
26-02-07-52 #-----------------------------------------#
26-02-07-52 [Step  24] logΨ: mean=4.623-1.390j | min=-1.028-2.282j | max=5.013+0.147j
26-02-07-52 梯度监控 | raw=8.6633 | natural=0.3916 | clipped=0.3916(上限20.0) | t_grad=3ms t_qgt=8ms
26-02-07-52 冻结状态 | frozen_set=[0] | P_a/P=1137/1516 | QGT=1292769 | 本轮实际训练参数=1137
26-02-07-52 原始规范坐标 G(Re Σrow_mean) = +13.1885 | 累计|g| = 7.3001
26-02-07-52 Ψ矩阵条件数 cond(Ψ) = 5.72e+00
26-02-07-52 Loss=-5.196978 | E0=-2.81992466+0.00050108j | E1=-1.37847536-0.00461832j|E2=-0.91435362+0.00213984j|E3=-0.08422396-0.00230220j
26-02-07-52 误差(Ha): e0=6.77e-02 | e1=2.27e-02 | e2=3.78e-02 | e3=3.00e-01
26-02-07-52 #-----------------------------------------#
26-02-07-52 [Step  25] logΨ: mean=4.985-0.729j | min=0.257-2.617j | max=5.394+0.419j
26-02-07-52 梯度监控 | raw=9.1708 | natural=0.4128 | clipped=0.4128(上限20.0) | t_grad=1ms t_qgt=5ms
26-02-07-52 冻结状态 | frozen_set=[0] | P_a/P=1137/1516 | QGT=1292769 | 本轮实际训练参数=1137
26-02-07-52 原始规范坐标 G(Re Σrow_mean) = +13.4205 | 累计|g| = 7.3001
26-02-07-52 Ψ矩阵条件数 cond(Ψ) = 6.15e+00
26-02-07-52 Loss=-5.185264 | E0=-2.81170723+0.00170111j | E1=-1.38508699-0.00362791j|E2=-0.90473031+0.00255867j|E3=-0.08373960-0.00480864j
26-02-07-52 误差(Ha): e0=7.59e-02 | e1=1.61e-02 | e2=4.74e-02 | e3=3.01e-01
26-02-07-52 #-----------------------------------------#
26-02-07-52 [Step  26] logΨ: mean=5.040+0.987j | min=-0.377-2.582j | max=5.468+2.920j
26-02-07-52 梯度监控 | raw=5.7391 | natural=0.9526 | clipped=0.9526(上限20.0) | t_grad=0ms t_qgt=7ms
26-02-07-52 冻结状态 | frozen_set=[0] | P_a/P=1137/1516 | QGT=1292769 | 本轮实际训练参数=1137
26-02-07-52 原始规范坐标 G(Re Σrow_mean) = +13.6206 | 累计|g| = 7.3001
26-02-07-52 Ψ矩阵条件数 cond(Ψ) = 5.05e+00
26-02-07-52 Loss=-5.147166 | E0=-2.80959435-0.03023399j | E1=-1.38113010+0.00395448j|E2=-0.88190001+0.00027712j|E3=-0.07454188+0.00639720j
26-02-07-52 误差(Ha): e0=7.80e-02 | e1=2.00e-02 | e2=7.03e-02 | e3=3.10e-01
26-02-07-52 #-----------------------------------------#
26-02-07-52 [Step  27] logΨ: mean=5.675+1.696j | min=0.887+2.376j | max=6.058+2.911j
26-02-07-52 梯度监控 | raw=17.9193 | natural=0.4075 | clipped=0.4075(上限20.0) | t_grad=0ms t_qgt=5ms
26-02-07-52 冻结状态 | frozen_set=[0] | P_a/P=1137/1516 | QGT=1292769 | 本轮实际训练参数=1137
26-02-07-52 原始规范坐标 G(Re Σrow_mean) = +14.0336 | 累计|g| = 7.3001
26-02-07-52 Ψ矩阵条件数 cond(Ψ) = 5.16e+00
26-02-07-52 Loss=-5.172477 | E0=-2.80752115+0.00110423j | E1=-1.38235410-0.00198646j|E2=-0.91419231+0.00179442j|E3=-0.06840968-0.00177537j
26-02-07-52 误差(Ha): e0=8.01e-02 | e1=1.88e-02 | e2=3.80e-02 | e3=3.16e-01
26-02-07-52 #-----------------------------------------#
26-02-07-52 [Step  28] logΨ: mean=6.376+0.322j | min=1.022+3.105j | max=6.751+0.019j
26-02-07-52 梯度监控 | raw=16.3261 | natural=0.4086 | clipped=0.4086(上限20.0) | t_grad=0ms t_qgt=7ms
26-02-07-52 冻结状态 | frozen_set=[0] | P_a/P=1137/1516 | QGT=1292769 | 本轮实际训练参数=1137
26-02-07-52 原始规范坐标 G(Re Σrow_mean) = +14.5162 | 累计|g| = 7.3001
26-02-07-52 Ψ矩阵条件数 cond(Ψ) = 5.34e+00
26-02-07-52 Loss=-5.198912 | E0=-2.80780235+0.00159262j | E1=-1.38909217-0.00332961j|E2=-0.91278122-0.00052874j|E3=-0.08923604+0.00028625j
26-02-07-52 误差(Ha): e0=7.98e-02 | e1=1.21e-02 | e2=3.94e-02 | e3=2.95e-01
26-02-07-52 #-----------------------------------------#
26-02-07-52 [Step  29] logΨ: mean=6.755+0.175j | min=1.434-0.394j | max=7.108+0.018j
26-02-07-52 梯度监控 | raw=19.0047 | natural=0.2843 | clipped=0.2843(上限20.0) | t_grad=0ms t_qgt=6ms
26-02-07-52 冻结状态 | frozen_set=[0] | P_a/P=1137/1516 | QGT=1292769 | 本轮实际训练参数=1137
26-02-07-52 原始规范坐标 G(Re Σrow_mean) = +14.8561 | 累计|g| = 7.3001
26-02-07-52 Ψ矩阵条件数 cond(Ψ) = 5.92e+00
26-02-07-52 Loss=-5.239725 | E0=-2.80892864+0.00019992j | E1=-1.39356407+0.00192698j|E2=-0.92331125-0.00153981j|E3=-0.11392075-0.01524181j
26-02-07-52 误差(Ha): e0=7.87e-02 | e1=7.60e-03 | e2=2.88e-02 | e3=2.71e-01
26-02-07-52 #-----------------------------------------#
26-02-07-52 [GaugeReset@30] 吸收 Δg = Σ Re(col_mean) = +14.8561 | 新|g| = 7.6928
26-02-07-52 [Step  30] logΨ: mean=6.281+0.317j | min=1.395-0.618j | max=6.583+1.764j
26-02-07-52 梯度监控 | raw=11.4073 | natural=0.2634 | clipped=0.2634(上限20.0) | t_grad=0ms t_qgt=9ms
26-02-07-52 冻结状态 | frozen_set=[0] | P_a/P=1137/1516 | QGT=1292769 | 本轮实际训练参数=1137
26-02-07-52 原始规范坐标 G(Re Σrow_mean) = +15.1505 | 累计|g| = 7.6928
26-02-07-52 Ψ矩阵条件数 cond(Ψ) = 5.52e+00
26-02-07-52 Loss=-5.262909 | E0=-2.81937781+0.00159145j | E1=-1.39039161-0.00370839j|E2=-0.92451579+0.00264847j|E3=-0.12862358-0.00164469j
26-02-07-52 误差(Ha): e0=6.82e-02 | e1=1.08e-02 | e2=2.76e-02 | e3=2.56e-01
26-02-07-52 #-----------------------------------------#
26-02-07-52 [Step  31] logΨ: mean=6.761+0.119j | min=0.421+1.554j | max=7.113+1.464j
26-02-07-52 梯度监控 | raw=8.2385 | natural=0.3101 | clipped=0.3101(上限20.0) | t_grad=0ms t_qgt=6ms
26-02-07-52 冻结状态 | frozen_set=[0] | P_a/P=1137/1516 | QGT=1292769 | 本轮实际训练参数=1137
26-02-07-52 原始规范坐标 G(Re Σrow_mean) = +15.4475 | 累计|g| = 7.6928
26-02-07-52 Ψ矩阵条件数 cond(Ψ) = 4.88e+00
26-02-07-52 Loss=-5.240672 | E0=-2.83079953+0.00295148j | E1=-1.39220615-0.00214677j|E2=-0.92959015+0.00083434j|E3=-0.08807663+0.00108795j
26-02-07-52 误差(Ha): e0=5.68e-02 | e1=8.96e-03 | e2=2.26e-02 | e3=2.97e-01
26-02-07-52 #-----------------------------------------#
26-02-07-52 [Freeze@32] 能级 1 冻结 | err=1.45e-04 Ha (< 1.6e-03)
26-02-07-52 [重建@32] frozen_set=[0, 1] | P_a/P = 758/1516 | 重建耗时 0.07s（含编译，一次性）
26-02-07-52 [Step  32] logΨ: mean=7.150-0.266j | min=3.547+2.026j | max=7.473+1.404j
26-02-07-52 梯度监控 | raw=10.6671 | natural=0.2495 | clipped=0.2495(上限20.0) | t_grad=0ms t_qgt=7ms
26-02-07-52 冻结状态 | frozen_set=[0, 1] | P_a/P=1137/1516 | QGT=1292769 | 本轮实际训练参数=1137
26-02-07-52 原始规范坐标 G(Re Σrow_mean) = +15.7059 | 累计|g| = 7.6928
26-02-07-52 Ψ矩阵条件数 cond(Ψ) = 7.80e+00
26-02-07-52 Loss=-5.280101 | E0=-2.82505538+0.00167826j | E1=-1.40101810+0.00241222j|E2=-0.93300699-0.00244123j|E3=-0.12102063+0.00006701j
26-02-07-52 误差(Ha): e0=6.25e-02 | e1=1.45e-04 | e2=1.91e-02 | e3=2.64e-01
26-02-07-52 #-----------------------------------------#
26-02-07-52 [Step  33] logΨ: mean=7.529-0.387j | min=1.979-2.791j | max=7.876+1.438j
26-02-07-52 梯度监控 | raw=7.7189 | natural=0.1485 | clipped=0.1485(上限20.0) | t_grad=2912ms t_qgt=1270ms
26-02-07-52 冻结状态 | frozen_set=[0, 1] | P_a/P=758/1516 | QGT=574564 | 本轮实际训练参数=758
26-02-07-52 原始规范坐标 G(Re Σrow_mean) = +15.9211 | 累计|g| = 7.6928
26-02-07-52 Ψ矩阵条件数 cond(Ψ) = 6.40e+00
26-02-07-52 Loss=-5.284570 | E0=-2.83468473+0.00058514j | E1=-1.41113882+0.00448912j|E2=-0.89793788-0.00283997j|E3=-0.14080904+0.00593971j
26-02-07-52 误差(Ha): e0=5.29e-02 | e1=9.98e-03 | e2=5.42e-02 | e3=2.44e-01
26-02-07-52 #-----------------------------------------#
26-02-07-52 [Step  34] logΨ: mean=6.887-0.488j | min=-1.863+1.266j | max=7.266+1.178j
26-02-07-52 梯度监控 | raw=4.5410 | natural=1.1039 | clipped=1.1039(上限20.0) | t_grad=3ms t_qgt=5ms
26-02-07-52 冻结状态 | frozen_set=[0, 1] | P_a/P=758/1516 | QGT=574564 | 本轮实际训练参数=758
26-02-07-52 原始规范坐标 G(Re Σrow_mean) = +15.5977 | 累计|g| = 7.6928
26-02-07-52 Ψ矩阵条件数 cond(Ψ) = 3.91e+00
26-02-07-52 Loss=-5.200598 | E0=-2.78646485+0.00074811j | E1=-1.39875639+0.00150505j|E2=-0.93062998+0.00316423j|E3=-0.08474646+0.00457826j
26-02-07-52 误差(Ha): e0=1.01e-01 | e1=2.41e-03 | e2=2.15e-02 | e3=3.00e-01
26-02-07-52 #-----------------------------------------#
26-02-07-52 [Step  35] logΨ: mean=2.774-1.483j | min=-3.244+1.727j | max=3.200+0.136j
26-02-07-52 梯度监控 | raw=39.1572 | natural=3.2241 | clipped=3.2241(上限20.0) | t_grad=0ms t_qgt=51ms
26-02-07-52 冻结状态 | frozen_set=[0, 1] | P_a/P=758/1516 | QGT=574564 | 本轮实际训练参数=758
26-02-07-52 原始规范坐标 G(Re Σrow_mean) = +10.4774 | 累计|g| = 7.6928
26-02-07-52 Ψ矩阵条件数 cond(Ψ) = 1.56e+01
26-02-07-52 Loss=-5.230474 | E0=-2.81869651-0.08215746j | E1=-1.40113542-0.00031361j|E2=-0.93782727+0.00074305j|E3=-0.07281460+0.00052231j
26-02-07-52 误差(Ha): e0=6.89e-02 | e1=2.79e-05 | e2=1.43e-02 | e3=3.12e-01
26-02-07-52 #-----------------------------------------#
26-02-07-53 [Step  36] logΨ: mean=3.327-0.200j | min=-3.331-2.074j | max=3.691+3.117j
26-02-07-53 梯度监控 | raw=24.5972 | natural=0.1494 | clipped=0.1494(上限20.0) | t_grad=7ms t_qgt=18ms
26-02-07-53 冻结状态 | frozen_set=[0, 1] | P_a/P=758/1516 | QGT=574564 | 本轮实际训练参数=758
26-02-07-53 原始规范坐标 G(Re Σrow_mean) = +11.5622 | 累计|g| = 7.6928
26-02-07-53 Ψ矩阵条件数 cond(Ψ) = 1.86e+01
26-02-07-53 Loss=-5.277084 | E0=-2.85691999-0.00105556j | E1=-1.39199829-0.00009505j|E2=-0.94236166-0.00104655j|E3=-0.08580392+0.00228941j
26-02-07-53 误差(Ha): e0=3.07e-02 | e1=9.16e-03 | e2=9.79e-03 | e3=2.99e-01
26-02-07-53 #-----------------------------------------#
26-02-07-53 [Step  37] logΨ: mean=3.071-1.182j | min=0.138+0.625j | max=3.494+0.352j
26-02-07-53 梯度监控 | raw=26.6128 | natural=0.1807 | clipped=0.1807(上限20.0) | t_grad=2ms t_qgt=5ms
26-02-07-53 冻结状态 | frozen_set=[0, 1] | P_a/P=758/1516 | QGT=574564 | 本轮实际训练参数=758
26-02-07-53 原始规范坐标 G(Re Σrow_mean) = +12.4890 | 累计|g| = 7.6928
26-02-07-53 Ψ矩阵条件数 cond(Ψ) = 2.05e+01
26-02-07-53 Loss=-5.246611 | E0=-2.84336674+0.00222079j | E1=-1.39721906-0.00339125j|E2=-0.92870018+0.00155396j|E3=-0.07732461-0.01913610j
26-02-07-53 误差(Ha): e0=4.42e-02 | e1=3.94e-03 | e2=2.35e-02 | e3=3.07e-01
26-02-07-53 #-----------------------------------------#
26-02-07-53 [Step  38] logΨ: mean=3.709-1.361j | min=-2.177+1.685j | max=4.110+0.552j
26-02-07-53 梯度监控 | raw=44.2758 | natural=0.4437 | clipped=0.4437(上限20.0) | t_grad=0ms t_qgt=7ms
26-02-07-53 冻结状态 | frozen_set=[0, 1] | P_a/P=758/1516 | QGT=574564 | 本轮实际训练参数=758
26-02-07-53 原始规范坐标 G(Re Σrow_mean) = +12.7834 | 累计|g| = 7.6928
26-02-07-53 Ψ矩阵条件数 cond(Ψ) = 2.33e+01
26-02-07-53 Loss=-5.183944 | E0=-2.82662270+0.00370706j | E1=-1.38575580-0.00289564j|E2=-0.93056015+0.00134951j|E3=-0.04100584-0.03585676j
26-02-07-53 误差(Ha): e0=6.10e-02 | e1=1.54e-02 | e2=2.16e-02 | e3=3.44e-01
26-02-07-53 #-----------------------------------------#
26-02-07-53 [Step  39] logΨ: mean=3.777-1.083j | min=0.090-0.415j | max=4.143+0.866j
26-02-07-53 梯度监控 | raw=74.9623 | natural=0.2055 | clipped=0.2055(上限20.0) | t_grad=1ms t_qgt=7ms
26-02-07-53 冻结状态 | frozen_set=[0, 1] | P_a/P=758/1516 | QGT=574564 | 本轮实际训练参数=758
26-02-07-53 原始规范坐标 G(Re Σrow_mean) = +12.8467 | 累计|g| = 7.6928
26-02-07-53 Ψ矩阵条件数 cond(Ψ) = 3.25e+01
26-02-07-53 Loss=-5.233426 | E0=-2.84280155+0.00448192j | E1=-1.39643687+0.00483957j|E2=-0.93423709-0.00260670j|E3=-0.05995035-0.05031043j
26-02-07-53 误差(Ha): e0=4.48e-02 | e1=4.73e-03 | e2=1.79e-02 | e3=3.25e-01
26-02-07-53 #-----------------------------------------#
26-02-07-53 [保存] Step 39 → pickle 文件已更新 (40 条记录)
26-02-07-53 [GaugeReset@40] 吸收 Δg = Σ Re(col_mean) = +12.8467 | 新|g| = 6.6458
26-02-07-53 [Step  40] logΨ: mean=6.232-0.450j | min=1.959-0.850j | max=6.580+1.676j
26-02-07-53 梯度监控 | raw=18.2684 | natural=0.4313 | clipped=0.4313(上限20.0) | t_grad=0ms t_qgt=5ms
26-02-07-53 冻结状态 | frozen_set=[0, 1] | P_a/P=758/1516 | QGT=574564 | 本轮实际训练参数=758
26-02-07-53 原始规范坐标 G(Re Σrow_mean) = +13.0761 | 累计|g| = 6.6458
26-02-07-53 Ψ矩阵条件数 cond(Ψ) = 1.71e+01
26-02-07-53 Loss=-5.261717 | E0=-2.83053188+0.00305139j | E1=-1.39489083-0.00010703j|E2=-0.93056695+0.00118913j|E3=-0.10572738-0.02826078j
26-02-07-53 误差(Ha): e0=5.71e-02 | e1=6.27e-03 | e2=2.16e-02 | e3=2.79e-01
26-02-07-53 #-----------------------------------------#
26-02-07-53 [Step  41] logΨ: mean=6.555+0.208j | min=1.162-1.986j | max=6.754+1.890j
26-02-07-53 梯度监控 | raw=1.9669 | natural=0.1488 | clipped=0.1488(上限20.0) | t_grad=1ms t_qgt=22ms
26-02-07-53 冻结状态 | frozen_set=[0, 1] | P_a/P=758/1516 | QGT=574564 | 本轮实际训练参数=758
26-02-07-53 原始规范坐标 G(Re Σrow_mean) = +13.1658 | 累计|g| = 6.6458
26-02-07-53 Ψ矩阵条件数 cond(Ψ) = 8.54e+01
26-02-07-53 Loss=-5.332962 | E0=-2.83508766+0.00488918j | E1=-1.39679063+0.00460747j|E2=-0.92535599-0.00210212j|E3=-0.17572811+0.00045215j
26-02-07-53 误差(Ha): e0=5.25e-02 | e1=4.37e-03 | e2=2.68e-02 | e3=2.09e-01
26-02-07-53 #-----------------------------------------#
26-02-07-53 [Step  42] logΨ: mean=6.852+0.105j | min=1.639-1.884j | max=7.091+1.716j
26-02-07-53 梯度监控 | raw=10.4427 | natural=0.1834 | clipped=0.1834(上限20.0) | t_grad=2ms t_qgt=5ms
26-02-07-53 冻结状态 | frozen_set=[0, 1] | P_a/P=758/1516 | QGT=574564 | 本轮实际训练参数=758
26-02-07-53 原始规范坐标 G(Re Σrow_mean) = +13.7611 | 累计|g| = 6.6458
26-02-07-53 Ψ矩阵条件数 cond(Ψ) = 1.49e+01
26-02-07-53 Loss=-5.319950 | E0=-2.82835785+0.00449707j | E1=-1.39264055-0.00262449j|E2=-0.92137834+0.00074440j|E3=-0.17757356+0.00240678j
26-02-07-53 误差(Ha): e0=5.92e-02 | e1=8.52e-03 | e2=3.08e-02 | e3=2.07e-01
26-02-07-53 #-----------------------------------------#
26-02-07-53 [Step  43] logΨ: mean=11.648-0.780j | min=0.178+0.208j | max=11.855+1.463j
26-02-07-53 梯度监控 | raw=6.3547 | natural=0.7325 | clipped=0.7325(上限20.0) | t_grad=0ms t_qgt=12ms
26-02-07-53 冻结状态 | frozen_set=[0, 1] | P_a/P=758/1516 | QGT=574564 | 本轮实际训练参数=758
26-02-07-53 原始规范坐标 G(Re Σrow_mean) = +14.9573 | 累计|g| = 6.6458
26-02-07-53 Ψ矩阵条件数 cond(Ψ) = 1.33e+01
26-02-07-53 Loss=-5.316693 | E0=-2.82828179-0.00519987j | E1=-1.39997739+0.00113038j|E2=-0.93882324-0.00076170j|E3=-0.14961013+0.00483725j
26-02-07-53 误差(Ha): e0=5.93e-02 | e1=1.19e-03 | e2=1.33e-02 | e3=2.35e-01
26-02-07-53 #-----------------------------------------#
26-02-07-53 [Step  44] logΨ: mean=5.407-0.445j | min=0.824-2.597j | max=5.763+0.390j
26-02-07-53 梯度监控 | raw=0.9005 | natural=0.3288 | clipped=0.3288(上限20.0) | t_grad=1ms t_qgt=6ms
26-02-07-53 冻结状态 | frozen_set=[0, 1] | P_a/P=758/1516 | QGT=574564 | 本轮实际训练参数=758
26-02-07-53 原始规范坐标 G(Re Σrow_mean) = +12.2258 | 累计|g| = 6.6458
26-02-07-53 Ψ矩阵条件数 cond(Ψ) = 1.29e+01
26-02-07-53 Loss=-5.258909 | E0=-2.85559779+0.00006040j | E1=-1.38191116+0.00030177j|E2=-0.94326549+0.00067165j|E3=-0.07813488+0.00053993j
26-02-07-53 误差(Ha): e0=3.20e-02 | e1=1.93e-02 | e2=8.89e-03 | e3=3.07e-01
26-02-07-53 #-----------------------------------------#
26-02-07-53 [Step  45] logΨ: mean=4.722+0.830j | min=2.100+2.436j | max=5.181+1.429j
26-02-07-53 梯度监控 | raw=2.2957 | natural=0.8324 | clipped=0.8324(上限20.0) | t_grad=1ms t_qgt=9ms
26-02-07-53 冻结状态 | frozen_set=[0, 1] | P_a/P=758/1516 | QGT=574564 | 本轮实际训练参数=758
26-02-07-53 原始规范坐标 G(Re Σrow_mean) = +11.9531 | 累计|g| = 6.6458
26-02-07-53 Ψ矩阵条件数 cond(Ψ) = 9.11e+00
26-02-07-53 Loss=-5.150261 | E0=-2.84343286-0.00428709j | E1=-1.40116325-0.00000001j|E2=-0.94623901+0.00103009j|E3=0.04057410+0.04004135j
26-02-07-53 误差(Ha): e0=4.42e-02 | e1=2.85e-08 | e2=5.91e-03 | e3=4.25e-01
26-02-07-53 #-----------------------------------------#
26-02-07-53 [Step  46] logΨ: mean=4.691+0.219j | min=1.874+1.806j | max=5.181+0.781j
26-02-07-53 梯度监控 | raw=3.6371 | natural=0.7689 | clipped=0.7689(上限20.0) | t_grad=1ms t_qgt=6ms
26-02-07-53 冻结状态 | frozen_set=[0, 1] | P_a/P=758/1516 | QGT=574564 | 本轮实际训练参数=758
26-02-07-53 原始规范坐标 G(Re Σrow_mean) = +12.0123 | 累计|g| = 6.6458
26-02-07-53 Ψ矩阵条件数 cond(Ψ) = 9.41e+00
26-02-07-53 Loss=-5.138713 | E0=-2.85731649-0.01905285j | E1=-1.40116327-0.00000001j|E2=-0.94487895+0.00066359j|E3=0.06464544+0.03913891j
26-02-07-53 误差(Ha): e0=3.03e-02 | e1=8.39e-09 | e2=7.27e-03 | e3=4.49e-01
26-02-07-53 #-----------------------------------------#
26-02-07-53 [Step  47] logΨ: mean=4.550-0.331j | min=1.472+1.249j | max=5.076+0.235j
26-02-07-53 梯度监控 | raw=4.9031 | natural=0.7576 | clipped=0.7576(上限20.0) | t_grad=1ms t_qgt=4ms
26-02-07-53 冻结状态 | frozen_set=[0, 1] | P_a/P=758/1516 | QGT=574564 | 本轮实际训练参数=758
26-02-07-53 原始规范坐标 G(Re Σrow_mean) = +12.1058 | 累计|g| = 6.6458
26-02-07-53 Ψ矩阵条件数 cond(Ψ) = 9.65e+00
26-02-07-53 Loss=-5.175905 | E0=-2.85477465-0.01687523j | E1=-1.40116331-0.00000000j|E2=-0.94522845+0.00094884j|E3=0.02526130-0.01127616j
26-02-07-53 误差(Ha): e0=3.28e-02 | e1=2.96e-08 | e2=6.92e-03 | e3=4.10e-01
26-02-07-53 #-----------------------------------------#
26-02-07-53 【Step 48 告警】梯度异常！nan=False, raw_grad_norm=100274.32
26-02-07-53 [Step  48] logΨ: mean=1.367-0.108j | min=-4.338+1.315j | max=3.922+2.514j
26-02-07-53 梯度监控 | raw=100274.3233 | natural=509.1170 | clipped=20.0000(上限20.0) | t_grad=1ms t_qgt=4ms
26-02-07-53 冻结状态 | frozen_set=[0, 1] | P_a/P=758/1516 | QGT=574564 | 本轮实际训练参数=758
26-02-07-53 原始规范坐标 G(Re Σrow_mean) = +10.5087 | 累计|g| = 6.6458
26-02-07-53 Ψ矩阵条件数 cond(Ψ) = 2.63e+01
26-02-07-53 Loss=31.635921 | E0=-2.87313010+0.36022534j | E1=-1.41368431-0.20578261j|E2=-1.22318284+0.16949861j|E3=37.14591790-43.91106042j
26-02-07-53 误差(Ha): e0=1.45e-02 | e1=1.25e-02 | e2=2.71e-01 | e3=3.75e+01
26-02-07-53 #-----------------------------------------#
26-02-07-53 [Step  49] logΨ: mean=2.179-0.667j | min=0.434-1.851j | max=2.853+0.491j
26-02-07-53 梯度监控 | raw=37.4784 | natural=0.7824 | clipped=0.7824(上限20.0) | t_grad=0ms t_qgt=5ms
26-02-07-53 冻结状态 | frozen_set=[0, 1] | P_a/P=758/1516 | QGT=574564 | 本轮实际训练参数=758
26-02-07-53 原始规范坐标 G(Re Σrow_mean) = +11.1149 | 累计|g| = 6.6458
26-02-07-53 Ψ矩阵条件数 cond(Ψ) = 2.67e+01
26-02-07-53 Loss=-4.595184 | E0=-2.71003276+0.00514908j | E1=-1.07794615-0.29073180j|E2=-0.71041614+0.49647385j|E3=-0.09678879+0.09422848j
26-02-07-53 误差(Ha): e0=1.78e-01 | e1=3.23e-01 | e2=2.42e-01 | e3=2.88e-01
26-02-07-53 #-----------------------------------------#
26-02-07-53 [GaugeReset@50] 吸收 Δg = Σ Re(col_mean) = +11.1149 | 新|g| = 5.9225
26-02-07-53 [Step  50] logΨ: mean=4.636+0.562j | min=2.673-2.932j | max=5.339+2.523j
26-02-07-53 梯度监控 | raw=34.6067 | natural=0.8847 | clipped=0.8847(上限20.0) | t_grad=0ms t_qgt=7ms
26-02-07-53 冻结状态 | frozen_set=[0, 1] | P_a/P=758/1516 | QGT=574564 | 本轮实际训练参数=758
26-02-07-53 原始规范坐标 G(Re Σrow_mean) = +11.6359 | 累计|g| = 5.9225
26-02-07-53 Ψ矩阵条件数 cond(Ψ) = 1.69e+01
26-02-07-53 Loss=-4.814872 | E0=-2.70075239+0.01416208j | E1=-1.03297995-0.32146555j|E2=-0.98072754+0.49435661j|E3=-0.10041178+0.04923728j
26-02-07-53 误差(Ha): e0=1.87e-01 | e1=3.68e-01 | e2=2.86e-02 | e3=2.84e-01
26-02-07-53 #-----------------------------------------#
26-02-07-53 [Step  51] logΨ: mean=5.101+0.511j | min=2.866-2.479j | max=5.830+2.873j
26-02-07-53 梯度监控 | raw=27.6952 | natural=0.8209 | clipped=0.8209(上限20.0) | t_grad=0ms t_qgt=5ms
26-02-07-53 冻结状态 | frozen_set=[0, 1] | P_a/P=758/1516 | QGT=574564 | 本轮实际训练参数=758
26-02-07-53 原始规范坐标 G(Re Σrow_mean) = +11.9623 | 累计|g| = 5.9225
26-02-07-53 Ψ矩阵条件数 cond(Ψ) = 1.79e+01
26-02-07-53 Loss=-4.912971 | E0=-2.69299510+0.02721626j | E1=-1.13628144+0.37926588j|E2=-0.97846050-0.34923799j|E3=-0.10523429+0.02577890j
26-02-07-53 误差(Ha): e0=1.95e-01 | e1=2.65e-01 | e2=2.63e-02 | e3=2.79e-01
26-02-07-53 #-----------------------------------------#
26-02-07-53 [Step  52] logΨ: mean=5.238-1.034j | min=2.641-1.851j | max=5.994+0.152j
26-02-07-53 梯度监控 | raw=26.5532 | natural=0.7156 | clipped=0.7156(上限20.0) | t_grad=1ms t_qgt=3ms
26-02-07-53 冻结状态 | frozen_set=[0, 1] | P_a/P=758/1516 | QGT=574564 | 本轮实际训练参数=758
26-02-07-53 原始规范坐标 G(Re Σrow_mean) = +12.0714 | 累计|g| = 5.9225
26-02-07-53 Ψ矩阵条件数 cond(Ψ) = 1.73e+01
26-02-07-53 Loss=-4.932279 | E0=-2.68623397+0.04067994j | E1=-1.22573442+0.27825663j|E2=-0.90757593-0.38790973j|E3=-0.11273441+0.01117520j
26-02-07-53 误差(Ha): e0=2.01e-01 | e1=1.75e-01 | e2=4.46e-02 | e3=2.72e-01
26-02-07-53 #-----------------------------------------#
26-02-07-53 [Step  53] logΨ: mean=5.083-0.642j | min=2.067-1.106j | max=5.878+0.539j
26-02-07-53 梯度监控 | raw=32.7986 | natural=0.6147 | clipped=0.6147(上限20.0) | t_grad=1ms t_qgt=4ms
26-02-07-53 冻结状态 | frozen_set=[0, 1] | P_a/P=758/1516 | QGT=574564 | 本轮实际训练参数=758
26-02-07-53 原始规范坐标 G(Re Σrow_mean) = +11.9775 | 累计|g| = 5.9225
26-02-07-53 Ψ矩阵条件数 cond(Ψ) = 1.54e+01
26-02-07-53 Loss=-4.910144 | E0=-2.67150390+0.05386784j | E1=-1.29013360+0.20472376j|E2=-0.84044708-0.46752353j|E3=-0.10805909+0.00097953j
26-02-07-53 误差(Ha): e0=2.16e-01 | e1=1.11e-01 | e2=1.12e-01 | e3=2.77e-01
26-02-07-53 #-----------------------------------------#
26-02-07-53 [Step  54] logΨ: mean=4.708-0.332j | min=1.417-0.248j | max=5.531+0.833j
26-02-07-53 梯度监控 | raw=54.2718 | natural=0.6346 | clipped=0.6346(上限20.0) | t_grad=0ms t_qgt=5ms
26-02-07-53 冻结状态 | frozen_set=[0, 1] | P_a/P=758/1516 | QGT=574564 | 本轮实际训练参数=758
26-02-07-53 原始规范坐标 G(Re Σrow_mean) = +11.7206 | 累计|g| = 5.9225
26-02-07-53 Ψ矩阵条件数 cond(Ψ) = 1.35e+01
26-02-07-53 Loss=-4.902586 | E0=-2.63478297+0.06032193j | E1=-1.32424643+0.15982136j|E2=-0.86812017-0.61218097j|E3=-0.07543685-0.02728853j
26-02-07-53 误差(Ha): e0=2.53e-01 | e1=7.69e-02 | e2=8.40e-02 | e3=3.09e-01
26-02-07-53 #-----------------------------------------#
26-02-07-53 [Step  55] logΨ: mean=4.292-0.073j | min=1.086+0.527j | max=5.118+1.071j
26-02-07-53 梯度监控 | raw=99.0897 | natural=0.7023 | clipped=0.7023(上限20.0) | t_grad=0ms t_qgt=5ms
26-02-07-53 冻结状态 | frozen_set=[0, 1] | P_a/P=758/1516 | QGT=574564 | 本轮实际训练参数=758
26-02-07-53 原始规范坐标 G(Re Σrow_mean) = +11.4329 | 累计|g| = 5.9225
26-02-07-53 Ψ矩阵条件数 cond(Ψ) = 1.35e+01
26-02-07-53 Loss=-5.051548 | E0=-2.57138526+0.00646686j | E1=-1.34740098+0.13809777j|E2=-1.11473365-0.64766565j|E3=-0.01802822-0.08272251j
26-02-07-53 误差(Ha): e0=3.16e-01 | e1=5.38e-02 | e2=1.63e-01 | e3=3.67e-01
26-02-07-53 #-----------------------------------------#
26-02-07-53 [Step  56] logΨ: mean=4.127+0.184j | min=1.153+1.074j | max=4.949+1.318j
26-02-07-53 梯度监控 | raw=107.4567 | natural=0.5846 | clipped=0.5846(上限20.0) | t_grad=0ms t_qgt=3ms
26-02-07-53 冻结状态 | frozen_set=[0, 1] | P_a/P=758/1516 | QGT=574564 | 本轮实际训练参数=758
26-02-07-53 原始规范坐标 G(Re Σrow_mean) = +11.3578 | 累计|g| = 5.9225
26-02-07-53 Ψ矩阵条件数 cond(Ψ) = 1.38e+01
26-02-07-53 Loss=-5.198195 | E0=-2.60502410-0.13425245j | E1=-1.37845660+0.14662620j|E2=-1.22464936-0.37418756j|E3=0.00993536-0.14196075j
26-02-07-53 误差(Ha): e0=2.83e-01 | e1=2.27e-02 | e2=2.72e-01 | e3=3.95e-01
26-02-07-53 #-----------------------------------------#
26-02-07-53 [Step  57] logΨ: mean=4.237+0.328j | min=1.475+1.389j | max=5.059+1.461j
26-02-07-53 梯度监控 | raw=79.7282 | natural=0.3732 | clipped=0.3732(上限20.0) | t_grad=0ms t_qgt=4ms
26-02-07-53 冻结状态 | frozen_set=[0, 1] | P_a/P=758/1516 | QGT=574564 | 本轮实际训练参数=758
26-02-07-53 原始规范坐标 G(Re Σrow_mean) = +11.4882 | 累计|g| = 5.9225
26-02-07-53 Ψ矩阵条件数 cond(Ψ) = 1.36e+01
26-02-07-53 Loss=-5.190672 | E0=-2.70482170-0.19729740j | E1=-1.38131048+0.18607740j|E2=-1.11497512-0.21210364j|E3=0.01043522-0.18800143j
26-02-07-53 误差(Ha): e0=1.83e-01 | e1=1.99e-02 | e2=1.63e-01 | e3=3.95e-01
26-02-07-53 #-----------------------------------------#
26-02-07-53 [Step  58] logΨ: mean=4.427+0.366j | min=1.681-1.236j | max=5.250+1.501j
26-02-07-53 梯度监控 | raw=55.4645 | natural=0.2398 | clipped=0.2398(上限20.0) | t_grad=0ms t_qgt=3ms
26-02-07-53 冻结状态 | frozen_set=[0, 1] | P_a/P=758/1516 | QGT=574564 | 本轮实际训练参数=758
26-02-07-53 原始规范坐标 G(Re Σrow_mean) = +11.6535 | 累计|g| = 5.9225
26-02-07-53 Ψ矩阵条件数 cond(Ψ) = 1.31e+01
26-02-07-53 Loss=-5.148855 | E0=-2.77106435-0.23854651j | E1=-1.35646417+0.21213657j|E2=-1.03080536-0.12658803j|E3=0.00947891-0.22549734j
26-02-07-53 误差(Ha): e0=1.17e-01 | e1=4.47e-02 | e2=7.87e-02 | e3=3.94e-01
26-02-07-53 #-----------------------------------------#
26-02-07-53 [Step  59] logΨ: mean=4.617+0.368j | min=1.650-1.301j | max=5.444+1.509j
26-02-07-53 梯度监控 | raw=43.2187 | natural=0.1658 | clipped=0.1658(上限20.0) | t_grad=0ms t_qgt=3ms
26-02-07-53 冻结状态 | frozen_set=[0, 1] | P_a/P=758/1516 | QGT=574564 | 本轮实际训练参数=758
26-02-07-53 原始规范坐标 G(Re Σrow_mean) = +11.7927 | 累计|g| = 5.9225
26-02-07-53 Ψ矩阵条件数 cond(Ψ) = 1.25e+01
26-02-07-53 Loss=-5.111018 | E0=-2.81659254-0.29017164j | E1=-1.32735398+0.23209259j|E2=-0.97699429-0.06173709j|E3=0.00992312-0.25826671j
26-02-07-53 误差(Ha): e0=7.10e-02 | e1=7.38e-02 | e2=2.48e-02 | e3=3.95e-01
26-02-07-53 #-----------------------------------------#
26-02-07-53 [保存] Step 59 → pickle 文件已更新 (60 条记录)
26-02-07-53 [GaugeReset@60] 吸收 Δg = Σ Re(col_mean) = +11.7927 | 新|g| = 6.2616
26-02-07-53 [Step  60] logΨ: mean=4.118-1.103j | min=0.953-2.834j | max=4.951+0.045j
26-02-07-53 梯度监控 | raw=40.5224 | natural=0.1215 | clipped=0.1215(上限20.0) | t_grad=0ms t_qgt=13ms
26-02-07-53 冻结状态 | frozen_set=[0, 1] | P_a/P=758/1516 | QGT=574564 | 本轮实际训练参数=758
26-02-07-53 原始规范坐标 G(Re Σrow_mean) = +11.9035 | 累计|g| = 6.2616
26-02-07-53 Ψ矩阵条件数 cond(Ψ) = 1.12e+01
26-02-07-53 Loss=-5.079961 | E0=-2.85247148-0.35451733j | E1=-1.29487411+0.25414331j|E2=-0.94396448-0.00231814j|E3=0.01134916-0.28997059j
26-02-07-53 误差(Ha): e0=3.51e-02 | e1=1.06e-01 | e2=8.19e-03 | e3=3.96e-01
26-02-07-53 #-----------------------------------------#
26-02-07-53 [Step  61] logΨ: mean=4.291-1.079j | min=0.946-2.861j | max=5.131+0.077j
26-02-07-53 梯度监控 | raw=45.2980 | natural=0.0935 | clipped=0.0935(上限20.0) | t_grad=0ms t_qgt=9ms
26-02-07-53 冻结状态 | frozen_set=[0, 1] | P_a/P=758/1516 | QGT=574564 | 本轮实际训练参数=758
26-02-07-53 原始规范坐标 G(Re Σrow_mean) = +11.9961 | 累计|g| = 6.2616
26-02-07-53 Ψ矩阵条件数 cond(Ψ) = 1.08e+01
26-02-07-53 Loss=-5.053531 | E0=-2.88463981-0.42991860j | E1=-1.25373299+0.27876886j|E2=-0.92901236+0.05841180j|E3=0.01385405-0.32208320j
26-02-07-53 误差(Ha): e0=2.96e-03 | e1=1.47e-01 | e2=2.31e-02 | e3=3.99e-01
26-02-07-53 #-----------------------------------------#
26-02-07-53 [Step  62] logΨ: mean=4.461-1.040j | min=0.949-2.852j | max=5.309+0.124j
26-02-07-53 梯度监控 | raw=57.1627 | natural=0.0758 | clipped=0.0758(上限20.0) | t_grad=1ms t_qgt=9ms
26-02-07-53 冻结状态 | frozen_set=[0, 1] | P_a/P=758/1516 | QGT=574564 | 本轮实际训练参数=758
26-02-07-53 原始规范坐标 G(Re Σrow_mean) = +12.0786 | 累计|g| = 6.2616
26-02-07-53 Ψ矩阵条件数 cond(Ψ) = 1.04e+01
26-02-07-53 Loss=-5.030185 | E0=-2.91898032-0.51330964j | E1=-1.19344184+0.30107467j|E2=-0.93521580+0.12603660j|E3=0.01745327-0.35503396j
26-02-07-53 误差(Ha): e0=3.14e-02 | e1=2.08e-01 | e2=1.69e-02 | e3=4.02e-01
26-02-07-53 #-----------------------------------------#
26-02-07-53 [Step  63] logΨ: mean=4.629-0.991j | min=0.962-2.810j | max=5.486+0.181j
26-02-07-53 梯度监控 | raw=77.3681 | natural=0.0654 | clipped=0.0654(上限20.0) | t_grad=1ms t_qgt=4ms
26-02-07-53 冻结状态 | frozen_set=[0, 1] | P_a/P=758/1516 | QGT=574564 | 本轮实际训练参数=758
26-02-07-53 原始规范坐标 G(Re Σrow_mean) = +12.1554 | 累计|g| = 6.2616
26-02-07-53 Ψ矩阵条件数 cond(Ψ) = 9.96e+00
26-02-07-53 Loss=-5.009372 | E0=-2.96200715-0.60105925j | E1=-1.07305509+0.30435327j|E2=-0.99618261+0.21526557j|E3=0.02187256-0.38882779j
26-02-07-53 误差(Ha): e0=7.44e-02 | e1=3.28e-01 | e2=4.40e-02 | e3=4.07e-01
26-02-07-53 #-----------------------------------------#
26-02-07-53 [Step  64] logΨ: mean=4.795-0.936j | min=0.978-2.734j | max=5.661+0.243j
26-02-07-53 梯度监控 | raw=108.2468 | natural=0.0604 | clipped=0.0604(上限20.0) | t_grad=0ms t_qgt=4ms
26-02-07-53 冻结状态 | frozen_set=[0, 1] | P_a/P=758/1516 | QGT=574564 | 本轮实际训练参数=758
26-02-07-53 原始规范坐标 G(Re Σrow_mean) = +12.2278 | 累计|g| = 6.2616
26-02-07-53 Ψ矩阵条件数 cond(Ψ) = 9.59e+00
26-02-07-53 Loss=-4.991285 | E0=-3.02006375-0.68920208j | E1=-1.08533522+0.16493237j|E2=-0.91246576+0.44644439j|E3=0.02657955-0.42342230j
26-02-07-53 误差(Ha): e0=1.32e-01 | e1=3.16e-01 | e2=3.97e-02 | e3=4.11e-01
26-02-07-53 #-----------------------------------------#
26-02-07-53 [Step  65] logΨ: mean=4.955-0.878j | min=0.997-2.626j | max=5.831+0.307j
26-02-07-53 梯度监控 | raw=152.5177 | natural=0.0593 | clipped=0.0593(上限20.0) | t_grad=0ms t_qgt=5ms
26-02-07-53 冻结状态 | frozen_set=[0, 1] | P_a/P=758/1516 | QGT=574564 | 本轮实际训练参数=758
26-02-07-53 原始规范坐标 G(Re Σrow_mean) = +12.2959 | 累计|g| = 6.2616
26-02-07-53 Ψ矩阵条件数 cond(Ψ) = 9.26e+00
26-02-07-53 Loss=-4.976684 | E0=-3.09876938-0.77263990j | E1=-1.10362950+0.13693577j|E2=-0.80516468+0.56056889j|E3=0.03087984-0.45885995j
26-02-07-53 误差(Ha): e0=2.11e-01 | e1=2.98e-01 | e2=1.47e-01 | e3=4.16e-01
26-02-07-53 #-----------------------------------------#
26-02-07-53 [Step  66] logΨ: mean=5.107-0.819j | min=1.020-2.483j | max=5.994+0.371j
26-02-07-53 梯度监控 | raw=212.1934 | natural=0.0607 | clipped=0.0607(上限20.0) | t_grad=0ms t_qgt=4ms
26-02-07-53 冻结状态 | frozen_set=[0, 1] | P_a/P=758/1516 | QGT=574564 | 本轮实际训练参数=758
26-02-07-53 原始规范坐标 G(Re Σrow_mean) = +12.3591 | 累计|g| = 6.2616
26-02-07-53 Ψ矩阵条件数 cond(Ψ) = 9.17e+00
26-02-07-53 Loss=-4.966898 | E0=-3.20237494-0.84374181j | E1=-1.11405307+0.11899927j|E2=-0.68441598+0.65163165j|E3=0.03394573-0.49521649j
26-02-07-53 误差(Ha): e0=3.15e-01 | e1=2.87e-01 | e2=2.68e-01 | e3=4.19e-01
26-02-07-53 #-----------------------------------------#
26-02-07-53 [Step  67] logΨ: mean=5.251-0.758j | min=1.054-2.308j | max=6.147+0.435j
26-02-07-53 梯度监控 | raw=286.0745 | natural=0.0634 | clipped=0.0634(上限20.0) | t_grad=0ms t_qgt=3ms
26-02-07-53 冻结状态 | frozen_set=[0, 1] | P_a/P=758/1516 | QGT=574564 | 本轮实际训练参数=758
26-02-07-53 原始规范坐标 G(Re Σrow_mean) = +12.4170 | 累计|g| = 6.2616
26-02-07-53 Ψ矩阵条件数 cond(Ψ) = 9.12e+00
26-02-07-53 Loss=-4.963749 | E0=-3.33184859-0.89110362j | E1=-1.12097035+0.10564691j|E2=-0.54572746+0.71458410j|E3=0.03479780-0.53244514j
26-02-07-53 误差(Ha): e0=4.44e-01 | e1=2.80e-01 | e2=4.06e-01 | e3=4.19e-01
26-02-07-53 #-----------------------------------------#
26-02-07-53 [Step  68] logΨ: mean=5.386-0.698j | min=1.110-2.105j | max=6.291+0.498j
26-02-07-53 梯度监控 | raw=365.4910 | natural=0.0661 | clipped=0.0661(上限20.0) | t_grad=0ms t_qgt=8ms
26-02-07-53 冻结状态 | frozen_set=[0, 1] | P_a/P=758/1516 | QGT=574564 | 本轮实际训练参数=758
26-02-07-53 原始规范坐标 G(Re Σrow_mean) = +12.4697 | 累计|g| = 6.2616
26-02-07-53 Ψ矩阵条件数 cond(Ψ) = 9.09e+00
26-02-07-53 Loss=-4.968819 | E0=-3.48092708-0.90029738j | E1=-1.12571316+0.09505931j|E2=-0.39452108+0.73893088j|E3=0.03234262-0.57014924j
26-02-07-53 误差(Ha): e0=5.93e-01 | e1=2.75e-01 | e2=5.58e-01 | e3=4.17e-01
26-02-07-53 #-----------------------------------------#
26-02-07-53 [Step  69] logΨ: mean=5.514-0.638j | min=1.197-1.888j | max=6.426+0.562j
26-02-07-53 梯度监控 | raw=431.8092 | natural=0.0682 | clipped=0.0682(上限20.0) | t_grad=0ms t_qgt=5ms
26-02-07-53 冻结状态 | frozen_set=[0, 1] | P_a/P=758/1516 | QGT=574564 | 本轮实际训练参数=758
26-02-07-53 原始规范坐标 G(Re Σrow_mean) = +12.5180 | 累计|g| = 6.2616
26-02-07-53 Ψ矩阵条件数 cond(Ψ) = 9.10e+00
26-02-07-53 Loss=-4.981690 | E0=-3.63219808-0.85962727j | E1=-1.12883403+0.08641788j|E2=-0.24624458+0.71690313j|E3=0.02558648-0.60734985j
26-02-07-53 误差(Ha): e0=7.45e-01 | e1=2.72e-01 | e2=7.06e-01 | e3=4.10e-01
26-02-07-53 #-----------------------------------------#
26-02-07-53 [GaugeReset@70] 吸收 Δg = Σ Re(col_mean) = +12.5180 | 新|g| = 6.5793
26-02-07-53 [Step  70] logΨ: mean=4.912-0.487j | min=0.593-1.582j | max=5.828+0.718j
26-02-07-53 梯度监控 | raw=463.7496 | natural=0.0695 | clipped=0.0695(上限20.0) | t_grad=0ms t_qgt=7ms
26-02-07-53 冻结状态 | frozen_set=[0, 1] | P_a/P=758/1516 | QGT=574564 | 本轮实际训练参数=758
26-02-07-53 原始规范坐标 G(Re Σrow_mean) = +12.5629 | 累计|g| = 6.5793
26-02-07-53 Ψ矩阵条件数 cond(Ψ) = 8.22e+00
26-02-07-53 Loss=-4.998464 | E0=-3.76006369-0.77033191j | E1=-1.13059181+0.07927663j|E2=-0.12187972+0.65199086j|E3=0.01407078-0.64243605j
26-02-07-53 误差(Ha): e0=8.72e-01 | e1=2.71e-01 | e2=8.30e-01 | e3=3.99e-01
26-02-07-53 #-----------------------------------------#
26-02-07-53 [Step  71] logΨ: mean=5.032-0.432j | min=0.741-1.388j | max=5.951+0.781j
26-02-07-53 梯度监控 | raw=453.5776 | natural=0.0700 | clipped=0.0700(上限20.0) | t_grad=0ms t_qgt=5ms
26-02-07-53 冻结状态 | frozen_set=[0, 1] | P_a/P=758/1516 | QGT=574564 | 本轮实际训练参数=758
26-02-07-53 原始规范坐标 G(Re Σrow_mean) = +12.6055 | 累计|g| = 6.5793
26-02-07-53 Ψ矩阵条件数 cond(Ψ) = 8.07e+00
26-02-07-53 Loss=-5.013465 | E0=-3.84409984-0.65080107j | E1=-1.13111931+0.07334393j|E2=-0.03656578+0.56057575j|E3=-0.00168023-0.67353006j
26-02-07-53 误差(Ha): e0=9.57e-01 | e1=2.70e-01 | e2=9.16e-01 | e3=3.83e-01
26-02-07-53 #-----------------------------------------#
26-02-07-53 [Step  72] logΨ: mean=5.150-0.380j | min=0.907-1.219j | max=6.073+0.842j
26-02-07-53 梯度监控 | raw=412.8857 | natural=0.0698 | clipped=0.0698(上限20.0) | t_grad=1ms t_qgt=5ms
26-02-07-53 冻结状态 | frozen_set=[0, 1] | P_a/P=758/1516 | QGT=574564 | 本轮实际训练参数=758
26-02-07-53 原始规范坐标 G(Re Σrow_mean) = +12.6469 | 累计|g| = 6.5793
26-02-07-53 Ψ矩阵条件数 cond(Ψ) = 8.05e+00
26-02-07-53 Loss=-5.023265 | E0=-3.88064694-0.52610658j | E1=-1.13049645+0.06838828j|E2=-0.02013984-0.69917848j|E3=0.00801825+0.46243300j
26-02-07-53 误差(Ha): e0=9.93e-01 | e1=2.71e-01 | e2=9.32e-01 | e3=3.93e-01
26-02-07-53 #-----------------------------------------#
26-02-07-53 [Step  73] logΨ: mean=5.268-0.333j | min=1.082-1.075j | max=6.194+0.903j
26-02-07-53 梯度监控 | raw=360.5959 | natural=0.0691 | clipped=0.0691(上限20.0) | t_grad=1ms t_qgt=7ms
26-02-07-53 冻结状态 | frozen_set=[0, 1] | P_a/P=758/1516 | QGT=574564 | 本轮实际训练参数=758
26-02-07-53 原始规范坐标 G(Re Σrow_mean) = +12.6879 | 累计|g| = 6.5793
26-02-07-53 Ψ矩阵条件数 cond(Ψ) = 8.17e+00
26-02-07-53 Loss=-5.028155 | E0=-3.87977261-0.41379363j | E1=-1.12879053+0.06419328j|E2=-0.03933175-0.71881976j|E3=0.01973940+0.37047401j
26-02-07-53 误差(Ha): e0=9.92e-01 | e1=2.72e-01 | e2=9.13e-01 | e3=4.04e-01
26-02-07-53 #-----------------------------------------#
26-02-07-53 [Step  74] logΨ: mean=5.387-0.289j | min=1.262-0.950j | max=6.316+0.961j
26-02-07-53 梯度监控 | raw=310.5645 | natural=0.0682 | clipped=0.0682(上限20.0) | t_grad=1ms t_qgt=4ms
26-02-07-53 冻结状态 | frozen_set=[0, 1] | P_a/P=758/1516 | QGT=574564 | 本轮实际训练参数=758
26-02-07-53 原始规范坐标 G(Re Σrow_mean) = +12.7292 | 累计|g| = 6.5793
26-02-07-53 Ψ矩阵条件数 cond(Ψ) = 8.30e+00
26-02-07-53 Loss=-5.030357 | E0=-3.85450458-0.31985836j | E1=-1.12608864+0.06053698j|E2=-0.05746022-0.73261654j|E3=0.00769664+0.28887110j
26-02-07-53 误差(Ha): e0=9.67e-01 | e1=2.75e-01 | e2=8.95e-01 | e3=3.92e-01
26-02-07-53 #-----------------------------------------#
26-02-07-53 [Step  75] logΨ: mean=5.508-0.250j | min=1.446-0.843j | max=6.442+1.018j
26-02-07-53 梯度监控 | raw=268.8823 | natural=0.0671 | clipped=0.0671(上限20.0) | t_grad=1ms t_qgt=6ms
26-02-07-53 冻结状态 | frozen_set=[0, 1] | P_a/P=758/1516 | QGT=574564 | 本轮实际训练参数=758
26-02-07-53 原始规范坐标 G(Re Σrow_mean) = +12.7710 | 累计|g| = 6.5793
26-02-07-53 Ψ矩阵条件数 cond(Ψ) = 8.46e+00
26-02-07-53 Loss=-5.032049 | E0=-3.81393309-0.24295249j | E1=-1.12253788+0.05719045j|E2=-0.07301409-0.74090751j|E3=-0.02256371+0.21663274j
26-02-07-53 误差(Ha): e0=9.26e-01 | e1=2.79e-01 | e2=8.79e-01 | e3=3.62e-01
26-02-07-53 #-----------------------------------------#
26-02-07-53 [Step  76] logΨ: mean=5.632-0.215j | min=1.636-0.749j | max=6.571+1.071j
26-02-07-53 梯度监控 | raw=236.2922 | natural=0.0661 | clipped=0.0661(上限20.0) | t_grad=0ms t_qgt=2ms
26-02-07-53 冻结状态 | frozen_set=[0, 1] | P_a/P=758/1516 | QGT=574564 | 本轮实际训练参数=758
26-02-07-53 原始规范坐标 G(Re Σrow_mean) = +12.8135 | 累计|g| = 6.5793
26-02-07-53 Ψ矩阵条件数 cond(Ψ) = 8.64e+00
26-02-07-53 Loss=-5.034526 | E0=-3.76183272-0.17962149j | E1=-1.11840462+0.05394549j|E2=-0.08417902-0.74392116j|E3=-0.07011002+0.15162696j
26-02-07-53 误差(Ha): e0=8.74e-01 | e1=2.83e-01 | e2=8.68e-01 | e3=3.15e-01
26-02-07-53 #-----------------------------------------#
26-02-07-53 [Step  77] logΨ: mean=5.759-0.185j | min=1.836-0.671j | max=6.705+1.122j
26-02-07-53 梯度监控 | raw=210.7756 | natural=0.0652 | clipped=0.0652(上限20.0) | t_grad=0ms t_qgt=5ms
26-02-07-53 冻结状态 | frozen_set=[0, 1] | P_a/P=758/1516 | QGT=574564 | 本轮实际训练参数=758
26-02-07-53 原始规范坐标 G(Re Σrow_mean) = +12.8569 | 累计|g| = 6.5793
26-02-07-53 Ψ矩阵条件数 cond(Ψ) = 8.84e+00
26-02-07-53 Loss=-5.038033 | E0=-3.69806064-0.12791268j | E1=-1.11415681+0.05070133j|E2=-0.13790033+0.09410107j|E3=-0.08791474-0.74255572j
26-02-07-53 误差(Ha): e0=8.10e-01 | e1=2.87e-01 | e2=8.14e-01 | e3=2.97e-01
26-02-07-53 #-----------------------------------------#
26-02-07-53 [Step  78] logΨ: mean=5.890-0.160j | min=2.047-0.612j | max=6.843+1.169j
26-02-07-53 梯度监控 | raw=189.2198 | natural=0.0645 | clipped=0.0645(上限20.0) | t_grad=0ms t_qgt=4ms
26-02-07-53 冻结状态 | frozen_set=[0, 1] | P_a/P=758/1516 | QGT=574564 | 本轮实际训练参数=758
26-02-07-53 原始规范坐标 G(Re Σrow_mean) = +12.9010 | 累计|g| = 6.5793
26-02-07-53 Ψ矩阵条件数 cond(Ψ) = 9.06e+00
26-02-07-53 Loss=-5.041873 | E0=-3.62129082-0.08931863j | E1=-1.11054643+0.04767588j|E2=-0.22962514+0.05032856j|E3=-0.08041078-0.74096093j
26-02-07-53 误差(Ha): e0=7.34e-01 | e1=2.91e-01 | e2=7.23e-01 | e3=3.04e-01
26-02-07-53 #-----------------------------------------#
26-02-07-53 [Step  79] logΨ: mean=6.026-0.142j | min=2.269-0.579j | max=6.986+1.211j
26-02-07-53 梯度监控 | raw=168.6247 | natural=0.0641 | clipped=0.0641(上限20.0) | t_grad=0ms t_qgt=4ms
26-02-07-53 冻结状态 | frozen_set=[0, 1] | P_a/P=758/1516 | QGT=574564 | 本轮实际训练参数=758
26-02-07-53 原始规范坐标 G(Re Σrow_mean) = +12.9459 | 累计|g| = 6.5793
26-02-07-53 Ψ矩阵条件数 cond(Ψ) = 9.31e+00
26-02-07-53 Loss=-5.044918 | E0=-3.53251925-0.06847342j | E1=-1.10857864+0.04584717j|E2=-0.34140756+0.03251207j|E3=-0.06241291-0.74775987j
26-02-07-53 误差(Ha): e0=6.45e-01 | e1=2.93e-01 | e2=6.11e-01 | e3=3.22e-01
26-02-07-53 #-----------------------------------------#
26-02-07-53 [保存] Step 79 → pickle 文件已更新 (80 条记录)
26-02-07-53 [GaugeReset@80] 吸收 Δg = Σ Re(col_mean) = +12.9459 | 新|g| = 6.8252
26-02-07-53 [Step  80] logΨ: mean=5.735-0.162j | min=2.064-0.609j | max=6.705+1.217j
26-02-07-53 梯度监控 | raw=147.0492 | natural=0.0640 | clipped=0.0640(上限20.0) | t_grad=0ms t_qgt=4ms
26-02-07-53 冻结状态 | frozen_set=[0, 1] | P_a/P=758/1516 | QGT=574564 | 本轮实际训练参数=758
26-02-07-53 原始规范坐标 G(Re Σrow_mean) = +12.9913 | 累计|g| = 6.8252
26-02-07-53 Ψ矩阵条件数 cond(Ψ) = 8.90e+00
26-02-07-53 Loss=-5.046494 | E0=-3.43733678-0.06995342j | E1=-1.10902126+0.04766299j|E2=-0.45703497+0.04639403j|E3=-0.04310128-0.76762966j
26-02-07-53 误差(Ha): e0=5.50e-01 | e1=2.92e-01 | e2=4.95e-01 | e3=3.42e-01
26-02-07-53 #-----------------------------------------#
26-02-07-53 [Step  81] logΨ: mean=5.874-0.161j | min=2.278-0.644j | max=6.855+1.247j
26-02-07-53 梯度监控 | raw=124.1333 | natural=0.0641 | clipped=0.0641(上限20.0) | t_grad=0ms t_qgt=2ms
26-02-07-53 冻结状态 | frozen_set=[0, 1] | P_a/P=758/1516 | QGT=574564 | 本轮实际训练参数=758
26-02-07-53 原始规范坐标 G(Re Σrow_mean) = +13.0365 | 累计|g| = 6.8252
26-02-07-53 Ψ矩阵条件数 cond(Ψ) = 9.18e+00
26-02-07-53 Loss=-5.047015 | E0=-3.34447265-0.09436394j | E1=-1.11092056+0.05752421j|E2=-0.56148206+0.08192161j|E3=-0.03013959-0.79563406j
26-02-07-53 误差(Ha): e0=4.57e-01 | e1=2.90e-01 | e2=3.91e-01 | e3=3.55e-01
26-02-07-53 #-----------------------------------------#
26-02-07-53 [Step  82] logΨ: mean=6.010-0.169j | min=2.467-0.711j | max=7.005+1.270j
26-02-07-53 梯度监控 | raw=101.5466 | natural=0.0646 | clipped=0.0646(上限20.0) | t_grad=0ms t_qgt=5ms
26-02-07-53 冻结状态 | frozen_set=[0, 1] | P_a/P=758/1516 | QGT=574564 | 本轮实际训练参数=758
26-02-07-53 原始规范坐标 G(Re Σrow_mean) = +13.0805 | 累计|g| = 6.8252
26-02-07-53 Ψ矩阵条件数 cond(Ψ) = 9.47e+00
26-02-07-53 Loss=-5.047765 | E0=-3.26195595-0.13757177j | E1=-1.10957323+0.08090633j|E2=-0.65223189+0.12240984j|E3=-0.02400382-0.82539028j
26-02-07-53 误差(Ha): e0=3.74e-01 | e1=2.92e-01 | e2=3.00e-01 | e3=3.61e-01
26-02-07-53 #-----------------------------------------#
26-02-07-53 [Step  83] logΨ: mean=6.142-0.182j | min=2.622-0.793j | max=7.155+1.289j
26-02-07-53 梯度监控 | raw=84.0752 | natural=0.0652 | clipped=0.0652(上限20.0) | t_grad=0ms t_qgt=4ms
26-02-07-53 冻结状态 | frozen_set=[0, 1] | P_a/P=758/1516 | QGT=574564 | 本轮实际训练参数=758
26-02-07-53 原始规范坐标 G(Re Σrow_mean) = +13.1223 | 累计|g| = 6.8252
26-02-07-53 Ψ矩阵条件数 cond(Ψ) = 9.77e+00
26-02-07-53 Loss=-5.050238 | E0=-3.19506750-0.19284036j | E1=-1.09590277+0.12349764j|E2=-0.73706122+0.15248592j|E3=-0.02220678-0.85367075j
26-02-07-53 误差(Ha): e0=3.07e-01 | e1=3.05e-01 | e2=2.15e-01 | e3=3.62e-01
26-02-07-53 #-----------------------------------------#
26-02-07-53 [Step  84] logΨ: mean=6.270-0.199j | min=2.742-0.873j | max=7.303+1.303j
26-02-07-53 梯度监控 | raw=79.2673 | natural=0.0660 | clipped=0.0660(上限20.0) | t_grad=1ms t_qgt=8ms
26-02-07-53 冻结状态 | frozen_set=[0, 1] | P_a/P=758/1516 | QGT=574564 | 本轮实际训练参数=758
26-02-07-53 原始规范坐标 G(Re Σrow_mean) = +13.1613 | 累计|g| = 6.8252
26-02-07-53 Ψ矩阵条件数 cond(Ψ) = 1.01e+01
26-02-07-53 Loss=-5.055513 | E0=-3.14637453-0.25222988j | E1=-1.05941388+0.20205388j|E2=-0.82741940+0.14766427j|E3=-0.02230521-0.87949351j
26-02-07-53 误差(Ha): e0=2.59e-01 | e1=3.42e-01 | e2=1.25e-01 | e3=3.62e-01
26-02-07-53 #-----------------------------------------#
26-02-07-53 [Step  85] logΨ: mean=6.393-0.217j | min=2.838-0.940j | max=7.450+1.315j
26-02-07-53 梯度监控 | raw=89.8307 | natural=0.0668 | clipped=0.0668(上限20.0) | t_grad=0ms t_qgt=7ms
26-02-07-53 冻结状态 | frozen_set=[0, 1] | P_a/P=758/1516 | QGT=574564 | 本轮实际训练参数=758
26-02-07-53 原始规范坐标 G(Re Σrow_mean) = +13.1969 | 累计|g| = 6.8252
26-02-07-53 Ψ矩阵条件数 cond(Ψ) = 1.04e+01
26-02-07-53 Loss=-5.063671 | E0=-3.11499800-0.30759304j | E1=-1.05748713+0.33618888j|E2=-0.86876380+0.08174462j|E3=-0.02242248-0.90279307j
26-02-07-53 误差(Ha): e0=2.27e-01 | e1=3.44e-01 | e2=8.34e-02 | e3=3.62e-01
26-02-07-53 #-----------------------------------------#
26-02-07-53 [Step  86] logΨ: mean=6.512-0.237j | min=2.921-0.990j | max=7.595+1.325j
26-02-07-53 梯度监控 | raw=110.3522 | natural=0.0676 | clipped=0.0676(上限20.0) | t_grad=1ms t_qgt=5ms
26-02-07-53 冻结状态 | frozen_set=[0, 1] | P_a/P=758/1516 | QGT=574564 | 本轮实际训练参数=758
26-02-07-53 原始规范坐标 G(Re Σrow_mean) = +13.2289 | 累计|g| = 6.8252
26-02-07-53 Ψ矩阵条件数 cond(Ψ) = 1.08e+01
26-02-07-53 Loss=-5.073876 | E0=-3.09714730-0.35325445j | E1=-1.09336407+0.44125296j|E2=-0.86231036+0.03518379j|E3=-0.02105409-0.92387900j
26-02-07-53 误差(Ha): e0=2.10e-01 | e1=3.08e-01 | e2=8.98e-02 | e3=3.64e-01
26-02-07-53 #-----------------------------------------#
26-02-07-53 [Step  87] logΨ: mean=6.627-0.256j | min=2.997-1.026j | max=7.737+1.334j
26-02-07-53 梯度监控 | raw=135.5051 | natural=0.0684 | clipped=0.0684(上限20.0) | t_grad=0ms t_qgt=6ms
26-02-07-53 冻结状态 | frozen_set=[0, 1] | P_a/P=758/1516 | QGT=574564 | 本轮实际训练参数=758
26-02-07-53 原始规范坐标 G(Re Σrow_mean) = +13.2569 | 累计|g| = 6.8252
26-02-07-53 Ψ矩阵条件数 cond(Ψ) = 1.12e+01
26-02-07-53 Loss=-5.085086 | E0=-3.08905012-0.38666754j | E1=-1.13197573+0.52355518j|E2=-0.84711072+0.00006230j|E3=-0.01694978-0.94324717j
26-02-07-53 误差(Ha): e0=2.01e-01 | e1=2.69e-01 | e2=1.05e-01 | e3=3.68e-01
26-02-07-53 #-----------------------------------------#
26-02-07-53 [Step  88] logΨ: mean=6.738-0.273j | min=3.070-1.048j | max=7.875+1.343j
26-02-07-53 梯度监控 | raw=162.6895 | natural=0.0691 | clipped=0.0691(上限20.0) | t_grad=1ms t_qgt=6ms
26-02-07-53 冻结状态 | frozen_set=[0, 1] | P_a/P=758/1516 | QGT=574564 | 本轮实际训练参数=758
26-02-07-53 原始规范坐标 G(Re Σrow_mean) = +13.2806 | 累计|g| = 6.8252
26-02-07-53 Ψ矩阵条件数 cond(Ψ) = 1.16e+01
26-02-07-53 Loss=-5.096434 | E0=-3.08834764-0.40679145j | E1=-1.17128155+0.59054998j|E2=-0.82779529-0.03157379j|E3=-0.00900991-0.96143223j
26-02-07-53 误差(Ha): e0=2.01e-01 | e1=2.30e-01 | e2=1.24e-01 | e3=3.76e-01
26-02-07-53 #-----------------------------------------#
26-02-07-53 [Step  89] logΨ: mean=6.845-0.288j | min=3.142-1.059j | max=8.011+1.355j
26-02-07-53 梯度监控 | raw=190.7657 | natural=0.0696 | clipped=0.0696(上限20.0) | t_grad=0ms t_qgt=6ms
26-02-07-53 冻结状态 | frozen_set=[0, 1] | P_a/P=758/1516 | QGT=574564 | 本轮实际训练参数=758
26-02-07-53 原始规范坐标 G(Re Σrow_mean) = +13.2998 | 累计|g| = 6.8252
26-02-07-53 Ψ矩阵条件数 cond(Ψ) = 1.21e+01
26-02-07-53 Loss=-5.107246 | E0=-3.09391990-0.41297496j | E1=-1.21174309+0.64478505j|E2=-0.80542683-0.06262863j|E3=0.00384413-0.97892664j
26-02-07-53 误差(Ha): e0=2.06e-01 | e1=1.89e-01 | e2=1.47e-01 | e3=3.89e-01
26-02-07-53 #-----------------------------------------#
26-02-07-53 [GaugeReset@90] 吸收 Δg = Σ Re(col_mean) = +13.2998 | 新|g| = 7.0108
26-02-07-53 [Step  90] logΨ: mean=6.595-0.168j | min=2.859-0.929j | max=7.791+1.500j
26-02-07-53 梯度监控 | raw=219.2538 | natural=0.0699 | clipped=0.0699(上限20.0) | t_grad=1ms t_qgt=4ms
26-02-07-53 冻结状态 | frozen_set=[0, 1] | P_a/P=758/1516 | QGT=574564 | 本轮实际训练参数=758
26-02-07-53 原始规范坐标 G(Re Σrow_mean) = +13.3147 | 累计|g| = 7.0108
26-02-07-53 Ψ矩阵条件数 cond(Ψ) = 1.20e+01
26-02-07-53 Loss=-5.117007 | E0=-3.10554528-0.40460787j | E1=-1.25384115+0.68713651j|E2=-0.78040429-0.09447753j|E3=0.02278403-0.99614971j
26-02-07-53 误差(Ha): e0=2.18e-01 | e1=1.47e-01 | e2=1.72e-01 | e3=4.07e-01
26-02-07-53 #-----------------------------------------#
26-02-07-53 [Step  91] logΨ: mean=6.697-0.172j | min=2.932-0.919j | max=7.923+1.521j
26-02-07-53 梯度监控 | raw=248.0707 | natural=0.0700 | clipped=0.0700(上限20.0) | t_grad=0ms t_qgt=6ms
26-02-07-53 冻结状态 | frozen_set=[0, 1] | P_a/P=758/1516 | QGT=574564 | 本轮实际训练参数=758
26-02-07-53 原始规范坐标 G(Re Σrow_mean) = +13.3253 | 累计|g| = 7.0108
26-02-07-53 Ψ矩阵条件数 cond(Ψ) = 1.26e+01
26-02-07-53 Loss=-5.125348 | E0=-3.12374094-0.38106122j | E1=-1.29778624+0.71770359j|E2=-0.75298839-0.12788370j|E3=0.04916789-1.01343750j
26-02-07-53 误差(Ha): e0=2.36e-01 | e1=1.03e-01 | e2=1.99e-01 | e3=4.34e-01
26-02-07-53 #-----------------------------------------#
26-02-07-53 [Step  92] logΨ: mean=6.797-0.171j | min=3.006-0.900j | max=8.054+1.546j
26-02-07-53 梯度监控 | raw=277.4460 | natural=0.0699 | clipped=0.0699(上限20.0) | t_grad=1ms t_qgt=6ms
26-02-07-53 冻结状态 | frozen_set=[0, 1] | P_a/P=758/1516 | QGT=574564 | 本轮实际训练参数=758
26-02-07-53 原始规范坐标 G(Re Σrow_mean) = +13.3318 | 累计|g| = 7.0108
26-02-07-53 Ψ矩阵条件数 cond(Ψ) = 1.33e+01
26-02-07-53 Loss=-5.132033 | E0=-3.14973457-0.34171197j | E1=-1.34340070+0.73616091j|E2=-0.72351052-0.16328424j|E3=0.08461309-1.03104594j
26-02-07-53 误差(Ha): e0=2.62e-01 | e1=5.78e-02 | e2=2.29e-01 | e3=4.69e-01
26-02-07-53 #-----------------------------------------#
26-02-07-53 [Step  93] logΨ: mean=6.896-0.163j | min=3.083-0.873j | max=8.186+1.577j
26-02-07-53 梯度监控 | raw=307.8657 | natural=0.0695 | clipped=0.0695(上限20.0) | t_grad=1ms t_qgt=8ms
26-02-07-53 冻结状态 | frozen_set=[0, 1] | P_a/P=758/1516 | QGT=574564 | 本轮实际训练参数=758
26-02-07-53 原始规范坐标 G(Re Σrow_mean) = +13.3346 | 累计|g| = 7.0108
26-02-07-53 Ψ矩阵条件数 cond(Ψ) = 1.42e+01
26-02-07-53 Loss=-5.136943 | E0=-3.18550281-0.28602531j | E1=-1.38997182+0.74197518j|E2=-0.69250682-0.20086722j|E3=0.13103808-1.04917322j
26-02-07-53 误差(Ha): e0=2.98e-01 | e1=1.12e-02 | e2=2.60e-01 | e3=5.16e-01
26-02-07-53 #-----------------------------------------#
26-02-07-53 [Step  94] logΨ: mean=6.997-0.149j | min=3.163-0.838j | max=8.318+1.614j
26-02-07-53 梯度监控 | raw=339.9862 | natural=0.0690 | clipped=0.0690(上限20.0) | t_grad=0ms t_qgt=7ms
26-02-07-53 冻结状态 | frozen_set=[0, 1] | P_a/P=758/1516 | QGT=574564 | 本轮实际训练参数=758
26-02-07-53 原始规范坐标 G(Re Σrow_mean) = +13.3341 | 累计|g| = 7.0108
26-02-07-53 Ψ矩阵条件数 cond(Ψ) = 1.53e+01
26-02-07-53 Loss=-5.140058 | E0=-3.23384845-0.21374679j | E1=-1.43605997+0.73465685j|E2=-0.66080057-0.24055252j|E3=0.19065136-1.06800990j
26-02-07-53 误差(Ha): e0=3.46e-01 | e1=3.49e-02 | e2=2.91e-01 | e3=5.75e-01
26-02-07-53 #-----------------------------------------#
26-02-07-53 [Step  95] logΨ: mean=7.098-0.129j | min=3.245-0.796j | max=8.452+1.655j
26-02-07-53 梯度监控 | raw=374.5434 | natural=0.0683 | clipped=0.0683(上限20.0) | t_grad=0ms t_qgt=3ms
26-02-07-53 冻结状态 | frozen_set=[0, 1] | P_a/P=758/1516 | QGT=574564 | 本轮实际训练参数=758
26-02-07-53 原始规范坐标 G(Re Σrow_mean) = +13.3316 | 累计|g| = 7.0108
26-02-07-53 Ψ矩阵条件数 cond(Ψ) = 1.67e+01
26-02-07-53 Loss=-5.141421 | E0=-3.29845351-0.12529108j | E1=-1.47933023+0.71417621j|E2=-0.62949510-0.28192567j|E3=0.26585777-1.08781404j
26-02-07-53 误差(Ha): e0=4.11e-01 | e1=7.82e-02 | e2=3.23e-01 | e3=6.51e-01
26-02-07-53 #-----------------------------------------#
26-02-07-53 [Step  96] logΨ: mean=7.201-0.105j | min=3.330-0.748j | max=8.588+1.701j
26-02-07-53 梯度监控 | raw=412.2917 | natural=0.0675 | clipped=0.0675(上限20.0) | t_grad=0ms t_qgt=6ms
26-02-07-53 冻结状态 | frozen_set=[0, 1] | P_a/P=758/1516 | QGT=574564 | 本轮实际训练参数=758
26-02-07-53 原始规范坐标 G(Re Σrow_mean) = +13.3296 | 累计|g| = 7.0108
26-02-07-53 Ψ矩阵条件数 cond(Ψ) = 1.87e+01
26-02-07-53 Loss=-5.141119 | E0=-3.38372372-0.02237018j | E1=-1.51663167+0.68161493j|E2=-0.59982986-0.32418390j|E3=0.35906666-1.10898060j
26-02-07-53 误差(Ha): e0=4.96e-01 | e1=1.15e-01 | e2=3.52e-01 | e3=7.44e-01
26-02-07-53 #-----------------------------------------#
26-02-07-53 [Step  97] logΨ: mean=7.305-0.076j | min=3.417-0.695j | max=8.726+1.752j
26-02-07-53 梯度监控 | raw=454.0754 | natural=0.0666 | clipped=0.0666(上限20.0) | t_grad=1ms t_qgt=5ms
26-02-07-53 冻结状态 | frozen_set=[0, 1] | P_a/P=758/1516 | QGT=574564 | 本轮实际训练参数=758
26-02-07-53 原始规范坐标 G(Re Σrow_mean) = +13.3327 | 累计|g| = 7.0108
26-02-07-53 Ψ矩阵条件数 cond(Ψ) = 2.14e+01
26-02-07-53 Loss=-5.139244 | E0=-3.49409066+0.09137145j | E1=-1.54469510+0.63983308j|E2=-0.57290423-0.36618096j|E3=0.47244576-1.13203185j
26-02-07-53 误差(Ha): e0=6.06e-01 | e1=1.44e-01 | e2=3.79e-01 | e3=8.57e-01
26-02-07-53 #-----------------------------------------#
26-02-07-53 [Step  98] logΨ: mean=7.412-0.043j | min=3.508-0.636j | max=8.867+1.806j
26-02-07-53 梯度监控 | raw=501.1881 | natural=0.0656 | clipped=0.0656(上限20.0) | t_grad=1ms t_qgt=5ms
26-02-07-53 冻结状态 | frozen_set=[0, 1] | P_a/P=758/1516 | QGT=574564 | 本轮实际训练参数=758
26-02-07-53 原始规范坐标 G(Re Σrow_mean) = +13.3492 | 累计|g| = 7.0108
26-02-07-53 Ψ矩阵条件数 cond(Ψ) = 2.49e+01
26-02-07-53 Loss=-5.135876 | E0=-3.63274666+0.21048429j | E1=-1.56150809+0.59340813j|E2=-0.54938640-0.40664234j|E3=0.60776498-1.15748769j
26-02-07-53 误差(Ha): e0=7.45e-01 | e1=1.60e-01 | e2=4.03e-01 | e3=9.92e-01
26-02-07-53 #-----------------------------------------#
26-02-07-53 [Step  99] logΨ: mean=7.521-0.007j | min=3.600-0.572j | max=9.011+1.863j
26-02-07-53 梯度监控 | raw=556.1646 | natural=0.0640 | clipped=0.0640(上限20.0) | t_grad=1ms t_qgt=4ms
26-02-07-53 冻结状态 | frozen_set=[0, 1] | P_a/P=758/1516 | QGT=574564 | 本轮实际训练参数=758
26-02-07-53 原始规范坐标 G(Re Σrow_mean) = +13.3881 | 累计|g| = 7.0108
26-02-07-53 Ψ矩阵条件数 cond(Ψ) = 2.87e+01
26-02-07-53 Loss=-5.131066 | E0=-3.80075767+0.32922248j | E1=-1.56740981+0.54727498j|E2=-0.52939695-0.44449557j|E3=0.76649838-1.18572747j
26-02-07-53 误差(Ha): e0=9.13e-01 | e1=1.66e-01 | e2=4.23e-01 | e3=1.15e+00
26-02-07-53 #-----------------------------------------#
26-02-07-53 [保存] Step 99 → pickle 文件已更新 (100 条记录)
26-02-07-53 [GaugeReset@100] 吸收 Δg = Σ Re(col_mean) = +13.3881 | 新|g| = 7.1247
26-02-07-53 [Step 100] logΨ: mean=7.543-0.314j | min=3.606-0.849j | max=9.068+1.578j
26-02-07-53 梯度监控 | raw=623.7673 | natural=0.0616 | clipped=0.0616(上限20.0) | t_grad=0ms t_qgt=5ms
26-02-07-53 冻结状态 | frozen_set=[0, 1] | P_a/P=758/1516 | QGT=574564 | 本轮实际训练参数=758
26-02-07-53 原始规范坐标 G(Re Σrow_mean) = +13.4531 | 累计|g| = 7.1247
26-02-07-53 Ψ矩阵条件数 cond(Ψ) = 3.20e+01
26-02-07-53 Loss=-5.124864 | E0=-3.99755801+0.44362989j | E1=-1.56476739+0.50496805j|E2=-0.51265793-0.47912309j|E3=0.95011952-1.21713562j
26-02-07-53 误差(Ha): e0=1.11e+00 | e1=1.64e-01 | e2=4.39e-01 | e3=1.33e+00
26-02-07-53 #-----------------------------------------#
26-02-07-53 [Step 101] logΨ: mean=7.653-0.274j | min=3.702-0.778j | max=9.216+1.640j
26-02-07-53 梯度监控 | raw=710.8024 | natural=0.0580 | clipped=0.0580(上限20.0) | t_grad=0ms t_qgt=7ms
26-02-07-53 冻结状态 | frozen_set=[0, 1] | P_a/P=758/1516 | QGT=574564 | 本轮实际训练参数=758
26-02-07-53 原始规范坐标 G(Re Σrow_mean) = +13.5372 | 累计|g| = 7.1247
26-02-07-53 Ψ矩阵条件数 cond(Ψ) = 2.90e+01
26-02-07-53 Loss=-5.117406 | E0=-4.22196450+0.55266112j | E1=-1.55670767+0.46802750j|E2=-0.49879116-0.51035334j|E3=1.16005764-1.25269094j
26-02-07-53 误差(Ha): e0=1.33e+00 | e1=1.56e-01 | e2=4.53e-01 | e3=1.54e+00
26-02-07-53 #-----------------------------------------#
26-02-07-53 [Step 102] logΨ: mean=7.761-0.232j | min=3.798-0.703j | max=9.363+1.702j
26-02-07-53 梯度监控 | raw=822.6715 | natural=0.0537 | clipped=0.0537(上限20.0) | t_grad=0ms t_qgt=6ms
26-02-07-53 冻结状态 | frozen_set=[0, 1] | P_a/P=758/1516 | QGT=574564 | 本轮实际训练参数=758
26-02-07-53 原始规范坐标 G(Re Σrow_mean) = +13.6284 | 累计|g| = 7.1247
26-02-07-53 Ψ矩阵条件数 cond(Ψ) = 2.56e+01
26-02-07-53 Loss=-5.109011 | E0=-4.47210871+0.65771346j | E1=-1.54610768+0.43670319j|E2=-0.48749372-0.53820603j|E3=1.39669872-1.29435581j
26-02-07-53 误差(Ha): e0=1.58e+00 | e1=1.45e-01 | e2=4.65e-01 | e3=1.78e+00
26-02-07-53 #-----------------------------------------#
26-02-07-53 [Step 103] logΨ: mean=8.062-0.295j | min=3.860-0.770j | max=11.153+0.225j
26-02-07-53 梯度监控 | raw=1076.6692 | natural=0.2165 | clipped=0.2165(上限20.0) | t_grad=1ms t_qgt=8ms
26-02-07-53 冻结状态 | frozen_set=[0, 1] | P_a/P=758/1516 | QGT=574564 | 本轮实际训练参数=758
26-02-07-53 原始规范坐标 G(Re Σrow_mean) = +14.0604 | 累计|g| = 7.1247
26-02-07-53 Ψ矩阵条件数 cond(Ψ) = 2.00e+01
26-02-07-53 Loss=-5.146766 | E0=-4.88086559+1.08758146j | E1=-1.49801388+0.20962572j|E2=-0.49156229-0.55541133j|E3=1.72367552-1.44603737j
26-02-07-53 误差(Ha): e0=1.99e+00 | e1=9.69e-02 | e2=4.61e-01 | e3=2.11e+00
26-02-07-53 #-----------------------------------------#
26-02-07-53 [Step 104] logΨ: mean=8.017-0.335j | min=3.976-0.875j | max=11.148+0.193j
26-02-07-53 梯度监控 | raw=1543.6502 | natural=0.2723 | clipped=0.2723(上限20.0) | t_grad=0ms t_qgt=4ms
26-02-07-53 冻结状态 | frozen_set=[0, 1] | P_a/P=758/1516 | QGT=574564 | 本轮实际训练参数=758
26-02-07-53 原始规范坐标 G(Re Σrow_mean) = +14.1906 | 累计|g| = 7.1247
26-02-07-53 Ψ矩阵条件数 cond(Ψ) = 1.81e+01
26-02-07-53 Loss=-5.166686 | E0=-5.21733829+1.34132666j | E1=-1.48570523+0.16137806j|E2=-0.48905439-0.58733479j|E3=2.02541182-1.62721101j
26-02-07-53 误差(Ha): e0=2.33e+00 | e1=8.45e-02 | e2=4.63e-01 | e3=2.41e+00
26-02-07-53 #-----------------------------------------#
26-02-07-53 [Step 105] logΨ: mean=8.287-0.211j | min=3.925-0.973j | max=11.451+0.289j
26-02-07-53 梯度监控 | raw=2485.5039 | natural=0.6121 | clipped=0.6121(上限20.0) | t_grad=0ms t_qgt=4ms
26-02-07-53 冻结状态 | frozen_set=[0, 1] | P_a/P=758/1516 | QGT=574564 | 本轮实际训练参数=758
26-02-07-53 原始规范坐标 G(Re Σrow_mean) = +14.1507 | 累计|g| = 7.1247
26-02-07-53 Ψ矩阵条件数 cond(Ψ) = 1.96e+01
26-02-07-53 Loss=-5.147935 | E0=-5.39550616+1.58229218j | E1=-1.48396065+0.11757736j|E2=-0.49678030-0.62273476j|E3=2.22831222-1.81326880j
26-02-07-53 误差(Ha): e0=2.51e+00 | e1=8.28e-02 | e2=4.55e-01 | e3=2.61e+00
26-02-07-53 #-----------------------------------------#
26-02-07-53 [Step 106] logΨ: mean=8.275-0.194j | min=4.564-0.773j | max=11.472+0.216j
26-02-07-53 梯度监控 | raw=1563.7651 | natural=0.2988 | clipped=0.2988(上限20.0) | t_grad=0ms t_qgt=5ms
26-02-07-53 冻结状态 | frozen_set=[0, 1] | P_a/P=758/1516 | QGT=574564 | 本轮实际训练参数=758
26-02-07-53 原始规范坐标 G(Re Σrow_mean) = +14.2289 | 累计|g| = 7.1247
26-02-07-53 Ψ矩阵条件数 cond(Ψ) = 1.98e+01
26-02-07-53 Loss=-5.093520 | E0=-4.77538579+1.74378732j | E1=-1.49558494+0.08447185j|E2=-0.51068595-0.61683564j|E3=1.68813686-1.93899516j
26-02-07-53 误差(Ha): e0=1.89e+00 | e1=9.44e-02 | e2=4.41e-01 | e3=2.07e+00
26-02-07-53 #-----------------------------------------#
26-02-07-53 [Step 107] logΨ: mean=8.265-0.213j | min=4.638-0.655j | max=11.363+0.051j
26-02-07-53 梯度监控 | raw=1351.6268 | natural=0.2312 | clipped=0.2312(上限20.0) | t_grad=0ms t_qgt=4ms
26-02-07-53 冻结状态 | frozen_set=[0, 1] | P_a/P=758/1516 | QGT=574564 | 本轮实际训练参数=758
26-02-07-53 原始规范坐标 G(Re Σrow_mean) = +14.3169 | 累计|g| = 7.1247
26-02-07-53 Ψ矩阵条件数 cond(Ψ) = 1.95e+01
26-02-07-53 Loss=-5.125163 | E0=-4.99273485+2.04653492j | E1=-1.48361797+0.07203001j|E2=-0.52950444-0.64604419j|E3=1.88069464-2.18882378j
26-02-07-53 误差(Ha): e0=2.11e+00 | e1=8.25e-02 | e2=4.23e-01 | e3=2.27e+00
26-02-07-53 #-----------------------------------------#
26-02-07-53 [Step 108] logΨ: mean=8.319-0.116j | min=4.768-0.533j | max=11.428+0.161j
26-02-07-53 梯度监控 | raw=1764.3306 | natural=0.1255 | clipped=0.1255(上限20.0) | t_grad=0ms t_qgt=8ms
26-02-07-53 冻结状态 | frozen_set=[0, 1] | P_a/P=758/1516 | QGT=574564 | 本轮实际训练参数=758
26-02-07-53 原始规范坐标 G(Re Σrow_mean) = +14.4019 | 累计|g| = 7.1247
26-02-07-53 Ψ矩阵条件数 cond(Ψ) = 1.98e+01
26-02-07-53 Loss=-5.155535 | E0=-5.24934317+2.37715735j | E1=-1.46402661+0.05818414j|E2=-0.52633609-0.66098675j|E3=2.08417075-2.47915676j
26-02-07-53 误差(Ha): e0=2.36e+00 | e1=6.29e-02 | e2=4.26e-01 | e3=2.47e+00
26-02-07-53 #-----------------------------------------#
26-02-07-53 [Step 109] logΨ: mean=8.245-0.141j | min=4.806-0.545j | max=11.516+0.430j
26-02-07-53 梯度监控 | raw=1901.4749 | natural=0.2014 | clipped=0.2014(上限20.0) | t_grad=0ms t_qgt=5ms
26-02-07-53 冻结状态 | frozen_set=[0, 1] | P_a/P=758/1516 | QGT=574564 | 本轮实际训练参数=758
26-02-07-53 原始规范坐标 G(Re Σrow_mean) = +14.4455 | 累计|g| = 7.1247
26-02-07-53 Ψ矩阵条件数 cond(Ψ) = 2.04e+01
26-02-07-53 Loss=-5.153501 | E0=-5.33150700+2.47685164j | E1=-1.45428903+0.05219602j|E2=-0.51383559-0.65379793j|E3=2.14613073-2.56381615j
26-02-07-53 误差(Ha): e0=2.44e+00 | e1=5.31e-02 | e2=4.38e-01 | e3=2.53e+00
26-02-07-53 #-----------------------------------------#
26-02-07-53 [GaugeReset@110] 吸收 Δg = Σ Re(col_mean) = +14.4455 | 新|g| = 7.7857
26-02-07-53 [Step 110] logΨ: mean=7.158-0.570j | min=3.502-1.220j | max=10.388+3.077j
26-02-07-53 梯度监控 | raw=2437.0813 | natural=0.3583 | clipped=0.3583(上限20.0) | t_grad=0ms t_qgt=4ms
26-02-07-53 冻结状态 | frozen_set=[0, 1] | P_a/P=758/1516 | QGT=574564 | 本轮实际训练参数=758
26-02-07-53 原始规范坐标 G(Re Σrow_mean) = +14.5900 | 累计|g| = 7.7857
26-02-07-53 Ψ矩阵条件数 cond(Ψ) = 1.95e+01
26-02-07-53 Loss=-5.119465 | E0=-5.40128209+2.55316785j | E1=-1.44672108+0.04728354j|E2=-0.49182384-0.63716061j|E3=2.22036169-2.60606986j
26-02-07-53 误差(Ha): e0=2.51e+00 | e1=4.56e-02 | e2=4.60e-01 | e3=2.61e+00
26-02-07-53 #-----------------------------------------#
26-02-07-53 [Step 111] logΨ: mean=7.221-0.546j | min=3.424-1.167j | max=10.486+3.130j
26-02-07-53 梯度监控 | raw=3241.1660 | natural=0.4671 | clipped=0.4671(上限20.0) | t_grad=0ms t_qgt=4ms
26-02-07-53 冻结状态 | frozen_set=[0, 1] | P_a/P=758/1516 | QGT=574564 | 本轮实际训练参数=758
26-02-07-53 原始规范坐标 G(Re Σrow_mean) = +14.7228 | 累计|g| = 7.7857
26-02-07-53 Ψ矩阵条件数 cond(Ψ) = 2.12e+01
26-02-07-53 Loss=-5.148407 | E0=-5.51318232+2.44052053j | E1=-1.44798452+0.03970664j|E2=-0.46465262-0.66447866j|E3=2.27741261-2.52012309j
26-02-07-53 误差(Ha): e0=2.63e+00 | e1=4.68e-02 | e2=4.87e-01 | e3=2.66e+00
26-02-07-53 #-----------------------------------------#
26-02-07-53 [Step 112] logΨ: mean=7.402-0.495j | min=3.280-1.004j | max=10.515+0.088j
26-02-07-53 梯度监控 | raw=2536.9317 | natural=0.2379 | clipped=0.2379(上限20.0) | t_grad=0ms t_qgt=5ms
26-02-07-53 冻结状态 | frozen_set=[0, 1] | P_a/P=758/1516 | QGT=574564 | 本轮实际训练参数=758
26-02-07-53 原始规范坐标 G(Re Σrow_mean) = +14.9359 | 累计|g| = 7.7857
26-02-07-53 Ψ矩阵条件数 cond(Ψ) = 2.17e+01
26-02-07-53 Loss=-5.184034 | E0=-5.40842698+2.52429889j | E1=-1.42743044-0.02981164j|E2=-0.48290249-0.66455403j|E3=2.13472590-2.52175589j
26-02-07-53 误差(Ha): e0=2.52e+00 | e1=2.63e-02 | e2=4.69e-01 | e3=2.52e+00
26-02-07-53 #-----------------------------------------#
26-02-07-53 [Step 113] logΨ: mean=5.116-1.339j | min=0.577-1.952j | max=8.004+2.156j
26-02-07-53 梯度监控 | raw=2339.7530 | natural=0.4730 | clipped=0.4730(上限20.0) | t_grad=0ms t_qgt=3ms
26-02-07-53 冻结状态 | frozen_set=[0, 1] | P_a/P=758/1516 | QGT=574564 | 本轮实际训练参数=758
26-02-07-53 原始规范坐标 G(Re Σrow_mean) = +13.9992 | 累计|g| = 7.7857
26-02-07-53 Ψ矩阵条件数 cond(Ψ) = 2.12e+01
26-02-07-53 Loss=-5.172229 | E0=-5.34369085+2.67748664j | E1=-1.40341550-0.11567968j|E2=-0.44512375-0.64625560j|E3=2.02000107-2.62926222j
26-02-07-53 误差(Ha): e0=2.46e+00 | e1=2.25e-03 | e2=5.07e-01 | e3=2.40e+00
26-02-07-53 #-----------------------------------------#
26-02-07-53 [Step 114] logΨ: mean=4.983-1.161j | min=0.300-1.811j | max=7.895+2.279j
26-02-07-53 梯度监控 | raw=661.2146 | natural=0.0891 | clipped=0.0891(上限20.0) | t_grad=0ms t_qgt=5ms
26-02-07-53 冻结状态 | frozen_set=[0, 1] | P_a/P=758/1516 | QGT=574564 | 本轮实际训练参数=758
26-02-07-53 原始规范坐标 G(Re Σrow_mean) = +13.9271 | 累计|g| = 7.7857
26-02-07-53 Ψ矩阵条件数 cond(Ψ) = 2.12e+01
26-02-07-53 Loss=-5.019789 | E0=-4.36981532-0.37618719j | E1=-1.55899744+0.11636548j|E2=-0.42090256-0.59743957j|E3=1.32992676+0.05844727j
26-02-07-53 误差(Ha): e0=1.48e+00 | e1=1.58e-01 | e2=5.31e-01 | e3=1.71e+00
26-02-07-53 #-----------------------------------------#
26-02-07-54 [Step 115] logΨ: mean=4.831-0.653j | min=0.069-1.413j | max=7.769+2.582j
26-02-07-54 梯度监控 | raw=599.7877 | natural=0.2534 | clipped=0.2534(上限20.0) | t_grad=0ms t_qgt=4ms
26-02-07-54 冻结状态 | frozen_set=[0, 1] | P_a/P=758/1516 | QGT=574564 | 本轮实际训练参数=758
26-02-07-54 原始规范坐标 G(Re Σrow_mean) = +13.9119 | 累计|g| = 7.7857
26-02-07-54 Ψ矩阵条件数 cond(Ψ) = 1.95e+01
26-02-07-54 Loss=-5.072419 | E0=-4.56922949-0.26148794j | E1=-1.54666600+0.21870517j|E2=-0.41419750-0.63272331j|E3=1.45767357-0.12336691j
26-02-07-54 误差(Ha): e0=1.68e+00 | e1=1.46e-01 | e2=5.38e-01 | e3=1.84e+00
26-02-07-54 #-----------------------------------------#
26-02-07-54 [Step 116] logΨ: mean=4.844-0.627j | min=-0.131-0.566j | max=7.889+2.826j
26-02-07-54 梯度监控 | raw=593.8730 | natural=0.4116 | clipped=0.4116(上限20.0) | t_grad=0ms t_qgt=7ms
26-02-07-54 冻结状态 | frozen_set=[0, 1] | P_a/P=758/1516 | QGT=574564 | 本轮实际训练参数=758
26-02-07-54 原始规范坐标 G(Re Σrow_mean) = +13.8734 | 累计|g| = 7.7857
26-02-07-54 Ψ矩阵条件数 cond(Ψ) = 1.30e+01
26-02-07-54 Loss=-5.077784 | E0=-4.80359508-0.40017124j | E1=-1.40713004+0.32131460j|E2=-0.39708651-0.63493782j|E3=1.53002747-0.09499390j
26-02-07-54 误差(Ha): e0=1.92e+00 | e1=5.97e-03 | e2=5.55e-01 | e3=1.91e+00
26-02-07-54 #-----------------------------------------#
26-02-07-54 [Step 117] logΨ: mean=4.929-0.526j | min=-0.724-0.742j | max=8.009+2.988j
26-02-07-54 梯度监控 | raw=847.3555 | natural=0.4043 | clipped=0.4043(上限20.0) | t_grad=2ms t_qgt=8ms
26-02-07-54 冻结状态 | frozen_set=[0, 1] | P_a/P=758/1516 | QGT=574564 | 本轮实际训练参数=758
26-02-07-54 原始规范坐标 G(Re Σrow_mean) = +13.6935 | 累计|g| = 7.7857
26-02-07-54 Ψ矩阵条件数 cond(Ψ) = 8.99e+00
26-02-07-54 Loss=-5.207304 | E0=-5.55178447-1.77167354j | E1=-0.88409240+0.26402540j|E2=-0.40635185-0.69533668j|E3=1.63492506+1.46245233j
26-02-07-54 误差(Ha): e0=2.66e+00 | e1=5.17e-01 | e2=5.46e-01 | e3=2.02e+00
26-02-07-54 #-----------------------------------------#
26-02-07-54 [Step 118] logΨ: mean=4.989-0.539j | min=-0.693-0.155j | max=8.061+0.033j
26-02-07-54 梯度监控 | raw=1395.1517 | natural=0.1558 | clipped=0.1558(上限20.0) | t_grad=0ms t_qgt=9ms
26-02-07-54 冻结状态 | frozen_set=[0, 1] | P_a/P=758/1516 | QGT=574564 | 本轮实际训练参数=758
26-02-07-54 原始规范坐标 G(Re Σrow_mean) = +13.7760 | 累计|g| = 7.7857
26-02-07-54 Ψ矩阵条件数 cond(Ψ) = 9.61e+00
26-02-07-54 Loss=-5.258190 | E0=-4.49240352-2.23812724j | E1=-0.40253301-0.69410866j|E2=-0.23311659+0.01990643j|E3=-0.13013725+2.01442333j
26-02-07-54 误差(Ha): e0=1.60e+00 | e1=9.99e-01 | e2=7.19e-01 | e3=2.55e-01
26-02-07-54 #-----------------------------------------#
26-02-07-54 [Step 119] logΨ: mean=5.146-0.359j | min=-0.360+0.216j | max=8.196+0.186j
26-02-07-54 梯度监控 | raw=1649.2697 | natural=0.1190 | clipped=0.1190(上限20.0) | t_grad=0ms t_qgt=8ms
26-02-07-54 冻结状态 | frozen_set=[0, 1] | P_a/P=758/1516 | QGT=574564 | 本轮实际训练参数=758
26-02-07-54 原始规范坐标 G(Re Σrow_mean) = +13.8180 | 累计|g| = 7.7857
26-02-07-54 Ψ矩阵条件数 cond(Ψ) = 9.54e+00
26-02-07-54 Loss=-5.392800 | E0=-4.81285979-2.21280739j | E1=-0.63947700-0.15791318j|E2=-0.42052360-0.70398612j|E3=0.48006065+2.23726408j
26-02-07-54 误差(Ha): e0=1.93e+00 | e1=7.62e-01 | e2=5.32e-01 | e3=8.65e-01
26-02-07-54 #-----------------------------------------#
26-02-07-54 [保存] Step 119 → pickle 文件已更新 (120 条记录)
26-02-07-54 [GaugeReset@120] 吸收 Δg = Σ Re(col_mean) = +13.8180 | 新|g| = 7.3525
26-02-07-54 [Step 120] logΨ: mean=5.870-0.183j | min=0.587+0.133j | max=8.907+3.101j
26-02-07-54 梯度监控 | raw=1301.0669 | natural=0.1782 | clipped=0.1782(上限20.0) | t_grad=0ms t_qgt=9ms
26-02-07-54 冻结状态 | frozen_set=[0, 1] | P_a/P=758/1516 | QGT=574564 | 本轮实际训练参数=758
26-02-07-54 原始规范坐标 G(Re Σrow_mean) = +13.9471 | 累计|g| = 7.3525
26-02-07-54 Ψ矩阵条件数 cond(Ψ) = 1.18e+01
26-02-07-54 Loss=-5.444246 | E0=-4.85102222-2.06679812j | E1=-0.85000129-0.16840609j|E2=-0.42850901-0.67197494j|E3=0.68528610+2.20622938j
26-02-07-54 误差(Ha): e0=1.96e+00 | e1=5.51e-01 | e2=5.24e-01 | e3=1.07e+00
26-02-07-54 #-----------------------------------------#
26-02-07-54 [Step 121] logΨ: mean=6.174-0.246j | min=0.969+0.332j | max=9.113+0.045j
26-02-07-54 梯度监控 | raw=1176.9144 | natural=0.1432 | clipped=0.1432(上限20.0) | t_grad=0ms t_qgt=3ms
26-02-07-54 冻结状态 | frozen_set=[0, 1] | P_a/P=758/1516 | QGT=574564 | 本轮实际训练参数=758
26-02-07-54 原始规范坐标 G(Re Σrow_mean) = +14.0163 | 累计|g| = 7.3525
26-02-07-54 Ψ矩阵条件数 cond(Ψ) = 1.15e+01
26-02-07-54 Loss=-5.528808 | E0=-4.38136948-2.11715172j | E1=-1.01954671-0.18601289j|E2=-0.42442443-0.66033967j|E3=0.29653305+2.33493340j
26-02-07-54 误差(Ha): e0=1.49e+00 | e1=3.82e-01 | e2=5.28e-01 | e3=6.81e-01
26-02-07-54 #-----------------------------------------#
26-02-07-54 [Step 122] logΨ: mean=6.317+0.102j | min=1.252+0.633j | max=9.268+0.229j
26-02-07-54 梯度监控 | raw=865.9813 | natural=0.1587 | clipped=0.1587(上限20.0) | t_grad=1ms t_qgt=6ms
26-02-07-54 冻结状态 | frozen_set=[0, 1] | P_a/P=758/1516 | QGT=574564 | 本轮实际训练参数=758
26-02-07-54 原始规范坐标 G(Re Σrow_mean) = +14.0626 | 累计|g| = 7.3525
26-02-07-54 Ψ矩阵条件数 cond(Ψ) = 1.19e+01
26-02-07-54 Loss=-5.544816 | E0=-3.81525764-2.12331394j | E1=-1.14570652-0.16424642j|E2=-0.44188642-0.65546769j|E3=-0.14196501+2.31347732j
26-02-07-54 误差(Ha): e0=9.28e-01 | e1=2.55e-01 | e2=5.10e-01 | e3=2.43e-01
26-02-07-54 #-----------------------------------------#
26-02-07-54 [Step 123] logΨ: mean=6.593+0.266j | min=1.683+0.857j | max=9.512+0.373j
26-02-07-54 梯度监控 | raw=629.0450 | natural=0.1725 | clipped=0.1725(上限20.0) | t_grad=0ms t_qgt=4ms
26-02-07-54 冻结状态 | frozen_set=[0, 1] | P_a/P=758/1516 | QGT=574564 | 本轮实际训练参数=758
26-02-07-54 原始规范坐标 G(Re Σrow_mean) = +14.1098 | 累计|g| = 7.3525
26-02-07-54 Ψ矩阵条件数 cond(Ψ) = 1.20e+01
26-02-07-54 Loss=-5.550420 | E0=-3.48709267-1.87899626j | E1=-1.21403254-0.14476765j|E2=-0.47172976-0.66642461j|E3=-0.37756514+2.07138947j
26-02-07-54 误差(Ha): e0=5.99e-01 | e1=1.87e-01 | e2=4.80e-01 | e3=7.13e-03
26-02-07-54 #-----------------------------------------#
26-02-07-54 [Step 124] logΨ: mean=6.872+0.619j | min=2.160+1.243j | max=9.786+0.732j
26-02-07-54 梯度监控 | raw=424.0558 | natural=0.1977 | clipped=0.1977(上限20.0) | t_grad=0ms t_qgt=5ms
26-02-07-54 冻结状态 | frozen_set=[0, 1] | P_a/P=758/1516 | QGT=574564 | 本轮实际训练参数=758
26-02-07-54 原始规范坐标 G(Re Σrow_mean) = +14.2463 | 累计|g| = 7.3525
26-02-07-54 Ψ矩阵条件数 cond(Ψ) = 1.33e+01
26-02-07-54 Loss=-5.515268 | E0=-3.19099556-1.64640112j | E1=-1.27400151-0.08668293j|E2=-0.60682414+1.77423696j|E3=-0.44344703-0.66337056j
26-02-07-54 误差(Ha): e0=3.03e-01 | e1=1.27e-01 | e2=3.45e-01 | e3=5.88e-02
26-02-07-54 #-----------------------------------------#
26-02-07-54 [Freeze@125] 能级 2 冻结 | err=9.47e-04 Ha (< 1.6e-03)
26-02-07-54 [重建@125] frozen_set=[0, 1, 2] | P_a/P = 379/1516 | 重建耗时 0.12s（含编译，一次性）
26-02-07-54 [Step 125] logΨ: mean=7.010+0.563j | min=2.400+1.337j | max=9.887+0.819j
26-02-07-54 梯度监控 | raw=306.5007 | natural=0.1920 | clipped=0.1920(上限20.0) | t_grad=0ms t_qgt=6ms
26-02-07-54 冻结状态 | frozen_set=[0, 1, 2] | P_a/P=758/1516 | QGT=574564 | 本轮实际训练参数=758
26-02-07-54 原始规范坐标 G(Re Σrow_mean) = +14.2413 | 累计|g| = 7.3525
26-02-07-54 Ψ矩阵条件数 cond(Ψ) = 1.29e+01
26-02-07-54 Loss=-5.475945 | E0=-2.81702774-1.47289890j | E1=-1.28858256-0.04220231j|E2=-0.95120412+1.59082728j|E3=-0.41913009-0.70061520j
26-02-07-54 误差(Ha): e0=7.06e-02 | e1=1.13e-01 | e2=9.47e-04 | e3=3.44e-02
26-02-07-54 #-----------------------------------------#
26-02-07-54 [Step 126] logΨ: mean=7.130+0.808j | min=2.516+1.698j | max=10.012+1.175j
26-02-07-54 梯度监控 | raw=56.5644 | natural=0.0776 | clipped=0.0776(上限20.0) | t_grad=2705ms t_qgt=654ms
26-02-07-54 冻结状态 | frozen_set=[0, 1, 2] | P_a/P=379/1516 | QGT=143641 | 本轮实际训练参数=379
26-02-07-54 原始规范坐标 G(Re Σrow_mean) = +14.3011 | 累计|g| = 7.3525
26-02-07-54 Ψ矩阵条件数 cond(Ψ) = 1.31e+01
26-02-07-54 Loss=-5.418168 | E0=-2.48082403-1.31137403j | E1=-1.29687446-0.02469235j|E2=-1.26692205+1.39818596j|E3=-0.37354779-0.70573075j
26-02-07-54 误差(Ha): e0=4.07e-01 | e1=1.04e-01 | e2=3.15e-01 | e3=1.11e-02
26-02-07-54 #-----------------------------------------#
26-02-07-54 [Step 127] logΨ: mean=7.092+0.686j | min=2.520+2.063j | max=10.025+1.537j
26-02-07-54 梯度监控 | raw=59.8855 | natural=0.0795 | clipped=0.0795(上限20.0) | t_grad=1ms t_qgt=5ms
26-02-07-54 冻结状态 | frozen_set=[0, 1, 2] | P_a/P=379/1516 | QGT=143641 | 本轮实际训练参数=379
26-02-07-54 原始规范坐标 G(Re Σrow_mean) = +14.2573 | 累计|g| = 7.3525
26-02-07-54 Ψ矩阵条件数 cond(Ψ) = 1.32e+01
26-02-07-54 Loss=-5.393569 | E0=-2.41890205-1.36481003j | E1=-1.30800600-0.01730405j|E2=-1.20217108+1.43613171j|E3=-0.46448966-0.69613621j
26-02-07-54 误差(Ha): e0=4.69e-01 | e1=9.32e-02 | e2=2.50e-01 | e3=7.98e-02
26-02-07-54 #-----------------------------------------#
26-02-07-54 [Step 128] logΨ: mean=7.070-0.318j | min=2.426+2.374j | max=9.938+1.844j
26-02-07-54 梯度监控 | raw=43.7033 | natural=0.0760 | clipped=0.0760(上限20.0) | t_grad=0ms t_qgt=5ms
26-02-07-54 冻结状态 | frozen_set=[0, 1, 2] | P_a/P=379/1516 | QGT=143641 | 本轮实际训练参数=379
26-02-07-54 原始规范坐标 G(Re Σrow_mean) = +14.2656 | 累计|g| = 7.3525
26-02-07-54 Ψ矩阵条件数 cond(Ψ) = 1.31e+01
26-02-07-54 Loss=-5.421115 | E0=-2.48626425-1.38678047j | E1=-1.32313050-0.00507436j|E2=-1.20589333+1.45828653j|E3=-0.40582671-0.69595404j
26-02-07-54 误差(Ha): e0=4.01e-01 | e1=7.80e-02 | e2=2.54e-01 | e3=2.11e-02
26-02-07-54 #-----------------------------------------#
26-02-07-54 [Step 129] logΨ: mean=6.967-0.211j | min=2.294+2.580j | max=9.811+2.047j
26-02-07-54 梯度监控 | raw=39.4686 | natural=0.0822 | clipped=0.0822(上限20.0) | t_grad=0ms t_qgt=8ms
26-02-07-54 冻结状态 | frozen_set=[0, 1, 2] | P_a/P=379/1516 | QGT=143641 | 本轮实际训练参数=379
26-02-07-54 原始规范坐标 G(Re Σrow_mean) = +14.2358 | 累计|g| = 7.3525
26-02-07-54 Ψ矩阵条件数 cond(Ψ) = 1.29e+01
26-02-07-54 Loss=-5.440304 | E0=-2.50991544-1.38088579j | E1=-1.32544485+0.00504694j|E2=-1.16946164+1.45681983j|E3=-0.43548237-0.70375543j
26-02-07-54 误差(Ha): e0=3.78e-01 | e1=7.57e-02 | e2=2.17e-01 | e3=5.08e-02
26-02-07-54 #-----------------------------------------#
26-02-07-54 [GaugeReset@130] 吸收 Δg = Σ Re(col_mean) = +14.2358 | 新|g| = 7.8935
26-02-07-54 [Step 130] logΨ: mean=6.437+0.519j | min=1.764+1.551j | max=9.285+1.014j
26-02-07-54 梯度监控 | raw=35.2987 | natural=0.0930 | clipped=0.0930(上限20.0) | t_grad=0ms t_qgt=5ms
26-02-07-54 冻结状态 | frozen_set=[0, 1, 2] | P_a/P=379/1516 | QGT=143641 | 本轮实际训练参数=379
26-02-07-54 原始规范坐标 G(Re Σrow_mean) = +14.1661 | 累计|g| = 7.8935
26-02-07-54 Ψ矩阵条件数 cond(Ψ) = 1.19e+01
26-02-07-54 Loss=-5.436781 | E0=-2.50726645-1.37392107j | E1=-1.33011248+0.01319918j|E2=-1.16701130+1.44848706j|E3=-0.43239073-0.71098335j
26-02-07-54 误差(Ha): e0=3.80e-01 | e1=7.11e-02 | e2=2.15e-01 | e3=4.77e-02
26-02-07-54 #-----------------------------------------#
26-02-07-54 [Step 131] logΨ: mean=6.302+0.677j | min=1.669+1.635j | max=9.194+1.095j
26-02-07-54 梯度监控 | raw=57.0888 | natural=0.0994 | clipped=0.0994(上限20.0) | t_grad=0ms t_qgt=6ms
26-02-07-54 冻结状态 | frozen_set=[0, 1, 2] | P_a/P=379/1516 | QGT=143641 | 本轮实际训练参数=379
26-02-07-54 原始规范坐标 G(Re Σrow_mean) = +14.1234 | 累计|g| = 7.8935
26-02-07-54 Ψ矩阵条件数 cond(Ψ) = 1.18e+01
26-02-07-54 Loss=-5.419707 | E0=-2.48010505-1.38470005j | E1=-1.33269638+0.01911461j|E2=-1.11249113+1.44258207j|E3=-0.49441396-0.69528417j
26-02-07-54 误差(Ha): e0=4.07e-01 | e1=6.85e-02 | e2=1.60e-01 | e3=1.10e-01
26-02-07-54 #-----------------------------------------#
26-02-07-54 [Step 132] logΨ: mean=6.251+0.849j | min=1.606+1.694j | max=9.134+1.150j
26-02-07-54 梯度监控 | raw=31.5838 | natural=0.1068 | clipped=0.1068(上限20.0) | t_grad=0ms t_qgt=4ms
26-02-07-54 冻结状态 | frozen_set=[0, 1, 2] | P_a/P=379/1516 | QGT=143641 | 本轮实际训练参数=379
26-02-07-54 原始规范坐标 G(Re Σrow_mean) = +14.1019 | 累计|g| = 7.8935
26-02-07-54 Ψ矩阵条件数 cond(Ψ) = 1.18e+01
26-02-07-54 Loss=-5.412048 | E0=-2.50219695-1.34019372j | E1=-1.33374631+0.02921129j|E2=-1.11747196+1.40494676j|E3=-0.45863236-0.71228567j
26-02-07-54 误差(Ha): e0=3.85e-01 | e1=6.74e-02 | e2=1.65e-01 | e3=7.39e-02
26-02-07-54 #-----------------------------------------#
26-02-07-54 [Step 133] logΨ: mean=6.223+0.686j | min=1.553+1.728j | max=9.084+1.180j
26-02-07-54 梯度监控 | raw=28.6849 | natural=0.1074 | clipped=0.1074(上限20.0) | t_grad=0ms t_qgt=7ms
26-02-07-54 冻结状态 | frozen_set=[0, 1, 2] | P_a/P=379/1516 | QGT=143641 | 本轮实际训练参数=379
26-02-07-54 原始规范坐标 G(Re Σrow_mean) = +14.1243 | 累计|g| = 7.8935
26-02-07-54 Ψ矩阵条件数 cond(Ψ) = 1.18e+01
26-02-07-54 Loss=-5.430571 | E0=-2.50823304-1.36595133j | E1=-1.33896117+0.03279726j|E2=-1.14099482+1.39057272j|E3=-0.44238199-0.67934006j
26-02-07-54 误差(Ha): e0=3.79e-01 | e1=6.22e-02 | e2=1.89e-01 | e3=5.77e-02
26-02-07-54 #-----------------------------------------#
26-02-07-54 [Step 134] logΨ: mean=6.177+0.622j | min=1.519+1.726j | max=9.051+1.174j
26-02-07-54 梯度监控 | raw=27.7185 | natural=0.1220 | clipped=0.1220(上限20.0) | t_grad=0ms t_qgt=6ms
26-02-07-54 冻结状态 | frozen_set=[0, 1, 2] | P_a/P=379/1516 | QGT=143641 | 本轮实际训练参数=379
26-02-07-54 原始规范坐标 G(Re Σrow_mean) = +14.1283 | 累计|g| = 7.8935
26-02-07-54 Ψ矩阵条件数 cond(Ψ) = 1.21e+01
26-02-07-54 Loss=-5.424240 | E0=-2.47721852-1.37079483j | E1=-1.33891858+0.03262326j|E2=-1.12573421+1.41571724j|E3=-0.48236855-0.69792593j
26-02-07-54 误差(Ha): e0=4.10e-01 | e1=6.22e-02 | e2=1.74e-01 | e3=9.77e-02
26-02-07-54 #-----------------------------------------#
26-02-07-54 [Step 135] logΨ: mean=6.178+0.648j | min=1.497+1.660j | max=9.031-2.041j
26-02-07-54 梯度监控 | raw=25.7133 | natural=0.1270 | clipped=0.1270(上限20.0) | t_grad=0ms t_qgt=5ms
26-02-07-54 冻结状态 | frozen_set=[0, 1, 2] | P_a/P=379/1516 | QGT=143641 | 本轮实际训练参数=379
26-02-07-54 原始规范坐标 G(Re Σrow_mean) = +14.2359 | 累计|g| = 7.8935
26-02-07-54 Ψ矩阵条件数 cond(Ψ) = 1.27e+01
26-02-07-54 Loss=-5.429920 | E0=-2.48459791-1.38105278j | E1=-1.33924794+0.03704140j|E2=-1.13390939+1.43452225j|E3=-0.47216495-0.70577726j
26-02-07-54 误差(Ha): e0=4.03e-01 | e1=6.19e-02 | e2=1.82e-01 | e3=8.75e-02
26-02-07-54 #-----------------------------------------#
26-02-07-54 [Step 136] logΨ: mean=6.156+0.569j | min=1.487+1.458j | max=9.022+0.880j
26-02-07-54 梯度监控 | raw=35.4632 | natural=0.0896 | clipped=0.0896(上限20.0) | t_grad=0ms t_qgt=4ms
26-02-07-54 冻结状态 | frozen_set=[0, 1, 2] | P_a/P=379/1516 | QGT=143641 | 本轮实际训练参数=379
26-02-07-54 原始规范坐标 G(Re Σrow_mean) = +14.3890 | 累计|g| = 7.8935
26-02-07-54 Ψ矩阵条件数 cond(Ψ) = 1.34e+01
26-02-07-54 Loss=-5.415668 | E0=-2.46077992-1.40772647j | E1=-1.34238162+0.04449379j|E2=-1.18291665+1.46424559j|E3=-0.42958952-0.71745713j
26-02-07-54 误差(Ha): e0=4.27e-01 | e1=5.88e-02 | e2=2.31e-01 | e3=4.49e-02
26-02-07-54 #-----------------------------------------#
26-02-07-54 [Step 137] logΨ: mean=6.073+0.333j | min=1.415+1.235j | max=8.945+0.653j
26-02-07-54 梯度监控 | raw=32.9016 | natural=0.0269 | clipped=0.0269(上限20.0) | t_grad=0ms t_qgt=6ms
26-02-07-54 冻结状态 | frozen_set=[0, 1, 2] | P_a/P=379/1516 | QGT=143641 | 本轮实际训练参数=379
26-02-07-54 原始规范坐标 G(Re Σrow_mean) = +14.3837 | 累计|g| = 7.8935
26-02-07-54 Ψ矩阵条件数 cond(Ψ) = 1.40e+01
26-02-07-54 Loss=-5.427669 | E0=-2.39863824-1.41611041j | E1=-1.34351899+0.05935751j|E2=-1.22671925+1.44070547j|E3=-0.45879279-0.70377999j
26-02-07-54 误差(Ha): e0=4.89e-01 | e1=5.76e-02 | e2=2.75e-01 | e3=7.41e-02
26-02-07-54 #-----------------------------------------#
26-02-07-54 [Step 138] logΨ: mean=5.978+0.000j | min=1.328+1.079j | max=8.857+0.495j
26-02-07-54 梯度监控 | raw=37.9610 | natural=0.0135 | clipped=0.0135(上限20.0) | t_grad=0ms t_qgt=4ms
26-02-07-54 冻结状态 | frozen_set=[0, 1, 2] | P_a/P=379/1516 | QGT=143641 | 本轮实际训练参数=379
26-02-07-54 原始规范坐标 G(Re Σrow_mean) = +14.3482 | 累计|g| = 7.8935
26-02-07-54 Ψ矩阵条件数 cond(Ψ) = 1.43e+01
26-02-07-54 Loss=-5.408895 | E0=-2.35522353-1.43633655j | E1=-1.34324304+0.06521523j|E2=-1.25057599+1.46574381j|E3=-0.45985248-0.71257238j
26-02-07-54 误差(Ha): e0=5.32e-01 | e1=5.79e-02 | e2=2.98e-01 | e3=7.52e-02
26-02-07-54 #-----------------------------------------#
26-02-07-54 [Step 139] logΨ: mean=5.945+0.147j | min=1.250+0.923j | max=8.778+0.338j
26-02-07-54 梯度监控 | raw=14.8640 | natural=0.0097 | clipped=0.0097(上限20.0) | t_grad=0ms t_qgt=5ms
26-02-07-54 冻结状态 | frozen_set=[0, 1, 2] | P_a/P=379/1516 | QGT=143641 | 本轮实际训练参数=379
26-02-07-54 原始规范坐标 G(Re Σrow_mean) = +14.3506 | 累计|g| = 7.8935
26-02-07-54 Ψ矩阵条件数 cond(Ψ) = 1.46e+01
26-02-07-54 Loss=-5.436513 | E0=-2.39246174-1.41091226j | E1=-1.34097535+0.06773232j|E2=-1.24788256+1.43963785j|E3=-0.45519380-0.71184524j
26-02-07-54 误差(Ha): e0=4.95e-01 | e1=6.02e-02 | e2=2.96e-01 | e3=7.05e-02
26-02-07-54 #-----------------------------------------#
26-02-07-54 [保存] Step 139 → pickle 文件已更新 (140 条记录)
26-02-07-54 [GaugeReset@140] 吸收 Δg = Σ Re(col_mean) = +14.3506 | 新|g| = 7.7257
26-02-07-54 [Step 140] logΨ: mean=5.726+0.606j | min=1.047+1.569j | max=8.573+0.983j
26-02-07-54 梯度监控 | raw=15.0251 | natural=0.0081 | clipped=0.0081(上限20.0) | t_grad=1ms t_qgt=4ms
26-02-07-54 冻结状态 | frozen_set=[0, 1, 2] | P_a/P=379/1516 | QGT=143641 | 本轮实际训练参数=379
26-02-07-54 原始规范坐标 G(Re Σrow_mean) = +14.3195 | 累计|g| = 7.7257
26-02-07-54 Ψ矩阵条件数 cond(Ψ) = 1.39e+01
26-02-07-54 Loss=-5.424725 | E0=-2.35529710-1.45230005j | E1=-1.33934965+0.07017643j|E2=-1.26362918+1.48178826j|E3=-0.46644919-0.71426555j
26-02-07-54 误差(Ha): e0=5.32e-01 | e1=6.18e-02 | e2=3.11e-01 | e3=8.18e-02
26-02-07-54 #-----------------------------------------#
26-02-07-54 [Step 141] logΨ: mean=5.625+0.520j | min=0.967+1.474j | max=8.493+0.888j
26-02-07-54 梯度监控 | raw=14.7382 | natural=0.0074 | clipped=0.0074(上限20.0) | t_grad=0ms t_qgt=4ms
26-02-07-54 冻结状态 | frozen_set=[0, 1, 2] | P_a/P=379/1516 | QGT=143641 | 本轮实际训练参数=379
26-02-07-54 原始规范坐标 G(Re Σrow_mean) = +14.2690 | 累计|g| = 7.7257
26-02-07-54 Ψ矩阵条件数 cond(Ψ) = 1.41e+01
26-02-07-54 Loss=-5.413328 | E0=-2.34748066-1.46579330j | E1=-1.33774977+0.07234001j|E2=-1.27109653+1.48221481j|E3=-0.45700060-0.70453601j
26-02-07-54 误差(Ha): e0=5.40e-01 | e1=6.34e-02 | e2=3.19e-01 | e3=7.23e-02
26-02-07-54 #-----------------------------------------#
26-02-07-54 [Step 142] logΨ: mean=5.546+0.447j | min=0.898+1.466j | max=8.424-2.262j
26-02-07-54 梯度监控 | raw=35.2851 | natural=0.0444 | clipped=0.0444(上限20.0) | t_grad=0ms t_qgt=6ms
26-02-07-54 冻结状态 | frozen_set=[0, 1, 2] | P_a/P=379/1516 | QGT=143641 | 本轮实际训练参数=379
26-02-07-54 原始规范坐标 G(Re Σrow_mean) = +14.1969 | 累计|g| = 7.7257
26-02-07-54 Ψ矩阵条件数 cond(Ψ) = 1.40e+01
26-02-07-54 Loss=-5.418088 | E0=-2.36419255-1.43908359j | E1=-1.34205657+0.07707227j|E2=-1.22225335+1.47147264j|E3=-0.48958582-0.72301978j
26-02-07-54 误差(Ha): e0=5.23e-01 | e1=5.91e-02 | e2=2.70e-01 | e3=1.05e-01
26-02-07-54 #-----------------------------------------#
26-02-07-54 [Step 143] logΨ: mean=5.505+0.351j | min=0.837+1.386j | max=8.362-2.343j
26-02-07-54 梯度监控 | raw=17.1872 | natural=0.0068 | clipped=0.0068(上限20.0) | t_grad=0ms t_qgt=6ms
26-02-07-54 冻结状态 | frozen_set=[0, 1, 2] | P_a/P=379/1516 | QGT=143641 | 本轮实际训练参数=379
26-02-07-54 原始规范坐标 G(Re Σrow_mean) = +14.1898 | 累计|g| = 7.7257
26-02-07-54 Ψ矩阵条件数 cond(Ψ) = 1.42e+01
26-02-07-54 Loss=-5.431866 | E0=-2.36278169-1.44224825j | E1=-1.34065283+0.07593517j|E2=-1.24406178+1.46171992j|E3=-0.48436934-0.71182477j
26-02-07-54 误差(Ha): e0=5.25e-01 | e1=6.05e-02 | e2=2.92e-01 | e3=9.97e-02
26-02-07-54 #-----------------------------------------#
26-02-07-54 [Step 144] logΨ: mean=5.463+0.258j | min=0.793+1.324j | max=8.319+0.737j
26-02-07-54 梯度监控 | raw=5.8326 | natural=0.0037 | clipped=0.0037(上限20.0) | t_grad=0ms t_qgt=7ms
26-02-07-54 冻结状态 | frozen_set=[0, 1, 2] | P_a/P=379/1516 | QGT=143641 | 本轮实际训练参数=379
26-02-07-54 原始规范坐标 G(Re Σrow_mean) = +14.1703 | 累计|g| = 7.7257
26-02-07-54 Ψ矩阵条件数 cond(Ψ) = 1.43e+01
26-02-07-54 Loss=-5.418683 | E0=-2.38701584-1.42156512j | E1=-1.33788336+0.07842284j|E2=-1.25868662+1.43178826j|E3=-0.43509688-0.70410464j
26-02-07-54 误差(Ha): e0=5.01e-01 | e1=6.33e-02 | e2=3.07e-01 | e3=5.04e-02
26-02-07-54 #-----------------------------------------#
26-02-07-54 [Step 145] logΨ: mean=5.431+0.456j | min=0.748+1.270j | max=8.273+0.683j
26-02-07-54 梯度监控 | raw=7.2233 | natural=0.0038 | clipped=0.0038(上限20.0) | t_grad=0ms t_qgt=8ms
26-02-07-54 冻结状态 | frozen_set=[0, 1, 2] | P_a/P=379/1516 | QGT=143641 | 本轮实际训练参数=379
26-02-07-54 原始规范坐标 G(Re Σrow_mean) = +14.1621 | 累计|g| = 7.7257
26-02-07-54 Ψ矩阵条件数 cond(Ψ) = 1.44e+01
26-02-07-54 Loss=-5.428783 | E0=-2.37873132-1.44805625j | E1=-1.33912718+0.07960926j|E2=-1.29740769+1.46592125j|E3=-0.41351721-0.71065271j
26-02-07-54 误差(Ha): e0=5.09e-01 | e1=6.20e-02 | e2=3.45e-01 | e3=2.88e-02
26-02-07-54 #-----------------------------------------#
26-02-07-54 [Step 146] logΨ: mean=5.367+0.502j | min=0.719+1.241j | max=8.244+0.654j
26-02-07-54 梯度监控 | raw=8.3642 | natural=0.0071 | clipped=0.0071(上限20.0) | t_grad=0ms t_qgt=3ms
26-02-07-54 冻结状态 | frozen_set=[0, 1, 2] | P_a/P=379/1516 | QGT=143641 | 本轮实际训练参数=379
26-02-07-54 原始规范坐标 G(Re Σrow_mean) = +14.1249 | 累计|g| = 7.7257
26-02-07-54 Ψ矩阵条件数 cond(Ψ) = 1.45e+01
26-02-07-54 Loss=-5.425470 | E0=-2.37079554-1.45994939j | E1=-1.33591504+0.08197834j|E2=-1.24555105+1.46281786j|E3=-0.47320790-0.69659945j
26-02-07-54 误差(Ha): e0=5.17e-01 | e1=6.52e-02 | e2=2.93e-01 | e3=8.85e-02
26-02-07-54 #-----------------------------------------#
26-02-07-54 [Step 147] logΨ: mean=5.363+0.432j | min=0.699+1.188j | max=8.223+0.601j
26-02-07-54 梯度监控 | raw=10.7700 | natural=0.0025 | clipped=0.0025(上限20.0) | t_grad=0ms t_qgt=5ms
26-02-07-54 冻结状态 | frozen_set=[0, 1, 2] | P_a/P=379/1516 | QGT=143641 | 本轮实际训练参数=379
26-02-07-54 原始规范坐标 G(Re Σrow_mean) = +14.1279 | 累计|g| = 7.7257
26-02-07-54 Ψ矩阵条件数 cond(Ψ) = 1.46e+01
26-02-07-54 Loss=-5.429552 | E0=-2.39401979-1.47090297j | E1=-1.33691743+0.08652107j|E2=-1.28131391+1.46153911j|E3=-0.41730089-0.67773320j
26-02-07-54 误差(Ha): e0=4.94e-01 | e1=6.42e-02 | e2=3.29e-01 | e3=3.26e-02
26-02-07-54 #-----------------------------------------#
26-02-07-54 [Step 148] logΨ: mean=5.311+0.353j | min=0.662+1.162j | max=8.186+0.575j
26-02-07-54 梯度监控 | raw=9.4253 | natural=0.0037 | clipped=0.0037(上限20.0) | t_grad=0ms t_qgt=5ms
26-02-07-54 冻结状态 | frozen_set=[0, 1, 2] | P_a/P=379/1516 | QGT=143641 | 本轮实际训练参数=379
26-02-07-54 原始规范坐标 G(Re Σrow_mean) = +14.1129 | 累计|g| = 7.7257
26-02-07-54 Ψ矩阵条件数 cond(Ψ) = 1.46e+01
26-02-07-54 Loss=-5.426532 | E0=-2.32822577-1.50606242j | E1=-1.33661222+0.08033167j|E2=-1.21680323+1.51293426j|E3=-0.54489070-0.69961751j
26-02-07-54 误差(Ha): e0=5.59e-01 | e1=6.46e-02 | e2=2.65e-01 | e3=1.60e-01
26-02-07-54 #-----------------------------------------#
26-02-07-54 [Step 149] logΨ: mean=5.276+0.173j | min=0.643+1.143j | max=8.168-2.585j
26-02-07-54 梯度监控 | raw=12.2537 | natural=0.0078 | clipped=0.0078(上限20.0) | t_grad=0ms t_qgt=5ms
26-02-07-54 冻结状态 | frozen_set=[0, 1, 2] | P_a/P=379/1516 | QGT=143641 | 本轮实际训练参数=379
26-02-07-54 原始规范坐标 G(Re Σrow_mean) = +14.0514 | 累计|g| = 7.7257
26-02-07-54 Ψ矩阵条件数 cond(Ψ) = 1.47e+01
26-02-07-54 Loss=-5.422913 | E0=-2.34396008-1.47724499j | E1=-1.33598550+0.08126732j|E2=-1.25279415+1.50679870j|E3=-0.49017315-0.72367094j
26-02-07-54 误差(Ha): e0=5.44e-01 | e1=6.52e-02 | e2=3.01e-01 | e3=1.05e-01
26-02-07-54 #-----------------------------------------#
26-02-07-54 [GaugeReset@150] 吸收 Δg = Σ Re(col_mean) = +14.0514 | 新|g| = 7.4620
26-02-07-54 [Step 150] logΨ: mean=5.559+0.619j | min=0.921+1.486j | max=8.445+0.899j
26-02-07-54 梯度监控 | raw=6.6757 | natural=0.0037 | clipped=0.0037(上限20.0) | t_grad=0ms t_qgt=6ms
26-02-07-54 冻结状态 | frozen_set=[0, 1, 2] | P_a/P=379/1516 | QGT=143641 | 本轮实际训练参数=379
26-02-07-54 原始规范坐标 G(Re Σrow_mean) = +14.0635 | 累计|g| = 7.4620
26-02-07-54 Ψ矩阵条件数 cond(Ψ) = 1.45e+01
26-02-07-54 Loss=-5.422330 | E0=-2.35985582-1.46760406j | E1=-1.33639767+0.08253974j|E2=-1.25497365+1.48000561j|E3=-0.47110240-0.71143845j
26-02-07-54 误差(Ha): e0=5.28e-01 | e1=6.48e-02 | e2=3.03e-01 | e3=8.64e-02
26-02-07-54 #-----------------------------------------#
26-02-07-54 [Step 151] logΨ: mean=5.558+0.443j | min=0.898+1.466j | max=8.423+0.880j
26-02-07-54 梯度监控 | raw=10.1130 | natural=0.0033 | clipped=0.0033(上限20.0) | t_grad=0ms t_qgt=5ms
26-02-07-54 冻结状态 | frozen_set=[0, 1, 2] | P_a/P=379/1516 | QGT=143641 | 本轮实际训练参数=379
26-02-07-54 原始规范坐标 G(Re Σrow_mean) = +14.0636 | 累计|g| = 7.4620
26-02-07-54 Ψ矩阵条件数 cond(Ψ) = 1.46e+01
26-02-07-54 Loss=-5.430357 | E0=-2.37672127-1.44884209j | E1=-1.33775834+0.08216572j|E2=-1.25089498+1.47207223j|E3=-0.46498246-0.72006929j
26-02-07-54 误差(Ha): e0=5.11e-01 | e1=6.34e-02 | e2=2.99e-01 | e3=8.03e-02
26-02-07-54 #-----------------------------------------#
26-02-07-54 [Step 152] logΨ: mean=5.529+0.736j | min=0.882+1.447j | max=8.406+0.861j
26-02-07-54 梯度监控 | raw=1.8503 | natural=0.0027 | clipped=0.0027(上限20.0) | t_grad=1ms t_qgt=6ms
26-02-07-54 冻结状态 | frozen_set=[0, 1, 2] | P_a/P=379/1516 | QGT=143641 | 本轮实际训练参数=379
26-02-07-54 原始规范坐标 G(Re Σrow_mean) = +14.0398 | 累计|g| = 7.4620
26-02-07-54 Ψ矩阵条件数 cond(Ψ) = 1.46e+01
26-02-07-54 Loss=-5.425913 | E0=-2.37585082-1.44273549j | E1=-1.33765296+0.08308413j|E2=-1.27162203+1.46279174j|E3=-0.44078731-0.72514841j
26-02-07-54 误差(Ha): e0=5.12e-01 | e1=6.35e-02 | e2=3.19e-01 | e3=5.61e-02
26-02-07-54 #-----------------------------------------#
26-02-07-54 [Step 153] logΨ: mean=5.509+0.641j | min=0.929+1.501j | max=8.453+0.914j
26-02-07-54 梯度监控 | raw=25.2647 | natural=0.0318 | clipped=0.0318(上限20.0) | t_grad=0ms t_qgt=9ms
26-02-07-54 冻结状态 | frozen_set=[0, 1, 2] | P_a/P=379/1516 | QGT=143641 | 本轮实际训练参数=379
26-02-07-54 原始规范坐标 G(Re Σrow_mean) = +14.0043 | 累计|g| = 7.4620
26-02-07-54 Ψ矩阵条件数 cond(Ψ) = 1.45e+01
26-02-07-54 Loss=-5.403256 | E0=-2.39480408-1.45351111j | E1=-1.33462942+0.09320450j|E2=-1.25774921+1.44794830j|E3=-0.41607317-0.69385659j
26-02-07-54 误差(Ha): e0=4.93e-01 | e1=6.65e-02 | e2=3.06e-01 | e3=3.14e-02
26-02-07-54 #-----------------------------------------#
26-02-07-54 [Step 154] logΨ: mean=5.595+0.703j | min=0.906+1.470j | max=8.430+0.883j
26-02-07-54 梯度监控 | raw=4.2645 | natural=0.0018 | clipped=0.0018(上限20.0) | t_grad=0ms t_qgt=5ms
26-02-07-54 冻结状态 | frozen_set=[0, 1, 2] | P_a/P=379/1516 | QGT=143641 | 本轮实际训练参数=379
26-02-07-54 原始规范坐标 G(Re Σrow_mean) = +14.1052 | 累计|g| = 7.4620
26-02-07-54 Ψ矩阵条件数 cond(Ψ) = 1.45e+01
26-02-07-54 Loss=-5.433982 | E0=-2.40434707-1.41891253j | E1=-1.33803730+0.08409183j|E2=-1.26977232+1.44586148j|E3=-0.42182507-0.71690111j
26-02-07-54 误差(Ha): e0=4.83e-01 | e1=6.31e-02 | e2=3.18e-01 | e3=3.71e-02
26-02-07-54 #-----------------------------------------#
26-02-07-54 [Step 155] logΨ: mean=5.525+0.607j | min=0.891+1.443j | max=8.416+0.856j
26-02-07-54 梯度监控 | raw=1.0456 | natural=0.0115 | clipped=0.0115(上限20.0) | t_grad=0ms t_qgt=5ms
26-02-07-54 冻结状态 | frozen_set=[0, 1, 2] | P_a/P=379/1516 | QGT=143641 | 本轮实际训练参数=379
26-02-07-54 原始规范坐标 G(Re Σrow_mean) = +14.0537 | 累计|g| = 7.4620
26-02-07-54 Ψ矩阵条件数 cond(Ψ) = 1.46e+01
26-02-07-54 Loss=-5.410746 | E0=-2.38617173-1.43746312j | E1=-1.33239554+0.08596086j|E2=-1.27172576+1.43958009j|E3=-0.42045283-0.70022584j
26-02-07-54 误差(Ha): e0=5.01e-01 | e1=6.88e-02 | e2=3.20e-01 | e3=3.58e-02
26-02-07-54 #-----------------------------------------#
26-02-07-54 [Step 156] logΨ: mean=5.547+0.659j | min=0.878+1.424j | max=8.403+0.837j
26-02-07-54 梯度监控 | raw=5.6406 | natural=0.0018 | clipped=0.0018(上限20.0) | t_grad=0ms t_qgt=5ms
26-02-07-54 冻结状态 | frozen_set=[0, 1, 2] | P_a/P=379/1516 | QGT=143641 | 本轮实际训练参数=379
26-02-07-54 原始规范坐标 G(Re Σrow_mean) = +14.0952 | 累计|g| = 7.4620
26-02-07-54 Ψ矩阵条件数 cond(Ψ) = 1.46e+01
26-02-07-54 Loss=-5.434201 | E0=-2.35585595-1.44105126j | E1=-1.33880628+0.08337485j|E2=-1.21871447+1.44642023j|E3=-0.52082426-0.70000669j
26-02-07-54 误差(Ha): e0=5.32e-01 | e1=6.24e-02 | e2=2.67e-01 | e3=1.36e-01
26-02-07-54 #-----------------------------------------#
26-02-07-54 [Step 157] logΨ: mean=5.512+0.585j | min=0.882+1.426j | max=8.406+0.839j
26-02-07-54 梯度监控 | raw=4.2620 | natural=0.0085 | clipped=0.0085(上限20.0) | t_grad=0ms t_qgt=5ms
26-02-07-54 冻结状态 | frozen_set=[0, 1, 2] | P_a/P=379/1516 | QGT=143641 | 本轮实际训练参数=379
26-02-07-54 原始规范坐标 G(Re Σrow_mean) = +14.0662 | 累计|g| = 7.4620
26-02-07-54 Ψ矩阵条件数 cond(Ψ) = 1.46e+01
26-02-07-54 Loss=-5.429175 | E0=-2.32695101-1.45276080j | E1=-1.33570135+0.08460580j|E2=-1.19260367+1.44807763j|E3=-0.57391876-0.69136020j
26-02-07-54 误差(Ha): e0=5.61e-01 | e1=6.55e-02 | e2=2.40e-01 | e3=1.89e-01
26-02-07-54 #-----------------------------------------#
26-02-07-54 [Step 158] logΨ: mean=5.537+0.535j | min=0.873+1.408j | max=8.397+0.822j
26-02-07-54 梯度监控 | raw=1.8767 | natural=0.0014 | clipped=0.0014(上限20.0) | t_grad=0ms t_qgt=4ms
26-02-07-54 冻结状态 | frozen_set=[0, 1, 2] | P_a/P=379/1516 | QGT=143641 | 本轮实际训练参数=379
26-02-07-54 原始规范坐标 G(Re Σrow_mean) = +14.0529 | 累计|g| = 7.4620
26-02-07-54 Ψ矩阵条件数 cond(Ψ) = 1.47e+01
26-02-07-54 Loss=-5.433276 | E0=-2.34442178-1.43769084j | E1=-1.33793377+0.08451708j|E2=-1.28028182+1.46082133j|E3=-0.47063885-0.71898110j
26-02-07-54 误差(Ha): e0=5.43e-01 | e1=6.32e-02 | e2=3.28e-01 | e3=8.59e-02
26-02-07-54 #-----------------------------------------#
26-02-07-54 [Step 159] logΨ: mean=5.543+0.670j | min=0.866+1.391j | max=8.390+0.804j
26-02-07-54 梯度监控 | raw=3.0160 | natural=0.0013 | clipped=0.0013(上限20.0) | t_grad=0ms t_qgt=5ms
26-02-07-54 冻结状态 | frozen_set=[0, 1, 2] | P_a/P=379/1516 | QGT=143641 | 本轮实际训练参数=379
26-02-07-54 原始规范坐标 G(Re Σrow_mean) = +14.0663 | 累计|g| = 7.4620
26-02-07-54 Ψ矩阵条件数 cond(Ψ) = 1.47e+01
26-02-07-54 Loss=-5.441141 | E0=-2.35911452-1.44922812j | E1=-1.33847294+0.08559209j|E2=-1.28824891+1.47159139j|E3=-0.45530443-0.72044076j
26-02-07-54 误差(Ha): e0=5.28e-01 | e1=6.27e-02 | e2=3.36e-01 | e3=7.06e-02
26-02-07-54 #-----------------------------------------#
26-02-07-54 [保存] Step 159 → pickle 文件已更新 (160 条记录)
26-02-07-54 [GaugeReset@160] 吸收 Δg = Σ Re(col_mean) = +14.0663 | 新|g| = 7.4545
26-02-07-54 [Step 160] logΨ: mean=5.479+0.681j | min=0.849+1.429j | max=8.373+0.842j
26-02-07-54 梯度监控 | raw=4.1491 | natural=0.0121 | clipped=0.0121(上限20.0) | t_grad=0ms t_qgt=5ms
26-02-07-54 冻结状态 | frozen_set=[0, 1, 2] | P_a/P=379/1516 | QGT=143641 | 本轮实际训练参数=379
26-02-07-54 原始规范坐标 G(Re Σrow_mean) = +14.0498 | 累计|g| = 7.4545
26-02-07-54 Ψ矩阵条件数 cond(Ψ) = 1.47e+01
26-02-07-54 Loss=-5.431282 | E0=-2.33403133-1.48257549j | E1=-1.33760622+0.08926945j|E2=-1.25901681+1.49214119j|E3=-0.50062781-0.70852484j
26-02-07-54 误差(Ha): e0=5.54e-01 | e1=6.36e-02 | e2=3.07e-01 | e3=1.16e-01
26-02-07-54 #-----------------------------------------#
26-02-07-54 [Step 161] logΨ: mean=5.475+0.654j | min=0.853+1.433j | max=8.377+0.846j
26-02-07-54 梯度监控 | raw=20.8396 | natural=0.0363 | clipped=0.0363(上限20.0) | t_grad=0ms t_qgt=5ms
26-02-07-54 冻结状态 | frozen_set=[0, 1, 2] | P_a/P=379/1516 | QGT=143641 | 本轮实际训练参数=379
26-02-07-54 原始规范坐标 G(Re Σrow_mean) = +14.0550 | 累计|g| = 7.4545
26-02-07-54 Ψ矩阵条件数 cond(Ψ) = 1.47e+01
26-02-07-54 Loss=-5.400249 | E0=-2.33451101-1.46710458j | E1=-1.35940598+1.48601581j|E2=-1.33657500+0.09027771j|E3=-0.36975723-0.71988349j
26-02-07-54 误差(Ha): e0=5.53e-01 | e1=4.18e-02 | e2=3.84e-01 | e3=1.49e-02
26-02-07-54 #-----------------------------------------#
26-02-07-54 [Step 162] logΨ: mean=5.456+0.528j | min=0.840+1.423j | max=8.365-2.306j
26-02-07-54 梯度监控 | raw=2.6850 | natural=0.0043 | clipped=0.0043(上限20.0) | t_grad=0ms t_qgt=4ms
26-02-07-54 冻结状态 | frozen_set=[0, 1, 2] | P_a/P=379/1516 | QGT=143641 | 本轮实际训练参数=379
26-02-07-54 原始规范坐标 G(Re Σrow_mean) = +14.0226 | 累计|g| = 7.4545
26-02-07-54 Ψ矩阵条件数 cond(Ψ) = 1.47e+01
26-02-07-54 Loss=-5.422818 | E0=-2.29172465-1.46042324j | E1=-1.33614654+0.08699725j|E2=-1.22541881+1.45561661j|E3=-0.56952805-0.70209874j
26-02-07-54 误差(Ha): e0=5.96e-01 | e1=6.50e-02 | e2=2.73e-01 | e3=1.85e-01
26-02-07-54 #-----------------------------------------#
26-02-07-54 [Step 163] logΨ: mean=5.498+0.560j | min=0.845+1.414j | max=8.369+0.827j
26-02-07-54 梯度监控 | raw=8.2983 | natural=0.0076 | clipped=0.0076(上限20.0) | t_grad=0ms t_qgt=3ms
26-02-07-54 冻结状态 | frozen_set=[0, 1, 2] | P_a/P=379/1516 | QGT=143641 | 本轮实际训练参数=379
26-02-07-54 原始规范坐标 G(Re Σrow_mean) = +14.0367 | 累计|g| = 7.4545
26-02-07-54 Ψ矩阵条件数 cond(Ψ) = 1.47e+01
26-02-07-54 Loss=-5.436017 | E0=-2.33073694-1.42785937j | E1=-1.33957714+0.08634240j|E2=-1.26206776+1.45074854j|E3=-0.50363505-0.72016470j
26-02-07-54 误差(Ha): e0=5.57e-01 | e1=6.16e-02 | e2=3.10e-01 | e3=1.19e-01
26-02-07-54 #-----------------------------------------#
26-02-07-54 [Step 164] logΨ: mean=5.508+0.385j | min=0.839+1.396j | max=8.364+0.809j
26-02-07-54 梯度监控 | raw=7.8004 | natural=0.0030 | clipped=0.0030(上限20.0) | t_grad=1ms t_qgt=4ms
26-02-07-54 冻结状态 | frozen_set=[0, 1, 2] | P_a/P=379/1516 | QGT=143641 | 本轮实际训练参数=379
26-02-07-54 原始规范坐标 G(Re Σrow_mean) = +14.0651 | 累计|g| = 7.4545
26-02-07-54 Ψ矩阵条件数 cond(Ψ) = 1.47e+01
26-02-07-54 Loss=-5.431162 | E0=-2.35564630-1.41387681j | E1=-1.33958428+0.08785994j|E2=-1.31212230+1.43463939j|E3=-0.42380865-0.72525822j
26-02-07-54 误差(Ha): e0=5.32e-01 | e1=6.16e-02 | e2=3.60e-01 | e3=3.91e-02
26-02-07-54 #-----------------------------------------#
26-02-07-54 [Step 165] logΨ: mean=5.505+0.462j | min=0.832+1.385j | max=8.356+0.798j
26-02-07-54 梯度监控 | raw=2.5656 | natural=0.0009 | clipped=0.0009(上限20.0) | t_grad=0ms t_qgt=2ms
26-02-07-54 冻结状态 | frozen_set=[0, 1, 2] | P_a/P=379/1516 | QGT=143641 | 本轮实际训练参数=379
26-02-07-54 原始规范坐标 G(Re Σrow_mean) = +14.0796 | 累计|g| = 7.4545
26-02-07-54 Ψ矩阵条件数 cond(Ψ) = 1.47e+01
26-02-07-54 Loss=-5.434447 | E0=-2.33803976-1.45879806j | E1=-1.33836141+0.08749719j|E2=-1.31154285+1.47099544j|E3=-0.44650331-0.71271990j
26-02-07-54 误差(Ha): e0=5.50e-01 | e1=6.28e-02 | e2=3.59e-01 | e3=6.18e-02
26-02-07-54 #-----------------------------------------#
26-02-07-54 [Step 166] logΨ: mean=5.502+0.499j | min=0.824+1.376j | max=8.348+0.789j
26-02-07-54 梯度监控 | raw=3.4615 | natural=0.0014 | clipped=0.0014(上限20.0) | t_grad=0ms t_qgt=6ms
26-02-07-54 冻结状态 | frozen_set=[0, 1, 2] | P_a/P=379/1516 | QGT=143641 | 本轮实际训练参数=379
26-02-07-54 原始规范坐标 G(Re Σrow_mean) = +14.0868 | 累计|g| = 7.4545
26-02-07-54 Ψ矩阵条件数 cond(Ψ) = 1.48e+01
26-02-07-54 Loss=-5.438105 | E0=-2.34335510-1.46922361j | E1=-1.33801024+0.08699629j|E2=-1.29110561+1.48250718j|E3=-0.46563368-0.70971079j
26-02-07-54 误差(Ha): e0=5.44e-01 | e1=6.32e-02 | e2=3.39e-01 | e3=8.09e-02
26-02-07-54 #-----------------------------------------#
26-02-07-54 [Step 167] logΨ: mean=5.492+0.434j | min=0.820+1.367j | max=8.344+0.780j
26-02-07-54 梯度监控 | raw=2.6496 | natural=0.0018 | clipped=0.0018(上限20.0) | t_grad=0ms t_qgt=7ms
26-02-07-54 冻结状态 | frozen_set=[0, 1, 2] | P_a/P=379/1516 | QGT=143641 | 本轮实际训练参数=379
26-02-07-54 原始规范坐标 G(Re Σrow_mean) = +14.0660 | 累计|g| = 7.4545
26-02-07-54 Ψ矩阵条件数 cond(Ψ) = 1.48e+01
26-02-07-54 Loss=-5.432776 | E0=-2.36926085-1.46039650j | E1=-1.33714577+0.08778363j|E2=-1.31044450+1.46839040j|E3=-0.41592537-0.70792293j
26-02-07-54 误差(Ha): e0=5.18e-01 | e1=6.40e-02 | e2=3.58e-01 | e3=3.12e-02
26-02-07-54 #-----------------------------------------#
26-02-07-54 [Step 168] logΨ: mean=5.506+0.212j | min=0.824+1.371j | max=8.348+0.785j
26-02-07-54 梯度监控 | raw=5.0653 | natural=0.0061 | clipped=0.0061(上限20.0) | t_grad=0ms t_qgt=3ms
26-02-07-54 冻结状态 | frozen_set=[0, 1, 2] | P_a/P=379/1516 | QGT=143641 | 本轮实际训练参数=379
26-02-07-54 原始规范坐标 G(Re Σrow_mean) = +14.0920 | 累计|g| = 7.4545
26-02-07-54 Ψ矩阵条件数 cond(Ψ) = 1.48e+01
26-02-07-54 Loss=-5.430808 | E0=-2.40489809-1.44496116j | E1=-1.34604771+1.47029862j|E2=-1.33468687+0.08870312j|E3=-0.34517569-0.71613374j
26-02-07-54 误差(Ha): e0=4.83e-01 | e1=5.51e-02 | e2=3.83e-01 | e3=3.95e-02
26-02-07-54 #-----------------------------------------#
26-02-07-54 [Step 169] logΨ: mean=5.497+0.132j | min=0.821+1.369j | max=8.345+0.783j
26-02-07-54 梯度监控 | raw=3.9348 | natural=0.0041 | clipped=0.0041(上限20.0) | t_grad=0ms t_qgt=4ms
26-02-07-54 冻结状态 | frozen_set=[0, 1, 2] | P_a/P=379/1516 | QGT=143641 | 本轮实际训练参数=379
26-02-07-54 原始规范坐标 G(Re Σrow_mean) = +14.0823 | 累计|g| = 7.4545
26-02-07-54 Ψ矩阵条件数 cond(Ψ) = 1.48e+01
26-02-07-54 Loss=-5.431264 | E0=-2.41799218-1.44068121j | E1=-1.33586327+0.08921995j|E2=-1.31774278+1.46692854j|E3=-0.35966558-0.71611535j
26-02-07-54 误差(Ha): e0=4.70e-01 | e1=6.53e-02 | e2=3.66e-01 | e3=2.50e-02
26-02-07-54 #-----------------------------------------#
26-02-07-54 [GaugeReset@170] 吸收 Δg = Σ Re(col_mean) = +14.0823 | 新|g| = 7.4446
26-02-07-54 [Step 170] logΨ: mean=5.458+0.388j | min=0.813+1.483j | max=8.337+0.897j
26-02-07-54 梯度监控 | raw=4.2155 | natural=0.0251 | clipped=0.0251(上限20.0) | t_grad=0ms t_qgt=4ms
26-02-07-54 冻结状态 | frozen_set=[0, 1, 2] | P_a/P=379/1516 | QGT=143641 | 本轮实际训练参数=379
26-02-07-54 原始规范坐标 G(Re Σrow_mean) = +14.0526 | 累计|g| = 7.4446
26-02-07-54 Ψ矩阵条件数 cond(Ψ) = 1.48e+01
26-02-07-54 Loss=-5.414898 | E0=-2.37975087-1.45198281j | E1=-1.33831651+0.09475293j|E2=-1.27338552+1.44354208j|E3=-0.42344505-0.69148410j
26-02-07-54 误差(Ha): e0=5.08e-01 | e1=6.28e-02 | e2=3.21e-01 | e3=3.88e-02
26-02-07-54 #-----------------------------------------#
26-02-07-54 [Step 171] logΨ: mean=5.505+0.372j | min=0.874+1.486j | max=8.398+0.899j
26-02-07-54 梯度监控 | raw=5.1133 | natural=0.0214 | clipped=0.0214(上限20.0) | t_grad=0ms t_qgt=3ms
26-02-07-54 冻结状态 | frozen_set=[0, 1, 2] | P_a/P=379/1516 | QGT=143641 | 本轮实际训练参数=379
26-02-07-54 原始规范坐标 G(Re Σrow_mean) = +14.0555 | 累计|g| = 7.4446
26-02-07-54 Ψ矩阵条件数 cond(Ψ) = 1.47e+01
26-02-07-54 Loss=-5.414832 | E0=-2.39933114-1.44977039j | E1=-1.33478713+0.09699316j|E2=-1.29770624+1.45095959j|E3=-0.38300706-0.70562563j
26-02-07-54 误差(Ha): e0=4.88e-01 | e1=6.64e-02 | e2=3.46e-01 | e3=1.69e-03
26-02-07-54 #-----------------------------------------#
26-02-07-54 [Step 172] logΨ: mean=5.518+0.391j | min=0.867+1.484j | max=8.391+0.898j
26-02-07-54 梯度监控 | raw=5.3279 | natural=0.0048 | clipped=0.0048(上限20.0) | t_grad=0ms t_qgt=4ms
26-02-07-54 冻结状态 | frozen_set=[0, 1, 2] | P_a/P=379/1516 | QGT=143641 | 本轮实际训练参数=379
26-02-07-54 原始规范坐标 G(Re Σrow_mean) = +14.0831 | 累计|g| = 7.4446
26-02-07-54 Ψ矩阵条件数 cond(Ψ) = 1.47e+01
26-02-07-54 Loss=-5.427358 | E0=-2.38182314-1.47941617j | E1=-1.33542126+0.09616383j|E2=-1.30565094+1.48155710j|E3=-0.40446263-0.70459060j
26-02-07-54 误差(Ha): e0=5.06e-01 | e1=6.57e-02 | e2=3.53e-01 | e3=1.98e-02
26-02-07-54 #-----------------------------------------#
26-02-07-54 [Step 173] logΨ: mean=5.467+0.497j | min=0.841+1.484j | max=8.365+0.897j
26-02-07-54 梯度监控 | raw=8.4040 | natural=0.0045 | clipped=0.0045(上限20.0) | t_grad=0ms t_qgt=8ms
26-02-07-54 冻结状态 | frozen_set=[0, 1, 2] | P_a/P=379/1516 | QGT=143641 | 本轮实际训练参数=379
26-02-07-54 原始规范坐标 G(Re Σrow_mean) = +14.0202 | 累计|g| = 7.4446
26-02-07-54 Ψ矩阵条件数 cond(Ψ) = 1.47e+01
26-02-07-54 Loss=-5.410257 | E0=-2.37107871-1.47789670j | E1=-1.33170708+0.08909121j|E2=-1.31345573+1.49882031j|E3=-0.39401518-0.72264789j
26-02-07-54 误差(Ha): e0=5.17e-01 | e1=6.95e-02 | e2=3.61e-01 | e3=9.32e-03
26-02-07-54 #-----------------------------------------#
26-02-07-54 [Step 174] logΨ: mean=5.487+0.407j | min=0.828+1.473j | max=8.352-2.255j
26-02-07-54 梯度监控 | raw=1.6289 | natural=0.0015 | clipped=0.0015(上限20.0) | t_grad=1ms t_qgt=4ms
26-02-07-54 冻结状态 | frozen_set=[0, 1, 2] | P_a/P=379/1516 | QGT=143641 | 本轮实际训练参数=379
26-02-07-54 原始规范坐标 G(Re Σrow_mean) = +14.0531 | 累计|g| = 7.4446
26-02-07-54 Ψ矩阵条件数 cond(Ψ) = 1.48e+01
26-02-07-54 Loss=-5.434773 | E0=-2.38088723-1.46137435j | E1=-1.33917207+0.08802057j|E2=-1.25228233+1.48264078j|E3=-0.46243110-0.71835649j
26-02-07-54 误差(Ha): e0=5.07e-01 | e1=6.20e-02 | e2=3.00e-01 | e3=7.77e-02
26-02-07-54 #-----------------------------------------#
26-02-07-54 [Step 175] logΨ: mean=5.474+0.410j | min=0.821+1.467j | max=8.345+0.881j
26-02-07-54 梯度监控 | raw=1.7345 | natural=0.0030 | clipped=0.0030(上限20.0) | t_grad=0ms t_qgt=4ms
26-02-07-54 冻结状态 | frozen_set=[0, 1, 2] | P_a/P=379/1516 | QGT=143641 | 本轮实际训练参数=379
26-02-07-54 原始规范坐标 G(Re Σrow_mean) = +14.0527 | 累计|g| = 7.4446
26-02-07-54 Ψ矩阵条件数 cond(Ψ) = 1.48e+01
26-02-07-54 Loss=-5.432619 | E0=-2.38715012-1.46001936j | E1=-1.33819428+0.08802816j|E2=-1.28110562+1.47799634j|E3=-0.42616949-0.71945711j
26-02-07-54 误差(Ha): e0=5.00e-01 | e1=6.30e-02 | e2=3.29e-01 | e3=4.15e-02
26-02-07-54 #-----------------------------------------#
26-02-07-54 [Step 176] logΨ: mean=5.468+0.616j | min=0.815+1.465j | max=8.339+0.879j
26-02-07-54 梯度监控 | raw=6.2256 | natural=0.0030 | clipped=0.0030(上限20.0) | t_grad=0ms t_qgt=2ms
26-02-07-54 冻结状态 | frozen_set=[0, 1, 2] | P_a/P=379/1516 | QGT=143641 | 本轮实际训练参数=379
26-02-07-54 原始规范坐标 G(Re Σrow_mean) = +14.0597 | 累计|g| = 7.4446
26-02-07-54 Ψ矩阵条件数 cond(Ψ) = 1.48e+01
26-02-07-54 Loss=-5.435051 | E0=-2.37127093-1.46508904j | E1=-1.33745563+0.08727118j|E2=-1.22140658+1.47504959j|E3=-0.50491801-0.70279923j
26-02-07-54 误差(Ha): e0=5.16e-01 | e1=6.37e-02 | e2=2.69e-01 | e3=1.20e-01
26-02-07-54 #-----------------------------------------#
26-02-07-54 [Step 177] logΨ: mean=5.483+0.489j | min=0.811+1.458j | max=8.334+0.871j
26-02-07-54 梯度监控 | raw=3.7639 | natural=0.0009 | clipped=0.0009(上限20.0) | t_grad=0ms t_qgt=3ms
26-02-07-54 冻结状态 | frozen_set=[0, 1, 2] | P_a/P=379/1516 | QGT=143641 | 本轮实际训练参数=379
26-02-07-54 原始规范坐标 G(Re Σrow_mean) = +14.0601 | 累计|g| = 7.4446
26-02-07-54 Ψ矩阵条件数 cond(Ψ) = 1.48e+01
26-02-07-54 Loss=-5.440206 | E0=-2.38439649-1.43885855j | E1=-1.33882138+0.08737079j|E2=-1.24375172+1.45855320j|E3=-0.47323616-0.71559473j
26-02-07-54 误差(Ha): e0=5.03e-01 | e1=6.23e-02 | e2=2.92e-01 | e3=8.85e-02
26-02-07-54 #-----------------------------------------#
26-02-07-54 [Step 178] logΨ: mean=5.426+0.566j | min=0.794+1.450j | max=8.318+0.864j
26-02-07-54 梯度监控 | raw=8.2850 | natural=0.0063 | clipped=0.0063(上限20.0) | t_grad=0ms t_qgt=3ms
26-02-07-54 冻结状态 | frozen_set=[0, 1, 2] | P_a/P=379/1516 | QGT=143641 | 本轮实际训练参数=379
26-02-07-54 原始规范坐标 G(Re Σrow_mean) = +14.0378 | 累计|g| = 7.4446
26-02-07-54 Ψ矩阵条件数 cond(Ψ) = 1.48e+01
26-02-07-54 Loss=-5.417694 | E0=-2.35480740-1.44889091j | E1=-1.33705704+0.08818511j|E2=-1.25218347+1.46010174j|E3=-0.47364566-0.71346054j
26-02-07-54 误差(Ha): e0=5.33e-01 | e1=6.41e-02 | e2=3.00e-01 | e3=8.90e-02
26-02-07-54 #-----------------------------------------#
26-02-07-54 [Step 179] logΨ: mean=5.428+0.661j | min=0.808+1.448j | max=8.332+0.862j
26-02-07-54 梯度监控 | raw=5.3873 | natural=0.0020 | clipped=0.0020(上限20.0) | t_grad=0ms t_qgt=3ms
26-02-07-54 冻结状态 | frozen_set=[0, 1, 2] | P_a/P=379/1516 | QGT=143641 | 本轮实际训练参数=379
26-02-07-54 原始规范坐标 G(Re Σrow_mean) = +14.0300 | 累计|g| = 7.4446
26-02-07-54 Ψ矩阵条件数 cond(Ψ) = 1.48e+01
26-02-07-54 Loss=-5.426788 | E0=-2.35764664-1.42673348j | E1=-1.33451826+0.09326916j|E2=-1.23254476+1.41695018j|E3=-0.50207845-0.68858133j
26-02-07-54 误差(Ha): e0=5.30e-01 | e1=6.66e-02 | e2=2.80e-01 | e3=1.17e-01
26-02-07-54 #-----------------------------------------#
26-02-07-54 [保存] Step 179 → pickle 文件已更新 (180 条记录)
26-02-07-54 [GaugeReset@180] 吸收 Δg = Σ Re(col_mean) = +14.0300 | 新|g| = 7.4277
26-02-07-54 [Step 180] logΨ: mean=5.516+0.448j | min=0.855+1.394j | max=8.379-2.333j
26-02-07-54 梯度监控 | raw=6.9953 | natural=0.0041 | clipped=0.0041(上限20.0) | t_grad=0ms t_qgt=5ms
26-02-07-54 冻结状态 | frozen_set=[0, 1, 2] | P_a/P=379/1516 | QGT=143641 | 本轮实际训练参数=379
26-02-07-54 原始规范坐标 G(Re Σrow_mean) = +14.0646 | 累计|g| = 7.4277
26-02-07-54 Ψ矩阵条件数 cond(Ψ) = 1.47e+01
26-02-07-54 Loss=-5.433045 | E0=-2.36278865-1.41000928j | E1=-1.33618354+0.08565786j|E2=-1.23164375+1.44529256j|E3=-0.50242924-0.73044356j
26-02-07-54 误差(Ha): e0=5.25e-01 | e1=6.50e-02 | e2=2.79e-01 | e3=1.18e-01
26-02-07-54 #-----------------------------------------#
26-02-07-54 [Step 181] logΨ: mean=5.523+0.325j | min=0.864+1.402j | max=8.388-2.326j
26-02-07-54 梯度监控 | raw=2.1087 | natural=0.0065 | clipped=0.0065(上限20.0) | t_grad=0ms t_qgt=4ms
26-02-07-54 冻结状态 | frozen_set=[0, 1, 2] | P_a/P=379/1516 | QGT=143641 | 本轮实际训练参数=379
26-02-07-54 原始规范坐标 G(Re Σrow_mean) = +14.0809 | 累计|g| = 7.4277
26-02-07-54 Ψ矩阵条件数 cond(Ψ) = 1.47e+01
26-02-07-54 Loss=-5.433954 | E0=-2.35314691-1.44508425j | E1=-1.33554935+0.08826377j|E2=-1.28076139+1.43773696j|E3=-0.46449593-0.68938571j
26-02-07-54 误差(Ha): e0=5.34e-01 | e1=6.56e-02 | e2=3.29e-01 | e3=7.98e-02
26-02-07-54 #-----------------------------------------#
26-02-07-54 [Step 182] logΨ: mean=5.551+0.276j | min=0.864+1.393j | max=8.388-2.335j
26-02-07-54 梯度监控 | raw=8.3759 | natural=0.0034 | clipped=0.0034(上限20.0) | t_grad=0ms t_qgt=5ms
26-02-07-54 冻结状态 | frozen_set=[0, 1, 2] | P_a/P=379/1516 | QGT=143641 | 本轮实际训练参数=379
26-02-07-54 原始规范坐标 G(Re Σrow_mean) = +14.0798 | 累计|g| = 7.4277
26-02-07-54 Ψ矩阵条件数 cond(Ψ) = 1.47e+01
26-02-07-54 Loss=-5.438614 | E0=-2.37531826-1.43980182j | E1=-1.33680643+0.08809507j|E2=-1.32385510+1.46074051j|E3=-0.40263404-0.71626799j
26-02-07-54 误差(Ha): e0=5.12e-01 | e1=6.44e-02 | e2=3.72e-01 | e3=1.79e-02
26-02-07-54 #-----------------------------------------#
26-02-07-54 [Step 183] logΨ: mean=5.482+0.276j | min=0.861+1.374j | max=8.385+0.788j
26-02-07-54 梯度监控 | raw=11.9475 | natural=0.0108 | clipped=0.0108(上限20.0) | t_grad=0ms t_qgt=4ms
26-02-07-54 冻结状态 | frozen_set=[0, 1, 2] | P_a/P=379/1516 | QGT=143641 | 本轮实际训练参数=379
26-02-07-54 原始规范坐标 G(Re Σrow_mean) = +14.0336 | 累计|g| = 7.4277
26-02-07-54 Ψ矩阵条件数 cond(Ψ) = 1.48e+01
26-02-07-54 Loss=-5.400653 | E0=-2.35678525-1.49095541j | E1=-1.33598045+0.08964795j|E2=-1.31678628+1.48417083j|E3=-0.39110145-0.69975720j
26-02-07-54 误差(Ha): e0=5.31e-01 | e1=6.52e-02 | e2=3.65e-01 | e3=6.41e-03
26-02-07-54 #-----------------------------------------#
26-02-07-54 [Step 184] logΨ: mean=5.510+0.233j | min=0.874+1.378j | max=8.398+0.791j
26-02-07-54 梯度监控 | raw=2.1865 | natural=0.0059 | clipped=0.0059(上限20.0) | t_grad=0ms t_qgt=4ms
26-02-07-54 冻结状态 | frozen_set=[0, 1, 2] | P_a/P=379/1516 | QGT=143641 | 本轮实际训练参数=379
26-02-07-54 原始规范坐标 G(Re Σrow_mean) = +14.0607 | 累计|g| = 7.4277
26-02-07-54 Ψ矩阵条件数 cond(Ψ) = 1.48e+01
26-02-07-54 Loss=-5.430092 | E0=-2.37474814-1.49154809j | E1=-1.33264333+0.09117059j|E2=-1.32048541+1.48784110j|E3=-0.40221487-0.70395132j
26-02-07-54 误差(Ha): e0=5.13e-01 | e1=6.85e-02 | e2=3.68e-01 | e3=1.75e-02
26-02-07-54 #-----------------------------------------#
26-02-07-54 [Step 185] logΨ: mean=5.534+0.291j | min=0.891+1.385j | max=8.415-2.342j
26-02-07-54 梯度监控 | raw=19.3966 | natural=0.0170 | clipped=0.0170(上限20.0) | t_grad=0ms t_qgt=5ms
26-02-07-54 冻结状态 | frozen_set=[0, 1, 2] | P_a/P=379/1516 | QGT=143641 | 本轮实际训练参数=379
26-02-07-54 原始规范坐标 G(Re Σrow_mean) = +14.0686 | 累计|g| = 7.4277
26-02-07-54 Ψ矩阵条件数 cond(Ψ) = 1.47e+01
26-02-07-54 Loss=-5.429817 | E0=-2.37023984-1.48721996j | E1=-1.33621691+0.08931257j|E2=-1.29942580+1.51029566j|E3=-0.42393480-0.71722077j
26-02-07-54 误差(Ha): e0=5.17e-01 | e1=6.49e-02 | e2=3.47e-01 | e3=3.92e-02
26-02-07-54 #-----------------------------------------#
26-02-07-54 [Step 186] logΨ: mean=5.522+0.333j | min=0.876+1.384j | max=8.401+0.798j
26-02-07-54 梯度监控 | raw=4.6341 | natural=0.0246 | clipped=0.0246(上限20.0) | t_grad=1ms t_qgt=2ms
26-02-07-54 冻结状态 | frozen_set=[0, 1, 2] | P_a/P=379/1516 | QGT=143641 | 本轮实际训练参数=379
26-02-07-54 原始规范坐标 G(Re Σrow_mean) = +14.0534 | 累计|g| = 7.4277
26-02-07-54 Ψ矩阵条件数 cond(Ψ) = 1.47e+01
26-02-07-54 Loss=-5.431146 | E0=-2.34900311-1.46020970j | E1=-1.34110592+0.09049831j|E2=-1.26052334+1.47552073j|E3=-0.48051323-0.71377692j
26-02-07-54 误差(Ha): e0=5.39e-01 | e1=6.01e-02 | e2=3.08e-01 | e3=9.58e-02
26-02-07-54 #-----------------------------------------#
26-02-07-54 [Step 187] logΨ: mean=5.544+0.673j | min=0.875+1.378j | max=8.399+0.792j
26-02-07-54 梯度监控 | raw=6.9850 | natural=0.0027 | clipped=0.0027(上限20.0) | t_grad=0ms t_qgt=5ms
26-02-07-54 冻结状态 | frozen_set=[0, 1, 2] | P_a/P=379/1516 | QGT=143641 | 本轮实际训练参数=379
26-02-07-54 原始规范坐标 G(Re Σrow_mean) = +14.0720 | 累计|g| = 7.4277
26-02-07-54 Ψ矩阵条件数 cond(Ψ) = 1.47e+01
26-02-07-54 Loss=-5.441113 | E0=-2.36294006-1.45386982j | E1=-1.33848861+0.08704851j|E2=-1.24665830+1.46826982j|E3=-0.49302562-0.71177252j
26-02-07-54 误差(Ha): e0=5.25e-01 | e1=6.27e-02 | e2=2.95e-01 | e3=1.08e-01
26-02-07-54 #-----------------------------------------#
26-02-07-54 [Step 188] logΨ: mean=5.525+0.476j | min=0.867+1.373j | max=8.390+0.787j
26-02-07-54 梯度监控 | raw=2.4538 | natural=0.0017 | clipped=0.0017(上限20.0) | t_grad=0ms t_qgt=4ms
26-02-07-54 冻结状态 | frozen_set=[0, 1, 2] | P_a/P=379/1516 | QGT=143641 | 本轮实际训练参数=379
26-02-07-54 原始规范坐标 G(Re Σrow_mean) = +14.0639 | 累计|g| = 7.4277
26-02-07-54 Ψ矩阵条件数 cond(Ψ) = 1.48e+01
26-02-07-54 Loss=-5.438218 | E0=-2.33625287-1.47890465j | E1=-1.33867974+0.08630792j|E2=-1.25278214+1.50126728j|E3=-0.51050311-0.72036529j
26-02-07-54 误差(Ha): e0=5.51e-01 | e1=6.25e-02 | e2=3.01e-01 | e3=1.26e-01
26-02-07-54 #-----------------------------------------#
26-02-07-54 [Step 189] logΨ: mean=5.516+0.428j | min=0.869+1.376j | max=8.392+0.790j
26-02-07-54 梯度监控 | raw=1.5641 | natural=0.0043 | clipped=0.0043(上限20.0) | t_grad=0ms t_qgt=4ms
26-02-07-54 冻结状态 | frozen_set=[0, 1, 2] | P_a/P=379/1516 | QGT=143641 | 本轮实际训练参数=379
26-02-07-54 原始规范坐标 G(Re Σrow_mean) = +14.0389 | 累计|g| = 7.4277
26-02-07-54 Ψ矩阵条件数 cond(Ψ) = 1.48e+01
26-02-07-54 Loss=-5.435733 | E0=-2.36082167-1.46471707j | E1=-1.33638756+0.08798991j|E2=-1.28385062+1.49168141j|E3=-0.45467286-0.72582145j
26-02-07-54 误差(Ha): e0=5.27e-01 | e1=6.48e-02 | e2=3.32e-01 | e3=7.00e-02
26-02-07-54 #-----------------------------------------#
26-02-07-54 [GaugeReset@190] 吸收 Δg = Σ Re(col_mean) = +14.0389 | 新|g| = 7.4242
26-02-07-54 [Step 190] logΨ: mean=5.502+0.440j | min=0.859+1.402j | max=8.382-2.326j
26-02-07-54 梯度监控 | raw=5.1957 | natural=0.0019 | clipped=0.0019(上限20.0) | t_grad=0ms t_qgt=3ms
26-02-07-54 冻结状态 | frozen_set=[0, 1, 2] | P_a/P=379/1516 | QGT=143641 | 本轮实际训练参数=379
26-02-07-54 原始规范坐标 G(Re Σrow_mean) = +14.0439 | 累计|g| = 7.4242
26-02-07-54 Ψ矩阵条件数 cond(Ψ) = 1.47e+01
26-02-07-54 Loss=-5.433530 | E0=-2.32574591-1.49402161j | E1=-1.33863901+0.08750630j|E2=-1.24361041+1.49170651j|E3=-0.52553475-0.70001929j
26-02-07-54 误差(Ha): e0=5.62e-01 | e1=6.25e-02 | e2=2.91e-01 | e3=1.41e-01
26-02-07-54 #-----------------------------------------#
26-02-07-54 [Step 191] logΨ: mean=5.526+0.419j | min=0.860+1.399j | max=8.282+0.609j
26-02-07-54 梯度监控 | raw=4.0856 | natural=0.0020 | clipped=0.0020(上限20.0) | t_grad=0ms t_qgt=4ms
26-02-07-54 冻结状态 | frozen_set=[0, 1, 2] | P_a/P=379/1516 | QGT=143641 | 本轮实际训练参数=379
26-02-07-54 原始规范坐标 G(Re Σrow_mean) = +14.0478 | 累计|g| = 7.4242
26-02-07-54 Ψ矩阵条件数 cond(Ψ) = 1.47e+01
26-02-07-54 Loss=-5.450163 | E0=-2.33499967-1.49097083j | E1=-1.33766039+0.08708392j|E2=-1.27199667+1.51347915j|E3=-0.50550639-0.72191334j
26-02-07-54 误差(Ha): e0=5.53e-01 | e1=6.35e-02 | e2=3.20e-01 | e3=1.21e-01
26-02-07-54 #-----------------------------------------#
26-02-07-54 [Step 192] logΨ: mean=5.467+0.554j | min=0.850+1.399j | max=8.272+0.609j
26-02-07-54 梯度监控 | raw=3.5807 | natural=0.0046 | clipped=0.0046(上限20.0) | t_grad=0ms t_qgt=2ms
26-02-07-54 冻结状态 | frozen_set=[0, 1, 2] | P_a/P=379/1516 | QGT=143641 | 本轮实际训练参数=379
26-02-07-54 原始规范坐标 G(Re Σrow_mean) = +14.0100 | 累计|g| = 7.4242
26-02-07-54 Ψ矩阵条件数 cond(Ψ) = 1.48e+01
26-02-07-54 Loss=-5.427034 | E0=-2.27870590-1.52899640j | E1=-1.33387362+0.08732075j|E2=-1.26778337+1.53305457j|E3=-0.54667140-0.71689263j
26-02-07-54 误差(Ha): e0=6.09e-01 | e1=6.73e-02 | e2=3.16e-01 | e3=1.62e-01
26-02-07-54 #-----------------------------------------#
26-02-07-54 [Step 193] logΨ: mean=5.486+0.532j | min=0.847+1.395j | max=8.371-2.333j
26-02-07-54 梯度监控 | raw=2.1490 | natural=0.0014 | clipped=0.0014(上限20.0) | t_grad=0ms t_qgt=2ms
26-02-07-54 冻结状态 | frozen_set=[0, 1, 2] | P_a/P=379/1516 | QGT=143641 | 本轮实际训练参数=379
26-02-07-54 原始规范坐标 G(Re Σrow_mean) = +14.0318 | 累计|g| = 7.4242
26-02-07-54 Ψ矩阵条件数 cond(Ψ) = 1.48e+01
26-02-07-54 Loss=-5.435388 | E0=-2.26260024-1.52562656j | E1=-1.33953290+0.08491396j|E2=-1.27111805+1.52985342j|E3=-0.56213649-0.70757588j
26-02-07-54 误差(Ha): e0=6.25e-01 | e1=6.16e-02 | e2=3.19e-01 | e3=1.77e-01
26-02-07-54 #-----------------------------------------#
26-02-07-54 [Step 194] logΨ: mean=5.480+0.452j | min=0.856+1.388j | max=8.380-2.339j
26-02-07-54 梯度监控 | raw=1.6426 | natural=0.0075 | clipped=0.0075(上限20.0) | t_grad=0ms t_qgt=4ms
26-02-07-54 冻结状态 | frozen_set=[0, 1, 2] | P_a/P=379/1516 | QGT=143641 | 本轮实际训练参数=379
26-02-07-54 原始规范坐标 G(Re Σrow_mean) = +14.0296 | 累计|g| = 7.4242
26-02-07-54 Ψ矩阵条件数 cond(Ψ) = 1.48e+01
26-02-07-54 Loss=-5.423801 | E0=-2.28548362-1.51940402j | E1=-1.33803541+0.08764879j|E2=-1.27500336+1.50893651j|E3=-0.52527882-0.69603809j
26-02-07-54 误差(Ha): e0=6.02e-01 | e1=6.31e-02 | e2=3.23e-01 | e3=1.41e-01
26-02-07-54 #-----------------------------------------#
26-02-07-54 [Step 195] logΨ: mean=5.480+0.501j | min=0.861+1.383j | max=8.385+0.796j
26-02-07-54 梯度监控 | raw=2.4422 | natural=0.0075 | clipped=0.0075(上限20.0) | t_grad=0ms t_qgt=5ms
26-02-07-54 冻结状态 | frozen_set=[0, 1, 2] | P_a/P=379/1516 | QGT=143641 | 本轮实际训练参数=379
26-02-07-54 原始规范坐标 G(Re Σrow_mean) = +14.0510 | 累计|g| = 7.4242
26-02-07-54 Ψ矩阵条件数 cond(Ψ) = 1.48e+01
26-02-07-54 Loss=-5.426423 | E0=-2.28507662-1.51398919j | E1=-1.33755797+0.08875038j|E2=-1.26652025+1.49506258j|E3=-0.53726784-0.69181679j
26-02-07-54 误差(Ha): e0=6.03e-01 | e1=6.36e-02 | e2=3.14e-01 | e3=1.53e-01
26-02-07-54 #-----------------------------------------#
26-02-07-54 [Step 196] logΨ: mean=5.509+0.401j | min=0.860+1.383j | max=8.385+0.797j
26-02-07-54 梯度监控 | raw=8.5411 | natural=0.0034 | clipped=0.0034(上限20.0) | t_grad=0ms t_qgt=3ms
26-02-07-54 冻结状态 | frozen_set=[0, 1, 2] | P_a/P=379/1516 | QGT=143641 | 本轮实际训练参数=379
26-02-07-54 原始规范坐标 G(Re Σrow_mean) = +14.0586 | 累计|g| = 7.4242
26-02-07-54 Ψ矩阵条件数 cond(Ψ) = 1.48e+01
26-02-07-54 Loss=-5.424305 | E0=-2.31999687-1.47851535j | E1=-1.34472763+1.50121572j|E2=-1.33695451+0.08774121j|E3=-0.42262567-0.72189590j
26-02-07-54 误差(Ha): e0=5.68e-01 | e1=5.64e-02 | e2=3.85e-01 | e3=3.79e-02
26-02-07-54 #-----------------------------------------#
26-02-07-54 [Step 197] logΨ: mean=5.491+0.513j | min=0.858+1.390j | max=8.382+0.804j
26-02-07-54 梯度监控 | raw=6.1279 | natural=0.0087 | clipped=0.0087(上限20.0) | t_grad=0ms t_qgt=4ms
26-02-07-54 冻结状态 | frozen_set=[0, 1, 2] | P_a/P=379/1516 | QGT=143641 | 本轮实际训练参数=379
26-02-07-54 原始规范坐标 G(Re Σrow_mean) = +14.0402 | 累计|g| = 7.4242
26-02-07-54 Ψ矩阵条件数 cond(Ψ) = 1.48e+01
26-02-07-54 Loss=-5.423825 | E0=-2.34673460-1.45407240j | E1=-1.32781030+0.08717947j|E2=-1.30491418+1.47947669j|E3=-0.44436584-0.72602448j
26-02-07-54 误差(Ha): e0=5.41e-01 | e1=7.34e-02 | e2=3.53e-01 | e3=5.97e-02
26-02-07-54 #-----------------------------------------#
26-02-07-54 [Step 198] logΨ: mean=5.556+0.478j | min=0.867+1.387j | max=8.391+0.801j
26-02-07-54 梯度监控 | raw=3.2832 | natural=0.0028 | clipped=0.0028(上限20.0) | t_grad=0ms t_qgt=4ms
26-02-07-54 冻结状态 | frozen_set=[0, 1, 2] | P_a/P=379/1516 | QGT=143641 | 本轮实际训练参数=379
26-02-07-54 原始规范坐标 G(Re Σrow_mean) = +14.1103 | 累计|g| = 7.4242
26-02-07-54 Ψ矩阵条件数 cond(Ψ) = 1.48e+01
26-02-07-54 Loss=-5.445481 | E0=-2.36289201-1.46495305j | E1=-1.33718195+0.08656935j|E2=-1.31083066+1.47979192j|E3=-0.43457646-0.71043070j
26-02-07-54 误差(Ha): e0=5.25e-01 | e1=6.40e-02 | e2=3.59e-01 | e3=4.99e-02
26-02-07-54 #-----------------------------------------#
26-02-07-54 [Step 199] logΨ: mean=5.521+0.501j | min=0.871+1.375j | max=8.395+0.789j
26-02-07-54 梯度监控 | raw=9.5894 | natural=0.0028 | clipped=0.0028(上限20.0) | t_grad=0ms t_qgt=5ms
26-02-07-54 冻结状态 | frozen_set=[0, 1, 2] | P_a/P=379/1516 | QGT=143641 | 本轮实际训练参数=379
26-02-07-54 原始规范坐标 G(Re Σrow_mean) = +14.0786 | 累计|g| = 7.4242
26-02-07-54 Ψ矩阵条件数 cond(Ψ) = 1.48e+01
26-02-07-54 Loss=-5.413117 | E0=-2.32533964-1.51847321j | E1=-1.33867596+0.08850791j|E2=-1.30978927+1.49977150j|E3=-0.43931240-0.67923743j
26-02-07-54 误差(Ha): e0=5.62e-01 | e1=6.25e-02 | e2=3.58e-01 | e3=5.46e-02
26-02-07-54 #-----------------------------------------#
26-02-07-54 [保存] Step 199 → pickle 文件已更新 (200 条记录)
26-02-07-54 [GaugeReset@200] 吸收 Δg = Σ Re(col_mean) = +14.0786 | 新|g| = 7.4412
26-02-07-54 [Step 200] logΨ: mean=5.502+0.657j | min=0.868+1.420j | max=8.392+0.834j
26-02-07-54 梯度监控 | raw=12.5584 | natural=0.0092 | clipped=0.0092(上限20.0) | t_grad=1ms t_qgt=8ms
26-02-07-54 冻结状态 | frozen_set=[0, 1, 2] | P_a/P=379/1516 | QGT=143641 | 本轮实际训练参数=379
26-02-07-54 原始规范坐标 G(Re Σrow_mean) = +14.0817 | 累计|g| = 7.4412
26-02-07-54 Ψ矩阵条件数 cond(Ψ) = 1.47e+01
26-02-07-54 Loss=-5.430594 | E0=-2.37076224-1.49815253j | E1=-1.33841748+0.08942759j|E2=-1.32517460+1.51344537j|E3=-0.39623968-0.72571904j
26-02-07-54 误差(Ha): e0=5.17e-01 | e1=6.27e-02 | e2=3.73e-01 | e3=1.15e-02
26-02-07-54 #-----------------------------------------#
26-02-07-54 [Step 201] logΨ: mean=5.374+0.572j | min=0.850+1.419j | max=8.375+0.833j
26-02-07-54 梯度监控 | raw=12.4959 | natural=0.0078 | clipped=0.0078(上限20.0) | t_grad=1ms t_qgt=5ms
26-02-07-54 冻结状态 | frozen_set=[0, 1, 2] | P_a/P=379/1516 | QGT=143641 | 本轮实际训练参数=379
26-02-07-54 原始规范坐标 G(Re Σrow_mean) = +13.9568 | 累计|g| = 7.4412
26-02-07-54 Ψ矩阵条件数 cond(Ψ) = 1.48e+01
26-02-07-54 Loss=-5.366579 | E0=-2.30398075-1.52712945j | E1=-1.32773303+0.08361296j|E2=-1.27063709+1.51715516j|E3=-0.46422839-0.69058105j
26-02-07-54 误差(Ha): e0=5.84e-01 | e1=7.34e-02 | e2=3.18e-01 | e3=7.95e-02
26-02-07-54 #-----------------------------------------#
26-02-07-54 [Step 202] logΨ: mean=5.490+0.372j | min=0.848+1.423j | max=8.373-2.305j
26-02-07-54 梯度监控 | raw=2.6056 | natural=0.0029 | clipped=0.0029(上限20.0) | t_grad=0ms t_qgt=5ms
26-02-07-54 冻结状态 | frozen_set=[0, 1, 2] | P_a/P=379/1516 | QGT=143641 | 本轮实际训练参数=379
26-02-07-54 原始规范坐标 G(Re Σrow_mean) = +14.0910 | 累计|g| = 7.4412
26-02-07-54 Ψ矩阵条件数 cond(Ψ) = 1.48e+01
26-02-07-54 Loss=-5.425919 | E0=-2.29629957-1.50264791j | E1=-1.33983013+0.08401057j|E2=-1.23424639+1.50278341j|E3=-0.55554307-0.69790896j
26-02-07-54 误差(Ha): e0=5.91e-01 | e1=6.13e-02 | e2=2.82e-01 | e3=1.71e-01
26-02-07-54 #-----------------------------------------#
26-02-07-54 [Step 203] logΨ: mean=5.515+0.424j | min=0.856+1.426j | max=8.381-2.301j
26-02-07-54 梯度监控 | raw=3.2162 | natural=0.0032 | clipped=0.0032(上限20.0) | t_grad=0ms t_qgt=5ms
26-02-07-54 冻结状态 | frozen_set=[0, 1, 2] | P_a/P=379/1516 | QGT=143641 | 本轮实际训练参数=379
26-02-07-54 原始规范坐标 G(Re Σrow_mean) = +14.0958 | 累计|g| = 7.4412
26-02-07-54 Ψ矩阵条件数 cond(Ψ) = 1.48e+01
26-02-07-54 Loss=-5.435911 | E0=-2.34206046-1.47569682j | E1=-1.33777347+0.08545619j|E2=-1.25546839+1.48170917j|E3=-0.50060857-0.69937420j
26-02-07-54 误差(Ha): e0=5.46e-01 | e1=6.34e-02 | e2=3.03e-01 | e3=1.16e-01
26-02-07-54 #-----------------------------------------#
26-02-07-54 [Step 204] logΨ: mean=5.498+0.316j | min=0.853+1.404j | max=8.378-2.323j
26-02-07-54 梯度监控 | raw=6.1558 | natural=0.0055 | clipped=0.0055(上限20.0) | t_grad=0ms t_qgt=4ms
26-02-07-54 冻结状态 | frozen_set=[0, 1, 2] | P_a/P=379/1516 | QGT=143641 | 本轮实际训练参数=379
26-02-07-54 原始规范坐标 G(Re Σrow_mean) = +14.0601 | 累计|g| = 7.4412
26-02-07-54 Ψ矩阵条件数 cond(Ψ) = 1.48e+01
26-02-07-54 Loss=-5.435565 | E0=-2.34065809-1.48128612j | E1=-1.33944933+0.08575821j|E2=-1.25662079+1.50067850j|E3=-0.49883721-0.71854128j
26-02-07-54 误差(Ha): e0=5.47e-01 | e1=6.17e-02 | e2=3.04e-01 | e3=1.14e-01
26-02-07-54 #-----------------------------------------#
26-02-07-54 [Step 205] logΨ: mean=5.509+0.668j | min=0.857+1.406j | max=8.280+0.617j
26-02-07-54 梯度监控 | raw=3.6349 | natural=0.0027 | clipped=0.0027(上限20.0) | t_grad=0ms t_qgt=5ms
26-02-07-54 冻结状态 | frozen_set=[0, 1, 2] | P_a/P=379/1516 | QGT=143641 | 本轮实际训练参数=379
26-02-07-54 原始规范坐标 G(Re Σrow_mean) = +14.0615 | 累计|g| = 7.4412
26-02-07-54 Ψ矩阵条件数 cond(Ψ) = 1.48e+01
26-02-07-54 Loss=-5.439614 | E0=-2.35239370-1.45827644j | E1=-1.33907069+0.08484174j|E2=-1.25075565+1.48373857j|E3=-0.49739431-0.72773193j
26-02-07-54 误差(Ha): e0=5.35e-01 | e1=6.21e-02 | e2=2.99e-01 | e3=1.13e-01
26-02-07-54 #-----------------------------------------#
26-02-07-54 [Step 206] logΨ: mean=5.495+0.465j | min=0.870+1.419j | max=8.395-2.309j
26-02-07-54 梯度监控 | raw=8.1082 | natural=0.0038 | clipped=0.0038(上限20.0) | t_grad=0ms t_qgt=3ms
26-02-07-54 冻结状态 | frozen_set=[0, 1, 2] | P_a/P=379/1516 | QGT=143641 | 本轮实际训练参数=379
26-02-07-54 原始规范坐标 G(Re Σrow_mean) = +14.0497 | 累计|g| = 7.4412
26-02-07-54 Ψ矩阵条件数 cond(Ψ) = 1.48e+01
26-02-07-54 Loss=-5.424420 | E0=-2.33032710-1.47805885j | E1=-1.33862742+0.08626008j|E2=-1.26614823+1.49651903j|E3=-0.48931678-0.72014935j
26-02-07-54 误差(Ha): e0=5.57e-01 | e1=6.25e-02 | e2=3.14e-01 | e3=1.05e-01
26-02-07-54 #-----------------------------------------#
26-02-07-54 [Step 207] logΨ: mean=5.512+0.356j | min=0.870+1.414j | max=8.395-2.313j
26-02-07-54 梯度监控 | raw=5.0439 | natural=0.0023 | clipped=0.0023(上限20.0) | t_grad=0ms t_qgt=5ms
26-02-07-54 冻结状态 | frozen_set=[0, 1, 2] | P_a/P=379/1516 | QGT=143641 | 本轮实际训练参数=379
26-02-07-54 原始规范坐标 G(Re Σrow_mean) = +14.1025 | 累计|g| = 7.4412
26-02-07-54 Ψ矩阵条件数 cond(Ψ) = 1.48e+01
26-02-07-54 Loss=-5.416452 | E0=-2.31289250-1.48973517j | E1=-1.33817814+0.08786821j|E2=-1.25569311+1.47500266j|E3=-0.50968778-0.68527156j
26-02-07-54 误差(Ha): e0=5.75e-01 | e1=6.30e-02 | e2=3.04e-01 | e3=1.25e-01
26-02-07-54 #-----------------------------------------#
26-02-07-54 [Step 208] logΨ: mean=5.520+0.494j | min=0.925+1.451j | max=8.450-2.277j
26-02-07-54 梯度监控 | raw=13.9876 | natural=0.0118 | clipped=0.0118(上限20.0) | t_grad=1ms t_qgt=6ms
26-02-07-54 冻结状态 | frozen_set=[0, 1, 2] | P_a/P=379/1516 | QGT=143641 | 本轮实际训练参数=379
26-02-07-54 原始规范坐标 G(Re Σrow_mean) = +14.0744 | 累计|g| = 7.4412
26-02-07-54 Ψ矩阵条件数 cond(Ψ) = 1.47e+01
26-02-07-54 Loss=-5.392207 | E0=-2.31575527-1.48746291j | E1=-1.33564100+0.09125027j|E2=-1.30223296+1.48045800j|E3=-0.43857741-0.70656734j
26-02-07-54 误差(Ha): e0=5.72e-01 | e1=6.55e-02 | e2=3.50e-01 | e3=5.39e-02
26-02-07-54 #-----------------------------------------#
26-02-07-54 [Step 209] logΨ: mean=5.559+0.509j | min=0.911+1.443j | max=8.436+0.857j
26-02-07-54 梯度监控 | raw=5.7526 | natural=0.0022 | clipped=0.0022(上限20.0) | t_grad=0ms t_qgt=5ms
26-02-07-54 冻结状态 | frozen_set=[0, 1, 2] | P_a/P=379/1516 | QGT=143641 | 本轮实际训练参数=379
26-02-07-54 原始规范坐标 G(Re Σrow_mean) = +14.1098 | 累计|g| = 7.4412
26-02-07-54 Ψ矩阵条件数 cond(Ψ) = 1.47e+01
26-02-07-54 Loss=-5.426506 | E0=-2.37167198-1.46102256j | E1=-1.33557529+0.09077103j|E2=-1.32231648+1.46498676j|E3=-0.39694204-0.71267930j
26-02-07-54 误差(Ha): e0=5.16e-01 | e1=6.56e-02 | e2=3.70e-01 | e3=1.22e-02
26-02-07-54 #-----------------------------------------#
26-02-07-54 [GaugeReset@210] 吸收 Δg = Σ Re(col_mean) = +14.1098 | 新|g| = 7.4643
26-02-07-54 [Step 210] logΨ: mean=5.522+0.446j | min=0.882+1.425j | max=8.407+0.839j
26-02-07-54 梯度监控 | raw=4.6090 | natural=0.0097 | clipped=0.0097(上限20.0) | t_grad=0ms t_qgt=5ms
26-02-07-54 冻结状态 | frozen_set=[0, 1, 2] | P_a/P=379/1516 | QGT=143641 | 本轮实际训练参数=379
26-02-07-54 原始规范坐标 G(Re Σrow_mean) = +14.1174 | 累计|g| = 7.4643
26-02-07-54 Ψ矩阵条件数 cond(Ψ) = 1.47e+01
26-02-07-54 Loss=-5.411586 | E0=-2.37221740-1.47299009j | E1=-1.33791719+0.08985237j|E2=-1.29320862+1.47584344j|E3=-0.40824310-0.70367991j
26-02-07-54 误差(Ha): e0=5.15e-01 | e1=6.32e-02 | e2=3.41e-01 | e3=2.36e-02
26-02-07-54 #-----------------------------------------#
26-02-07-54 [Step 211] logΨ: mean=5.530+0.352j | min=0.870+1.422j | max=8.395+0.836j
26-02-07-54 梯度监控 | raw=7.8811 | natural=0.0026 | clipped=0.0026(上限20.0) | t_grad=0ms t_qgt=3ms
26-02-07-54 冻结状态 | frozen_set=[0, 1, 2] | P_a/P=379/1516 | QGT=143641 | 本轮实际训练参数=379
26-02-07-54 原始规范坐标 G(Re Σrow_mean) = +14.1283 | 累计|g| = 7.4643
26-02-07-54 Ψ矩阵条件数 cond(Ψ) = 1.47e+01
26-02-07-54 Loss=-5.438522 | E0=-2.36012488-1.47784438j | E1=-1.33883461+0.08613714j|E2=-1.27553802+1.50226938j|E3=-0.46402429-0.72260006j
26-02-07-54 误差(Ha): e0=5.27e-01 | e1=6.23e-02 | e2=3.23e-01 | e3=7.93e-02
26-02-07-54 #-----------------------------------------#
26-02-07-54 [Step 212] logΨ: mean=5.511+0.471j | min=0.968+1.568j | max=8.492+0.980j
26-02-07-54 梯度监控 | raw=48.0872 | natural=0.0513 | clipped=0.0513(上限20.0) | t_grad=0ms t_qgt=4ms
26-02-07-54 冻结状态 | frozen_set=[0, 1, 2] | P_a/P=379/1516 | QGT=143641 | 本轮实际训练参数=379
26-02-07-54 原始规范坐标 G(Re Σrow_mean) = +14.0789 | 累计|g| = 7.4643
26-02-07-54 Ψ矩阵条件数 cond(Ψ) = 1.45e+01
26-02-07-54 Loss=-5.399633 | E0=-2.32467866-1.47765811j | E1=-1.33979068+0.10491135j|E2=-1.32406139+1.48163025j|E3=-0.41110256-0.71025661j
26-02-07-54 误差(Ha): e0=5.63e-01 | e1=6.14e-02 | e2=3.72e-01 | e3=2.64e-02
26-02-07-54 #-----------------------------------------#
26-02-07-54 [Step 213] logΨ: mean=5.617+0.424j | min=0.971+1.542j | max=8.496+0.954j
26-02-07-54 梯度监控 | raw=6.2679 | natural=0.0071 | clipped=0.0071(上限20.0) | t_grad=0ms t_qgt=4ms
26-02-07-54 冻结状态 | frozen_set=[0, 1, 2] | P_a/P=379/1516 | QGT=143641 | 本轮实际训练参数=379
26-02-07-54 原始规范坐标 G(Re Σrow_mean) = +14.1682 | 累计|g| = 7.4643
26-02-07-54 Ψ矩阵条件数 cond(Ψ) = 1.45e+01
26-02-07-54 Loss=-5.428063 | E0=-2.36857091-1.45920304j | E1=-1.34277344+0.09760746j|E2=-1.32710413+1.44697044j|E3=-0.38961433-0.69297015j
26-02-07-54 误差(Ha): e0=5.19e-01 | e1=5.84e-02 | e2=3.75e-01 | e3=4.92e-03
26-02-07-54 #-----------------------------------------#
26-02-07-55 [Step 214] logΨ: mean=5.609+0.538j | min=0.982+1.514j | max=8.507+0.926j
26-02-07-55 梯度监控 | raw=3.9769 | natural=0.0102 | clipped=0.0102(上限20.0) | t_grad=0ms t_qgt=6ms
26-02-07-55 冻结状态 | frozen_set=[0, 1, 2] | P_a/P=379/1516 | QGT=143641 | 本轮实际训练参数=379
26-02-07-55 原始规范坐标 G(Re Σrow_mean) = +14.1590 | 累计|g| = 7.4643
26-02-07-55 Ψ矩阵条件数 cond(Ψ) = 1.45e+01
26-02-07-55 Loss=-5.416973 | E0=-2.31656622-1.46137715j | E1=-1.34515990+0.09578245j|E2=-1.27552821+1.45086808j|E3=-0.47971839-0.69144614j
26-02-07-55 误差(Ha): e0=5.71e-01 | e1=5.60e-02 | e2=3.23e-01 | e3=9.50e-02
26-02-07-55 #-----------------------------------------#
26-02-07-55 [Step 215] logΨ: mean=5.600+0.464j | min=0.959+1.468j | max=8.484+0.879j
26-02-07-55 梯度监控 | raw=9.5031 | natural=0.0054 | clipped=0.0054(上限20.0) | t_grad=0ms t_qgt=6ms
26-02-07-55 冻结状态 | frozen_set=[0, 1, 2] | P_a/P=379/1516 | QGT=143641 | 本轮实际训练参数=379
26-02-07-55 原始规范坐标 G(Re Σrow_mean) = +14.1520 | 累计|g| = 7.4643
26-02-07-55 Ψ矩阵条件数 cond(Ψ) = 1.46e+01
26-02-07-55 Loss=-5.430341 | E0=-2.32131330-1.46607522j | E1=-1.34447291+0.09141578j|E2=-1.25299576+1.47422453j|E3=-0.51155917-0.71379569j
26-02-07-55 误差(Ha): e0=5.66e-01 | e1=5.67e-02 | e2=3.01e-01 | e3=1.27e-01
26-02-07-55 #-----------------------------------------#
26-02-07-55 [Step 216] logΨ: mean=5.599+0.533j | min=0.970+1.463j | max=8.495+0.874j
26-02-07-55 梯度监控 | raw=16.7278 | natural=0.0136 | clipped=0.0136(上限20.0) | t_grad=1ms t_qgt=5ms
26-02-07-55 冻结状态 | frozen_set=[0, 1, 2] | P_a/P=379/1516 | QGT=143641 | 本轮实际训练参数=379
26-02-07-55 原始规范坐标 G(Re Σrow_mean) = +14.1792 | 累计|g| = 7.4643
26-02-07-55 Ψ矩阵条件数 cond(Ψ) = 1.46e+01
26-02-07-55 Loss=-5.417162 | E0=-2.32938064-1.47183917j | E1=-1.34292432+0.09378081j|E2=-1.33965672+1.48453158j|E3=-0.40520029-0.71754969j
26-02-07-55 误差(Ha): e0=5.58e-01 | e1=5.82e-02 | e2=3.88e-01 | e3=2.05e-02
26-02-07-55 #-----------------------------------------#
26-02-07-55 [Step 217] logΨ: mean=5.646+0.599j | min=0.991+1.482j | max=8.516+0.893j
26-02-07-55 梯度监控 | raw=3.7478 | natural=0.0382 | clipped=0.0382(上限20.0) | t_grad=1ms t_qgt=5ms
26-02-07-55 冻结状态 | frozen_set=[0, 1, 2] | P_a/P=379/1516 | QGT=143641 | 本轮实际训练参数=379
26-02-07-55 原始规范坐标 G(Re Σrow_mean) = +14.2048 | 累计|g| = 7.4643
26-02-07-55 Ψ矩阵条件数 cond(Ψ) = 1.46e+01
26-02-07-55 Loss=-5.417279 | E0=-2.38508853-1.43815297j | E1=-1.34074003+0.09606265j|E2=-1.33927304+1.42743442j|E3=-0.35217750-0.68857781j
26-02-07-55 误差(Ha): e0=5.03e-01 | e1=6.04e-02 | e2=3.87e-01 | e3=3.25e-02
26-02-07-55 #-----------------------------------------#
26-02-07-55 [Step 218] logΨ: mean=5.650+0.619j | min=0.970+1.459j | max=8.495+0.870j
26-02-07-55 梯度监控 | raw=2.8696 | natural=0.0022 | clipped=0.0022(上限20.0) | t_grad=1ms t_qgt=6ms
26-02-07-55 冻结状态 | frozen_set=[0, 1, 2] | P_a/P=379/1516 | QGT=143641 | 本轮实际训练参数=379
26-02-07-55 原始规范坐标 G(Re Σrow_mean) = +14.2048 | 累计|g| = 7.4643
26-02-07-55 Ψ矩阵条件数 cond(Ψ) = 1.46e+01
26-02-07-55 Loss=-5.434338 | E0=-2.38372599-1.43738848j | E1=-1.34398538+0.09109518j|E2=-1.29594977+1.45247054j|E3=-0.41067669-0.71503604j
26-02-07-55 误差(Ha): e0=5.04e-01 | e1=5.72e-02 | e2=3.44e-01 | e3=2.60e-02
26-02-07-55 #-----------------------------------------#
26-02-07-55 [Step 219] logΨ: mean=5.621+0.541j | min=0.956+1.439j | max=8.480+0.850j
26-02-07-55 梯度监控 | raw=8.8150 | natural=0.0016 | clipped=0.0016(上限20.0) | t_grad=0ms t_qgt=10ms
26-02-07-55 冻结状态 | frozen_set=[0, 1, 2] | P_a/P=379/1516 | QGT=143641 | 本轮实际训练参数=379
26-02-07-55 原始规范坐标 G(Re Σrow_mean) = +14.1996 | 累计|g| = 7.4643
26-02-07-55 Ψ矩阵条件数 cond(Ψ) = 1.47e+01
26-02-07-55 Loss=-5.436079 | E0=-2.36500772-1.45160496j | E1=-1.34118674+0.09232030j|E2=-1.26730936+1.45216768j|E3=-0.46257546-0.70386266j
26-02-07-55 误差(Ha): e0=5.23e-01 | e1=6.00e-02 | e2=3.15e-01 | e3=7.79e-02
26-02-07-55 #-----------------------------------------#
26-02-07-55 [保存] Step 219 → pickle 文件已更新 (220 条记录)
26-02-07-55 [GaugeReset@220] 吸收 Δg = Σ Re(col_mean) = +14.1996 | 新|g| = 7.5218
26-02-07-55 [Step 220] logΨ: mean=5.454+0.343j | min=0.852+1.416j | max=8.376+0.827j
26-02-07-55 梯度监控 | raw=4.1781 | natural=0.0074 | clipped=0.0074(上限20.0) | t_grad=0ms t_qgt=7ms
26-02-07-55 冻结状态 | frozen_set=[0, 1, 2] | P_a/P=379/1516 | QGT=143641 | 本轮实际训练参数=379
26-02-07-55 原始规范坐标 G(Re Σrow_mean) = +14.1251 | 累计|g| = 7.5218
26-02-07-55 Ψ矩阵条件数 cond(Ψ) = 1.46e+01
26-02-07-55 Loss=-5.401895 | E0=-2.30549989-1.48235295j | E1=-1.33669718+0.09308046j|E2=-1.31384190+1.48835149j|E3=-0.44585603-0.70456179j
26-02-07-55 误差(Ha): e0=5.82e-01 | e1=6.45e-02 | e2=3.62e-01 | e3=6.12e-02
26-02-07-55 #-----------------------------------------#
26-02-07-55 [Step 221] logΨ: mean=5.485+0.604j | min=0.876+1.418j | max=8.400+0.829j
26-02-07-55 梯度监控 | raw=5.0180 | natural=0.0143 | clipped=0.0143(上限20.0) | t_grad=0ms t_qgt=9ms
26-02-07-55 冻结状态 | frozen_set=[0, 1, 2] | P_a/P=379/1516 | QGT=143641 | 本轮实际训练参数=379
26-02-07-55 原始规范坐标 G(Re Σrow_mean) = +14.1494 | 累计|g| = 7.5218
26-02-07-55 Ψ矩阵条件数 cond(Ψ) = 1.46e+01
26-02-07-55 Loss=-5.398161 | E0=-2.33605237-1.44332709j | E1=-1.34012924+0.08785939j|E2=-1.25940422+1.45775721j|E3=-0.46257480-0.71400791j
26-02-07-55 误差(Ha): e0=5.52e-01 | e1=6.10e-02 | e2=3.07e-01 | e3=7.79e-02
26-02-07-55 #-----------------------------------------#
26-02-07-55 [Step 222] logΨ: mean=5.539+0.640j | min=-0.763+0.093j | max=8.417+0.845j
26-02-07-55 梯度监控 | raw=8.2294 | natural=0.0164 | clipped=0.0164(上限20.0) | t_grad=0ms t_qgt=5ms
26-02-07-55 冻结状态 | frozen_set=[0, 1, 2] | P_a/P=379/1516 | QGT=143641 | 本轮实际训练参数=379
26-02-07-55 原始规范坐标 G(Re Σrow_mean) = +14.2004 | 累计|g| = 7.5218
26-02-07-55 Ψ矩阵条件数 cond(Ψ) = 1.46e+01
26-02-07-55 Loss=-5.397782 | E0=-2.37918607-1.45141177j | E1=-1.33727392+0.09450709j|E2=-1.33263498+1.43315648j|E3=-0.34868748-0.68379788j
26-02-07-55 误差(Ha): e0=5.08e-01 | e1=6.39e-02 | e2=3.80e-01 | e3=3.60e-02
26-02-07-55 #-----------------------------------------#
26-02-07-55 [Step 223] logΨ: mean=5.605+0.669j | min=0.933+1.425j | max=8.457+0.836j
26-02-07-55 梯度监控 | raw=8.1535 | natural=0.0270 | clipped=0.0270(上限20.0) | t_grad=0ms t_qgt=4ms
26-02-07-55 冻结状态 | frozen_set=[0, 1, 2] | P_a/P=379/1516 | QGT=143641 | 本轮实际训练参数=379
26-02-07-55 原始规范坐标 G(Re Σrow_mean) = +14.2334 | 累计|g| = 7.5218
26-02-07-55 Ψ矩阵条件数 cond(Ψ) = 1.45e+01
26-02-07-55 Loss=-5.430438 | E0=-2.38203155-1.44765565j | E1=-1.34311088+0.09420487j|E2=-1.31765549+1.46403104j|E3=-0.38764019-0.71685107j
26-02-07-55 误差(Ha): e0=5.06e-01 | e1=5.81e-02 | e2=3.66e-01 | e3=2.95e-03
26-02-07-55 #-----------------------------------------#
26-02-07-55 [Step 224] logΨ: mean=5.583+0.527j | min=0.929+1.428j | max=8.453+0.839j
26-02-07-55 梯度监控 | raw=1.1217 | natural=0.0063 | clipped=0.0063(上限20.0) | t_grad=1ms t_qgt=9ms
26-02-07-55 冻结状态 | frozen_set=[0, 1, 2] | P_a/P=379/1516 | QGT=143641 | 本轮实际训练参数=379
26-02-07-55 原始规范坐标 G(Re Σrow_mean) = +14.2303 | 累计|g| = 7.5218
26-02-07-55 Ψ矩阵条件数 cond(Ψ) = 1.46e+01
26-02-07-55 Loss=-5.415309 | E0=-2.36738279-1.44943274j | E1=-1.34063571+0.09127772j|E2=-1.30147063+1.47395091j|E3=-0.40581999-0.71915650j
26-02-07-55 误差(Ha): e0=5.20e-01 | e1=6.05e-02 | e2=3.49e-01 | e3=2.11e-02
26-02-07-55 #-----------------------------------------#
26-02-07-55 [Step 225] logΨ: mean=5.531+0.534j | min=0.907+1.422j | max=8.431+0.833j
26-02-07-55 梯度监控 | raw=8.4117 | natural=0.0076 | clipped=0.0076(上限20.0) | t_grad=1ms t_qgt=5ms
26-02-07-55 冻结状态 | frozen_set=[0, 1, 2] | P_a/P=379/1516 | QGT=143641 | 本轮实际训练参数=379
26-02-07-55 原始规范坐标 G(Re Σrow_mean) = +14.1751 | 累计|g| = 7.5218
26-02-07-55 Ψ矩阵条件数 cond(Ψ) = 1.46e+01
26-02-07-55 Loss=-5.412609 | E0=-2.36889734-1.46469849j | E1=-1.33342661+0.08555200j|E2=-1.27161887+1.46453647j|E3=-0.43866577-0.70013741j
26-02-07-55 误差(Ha): e0=5.19e-01 | e1=6.77e-02 | e2=3.19e-01 | e3=5.40e-02
26-02-07-55 #-----------------------------------------#
26-02-07-55 [Step 226] logΨ: mean=5.507+0.541j | min=0.894+1.394j | max=8.419+0.805j
26-02-07-55 梯度监控 | raw=4.4730 | natural=0.0152 | clipped=0.0152(上限20.0) | t_grad=2ms t_qgt=6ms
26-02-07-55 冻结状态 | frozen_set=[0, 1, 2] | P_a/P=379/1516 | QGT=143641 | 本轮实际训练参数=379
26-02-07-55 原始规范坐标 G(Re Σrow_mean) = +14.1730 | 累计|g| = 7.5218
26-02-07-55 Ψ矩阵条件数 cond(Ψ) = 1.47e+01
26-02-07-55 Loss=-5.413432 | E0=-2.28711997-1.47386102j | E1=-1.34404615+0.08158326j|E2=-1.17437811+1.49407986j|E3=-0.60788743-0.72133756j
26-02-07-55 误差(Ha): e0=6.00e-01 | e1=5.71e-02 | e2=2.22e-01 | e3=2.23e-01
26-02-07-55 #-----------------------------------------#
26-02-07-55 [Step 227] logΨ: mean=5.548+0.401j | min=0.885+1.380j | max=8.410-2.351j
26-02-07-55 梯度监控 | raw=6.2090 | natural=0.0009 | clipped=0.0009(上限20.0) | t_grad=0ms t_qgt=4ms
26-02-07-55 冻结状态 | frozen_set=[0, 1, 2] | P_a/P=379/1516 | QGT=143641 | 本轮实际训练参数=379
26-02-07-55 原始规范坐标 G(Re Σrow_mean) = +14.1830 | 累计|g| = 7.5218
26-02-07-55 Ψ矩阵条件数 cond(Ψ) = 1.47e+01
26-02-07-55 Loss=-5.443136 | E0=-2.35653004-1.45026214j | E1=-1.34250087+0.08839388j|E2=-1.25872751+1.47423021j|E3=-0.48537713-0.72432043j
26-02-07-55 误差(Ha): e0=5.31e-01 | e1=5.87e-02 | e2=3.07e-01 | e3=1.01e-01
26-02-07-55 #-----------------------------------------#
26-02-07-55 [Step 228] logΨ: mean=5.523+0.181j | min=0.875+1.364j | max=8.400+0.775j
26-02-07-55 梯度监控 | raw=1.3471 | natural=0.0045 | clipped=0.0045(上限20.0) | t_grad=1ms t_qgt=7ms
26-02-07-55 冻结状态 | frozen_set=[0, 1, 2] | P_a/P=379/1516 | QGT=143641 | 本轮实际训练参数=379
26-02-07-55 原始规范坐标 G(Re Σrow_mean) = +14.1953 | 累计|g| = 7.5218
26-02-07-55 Ψ矩阵条件数 cond(Ψ) = 1.47e+01
26-02-07-55 Loss=-5.427989 | E0=-2.35779507-1.45348035j | E1=-1.33971021+0.09036051j|E2=-1.29330402+1.47390501j|E3=-0.43717980-0.72192179j
26-02-07-55 误差(Ha): e0=5.30e-01 | e1=6.15e-02 | e2=3.41e-01 | e3=5.25e-02
26-02-07-55 #-----------------------------------------#
26-02-07-55 [Step 229] logΨ: mean=5.543+0.321j | min=0.883+1.370j | max=8.407+0.781j
26-02-07-55 梯度监控 | raw=3.1838 | natural=0.0062 | clipped=0.0062(上限20.0) | t_grad=0ms t_qgt=18ms
26-02-07-55 冻结状态 | frozen_set=[0, 1, 2] | P_a/P=379/1516 | QGT=143641 | 本轮实际训练参数=379
26-02-07-55 原始规范坐标 G(Re Σrow_mean) = +14.2282 | 累计|g| = 7.5218
26-02-07-55 Ψ矩阵条件数 cond(Ψ) = 1.47e+01
26-02-07-55 Loss=-5.440321 | E0=-2.35821419-1.45571911j | E1=-1.33990457+0.08944433j|E2=-1.27568470+1.46026257j|E3=-0.46651727-0.71111553j
26-02-07-55 误差(Ha): e0=5.29e-01 | e1=6.13e-02 | e2=3.24e-01 | e3=8.18e-02
26-02-07-55 #-----------------------------------------#
26-02-07-55 [GaugeReset@230] 吸收 Δg = Σ Re(col_mean) = +14.2282 | 新|g| = 7.5308
26-02-07-55 [Step 230] logΨ: mean=5.526+0.541j | min=0.935+1.491j | max=8.459+0.902j
26-02-07-55 梯度监控 | raw=26.1179 | natural=0.0442 | clipped=0.0442(上限20.0) | t_grad=1ms t_qgt=9ms
26-02-07-55 冻结状态 | frozen_set=[0, 1, 2] | P_a/P=379/1516 | QGT=143641 | 本轮实际训练参数=379
26-02-07-55 原始规范坐标 G(Re Σrow_mean) = +14.2243 | 累计|g| = 7.5308
26-02-07-55 Ψ矩阵条件数 cond(Ψ) = 1.45e+01
26-02-07-55 Loss=-5.424836 | E0=-2.33764225-1.47951062j | E1=-1.33971679+0.09979677j|E2=-1.29351830+1.47221816j|E3=-0.45395851-0.69775014j
26-02-07-55 误差(Ha): e0=5.50e-01 | e1=6.14e-02 | e2=3.41e-01 | e3=6.93e-02
26-02-07-55 #-----------------------------------------#
26-02-07-55 [Freeze@231] 能级 3 冻结 | err=1.25e-03 Ha (< 1.6e-03)
26-02-07-55 [重建@231] frozen_set=[0, 1, 2, 3] | P_a/P = 0/1516 | 重建耗时 0.10s（含编译，一次性）
26-02-07-55 全部 K 个能级已冻结（均达到化学精度），训练提前终止
26-02-07-55 训练耗时：189.94 秒
26-02-07-55 
============================================================
26-02-07-55 训练完成!
26-02-07-55 ============================================================
26-02-07-55 
===== 分段冻结结果汇总 =====
26-02-07-55 冻结事件（step, 能级, 类型）：[(16, 0, 'freeze'), (32, 1, 'freeze'), (125, 2, 'freeze'), (231, 3, 'freeze')]
26-02-07-55 最终 frozen_set：[0, 1, 2, 3]
26-02-07-55 总参数 P = 1516 | 初始活跃 P_a = 1516 | 最终活跃 P_a = 0
26-02-07-55 最终 QGT 尺寸 = 0 x 0（初始 1516 x 1516）
26-02-07-55 最终各能级误差(mHa): E0=549.95 | E1=61.45 | E2=341.37 | E3=69.27
26-02-07-55 [保存] 训练结束，pickle 最终写入 231 条记录 → ./data/26-09-02-07-51_history_natural_gradient_He_atom_K4_frozen.pkl
26-02-07-55 Loss 曲线已保存: ./日志/26-09-02-07-51_loss_curve_frozen.png
26-02-07-55 活跃参数数曲线已保存: ./日志/26-09-02-07-51_active_params_curve_frozen.png
26-02-07-55 QGT 尺寸曲线已保存: ./日志/26-09-02-07-51_qgt_size_curve_frozen.png
