26-04-03-06 
============================================================
26-04-03-06 开始多链 NES-VMC 训练 | P8: 双侧一致列规范 + 周期性 gauge reset
26-04-03-06 ============================================================
26-04-03-06 精确CAS基准：基态=-2.88759483 Ha | 1激发=-1.40116328 Ha|2激发=-0.95215100 Ha|3激发=-0.38469286 Ha|
26-04-03-06 理论 Loss 上限：-5.62560197 
26-04-03-06 超参：clip_norm=20.0, lr=0.1, QGT diag_shift=0.1, RESET_PERIOD=10
26-04-03-07 [Step   0] logΨ: mean=1.853+0.164j | min=-1.525-1.845j | max=3.410+2.453j
26-04-03-07 梯度监控 | raw=4.7099 | natural=2.4312 | clipped=2.4312(上限20.0)
26-04-03-07 原始规范坐标 G(Re Σrow_mean) = +1.1539 | 累计|g| = 0.0000
26-04-03-07 Ψ矩阵条件数 cond(Ψ) = 3.98e+01
26-04-03-07 Loss=4.474020 | E0=0.34645313-0.02361065j | E1=0.46281940+0.01254051j|E2=1.49258590+0.01157437j|E3=2.17216139-0.00292688j
26-04-03-07 #-----------------------------------------#
26-04-03-07 [Step   1] logΨ: mean=2.482+0.254j | min=-0.339+0.530j | max=4.424+2.906j
26-04-03-07 梯度监控 | raw=5.3703 | natural=2.4645 | clipped=2.4645(上限20.0)
26-04-03-07 原始规范坐标 G(Re Σrow_mean) = +1.6738 | 累计|g| = 0.0000
26-04-03-07 Ψ矩阵条件数 cond(Ψ) = 8.67e+00
26-04-03-07 Loss=3.250829 | E0=-0.04932176-0.01050788j | E1=0.10996088+0.01156927j|E2=1.18502537+0.00450214j|E3=2.00516443-0.00101070j
26-04-03-07 #-----------------------------------------#
26-04-03-07 [Step   2] logΨ: mean=3.352+0.105j | min=-1.102-1.003j | max=5.558+2.863j
26-04-03-07 梯度监控 | raw=5.9736 | natural=2.3733 | clipped=2.3733(上限20.0)
26-04-03-07 原始规范坐标 G(Re Σrow_mean) = +2.3767 | 累计|g| = 0.0000
26-04-03-07 Ψ矩阵条件数 cond(Ψ) = 7.85e+00
26-04-03-07 Loss=1.994931 | E0=-0.40176624-0.02715658j | E1=-0.27980288+0.00395791j|E2=0.81446078+0.02049081j|E3=1.86203928+0.00302933j
26-04-03-07 #-----------------------------------------#
26-04-03-07 [Step   3] logΨ: mean=4.573+0.029j | min=0.644-1.604j | max=6.722+0.457j
26-04-03-07 梯度监控 | raw=5.5568 | natural=2.2294 | clipped=2.2294(上限20.0)
26-04-03-07 原始规范坐标 G(Re Σrow_mean) = +3.3658 | 累计|g| = 0.0000
26-04-03-07 Ψ矩阵条件数 cond(Ψ) = 1.12e+01
26-04-03-07 Loss=0.460817 | E0=-0.98788814+0.00289731j | E1=-0.56238396+0.03712182j|E2=0.35845055-0.01389208j|E3=1.65263889-0.01560295j
26-04-03-07 #-----------------------------------------#
26-04-03-07 [Step   4] logΨ: mean=6.009+0.056j | min=-0.105+2.577j | max=8.102+0.402j
26-04-03-07 梯度监控 | raw=5.9999 | natural=2.0054 | clipped=2.0054(上限20.0)
26-04-03-07 原始规范坐标 G(Re Σrow_mean) = +4.4825 | 累计|g| = 0.0000
26-04-03-07 Ψ矩阵条件数 cond(Ψ) = 1.08e+01
26-04-03-07 Loss=-0.948070 | E0=-1.57712395+0.00667477j | E1=-0.81455963+0.00247138j|E2=0.03484798+0.00203014j|E3=1.40876530-0.00550975j
26-04-03-07 #-----------------------------------------#
26-04-03-07 [Step   5] logΨ: mean=7.540-0.150j | min=1.923+1.426j | max=9.429+0.343j
26-04-03-07 梯度监控 | raw=5.9956 | natural=1.7554 | clipped=1.7554(上限20.0)
26-04-03-07 原始规范坐标 G(Re Σrow_mean) = +5.6981 | 累计|g| = 0.0000
26-04-03-07 Ψ矩阵条件数 cond(Ψ) = 3.68e+01
26-04-03-07 Loss=-2.241588 | E0=-2.18336716+0.00381270j | E1=-0.96407046+0.00274427j|E2=-0.24600498-0.00049296j|E3=1.15185444+0.00889948j
26-04-03-07 #-----------------------------------------#
26-04-03-07 [Step   6] logΨ: mean=9.065-0.376j | min=2.181-2.604j | max=10.705+0.332j
26-04-03-07 梯度监控 | raw=5.0935 | natural=1.6588 | clipped=1.6588(上限20.0)
26-04-03-07 原始规范坐标 G(Re Σrow_mean) = +6.9041 | 累计|g| = 0.0000
26-04-03-07 Ψ矩阵条件数 cond(Ψ) = 8.03e+00
26-04-03-07 Loss=-3.103326 | E0=-2.44272562-0.00444125j | E1=-1.05586242+0.00328082j|E2=-0.50912284-0.00786770j|E3=0.90438526+0.01794509j
26-04-03-07 #-----------------------------------------#
26-04-03-07 [Step   7] logΨ: mean=10.460-0.708j | min=3.395+1.422j | max=11.925+0.282j
26-04-03-07 梯度监控 | raw=5.4949 | natural=1.3943 | clipped=1.3943(上限20.0)
26-04-03-07 原始规范坐标 G(Re Σrow_mean) = +8.0141 | 累计|g| = 0.0000
26-04-03-07 Ψ矩阵条件数 cond(Ψ) = 1.16e+01
26-04-03-07 Loss=-3.736443 | E0=-2.58278048-0.00980248j | E1=-1.14915301-0.01026894j|E2=-0.57088190+0.01254468j|E3=0.56637242-0.00357249j
26-04-03-07 #-----------------------------------------#
26-04-03-07 [Step   8] logΨ: mean=11.946-0.733j | min=4.745-0.553j | max=13.074+0.291j
26-04-03-07 梯度监控 | raw=3.9646 | natural=1.1316 | clipped=1.1316(上限20.0)
26-04-03-07 原始规范坐标 G(Re Σrow_mean) = +9.1569 | 累计|g| = 0.0000
26-04-03-07 Ψ矩阵条件数 cond(Ψ) = 1.06e+01
26-04-03-07 Loss=-4.268847 | E0=-2.73793288+0.00674440j | E1=-1.21581712+0.00161985j|E2=-0.71333124-0.00542829j|E3=0.39823375+0.00616131j
26-04-03-07 #-----------------------------------------#
26-04-03-07 [Step   9] logΨ: mean=12.926-1.064j | min=7.174-2.705j | max=13.963+0.296j
26-04-03-07 梯度监控 | raw=3.1603 | natural=1.1294 | clipped=1.1294(上限20.0)
26-04-03-07 原始规范坐标 G(Re Σrow_mean) = +9.8623 | 累计|g| = 0.0000
26-04-03-07 Ψ矩阵条件数 cond(Ψ) = 8.47e+00
26-04-03-07 Loss=-4.508770 | E0=-2.81855155+0.00580368j | E1=-1.25746682+0.01220037j|E2=-0.75051994-0.01251706j|E3=0.31776825+0.00763105j
26-04-03-07 #-----------------------------------------#
26-04-03-07 [GaugeReset@10] 吸收 Δg = Σ Re(col_mean) = +9.8623 | 新|g| = 5.2508
26-04-03-07 [Step  10] logΨ: mean=4.416+0.927j | min=-2.635-0.975j | max=5.185+3.040j
26-04-03-07 梯度监控 | raw=3.9305 | natural=0.9103 | clipped=0.9103(上限20.0)
26-04-03-07 原始规范坐标 G(Re Σrow_mean) = +10.8517 | 累计|g| = 5.2508
26-04-03-07 Ψ矩阵条件数 cond(Ψ) = 8.43e+00
26-04-03-07 Loss=-4.795821 | E0=-2.78062997+0.00729053j | E1=-1.31622565+0.00248808j|E2=-0.82815753-0.00798190j|E3=0.12919189+0.00256454j
26-04-03-07 #-----------------------------------------#
26-04-03-07 [Step  11] logΨ: mean=5.485+0.651j | min=-0.518+1.140j | max=6.258+3.103j
26-04-03-07 梯度监控 | raw=3.6690 | natural=0.7798 | clipped=0.7798(上限20.0)
26-04-03-07 原始规范坐标 G(Re Σrow_mean) = +11.5809 | 累计|g| = 5.2508
26-04-03-07 Ψ矩阵条件数 cond(Ψ) = 2.56e+01
26-04-03-07 Loss=-4.895982 | E0=-2.82397361-0.00030641j | E1=-1.32156734-0.00821679j|E2=-0.83320055+0.00200674j|E3=0.08275977-0.00145452j
26-04-03-07 #-----------------------------------------#
26-04-03-07 [Step  12] logΨ: mean=6.658-0.739j | min=0.681-2.795j | max=7.216+0.082j
26-04-03-07 梯度监控 | raw=2.9662 | natural=0.6365 | clipped=0.6365(上限20.0)
26-04-03-07 原始规范坐标 G(Re Σrow_mean) = +12.3799 | 累计|g| = 5.2508
26-04-03-07 Ψ矩阵条件数 cond(Ψ) = 1.03e+01
26-04-03-07 Loss=-5.053695 | E0=-2.85282855-0.00054541j | E1=-1.35143398-0.00745077j|E2=-0.84957293+0.00640393j|E3=0.00014082+0.00551799j
26-04-03-07 #-----------------------------------------#
26-04-03-07 [Step  13] logΨ: mean=8.774+0.591j | min=1.600-0.534j | max=9.206+2.631j
26-04-03-07 梯度监控 | raw=3.0114 | natural=1.1460 | clipped=1.1460(上限20.0)
26-04-03-07 原始规范坐标 G(Re Σrow_mean) = +13.7710 | 累计|g| = 5.2508
26-04-03-07 Ψ矩阵条件数 cond(Ψ) = 1.46e+01
26-04-03-07 Loss=-5.127525 | E0=-2.82919039+0.00353645j | E1=-1.35885742-0.00534381j|E2=-0.89778449+0.00356623j|E3=-0.04169292+0.00963318j
26-04-03-07 #-----------------------------------------#
26-04-03-07 [Step  14] logΨ: mean=9.466+0.829j | min=4.033-0.193j | max=9.877+2.938j
26-04-03-07 梯度监控 | raw=1.8700 | natural=0.4144 | clipped=0.4144(上限20.0)
26-04-03-07 原始规范坐标 G(Re Σrow_mean) = +14.2039 | 累计|g| = 5.2508
26-04-03-07 Ψ矩阵条件数 cond(Ψ) = 1.40e+01
26-04-03-07 Loss=-5.197083 | E0=-2.85596611-0.00046701j | E1=-1.36822938+0.01017328j|E2=-0.91156598-0.00739063j|E3=-0.06132123-0.00174753j
26-04-03-07 #-----------------------------------------#
26-04-03-07 [Step  15] logΨ: mean=9.922-0.923j | min=4.072+0.172j | max=10.289+0.379j
26-04-03-07 梯度监控 | raw=2.1559 | natural=0.4052 | clipped=0.4052(上限20.0)
26-04-03-07 原始规范坐标 G(Re Σrow_mean) = +14.5181 | 累计|g| = 5.2508
26-04-03-07 Ψ矩阵条件数 cond(Ψ) = 2.23e+01
26-04-03-07 Loss=-5.245879 | E0=-2.85591524-0.00013923j | E1=-1.36671710-0.00183455j|E2=-0.90773598+0.00121742j|E3=-0.11551062+0.00037605j
26-04-03-07 #-----------------------------------------#
26-04-03-07 [Step  16] logΨ: mean=8.245+1.118j | min=2.392-3.046j | max=8.511+3.068j
26-04-03-07 梯度监控 | raw=15.0001 | natural=1.8842 | clipped=1.8842(上限20.0)
26-04-03-07 原始规范坐标 G(Re Σrow_mean) = +13.0550 | 累计|g| = 5.2508
26-04-03-07 Ψ矩阵条件数 cond(Ψ) = 7.52e+00
26-04-03-07 Loss=-5.279039 | E0=-2.88782111-0.02313757j | E1=-1.37740357-0.00336975j|E2=-0.90685110+0.00660332j|E3=-0.10696325-0.00161531j
26-04-03-07 #-----------------------------------------#
26-04-03-07 [Step  17] logΨ: mean=9.052+0.372j | min=4.837-2.029j | max=9.678+0.129j
26-04-03-07 梯度监控 | raw=63.4885 | natural=0.7058 | clipped=0.7058(上限20.0)
26-04-03-07 原始规范坐标 G(Re Σrow_mean) = +13.3805 | 累计|g| = 5.2508
26-04-03-07 Ψ矩阵条件数 cond(Ψ) = 9.35e+00
26-04-03-07 Loss=-4.793216 | E0=-2.55790768-0.00616267j | E1=-1.37442296+0.00109799j|E2=-0.93489541-0.00038660j|E3=0.07401024-0.00288875j
26-04-03-07 #-----------------------------------------#
26-04-03-07 [Step  18] logΨ: mean=10.407-1.346j | min=5.049+1.875j | max=10.799+0.373j
26-04-03-07 梯度监控 | raw=48.9830 | natural=0.6079 | clipped=0.6079(上限20.0)
26-04-03-07 原始规范坐标 G(Re Σrow_mean) = +14.2700 | 累计|g| = 5.2508
26-04-03-07 Ψ矩阵条件数 cond(Ψ) = 8.94e+00
26-04-03-07 Loss=-5.113883 | E0=-2.73978824+0.00272355j | E1=-1.38491071-0.00261343j|E2=-0.93959961-0.00014430j|E3=-0.04958442+0.00633805j
26-04-03-07 #-----------------------------------------#
26-04-03-07 [Step  19] logΨ: mean=12.109-0.336j | min=5.115+3.105j | max=12.608+1.171j
26-04-03-07 梯度监控 | raw=36.7399 | natural=1.1903 | clipped=1.1903(上限20.0)
26-04-03-07 原始规范坐标 G(Re Σrow_mean) = +15.1884 | 累计|g| = 5.2508
26-04-03-07 Ψ矩阵条件数 cond(Ψ) = 1.69e+01
26-04-03-07 Loss=-5.174671 | E0=-2.84290124+0.02812477j | E1=-1.36977160+0.00036393j|E2=-0.92286192+0.00136568j|E3=-0.03913631+0.01078968j
26-04-03-07 #-----------------------------------------#
26-04-03-07 [保存] Step 19 → pickle 文件已更新 (20 条记录)
26-04-03-07 [GaugeReset@20] 吸收 Δg = Σ Re(col_mean) = +15.1884 | 新|g| = 8.0234
26-04-03-07 [Step  20] logΨ: mean=9.057+0.501j | min=4.616-0.841j | max=9.352+2.264j
26-04-03-07 梯度监控 | raw=41.2820 | natural=0.2670 | clipped=0.2670(上限20.0)
26-04-03-07 原始规范坐标 G(Re Σrow_mean) = +16.5467 | 累计|g| = 8.0234
26-04-03-07 Ψ矩阵条件数 cond(Ψ) = 1.01e+01
26-04-03-07 Loss=-5.259347 | E0=-2.84133188+0.00112101j | E1=-1.39684246+0.00021569j|E2=-0.94323592-0.00026470j|E3=-0.07793688-0.00622707j
26-04-03-07 #-----------------------------------------#
26-04-03-07 [Step  21] logΨ: mean=7.833+0.385j | min=1.551-1.872j | max=8.275+2.113j
26-04-03-07 梯度监控 | raw=18.3951 | natural=1.0162 | clipped=1.0162(上限20.0)
26-04-03-07 原始规范坐标 G(Re Σrow_mean) = +15.7830 | 累计|g| = 8.0234
26-04-03-07 Ψ矩阵条件数 cond(Ψ) = 2.33e+01
26-04-03-07 Loss=-5.337623 | E0=-2.87754970-0.00667672j | E1=-1.39115897-0.00004925j|E2=-0.93608599+0.00013995j|E3=-0.13282794+0.00075133j
26-04-03-07 #-----------------------------------------#
26-04-03-07 [Step  22] logΨ: mean=6.049-0.535j | min=0.656-2.322j | max=6.415+1.021j
26-04-03-07 梯度监控 | raw=2.4177 | natural=0.2955 | clipped=0.2955(上限20.0)
26-04-03-07 原始规范坐标 G(Re Σrow_mean) = +14.7673 | 累计|g| = 8.0234
26-04-03-07 Ψ矩阵条件数 cond(Ψ) = 1.62e+01
26-04-03-07 Loss=-5.336440 | E0=-2.85554837-0.00050974j | E1=-1.38302914-0.00059501j|E2=-0.92397401+0.00057209j|E3=-0.17388840+0.00927423j
26-04-03-07 #-----------------------------------------#
26-04-03-07 [Step  23] logΨ: mean=6.166-0.892j | min=1.394-0.137j | max=6.516+0.773j
26-04-03-07 梯度监控 | raw=2.1854 | natural=0.1669 | clipped=0.1669(上限20.0)
26-04-03-07 原始规范坐标 G(Re Σrow_mean) = +14.9534 | 累计|g| = 8.0234
26-04-03-07 Ψ矩阵条件数 cond(Ψ) = 8.32e+01
26-04-03-07 Loss=-5.364853 | E0=-2.85533759+0.00025369j | E1=-1.39578789+0.00311102j|E2=-0.93347998-0.00198635j|E3=-0.18024757+0.00438600j
26-04-03-07 #-----------------------------------------#
26-04-03-07 [Step  24] logΨ: mean=6.100-0.920j | min=2.468-2.583j | max=6.379+0.876j
26-04-03-07 梯度监控 | raw=4.0627 | natural=0.0396 | clipped=0.0396(上限20.0)
26-04-03-07 原始规范坐标 G(Re Σrow_mean) = +15.0557 | 累计|g| = 8.0234
26-04-03-07 Ψ矩阵条件数 cond(Ψ) = 2.50e+01
26-04-03-07 Loss=-5.402825 | E0=-2.85479522+0.00058315j | E1=-1.39834038+0.00006562j|E2=-0.94290152-0.00052908j|E3=-0.20678758+0.00041872j
26-04-03-07 #-----------------------------------------#
26-04-03-07 [Step  25] logΨ: mean=6.580-1.020j | min=1.990-1.268j | max=6.882+0.765j
26-04-03-07 梯度监控 | raw=2.8823 | natural=0.1285 | clipped=0.1285(上限20.0)
26-04-03-07 原始规范坐标 G(Re Σrow_mean) = +15.3125 | 累计|g| = 8.0234
26-04-03-07 Ψ矩阵条件数 cond(Ψ) = 2.72e+01
26-04-03-07 Loss=-5.389017 | E0=-2.85279200+0.00052519j | E1=-1.39253790-0.00025117j|E2=-0.93722235-0.00041692j|E3=-0.20646435+0.00301425j
26-04-03-07 #-----------------------------------------#
26-04-03-07 [Step  26] logΨ: mean=6.705-0.887j | min=1.566-3.015j | max=6.946+0.896j
26-04-03-07 梯度监控 | raw=1.8073 | natural=0.0696 | clipped=0.0696(上限20.0)
26-04-03-07 原始规范坐标 G(Re Σrow_mean) = +15.4666 | 累计|g| = 8.0234
26-04-03-07 Ψ矩阵条件数 cond(Ψ) = 6.33e+01
26-04-03-07 Loss=-5.399059 | E0=-2.85494052+0.00019077j | E1=-1.40044933+0.00150573j|E2=-0.94187719-0.00155307j|E3=-0.20179158+0.00688595j
26-04-03-07 #-----------------------------------------#
26-04-03-07 [Step  27] logΨ: mean=7.475-0.585j | min=-0.037+1.025j | max=7.849+0.973j
26-04-03-07 梯度监控 | raw=3.6677 | natural=0.4568 | clipped=0.4568(上限20.0)
26-04-03-07 原始规范坐标 G(Re Σrow_mean) = +15.7855 | 累计|g| = 8.0234
26-04-03-07 Ψ矩阵条件数 cond(Ψ) = 1.77e+01
26-04-03-07 Loss=-5.364937 | E0=-2.84996199+0.00020693j | E1=-1.39106798-0.00118448j|E2=-0.90426588+0.00664354j|E3=-0.21964160-0.00171608j
26-04-03-07 #-----------------------------------------#
26-04-03-07 [Step  28] logΨ: mean=7.589-0.754j | min=4.110+0.316j | max=7.839+0.983j
26-04-03-07 梯度监控 | raw=5.7069 | natural=0.0237 | clipped=0.0237(上限20.0)
26-04-03-07 原始规范坐标 G(Re Σrow_mean) = +15.9681 | 累计|g| = 8.0234
26-04-03-07 Ψ矩阵条件数 cond(Ψ) = 1.85e+01
26-04-03-07 Loss=-5.423896 | E0=-2.85476884+0.00006339j | E1=-1.40049765-0.00034320j|E2=-0.94498132-0.00024139j|E3=-0.22364860+0.00515731j
26-04-03-07 #-----------------------------------------#
26-04-03-07 [Step  29] logΨ: mean=7.363-0.379j | min=1.091-2.485j | max=7.618+1.387j
26-04-03-07 梯度监控 | raw=6.9965 | natural=0.1480 | clipped=0.1480(上限20.0)
26-04-03-07 原始规范坐标 G(Re Σrow_mean) = +15.8452 | 累计|g| = 8.0234
26-04-03-07 Ψ矩阵条件数 cond(Ψ) = 2.27e+01
26-04-03-07 Loss=-5.437535 | E0=-2.85437279+0.00005894j | E1=-1.39671440-0.00009647j|E2=-0.93641045-0.00050303j|E3=-0.25003698+0.00054797j
26-04-03-07 #-----------------------------------------#
26-04-03-07 [GaugeReset@30] 吸收 Δg = Σ Re(col_mean) = +15.8452 | 新|g| = 8.2068
26-04-03-07 [Step  30] logΨ: mean=6.968-1.207j | min=2.473-2.108j | max=7.228+0.532j
26-04-03-07 梯度监控 | raw=5.3966 | natural=0.1354 | clipped=0.1354(上限20.0)
26-04-03-07 原始规范坐标 G(Re Σrow_mean) = +15.9517 | 累计|g| = 8.2068
26-04-03-07 Ψ矩阵条件数 cond(Ψ) = 1.09e+01
26-04-03-07 Loss=-5.423013 | E0=-2.84684153+0.00031801j | E1=-1.40070548+0.00041302j|E2=-0.94306386-0.00052032j|E3=-0.23240184+0.00505305j
26-04-03-07 #-----------------------------------------#
26-04-03-07 [Step  31] logΨ: mean=7.429-1.138j | min=0.507+1.039j | max=7.797+0.446j
26-04-03-07 梯度监控 | raw=8.5098 | natural=0.2143 | clipped=0.2143(上限20.0)
26-04-03-07 原始规范坐标 G(Re Σrow_mean) = +16.1653 | 累计|g| = 8.2068
26-04-03-07 Ψ矩阵条件数 cond(Ψ) = 1.12e+01
26-04-03-07 Loss=-5.417459 | E0=-2.83418005-0.00054827j | E1=-1.40035204-0.00370799j|E2=-0.93237285+0.00150579j|E3=-0.25055456+0.00408401j
26-04-03-07 #-----------------------------------------#
26-04-03-07 [Step  32] logΨ: mean=7.681-0.864j | min=2.994-1.106j | max=7.927+0.716j
26-04-03-07 梯度监控 | raw=3.8408 | natural=0.2481 | clipped=0.2481(上限20.0)
26-04-03-07 原始规范坐标 G(Re Σrow_mean) = +16.2055 | 累计|g| = 8.2068
26-04-03-07 Ψ矩阵条件数 cond(Ψ) = 1.25e+01
26-04-03-07 Loss=-5.427998 | E0=-2.85464342+0.00011648j | E1=-1.39990176+0.00038438j|E2=-0.94509287-0.00065498j|E3=-0.22835968+0.00686947j
26-04-03-07 #-----------------------------------------#
26-04-03-07 [Step  33] logΨ: mean=8.505-0.852j | min=0.595+1.006j | max=8.743+0.527j
26-04-03-07 梯度监控 | raw=4.0172 | natural=0.2062 | clipped=0.2062(上限20.0)
26-04-03-07 原始规范坐标 G(Re Σrow_mean) = +16.4919 | 累计|g| = 8.2068
26-04-03-07 Ψ矩阵条件数 cond(Ψ) = 1.37e+01
26-04-03-07 Loss=-5.438264 | E0=-2.85065812-0.00010131j | E1=-1.39782882-0.00036140j|E2=-0.94281698-0.00008119j|E3=-0.24696034+0.01014891j
26-04-03-07 #-----------------------------------------#
26-04-03-07 [Step  34] logΨ: mean=8.559-0.270j | min=5.458+0.362j | max=8.815+1.185j
26-04-03-07 梯度监控 | raw=4.7690 | natural=0.0734 | clipped=0.0734(上限20.0)
26-04-03-07 原始规范坐标 G(Re Σrow_mean) = +16.7079 | 累计|g| = 8.2068
26-04-03-07 Ψ矩阵条件数 cond(Ψ) = 1.89e+01
26-04-03-07 Loss=-5.453198 | E0=-2.85489626-0.00007346j | E1=-1.40116326-0.00000000j|E2=-0.94598159-0.00028920j|E3=-0.25115734+0.00736173j
26-04-03-07 #-----------------------------------------#
26-04-03-07 [Step  35] logΨ: mean=8.625-0.288j | min=4.896+0.469j | max=8.804+1.153j
26-04-03-07 梯度监控 | raw=6.9343 | natural=0.0210 | clipped=0.0210(上限20.0)
26-04-03-07 原始规范坐标 G(Re Σrow_mean) = +16.8276 | 累计|g| = 8.2068
26-04-03-07 Ψ矩阵条件数 cond(Ψ) = 1.84e+01
26-04-03-07 Loss=-5.451767 | E0=-2.85442517-0.00087662j | E1=-1.39993169+0.00006654j|E2=-0.94460186-0.00041190j|E3=-0.25280823+0.01279759j
26-04-03-07 #-----------------------------------------#
26-04-03-07 [Step  36] logΨ: mean=8.488+0.390j | min=3.903-2.512j | max=8.729+1.783j
26-04-03-07 梯度监控 | raw=2.0190 | natural=0.2030 | clipped=0.2030(上限20.0)
26-04-03-07 原始规范坐标 G(Re Σrow_mean) = +16.7322 | 累计|g| = 8.2068
26-04-03-07 Ψ矩阵条件数 cond(Ψ) = 2.30e+01
26-04-03-07 Loss=-5.458183 | E0=-2.85352016-0.00113210j | E1=-1.40116329-0.00000000j|E2=-0.94594486-0.00028006j|E3=-0.25755423+0.00554255j
26-04-03-07 #-----------------------------------------#
26-04-03-07 [Step  37] logΨ: mean=8.811-1.160j | min=2.952+3.110j | max=9.057+0.608j
26-04-03-07 梯度监控 | raw=6.4432 | natural=0.1772 | clipped=0.1772(上限20.0)
26-04-03-07 原始规范坐标 G(Re Σrow_mean) = +17.1484 | 累计|g| = 8.2068
26-04-03-07 Ψ矩阵条件数 cond(Ψ) = 1.77e+01
26-04-03-07 Loss=-5.471198 | E0=-2.85435637-0.00110813j | E1=-1.39951007-0.00048085j|E2=-0.94737125-0.00322722j|E3=-0.26996005+0.00196430j
26-04-03-07 #-----------------------------------------#
26-04-03-07 [Step  38] logΨ: mean=9.040-0.688j | min=3.080+0.750j | max=9.290+0.863j
26-04-03-07 梯度监控 | raw=7.0817 | natural=0.1477 | clipped=0.1477(上限20.0)
26-04-03-07 原始规范坐标 G(Re Σrow_mean) = +17.1264 | 累计|g| = 8.2068
26-04-03-07 Ψ矩阵条件数 cond(Ψ) = 3.51e+01
26-04-03-07 Loss=-5.483544 | E0=-2.85653394-0.00039455j | E1=-1.39975089+0.00014836j|E2=-0.94291348-0.00055868j|E3=-0.28434541+0.00649657j
26-04-03-07 #-----------------------------------------#
26-04-03-07 [Step  39] logΨ: mean=9.517-0.914j | min=5.454+2.814j | max=9.766+0.645j
26-04-03-07 梯度监控 | raw=4.4485 | natural=0.1741 | clipped=0.1741(上限20.0)
26-04-03-07 原始规范坐标 G(Re Σrow_mean) = +17.1590 | 累计|g| = 8.2068
26-04-03-07 Ψ矩阵条件数 cond(Ψ) = 3.61e+01
26-04-03-07 Loss=-5.479438 | E0=-2.85692361-0.00018130j | E1=-1.40116326-0.00000001j|E2=-0.94603469-0.00017536j|E3=-0.27531660+0.00726854j
26-04-03-07 #-----------------------------------------#
26-04-03-07 [保存] Step 39 → pickle 文件已更新 (40 条记录)
26-04-03-07 [GaugeReset@40] 吸收 Δg = Σ Re(col_mean) = +17.1590 | 新|g| = 8.8689
26-04-03-07 [Step  40] logΨ: mean=8.498+1.114j | min=4.146+1.813j | max=8.719+2.510j
26-04-03-07 梯度监控 | raw=11.3364 | natural=0.0732 | clipped=0.0732(上限20.0)
26-04-03-07 原始规范坐标 G(Re Σrow_mean) = +17.3379 | 累计|g| = 8.8689
26-04-03-07 Ψ矩阵条件数 cond(Ψ) = 2.45e+01
26-04-03-07 Loss=-5.491679 | E0=-2.85586543-0.00009012j | E1=-1.40009988-0.00050627j|E2=-0.94482840+0.00018347j|E3=-0.29088538+0.01155604j
26-04-03-07 #-----------------------------------------#
26-04-03-07 [Step  41] logΨ: mean=8.617+0.993j | min=4.929-0.787j | max=8.881+2.435j
26-04-03-07 梯度监控 | raw=9.7906 | natural=0.1142 | clipped=0.1142(上限20.0)
26-04-03-07 原始规范坐标 G(Re Σrow_mean) = +17.2238 | 累计|g| = 8.8689
26-04-03-07 Ψ矩阵条件数 cond(Ψ) = 2.91e+01
26-04-03-07 Loss=-5.501883 | E0=-2.85589530-0.00001093j | E1=-1.40116328-0.00000001j|E2=-0.94604326-0.00012920j|E3=-0.29878117+0.00253778j
26-04-03-07 #-----------------------------------------#
26-04-03-07 [Step  42] logΨ: mean=7.719-1.267j | min=3.612+0.565j | max=7.984+0.388j
26-04-03-07 梯度监控 | raw=8.0563 | natural=0.2120 | clipped=0.2120(上限20.0)
26-04-03-07 原始规范坐标 G(Re Σrow_mean) = +16.5895 | 累计|g| = 8.8689
26-04-03-07 Ψ矩阵条件数 cond(Ψ) = 2.61e+01
26-04-03-07 Loss=-5.495126 | E0=-2.85581098+0.00004985j | E1=-1.40116331+0.00000000j|E2=-0.94602889-0.00011597j|E3=-0.29212272+0.00523930j
26-04-03-07 #-----------------------------------------#
26-04-03-07 [Step  43] logΨ: mean=7.866-0.767j | min=3.663-1.142j | max=8.131+0.743j
26-04-03-07 梯度监控 | raw=12.3632 | natural=0.0584 | clipped=0.0584(上限20.0)
26-04-03-07 原始规范坐标 G(Re Σrow_mean) = +16.7253 | 累计|g| = 8.8689
26-04-03-07 Ψ矩阵条件数 cond(Ψ) = 2.60e+01
26-04-03-07 Loss=-5.494762 | E0=-2.84745530+0.00257082j | E1=-1.40116330+0.00000001j|E2=-0.94604908-0.00007105j|E3=-0.30009425+0.00455103j
26-04-03-07 #-----------------------------------------#
26-04-03-07 [Step  44] logΨ: mean=8.203-1.472j | min=3.802-1.689j | max=8.566+0.243j
26-04-03-07 梯度监控 | raw=18.7087 | natural=0.1211 | clipped=0.1211(上限20.0)
26-04-03-07 原始规范坐标 G(Re Σrow_mean) = +16.9675 | 累计|g| = 8.8689
26-04-03-07 Ψ矩阵条件数 cond(Ψ) = 2.10e+01
26-04-03-07 Loss=-5.513449 | E0=-2.84733719+0.00195845j | E1=-1.39914791+0.00070610j|E2=-0.94386933-0.00061126j|E3=-0.32309493-0.00425516j
26-04-03-07 #-----------------------------------------#
26-04-03-07 [Step  45] logΨ: mean=8.495-1.195j | min=4.371+1.675j | max=8.832+0.445j
26-04-03-07 梯度监控 | raw=26.4832 | natural=0.0241 | clipped=0.0241(上限20.0)
26-04-03-07 原始规范坐标 G(Re Σrow_mean) = +17.0682 | 累计|g| = 8.8689
26-04-03-07 Ψ矩阵条件数 cond(Ψ) = 2.63e+01
26-04-03-07 Loss=-5.523139 | E0=-2.85390436+0.00144698j | E1=-1.40116328-0.00000000j|E2=-0.94604463-0.00005806j|E3=-0.32202665+0.00201602j
26-04-03-07 #-----------------------------------------#
26-04-03-07 [Step  46] logΨ: mean=9.003-1.187j | min=1.261-2.885j | max=9.345+0.412j
26-04-03-07 梯度监控 | raw=20.5036 | natural=0.0795 | clipped=0.0795(上限20.0)
26-04-03-07 原始规范坐标 G(Re Σrow_mean) = +17.4146 | 累计|g| = 8.8689
26-04-03-07 Ψ矩阵条件数 cond(Ψ) = 2.07e+01
26-04-03-07 Loss=-5.514480 | E0=-2.85210177+0.00114072j | E1=-1.39869885+0.00053978j|E2=-0.93892754-0.00051500j|E3=-0.32475217-0.00228918j
26-04-03-07 #-----------------------------------------#
26-04-03-07 [Step  47] logΨ: mean=7.949-0.311j | min=4.375+0.417j | max=8.310+1.440j
26-04-03-07 梯度监控 | raw=33.7276 | natural=0.0980 | clipped=0.0980(上限20.0)
26-04-03-07 原始规范坐标 G(Re Σrow_mean) = +16.8410 | 累计|g| = 8.8689
26-04-03-07 Ψ矩阵条件数 cond(Ψ) = 2.69e+01
26-04-03-07 Loss=-5.531733 | E0=-2.85538696+0.00082818j | E1=-1.40116327-0.00000000j|E2=-0.94607462-0.00006149j|E3=-0.32910789-0.00288030j
26-04-03-07 #-----------------------------------------#
26-04-03-07 [Step  48] logΨ: mean=9.607+0.004j | min=1.470+0.359j | max=10.286+3.083j
26-04-03-07 梯度监控 | raw=176.0232 | natural=2.1435 | clipped=2.1435(上限20.0)
26-04-03-07 原始规范坐标 G(Re Σrow_mean) = +16.8475 | 累计|g| = 8.8689
26-04-03-07 Ψ矩阵条件数 cond(Ψ) = 1.60e+01
26-04-03-07 Loss=-5.366761 | E0=-2.70625965-0.04535062j | E1=-1.40038425-0.00008743j|E2=-0.93574908-0.00162714j|E3=-0.32436761+0.00022355j
26-04-03-07 #-----------------------------------------#
26-04-03-07 [Step  49] logΨ: mean=9.836-0.618j | min=6.055-0.678j | max=10.220+1.089j
26-04-03-07 梯度监控 | raw=30.7072 | natural=0.1431 | clipped=0.1431(上限20.0)
26-04-03-07 原始规范坐标 G(Re Σrow_mean) = +16.9457 | 累计|g| = 8.8689
26-04-03-07 Ψ矩阵条件数 cond(Ψ) = 1.56e+01
26-04-03-07 Loss=-5.526070 | E0=-2.85487587+0.00124864j | E1=-1.40116326-0.00000001j|E2=-0.94610414-0.00001734j|E3=-0.32392627+0.00522827j
26-04-03-07 #-----------------------------------------#
26-04-03-07 [GaugeReset@50] 吸收 Δg = Σ Re(col_mean) = +16.9457 | 新|g| = 8.9099
26-04-03-07 [Step  50] logΨ: mean=9.445-1.235j | min=7.601-0.860j | max=9.811+0.470j
26-04-03-07 梯度监控 | raw=30.0607 | natural=0.0355 | clipped=0.0355(上限20.0)
26-04-03-07 原始规范坐标 G(Re Σrow_mean) = +16.7384 | 累计|g| = 8.9099
26-04-03-07 Ψ矩阵条件数 cond(Ψ) = 2.94e+01
26-04-03-07 Loss=-5.530985 | E0=-2.85554039+0.00097171j | E1=-1.40116329+0.00000000j|E2=-0.94612644-0.00003189j|E3=-0.32815500+0.00351610j
26-04-03-07 #-----------------------------------------#
26-04-03-07 [Step  51] logΨ: mean=9.600-1.426j | min=3.783-0.693j | max=9.931+0.458j
26-04-03-07 梯度监控 | raw=33.6729 | natural=0.1214 | clipped=0.1214(上限20.0)
26-04-03-07 原始规范坐标 G(Re Σrow_mean) = +16.7049 | 累计|g| = 8.9099
26-04-03-07 Ψ矩阵条件数 cond(Ψ) = 2.66e+01
26-04-03-07 Loss=-5.476901 | E0=-2.82571747+0.00165782j | E1=-1.40113519-0.00034775j|E2=-0.94559331+0.00023244j|E3=-0.30445529-0.01004059j
26-04-03-07 #-----------------------------------------#
26-04-03-07 [Step  52] logΨ: mean=8.091-0.961j | min=4.310+1.876j | max=8.423+0.775j
26-04-03-07 梯度监控 | raw=28.9352 | natural=0.2053 | clipped=0.2053(上限20.0)
26-04-03-07 原始规范坐标 G(Re Σrow_mean) = +16.0518 | 累计|g| = 8.9099
26-04-03-07 Ψ矩阵条件数 cond(Ψ) = 2.06e+01
26-04-03-07 Loss=-5.519081 | E0=-2.85565788+0.00120831j | E1=-1.40116326+0.00000001j|E2=-0.94611130-0.00004152j|E3=-0.31614845+0.00486600j
26-04-03-07 #-----------------------------------------#
26-04-03-07 [Step  53] logΨ: mean=2.789+1.407j | min=-3.624+2.609j | max=3.180+2.550j
26-04-03-07 梯度监控 | raw=46.7102 | natural=1.3144 | clipped=1.3144(上限20.0)
26-04-03-07 原始规范坐标 G(Re Σrow_mean) = +13.3499 | 累计|g| = 8.9099
26-04-03-07 Ψ矩阵条件数 cond(Ψ) = 1.88e+01
26-04-03-07 Loss=-5.482705 | E0=-2.82190718-0.04290654j | E1=-1.40116324+0.00000000j|E2=-0.94615922-0.00008045j|E3=-0.31347503+0.00564779j
26-04-03-07 #-----------------------------------------#
26-04-03-07 [Step  54] logΨ: mean=3.119+1.136j | min=0.281-1.939j | max=3.445+2.532j
26-04-03-07 梯度监控 | raw=73.2859 | natural=0.0110 | clipped=0.0110(上限20.0)
26-04-03-07 原始规范坐标 G(Re Σrow_mean) = +13.4274 | 累计|g| = 8.9099
26-04-03-07 Ψ矩阵条件数 cond(Ψ) = 2.05e+01
26-04-03-07 Loss=-5.425409 | E0=-2.74145215+0.00045167j | E1=-1.40116327+0.00000001j|E2=-0.94575280-0.00019269j|E3=-0.33704098-0.00517021j
26-04-03-07 #-----------------------------------------#
26-04-03-07 [Step  55] logΨ: mean=3.225+1.098j | min=-0.294+2.587j | max=3.491+2.465j
26-04-03-07 梯度监控 | raw=2.7501 | natural=0.0983 | clipped=0.0983(上限20.0)
26-04-03-07 原始规范坐标 G(Re Σrow_mean) = +13.4777 | 累计|g| = 8.9099
26-04-03-07 Ψ矩阵条件数 cond(Ψ) = 1.76e+01
26-04-03-07 Loss=-5.533462 | E0=-2.85827137-0.00068193j | E1=-1.38941859-0.00919472j|E2=-0.94140003+0.00618803j|E3=-0.34437187-0.00704116j
26-04-03-07 #-----------------------------------------#
26-04-03-07 [Step  56] logΨ: mean=3.361+1.296j | min=-1.106-2.568j | max=3.657+2.591j
26-04-03-07 梯度监控 | raw=3.7492 | natural=0.0896 | clipped=0.0896(上限20.0)
26-04-03-07 原始规范坐标 G(Re Σrow_mean) = +13.5431 | 累计|g| = 8.9099
26-04-03-07 Ψ矩阵条件数 cond(Ψ) = 3.47e+01
26-04-03-07 Loss=-5.531624 | E0=-2.85905408-0.00099508j | E1=-1.38536143+0.00354012j|E2=-0.93442294-0.00152629j|E3=-0.35278548-0.00634514j
26-04-03-07 #-----------------------------------------#
26-04-03-07 [Step  57] logΨ: mean=3.603+1.087j | min=-0.209-0.621j | max=3.899+2.452j
26-04-03-07 梯度监控 | raw=4.3170 | natural=0.0816 | clipped=0.0816(上限20.0)
26-04-03-07 原始规范坐标 G(Re Σrow_mean) = +13.6226 | 累计|g| = 8.9099
26-04-03-07 Ψ矩阵条件数 cond(Ψ) = 3.73e+01
26-04-03-07 Loss=-5.530462 | E0=-2.85626013-0.00099807j | E1=-1.39110753-0.00213056j|E2=-0.93346557+0.00186709j|E3=-0.34962904-0.00659353j
26-04-03-07 #-----------------------------------------#
26-04-03-07 [Step  58] logΨ: mean=3.760+1.023j | min=0.632+2.702j | max=4.024+2.469j
26-04-03-07 梯度监控 | raw=3.3336 | natural=0.0450 | clipped=0.0450(上限20.0)
26-04-03-07 原始规范坐标 G(Re Σrow_mean) = +13.7033 | 累计|g| = 8.9099
26-04-03-07 Ψ矩阵条件数 cond(Ψ) = 2.63e+01
26-04-03-07 Loss=-5.547288 | E0=-2.85796821-0.00087735j | E1=-1.39563814+0.00115800j|E2=-0.94189343-0.00057274j|E3=-0.35178778-0.00553907j
26-04-03-07 #-----------------------------------------#
26-04-03-07 [Step  59] logΨ: mean=4.106+1.084j | min=-0.855-0.346j | max=4.430+2.386j
26-04-03-07 梯度监控 | raw=5.8120 | natural=0.1399 | clipped=0.1399(上限20.0)
26-04-03-07 原始规范坐标 G(Re Σrow_mean) = +14.3753 | 累计|g| = 8.9099
26-04-03-07 Ψ矩阵条件数 cond(Ψ) = 1.71e+01
26-04-03-07 Loss=-5.527657 | E0=-2.85356211-0.00106417j | E1=-1.38505128-0.00166122j|E2=-0.93560547+0.00099902j|E3=-0.35343773-0.00054660j
26-04-03-07 #-----------------------------------------#
26-04-03-07 [保存] Step 59 → pickle 文件已更新 (60 条记录)
26-04-03-07 [GaugeReset@60] 吸收 Δg = Σ Re(col_mean) = +14.3753 | 新|g| = 7.7268
26-04-03-07 [Step  60] logΨ: mean=7.089+1.199j | min=1.611-0.050j | max=7.410+2.442j
26-04-03-07 梯度监控 | raw=6.2013 | natural=0.2020 | clipped=0.2020(上限20.0)
26-04-03-07 原始规范坐标 G(Re Σrow_mean) = +14.7156 | 累计|g| = 7.7268
26-04-03-07 Ψ矩阵条件数 cond(Ψ) = 8.04e+01
26-04-03-07 Loss=-5.512821 | E0=-2.85560125-0.00060362j | E1=-1.38843183-0.01400210j|E2=-0.93468607+0.00890239j|E3=-0.33410177-0.00648204j
26-04-03-07 #-----------------------------------------#
26-04-03-08 [Step  61] logΨ: mean=7.630+1.042j | min=1.175-1.460j | max=7.990+2.495j
26-04-03-08 梯度监控 | raw=4.5082 | natural=0.1518 | clipped=0.1518(上限20.0)
26-04-03-08 原始规范坐标 G(Re Σrow_mean) = +14.9222 | 累计|g| = 7.7268
26-04-03-08 Ψ矩阵条件数 cond(Ψ) = 1.46e+02
26-04-03-08 Loss=-5.487823 | E0=-2.85600889-0.00066389j | E1=-1.38292972-0.00578680j|E2=-0.93068744+0.01001373j|E3=-0.31819726-0.00331861j
26-04-03-08 #-----------------------------------------#
26-04-03-08 [Step  62] logΨ: mean=7.456+0.437j | min=2.574-0.933j | max=7.830+1.915j
26-04-03-08 梯度监控 | raw=5.3120 | natural=0.2608 | clipped=0.2608(上限20.0)
26-04-03-08 原始规范坐标 G(Re Σrow_mean) = +14.8076 | 累计|g| = 7.7268
26-04-03-08 Ψ矩阵条件数 cond(Ψ) = 7.22e+01
26-04-03-08 Loss=-5.503683 | E0=-2.85642438-0.00061543j | E1=-1.38664394+0.00285737j|E2=-0.93423470-0.00091275j|E3=-0.32638003+0.00102378j
26-04-03-08 #-----------------------------------------#
26-04-03-08 [Step  63] logΨ: mean=7.889+0.468j | min=3.497+0.684j | max=8.236+1.853j
26-04-03-08 梯度监控 | raw=5.4570 | natural=0.0995 | clipped=0.0995(上限20.0)
26-04-03-08 原始规范坐标 G(Re Σrow_mean) = +14.9699 | 累计|g| = 7.7268
26-04-03-08 Ψ矩阵条件数 cond(Ψ) = 5.56e+01
26-04-03-08 Loss=-5.503121 | E0=-2.85405309-0.00045000j | E1=-1.39483657-0.00133068j|E2=-0.93420337+0.00005793j|E3=-0.32002814-0.00148992j
26-04-03-08 #-----------------------------------------#
26-04-03-08 [Step  64] logΨ: mean=7.774+0.383j | min=3.315-0.418j | max=8.154+1.873j
26-04-03-08 梯度监控 | raw=5.7673 | natural=0.0761 | clipped=0.0761(上限20.0)
26-04-03-08 原始规范坐标 G(Re Σrow_mean) = +14.7468 | 累计|g| = 7.7268
26-04-03-08 Ψ矩阵条件数 cond(Ψ) = 5.18e+01
26-04-03-08 Loss=-5.507491 | E0=-2.85618426-0.00039087j | E1=-1.38749120+0.00261641j|E2=-0.93139304-0.00243099j|E3=-0.33242213-0.00046873j
26-04-03-08 #-----------------------------------------#
26-04-03-08 [Step  65] logΨ: mean=8.283+0.293j | min=3.063-0.351j | max=8.682+1.933j
26-04-03-08 梯度监控 | raw=5.5424 | natural=0.2845 | clipped=0.2845(上限20.0)
26-04-03-08 原始规范坐标 G(Re Σrow_mean) = +14.3559 | 累计|g| = 7.7268
26-04-03-08 Ψ矩阵条件数 cond(Ψ) = 2.50e+01
26-04-03-08 Loss=-5.494724 | E0=-2.85401888-0.00034490j | E1=-1.38652102-0.00082947j|E2=-0.92321692+0.00366994j|E3=-0.33096678+0.00228424j
26-04-03-08 #-----------------------------------------#
26-04-03-08 [Step  66] logΨ: mean=8.841+0.235j | min=4.859+0.497j | max=9.158+1.897j
26-04-03-08 梯度监控 | raw=5.7669 | natural=0.0725 | clipped=0.0725(上限20.0)
26-04-03-08 原始规范坐标 G(Re Σrow_mean) = +14.4746 | 累计|g| = 7.7268
26-04-03-08 Ψ矩阵条件数 cond(Ψ) = 2.65e+01
26-04-03-08 Loss=-5.511578 | E0=-2.85535263-0.00039709j | E1=-1.39256332+0.00131303j|E2=-0.93581140-0.00100042j|E3=-0.32785107+0.00544531j
26-04-03-08 #-----------------------------------------#
26-04-03-08 [Step  67] logΨ: mean=9.200+1.183j | min=3.488-0.564j | max=9.473+2.807j
26-04-03-08 梯度监控 | raw=4.7650 | natural=0.1244 | clipped=0.1244(上限20.0)
26-04-03-08 原始规范坐标 G(Re Σrow_mean) = +14.5590 | 累计|g| = 7.7268
26-04-03-08 Ψ矩阵条件数 cond(Ψ) = 2.23e+01
26-04-03-08 Loss=-5.523998 | E0=-2.85592877-0.00031008j | E1=-1.39785136+0.00040336j|E2=-0.94231464-0.00056603j|E3=-0.32790320+0.00341399j
26-04-03-08 #-----------------------------------------#
26-04-03-08 [Step  68] logΨ: mean=9.665+0.873j | min=4.816-2.502j | max=9.904+2.749j
26-04-03-08 梯度监控 | raw=6.2201 | natural=0.0568 | clipped=0.0568(上限20.0)
26-04-03-08 原始规范坐标 G(Re Σrow_mean) = +14.6753 | 累计|g| = 7.7268
26-04-03-08 Ψ矩阵条件数 cond(Ψ) = 2.12e+01
26-04-03-08 Loss=-5.536057 | E0=-2.85505941+0.00044104j | E1=-1.39864244-0.00033085j|E2=-0.94137812-0.00015697j|E3=-0.34097657+0.00525811j
26-04-03-08 #-----------------------------------------#
26-04-03-08 [Step  69] logΨ: mean=9.183+0.446j | min=3.905-0.972j | max=9.483+2.163j
26-04-03-08 梯度监控 | raw=3.9818 | natural=0.1766 | clipped=0.1766(上限20.0)
26-04-03-08 原始规范坐标 G(Re Σrow_mean) = +14.6378 | 累计|g| = 7.7268
26-04-03-08 Ψ矩阵条件数 cond(Ψ) = 1.68e+01
26-04-03-08 Loss=-5.528503 | E0=-2.85576714+0.00033172j | E1=-1.39876080+0.00057955j|E2=-0.94334679-0.00067058j|E3=-0.33062804+0.00617720j
26-04-03-08 #-----------------------------------------#
26-04-03-08 [GaugeReset@70] 吸收 Δg = Σ Re(col_mean) = +14.6378 | 新|g| = 7.5144
26-04-03-08 [Step  70] logΨ: mean=9.351+0.721j | min=6.733+3.026j | max=9.560+2.886j
26-04-03-08 梯度监控 | raw=6.1222 | natural=0.0229 | clipped=0.0229(上限20.0)
26-04-03-08 原始规范坐标 G(Re Σrow_mean) = +14.7977 | 累计|g| = 7.5144
26-04-03-08 Ψ矩阵条件数 cond(Ψ) = 1.72e+01
26-04-03-08 Loss=-5.544170 | E0=-2.85618057+0.00049729j | E1=-1.40053961+0.00008887j|E2=-0.94503814-0.00023550j|E3=-0.34241188+0.00201094j
26-04-03-08 #-----------------------------------------#
26-04-03-08 [Step  71] logΨ: mean=9.895+0.595j | min=3.055+2.039j | max=10.203+2.829j
26-04-03-08 梯度监控 | raw=8.6919 | natural=0.5578 | clipped=0.5578(上限20.0)
26-04-03-08 原始规范坐标 G(Re Σrow_mean) = +14.9916 | 累计|g| = 7.5144
26-04-03-08 Ψ矩阵条件数 cond(Ψ) = 1.80e+01
26-04-03-08 Loss=-5.515423 | E0=-2.85447074+0.00012018j | E1=-1.39641240-0.00167639j|E2=-0.91882054+0.01014325j|E3=-0.34571970+0.00440256j
26-04-03-08 #-----------------------------------------#
26-04-03-08 [Step  72] logΨ: mean=9.699-0.600j | min=5.940+1.036j | max=9.925+0.566j
26-04-03-08 梯度监控 | raw=6.1459 | natural=0.0397 | clipped=0.0397(上限20.0)
26-04-03-08 原始规范坐标 G(Re Σrow_mean) = +14.9610 | 累计|g| = 7.5144
26-04-03-08 Ψ矩阵条件数 cond(Ψ) = 1.75e+01
26-04-03-08 Loss=-5.544242 | E0=-2.85579094+0.00008347j | E1=-1.40018984-0.00021832j|E2=-0.94473568+0.00013893j|E3=-0.34352535+0.00256123j
26-04-03-08 #-----------------------------------------#
26-04-03-08 [Step  73] logΨ: mean=10.054-0.644j | min=5.329+1.549j | max=10.325+0.595j
26-04-03-08 梯度监控 | raw=4.9768 | natural=0.1479 | clipped=0.1479(上限20.0)
26-04-03-08 原始规范坐标 G(Re Σrow_mean) = +15.1409 | 累计|g| = 7.5144
26-04-03-08 Ψ矩阵条件数 cond(Ψ) = 1.84e+01
26-04-03-08 Loss=-5.541431 | E0=-2.85402964+0.00078393j | E1=-1.39861631-0.00067303j|E2=-0.94269489+0.00047261j|E3=-0.34609041+0.00114571j
26-04-03-08 #-----------------------------------------#
26-04-03-08 [Step  74] logΨ: mean=10.373-0.708j | min=4.039-2.437j | max=10.665+0.573j
26-04-03-08 梯度监控 | raw=3.2208 | natural=0.2346 | clipped=0.2346(上限20.0)
26-04-03-08 原始规范坐标 G(Re Σrow_mean) = +15.3786 | 累计|g| = 7.5144
26-04-03-08 Ψ矩阵条件数 cond(Ψ) = 1.73e+01
26-04-03-08 Loss=-5.542337 | E0=-2.85558806+0.00064614j | E1=-1.39832994-0.00134641j|E2=-0.94065532+0.00113949j|E3=-0.34776325+0.00158099j
26-04-03-08 #-----------------------------------------#
26-04-03-08 [Step  75] logΨ: mean=10.680-0.823j | min=6.640+0.914j | max=10.921+0.446j
26-04-03-08 梯度监控 | raw=6.4860 | natural=0.0151 | clipped=0.0151(上限20.0)
26-04-03-08 原始规范坐标 G(Re Σrow_mean) = +15.4628 | 累计|g| = 7.5144
26-04-03-08 Ψ矩阵条件数 cond(Ψ) = 1.55e+01
26-04-03-08 Loss=-5.546217 | E0=-2.85552098+0.00049153j | E1=-1.39799002+0.00029290j|E2=-0.94147066-0.00039194j|E3=-0.35123521+0.00205970j
26-04-03-08 #-----------------------------------------#
26-04-03-08 [Step  76] logΨ: mean=10.890-1.032j | min=7.714+0.302j | max=11.089+0.193j
26-04-03-08 梯度监控 | raw=6.6998 | natural=0.0137 | clipped=0.0137(上限20.0)
26-04-03-08 原始规范坐标 G(Re Σrow_mean) = +15.5655 | 累计|g| = 7.5144
26-04-03-08 Ψ矩阵条件数 cond(Ψ) = 1.72e+01
26-04-03-08 Loss=-5.551145 | E0=-2.85549661+0.00037229j | E1=-1.40062800+0.00009070j|E2=-0.94516935-0.00018074j|E3=-0.34985128+0.00165084j
26-04-03-08 #-----------------------------------------#
26-04-03-08 [Step  77] logΨ: mean=10.318-0.524j | min=5.553+3.059j | max=10.631+0.641j
26-04-03-08 梯度监控 | raw=4.6840 | natural=0.2068 | clipped=0.2068(上限20.0)
26-04-03-08 原始规范坐标 G(Re Σrow_mean) = +15.4459 | 累计|g| = 7.5144
26-04-03-08 Ψ矩阵条件数 cond(Ψ) = 1.58e+01
26-04-03-08 Loss=-5.560150 | E0=-2.85560832+0.00024539j | E1=-1.40065607-0.00033462j|E2=-0.94549916+0.00024862j|E3=-0.35838623+0.00749110j
26-04-03-08 #-----------------------------------------#
26-04-03-08 [Step  78] logΨ: mean=10.329-0.666j | min=9.092-1.803j | max=10.665+0.539j
26-04-03-08 梯度监控 | raw=11.4896 | natural=0.0073 | clipped=0.0073(上限20.0)
26-04-03-08 原始规范坐标 G(Re Σrow_mean) = +15.4634 | 累计|g| = 7.5144
26-04-03-08 Ψ矩阵条件数 cond(Ψ) = 1.58e+01
26-04-03-08 Loss=-5.568438 | E0=-2.85565492+0.00078153j | E1=-1.40116331-0.00000000j|E2=-0.94605860-0.00008293j|E3=-0.36556164+0.00312965j
26-04-03-08 #-----------------------------------------#
26-04-03-08 [Step  79] logΨ: mean=10.043-0.047j | min=7.058-2.455j | max=10.278+1.099j
26-04-03-08 梯度监控 | raw=8.9254 | natural=0.0405 | clipped=0.0405(上限20.0)
26-04-03-08 原始规范坐标 G(Re Σrow_mean) = +15.4146 | 累计|g| = 7.5144
26-04-03-08 Ψ矩阵条件数 cond(Ψ) = 1.63e+01
26-04-03-08 Loss=-5.558622 | E0=-2.85567360+0.00070087j | E1=-1.40116329-0.00000001j|E2=-0.94605371-0.00008638j|E3=-0.35573129+0.00029261j
26-04-03-08 #-----------------------------------------#
26-04-03-08 [保存] Step 79 → pickle 文件已更新 (80 条记录)
26-04-03-08 [GaugeReset@80] 吸收 Δg = Σ Re(col_mean) = +15.4146 | 新|g| = 7.8661
26-04-03-08 [Step  80] logΨ: mean=10.489-0.060j | min=5.242-2.881j | max=10.769+1.171j
26-04-03-08 梯度监控 | raw=6.0133 | natural=0.1855 | clipped=0.1855(上限20.0)
26-04-03-08 原始规范坐标 G(Re Σrow_mean) = +15.7659 | 累计|g| = 7.8661
26-04-03-08 Ψ矩阵条件数 cond(Ψ) = 1.70e+01
26-04-03-08 Loss=-5.559243 | E0=-2.85560871+0.00102935j | E1=-1.40116328-0.00000001j|E2=-0.94610674-0.00010026j|E3=-0.35636469-0.00351074j
26-04-03-08 #-----------------------------------------#
26-04-03-08 [Step  81] logΨ: mean=10.637+0.051j | min=6.515+2.142j | max=10.853+1.179j
26-04-03-08 梯度监控 | raw=8.1466 | natural=0.0127 | clipped=0.0127(上限20.0)
26-04-03-08 原始规范坐标 G(Re Σrow_mean) = +15.8507 | 累计|g| = 7.8661
26-04-03-08 Ψ矩阵条件数 cond(Ψ) = 1.66e+01
26-04-03-08 Loss=-5.561605 | E0=-2.85534306+0.00090094j | E1=-1.40071173-0.00011466j|E2=-0.94556363+0.00005326j|E3=-0.35998673+0.00020479j
26-04-03-08 #-----------------------------------------#
26-04-03-08 [Step  82] logΨ: mean=11.374-0.180j | min=6.887-1.759j | max=11.660+0.927j
26-04-03-08 梯度监控 | raw=9.3351 | natural=0.1627 | clipped=0.1627(上限20.0)
26-04-03-08 原始规范坐标 G(Re Σrow_mean) = +16.0773 | 累计|g| = 7.8661
26-04-03-08 Ψ矩阵条件数 cond(Ψ) = 1.94e+01
26-04-03-08 Loss=-5.558661 | E0=-2.85033953+0.00097689j | E1=-1.40116324+0.00000001j|E2=-0.94608110-0.00003260j|E3=-0.36107714+0.00160235j
26-04-03-08 #-----------------------------------------#
26-04-03-08 [Step  83] logΨ: mean=10.968-0.796j | min=6.602-3.064j | max=11.222+0.233j
26-04-03-08 梯度监控 | raw=7.5654 | natural=0.0281 | clipped=0.0281(上限20.0)
26-04-03-08 原始规范坐标 G(Re Σrow_mean) = +15.9507 | 累计|g| = 7.8661
26-04-03-08 Ψ矩阵条件数 cond(Ψ) = 1.91e+01
26-04-03-08 Loss=-5.566457 | E0=-2.85534239+0.00072085j | E1=-1.40116331-0.00000000j|E2=-0.94608411-0.00000368j|E3=-0.36386675+0.00176522j
26-04-03-08 #-----------------------------------------#
26-04-03-08 [Step  84] logΨ: mean=10.960-0.849j | min=9.760-2.932j | max=11.215+0.169j
26-04-03-08 梯度监控 | raw=9.0886 | natural=0.0048 | clipped=0.0048(上限20.0)
26-04-03-08 原始规范坐标 G(Re Σrow_mean) = +15.9589 | 累计|g| = 7.8661
26-04-03-08 Ψ矩阵条件数 cond(Ψ) = 1.91e+01
26-04-03-08 Loss=-5.570734 | E0=-2.85608044+0.00079238j | E1=-1.40116327+0.00000001j|E2=-0.94608911-0.00000278j|E3=-0.36740141+0.00235457j
26-04-03-08 #-----------------------------------------#
26-04-03-08 [Step  85] logΨ: mean=10.945-0.968j | min=9.762-2.988j | max=11.205+0.110j
26-04-03-08 梯度监控 | raw=9.0600 | natural=0.0045 | clipped=0.0045(上限20.0)
26-04-03-08 原始规范坐标 G(Re Σrow_mean) = +15.9583 | 累计|g| = 7.8661
26-04-03-08 Ψ矩阵条件数 cond(Ψ) = 1.92e+01
26-04-03-08 Loss=-5.569466 | E0=-2.85612388+0.00072365j | E1=-1.40116323+0.00000002j|E2=-0.94608884-0.00000322j|E3=-0.36608957+0.00148792j
26-04-03-08 #-----------------------------------------#
26-04-03-08 [Step  86] logΨ: mean=11.171-0.477j | min=6.717+1.541j | max=11.451+0.408j
26-04-03-08 梯度监控 | raw=14.7177 | natural=0.1004 | clipped=0.1004(上限20.0)
26-04-03-08 原始规范坐标 G(Re Σrow_mean) = +16.0278 | 累计|g| = 7.8661
26-04-03-08 Ψ矩阵条件数 cond(Ψ) = 1.87e+01
26-04-03-08 Loss=-5.550406 | E0=-2.84288142+0.00078510j | E1=-1.40116329+0.00000001j|E2=-0.94608709-0.00000350j|E3=-0.36027391+0.00107232j
26-04-03-08 #-----------------------------------------#
26-04-03-08 [Step  87] logΨ: mean=11.124-0.643j | min=6.736+0.125j | max=11.390+0.317j
26-04-03-08 梯度监控 | raw=5.8466 | natural=0.1046 | clipped=0.1046(上限20.0)
26-04-03-08 原始规范坐标 G(Re Σrow_mean) = +15.9970 | 累计|g| = 7.8661
26-04-03-08 Ψ矩阵条件数 cond(Ψ) = 1.88e+01
26-04-03-08 Loss=-5.565577 | E0=-2.85593300+0.00052153j | E1=-1.40046448-0.00001781j|E2=-0.94556758+0.00002947j|E3=-0.36361212+0.00240433j
26-04-03-08 #-----------------------------------------#
26-04-03-08 [Step  88] logΨ: mean=11.384-0.516j | min=7.115-1.795j | max=11.612+0.283j
26-04-03-08 梯度监控 | raw=7.7040 | natural=0.0119 | clipped=0.0119(上限20.0)
26-04-03-08 原始规范坐标 G(Re Σrow_mean) = +16.0609 | 累计|g| = 7.8661
26-04-03-08 Ψ矩阵条件数 cond(Ψ) = 1.90e+01
26-04-03-08 Loss=-5.569439 | E0=-2.85463869+0.00094802j | E1=-1.40116326-0.00000000j|E2=-0.94609671-0.00000760j|E3=-0.36754068+0.00125513j
26-04-03-08 #-----------------------------------------#
26-04-03-08 [Step  89] logΨ: mean=11.892+1.004j | min=8.096-2.434j | max=12.124+1.765j
26-04-03-08 梯度监控 | raw=8.0595 | natural=0.0603 | clipped=0.0603(上限20.0)
26-04-03-08 原始规范坐标 G(Re Σrow_mean) = +16.1469 | 累计|g| = 7.8661
26-04-03-08 Ψ矩阵条件数 cond(Ψ) = 1.87e+01
26-04-03-08 Loss=-5.571502 | E0=-2.85603010+0.00072719j | E1=-1.40116326+0.00000001j|E2=-0.94609578-0.00000673j|E3=-0.36821322+0.00226498j
26-04-03-08 #-----------------------------------------#
26-04-03-08 [GaugeReset@90] 吸收 Δg = Σ Re(col_mean) = +16.1469 | 新|g| = 8.2061
26-04-03-08 [Step  90] logΨ: mean=11.002-0.233j | min=7.290-0.168j | max=11.234+0.588j
26-04-03-08 梯度监控 | raw=6.5050 | natural=0.0241 | clipped=0.0241(上限20.0)
26-04-03-08 原始规范坐标 G(Re Σrow_mean) = +16.1299 | 累计|g| = 8.2061
26-04-03-08 Ψ矩阵条件数 cond(Ψ) = 3.78e+01
26-04-03-08 Loss=-5.565806 | E0=-2.85483534+0.00046365j | E1=-1.40116329+0.00000000j|E2=-0.94608986-0.00000883j|E3=-0.36371718+0.00327293j
26-04-03-08 #-----------------------------------------#
26-04-03-08 [Step  91] logΨ: mean=11.001-0.452j | min=9.691-2.569j | max=11.225+0.482j
26-04-03-08 梯度监控 | raw=7.8405 | natural=0.0040 | clipped=0.0040(上限20.0)
26-04-03-08 原始规范坐标 G(Re Σrow_mean) = +16.1230 | 累计|g| = 8.2061
26-04-03-08 Ψ矩阵条件数 cond(Ψ) = 1.70e+01
26-04-03-08 Loss=-5.572037 | E0=-2.85551255+0.00058686j | E1=-1.40116330-0.00000000j|E2=-0.94609461-0.00000882j|E3=-0.36926637+0.00247205j
26-04-03-08 #-----------------------------------------#
26-04-03-08 [Step  92] logΨ: mean=10.207-0.719j | min=6.274+2.225j | max=10.435+0.174j
26-04-03-08 梯度监控 | raw=7.0231 | natural=0.0211 | clipped=0.0211(上限20.0)
26-04-03-08 原始规范坐标 G(Re Σrow_mean) = +15.9569 | 累计|g| = 8.2061
26-04-03-08 Ψ矩阵条件数 cond(Ψ) = 3.34e+01
26-04-03-08 Loss=-5.565835 | E0=-2.85556130+0.00054842j | E1=-1.40116326+0.00000001j|E2=-0.94609345-0.00000932j|E3=-0.36301686+0.00404128j
26-04-03-08 #-----------------------------------------#
26-04-03-08 [Step  93] logΨ: mean=10.418-0.711j | min=6.979+1.222j | max=10.658+0.146j
26-04-03-08 梯度监控 | raw=8.5005 | natural=0.0124 | clipped=0.0124(上限20.0)
26-04-03-08 原始规范坐标 G(Re Σrow_mean) = +15.9871 | 累计|g| = 8.2061
26-04-03-08 Ψ矩阵条件数 cond(Ψ) = 1.69e+01
26-04-03-08 Loss=-5.573080 | E0=-2.85474590+0.00091771j | E1=-1.40116327+0.00000000j|E2=-0.94609840-0.00000832j|E3=-0.37107199+0.00232333j
26-04-03-08 #-----------------------------------------#
26-04-03-08 [Step  94] logΨ: mean=10.577+0.065j | min=7.532+2.868j | max=10.866+2.763j
26-04-03-08 梯度监控 | raw=10.2335 | natural=0.0436 | clipped=0.0436(上限20.0)
26-04-03-08 原始规范坐标 G(Re Σrow_mean) = +16.0654 | 累计|g| = 8.2061
26-04-03-08 Ψ矩阵条件数 cond(Ψ) = 1.67e+01
26-04-03-08 Loss=-5.578527 | E0=-2.85612876+0.00066985j | E1=-1.40116330-0.00000000j|E2=-0.94609662-0.00000879j|E3=-0.37513855+0.00220603j
26-04-03-08 #-----------------------------------------#
26-04-03-08 [Step  95] logΨ: mean=10.737+0.912j | min=7.069+0.883j | max=11.014+1.922j
26-04-03-08 梯度监控 | raw=9.7887 | natural=0.1709 | clipped=0.1709(上限20.0)
26-04-03-08 原始规范坐标 G(Re Σrow_mean) = +16.0772 | 累计|g| = 8.2061
26-04-03-08 Ψ矩阵条件数 cond(Ψ) = 1.72e+01
26-04-03-08 Loss=-5.572035 | E0=-2.85597996+0.00013022j | E1=-1.40116331+0.00000000j|E2=-0.94609463-0.00001292j|E3=-0.36879697+0.00332312j
26-04-03-08 #-----------------------------------------#
26-04-03-08 [Step  96] logΨ: mean=11.096+0.926j | min=6.402+2.255j | max=11.381+1.910j
26-04-03-08 梯度监控 | raw=11.2128 | natural=0.0120 | clipped=0.0120(上限20.0)
26-04-03-08 原始规范坐标 G(Re Σrow_mean) = +16.2531 | 累计|g| = 8.2061
26-04-03-08 Ψ矩阵条件数 cond(Ψ) = 1.70e+01
26-04-03-08 Loss=-5.567475 | E0=-2.85219551+0.00043636j | E1=-1.40057474+0.00013459j|E2=-0.94543515-0.00005717j|E3=-0.36926965-0.00059452j
26-04-03-08 #-----------------------------------------#
26-04-03-08 [Step  97] logΨ: mean=9.333+1.546j | min=5.248-0.690j | max=9.621+2.518j
26-04-03-08 梯度监控 | raw=10.9770 | natural=0.2341 | clipped=0.2341(上限20.0)
26-04-03-08 原始规范坐标 G(Re Σrow_mean) = +15.7398 | 累计|g| = 8.2061
26-04-03-08 Ψ矩阵条件数 cond(Ψ) = 2.92e+01
26-04-03-08 Loss=-5.562801 | E0=-2.85543970+0.00029326j | E1=-1.40116326+0.00000000j|E2=-0.94613948-0.00002900j|E3=-0.36005871+0.00206674j
26-04-03-08 #-----------------------------------------#
26-04-03-08 [Step  98] logΨ: mean=9.585+1.510j | min=5.383+0.251j | max=9.840+2.509j
26-04-03-08 梯度监控 | raw=10.1439 | natural=0.0089 | clipped=0.0089(上限20.0)
26-04-03-08 原始规范坐标 G(Re Σrow_mean) = +15.7951 | 累计|g| = 8.2061
26-04-03-08 Ψ矩阵条件数 cond(Ψ) = 1.67e+01
26-04-03-08 Loss=-5.569831 | E0=-2.85067396+0.00138344j | E1=-1.40116329+0.00000001j|E2=-0.94618049-0.00004440j|E3=-0.37181279-0.00147498j
26-04-03-08 #-----------------------------------------#
26-04-03-08 [Step  99] logΨ: mean=9.523+1.264j | min=8.440-0.529j | max=9.839+2.457j
26-04-03-08 梯度监控 | raw=9.1703 | natural=0.0022 | clipped=0.0022(上限20.0)
26-04-03-08 原始规范坐标 G(Re Σrow_mean) = +15.7290 | 累计|g| = 8.2061
26-04-03-08 Ψ矩阵条件数 cond(Ψ) = 2.06e+01
26-04-03-08 Loss=-5.583681 | E0=-2.85556846+0.00098180j | E1=-1.40116332-0.00000001j|E2=-0.94618358-0.00004186j|E3=-0.38076541+0.00234227j
26-04-03-08 #-----------------------------------------#
26-04-03-08 [保存] Step 99 → pickle 文件已更新 (100 条记录)
26-04-03-08 [GaugeReset@100] 吸收 Δg = Σ Re(col_mean) = +15.7290 | 新|g| = 8.0491
26-04-03-08 [Step 100] logΨ: mean=9.651+1.479j | min=6.637-0.948j | max=9.936+2.503j
26-04-03-08 梯度监控 | raw=8.7224 | natural=0.0127 | clipped=0.0127(上限20.0)
26-04-03-08 原始规范坐标 G(Re Σrow_mean) = +15.6704 | 累计|g| = 8.0491
26-04-03-08 Ψ矩阵条件数 cond(Ψ) = 1.67e+01
26-04-03-08 Loss=-5.580353 | E0=-2.85559596+0.00096339j | E1=-1.40116326-0.00000001j|E2=-0.94618201-0.00004299j|E3=-0.37741187+0.00073755j
26-04-03-08 #-----------------------------------------#
26-04-03-08 [Step 101] logΨ: mean=9.412+1.274j | min=5.078+2.756j | max=9.650+2.295j
26-04-03-08 梯度监控 | raw=7.1924 | natural=0.0544 | clipped=0.0544(上限20.0)
26-04-03-08 原始规范坐标 G(Re Σrow_mean) = +15.5561 | 累计|g| = 8.0491
26-04-03-08 Ψ矩阵条件数 cond(Ψ) = 1.75e+01
26-04-03-08 Loss=-5.577430 | E0=-2.85294758+0.00150487j | E1=-1.40116326+0.00000000j|E2=-0.94618214-0.00004276j|E3=-0.37713680-0.00038477j
26-04-03-08 #-----------------------------------------#
26-04-03-08 [Step 102] logΨ: mean=10.939+0.668j | min=6.751+2.156j | max=11.221+1.663j
26-04-03-08 梯度监控 | raw=6.2699 | natural=0.0715 | clipped=0.0715(上限20.0)
26-04-03-08 原始规范坐标 G(Re Σrow_mean) = +16.0129 | 累计|g| = 8.0491
26-04-03-08 Ψ矩阵条件数 cond(Ψ) = 1.99e+01
26-04-03-08 Loss=-5.571375 | E0=-2.85544699+0.00117611j | E1=-1.39999174+0.00038343j|E2=-0.94523818-0.00023528j|E3=-0.37069772-0.00021609j
26-04-03-08 #-----------------------------------------#
26-04-03-08 [Step 103] logΨ: mean=9.715+1.344j | min=5.377-1.285j | max=9.997+2.236j
26-04-03-08 梯度监控 | raw=1.8917 | natural=0.0498 | clipped=0.0498(上限20.0)
26-04-03-08 原始规范坐标 G(Re Σrow_mean) = +15.6743 | 累计|g| = 8.0491
26-04-03-08 Ψ矩阵条件数 cond(Ψ) = 1.87e+01
26-04-03-08 Loss=-5.577368 | E0=-2.85539023+0.00017162j | E1=-1.40116326+0.00000000j|E2=-0.94615057-0.00003094j|E3=-0.37466417-0.00016252j
26-04-03-08 #-----------------------------------------#
26-04-03-08 [Step 104] logΨ: mean=9.769+1.326j | min=5.319+2.256j | max=9.990+2.184j
26-04-03-08 梯度监控 | raw=2.7803 | natural=0.0128 | clipped=0.0128(上限20.0)
26-04-03-08 原始规范坐标 G(Re Σrow_mean) = +15.6716 | 累计|g| = 8.0491
26-04-03-08 Ψ矩阵条件数 cond(Ψ) = 1.81e+01
26-04-03-08 Loss=-5.578713 | E0=-2.85558068+0.00095998j | E1=-1.39899150+0.00075226j|E2=-0.94460168-0.00054034j|E3=-0.37953944-0.00009188j
26-04-03-08 #-----------------------------------------#
26-04-03-08 [Step 105] logΨ: mean=8.807+1.745j | min=4.710+0.671j | max=9.119+2.885j
26-04-03-08 梯度监控 | raw=6.2389 | natural=0.1481 | clipped=0.1481(上限20.0)
26-04-03-08 原始规范坐标 G(Re Σrow_mean) = +15.4377 | 累计|g| = 8.0491
26-04-03-08 Ψ矩阵条件数 cond(Ψ) = 2.16e+01
26-04-03-08 Loss=-5.565416 | E0=-2.85495374+0.00106155j | E1=-1.40116327+0.00000000j|E2=-0.94618986-0.00003045j|E3=-0.36310908-0.00307651j
26-04-03-08 #-----------------------------------------#
26-04-03-08 [Step 106] logΨ: mean=8.681+1.712j | min=4.256+0.484j | max=8.931+2.725j
26-04-03-08 梯度监控 | raw=2.4780 | natural=0.1991 | clipped=0.1991(上限20.0)
26-04-03-08 原始规范坐标 G(Re Σrow_mean) = +15.4159 | 累计|g| = 8.0491
26-04-03-08 Ψ矩阵条件数 cond(Ψ) = 2.77e+01
26-04-03-08 Loss=-5.575200 | E0=-2.85500530+0.00093150j | E1=-1.40093502-0.00040287j|E2=-0.94603957+0.00031094j|E3=-0.37322045+0.00401007j
26-04-03-08 #-----------------------------------------#
26-04-03-08 [Step 107] logΨ: mean=7.952-1.439j | min=2.421+2.366j | max=8.193+0.582j
26-04-03-08 梯度监控 | raw=0.8476 | natural=0.1552 | clipped=0.1552(上限20.0)
26-04-03-08 原始规范坐标 G(Re Σrow_mean) = +15.3388 | 累计|g| = 8.0491
26-04-03-08 Ψ矩阵条件数 cond(Ψ) = 2.75e+01
26-04-03-08 Loss=-5.567951 | E0=-2.85615822+0.00079812j | E1=-1.39791933+0.00055306j|E2=-0.94438426-0.00017926j|E3=-0.36948899-0.00143292j
26-04-03-08 #-----------------------------------------#
26-04-03-08 [Step 108] logΨ: mean=9.515+1.469j | min=5.321+1.449j | max=9.770+2.809j
26-04-03-08 梯度监控 | raw=2.1533 | natural=0.0811 | clipped=0.0811(上限20.0)
26-04-03-08 原始规范坐标 G(Re Σrow_mean) = +15.7878 | 累计|g| = 8.0491
26-04-03-08 Ψ矩阵条件数 cond(Ψ) = 2.83e+01
26-04-03-08 Loss=-5.573458 | E0=-2.85594179+0.00098798j | E1=-1.39928381-0.00050975j|E2=-0.94556193+0.00041446j|E3=-0.37266998+0.00076656j
26-04-03-08 #-----------------------------------------#
26-04-03-08 [Step 109] logΨ: mean=8.090+1.071j | min=4.573-1.107j | max=8.356+3.106j
26-04-03-08 梯度监控 | raw=2.4387 | natural=0.1115 | clipped=0.1115(上限20.0)
26-04-03-08 原始规范坐标 G(Re Σrow_mean) = +15.4450 | 累计|g| = 8.0491
26-04-03-08 Ψ矩阵条件数 cond(Ψ) = 5.24e+02
26-04-03-08 Loss=-5.570568 | E0=-2.85550325+0.00001593j | E1=-1.40116330-0.00000000j|E2=-0.94620446+0.00017542j|E3=-0.36769712+0.00320083j
26-04-03-08 #-----------------------------------------#
26-04-03-08 [GaugeReset@110] 吸收 Δg = Σ Re(col_mean) = +15.4450 | 新|g| = 7.9593
26-04-03-08 [Step 110] logΨ: mean=8.375-1.152j | min=2.581-2.693j | max=8.720+0.228j
26-04-03-08 梯度监控 | raw=5.4476 | natural=0.1199 | clipped=0.1199(上限20.0)
26-04-03-08 原始规范坐标 G(Re Σrow_mean) = +15.5573 | 累计|g| = 7.9593
26-04-03-08 Ψ矩阵条件数 cond(Ψ) = 3.49e+01
26-04-03-08 Loss=-5.550691 | E0=-2.85559328+0.00043061j | E1=-1.37758928-0.00334410j|E2=-0.94033055+0.00187005j|E3=-0.37717798-0.00002954j
26-04-03-08 #-----------------------------------------#
26-04-03-08 [Step 111] logΨ: mean=8.385-0.892j | min=2.772-1.278j | max=8.726+0.365j
26-04-03-08 梯度监控 | raw=8.9289 | natural=0.2818 | clipped=0.2818(上限20.0)
26-04-03-08 原始规范坐标 G(Re Σrow_mean) = +15.5554 | 累计|g| = 7.9593
26-04-03-08 Ψ矩阵条件数 cond(Ψ) = 4.16e+01
26-04-03-08 Loss=-5.587757 | E0=-2.85557355+0.00071912j | E1=-1.39259383-0.00048217j|E2=-0.94233308+0.00076571j|E3=-0.39725636+0.02147342j
26-04-03-08 #-----------------------------------------#
26-04-03-08 [Step 112] logΨ: mean=8.527-0.891j | min=4.482+0.517j | max=8.800+0.359j
26-04-03-08 梯度监控 | raw=2.7429 | natural=0.0756 | clipped=0.0756(上限20.0)
26-04-03-08 原始规范坐标 G(Re Σrow_mean) = +15.6728 | 累计|g| = 7.9593
26-04-03-08 Ψ矩阵条件数 cond(Ψ) = 4.96e+01
26-04-03-08 Loss=-5.576985 | E0=-2.85563277+0.00086698j | E1=-1.39946615+0.00039753j|E2=-0.94576672+0.00000822j|E3=-0.37611971+0.00098465j
26-04-03-08 #-----------------------------------------#
26-04-03-08 [Step 113] logΨ: mean=9.087-0.714j | min=5.511-2.450j | max=9.326+0.513j
26-04-03-08 梯度监控 | raw=3.1940 | natural=0.0736 | clipped=0.0736(上限20.0)
26-04-03-08 原始规范坐标 G(Re Σrow_mean) = +15.8443 | 累计|g| = 7.9593
26-04-03-08 Ψ矩阵条件数 cond(Ψ) = 4.87e+01
26-04-03-08 Loss=-5.580293 | E0=-2.85565911+0.00103605j | E1=-1.39926411+0.00014315j|E2=-0.94533317+0.00013823j|E3=-0.38003696+0.00128348j
26-04-03-08 #-----------------------------------------#
26-04-03-08 [Step 114] logΨ: mean=9.471-0.351j | min=5.047-1.638j | max=9.755+0.796j
26-04-03-08 梯度监控 | raw=0.7683 | natural=0.1582 | clipped=0.1582(上限20.0)
26-04-03-08 原始规范坐标 G(Re Σrow_mean) = +16.0055 | 累计|g| = 7.9593
26-04-03-08 Ψ矩阵条件数 cond(Ψ) = 5.36e+01
26-04-03-08 Loss=-5.575357 | E0=-2.85538778+0.00074910j | E1=-1.40087536+0.00010618j|E2=-0.94623055+0.00006141j|E3=-0.37286325+0.00009600j
26-04-03-08 #-----------------------------------------#
26-04-03-08 [Step 115] logΨ: mean=9.393-0.057j | min=4.847+1.376j | max=9.694+0.829j
26-04-03-08 梯度监控 | raw=5.6923 | natural=0.1027 | clipped=0.1027(上限20.0)
26-04-03-08 原始规范坐标 G(Re Σrow_mean) = +15.9620 | 累计|g| = 7.9593
26-04-03-08 Ψ矩阵条件数 cond(Ψ) = 6.33e+01
26-04-03-08 Loss=-5.572923 | E0=-2.85519456+0.00090963j | E1=-1.39775736+0.00106996j|E2=-0.94527629-0.00039419j|E3=-0.37469439-0.00088490j
26-04-03-08 #-----------------------------------------#
26-04-03-08 [Step 116] logΨ: mean=9.585-0.216j | min=4.132-3.112j | max=9.915+0.833j
26-04-03-08 梯度监控 | raw=16.1751 | natural=0.2222 | clipped=0.2222(上限20.0)
26-04-03-08 原始规范坐标 G(Re Σrow_mean) = +16.0823 | 累计|g| = 7.9593
26-04-03-08 Ψ矩阵条件数 cond(Ψ) = 1.26e+02
26-04-03-08 Loss=-5.575160 | E0=-2.85362611+0.00078882j | E1=-1.39748770-0.00069145j|E2=-0.94531886+0.00054873j|E3=-0.37872714-0.00468303j
26-04-03-08 #-----------------------------------------#
26-04-03-08 [Step 117] logΨ: mean=10.264-0.309j | min=5.754+1.026j | max=10.505+0.957j
26-04-03-08 梯度监控 | raw=2.9289 | natural=0.0545 | clipped=0.0545(上限20.0)
26-04-03-08 原始规范坐标 G(Re Σrow_mean) = +16.3400 | 累计|g| = 7.9593
26-04-03-08 Ψ矩阵条件数 cond(Ψ) = 6.55e+01
26-04-03-08 Loss=-5.582168 | E0=-2.85510954+0.00094134j | E1=-1.39957932+0.00092387j|E2=-0.94573188-0.00031502j|E3=-0.38174761-0.00046328j
26-04-03-08 #-----------------------------------------#
26-04-03-08 [Step 118] logΨ: mean=10.168-1.160j | min=6.216-1.197j | max=10.447+0.286j
26-04-03-08 梯度监控 | raw=4.2450 | natural=0.0668 | clipped=0.0668(上限20.0)
26-04-03-08 原始规范坐标 G(Re Σrow_mean) = +16.3426 | 累计|g| = 7.9593
26-04-03-08 Ψ矩阵条件数 cond(Ψ) = 8.68e+01
26-04-03-08 Loss=-5.583313 | E0=-2.85507210+0.00057269j | E1=-1.39863668+0.00062391j|E2=-0.94545203-0.00024111j|E3=-0.38415268+0.00097579j
26-04-03-08 #-----------------------------------------#
26-04-03-08 [Step 119] logΨ: mean=9.365+0.908j | min=4.567+2.387j | max=9.642+2.858j
26-04-03-08 梯度监控 | raw=9.2859 | natural=0.0728 | clipped=0.0728(上限20.0)
26-04-03-08 原始规范坐标 G(Re Σrow_mean) = +16.1055 | 累计|g| = 7.9593
26-04-03-08 Ψ矩阵条件数 cond(Ψ) = 1.30e+02
26-04-03-08 Loss=-5.578163 | E0=-2.84810704+0.00087457j | E1=-1.40116327+0.00000001j|E2=-0.94620391-0.00001283j|E3=-0.38268862+0.00016914j
26-04-03-08 #-----------------------------------------#
26-04-03-08 [保存] Step 119 → pickle 文件已更新 (120 条记录)
26-04-03-08 [GaugeReset@120] 吸收 Δg = Σ Re(col_mean) = +16.1055 | 新|g| = 8.2359
26-04-03-08 [Step 120] logΨ: mean=9.088+0.901j | min=4.074-0.001j | max=9.353+2.980j
26-04-03-08 梯度监控 | raw=7.6988 | natural=0.0194 | clipped=0.0194(上限20.0)
26-04-03-08 原始规范坐标 G(Re Σrow_mean) = +16.2714 | 累计|g| = 8.2359
26-04-03-08 Ψ矩阵条件数 cond(Ψ) = 4.09e+01
26-04-03-08 Loss=-5.577282 | E0=-2.84921739+0.00096243j | E1=-1.40052308+0.00044474j|E2=-0.94549934-0.00045511j|E3=-0.38204183-0.00000580j
26-04-03-08 #-----------------------------------------#
26-04-03-08 [Step 121] logΨ: mean=9.204+0.618j | min=3.460-1.302j | max=9.467+2.613j
26-04-03-08 梯度监控 | raw=6.0797 | natural=0.1524 | clipped=0.1524(上限20.0)
26-04-03-08 原始规范坐标 G(Re Σrow_mean) = +16.2261 | 累计|g| = 8.2359
26-04-03-08 Ψ矩阵条件数 cond(Ψ) = 3.92e+01
26-04-03-08 Loss=-5.576004 | E0=-2.85498737+0.00067836j | E1=-1.40066126-0.00000240j|E2=-0.94585793+0.00004071j|E3=-0.37449724+0.00443115j
26-04-03-08 #-----------------------------------------#
26-04-03-08 [Step 122] logΨ: mean=9.376+0.928j | min=5.087+0.840j | max=9.591+2.710j
26-04-03-08 梯度监控 | raw=1.9764 | natural=0.0154 | clipped=0.0154(上限20.0)
26-04-03-08 原始规范坐标 G(Re Σrow_mean) = +16.2831 | 累计|g| = 8.2359
26-04-03-08 Ψ矩阵条件数 cond(Ψ) = 4.17e+01
26-04-03-08 Loss=-5.578573 | E0=-2.85526520+0.00071133j | E1=-1.39924638+0.00260425j|E2=-0.94260485-0.00181441j|E3=-0.38145643+0.00094682j
26-04-03-08 #-----------------------------------------#
26-04-03-08 [Step 123] logΨ: mean=9.738+0.947j | min=3.321+2.558j | max=9.966+2.773j
26-04-03-08 梯度监控 | raw=4.9251 | natural=0.0177 | clipped=0.0177(上限20.0)
26-04-03-08 原始规范坐标 G(Re Σrow_mean) = +16.4606 | 累计|g| = 8.2359
26-04-03-08 Ψ矩阵条件数 cond(Ψ) = 4.06e+01
26-04-03-08 Loss=-5.579805 | E0=-2.85179963+0.00080710j | E1=-1.40080471+0.00019082j|E2=-0.94593630-0.00017187j|E3=-0.38126408+0.00099023j
26-04-03-08 #-----------------------------------------#
26-04-03-08 [Step 124] logΨ: mean=9.438+0.995j | min=6.461-0.714j | max=9.711+2.691j
26-04-03-08 梯度监控 | raw=2.9791 | natural=0.0108 | clipped=0.0108(上限20.0)
26-04-03-08 原始规范坐标 G(Re Σrow_mean) = +16.3989 | 累计|g| = 8.2359
26-04-03-08 Ψ矩阵条件数 cond(Ψ) = 4.32e+01
26-04-03-08 Loss=-5.583390 | E0=-2.85518017+0.00058588j | E1=-1.40116328-0.00000001j|E2=-0.94619037-0.00004187j|E3=-0.38085628+0.00077232j
26-04-03-08 #-----------------------------------------#
26-04-03-08 [Step 125] logΨ: mean=9.628+0.525j | min=3.799-1.096j | max=9.874+2.645j
26-04-03-08 梯度监控 | raw=5.9586 | natural=0.1371 | clipped=0.1371(上限20.0)
26-04-03-08 原始规范坐标 G(Re Σrow_mean) = +16.4896 | 累计|g| = 8.2359
26-04-03-08 Ψ矩阵条件数 cond(Ψ) = 4.26e+01
26-04-03-08 Loss=-5.574855 | E0=-2.85219235+0.00062787j | E1=-1.40064148-0.00002316j|E2=-0.94603932+0.00004046j|E3=-0.37598173+0.00060534j
26-04-03-08 #-----------------------------------------#
26-04-03-08 [Step 126] logΨ: mean=9.728+0.341j | min=5.456+3.102j | max=9.988+2.634j
26-04-03-08 梯度监控 | raw=2.0900 | natural=0.0058 | clipped=0.0058(上限20.0)
26-04-03-08 原始规范坐标 G(Re Σrow_mean) = +16.5100 | 累计|g| = 8.2359
26-04-03-08 Ψ矩阵条件数 cond(Ψ) = 2.46e+01
26-04-03-08 Loss=-5.583757 | E0=-2.85522736+0.00056468j | E1=-1.40083727-0.00020648j|E2=-0.94584530+0.00014361j|E3=-0.38184751+0.00069640j
26-04-03-08 #-----------------------------------------#
26-04-03-08 [Step 127] logΨ: mean=11.810-0.811j | min=5.693+0.032j | max=12.104+0.116j
26-04-03-08 梯度监控 | raw=6.5624 | natural=0.2205 | clipped=0.2205(上限20.0)
26-04-03-08 原始规范坐标 G(Re Σrow_mean) = +17.1508 | 累计|g| = 8.2359
26-04-03-08 Ψ矩阵条件数 cond(Ψ) = 2.71e+01
26-04-03-08 Loss=-5.571980 | E0=-2.85528221+0.00055873j | E1=-1.39903380+0.00115249j|E2=-0.94562865-0.00083388j|E3=-0.37203581+0.00102130j
26-04-03-08 #-----------------------------------------#
26-04-03-08 [Step 128] logΨ: mean=12.465-0.195j | min=6.212-2.058j | max=12.697+0.645j
26-04-03-08 梯度监控 | raw=8.9803 | natural=0.1316 | clipped=0.1316(上限20.0)
26-04-03-08 原始规范坐标 G(Re Σrow_mean) = +17.3909 | 累计|g| = 8.2359
26-04-03-08 Ψ矩阵条件数 cond(Ψ) = 2.71e+01
26-04-03-08 Loss=-5.578704 | E0=-2.85518016+0.00043713j | E1=-1.40116330-0.00000001j|E2=-0.94613712-0.00000966j|E3=-0.37622313+0.00040294j
26-04-03-08 #-----------------------------------------#
26-04-03-09 [Step 129] logΨ: mean=12.273+0.176j | min=9.571-2.259j | max=12.529+0.983j
26-04-03-09 梯度监控 | raw=3.2523 | natural=0.0086 | clipped=0.0086(上限20.0)
26-04-03-09 原始规范坐标 G(Re Σrow_mean) = +17.3411 | 累计|g| = 8.2359
26-04-03-09 Ψ矩阵条件数 cond(Ψ) = 1.02e+02
26-04-03-09 Loss=-5.584817 | E0=-2.85509045+0.00025125j | E1=-1.40116328+0.00000002j|E2=-0.94614817+0.00001640j|E3=-0.38241512+0.00082350j
26-04-03-09 #-----------------------------------------#
26-04-03-09 [GaugeReset@130] 吸收 Δg = Σ Re(col_mean) = +17.3411 | 新|g| = 8.8633
26-04-03-09 [Step 130] logΨ: mean=10.544-0.542j | min=7.375-2.859j | max=10.800+0.333j
26-04-03-09 梯度监控 | raw=3.7515 | natural=0.0349 | clipped=0.0349(上限20.0)
26-04-03-09 原始规范坐标 G(Re Σrow_mean) = +17.2295 | 累计|g| = 8.8633
26-04-03-09 Ψ矩阵条件数 cond(Ψ) = 2.31e+01
26-04-03-09 Loss=-5.583045 | E0=-2.85499298+0.00023776j | E1=-1.40116326-0.00000001j|E2=-0.94614988+0.00001599j|E3=-0.38073913+0.00036485j
26-04-03-09 #-----------------------------------------#
26-04-03-09 [Step 131] logΨ: mean=10.613-0.605j | min=9.722-2.772j | max=10.813+0.340j
26-04-03-09 梯度监控 | raw=2.7220 | natural=0.0009 | clipped=0.0009(上限20.0)
26-04-03-09 原始规范坐标 G(Re Σrow_mean) = +17.2358 | 累计|g| = 8.8633
26-04-03-09 Ψ矩阵条件数 cond(Ψ) = 2.31e+01
26-04-03-09 Loss=-5.584078 | E0=-2.85494094+0.00038963j | E1=-1.40116327+0.00000003j|E2=-0.94615046+0.00001385j|E3=-0.38182309+0.00117724j
26-04-03-09 #-----------------------------------------#
26-04-03-09 [Step 132] logΨ: mean=12.319-0.488j | min=8.391+0.511j | max=12.518+0.356j
26-04-03-09 梯度监控 | raw=2.6177 | natural=0.0551 | clipped=0.0551(上限20.0)
26-04-03-09 原始规范坐标 G(Re Σrow_mean) = +17.7071 | 累计|g| = 8.8633
26-04-03-09 Ψ矩阵条件数 cond(Ψ) = 2.53e+01
26-04-03-09 Loss=-5.580814 | E0=-2.85494166+0.00037685j | E1=-1.40116326+0.00000003j|E2=-0.94614949+0.00001390j|E3=-0.37855971+0.00198114j
26-04-03-09 #-----------------------------------------#
26-04-03-09 [Step 133] logΨ: mean=10.727+0.300j | min=7.356-2.268j | max=10.965+2.331j
26-04-03-09 梯度监控 | raw=5.2510 | natural=0.0724 | clipped=0.0724(上限20.0)
26-04-03-09 原始规范坐标 G(Re Σrow_mean) = +17.2914 | 累计|g| = 8.8633
26-04-03-09 Ψ矩阵条件数 cond(Ψ) = 2.29e+01
26-04-03-09 Loss=-5.585742 | E0=-2.85514114+0.00007375j | E1=-1.40116325+0.00000001j|E2=-0.94614819+0.00001551j|E3=-0.38328961+0.00235084j
26-04-03-09 #-----------------------------------------#
26-04-03-09 [Step 134] logΨ: mean=10.365-0.066j | min=6.934+0.782j | max=10.623+2.381j
26-04-03-09 梯度监控 | raw=3.3420 | natural=0.0130 | clipped=0.0130(上限20.0)
26-04-03-09 原始规范坐标 G(Re Σrow_mean) = +17.1924 | 累计|g| = 8.8633
26-04-03-09 Ψ矩阵条件数 cond(Ψ) = 2.26e+01
26-04-03-09 Loss=-5.587691 | E0=-2.85542046+0.00026085j | E1=-1.40116326+0.00000000j|E2=-0.94615346+0.00001404j|E3=-0.38495355-0.00050316j
26-04-03-09 #-----------------------------------------#
26-04-03-09 [Step 135] logΨ: mean=10.540+0.188j | min=7.771+2.469j | max=10.750+2.553j
26-04-03-09 梯度监控 | raw=3.0720 | natural=0.0097 | clipped=0.0097(上限20.0)
26-04-03-09 原始规范坐标 G(Re Σrow_mean) = +17.2422 | 累计|g| = 8.8633
26-04-03-09 Ψ矩阵条件数 cond(Ψ) = 2.26e+01
26-04-03-09 Loss=-5.589273 | E0=-2.85552695+0.00041099j | E1=-1.40116327-0.00000001j|E2=-0.94615331+0.00001357j|E3=-0.38642945-0.00031593j
26-04-03-09 #-----------------------------------------#
26-04-03-09 [Step 136] logΨ: mean=10.360+0.577j | min=5.808+1.756j | max=10.596+3.008j
26-04-03-09 梯度监控 | raw=6.1932 | natural=0.0659 | clipped=0.0659(上限20.0)
26-04-03-09 原始规范坐标 G(Re Σrow_mean) = +17.1741 | 累计|g| = 8.8633
26-04-03-09 Ψ矩阵条件数 cond(Ψ) = 2.28e+01
26-04-03-09 Loss=-5.584737 | E0=-2.85542325+0.00040604j | E1=-1.40116328+0.00000002j|E2=-0.94615036+0.00001766j|E3=-0.38200011-0.00300534j
26-04-03-09 #-----------------------------------------#
26-04-03-09 [Step 137] logΨ: mean=11.014-0.450j | min=7.230-2.367j | max=11.308+0.421j
26-04-03-09 梯度监控 | raw=3.9247 | natural=0.0900 | clipped=0.0900(上限20.0)
26-04-03-09 原始规范坐标 G(Re Σrow_mean) = +17.3932 | 累计|g| = 8.8633
26-04-03-09 Ψ矩阵条件数 cond(Ψ) = 2.40e+01
26-04-03-09 Loss=-5.586394 | E0=-2.85541546+0.00068365j | E1=-1.40116327-0.00000001j|E2=-0.94615071+0.00001983j|E3=-0.38366494-0.00316570j
26-04-03-09 #-----------------------------------------#
26-04-03-09 [Step 138] logΨ: mean=11.099-0.386j | min=10.288-2.586j | max=11.321+0.452j
26-04-03-09 梯度监控 | raw=3.1560 | natural=0.0015 | clipped=0.0015(上限20.0)
26-04-03-09 原始规范坐标 G(Re Σrow_mean) = +17.4211 | 累计|g| = 8.8633
26-04-03-09 Ψ矩阵条件数 cond(Ψ) = 2.40e+01
26-04-03-09 Loss=-5.589973 | E0=-2.85533738+0.00028428j | E1=-1.40116327-0.00000002j|E2=-0.94613975+0.00002801j|E3=-0.38733266-0.00211376j
26-04-03-09 #-----------------------------------------#
26-04-03-09 [Step 139] logΨ: mean=10.814-0.037j | min=7.977-2.614j | max=11.079+0.851j
26-04-03-09 梯度监控 | raw=3.7577 | natural=0.0136 | clipped=0.0136(上限20.0)
26-04-03-09 原始规范坐标 G(Re Σrow_mean) = +17.3450 | 累计|g| = 8.8633
26-04-03-09 Ψ矩阵条件数 cond(Ψ) = 3.31e+01
26-04-03-09 Loss=-5.589140 | E0=-2.85532891+0.00028520j | E1=-1.40116324-0.00000001j|E2=-0.94614050+0.00002800j|E3=-0.38650729-0.00441371j
26-04-03-09 #-----------------------------------------#
26-04-03-09 [保存] Step 139 → pickle 文件已更新 (140 条记录)
26-04-03-09 [GaugeReset@140] 吸收 Δg = Σ Re(col_mean) = +17.3450 | 新|g| = 8.9037
26-04-03-09 [Step 140] logΨ: mean=10.554+0.650j | min=5.714-0.490j | max=10.790+1.455j
26-04-03-09 梯度监控 | raw=6.6265 | natural=0.1105 | clipped=0.1105(上限20.0)
26-04-03-09 原始规范坐标 G(Re Σrow_mean) = +17.3323 | 累计|g| = 8.9037
26-04-03-09 Ψ矩阵条件数 cond(Ψ) = 2.60e+01
26-04-03-09 Loss=-5.585722 | E0=-2.85528459+0.00048426j | E1=-1.40116329+0.00000001j|E2=-0.94612845+0.00002308j|E3=-0.38314541-0.00380946j
26-04-03-09 #-----------------------------------------#
26-04-03-09 [Step 141] logΨ: mean=9.538-0.352j | min=4.508+2.158j | max=9.789+0.556j
26-04-03-09 梯度监控 | raw=15.2681 | natural=0.1958 | clipped=0.1958(上限20.0)
26-04-03-09 原始规范坐标 G(Re Σrow_mean) = +17.1290 | 累计|g| = 8.9037
26-04-03-09 Ψ矩阵条件数 cond(Ψ) = 1.34e+02
26-04-03-09 Loss=-5.572309 | E0=-2.85352264+0.00021626j | E1=-1.40116330-0.00000002j|E2=-0.94614880+0.00005875j|E3=-0.37147402+0.00028817j
26-04-03-09 #-----------------------------------------#
26-04-03-09 [Step 142] logΨ: mean=9.464-0.357j | min=5.411-2.927j | max=9.661+0.477j
26-04-03-09 梯度监控 | raw=3.8048 | natural=0.0509 | clipped=0.0509(上限20.0)
26-04-03-09 原始规范坐标 G(Re Σrow_mean) = +17.1428 | 累计|g| = 8.9037
26-04-03-09 Ψ矩阵条件数 cond(Ψ) = 3.03e+01
26-04-03-09 Loss=-5.584892 | E0=-2.85498863+0.00055163j | E1=-1.40116329-0.00000001j|E2=-0.94616247+0.00002894j|E3=-0.38257715+0.00970124j
26-04-03-09 #-----------------------------------------#
26-04-03-09 [Step 143] logΨ: mean=8.130-0.139j | min=4.168-2.752j | max=8.374+2.150j
26-04-03-09 梯度监控 | raw=3.8092 | natural=0.1293 | clipped=0.1293(上限20.0)
26-04-03-09 原始规范坐标 G(Re Σrow_mean) = +16.7813 | 累计|g| = 8.9037
26-04-03-09 Ψ矩阵条件数 cond(Ψ) = 2.90e+01
26-04-03-09 Loss=-5.582922 | E0=-2.85584448+0.00066579j | E1=-1.40116327+0.00000002j|E2=-0.94619519+0.00002765j|E3=-0.37971877+0.00969663j
26-04-03-09 #-----------------------------------------#
26-04-03-09 [Step 144] logΨ: mean=9.771-0.364j | min=5.250+1.245j | max=10.039+1.535j
26-04-03-09 梯度监控 | raw=4.1185 | natural=0.1761 | clipped=0.1761(上限20.0)
26-04-03-09 原始规范坐标 G(Re Σrow_mean) = +17.3350 | 累计|g| = 8.9037
26-04-03-09 Ψ矩阵条件数 cond(Ψ) = 2.88e+01
26-04-03-09 Loss=-5.580391 | E0=-2.85590241+0.00084233j | E1=-1.40116326+0.00000003j|E2=-0.94620945-0.00010667j|E3=-0.37711565+0.00654385j
26-04-03-09 #-----------------------------------------#
26-04-03-09 [Step 145] logΨ: mean=9.970-0.509j | min=5.121+2.503j | max=10.147+1.524j
26-04-03-09 梯度监控 | raw=5.2208 | natural=0.0052 | clipped=0.0052(上限20.0)
26-04-03-09 原始规范坐标 G(Re Σrow_mean) = +17.3789 | 累计|g| = 8.9037
26-04-03-09 Ψ矩阵条件数 cond(Ψ) = 2.78e+01
26-04-03-09 Loss=-5.584803 | E0=-2.85469098+0.00077893j | E1=-1.40116326-0.00000001j|E2=-0.94612477-0.00003947j|E3=-0.38282423+0.00659021j
26-04-03-09 #-----------------------------------------#
26-04-03-09 [Step 146] logΨ: mean=8.681-0.766j | min=3.057-0.647j | max=8.984+0.004j
26-04-03-09 梯度监控 | raw=7.3396 | natural=0.2086 | clipped=0.2086(上限20.0)
26-04-03-09 原始规范坐标 G(Re Σrow_mean) = +16.9901 | 累计|g| = 8.9037
26-04-03-09 Ψ矩阵条件数 cond(Ψ) = 3.53e+01
26-04-03-09 Loss=-5.579426 | E0=-2.85554010+0.00073392j | E1=-1.40116332+0.00000002j|E2=-0.94614656-0.00004017j|E3=-0.37657628+0.01248464j
26-04-03-09 #-----------------------------------------#
26-04-03-09 [Step 147] logΨ: mean=8.639-0.718j | min=5.339+2.960j | max=8.881+0.045j
26-04-03-09 梯度监控 | raw=5.5637 | natural=0.0068 | clipped=0.0068(上限20.0)
26-04-03-09 原始规范坐标 G(Re Σrow_mean) = +16.9727 | 累计|g| = 8.9037
26-04-03-09 Ψ矩阵条件数 cond(Ψ) = 3.51e+01
26-04-03-09 Loss=-5.587132 | E0=-2.85557023+0.00081848j | E1=-1.40116328+0.00000002j|E2=-0.94624386-0.00001003j|E3=-0.38415486+0.00396504j
26-04-03-09 #-----------------------------------------#
26-04-03-09 [Step 148] logΨ: mean=8.535+0.450j | min=4.067+2.417j | max=8.773+3.063j
26-04-03-09 梯度监控 | raw=5.1720 | natural=0.1287 | clipped=0.1287(上限20.0)
26-04-03-09 原始规范坐标 G(Re Σrow_mean) = +16.9100 | 累计|g| = 8.9037
26-04-03-09 Ψ矩阵条件数 cond(Ψ) = 3.10e+01
26-04-03-09 Loss=-5.583483 | E0=-2.85560377+0.00093389j | E1=-1.40096432+0.00000935j|E2=-0.94613726-0.00000572j|E3=-0.38077728+0.00710133j
26-04-03-09 #-----------------------------------------#
26-04-03-09 [Step 149] logΨ: mean=8.911+0.557j | min=4.305+0.960j | max=9.129+3.024j
26-04-03-09 梯度监控 | raw=6.3032 | natural=0.0147 | clipped=0.0147(上限20.0)
26-04-03-09 原始规范坐标 G(Re Σrow_mean) = +17.0121 | 累计|g| = 8.9037
26-04-03-09 Ψ矩阵条件数 cond(Ψ) = 8.35e+01
26-04-03-09 Loss=-5.584023 | E0=-2.85416999+0.00118992j | E1=-1.40096351+0.00000801j|E2=-0.94613217-0.00001492j|E3=-0.38275717+0.00155412j
26-04-03-09 #-----------------------------------------#
26-04-03-09 [GaugeReset@150] 吸收 Δg = Σ Re(col_mean) = +17.0121 | 新|g| = 8.7317
26-04-03-09 [Step 150] logΨ: mean=9.423-0.309j | min=5.776+1.271j | max=9.679+0.002j
26-04-03-09 梯度监控 | raw=6.2937 | natural=0.0294 | clipped=0.0294(上限20.0)
26-04-03-09 原始规范坐标 G(Re Σrow_mean) = +17.0924 | 累计|g| = 8.7317
26-04-03-09 Ψ矩阵条件数 cond(Ψ) = 3.87e+01
26-04-03-09 Loss=-5.587345 | E0=-2.85576069+0.00090001j | E1=-1.40116326-0.00000001j|E2=-0.94623656-0.00001929j|E3=-0.38418444+0.00243606j
26-04-03-09 #-----------------------------------------#
26-04-03-09 [Step 151] logΨ: mean=9.069+0.529j | min=3.736+1.646j | max=9.345+2.685j
26-04-03-09 梯度监控 | raw=10.8312 | natural=0.1124 | clipped=0.1124(上限20.0)
26-04-03-09 原始规范坐标 G(Re Σrow_mean) = +17.1203 | 累计|g| = 8.7317
26-04-03-09 Ψ矩阵条件数 cond(Ψ) = 3.92e+01
26-04-03-09 Loss=-5.567317 | E0=-2.84835427+0.00087604j | E1=-1.39678500+0.00386441j|E2=-0.94354452-0.00266276j|E3=-0.37863280+0.00044687j
26-04-03-09 #-----------------------------------------#
26-04-03-09 [Step 152] logΨ: mean=9.057+0.748j | min=5.298+0.994j | max=9.288+2.917j
26-04-03-09 梯度监控 | raw=6.6798 | natural=0.0465 | clipped=0.0465(上限20.0)
26-04-03-09 原始规范坐标 G(Re Σrow_mean) = +17.1249 | 累计|g| = 8.7317
26-04-03-09 Ψ矩阵条件数 cond(Ψ) = 1.04e+02
26-04-03-09 Loss=-5.585498 | E0=-2.85573025+0.00082792j | E1=-1.40116328-0.00000002j|E2=-0.94623781-0.00008678j|E3=-0.38236706-0.00112262j
26-04-03-09 #-----------------------------------------#
26-04-03-09 [Step 153] logΨ: mean=9.287+0.695j | min=5.481-0.083j | max=9.521+2.854j
26-04-03-09 梯度监控 | raw=7.3515 | natural=0.0144 | clipped=0.0144(上限20.0)
26-04-03-09 原始规范坐标 G(Re Σrow_mean) = +17.2079 | 累计|g| = 8.7317
26-04-03-09 Ψ矩阵条件数 cond(Ψ) = 4.19e+01
26-04-03-09 Loss=-5.583512 | E0=-2.85575246+0.00087933j | E1=-1.40041692-0.00007947j|E2=-0.94563199+0.00003582j|E3=-0.38171041-0.00120898j
26-04-03-09 #-----------------------------------------#
26-04-03-09 [Step 154] logΨ: mean=9.272-1.164j | min=5.593-1.421j | max=9.527+0.128j
26-04-03-09 梯度监控 | raw=9.0034 | natural=0.0372 | clipped=0.0372(上限20.0)
26-04-03-09 原始规范坐标 G(Re Σrow_mean) = +17.2332 | 累计|g| = 8.7317
26-04-03-09 Ψ矩阵条件数 cond(Ψ) = 3.69e+01
26-04-03-09 Loss=-5.584501 | E0=-2.85573767+0.00073354j | E1=-1.40116328+0.00000000j|E2=-0.94624452-0.00006157j|E3=-0.38135508+0.00089731j
26-04-03-09 #-----------------------------------------#
26-04-03-09 [Step 155] logΨ: mean=9.319-1.236j | min=8.443-2.954j | max=9.545+0.125j
26-04-03-09 梯度监控 | raw=4.8860 | natural=0.0008 | clipped=0.0008(上限20.0)
26-04-03-09 原始规范坐标 G(Re Σrow_mean) = +17.1776 | 累计|g| = 8.7317
26-04-03-09 Ψ矩阵条件数 cond(Ψ) = 3.68e+01
26-04-03-09 Loss=-5.586049 | E0=-2.85513662+0.00093759j | E1=-1.40116326+0.00000002j|E2=-0.94623175-0.00008432j|E3=-0.38351710-0.00137033j
26-04-03-09 #-----------------------------------------#
26-04-03-09 [Step 156] logΨ: mean=8.945+0.324j | min=4.558-0.824j | max=9.211+2.519j
26-04-03-09 梯度监控 | raw=7.3839 | natural=0.1119 | clipped=0.1119(上限20.0)
26-04-03-09 原始规范坐标 G(Re Σrow_mean) = +17.0653 | 累计|g| = 8.7317
26-04-03-09 Ψ矩阵条件数 cond(Ψ) = 6.30e+01
26-04-03-09 Loss=-5.584694 | E0=-2.85513492+0.00092363j | E1=-1.40116327+0.00000001j|E2=-0.94622741-0.00008497j|E3=-0.38216865-0.00029124j
26-04-03-09 #-----------------------------------------#
26-04-03-09 [Step 157] logΨ: mean=8.972+0.276j | min=4.923-0.408j | max=9.238+2.334j
26-04-03-09 梯度监控 | raw=4.3779 | natural=0.0307 | clipped=0.0307(上限20.0)
26-04-03-09 原始规范坐标 G(Re Σrow_mean) = +17.0849 | 累计|g| = 8.7317
26-04-03-09 Ψ矩阵条件数 cond(Ψ) = 2.99e+01
26-04-03-09 Loss=-5.582071 | E0=-2.85509487+0.00084243j | E1=-1.40047761-0.00003982j|E2=-0.94553857-0.00010370j|E3=-0.38095983-0.00172069j
26-04-03-09 #-----------------------------------------#
26-04-03-09 [Step 158] logΨ: mean=9.007+0.526j | min=6.324+2.354j | max=9.201+2.391j
26-04-03-09 梯度监控 | raw=4.6091 | natural=0.0101 | clipped=0.0101(上限20.0)
26-04-03-09 原始规范坐标 G(Re Σrow_mean) = +17.0735 | 累计|g| = 8.7317
26-04-03-09 Ψ矩阵条件数 cond(Ψ) = 2.95e+01
26-04-03-09 Loss=-5.585776 | E0=-2.85521781+0.00089423j | E1=-1.40116328+0.00000001j|E2=-0.94612676-0.00015788j|E3=-0.38326839-0.00183819j
26-04-03-09 #-----------------------------------------#
26-04-03-09 [Step 159] logΨ: mean=8.201+1.045j | min=4.518+1.061j | max=8.402+2.798j
26-04-03-09 梯度监控 | raw=5.1834 | natural=0.0747 | clipped=0.0747(上限20.0)
26-04-03-09 原始规范坐标 G(Re Σrow_mean) = +16.8489 | 累计|g| = 8.7317
26-04-03-09 Ψ矩阵条件数 cond(Ψ) = 2.91e+01
26-04-03-09 Loss=-5.585352 | E0=-2.85515018+0.00092471j | E1=-1.40116330+0.00000002j|E2=-0.94612441-0.00015260j|E3=-0.38291428+0.00072163j
26-04-03-09 #-----------------------------------------#
26-04-03-09 [保存] Step 159 → pickle 文件已更新 (160 条记录)
26-04-03-09 [GaugeReset@160] 吸收 Δg = Σ Re(col_mean) = +16.8489 | 新|g| = 8.6541
26-04-03-09 [Step 160] logΨ: mean=8.304+0.975j | min=4.251+1.539j | max=8.627+2.726j
26-04-03-09 梯度监控 | raw=6.3258 | natural=0.0491 | clipped=0.0491(上限20.0)
26-04-03-09 原始规范坐标 G(Re Σrow_mean) = +16.8057 | 累计|g| = 8.6541
26-04-03-09 Ψ矩阵条件数 cond(Ψ) = 2.93e+01
26-04-03-09 Loss=-5.576250 | E0=-2.85528173+0.00122528j | E1=-1.39685837-0.00072179j|E2=-0.94115214-0.00007058j|E3=-0.38295756-0.00110240j
26-04-03-09 #-----------------------------------------#
26-04-03-09 [Step 161] logΨ: mean=8.497+0.777j | min=3.481+2.841j | max=8.725+2.484j
26-04-03-09 梯度监控 | raw=3.9515 | natural=0.0654 | clipped=0.0654(上限20.0)
26-04-03-09 原始规范坐标 G(Re Σrow_mean) = +16.8185 | 累计|g| = 8.6541
26-04-03-09 Ψ矩阵条件数 cond(Ψ) = 3.66e+01
26-04-03-09 Loss=-5.577568 | E0=-2.85457585+0.00114121j | E1=-1.39759617-0.00034543j|E2=-0.94270790+0.00041296j|E3=-0.38268849-0.00104756j
26-04-03-09 #-----------------------------------------#
26-04-03-09 [Step 162] logΨ: mean=8.875+0.819j | min=3.039+1.118j | max=9.179+2.470j
26-04-03-09 梯度监控 | raw=6.8893 | natural=0.1048 | clipped=0.1048(上限20.0)
26-04-03-09 原始规范坐标 G(Re Σrow_mean) = +17.0627 | 累计|g| = 8.6541
26-04-03-09 Ψ矩阵条件数 cond(Ψ) = 3.80e+01
26-04-03-09 Loss=-5.569082 | E0=-2.85045127+0.00127714j | E1=-1.39619972-0.00011200j|E2=-0.94171052+0.00026234j|E3=-0.38072001-0.00193166j
26-04-03-09 #-----------------------------------------#
26-04-03-09 [Step 163] logΨ: mean=9.381+0.996j | min=5.035+1.912j | max=9.626+2.340j
26-04-03-09 梯度监控 | raw=6.6303 | natural=0.1369 | clipped=0.1369(上限20.0)
26-04-03-09 原始规范坐标 G(Re Σrow_mean) = +17.1783 | 累计|g| = 8.6541
26-04-03-09 Ψ矩阵条件数 cond(Ψ) = 3.76e+01
26-04-03-09 Loss=-5.581117 | E0=-2.85546691+0.00091076j | E1=-1.40116326-0.00000001j|E2=-0.94619826-0.00017178j|E3=-0.37828820-0.00084628j
26-04-03-09 #-----------------------------------------#
26-04-03-09 [Step 164] logΨ: mean=9.488+1.108j | min=3.858+2.397j | max=9.724+2.303j
26-04-03-09 梯度监控 | raw=3.7137 | natural=0.2050 | clipped=0.2050(上限20.0)
26-04-03-09 原始规范坐标 G(Re Σrow_mean) = +17.1678 | 累计|g| = 8.6541
26-04-03-09 Ψ矩阵条件数 cond(Ψ) = 1.22e+02
26-04-03-09 Loss=-5.577758 | E0=-2.85571426+0.00113791j | E1=-1.40096950-0.00000651j|E2=-0.94603532-0.00009421j|E3=-0.37503938+0.00018877j
26-04-03-09 #-----------------------------------------#
26-04-03-09 [Step 165] logΨ: mean=9.543+0.646j | min=5.724-0.949j | max=9.760+2.150j
26-04-03-09 梯度监控 | raw=2.4962 | natural=0.0227 | clipped=0.0227(上限20.0)
26-04-03-09 原始规范坐标 G(Re Σrow_mean) = +17.1714 | 累计|g| = 8.6541
26-04-03-09 Ψ矩阵条件数 cond(Ψ) = 3.84e+01
26-04-03-09 Loss=-5.587111 | E0=-2.85578593+0.00123650j | E1=-1.40116328+0.00000001j|E2=-0.94616956-0.00009904j|E3=-0.38399201-0.00157261j
26-04-03-09 #-----------------------------------------#
26-04-03-09 [Step 166] logΨ: mean=9.107-0.014j | min=4.811-0.355j | max=9.367+1.564j
26-04-03-09 梯度监控 | raw=8.1519 | natural=0.1318 | clipped=0.1318(上限20.0)
26-04-03-09 原始规范坐标 G(Re Σrow_mean) = +17.1238 | 累计|g| = 8.6541
26-04-03-09 Ψ矩阵条件数 cond(Ψ) = 3.64e+01
26-04-03-09 Loss=-5.580020 | E0=-2.85589115+0.00127181j | E1=-1.40116329+0.00000000j|E2=-0.94615168-0.00009476j|E3=-0.37681342+0.00008218j
26-04-03-09 #-----------------------------------------#
26-04-03-09 [Step 167] logΨ: mean=9.216-0.492j | min=3.845-0.379j | max=9.442+1.126j
26-04-03-09 梯度监控 | raw=2.8037 | natural=0.0218 | clipped=0.0218(上限20.0)
26-04-03-09 原始规范坐标 G(Re Σrow_mean) = +17.1262 | 累计|g| = 8.6541
26-04-03-09 Ψ矩阵条件数 cond(Ψ) = 3.81e+01
26-04-03-09 Loss=-5.585383 | E0=-2.85560051+0.00092488j | E1=-1.40116329+0.00000002j|E2=-0.94605663-0.00016881j|E3=-0.38256262-0.00216727j
26-04-03-09 #-----------------------------------------#
26-04-03-09 [Step 168] logΨ: mean=9.206-0.385j | min=5.736-0.735j | max=9.452+1.241j
26-04-03-09 梯度监控 | raw=2.9767 | natural=0.0283 | clipped=0.0283(上限20.0)
26-04-03-09 原始规范坐标 G(Re Σrow_mean) = +17.1337 | 累计|g| = 8.6541
26-04-03-09 Ψ矩阵条件数 cond(Ψ) = 3.89e+01
26-04-03-09 Loss=-5.586123 | E0=-2.85592229+0.00059881j | E1=-1.40116328-0.00000002j|E2=-0.94606278-0.00016026j|E3=-0.38297488-0.00084712j
26-04-03-09 #-----------------------------------------#
26-04-03-09 [Step 169] logΨ: mean=9.239-0.377j | min=8.372-1.808j | max=9.459+1.239j
26-04-03-09 梯度监控 | raw=2.8706 | natural=0.0004 | clipped=0.0004(上限20.0)
26-04-03-09 原始规范坐标 G(Re Σrow_mean) = +17.1233 | 累计|g| = 8.6541
26-04-03-09 Ψ矩阵条件数 cond(Ψ) = 3.89e+01
26-04-03-09 Loss=-5.586969 | E0=-2.85596446+0.00071352j | E1=-1.40116328-0.00000000j|E2=-0.94607458-0.00014924j|E3=-0.38376710-0.00164280j
26-04-03-09 #-----------------------------------------#
26-04-03-09 [GaugeReset@170] 吸收 Δg = Σ Re(col_mean) = +17.1233 | 新|g| = 8.7852
26-04-03-09 [Step 170] logΨ: mean=9.047-0.100j | min=6.394-1.721j | max=9.286+1.454j
26-04-03-09 梯度监控 | raw=3.0700 | natural=0.0136 | clipped=0.0136(上限20.0)
26-04-03-09 原始规范坐标 G(Re Σrow_mean) = +17.1673 | 累计|g| = 8.7852
26-04-03-09 Ψ矩阵条件数 cond(Ψ) = 3.72e+01
26-04-03-09 Loss=-5.587192 | E0=-2.85595621+0.00070953j | E1=-1.40116327+0.00000001j|E2=-0.94607166-0.00015063j|E3=-0.38400071-0.00167810j
26-04-03-09 #-----------------------------------------#
26-04-03-09 [Step 171] logΨ: mean=9.159-0.253j | min=4.725+0.016j | max=9.401+1.367j
26-04-03-09 梯度监控 | raw=3.9780 | natural=0.0096 | clipped=0.0096(上限20.0)
26-04-03-09 原始规范坐标 G(Re Σrow_mean) = +17.2119 | 累计|g| = 8.7852
26-04-03-09 Ψ矩阵条件数 cond(Ψ) = 1.23e+02
26-04-03-09 Loss=-5.583970 | E0=-2.85336035+0.00061795j | E1=-1.40116325-0.00000001j|E2=-0.94606452-0.00014851j|E3=-0.38338221-0.00144730j
26-04-03-09 #-----------------------------------------#
26-04-03-09 [Step 172] logΨ: mean=8.990-0.320j | min=5.409-2.148j | max=9.228+1.332j
26-04-03-09 梯度监控 | raw=1.9626 | natural=0.0163 | clipped=0.0163(上限20.0)
26-04-03-09 原始规范坐标 G(Re Σrow_mean) = +17.1479 | 累计|g| = 8.7852
26-04-03-09 Ψ矩阵条件数 cond(Ψ) = 4.00e+01
26-04-03-09 Loss=-5.586303 | E0=-2.85586323+0.00049050j | E1=-1.40116331+0.00000000j|E2=-0.94607520-0.00014645j|E3=-0.38320172-0.00155417j
26-04-03-09 #-----------------------------------------#
26-04-03-09 [Step 173] logΨ: mean=9.103-0.228j | min=3.579-2.071j | max=9.329+1.395j
26-04-03-09 梯度监控 | raw=7.4304 | natural=0.1760 | clipped=0.1760(上限20.0)
26-04-03-09 原始规范坐标 G(Re Σrow_mean) = +17.1309 | 累计|g| = 8.7852
26-04-03-09 Ψ矩阵条件数 cond(Ψ) = 3.79e+01
26-04-03-09 Loss=-5.578452 | E0=-2.85591881+0.00058332j | E1=-1.40013648+0.00005110j|E2=-0.94519891-0.00002368j|E3=-0.37719778-0.00191791j
26-04-03-09 #-----------------------------------------#
26-04-03-09 [Step 174] logΨ: mean=9.498+0.310j | min=2.870+2.950j | max=9.779+2.024j
26-04-03-09 梯度监控 | raw=4.6467 | natural=0.0447 | clipped=0.0447(上限20.0)
26-04-03-09 原始规范坐标 G(Re Σrow_mean) = +17.2587 | 累计|g| = 8.7852
26-04-03-09 Ψ矩阵条件数 cond(Ψ) = 3.47e+01
26-04-03-09 Loss=-5.583310 | E0=-2.85593682+0.00074289j | E1=-1.39981539+0.00028706j|E2=-0.94457035-0.00001317j|E3=-0.38298750+0.00156380j
26-04-03-09 #-----------------------------------------#
26-04-03-09 [Step 175] logΨ: mean=9.530+0.119j | min=5.800+0.119j | max=9.799+1.873j
26-04-03-09 梯度监控 | raw=2.1788 | natural=0.0365 | clipped=0.0365(上限20.0)
26-04-03-09 原始规范坐标 G(Re Σrow_mean) = +17.2794 | 累计|g| = 8.7852
26-04-03-09 Ψ矩阵条件数 cond(Ψ) = 3.68e+01
26-04-03-09 Loss=-5.586275 | E0=-2.85533558+0.00096931j | E1=-1.40116330+0.00000001j|E2=-0.94608264-0.00009442j|E3=-0.38369326+0.00041037j
26-04-03-09 #-----------------------------------------#
26-04-03-09 [Step 176] logΨ: mean=9.327+0.271j | min=4.986+0.380j | max=9.551+2.310j
26-04-03-09 梯度监控 | raw=3.5599 | natural=0.0238 | clipped=0.0238(上限20.0)
26-04-03-09 原始规范坐标 G(Re Σrow_mean) = +17.2741 | 累计|g| = 8.7852
26-04-03-09 Ψ矩阵条件数 cond(Ψ) = 8.95e+01
26-04-03-09 Loss=-5.583199 | E0=-2.85293739+0.00105642j | E1=-1.40116325-0.00000000j|E2=-0.94608363-0.00008309j|E3=-0.38301485+0.00035699j
26-04-03-09 #-----------------------------------------#
26-04-03-09 [Step 177] logΨ: mean=9.348+0.383j | min=5.266+1.973j | max=9.595+2.246j
26-04-03-09 梯度监控 | raw=2.2742 | natural=0.0090 | clipped=0.0090(上限20.0)
26-04-03-09 原始规范坐标 G(Re Σrow_mean) = +17.2705 | 累计|g| = 8.7852
26-04-03-09 Ψ矩阵条件数 cond(Ψ) = 9.37e+01
26-04-03-09 Loss=-5.584962 | E0=-2.85512104+0.00124906j | E1=-1.40065017+0.00009588j|E2=-0.94557518-0.00009330j|E3=-0.38361565-0.00135899j
26-04-03-09 #-----------------------------------------#
26-04-03-09 [Step 178] logΨ: mean=9.370+0.462j | min=8.490-0.800j | max=9.600+2.244j
26-04-03-09 梯度监控 | raw=2.7859 | natural=0.0003 | clipped=0.0003(上限20.0)
26-04-03-09 原始规范坐标 G(Re Σrow_mean) = +17.2945 | 累计|g| = 8.7852
26-04-03-09 Ψ矩阵条件数 cond(Ψ) = 3.64e+01
26-04-03-09 Loss=-5.586169 | E0=-2.85522506+0.00134574j | E1=-1.40116329+0.00000001j|E2=-0.94608473-0.00008603j|E3=-0.38369624-0.00152143j
26-04-03-09 #-----------------------------------------#
26-04-03-09 [Step 179] logΨ: mean=9.514+0.272j | min=6.829-0.940j | max=9.747+2.213j
26-04-03-09 梯度监控 | raw=1.8697 | natural=0.0171 | clipped=0.0171(上限20.0)
26-04-03-09 原始规范坐标 G(Re Σrow_mean) = +17.2673 | 累计|g| = 8.7852
26-04-03-09 Ψ矩阵条件数 cond(Ψ) = 9.12e+01
26-04-03-09 Loss=-5.587569 | E0=-2.85523858+0.00132949j | E1=-1.40116327+0.00000001j|E2=-0.94608675-0.00008370j|E3=-0.38508033-0.00113325j
26-04-03-09 #-----------------------------------------#
26-04-03-09 [保存] Step 179 → pickle 文件已更新 (180 条记录)
26-04-03-09 [GaugeReset@180] 吸收 Δg = Σ Re(col_mean) = +17.2673 | 新|g| = 8.8382
26-04-03-09 [Step 180] logΨ: mean=9.173+0.487j | min=4.699-2.944j | max=9.398+2.279j
26-04-03-09 梯度监控 | raw=3.5744 | natural=0.1332 | clipped=0.1332(上限20.0)
26-04-03-09 原始规范坐标 G(Re Σrow_mean) = +17.1860 | 累计|g| = 8.8382
26-04-03-09 Ψ矩阵条件数 cond(Ψ) = 2.87e+01
26-04-03-09 Loss=-5.584106 | E0=-2.85521756+0.00111381j | E1=-1.40116327-0.00000002j|E2=-0.94608605-0.00008202j|E3=-0.38163946+0.00023400j
26-04-03-09 #-----------------------------------------#
26-04-03-09 [Step 181] logΨ: mean=9.025+0.279j | min=4.460+1.455j | max=9.261+1.881j
26-04-03-09 梯度监控 | raw=1.6836 | natural=0.0304 | clipped=0.0304(上限20.0)
26-04-03-09 原始规范坐标 G(Re Σrow_mean) = +17.1710 | 累计|g| = 8.8382
26-04-03-09 Ψ矩阵条件数 cond(Ψ) = 3.41e+01
26-04-03-09 Loss=-5.585740 | E0=-2.85458554+0.00143731j | E1=-1.40116331+0.00000001j|E2=-0.94610592-0.00009929j|E3=-0.38388539-0.00149534j
26-04-03-09 #-----------------------------------------#
26-04-03-09 [Step 182] logΨ: mean=9.062+0.213j | min=8.166-1.147j | max=9.263+1.880j
26-04-03-09 梯度监控 | raw=1.5258 | natural=0.0002 | clipped=0.0002(上限20.0)
26-04-03-09 原始规范坐标 G(Re Σrow_mean) = +17.1475 | 累计|g| = 8.8382
26-04-03-09 Ψ矩阵条件数 cond(Ψ) = 3.41e+01
26-04-03-09 Loss=-5.588038 | E0=-2.85567632+0.00135290j | E1=-1.40116330-0.00000002j|E2=-0.94608595-0.00009535j|E3=-0.38511232-0.00055880j
26-04-03-09 #-----------------------------------------#
26-04-03-09 [Step 183] logΨ: mean=8.951+0.369j | min=2.714-2.438j | max=9.248+2.605j
26-04-03-09 梯度监控 | raw=8.3721 | natural=0.1817 | clipped=0.1817(上限20.0)
26-04-03-09 原始规范坐标 G(Re Σrow_mean) = +17.1625 | 累计|g| = 8.8382
26-04-03-09 Ψ矩阵条件数 cond(Ψ) = 2.94e+01
26-04-03-09 Loss=-5.580576 | E0=-2.84838920+0.00144042j | E1=-1.40116330+0.00000002j|E2=-0.94611039-0.00009352j|E3=-0.38491356-0.00011109j
26-04-03-09 #-----------------------------------------#
26-04-03-09 [Step 184] logΨ: mean=8.985+0.278j | min=8.177-0.428j | max=9.250+2.606j
26-04-03-09 梯度监控 | raw=0.6383 | natural=0.0003 | clipped=0.0003(上限20.0)
26-04-03-09 原始规范坐标 G(Re Σrow_mean) = +17.2176 | 累计|g| = 8.8382
26-04-03-09 Ψ矩阵条件数 cond(Ψ) = 2.94e+01
26-04-03-09 Loss=-5.587317 | E0=-2.85551456+0.00095768j | E1=-1.40116326-0.00000001j|E2=-0.94619277-0.00011440j|E3=-0.38444686+0.00058149j
26-04-03-09 #-----------------------------------------#
26-04-03-09 [Step 185] logΨ: mean=9.058+0.500j | min=3.948+1.888j | max=9.270+2.761j
26-04-03-09 梯度监控 | raw=4.5791 | natural=0.0281 | clipped=0.0281(上限20.0)
26-04-03-09 原始规范坐标 G(Re Σrow_mean) = +17.1668 | 累计|g| = 8.8382
26-04-03-09 Ψ矩阵条件数 cond(Ψ) = 2.90e+01
26-04-03-09 Loss=-5.578241 | E0=-2.85379228+0.00096095j | E1=-1.39961457-0.00083076j|E2=-0.94144439+0.00010025j|E3=-0.38339024+0.00420654j
26-04-03-09 #-----------------------------------------#
26-04-03-09 [Step 186] logΨ: mean=9.108+0.399j | min=8.189-0.277j | max=9.271+2.760j
26-04-03-09 梯度监控 | raw=0.1089 | natural=0.0002 | clipped=0.0002(上限20.0)
26-04-03-09 原始规范坐标 G(Re Σrow_mean) = +17.1576 | 累计|g| = 8.8382
26-04-03-09 Ψ矩阵条件数 cond(Ψ) = 2.90e+01
26-04-03-09 Loss=-5.587026 | E0=-2.85533736+0.00100041j | E1=-1.40116327+0.00000001j|E2=-0.94618459-0.00009755j|E3=-0.38434087-0.00005826j
26-04-03-09 #-----------------------------------------#
26-04-03-09 [Step 187] logΨ: mean=9.193+0.373j | min=6.494+2.756j | max=9.373+2.761j
26-04-03-09 梯度监控 | raw=0.1253 | natural=0.0083 | clipped=0.0083(上限20.0)
26-04-03-09 原始规范坐标 G(Re Σrow_mean) = +17.2005 | 累计|g| = 8.8382
26-04-03-09 Ψ矩阵条件数 cond(Ψ) = 2.88e+01
26-04-03-09 Loss=-5.587203 | E0=-2.85533610+0.00099923j | E1=-1.40116324+0.00000001j|E2=-0.94618362-0.00009821j|E3=-0.38451961-0.00008321j
26-04-03-09 #-----------------------------------------#
26-04-03-09 [Step 188] logΨ: mean=9.467+0.238j | min=4.074-1.267j | max=9.727+2.762j
26-04-03-09 梯度监控 | raw=4.9705 | natural=0.0152 | clipped=0.0152(上限20.0)
26-04-03-09 原始规范坐标 G(Re Σrow_mean) = +17.3483 | 累计|g| = 8.8382
26-04-03-09 Ψ矩阵条件数 cond(Ψ) = 2.92e+01
26-04-03-09 Loss=-5.579041 | E0=-2.85184872+0.00094487j | E1=-1.40040625+0.00113542j|E2=-0.94242951-0.00097274j|E3=-0.38435695-0.00014159j
26-04-03-09 #-----------------------------------------#
26-04-03-09 [Step 189] logΨ: mean=9.563+0.017j | min=6.023-0.472j | max=9.763-0.552j
26-04-03-09 梯度监控 | raw=0.2969 | natural=0.0148 | clipped=0.0148(上限20.0)
26-04-03-09 原始规范坐标 G(Re Σrow_mean) = +17.3383 | 累计|g| = 8.8382
26-04-03-09 Ψ矩阵条件数 cond(Ψ) = 3.02e+01
26-04-03-09 Loss=-5.587619 | E0=-2.85529284+0.00070951j | E1=-1.40116327+0.00000000j|E2=-0.94618786-0.00009722j|E3=-0.38497459-0.00006511j
26-04-03-09 #-----------------------------------------#
26-04-03-09 [GaugeReset@190] 吸收 Δg = Σ Re(col_mean) = +17.3383 | 新|g| = 8.8851
26-04-03-09 [Step 190] logΨ: mean=9.260+0.237j | min=5.472+1.035j | max=9.499-0.337j
26-04-03-09 梯度监控 | raw=3.0770 | natural=0.0573 | clipped=0.0573(上限20.0)
26-04-03-09 原始规范坐标 G(Re Σrow_mean) = +17.3324 | 累计|g| = 8.8851
26-04-03-09 Ψ矩阵条件数 cond(Ψ) = 2.95e+01
26-04-03-09 Loss=-5.585792 | E0=-2.85542859+0.00072511j | E1=-1.40116324-0.00000001j|E2=-0.94618884-0.00009263j|E3=-0.38301130+0.00104895j
26-04-03-09 #-----------------------------------------#
26-04-03-09 [Step 191] logΨ: mean=9.328+0.365j | min=6.706-0.343j | max=9.546-0.340j
26-04-03-09 梯度监控 | raw=0.4890 | natural=0.0034 | clipped=0.0034(上限20.0)
26-04-03-09 原始规范坐标 G(Re Σrow_mean) = +17.3428 | 累计|g| = 8.8851
26-04-03-09 Ψ矩阵条件数 cond(Ψ) = 3.89e+01
26-04-03-09 Loss=-5.587683 | E0=-2.85546849+0.00076407j | E1=-1.40116325-0.00000001j|E2=-0.94621130-0.00008602j|E3=-0.38483948-0.00000521j
26-04-03-09 #-----------------------------------------#
26-04-03-09 [Step 192] logΨ: mean=9.305+0.286j | min=8.469-0.233j | max=9.548-0.340j
26-04-03-09 梯度监控 | raw=0.6016 | natural=0.0002 | clipped=0.0002(上限20.0)
26-04-03-09 原始规范坐标 G(Re Σrow_mean) = +17.3825 | 累计|g| = 8.8851
26-04-03-09 Ψ矩阵条件数 cond(Ψ) = 2.95e+01
26-04-03-09 Loss=-5.587521 | E0=-2.85545471+0.00074218j | E1=-1.40116327-0.00000002j|E2=-0.94620843-0.00008816j|E3=-0.38469417-0.00009571j
26-04-03-09 #-----------------------------------------#
26-04-03-09 [Step 193] logΨ: mean=9.398+0.379j | min=6.776+2.796j | max=9.611-0.343j
26-04-03-09 梯度监控 | raw=0.4653 | natural=0.0045 | clipped=0.0045(上限20.0)
26-04-03-09 原始规范坐标 G(Re Σrow_mean) = +17.3577 | 累计|g| = 8.8851
26-04-03-09 Ψ矩阵条件数 cond(Ψ) = 2.93e+01
26-04-03-09 Loss=-5.587729 | E0=-2.85545851+0.00073875j | E1=-1.40116324+0.00000000j|E2=-0.94620956-0.00008505j|E3=-0.38489762-0.00002005j
26-04-03-09 #-----------------------------------------#
26-04-03-10 [Step 194] logΨ: mean=9.441+0.320j | min=6.844-0.349j | max=9.674-0.346j
26-04-03-10 梯度监控 | raw=0.5669 | natural=0.0043 | clipped=0.0043(上限20.0)
26-04-03-10 原始规范坐标 G(Re Σrow_mean) = +17.4027 | 累计|g| = 8.8851
26-04-03-10 Ψ矩阵条件数 cond(Ψ) = 2.92e+01
26-04-03-10 Loss=-5.587747 | E0=-2.85544278+0.00070940j | E1=-1.40116330-0.00000001j|E2=-0.94620636-0.00008668j|E3=-0.38493468-0.00005488j
26-04-03-10 #-----------------------------------------#
26-04-03-10 [Step 195] logΨ: mean=9.617+0.421j | min=5.293+1.909j | max=9.883-0.383j
26-04-03-10 梯度监控 | raw=0.6013 | natural=0.0121 | clipped=0.0121(上限20.0)
26-04-03-10 原始规范坐标 G(Re Σrow_mean) = +17.4568 | 累计|g| = 8.8851
26-04-03-10 Ψ矩阵条件数 cond(Ψ) = 8.04e+01
26-04-03-10 Loss=-5.586649 | E0=-2.85543415+0.00067638j | E1=-1.40090011-0.00018571j|E2=-0.94503152-0.00005577j|E3=-0.38528353-0.00007547j
26-04-03-10 #-----------------------------------------#
26-04-03-10 [Step 196] logΨ: mean=9.682+0.569j | min=8.807-0.276j | max=9.884-0.383j
26-04-03-10 梯度监控 | raw=0.6238 | natural=0.0002 | clipped=0.0002(上限20.0)
26-04-03-10 原始规范坐标 G(Re Σrow_mean) = +17.4617 | 累计|g| = 8.8851
26-04-03-10 Ψ矩阵条件数 cond(Ψ) = 3.04e+01
26-04-03-10 Loss=-5.587643 | E0=-2.85543090+0.00063731j | E1=-1.40116327-0.00000001j|E2=-0.94620110-0.00007716j|E3=-0.38484757+0.00004742j
26-04-03-10 #-----------------------------------------#
26-04-03-10 [Step 197] logΨ: mean=9.689+0.510j | min=7.109-0.387j | max=9.930-0.385j
26-04-03-10 梯度监控 | raw=0.6712 | natural=0.0030 | clipped=0.0030(上限20.0)
26-04-03-10 原始规范坐标 G(Re Σrow_mean) = +17.4840 | 累计|g| = 8.8851
26-04-03-10 Ψ矩阵条件数 cond(Ψ) = 3.03e+01
26-04-03-10 Loss=-5.587743 | E0=-2.85542904+0.00063719j | E1=-1.40116327+0.00000001j|E2=-0.94619993-0.00007840j|E3=-0.38495042-0.00001638j
26-04-03-10 #-----------------------------------------#
26-04-03-10 [Step 198] logΨ: mean=9.714+0.499j | min=8.854-0.278j | max=9.930-0.384j
26-04-03-10 梯度监控 | raw=0.5898 | natural=0.0002 | clipped=0.0002(上限20.0)
26-04-03-10 原始规范坐标 G(Re Σrow_mean) = +17.4771 | 累计|g| = 8.8851
26-04-03-10 Ψ矩阵条件数 cond(Ψ) = 7.94e+01
26-04-03-10 Loss=-5.587469 | E0=-2.85542126+0.00061723j | E1=-1.40116328+0.00000002j|E2=-0.94619940-0.00007632j|E3=-0.38468545-0.00009372j
26-04-03-10 #-----------------------------------------#
26-04-03-10 [Step 199] logΨ: mean=9.769+0.557j | min=7.135-0.386j | max=9.954-0.384j
26-04-03-10 梯度监控 | raw=0.6346 | natural=0.0016 | clipped=0.0016(上限20.0)
26-04-03-10 原始规范坐标 G(Re Σrow_mean) = +17.4978 | 累计|g| = 8.8851
26-04-03-10 Ψ矩阵条件数 cond(Ψ) = 3.02e+01
26-04-03-10 Loss=-5.587549 | E0=-2.85541860+0.00061823j | E1=-1.40116326+0.00000001j|E2=-0.94619924-0.00007748j|E3=-0.38476760+0.00001318j
26-04-03-10 #-----------------------------------------#
26-04-03-10 [保存] Step 199 → pickle 文件已更新 (200 条记录)
26-04-03-10 [GaugeReset@200] 吸收 Δg = Σ Re(col_mean) = +17.4978 | 新|g| = 8.9788
26-04-03-10 [Step 200] logΨ: mean=9.568+0.480j | min=8.719-0.338j | max=9.795-0.444j
26-04-03-10 梯度监控 | raw=0.7229 | natural=0.0002 | clipped=0.0002(上限20.0)
26-04-03-10 原始规范坐标 G(Re Σrow_mean) = +17.4904 | 累计|g| = 8.9788
26-04-03-10 Ψ矩阵条件数 cond(Ψ) = 3.84e+01
26-04-03-10 Loss=-5.587542 | E0=-2.85541534+0.00060683j | E1=-1.40116327-0.00000001j|E2=-0.94619903-0.00007740j|E3=-0.38476455+0.00003133j
26-04-03-10 #-----------------------------------------#
26-04-03-10 [Step 201] logΨ: mean=9.583+0.411j | min=7.009-0.445j | max=9.825-0.443j
26-04-03-10 梯度监控 | raw=0.7759 | natural=0.0022 | clipped=0.0022(上限20.0)
26-04-03-10 原始规范坐标 G(Re Σrow_mean) = +17.5261 | 累计|g| = 8.9788
26-04-03-10 Ψ矩阵条件数 cond(Ψ) = 3.04e+01
26-04-03-10 Loss=-5.587578 | E0=-2.85541136+0.00060726j | E1=-1.40116329-0.00000002j|E2=-0.94619759-0.00007867j|E3=-0.38480622-0.00009727j
26-04-03-10 #-----------------------------------------#
26-04-03-10 [Step 202] logΨ: mean=9.353+0.604j | min=5.673+1.394j | max=9.600-0.096j
26-04-03-10 梯度监控 | raw=1.2332 | natural=0.0200 | clipped=0.0200(上限20.0)
26-04-03-10 原始规范坐标 G(Re Σrow_mean) = +17.4691 | 累计|g| = 8.9788
26-04-03-10 Ψ矩阵条件数 cond(Ψ) = 2.89e+01
26-04-03-10 Loss=-5.587532 | E0=-2.85540540+0.00059611j | E1=-1.40116325-0.00000000j|E2=-0.94619578-0.00007787j|E3=-0.38476742+0.00034188j
26-04-03-10 #-----------------------------------------#
26-04-03-10 [Step 203] logΨ: mean=9.377+0.433j | min=5.131-0.981j | max=9.605-0.479j
26-04-03-10 梯度监控 | raw=3.2644 | natural=0.0187 | clipped=0.0187(上限20.0)
26-04-03-10 原始规范坐标 G(Re Σrow_mean) = +17.4442 | 累计|g| = 8.9788
26-04-03-10 Ψ矩阵条件数 cond(Ψ) = 3.12e+01
26-04-03-10 Loss=-5.584442 | E0=-2.85513537+0.00072760j | E1=-1.40116328-0.00000000j|E2=-0.94618988-0.00008631j|E3=-0.38195340+0.00034827j
26-04-03-10 #-----------------------------------------#
26-04-03-10 [Step 204] logΨ: mean=9.354+0.271j | min=3.080-1.909j | max=9.630+1.815j
26-04-03-10 梯度监控 | raw=7.6744 | natural=0.1538 | clipped=0.1538(上限20.0)
26-04-03-10 原始规范坐标 G(Re Σrow_mean) = +17.3546 | 累计|g| = 8.9788
26-04-03-10 Ψ矩阵条件数 cond(Ψ) = 3.17e+01
26-04-03-10 Loss=-5.579988 | E0=-2.85243331+0.00063496j | E1=-1.40116325-0.00000003j|E2=-0.94618802-0.00008470j|E3=-0.38020293+0.00030546j
26-04-03-10 #-----------------------------------------#
26-04-03-10 [Step 205] logΨ: mean=9.500+0.538j | min=4.781+0.511j | max=9.730+2.739j
26-04-03-10 梯度监控 | raw=5.7089 | natural=0.0932 | clipped=0.0932(上限20.0)
26-04-03-10 原始规范坐标 G(Re Σrow_mean) = +17.3536 | 累计|g| = 8.9788
26-04-03-10 Ψ矩阵条件数 cond(Ψ) = 2.97e+01
26-04-03-10 Loss=-5.583474 | E0=-2.85535730+0.00054846j | E1=-1.40116329+0.00000001j|E2=-0.94617726-0.00007819j|E3=-0.38077647+0.00321088j
26-04-03-10 #-----------------------------------------#
26-04-03-10 [Step 206] logΨ: mean=9.627+0.477j | min=6.981+2.749j | max=9.857+2.720j
26-04-03-10 梯度监控 | raw=2.4316 | natural=0.0090 | clipped=0.0090(上限20.0)
26-04-03-10 原始规范坐标 G(Re Σrow_mean) = +17.3878 | 累计|g| = 8.9788
26-04-03-10 Ψ矩阵条件数 cond(Ψ) = 2.99e+01
26-04-03-10 Loss=-5.585135 | E0=-2.85538475+0.00058321j | E1=-1.40116325-0.00000001j|E2=-0.94620658-0.00001066j|E3=-0.38238082+0.00050376j
26-04-03-10 #-----------------------------------------#
26-04-03-10 [Step 207] logΨ: mean=9.808+0.446j | min=4.925+0.476j | max=10.072+2.773j
26-04-03-10 梯度监控 | raw=3.8343 | natural=0.0174 | clipped=0.0174(上限20.0)
26-04-03-10 原始规范坐标 G(Re Σrow_mean) = +17.5913 | 累计|g| = 8.9788
26-04-03-10 Ψ矩阵条件数 cond(Ψ) = 3.08e+01
26-04-03-10 Loss=-5.583403 | E0=-2.85369028+0.00056231j | E1=-1.40098268+0.00008290j|E2=-0.94607901-0.00006350j|E3=-0.38265111+0.00182901j
26-04-03-10 #-----------------------------------------#
26-04-03-10 [Step 208] logΨ: mean=11.079+0.368j | min=5.350-2.067j | max=11.328+1.583j
26-04-03-10 梯度监控 | raw=8.5427 | natural=0.2082 | clipped=0.2082(上限20.0)
26-04-03-10 原始规范坐标 G(Re Σrow_mean) = +17.9826 | 累计|g| = 8.9788
26-04-03-10 Ψ矩阵条件数 cond(Ψ) = 7.85e+01
26-04-03-10 Loss=-5.575801 | E0=-2.85536796+0.00049893j | E1=-1.40116329-0.00000001j|E2=-0.94619545-0.00001195j|E3=-0.37307426+0.00128818j
26-04-03-10 #-----------------------------------------#
26-04-03-10 [Step 209] logΨ: mean=11.358-0.058j | min=7.771+1.385j | max=11.601+1.254j
26-04-03-10 梯度监控 | raw=4.3088 | natural=0.0397 | clipped=0.0397(上限20.0)
26-04-03-10 原始规范坐标 G(Re Σrow_mean) = +18.0167 | 累计|g| = 8.9788
26-04-03-10 Ψ矩阵条件数 cond(Ψ) = 8.89e+01
26-04-03-10 Loss=-5.583973 | E0=-2.85517685+0.00049915j | E1=-1.40116326-0.00000001j|E2=-0.94614513+0.00002896j|E3=-0.38148810-0.00067427j
26-04-03-10 #-----------------------------------------#
26-04-03-10 [GaugeReset@210] 吸收 Δg = Σ Re(col_mean) = +18.0167 | 新|g| = 9.2360
26-04-03-10 [Step 210] logΨ: mean=10.869-0.146j | min=9.993-1.913j | max=11.083+1.126j
26-04-03-10 梯度监控 | raw=2.8618 | natural=0.0005 | clipped=0.0005(上限20.0)
26-04-03-10 原始规范坐标 G(Re Σrow_mean) = +18.0601 | 累计|g| = 9.2360
26-04-03-10 Ψ矩阵条件数 cond(Ψ) = 5.05e+01
26-04-03-10 Loss=-5.584815 | E0=-2.85517657+0.00057426j | E1=-1.40116329-0.00000000j|E2=-0.94614626+0.00001708j|E3=-0.38232906+0.00007173j
26-04-03-10 #-----------------------------------------#
26-04-03-10 [Step 211] logΨ: mean=11.006+0.310j | min=6.408+2.078j | max=11.243+2.306j
26-04-03-10 梯度监控 | raw=3.0108 | natural=0.1529 | clipped=0.1529(上限20.0)
26-04-03-10 原始规范坐标 G(Re Σrow_mean) = +18.0669 | 累计|g| = 9.2360
26-04-03-10 Ψ矩阵条件数 cond(Ψ) = 5.85e+01
26-04-03-10 Loss=-5.586392 | E0=-2.85518072+0.00057580j | E1=-1.40116326+0.00000001j|E2=-0.94614969+0.00001676j|E3=-0.38389859+0.00346104j
26-04-03-10 #-----------------------------------------#
26-04-03-10 [Step 212] logΨ: mean=10.885+0.233j | min=6.210-1.139j | max=11.101+1.941j
26-04-03-10 梯度监控 | raw=2.3546 | natural=0.1020 | clipped=0.1020(上限20.0)
26-04-03-10 原始规范坐标 G(Re Σrow_mean) = +17.9513 | 累计|g| = 9.2360
26-04-03-10 Ψ矩阵条件数 cond(Ψ) = 4.94e+01
26-04-03-10 Loss=-5.582342 | E0=-2.85513893+0.00060993j | E1=-1.40116328-0.00000000j|E2=-0.94614528-0.00001440j|E3=-0.37989451-0.00002965j
26-04-03-10 #-----------------------------------------#
26-04-03-10 [Step 213] logΨ: mean=10.919+0.479j | min=5.289-0.083j | max=11.158+1.921j
26-04-03-10 梯度监控 | raw=5.6044 | natural=0.0061 | clipped=0.0061(上限20.0)
26-04-03-10 原始规范坐标 G(Re Σrow_mean) = +17.9842 | 累计|g| = 9.2360
26-04-03-10 Ψ矩阵条件数 cond(Ψ) = 1.19e+02
26-04-03-10 Loss=-5.580685 | E0=-2.85111858+0.00069055j | E1=-1.40116327-0.00000002j|E2=-0.94613802-0.00001060j|E3=-0.38226547-0.00083267j
26-04-03-10 #-----------------------------------------#
26-04-03-10 [Step 214] logΨ: mean=10.896+0.459j | min=10.072-1.110j | max=11.162+1.927j
26-04-03-10 梯度监控 | raw=3.0499 | natural=0.0004 | clipped=0.0004(上限20.0)
26-04-03-10 原始规范坐标 G(Re Σrow_mean) = +17.9998 | 累计|g| = 9.2360
26-04-03-10 Ψ矩阵条件数 cond(Ψ) = 3.54e+01
26-04-03-10 Loss=-5.584507 | E0=-2.85528101+0.00056202j | E1=-1.40116330+0.00000001j|E2=-0.94613750-0.00001073j|E3=-0.38192482-0.00059187j
26-04-03-10 #-----------------------------------------#
26-04-03-10 [Step 215] logΨ: mean=10.424+0.310j | min=5.442-0.408j | max=10.616+1.841j
26-04-03-10 梯度监控 | raw=7.4984 | natural=0.1490 | clipped=0.1490(上限20.0)
26-04-03-10 原始规范坐标 G(Re Σrow_mean) = +17.7876 | 累计|g| = 9.2360
26-04-03-10 Ψ矩阵条件数 cond(Ψ) = 5.15e+01
26-04-03-10 Loss=-5.583186 | E0=-2.85529858+0.00055112j | E1=-1.40116328-0.00000000j|E2=-0.94613604-0.00000613j|E3=-0.38058792+0.00436513j
26-04-03-10 #-----------------------------------------#
26-04-03-10 [Step 216] logΨ: mean=9.502+0.522j | min=5.686-0.030j | max=9.747+1.926j
26-04-03-10 梯度监控 | raw=2.4870 | natural=0.0708 | clipped=0.0708(上限20.0)
26-04-03-10 原始规范坐标 G(Re Σrow_mean) = +17.6192 | 累计|g| = 9.2360
26-04-03-10 Ψ矩阵条件数 cond(Ψ) = 2.87e+01
26-04-03-10 Loss=-5.585711 | E0=-2.85538424+0.00064872j | E1=-1.40116331-0.00000001j|E2=-0.94614435-0.00002381j|E3=-0.38301904+0.00157409j
26-04-03-10 #-----------------------------------------#
26-04-03-10 [Step 217] logΨ: mean=9.617+0.562j | min=4.217+1.769j | max=9.857+1.880j
26-04-03-10 梯度监控 | raw=2.7274 | natural=0.0058 | clipped=0.0058(上限20.0)
26-04-03-10 原始规范坐标 G(Re Σrow_mean) = +17.6406 | 累计|g| = 9.2360
26-04-03-10 Ψ矩阵条件数 cond(Ψ) = 2.87e+01
26-04-03-10 Loss=-5.583645 | E0=-2.85544998+0.00067762j | E1=-1.40086513-0.00096742j|E2=-0.94520363+0.00064667j|E3=-0.38212647-0.00003481j
26-04-03-10 #-----------------------------------------#
26-04-03-10 [Step 218] logΨ: mean=9.798+0.559j | min=7.067-1.280j | max=10.006+1.864j
26-04-03-10 梯度监控 | raw=1.8908 | natural=0.0122 | clipped=0.0122(上限20.0)
26-04-03-10 原始规范坐标 G(Re Σrow_mean) = +17.6801 | 累计|g| = 9.2360
26-04-03-10 Ψ矩阵条件数 cond(Ψ) = 9.33e+01
26-04-03-10 Loss=-5.585356 | E0=-2.85547094+0.00065440j | E1=-1.40116327-0.00000001j|E2=-0.94615516-0.00004081j|E3=-0.38256655-0.00012391j
26-04-03-10 #-----------------------------------------#
26-04-03-10 [Step 219] logΨ: mean=9.779+0.529j | min=8.919-1.175j | max=10.010+1.870j
26-04-03-10 梯度监控 | raw=1.8240 | natural=0.0004 | clipped=0.0004(上限20.0)
26-04-03-10 原始规范坐标 G(Re Σrow_mean) = +17.6752 | 累计|g| = 9.2360
26-04-03-10 Ψ矩阵条件数 cond(Ψ) = 2.87e+01
26-04-03-10 Loss=-5.585290 | E0=-2.85543971+0.00058875j | E1=-1.40116327+0.00000001j|E2=-0.94615315-0.00004056j|E3=-0.38253383-0.00016462j
26-04-03-10 #-----------------------------------------#
26-04-03-10 [保存] Step 219 → pickle 文件已更新 (220 条记录)
26-04-03-10 [GaugeReset@220] 吸收 Δg = Σ Re(col_mean) = +17.6752 | 新|g| = 9.0149
26-04-03-10 [Step 220] logΨ: mean=10.118+0.726j | min=9.264+2.557j | max=10.354+2.461j
26-04-03-10 梯度监控 | raw=1.9139 | natural=0.0004 | clipped=0.0004(上限20.0)
26-04-03-10 原始规范坐标 G(Re Σrow_mean) = +17.6970 | 累计|g| = 9.0149
26-04-03-10 Ψ矩阵条件数 cond(Ψ) = 2.95e+01
26-04-03-10 Loss=-5.585160 | E0=-2.85543288+0.00058880j | E1=-1.40116329-0.00000000j|E2=-0.94615249-0.00004106j|E3=-0.38241137-0.00013158j
26-04-03-10 #-----------------------------------------#
26-04-03-10 [Step 221] logΨ: mean=10.125+0.747j | min=9.267-0.580j | max=10.357+2.467j
26-04-03-10 梯度监控 | raw=1.8474 | natural=0.0004 | clipped=0.0004(上限20.0)
26-04-03-10 原始规范坐标 G(Re Σrow_mean) = +17.7030 | 累计|g| = 9.0149
26-04-03-10 Ψ矩阵条件数 cond(Ψ) = 2.95e+01
26-04-03-10 Loss=-5.585134 | E0=-2.85542804+0.00058970j | E1=-1.40116326-0.00000000j|E2=-0.94615216-0.00004135j|E3=-0.38239035-0.00000260j
26-04-03-10 #-----------------------------------------#
26-04-03-10 [Step 222] logΨ: mean=11.310+0.890j | min=7.008-0.818j | max=11.541+2.211j
26-04-03-10 梯度监控 | raw=5.5642 | natural=0.0638 | clipped=0.0638(上限20.0)
26-04-03-10 原始规范坐标 G(Re Σrow_mean) = +18.0102 | 累计|g| = 9.0149
26-04-03-10 Ψ矩阵条件数 cond(Ψ) = 3.09e+01
26-04-03-10 Loss=-5.579141 | E0=-2.85542821+0.00058870j | E1=-1.40116328+0.00000003j|E2=-0.94615393-0.00004062j|E3=-0.37639555-0.00021791j
26-04-03-10 #-----------------------------------------#
26-04-03-10 [Step 223] logΨ: mean=11.438+0.761j | min=8.773-0.959j | max=11.661+2.190j
26-04-03-10 梯度监控 | raw=1.2385 | natural=0.0073 | clipped=0.0073(上限20.0)
26-04-03-10 原始规范坐标 G(Re Σrow_mean) = +18.0594 | 累计|g| = 9.0149
26-04-03-10 Ψ矩阵条件数 cond(Ψ) = 3.08e+01
26-04-03-10 Loss=-5.586044 | E0=-2.85535508+0.00026056j | E1=-1.40116328-0.00000002j|E2=-0.94614483-0.00003224j|E3=-0.38338041+0.00044656j
26-04-03-10 #-----------------------------------------#
26-04-03-10 [Step 224] logΨ: mean=11.497+0.751j | min=10.583-0.852j | max=11.662+2.203j
26-04-03-10 梯度监控 | raw=0.8799 | natural=0.0005 | clipped=0.0005(上限20.0)
26-04-03-10 原始规范坐标 G(Re Σrow_mean) = +18.0427 | 累计|g| = 9.0149
26-04-03-10 Ψ矩阵条件数 cond(Ψ) = 3.07e+01
26-04-03-10 Loss=-5.586136 | E0=-2.85534067+0.00023502j | E1=-1.40116323-0.00000000j|E2=-0.94614490-0.00003108j|E3=-0.38348767+0.00036138j
26-04-03-10 #-----------------------------------------#
26-04-03-10 [Step 225] logΨ: mean=11.652+0.750j | min=8.984-0.987j | max=11.856+2.161j
26-04-03-10 梯度监控 | raw=1.2725 | natural=0.0113 | clipped=0.0113(上限20.0)
26-04-03-10 原始规范坐标 G(Re Σrow_mean) = +18.0827 | 累计|g| = 9.0149
26-04-03-10 Ψ矩阵条件数 cond(Ψ) = 3.05e+01
26-04-03-10 Loss=-5.586919 | E0=-2.85533815+0.00023681j | E1=-1.40116326-0.00000001j|E2=-0.94614463-0.00003103j|E3=-0.38427287+0.00026440j
26-04-03-10 #-----------------------------------------#
26-04-03-10 [Step 226] logΨ: mean=11.797+0.571j | min=9.209-1.049j | max=12.067+2.099j
26-04-03-10 梯度监控 | raw=1.8956 | natural=0.0105 | clipped=0.0105(上限20.0)
26-04-03-10 原始规范坐标 G(Re Σrow_mean) = +18.1117 | 累计|g| = 9.0149
26-04-03-10 Ψ矩阵条件数 cond(Ψ) = 3.72e+01
26-04-03-10 Loss=-5.588376 | E0=-2.85531778+0.00019711j | E1=-1.40116327+0.00000003j|E2=-0.94614309-0.00003123j|E3=-0.38575230+0.00024159j
26-04-03-10 #-----------------------------------------#
26-04-03-10 [Step 227] logΨ: mean=11.829+0.711j | min=10.993-0.940j | max=12.068+2.116j
26-04-03-10 梯度监控 | raw=0.8717 | natural=0.0005 | clipped=0.0005(上限20.0)
26-04-03-10 原始规范坐标 G(Re Σrow_mean) = +18.1509 | 累计|g| = 9.0149
26-04-03-10 Ψ矩阵条件数 cond(Ψ) = 3.72e+01
26-04-03-10 Loss=-5.586346 | E0=-2.85529807+0.00015699j | E1=-1.40116329+0.00000003j|E2=-0.94614357-0.00003209j|E3=-0.38374110+0.00025921j
26-04-03-10 #-----------------------------------------#
26-04-03-10 [Step 228] logΨ: mean=11.916+0.607j | min=7.759-1.087j | max=12.137+2.119j
26-04-03-10 梯度监控 | raw=0.3779 | natural=0.0076 | clipped=0.0076(上限20.0)
26-04-03-10 原始规范坐标 G(Re Σrow_mean) = +18.2005 | 累计|g| = 9.0149
26-04-03-10 Ψ矩阵条件数 cond(Ψ) = 3.11e+01
26-04-03-10 Loss=-5.584241 | E0=-2.85529462+0.00015975j | E1=-1.40002345+0.00004896j|E2=-0.94518642-0.00003352j|E3=-0.38373691+0.00018333j
26-04-03-10 #-----------------------------------------#
26-04-03-10 [Step 229] logΨ: mean=12.007+0.461j | min=6.150+0.030j | max=12.324+2.301j
26-04-03-10 梯度监控 | raw=36.0891 | natural=0.1911 | clipped=0.1911(上限20.0)
26-04-03-10 原始规范坐标 G(Re Σrow_mean) = +18.1905 | 累计|g| = 9.0149
26-04-03-10 Ψ矩阵条件数 cond(Ψ) = 3.54e+01
26-04-03-10 Loss=-5.563364 | E0=-2.85560558+0.00021835j | E1=-1.39975000+0.00021047j|E2=-0.94471497-0.00018427j|E3=-0.36329354-0.00115972j
26-04-03-10 #-----------------------------------------#
26-04-03-10 [GaugeReset@230] 吸收 Δg = Σ Re(col_mean) = +18.1905 | 新|g| = 9.2510
26-04-03-10 [Step 230] logΨ: mean=11.691+0.565j | min=9.021-0.816j | max=11.869+2.332j
26-04-03-10 梯度监控 | raw=0.5152 | natural=0.0040 | clipped=0.0040(上限20.0)
26-04-03-10 原始规范坐标 G(Re Σrow_mean) = +18.2315 | 累计|g| = 9.2510
26-04-03-10 Ψ矩阵条件数 cond(Ψ) = 3.66e+01
26-04-03-10 Loss=-5.586691 | E0=-2.85533336+0.00029805j | E1=-1.40116327+0.00000000j|E2=-0.94614305-0.00001723j|E3=-0.38405090+0.00024132j
26-04-03-10 #-----------------------------------------#
26-04-03-10 [Step 231] logΨ: mean=11.659+0.484j | min=10.794-0.715j | max=11.868+2.344j
26-04-03-10 梯度监控 | raw=0.6275 | natural=0.0005 | clipped=0.0005(上限20.0)
26-04-03-10 原始规范坐标 G(Re Σrow_mean) = +18.2672 | 累计|g| = 9.2510
26-04-03-10 Ψ矩阵条件数 cond(Ψ) = 3.66e+01
26-04-03-10 Loss=-5.586735 | E0=-2.85532008+0.00028307j | E1=-1.40116328+0.00000002j|E2=-0.94614202-0.00001864j|E3=-0.38410999+0.00026960j
26-04-03-10 #-----------------------------------------#
26-04-03-10 [Step 232] logΨ: mean=11.640+0.455j | min=10.794-0.704j | max=11.867+2.356j
26-04-03-10 梯度监控 | raw=0.6453 | natural=0.0004 | clipped=0.0004(上限20.0)
26-04-03-10 原始规范坐标 G(Re Σrow_mean) = +18.2939 | 累计|g| = 9.2510
26-04-03-10 Ψ矩阵条件数 cond(Ψ) = 3.66e+01
26-04-03-10 Loss=-5.586533 | E0=-2.85531506+0.00028345j | E1=-1.40116329+0.00000001j|E2=-0.94614172-0.00001950j|E3=-0.38391284+0.00029189j
26-04-03-10 #-----------------------------------------#
26-04-03-10 [Step 233] logΨ: mean=11.578+0.689j | min=8.906+2.417j | max=11.775+2.536j
26-04-03-10 梯度监控 | raw=0.5516 | natural=0.0064 | clipped=0.0064(上限20.0)
26-04-03-10 原始规范坐标 G(Re Σrow_mean) = +18.2594 | 累计|g| = 9.2510
26-04-03-10 Ψ矩阵条件数 cond(Ψ) = 3.64e+01
26-04-03-10 Loss=-5.586687 | E0=-2.85531307+0.00028733j | E1=-1.40116325-0.00000002j|E2=-0.94614182-0.00001897j|E3=-0.38406858+0.00025515j
26-04-03-10 #-----------------------------------------#
26-04-03-10 [Step 234] logΨ: mean=11.502+0.841j | min=8.854-0.604j | max=11.711+2.640j
26-04-03-10 梯度监控 | raw=0.6702 | natural=0.0084 | clipped=0.0084(上限20.0)
26-04-03-10 原始规范坐标 G(Re Σrow_mean) = +18.2168 | 累计|g| = 9.2510
26-04-03-10 Ψ矩阵条件数 cond(Ψ) = 3.65e+01
26-04-03-10 Loss=-5.586833 | E0=-2.85526314+0.00034305j | E1=-1.40116326+0.00000003j|E2=-0.94614161-0.00001796j|E3=-0.38426508+0.00023333j
26-04-03-10 #-----------------------------------------#
26-04-03-10 [Step 235] logΨ: mean=11.490+0.802j | min=10.635-0.414j | max=11.707+2.647j
26-04-03-10 梯度监控 | raw=0.6522 | natural=0.0004 | clipped=0.0004(上限20.0)
26-04-03-10 原始规范坐标 G(Re Σrow_mean) = +18.2223 | 累计|g| = 9.2510
26-04-03-10 Ψ矩阵条件数 cond(Ψ) = 3.65e+01
26-04-03-10 Loss=-5.586539 | E0=-2.85521857+0.00038382j | E1=-1.40116327-0.00000001j|E2=-0.94614091-0.00001791j|E3=-0.38401646+0.00013300j
26-04-03-10 #-----------------------------------------#
26-04-03-10 [Step 236] logΨ: mean=11.216+0.727j | min=8.173+2.481j | max=11.442+2.591j
26-04-03-10 梯度监控 | raw=1.0820 | natural=0.0101 | clipped=0.0101(上限20.0)
26-04-03-10 原始规范坐标 G(Re Σrow_mean) = +18.1536 | 累计|g| = 9.2510
26-04-03-10 Ψ矩阵条件数 cond(Ψ) = 3.77e+01
26-04-03-10 Loss=-5.585903 | E0=-2.85521603+0.00038533j | E1=-1.40116325-0.00000000j|E2=-0.94614100-0.00001790j|E3=-0.38338241-0.00013182j
26-04-03-10 #-----------------------------------------#
26-04-03-10 [Step 237] logΨ: mean=10.884+0.558j | min=7.314-0.534j | max=11.157+2.625j
26-04-03-10 梯度监控 | raw=3.7199 | natural=0.0479 | clipped=0.0479(上限20.0)
26-04-03-10 原始规范坐标 G(Re Σrow_mean) = +18.0734 | 累计|g| = 9.2510
26-04-03-10 Ψ矩阵条件数 cond(Ψ) = 3.70e+01
26-04-03-10 Loss=-5.585228 | E0=-2.85530048+0.00050267j | E1=-1.40116329-0.00000001j|E2=-0.94616052-0.00001984j|E3=-0.38260360-0.00021876j
26-04-03-10 #-----------------------------------------#
26-04-03-10 [Step 238] logΨ: mean=10.922+0.463j | min=8.365-0.515j | max=11.190+2.627j
26-04-03-10 梯度监控 | raw=0.5706 | natural=0.0030 | clipped=0.0030(上限20.0)
26-04-03-10 原始规范坐标 G(Re Σrow_mean) = +18.1192 | 累计|g| = 9.2510
26-04-03-10 Ψ矩阵条件数 cond(Ψ) = 3.69e+01
26-04-03-10 Loss=-5.586794 | E0=-2.85530323+0.00055773j | E1=-1.40116325-0.00000002j|E2=-0.94614190-0.00001857j|E3=-0.38418577-0.00006117j
26-04-03-10 #-----------------------------------------#
26-04-03-10 [Step 239] logΨ: mean=10.769+0.574j | min=7.572+2.488j | max=10.982+2.587j
26-04-03-10 梯度监控 | raw=2.8898 | natural=0.0174 | clipped=0.0174(上限20.0)
26-04-03-10 原始规范坐标 G(Re Σrow_mean) = +18.0110 | 累计|g| = 9.2510
26-04-03-10 Ψ矩阵条件数 cond(Ψ) = 3.70e+01
26-04-03-10 Loss=-5.584625 | E0=-2.85530134+0.00054650j | E1=-1.40116326-0.00000001j|E2=-0.94614309-0.00001715j|E3=-0.38201758-0.00087152j
26-04-03-10 #-----------------------------------------#
26-04-03-10 [保存] Step 239 → pickle 文件已更新 (240 条记录)
26-04-03-10 [GaugeReset@240] 吸收 Δg = Σ Re(col_mean) = +18.0110 | 新|g| = 9.1624
26-04-03-10 [Step 240] logΨ: mean=10.951+0.493j | min=5.620+0.367j | max=11.176+2.456j
26-04-03-10 梯度监控 | raw=0.9495 | natural=0.0118 | clipped=0.0118(上限20.0)
26-04-03-10 原始规范坐标 G(Re Σrow_mean) = +18.0165 | 累计|g| = 9.1624
26-04-03-10 Ψ矩阵条件数 cond(Ψ) = 1.49e+02
26-04-03-10 Loss=-5.586431 | E0=-2.85449091+0.00065121j | E1=-1.40116331-0.00000001j|E2=-0.94614300-0.00001798j|E3=-0.38463404-0.00008071j
26-04-03-10 #-----------------------------------------#
26-04-03-10 [Step 241] logΨ: mean=10.049+0.841j | min=6.374+0.824j | max=10.296+2.738j
26-04-03-10 梯度监控 | raw=2.4901 | natural=0.0637 | clipped=0.0637(上限20.0)
26-04-03-10 原始规范坐标 G(Re Σrow_mean) = +17.8306 | 累计|g| = 9.1624
26-04-03-10 Ψ矩阵条件数 cond(Ψ) = 4.55e+01
26-04-03-10 Loss=-5.585323 | E0=-2.85532885+0.00058623j | E1=-1.40116327-0.00000002j|E2=-0.94614704-0.00001930j|E3=-0.38268346+0.00119358j
26-04-03-10 #-----------------------------------------#
26-04-03-10 [Step 242] logΨ: mean=9.976+0.794j | min=7.435-0.393j | max=10.281+2.772j
26-04-03-10 梯度监控 | raw=0.9644 | natural=0.0024 | clipped=0.0024(上限20.0)
26-04-03-10 原始规范坐标 G(Re Σrow_mean) = +17.8733 | 累计|g| = 9.1624
26-04-03-10 Ψ矩阵条件数 cond(Ψ) = 3.21e+01
26-04-03-10 Loss=-5.586561 | E0=-2.85535751+0.00064658j | E1=-1.40116328-0.00000000j|E2=-0.94615397-0.00003150j|E3=-0.38388641+0.00030901j
26-04-03-10 #-----------------------------------------#
26-04-03-10 [Step 243] logΨ: mean=10.060+0.966j | min=7.444-0.370j | max=10.283+2.792j
26-04-03-10 梯度监控 | raw=0.6882 | natural=0.0032 | clipped=0.0032(上限20.0)
26-04-03-10 原始规范坐标 G(Re Σrow_mean) = +17.8249 | 累计|g| = 9.1624
26-04-03-10 Ψ矩阵条件数 cond(Ψ) = 3.20e+01
26-04-03-10 Loss=-5.586691 | E0=-2.85533613+0.00066218j | E1=-1.40116329-0.00000001j|E2=-0.94615516-0.00002961j|E3=-0.38403665+0.00015370j
26-04-03-10 #-----------------------------------------#
26-04-03-10 [Step 244] logΨ: mean=10.069+0.969j | min=7.494-0.348j | max=10.308+2.793j
26-04-03-10 梯度监控 | raw=0.6555 | natural=0.0023 | clipped=0.0023(上限20.0)
26-04-03-10 原始规范坐标 G(Re Σrow_mean) = +17.8177 | 累计|g| = 9.1624
26-04-03-10 Ψ矩阵条件数 cond(Ψ) = 1.25e+02
26-04-03-10 Loss=-5.586750 | E0=-2.85531465+0.00067197j | E1=-1.40116327+0.00000001j|E2=-0.94615451-0.00002973j|E3=-0.38411787+0.00016386j
26-04-03-10 #-----------------------------------------#
26-04-03-10 [Step 245] logΨ: mean=10.045+0.947j | min=5.780+2.652j | max=10.298+2.656j
26-04-03-10 梯度监控 | raw=1.2689 | natural=0.0741 | clipped=0.0741(上限20.0)
26-04-03-10 原始规范坐标 G(Re Σrow_mean) = +17.9082 | 累计|g| = 9.1624
26-04-03-10 Ψ矩阵条件数 cond(Ψ) = 3.28e+01
26-04-03-10 Loss=-5.585398 | E0=-2.85530398+0.00066103j | E1=-1.40101505+0.00002285j|E2=-0.94600706-0.00004183j|E3=-0.38307185+0.00044583j
26-04-03-10 #-----------------------------------------#
26-04-03-10 [Step 246] logΨ: mean=10.040+1.210j | min=9.232-0.410j | max=10.298+2.658j
26-04-03-10 梯度监控 | raw=0.5499 | natural=0.0002 | clipped=0.0002(上限20.0)
26-04-03-10 原始规范坐标 G(Re Σrow_mean) = +17.8826 | 累计|g| = 9.1624
26-04-03-10 Ψ矩阵条件数 cond(Ψ) = 4.53e+01
26-04-03-10 Loss=-5.586614 | E0=-2.85524940+0.00065926j | E1=-1.40116329-0.00000001j|E2=-0.94615180-0.00003630j|E3=-0.38404955+0.00008522j
26-04-03-10 #-----------------------------------------#
26-04-03-10 [Step 247] logΨ: mean=9.165+1.143j | min=4.298+1.643j | max=9.446+2.653j
26-04-03-10 梯度监控 | raw=3.5973 | natural=0.1224 | clipped=0.1224(上限20.0)
26-04-03-10 原始规范坐标 G(Re Σrow_mean) = +17.7679 | 累计|g| = 9.1624
26-04-03-10 Ψ矩阵条件数 cond(Ψ) = 1.10e+02
26-04-03-10 Loss=-5.583997 | E0=-2.85523368+0.00067696j | E1=-1.39985658+0.00038396j|E2=-0.94430011-0.00034856j|E3=-0.38460695+0.00013791j
26-04-03-10 #-----------------------------------------#
26-04-03-10 [Step 248] logΨ: mean=9.229+1.177j | min=8.379-0.411j | max=9.445+2.655j
26-04-03-10 梯度监控 | raw=0.3789 | natural=0.0002 | clipped=0.0002(上限20.0)
26-04-03-10 原始规范坐标 G(Re Σrow_mean) = +17.7449 | 累计|g| = 9.1624
26-04-03-10 Ψ矩阵条件数 cond(Ψ) = 3.15e+01
26-04-03-10 Loss=-5.587026 | E0=-2.85517159+0.00055916j | E1=-1.40116327+0.00000001j|E2=-0.94617226-0.00010499j|E3=-0.38451866+0.00024991j
26-04-03-10 #-----------------------------------------#
26-04-03-10 [Step 249] logΨ: mean=8.364+1.362j | min=4.677+2.900j | max=8.619+2.864j
26-04-03-10 梯度监控 | raw=1.4585 | natural=0.0585 | clipped=0.0585(上限20.0)
26-04-03-10 原始规范坐标 G(Re Σrow_mean) = +17.4910 | 累计|g| = 9.1624
26-04-03-10 Ψ矩阵条件数 cond(Ψ) = 3.07e+01
26-04-03-10 Loss=-5.585932 | E0=-2.85520027+0.00056457j | E1=-1.40116326-0.00000001j|E2=-0.94618151-0.00010267j|E3=-0.38338671+0.00240394j
26-04-03-10 #-----------------------------------------#
26-04-03-10 [GaugeReset@250] 吸收 Δg = Σ Re(col_mean) = +17.4910 | 新|g| = 8.9787
26-04-03-10 [Step 250] logΨ: mean=8.839+1.310j | min=4.600-2.815j | max=9.068+2.737j
26-04-03-10 梯度监控 | raw=0.8289 | natural=0.0425 | clipped=0.0425(上限20.0)
26-04-03-10 原始规范坐标 G(Re Σrow_mean) = +17.4446 | 累计|g| = 8.9787
26-04-03-10 Ψ矩阵条件数 cond(Ψ) = 3.21e+01
26-04-03-10 Loss=-5.585653 | E0=-2.85519392+0.00068932j | E1=-1.40055903-0.00008981j|E2=-0.94557395-0.00039480j|E3=-0.38432586+0.00051965j
26-04-03-10 #-----------------------------------------#
26-04-03-10 [Step 251] logΨ: mean=8.865+1.343j | min=6.273-0.395j | max=9.065+2.769j
26-04-03-10 梯度监控 | raw=0.5301 | natural=0.0030 | clipped=0.0030(上限20.0)
26-04-03-10 原始规范坐标 G(Re Σrow_mean) = +17.4505 | 累计|g| = 8.9787
26-04-03-10 Ψ矩阵条件数 cond(Ψ) = 1.17e+02
26-04-03-10 Loss=-5.586843 | E0=-2.85518242+0.00077045j | E1=-1.40116327+0.00000002j|E2=-0.94623051-0.00016095j|E3=-0.38426645+0.00024903j
26-04-03-10 #-----------------------------------------#
26-04-03-10 [Step 252] logΨ: mean=8.926+1.255j | min=5.081+2.836j | max=9.145+2.752j
26-04-03-10 梯度监控 | raw=3.9435 | natural=0.0277 | clipped=0.0277(上限20.0)
26-04-03-10 原始规范坐标 G(Re Σrow_mean) = +17.4799 | 累计|g| = 8.9787
26-04-03-10 Ψ矩阵条件数 cond(Ψ) = 3.26e+01
26-04-03-10 Loss=-5.583422 | E0=-2.85520325+0.00077206j | E1=-1.40039452-0.00001619j|E2=-0.94564743-0.00007253j|E3=-0.38217723+0.00018893j
26-04-03-10 #-----------------------------------------#
26-04-03-10 [Step 253] logΨ: mean=9.584+1.382j | min=3.879-1.268j | max=9.820+2.900j
26-04-03-10 梯度监控 | raw=8.4157 | natural=0.0763 | clipped=0.0763(上限20.0)
26-04-03-10 原始规范坐标 G(Re Σrow_mean) = +17.6223 | 累计|g| = 8.9787
26-04-03-10 Ψ矩阵条件数 cond(Ψ) = 3.19e+01
26-04-03-10 Loss=-5.582394 | E0=-2.85517886+0.00080336j | E1=-1.40116328+0.00000001j|E2=-0.94622402-0.00014213j|E3=-0.37982741-0.00001044j
26-04-03-10 #-----------------------------------------#
26-04-03-10 [Step 254] logΨ: mean=9.093+1.202j | min=4.727-0.211j | max=9.322+2.846j
26-04-03-10 梯度监控 | raw=3.0112 | natural=0.0944 | clipped=0.0944(上限20.0)
26-04-03-10 原始规范坐标 G(Re Σrow_mean) = +17.5109 | 累计|g| = 8.9787
26-04-03-10 Ψ矩阵条件数 cond(Ψ) = 3.24e+01
26-04-03-10 Loss=-5.585017 | E0=-2.85527613+0.00057975j | E1=-1.40062635+0.00095068j|E2=-0.94466884-0.00069802j|E3=-0.38444570+0.00015416j
26-04-03-10 #-----------------------------------------#
26-04-03-10 [Step 255] logΨ: mean=9.194+1.145j | min=3.355+1.026j | max=9.399+2.833j
26-04-03-10 梯度监控 | raw=1.4053 | natural=0.0263 | clipped=0.0263(上限20.0)
26-04-03-10 原始规范坐标 G(Re Σrow_mean) = +17.5775 | 累计|g| = 8.9787
26-04-03-10 Ψ矩阵条件数 cond(Ψ) = 3.39e+01
26-04-03-10 Loss=-5.583620 | E0=-2.85518344+0.00060539j | E1=-1.39920859-0.00004177j|E2=-0.94479260+0.00019108j|E3=-0.38443542+0.00001297j
26-04-03-10 #-----------------------------------------#
26-04-03-10 [Step 256] logΨ: mean=9.139+0.790j | min=5.494-2.480j | max=9.403+2.686j
26-04-03-10 梯度监控 | raw=0.9084 | natural=0.0217 | clipped=0.0217(上限20.0)
26-04-03-10 原始规范坐标 G(Re Σrow_mean) = +17.5793 | 累计|g| = 8.9787
26-04-03-10 Ψ矩阵条件数 cond(Ψ) = 3.40e+01
26-04-03-10 Loss=-5.587479 | E0=-2.85518315+0.00064055j | E1=-1.40116327-0.00000002j|E2=-0.94623789-0.00011487j|E3=-0.38489506+0.00017839j
26-04-03-10 #-----------------------------------------#
26-04-03-10 [Step 257] logΨ: mean=9.165+0.738j | min=3.721-0.213j | max=9.377+2.601j
26-04-03-10 梯度监控 | raw=2.1189 | natural=0.0159 | clipped=0.0159(上限20.0)
26-04-03-10 原始规范坐标 G(Re Σrow_mean) = +17.5934 | 累计|g| = 8.9787
26-04-03-10 Ψ矩阵条件数 cond(Ψ) = 7.08e+01
26-04-03-10 Loss=-5.585626 | E0=-2.85359084+0.00069334j | E1=-1.40116325+0.00000001j|E2=-0.94622516-0.00011932j|E3=-0.38464661+0.00012709j
26-04-03-10 #-----------------------------------------#
26-04-03-10 [Step 258] logΨ: mean=8.968+0.883j | min=5.339+0.839j | max=9.179+2.694j
26-04-03-10 梯度监控 | raw=1.2605 | natural=0.0124 | clipped=0.0124(上限20.0)
26-04-03-10 原始规范坐标 G(Re Σrow_mean) = +17.5250 | 累计|g| = 8.9787
26-04-03-10 Ψ矩阵条件数 cond(Ψ) = 3.01e+01
26-04-03-10 Loss=-5.586891 | E0=-2.85528343+0.00057255j | E1=-1.40116331-0.00000001j|E2=-0.94622216-0.00011464j|E3=-0.38422202+0.00080726j
26-04-03-10 #-----------------------------------------#
26-04-03-11 [Step 259] logΨ: mean=8.988+0.850j | min=8.114-0.379j | max=9.181+2.697j
26-04-03-11 梯度监控 | raw=1.2926 | natural=0.0002 | clipped=0.0002(上限20.0)
26-04-03-11 原始规范坐标 G(Re Σrow_mean) = +17.5652 | 累计|g| = 8.9787
26-04-03-11 Ψ矩阵条件数 cond(Ψ) = 3.01e+01
26-04-03-11 Loss=-5.586744 | E0=-2.85520858+0.00064554j | E1=-1.40116324+0.00000000j|E2=-0.94622615-0.00012891j|E3=-0.38414649+0.00000472j
26-04-03-11 #-----------------------------------------#
26-04-03-11 [保存] Step 259 → pickle 文件已更新 (260 条记录)
26-04-03-11 [GaugeReset@260] 吸收 Δg = Σ Re(col_mean) = +17.5652 | 新|g| = 8.9981
26-04-03-11 [Step 260] logΨ: mean=8.979+0.815j | min=5.118-2.146j | max=9.220+2.707j
26-04-03-11 梯度监控 | raw=1.4799 | natural=0.0090 | clipped=0.0090(上限20.0)
26-04-03-11 原始规范坐标 G(Re Σrow_mean) = +17.6064 | 累计|g| = 8.9981
26-04-03-11 Ψ矩阵条件数 cond(Ψ) = 6.70e+01
26-04-03-11 Loss=-5.585315 | E0=-2.85520817+0.00064370j | E1=-1.40046559-0.00012479j|E2=-0.94559922-0.00006051j|E3=-0.38404170+0.00004523j
26-04-03-11 #-----------------------------------------#
26-04-03-11 [Step 261] logΨ: mean=8.955+0.865j | min=6.356-0.427j | max=9.170+2.734j
26-04-03-11 梯度监控 | raw=1.2706 | natural=0.0056 | clipped=0.0056(上限20.0)
26-04-03-11 原始规范坐标 G(Re Σrow_mean) = +17.5611 | 累计|g| = 8.9981
26-04-03-11 Ψ矩阵条件数 cond(Ψ) = 3.11e+01
26-04-03-11 Loss=-5.586708 | E0=-2.85523127+0.00060568j | E1=-1.40116327+0.00000001j|E2=-0.94621710-0.00011408j|E3=-0.38409631-0.00027757j
26-04-03-11 #-----------------------------------------#
26-04-03-11 [Step 262] logΨ: mean=9.072+0.853j | min=4.505-2.905j | max=9.288+2.712j
26-04-03-11 梯度监控 | raw=4.4914 | natural=0.0125 | clipped=0.0125(上限20.0)
26-04-03-11 原始规范坐标 G(Re Σrow_mean) = +17.6178 | 累计|g| = 8.9981
26-04-03-11 Ψ矩阵条件数 cond(Ψ) = 3.04e+01
26-04-03-11 Loss=-5.580896 | E0=-2.85522150+0.00061626j | E1=-1.39808515-0.00087478j|E2=-0.94347029+0.00053032j|E3=-0.38411944-0.00007482j
26-04-03-11 #-----------------------------------------#
26-04-03-11 [Step 263] logΨ: mean=9.221+0.906j | min=3.376-1.570j | max=9.449+2.777j
26-04-03-11 梯度监控 | raw=4.9425 | natural=0.0188 | clipped=0.0188(上限20.0)
26-04-03-11 原始规范坐标 G(Re Σrow_mean) = +17.6663 | 累计|g| = 8.9981
26-04-03-11 Ψ矩阵条件数 cond(Ψ) = 3.03e+01
26-04-03-11 Loss=-5.582677 | E0=-2.85204328+0.00061879j | E1=-1.40116326+0.00000001j|E2=-0.94621112-0.00010661j|E3=-0.38325906+0.00010673j
26-04-03-11 #-----------------------------------------#
26-04-03-11 [Step 264] logΨ: mean=9.165+0.962j | min=6.625+2.787j | max=9.387+2.786j
26-04-03-11 梯度监控 | raw=1.8093 | natural=0.0055 | clipped=0.0055(上限20.0)
26-04-03-11 原始规范坐标 G(Re Σrow_mean) = +17.6559 | 累计|g| = 8.9981
26-04-03-11 Ψ矩阵条件数 cond(Ψ) = 5.50e+01
26-04-03-11 Loss=-5.585967 | E0=-2.85521419+0.00042970j | E1=-1.40116327-0.00000001j|E2=-0.94622778-0.00010464j|E3=-0.38336221+0.00015997j
26-04-03-11 #-----------------------------------------#
26-04-03-11 [Step 265] logΨ: mean=9.161+1.017j | min=4.471+1.289j | max=9.345+2.857j
26-04-03-11 梯度监控 | raw=1.6233 | natural=0.0159 | clipped=0.0159(上限20.0)
26-04-03-11 原始规范坐标 G(Re Σrow_mean) = +17.6320 | 累计|g| = 8.9981
26-04-03-11 Ψ矩阵条件数 cond(Ψ) = 3.00e+01
26-04-03-11 Loss=-5.584097 | E0=-2.85520881+0.00044238j | E1=-1.39989647-0.00021966j|E2=-0.94500361-0.00001609j|E3=-0.38398808+0.00017618j
26-04-03-11 #-----------------------------------------#
26-04-03-11 [Step 266] logΨ: mean=8.647+0.948j | min=4.488+2.424j | max=8.856+2.791j
26-04-03-11 梯度监控 | raw=2.0320 | natural=0.0455 | clipped=0.0455(上限20.0)
26-04-03-11 原始规范坐标 G(Re Σrow_mean) = +17.4894 | 累计|g| = 8.9981
26-04-03-11 Ψ矩阵条件数 cond(Ψ) = 3.10e+01
26-04-03-11 Loss=-5.585134 | E0=-2.85518369+0.00047658j | E1=-1.40116328-0.00000001j|E2=-0.94622095-0.00009467j|E3=-0.38256576+0.00006237j
26-04-03-11 #-----------------------------------------#
26-04-03-11 [Step 267] logΨ: mean=9.486+0.448j | min=2.865-0.766j | max=9.757+2.314j
26-04-03-11 梯度监控 | raw=7.6314 | natural=0.1227 | clipped=0.1227(上限20.0)
26-04-03-11 原始规范坐标 G(Re Σrow_mean) = +17.8131 | 累计|g| = 8.9981
26-04-03-11 Ψ矩阵条件数 cond(Ψ) = 3.10e+01
26-04-03-11 Loss=-5.571842 | E0=-2.85528361+0.00055999j | E1=-1.39320124-0.00092683j|E2=-0.94015879+0.00080448j|E3=-0.38319808+0.00013178j
26-04-03-11 #-----------------------------------------#
26-04-03-11 [Step 268] logΨ: mean=9.642+0.604j | min=5.776+0.351j | max=9.830+2.292j
26-04-03-11 梯度监控 | raw=6.5286 | natural=0.0073 | clipped=0.0073(上限20.0)
26-04-03-11 原始规范坐标 G(Re Σrow_mean) = +17.7792 | 累计|g| = 8.9981
26-04-03-11 Ψ矩阵条件数 cond(Ψ) = 3.13e+01
26-04-03-11 Loss=-5.583914 | E0=-2.85528751+0.00011710j | E1=-1.39973992-0.00007024j|E2=-0.94534865+0.00010964j|E3=-0.38353798+0.00337904j
26-04-03-11 #-----------------------------------------#
26-04-03-11 [Step 269] logΨ: mean=9.487+0.707j | min=6.183-2.760j | max=9.697+2.331j
26-04-03-11 梯度监控 | raw=8.3739 | natural=0.0063 | clipped=0.0063(上限20.0)
26-04-03-11 原始规范坐标 G(Re Σrow_mean) = +17.7699 | 累计|g| = 8.9981
26-04-03-11 Ψ矩阵条件数 cond(Ψ) = 3.14e+01
26-04-03-11 Loss=-5.586751 | E0=-2.85529967+0.00011686j | E1=-1.40116329-0.00000000j|E2=-0.94624172-0.00009932j|E3=-0.38404620+0.00373479j
26-04-03-11 #-----------------------------------------#
26-04-03-11 [GaugeReset@270] 吸收 Δg = Σ Re(col_mean) = +17.7699 | 新|g| = 9.1056
26-04-03-11 [Step 270] logΨ: mean=9.054+0.797j | min=5.992-1.013j | max=9.285+2.421j
26-04-03-11 梯度监控 | raw=7.7029 | natural=0.0117 | clipped=0.0117(上限20.0)
26-04-03-11 原始规范坐标 G(Re Σrow_mean) = +17.6676 | 累计|g| = 9.1056
26-04-03-11 Ψ矩阵条件数 cond(Ψ) = 3.56e+01
26-04-03-11 Loss=-5.585122 | E0=-2.85530747+0.00013970j | E1=-1.40116327-0.00000001j|E2=-0.94623890-0.00009630j|E3=-0.38241214+0.00153623j
26-04-03-11 #-----------------------------------------#
26-04-03-11 [Step 271] logΨ: mean=8.933+0.917j | min=4.405+1.644j | max=9.137+2.389j
26-04-03-11 梯度监控 | raw=7.3788 | natural=0.0160 | clipped=0.0160(上限20.0)
26-04-03-11 原始规范坐标 G(Re Σrow_mean) = +17.6646 | 累计|g| = 9.1056
26-04-03-11 Ψ矩阵条件数 cond(Ψ) = 3.73e+01
26-04-03-11 Loss=-5.585432 | E0=-2.85531108+0.00018343j | E1=-1.40070719-0.00000266j|E2=-0.94603591-0.00000485j|E3=-0.38337781+0.00352307j
26-04-03-11 #-----------------------------------------#
26-04-03-11 [Step 272] logΨ: mean=9.919+1.465j | min=3.093+1.411j | max=10.181+2.986j
26-04-03-11 梯度监控 | raw=12.2503 | natural=0.6749 | clipped=0.6749(上限20.0)
26-04-03-11 原始规范坐标 G(Re Σrow_mean) = +17.9959 | 累计|g| = 9.1056
26-04-03-11 Ψ矩阵条件数 cond(Ψ) = 3.27e+01
26-04-03-11 Loss=-5.584111 | E0=-2.85394956+0.00032794j | E1=-1.39093145-0.00072886j|E2=-0.95557500-0.02821793j|E3=-0.38365536+0.00357894j
26-04-03-11 #-----------------------------------------#
26-04-03-11 [Step 273] logΨ: mean=10.545+0.589j | min=4.945+1.448j | max=10.794+2.162j
26-04-03-11 梯度监控 | raw=26.0758 | natural=0.0312 | clipped=0.0312(上限20.0)
26-04-03-11 原始规范坐标 G(Re Σrow_mean) = +18.1962 | 累计|g| = 9.1056
26-04-03-11 Ψ矩阵条件数 cond(Ψ) = 5.55e+01
26-04-03-11 Loss=-5.574272 | E0=-2.85518278+0.00017174j | E1=-1.39942253+0.00006021j|E2=-0.94445186+0.00002466j|E3=-0.37521481+0.00526011j
26-04-03-11 #-----------------------------------------#
26-04-03-11 [Step 274] logΨ: mean=10.309+0.395j | min=3.693+1.411j | max=10.552+1.534j
26-04-03-11 梯度监控 | raw=21.2479 | natural=0.0225 | clipped=0.0225(上限20.0)
26-04-03-11 原始规范坐标 G(Re Σrow_mean) = +18.1068 | 累计|g| = 9.1056
26-04-03-11 Ψ矩阵条件数 cond(Ψ) = 6.83e+01
26-04-03-11 Loss=-5.578089 | E0=-2.85527135+0.00007870j | E1=-1.39963055+0.00017352j|E2=-0.94351163-0.00035865j|E3=-0.37967577+0.00323809j
26-04-03-11 #-----------------------------------------#
26-04-03-11 [Step 275] logΨ: mean=10.440+1.141j | min=5.213-2.530j | max=10.699+2.515j
26-04-03-11 梯度监控 | raw=23.9136 | natural=0.1241 | clipped=0.1241(上限20.0)
26-04-03-11 原始规范坐标 G(Re Σrow_mean) = +18.0638 | 累计|g| = 9.1056
26-04-03-11 Ψ矩阵条件数 cond(Ψ) = 5.14e+01
26-04-03-11 Loss=-5.566440 | E0=-2.85554467-0.00006694j | E1=-1.40116328-0.00000003j|E2=-0.94616692-0.00008259j|E3=-0.36356515-0.00051251j
26-04-03-11 #-----------------------------------------#
26-04-03-11 [Step 276] logΨ: mean=10.351+1.382j | min=5.464+2.650j | max=10.627+2.896j
26-04-03-11 梯度监控 | raw=22.1577 | natural=0.0491 | clipped=0.0491(上限20.0)
26-04-03-11 原始规范坐标 G(Re Σrow_mean) = +18.0610 | 累计|g| = 9.1056
26-04-03-11 Ψ矩阵条件数 cond(Ψ) = 9.11e+01
26-04-03-11 Loss=-5.577577 | E0=-2.85352357+0.00023069j | E1=-1.40116328+0.00000001j|E2=-0.94617230-0.00006399j|E3=-0.37671792+0.00032109j
26-04-03-11 #-----------------------------------------#
26-04-03-11 [Step 277] logΨ: mean=10.210+1.362j | min=6.153-1.518j | max=10.465+2.826j
26-04-03-11 梯度监控 | raw=24.7516 | natural=0.0871 | clipped=0.0871(上限20.0)
26-04-03-11 原始规范坐标 G(Re Σrow_mean) = +18.0250 | 累计|g| = 9.1056
26-04-03-11 Ψ矩阵条件数 cond(Ψ) = 8.91e+01
26-04-03-11 Loss=-5.580170 | E0=-2.85523246+0.00039985j | E1=-1.40116325-0.00000001j|E2=-0.94617574-0.00005614j|E3=-0.37759840+0.00291073j
26-04-03-11 #-----------------------------------------#
26-04-03-11 [Step 278] logΨ: mean=10.089+1.411j | min=7.494-0.528j | max=10.303+2.836j
26-04-03-11 梯度监控 | raw=15.5706 | natural=0.0133 | clipped=0.0133(上限20.0)
26-04-03-11 原始规范坐标 G(Re Σrow_mean) = +17.9510 | 累计|g| = 9.1056
26-04-03-11 Ψ矩阵条件数 cond(Ψ) = 1.21e+02
26-04-03-11 Loss=-5.585794 | E0=-2.85521746+0.00060609j | E1=-1.40116329-0.00000001j|E2=-0.94616525-0.00006051j|E3=-0.38324820-0.00061860j
26-04-03-11 #-----------------------------------------#
26-04-03-11 [Step 279] logΨ: mean=9.943+1.370j | min=7.390-0.497j | max=10.205+2.832j
26-04-03-11 梯度监控 | raw=17.7433 | natural=0.0096 | clipped=0.0096(上限20.0)
26-04-03-11 原始规范坐标 G(Re Σrow_mean) = +17.9335 | 累计|g| = 9.1056
26-04-03-11 Ψ矩阵条件数 cond(Ψ) = 1.28e+02
26-04-03-11 Loss=-5.585797 | E0=-2.85515019+0.00074425j | E1=-1.40116327+0.00000001j|E2=-0.94616255-0.00006141j|E3=-0.38332146+0.00075222j
26-04-03-11 #-----------------------------------------#
26-04-03-11 [保存] Step 279 → pickle 文件已更新 (280 条记录)
26-04-03-11 [GaugeReset@280] 吸收 Δg = Σ Re(col_mean) = +17.9335 | 新|g| = 9.1849
26-04-03-11 [Step 280] logΨ: mean=9.801+0.912j | min=8.914-0.678j | max=10.051+2.429j
26-04-03-11 梯度监控 | raw=20.4899 | natural=0.0027 | clipped=0.0027(上限20.0)
26-04-03-11 原始规范坐标 G(Re Σrow_mean) = +17.9803 | 累计|g| = 9.1849
26-04-03-11 Ψ矩阵条件数 cond(Ψ) = 6.41e+01
26-04-03-11 Loss=-5.584184 | E0=-2.85509473+0.00083478j | E1=-1.40116328-0.00000000j|E2=-0.94616050-0.00006125j|E3=-0.38176583+0.00172310j
26-04-03-11 #-----------------------------------------#
26-04-03-11 [Step 281] logΨ: mean=9.291-0.432j | min=2.436-0.884j | max=9.582+0.669j
26-04-03-11 梯度监控 | raw=24.9094 | natural=0.6507 | clipped=0.6507(上限20.0)
26-04-03-11 原始规范坐标 G(Re Σrow_mean) = +17.7451 | 累计|g| = 9.1849
26-04-03-11 Ψ矩阵条件数 cond(Ψ) = 4.87e+01
26-04-03-11 Loss=-5.586548 | E0=-2.85014626+0.00095059j | E1=-1.39885237+0.00012204j|E2=-0.95786543-0.01101340j|E3=-0.37968400-0.00385627j
26-04-03-11 #-----------------------------------------#
26-04-03-11 [Step 282] logΨ: mean=9.606-0.683j | min=4.331-2.308j | max=9.901+0.564j
26-04-03-11 梯度监控 | raw=23.7800 | natural=0.0359 | clipped=0.0359(上限20.0)
26-04-03-11 原始规范坐标 G(Re Σrow_mean) = +17.8772 | 累计|g| = 9.1849
26-04-03-11 Ψ矩阵条件数 cond(Ψ) = 4.35e+01
26-04-03-11 Loss=-5.572782 | E0=-2.84590150+0.00054538j | E1=-1.40116329+0.00000001j|E2=-0.94608403-0.00009190j|E3=-0.37963364-0.00111744j
26-04-03-11 #-----------------------------------------#
26-04-03-11 [Step 283] logΨ: mean=9.681-0.617j | min=8.755-2.557j | max=9.904+0.590j
26-04-03-11 梯度监控 | raw=18.9428 | natural=0.0032 | clipped=0.0032(上限20.0)
26-04-03-11 原始规范坐标 G(Re Σrow_mean) = +17.9027 | 累计|g| = 9.1849
26-04-03-11 Ψ矩阵条件数 cond(Ψ) = 4.31e+01
26-04-03-11 Loss=-5.585007 | E0=-2.85517456+0.00036955j | E1=-1.40116330-0.00000001j|E2=-0.94608574-0.00007817j|E3=-0.38258388+0.00272998j
26-04-03-11 #-----------------------------------------#
26-04-03-11 [Step 284] logΨ: mean=9.487-0.545j | min=6.963-2.767j | max=9.749+0.545j
26-04-03-11 梯度监控 | raw=22.2400 | natural=0.0114 | clipped=0.0114(上限20.0)
26-04-03-11 原始规范坐标 G(Re Σrow_mean) = +17.8813 | 累计|g| = 9.1849
26-04-03-11 Ψ矩阵条件数 cond(Ψ) = 4.54e+01
26-04-03-11 Loss=-5.583811 | E0=-2.85516637+0.00036783j | E1=-1.40116332-0.00000001j|E2=-0.94608575-0.00007715j|E3=-0.38139582+0.00112937j
26-04-03-11 #-----------------------------------------#
26-04-03-11 [Step 285] logΨ: mean=9.376-0.751j | min=5.878-1.462j | max=9.639+0.410j
26-04-03-11 梯度监控 | raw=18.7834 | natural=0.0114 | clipped=0.0114(上限20.0)
26-04-03-11 原始规范坐标 G(Re Σrow_mean) = +17.8153 | 累计|g| = 9.1849
26-04-03-11 Ψ矩阵条件数 cond(Ψ) = 3.73e+01
26-04-03-11 Loss=-5.585917 | E0=-2.85514158+0.00044525j | E1=-1.40116325+0.00000003j|E2=-0.94608361-0.00007303j|E3=-0.38352850-0.00304713j
26-04-03-11 #-----------------------------------------#
26-04-03-11 [Step 286] logΨ: mean=9.706-0.996j | min=4.488+1.813j | max=10.016+0.281j
26-04-03-11 梯度监控 | raw=24.8346 | natural=0.0922 | clipped=0.0922(上限20.0)
26-04-03-11 原始规范坐标 G(Re Σrow_mean) = +17.9717 | 累计|g| = 9.1849
26-04-03-11 Ψ矩阵条件数 cond(Ψ) = 5.06e+01
26-04-03-11 Loss=-5.574499 | E0=-2.84758439+0.00053110j | E1=-1.40093703+0.00004101j|E2=-0.94568847-0.00018017j|E3=-0.38028958-0.00209346j
26-04-03-11 #-----------------------------------------#
26-04-03-11 [Step 287] logΨ: mean=9.995-1.149j | min=5.064+2.813j | max=10.240+0.122j
26-04-03-11 梯度监控 | raw=18.0500 | natural=0.0386 | clipped=0.0386(上限20.0)
26-04-03-11 原始规范坐标 G(Re Σrow_mean) = +18.0241 | 累计|g| = 9.1849
26-04-03-11 Ψ矩阵条件数 cond(Ψ) = 4.11e+01
26-04-03-11 Loss=-5.584193 | E0=-2.85514305+0.00040876j | E1=-1.40116330+0.00000000j|E2=-0.94608346-0.00006053j|E3=-0.38180335-0.00117997j
26-04-03-11 #-----------------------------------------#
26-04-03-11 [Step 288] logΨ: mean=9.904-1.049j | min=6.489-1.748j | max=10.172+0.044j
26-04-03-11 梯度监控 | raw=17.8755 | natural=0.0130 | clipped=0.0130(上限20.0)
26-04-03-11 原始规范坐标 G(Re Σrow_mean) = +18.0239 | 累计|g| = 9.1849
26-04-03-11 Ψ矩阵条件数 cond(Ψ) = 5.19e+01
26-04-03-11 Loss=-5.585322 | E0=-2.85516452+0.00043966j | E1=-1.40116327+0.00000001j|E2=-0.94608751-0.00003592j|E3=-0.38290644-0.00237496j
26-04-03-11 #-----------------------------------------#
26-04-03-11 [Step 289] logΨ: mean=9.844-1.178j | min=6.450-1.772j | max=10.100+0.023j
26-04-03-11 梯度监控 | raw=17.5848 | natural=0.0058 | clipped=0.0058(上限20.0)
26-04-03-11 原始规范坐标 G(Re Σrow_mean) = +18.0156 | 累计|g| = 9.1849
26-04-03-11 Ψ矩阵条件数 cond(Ψ) = 5.17e+01
26-04-03-11 Loss=-5.585752 | E0=-2.85515909+0.00049131j | E1=-1.40116326+0.00000001j|E2=-0.94608764-0.00003187j|E3=-0.38334209-0.00124173j
26-04-03-11 #-----------------------------------------#
26-04-03-11 [GaugeReset@290] 吸收 Δg = Σ Re(col_mean) = +18.0156 | 新|g| = 9.1679
26-04-03-11 [Step 290] logΨ: mean=10.244-0.891j | min=5.072-0.216j | max=10.518+0.337j
26-04-03-11 梯度监控 | raw=22.3422 | natural=0.1445 | clipped=0.1445(上限20.0)
26-04-03-11 原始规范坐标 G(Re Σrow_mean) = +18.2252 | 累计|g| = 9.1679
26-04-03-11 Ψ矩阵条件数 cond(Ψ) = 5.96e+01
26-04-03-11 Loss=-5.583077 | E0=-2.85516077+0.00052098j | E1=-1.40116330+0.00000000j|E2=-0.94608210-0.00003052j|E3=-0.38067049-0.00264986j
26-04-03-11 #-----------------------------------------#
26-04-03-11 [Step 291] logΨ: mean=10.284-0.683j | min=9.401-2.805j | max=10.514+0.351j
26-04-03-11 梯度监控 | raw=17.5300 | natural=0.0024 | clipped=0.0024(上限20.0)
26-04-03-11 原始规范坐标 G(Re Σrow_mean) = +18.2605 | 累计|g| = 9.1679
26-04-03-11 Ψ矩阵条件数 cond(Ψ) = 5.90e+01
26-04-03-11 Loss=-5.583209 | E0=-2.85507236+0.00055288j | E1=-1.40116330-0.00000001j|E2=-0.94609415+0.00003173j|E3=-0.38087879+0.00004017j
26-04-03-11 #-----------------------------------------#
26-04-03-11 [Step 292] logΨ: mean=9.645-0.335j | min=4.811-2.885j | max=9.946+0.706j
26-04-03-11 梯度监控 | raw=22.4373 | natural=0.0951 | clipped=0.0951(上限20.0)
26-04-03-11 原始规范坐标 G(Re Σrow_mean) = +18.0452 | 累计|g| = 9.1679
26-04-03-11 Ψ矩阵条件数 cond(Ψ) = 6.12e+01
26-04-03-11 Loss=-5.573757 | E0=-2.84709520+0.00064892j | E1=-1.40116328+0.00000001j|E2=-0.94609505+0.00003184j|E3=-0.37940333+0.00038517j
26-04-03-11 #-----------------------------------------#
26-04-03-11 [Step 293] logΨ: mean=9.688-0.233j | min=3.903-2.848j | max=9.941+0.651j
26-04-03-11 梯度监控 | raw=11.0407 | natural=0.0412 | clipped=0.0412(上限20.0)
26-04-03-11 原始规范坐标 G(Re Σrow_mean) = +18.0137 | 累计|g| = 9.1679
26-04-03-11 Ψ矩阵条件数 cond(Ψ) = 4.86e+01
26-04-03-11 Loss=-5.586047 | E0=-2.85512724+0.00054681j | E1=-1.40116326-0.00000003j|E2=-0.94605102+0.00003070j|E3=-0.38370591-0.00010402j
26-04-03-11 #-----------------------------------------#
26-04-03-11 [Step 294] logΨ: mean=9.934-0.338j | min=5.099-2.252j | max=10.226+0.636j
26-04-03-11 梯度监控 | raw=17.2790 | natural=0.0166 | clipped=0.0166(上限20.0)
26-04-03-11 原始规范坐标 G(Re Σrow_mean) = +18.1468 | 累计|g| = 9.1679
26-04-03-11 Ψ矩阵条件数 cond(Ψ) = 7.70e+01
26-04-03-11 Loss=-5.576549 | E0=-2.84936261+0.00058554j | E1=-1.39884569-0.00177976j|E2=-0.94526113+0.00129822j|E3=-0.38307913-0.00215360j
26-04-03-11 #-----------------------------------------#
26-04-03-11 [Step 295] logΨ: mean=10.007-0.395j | min=7.386-2.584j | max=10.238+0.623j
26-04-03-11 梯度监控 | raw=13.6967 | natural=0.0100 | clipped=0.0100(上限20.0)
26-04-03-11 原始规范坐标 G(Re Σrow_mean) = +18.1514 | 累计|g| = 9.1679
26-04-03-11 Ψ矩阵条件数 cond(Ψ) = 5.27e+01
26-04-03-11 Loss=-5.585205 | E0=-2.85516131+0.00041526j | E1=-1.40116329+0.00000001j|E2=-0.94605605+0.00003068j|E3=-0.38282438-0.00184472j
26-04-03-11 #-----------------------------------------#
26-04-03-11 [Step 296] logΨ: mean=10.044-0.359j | min=5.279-0.599j | max=10.323+0.646j
26-04-03-11 梯度监控 | raw=16.0237 | natural=0.0073 | clipped=0.0073(上限20.0)
26-04-03-11 原始规范坐标 G(Re Σrow_mean) = +18.1880 | 累计|g| = 9.1679
26-04-03-11 Ψ矩阵条件数 cond(Ψ) = 5.29e+01
26-04-03-11 Loss=-5.583073 | E0=-2.85514319+0.00043046j | E1=-1.39970394+0.00054501j|E2=-0.94501208-0.00039838j|E3=-0.38321342-0.00090837j
26-04-03-11 #-----------------------------------------#
26-04-03-11 [Step 297] logΨ: mean=10.082-0.313j | min=7.499-2.563j | max=10.344+0.622j
26-04-03-11 梯度监控 | raw=11.9026 | natural=0.0088 | clipped=0.0088(上限20.0)
26-04-03-11 原始规范坐标 G(Re Σrow_mean) = +18.1483 | 累计|g| = 9.1679
26-04-03-11 Ψ矩阵条件数 cond(Ψ) = 5.23e+01
26-04-03-11 Loss=-5.585459 | E0=-2.85512044+0.00043829j | E1=-1.40116331+0.00000001j|E2=-0.94607006+0.00002844j|E3=-0.38310490-0.00046920j
26-04-03-11 #-----------------------------------------#
26-04-03-11 [Step 298] logΨ: mean=10.242-0.389j | min=5.336+0.886j | max=10.544+0.565j
26-04-03-11 梯度监控 | raw=13.2276 | natural=0.0169 | clipped=0.0169(上限20.0)
26-04-03-11 原始规范坐标 G(Re Σrow_mean) = +18.2353 | 累计|g| = 9.1679
26-04-03-11 Ψ矩阵条件数 cond(Ψ) = 6.03e+01
26-04-03-11 Loss=-5.585205 | E0=-2.85511340+0.00044734j | E1=-1.40091596-0.00016483j|E2=-0.94599004+0.00015045j|E3=-0.38318529-0.00290235j
26-04-03-11 #-----------------------------------------#
26-04-03-11 [Step 299] logΨ: mean=10.219-0.208j | min=7.677-2.586j | max=10.527+0.586j
26-04-03-11 梯度监控 | raw=14.3762 | natural=0.0022 | clipped=0.0022(上限20.0)
26-04-03-11 原始规范坐标 G(Re Σrow_mean) = +18.2511 | 累计|g| = 9.1679
26-04-03-11 Ψ矩阵条件数 cond(Ψ) = 5.97e+01
26-04-03-11 Loss=-5.585789 | E0=-2.85510179+0.00047426j | E1=-1.40116326+0.00000000j|E2=-0.94608422+0.00002785j|E3=-0.38343951-0.00065799j
26-04-03-11 #-----------------------------------------#
26-04-03-11 [保存] Step 299 → pickle 文件已更新 (300 条记录)
26-04-03-11 [GaugeReset@300] 吸收 Δg = Σ Re(col_mean) = +18.2511 | 新|g| = 9.2901
26-04-03-11 训练耗时：283.55 秒
26-04-03-11 
============================================================
26-04-03-11 训练完成!
26-04-03-11 ============================================================
26-04-03-11 [保存] 训练结束，pickle 最终写入 300 条记录 → ./data/26-09-04-03-06_history_natural_gradient_He_atom_K4.pkl
26-04-03-11 Loss 曲线已保存: ./日志/[Loss]26-09-04-03-06_loss_curve_gauge_reset.png
26-04-03-11 logΨ mean 曲线已保存: ./日志/[logPsi]26-09-04-03-06_logPsi_mean_curve_gauge_reset.png
26-04-03-11 Loss 曲线已保存: ./日志/[Loss]26-09-04-03-06_loss_curve_gauge_reset.png
