
============================================================
开始多链 NES-VMC 训练 | 使用自然梯度
============================================================
精确CAS基准：基态=-7.86364558 Ha | 1激发=-7.72153670 Ha|2激发=-7.70823970 Ha|3激发=-7.68581513 Ha|
理论 Loss 上限：-30.97923710 
超参：clip_norm=20.0, lr=0.1, QGT diag_shift=0.1
[Step   0] logΨ: mean=9.264+0.151j | min=3.413-2.258j | max=11.034+0.951j
梯度监控 | raw=20.1724 | natural=2.4716 | clipped=2.4716(上限20.0)
Ψ矩阵条件数 cond(Ψ) = 1.15e+01
Loss=-21.989180 | E0=-5.90164375+0.01112455j | E1=-5.64291525+0.01155537j|E2=-5.33633137-0.02197868j|E3=-5.10828400-0.00074594j
#-----------------------------------------#
[Step   1] logΨ: mean=10.157+0.006j | min=4.232+2.681j | max=11.978+0.750j
梯度监控 | raw=18.2644 | natural=2.2214 | clipped=2.2214(上限20.0)
Ψ矩阵条件数 cond(Ψ) = 2.24e+01
Loss=-23.039505 | E0=-6.25111437-0.00799068j | E1=-6.17458057+0.01573062j|E2=-5.51916122-0.00165406j|E3=-5.09464359-0.00346036j
#-----------------------------------------#
[Step   2] logΨ: mean=11.319-0.110j | min=5.511-1.072j | max=13.181+0.772j
梯度监控 | raw=22.4898 | natural=1.9624 | clipped=1.9624(上限20.0)
Ψ矩阵条件数 cond(Ψ) = 1.21e+01
Loss=-23.837652 | E0=-6.56157923-0.00692526j | E1=-6.53924227+0.00741269j|E2=-5.62545538-0.00275693j|E3=-5.11137295+0.00096234j
#-----------------------------------------#
[Step   3] logΨ: mean=12.535-0.001j | min=6.445-1.608j | max=14.282+0.795j
梯度监控 | raw=22.8224 | natural=1.5774 | clipped=1.5774(上限20.0)
Ψ矩阵条件数 cond(Ψ) = 1.70e+01
Loss=-24.619942 | E0=-6.95088959+0.00133315j | E1=-6.81019258+0.00297336j|E2=-5.73528004-0.00402498j|E3=-5.12357616+0.00117706j
#-----------------------------------------#
[Step   4] logΨ: mean=13.860-0.025j | min=7.956-2.166j | max=15.541+0.789j
梯度监控 | raw=35.4110 | natural=1.3917 | clipped=1.3917(上限20.0)
Ψ矩阵条件数 cond(Ψ) = 9.74e+00
Loss=-25.092178 | E0=-7.14499712+0.00053979j | E1=-6.94074726+0.00442682j|E2=-5.84372377-0.00241520j|E3=-5.16271257-0.00125236j
#-----------------------------------------#
[Step   5] logΨ: mean=14.765-0.115j | min=9.024-2.356j | max=16.302+0.628j
梯度监控 | raw=38.0192 | natural=1.1114 | clipped=1.1114(上限20.0)
Ψ矩阵条件数 cond(Ψ) = 3.62e+01
Loss=-25.552855 | E0=-7.30340242+0.00669118j | E1=-7.08856630+0.00357306j|E2=-5.99652147-0.01024685j|E3=-5.16435432-0.00152754j
#-----------------------------------------#
[Step   6] logΨ: mean=15.861-0.056j | min=9.760-1.824j | max=17.358+2.896j
梯度监控 | raw=60.9171 | natural=0.9886 | clipped=0.9886(上限20.0)
Ψ矩阵条件数 cond(Ψ) = 1.03e+01
Loss=-25.961872 | E0=-7.38143539-0.00491556j | E1=-7.17177725+0.00628423j|E2=-6.13618279-0.00021376j|E3=-5.27248096+0.00132429j
#-----------------------------------------#
[Step   7] logΨ: mean=16.673-0.130j | min=7.679+0.691j | max=18.110+2.668j
梯度监控 | raw=57.0028 | natural=0.8430 | clipped=0.8430(上限20.0)
Ψ矩阵条件数 cond(Ψ) = 1.92e+01
Loss=-26.354395 | E0=-7.46670675-0.00488915j | E1=-7.26509142+0.00142615j|E2=-6.35252905+0.00659043j|E3=-5.27006721-0.00066006j
#-----------------------------------------#
[Step   8] logΨ: mean=17.227+0.069j | min=10.204-1.075j | max=18.687+2.531j
梯度监控 | raw=88.2582 | natural=0.8485 | clipped=0.8485(上限20.0)
Ψ矩阵条件数 cond(Ψ) = 1.06e+01
Loss=-26.709631 | E0=-7.51175499+0.00190488j | E1=-7.31899405-0.01055914j|E2=-6.46090317+0.00803198j|E3=-5.41798306+0.00058462j
#-----------------------------------------#
[Step   9] logΨ: mean=18.124+0.110j | min=11.277+2.805j | max=19.503+2.496j
梯度监控 | raw=113.0483 | natural=0.6969 | clipped=0.6969(上限20.0)
Ψ矩阵条件数 cond(Ψ) = 9.83e+00
Loss=-27.129383 | E0=-7.56881380-0.00235792j | E1=-7.34932327+0.00099999j|E2=-6.62287569+0.00058057j|E3=-5.58837700+0.00338254j
#-----------------------------------------#
[Step  10] logΨ: mean=18.971+0.114j | min=13.951+0.977j | max=20.247+2.520j
梯度监控 | raw=133.6696 | natural=0.5998 | clipped=0.5998(上限20.0)
Ψ矩阵条件数 cond(Ψ) = 4.28e+01
Loss=-27.610115 | E0=-7.60347223+0.00534594j | E1=-7.38329220+0.00068220j|E2=-6.76772690-0.00113504j|E3=-5.85563135-0.00412463j
#-----------------------------------------#
[Step  11] logΨ: mean=19.987+0.020j | min=14.054-0.799j | max=21.271+1.145j
梯度监控 | raw=146.9385 | natural=0.5683 | clipped=0.5683(上限20.0)
Ψ矩阵条件数 cond(Ψ) = 1.30e+01
Loss=-28.123333 | E0=-7.62979794-0.00020505j | E1=-7.41659117-0.00469902j|E2=-6.89804459+0.00089377j|E3=-6.17890787+0.00092936j
#-----------------------------------------#
[Step  12] logΨ: mean=20.883+0.005j | min=15.675-2.132j | max=22.069+1.360j
梯度监控 | raw=143.7431 | natural=0.4443 | clipped=0.4443(上限20.0)
Ψ矩阵条件数 cond(Ψ) = 2.06e+01
Loss=-28.691940 | E0=-7.64593267+0.00085085j | E1=-7.43595314+0.00507782j|E2=-7.05569553-0.00053833j|E3=-6.55436373-0.00217060j
#-----------------------------------------#
[Step  13] logΨ: mean=21.355-0.018j | min=15.550-1.441j | max=22.607+1.167j
梯度监控 | raw=128.8891 | natural=0.4385 | clipped=0.4385(上限20.0)
Ψ矩阵条件数 cond(Ψ) = 4.72e+01
Loss=-28.840826 | E0=-7.64974594+0.00102216j | E1=-7.44821024+0.00077076j|E2=-7.11979198-0.00737048j|E3=-6.62307978+0.00767738j
#-----------------------------------------#
[Step  14] logΨ: mean=21.623+0.037j | min=14.485+1.275j | max=22.781+1.367j
梯度监控 | raw=95.2767 | natural=0.4091 | clipped=0.4091(上限20.0)
Ψ矩阵条件数 cond(Ψ) = 1.33e+01
Loss=-29.329308 | E0=-7.66514015+0.00182003j | E1=-7.48457193+0.00475968j|E2=-7.23764706-0.00398170j|E3=-6.94195461+0.00021879j
#-----------------------------------------#
[Step  15] logΨ: mean=22.374-0.000j | min=15.505-0.072j | max=23.394+1.735j
梯度监控 | raw=59.9335 | natural=0.3427 | clipped=0.3427(上限20.0)
Ψ矩阵条件数 cond(Ψ) = 8.68e+00
Loss=-29.666416 | E0=-7.67961645-0.00322147j | E1=-7.50681400+0.00808077j|E2=-7.37847900-0.00558582j|E3=-7.10151148+0.00234424j
#-----------------------------------------#
[Step  16] logΨ: mean=23.288-0.280j | min=16.087+0.163j | max=24.340+1.493j
梯度监控 | raw=60.0723 | natural=0.3170 | clipped=0.3170(上限20.0)
Ψ矩阵条件数 cond(Ψ) = 1.04e+01
Loss=-29.670568 | E0=-7.67650652+0.00164485j | E1=-7.49260426+0.00399959j|E2=-7.38430977-0.00709984j|E3=-7.11713314+0.00019968j
#-----------------------------------------#
[Step  17] logΨ: mean=24.104-0.345j | min=16.403+2.178j | max=25.009+1.494j
梯度监控 | raw=31.1938 | natural=0.2379 | clipped=0.2379(上限20.0)
Ψ矩阵条件数 cond(Ψ) = 2.32e+01
Loss=-29.980867 | E0=-7.69183350-0.00293125j | E1=-7.56530428-0.00379014j|E2=-7.47601938+0.00479932j|E3=-7.24770451+0.00203511j
#-----------------------------------------#
[Step  18] logΨ: mean=24.750-0.095j | min=18.796-2.186j | max=25.611+1.667j
梯度监控 | raw=24.3035 | natural=0.2371 | clipped=0.2371(上限20.0)
Ψ矩阵条件数 cond(Ψ) = 2.20e+01
Loss=-30.056099 | E0=-7.69711542+0.00044190j | E1=-7.60979700+0.00022584j|E2=-7.50757265+0.00347610j|E3=-7.24160767-0.00391035j
#-----------------------------------------#
[Step  19] logΨ: mean=25.601+0.135j | min=18.940+3.008j | max=26.451+1.883j
梯度监控 | raw=25.2889 | natural=0.2276 | clipped=0.2276(上限20.0)
Ψ矩阵条件数 cond(Ψ) = 1.67e+01
Loss=-30.125898 | E0=-7.70778561+0.00035291j | E1=-7.62656069+0.00155257j|E2=-7.51941824-0.00217257j|E3=-7.27213097+0.00348393j
#-----------------------------------------#
[Step  20] logΨ: mean=26.247+0.109j | min=20.495-1.598j | max=27.050+2.001j
梯度监控 | raw=31.6337 | natural=0.1749 | clipped=0.1749(上限20.0)
Ψ矩阵条件数 cond(Ψ) = 1.14e+01
Loss=-30.198362 | E0=-7.71449947-0.00185810j | E1=-7.62644100-0.00203252j|E2=-7.55065155+0.00090293j|E3=-7.30675983+0.00139582j
#-----------------------------------------#
[Step  21] logΨ: mean=26.834+0.160j | min=21.195+2.185j | max=27.553+1.980j
梯度监控 | raw=37.5097 | natural=0.1237 | clipped=0.1237(上限20.0)
Ψ矩阵条件数 cond(Ψ) = 1.09e+01
Loss=-30.221401 | E0=-7.72240305-0.00079310j | E1=-7.64521027+0.00043957j|E2=-7.55139351-0.00122149j|E3=-7.30238867+0.00331503j
#-----------------------------------------#
[Step  22] logΨ: mean=27.685+0.383j | min=21.981+1.427j | max=28.448+2.394j
梯度监控 | raw=41.1338 | natural=0.2139 | clipped=0.2139(上限20.0)
Ψ矩阵条件数 cond(Ψ) = 1.81e+01
Loss=-30.266125 | E0=-7.72051954-0.00058555j | E1=-7.64539957-0.00026212j|E2=-7.56432438+0.00171612j|E3=-7.33588362-0.00040517j
#-----------------------------------------#
[Step  23] logΨ: mean=28.304+0.261j | min=22.582+2.534j | max=29.036+2.549j
梯度监控 | raw=56.5541 | natural=0.2008 | clipped=0.2008(上限20.0)
Ψ矩阵条件数 cond(Ψ) = 1.85e+01
Loss=-30.277088 | E0=-7.72436094-0.00062460j | E1=-7.64834499+0.00148034j|E2=-7.56305838+0.00163923j|E3=-7.34132671-0.00088100j
#-----------------------------------------#
[Step  24] logΨ: mean=28.846+0.405j | min=22.390-1.724j | max=29.511+2.381j
梯度监控 | raw=60.4411 | natural=0.1237 | clipped=0.1237(上限20.0)
Ψ矩阵条件数 cond(Ψ) = 2.15e+01
Loss=-30.333332 | E0=-7.72985554+0.00056965j | E1=-7.65714312+0.00091945j|E2=-7.58027792-0.00227365j|E3=-7.36606693-0.00005583j
#-----------------------------------------#
[Step  25] logΨ: mean=29.432+0.226j | min=24.351-3.036j | max=30.039+2.601j
梯度监控 | raw=66.8480 | natural=0.0856 | clipped=0.0856(上限20.0)
Ψ矩阵条件数 cond(Ψ) = 1.40e+01
Loss=-30.377964 | E0=-7.73087835-0.00084204j | E1=-7.66220331-0.00084703j|E2=-7.60138702+0.00011902j|E3=-7.38349104-0.00282584j
#-----------------------------------------#
[Step  26] logΨ: mean=29.935+0.388j | min=24.248+0.731j | max=30.537+2.648j
梯度监控 | raw=73.4051 | natural=0.0879 | clipped=0.0879(上限20.0)
Ψ矩阵条件数 cond(Ψ) = 7.52e+01
Loss=-30.374199 | E0=-7.73541164-0.00069278j | E1=-7.65936422+0.00124362j|E2=-7.60646820+0.00003539j|E3=-7.37297583-0.00188429j
#-----------------------------------------#
[Step  27] logΨ: mean=30.494+0.316j | min=24.306+2.675j | max=31.119+2.763j
梯度监控 | raw=85.2086 | natural=0.0758 | clipped=0.0758(上限20.0)
Ψ矩阵条件数 cond(Ψ) = 2.23e+01
Loss=-30.426453 | E0=-7.73857260+0.00000086j | E1=-7.65655661+0.00006550j|E2=-7.60724115+0.00385824j|E3=-7.42407417-0.00484358j
#-----------------------------------------#
[Step  28] logΨ: mean=31.092+0.467j | min=25.694-1.336j | max=31.678+2.068j
梯度监控 | raw=90.7028 | natural=0.0551 | clipped=0.0551(上限20.0)
Ψ矩阵条件数 cond(Ψ) = 2.01e+01
Loss=-30.447170 | E0=-7.74186993-0.00022377j | E1=-7.66375303+0.00100073j|E2=-7.61100292+0.00020767j|E3=-7.43054152-0.00106226j
#-----------------------------------------#
[Step  29] logΨ: mean=31.628+0.468j | min=27.198+0.905j | max=32.240+2.264j
梯度监控 | raw=92.8749 | natural=0.0811 | clipped=0.0811(上限20.0)
Ψ矩阵条件数 cond(Ψ) = 9.33e+00
Loss=-30.474831 | E0=-7.74657583-0.00125697j | E1=-7.66467857-0.00118808j|E2=-7.61595869+0.00207474j|E3=-7.44762707+0.00130031j
#-----------------------------------------#
[Step  30] logΨ: mean=31.546+0.555j | min=26.683+2.247j | max=32.142+2.271j
梯度监控 | raw=87.0647 | natural=0.0501 | clipped=0.0501(上限20.0)
Ψ矩阵条件数 cond(Ψ) = 8.57e+00
Loss=-30.502436 | E0=-7.75228167-0.00054530j | E1=-7.66453934+0.00012465j|E2=-7.62626171+0.00001604j|E3=-7.45935965-0.00162065j
#-----------------------------------------#
[Step  31] logΨ: mean=31.924+0.056j | min=26.559+1.600j | max=32.548+2.394j
梯度监控 | raw=81.4417 | natural=0.0477 | clipped=0.0477(上限20.0)
Ψ矩阵条件数 cond(Ψ) = 2.08e+01
Loss=-30.516392 | E0=-7.75360870+0.00063302j | E1=-7.66471958+0.00116284j|E2=-7.62876415+0.00459280j|E3=-7.46930504-0.00487567j
#-----------------------------------------#
[Step  32] logΨ: mean=31.491+0.227j | min=24.799-2.310j | max=32.136+2.379j
梯度监控 | raw=97.1586 | natural=0.0775 | clipped=0.0775(上限20.0)
Ψ矩阵条件数 cond(Ψ) = 1.97e+01
Loss=-30.541294 | E0=-7.75406170+0.00043705j | E1=-7.66578484+0.00210445j|E2=-7.63789034-0.00145414j|E3=-7.48356009-0.00215995j
#-----------------------------------------#
[Step  33] logΨ: mean=31.421+0.425j | min=25.817-1.978j | max=32.081+2.188j
梯度监控 | raw=77.9174 | natural=0.1444 | clipped=0.1444(上限20.0)
Ψ矩阵条件数 cond(Ψ) = 8.94e+00
Loss=-30.542000 | E0=-7.75019789+0.00045492j | E1=-7.66741657-0.00290360j|E2=-7.63428307+0.00409599j|E3=-7.49009895-0.00094110j
#-----------------------------------------#
[Step  34] logΨ: mean=32.055+0.191j | min=25.406-0.346j | max=32.722+1.902j
梯度监控 | raw=83.5760 | natural=0.1895 | clipped=0.1895(上限20.0)
Ψ矩阵条件数 cond(Ψ) = 7.20e+00
Loss=-30.557276 | E0=-7.75471210+0.00113252j | E1=-7.66315460+0.00244083j|E2=-7.63476276-0.00437479j|E3=-7.50464964+0.00277812j
#-----------------------------------------#
[Step  35] logΨ: mean=32.499+0.289j | min=26.868-0.914j | max=33.143+1.995j
梯度监控 | raw=86.8120 | natural=0.0447 | clipped=0.0447(上限20.0)
Ψ矩阵条件数 cond(Ψ) = 1.72e+01
Loss=-30.590010 | E0=-7.76427794-0.00129318j | E1=-7.66977978-0.00073816j|E2=-7.64116621-0.00050045j|E3=-7.51479197+0.00213909j
#-----------------------------------------#
[Step  36] logΨ: mean=32.230+0.355j | min=27.110-0.552j | max=32.831+2.019j
梯度监控 | raw=103.1763 | natural=0.0218 | clipped=0.0218(上限20.0)
Ψ矩阵条件数 cond(Ψ) = 1.93e+01
Loss=-30.616665 | E0=-7.76206589-0.00011457j | E1=-7.66807604+0.00124005j|E2=-7.64490795-0.00202156j|E3=-7.54161119+0.00088891j
#-----------------------------------------#
[Step  37] logΨ: mean=31.997+0.317j | min=27.600+2.558j | max=32.622+2.062j
梯度监控 | raw=93.4835 | natural=0.0218 | clipped=0.0218(上限20.0)
Ψ矩阵条件数 cond(Ψ) = 9.58e+00
Loss=-30.618433 | E0=-7.76314402-0.00009810j | E1=-7.67204666+0.00021249j|E2=-7.64853811+0.00126135j|E3=-7.53470993-0.00140375j
#-----------------------------------------#
[Step  38] logΨ: mean=31.709+0.329j | min=27.849-2.448j | max=32.461+2.313j
梯度监控 | raw=91.1776 | natural=0.0948 | clipped=0.0948(上限20.0)
Ψ矩阵条件数 cond(Ψ) = 1.05e+01
Loss=-30.613064 | E0=-7.76439714+0.00086639j | E1=-7.67208385+0.00064081j|E2=-7.64829540-0.00164217j|E3=-7.52829075+0.00336540j
#-----------------------------------------#
[Step  39] logΨ: mean=32.748+0.463j | min=27.456-2.832j | max=33.376+2.230j
梯度监控 | raw=64.6657 | natural=0.1093 | clipped=0.1093(上限20.0)
Ψ矩阵条件数 cond(Ψ) = 7.33e+00
Loss=-30.685928 | E0=-7.76800060+0.00101376j | E1=-7.67601204-0.00289017j|E2=-7.64912319+0.00078261j|E3=-7.59277678+0.00108658j
#-----------------------------------------#
[Step  40] logΨ: mean=32.603+0.208j | min=27.403+2.995j | max=33.202+1.999j
梯度监控 | raw=69.7453 | natural=0.1057 | clipped=0.1057(上限20.0)
Ψ矩阵条件数 cond(Ψ) = 1.04e+01
Loss=-30.720831 | E0=-7.77661467-0.00009868j | E1=-7.67634106+0.00099537j|E2=-7.65297937-0.00182756j|E3=-7.61489058+0.00043443j
#-----------------------------------------#
[Step  41] logΨ: mean=32.502+0.405j | min=26.565-2.997j | max=33.093+2.177j
梯度监控 | raw=58.4729 | natural=0.0734 | clipped=0.0734(上限20.0)
Ψ矩阵条件数 cond(Ψ) = 2.31e+01
Loss=-30.729830 | E0=-7.77554417-0.00091079j | E1=-7.67671442+0.00314488j|E2=-7.65635157-0.00087198j|E3=-7.62120771-0.00214806j
#-----------------------------------------#
[Step  42] logΨ: mean=33.079+0.585j | min=27.128+0.468j | max=33.658+2.602j
梯度监控 | raw=51.7345 | natural=0.1035 | clipped=0.1035(上限20.0)
Ψ矩阵条件数 cond(Ψ) = 2.18e+01
Loss=-30.732698 | E0=-7.77437639+0.00058833j | E1=-7.67888737-0.00006244j|E2=-7.65453053+0.00043075j|E3=-7.62489700-0.00190943j
#-----------------------------------------#
[Step  43] logΨ: mean=33.070+0.463j | min=26.440+1.258j | max=33.715+2.567j
梯度监控 | raw=64.5191 | natural=0.1147 | clipped=0.1147(上限20.0)
Ψ矩阵条件数 cond(Ψ) = 2.03e+01
Loss=-30.721996 | E0=-7.77406693+0.00027086j | E1=-7.67756271-0.00147680j|E2=-7.65524912+0.00122610j|E3=-7.61512089-0.00024096j
#-----------------------------------------#
[Step  44] logΨ: mean=33.445+0.693j | min=26.360-0.244j | max=34.002+2.462j
梯度监控 | raw=54.7686 | natural=0.1060 | clipped=0.1060(上限20.0)
Ψ矩阵条件数 cond(Ψ) = 6.89e+00
Loss=-30.756157 | E0=-7.78211308+0.00127068j | E1=-7.68064499+0.00006703j|E2=-7.65198755+0.00012705j|E3=-7.64141417+0.00042019j
#-----------------------------------------#
[Step  45] logΨ: mean=32.912+0.472j | min=25.778+2.907j | max=33.462+2.991j
梯度监控 | raw=51.7488 | natural=0.0937 | clipped=0.0937(上限20.0)
Ψ矩阵条件数 cond(Ψ) = 7.32e+00
Loss=-30.764376 | E0=-7.78152704+0.00074181j | E1=-7.68077564-0.00190954j|E2=-7.65865040-0.00003997j|E3=-7.64342880+0.00054767j
#-----------------------------------------#
[Step  46] logΨ: mean=32.838+0.544j | min=28.440-2.040j | max=33.324+3.019j
梯度监控 | raw=57.0126 | natural=0.0261 | clipped=0.0261(上限20.0)
Ψ矩阵条件数 cond(Ψ) = 7.38e+00
Loss=-30.788559 | E0=-7.78443384+0.00082963j | E1=-7.68899155+0.00045034j|E2=-7.66161299-0.00144411j|E3=-7.65351152-0.00013404j
#-----------------------------------------#
[Step  47] logΨ: mean=32.628-0.849j | min=27.206+2.273j | max=33.134+0.372j
梯度监控 | raw=54.3569 | natural=0.0802 | clipped=0.0802(上限20.0)
Ψ矩阵条件数 cond(Ψ) = 9.63e+00
Loss=-30.794483 | E0=-7.78632212-0.00040197j | E1=-7.68981600-0.00120606j|E2=-7.66347837+0.00391594j|E3=-7.65484905+0.00103964j
#-----------------------------------------#
[Step  48] logΨ: mean=32.586-0.769j | min=27.914-2.355j | max=33.073+0.289j
梯度监控 | raw=47.0179 | natural=0.0326 | clipped=0.0326(上限20.0)
Ψ矩阵条件数 cond(Ψ) = 1.00e+01
Loss=-30.797441 | E0=-7.78996515-0.00018955j | E1=-7.68674040+0.00049193j|E2=-7.66343641+0.00262852j|E3=-7.65730333-0.00064245j
#-----------------------------------------#
[Step  49] logΨ: mean=32.967-0.589j | min=27.438+0.249j | max=33.468+0.555j
梯度监控 | raw=47.8195 | natural=0.1514 | clipped=0.1514(上限20.0)
Ψ矩阵条件数 cond(Ψ) = 1.66e+01
Loss=-30.801241 | E0=-7.79291058+0.00054157j | E1=-7.68715477-0.00117273j|E2=-7.66428232+0.00024036j|E3=-7.65688133+0.00036139j
#-----------------------------------------#
[Step  50] logΨ: mean=33.161-0.503j | min=28.244+1.717j | max=33.592+0.578j
梯度监控 | raw=41.8154 | natural=0.0337 | clipped=0.0337(上限20.0)
Ψ矩阵条件数 cond(Ψ) = 9.89e+00
Loss=-30.818916 | E0=-7.79243135-0.00026380j | E1=-7.69399309+0.00055193j|E2=-7.67214584-0.00250258j|E3=-7.66034412+0.00169264j
#-----------------------------------------#
[Step  51] logΨ: mean=33.015-0.849j | min=27.362+1.364j | max=33.452+0.297j
梯度监控 | raw=50.9807 | natural=0.0913 | clipped=0.0913(上限20.0)
Ψ矩阵条件数 cond(Ψ) = 7.43e+00
Loss=-30.816055 | E0=-7.79341173+0.00008141j | E1=-7.69304514-0.00067949j|E2=-7.67160892-0.00163309j|E3=-7.65798092+0.00064205j
#-----------------------------------------#
[Step  52] logΨ: mean=33.415-0.663j | min=26.937-1.452j | max=33.804+0.528j
梯度监控 | raw=35.0650 | natural=0.0641 | clipped=0.0641(上限20.0)
Ψ矩阵条件数 cond(Ψ) = 9.87e+00
Loss=-30.840219 | E0=-7.80032015-0.00034457j | E1=-7.69855261+0.00157893j|E2=-7.68103218+0.00071793j|E3=-7.66031313-0.00065374j
#-----------------------------------------#
[Step  53] logΨ: mean=33.342-0.647j | min=29.253+0.948j | max=33.734+0.541j
梯度监控 | raw=35.4677 | natural=0.0314 | clipped=0.0314(上限20.0)
Ψ矩阵条件数 cond(Ψ) = 7.48e+00
Loss=-30.835091 | E0=-7.79960060-0.00044073j | E1=-7.69540215-0.00133158j|E2=-7.67936420+0.00127237j|E3=-7.66071844+0.00061995j
#-----------------------------------------#
[Step  54] logΨ: mean=33.776-0.338j | min=27.433+0.410j | max=34.121+0.886j
梯度监控 | raw=32.8794 | natural=0.0969 | clipped=0.0969(上限20.0)
Ψ矩阵条件数 cond(Ψ) = 2.26e+01
Loss=-30.840054 | E0=-7.80231476-0.00095648j | E1=-7.70259285+0.00283282j|E2=-7.68164396-0.00169992j|E3=-7.65350819-0.00037600j
#-----------------------------------------#
[Step  55] logΨ: mean=34.316+0.008j | min=28.383-2.086j | max=34.706+1.331j
梯度监控 | raw=31.1055 | natural=0.1124 | clipped=0.1124(上限20.0)
Ψ矩阵条件数 cond(Ψ) = 8.71e+00
Loss=-30.842026 | E0=-7.79918146-0.00026529j | E1=-7.70240164-0.00016519j|E2=-7.68103600+0.00088136j|E3=-7.65942335+0.00057157j
#-----------------------------------------#
[Step  56] logΨ: mean=34.728-0.200j | min=29.382-1.696j | max=35.052+1.148j
梯度监控 | raw=37.4691 | natural=0.0980 | clipped=0.0980(上限20.0)
Ψ矩阵条件数 cond(Ψ) = 8.49e+00
Loss=-30.836094 | E0=-7.80221701-0.00019357j | E1=-7.69595671-0.00140489j|E2=-7.68087816+0.00108872j|E3=-7.65705204-0.00023845j
#-----------------------------------------#
[Step  57] logΨ: mean=35.290-0.199j | min=29.357-2.556j | max=35.618+1.096j
梯度监控 | raw=39.9357 | natural=0.0975 | clipped=0.0975(上限20.0)
Ψ矩阵条件数 cond(Ψ) = 8.52e+00
Loss=-30.843643 | E0=-7.80177975-0.00027391j | E1=-7.70129824-0.00046753j|E2=-7.68153000+0.00107737j|E3=-7.65904284+0.00076882j
#-----------------------------------------#
[Step  58] logΨ: mean=35.266+0.372j | min=29.740-1.815j | max=35.463+1.740j
梯度监控 | raw=41.7226 | natural=0.0685 | clipped=0.0685(上限20.0)
Ψ矩阵条件数 cond(Ψ) = 1.90e+01
Loss=-30.860666 | E0=-7.80573368-0.00011975j | E1=-7.70925426+0.00094300j|E2=-7.68722153-0.00154565j|E3=-7.65845871+0.00037904j
#-----------------------------------------#
[Step  59] logΨ: mean=35.348+0.216j | min=30.454+2.818j | max=35.600+2.330j
梯度监控 | raw=43.7300 | natural=0.0411 | clipped=0.0411(上限20.0)
Ψ矩阵条件数 cond(Ψ) = 7.07e+00
Loss=-30.864508 | E0=-7.81041050-0.00025745j | E1=-7.70597601+0.00010537j|E2=-7.68716383-0.00128213j|E3=-7.66095591-0.00036982j
#-----------------------------------------#
[Step  60] logΨ: mean=35.066+0.198j | min=31.008+0.077j | max=35.264+2.314j
梯度监控 | raw=50.7654 | natural=0.0183 | clipped=0.0183(上限20.0)
Ψ矩阵条件数 cond(Ψ) = 7.06e+00
Loss=-30.865711 | E0=-7.80667925+0.00002130j | E1=-7.70901632-0.00052942j|E2=-7.68973446-0.00024377j|E3=-7.66029263+0.00054780j
#-----------------------------------------#
[Step  61] logΨ: mean=34.990+0.329j | min=30.484-1.205j | max=35.260+2.332j
梯度监控 | raw=48.5770 | natural=0.0369 | clipped=0.0369(上限20.0)
Ψ矩阵条件数 cond(Ψ) = 1.22e+01
Loss=-30.863403 | E0=-7.80664492+0.00077516j | E1=-7.70784283+0.00028439j|E2=-7.68797779+0.00048494j|E3=-7.66093779+0.00087991j
#-----------------------------------------#
[Step  62] logΨ: mean=35.045+0.018j | min=29.963+2.073j | max=35.263+1.711j
梯度监控 | raw=43.3613 | natural=0.0534 | clipped=0.0534(上限20.0)
Ψ矩阵条件数 cond(Ψ) = 7.98e+00
Loss=-30.873745 | E0=-7.81360149+0.00035340j | E1=-7.71289492-0.00001985j|E2=-7.68887949+0.00044982j|E3=-7.65836525-0.00024915j
#-----------------------------------------#
[Step  63] logΨ: mean=35.333-0.019j | min=29.400-0.859j | max=35.561+1.786j
梯度监控 | raw=38.9858 | natural=0.0406 | clipped=0.0406(上限20.0)
Ψ矩阵条件数 cond(Ψ) = 7.33e+00
Loss=-30.870781 | E0=-7.80962038+0.00007308j | E1=-7.71022987-0.00080206j|E2=-7.69128561-0.00015066j|E3=-7.65965080-0.00003340j
#-----------------------------------------#
[Step  64] logΨ: mean=36.214-0.420j | min=30.597+2.080j | max=36.470+1.392j
梯度监控 | raw=47.7853 | natural=0.1294 | clipped=0.1294(上限20.0)
Ψ矩阵条件数 cond(Ψ) = 7.28e+00
Loss=-30.868097 | E0=-7.81015062+0.00040519j | E1=-7.71078396+0.00066777j|E2=-7.68968058-0.00015201j|E3=-7.65748882-0.00064596j
#-----------------------------------------#
[Step  65] logΨ: mean=36.428-0.360j | min=28.456-1.640j | max=36.782+1.390j
梯度监控 | raw=60.2653 | natural=0.1250 | clipped=0.1250(上限20.0)
Ψ矩阵条件数 cond(Ψ) = 7.53e+00
Loss=-30.866648 | E0=-7.81382132+0.00044147j | E1=-7.70635986+0.00095628j|E2=-7.68734884-0.00044968j|E3=-7.65911674+0.00064638j
#-----------------------------------------#
[Step  66] logΨ: mean=36.977-0.018j | min=31.866-1.784j | max=37.259+1.808j
梯度监控 | raw=54.8910 | natural=0.0971 | clipped=0.0971(上限20.0)
Ψ矩阵条件数 cond(Ψ) = 8.27e+00
Loss=-30.877993 | E0=-7.81617689+0.00013379j | E1=-7.71177053-0.00021720j|E2=-7.69145346-0.00046955j|E3=-7.65858841-0.00060821j
#-----------------------------------------#
[Step  67] logΨ: mean=37.818-0.006j | min=33.025+2.235j | max=38.087+1.784j
梯度监控 | raw=56.5233 | natural=0.0285 | clipped=0.0285(上限20.0)
Ψ矩阵条件数 cond(Ψ) = 8.20e+00
Loss=-30.884033 | E0=-7.81758499-0.00004983j | E1=-7.71326208+0.00008597j|E2=-7.69177437-0.00022826j|E3=-7.66140175-0.00100055j
#-----------------------------------------#
[Step  68] logΨ: mean=37.089-0.695j | min=32.543-1.923j | max=37.337+1.185j
梯度监控 | raw=72.7409 | natural=0.0517 | clipped=0.0517(上限20.0)
Ψ矩阵条件数 cond(Ψ) = 7.78e+00
Loss=-30.887951 | E0=-7.82073927-0.00004965j | E1=-7.71479082+0.00036129j|E2=-7.69320822-0.00013379j|E3=-7.65922213-0.00021133j
#-----------------------------------------#
[Step  69] logΨ: mean=36.494-0.791j | min=31.233+1.174j | max=36.805+1.001j
梯度监控 | raw=66.5045 | natural=0.0601 | clipped=0.0601(上限20.0)
Ψ矩阵条件数 cond(Ψ) = 9.08e+00
Loss=-30.881689 | E0=-7.81799984+0.00005221j | E1=-7.71341610-0.00002010j|E2=-7.69064140+0.00057636j|E3=-7.65963984+0.00141829j
#-----------------------------------------#
[Step  70] logΨ: mean=37.153-0.749j | min=32.375-2.032j | max=37.391+1.055j
梯度监控 | raw=52.1876 | natural=0.0378 | clipped=0.0378(上限20.0)
Ψ矩阵条件数 cond(Ψ) = 7.66e+00
Loss=-30.884445 | E0=-7.81981039-0.00003481j | E1=-7.71258926-0.00033579j|E2=-7.69280863+0.00031546j|E3=-7.65923452-0.00065184j
#-----------------------------------------#
[Step  71] logΨ: mean=37.228-0.804j | min=32.199-2.622j | max=37.497+0.936j
梯度监控 | raw=68.8054 | natural=0.0407 | clipped=0.0407(上限20.0)
Ψ矩阵条件数 cond(Ψ) = 1.29e+01
Loss=-30.884838 | E0=-7.82127666-0.00028154j | E1=-7.71157980+0.00036602j|E2=-7.69266033-0.00050823j|E3=-7.65931940+0.00050374j
#-----------------------------------------#
[Step  72] logΨ: mean=36.762-1.028j | min=31.907+0.741j | max=36.995+0.735j
梯度监控 | raw=66.0594 | natural=0.0632 | clipped=0.0632(上限20.0)
Ψ矩阵条件数 cond(Ψ) = 8.62e+00
Loss=-30.892241 | E0=-7.82443523+0.00015140j | E1=-7.71667862+0.00029522j|E2=-7.69353294-0.00006268j|E3=-7.65759087+0.00058100j
#-----------------------------------------#
[Step  73] logΨ: mean=36.429-0.465j | min=29.549-2.017j | max=36.699+1.467j
梯度监控 | raw=61.6678 | natural=0.1550 | clipped=0.1550(上限20.0)
Ψ矩阵条件数 cond(Ψ) = 9.01e+00
Loss=-30.881119 | E0=-7.82054853+0.00000657j | E1=-7.71472597-0.00062183j|E2=-7.69243526+0.00042392j|E3=-7.65340805+0.00053406j
#-----------------------------------------#
[Step  74] logΨ: mean=36.583-0.553j | min=31.757+2.695j | max=36.843+1.361j
梯度监控 | raw=46.2364 | natural=0.0270 | clipped=0.0270(上限20.0)
Ψ矩阵条件数 cond(Ψ) = 9.88e+00
Loss=-30.890221 | E0=-7.82206917-0.00027338j | E1=-7.71614456-0.00012216j|E2=-7.69403839-0.00010869j|E3=-7.65796947-0.00025916j
#-----------------------------------------#
[Step  75] logΨ: mean=35.298-0.721j | min=29.633-1.441j | max=35.489+0.489j
梯度监控 | raw=49.3906 | natural=0.1567 | clipped=0.1567(上限20.0)
Ψ矩阵条件数 cond(Ψ) = 1.18e+01
Loss=-30.886314 | E0=-7.82300949+0.00020641j | E1=-7.71326208-0.00032844j|E2=-7.69216442+0.00022082j|E3=-7.65787697-0.00103537j
#-----------------------------------------#
[Step  76] logΨ: mean=35.569-0.942j | min=28.119-2.845j | max=35.760+0.289j
梯度监控 | raw=22.3705 | natural=0.0895 | clipped=0.0895(上限20.0)
Ψ矩阵条件数 cond(Ψ) = 1.09e+01
Loss=-30.875107 | E0=-7.81938076-0.00038588j | E1=-7.71257019+0.00025947j|E2=-7.68772888+0.00036646j|E3=-7.65543222-0.00053817j
#-----------------------------------------#
[Step  77] logΨ: mean=35.443+0.407j | min=30.105-0.410j | max=35.780+2.381j
梯度监控 | raw=25.6158 | natural=0.1033 | clipped=0.1033(上限20.0)
Ψ矩阵条件数 cond(Ψ) = 1.10e+01
Loss=-30.882080 | E0=-7.82022333+0.00003177j | E1=-7.71383047-0.00037927j|E2=-7.69193459-0.00019215j|E3=-7.65608168-0.00081360j
#-----------------------------------------#
[Step  78] logΨ: mean=35.923+0.160j | min=31.009-2.178j | max=36.240+2.174j
梯度监控 | raw=23.4247 | natural=0.0438 | clipped=0.0438(上限20.0)
Ψ矩阵条件数 cond(Ψ) = 1.26e+01
Loss=-30.898260 | E0=-7.82747746-0.00006253j | E1=-7.71585703-0.00035546j|E2=-7.69451618+0.00016532j|E3=-7.66039991+0.00026047j
#-----------------------------------------#
[Step  79] logΨ: mean=36.197+0.128j | min=30.031+0.905j | max=36.518+2.059j
梯度监控 | raw=32.3826 | natural=0.1900 | clipped=0.1900(上限20.0)
Ψ矩阵条件数 cond(Ψ) = 4.18e+01
Loss=-30.893211 | E0=-7.82898569+0.00004876j | E1=-7.71223402+0.00079688j|E2=-7.69261646-0.00153376j|E3=-7.65936899+0.00047502j
#-----------------------------------------#
[Step  80] logΨ: mean=36.363+0.796j | min=30.084+2.938j | max=36.677+2.742j
梯度监控 | raw=37.9458 | natural=0.1422 | clipped=0.1422(上限20.0)
Ψ矩阵条件数 cond(Ψ) = 9.83e+00
Loss=-30.893072 | E0=-7.82987213+0.00019181j | E1=-7.71675682-0.00087912j|E2=-7.68813753+0.00142394j|E3=-7.65829611-0.00070657j
#-----------------------------------------#
[Step  81] logΨ: mean=36.905+0.214j | min=30.935+2.298j | max=37.353+2.310j
梯度监控 | raw=37.1742 | natural=0.0601 | clipped=0.0601(上限20.0)
Ψ矩阵条件数 cond(Ψ) = 9.98e+00
Loss=-30.901342 | E0=-7.83183289-0.00020528j | E1=-7.71588612+0.00000840j|E2=-7.69368172-0.00020863j|E3=-7.65993118+0.00108625j
#-----------------------------------------#
[Step  82] logΨ: mean=36.692+0.379j | min=31.308-0.446j | max=37.040+2.384j
梯度监控 | raw=39.4694 | natural=0.0116 | clipped=0.0116(上限20.0)
Ψ矩阵条件数 cond(Ψ) = 9.55e+00
Loss=-30.916895 | E0=-7.83762646-0.00000483j | E1=-7.71796799+0.00029569j|E2=-7.69803619-0.00006766j|E3=-7.66325474+0.00049100j
#-----------------------------------------#
[Step  83] logΨ: mean=36.139+0.485j | min=32.069+1.532j | max=36.480+2.420j
梯度监控 | raw=36.8694 | natural=0.0173 | clipped=0.0173(上限20.0)
Ψ矩阵条件数 cond(Ψ) = 1.03e+01
Loss=-30.914335 | E0=-7.83574772-0.00018620j | E1=-7.71784401-0.00009140j|E2=-7.69748545-0.00011230j|E3=-7.66326809+0.00057225j
#-----------------------------------------#
[Step  84] logΨ: mean=36.661-0.200j | min=31.145-1.532j | max=37.065+1.698j
梯度监控 | raw=27.8665 | natural=0.0545 | clipped=0.0545(上限20.0)
Ψ矩阵条件数 cond(Ψ) = 1.17e+01
Loss=-30.911203 | E0=-7.83728361-0.00000477j | E1=-7.71531296+0.00052536j|E2=-7.69599009-0.00101447j|E3=-7.66260910-0.00030372j
#-----------------------------------------#
[Step  85] logΨ: mean=36.796-0.136j | min=32.061+1.230j | max=37.167+1.776j
梯度监控 | raw=31.5883 | natural=0.0102 | clipped=0.0102(上限20.0)
Ψ矩阵条件数 cond(Ψ) = 1.17e+01
Loss=-30.916367 | E0=-7.83857346+0.00008994j | E1=-7.71726370-0.00015745j|E2=-7.69734955+0.00028606j|E3=-7.66318941-0.00003181j
#-----------------------------------------#
[Step  86] logΨ: mean=36.653+0.046j | min=29.830+2.480j | max=37.010+1.907j
梯度监控 | raw=33.4053 | natural=0.1040 | clipped=0.1040(上限20.0)
Ψ矩阵条件数 cond(Ψ) = 9.38e+00
Loss=-30.915102 | E0=-7.84033823-0.00005093j | E1=-7.71801281-0.00010766j|E2=-7.69369936-0.00134354j|E3=-7.66305923+0.00121468j
#-----------------------------------------#
[Step  87] logΨ: mean=36.320+0.102j | min=31.735+1.260j | max=36.684+1.988j
梯度监控 | raw=46.2686 | natural=0.0123 | clipped=0.0123(上限20.0)
Ψ矩阵条件数 cond(Ψ) = 9.52e+00
Loss=-30.911737 | E0=-7.83533525-0.00006205j | E1=-7.71734142+0.00024998j|E2=-7.69610405+0.00021977j|E3=-7.66295052-0.00008128j
#-----------------------------------------#
[Step  88] logΨ: mean=36.020+0.089j | min=31.588-1.891j | max=36.381+2.021j
梯度监控 | raw=40.0900 | natural=0.0111 | clipped=0.0111(上限20.0)
Ψ矩阵条件数 cond(Ψ) = 9.59e+00
Loss=-30.916285 | E0=-7.83732271+0.00001204j | E1=-7.71770525+0.00010105j|E2=-7.69721937+0.00010193j|E3=-7.66405344+0.00035913j
#-----------------------------------------#
[Step  89] logΨ: mean=36.214+0.117j | min=30.449+1.935j | max=36.625+2.062j
梯度监控 | raw=37.2760 | natural=0.0096 | clipped=0.0096(上限20.0)
Ψ矩阵条件数 cond(Ψ) = 9.58e+00
Loss=-30.915882 | E0=-7.83943892+0.00034291j | E1=-7.71726942+0.00028934j|E2=-7.69560766+0.00002671j|E3=-7.66354322+0.00028188j
#-----------------------------------------#
[Step  90] logΨ: mean=36.744-0.012j | min=31.801-1.292j | max=37.107+1.943j
梯度监控 | raw=37.5389 | natural=0.0486 | clipped=0.0486(上限20.0)
Ψ矩阵条件数 cond(Ψ) = 1.09e+01
Loss=-30.913017 | E0=-7.83796072+0.00008696j | E1=-7.71725798+0.00022023j|E2=-7.69402885-0.00030066j|E3=-7.66377163+0.00067298j
#-----------------------------------------#
[Step  91] logΨ: mean=36.545-0.548j | min=31.103-0.222j | max=36.955+1.315j
梯度监控 | raw=51.2297 | natural=0.0272 | clipped=0.0272(上限20.0)
Ψ矩阵条件数 cond(Ψ) = 1.04e+01
Loss=-30.915178 | E0=-7.83868551-0.00017808j | E1=-7.71665573-0.00010536j|E2=-7.69369984+0.00011970j|E3=-7.66614437+0.00009132j
#-----------------------------------------#
[Step  92] logΨ: mean=35.882+0.419j | min=29.748-0.539j | max=36.352+2.501j
梯度监控 | raw=45.6092 | natural=0.0422 | clipped=0.0422(上限20.0)
Ψ矩阵条件数 cond(Ψ) = 1.09e+01
Loss=-30.918560 | E0=-7.84190369-0.00003117j | E1=-7.71660423+0.00027747j|E2=-7.69432306-0.00046083j|E3=-7.66573763-0.00024712j
#-----------------------------------------#
[Step  93] logΨ: mean=36.259+0.680j | min=28.744+2.730j | max=36.768+2.763j
梯度监控 | raw=34.9452 | natural=0.0620 | clipped=0.0620(上限20.0)
Ψ矩阵条件数 cond(Ψ) = 1.15e+01
Loss=-30.922857 | E0=-7.84612179+0.00013261j | E1=-7.71632242-0.00112583j|E2=-7.69380140+0.00057937j|E3=-7.66660023-0.00007402j
#-----------------------------------------#
[Step  94] logΨ: mean=36.680+1.069j | min=30.520+2.763j | max=37.057+3.140j
梯度监控 | raw=32.8491 | natural=0.0312 | clipped=0.0312(上限20.0)
Ψ矩阵条件数 cond(Ψ) = 1.13e+01
Loss=-30.926668 | E0=-7.84299803-0.00032920j | E1=-7.71792221+0.00028269j|E2=-7.69799900+0.00031847j|E3=-7.66775036-0.00060361j
#-----------------------------------------#
[Step  95] logΨ: mean=36.975-0.752j | min=32.466+2.396j | max=37.379+0.040j
梯度监控 | raw=32.9577 | natural=0.0074 | clipped=0.0074(上限20.0)
Ψ矩阵条件数 cond(Ψ) = 1.15e+01
Loss=-30.927065 | E0=-7.84417057-0.00015412j | E1=-7.71727562+0.00009942j|E2=-7.69777203-0.00024861j|E3=-7.66784048+0.00017953j
#-----------------------------------------#
[Step  96] logΨ: mean=36.731-0.532j | min=32.624+0.767j | max=37.112+0.079j
梯度监控 | raw=35.3054 | natural=0.0106 | clipped=0.0106(上限20.0)
Ψ矩阵条件数 cond(Ψ) = 1.18e+01
Loss=-30.929211 | E0=-7.84395599-0.00008175j | E1=-7.71783590-0.00012955j|E2=-7.69995308+0.00003454j|E3=-7.66746330+0.00019129j
#-----------------------------------------#
[Step  97] logΨ: mean=37.221+1.078j | min=30.169-0.848j | max=37.589+3.139j
梯度监控 | raw=31.5245 | natural=0.0245 | clipped=0.0245(上限20.0)
Ψ矩阵条件数 cond(Ψ) = 8.84e+00
Loss=-30.928833 | E0=-7.84611988+0.00001901j | E1=-7.71766806+0.00014176j|E2=-7.69941187+0.00011730j|E3=-7.66564751-0.00062194j
#-----------------------------------------#
[Step  98] logΨ: mean=37.466-0.714j | min=31.678+0.727j | max=37.851+0.051j
梯度监控 | raw=33.8911 | natural=0.0233 | clipped=0.0233(上限20.0)
Ψ矩阵条件数 cond(Ψ) = 1.18e+01
Loss=-30.928627 | E0=-7.84708261-0.00025215j | E1=-7.71630764-0.00016857j|E2=-7.69854927-0.00009089j|E3=-7.66668272-0.00030443j
#-----------------------------------------#
[Step  99] logΨ: mean=38.618-0.168j | min=31.284-0.649j | max=38.984+1.446j
梯度监控 | raw=35.4832 | natural=0.0489 | clipped=0.0489(上限20.0)
Ψ矩阵条件数 cond(Ψ) = 1.12e+01
Loss=-30.925989 | E0=-7.84695482-0.00003748j | E1=-7.71632195-0.00008343j|E2=-7.69614506+0.00159675j|E3=-7.66656256-0.00029818j
#-----------------------------------------#
[Step 100] logΨ: mean=37.715-0.275j | min=32.795+1.692j | max=38.116+1.473j
梯度监控 | raw=66.6341 | natural=0.0180 | clipped=0.0180(上限20.0)
Ψ矩阵条件数 cond(Ψ) = 1.15e+01
Loss=-30.921276 | E0=-7.84393406-0.00033783j | E1=-7.71648169-0.00010961j|E2=-7.69491434-0.00034471j|E3=-7.66595507+0.00132898j
#-----------------------------------------#
[Step 101] logΨ: mean=37.765-0.041j | min=32.179-1.891j | max=38.142+1.802j
梯度监控 | raw=48.0678 | natural=0.0609 | clipped=0.0609(上限20.0)
Ψ矩阵条件数 cond(Ψ) = 1.11e+01
Loss=-30.924610 | E0=-7.84662724-0.00047779j | E1=-7.71580648+0.00049687j|E2=-7.69622564+0.00009252j|E3=-7.66597223+0.00039813j
#-----------------------------------------#
[Step 102] logΨ: mean=37.564-0.123j | min=33.848-2.161j | max=37.937+1.818j
梯度监控 | raw=44.2409 | natural=0.0068 | clipped=0.0068(上限20.0)
Ψ矩阵条件数 cond(Ψ) = 1.11e+01
Loss=-30.920721 | E0=-7.84451294-0.00040519j | E1=-7.71818686-0.00012667j|E2=-7.69594717+0.00050695j|E3=-7.66207695+0.00037425j
#-----------------------------------------#
[Step 103] logΨ: mean=37.171-0.010j | min=33.483-2.559j | max=37.497+1.857j
梯度监控 | raw=41.3698 | natural=0.0132 | clipped=0.0132(上限20.0)
Ψ矩阵条件数 cond(Ψ) = 1.12e+01
Loss=-30.924810 | E0=-7.84756279+0.00008214j | E1=-7.71809530+0.00048856j|E2=-7.69658947+0.00006684j|E3=-7.66258097-0.00106487j
#-----------------------------------------#
[Step 104] logΨ: mean=36.763+0.413j | min=30.966-0.231j | max=37.157+2.283j
梯度监控 | raw=33.8062 | natural=0.1162 | clipped=0.1162(上限20.0)
Ψ矩阵条件数 cond(Ψ) = 1.04e+01
Loss=-30.920095 | E0=-7.84838820-0.00012231j | E1=-7.71408224-0.00122340j|E2=-7.69526720+0.00213140j|E3=-7.66236210-0.00069216j
#-----------------------------------------#
[Step 105] logΨ: mean=37.454+0.972j | min=31.578+2.394j | max=37.804+2.837j
梯度监控 | raw=38.5168 | natural=0.0384 | clipped=0.0384(上限20.0)
Ψ矩阵条件数 cond(Ψ) = 1.08e+01
Loss=-30.922792 | E0=-7.84687233-0.00025308j | E1=-7.71693325+0.00034388j|E2=-7.69657421-0.00024591j|E3=-7.66241932-0.00000583j
#-----------------------------------------#
[Step 106] logΨ: mean=37.191-0.271j | min=30.846-1.543j | max=37.536+0.389j
梯度监控 | raw=46.7428 | natural=0.0300 | clipped=0.0300(上限20.0)
Ψ矩阵条件数 cond(Ψ) = 9.63e+00
Loss=-30.923166 | E0=-7.84840441-0.00024209j | E1=-7.72043133+0.00095729j|E2=-7.69253492-0.00144511j|E3=-7.66180468-0.00164688j
#-----------------------------------------#
[Step 107] logΨ: mean=35.925+0.101j | min=30.839-2.869j | max=36.378+0.351j
梯度监控 | raw=88.1967 | natural=0.0223 | clipped=0.0223(上限20.0)
Ψ矩阵条件数 cond(Ψ) = 1.08e+01
Loss=-30.913673 | E0=-7.84584570-0.00014567j | E1=-7.71904755-0.00020556j|E2=-7.69121170+0.00041764j|E3=-7.65757751+0.00079978j
#-----------------------------------------#
[Step 108] logΨ: mean=36.456-0.244j | min=31.448+0.693j | max=36.816+0.089j
梯度监控 | raw=52.0260 | natural=0.0101 | clipped=0.0101(上限20.0)
Ψ矩阵条件数 cond(Ψ) = 9.93e+00
Loss=-30.923643 | E0=-7.84827757-0.00017738j | E1=-7.71913385-0.00039553j|E2=-7.69526482+0.00011566j|E3=-7.66095829-0.00103271j
#-----------------------------------------#
[Step 109] logΨ: mean=36.422+0.998j | min=30.606+1.824j | max=36.801+2.850j
梯度监控 | raw=45.9366 | natural=0.0276 | clipped=0.0276(上限20.0)
Ψ矩阵条件数 cond(Ψ) = 1.14e+01
Loss=-30.923714 | E0=-7.85016251+0.00007467j | E1=-7.72007704+0.00043942j|E2=-7.69410515-0.00140726j|E3=-7.65936613+0.00177157j
#-----------------------------------------#
[Step 110] logΨ: mean=36.787+0.304j | min=31.359+2.226j | max=37.096+2.304j
梯度监控 | raw=40.3015 | natural=0.0246 | clipped=0.0246(上限20.0)
Ψ矩阵条件数 cond(Ψ) = 1.10e+01
Loss=-30.923054 | E0=-7.85153246-0.00003105j | E1=-7.71871948-0.00002077j|E2=-7.69415951-0.00047869j|E3=-7.65864372-0.00005931j
#-----------------------------------------#
[Step 111] logΨ: mean=38.022-0.214j | min=31.836-1.025j | max=38.362+1.157j
梯度监控 | raw=35.1276 | natural=0.0656 | clipped=0.0656(上限20.0)
Ψ矩阵条件数 cond(Ψ) = 1.09e+01
Loss=-30.920948 | E0=-7.84925175-0.00005509j | E1=-7.71922302+0.00009948j|E2=-7.69404697-0.00065777j|E3=-7.65842772-0.00075495j
#-----------------------------------------#
[Step 112] logΨ: mean=38.192-0.357j | min=33.601-1.934j | max=38.557+1.174j
梯度监控 | raw=36.5529 | natural=0.0078 | clipped=0.0078(上限20.0)
Ψ矩阵条件数 cond(Ψ) = 9.15e+00
Loss=-30.911404 | E0=-7.84542942+0.00021098j | E1=-7.71909714-0.00003386j|E2=-7.69138241-0.00030262j|E3=-7.65548706+0.00028382j
#-----------------------------------------#
[Step 113] logΨ: mean=38.195-0.254j | min=33.823+2.927j | max=38.541+1.185j
梯度监控 | raw=39.1741 | natural=0.0052 | clipped=0.0052(上限20.0)
Ψ矩阵条件数 cond(Ψ) = 1.09e+01
Loss=-30.915535 | E0=-7.84847975+0.00016092j | E1=-7.71897602-0.00000463j|E2=-7.69187260-0.00054733j|E3=-7.65621233+0.00007623j
#-----------------------------------------#
[Step 114] logΨ: mean=38.433-0.283j | min=34.164-1.890j | max=38.812+1.184j
梯度监控 | raw=39.8566 | natural=0.0104 | clipped=0.0104(上限20.0)
Ψ矩阵条件数 cond(Ψ) = 1.10e+01
Loss=-30.913677 | E0=-7.84629059+0.00007780j | E1=-7.71901321+0.00003609j|E2=-7.69153929+0.00013045j|E3=-7.65683746-0.00019103j
#-----------------------------------------#
[Step 115] logΨ: mean=38.110-0.289j | min=33.543-1.846j | max=38.469+1.194j
梯度监控 | raw=41.1318 | natural=0.0110 | clipped=0.0110(上限20.0)
Ψ矩阵条件数 cond(Ψ) = 1.10e+01
Loss=-30.916990 | E0=-7.84930468+0.00000014j | E1=-7.71918297+0.00002300j|E2=-7.69166994+0.00035527j|E3=-7.65684175+0.00022204j
#-----------------------------------------#
[Step 116] logΨ: mean=37.836-0.270j | min=33.125-2.717j | max=38.211+1.216j
梯度监控 | raw=37.6158 | natural=0.0106 | clipped=0.0106(上限20.0)
Ψ矩阵条件数 cond(Ψ) = 1.11e+01
Loss=-30.916433 | E0=-7.84822941-0.00016233j | E1=-7.71934080+0.00005011j|E2=-7.69186831+0.00001325j|E3=-7.65699959-0.00001141j
#-----------------------------------------#
[Step 117] logΨ: mean=37.543-0.066j | min=32.140+1.533j | max=37.880+1.521j
梯度监控 | raw=32.5048 | natural=0.0330 | clipped=0.0330(上限20.0)
Ψ矩阵条件数 cond(Ψ) = 1.19e+01
Loss=-30.915943 | E0=-7.84855223+0.00012770j | E1=-7.71854401+0.00020768j|E2=-7.69180298-0.00050038j|E3=-7.65704584+0.00056997j
#-----------------------------------------#
[Step 118] logΨ: mean=37.905+0.209j | min=32.175-2.759j | max=38.263+1.685j
梯度监控 | raw=32.5415 | natural=0.0232 | clipped=0.0232(上限20.0)
Ψ矩阵条件数 cond(Ψ) = 9.79e+00
Loss=-30.918091 | E0=-7.84983540+0.00001881j | E1=-7.71775532+0.00002360j|E2=-7.69259453+0.00117959j|E3=-7.65789366-0.00091416j
#-----------------------------------------#
[Step 119] logΨ: mean=37.780+0.260j | min=33.214-1.408j | max=38.105+1.703j
梯度监控 | raw=35.8840 | natural=0.0081 | clipped=0.0081(上限20.0)
Ψ矩阵条件数 cond(Ψ) = 1.05e+01
Loss=-30.920277 | E0=-7.85025406-0.00003483j | E1=-7.71904516+0.00020381j|E2=-7.69266367+0.00016511j|E3=-7.65832138-0.00087512j
#-----------------------------------------#
[Step 120] logΨ: mean=37.603+0.285j | min=32.461-1.258j | max=37.948+1.733j
梯度监控 | raw=34.5892 | natural=0.0086 | clipped=0.0086(上限20.0)
Ψ矩阵条件数 cond(Ψ) = 1.01e+01
Loss=-30.920015 | E0=-7.84937096-0.00005538j | E1=-7.71922016+0.00000677j|E2=-7.69283295+0.00013847j|E3=-7.65858078+0.00036906j
#-----------------------------------------#
[Step 121] logΨ: mean=37.624+0.222j | min=32.331-0.392j | max=37.972+1.767j
梯度监控 | raw=34.2571 | natural=0.0579 | clipped=0.0579(上限20.0)
Ψ矩阵条件数 cond(Ψ) = 1.12e+01
Loss=-30.916946 | E0=-7.84918690-0.00004795j | E1=-7.71751976-0.00071502j|E2=-7.69213152-0.00017515j|E3=-7.65812206+0.00016382j
#-----------------------------------------#
[Step 122] logΨ: mean=37.397+0.336j | min=31.761+2.210j | max=37.731+1.772j
梯度监控 | raw=30.5665 | natural=0.0078 | clipped=0.0078(上限20.0)
Ψ矩阵条件数 cond(Ψ) = 1.13e+01
Loss=-30.923140 | E0=-7.85277557-0.00002722j | E1=-7.71916294+0.00013591j|E2=-7.69262123-0.00030062j|E3=-7.65859365+0.00109549j
#-----------------------------------------#
[Step 123] logΨ: mean=37.488+0.323j | min=31.866+2.397j | max=37.772+1.786j
梯度监控 | raw=32.0447 | natural=0.0049 | clipped=0.0049(上限20.0)
Ψ矩阵条件数 cond(Ψ) = 1.15e+01
Loss=-30.923140 | E0=-7.85265350+0.00020142j | E1=-7.71889305+0.00023339j|E2=-7.69282484+0.00007715j|E3=-7.65876532-0.00167349j
#-----------------------------------------#
[Step 124] logΨ: mean=38.239+0.320j | min=31.174-2.074j | max=38.523+1.760j
梯度监控 | raw=31.7081 | natural=0.0336 | clipped=0.0336(上限20.0)
Ψ矩阵条件数 cond(Ψ) = 1.00e+01
Loss=-30.921162 | E0=-7.85277605+0.00004904j | E1=-7.71774721+0.00042594j|E2=-7.69267464+0.00008124j|E3=-7.65794706-0.00110781j
#-----------------------------------------#
[Step 125] logΨ: mean=38.058+0.313j | min=33.435+1.193j | max=38.436+1.820j
梯度监控 | raw=30.3185 | natural=0.0074 | clipped=0.0074(上限20.0)
Ψ矩阵条件数 cond(Ψ) = 1.01e+01
Loss=-30.922768 | E0=-7.85112190-0.00003571j | E1=-7.71972704-0.00004703j|E2=-7.69340086-0.00062127j|E3=-7.65851212+0.00145012j
#-----------------------------------------#
[Step 126] logΨ: mean=37.958+0.336j | min=33.205+2.203j | max=38.312+1.813j
梯度监控 | raw=30.9090 | natural=0.0063 | clipped=0.0063(上限20.0)
Ψ矩阵条件数 cond(Ψ) = 1.49e+01
Loss=-30.921646 | E0=-7.85096359-0.00003200j | E1=-7.71923828+0.00008199j|E2=-7.69288015+0.00028650j|E3=-7.65857887+0.00075704j
#-----------------------------------------#
[Step 127] logΨ: mean=39.381-0.778j | min=28.370-1.359j | max=39.739+0.462j
梯度监控 | raw=47.1979 | natural=0.2402 | clipped=0.2402(上限20.0)
Ψ矩阵条件数 cond(Ψ) = 3.57e+01
Loss=-30.903685 | E0=-7.85197973-0.00015709j | E1=-7.70812130-0.00196824j|E2=-7.69086742-0.00218394j|E3=-7.65271473+0.00189531j
#-----------------------------------------#
[Step 128] logΨ: mean=39.179-0.685j | min=33.866+0.850j | max=39.511+0.449j
梯度监控 | raw=33.8372 | natural=0.0105 | clipped=0.0105(上限20.0)
Ψ矩阵条件数 cond(Ψ) = 9.14e+00
Loss=-30.923067 | E0=-7.85226965+0.00000009j | E1=-7.71807241-0.00004861j|E2=-7.69252253+0.00008535j|E3=-7.66020346-0.00014545j
#-----------------------------------------#
[Step 129] logΨ: mean=38.910-0.558j | min=34.242+0.614j | max=39.226+0.591j
梯度监控 | raw=32.9440 | natural=0.0126 | clipped=0.0126(上限20.0)
Ψ矩阵条件数 cond(Ψ) = 9.29e+00
Loss=-30.924238 | E0=-7.85288858+0.00005168j | E1=-7.71898413-0.00004182j|E2=-7.69271660+0.00032830j|E3=-7.65966225-0.00053048j
#-----------------------------------------#
[Step 130] logΨ: mean=39.276-0.641j | min=35.630+0.891j | max=39.522+0.570j
梯度监控 | raw=31.9516 | natural=0.0087 | clipped=0.0087(上限20.0)
Ψ矩阵条件数 cond(Ψ) = 3.37e+01
Loss=-30.927191 | E0=-7.85609579+0.00003052j | E1=-7.71873522-0.00005068j|E2=-7.69266224+0.00053831j|E3=-7.65969133-0.00170639j
#-----------------------------------------#
[Step 131] logΨ: mean=39.078-0.669j | min=35.371+1.025j | max=39.416+0.601j
梯度监控 | raw=31.4092 | natural=0.0088 | clipped=0.0088(上限20.0)
Ψ矩阵条件数 cond(Ψ) = 3.29e+01
Loss=-30.924883 | E0=-7.85338497-0.00004250j | E1=-7.71921492-0.00044202j|E2=-7.69248629-0.00013993j|E3=-7.65980053+0.00044069j
#-----------------------------------------#
[Step 132] logΨ: mean=39.089-0.492j | min=34.765-2.273j | max=39.391+0.654j
梯度监控 | raw=32.6394 | natural=0.0083 | clipped=0.0083(上限20.0)
Ψ矩阵条件数 cond(Ψ) = 3.22e+01
Loss=-30.924871 | E0=-7.85368681-0.00001577j | E1=-7.71900558-0.00013919j|E2=-7.69225883+0.00037250j|E3=-7.65991068-0.00040478j
#-----------------------------------------#
[Step 133] logΨ: mean=39.050-0.487j | min=34.095+2.280j | max=39.387+0.657j
梯度监控 | raw=34.9077 | natural=0.0026 | clipped=0.0026(上限20.0)
Ψ矩阵条件数 cond(Ψ) = 9.39e+00
Loss=-30.923590 | E0=-7.85291386-0.00000146j | E1=-7.71847057-0.00008187j|E2=-7.69256401+0.00005007j|E3=-7.65965176-0.00030887j
#-----------------------------------------#
[Step 134] logΨ: mean=39.079-0.477j | min=34.407+0.387j | max=39.405+0.668j
梯度监控 | raw=34.3735 | natural=0.0079 | clipped=0.0079(上限20.0)
Ψ矩阵条件数 cond(Ψ) = 9.43e+00
Loss=-30.925858 | E0=-7.85482025+0.00000508j | E1=-7.71859503+0.00012034j|E2=-7.69254732+0.00024126j|E3=-7.65990210-0.00048268j
#-----------------------------------------#
[Step 135] logΨ: mean=39.555-0.531j | min=36.492-1.776j | max=39.869+0.635j
梯度监控 | raw=33.3139 | natural=0.0151 | clipped=0.0151(上限20.0)
Ψ矩阵条件数 cond(Ψ) = 3.14e+01
Loss=-30.927691 | E0=-7.85529327-0.00001086j | E1=-7.71898746+0.00011798j|E2=-7.69286871-0.00012839j|E3=-7.66053486+0.00054157j
#-----------------------------------------#
[Step 136] logΨ: mean=39.412-0.389j | min=33.323-1.522j | max=39.722+0.684j
梯度监控 | raw=34.9659 | natural=0.0160 | clipped=0.0160(上限20.0)
Ψ矩阵条件数 cond(Ψ) = 9.88e+00
Loss=-30.927500 | E0=-7.85513449-0.00004870j | E1=-7.71799278+0.00029744j|E2=-7.69335365-0.00010922j|E3=-7.66101456-0.00029123j
#-----------------------------------------#
[Step 137] logΨ: mean=39.866-0.413j | min=35.023-2.458j | max=40.147+0.687j
梯度监控 | raw=35.3005 | natural=0.0098 | clipped=0.0098(上限20.0)
Ψ矩阵条件数 cond(Ψ) = 9.99e+00
Loss=-30.928606 | E0=-7.85525417+0.00004406j | E1=-7.71865416+0.00021246j|E2=-7.69348907+0.00007183j|E3=-7.66119862-0.00060534j
#-----------------------------------------#
[Step 138] logΨ: mean=40.145-0.613j | min=35.542-1.859j | max=40.455+0.625j
梯度监控 | raw=33.1169 | natural=0.0125 | clipped=0.0125(上限20.0)
Ψ矩阵条件数 cond(Ψ) = 9.91e+00
Loss=-30.926956 | E0=-7.85522461+0.00000149j | E1=-7.71905994+0.00005560j|E2=-7.69257116+0.00004229j|E3=-7.66009188-0.00013626j
#-----------------------------------------#
[Step 139] logΨ: mean=39.674-0.562j | min=35.061-1.852j | max=39.997+0.549j
梯度监控 | raw=37.4462 | natural=0.0153 | clipped=0.0153(上限20.0)
Ψ矩阵条件数 cond(Ψ) = 3.20e+01
Loss=-30.928736 | E0=-7.85562944-0.00007927j | E1=-7.71891689+0.00005076j|E2=-7.69322920-0.00025191j|E3=-7.66096640+0.00023276j
#-----------------------------------------#
[Step 140] logΨ: mean=40.060-0.632j | min=35.085+0.797j | max=40.370+0.525j
梯度监控 | raw=34.1595 | natural=0.0151 | clipped=0.0151(上限20.0)
Ψ矩阵条件数 cond(Ψ) = 2.46e+01
Loss=-30.930254 | E0=-7.85732031-0.00005513j | E1=-7.71868896+0.00015365j|E2=-7.69303608-0.00023407j|E3=-7.66120625+0.00006606j
#-----------------------------------------#
[Step 141] logΨ: mean=40.117-0.477j | min=35.667-2.190j | max=40.386+0.625j
梯度监控 | raw=36.1791 | natural=0.0039 | clipped=0.0039(上限20.0)
Ψ矩阵条件数 cond(Ψ) = 1.03e+01
Loss=-30.929585 | E0=-7.85616779+0.00004695j | E1=-7.71906662+0.00024844j|E2=-7.69305563+0.00007232j|E3=-7.66130590-0.00018466j
#-----------------------------------------#
[Step 142] logΨ: mean=38.196+0.437j | min=31.222-3.106j | max=38.401+1.760j
梯度监控 | raw=45.5628 | natural=0.1501 | clipped=0.1501(上限20.0)
Ψ矩阵条件数 cond(Ψ) = 6.68e+01
Loss=-30.924482 | E0=-7.85617256+0.00005600j | E1=-7.71806097+0.00024378j|E2=-7.69096422+0.00227237j|E3=-7.65928030-0.00192555j
#-----------------------------------------#
[Step 143] logΨ: mean=37.893+0.394j | min=33.603-1.535j | max=38.216+1.865j
梯度监控 | raw=35.3862 | natural=0.0114 | clipped=0.0114(上限20.0)
Ψ矩阵条件数 cond(Ψ) = 7.69e+00
Loss=-30.918774 | E0=-7.85832787-0.00011221j | E1=-7.71253395+0.00044235j|E2=-7.69182634+0.00013021j|E3=-7.65607071-0.00169631j
#-----------------------------------------#
[Step 144] logΨ: mean=38.246+0.413j | min=32.612-1.228j | max=38.561+1.900j
梯度监控 | raw=29.6050 | natural=0.0238 | clipped=0.0238(上限20.0)
Ψ矩阵条件数 cond(Ψ) = 7.56e+00
Loss=-30.921055 | E0=-7.85802221-0.00000989j | E1=-7.71413994-0.00022462j|E2=-7.69126797+0.00048869j|E3=-7.65763044-0.00082504j
#-----------------------------------------#
[Step 145] logΨ: mean=38.317+0.403j | min=33.748+2.919j | max=38.642+1.902j
梯度监控 | raw=31.3145 | natural=0.0094 | clipped=0.0094(上限20.0)
Ψ矩阵条件数 cond(Ψ) = 7.56e+00
Loss=-30.925283 | E0=-7.85897446+0.00010091j | E1=-7.71584988+0.00043439j|E2=-7.69228220+0.00028593j|E3=-7.65816498-0.00062096j
#-----------------------------------------#
[Step 146] logΨ: mean=39.775-0.118j | min=33.177+1.068j | max=40.228+2.306j
梯度监控 | raw=31.6813 | natural=0.0581 | clipped=0.0581(上限20.0)
Ψ矩阵条件数 cond(Ψ) = 7.17e+00
Loss=-30.924385 | E0=-7.85776186+0.00003839j | E1=-7.71676636-0.00019147j|E2=-7.69171858-0.00091164j|E3=-7.65813923+0.00015259j
#-----------------------------------------#
[Step 147] logΨ: mean=39.364+0.152j | min=34.237+2.702j | max=39.795+2.305j
梯度监控 | raw=42.2671 | natural=0.0121 | clipped=0.0121(上限20.0)
Ψ矩阵条件数 cond(Ψ) = 4.10e+01
Loss=-30.918846 | E0=-7.85764742+0.00004578j | E1=-7.71575546-0.00056021j|E2=-7.68794155+0.00028462j|E3=-7.65749931+0.00003625j
#-----------------------------------------#
[Step 148] logΨ: mean=39.484-0.105j | min=34.176+2.362j | max=39.898+2.333j
梯度监控 | raw=35.4494 | natural=0.0089 | clipped=0.0089(上限20.0)
Ψ矩阵条件数 cond(Ψ) = 7.42e+00
Loss=-30.921354 | E0=-7.85829973+0.00001955j | E1=-7.71600199+0.00035006j|E2=-7.68842316+0.00057172j|E3=-7.65862513-0.00123484j
#-----------------------------------------#
[Step 149] logΨ: mean=38.594+0.052j | min=33.092+1.478j | max=38.988+2.274j
梯度监控 | raw=34.8527 | natural=0.0227 | clipped=0.0227(上限20.0)
Ψ矩阵条件数 cond(Ψ) = 4.19e+01
Loss=-30.924185 | E0=-7.85772371+0.00009203j | E1=-7.71824074-0.00001122j|E2=-7.68894434+0.00099847j|E3=-7.65928221-0.00092554j
#-----------------------------------------#
[Step 150] logΨ: mean=38.554+0.029j | min=34.445+2.934j | max=38.926+2.290j
梯度监控 | raw=30.9252 | natural=0.0067 | clipped=0.0067(上限20.0)
Ψ矩阵条件数 cond(Ψ) = 7.77e+00
Loss=-30.922853 | E0=-7.85937214+0.00004268j | E1=-7.71584463-0.00002634j|E2=-7.68874884+0.00073069j|E3=-7.65889835-0.00194374j
#-----------------------------------------#
[Step 151] logΨ: mean=38.379+0.268j | min=34.122+2.725j | max=38.777+2.324j
梯度监控 | raw=20.4095 | natural=0.0080 | clipped=0.0080(上限20.0)
Ψ矩阵条件数 cond(Ψ) = 7.92e+00
Loss=-30.923302 | E0=-7.85844326-0.00001431j | E1=-7.71766472+0.00006700j|E2=-7.68789625+0.00006056j|E3=-7.65929985+0.00072457j
#-----------------------------------------#
[Step 152] logΨ: mean=38.085+0.149j | min=33.310+1.071j | max=38.471+2.404j
梯度监控 | raw=25.2521 | natural=0.0118 | clipped=0.0118(上限20.0)
Ψ矩阵条件数 cond(Ψ) = 4.12e+01
Loss=-30.927040 | E0=-7.85913086-0.00001574j | E1=-7.71868324+0.00022781j|E2=-7.68904448+0.00036042j|E3=-7.66019583-0.00056191j
#-----------------------------------------#
[Step 153] logΨ: mean=38.025+0.277j | min=32.774+1.621j | max=38.406+2.416j
梯度监控 | raw=27.7236 | natural=0.0069 | clipped=0.0069(上限20.0)
Ψ矩阵条件数 cond(Ψ) = 4.13e+01
Loss=-30.927786 | E0=-7.85870552+0.00011244j | E1=-7.71838713-0.00003840j|E2=-7.68907022-0.00039766j|E3=-7.66163015+0.00113773j
#-----------------------------------------#
[Step 154] logΨ: mean=38.223+0.227j | min=33.644-1.441j | max=38.612+2.475j
梯度监控 | raw=24.4389 | natural=0.0114 | clipped=0.0114(上限20.0)
Ψ矩阵条件数 cond(Ψ) = 8.23e+00
Loss=-30.927759 | E0=-7.85927200-0.00008028j | E1=-7.71823168+0.00008790j|E2=-7.68960190+0.00082926j|E3=-7.66065741-0.00056366j
#-----------------------------------------#
[Step 155] logΨ: mean=39.351+0.468j | min=29.805-1.968j | max=39.730+2.821j
梯度监控 | raw=21.2131 | natural=0.0651 | clipped=0.0651(上限20.0)
Ψ矩阵条件数 cond(Ψ) = 8.48e+00
Loss=-30.922886 | E0=-7.85974932-0.00002809j | E1=-7.71703672+0.00051410j|E2=-7.68776512-0.00033383j|E3=-7.65834427-0.00066304j
#-----------------------------------------#
[Step 156] logΨ: mean=39.256+0.730j | min=34.931-0.674j | max=39.650+2.823j
梯度监控 | raw=27.0006 | natural=0.0050 | clipped=0.0050(上限20.0)
Ψ矩阵条件数 cond(Ψ) = 4.68e+01
Loss=-30.927160 | E0=-7.85939741-0.00000930j | E1=-7.71855688-0.00025834j|E2=-7.68882132-0.00029043j|E3=-7.66038752+0.00091177j
#-----------------------------------------#
[Step 157] logΨ: mean=39.319+0.787j | min=34.679-2.502j | max=39.711+2.860j
梯度监控 | raw=29.5628 | natural=0.0067 | clipped=0.0067(上限20.0)
Ψ矩阵条件数 cond(Ψ) = 4.64e+01
Loss=-30.929087 | E0=-7.85946226+0.00007579j | E1=-7.71931362+0.00003734j|E2=-7.69002008-0.00003155j|E3=-7.66028166-0.00055194j
#-----------------------------------------#
[Step 158] logΨ: mean=40.015+0.569j | min=34.025+1.441j | max=40.351+2.877j
梯度监控 | raw=32.0459 | natural=0.0155 | clipped=0.0155(上限20.0)
Ψ矩阵条件数 cond(Ψ) = 8.48e+00
Loss=-30.929512 | E0=-7.86008024+0.00000232j | E1=-7.71903419-0.00009922j|E2=-7.68928432+0.00025986j|E3=-7.66110325-0.00086975j
#-----------------------------------------#
[Step 159] logΨ: mean=40.030+0.535j | min=34.863+1.049j | max=40.360+2.855j
梯度监控 | raw=34.5493 | natural=0.0054 | clipped=0.0054(上限20.0)
Ψ矩阵条件数 cond(Ψ) = 8.60e+00
Loss=-30.931025 | E0=-7.86020041+0.00006330j | E1=-7.71939850+0.00004522j|E2=-7.68967819+0.00023527j|E3=-7.66174841-0.00108933j
#-----------------------------------------#
[Step 160] logΨ: mean=40.193+0.450j | min=34.183-1.983j | max=40.528+2.832j
梯度监控 | raw=34.5719 | natural=0.0176 | clipped=0.0176(上限20.0)
Ψ矩阵条件数 cond(Ψ) = 1.23e+01
Loss=-30.928364 | E0=-7.86048794+0.00003587j | E1=-7.71879578+0.00055087j|E2=-7.68869925+0.00030710j|E3=-7.66038084-0.00107479j
#-----------------------------------------#
[Step 161] logΨ: mean=39.718+0.605j | min=35.202-0.447j | max=40.056+2.812j
梯度监控 | raw=35.4995 | natural=0.0136 | clipped=0.0136(上限20.0)
Ψ矩阵条件数 cond(Ψ) = 9.52e+00
Loss=-30.930124 | E0=-7.86001444-0.00005150j | E1=-7.71887016-0.00005287j|E2=-7.68973684-0.00006702j|E3=-7.66151047-0.00041807j
#-----------------------------------------#
[Step 162] logΨ: mean=39.748+0.617j | min=35.255+2.305j | max=40.095+2.808j
梯度监控 | raw=27.3289 | natural=0.0063 | clipped=0.0063(上限20.0)
Ψ矩阵条件数 cond(Ψ) = 4.60e+01
Loss=-30.930666 | E0=-7.86055899+0.00002146j | E1=-7.71960449-0.00011307j|E2=-7.68895388-0.00062253j|E3=-7.66155291+0.00117970j
#-----------------------------------------#
[Step 163] logΨ: mean=39.903+0.694j | min=35.529+2.347j | max=40.246+2.803j
梯度监控 | raw=29.7794 | natural=0.0072 | clipped=0.0072(上限20.0)
Ψ矩阵条件数 cond(Ψ) = 8.91e+00
Loss=-30.932652 | E0=-7.86054087+0.00006023j | E1=-7.72010803-0.00017566j|E2=-7.68973970+0.00035904j|E3=-7.66225100-0.00037169j
#-----------------------------------------#
[Step 164] logΨ: mean=39.668+0.209j | min=34.056+2.472j | max=40.040+2.774j
梯度监控 | raw=32.5392 | natural=0.0069 | clipped=0.0069(上限20.0)
Ψ矩阵条件数 cond(Ψ) = 4.59e+01
Loss=-30.931772 | E0=-7.86065769+0.00000620j | E1=-7.71959448+0.00030669j|E2=-7.68908548+0.00021265j|E3=-7.66244364-0.00057387j
#-----------------------------------------#
[Step 165] logΨ: mean=39.758+0.453j | min=34.577-0.640j | max=40.070+2.757j
梯度监控 | raw=31.7938 | natural=0.0083 | clipped=0.0083(上限20.0)
Ψ矩阵条件数 cond(Ψ) = 3.26e+01
Loss=-30.931665 | E0=-7.86054611+0.00001109j | E1=-7.72023201-0.00003829j|E2=-7.68920946+0.00008207j|E3=-7.66167736-0.00037622j
#-----------------------------------------#
[Step 166] logΨ: mean=39.807+0.807j | min=34.970-0.416j | max=40.181+2.826j
梯度监控 | raw=28.0901 | natural=0.0099 | clipped=0.0099(上限20.0)
Ψ矩阵条件数 cond(Ψ) = 4.53e+01
Loss=-30.932554 | E0=-7.86064291-0.00001335j | E1=-7.71950483-0.00006835j|E2=-7.68959475-0.00002973j|E3=-7.66280842+0.00078835j
#-----------------------------------------#
[Step 167] logΨ: mean=39.938+0.491j | min=35.723-2.437j | max=40.274+2.803j
梯度监控 | raw=32.6441 | natural=0.0038 | clipped=0.0038(上限20.0)
Ψ矩阵条件数 cond(Ψ) = 4.55e+01
Loss=-30.934397 | E0=-7.86127567+0.00001038j | E1=-7.71968889+0.00003595j|E2=-7.69007730-0.00032584j|E3=-7.66334915+0.00079823j
#-----------------------------------------#
[Step 168] logΨ: mean=40.100+0.540j | min=35.540-0.445j | max=40.447+2.824j
梯度监控 | raw=31.5201 | natural=0.0085 | clipped=0.0085(上限20.0)
Ψ矩阵条件数 cond(Ψ) = 1.44e+01
Loss=-30.932493 | E0=-7.86106634-0.00006196j | E1=-7.71942186+0.00027493j|E2=-7.68989611+0.00043927j|E3=-7.66211462-0.00058913j
#-----------------------------------------#
[Step 169] logΨ: mean=39.763+0.534j | min=33.496-0.390j | max=40.079+2.814j
梯度监控 | raw=38.8242 | natural=0.0110 | clipped=0.0110(上限20.0)
Ψ矩阵条件数 cond(Ψ) = 4.49e+01
Loss=-30.934084 | E0=-7.86073399+0.00000928j | E1=-7.72009945+0.00024379j|E2=-7.69004583+0.00065336j|E3=-7.66320133-0.00139508j
#-----------------------------------------#
[Step 170] logΨ: mean=39.395+0.369j | min=34.345-0.606j | max=39.728+2.791j
梯度监控 | raw=37.9163 | natural=0.0100 | clipped=0.0100(上限20.0)
Ψ矩阵条件数 cond(Ψ) = 1.02e+01
Loss=-30.932234 | E0=-7.86099672+0.00003008j | E1=-7.71922684+0.00045698j|E2=-7.68961334+0.00062345j|E3=-7.66240120-0.00211489j
#-----------------------------------------#
[Step 171] logΨ: mean=40.281+0.130j | min=34.461-0.289j | max=40.631+2.415j
梯度监控 | raw=25.2595 | natural=0.0269 | clipped=0.0269(上限20.0)
Ψ矩阵条件数 cond(Ψ) = 9.49e+00
Loss=-30.933491 | E0=-7.86124420-0.00002728j | E1=-7.72091150+0.00008033j|E2=-7.68904257-0.00057293j|E3=-7.66230345+0.00138128j
#-----------------------------------------#
[Step 172] logΨ: mean=39.700+0.188j | min=35.830-2.920j | max=40.031+2.371j
梯度监控 | raw=33.5206 | natural=0.0141 | clipped=0.0141(上限20.0)
Ψ矩阵条件数 cond(Ψ) = 9.49e+00
Loss=-30.935152 | E0=-7.86039734+0.00006806j | E1=-7.71986675-0.00015114j|E2=-7.69013500-0.00039717j|E3=-7.66476059+0.00104797j
#-----------------------------------------#
[Step 173] logΨ: mean=39.524+0.147j | min=34.551-0.881j | max=39.885+2.365j
梯度监控 | raw=26.4810 | natural=0.0063 | clipped=0.0063(上限20.0)
Ψ矩阵条件数 cond(Ψ) = 9.58e+00
Loss=-30.933455 | E0=-7.86098385+0.00008923j | E1=-7.72007799+0.00029942j|E2=-7.68934441-0.00008404j|E3=-7.66305113+0.00011706j
#-----------------------------------------#
[Step 174] logΨ: mean=39.613+0.101j | min=33.926+2.718j | max=39.948+2.342j
梯度监控 | raw=26.0413 | natural=0.0099 | clipped=0.0099(上限20.0)
Ψ矩阵条件数 cond(Ψ) = 9.64e+00
Loss=-30.935020 | E0=-7.86131620+0.00000901j | E1=-7.72060251-0.00033091j|E2=-7.68960857-0.00010963j|E3=-7.66348982+0.00106826j
#-----------------------------------------#
[Step 175] logΨ: mean=40.021-0.340j | min=33.759-2.489j | max=40.320+2.281j
梯度监控 | raw=28.1095 | natural=0.0322 | clipped=0.0322(上限20.0)
Ψ矩阵条件数 cond(Ψ) = 9.51e+00
Loss=-30.934437 | E0=-7.86153984-0.00007315j | E1=-7.71919250-0.00101987j|E2=-7.68949890-0.00083481j|E3=-7.66420746+0.00169373j
#-----------------------------------------#
[Step 176] logΨ: mean=40.281+0.204j | min=36.131+0.293j | max=40.572+2.324j
梯度监控 | raw=27.4752 | natural=0.0092 | clipped=0.0092(上限20.0)
Ψ矩阵条件数 cond(Ψ) = 9.49e+00
Loss=-30.931223 | E0=-7.86200953-0.00004569j | E1=-7.72042370+0.00011861j|E2=-7.68624353+0.00029953j|E3=-7.66253901-0.00099616j
#-----------------------------------------#
[Step 177] logΨ: mean=40.002+0.334j | min=34.885+0.656j | max=40.327+2.334j
梯度监控 | raw=27.0660 | natural=0.0098 | clipped=0.0098(上限20.0)
Ψ矩阵条件数 cond(Ψ) = 1.86e+01
Loss=-30.929903 | E0=-7.86189651+0.00009009j | E1=-7.71976805+0.00020059j|E2=-7.68603563+0.00029027j|E3=-7.66220331-0.00043869j
#-----------------------------------------#
[Step 178] logΨ: mean=39.734+0.161j | min=34.302-0.723j | max=40.083+2.345j
梯度监控 | raw=26.2929 | natural=0.0143 | clipped=0.0143(上限20.0)
Ψ矩阵条件数 cond(Ψ) = 4.55e+01
Loss=-30.929619 | E0=-7.86173773-0.00013700j | E1=-7.72020864+0.00023027j|E2=-7.68548870-0.00040230j|E3=-7.66217375+0.00008123j
#-----------------------------------------#
[Step 179] logΨ: mean=39.868+0.221j | min=34.994-1.190j | max=40.173+2.333j
梯度监控 | raw=26.1658 | natural=0.0051 | clipped=0.0051(上限20.0)
Ψ矩阵条件数 cond(Ψ) = 1.25e+02
Loss=-30.933483 | E0=-7.86234665+0.00006509j | E1=-7.72026730+0.00016998j|E2=-7.68711901-0.00021885j|E3=-7.66374016-0.00003496j
#-----------------------------------------#
[Step 180] logΨ: mean=40.204-0.144j | min=34.855+2.900j | max=40.522+2.228j
梯度监控 | raw=26.0609 | natural=0.0163 | clipped=0.0163(上限20.0)
Ψ矩阵条件数 cond(Ψ) = 1.48e+01
Loss=-30.933018 | E0=-7.86194277-0.00001794j | E1=-7.72034693-0.00001952j|E2=-7.68692684-0.00003172j|E3=-7.66380548-0.00022128j
#-----------------------------------------#
[Step 181] logΨ: mean=40.115+0.157j | min=34.885-1.587j | max=40.447+2.240j
梯度监控 | raw=26.8610 | natural=0.0082 | clipped=0.0082(上限20.0)
Ψ矩阵条件数 cond(Ψ) = 4.44e+01
Loss=-30.932518 | E0=-7.86153460-0.00008297j | E1=-7.72041082-0.00003299j|E2=-7.68589258-0.00126277j|E3=-7.66468573+0.00163961j
#-----------------------------------------#
[Step 182] logΨ: mean=40.143+0.168j | min=36.044-0.555j | max=40.470+2.261j
梯度监控 | raw=25.0967 | natural=0.0051 | clipped=0.0051(上限20.0)
Ψ矩阵条件数 cond(Ψ) = 1.01e+01
Loss=-30.935240 | E0=-7.86216164-0.00007098j | E1=-7.72025204-0.00015863j|E2=-7.68799782-0.00042204j|E3=-7.66482544+0.00081804j
#-----------------------------------------#
[Step 183] logΨ: mean=40.107+0.066j | min=36.515-3.012j | max=40.422+2.276j
梯度监控 | raw=25.3521 | natural=0.0058 | clipped=0.0058(上限20.0)
Ψ矩阵条件数 cond(Ψ) = 1.05e+01
Loss=-30.935139 | E0=-7.86225986-0.00006280j | E1=-7.72037506-0.00013377j|E2=-7.68773890-0.00033109j|E3=-7.66477776+0.00032099j
#-----------------------------------------#
[Step 184] logΨ: mean=39.914+0.251j | min=34.408+0.710j | max=40.232+2.317j
梯度监控 | raw=26.3355 | natural=0.0088 | clipped=0.0088(上限20.0)
Ψ矩阵条件数 cond(Ψ) = 4.26e+01
Loss=-30.934223 | E0=-7.86162043+0.00007692j | E1=-7.72024250-0.00013108j|E2=-7.68766356-0.00020790j|E3=-7.66468382+0.00067961j
#-----------------------------------------#
[Step 185] logΨ: mean=39.945-0.041j | min=35.479+0.255j | max=40.248+2.311j
梯度监控 | raw=27.0869 | natural=0.0047 | clipped=0.0047(上限20.0)
Ψ矩阵条件数 cond(Ψ) = 1.05e+01
Loss=-30.936695 | E0=-7.86178303+0.00003600j | E1=-7.72038603-0.00007431j|E2=-7.68861771-0.00025725j|E3=-7.66591072+0.00039114j
#-----------------------------------------#
[Step 186] logΨ: mean=40.393+0.365j | min=34.382-2.760j | max=40.731+2.557j
梯度监控 | raw=23.0908 | natural=0.0276 | clipped=0.0276(上限20.0)
Ψ矩阵条件数 cond(Ψ) = 9.87e+00
Loss=-30.939360 | E0=-7.86175537+0.00003335j | E1=-7.72103119-0.00039715j|E2=-7.68981075-0.00124891j|E3=-7.66675758+0.00326979j
#-----------------------------------------#
[Step 187] logΨ: mean=40.596+0.413j | min=36.444+0.713j | max=40.888+2.563j
梯度监控 | raw=28.5860 | natural=0.0067 | clipped=0.0067(上限20.0)
Ψ矩阵条件数 cond(Ψ) = 4.01e+01
Loss=-30.934826 | E0=-7.86208820+0.00003332j | E1=-7.72031307+0.00010790j|E2=-7.68726158+0.00050551j|E3=-7.66516256-0.00068899j
#-----------------------------------------#
[Step 188] logΨ: mean=40.932+0.262j | min=36.594-1.258j | max=41.229+2.550j
梯度监控 | raw=25.1758 | natural=0.0140 | clipped=0.0140(上限20.0)
Ψ矩阵条件数 cond(Ψ) = 3.97e+01
Loss=-30.939539 | E0=-7.86219978+0.00001433j | E1=-7.72085094-0.00029402j|E2=-7.68972874-0.00068682j|E3=-7.66674948+0.00282204j
#-----------------------------------------#
[Step 189] logΨ: mean=40.854+0.095j | min=35.033+0.440j | max=41.127+2.552j
梯度监控 | raw=28.4228 | natural=0.0057 | clipped=0.0057(上限20.0)
Ψ矩阵条件数 cond(Ψ) = 1.61e+01
Loss=-30.937456 | E0=-7.86243916+0.00001270j | E1=-7.72033644+0.00010612j|E2=-7.68825960-0.00017045j|E3=-7.66642284+0.00072182j
#-----------------------------------------#
[Step 190] logΨ: mean=40.771+0.330j | min=36.291+1.059j | max=41.081+2.559j
梯度监控 | raw=26.1496 | natural=0.0042 | clipped=0.0042(上限20.0)
Ψ矩阵条件数 cond(Ψ) = 1.01e+01
Loss=-30.938303 | E0=-7.86211348+0.00003331j | E1=-7.72086573-0.00032271j|E2=-7.68871021-0.00056099j|E3=-7.66660309+0.00139034j
#-----------------------------------------#
[Step 191] logΨ: mean=40.442+0.180j | min=36.482-2.759j | max=40.733+2.535j
梯度监控 | raw=31.9650 | natural=0.0102 | clipped=0.0102(上限20.0)
Ψ矩阵条件数 cond(Ψ) = 1.10e+01
Loss=-30.937832 | E0=-7.86191797-0.00001019j | E1=-7.72025061-0.00006425j|E2=-7.68875217-0.00017396j|E3=-7.66691160+0.00051415j
#-----------------------------------------#
[Step 192] logΨ: mean=41.094+0.313j | min=36.613-3.011j | max=41.323+2.472j
梯度监控 | raw=40.9521 | natural=0.0142 | clipped=0.0142(上限20.0)
Ψ矩阵条件数 cond(Ψ) = 3.82e+01
Loss=-30.937536 | E0=-7.86239386+0.00001655j | E1=-7.71994162+0.00061022j|E2=-7.68885088+0.00144734j|E3=-7.66635418-0.00371143j
#-----------------------------------------#
[Step 193] logΨ: mean=41.138+0.097j | min=36.201+2.870j | max=41.387+2.416j
梯度监控 | raw=36.5325 | natural=0.0043 | clipped=0.0043(上限20.0)
Ψ矩阵条件数 cond(Ψ) = 1.70e+01
Loss=-30.939375 | E0=-7.86239624-0.00000912j | E1=-7.72052050+0.00005242j|E2=-7.68882275-0.00001172j|E3=-7.66763449-0.00043368j
#-----------------------------------------#
[Step 194] logΨ: mean=41.908+0.167j | min=35.297+1.184j | max=42.128+1.739j
梯度监控 | raw=33.6186 | natural=0.0351 | clipped=0.0351(上限20.0)
Ψ矩阵条件数 cond(Ψ) = 3.79e+01
Loss=-30.937872 | E0=-7.86260891-0.00000067j | E1=-7.72106743+0.00078588j|E2=-7.68854141-0.00073767j|E3=-7.66565800-0.00046146j
#-----------------------------------------#
[Step 195] logΨ: mean=41.551+0.284j | min=35.936-1.402j | max=41.777+1.834j
梯度监控 | raw=41.8216 | natural=0.0132 | clipped=0.0132(上限20.0)
Ψ矩阵条件数 cond(Ψ) = 1.03e+01
Loss=-30.941069 | E0=-7.86255264+0.00008535j | E1=-7.72032309+0.00023129j|E2=-7.69009495-0.00028354j|E3=-7.66811180-0.00068724j
#-----------------------------------------#
[Step 196] logΨ: mean=41.997+0.157j | min=36.617+3.068j | max=42.230+1.539j
梯度监控 | raw=37.4479 | natural=0.0399 | clipped=0.0399(上限20.0)
Ψ矩阵条件数 cond(Ψ) = 9.29e+00
Loss=-30.940115 | E0=-7.86204529-0.00005507j | E1=-7.72033072+0.00019403j|E2=-7.68938637+0.00044208j|E3=-7.66835785-0.00049825j
#-----------------------------------------#
[Step 197] logΨ: mean=41.267-0.078j | min=36.950-1.873j | max=41.511+1.471j
梯度监控 | raw=42.8437 | natural=0.0165 | clipped=0.0165(上限20.0)
Ψ矩阵条件数 cond(Ψ) = 3.72e+01
Loss=-30.942005 | E0=-7.86240339+0.00001097j | E1=-7.72025013+0.00016335j|E2=-7.69016361+0.00064331j|E3=-7.66919661-0.00155526j
#-----------------------------------------#
[Step 198] logΨ: mean=41.348-0.254j | min=36.600-0.263j | max=41.621+1.452j
梯度监控 | raw=25.9266 | natural=0.0048 | clipped=0.0048(上限20.0)
Ψ矩阵条件数 cond(Ψ) = 1.07e+01
Loss=-30.941519 | E0=-7.86241531+0.00026430j | E1=-7.72057438-0.00019577j|E2=-7.68953371-0.00081019j|E3=-7.66899967+0.00192046j
#-----------------------------------------#
[Step 199] logΨ: mean=41.046-0.003j | min=34.671-0.616j | max=41.247+1.535j
梯度监控 | raw=41.6411 | natural=0.0421 | clipped=0.0421(上限20.0)
Ψ矩阵条件数 cond(Ψ) = 1.01e+01
Loss=-30.941675 | E0=-7.86233473+0.00002122j | E1=-7.71976852+0.00171210j|E2=-7.68999910+0.00027359j|E3=-7.66957521-0.00085834j
#-----------------------------------------#

============================================================
开始多链 NES-VMC 训练 | 使用自然梯度
============================================================
精确CAS基准：基态=-7.86364558 Ha | 1激发=-7.72153670 Ha|2激发=-7.70823970 Ha|3激发=-7.68581513 Ha|
理论 Loss 上限：-30.97923710 
超参：clip_norm=20.0, lr=0.1, QGT diag_shift=0.1
[Step   0] logΨ: mean=9.264+0.151j | min=3.413-2.258j | max=11.034+0.951j
梯度监控 | raw=20.1724 | natural=2.4716 | clipped=2.4716(上限20.0)
Ψ矩阵条件数 cond(Ψ) = 1.15e+01
Loss=-21.989180 | E0=-5.90164375+0.01112455j | E1=-5.64291525+0.01155537j|E2=-5.33633137-0.02197868j|E3=-5.10828400-0.00074594j
#-----------------------------------------#
[Step   1] logΨ: mean=10.157+0.006j | min=4.232+2.681j | max=11.978+0.750j
梯度监控 | raw=18.2644 | natural=2.2214 | clipped=2.2214(上限20.0)
Ψ矩阵条件数 cond(Ψ) = 2.24e+01
Loss=-23.039505 | E0=-6.25111437-0.00799068j | E1=-6.17458057+0.01573062j|E2=-5.51916122-0.00165406j|E3=-5.09464359-0.00346036j
#-----------------------------------------#
[Step   2] logΨ: mean=11.319-0.110j | min=5.511-1.072j | max=13.181+0.772j
梯度监控 | raw=22.4898 | natural=1.9624 | clipped=1.9624(上限20.0)
Ψ矩阵条件数 cond(Ψ) = 1.21e+01
Loss=-23.837652 | E0=-6.56157923-0.00692526j | E1=-6.53924227+0.00741269j|E2=-5.62545538-0.00275693j|E3=-5.11137295+0.00096234j
#-----------------------------------------#
[Step   3] logΨ: mean=12.535-0.001j | min=6.445-1.608j | max=14.282+0.795j
梯度监控 | raw=22.8224 | natural=1.5774 | clipped=1.5774(上限20.0)
Ψ矩阵条件数 cond(Ψ) = 1.70e+01
Loss=-24.619942 | E0=-6.95088959+0.00133315j | E1=-6.81019258+0.00297336j|E2=-5.73528004-0.00402498j|E3=-5.12357616+0.00117706j
#-----------------------------------------#
[Step   4] logΨ: mean=13.860-0.025j | min=7.956-2.166j | max=15.541+0.789j
梯度监控 | raw=35.4110 | natural=1.3917 | clipped=1.3917(上限20.0)
Ψ矩阵条件数 cond(Ψ) = 9.74e+00
Loss=-25.092178 | E0=-7.14499712+0.00053979j | E1=-6.94074726+0.00442682j|E2=-5.84372377-0.00241520j|E3=-5.16271257-0.00125236j
#-----------------------------------------#
[Step   5] logΨ: mean=14.765-0.115j | min=9.024-2.356j | max=16.302+0.628j
梯度监控 | raw=38.0192 | natural=1.1114 | clipped=1.1114(上限20.0)
Ψ矩阵条件数 cond(Ψ) = 3.62e+01
Loss=-25.552855 | E0=-7.30340242+0.00669118j | E1=-7.08856630+0.00357306j|E2=-5.99652147-0.01024685j|E3=-5.16435432-0.00152754j
#-----------------------------------------#
[Step   6] logΨ: mean=15.861-0.056j | min=9.760-1.824j | max=17.358+2.896j
梯度监控 | raw=60.9171 | natural=0.9886 | clipped=0.9886(上限20.0)
Ψ矩阵条件数 cond(Ψ) = 1.03e+01
Loss=-25.961872 | E0=-7.38143539-0.00491556j | E1=-7.17177725+0.00628423j|E2=-6.13618279-0.00021376j|E3=-5.27248096+0.00132429j
#-----------------------------------------#
[Step   7] logΨ: mean=16.673-0.130j | min=7.679+0.691j | max=18.110+2.668j
梯度监控 | raw=57.0028 | natural=0.8430 | clipped=0.8430(上限20.0)
Ψ矩阵条件数 cond(Ψ) = 1.92e+01
Loss=-26.354395 | E0=-7.46670675-0.00488915j | E1=-7.26509142+0.00142615j|E2=-6.35252905+0.00659043j|E3=-5.27006721-0.00066006j
#-----------------------------------------#
[Step   8] logΨ: mean=17.227+0.069j | min=10.204-1.075j | max=18.687+2.531j
梯度监控 | raw=88.2582 | natural=0.8485 | clipped=0.8485(上限20.0)
Ψ矩阵条件数 cond(Ψ) = 1.06e+01
Loss=-26.709631 | E0=-7.51175499+0.00190488j | E1=-7.31899405-0.01055914j|E2=-6.46090317+0.00803198j|E3=-5.41798306+0.00058462j
#-----------------------------------------#
[Step   9] logΨ: mean=18.124+0.110j | min=11.277+2.805j | max=19.503+2.496j
梯度监控 | raw=113.0483 | natural=0.6969 | clipped=0.6969(上限20.0)
Ψ矩阵条件数 cond(Ψ) = 9.83e+00
Loss=-27.129383 | E0=-7.56881380-0.00235792j | E1=-7.34932327+0.00099999j|E2=-6.62287569+0.00058057j|E3=-5.58837700+0.00338254j
#-----------------------------------------#
[Step  10] logΨ: mean=18.971+0.114j | min=13.951+0.977j | max=20.247+2.520j
梯度监控 | raw=133.6696 | natural=0.5998 | clipped=0.5998(上限20.0)
Ψ矩阵条件数 cond(Ψ) = 4.28e+01
Loss=-27.610115 | E0=-7.60347223+0.00534594j | E1=-7.38329220+0.00068220j|E2=-6.76772690-0.00113504j|E3=-5.85563135-0.00412463j
#-----------------------------------------#
[Step  11] logΨ: mean=19.987+0.020j | min=14.054-0.799j | max=21.271+1.145j
梯度监控 | raw=146.9385 | natural=0.5683 | clipped=0.5683(上限20.0)
Ψ矩阵条件数 cond(Ψ) = 1.30e+01
Loss=-28.123333 | E0=-7.62979794-0.00020505j | E1=-7.41659117-0.00469902j|E2=-6.89804459+0.00089377j|E3=-6.17890787+0.00092936j
#-----------------------------------------#
[Step  12] logΨ: mean=20.883+0.005j | min=15.675-2.132j | max=22.069+1.360j
梯度监控 | raw=143.7431 | natural=0.4443 | clipped=0.4443(上限20.0)
Ψ矩阵条件数 cond(Ψ) = 2.06e+01
Loss=-28.691940 | E0=-7.64593267+0.00085085j | E1=-7.43595314+0.00507782j|E2=-7.05569553-0.00053833j|E3=-6.55436373-0.00217060j
#-----------------------------------------#
[Step  13] logΨ: mean=21.355-0.018j | min=15.550-1.441j | max=22.607+1.167j
梯度监控 | raw=128.8891 | natural=0.4385 | clipped=0.4385(上限20.0)
Ψ矩阵条件数 cond(Ψ) = 4.72e+01
Loss=-28.840826 | E0=-7.64974594+0.00102216j | E1=-7.44821024+0.00077076j|E2=-7.11979198-0.00737048j|E3=-6.62307978+0.00767738j
#-----------------------------------------#
[Step  14] logΨ: mean=21.623+0.037j | min=14.485+1.275j | max=22.781+1.367j
梯度监控 | raw=95.2767 | natural=0.4091 | clipped=0.4091(上限20.0)
Ψ矩阵条件数 cond(Ψ) = 1.33e+01
Loss=-29.329308 | E0=-7.66514015+0.00182003j | E1=-7.48457193+0.00475968j|E2=-7.23764706-0.00398170j|E3=-6.94195461+0.00021879j
#-----------------------------------------#
[Step  15] logΨ: mean=22.374-0.000j | min=15.505-0.072j | max=23.394+1.735j
梯度监控 | raw=59.9335 | natural=0.3427 | clipped=0.3427(上限20.0)
Ψ矩阵条件数 cond(Ψ) = 8.68e+00
Loss=-29.666416 | E0=-7.67961645-0.00322147j | E1=-7.50681400+0.00808077j|E2=-7.37847900-0.00558582j|E3=-7.10151148+0.00234424j
#-----------------------------------------#
[Step  16] logΨ: mean=23.288-0.280j | min=16.087+0.163j | max=24.340+1.493j
梯度监控 | raw=60.0723 | natural=0.3170 | clipped=0.3170(上限20.0)
Ψ矩阵条件数 cond(Ψ) = 1.04e+01
Loss=-29.670568 | E0=-7.67650652+0.00164485j | E1=-7.49260426+0.00399959j|E2=-7.38430977-0.00709984j|E3=-7.11713314+0.00019968j
#-----------------------------------------#
[Step  17] logΨ: mean=24.104-0.345j | min=16.403+2.178j | max=25.009+1.494j
梯度监控 | raw=31.1938 | natural=0.2379 | clipped=0.2379(上限20.0)
Ψ矩阵条件数 cond(Ψ) = 2.32e+01
Loss=-29.980867 | E0=-7.69183350-0.00293125j | E1=-7.56530428-0.00379014j|E2=-7.47601938+0.00479932j|E3=-7.24770451+0.00203511j
#-----------------------------------------#
[Step  18] logΨ: mean=24.750-0.095j | min=18.796-2.186j | max=25.611+1.667j
梯度监控 | raw=24.3035 | natural=0.2371 | clipped=0.2371(上限20.0)
Ψ矩阵条件数 cond(Ψ) = 2.20e+01
Loss=-30.056099 | E0=-7.69711542+0.00044190j | E1=-7.60979700+0.00022584j|E2=-7.50757265+0.00347610j|E3=-7.24160767-0.00391035j
#-----------------------------------------#
[Step  19] logΨ: mean=25.601+0.135j | min=18.940+3.008j | max=26.451+1.883j
梯度监控 | raw=25.2889 | natural=0.2276 | clipped=0.2276(上限20.0)
Ψ矩阵条件数 cond(Ψ) = 1.67e+01
Loss=-30.125898 | E0=-7.70778561+0.00035291j | E1=-7.62656069+0.00155257j|E2=-7.51941824-0.00217257j|E3=-7.27213097+0.00348393j
#-----------------------------------------#
[Step  20] logΨ: mean=26.247+0.109j | min=20.495-1.598j | max=27.050+2.001j
梯度监控 | raw=31.6337 | natural=0.1749 | clipped=0.1749(上限20.0)
Ψ矩阵条件数 cond(Ψ) = 1.14e+01
Loss=-30.198362 | E0=-7.71449947-0.00185810j | E1=-7.62644100-0.00203252j|E2=-7.55065155+0.00090293j|E3=-7.30675983+0.00139582j
#-----------------------------------------#
[Step  21] logΨ: mean=26.834+0.160j | min=21.195+2.185j | max=27.553+1.980j
梯度监控 | raw=37.5097 | natural=0.1237 | clipped=0.1237(上限20.0)
Ψ矩阵条件数 cond(Ψ) = 1.09e+01
Loss=-30.221401 | E0=-7.72240305-0.00079310j | E1=-7.64521027+0.00043957j|E2=-7.55139351-0.00122149j|E3=-7.30238867+0.00331503j
#-----------------------------------------#
[Step  22] logΨ: mean=27.685+0.383j | min=21.981+1.427j | max=28.448+2.394j
梯度监控 | raw=41.1338 | natural=0.2139 | clipped=0.2139(上限20.0)
Ψ矩阵条件数 cond(Ψ) = 1.81e+01
Loss=-30.266125 | E0=-7.72051954-0.00058555j | E1=-7.64539957-0.00026212j|E2=-7.56432438+0.00171612j|E3=-7.33588362-0.00040517j
#-----------------------------------------#
[Step  23] logΨ: mean=28.304+0.261j | min=22.582+2.534j | max=29.036+2.549j
梯度监控 | raw=56.5541 | natural=0.2008 | clipped=0.2008(上限20.0)
Ψ矩阵条件数 cond(Ψ) = 1.85e+01
Loss=-30.277088 | E0=-7.72436094-0.00062460j | E1=-7.64834499+0.00148034j|E2=-7.56305838+0.00163923j|E3=-7.34132671-0.00088100j
#-----------------------------------------#
[Step  24] logΨ: mean=28.846+0.405j | min=22.390-1.724j | max=29.511+2.381j
梯度监控 | raw=60.4411 | natural=0.1237 | clipped=0.1237(上限20.0)
Ψ矩阵条件数 cond(Ψ) = 2.15e+01
Loss=-30.333332 | E0=-7.72985554+0.00056965j | E1=-7.65714312+0.00091945j|E2=-7.58027792-0.00227365j|E3=-7.36606693-0.00005583j
#-----------------------------------------#
[Step  25] logΨ: mean=29.432+0.226j | min=24.351-3.036j | max=30.039+2.601j
梯度监控 | raw=66.8480 | natural=0.0856 | clipped=0.0856(上限20.0)
Ψ矩阵条件数 cond(Ψ) = 1.40e+01
Loss=-30.377964 | E0=-7.73087835-0.00084204j | E1=-7.66220331-0.00084703j|E2=-7.60138702+0.00011902j|E3=-7.38349104-0.00282584j
#-----------------------------------------#
[Step  26] logΨ: mean=29.935+0.388j | min=24.248+0.731j | max=30.537+2.648j
梯度监控 | raw=73.4051 | natural=0.0879 | clipped=0.0879(上限20.0)
Ψ矩阵条件数 cond(Ψ) = 7.52e+01
Loss=-30.374199 | E0=-7.73541164-0.00069278j | E1=-7.65936422+0.00124362j|E2=-7.60646820+0.00003539j|E3=-7.37297583-0.00188429j
#-----------------------------------------#
[Step  27] logΨ: mean=30.494+0.316j | min=24.306+2.675j | max=31.119+2.763j
梯度监控 | raw=85.2086 | natural=0.0758 | clipped=0.0758(上限20.0)
Ψ矩阵条件数 cond(Ψ) = 2.23e+01
Loss=-30.426453 | E0=-7.73857260+0.00000086j | E1=-7.65655661+0.00006550j|E2=-7.60724115+0.00385824j|E3=-7.42407417-0.00484358j
#-----------------------------------------#
[Step  28] logΨ: mean=31.092+0.467j | min=25.694-1.336j | max=31.678+2.068j
梯度监控 | raw=90.7028 | natural=0.0551 | clipped=0.0551(上限20.0)
Ψ矩阵条件数 cond(Ψ) = 2.01e+01
Loss=-30.447170 | E0=-7.74186993-0.00022377j | E1=-7.66375303+0.00100073j|E2=-7.61100292+0.00020767j|E3=-7.43054152-0.00106226j
#-----------------------------------------#
[Step  29] logΨ: mean=31.628+0.468j | min=27.198+0.905j | max=32.240+2.264j
梯度监控 | raw=92.8749 | natural=0.0811 | clipped=0.0811(上限20.0)
Ψ矩阵条件数 cond(Ψ) = 9.33e+00
Loss=-30.474831 | E0=-7.74657583-0.00125697j | E1=-7.66467857-0.00118808j|E2=-7.61595869+0.00207474j|E3=-7.44762707+0.00130031j
#-----------------------------------------#
[Step  30] logΨ: mean=31.546+0.555j | min=26.683+2.247j | max=32.142+2.271j
梯度监控 | raw=87.0647 | natural=0.0501 | clipped=0.0501(上限20.0)
Ψ矩阵条件数 cond(Ψ) = 8.57e+00
Loss=-30.502436 | E0=-7.75228167-0.00054530j | E1=-7.66453934+0.00012465j|E2=-7.62626171+0.00001604j|E3=-7.45935965-0.00162065j
#-----------------------------------------#
[Step  31] logΨ: mean=31.924+0.056j | min=26.559+1.600j | max=32.548+2.394j
梯度监控 | raw=81.4417 | natural=0.0477 | clipped=0.0477(上限20.0)
Ψ矩阵条件数 cond(Ψ) = 2.08e+01
Loss=-30.516392 | E0=-7.75360870+0.00063302j | E1=-7.66471958+0.00116284j|E2=-7.62876415+0.00459280j|E3=-7.46930504-0.00487567j
#-----------------------------------------#
[Step  32] logΨ: mean=31.491+0.227j | min=24.799-2.310j | max=32.136+2.379j
梯度监控 | raw=97.1586 | natural=0.0775 | clipped=0.0775(上限20.0)
Ψ矩阵条件数 cond(Ψ) = 1.97e+01
Loss=-30.541294 | E0=-7.75406170+0.00043705j | E1=-7.66578484+0.00210445j|E2=-7.63789034-0.00145414j|E3=-7.48356009-0.00215995j
#-----------------------------------------#
[Step  33] logΨ: mean=31.421+0.425j | min=25.817-1.978j | max=32.081+2.188j
梯度监控 | raw=77.9174 | natural=0.1444 | clipped=0.1444(上限20.0)
Ψ矩阵条件数 cond(Ψ) = 8.94e+00
Loss=-30.542000 | E0=-7.75019789+0.00045492j | E1=-7.66741657-0.00290360j|E2=-7.63428307+0.00409599j|E3=-7.49009895-0.00094110j
#-----------------------------------------#
[Step  34] logΨ: mean=32.055+0.191j | min=25.406-0.346j | max=32.722+1.902j
梯度监控 | raw=83.5760 | natural=0.1895 | clipped=0.1895(上限20.0)
Ψ矩阵条件数 cond(Ψ) = 7.20e+00
Loss=-30.557276 | E0=-7.75471210+0.00113252j | E1=-7.66315460+0.00244083j|E2=-7.63476276-0.00437479j|E3=-7.50464964+0.00277812j
#-----------------------------------------#
[Step  35] logΨ: mean=32.499+0.289j | min=26.868-0.914j | max=33.143+1.995j
梯度监控 | raw=86.8120 | natural=0.0447 | clipped=0.0447(上限20.0)
Ψ矩阵条件数 cond(Ψ) = 1.72e+01
Loss=-30.590010 | E0=-7.76427794-0.00129318j | E1=-7.66977978-0.00073816j|E2=-7.64116621-0.00050045j|E3=-7.51479197+0.00213909j
#-----------------------------------------#
[Step  36] logΨ: mean=32.230+0.355j | min=27.110-0.552j | max=32.831+2.019j
梯度监控 | raw=103.1763 | natural=0.0218 | clipped=0.0218(上限20.0)
Ψ矩阵条件数 cond(Ψ) = 1.93e+01
Loss=-30.616665 | E0=-7.76206589-0.00011457j | E1=-7.66807604+0.00124005j|E2=-7.64490795-0.00202156j|E3=-7.54161119+0.00088891j
#-----------------------------------------#
[Step  37] logΨ: mean=31.997+0.317j | min=27.600+2.558j | max=32.622+2.062j
梯度监控 | raw=93.4835 | natural=0.0218 | clipped=0.0218(上限20.0)
Ψ矩阵条件数 cond(Ψ) = 9.58e+00
Loss=-30.618433 | E0=-7.76314402-0.00009810j | E1=-7.67204666+0.00021249j|E2=-7.64853811+0.00126135j|E3=-7.53470993-0.00140375j
#-----------------------------------------#
[Step  38] logΨ: mean=31.709+0.329j | min=27.849-2.448j | max=32.461+2.313j
梯度监控 | raw=91.1776 | natural=0.0948 | clipped=0.0948(上限20.0)
Ψ矩阵条件数 cond(Ψ) = 1.05e+01
Loss=-30.613064 | E0=-7.76439714+0.00086639j | E1=-7.67208385+0.00064081j|E2=-7.64829540-0.00164217j|E3=-7.52829075+0.00336540j
#-----------------------------------------#
[Step  39] logΨ: mean=32.748+0.463j | min=27.456-2.832j | max=33.376+2.230j
梯度监控 | raw=64.6657 | natural=0.1093 | clipped=0.1093(上限20.0)
Ψ矩阵条件数 cond(Ψ) = 7.33e+00
Loss=-30.685928 | E0=-7.76800060+0.00101376j | E1=-7.67601204-0.00289017j|E2=-7.64912319+0.00078261j|E3=-7.59277678+0.00108658j
#-----------------------------------------#
[Step  40] logΨ: mean=32.603+0.208j | min=27.403+2.995j | max=33.202+1.999j
梯度监控 | raw=69.7453 | natural=0.1057 | clipped=0.1057(上限20.0)
Ψ矩阵条件数 cond(Ψ) = 1.04e+01
Loss=-30.720831 | E0=-7.77661467-0.00009868j | E1=-7.67634106+0.00099537j|E2=-7.65297937-0.00182756j|E3=-7.61489058+0.00043443j
#-----------------------------------------#
[Step  41] logΨ: mean=32.502+0.405j | min=26.565-2.997j | max=33.093+2.177j
梯度监控 | raw=58.4729 | natural=0.0734 | clipped=0.0734(上限20.0)
Ψ矩阵条件数 cond(Ψ) = 2.31e+01
Loss=-30.729830 | E0=-7.77554417-0.00091079j | E1=-7.67671442+0.00314488j|E2=-7.65635157-0.00087198j|E3=-7.62120771-0.00214806j
#-----------------------------------------#
[Step  42] logΨ: mean=33.079+0.585j | min=27.128+0.468j | max=33.658+2.602j
梯度监控 | raw=51.7345 | natural=0.1035 | clipped=0.1035(上限20.0)
Ψ矩阵条件数 cond(Ψ) = 2.18e+01
Loss=-30.732698 | E0=-7.77437639+0.00058833j | E1=-7.67888737-0.00006244j|E2=-7.65453053+0.00043075j|E3=-7.62489700-0.00190943j
#-----------------------------------------#
[Step  43] logΨ: mean=33.070+0.463j | min=26.440+1.258j | max=33.715+2.567j
梯度监控 | raw=64.5191 | natural=0.1147 | clipped=0.1147(上限20.0)
Ψ矩阵条件数 cond(Ψ) = 2.03e+01
Loss=-30.721996 | E0=-7.77406693+0.00027086j | E1=-7.67756271-0.00147680j|E2=-7.65524912+0.00122610j|E3=-7.61512089-0.00024096j
#-----------------------------------------#
[Step  44] logΨ: mean=33.445+0.693j | min=26.360-0.244j | max=34.002+2.462j
梯度监控 | raw=54.7686 | natural=0.1060 | clipped=0.1060(上限20.0)
Ψ矩阵条件数 cond(Ψ) = 6.89e+00
Loss=-30.756157 | E0=-7.78211308+0.00127068j | E1=-7.68064499+0.00006703j|E2=-7.65198755+0.00012705j|E3=-7.64141417+0.00042019j
#-----------------------------------------#
[Step  45] logΨ: mean=32.912+0.472j | min=25.778+2.907j | max=33.462+2.991j
梯度监控 | raw=51.7488 | natural=0.0937 | clipped=0.0937(上限20.0)
Ψ矩阵条件数 cond(Ψ) = 7.32e+00
Loss=-30.764376 | E0=-7.78152704+0.00074181j | E1=-7.68077564-0.00190954j|E2=-7.65865040-0.00003997j|E3=-7.64342880+0.00054767j
#-----------------------------------------#
[Step  46] logΨ: mean=32.838+0.544j | min=28.440-2.040j | max=33.324+3.019j
梯度监控 | raw=57.0126 | natural=0.0261 | clipped=0.0261(上限20.0)
Ψ矩阵条件数 cond(Ψ) = 7.38e+00
Loss=-30.788559 | E0=-7.78443384+0.00082963j | E1=-7.68899155+0.00045034j|E2=-7.66161299-0.00144411j|E3=-7.65351152-0.00013404j
#-----------------------------------------#
[Step  47] logΨ: mean=32.628-0.849j | min=27.206+2.273j | max=33.134+0.372j
梯度监控 | raw=54.3569 | natural=0.0802 | clipped=0.0802(上限20.0)
Ψ矩阵条件数 cond(Ψ) = 9.63e+00
Loss=-30.794483 | E0=-7.78632212-0.00040197j | E1=-7.68981600-0.00120606j|E2=-7.66347837+0.00391594j|E3=-7.65484905+0.00103964j
#-----------------------------------------#
[Step  48] logΨ: mean=32.586-0.769j | min=27.914-2.355j | max=33.073+0.289j
梯度监控 | raw=47.0179 | natural=0.0326 | clipped=0.0326(上限20.0)
Ψ矩阵条件数 cond(Ψ) = 1.00e+01
Loss=-30.797441 | E0=-7.78996515-0.00018955j | E1=-7.68674040+0.00049193j|E2=-7.66343641+0.00262852j|E3=-7.65730333-0.00064245j
#-----------------------------------------#
[Step  49] logΨ: mean=32.967-0.589j | min=27.438+0.249j | max=33.468+0.555j
梯度监控 | raw=47.8195 | natural=0.1514 | clipped=0.1514(上限20.0)
Ψ矩阵条件数 cond(Ψ) = 1.66e+01
Loss=-30.801241 | E0=-7.79291058+0.00054157j | E1=-7.68715477-0.00117273j|E2=-7.66428232+0.00024036j|E3=-7.65688133+0.00036139j
#-----------------------------------------#
[Step  50] logΨ: mean=33.161-0.503j | min=28.244+1.717j | max=33.592+0.578j
梯度监控 | raw=41.8154 | natural=0.0337 | clipped=0.0337(上限20.0)
Ψ矩阵条件数 cond(Ψ) = 9.89e+00
Loss=-30.818916 | E0=-7.79243135-0.00026380j | E1=-7.69399309+0.00055193j|E2=-7.67214584-0.00250258j|E3=-7.66034412+0.00169264j
#-----------------------------------------#
[Step  51] logΨ: mean=33.015-0.849j | min=27.362+1.364j | max=33.452+0.297j
梯度监控 | raw=50.9807 | natural=0.0913 | clipped=0.0913(上限20.0)
Ψ矩阵条件数 cond(Ψ) = 7.43e+00
Loss=-30.816055 | E0=-7.79341173+0.00008141j | E1=-7.69304514-0.00067949j|E2=-7.67160892-0.00163309j|E3=-7.65798092+0.00064205j
#-----------------------------------------#
[Step  52] logΨ: mean=33.415-0.663j | min=26.937-1.452j | max=33.804+0.528j
梯度监控 | raw=35.0650 | natural=0.0641 | clipped=0.0641(上限20.0)
Ψ矩阵条件数 cond(Ψ) = 9.87e+00
Loss=-30.840219 | E0=-7.80032015-0.00034457j | E1=-7.69855261+0.00157893j|E2=-7.68103218+0.00071793j|E3=-7.66031313-0.00065374j
#-----------------------------------------#
[Step  53] logΨ: mean=33.342-0.647j | min=29.253+0.948j | max=33.734+0.541j
梯度监控 | raw=35.4677 | natural=0.0314 | clipped=0.0314(上限20.0)
Ψ矩阵条件数 cond(Ψ) = 7.48e+00
Loss=-30.835091 | E0=-7.79960060-0.00044073j | E1=-7.69540215-0.00133158j|E2=-7.67936420+0.00127237j|E3=-7.66071844+0.00061995j
#-----------------------------------------#
[Step  54] logΨ: mean=33.776-0.338j | min=27.433+0.410j | max=34.121+0.886j
梯度监控 | raw=32.8794 | natural=0.0969 | clipped=0.0969(上限20.0)
Ψ矩阵条件数 cond(Ψ) = 2.26e+01
Loss=-30.840054 | E0=-7.80231476-0.00095648j | E1=-7.70259285+0.00283282j|E2=-7.68164396-0.00169992j|E3=-7.65350819-0.00037600j
#-----------------------------------------#
[Step  55] logΨ: mean=34.316+0.008j | min=28.383-2.086j | max=34.706+1.331j
梯度监控 | raw=31.1055 | natural=0.1124 | clipped=0.1124(上限20.0)
Ψ矩阵条件数 cond(Ψ) = 8.71e+00
Loss=-30.842026 | E0=-7.79918146-0.00026529j | E1=-7.70240164-0.00016519j|E2=-7.68103600+0.00088136j|E3=-7.65942335+0.00057157j
#-----------------------------------------#
[Step  56] logΨ: mean=34.728-0.200j | min=29.382-1.696j | max=35.052+1.148j
梯度监控 | raw=37.4691 | natural=0.0980 | clipped=0.0980(上限20.0)
Ψ矩阵条件数 cond(Ψ) = 8.49e+00
Loss=-30.836094 | E0=-7.80221701-0.00019357j | E1=-7.69595671-0.00140489j|E2=-7.68087816+0.00108872j|E3=-7.65705204-0.00023845j
#-----------------------------------------#
[Step  57] logΨ: mean=35.290-0.199j | min=29.357-2.556j | max=35.618+1.096j
梯度监控 | raw=39.9357 | natural=0.0975 | clipped=0.0975(上限20.0)
Ψ矩阵条件数 cond(Ψ) = 8.52e+00
Loss=-30.843643 | E0=-7.80177975-0.00027391j | E1=-7.70129824-0.00046753j|E2=-7.68153000+0.00107737j|E3=-7.65904284+0.00076882j
#-----------------------------------------#
[Step  58] logΨ: mean=35.266+0.372j | min=29.740-1.815j | max=35.463+1.740j
梯度监控 | raw=41.7226 | natural=0.0685 | clipped=0.0685(上限20.0)
Ψ矩阵条件数 cond(Ψ) = 1.90e+01
Loss=-30.860666 | E0=-7.80573368-0.00011975j | E1=-7.70925426+0.00094300j|E2=-7.68722153-0.00154565j|E3=-7.65845871+0.00037904j
#-----------------------------------------#
[Step  59] logΨ: mean=35.348+0.216j | min=30.454+2.818j | max=35.600+2.330j
梯度监控 | raw=43.7300 | natural=0.0411 | clipped=0.0411(上限20.0)
Ψ矩阵条件数 cond(Ψ) = 7.07e+00
Loss=-30.864508 | E0=-7.81041050-0.00025745j | E1=-7.70597601+0.00010537j|E2=-7.68716383-0.00128213j|E3=-7.66095591-0.00036982j
#-----------------------------------------#
[Step  60] logΨ: mean=35.066+0.198j | min=31.008+0.077j | max=35.264+2.314j
梯度监控 | raw=50.7654 | natural=0.0183 | clipped=0.0183(上限20.0)
Ψ矩阵条件数 cond(Ψ) = 7.06e+00
Loss=-30.865711 | E0=-7.80667925+0.00002130j | E1=-7.70901632-0.00052942j|E2=-7.68973446-0.00024377j|E3=-7.66029263+0.00054780j
#-----------------------------------------#
[Step  61] logΨ: mean=34.990+0.329j | min=30.484-1.205j | max=35.260+2.332j
梯度监控 | raw=48.5770 | natural=0.0369 | clipped=0.0369(上限20.0)
Ψ矩阵条件数 cond(Ψ) = 1.22e+01
Loss=-30.863403 | E0=-7.80664492+0.00077516j | E1=-7.70784283+0.00028439j|E2=-7.68797779+0.00048494j|E3=-7.66093779+0.00087991j
#-----------------------------------------#
[Step  62] logΨ: mean=35.045+0.018j | min=29.963+2.073j | max=35.263+1.711j
梯度监控 | raw=43.3613 | natural=0.0534 | clipped=0.0534(上限20.0)
Ψ矩阵条件数 cond(Ψ) = 7.98e+00
Loss=-30.873745 | E0=-7.81360149+0.00035340j | E1=-7.71289492-0.00001985j|E2=-7.68887949+0.00044982j|E3=-7.65836525-0.00024915j
#-----------------------------------------#
[Step  63] logΨ: mean=35.333-0.019j | min=29.400-0.859j | max=35.561+1.786j
梯度监控 | raw=38.9858 | natural=0.0406 | clipped=0.0406(上限20.0)
Ψ矩阵条件数 cond(Ψ) = 7.33e+00
Loss=-30.870781 | E0=-7.80962038+0.00007308j | E1=-7.71022987-0.00080206j|E2=-7.69128561-0.00015066j|E3=-7.65965080-0.00003340j
#-----------------------------------------#
[Step  64] logΨ: mean=36.214-0.420j | min=30.597+2.080j | max=36.470+1.392j
梯度监控 | raw=47.7853 | natural=0.1294 | clipped=0.1294(上限20.0)
Ψ矩阵条件数 cond(Ψ) = 7.28e+00
Loss=-30.868097 | E0=-7.81015062+0.00040519j | E1=-7.71078396+0.00066777j|E2=-7.68968058-0.00015201j|E3=-7.65748882-0.00064596j
#-----------------------------------------#
[Step  65] logΨ: mean=36.428-0.360j | min=28.456-1.640j | max=36.782+1.390j
梯度监控 | raw=60.2653 | natural=0.1250 | clipped=0.1250(上限20.0)
Ψ矩阵条件数 cond(Ψ) = 7.53e+00
Loss=-30.866648 | E0=-7.81382132+0.00044147j | E1=-7.70635986+0.00095628j|E2=-7.68734884-0.00044968j|E3=-7.65911674+0.00064638j
#-----------------------------------------#
[Step  66] logΨ: mean=36.977-0.018j | min=31.866-1.784j | max=37.259+1.808j
梯度监控 | raw=54.8910 | natural=0.0971 | clipped=0.0971(上限20.0)
Ψ矩阵条件数 cond(Ψ) = 8.27e+00
Loss=-30.877993 | E0=-7.81617689+0.00013379j | E1=-7.71177053-0.00021720j|E2=-7.69145346-0.00046955j|E3=-7.65858841-0.00060821j
#-----------------------------------------#
[Step  67] logΨ: mean=37.818-0.006j | min=33.025+2.235j | max=38.087+1.784j
梯度监控 | raw=56.5233 | natural=0.0285 | clipped=0.0285(上限20.0)
Ψ矩阵条件数 cond(Ψ) = 8.20e+00
Loss=-30.884033 | E0=-7.81758499-0.00004983j | E1=-7.71326208+0.00008597j|E2=-7.69177437-0.00022826j|E3=-7.66140175-0.00100055j
#-----------------------------------------#
[Step  68] logΨ: mean=37.089-0.695j | min=32.543-1.923j | max=37.337+1.185j
梯度监控 | raw=72.7409 | natural=0.0517 | clipped=0.0517(上限20.0)
Ψ矩阵条件数 cond(Ψ) = 7.78e+00
Loss=-30.887951 | E0=-7.82073927-0.00004965j | E1=-7.71479082+0.00036129j|E2=-7.69320822-0.00013379j|E3=-7.65922213-0.00021133j
#-----------------------------------------#
[Step  69] logΨ: mean=36.494-0.791j | min=31.233+1.174j | max=36.805+1.001j
梯度监控 | raw=66.5045 | natural=0.0601 | clipped=0.0601(上限20.0)
Ψ矩阵条件数 cond(Ψ) = 9.08e+00
Loss=-30.881689 | E0=-7.81799984+0.00005221j | E1=-7.71341610-0.00002010j|E2=-7.69064140+0.00057636j|E3=-7.65963984+0.00141829j
#-----------------------------------------#
[Step  70] logΨ: mean=37.153-0.749j | min=32.375-2.032j | max=37.391+1.055j
梯度监控 | raw=52.1876 | natural=0.0378 | clipped=0.0378(上限20.0)
Ψ矩阵条件数 cond(Ψ) = 7.66e+00
Loss=-30.884445 | E0=-7.81981039-0.00003481j | E1=-7.71258926-0.00033579j|E2=-7.69280863+0.00031546j|E3=-7.65923452-0.00065184j
#-----------------------------------------#
[Step  71] logΨ: mean=37.228-0.804j | min=32.199-2.622j | max=37.497+0.936j
梯度监控 | raw=68.8054 | natural=0.0407 | clipped=0.0407(上限20.0)
Ψ矩阵条件数 cond(Ψ) = 1.29e+01
Loss=-30.884838 | E0=-7.82127666-0.00028154j | E1=-7.71157980+0.00036602j|E2=-7.69266033-0.00050823j|E3=-7.65931940+0.00050374j
#-----------------------------------------#
[Step  72] logΨ: mean=36.762-1.028j | min=31.907+0.741j | max=36.995+0.735j
梯度监控 | raw=66.0594 | natural=0.0632 | clipped=0.0632(上限20.0)
Ψ矩阵条件数 cond(Ψ) = 8.62e+00
Loss=-30.892241 | E0=-7.82443523+0.00015140j | E1=-7.71667862+0.00029522j|E2=-7.69353294-0.00006268j|E3=-7.65759087+0.00058100j
#-----------------------------------------#
[Step  73] logΨ: mean=36.429-0.465j | min=29.549-2.017j | max=36.699+1.467j
梯度监控 | raw=61.6678 | natural=0.1550 | clipped=0.1550(上限20.0)
Ψ矩阵条件数 cond(Ψ) = 9.01e+00
Loss=-30.881119 | E0=-7.82054853+0.00000657j | E1=-7.71472597-0.00062183j|E2=-7.69243526+0.00042392j|E3=-7.65340805+0.00053406j
#-----------------------------------------#
[Step  74] logΨ: mean=36.583-0.553j | min=31.757+2.695j | max=36.843+1.361j
梯度监控 | raw=46.2364 | natural=0.0270 | clipped=0.0270(上限20.0)
Ψ矩阵条件数 cond(Ψ) = 9.88e+00
Loss=-30.890221 | E0=-7.82206917-0.00027338j | E1=-7.71614456-0.00012216j|E2=-7.69403839-0.00010869j|E3=-7.65796947-0.00025916j
#-----------------------------------------#
[Step  75] logΨ: mean=35.298-0.721j | min=29.633-1.441j | max=35.489+0.489j
梯度监控 | raw=49.3906 | natural=0.1567 | clipped=0.1567(上限20.0)
Ψ矩阵条件数 cond(Ψ) = 1.18e+01
Loss=-30.886314 | E0=-7.82300949+0.00020641j | E1=-7.71326208-0.00032844j|E2=-7.69216442+0.00022082j|E3=-7.65787697-0.00103537j
#-----------------------------------------#
[Step  76] logΨ: mean=35.569-0.942j | min=28.119-2.845j | max=35.760+0.289j
梯度监控 | raw=22.3705 | natural=0.0895 | clipped=0.0895(上限20.0)
Ψ矩阵条件数 cond(Ψ) = 1.09e+01
Loss=-30.875107 | E0=-7.81938076-0.00038588j | E1=-7.71257019+0.00025947j|E2=-7.68772888+0.00036646j|E3=-7.65543222-0.00053817j
#-----------------------------------------#
[Step  77] logΨ: mean=35.443+0.407j | min=30.105-0.410j | max=35.780+2.381j
梯度监控 | raw=25.6158 | natural=0.1033 | clipped=0.1033(上限20.0)
Ψ矩阵条件数 cond(Ψ) = 1.10e+01
Loss=-30.882080 | E0=-7.82022333+0.00003177j | E1=-7.71383047-0.00037927j|E2=-7.69193459-0.00019215j|E3=-7.65608168-0.00081360j
#-----------------------------------------#
[Step  78] logΨ: mean=35.923+0.160j | min=31.009-2.178j | max=36.240+2.174j
梯度监控 | raw=23.4247 | natural=0.0438 | clipped=0.0438(上限20.0)
Ψ矩阵条件数 cond(Ψ) = 1.26e+01
Loss=-30.898260 | E0=-7.82747746-0.00006253j | E1=-7.71585703-0.00035546j|E2=-7.69451618+0.00016532j|E3=-7.66039991+0.00026047j
#-----------------------------------------#
[Step  79] logΨ: mean=36.197+0.128j | min=30.031+0.905j | max=36.518+2.059j
梯度监控 | raw=32.3826 | natural=0.1900 | clipped=0.1900(上限20.0)
Ψ矩阵条件数 cond(Ψ) = 4.18e+01
Loss=-30.893211 | E0=-7.82898569+0.00004876j | E1=-7.71223402+0.00079688j|E2=-7.69261646-0.00153376j|E3=-7.65936899+0.00047502j
#-----------------------------------------#
[Step  80] logΨ: mean=36.363+0.796j | min=30.084+2.938j | max=36.677+2.742j
梯度监控 | raw=37.9458 | natural=0.1422 | clipped=0.1422(上限20.0)
Ψ矩阵条件数 cond(Ψ) = 9.83e+00
Loss=-30.893072 | E0=-7.82987213+0.00019181j | E1=-7.71675682-0.00087912j|E2=-7.68813753+0.00142394j|E3=-7.65829611-0.00070657j
#-----------------------------------------#
[Step  81] logΨ: mean=36.905+0.214j | min=30.935+2.298j | max=37.353+2.310j
梯度监控 | raw=37.1742 | natural=0.0601 | clipped=0.0601(上限20.0)
Ψ矩阵条件数 cond(Ψ) = 9.98e+00
Loss=-30.901342 | E0=-7.83183289-0.00020528j | E1=-7.71588612+0.00000840j|E2=-7.69368172-0.00020863j|E3=-7.65993118+0.00108625j
#-----------------------------------------#
[Step  82] logΨ: mean=36.692+0.379j | min=31.308-0.446j | max=37.040+2.384j
梯度监控 | raw=39.4694 | natural=0.0116 | clipped=0.0116(上限20.0)
Ψ矩阵条件数 cond(Ψ) = 9.55e+00
Loss=-30.916895 | E0=-7.83762646-0.00000483j | E1=-7.71796799+0.00029569j|E2=-7.69803619-0.00006766j|E3=-7.66325474+0.00049100j
#-----------------------------------------#
[Step  83] logΨ: mean=36.139+0.485j | min=32.069+1.532j | max=36.480+2.420j
梯度监控 | raw=36.8694 | natural=0.0173 | clipped=0.0173(上限20.0)
Ψ矩阵条件数 cond(Ψ) = 1.03e+01
Loss=-30.914335 | E0=-7.83574772-0.00018620j | E1=-7.71784401-0.00009140j|E2=-7.69748545-0.00011230j|E3=-7.66326809+0.00057225j
#-----------------------------------------#
[Step  84] logΨ: mean=36.661-0.200j | min=31.145-1.532j | max=37.065+1.698j
梯度监控 | raw=27.8665 | natural=0.0545 | clipped=0.0545(上限20.0)
Ψ矩阵条件数 cond(Ψ) = 1.17e+01
Loss=-30.911203 | E0=-7.83728361-0.00000477j | E1=-7.71531296+0.00052536j|E2=-7.69599009-0.00101447j|E3=-7.66260910-0.00030372j
#-----------------------------------------#
[Step  85] logΨ: mean=36.796-0.136j | min=32.061+1.230j | max=37.167+1.776j
梯度监控 | raw=31.5883 | natural=0.0102 | clipped=0.0102(上限20.0)
Ψ矩阵条件数 cond(Ψ) = 1.17e+01
Loss=-30.916367 | E0=-7.83857346+0.00008994j | E1=-7.71726370-0.00015745j|E2=-7.69734955+0.00028606j|E3=-7.66318941-0.00003181j
#-----------------------------------------#
[Step  86] logΨ: mean=36.653+0.046j | min=29.830+2.480j | max=37.010+1.907j
梯度监控 | raw=33.4053 | natural=0.1040 | clipped=0.1040(上限20.0)
Ψ矩阵条件数 cond(Ψ) = 9.38e+00
Loss=-30.915102 | E0=-7.84033823-0.00005093j | E1=-7.71801281-0.00010766j|E2=-7.69369936-0.00134354j|E3=-7.66305923+0.00121468j
#-----------------------------------------#
[Step  87] logΨ: mean=36.320+0.102j | min=31.735+1.260j | max=36.684+1.988j
梯度监控 | raw=46.2686 | natural=0.0123 | clipped=0.0123(上限20.0)
Ψ矩阵条件数 cond(Ψ) = 9.52e+00
Loss=-30.911737 | E0=-7.83533525-0.00006205j | E1=-7.71734142+0.00024998j|E2=-7.69610405+0.00021977j|E3=-7.66295052-0.00008128j
#-----------------------------------------#
[Step  88] logΨ: mean=36.020+0.089j | min=31.588-1.891j | max=36.381+2.021j
梯度监控 | raw=40.0900 | natural=0.0111 | clipped=0.0111(上限20.0)
Ψ矩阵条件数 cond(Ψ) = 9.59e+00
Loss=-30.916285 | E0=-7.83732271+0.00001204j | E1=-7.71770525+0.00010105j|E2=-7.69721937+0.00010193j|E3=-7.66405344+0.00035913j
#-----------------------------------------#
[Step  89] logΨ: mean=36.214+0.117j | min=30.449+1.935j | max=36.625+2.062j
梯度监控 | raw=37.2760 | natural=0.0096 | clipped=0.0096(上限20.0)
Ψ矩阵条件数 cond(Ψ) = 9.58e+00
Loss=-30.915882 | E0=-7.83943892+0.00034291j | E1=-7.71726942+0.00028934j|E2=-7.69560766+0.00002671j|E3=-7.66354322+0.00028188j
#-----------------------------------------#
[Step  90] logΨ: mean=36.744-0.012j | min=31.801-1.292j | max=37.107+1.943j
梯度监控 | raw=37.5389 | natural=0.0486 | clipped=0.0486(上限20.0)
Ψ矩阵条件数 cond(Ψ) = 1.09e+01
Loss=-30.913017 | E0=-7.83796072+0.00008696j | E1=-7.71725798+0.00022023j|E2=-7.69402885-0.00030066j|E3=-7.66377163+0.00067298j
#-----------------------------------------#
[Step  91] logΨ: mean=36.545-0.548j | min=31.103-0.222j | max=36.955+1.315j
梯度监控 | raw=51.2297 | natural=0.0272 | clipped=0.0272(上限20.0)
Ψ矩阵条件数 cond(Ψ) = 1.04e+01
Loss=-30.915178 | E0=-7.83868551-0.00017808j | E1=-7.71665573-0.00010536j|E2=-7.69369984+0.00011970j|E3=-7.66614437+0.00009132j
#-----------------------------------------#
[Step  92] logΨ: mean=35.882+0.419j | min=29.748-0.539j | max=36.352+2.501j
梯度监控 | raw=45.6092 | natural=0.0422 | clipped=0.0422(上限20.0)
Ψ矩阵条件数 cond(Ψ) = 1.09e+01
Loss=-30.918560 | E0=-7.84190369-0.00003117j | E1=-7.71660423+0.00027747j|E2=-7.69432306-0.00046083j|E3=-7.66573763-0.00024712j
#-----------------------------------------#
[Step  93] logΨ: mean=36.259+0.680j | min=28.744+2.730j | max=36.768+2.763j
梯度监控 | raw=34.9452 | natural=0.0620 | clipped=0.0620(上限20.0)
Ψ矩阵条件数 cond(Ψ) = 1.15e+01
Loss=-30.922857 | E0=-7.84612179+0.00013261j | E1=-7.71632242-0.00112583j|E2=-7.69380140+0.00057937j|E3=-7.66660023-0.00007402j
#-----------------------------------------#
[Step  94] logΨ: mean=36.680+1.069j | min=30.520+2.763j | max=37.057+3.140j
梯度监控 | raw=32.8491 | natural=0.0312 | clipped=0.0312(上限20.0)
Ψ矩阵条件数 cond(Ψ) = 1.13e+01
Loss=-30.926668 | E0=-7.84299803-0.00032920j | E1=-7.71792221+0.00028269j|E2=-7.69799900+0.00031847j|E3=-7.66775036-0.00060361j
#-----------------------------------------#
[Step  95] logΨ: mean=36.975-0.752j | min=32.466+2.396j | max=37.379+0.040j
梯度监控 | raw=32.9577 | natural=0.0074 | clipped=0.0074(上限20.0)
Ψ矩阵条件数 cond(Ψ) = 1.15e+01
Loss=-30.927065 | E0=-7.84417057-0.00015412j | E1=-7.71727562+0.00009942j|E2=-7.69777203-0.00024861j|E3=-7.66784048+0.00017953j
#-----------------------------------------#
[Step  96] logΨ: mean=36.731-0.532j | min=32.624+0.767j | max=37.112+0.079j
梯度监控 | raw=35.3054 | natural=0.0106 | clipped=0.0106(上限20.0)
Ψ矩阵条件数 cond(Ψ) = 1.18e+01
Loss=-30.929211 | E0=-7.84395599-0.00008175j | E1=-7.71783590-0.00012955j|E2=-7.69995308+0.00003454j|E3=-7.66746330+0.00019129j
#-----------------------------------------#
[Step  97] logΨ: mean=37.221+1.078j | min=30.169-0.848j | max=37.589+3.139j
梯度监控 | raw=31.5245 | natural=0.0245 | clipped=0.0245(上限20.0)
Ψ矩阵条件数 cond(Ψ) = 8.84e+00
Loss=-30.928833 | E0=-7.84611988+0.00001901j | E1=-7.71766806+0.00014176j|E2=-7.69941187+0.00011730j|E3=-7.66564751-0.00062194j
#-----------------------------------------#
[Step  98] logΨ: mean=37.466-0.714j | min=31.678+0.727j | max=37.851+0.051j
梯度监控 | raw=33.8911 | natural=0.0233 | clipped=0.0233(上限20.0)
Ψ矩阵条件数 cond(Ψ) = 1.18e+01
Loss=-30.928627 | E0=-7.84708261-0.00025215j | E1=-7.71630764-0.00016857j|E2=-7.69854927-0.00009089j|E3=-7.66668272-0.00030443j
#-----------------------------------------#
[Step  99] logΨ: mean=38.618-0.168j | min=31.284-0.649j | max=38.984+1.446j
梯度监控 | raw=35.4832 | natural=0.0489 | clipped=0.0489(上限20.0)
Ψ矩阵条件数 cond(Ψ) = 1.12e+01
Loss=-30.925989 | E0=-7.84695482-0.00003748j | E1=-7.71632195-0.00008343j|E2=-7.69614506+0.00159675j|E3=-7.66656256-0.00029818j
#-----------------------------------------#
[Step 100] logΨ: mean=37.715-0.275j | min=32.795+1.692j | max=38.116+1.473j
梯度监控 | raw=66.6341 | natural=0.0180 | clipped=0.0180(上限20.0)
Ψ矩阵条件数 cond(Ψ) = 1.15e+01
Loss=-30.921276 | E0=-7.84393406-0.00033783j | E1=-7.71648169-0.00010961j|E2=-7.69491434-0.00034471j|E3=-7.66595507+0.00132898j
#-----------------------------------------#
[Step 101] logΨ: mean=37.765-0.041j | min=32.179-1.891j | max=38.142+1.802j
梯度监控 | raw=48.0678 | natural=0.0609 | clipped=0.0609(上限20.0)
Ψ矩阵条件数 cond(Ψ) = 1.11e+01
Loss=-30.924610 | E0=-7.84662724-0.00047779j | E1=-7.71580648+0.00049687j|E2=-7.69622564+0.00009252j|E3=-7.66597223+0.00039813j
#-----------------------------------------#
[Step 102] logΨ: mean=37.564-0.123j | min=33.848-2.161j | max=37.937+1.818j
梯度监控 | raw=44.2409 | natural=0.0068 | clipped=0.0068(上限20.0)
Ψ矩阵条件数 cond(Ψ) = 1.11e+01
Loss=-30.920721 | E0=-7.84451294-0.00040519j | E1=-7.71818686-0.00012667j|E2=-7.69594717+0.00050695j|E3=-7.66207695+0.00037425j
#-----------------------------------------#
[Step 103] logΨ: mean=37.171-0.010j | min=33.483-2.559j | max=37.497+1.857j
梯度监控 | raw=41.3698 | natural=0.0132 | clipped=0.0132(上限20.0)
Ψ矩阵条件数 cond(Ψ) = 1.12e+01
Loss=-30.924810 | E0=-7.84756279+0.00008214j | E1=-7.71809530+0.00048856j|E2=-7.69658947+0.00006684j|E3=-7.66258097-0.00106487j
#-----------------------------------------#
[Step 104] logΨ: mean=36.763+0.413j | min=30.966-0.231j | max=37.157+2.283j
梯度监控 | raw=33.8062 | natural=0.1162 | clipped=0.1162(上限20.0)
Ψ矩阵条件数 cond(Ψ) = 1.04e+01
Loss=-30.920095 | E0=-7.84838820-0.00012231j | E1=-7.71408224-0.00122340j|E2=-7.69526720+0.00213140j|E3=-7.66236210-0.00069216j
#-----------------------------------------#
[Step 105] logΨ: mean=37.454+0.972j | min=31.578+2.394j | max=37.804+2.837j
梯度监控 | raw=38.5168 | natural=0.0384 | clipped=0.0384(上限20.0)
Ψ矩阵条件数 cond(Ψ) = 1.08e+01
Loss=-30.922792 | E0=-7.84687233-0.00025308j | E1=-7.71693325+0.00034388j|E2=-7.69657421-0.00024591j|E3=-7.66241932-0.00000583j
#-----------------------------------------#
[Step 106] logΨ: mean=37.191-0.271j | min=30.846-1.543j | max=37.536+0.389j
梯度监控 | raw=46.7428 | natural=0.0300 | clipped=0.0300(上限20.0)
Ψ矩阵条件数 cond(Ψ) = 9.63e+00
Loss=-30.923166 | E0=-7.84840441-0.00024209j | E1=-7.72043133+0.00095729j|E2=-7.69253492-0.00144511j|E3=-7.66180468-0.00164688j
#-----------------------------------------#
[Step 107] logΨ: mean=35.925+0.101j | min=30.839-2.869j | max=36.378+0.351j
梯度监控 | raw=88.1967 | natural=0.0223 | clipped=0.0223(上限20.0)
Ψ矩阵条件数 cond(Ψ) = 1.08e+01
Loss=-30.913673 | E0=-7.84584570-0.00014567j | E1=-7.71904755-0.00020556j|E2=-7.69121170+0.00041764j|E3=-7.65757751+0.00079978j
#-----------------------------------------#
[Step 108] logΨ: mean=36.456-0.244j | min=31.448+0.693j | max=36.816+0.089j
梯度监控 | raw=52.0260 | natural=0.0101 | clipped=0.0101(上限20.0)
Ψ矩阵条件数 cond(Ψ) = 9.93e+00
Loss=-30.923643 | E0=-7.84827757-0.00017738j | E1=-7.71913385-0.00039553j|E2=-7.69526482+0.00011566j|E3=-7.66095829-0.00103271j
#-----------------------------------------#
[Step 109] logΨ: mean=36.422+0.998j | min=30.606+1.824j | max=36.801+2.850j
梯度监控 | raw=45.9366 | natural=0.0276 | clipped=0.0276(上限20.0)
Ψ矩阵条件数 cond(Ψ) = 1.14e+01
Loss=-30.923714 | E0=-7.85016251+0.00007467j | E1=-7.72007704+0.00043942j|E2=-7.69410515-0.00140726j|E3=-7.65936613+0.00177157j
#-----------------------------------------#
[Step 110] logΨ: mean=36.787+0.304j | min=31.359+2.226j | max=37.096+2.304j
梯度监控 | raw=40.3015 | natural=0.0246 | clipped=0.0246(上限20.0)
Ψ矩阵条件数 cond(Ψ) = 1.10e+01
Loss=-30.923054 | E0=-7.85153246-0.00003105j | E1=-7.71871948-0.00002077j|E2=-7.69415951-0.00047869j|E3=-7.65864372-0.00005931j
#-----------------------------------------#
[Step 111] logΨ: mean=38.022-0.214j | min=31.836-1.025j | max=38.362+1.157j
梯度监控 | raw=35.1276 | natural=0.0656 | clipped=0.0656(上限20.0)
Ψ矩阵条件数 cond(Ψ) = 1.09e+01
Loss=-30.920948 | E0=-7.84925175-0.00005509j | E1=-7.71922302+0.00009948j|E2=-7.69404697-0.00065777j|E3=-7.65842772-0.00075495j
#-----------------------------------------#
[Step 112] logΨ: mean=38.192-0.357j | min=33.601-1.934j | max=38.557+1.174j
梯度监控 | raw=36.5529 | natural=0.0078 | clipped=0.0078(上限20.0)
Ψ矩阵条件数 cond(Ψ) = 9.15e+00
Loss=-30.911404 | E0=-7.84542942+0.00021098j | E1=-7.71909714-0.00003386j|E2=-7.69138241-0.00030262j|E3=-7.65548706+0.00028382j
#-----------------------------------------#
[Step 113] logΨ: mean=38.195-0.254j | min=33.823+2.927j | max=38.541+1.185j
梯度监控 | raw=39.1741 | natural=0.0052 | clipped=0.0052(上限20.0)
Ψ矩阵条件数 cond(Ψ) = 1.09e+01
Loss=-30.915535 | E0=-7.84847975+0.00016092j | E1=-7.71897602-0.00000463j|E2=-7.69187260-0.00054733j|E3=-7.65621233+0.00007623j
#-----------------------------------------#
[Step 114] logΨ: mean=38.433-0.283j | min=34.164-1.890j | max=38.812+1.184j
梯度监控 | raw=39.8566 | natural=0.0104 | clipped=0.0104(上限20.0)
Ψ矩阵条件数 cond(Ψ) = 1.10e+01
Loss=-30.913677 | E0=-7.84629059+0.00007780j | E1=-7.71901321+0.00003609j|E2=-7.69153929+0.00013045j|E3=-7.65683746-0.00019103j
#-----------------------------------------#
[Step 115] logΨ: mean=38.110-0.289j | min=33.543-1.846j | max=38.469+1.194j
梯度监控 | raw=41.1318 | natural=0.0110 | clipped=0.0110(上限20.0)
Ψ矩阵条件数 cond(Ψ) = 1.10e+01
Loss=-30.916990 | E0=-7.84930468+0.00000014j | E1=-7.71918297+0.00002300j|E2=-7.69166994+0.00035527j|E3=-7.65684175+0.00022204j
#-----------------------------------------#
[Step 116] logΨ: mean=37.836-0.270j | min=33.125-2.717j | max=38.211+1.216j
梯度监控 | raw=37.6158 | natural=0.0106 | clipped=0.0106(上限20.0)
Ψ矩阵条件数 cond(Ψ) = 1.11e+01
Loss=-30.916433 | E0=-7.84822941-0.00016233j | E1=-7.71934080+0.00005011j|E2=-7.69186831+0.00001325j|E3=-7.65699959-0.00001141j
#-----------------------------------------#
[Step 117] logΨ: mean=37.543-0.066j | min=32.140+1.533j | max=37.880+1.521j
梯度监控 | raw=32.5048 | natural=0.0330 | clipped=0.0330(上限20.0)
Ψ矩阵条件数 cond(Ψ) = 1.19e+01
Loss=-30.915943 | E0=-7.84855223+0.00012770j | E1=-7.71854401+0.00020768j|E2=-7.69180298-0.00050038j|E3=-7.65704584+0.00056997j
#-----------------------------------------#
[Step 118] logΨ: mean=37.905+0.209j | min=32.175-2.759j | max=38.263+1.685j
梯度监控 | raw=32.5415 | natural=0.0232 | clipped=0.0232(上限20.0)
Ψ矩阵条件数 cond(Ψ) = 9.79e+00
Loss=-30.918091 | E0=-7.84983540+0.00001881j | E1=-7.71775532+0.00002360j|E2=-7.69259453+0.00117959j|E3=-7.65789366-0.00091416j
#-----------------------------------------#
[Step 119] logΨ: mean=37.780+0.260j | min=33.214-1.408j | max=38.105+1.703j
梯度监控 | raw=35.8840 | natural=0.0081 | clipped=0.0081(上限20.0)
Ψ矩阵条件数 cond(Ψ) = 1.05e+01
Loss=-30.920277 | E0=-7.85025406-0.00003483j | E1=-7.71904516+0.00020381j|E2=-7.69266367+0.00016511j|E3=-7.65832138-0.00087512j
#-----------------------------------------#
[Step 120] logΨ: mean=37.603+0.285j | min=32.461-1.258j | max=37.948+1.733j
梯度监控 | raw=34.5892 | natural=0.0086 | clipped=0.0086(上限20.0)
Ψ矩阵条件数 cond(Ψ) = 1.01e+01
Loss=-30.920015 | E0=-7.84937096-0.00005538j | E1=-7.71922016+0.00000677j|E2=-7.69283295+0.00013847j|E3=-7.65858078+0.00036906j
#-----------------------------------------#
[Step 121] logΨ: mean=37.624+0.222j | min=32.331-0.392j | max=37.972+1.767j
梯度监控 | raw=34.2571 | natural=0.0579 | clipped=0.0579(上限20.0)
Ψ矩阵条件数 cond(Ψ) = 1.12e+01
Loss=-30.916946 | E0=-7.84918690-0.00004795j | E1=-7.71751976-0.00071502j|E2=-7.69213152-0.00017515j|E3=-7.65812206+0.00016382j
#-----------------------------------------#
[Step 122] logΨ: mean=37.397+0.336j | min=31.761+2.210j | max=37.731+1.772j
梯度监控 | raw=30.5665 | natural=0.0078 | clipped=0.0078(上限20.0)
Ψ矩阵条件数 cond(Ψ) = 1.13e+01
Loss=-30.923140 | E0=-7.85277557-0.00002722j | E1=-7.71916294+0.00013591j|E2=-7.69262123-0.00030062j|E3=-7.65859365+0.00109549j
#-----------------------------------------#
[Step 123] logΨ: mean=37.488+0.323j | min=31.866+2.397j | max=37.772+1.786j
梯度监控 | raw=32.0447 | natural=0.0049 | clipped=0.0049(上限20.0)
Ψ矩阵条件数 cond(Ψ) = 1.15e+01
Loss=-30.923140 | E0=-7.85265350+0.00020142j | E1=-7.71889305+0.00023339j|E2=-7.69282484+0.00007715j|E3=-7.65876532-0.00167349j
#-----------------------------------------#
[Step 124] logΨ: mean=38.239+0.320j | min=31.174-2.074j | max=38.523+1.760j
梯度监控 | raw=31.7081 | natural=0.0336 | clipped=0.0336(上限20.0)
Ψ矩阵条件数 cond(Ψ) = 1.00e+01
Loss=-30.921162 | E0=-7.85277605+0.00004904j | E1=-7.71774721+0.00042594j|E2=-7.69267464+0.00008124j|E3=-7.65794706-0.00110781j
#-----------------------------------------#
[Step 125] logΨ: mean=38.058+0.313j | min=33.435+1.193j | max=38.436+1.820j
梯度监控 | raw=30.3185 | natural=0.0074 | clipped=0.0074(上限20.0)
Ψ矩阵条件数 cond(Ψ) = 1.01e+01
Loss=-30.922768 | E0=-7.85112190-0.00003571j | E1=-7.71972704-0.00004703j|E2=-7.69340086-0.00062127j|E3=-7.65851212+0.00145012j
#-----------------------------------------#
[Step 126] logΨ: mean=37.958+0.336j | min=33.205+2.203j | max=38.312+1.813j
梯度监控 | raw=30.9090 | natural=0.0063 | clipped=0.0063(上限20.0)
Ψ矩阵条件数 cond(Ψ) = 1.49e+01
Loss=-30.921646 | E0=-7.85096359-0.00003200j | E1=-7.71923828+0.00008199j|E2=-7.69288015+0.00028650j|E3=-7.65857887+0.00075704j
#-----------------------------------------#
[Step 127] logΨ: mean=39.381-0.778j | min=28.370-1.359j | max=39.739+0.462j
梯度监控 | raw=47.1979 | natural=0.2402 | clipped=0.2402(上限20.0)
Ψ矩阵条件数 cond(Ψ) = 3.57e+01
Loss=-30.903685 | E0=-7.85197973-0.00015709j | E1=-7.70812130-0.00196824j|E2=-7.69086742-0.00218394j|E3=-7.65271473+0.00189531j
#-----------------------------------------#
[Step 128] logΨ: mean=39.179-0.685j | min=33.866+0.850j | max=39.511+0.449j
梯度监控 | raw=33.8372 | natural=0.0105 | clipped=0.0105(上限20.0)
Ψ矩阵条件数 cond(Ψ) = 9.14e+00
Loss=-30.923067 | E0=-7.85226965+0.00000009j | E1=-7.71807241-0.00004861j|E2=-7.69252253+0.00008535j|E3=-7.66020346-0.00014545j
#-----------------------------------------#
[Step 129] logΨ: mean=38.910-0.558j | min=34.242+0.614j | max=39.226+0.591j
梯度监控 | raw=32.9440 | natural=0.0126 | clipped=0.0126(上限20.0)
Ψ矩阵条件数 cond(Ψ) = 9.29e+00
Loss=-30.924238 | E0=-7.85288858+0.00005168j | E1=-7.71898413-0.00004182j|E2=-7.69271660+0.00032830j|E3=-7.65966225-0.00053048j
#-----------------------------------------#
[Step 130] logΨ: mean=39.276-0.641j | min=35.630+0.891j | max=39.522+0.570j
梯度监控 | raw=31.9516 | natural=0.0087 | clipped=0.0087(上限20.0)
Ψ矩阵条件数 cond(Ψ) = 3.37e+01
Loss=-30.927191 | E0=-7.85609579+0.00003052j | E1=-7.71873522-0.00005068j|E2=-7.69266224+0.00053831j|E3=-7.65969133-0.00170639j
#-----------------------------------------#
[Step 131] logΨ: mean=39.078-0.669j | min=35.371+1.025j | max=39.416+0.601j
梯度监控 | raw=31.4092 | natural=0.0088 | clipped=0.0088(上限20.0)
Ψ矩阵条件数 cond(Ψ) = 3.29e+01
Loss=-30.924883 | E0=-7.85338497-0.00004250j | E1=-7.71921492-0.00044202j|E2=-7.69248629-0.00013993j|E3=-7.65980053+0.00044069j
#-----------------------------------------#
[Step 132] logΨ: mean=39.089-0.492j | min=34.765-2.273j | max=39.391+0.654j
梯度监控 | raw=32.6394 | natural=0.0083 | clipped=0.0083(上限20.0)
Ψ矩阵条件数 cond(Ψ) = 3.22e+01
Loss=-30.924871 | E0=-7.85368681-0.00001577j | E1=-7.71900558-0.00013919j|E2=-7.69225883+0.00037250j|E3=-7.65991068-0.00040478j
#-----------------------------------------#
[Step 133] logΨ: mean=39.050-0.487j | min=34.095+2.280j | max=39.387+0.657j
梯度监控 | raw=34.9077 | natural=0.0026 | clipped=0.0026(上限20.0)
Ψ矩阵条件数 cond(Ψ) = 9.39e+00
Loss=-30.923590 | E0=-7.85291386-0.00000146j | E1=-7.71847057-0.00008187j|E2=-7.69256401+0.00005007j|E3=-7.65965176-0.00030887j
#-----------------------------------------#
[Step 134] logΨ: mean=39.079-0.477j | min=34.407+0.387j | max=39.405+0.668j
梯度监控 | raw=34.3735 | natural=0.0079 | clipped=0.0079(上限20.0)
Ψ矩阵条件数 cond(Ψ) = 9.43e+00
Loss=-30.925858 | E0=-7.85482025+0.00000508j | E1=-7.71859503+0.00012034j|E2=-7.69254732+0.00024126j|E3=-7.65990210-0.00048268j
#-----------------------------------------#
[Step 135] logΨ: mean=39.555-0.531j | min=36.492-1.776j | max=39.869+0.635j
梯度监控 | raw=33.3139 | natural=0.0151 | clipped=0.0151(上限20.0)
Ψ矩阵条件数 cond(Ψ) = 3.14e+01
Loss=-30.927691 | E0=-7.85529327-0.00001086j | E1=-7.71898746+0.00011798j|E2=-7.69286871-0.00012839j|E3=-7.66053486+0.00054157j
#-----------------------------------------#
[Step 136] logΨ: mean=39.412-0.389j | min=33.323-1.522j | max=39.722+0.684j
梯度监控 | raw=34.9659 | natural=0.0160 | clipped=0.0160(上限20.0)
Ψ矩阵条件数 cond(Ψ) = 9.88e+00
Loss=-30.927500 | E0=-7.85513449-0.00004870j | E1=-7.71799278+0.00029744j|E2=-7.69335365-0.00010922j|E3=-7.66101456-0.00029123j
#-----------------------------------------#
[Step 137] logΨ: mean=39.866-0.413j | min=35.023-2.458j | max=40.147+0.687j
梯度监控 | raw=35.3005 | natural=0.0098 | clipped=0.0098(上限20.0)
Ψ矩阵条件数 cond(Ψ) = 9.99e+00
Loss=-30.928606 | E0=-7.85525417+0.00004406j | E1=-7.71865416+0.00021246j|E2=-7.69348907+0.00007183j|E3=-7.66119862-0.00060534j
#-----------------------------------------#
[Step 138] logΨ: mean=40.145-0.613j | min=35.542-1.859j | max=40.455+0.625j
梯度监控 | raw=33.1169 | natural=0.0125 | clipped=0.0125(上限20.0)
Ψ矩阵条件数 cond(Ψ) = 9.91e+00
Loss=-30.926956 | E0=-7.85522461+0.00000149j | E1=-7.71905994+0.00005560j|E2=-7.69257116+0.00004229j|E3=-7.66009188-0.00013626j
#-----------------------------------------#
[Step 139] logΨ: mean=39.674-0.562j | min=35.061-1.852j | max=39.997+0.549j
梯度监控 | raw=37.4462 | natural=0.0153 | clipped=0.0153(上限20.0)
Ψ矩阵条件数 cond(Ψ) = 3.20e+01
Loss=-30.928736 | E0=-7.85562944-0.00007927j | E1=-7.71891689+0.00005076j|E2=-7.69322920-0.00025191j|E3=-7.66096640+0.00023276j
#-----------------------------------------#
[Step 140] logΨ: mean=40.060-0.632j | min=35.085+0.797j | max=40.370+0.525j
梯度监控 | raw=34.1595 | natural=0.0151 | clipped=0.0151(上限20.0)
Ψ矩阵条件数 cond(Ψ) = 2.46e+01
Loss=-30.930254 | E0=-7.85732031-0.00005513j | E1=-7.71868896+0.00015365j|E2=-7.69303608-0.00023407j|E3=-7.66120625+0.00006606j
#-----------------------------------------#
[Step 141] logΨ: mean=40.117-0.477j | min=35.667-2.190j | max=40.386+0.625j
梯度监控 | raw=36.1791 | natural=0.0039 | clipped=0.0039(上限20.0)
Ψ矩阵条件数 cond(Ψ) = 1.03e+01
Loss=-30.929585 | E0=-7.85616779+0.00004695j | E1=-7.71906662+0.00024844j|E2=-7.69305563+0.00007232j|E3=-7.66130590-0.00018466j
#-----------------------------------------#
[Step 142] logΨ: mean=38.196+0.437j | min=31.222-3.106j | max=38.401+1.760j
梯度监控 | raw=45.5628 | natural=0.1501 | clipped=0.1501(上限20.0)
Ψ矩阵条件数 cond(Ψ) = 6.68e+01
Loss=-30.924482 | E0=-7.85617256+0.00005600j | E1=-7.71806097+0.00024378j|E2=-7.69096422+0.00227237j|E3=-7.65928030-0.00192555j
#-----------------------------------------#
[Step 143] logΨ: mean=37.893+0.394j | min=33.603-1.535j | max=38.216+1.865j
梯度监控 | raw=35.3862 | natural=0.0114 | clipped=0.0114(上限20.0)
Ψ矩阵条件数 cond(Ψ) = 7.69e+00
Loss=-30.918774 | E0=-7.85832787-0.00011221j | E1=-7.71253395+0.00044235j|E2=-7.69182634+0.00013021j|E3=-7.65607071-0.00169631j
#-----------------------------------------#
[Step 144] logΨ: mean=38.246+0.413j | min=32.612-1.228j | max=38.561+1.900j
梯度监控 | raw=29.6050 | natural=0.0238 | clipped=0.0238(上限20.0)
Ψ矩阵条件数 cond(Ψ) = 7.56e+00
Loss=-30.921055 | E0=-7.85802221-0.00000989j | E1=-7.71413994-0.00022462j|E2=-7.69126797+0.00048869j|E3=-7.65763044-0.00082504j
#-----------------------------------------#
[Step 145] logΨ: mean=38.317+0.403j | min=33.748+2.919j | max=38.642+1.902j
梯度监控 | raw=31.3145 | natural=0.0094 | clipped=0.0094(上限20.0)
Ψ矩阵条件数 cond(Ψ) = 7.56e+00
Loss=-30.925283 | E0=-7.85897446+0.00010091j | E1=-7.71584988+0.00043439j|E2=-7.69228220+0.00028593j|E3=-7.65816498-0.00062096j
#-----------------------------------------#
[Step 146] logΨ: mean=39.775-0.118j | min=33.177+1.068j | max=40.228+2.306j
梯度监控 | raw=31.6813 | natural=0.0581 | clipped=0.0581(上限20.0)
Ψ矩阵条件数 cond(Ψ) = 7.17e+00
Loss=-30.924385 | E0=-7.85776186+0.00003839j | E1=-7.71676636-0.00019147j|E2=-7.69171858-0.00091164j|E3=-7.65813923+0.00015259j
#-----------------------------------------#
[Step 147] logΨ: mean=39.364+0.152j | min=34.237+2.702j | max=39.795+2.305j
梯度监控 | raw=42.2671 | natural=0.0121 | clipped=0.0121(上限20.0)
Ψ矩阵条件数 cond(Ψ) = 4.10e+01
Loss=-30.918846 | E0=-7.85764742+0.00004578j | E1=-7.71575546-0.00056021j|E2=-7.68794155+0.00028462j|E3=-7.65749931+0.00003625j
#-----------------------------------------#
[Step 148] logΨ: mean=39.484-0.105j | min=34.176+2.362j | max=39.898+2.333j
梯度监控 | raw=35.4494 | natural=0.0089 | clipped=0.0089(上限20.0)
Ψ矩阵条件数 cond(Ψ) = 7.42e+00
Loss=-30.921354 | E0=-7.85829973+0.00001955j | E1=-7.71600199+0.00035006j|E2=-7.68842316+0.00057172j|E3=-7.65862513-0.00123484j
#-----------------------------------------#
[Step 149] logΨ: mean=38.594+0.052j | min=33.092+1.478j | max=38.988+2.274j
梯度监控 | raw=34.8527 | natural=0.0227 | clipped=0.0227(上限20.0)
Ψ矩阵条件数 cond(Ψ) = 4.19e+01
Loss=-30.924185 | E0=-7.85772371+0.00009203j | E1=-7.71824074-0.00001122j|E2=-7.68894434+0.00099847j|E3=-7.65928221-0.00092554j
#-----------------------------------------#
[Step 150] logΨ: mean=38.554+0.029j | min=34.445+2.934j | max=38.926+2.290j
梯度监控 | raw=30.9252 | natural=0.0067 | clipped=0.0067(上限20.0)
Ψ矩阵条件数 cond(Ψ) = 7.77e+00
Loss=-30.922853 | E0=-7.85937214+0.00004268j | E1=-7.71584463-0.00002634j|E2=-7.68874884+0.00073069j|E3=-7.65889835-0.00194374j
#-----------------------------------------#
[Step 151] logΨ: mean=38.379+0.268j | min=34.122+2.725j | max=38.777+2.324j
梯度监控 | raw=20.4095 | natural=0.0080 | clipped=0.0080(上限20.0)
Ψ矩阵条件数 cond(Ψ) = 7.92e+00
Loss=-30.923302 | E0=-7.85844326-0.00001431j | E1=-7.71766472+0.00006700j|E2=-7.68789625+0.00006056j|E3=-7.65929985+0.00072457j
#-----------------------------------------#
[Step 152] logΨ: mean=38.085+0.149j | min=33.310+1.071j | max=38.471+2.404j
梯度监控 | raw=25.2521 | natural=0.0118 | clipped=0.0118(上限20.0)
Ψ矩阵条件数 cond(Ψ) = 4.12e+01
Loss=-30.927040 | E0=-7.85913086-0.00001574j | E1=-7.71868324+0.00022781j|E2=-7.68904448+0.00036042j|E3=-7.66019583-0.00056191j
#-----------------------------------------#
[Step 153] logΨ: mean=38.025+0.277j | min=32.774+1.621j | max=38.406+2.416j
梯度监控 | raw=27.7236 | natural=0.0069 | clipped=0.0069(上限20.0)
Ψ矩阵条件数 cond(Ψ) = 4.13e+01
Loss=-30.927786 | E0=-7.85870552+0.00011244j | E1=-7.71838713-0.00003840j|E2=-7.68907022-0.00039766j|E3=-7.66163015+0.00113773j
#-----------------------------------------#
[Step 154] logΨ: mean=38.223+0.227j | min=33.644-1.441j | max=38.612+2.475j
梯度监控 | raw=24.4389 | natural=0.0114 | clipped=0.0114(上限20.0)
Ψ矩阵条件数 cond(Ψ) = 8.23e+00
Loss=-30.927759 | E0=-7.85927200-0.00008028j | E1=-7.71823168+0.00008790j|E2=-7.68960190+0.00082926j|E3=-7.66065741-0.00056366j
#-----------------------------------------#
[Step 155] logΨ: mean=39.351+0.468j | min=29.805-1.968j | max=39.730+2.821j
梯度监控 | raw=21.2131 | natural=0.0651 | clipped=0.0651(上限20.0)
Ψ矩阵条件数 cond(Ψ) = 8.48e+00
Loss=-30.922886 | E0=-7.85974932-0.00002809j | E1=-7.71703672+0.00051410j|E2=-7.68776512-0.00033383j|E3=-7.65834427-0.00066304j
#-----------------------------------------#
[Step 156] logΨ: mean=39.256+0.730j | min=34.931-0.674j | max=39.650+2.823j
梯度监控 | raw=27.0006 | natural=0.0050 | clipped=0.0050(上限20.0)
Ψ矩阵条件数 cond(Ψ) = 4.68e+01
Loss=-30.927160 | E0=-7.85939741-0.00000930j | E1=-7.71855688-0.00025834j|E2=-7.68882132-0.00029043j|E3=-7.66038752+0.00091177j
#-----------------------------------------#
[Step 157] logΨ: mean=39.319+0.787j | min=34.679-2.502j | max=39.711+2.860j
梯度监控 | raw=29.5628 | natural=0.0067 | clipped=0.0067(上限20.0)
Ψ矩阵条件数 cond(Ψ) = 4.64e+01
Loss=-30.929087 | E0=-7.85946226+0.00007579j | E1=-7.71931362+0.00003734j|E2=-7.69002008-0.00003155j|E3=-7.66028166-0.00055194j
#-----------------------------------------#
[Step 158] logΨ: mean=40.015+0.569j | min=34.025+1.441j | max=40.351+2.877j
梯度监控 | raw=32.0459 | natural=0.0155 | clipped=0.0155(上限20.0)
Ψ矩阵条件数 cond(Ψ) = 8.48e+00
Loss=-30.929512 | E0=-7.86008024+0.00000232j | E1=-7.71903419-0.00009922j|E2=-7.68928432+0.00025986j|E3=-7.66110325-0.00086975j
#-----------------------------------------#
[Step 159] logΨ: mean=40.030+0.535j | min=34.863+1.049j | max=40.360+2.855j
梯度监控 | raw=34.5493 | natural=0.0054 | clipped=0.0054(上限20.0)
Ψ矩阵条件数 cond(Ψ) = 8.60e+00
Loss=-30.931025 | E0=-7.86020041+0.00006330j | E1=-7.71939850+0.00004522j|E2=-7.68967819+0.00023527j|E3=-7.66174841-0.00108933j
#-----------------------------------------#
[Step 160] logΨ: mean=40.193+0.450j | min=34.183-1.983j | max=40.528+2.832j
梯度监控 | raw=34.5719 | natural=0.0176 | clipped=0.0176(上限20.0)
Ψ矩阵条件数 cond(Ψ) = 1.23e+01
Loss=-30.928364 | E0=-7.86048794+0.00003587j | E1=-7.71879578+0.00055087j|E2=-7.68869925+0.00030710j|E3=-7.66038084-0.00107479j
#-----------------------------------------#
[Step 161] logΨ: mean=39.718+0.605j | min=35.202-0.447j | max=40.056+2.812j
梯度监控 | raw=35.4995 | natural=0.0136 | clipped=0.0136(上限20.0)
Ψ矩阵条件数 cond(Ψ) = 9.52e+00
Loss=-30.930124 | E0=-7.86001444-0.00005150j | E1=-7.71887016-0.00005287j|E2=-7.68973684-0.00006702j|E3=-7.66151047-0.00041807j
#-----------------------------------------#
[Step 162] logΨ: mean=39.748+0.617j | min=35.255+2.305j | max=40.095+2.808j
梯度监控 | raw=27.3289 | natural=0.0063 | clipped=0.0063(上限20.0)
Ψ矩阵条件数 cond(Ψ) = 4.60e+01
Loss=-30.930666 | E0=-7.86055899+0.00002146j | E1=-7.71960449-0.00011307j|E2=-7.68895388-0.00062253j|E3=-7.66155291+0.00117970j
#-----------------------------------------#
[Step 163] logΨ: mean=39.903+0.694j | min=35.529+2.347j | max=40.246+2.803j
梯度监控 | raw=29.7794 | natural=0.0072 | clipped=0.0072(上限20.0)
Ψ矩阵条件数 cond(Ψ) = 8.91e+00
Loss=-30.932652 | E0=-7.86054087+0.00006023j | E1=-7.72010803-0.00017566j|E2=-7.68973970+0.00035904j|E3=-7.66225100-0.00037169j
#-----------------------------------------#
[Step 164] logΨ: mean=39.668+0.209j | min=34.056+2.472j | max=40.040+2.774j
梯度监控 | raw=32.5392 | natural=0.0069 | clipped=0.0069(上限20.0)
Ψ矩阵条件数 cond(Ψ) = 4.59e+01
Loss=-30.931772 | E0=-7.86065769+0.00000620j | E1=-7.71959448+0.00030669j|E2=-7.68908548+0.00021265j|E3=-7.66244364-0.00057387j
#-----------------------------------------#
[Step 165] logΨ: mean=39.758+0.453j | min=34.577-0.640j | max=40.070+2.757j
梯度监控 | raw=31.7938 | natural=0.0083 | clipped=0.0083(上限20.0)
Ψ矩阵条件数 cond(Ψ) = 3.26e+01
Loss=-30.931665 | E0=-7.86054611+0.00001109j | E1=-7.72023201-0.00003829j|E2=-7.68920946+0.00008207j|E3=-7.66167736-0.00037622j
#-----------------------------------------#
[Step 166] logΨ: mean=39.807+0.807j | min=34.970-0.416j | max=40.181+2.826j
梯度监控 | raw=28.0901 | natural=0.0099 | clipped=0.0099(上限20.0)
Ψ矩阵条件数 cond(Ψ) = 4.53e+01
Loss=-30.932554 | E0=-7.86064291-0.00001335j | E1=-7.71950483-0.00006835j|E2=-7.68959475-0.00002973j|E3=-7.66280842+0.00078835j
#-----------------------------------------#
[Step 167] logΨ: mean=39.938+0.491j | min=35.723-2.437j | max=40.274+2.803j
梯度监控 | raw=32.6441 | natural=0.0038 | clipped=0.0038(上限20.0)
Ψ矩阵条件数 cond(Ψ) = 4.55e+01
Loss=-30.934397 | E0=-7.86127567+0.00001038j | E1=-7.71968889+0.00003595j|E2=-7.69007730-0.00032584j|E3=-7.66334915+0.00079823j
#-----------------------------------------#
[Step 168] logΨ: mean=40.100+0.540j | min=35.540-0.445j | max=40.447+2.824j
梯度监控 | raw=31.5201 | natural=0.0085 | clipped=0.0085(上限20.0)
Ψ矩阵条件数 cond(Ψ) = 1.44e+01
Loss=-30.932493 | E0=-7.86106634-0.00006196j | E1=-7.71942186+0.00027493j|E2=-7.68989611+0.00043927j|E3=-7.66211462-0.00058913j
#-----------------------------------------#
[Step 169] logΨ: mean=39.763+0.534j | min=33.496-0.390j | max=40.079+2.814j
梯度监控 | raw=38.8242 | natural=0.0110 | clipped=0.0110(上限20.0)
Ψ矩阵条件数 cond(Ψ) = 4.49e+01
Loss=-30.934084 | E0=-7.86073399+0.00000928j | E1=-7.72009945+0.00024379j|E2=-7.69004583+0.00065336j|E3=-7.66320133-0.00139508j
#-----------------------------------------#
[Step 170] logΨ: mean=39.395+0.369j | min=34.345-0.606j | max=39.728+2.791j
梯度监控 | raw=37.9163 | natural=0.0100 | clipped=0.0100(上限20.0)
Ψ矩阵条件数 cond(Ψ) = 1.02e+01
Loss=-30.932234 | E0=-7.86099672+0.00003008j | E1=-7.71922684+0.00045698j|E2=-7.68961334+0.00062345j|E3=-7.66240120-0.00211489j
#-----------------------------------------#
[Step 171] logΨ: mean=40.281+0.130j | min=34.461-0.289j | max=40.631+2.415j
梯度监控 | raw=25.2595 | natural=0.0269 | clipped=0.0269(上限20.0)
Ψ矩阵条件数 cond(Ψ) = 9.49e+00
Loss=-30.933491 | E0=-7.86124420-0.00002728j | E1=-7.72091150+0.00008033j|E2=-7.68904257-0.00057293j|E3=-7.66230345+0.00138128j
#-----------------------------------------#
[Step 172] logΨ: mean=39.700+0.188j | min=35.830-2.920j | max=40.031+2.371j
梯度监控 | raw=33.5206 | natural=0.0141 | clipped=0.0141(上限20.0)
Ψ矩阵条件数 cond(Ψ) = 9.49e+00
Loss=-30.935152 | E0=-7.86039734+0.00006806j | E1=-7.71986675-0.00015114j|E2=-7.69013500-0.00039717j|E3=-7.66476059+0.00104797j
#-----------------------------------------#
[Step 173] logΨ: mean=39.524+0.147j | min=34.551-0.881j | max=39.885+2.365j
梯度监控 | raw=26.4810 | natural=0.0063 | clipped=0.0063(上限20.0)
Ψ矩阵条件数 cond(Ψ) = 9.58e+00
Loss=-30.933455 | E0=-7.86098385+0.00008923j | E1=-7.72007799+0.00029942j|E2=-7.68934441-0.00008404j|E3=-7.66305113+0.00011706j
#-----------------------------------------#
[Step 174] logΨ: mean=39.613+0.101j | min=33.926+2.718j | max=39.948+2.342j
梯度监控 | raw=26.0413 | natural=0.0099 | clipped=0.0099(上限20.0)
Ψ矩阵条件数 cond(Ψ) = 9.64e+00
Loss=-30.935020 | E0=-7.86131620+0.00000901j | E1=-7.72060251-0.00033091j|E2=-7.68960857-0.00010963j|E3=-7.66348982+0.00106826j
#-----------------------------------------#
[Step 175] logΨ: mean=40.021-0.340j | min=33.759-2.489j | max=40.320+2.281j
梯度监控 | raw=28.1095 | natural=0.0322 | clipped=0.0322(上限20.0)
Ψ矩阵条件数 cond(Ψ) = 9.51e+00
Loss=-30.934437 | E0=-7.86153984-0.00007315j | E1=-7.71919250-0.00101987j|E2=-7.68949890-0.00083481j|E3=-7.66420746+0.00169373j
#-----------------------------------------#
[Step 176] logΨ: mean=40.281+0.204j | min=36.131+0.293j | max=40.572+2.324j
梯度监控 | raw=27.4752 | natural=0.0092 | clipped=0.0092(上限20.0)
Ψ矩阵条件数 cond(Ψ) = 9.49e+00
Loss=-30.931223 | E0=-7.86200953-0.00004569j | E1=-7.72042370+0.00011861j|E2=-7.68624353+0.00029953j|E3=-7.66253901-0.00099616j
#-----------------------------------------#
[Step 177] logΨ: mean=40.002+0.334j | min=34.885+0.656j | max=40.327+2.334j
梯度监控 | raw=27.0660 | natural=0.0098 | clipped=0.0098(上限20.0)
Ψ矩阵条件数 cond(Ψ) = 1.86e+01
Loss=-30.929903 | E0=-7.86189651+0.00009009j | E1=-7.71976805+0.00020059j|E2=-7.68603563+0.00029027j|E3=-7.66220331-0.00043869j
#-----------------------------------------#
[Step 178] logΨ: mean=39.734+0.161j | min=34.302-0.723j | max=40.083+2.345j
梯度监控 | raw=26.2929 | natural=0.0143 | clipped=0.0143(上限20.0)
Ψ矩阵条件数 cond(Ψ) = 4.55e+01
Loss=-30.929619 | E0=-7.86173773-0.00013700j | E1=-7.72020864+0.00023027j|E2=-7.68548870-0.00040230j|E3=-7.66217375+0.00008123j
#-----------------------------------------#
[Step 179] logΨ: mean=39.868+0.221j | min=34.994-1.190j | max=40.173+2.333j
梯度监控 | raw=26.1658 | natural=0.0051 | clipped=0.0051(上限20.0)
Ψ矩阵条件数 cond(Ψ) = 1.25e+02
Loss=-30.933483 | E0=-7.86234665+0.00006509j | E1=-7.72026730+0.00016998j|E2=-7.68711901-0.00021885j|E3=-7.66374016-0.00003496j
#-----------------------------------------#
[Step 180] logΨ: mean=40.204-0.144j | min=34.855+2.900j | max=40.522+2.228j
梯度监控 | raw=26.0609 | natural=0.0163 | clipped=0.0163(上限20.0)
Ψ矩阵条件数 cond(Ψ) = 1.48e+01
Loss=-30.933018 | E0=-7.86194277-0.00001794j | E1=-7.72034693-0.00001952j|E2=-7.68692684-0.00003172j|E3=-7.66380548-0.00022128j
#-----------------------------------------#
[Step 181] logΨ: mean=40.115+0.157j | min=34.885-1.587j | max=40.447+2.240j
梯度监控 | raw=26.8610 | natural=0.0082 | clipped=0.0082(上限20.0)
Ψ矩阵条件数 cond(Ψ) = 4.44e+01
Loss=-30.932518 | E0=-7.86153460-0.00008297j | E1=-7.72041082-0.00003299j|E2=-7.68589258-0.00126277j|E3=-7.66468573+0.00163961j
#-----------------------------------------#
[Step 182] logΨ: mean=40.143+0.168j | min=36.044-0.555j | max=40.470+2.261j
梯度监控 | raw=25.0967 | natural=0.0051 | clipped=0.0051(上限20.0)
Ψ矩阵条件数 cond(Ψ) = 1.01e+01
Loss=-30.935240 | E0=-7.86216164-0.00007098j | E1=-7.72025204-0.00015863j|E2=-7.68799782-0.00042204j|E3=-7.66482544+0.00081804j
#-----------------------------------------#
[Step 183] logΨ: mean=40.107+0.066j | min=36.515-3.012j | max=40.422+2.276j
梯度监控 | raw=25.3521 | natural=0.0058 | clipped=0.0058(上限20.0)
Ψ矩阵条件数 cond(Ψ) = 1.05e+01
Loss=-30.935139 | E0=-7.86225986-0.00006280j | E1=-7.72037506-0.00013377j|E2=-7.68773890-0.00033109j|E3=-7.66477776+0.00032099j
#-----------------------------------------#
[Step 184] logΨ: mean=39.914+0.251j | min=34.408+0.710j | max=40.232+2.317j
梯度监控 | raw=26.3355 | natural=0.0088 | clipped=0.0088(上限20.0)
Ψ矩阵条件数 cond(Ψ) = 4.26e+01
Loss=-30.934223 | E0=-7.86162043+0.00007692j | E1=-7.72024250-0.00013108j|E2=-7.68766356-0.00020790j|E3=-7.66468382+0.00067961j
#-----------------------------------------#
[Step 185] logΨ: mean=39.945-0.041j | min=35.479+0.255j | max=40.248+2.311j
梯度监控 | raw=27.0869 | natural=0.0047 | clipped=0.0047(上限20.0)
Ψ矩阵条件数 cond(Ψ) = 1.05e+01
Loss=-30.936695 | E0=-7.86178303+0.00003600j | E1=-7.72038603-0.00007431j|E2=-7.68861771-0.00025725j|E3=-7.66591072+0.00039114j
#-----------------------------------------#
[Step 186] logΨ: mean=40.393+0.365j | min=34.382-2.760j | max=40.731+2.557j
梯度监控 | raw=23.0908 | natural=0.0276 | clipped=0.0276(上限20.0)
Ψ矩阵条件数 cond(Ψ) = 9.87e+00
Loss=-30.939360 | E0=-7.86175537+0.00003335j | E1=-7.72103119-0.00039715j|E2=-7.68981075-0.00124891j|E3=-7.66675758+0.00326979j
#-----------------------------------------#
[Step 187] logΨ: mean=40.596+0.413j | min=36.444+0.713j | max=40.888+2.563j
梯度监控 | raw=28.5860 | natural=0.0067 | clipped=0.0067(上限20.0)
Ψ矩阵条件数 cond(Ψ) = 4.01e+01
Loss=-30.934826 | E0=-7.86208820+0.00003332j | E1=-7.72031307+0.00010790j|E2=-7.68726158+0.00050551j|E3=-7.66516256-0.00068899j
#-----------------------------------------#
[Step 188] logΨ: mean=40.932+0.262j | min=36.594-1.258j | max=41.229+2.550j
梯度监控 | raw=25.1758 | natural=0.0140 | clipped=0.0140(上限20.0)
Ψ矩阵条件数 cond(Ψ) = 3.97e+01
Loss=-30.939539 | E0=-7.86219978+0.00001433j | E1=-7.72085094-0.00029402j|E2=-7.68972874-0.00068682j|E3=-7.66674948+0.00282204j
#-----------------------------------------#
[Step 189] logΨ: mean=40.854+0.095j | min=35.033+0.440j | max=41.127+2.552j
梯度监控 | raw=28.4228 | natural=0.0057 | clipped=0.0057(上限20.0)
Ψ矩阵条件数 cond(Ψ) = 1.61e+01
Loss=-30.937456 | E0=-7.86243916+0.00001270j | E1=-7.72033644+0.00010612j|E2=-7.68825960-0.00017045j|E3=-7.66642284+0.00072182j
#-----------------------------------------#
[Step 190] logΨ: mean=40.771+0.330j | min=36.291+1.059j | max=41.081+2.559j
梯度监控 | raw=26.1496 | natural=0.0042 | clipped=0.0042(上限20.0)
Ψ矩阵条件数 cond(Ψ) = 1.01e+01
Loss=-30.938303 | E0=-7.86211348+0.00003331j | E1=-7.72086573-0.00032271j|E2=-7.68871021-0.00056099j|E3=-7.66660309+0.00139034j
#-----------------------------------------#
[Step 191] logΨ: mean=40.442+0.180j | min=36.482-2.759j | max=40.733+2.535j
梯度监控 | raw=31.9650 | natural=0.0102 | clipped=0.0102(上限20.0)
Ψ矩阵条件数 cond(Ψ) = 1.10e+01
Loss=-30.937832 | E0=-7.86191797-0.00001019j | E1=-7.72025061-0.00006425j|E2=-7.68875217-0.00017396j|E3=-7.66691160+0.00051415j
#-----------------------------------------#
[Step 192] logΨ: mean=41.094+0.313j | min=36.613-3.011j | max=41.323+2.472j
梯度监控 | raw=40.9521 | natural=0.0142 | clipped=0.0142(上限20.0)
Ψ矩阵条件数 cond(Ψ) = 3.82e+01
Loss=-30.937536 | E0=-7.86239386+0.00001655j | E1=-7.71994162+0.00061022j|E2=-7.68885088+0.00144734j|E3=-7.66635418-0.00371143j
#-----------------------------------------#
[Step 193] logΨ: mean=41.138+0.097j | min=36.201+2.870j | max=41.387+2.416j
梯度监控 | raw=36.5325 | natural=0.0043 | clipped=0.0043(上限20.0)
Ψ矩阵条件数 cond(Ψ) = 1.70e+01
Loss=-30.939375 | E0=-7.86239624-0.00000912j | E1=-7.72052050+0.00005242j|E2=-7.68882275-0.00001172j|E3=-7.66763449-0.00043368j
#-----------------------------------------#
[Step 194] logΨ: mean=41.908+0.167j | min=35.297+1.184j | max=42.128+1.739j
梯度监控 | raw=33.6186 | natural=0.0351 | clipped=0.0351(上限20.0)
Ψ矩阵条件数 cond(Ψ) = 3.79e+01
Loss=-30.937872 | E0=-7.86260891-0.00000067j | E1=-7.72106743+0.00078588j|E2=-7.68854141-0.00073767j|E3=-7.66565800-0.00046146j
#-----------------------------------------#
[Step 195] logΨ: mean=41.551+0.284j | min=35.936-1.402j | max=41.777+1.834j
梯度监控 | raw=41.8216 | natural=0.0132 | clipped=0.0132(上限20.0)
Ψ矩阵条件数 cond(Ψ) = 1.03e+01
Loss=-30.941069 | E0=-7.86255264+0.00008535j | E1=-7.72032309+0.00023129j|E2=-7.69009495-0.00028354j|E3=-7.66811180-0.00068724j
#-----------------------------------------#
[Step 196] logΨ: mean=41.997+0.157j | min=36.617+3.068j | max=42.230+1.539j
梯度监控 | raw=37.4479 | natural=0.0399 | clipped=0.0399(上限20.0)
Ψ矩阵条件数 cond(Ψ) = 9.29e+00
Loss=-30.940115 | E0=-7.86204529-0.00005507j | E1=-7.72033072+0.00019403j|E2=-7.68938637+0.00044208j|E3=-7.66835785-0.00049825j
#-----------------------------------------#
[Step 197] logΨ: mean=41.267-0.078j | min=36.950-1.873j | max=41.511+1.471j
梯度监控 | raw=42.8437 | natural=0.0165 | clipped=0.0165(上限20.0)
Ψ矩阵条件数 cond(Ψ) = 3.72e+01
Loss=-30.942005 | E0=-7.86240339+0.00001097j | E1=-7.72025013+0.00016335j|E2=-7.69016361+0.00064331j|E3=-7.66919661-0.00155526j
#-----------------------------------------#
[Step 198] logΨ: mean=41.348-0.254j | min=36.600-0.263j | max=41.621+1.452j
梯度监控 | raw=25.9266 | natural=0.0048 | clipped=0.0048(上限20.0)
Ψ矩阵条件数 cond(Ψ) = 1.07e+01
Loss=-30.941519 | E0=-7.86241531+0.00026430j | E1=-7.72057438-0.00019577j|E2=-7.68953371-0.00081019j|E3=-7.66899967+0.00192046j
#-----------------------------------------#
[Step 199] logΨ: mean=41.046-0.003j | min=34.671-0.616j | max=41.247+1.535j
梯度监控 | raw=41.6411 | natural=0.0421 | clipped=0.0421(上限20.0)
Ψ矩阵条件数 cond(Ψ) = 1.01e+01
Loss=-30.941675 | E0=-7.86233473+0.00002122j | E1=-7.71976852+0.00171210j|E2=-7.68999910+0.00027359j|E3=-7.66957521-0.00085834j
#-----------------------------------------#
[Step 200] logΨ: mean=41.470-0.274j | min=36.231-3.030j | max=41.688+1.160j
梯度监控 | raw=28.4493 | natural=0.0271 | clipped=0.0271(上限20.0)
Ψ矩阵条件数 cond(Ψ) = 1.01e+01
Loss=-30.941511 | E0=-7.86245060+0.00000469j | E1=-7.72041702+0.00013689j|E2=-7.68960094-0.00004912j|E3=-7.66903830-0.00008953j
#-----------------------------------------#
[Step 201] logΨ: mean=41.367-0.328j | min=36.173+1.192j | max=41.579+1.101j
梯度监控 | raw=33.7989 | natural=0.0044 | clipped=0.0044(上限20.0)
Ψ矩阵条件数 cond(Ψ) = 1.60e+01
Loss=-30.941948 | E0=-7.86254358-0.00004810j | E1=-7.72036266-0.00010285j|E2=-7.68954277-0.00034871j|E3=-7.66950083+0.00038150j
#-----------------------------------------#
[Step 202] logΨ: mean=41.812+0.040j | min=34.394-0.529j | max=42.020+0.715j
梯度监控 | raw=24.9680 | natural=0.0669 | clipped=0.0669(上限20.0)
Ψ矩阵条件数 cond(Ψ) = 1.53e+01
Loss=-30.939165 | E0=-7.86308050-0.00003648j | E1=-7.71830654-0.00117488j|E2=-7.68944025-0.00317827j|E3=-7.66834211+0.00348425j
#-----------------------------------------#
[Step 203] logΨ: mean=41.934-0.010j | min=36.937+1.546j | max=42.135+0.685j
梯度监控 | raw=25.7265 | natural=0.0079 | clipped=0.0079(上限20.0)
Ψ矩阵条件数 cond(Ψ) = 1.03e+01
Loss=-30.944265 | E0=-7.86259270+0.00001798j | E1=-7.72060537-0.00010641j|E2=-7.69031715+0.00021636j|E3=-7.67075729+0.00010458j
#-----------------------------------------#
[Step 204] logΨ: mean=41.957-0.097j | min=37.217-1.420j | max=42.131+0.711j
梯度监控 | raw=33.4566 | natural=0.0061 | clipped=0.0061(上限20.0)
Ψ矩阵条件数 cond(Ψ) = 1.59e+01
Loss=-30.944197 | E0=-7.86300039-0.00006557j | E1=-7.72043371+0.00034002j|E2=-7.69033623+0.00102327j|E3=-7.67041540-0.00271058j
#-----------------------------------------#
[Step 205] logΨ: mean=41.488-0.182j | min=37.268+2.048j | max=41.681+0.616j
梯度监控 | raw=28.5866 | natural=0.0116 | clipped=0.0116(上限20.0)
Ψ矩阵条件数 cond(Ψ) = 1.06e+01
Loss=-30.942045 | E0=-7.86235332+0.00000265j | E1=-7.72055864+0.00001069j|E2=-7.68935537+0.00001287j|E3=-7.66979313-0.00010859j
#-----------------------------------------#
[Step 206] logΨ: mean=41.423-0.050j | min=37.086-0.143j | max=41.637+0.602j
梯度监控 | raw=25.0580 | natural=0.0053 | clipped=0.0053(上限20.0)
Ψ矩阵条件数 cond(Ψ) = 1.57e+01
Loss=-30.943325 | E0=-7.86274433+0.00009566j | E1=-7.72040129+0.00000840j|E2=-7.68974161+0.00036908j|E3=-7.67044258+0.00016434j
#-----------------------------------------#
[Step 207] logΨ: mean=41.931-0.187j | min=37.634-0.252j | max=42.167+0.470j
梯度监控 | raw=21.2790 | natural=0.0144 | clipped=0.0144(上限20.0)
Ψ矩阵条件数 cond(Ψ) = 1.64e+01
Loss=-30.946312 | E0=-7.86293030-0.00003937j | E1=-7.72108984-0.00047814j|E2=-7.69075775-0.00196375j|E3=-7.67152643+0.00394654j
#-----------------------------------------#
[Step 208] logΨ: mean=41.671-0.307j | min=38.329-1.434j | max=41.858+0.416j
梯度监控 | raw=23.9910 | natural=0.0084 | clipped=0.0084(上限20.0)
Ψ矩阵条件数 cond(Ψ) = 1.08e+01
Loss=-30.944595 | E0=-7.86311436-0.00007237j | E1=-7.72100592-0.00027969j|E2=-7.68961048-0.00066019j|E3=-7.67085838+0.00132817j
#-----------------------------------------#
[Step 209] logΨ: mean=41.694-0.440j | min=36.517-2.806j | max=41.883+0.349j
梯度监控 | raw=32.5726 | natural=0.0042 | clipped=0.0042(上限20.0)
Ψ矩阵条件数 cond(Ψ) = 1.63e+01
Loss=-30.943464 | E0=-7.86299229+0.00025076j | E1=-7.72013330+0.00041388j|E2=-7.68980360+0.00170668j|E3=-7.67055225-0.00323225j
#-----------------------------------------#
[Step 210] logΨ: mean=41.710-0.323j | min=37.644+2.904j | max=41.889+0.316j
梯度监控 | raw=31.9705 | natural=0.0032 | clipped=0.0032(上限20.0)
Ψ矩阵条件数 cond(Ψ) = 1.08e+01
Loss=-30.946400 | E0=-7.86321831-0.00000957j | E1=-7.72069025-0.00003587j|E2=-7.69041538-0.00012111j|E3=-7.67207670-0.00033133j
#-----------------------------------------#
[Step 211] logΨ: mean=41.544-0.227j | min=37.429+2.118j | max=41.714+0.243j
梯度监控 | raw=27.7361 | natural=0.0058 | clipped=0.0058(上限20.0)
Ψ矩阵条件数 cond(Ψ) = 1.63e+01
Loss=-30.945673 | E0=-7.86299276-0.00004946j | E1=-7.72060156+0.00011744j|E2=-7.69023371+0.00070807j|E3=-7.67184830-0.00111347j
#-----------------------------------------#
[Step 212] logΨ: mean=41.422-0.198j | min=36.164-3.094j | max=41.588+0.172j
梯度监控 | raw=25.8687 | natural=0.0060 | clipped=0.0060(上限20.0)
Ψ矩阵条件数 cond(Ψ) = 1.09e+01
Loss=-30.945913 | E0=-7.86307812-0.00006628j | E1=-7.72064066-0.00001612j|E2=-7.69037390-0.00007422j|E3=-7.67182302+0.00034882j
#-----------------------------------------#
[Step 213] logΨ: mean=42.053+0.004j | min=35.996-1.253j | max=42.253+0.659j
梯度监控 | raw=30.9766 | natural=0.0618 | clipped=0.0618(上限20.0)
Ψ矩阵条件数 cond(Ψ) = 2.72e+01
Loss=-30.943531 | E0=-7.86276722-0.00001723j | E1=-7.72035027+0.00024880j|E2=-7.68953228+0.00101878j|E3=-7.67088604-0.00097839j
#-----------------------------------------#
[Step 214] logΨ: mean=41.975+0.018j | min=36.814-1.902j | max=42.166+0.703j
梯度监控 | raw=34.4353 | natural=0.0043 | clipped=0.0043(上限20.0)
Ψ矩阵条件数 cond(Ψ) = 2.76e+01
Loss=-30.946157 | E0=-7.86285734+0.00003365j | E1=-7.72065449-0.00000926j|E2=-7.69045782+0.00023224j|E3=-7.67218256-0.00014915j
#-----------------------------------------#
[Step 215] logΨ: mean=42.647-0.050j | min=38.384-0.147j | max=42.826+0.660j
梯度监控 | raw=39.0462 | natural=0.0179 | clipped=0.0179(上限20.0)
Ψ矩阵条件数 cond(Ψ) = 1.04e+01
Loss=-30.945507 | E0=-7.86287642+0.00007790j | E1=-7.72072935+0.00000164j|E2=-7.69021416+0.00081614j|E3=-7.67168522-0.00169498j
#-----------------------------------------#
[Step 216] logΨ: mean=43.054-0.062j | min=39.712+0.311j | max=43.213+0.631j
梯度监控 | raw=37.7042 | natural=0.0078 | clipped=0.0078(上限20.0)
Ψ矩阵条件数 cond(Ψ) = 2.72e+01
Loss=-30.945854 | E0=-7.86305714-0.00003651j | E1=-7.72057343-0.00003594j|E2=-7.69015980+0.00009467j|E3=-7.67206573-0.00010543j
#-----------------------------------------#
[Step 217] logΨ: mean=42.659-0.026j | min=38.186-1.669j | max=42.834+0.484j
梯度监控 | raw=25.3530 | natural=0.0086 | clipped=0.0086(上限20.0)
Ψ矩阵条件数 cond(Ψ) = 1.06e+01
Loss=-30.950108 | E0=-7.86317778-0.00005014j | E1=-7.72129631-0.00054193j|E2=-7.69256067-0.00205643j|E3=-7.67306805+0.00534487j
#-----------------------------------------#
[Step 218] logΨ: mean=42.433-0.240j | min=39.126-1.852j | max=42.580+0.379j
梯度监控 | raw=38.8234 | natural=0.0061 | clipped=0.0061(上限20.0)
Ψ矩阵条件数 cond(Ψ) = 1.05e+01
Loss=-30.946674 | E0=-7.86332178-0.00004205j | E1=-7.72028255+0.00027514j|E2=-7.69054222+0.00198520j|E3=-7.67253447-0.00404739j
#-----------------------------------------#
[Step 219] logΨ: mean=42.061-0.157j | min=36.764-2.931j | max=42.236+0.380j
梯度监控 | raw=36.6270 | natural=0.0093 | clipped=0.0093(上限20.0)
Ψ矩阵条件数 cond(Ψ) = 1.71e+01
Loss=-30.948292 | E0=-7.86307573-0.00000432j | E1=-7.72059584+0.00007316j|E2=-7.69099951+0.00045781j|E3=-7.67362118-0.00059335j
#-----------------------------------------#
[Step 220] logΨ: mean=42.853+0.216j | min=36.600-1.386j | max=43.033+0.859j
梯度监控 | raw=33.1962 | natural=0.0509 | clipped=0.0509(上限20.0)
Ψ矩阵条件数 cond(Ψ) = 8.81e+00
Loss=-30.943584 | E0=-7.86300421+0.00007419j | E1=-7.72153234-0.00043038j|E2=-7.68900442-0.00005538j|E3=-7.67003584+0.00070903j
#-----------------------------------------#
[Step 221] logΨ: mean=41.970+0.127j | min=38.039+1.381j | max=42.137+0.799j
梯度监控 | raw=36.0777 | natural=0.0203 | clipped=0.0203(上限20.0)
Ψ矩阵条件数 cond(Ψ) = 1.04e+01
Loss=-30.949236 | E0=-7.86335182-0.00005169j | E1=-7.72053862-0.00000411j|E2=-7.69143105+0.00012001j|E3=-7.67391300-0.00006038j
#-----------------------------------------#
[Step 222] logΨ: mean=42.516-0.332j | min=38.973+2.638j | max=42.675+0.787j
梯度监控 | raw=32.3174 | natural=0.0114 | clipped=0.0114(上限20.0)
Ψ矩阵条件数 cond(Ψ) = 2.48e+01
Loss=-30.947275 | E0=-7.86316538-0.00000814j | E1=-7.72025871+0.00033191j|E2=-7.69057989+0.00145275j|E3=-7.67326260-0.00273204j
#-----------------------------------------#
[Step 223] logΨ: mean=42.666-0.024j | min=37.447-1.340j | max=42.825+0.788j
梯度监控 | raw=38.6044 | natural=0.0233 | clipped=0.0233(上限20.0)
Ψ矩阵条件数 cond(Ψ) = 9.18e+00
Loss=-30.946829 | E0=-7.86303186-0.00003943j | E1=-7.72031593+0.00039133j|E2=-7.69057131+0.00161068j|E3=-7.67292500-0.00346467j
#-----------------------------------------#
[Step 224] logΨ: mean=42.783-0.374j | min=36.194+0.232j | max=42.983+0.182j
梯度监控 | raw=30.6647 | natural=0.0532 | clipped=0.0532(上限20.0)
Ψ矩阵条件数 cond(Ψ) = 9.69e+00
Loss=-30.947756 | E0=-7.86332512+0.00006071j | E1=-7.71963453-0.00140317j|E2=-7.69060087+0.00049074j|E3=-7.67419863-0.00063944j
#-----------------------------------------#
[Step 225] logΨ: mean=42.272-0.093j | min=38.028-1.118j | max=42.441+0.203j
梯度监控 | raw=33.4030 | natural=0.0135 | clipped=0.0135(上限20.0)
Ψ矩阵条件数 cond(Ψ) = 2.46e+01
Loss=-30.951384 | E0=-7.86321306-0.00005402j | E1=-7.72054243+0.00006707j|E2=-7.69184780+0.00007568j|E3=-7.67578220-0.00006633j
#-----------------------------------------#
[Step 226] logΨ: mean=42.718-0.455j | min=38.056+0.667j | max=42.916+0.268j
梯度监控 | raw=23.4132 | natural=0.0129 | clipped=0.0129(上限20.0)
Ψ矩阵条件数 cond(Ψ) = 9.77e+00
Loss=-30.951557 | E0=-7.86324787-0.00003947j | E1=-7.72086287-0.00019391j|E2=-7.69165373-0.00190909j|E3=-7.67579603+0.00410199j
#-----------------------------------------#
[Step 227] logΨ: mean=42.677-0.773j | min=38.304+0.003j | max=42.864+0.324j
梯度监控 | raw=25.1012 | natural=0.0073 | clipped=0.0073(上限20.0)
Ψ矩阵条件数 cond(Ψ) = 1.74e+01
Loss=-30.949907 | E0=-7.86318398+0.00006053j | E1=-7.72074509-0.00025371j|E2=-7.69061756-0.00051624j|E3=-7.67536116+0.00167024j
#-----------------------------------------#
[Step 228] logΨ: mean=42.895-0.050j | min=39.618+0.295j | max=43.074+0.297j
梯度监控 | raw=23.2698 | natural=0.0066 | clipped=0.0066(上限20.0)
Ψ矩阵条件数 cond(Ψ) = 2.39e+01
Loss=-30.951960 | E0=-7.86350632-0.00007065j | E1=-7.72116518-0.00042394j|E2=-7.69149876-0.00227722j|E3=-7.67578650+0.00487804j
#-----------------------------------------#
[Step 229] logΨ: mean=42.726-0.037j | min=38.663+0.390j | max=42.881+0.283j
梯度监控 | raw=42.3268 | natural=0.0047 | clipped=0.0047(上限20.0)
Ψ矩阵条件数 cond(Ψ) = 2.38e+01
Loss=-30.947657 | E0=-7.86317825+0.00004244j | E1=-7.72006607+0.00045203j|E2=-7.69046783+0.00189137j|E3=-7.67394161-0.00369114j
#-----------------------------------------#
[Step 230] logΨ: mean=43.061-0.650j | min=38.909+1.920j | max=43.239+0.275j
梯度监控 | raw=35.1795 | natural=0.0078 | clipped=0.0078(上限20.0)
Ψ矩阵条件数 cond(Ψ) = 2.37e+01
Loss=-30.951771 | E0=-7.86342859-0.00002562j | E1=-7.72061253+0.00009220j|E2=-7.69121981-0.00032284j|E3=-7.67650414+0.00037038j
#-----------------------------------------#
[Step 231] logΨ: mean=42.518-0.566j | min=38.154-2.026j | max=42.717+0.252j
梯度监控 | raw=25.1197 | natural=0.0116 | clipped=0.0116(上限20.0)
Ψ矩阵条件数 cond(Ψ) = 6.72e+00
Loss=-30.952242 | E0=-7.86297178+0.00002329j | E1=-7.72122049-0.00048311j|E2=-7.69177055-0.00230133j|E3=-7.67626953+0.00471544j
#-----------------------------------------#
[Step 232] logΨ: mean=43.572-0.865j | min=39.438+0.913j | max=43.719+0.267j
梯度监控 | raw=40.8357 | natural=0.0203 | clipped=0.0203(上限20.0)
Ψ矩阵条件数 cond(Ψ) = 2.37e+01
Loss=-30.950489 | E0=-7.86337042+0.00000583j | E1=-7.72010088+0.00049312j|E2=-7.69130325+0.00141263j|E3=-7.67571211-0.00328875j
#-----------------------------------------#
[Step 233] logΨ: mean=43.638-0.650j | min=39.069+1.632j | max=43.803+0.242j
梯度监控 | raw=35.4935 | natural=0.0048 | clipped=0.0048(上限20.0)
Ψ矩阵条件数 cond(Ψ) = 8.39e+00
Loss=-30.949526 | E0=-7.86336613-0.00002822j | E1=-7.72026300+0.00019907j|E2=-7.69004107+0.00172540j|E3=-7.67586708-0.00286642j
#-----------------------------------------#
[Step 234] logΨ: mean=43.347-0.889j | min=38.465+0.371j | max=43.537+0.268j
梯度监控 | raw=30.0424 | natural=0.0070 | clipped=0.0070(上限20.0)
Ψ矩阵条件数 cond(Ψ) = 9.88e+00
Loss=-30.951025 | E0=-7.86316586-0.00000916j | E1=-7.72055054-0.00002996j|E2=-7.69047022-0.00044621j|E3=-7.67684603+0.00093445j
#-----------------------------------------#
[Step 235] logΨ: mean=42.665-0.542j | min=38.248-1.149j | max=42.835+0.257j
梯度监控 | raw=27.4691 | natural=0.0141 | clipped=0.0141(上限20.0)
Ψ矩阵条件数 cond(Ψ) = 1.80e+01
Loss=-30.954039 | E0=-7.86298895-0.00000631j | E1=-7.72110796-0.00028292j|E2=-7.69160366-0.00156022j|E3=-7.67832899+0.00310659j
#-----------------------------------------#
[Step 236] logΨ: mean=42.954-0.931j | min=38.577-3.132j | max=43.156+0.269j
梯度监控 | raw=29.2446 | natural=0.0089 | clipped=0.0089(上限20.0)
Ψ矩阵条件数 cond(Ψ) = 2.29e+01
Loss=-30.950527 | E0=-7.86317205+0.00001319j | E1=-7.72040033+0.00020009j|E2=-7.69018650+0.00101213j|E3=-7.67676687-0.00191580j
#-----------------------------------------#
[Step 237] logΨ: mean=43.096-0.937j | min=37.101-2.496j | max=43.316+0.308j
梯度监控 | raw=25.8993 | natural=0.0052 | clipped=0.0052(上限20.0)
Ψ矩阵条件数 cond(Ψ) = 2.29e+01
Loss=-30.951616 | E0=-7.86307096+0.00002731j | E1=-7.72083902-0.00023263j|E2=-7.69020414-0.00055435j|E3=-7.67749596+0.00154535j
#-----------------------------------------#
[Step 238] logΨ: mean=42.819-1.167j | min=38.777-2.788j | max=43.009+0.318j
梯度监控 | raw=30.8983 | natural=0.0076 | clipped=0.0076(上限20.0)
Ψ矩阵条件数 cond(Ψ) = 2.30e+01
Loss=-30.953850 | E0=-7.86341190-0.00001497j | E1=-7.72110605-0.00021347j|E2=-7.69094419-0.00030294j|E3=-7.67839241+0.00050843j
#-----------------------------------------#
[Step 239] logΨ: mean=43.161-0.816j | min=38.748-3.023j | max=43.358+0.361j
梯度监控 | raw=28.1593 | natural=0.0072 | clipped=0.0072(上限20.0)
Ψ矩阵条件数 cond(Ψ) = 2.31e+01
Loss=-30.955128 | E0=-7.86353922+0.00002406j | E1=-7.72109222-0.00024101j|E2=-7.69154263-0.00128047j|E3=-7.67895269+0.00233626j
#-----------------------------------------#
[Step 240] logΨ: mean=43.704-0.521j | min=38.107+2.418j | max=43.895+1.256j
梯度监控 | raw=25.5600 | natural=0.0263 | clipped=0.0263(上限20.0)
Ψ矩阵条件数 cond(Ψ) = 2.02e+01
Loss=-30.951057 | E0=-7.86315870-0.00003600j | E1=-7.72143316+0.00006624j|E2=-7.68929148-0.00023351j|E3=-7.67717361+0.00105954j
#-----------------------------------------#
[Step 241] logΨ: mean=44.357-0.003j | min=41.244-0.367j | max=44.525+1.252j
梯度监控 | raw=38.5234 | natural=0.0123 | clipped=0.0123(上限20.0)
Ψ矩阵条件数 cond(Ψ) = 9.19e+00
Loss=-30.952177 | E0=-7.86344242+0.00003772j | E1=-7.72043419+0.00009833j|E2=-7.69023323+0.00086760j|E3=-7.67806053-0.00105178j
#-----------------------------------------#
[Step 242] logΨ: mean=44.575+0.080j | min=41.117-1.113j | max=44.751+1.213j
梯度监控 | raw=42.8762 | natural=0.0053 | clipped=0.0053(上限20.0)
Ψ矩阵条件数 cond(Ψ) = 9.10e+00
Loss=-30.952171 | E0=-7.86338425+0.00003629j | E1=-7.72027922+0.00028151j|E2=-7.69061852+0.00174320j|E3=-7.67786598-0.00293899j
#-----------------------------------------#
[Step 243] logΨ: mean=44.623+0.495j | min=40.424-1.568j | max=44.801+1.251j
梯度监控 | raw=38.3855 | natural=0.0074 | clipped=0.0074(上限20.0)
Ψ矩阵条件数 cond(Ψ) = 2.40e+01
Loss=-30.953794 | E0=-7.86331415-0.00002032j | E1=-7.72084332-0.00003031j|E2=-7.69050837+0.00027853j|E3=-7.67912579-0.00018954j
#-----------------------------------------#
[Step 244] logΨ: mean=44.417+0.438j | min=38.690-2.958j | max=44.595+0.948j
梯度监控 | raw=47.6489 | natural=0.0319 | clipped=0.0319(上限20.0)
Ψ矩阵条件数 cond(Ψ) = 7.70e+00
Loss=-30.950197 | E0=-7.86323309+0.00004459j | E1=-7.72014952+0.00030138j|E2=-7.68925476+0.00095796j|E3=-7.67755890-0.00138426j
#-----------------------------------------#
[Step 245] logΨ: mean=45.279-0.211j | min=38.732+0.744j | max=45.506+2.859j
梯度监控 | raw=33.4218 | natural=0.0849 | clipped=0.0849(上限20.0)
Ψ矩阵条件数 cond(Ψ) = 7.27e+00
Loss=-30.951452 | E0=-7.86323643+0.00006525j | E1=-7.72052670-0.00060509j|E2=-7.68940210-0.00082297j|E3=-7.67828989+0.00142896j
#-----------------------------------------#
[Step 246] logΨ: mean=45.717-0.011j | min=41.180+2.847j | max=46.017+2.904j
梯度监控 | raw=247.7978 | natural=0.0102 | clipped=0.0102(上限20.0)
Ψ矩阵条件数 cond(Ψ) = 7.01e+00
Loss=-30.892323 | E0=-7.86237049+0.00002686j | E1=-7.72031498+0.00018672j|E2=-7.68629456+0.00048804j|E3=-7.62334204-0.00003237j
#-----------------------------------------#
[Step 247] logΨ: mean=45.101-0.410j | min=39.286-1.687j | max=45.394+2.749j
梯度监控 | raw=229.2128 | natural=0.0396 | clipped=0.0396(上限20.0)
Ψ矩阵条件数 cond(Ψ) = 8.76e+00
Loss=-30.899385 | E0=-7.86261702+0.00011037j | E1=-7.72036934-0.00042729j|E2=-7.68453550-0.00158876j|E3=-7.63185453+0.00052193j
#-----------------------------------------#
[Step 248] logΨ: mean=44.965+0.020j | min=39.729-0.819j | max=45.282+2.823j
梯度监控 | raw=202.7296 | natural=0.0100 | clipped=0.0100(上限20.0)
Ψ矩阵条件数 cond(Ψ) = 7.49e+00
Loss=-30.891531 | E0=-7.86232758-0.00017976j | E1=-7.72045755+0.00017924j|E2=-7.68337393+0.00006306j|E3=-7.62537527-0.00124308j
#-----------------------------------------#
[Step 249] logΨ: mean=43.866+0.145j | min=40.539-2.259j | max=44.146+0.112j
梯度监控 | raw=168.8229 | natural=0.0218 | clipped=0.0218(上限20.0)
Ψ矩阵条件数 cond(Ψ) = 8.29e+00
Loss=-30.902021 | E0=-7.86263561+0.00002685j | E1=-7.72023439+0.00041962j|E2=-7.68214798+0.00064838j|E3=-7.63702011-0.00181745j
#-----------------------------------------#
[Step 250] logΨ: mean=43.724-0.040j | min=40.086-3.103j | max=44.026+0.110j
梯度监控 | raw=163.5527 | natural=0.0046 | clipped=0.0046(上限20.0)
Ψ矩阵条件数 cond(Ψ) = 8.32e+00
Loss=-30.898497 | E0=-7.86299276+0.00003215j | E1=-7.72049189+0.00015534j|E2=-7.68619061-0.00034082j|E3=-7.62881804-0.00043396j
#-----------------------------------------#
[Step 251] logΨ: mean=44.001-0.494j | min=37.462+1.623j | max=44.255+3.092j
梯度监控 | raw=92.9001 | natural=0.1156 | clipped=0.1156(上限20.0)
Ψ矩阵条件数 cond(Ψ) = 8.99e+00
Loss=-30.926210 | E0=-7.86354256+0.00023512j | E1=-7.72100449+0.00078018j|E2=-7.68850708+0.00000989j|E3=-7.65315866+0.00243773j
#-----------------------------------------#
[Step 252] logΨ: mean=44.527+0.045j | min=39.906-0.690j | max=44.797+0.279j
梯度监控 | raw=88.2733 | natural=0.0128 | clipped=0.0128(上限20.0)
Ψ矩阵条件数 cond(Ψ) = 8.80e+00
Loss=-30.921074 | E0=-7.86309147+0.00017917j | E1=-7.72031784+0.00031242j|E2=-7.68299437+0.00113118j|E3=-7.65466309-0.00141580j
#-----------------------------------------#
[Step 253] logΨ: mean=44.852+0.001j | min=40.577-2.394j | max=45.168+0.245j
梯度监控 | raw=137.6943 | natural=0.0090 | clipped=0.0090(上限20.0)
Ψ矩阵条件数 cond(Ψ) = 1.33e+01
Loss=-30.917303 | E0=-7.86242867-0.00022155j | E1=-7.72077799-0.00009999j|E2=-7.68738985+0.00053827j|E3=-7.64669514-0.00119609j
#-----------------------------------------#
[Step 254] logΨ: mean=44.976-0.316j | min=40.401+2.289j | max=45.252+0.214j
梯度监控 | raw=110.6654 | natural=0.0049 | clipped=0.0049(上限20.0)
Ψ矩阵条件数 cond(Ψ) = 8.69e+00
Loss=-30.925508 | E0=-7.86279488-0.00012468j | E1=-7.72016191+0.00009004j|E2=-7.68845892+0.00028592j|E3=-7.65408373-0.00003027j
#-----------------------------------------#
[Step 255] logΨ: mean=44.835-0.090j | min=40.510+1.214j | max=45.116+0.193j
梯度监控 | raw=119.0670 | natural=0.0046 | clipped=0.0046(上限20.0)
Ψ矩阵条件数 cond(Ψ) = 1.64e+01
Loss=-30.926895 | E0=-7.86306810+0.00004600j | E1=-7.72104883-0.00022469j|E2=-7.68816996-0.00007200j|E3=-7.65461016+0.00050689j
#-----------------------------------------#
[Step 256] logΨ: mean=44.526-0.130j | min=40.985-0.818j | max=44.814+0.200j
梯度监控 | raw=108.6587 | natural=0.0079 | clipped=0.0079(上限20.0)
Ψ矩阵条件数 cond(Ψ) = 1.82e+01
Loss=-30.926620 | E0=-7.86244202-0.00037922j | E1=-7.72047520+0.00020081j|E2=-7.68603086+0.00050050j|E3=-7.65767860-0.00126170j
#-----------------------------------------#
[Step 257] logΨ: mean=43.593-0.442j | min=37.584+0.988j | max=43.863+0.091j
梯度监控 | raw=73.8853 | natural=0.0297 | clipped=0.0297(上限20.0)
Ψ矩阵条件数 cond(Ψ) = 8.36e+00
Loss=-30.937197 | E0=-7.86307716+0.00011681j | E1=-7.72161007+0.00019525j|E2=-7.68826675-0.00072896j|E3=-7.66424465+0.00080945j
#-----------------------------------------#
[Step 258] logΨ: mean=43.452-0.076j | min=39.893+3.127j | max=43.720+0.082j
梯度监控 | raw=53.7884 | natural=0.0054 | clipped=0.0054(上限20.0)
Ψ矩阵条件数 cond(Ψ) = 8.85e+00
Loss=-30.935513 | E0=-7.86313486+0.00010933j | E1=-7.72064304+0.00003985j|E2=-7.68672466+0.00041652j|E3=-7.66500187-0.00094413j
#-----------------------------------------#
[Step 259] logΨ: mean=42.739-0.305j | min=37.469-1.522j | max=43.007+0.078j
梯度监控 | raw=48.7196 | natural=0.0187 | clipped=0.0187(上限20.0)
Ψ矩阵条件数 cond(Ψ) = 2.17e+01
Loss=-30.940540 | E0=-7.86325121+0.00008413j | E1=-7.72055626-0.00003363j|E2=-7.68727255+0.00042258j|E3=-7.66946220+0.00019320j
#-----------------------------------------#
[Step 260] logΨ: mean=42.420-0.245j | min=36.739+0.908j | max=42.706+0.115j
梯度监控 | raw=57.0001 | natural=0.0502 | clipped=0.0502(上限20.0)
Ψ矩阵条件数 cond(Ψ) = 9.00e+00
Loss=-30.938023 | E0=-7.86338139+0.00010864j | E1=-7.72118330-0.00010098j|E2=-7.68822050-0.00027508j|E3=-7.66523886+0.00085252j
#-----------------------------------------#
[Step 261] logΨ: mean=42.445-0.339j | min=37.549+2.396j | max=42.750+0.090j
梯度监控 | raw=39.6882 | natural=0.0035 | clipped=0.0035(上限20.0)
Ψ矩阵条件数 cond(Ψ) = 2.25e+01
Loss=-30.940849 | E0=-7.86309862-0.00013717j | E1=-7.72064495+0.00003716j|E2=-7.68728828+0.00077501j|E3=-7.66981649-0.00053481j
#-----------------------------------------#
[Step 262] logΨ: mean=42.715-0.183j | min=39.054+0.568j | max=42.999+0.099j
梯度监控 | raw=47.0950 | natural=0.0092 | clipped=0.0092(上限20.0)
Ψ矩阵条件数 cond(Ψ) = 8.94e+00
Loss=-30.942747 | E0=-7.86295033-0.00024863j | E1=-7.72066736-0.00005357j|E2=-7.68833303+0.00038466j|E3=-7.67079449-0.00029529j
#-----------------------------------------#
[Step 263] logΨ: mean=42.810-0.042j | min=39.412-2.392j | max=43.069+0.097j
梯度监控 | raw=36.1537 | natural=0.0043 | clipped=0.0043(上限20.0)
Ψ矩阵条件数 cond(Ψ) = 8.64e+00
Loss=-30.942915 | E0=-7.86336470+0.00003631j | E1=-7.72039890+0.00012585j|E2=-7.68576384+0.00102529j|E3=-7.67338657-0.00164513j
#-----------------------------------------#
[Step 264] logΨ: mean=42.501-0.164j | min=37.504-0.917j | max=42.769+0.075j
梯度监控 | raw=42.3452 | natural=0.0083 | clipped=0.0083(上限20.0)
Ψ矩阵条件数 cond(Ψ) = 2.21e+01
Loss=-30.944063 | E0=-7.86339521+0.00008222j | E1=-7.72023344+0.00007305j|E2=-7.68820000+0.00007814j|E3=-7.67225313-0.00017800j
#-----------------------------------------#
[Step 265] logΨ: mean=42.930-0.150j | min=37.886+0.219j | max=43.209+0.093j
梯度监控 | raw=39.6000 | natural=0.0140 | clipped=0.0140(上限20.0)
Ψ矩阵条件数 cond(Ψ) = 2.18e+01
Loss=-30.946928 | E0=-7.86320400-0.00011001j | E1=-7.72081900+0.00008238j|E2=-7.68882418+0.00033191j|E3=-7.67408085-0.00053990j
#-----------------------------------------#
[Step 266] logΨ: mean=43.144+0.781j | min=35.319-1.756j | max=43.425+3.091j
梯度监控 | raw=26.9303 | natural=0.1512 | clipped=0.1512(上限20.0)
Ψ矩阵条件数 cond(Ψ) = 2.33e+01
Loss=-30.938417 | E0=-7.86321688-0.00000920j | E1=-7.72237539+0.00071375j|E2=-7.68023539-0.00475788j|E3=-7.67259407+0.00221056j
#-----------------------------------------#
[Step 267] logΨ: mean=43.471+0.722j | min=38.762+0.095j | max=43.759+3.128j
梯度监控 | raw=27.5862 | natural=0.0105 | clipped=0.0105(上限20.0)
Ψ矩阵条件数 cond(Ψ) = 1.55e+01
Loss=-30.947521 | E0=-7.86311913-0.00018667j | E1=-7.72056627+0.00026207j|E2=-7.68583488+0.00110060j|E3=-7.67800903-0.00225992j
#-----------------------------------------#
[Step 268] logΨ: mean=43.180+1.074j | min=38.361+0.993j | max=43.437+3.114j
梯度监控 | raw=43.9949 | natural=0.0084 | clipped=0.0084(上限20.0)
Ψ矩阵条件数 cond(Ψ) = 2.31e+01
Loss=-30.952192 | E0=-7.86321640-0.00001529j | E1=-7.72096014-0.00014924j|E2=-7.69138622-0.00017073j|E3=-7.67664194+0.00064767j
#-----------------------------------------#
[Step 269] logΨ: mean=43.374+0.756j | min=39.623-2.354j | max=43.637+3.113j
梯度监控 | raw=21.5900 | natural=0.0075 | clipped=0.0075(上限20.0)
Ψ矩阵条件数 cond(Ψ) = 1.55e+01
Loss=-30.952778 | E0=-7.86354542+0.00009118j | E1=-7.72096872-0.00006704j|E2=-7.68907452+0.00062511j|E3=-7.67919302-0.00075812j
#-----------------------------------------#
[Step 270] logΨ: mean=43.613+0.809j | min=38.491+2.043j | max=43.939+3.108j
梯度监控 | raw=45.1434 | natural=0.0080 | clipped=0.0080(上限20.0)
Ψ矩阵条件数 cond(Ψ) = 8.19e+00
Loss=-30.943121 | E0=-7.86313295-0.00026379j | E1=-7.72059488+0.00003799j|E2=-7.68773222-0.00003496j|E3=-7.67165232-0.00113650j
#-----------------------------------------#
[Step 271] logΨ: mean=44.244+0.727j | min=38.600+2.658j | max=44.524+3.106j
梯度监控 | raw=48.1667 | natural=0.0268 | clipped=0.0268(上限20.0)
Ψ矩阵条件数 cond(Ψ) = 2.25e+01
Loss=-30.952364 | E0=-7.86343193-0.00001928j | E1=-7.72088432+0.00000617j|E2=-7.69044495+0.00005895j|E3=-7.67758989-0.00005412j
#-----------------------------------------#
[Step 272] logΨ: mean=44.258+0.791j | min=39.936+1.046j | max=44.516+3.085j
梯度监控 | raw=25.2988 | natural=0.0028 | clipped=0.0028(上限20.0)
Ψ矩阵条件数 cond(Ψ) = 8.34e+00
Loss=-30.953154 | E0=-7.86345100+0.00001485j | E1=-7.72050810+0.00012094j|E2=-7.68838596+0.00026190j|E3=-7.68081141-0.00042547j
#-----------------------------------------#
[Step 273] logΨ: mean=43.819+0.951j | min=37.135+1.009j | max=44.105+3.088j
梯度监控 | raw=36.7221 | natural=0.0096 | clipped=0.0096(上限20.0)
Ψ矩阵条件数 cond(Ψ) = 3.18e+01
Loss=-30.951651 | E0=-7.86342764+0.00001642j | E1=-7.72042465+0.00019952j|E2=-7.68641090+0.00065011j|E3=-7.68138170-0.00140546j
#-----------------------------------------#
[Step 274] logΨ: mean=44.619+0.853j | min=40.219-2.816j | max=44.866+3.089j
梯度监控 | raw=19.3737 | natural=0.0180 | clipped=0.0180(上限20.0)
Ψ矩阵条件数 cond(Ψ) = 8.42e+00
Loss=-30.956593 | E0=-7.86347675+0.00007717j | E1=-7.72086477+0.00013326j|E2=-7.68992519+0.00019231j|E3=-7.68232107+0.00001372j
#-----------------------------------------#
[Step 275] logΨ: mean=44.402+0.820j | min=40.342+0.550j | max=44.688+3.098j
梯度监控 | raw=35.9664 | natural=0.0055 | clipped=0.0055(上限20.0)
Ψ矩阵条件数 cond(Ψ) = 8.48e+00
Loss=-30.952114 | E0=-7.86332083-0.00026887j | E1=-7.72055721+0.00026593j|E2=-7.68792057-0.00026101j|E3=-7.68031836-0.00064002j
#-----------------------------------------#
[Step 276] logΨ: mean=43.734+0.607j | min=38.342-1.665j | max=44.009+3.083j
梯度监控 | raw=40.5242 | natural=0.0151 | clipped=0.0151(上限20.0)
Ψ矩阵条件数 cond(Ψ) = 8.28e+00
Loss=-30.955538 | E0=-7.86345720+0.00002383j | E1=-7.72048235+0.00011566j|E2=-7.68975878+0.00044966j|E3=-7.68183947+0.00013109j
#-----------------------------------------#
[Step 277] logΨ: mean=44.430+0.773j | min=38.533+0.870j | max=44.702+3.085j
梯度监控 | raw=31.1764 | natural=0.0155 | clipped=0.0155(上限20.0)
Ψ矩阵条件数 cond(Ψ) = 1.83e+01
Loss=-30.955811 | E0=-7.86337137-0.00002394j | E1=-7.72086668-0.00040923j|E2=-7.69035339+0.00048584j|E3=-7.68121767+0.00048566j
#-----------------------------------------#
[Step 278] logΨ: mean=43.594+0.857j | min=39.464-0.603j | max=43.864+3.057j
梯度监控 | raw=46.2111 | natural=0.0241 | clipped=0.0241(上限20.0)
Ψ矩阵条件数 cond(Ψ) = 8.46e+00
Loss=-30.956615 | E0=-7.86341286-0.00006881j | E1=-7.72111893-0.00066900j|E2=-7.69146013+0.00063890j|E3=-7.68063259-0.00010706j
#-----------------------------------------#
[Step 279] logΨ: mean=43.403+0.846j | min=38.337-0.254j | max=43.648+3.095j
梯度监控 | raw=45.4108 | natural=0.0080 | clipped=0.0080(上限20.0)
Ψ矩阵条件数 cond(Ψ) = 8.67e+00
Loss=-30.956610 | E0=-7.86351538+0.00003419j | E1=-7.72036695+0.00040764j|E2=-7.69042635+0.00041406j|E3=-7.68230915+0.00016245j
#-----------------------------------------#
[Step 280] logΨ: mean=43.349+0.511j | min=39.590+0.742j | max=43.629+3.103j
梯度监控 | raw=57.7537 | natural=0.0043 | clipped=0.0043(上限20.0)
Ψ矩阵条件数 cond(Ψ) = 2.15e+01
Loss=-30.955263 | E0=-7.86335850+0.00004295j | E1=-7.72120523-0.00032378j|E2=-7.69004440+0.00041889j|E3=-7.68066168+0.00000372j
#-----------------------------------------#
[Step 281] logΨ: mean=43.322+0.920j | min=38.256+1.205j | max=43.590+3.106j
梯度监控 | raw=46.0711 | natural=0.0044 | clipped=0.0044(上限20.0)
Ψ矩阵条件数 cond(Ψ) = 2.14e+01
Loss=-30.955599 | E0=-7.86334658+0.00006729j | E1=-7.72056484+0.00015830j|E2=-7.68927860+0.00071603j|E3=-7.68241119-0.00052293j
#-----------------------------------------#
[Step 282] logΨ: mean=44.646-0.940j | min=38.654+0.223j | max=44.996+0.586j
梯度监控 | raw=27.0084 | natural=0.0591 | clipped=0.0591(上限20.0)
Ψ矩阵条件数 cond(Ψ) = 1.70e+01
Loss=-30.955591 | E0=-7.86347246+0.00002038j | E1=-7.72074556-0.00055479j|E2=-7.68992949+0.00141048j|E3=-7.68146563+0.00015299j
#-----------------------------------------#
[Step 283] logΨ: mean=43.638-1.025j | min=39.769+0.994j | max=43.973+0.532j
梯度监控 | raw=50.4851 | natural=0.0226 | clipped=0.0226(上限20.0)
Ψ矩阵条件数 cond(Ψ) = 7.93e+00
Loss=-30.954824 | E0=-7.86328030-0.00009376j | E1=-7.72097635-0.00022937j|E2=-7.69210815+0.00043946j|E3=-7.67846680-0.00037953j
#-----------------------------------------#
[Step 284] logΨ: mean=44.141-1.029j | min=40.670-1.299j | max=44.475+0.522j
梯度监控 | raw=33.9322 | natural=0.0123 | clipped=0.0123(上限20.0)
Ψ矩阵条件数 cond(Ψ) = 7.84e+00
Loss=-30.954048 | E0=-7.86342287+0.00006049j | E1=-7.72058105+0.00007455j|E2=-7.68936491+0.00011539j|E3=-7.68068647-0.00016025j
#-----------------------------------------#
[Step 285] logΨ: mean=43.817-0.924j | min=40.088-1.550j | max=44.141+0.525j
梯度监控 | raw=66.8275 | natural=0.0082 | clipped=0.0082(上限20.0)
Ψ矩阵条件数 cond(Ψ) = 1.96e+01
Loss=-30.954462 | E0=-7.86349344+0.00008097j | E1=-7.72081089-0.00011779j|E2=-7.69109488+0.00023204j|E3=-7.67906952+0.00041456j
#-----------------------------------------#
[Step 286] logΨ: mean=43.448-0.568j | min=38.985-2.292j | max=43.732+0.521j
梯度监控 | raw=28.3467 | natural=0.0104 | clipped=0.0104(上限20.0)
Ψ矩阵条件数 cond(Ψ) = 9.02e+00
Loss=-30.958677 | E0=-7.86343098-0.00013167j | E1=-7.72078180+0.00006206j|E2=-7.69297600+0.00030965j|E3=-7.68148661-0.00058080j
#-----------------------------------------#
[Step 287] logΨ: mean=42.734+0.781j | min=34.923-0.711j | max=43.107+2.943j
梯度监控 | raw=38.8059 | natural=0.0855 | clipped=0.0855(上限20.0)
Ψ矩阵条件数 cond(Ψ) = 7.64e+00
Loss=-30.948671 | E0=-7.86346006-0.00000237j | E1=-7.71896553-0.00072579j|E2=-7.68379116-0.00492334j|E3=-7.68246365+0.00330257j
#-----------------------------------------#
[Step 288] logΨ: mean=42.651+0.672j | min=38.164+0.931j | max=43.014+2.971j
梯度监控 | raw=53.2713 | natural=0.0056 | clipped=0.0056(上限20.0)
Ψ矩阵条件数 cond(Ψ) = 7.69e+00
Loss=-30.953245 | E0=-7.86335993-0.00008796j | E1=-7.72076511+0.00002576j|E2=-7.69074440-0.00009751j|E3=-7.67837906+0.00066573j
#-----------------------------------------#
[Step 289] logΨ: mean=42.593+0.785j | min=36.501+2.451j | max=42.934+2.900j
梯度监控 | raw=36.4706 | natural=0.0178 | clipped=0.0178(上限20.0)
Ψ矩阵条件数 cond(Ψ) = 9.17e+00
Loss=-30.954477 | E0=-7.86343193+0.00000023j | E1=-7.72063446-0.00005694j|E2=-7.68938875-0.00006356j|E3=-7.68102455+0.00042318j
#-----------------------------------------#
[Step 290] logΨ: mean=42.369+0.447j | min=34.974+0.483j | max=42.650+2.685j
梯度监控 | raw=41.2346 | natural=0.2390 | clipped=0.2390(上限20.0)
Ψ矩阵条件数 cond(Ψ) = 1.36e+01
Loss=-30.954762 | E0=-7.86351633+0.00002901j | E1=-7.72021055-0.00384359j|E2=-7.69203377-0.00016515j|E3=-7.67899609-0.00023107j
#-----------------------------------------#
[Step 291] logΨ: mean=42.252+0.723j | min=37.817+0.236j | max=42.533+2.845j
梯度监控 | raw=41.3123 | natural=0.0117 | clipped=0.0117(上限20.0)
Ψ矩阵条件数 cond(Ψ) = 7.48e+00
Loss=-30.954887 | E0=-7.86344242-0.00019204j | E1=-7.71972227-0.00024594j|E2=-7.69459677+0.00145233j|E3=-7.67712641-0.00225938j
#-----------------------------------------#
[Step 292] logΨ: mean=42.387+0.055j | min=37.106+2.046j | max=42.671+2.929j
梯度监控 | raw=26.4788 | natural=0.0060 | clipped=0.0060(上限20.0)
Ψ矩阵条件数 cond(Ψ) = 7.43e+00
Loss=-30.956816 | E0=-7.86341715+0.00003481j | E1=-7.72007704-0.00082215j|E2=-7.69420290+0.00146437j|E3=-7.67912006-0.00199555j
#-----------------------------------------#
[Step 293] logΨ: mean=42.446+0.202j | min=38.513+0.958j | max=42.743+3.007j
梯度监控 | raw=35.2688 | natural=0.0045 | clipped=0.0045(上限20.0)
Ψ矩阵条件数 cond(Ψ) = 7.39e+00
Loss=-30.955410 | E0=-7.86346102-0.00001462j | E1=-7.71983004-0.00043124j|E2=-7.69210768+0.00020687j|E3=-7.68002367-0.00004632j
#-----------------------------------------#
[Step 294] logΨ: mean=43.069+0.655j | min=36.791+1.400j | max=43.357+2.643j
梯度监控 | raw=34.0208 | natural=0.0982 | clipped=0.0982(上限20.0)
Ψ矩阵条件数 cond(Ψ) = 6.99e+00
Loss=-30.952770 | E0=-7.86333179+0.00005679j | E1=-7.72008562-0.00245136j|E2=-7.69023037-0.00045739j|E3=-7.67910910-0.00183827j
#-----------------------------------------#
[Step 295] logΨ: mean=43.155+0.480j | min=37.126-0.143j | max=43.426+2.797j
梯度监控 | raw=44.0878 | natural=0.0095 | clipped=0.0095(上限20.0)
Ψ矩阵条件数 cond(Ψ) = 7.02e+00
Loss=-30.957302 | E0=-7.86344910+0.00005478j | E1=-7.71994400-0.00035610j|E2=-7.69446564+0.00083115j|E3=-7.67944193-0.00118811j
#-----------------------------------------#
[Step 296] logΨ: mean=42.624-0.588j | min=38.155+0.049j | max=42.964+2.895j
梯度监控 | raw=37.4426 | natural=0.0148 | clipped=0.0148(上限20.0)
Ψ矩阵条件数 cond(Ψ) = 1.46e+01
Loss=-30.955093 | E0=-7.86343098-0.00021780j | E1=-7.71943378-0.00003791j|E2=-7.69167137+0.00021904j|E3=-7.68055916+0.00006705j
#-----------------------------------------#
[Step 297] logΨ: mean=42.351+0.057j | min=37.719-2.269j | max=42.620+3.052j
梯度监控 | raw=26.9791 | natural=0.0156 | clipped=0.0156(上限20.0)
Ψ矩阵条件数 cond(Ψ) = 1.47e+01
Loss=-30.958321 | E0=-7.86349106+0.00005382j | E1=-7.72026587-0.00062314j|E2=-7.69489765+0.00137264j|E3=-7.67967367-0.00174498j
#-----------------------------------------#
[Step 298] logΨ: mean=41.944+0.180j | min=37.989-2.053j | max=42.241+3.104j
梯度监控 | raw=28.0379 | natural=0.0130 | clipped=0.0130(上限20.0)
Ψ矩阵条件数 cond(Ψ) = 8.34e+00
Loss=-30.956751 | E0=-7.86337757+0.00000996j | E1=-7.71995640-0.00022891j|E2=-7.69376564+0.00100017j|E3=-7.67965698-0.00121718j
#-----------------------------------------#
[Step 299] logΨ: mean=41.609-0.924j | min=37.242-2.971j | max=41.922+0.057j
梯度监控 | raw=33.7679 | natural=0.0131 | clipped=0.0131(上限20.0)
Ψ矩阵条件数 cond(Ψ) = 7.56e+00
Loss=-30.956289 | E0=-7.86342955+0.00001810j | E1=-7.71973181-0.00006158j|E2=-7.69388247+0.00062393j|E3=-7.67926168-0.00071798j
#-----------------------------------------#
[Step 300] logΨ: mean=41.593-0.379j | min=37.311+1.138j | max=41.883+0.112j
梯度监控 | raw=26.1344 | natural=0.0033 | clipped=0.0033(上限20.0)
Ψ矩阵条件数 cond(Ψ) = 7.55e+00
Loss=-30.956703 | E0=-7.86338997+0.00000364j | E1=-7.71963787+0.00010394j|E2=-7.69327354+0.00013801j|E3=-7.68040752-0.00007970j
#-----------------------------------------#
[Step 301] logΨ: mean=41.357-0.886j | min=35.977-2.216j | max=41.653+0.212j
梯度监控 | raw=36.7777 | natural=0.0116 | clipped=0.0116(上限20.0)
Ψ矩阵条件数 cond(Ψ) = 1.56e+01
Loss=-30.957914 | E0=-7.86342669-0.00001429j | E1=-7.72016430-0.00051943j|E2=-7.69473362+0.00057936j|E3=-7.67959690-0.00043479j
#-----------------------------------------#
[Step 302] logΨ: mean=41.322-1.281j | min=36.866-2.278j | max=41.628+0.306j
梯度监控 | raw=22.9583 | natural=0.0224 | clipped=0.0224(上限20.0)
Ψ矩阵条件数 cond(Ψ) = 7.76e+00
Loss=-30.958864 | E0=-7.86352348-0.00011669j | E1=-7.72044563-0.00050002j|E2=-7.69347095+0.00029850j|E3=-7.68143559+0.00064999j
#-----------------------------------------#
[Step 303] logΨ: mean=42.058-0.234j | min=36.140-0.879j | max=42.372+3.061j
梯度监控 | raw=39.8772 | natural=0.0372 | clipped=0.0372(上限20.0)
Ψ矩阵条件数 cond(Ψ) = 7.47e+00
Loss=-30.954687 | E0=-7.86343765-0.00001637j | E1=-7.71961546-0.00009208j|E2=-7.69216061+0.00049186j|E3=-7.67946053-0.00021005j
#-----------------------------------------#
[Step 304] logΨ: mean=42.189-0.183j | min=35.753+1.800j | max=42.440+3.139j
梯度监控 | raw=26.6614 | natural=0.0085 | clipped=0.0085(上限20.0)
Ψ矩阵条件数 cond(Ψ) = 1.47e+01
Loss=-30.959492 | E0=-7.86337519-0.00000491j | E1=-7.72052383-0.00045068j|E2=-7.69595146+0.00145774j|E3=-7.67962742-0.00230789j
#-----------------------------------------#
[Step 305] logΨ: mean=42.276-1.357j | min=37.993-2.871j | max=42.556+0.066j
梯度监控 | raw=43.0876 | natural=0.0087 | clipped=0.0087(上限20.0)
Ψ矩阵条件数 cond(Ψ) = 7.46e+00
Loss=-30.957300 | E0=-7.86340570-0.00000370j | E1=-7.71970654+0.00020104j|E2=-7.69442892-0.00007945j|E3=-7.67973948+0.00043715j
#-----------------------------------------#
[Step 306] logΨ: mean=42.107-0.789j | min=37.182+0.906j | max=42.388+0.124j
梯度监控 | raw=40.8124 | natural=0.0087 | clipped=0.0087(上限20.0)
Ψ矩阵条件数 cond(Ψ) = 1.45e+01
Loss=-30.957525 | E0=-7.86349440-0.00003468j | E1=-7.71937132+0.00064308j|E2=-7.69406939-0.00203310j|E3=-7.68059826+0.00371909j
#-----------------------------------------#
[Step 307] logΨ: mean=42.453-0.502j | min=38.540+0.013j | max=42.712+0.156j
梯度监控 | raw=24.9406 | natural=0.0101 | clipped=0.0101(上限20.0)
Ψ矩阵条件数 cond(Ψ) = 7.24e+00
Loss=-30.960295 | E0=-7.86348152-0.00004151j | E1=-7.72063303-0.00069582j|E2=-7.69568920+0.00144684j|E3=-7.68049908-0.00218909j
#-----------------------------------------#
[Step 308] logΨ: mean=42.054-0.859j | min=37.720-2.899j | max=42.343+0.201j
梯度监控 | raw=75.2234 | natural=0.0127 | clipped=0.0127(上限20.0)
Ψ矩阵条件数 cond(Ψ) = 7.58e+00
Loss=-30.957354 | E0=-7.86344481-0.00000253j | E1=-7.72054768-0.00077301j|E2=-7.69534683+0.00138772j|E3=-7.67802620-0.00176151j
#-----------------------------------------#
[Step 309] logΨ: mean=42.232-1.180j | min=36.542-2.501j | max=42.532+0.431j
梯度监控 | raw=40.2071 | natural=0.0303 | clipped=0.0303(上限20.0)
Ψ矩阵条件数 cond(Ψ) = 4.27e+01
Loss=-30.955200 | E0=-7.86345720+0.00002677j | E1=-7.71937513+0.00055364j|E2=-7.69284534-0.00264385j|E3=-7.67952299+0.00452328j
#-----------------------------------------#
[Step 310] logΨ: mean=42.139-1.428j | min=36.718-1.190j | max=42.415+0.392j
梯度监控 | raw=22.9102 | natural=0.0265 | clipped=0.0265(上限20.0)
Ψ矩阵条件数 cond(Ψ) = 7.17e+00
Loss=-30.959139 | E0=-7.86341715+0.00005405j | E1=-7.72004318-0.00014131j|E2=-7.69473600+0.00056040j|E3=-7.68094587-0.00025570j
#-----------------------------------------#
[Step 311] logΨ: mean=42.567-1.113j | min=35.665-1.094j | max=42.852+0.290j
梯度监控 | raw=24.7699 | natural=0.0491 | clipped=0.0491(上限20.0)
Ψ矩阵条件数 cond(Ψ) = 6.66e+00
Loss=-30.956787 | E0=-7.86333656+0.00006832j | E1=-7.71975183-0.00129084j|E2=-7.69298840-0.00019691j|E3=-7.68071127+0.00174186j
#-----------------------------------------#
[Step 312] logΨ: mean=42.342-0.816j | min=38.123+0.534j | max=42.636+0.400j
梯度监控 | raw=43.4438 | natural=0.0111 | clipped=0.0111(上限20.0)
Ψ矩阵条件数 cond(Ψ) = 7.41e+00
Loss=-30.958393 | E0=-7.86344767+0.00004989j | E1=-7.72001982+0.00016053j|E2=-7.69446707-0.00080485j|E3=-7.68044662+0.00154436j
#-----------------------------------------#
[Step 313] logΨ: mean=42.312-1.309j | min=37.963-1.729j | max=42.617+0.453j
梯度监控 | raw=28.8207 | natural=0.0062 | clipped=0.0062(上限20.0)
Ψ矩阵条件数 cond(Ψ) = 1.54e+01
Loss=-30.959993 | E0=-7.86349392-0.00004672j | E1=-7.71995592+0.00006172j|E2=-7.69494295-0.00078137j|E3=-7.68160963+0.00228393j
#-----------------------------------------#
[Step 314] logΨ: mean=42.335-0.867j | min=37.838-1.848j | max=42.600+0.488j
梯度监控 | raw=19.9882 | natural=0.0050 | clipped=0.0050(上限20.0)
Ψ矩阵条件数 cond(Ψ) = 1.54e+01
Loss=-30.961130 | E0=-7.86339998+0.00006049j | E1=-7.72008896+0.00011811j|E2=-7.69564056-0.00043590j|E3=-7.68201017+0.00089311j
#-----------------------------------------#
[Step 315] logΨ: mean=42.426-0.488j | min=37.306+2.464j | max=42.717+0.566j
梯度监控 | raw=17.4993 | natural=0.0108 | clipped=0.0108(上限20.0)
Ψ矩阵条件数 cond(Ψ) = 1.53e+01
Loss=-30.961388 | E0=-7.86345005+0.00004273j | E1=-7.72021866-0.00027432j|E2=-7.69573498+0.00063574j|E3=-7.68198252-0.00062317j
#-----------------------------------------#
[Step 316] logΨ: mean=42.335-0.640j | min=36.045+2.145j | max=42.637+0.662j
梯度监控 | raw=26.1711 | natural=0.0431 | clipped=0.0431(上限20.0)
Ψ矩阵条件数 cond(Ψ) = 1.57e+01
Loss=-30.959606 | E0=-7.86357641-0.00030536j | E1=-7.72070456+0.00006850j|E2=-7.69406986+0.00030529j|E3=-7.68124962-0.00099935j
#-----------------------------------------#
[Step 317] logΨ: mean=42.827-1.049j | min=39.194-1.716j | max=43.099+0.688j
梯度监控 | raw=24.5017 | natural=0.0165 | clipped=0.0165(上限20.0)
Ψ矩阵条件数 cond(Ψ) = 7.37e+00
Loss=-30.962408 | E0=-7.86331558+0.00007265j | E1=-7.72062969-0.00071714j|E2=-7.69733286+0.00135931j|E3=-7.68111849-0.00290453j
#-----------------------------------------#
[Step 318] logΨ: mean=42.997-0.521j | min=38.212+0.587j | max=43.279+0.687j
梯度监控 | raw=38.4189 | natural=0.0063 | clipped=0.0063(上限20.0)
Ψ矩阵条件数 cond(Ψ) = 1.52e+01
Loss=-30.960224 | E0=-7.86334753+0.00008073j | E1=-7.71975327+0.00031158j|E2=-7.69565439-0.00073878j|E3=-7.68147135+0.00126821j
#-----------------------------------------#
[Step 319] logΨ: mean=43.342-0.554j | min=39.023+0.755j | max=43.589+0.684j
梯度监控 | raw=20.1997 | natural=0.0089 | clipped=0.0089(上限20.0)
Ψ矩阵条件数 cond(Ψ) = 6.72e+00
Loss=-30.962675 | E0=-7.86340332-0.00031762j | E1=-7.72048044-0.00044977j|E2=-7.69721556+0.00116682j|E3=-7.68157530-0.00172106j
#-----------------------------------------#
[Step 320] logΨ: mean=43.868-1.127j | min=36.294-0.875j | max=44.132+0.491j
梯度监控 | raw=33.1270 | natural=0.2605 | clipped=0.2605(上限20.0)
Ψ矩阵条件数 cond(Ψ) = 6.44e+00
Loss=-30.957905 | E0=-7.86331558+0.00007728j | E1=-7.72064257-0.00021163j|E2=-7.69110107-0.00156879j|E3=-7.68284607-0.00400511j
#-----------------------------------------#
[Step 321] logΨ: mean=43.786-1.915j | min=36.572+1.091j | max=44.059+0.248j
梯度监控 | raw=28.9612 | natural=0.0470 | clipped=0.0470(上限20.0)
Ψ矩阵条件数 cond(Ψ) = 1.56e+01
Loss=-30.957901 | E0=-7.86339283+0.00006500j | E1=-7.72000647+0.00005406j|E2=-7.69378233-0.00108534j|E3=-7.68073034+0.00212073j
#-----------------------------------------#
[Step 322] logΨ: mean=43.602-1.328j | min=39.344+0.467j | max=43.850+0.447j
梯度监控 | raw=43.3006 | natural=0.0145 | clipped=0.0145(上限20.0)
Ψ矩阵条件数 cond(Ψ) = 6.70e+00
Loss=-30.962530 | E0=-7.86338949+0.00006383j | E1=-7.72040701+0.00003649j|E2=-7.69771862+0.00018955j|E3=-7.68102360-0.00008094j
#-----------------------------------------#
[Step 323] logΨ: mean=44.117-0.909j | min=40.008+0.374j | max=44.357+0.494j
梯度监控 | raw=22.4573 | natural=0.0154 | clipped=0.0154(上限20.0)
Ψ矩阵条件数 cond(Ψ) = 6.39e+00
Loss=-30.962702 | E0=-7.86338520+0.00006698j | E1=-7.72026730+0.00008223j|E2=-7.69722176-0.00033111j|E3=-7.68181801+0.00003433j
#-----------------------------------------#
[Step 324] logΨ: mean=44.375-0.312j | min=39.529-2.145j | max=44.643+0.595j
梯度监控 | raw=37.4412 | natural=0.0123 | clipped=0.0123(上限20.0)
Ψ矩阵条件数 cond(Ψ) = 1.88e+01
Loss=-30.962097 | E0=-7.86356258-0.00034571j | E1=-7.72045469-0.00025047j|E2=-7.69709969+0.00074923j|E3=-7.68097448-0.00082087j
#-----------------------------------------#
[Step 325] logΨ: mean=44.591+0.013j | min=40.446+0.369j | max=44.848+0.591j
梯度监控 | raw=44.1063 | natural=0.0060 | clipped=0.0060(上限20.0)
Ψ矩阵条件数 cond(Ψ) = 7.19e+00
Loss=-30.962492 | E0=-7.86335278+0.00006939j | E1=-7.72003603-0.00006504j|E2=-7.69769430+0.00031373j|E3=-7.68141413-0.00047127j
#-----------------------------------------#
[Step 326] logΨ: mean=44.359-0.147j | min=40.096+0.643j | max=44.627+0.639j
梯度监控 | raw=35.5681 | natural=0.0070 | clipped=0.0070(上限20.0)
Ψ矩阵条件数 cond(Ψ) = 7.13e+00
Loss=-30.961695 | E0=-7.86342525+0.00005943j | E1=-7.72023392-0.00024462j|E2=-7.69685745+0.00076008j|E3=-7.68117714-0.00139197j
#-----------------------------------------#
[Step 327] logΨ: mean=39.790-0.198j | min=30.947+1.808j | max=40.463+2.431j
梯度监控 | raw=34.8876 | natural=0.2685 | clipped=0.2685(上限20.0)
Ψ矩阵条件数 cond(Ψ) = 5.31e+00
Loss=-30.953672 | E0=-7.86361694-0.00026264j | E1=-7.71970129-0.00399182j|E2=-7.69412518+0.00015091j|E3=-7.67622805-0.00192046j
#-----------------------------------------#
[Step 328] logΨ: mean=39.769+0.498j | min=37.094-0.667j | max=40.472+2.455j
梯度监控 | raw=21.1432 | natural=0.0010 | clipped=0.0010(上限20.0)
Ψ矩阵条件数 cond(Ψ) = 7.92e+00
Loss=-30.947388 | E0=-7.86344910+0.00003041j | E1=-7.71937704-0.00080501j|E2=-7.70003319+0.00342510j|E3=-7.66452885-0.01605678j
#-----------------------------------------#
[Step 329] logΨ: mean=41.379-0.504j | min=33.241+2.359j | max=42.422+0.186j
梯度监控 | raw=27.3702 | natural=0.4242 | clipped=0.4242(上限20.0)
Ψ矩阵条件数 cond(Ψ) = 1.81e+01
Loss=-30.940344 | E0=-7.86342287+0.00000679j | E1=-7.71867895+0.00066835j|E2=-7.69704342+0.00175566j|E3=-7.66119623-0.01403093j
#-----------------------------------------#
[Step 330] logΨ: mean=38.143-0.682j | min=33.050-2.577j | max=38.610+0.008j
梯度监控 | raw=95.5049 | natural=0.1118 | clipped=0.1118(上限20.0)
Ψ矩阵条件数 cond(Ψ) = 1.10e+01
Loss=-30.718540 | E0=-7.86309814+0.00000148j | E1=-7.71927452-0.00037465j|E2=-7.67312050-0.00383209j|E3=-7.46303988+0.00072173j
#-----------------------------------------#
[Step 331] logΨ: mean=37.922-0.739j | min=34.811+0.679j | max=38.243+0.198j
梯度监控 | raw=167.9048 | natural=0.0174 | clipped=0.0174(上限20.0)
Ψ矩阵条件数 cond(Ψ) = 5.87e+00
Loss=-30.680195 | E0=-7.86315584+0.00000643j | E1=-7.71943474-0.00021669j|E2=-7.68384838-0.00484033j|E3=-7.41375351+0.00131547j
#-----------------------------------------#
[Step 332] logΨ: mean=39.035-0.303j | min=33.683-3.017j | max=39.483+0.749j
梯度监控 | raw=125.2381 | natural=0.1192 | clipped=0.1192(上限20.0)
Ψ矩阵条件数 cond(Ψ) = 6.61e+00
Loss=-30.654814 | E0=-7.86317253-0.00000452j | E1=-7.71895838-0.00014656j|E2=-7.66898108-0.00133721j|E3=-7.40369225-0.00089983j
#-----------------------------------------#
[Step 333] logΨ: mean=39.609+0.031j | min=33.423+2.666j | max=40.056+1.165j
梯度监控 | raw=129.8360 | natural=0.1037 | clipped=0.1037(上限20.0)
Ψ矩阵条件数 cond(Ψ) = 9.62e+00
Loss=-30.689550 | E0=-7.86313868-0.00000861j | E1=-7.71894646-0.00040250j|E2=-7.67782450-0.00292278j|E3=-7.42964125+0.00186950j
#-----------------------------------------#
[Step 334] logΨ: mean=40.549-0.442j | min=35.906-1.095j | max=41.050+1.652j
梯度监控 | raw=119.9309 | natural=0.0642 | clipped=0.0642(上限20.0)
Ψ矩阵条件数 cond(Ψ) = 8.16e+00
Loss=-30.690136 | E0=-7.86316729-0.00000857j | E1=-7.71902132+0.00044997j|E2=-7.67492342+0.00007003j|E3=-7.43302917-0.00063643j
#-----------------------------------------#
[Step 335] logΨ: mean=40.640+0.203j | min=34.870-2.777j | max=41.073+1.998j
梯度监控 | raw=146.4071 | natural=0.0319 | clipped=0.0319(上限20.0)
Ψ矩阵条件数 cond(Ψ) = 7.89e+00
Loss=-30.716341 | E0=-7.86314249-0.00001674j | E1=-7.71922684-0.00019723j|E2=-7.68237162+0.00056686j|E3=-7.45159626-0.00023626j
#-----------------------------------------#
[Step 336] logΨ: mean=41.239+0.232j | min=36.630+2.577j | max=41.697+2.070j
梯度监控 | raw=123.5126 | natural=0.0445 | clipped=0.0445(上限20.0)
Ψ矩阵条件数 cond(Ψ) = 8.57e+00
Loss=-30.720692 | E0=-7.86314201-0.00002190j | E1=-7.71868706-0.00022316j|E2=-7.68024349+0.00093945j|E3=-7.45860291-0.00162648j
#-----------------------------------------#
[Step 337] logΨ: mean=42.045+0.151j | min=36.584+2.843j | max=42.513+2.171j
梯度监控 | raw=129.0975 | natural=0.0498 | clipped=0.0498(上限20.0)
Ψ矩阵条件数 cond(Ψ) = 7.99e+00
Loss=-30.740225 | E0=-7.86311913-0.00001022j | E1=-7.71906948+0.00066458j|E2=-7.68434143+0.00000096j|E3=-7.47370005-0.00132658j
#-----------------------------------------#
[Step 338] logΨ: mean=42.782+0.174j | min=37.644+2.839j | max=43.263+2.031j
梯度监控 | raw=119.2133 | natural=0.0465 | clipped=0.0465(上限20.0)
Ψ矩阵条件数 cond(Ψ) = 9.44e+00
Loss=-30.732233 | E0=-7.86315632-0.00000390j | E1=-7.71911335-0.00009687j|E2=-7.68411064-0.00021917j|E3=-7.46586037-0.00028548j
#-----------------------------------------#
[Step 339] logΨ: mean=43.331+0.397j | min=37.121+1.801j | max=43.834+2.242j
梯度监控 | raw=114.5190 | natural=0.0516 | clipped=0.0516(上限20.0)
Ψ矩阵条件数 cond(Ψ) = 1.51e+01
Loss=-30.780855 | E0=-7.86299658-0.00002787j | E1=-7.72009706-0.00053709j|E2=-7.68542051+0.00071743j|E3=-7.51233912+0.00000958j
#-----------------------------------------#
[Step 340] logΨ: mean=43.359+0.454j | min=38.442-0.043j | max=43.949+2.589j
梯度监控 | raw=85.6006 | natural=0.0235 | clipped=0.0235(上限20.0)
Ψ矩阵条件数 cond(Ψ) = 9.75e+00
Loss=-30.763939 | E0=-7.86306858+0.00003643j | E1=-7.71925831+0.00011236j|E2=-7.67830372+0.00137416j|E3=-7.50331974+0.00098546j
#-----------------------------------------#
[Step 341] logΨ: mean=43.480+0.887j | min=39.725+0.564j | max=44.009+2.926j
梯度监控 | raw=87.5457 | natural=0.0150 | clipped=0.0150(上限20.0)
Ψ矩阵条件数 cond(Ψ) = 9.80e+00
Loss=-30.790815 | E0=-7.86291742+0.00006973j | E1=-7.71904182+0.00027416j|E2=-7.68363619+0.00053432j|E3=-7.52522421-0.00049278j
#-----------------------------------------#
[Step 342] logΨ: mean=43.011-0.892j | min=37.247+2.618j | max=43.534+0.037j
梯度监控 | raw=104.8035 | natural=0.0189 | clipped=0.0189(上限20.0)
Ψ矩阵条件数 cond(Ψ) = 9.57e+00
Loss=-30.805855 | E0=-7.86312437-0.00002295j | E1=-7.71988058+0.00010301j|E2=-7.68794727-0.00001461j|E3=-7.53490305+0.00000028j
#-----------------------------------------#
[Step 343] logΨ: mean=44.655+0.503j | min=37.777-1.114j | max=45.277+2.062j
梯度监控 | raw=86.4448 | natural=0.1052 | clipped=0.1052(上限20.0)
Ψ矩阵条件数 cond(Ψ) = 1.12e+01
Loss=-30.805069 | E0=-7.86295176-0.00000186j | E1=-7.71965742-0.00088410j|E2=-7.68050003+0.00213959j|E3=-7.54196882-0.00170314j
#-----------------------------------------#
[Step 344] logΨ: mean=43.168+0.262j | min=39.546+2.611j | max=43.585+2.360j
梯度监控 | raw=111.4801 | natural=0.0295 | clipped=0.0295(上限20.0)
Ψ矩阵条件数 cond(Ψ) = 7.95e+00
Loss=-30.830202 | E0=-7.86288691-0.00005553j | E1=-7.72026730-0.00066318j|E2=-7.69352484-0.00044605j|E3=-7.55352211+0.00160985j
#-----------------------------------------#
[Step 345] logΨ: mean=42.263+0.471j | min=37.266-2.202j | max=42.756+2.449j
梯度监控 | raw=95.7252 | natural=0.0187 | clipped=0.0187(上限20.0)
Ψ矩阵条件数 cond(Ψ) = 1.48e+01
Loss=-30.804712 | E0=-7.86306238+0.00000997j | E1=-7.71910572+0.00045750j|E2=-7.68520021+0.00026842j|E3=-7.53734541-0.00088517j
#-----------------------------------------#
[Step 346] logΨ: mean=41.817+0.807j | min=36.698+1.096j | max=42.266+2.554j
梯度监控 | raw=105.0288 | natural=0.0156 | clipped=0.0156(上限20.0)
Ψ矩阵条件数 cond(Ψ) = 2.10e+01
Loss=-30.834116 | E0=-7.86296558+0.00000821j | E1=-7.71986771-0.00042810j|E2=-7.68771553+0.00103027j|E3=-7.56357193+0.00038823j
#-----------------------------------------#
[Step 347] logΨ: mean=42.728-0.015j | min=36.237-1.185j | max=43.150+1.638j
梯度监控 | raw=112.0149 | natural=0.0585 | clipped=0.0585(上限20.0)
Ψ矩阵条件数 cond(Ψ) = 8.82e+00
Loss=-30.856783 | E0=-7.86290073-0.00000282j | E1=-7.72105932-0.00212033j|E2=-7.69336939+0.00046521j|E3=-7.57944584-0.00020775j
#-----------------------------------------#
[Step 348] logΨ: mean=42.949+0.415j | min=38.642-2.848j | max=43.346+1.774j
梯度监控 | raw=97.8800 | natural=0.0088 | clipped=0.0088(上限20.0)
Ψ矩阵条件数 cond(Ψ) = 8.90e+00
Loss=-30.854778 | E0=-7.86289406-0.00000759j | E1=-7.71964884+0.00006946j|E2=-7.69265652-0.00055182j|E3=-7.57957840-0.00078642j
#-----------------------------------------#
[Step 349] logΨ: mean=41.816+0.111j | min=37.676-0.537j | max=42.325+1.851j
梯度监控 | raw=87.0208 | natural=0.0243 | clipped=0.0243(上限20.0)
Ψ矩阵条件数 cond(Ψ) = 8.56e+00
Loss=-30.835461 | E0=-7.86303139+0.00000013j | E1=-7.71908379+0.00035416j|E2=-7.68722343-0.00036351j|E3=-7.56613207-0.00048681j
#-----------------------------------------#
[Step 350] logΨ: mean=42.278+0.463j | min=38.706-0.123j | max=42.673+1.959j
梯度监控 | raw=79.1119 | natural=0.0112 | clipped=0.0112(上限20.0)
Ψ矩阵条件数 cond(Ψ) = 8.65e+00
Loss=-30.875156 | E0=-7.86285114-0.00002969j | E1=-7.71976900-0.00032439j|E2=-7.69427061+0.00023564j|E3=-7.59825945-0.00038657j
#-----------------------------------------#
[Step 351] logΨ: mean=42.986+0.349j | min=38.495-2.609j | max=43.468+2.020j
梯度监控 | raw=68.1941 | natural=0.0168 | clipped=0.0168(上限20.0)
Ψ矩阵条件数 cond(Ψ) = 1.58e+01
Loss=-30.858261 | E0=-7.86288738-0.00000332j | E1=-7.71833611+0.00131010j|E2=-7.68794775+0.00028113j|E3=-7.58908081+0.00053966j
#-----------------------------------------#
[Step 352] logΨ: mean=42.903+0.276j | min=38.872+2.216j | max=43.272+2.146j
梯度监控 | raw=77.5977 | natural=0.0105 | clipped=0.0105(上限20.0)
Ψ矩阵条件数 cond(Ψ) = 2.30e+01
Loss=-30.888813 | E0=-7.86273050-0.00000203j | E1=-7.72036028-0.00000122j|E2=-7.69787169-0.00048294j|E3=-7.60784292+0.00080554j
#-----------------------------------------#
[Step 353] logΨ: mean=42.366+0.369j | min=38.133-0.422j | max=42.794+2.299j
梯度监控 | raw=67.0407 | natural=0.0148 | clipped=0.0148(上限20.0)
Ψ矩阵条件数 cond(Ψ) = 8.75e+00
Loss=-30.886812 | E0=-7.86280870+0.00002351j | E1=-7.72026396-0.00037581j|E2=-7.69385433+0.00086336j|E3=-7.60990477+0.00050767j
#-----------------------------------------#
[Step 354] logΨ: mean=42.761+0.636j | min=38.636+2.220j | max=43.100+2.482j
梯度监控 | raw=67.5022 | natural=0.0152 | clipped=0.0152(上限20.0)
Ψ矩阵条件数 cond(Ψ) = 8.89e+00
Loss=-30.903513 | E0=-7.86272097+0.00001649j | E1=-7.72077274-0.00081072j|E2=-7.69711637+0.00002845j|E3=-7.62289762-0.00002107j
#-----------------------------------------#
[Step 355] logΨ: mean=41.981+0.827j | min=37.999+2.560j | max=42.381+2.520j
梯度监控 | raw=71.8786 | natural=0.0171 | clipped=0.0171(上限20.0)
Ψ矩阵条件数 cond(Ψ) = 1.56e+01
Loss=-30.896307 | E0=-7.86277199+0.00000471j | E1=-7.72066259-0.00050271j|E2=-7.69732046-0.00003158j|E3=-7.61555433+0.00069977j
#-----------------------------------------#
[Step 356] logΨ: mean=41.843+1.147j | min=36.940+2.955j | max=42.120+2.661j
梯度监控 | raw=42.4723 | natural=0.0129 | clipped=0.0129(上限20.0)
Ψ矩阵条件数 cond(Ψ) = 8.57e+00
Loss=-30.922962 | E0=-7.86261272+0.00000800j | E1=-7.72102404-0.00036247j|E2=-7.70164537-0.00015044j|E3=-7.63769436+0.00052581j
#-----------------------------------------#
[Step 357] logΨ: mean=41.878+0.100j | min=36.086+0.357j | max=42.257+1.876j
梯度监控 | raw=53.5037 | natural=0.0644 | clipped=0.0644(上限20.0)
Ψ矩阵条件数 cond(Ψ) = 8.52e+00
Loss=-30.905146 | E0=-7.86274529-0.00000041j | E1=-7.71958828+0.00037594j|E2=-7.69540405-0.00114882j|E3=-7.62738371+0.00088930j
#-----------------------------------------#
[Step 358] logΨ: mean=42.046+0.143j | min=36.341-0.075j | max=42.431+2.213j
梯度监控 | raw=56.5443 | natural=0.0223 | clipped=0.0223(上限20.0)
Ψ矩阵条件数 cond(Ψ) = 9.05e+00
Loss=-30.908951 | E0=-7.86273766+0.00001858j | E1=-7.72041893-0.00044512j|E2=-7.69757366+0.00012023j|E3=-7.62823343+0.00220914j
#-----------------------------------------#
[Step 359] logΨ: mean=43.221+0.413j | min=38.559-1.557j | max=43.564+2.186j
梯度监控 | raw=62.2169 | natural=0.0193 | clipped=0.0193(上限20.0)
Ψ矩阵条件数 cond(Ψ) = 9.53e+00
Loss=-30.908297 | E0=-7.86272764+0.00000806j | E1=-7.71991014+0.00016842j|E2=-7.69598198-0.00019463j|E3=-7.62968922-0.00052768j
#-----------------------------------------#
[Step 360] logΨ: mean=43.465+0.589j | min=39.181-0.343j | max=43.822+2.404j
梯度监控 | raw=47.8068 | natural=0.0139 | clipped=0.0139(上限20.0)
Ψ矩阵条件数 cond(Ψ) = 2.62e+01
Loss=-30.917652 | E0=-7.86275291-0.00004021j | E1=-7.72030592-0.00008284j|E2=-7.69839525-0.00009019j|E3=-7.63620901+0.00032684j
#-----------------------------------------#
[Step 361] logΨ: mean=43.498+0.136j | min=38.318-1.386j | max=43.808+2.316j
梯度监控 | raw=36.9409 | natural=0.0371 | clipped=0.0371(上限20.0)
Ψ矩阵条件数 cond(Ψ) = 1.00e+01
Loss=-30.922918 | E0=-7.86274529+0.00005817j | E1=-7.71939898+0.00067462j|E2=-7.69708633-0.00001826j|E3=-7.64369297-0.00061351j
#-----------------------------------------#
[Step 362] logΨ: mean=43.439+0.284j | min=39.358+2.190j | max=43.781+2.425j
梯度监控 | raw=33.3451 | natural=0.0124 | clipped=0.0124(上限20.0)
Ψ矩阵条件数 cond(Ψ) = 1.01e+01
Loss=-30.926197 | E0=-7.86267996-0.00007483j | E1=-7.71983242+0.00027499j|E2=-7.69679689+0.00034786j|E3=-7.64686871+0.00022564j
#-----------------------------------------#
[Step 363] logΨ: mean=42.481+0.076j | min=37.076-1.373j | max=42.773+2.240j
梯度监控 | raw=41.0756 | natural=0.0278 | clipped=0.0278(上限20.0)
Ψ矩阵条件数 cond(Ψ) = 9.94e+00
Loss=-30.931734 | E0=-7.86237049-0.00006792j | E1=-7.72078943-0.00033421j|E2=-7.70053959+0.00038804j|E3=-7.64803696+0.00046133j
#-----------------------------------------#
[Step 364] logΨ: mean=41.191-0.015j | min=33.642-1.188j | max=41.486+1.730j
梯度监控 | raw=51.8440 | natural=0.0352 | clipped=0.0352(上限20.0)
Ψ矩阵条件数 cond(Ψ) = 8.06e+00
Loss=-30.928057 | E0=-7.86269379+0.00003747j | E1=-7.71987104+0.00034004j|E2=-7.70028782-0.00059358j|E3=-7.64521646-0.00075160j
#-----------------------------------------#
[Step 365] logΨ: mean=42.038+0.103j | min=36.704+2.420j | max=42.319+2.032j
梯度监控 | raw=30.6839 | natural=0.0351 | clipped=0.0351(上限20.0)
Ψ矩阵条件数 cond(Ψ) = 9.88e+00
Loss=-30.939730 | E0=-7.86262989+0.00005301j | E1=-7.71996975-0.00005112j|E2=-7.70011425+0.00026633j|E3=-7.65702772+0.00078685j
#-----------------------------------------#
[Step 366] logΨ: mean=42.981+0.294j | min=38.993+1.418j | max=43.223+1.960j
梯度监控 | raw=28.9371 | natural=0.0196 | clipped=0.0196(上限20.0)
Ψ矩阵条件数 cond(Ψ) = 1.05e+01
Loss=-30.945278 | E0=-7.86260223+0.00002344j | E1=-7.72090435-0.00074717j|E2=-7.70510674+0.00049125j|E3=-7.65664721-0.00047988j
#-----------------------------------------#
[Step 367] logΨ: mean=43.700+0.730j | min=38.173+2.799j | max=43.905+2.216j
梯度监控 | raw=27.1135 | natural=0.0247 | clipped=0.0247(上限20.0)
Ψ矩阵条件数 cond(Ψ) = 1.08e+01
Loss=-30.943123 | E0=-7.86270761+0.00015002j | E1=-7.72059727-0.00001012j|E2=-7.70413256+0.00029454j|E3=-7.65567875-0.00099045j
#-----------------------------------------#
[Step 368] logΨ: mean=46.418+0.271j | min=41.992-0.705j | max=46.702+1.958j
梯度监控 | raw=28.2076 | natural=0.0393 | clipped=0.0393(上限20.0)
Ψ矩阵条件数 cond(Ψ) = 1.35e+01
Loss=-30.941198 | E0=-7.86269379+0.00012931j | E1=-7.72046947-0.00022536j|E2=-7.70194006-0.00020255j|E3=-7.65609217+0.00001916j
#-----------------------------------------#
[Step 369] logΨ: mean=45.601-1.109j | min=38.936-1.507j | max=45.833+0.238j
梯度监控 | raw=46.4514 | natural=0.1363 | clipped=0.1363(上限20.0)
Ψ矩阵条件数 cond(Ψ) = 1.20e+01
Loss=-30.940535 | E0=-7.86636877+0.00366785j | E1=-7.72025251-0.00059129j|E2=-7.70251369-0.00322870j|E3=-7.65139675+0.00095701j
#-----------------------------------------#
[Step 370] logΨ: mean=43.691-0.452j | min=37.327-1.104j | max=47.979+2.526j
梯度监控 | raw=135.0272 | natural=0.0568 | clipped=0.0568(上限20.0)
Ψ矩阵条件数 cond(Ψ) = 1.03e+01
Loss=-30.840427 | E0=-7.86270618+0.00019676j | E1=-7.72016954+0.00034195j|E2=-7.68920612+0.00115884j|E3=-7.56836271-0.00106731j
#-----------------------------------------#
[Step 371] logΨ: mean=46.492+0.178j | min=40.824-1.205j | max=46.806+2.934j
梯度监控 | raw=188.6544 | natural=0.0171 | clipped=0.0171(上限20.0)
Ψ矩阵条件数 cond(Ψ) = 2.02e+01
Loss=-30.924570 | E0=-7.86247826+0.00005872j | E1=-7.72039986+0.00004028j|E2=-7.69410372-0.00165677j|E3=-7.64759541+0.01168446j
#-----------------------------------------#
[Step 372] logΨ: mean=44.261+0.151j | min=39.745-0.126j | max=44.559+3.007j
梯度监控 | raw=18.1797 | natural=0.0352 | clipped=0.0352(上限20.0)
Ψ矩阵条件数 cond(Ψ) = 8.88e+00
Loss=-30.930586 | E0=-7.86254120+0.00008059j | E1=-7.72063875+0.00004471j|E2=-7.69195366+0.00074840j|E3=-7.65546083-0.00018040j
#-----------------------------------------#
[Step 373] logΨ: mean=47.148-1.176j | min=42.678+2.794j | max=47.421+0.182j
梯度监控 | raw=14.5089 | natural=0.0252 | clipped=0.0252(上限20.0)
Ψ矩阵条件数 cond(Ψ) = 1.66e+01
Loss=-30.932182 | E0=-7.86254311+0.00015682j | E1=-7.72047520-0.00006455j|E2=-7.69406128+0.00000882j|E3=-7.65510798-0.00016151j
#-----------------------------------------#
[Step 374] logΨ: mean=37.163+0.592j | min=32.521+2.759j | max=37.795+2.895j
梯度监控 | raw=15.6593 | natural=0.1926 | clipped=0.1926(上限20.0)
Ψ矩阵条件数 cond(Ψ) = 5.04e+00
Loss=-30.932802 | E0=-7.86309671-0.00138596j | E1=-7.72042751+0.00028680j|E2=-7.69479752-0.00028713j|E3=-7.65448380+0.00020855j
#-----------------------------------------#
[Step 375] logΨ: mean=42.396+0.491j | min=40.181+1.470j | max=42.909+1.722j
梯度监控 | raw=62.1986 | natural=0.0497 | clipped=0.0497(上限20.0)
Ψ矩阵条件数 cond(Ψ) = 7.98e+00
Loss=-31.013521 | E0=-7.86276913+0.00031206j | E1=-7.77930117+0.04161139j|E2=-7.72085428-0.00038027j|E3=-7.65060616-0.00452471j
#-----------------------------------------#
[Step 376] logΨ: mean=47.230+0.411j | min=43.462+1.743j | max=49.362+1.797j
梯度监控 | raw=113.4970 | natural=0.0600 | clipped=0.0600(上限20.0)
Ψ矩阵条件数 cond(Ψ) = 1.11e+01
Loss=-31.142939 | E0=-7.87053633+0.03396940j | E1=-7.86244869+0.00000586j|E2=-7.72027636+0.00263976j|E3=-7.68967819+0.00093570j
#-----------------------------------------#
[Step 377] logΨ: mean=51.769+1.146j | min=46.475+2.901j | max=51.886+2.323j
梯度监控 | raw=9.6513 | natural=0.0243 | clipped=0.0243(上限20.0)
Ψ矩阵条件数 cond(Ψ) = 2.90e+01
Loss=-30.943855 | E0=-7.86254215+0.00001520j | E1=-7.71961689-0.00032205j|E2=-7.69762945-0.00036620j|E3=-7.66407347+0.00037442j
#-----------------------------------------#
[Step 378] logΨ: mean=42.428-1.008j | min=37.621+0.305j | max=42.478+1.010j
梯度监控 | raw=4.4603 | natural=0.0686 | clipped=0.0686(上限20.0)
Ψ矩阵条件数 cond(Ψ) = 1.14e+01
Loss=-30.947432 | E0=-7.86246729-0.00000124j | E1=-7.72055006+0.00003362j|E2=-7.70042133+0.00032082j|E3=-7.66397285-0.00030556j
#-----------------------------------------#
[Step 379] logΨ: mean=34.874+1.262j | min=34.874-0.898j | max=34.874+2.244j
梯度监控 | raw=0.0166 | natural=0.1664 | clipped=0.1664(上限20.0)
Ψ矩阵条件数 cond(Ψ) = 2.15e+01
Loss=-30.949709 | E0=-7.86234045-0.00000986j | E1=-7.72129250+0.00002524j|E2=-7.70121098+0.00201246j|E3=-7.66488504+0.00035989j
#-----------------------------------------#
[Step 380] logΨ: mean=39.865+0.937j | min=39.865-0.045j | max=39.865+3.097j
梯度监控 | raw=0.0163 | natural=0.1628 | clipped=0.1628(上限20.0)
Ψ矩阵条件数 cond(Ψ) = 1.17e+01
Loss=-30.967047 | E0=-7.86078691+0.00028345j | E1=-7.72111893-0.00008744j|E2=-7.71658039-0.00258937j|E3=-7.66858053-0.01607585j
#-----------------------------------------#
[Step 381] logΨ: mean=32.255+0.652j | min=32.255-0.330j | max=32.255+2.811j
梯度监控 | raw=0.0084 | natural=0.0837 | clipped=0.0837(上限20.0)
Ψ矩阵条件数 cond(Ψ) = 1.54e+01
Loss=-30.939447 | E0=-7.86149216-0.00532649j | E1=-7.72116041+0.00002281j|E2=-7.69759512-0.00055988j|E3=-7.65918636+0.00000211j
#-----------------------------------------#
[Step 382] logΨ: mean=28.247-0.834j | min=28.247-2.994j | max=28.247+0.147j
梯度监控 | raw=0.0065 | natural=0.0648 | clipped=0.0648(上限20.0)
Ψ矩阵条件数 cond(Ψ) = 2.25e+01
Loss=-30.933649 | E0=-7.86128759-0.00753885j | E1=-7.72116423+0.00004745j|E2=-7.69633722-0.00200438j|E3=-7.65484095+0.00509420j
#-----------------------------------------#
[Step 383] logΨ: mean=29.762-0.722j | min=29.762-2.882j | max=29.762+0.260j
梯度监控 | raw=0.0022 | natural=0.0221 | clipped=0.0221(上限20.0)
Ψ矩阵条件数 cond(Ψ) = 1.90e+01
Loss=-30.795839 | E0=-7.86947298-0.02284865j | E1=-7.72126389+0.00008910j|E2=-7.70093966-0.01205937j|E3=-7.50416422+0.00627635j
#-----------------------------------------#
[Step 384] logΨ: mean=27.701+0.876j | min=27.701-1.284j | max=27.701+1.857j
梯度监控 | raw=0.0045 | natural=0.0455 | clipped=0.0455(上限20.0)
Ψ矩阵条件数 cond(Ψ) = 2.38e+01
Loss=-30.903627 | E0=-7.86448479-0.01376566j | E1=-7.72120380+0.00008827j|E2=-7.69979334-0.00773780j|E3=-7.61813784+0.00235637j
#-----------------------------------------#
[Step 385] logΨ: mean=25.997+1.355j | min=25.997-0.805j | max=25.997+2.337j
梯度监控 | raw=0.0011 | natural=0.0111 | clipped=0.0111(上限20.0)
Ψ矩阵条件数 cond(Ψ) = 2.28e+01
Loss=-30.990541 | E0=-7.88979101-0.00650063j | E1=-7.72150946+0.00009937j|E2=-7.71013784-0.01349725j|E3=-7.66911840-0.14152145j
#-----------------------------------------#
[Step 386] logΨ: mean=31.376-0.155j | min=31.376-1.137j | max=31.376+2.005j
梯度监控 | raw=0.0495 | natural=0.4952 | clipped=0.4952(上限20.0)
Ψ矩阵条件数 cond(Ψ) = 1.15e+01
Loss=-31.530760 | E0=-8.20664406-0.47506666j | E1=-7.89538813-0.06408989j|E2=-7.72152328+0.00002278j|E3=-7.70720387-0.01535565j
#-----------------------------------------#
[Step 387] logΨ: mean=29.774-0.166j | min=29.774-1.147j | max=29.774+1.994j
梯度监控 | raw=0.0034 | natural=0.0344 | clipped=0.0344(上限20.0)
Ψ矩阵条件数 cond(Ψ) = 1.27e+01
Loss=-31.028566 | E0=-7.86241102-0.00147874j | E1=-7.73730803+0.06180906j|E2=-7.72287369-0.00132360j|E3=-7.70599604+0.00079560j
#-----------------------------------------#
[Step 388] logΨ: mean=29.548-0.168j | min=29.548-1.150j | max=29.548+1.992j
梯度监控 | raw=0.0006 | natural=0.0057 | clipped=0.0057(上限20.0)
Ψ矩阵条件数 cond(Ψ) = 1.29e+01
Loss=-31.029547 | E0=-7.86277294-0.00255321j | E1=-7.73730326+0.07367134j|E2=-7.72291613-0.00146129j|E3=-7.70658112-0.00255537j
#-----------------------------------------#
[Step 389] logΨ: mean=28.054-0.172j | min=28.054-1.154j | max=28.054+1.988j
梯度监控 | raw=0.0044 | natural=0.0441 | clipped=0.0441(上限20.0)
Ψ矩阵条件数 cond(Ψ) = 1.52e+01
Loss=-31.029722 | E0=-7.86283493-0.00282300j | E1=-7.73728895+0.07645226j|E2=-7.72300053-0.00154969j|E3=-7.70659542-0.00315768j
#-----------------------------------------#
[Step 390] logΨ: mean=28.739-0.158j | min=28.738-1.140j | max=28.738+2.002j
梯度监控 | raw=0.0022 | natural=0.0216 | clipped=0.0216(上限20.0)
Ψ矩阵条件数 cond(Ψ) = 1.40e+01
Loss=-31.029051 | E0=-7.86396265-0.00598333j | E1=-7.73545456+0.10102701j|E2=-7.72287226-0.00177392j|E3=-7.70675516-0.00901827j
#-----------------------------------------#
[Step 391] logΨ: mean=28.179-0.163j | min=28.179-1.144j | max=28.179+1.997j
梯度监控 | raw=0.0017 | natural=0.0175 | clipped=0.0175(上限20.0)
Ψ矩阵条件数 cond(Ψ) = 1.50e+01
Loss=-31.029596 | E0=-7.86338997-0.00409499j | E1=-7.73653269+0.08670378j|E2=-7.72295475-0.00172377j|E3=-7.70670557-0.00631630j
#-----------------------------------------#
[Step 392] logΨ: mean=27.746-0.167j | min=27.746-1.149j | max=27.746+1.992j
梯度监控 | raw=0.0015 | natural=0.0146 | clipped=0.0146(上限20.0)
Ψ矩阵条件数 cond(Ψ) = 1.60e+01
Loss=-31.029242 | E0=-7.86389780-0.00554534j | E1=-7.73577738+0.09773540j|E2=-7.72288799-0.00178809j|E3=-7.70669842-0.00860593j
#-----------------------------------------#
[Step 393] logΨ: mean=27.141-0.172j | min=27.141-1.154j | max=27.141+1.988j
梯度监控 | raw=0.0022 | natural=0.0219 | clipped=0.0219(上限20.0)
Ψ矩阵条件数 cond(Ψ) = 1.79e+01
Loss=-31.028505 | E0=-7.86440086-0.00705091j | E1=-7.73466730+0.10798645j|E2=-7.72284174-0.00182152j|E3=-7.70660639-0.01057382j
#-----------------------------------------#
[Step 394] logΨ: mean=26.505-0.178j | min=26.505-1.160j | max=26.505+1.982j
梯度监控 | raw=0.0025 | natural=0.0251 | clipped=0.0251(上限20.0)
Ψ矩阵条件数 cond(Ψ) = 2.12e+01
Loss=-31.026361 | E0=-7.86537600-0.00989894j | E1=-7.73189116+0.12496519j|E2=-7.72273684-0.00180279j|E3=-7.70634794-0.01362691j
#-----------------------------------------#
[Step 395] logΨ: mean=26.394-0.181j | min=26.394-1.163j | max=26.394+1.978j
梯度监控 | raw=0.0005 | natural=0.0046 | clipped=0.0046(上限20.0)
Ψ矩阵条件数 cond(Ψ) = 2.20e+01
Loss=-31.022039 | E0=-7.86677599-0.01412163j | E1=-7.72681665+0.14696980j|E2=-7.72267532-0.00181837j|E3=-7.70579290-0.01713721j
#-----------------------------------------#
[Step 396] logΨ: mean=26.153-0.183j | min=26.153-1.165j | max=26.153+1.977j
梯度监控 | raw=0.0010 | natural=0.0102 | clipped=0.0102(上限20.0)
Ψ矩阵条件数 cond(Ψ) = 2.39e+01
Loss=-31.021055 | E0=-7.86706734-0.01505527j | E1=-7.72567415+0.15131521j|E2=-7.72263193-0.00175878j|E3=-7.70568848-0.01777639j
#-----------------------------------------#
[Step 397] logΨ: mean=25.513-0.190j | min=25.513-1.172j | max=25.513+1.970j
梯度监控 | raw=0.0029 | natural=0.0287 | clipped=0.0287(上限20.0)
Ψ矩阵条件数 cond(Ψ) = 3.17e+01
Loss=-31.018373 | E0=-7.86771631-0.01718454j | E1=-7.72267151-0.00181274j|E2=-7.72260094+0.16129971j|E3=-7.70541000-0.01916945j
#-----------------------------------------#
[Step 398] logΨ: mean=25.557-0.187j | min=25.557-1.169j | max=25.557+1.973j
梯度监控 | raw=0.0002 | natural=0.0020 | clipped=0.0020(上限20.0)
Ψ矩阵条件数 cond(Ψ) = 3.10e+01
Loss=-31.008791 | E0=-7.87003422-0.02438981j | E1=-7.72263575-0.00173617j|E2=-7.71180534+0.19161320j|E3=-7.70431757-0.02302129j
#-----------------------------------------#
[Step 399] logΨ: mean=25.782-0.180j | min=25.782-1.162j | max=25.782+1.980j
梯度监控 | raw=0.0010 | natural=0.0103 | clipped=0.0103(上限20.0)
Ψ矩阵条件数 cond(Ψ) = 2.79e+01
Loss=-31.009523 | E0=-7.86990166-0.02381659j | E1=-7.72262192-0.00171837j|E2=-7.71257973+0.18924999j|E3=-7.70441818-0.02275962j
#-----------------------------------------#
[Step 400] logΨ: mean=26.286-0.173j | min=26.286-1.154j | max=26.286+1.987j
梯度监控 | raw=0.0022 | natural=0.0221 | clipped=0.0221(上限20.0)
Ψ矩阵条件数 cond(Ψ) = 2.28e+01
Loss=-31.013308 | E0=-7.86912203-0.02105452j | E1=-7.72263098-0.00174533j|E2=-7.71678782+0.17797995j|E3=-7.70477104-0.02142197j
#-----------------------------------------#
[Step 401] logΨ: mean=26.634-0.166j | min=26.634-1.148j | max=26.634+1.994j
梯度监控 | raw=0.0015 | natural=0.0145 | clipped=0.0145(上限20.0)
Ψ矩阵条件数 cond(Ψ) = 2.04e+01
Loss=-31.020086 | E0=-7.86757517-0.01591820j | E1=-7.72455645+0.15539265j|E2=-7.72266340-0.00178840j|E3=-7.70529699-0.01848823j
#-----------------------------------------#
[Step 402] logΨ: mean=25.794-0.174j | min=25.794-1.155j | max=25.794+1.986j
梯度监控 | raw=0.0036 | natural=0.0362 | clipped=0.0362(上限20.0)
Ψ矩阵条件数 cond(Ψ) = 2.80e+01
Loss=-31.023371 | E0=-7.86669922-0.01308766j | E1=-7.72835112+0.14159489j|E2=-7.72268200-0.00181007j|E3=-7.70563459-0.01654276j
#-----------------------------------------#
[Step 403] logΨ: mean=25.887-0.174j | min=25.887-1.156j | max=25.887+1.986j
梯度监控 | raw=0.0004 | natural=0.0042 | clipped=0.0042(上限20.0)
Ψ矩阵条件数 cond(Ψ) = 2.68e+01
Loss=-31.014284 | E0=-7.86944008-0.02078821j | E1=-7.72263718-0.00174532j|E2=-7.71789742+0.17730236j|E3=-7.70430756-0.02144207j
#-----------------------------------------#
[Step 404] logΨ: mean=26.176-0.167j | min=26.176-1.148j | max=26.176+1.993j
梯度监控 | raw=0.0013 | natural=0.0127 | clipped=0.0127(上限20.0)
Ψ矩阵条件数 cond(Ψ) = 2.38e+01
Loss=-31.015741 | E0=-7.86905718-0.01975486j | E1=-7.72266150-0.00177989j|E2=-7.71956158+0.17288780j|E3=-7.70444250-0.02089731j
#-----------------------------------------#
[Step 405] logΨ: mean=26.485-0.161j | min=26.485-1.143j | max=26.485+1.999j
梯度监控 | raw=0.0013 | natural=0.0132 | clipped=0.0132(上限20.0)
Ψ矩阵条件数 cond(Ψ) = 2.14e+01
Loss=-31.019346 | E0=-7.86816454-0.01684243j | E1=-7.72367430+0.15973759j|E2=-7.72265816-0.00178340j|E3=-7.70483780-0.01924109j
#-----------------------------------------#
[Step 406] logΨ: mean=25.957-0.169j | min=25.957-1.150j | max=25.957+1.991j
梯度监控 | raw=0.0023 | natural=0.0228 | clipped=0.0228(上限20.0)
Ψ矩阵条件数 cond(Ψ) = 2.61e+01
Loss=-31.022459 | E0=-7.86730433-0.01417899j | E1=-7.72730017+0.14684820j|E2=-7.72265148-0.00176807j|E3=-7.70520544-0.01750878j
#-----------------------------------------#
[Step 407] logΨ: mean=25.225-0.177j | min=25.225-1.159j | max=25.225+1.983j
梯度监控 | raw=0.0034 | natural=0.0341 | clipped=0.0341(上限20.0)
Ψ矩阵条件数 cond(Ψ) = 3.73e+01
Loss=-31.016912 | E0=-7.86899662-0.01898190j | E1=-7.72263813-0.00173515j|E2=-7.72092962+0.16949415j|E3=-7.70438862-0.02053683j
#-----------------------------------------#
[Step 408] logΨ: mean=24.986-0.181j | min=24.986-1.163j | max=24.986+1.979j
梯度监控 | raw=0.0012 | natural=0.0117 | clipped=0.0117(上限20.0)
Ψ矩阵条件数 cond(Ψ) = 4.12e+01
Loss=-31.004633 | E0=-7.87228727-0.02806707j | E1=-7.72266817-0.00172293j|E2=-7.70701265+0.20788050j|E3=-7.70265913-0.02482968j
#-----------------------------------------#
[Step 409] logΨ: mean=24.570-0.184j | min=24.570-1.165j | max=24.570+1.976j
梯度监控 | raw=0.0021 | natural=0.0210 | clipped=0.0210(上限20.0)
Ψ矩阵条件数 cond(Ψ) = 4.47e+01
Loss=-30.998907 | E0=-7.87360048-0.03181572j | E1=-7.72267199-0.00170104j|E2=-7.70199060-0.02621217j|E3=-7.70065641+0.22258997j
#-----------------------------------------#
[Step 410] logΨ: mean=24.678-0.182j | min=24.678-1.164j | max=24.678+1.978j
梯度监控 | raw=0.0006 | natural=0.0055 | clipped=0.0055(上限20.0)
Ψ矩阵条件数 cond(Ψ) = 4.46e+01
Loss=-30.986444 | E0=-7.87639046-0.03928243j | E1=-7.72270918-0.00169819j|E2=-7.70051575-0.02857850j|E3=-7.68681288+0.25117588j
#-----------------------------------------#
[Step 411] logΨ: mean=24.588-0.180j | min=24.588-1.161j | max=24.588+1.980j
梯度监控 | raw=0.0005 | natural=0.0046 | clipped=0.0046(上限20.0)
Ψ矩阵条件数 cond(Ψ) = 4.49e+01
Loss=-30.990046 | E0=-7.87565422-0.03719728j | E1=-7.72270107-0.00168099j|E2=-7.70091295-0.02796492j|E3=-7.69077635+0.24330091j
#-----------------------------------------#
[Step 412] logΨ: mean=24.197-0.186j | min=24.197-1.168j | max=24.197+1.974j
梯度监控 | raw=0.0020 | natural=0.0203 | clipped=0.0203(上限20.0)
Ψ矩阵条件数 cond(Ψ) = 4.12e+01
Loss=-30.986872 | E0=-7.87635946-0.03892351j | E1=-7.72270107-0.00166715j|E2=-7.70060825-0.02849244j|E3=-7.68719435+0.24974489j
#-----------------------------------------#
[Step 413] logΨ: mean=23.617-0.205j | min=23.617-1.186j | max=23.617+1.955j
梯度监控 | raw=0.0031 | natural=0.0306 | clipped=0.0306(上限20.0)
Ψ矩阵条件数 cond(Ψ) = 3.01e+01
Loss=-30.971674 | E0=-7.87940264-0.04720159j | E1=-7.72276497-0.00165931j|E2=-7.69881344-0.03059016j|E3=-7.67069101+0.28101063j
#-----------------------------------------#
[Step 414] logΨ: mean=23.634-0.212j | min=23.634-1.194j | max=23.634+1.948j
梯度监控 | raw=0.0001 | natural=0.0010 | clipped=0.0010(上限20.0)
Ψ矩阵条件数 cond(Ψ) = 3.03e+01
Loss=-30.939821 | E0=-7.88484716-0.06199704j | E1=-7.72284365-0.00162645j|E2=-7.69506645-0.03331819j|E3=-7.63706350+0.33928156j
#-----------------------------------------#
[Step 415] logΨ: mean=23.685-0.211j | min=23.685-1.193j | max=23.685+1.949j
梯度监控 | raw=0.0003 | natural=0.0027 | clipped=0.0027(上限20.0)
Ψ矩阵条件数 cond(Ψ) = 3.12e+01
Loss=-30.941648 | E0=-7.88445234-0.06158607j | E1=-7.72284222-0.00164040j|E2=-7.69514036-0.03318413j|E3=-7.63919783+0.33791494j
#-----------------------------------------#
[Step 416] logΨ: mean=23.770-0.211j | min=23.770-1.193j | max=23.770+1.948j
梯度监控 | raw=0.0004 | natural=0.0045 | clipped=0.0045(上限20.0)
Ψ矩阵条件数 cond(Ψ) = 3.27e+01
Loss=-30.945135 | E0=-7.88392735-0.06016222j | E1=-7.72283936-0.00163241j|E2=-7.69547749-0.03293445j|E3=-7.64289999+0.33222437j
#-----------------------------------------#
[Step 417] logΨ: mean=24.157-0.208j | min=24.157-1.189j | max=24.157+1.952j
梯度监控 | raw=0.0021 | natural=0.0205 | clipped=0.0205(上限20.0)
Ψ矩阵条件数 cond(Ψ) = 3.99e+01
Loss=-30.950739 | E0=-7.88304520-0.05783120j | E1=-7.72281694-0.00165198j|E2=-7.69601059-0.03251992j|E3=-7.64883423+0.32318830j
#-----------------------------------------#
[Step 418] logΨ: mean=24.600-0.202j | min=24.600-1.184j | max=24.600+1.958j
梯度监控 | raw=0.0023 | natural=0.0232 | clipped=0.0232(上限20.0)
Ψ矩阵条件数 cond(Ψ) = 4.45e+01
Loss=-30.971552 | E0=-7.87954187-0.04804136j | E1=-7.72275543-0.00164093j|E2=-7.69803905-0.03055084j|E3=-7.67118025+0.28584099j
#-----------------------------------------#
[Step 419] logΨ: mean=24.320-0.210j | min=24.320-1.192j | max=24.320+1.950j
梯度监控 | raw=0.0015 | natural=0.0146 | clipped=0.0146(上限20.0)
Ψ矩阵条件数 cond(Ψ) = 4.24e+01
Loss=-30.988642 | E0=-7.87618303-0.03853402j | E1=-7.72270966-0.00164263j|E2=-7.69978666-0.02822987j|E3=-7.68995047+0.24993896j
#-----------------------------------------#
[Step 420] logΨ: mean=24.168-0.213j | min=24.168-1.194j | max=24.168+1.947j
梯度监控 | raw=0.0008 | natural=0.0081 | clipped=0.0081(上限20.0)
Ψ矩阵条件数 cond(Ψ) = 4.00e+01
Loss=-30.979071 | E0=-7.87825298-0.04427348j | E1=-7.72276306-0.00167462j|E2=-7.69849873-0.02963041j|E3=-7.67957115+0.27218342j
#-----------------------------------------#
[Step 421] logΨ: mean=24.489-0.215j | min=24.489-1.197j | max=24.489+1.944j
梯度监控 | raw=0.0017 | natural=0.0169 | clipped=0.0169(上限20.0)
Ψ矩阵条件数 cond(Ψ) = 4.38e+01
Loss=-30.972845 | E0=-7.87953901-0.04770701j | E1=-7.72276497-0.00163487j|E2=-7.69778490-0.03034964j|E3=-7.67277145+0.28530169j
#-----------------------------------------#
[Step 422] logΨ: mean=24.558-0.210j | min=24.558-1.192j | max=24.558+1.949j
梯度监控 | raw=0.0004 | natural=0.0036 | clipped=0.0036(上限20.0)
Ψ矩阵条件数 cond(Ψ) = 4.42e+01
Loss=-30.985777 | E0=-7.87685823-0.04075509j | E1=-7.72274208-0.00166645j|E2=-7.69908857-0.02872055j|E3=-7.68707323+0.25894260j
#-----------------------------------------#
[Step 423] logΨ: mean=25.094-0.206j | min=25.094-1.188j | max=25.094+1.954j
梯度监控 | raw=0.0027 | natural=0.0273 | clipped=0.0273(上限20.0)
Ψ矩阵条件数 cond(Ψ) = 3.97e+01
Loss=-30.987860 | E0=-7.87644100-0.03934550j | E1=-7.72270536-0.00164076j|E2=-7.69940376-0.02837769j|E3=-7.68931627+0.25343084j
#-----------------------------------------#
【Step 424 告警】梯度范数为0，结束迭代
