26-01-05-57 
============================================================
26-01-05-57 开始多链 NES-VMC 训练 | P8: 双侧一致列规范 + 周期性 gauge reset
26-01-05-57 ============================================================
26-01-05-57 精确CAS基准：基态=-7.86364558 Ha | 1激发=-7.72153670 Ha|2激发=-7.70823970 Ha|3激发=-7.68581513 Ha|
26-01-05-57 理论 Loss 上限：-30.97923710 
26-01-05-57 超参：clip_norm=20.0, lr=0.1, QGT diag_shift=0.1, RESET_PERIOD=10
26-01-05-57 [Step   0] logΨ: mean=9.437+0.159j | min=2.061-0.595j | max=11.316+1.003j
26-01-05-57 梯度监控 | raw=18.8374 | natural=2.5138 | clipped=2.5138(上限20.0)
26-01-05-57 原始规范坐标 G(Re Σrow_mean) = +4.5425 | 累计|g| = 0.0000
26-01-05-57 Ψ矩阵条件数 cond(Ψ) = 1.16e+01
26-01-05-57 Loss=-21.911666 | E0=-5.89920687-0.00289441j | E1=-5.60829184+0.00877275j|E2=-5.27926615-0.00598902j|E3=-5.12490084-0.00504355j
26-01-05-57 #-----------------------------------------#
26-01-05-57 [Step   1] logΨ: mean=10.097-0.026j | min=5.807-2.122j | max=11.970+0.573j
26-01-05-57 梯度监控 | raw=19.3170 | natural=2.2473 | clipped=2.2473(上限20.0)
26-01-05-57 原始规范坐标 G(Re Σrow_mean) = +4.9510 | 累计|g| = 0.0000
26-01-05-57 Ψ矩阵条件数 cond(Ψ) = 2.14e+01
26-01-05-57 Loss=-22.890827 | E0=-6.19368190-0.00623941j | E1=-6.07188185+0.00787103j|E2=-5.50944591+0.00194868j|E3=-5.11581773-0.00452809j
26-01-05-57 #-----------------------------------------#
26-01-05-57 [Step   2] logΨ: mean=11.127-0.136j | min=5.042-1.157j | max=13.011+0.526j
26-01-05-57 梯度监控 | raw=17.0651 | natural=1.9330 | clipped=1.9330(上限20.0)
26-01-05-57 原始规范坐标 G(Re Σrow_mean) = +5.8173 | 累计|g| = 0.0000
26-01-05-57 Ψ矩阵条件数 cond(Ψ) = 2.07e+01
26-01-05-57 Loss=-23.780610 | E0=-6.58987353-0.01473452j | E1=-6.46327024+0.01215476j|E2=-5.62092272-0.00101425j|E3=-5.10654347+0.00181761j
26-01-05-57 #-----------------------------------------#
26-01-05-57 [Step   3] logΨ: mean=12.404-0.032j | min=5.841+1.720j | max=14.150+0.426j
26-01-05-57 梯度监控 | raw=24.7403 | natural=1.5958 | clipped=1.5958(上限20.0)
26-01-05-57 原始规范坐标 G(Re Σrow_mean) = +6.9402 | 累计|g| = 0.0000
26-01-05-57 Ψ矩阵条件数 cond(Ψ) = 8.50e+00
26-01-05-57 Loss=-24.590427 | E0=-6.92670419-0.01902277j | E1=-6.79944119+0.02142392j|E2=-5.74574796+0.00300446j|E3=-5.11853416-0.00069336j
26-01-05-57 #-----------------------------------------#
26-01-05-57 [Step   4] logΨ: mean=13.317-0.154j | min=8.615-0.644j | max=14.893+0.524j
26-01-05-57 梯度监控 | raw=31.9098 | natural=1.3251 | clipped=1.3251(上限20.0)
26-01-05-57 原始规范坐标 G(Re Σrow_mean) = +7.6566 | 累计|g| = 0.0000
26-01-05-57 Ψ矩阵条件数 cond(Ψ) = 1.96e+01
26-01-05-57 Loss=-25.082471 | E0=-7.12977234+0.00835137j | E1=-6.97942451-0.00895256j|E2=-5.84464966-0.00212131j|E3=-5.12862441+0.00637342j
26-01-05-57 #-----------------------------------------#
26-01-05-57 [Step   5] logΨ: mean=14.516-0.118j | min=6.600-2.393j | max=16.148+0.512j
26-01-05-57 梯度监控 | raw=42.6008 | natural=1.2521 | clipped=1.2521(上限20.0)
26-01-05-57 原始规范坐标 G(Re Σrow_mean) = +8.8492 | 累计|g| = 0.0000
26-01-05-57 Ψ矩阵条件数 cond(Ψ) = 8.92e+00
26-01-05-57 Loss=-25.498094 | E0=-7.26606704-0.00121433j | E1=-7.10078558+0.00226788j|E2=-5.94193291-0.00477909j|E3=-5.18930895+0.00224170j
26-01-05-57 #-----------------------------------------#
26-01-05-57 [Step   6] logΨ: mean=15.691-0.257j | min=9.936-1.764j | max=17.184+2.724j
26-01-05-57 梯度监控 | raw=47.9871 | natural=1.0827 | clipped=1.0827(上限20.0)
26-01-05-57 原始规范坐标 G(Re Σrow_mean) = +9.9114 | 累计|g| = 0.0000
26-01-05-57 Ψ矩阵条件数 cond(Ψ) = 1.53e+01
26-01-05-57 Loss=-25.931910 | E0=-7.36598201-0.00979918j | E1=-7.18592875+0.00590681j|E2=-6.16030714+0.00482787j|E3=-5.21969224+0.00178972j
26-01-05-57 #-----------------------------------------#
26-01-05-57 [Step   7] logΨ: mean=16.711-0.147j | min=8.763-0.297j | max=18.133+2.703j
26-01-05-57 梯度监控 | raw=57.8091 | natural=0.9458 | clipped=0.9458(上限20.0)
26-01-05-57 原始规范坐标 G(Re Σrow_mean) = +10.8292 | 累计|g| = 0.0000
26-01-05-57 Ψ矩阵条件数 cond(Ψ) = 3.59e+01
26-01-05-57 Loss=-26.324608 | E0=-7.47488878+0.00146759j | E1=-7.26990229-0.00114624j|E2=-6.29605071+0.00234816j|E3=-5.28376618+0.00071914j
26-01-05-57 #-----------------------------------------#
26-01-05-57 [Step   8] logΨ: mean=17.783-0.184j | min=10.668-0.239j | max=19.167+0.005j
26-01-05-57 梯度监控 | raw=86.4927 | natural=0.8373 | clipped=0.8373(上限20.0)
26-01-05-57 原始规范坐标 G(Re Σrow_mean) = +11.8910 | 累计|g| = 0.0000
26-01-05-57 Ψ矩阵条件数 cond(Ψ) = 2.16e+01
26-01-05-57 Loss=-26.757065 | E0=-7.53601880+0.00172754j | E1=-7.31983759+0.00127547j|E2=-6.52265237+0.00371029j|E3=-5.37855620-0.00497751j
26-01-05-57 #-----------------------------------------#
26-01-05-57 [Step   9] logΨ: mean=18.449+0.053j | min=11.936+0.039j | max=19.773+3.081j
26-01-05-57 梯度监控 | raw=122.2919 | natural=0.7037 | clipped=0.7037(上限20.0)
26-01-05-57 原始规范坐标 G(Re Σrow_mean) = +12.5748 | 累计|g| = 0.0000
26-01-05-57 Ψ矩阵条件数 cond(Ψ) = 2.48e+01
26-01-05-57 Loss=-27.113978 | E0=-7.55919736-0.00484134j | E1=-7.34400158-0.00032140j|E2=-6.58623762+0.00669883j|E3=-5.62454142-0.00130572j
26-01-05-57 #-----------------------------------------#
26-01-05-57 [GaugeReset@10] 吸收 Δg = Σ Re(col_mean) = +12.5748 | 新|g| = 6.6585
26-01-05-57 [Step  10] logΨ: mean=6.278-0.065j | min=0.921+0.877j | max=7.481+2.864j
26-01-05-57 梯度监控 | raw=169.6546 | natural=0.5836 | clipped=0.5836(上限20.0)
26-01-05-57 原始规范坐标 G(Re Σrow_mean) = +13.2603 | 累计|g| = 6.6585
26-01-05-57 Ψ矩阵条件数 cond(Ψ) = 7.75e+00
26-01-05-57 Loss=-27.914611 | E0=-7.60021660+0.00233259j | E1=-7.39874519-0.00280320j|E2=-6.83084251+0.00208585j|E3=-6.08480718-0.00088767j
26-01-05-57 #-----------------------------------------#
26-01-05-57 [Step  11] logΨ: mean=7.097+0.103j | min=0.861+2.836j | max=8.396+2.901j
26-01-05-57 梯度监控 | raw=167.6885 | natural=0.5908 | clipped=0.5908(上限20.0)
26-01-05-57 原始规范坐标 G(Re Σrow_mean) = +14.1291 | 累计|g| = 6.6585
26-01-05-57 Ψ矩阵条件数 cond(Ψ) = 8.94e+00
26-01-05-57 Loss=-28.324013 | E0=-7.62933248-0.00133010j | E1=-7.41065906+0.00100714j|E2=-6.92732678+0.00620980j|E3=-6.35669434-0.00344765j
26-01-05-57 #-----------------------------------------#
26-01-05-57 [Step  12] logΨ: mean=7.754-0.057j | min=2.485+0.027j | max=9.078+2.989j
26-01-05-57 梯度监控 | raw=150.6038 | natural=0.4661 | clipped=0.4661(上限20.0)
26-01-05-57 原始规范坐标 G(Re Σrow_mean) = +14.7594 | 累计|g| = 6.6585
26-01-05-57 Ψ矩阵条件数 cond(Ψ) = 8.06e+00
26-01-05-57 Loss=-28.692957 | E0=-7.64228370+0.00642050j | E1=-7.43048140+0.00250420j|E2=-7.00438154-0.00844213j|E3=-6.61581051+0.00112195j
26-01-05-57 #-----------------------------------------#
26-01-05-57 [Step  13] logΨ: mean=8.864+0.236j | min=3.378+0.452j | max=10.076+2.937j
26-01-05-57 梯度监控 | raw=116.6406 | natural=0.4727 | clipped=0.4727(上限20.0)
26-01-05-57 原始规范坐标 G(Re Σrow_mean) = +15.8741 | 累计|g| = 6.6585
26-01-05-57 Ψ矩阵条件数 cond(Ψ) = 1.03e+01
26-01-05-57 Loss=-29.221780 | E0=-7.65407640+0.00926203j | E1=-7.46101998-0.00335886j|E2=-7.19890775+0.00076261j|E3=-6.90777551-0.01081291j
26-01-05-57 #-----------------------------------------#
26-01-05-57 [Step  14] logΨ: mean=9.446+0.068j | min=4.370-2.042j | max=10.637+3.023j
26-01-05-57 梯度监控 | raw=117.4882 | natural=0.3658 | clipped=0.3658(上限20.0)
26-01-05-57 原始规范坐标 G(Re Σrow_mean) = +16.2853 | 累计|g| = 6.6585
26-01-05-57 Ψ矩阵条件数 cond(Ψ) = 1.22e+01
26-01-05-57 Loss=-29.264456 | E0=-7.66358499+0.00108853j | E1=-7.46319273+0.00048802j|E2=-7.20896805-0.01886312j|E3=-6.92871064+0.01630149j
26-01-05-57 #-----------------------------------------#
26-01-05-57 [Step  15] logΨ: mean=10.124+0.138j | min=4.334-0.043j | max=11.237+0.140j
26-01-05-57 梯度监控 | raw=69.8635 | natural=0.3223 | clipped=0.3223(上限20.0)
26-01-05-57 原始规范坐标 G(Re Σrow_mean) = +17.0453 | 累计|g| = 6.6585
26-01-05-57 Ψ矩阵条件数 cond(Ψ) = 1.04e+01
26-01-05-57 Loss=-29.664221 | E0=-7.67597852+0.00318889j | E1=-7.51163980+0.00103635j|E2=-7.38880358-0.00214790j|E3=-7.08779951-0.00524056j
26-01-05-57 #-----------------------------------------#
26-01-05-57 [Step  16] logΨ: mean=10.790+0.111j | min=5.381+0.526j | max=11.774+0.081j
26-01-05-57 梯度监控 | raw=43.6638 | natural=0.2699 | clipped=0.2699(上限20.0)
26-01-05-57 原始规范坐标 G(Re Σrow_mean) = +17.6506 | 累计|g| = 6.6585
26-01-05-57 Ψ矩阵条件数 cond(Ψ) = 2.10e+01
26-01-05-57 Loss=-29.814455 | E0=-7.68084659+0.00270262j | E1=-7.54844058+0.00234496j|E2=-7.43873870+0.00306785j|E3=-7.14642940-0.00482727j
26-01-05-57 #-----------------------------------------#
26-01-05-57 [Step  17] logΨ: mean=11.642+0.053j | min=7.480-3.110j | max=12.435+0.182j
26-01-05-57 梯度监控 | raw=22.3452 | natural=0.2250 | clipped=0.2250(上限20.0)
26-01-05-57 原始规范坐标 G(Re Σrow_mean) = +18.2793 | 累计|g| = 6.6585
26-01-05-57 Ψ矩阵条件数 cond(Ψ) = 1.14e+01
26-01-05-57 Loss=-30.064859 | E0=-7.70746603+0.00056242j | E1=-7.61941022-0.00116187j|E2=-7.50861090+0.00241553j|E3=-7.22937203+0.00043740j
26-01-05-57 #-----------------------------------------#
26-01-05-57 [Step  18] logΨ: mean=12.219-0.393j | min=7.320-1.323j | max=12.968+0.231j
26-01-05-57 梯度监控 | raw=19.8423 | natural=0.2075 | clipped=0.2075(上限20.0)
26-01-05-57 原始规范坐标 G(Re Σrow_mean) = +18.7921 | 累计|g| = 6.6585
26-01-05-57 Ψ矩阵条件数 cond(Ψ) = 1.15e+01
26-01-05-57 Loss=-30.068992 | E0=-7.71281757-0.00251740j | E1=-7.64388665+0.00029604j|E2=-7.50349501-0.00112551j|E3=-7.20879293+0.00341159j
26-01-05-57 #-----------------------------------------#
26-01-05-57 [Step  19] logΨ: mean=12.608-0.290j | min=7.120+0.947j | max=13.412+0.274j
26-01-05-57 梯度监控 | raw=30.4349 | natural=0.1683 | clipped=0.1683(上限20.0)
26-01-05-57 原始规范坐标 G(Re Σrow_mean) = +19.1265 | 累计|g| = 6.6585
26-01-05-57 Ψ矩阵条件数 cond(Ψ) = 9.79e+00
26-01-05-57 Loss=-30.092844 | E0=-7.70647744+0.00044850j | E1=-7.59751393-0.00429559j|E2=-7.52395175+0.00322935j|E3=-7.26490041+0.00197459j
26-01-05-57 #-----------------------------------------#
26-01-05-57 [保存] Step 19 → pickle 文件已更新 (20 条记录)
26-01-05-57 [GaugeReset@20] 吸收 Δg = Σ Re(col_mean) = +19.1265 | 新|g| = 10.2717
26-01-05-57 [Step  20] logΨ: mean=6.494-0.282j | min=0.295+1.229j | max=7.251+1.398j
26-01-05-57 梯度监控 | raw=25.8672 | natural=0.1545 | clipped=0.1545(上限20.0)
26-01-05-57 原始规范坐标 G(Re Σrow_mean) = +19.4629 | 累计|g| = 10.2717
26-01-05-57 Ψ矩阵条件数 cond(Ψ) = 1.02e+01
26-01-05-57 Loss=-30.194665 | E0=-7.72050628+0.00006901j | E1=-7.64947774+0.00210448j|E2=-7.54577072-0.00287838j|E3=-7.27891073+0.00109265j
26-01-05-57 #-----------------------------------------#
26-01-05-57 [Step  21] logΨ: mean=7.194-0.395j | min=0.298-2.896j | max=7.936+1.435j
26-01-05-57 梯度监控 | raw=23.6159 | natural=0.1968 | clipped=0.1968(上限20.0)
26-01-05-57 原始规范坐标 G(Re Σrow_mean) = +19.9882 | 累计|g| = 10.2717
26-01-05-57 Ψ矩阵条件数 cond(Ψ) = 6.78e+00
26-01-05-57 Loss=-30.169628 | E0=-7.72354261-0.00050866j | E1=-7.65389508-0.00044944j|E2=-7.53404673+0.00255507j|E3=-7.25814359-0.00214068j
26-01-05-57 #-----------------------------------------#
26-01-05-57 [Step  22] logΨ: mean=7.752-0.138j | min=2.666-0.326j | max=8.520+1.517j
26-01-05-57 梯度监控 | raw=33.4634 | natural=0.1594 | clipped=0.1594(上限20.0)
26-01-05-57 原始规范坐标 G(Re Σrow_mean) = +20.3243 | 累计|g| = 10.2717
26-01-05-57 Ψ矩阵条件数 cond(Ψ) = 7.57e+00
26-01-05-57 Loss=-30.268790 | E0=-7.72762596+0.00212407j | E1=-7.64814428-0.00102019j|E2=-7.57112193+0.00228714j|E3=-7.32189753-0.00350847j
26-01-05-57 #-----------------------------------------#
26-01-05-57 [Step  23] logΨ: mean=8.178-0.070j | min=3.841+2.416j | max=8.897+1.582j
26-01-05-57 梯度监控 | raw=35.0152 | natural=0.0885 | clipped=0.0885(上限20.0)
26-01-05-57 原始规范坐标 G(Re Σrow_mean) = +20.5675 | 累计|g| = 10.2717
26-01-05-57 Ψ矩阵条件数 cond(Ψ) = 7.52e+00
26-01-05-57 Loss=-30.241153 | E0=-7.73161157+0.00039294j | E1=-7.64595718-0.00003784j|E2=-7.55201482+0.00031569j|E3=-7.31156914+0.00459576j
26-01-05-57 #-----------------------------------------#
26-01-05-57 [Step  24] logΨ: mean=8.621+0.031j | min=3.115+1.373j | max=9.334+1.787j
26-01-05-57 梯度监控 | raw=35.0711 | natural=0.1109 | clipped=0.1109(上限20.0)
26-01-05-57 原始规范坐标 G(Re Σrow_mean) = +20.9193 | 累计|g| = 10.2717
26-01-05-57 Ψ矩阵条件数 cond(Ψ) = 1.24e+01
26-01-05-57 Loss=-30.304940 | E0=-7.73272564+0.00096095j | E1=-7.66102760+0.00063408j|E2=-7.58625886-0.00032212j|E3=-7.32492816+0.00006865j
26-01-05-57 #-----------------------------------------#
26-01-05-57 [Step  25] logΨ: mean=9.220+0.241j | min=5.132+0.434j | max=9.888+2.135j
26-01-05-57 梯度监控 | raw=43.3977 | natural=0.1029 | clipped=0.1029(上限20.0)
26-01-05-57 原始规范坐标 G(Re Σrow_mean) = +21.3504 | 累计|g| = 10.2717
26-01-05-57 Ψ矩阵条件数 cond(Ψ) = 9.45e+00
26-01-05-57 Loss=-30.324948 | E0=-7.72914120-0.00274247j | E1=-7.66159011-0.00160232j|E2=-7.59195252-0.00298697j|E3=-7.34226450+0.00297329j
26-01-05-57 #-----------------------------------------#
26-01-05-57 [Step  26] logΨ: mean=9.602+0.066j | min=4.492-1.742j | max=10.318+2.511j
26-01-05-57 梯度监控 | raw=47.7526 | natural=0.0941 | clipped=0.0941(上限20.0)
26-01-05-57 原始规范坐标 G(Re Σrow_mean) = +21.6574 | 累计|g| = 10.2717
26-01-05-57 Ψ矩阵条件数 cond(Ψ) = 5.92e+00
26-01-05-57 Loss=-30.352521 | E0=-7.74065701-0.00175751j | E1=-7.66310905-0.00168109j|E2=-7.59312534+0.00001384j|E3=-7.35562917+0.00120886j
26-01-05-57 #-----------------------------------------#
26-01-05-57 [Step  27] logΨ: mean=9.978+0.507j | min=4.833-0.985j | max=10.622+2.816j
26-01-05-57 梯度监控 | raw=60.1481 | natural=0.1263 | clipped=0.1263(上限20.0)
26-01-05-57 原始规范坐标 G(Re Σrow_mean) = +21.9539 | 累计|g| = 10.2717
26-01-05-57 Ψ矩阵条件数 cond(Ψ) = 1.07e+01
26-01-05-57 Loss=-30.391759 | E0=-7.73985146+0.00208773j | E1=-7.66211854+0.00146026j|E2=-7.59969737-0.00065048j|E3=-7.39009196-0.00291458j
26-01-05-57 #-----------------------------------------#
26-01-05-57 [Step  28] logΨ: mean=9.765+0.473j | min=6.220-0.043j | max=10.379+2.956j
26-01-05-57 梯度监控 | raw=58.1422 | natural=0.0475 | clipped=0.0475(上限20.0)
26-01-05-57 原始规范坐标 G(Re Σrow_mean) = +21.8715 | 累计|g| = 10.2717
26-01-05-57 Ψ矩阵条件数 cond(Ψ) = 2.56e+01
26-01-05-57 Loss=-30.368749 | E0=-7.74411582+0.00063028j | E1=-7.66108528-0.00155425j|E2=-7.59864569+0.00071599j|E3=-7.36490212+0.00637192j
26-01-05-57 #-----------------------------------------#
26-01-05-57 [Step  29] logΨ: mean=9.220+0.124j | min=4.583+3.027j | max=9.774+0.428j
26-01-05-57 梯度监控 | raw=63.7530 | natural=0.0761 | clipped=0.0761(上限20.0)
26-01-05-57 原始规范坐标 G(Re Σrow_mean) = +21.6093 | 累计|g| = 10.2717
26-01-05-57 Ψ矩阵条件数 cond(Ψ) = 1.31e+01
26-01-05-57 Loss=-30.445351 | E0=-7.74951497+0.00045324j | E1=-7.66510561+0.00067348j|E2=-7.61411754-0.00280954j|E3=-7.41661281+0.00328850j
26-01-05-57 #-----------------------------------------#
26-01-05-57 [GaugeReset@30] 吸收 Δg = Σ Re(col_mean) = +21.6093 | 新|g| = 11.5862
26-01-05-58 [Step  30] logΨ: mean=7.895+0.496j | min=2.182+1.746j | max=8.441+2.708j
26-01-05-58 梯度监控 | raw=66.3021 | natural=0.1681 | clipped=0.1681(上限20.0)
26-01-05-58 原始规范坐标 G(Re Σrow_mean) = +22.4919 | 累计|g| = 11.5862
26-01-05-58 Ψ矩阵条件数 cond(Ψ) = 6.43e+00
26-01-05-58 Loss=-30.421703 | E0=-7.74211897+0.00136404j | E1=-7.66414626+0.00147168j|E2=-7.61108920-0.00246097j|E3=-7.40434886+0.00303698j
26-01-05-58 #-----------------------------------------#
26-01-05-58 [Step  31] logΨ: mean=7.934+0.245j | min=3.751-2.206j | max=8.422+0.199j
26-01-05-58 梯度监控 | raw=64.4278 | natural=0.0674 | clipped=0.0674(上限20.0)
26-01-05-58 原始规范坐标 G(Re Σrow_mean) = +22.5338 | 累计|g| = 11.5862
26-01-05-58 Ψ矩阵条件数 cond(Ψ) = 4.54e+00
26-01-05-58 Loss=-30.524733 | E0=-7.76403148+0.00011767j | E1=-7.66568111+0.00016347j|E2=-7.63479774+0.00304183j|E3=-7.46022242-0.00381688j
26-01-05-58 #-----------------------------------------#
26-01-05-58 [Step  32] logΨ: mean=8.460+0.299j | min=3.694+1.696j | max=9.019+3.066j
26-01-05-58 梯度监控 | raw=74.3051 | natural=0.0938 | clipped=0.0938(上限20.0)
26-01-05-58 原始规范坐标 G(Re Σrow_mean) = +23.1205 | 累计|g| = 11.5862
26-01-05-58 Ψ矩阵条件数 cond(Ψ) = 6.37e+00
26-01-05-58 Loss=-30.490145 | E0=-7.75404593-0.00111874j | E1=-7.66481859+0.00012125j|E2=-7.62089558+0.00179100j|E3=-7.45038505-0.00069801j
26-01-05-58 #-----------------------------------------#
26-01-05-58 [Step  33] logΨ: mean=8.213+0.015j | min=3.716-0.444j | max=8.767+2.633j
26-01-05-58 梯度监控 | raw=66.3403 | natural=0.0990 | clipped=0.0990(上限20.0)
26-01-05-58 原始规范坐标 G(Re Σrow_mean) = +22.8494 | 累计|g| = 11.5862
26-01-05-58 Ψ矩阵条件数 cond(Ψ) = 1.37e+01
26-01-05-58 Loss=-30.514744 | E0=-7.76600483-0.00022710j | E1=-7.66587337+0.00189823j|E2=-7.63044740-0.00156603j|E3=-7.45241806+0.00118601j
26-01-05-58 #-----------------------------------------#
26-01-05-58 [Step  34] logΨ: mean=9.161+0.382j | min=2.527-0.388j | max=9.712+2.987j
26-01-05-58 梯度监控 | raw=66.9415 | natural=0.1431 | clipped=0.1431(上限20.0)
26-01-05-58 原始规范坐标 G(Re Σrow_mean) = +23.6091 | 累计|g| = 11.5862
26-01-05-58 Ψ矩阵条件数 cond(Ψ) = 6.34e+00
26-01-05-58 Loss=-30.574891 | E0=-7.76284842-0.00132881j | E1=-7.66725056-0.00222257j|E2=-7.62967762+0.00357924j|E3=-7.51511440+0.00364949j
26-01-05-58 #-----------------------------------------#
26-01-05-58 [Step  35] logΨ: mean=9.216-0.120j | min=5.799-1.519j | max=9.760+2.580j
26-01-05-58 梯度监控 | raw=75.5044 | natural=0.0603 | clipped=0.0603(上限20.0)
26-01-05-58 原始规范坐标 G(Re Σrow_mean) = +23.6744 | 累计|g| = 11.5862
26-01-05-58 Ψ矩阵条件数 cond(Ψ) = 1.45e+01
26-01-05-58 Loss=-30.556492 | E0=-7.76107900+0.00309776j | E1=-7.66819483-0.00208543j|E2=-7.64347341-0.00038706j|E3=-7.48374515-0.00114925j
26-01-05-58 #-----------------------------------------#
26-01-05-58 [Step  36] logΨ: mean=9.962+0.138j | min=4.701+1.620j | max=10.536+2.794j
26-01-05-58 梯度监控 | raw=66.8061 | natural=0.1097 | clipped=0.1097(上限20.0)
26-01-05-58 原始规范坐标 G(Re Σrow_mean) = +24.1405 | 累计|g| = 11.5862
26-01-05-58 Ψ矩阵条件数 cond(Ψ) = 1.86e+01
26-01-05-58 Loss=-30.601511 | E0=-7.77566564+0.00123186j | E1=-7.66886368+0.00178856j|E2=-7.64762756+0.00269949j|E3=-7.50935406+0.00110881j
26-01-05-58 #-----------------------------------------#
26-01-05-58 [Step  37] logΨ: mean=10.537-0.469j | min=5.024-0.480j | max=11.163+1.852j
26-01-05-58 梯度监控 | raw=76.7254 | natural=0.0556 | clipped=0.0556(上限20.0)
26-01-05-58 原始规范坐标 G(Re Σrow_mean) = +24.5634 | 累计|g| = 11.5862
26-01-05-58 Ψ矩阵条件数 cond(Ψ) = 2.09e+01
26-01-05-58 Loss=-30.603426 | E0=-7.77493938-0.00170081j | E1=-7.66673189+0.00095561j|E2=-7.64001536+0.00698568j|E3=-7.52173932-0.00239241j
26-01-05-58 #-----------------------------------------#
26-01-05-58 [Step  38] logΨ: mean=11.151-0.053j | min=5.489+1.723j | max=11.683+1.712j
26-01-05-58 梯度监控 | raw=67.7355 | natural=0.0832 | clipped=0.0832(上限20.0)
26-01-05-58 原始规范坐标 G(Re Σrow_mean) = +24.8075 | 累计|g| = 11.5862
26-01-05-58 Ψ矩阵条件数 cond(Ψ) = 4.10e+00
26-01-05-58 Loss=-30.689272 | E0=-7.78899721-0.00090867j | E1=-7.67235288+0.00090760j|E2=-7.64975959+0.00204545j|E3=-7.57816233-0.00508681j
26-01-05-58 #-----------------------------------------#
26-01-05-58 [Step  39] logΨ: mean=10.955-0.252j | min=7.322-2.085j | max=11.473+1.588j
26-01-05-58 梯度监控 | raw=66.9361 | natural=0.0238 | clipped=0.0238(上限20.0)
26-01-05-58 原始规范坐标 G(Re Σrow_mean) = +24.7571 | 累计|g| = 11.5862
26-01-05-58 Ψ矩阵条件数 cond(Ψ) = 4.09e+00
26-01-05-58 Loss=-30.693151 | E0=-7.79039847+0.00076977j | E1=-7.67373535-0.00021977j|E2=-7.65486534-0.00267117j|E3=-7.57415194+0.00021123j
26-01-05-58 #-----------------------------------------#
26-01-05-58 [保存] Step 39 → pickle 文件已更新 (40 条记录)
26-01-05-58 [GaugeReset@40] 吸收 Δg = Σ Re(col_mean) = +24.7571 | 新|g| = 13.2540
26-01-05-58 [Step  40] logΨ: mean=7.702+0.173j | min=3.688+1.740j | max=8.284+0.245j
26-01-05-58 梯度监控 | raw=66.7260 | natural=0.0796 | clipped=0.0796(上限20.0)
26-01-05-58 原始规范坐标 G(Re Σrow_mean) = +24.6978 | 累计|g| = 13.2540
26-01-05-58 Ψ矩阵条件数 cond(Ψ) = 8.32e+00
26-01-05-58 Loss=-30.685359 | E0=-7.79336097+0.00129911j | E1=-7.67268600+0.00130865j|E2=-7.64839129+0.00098030j|E3=-7.57092094-0.00263837j
26-01-05-58 #-----------------------------------------#
26-01-05-58 [Step  41] logΨ: mean=8.338-0.171j | min=3.304+2.534j | max=8.976+0.169j
26-01-05-58 梯度监控 | raw=69.2902 | natural=0.0853 | clipped=0.0853(上限20.0)
26-01-05-58 原始规范坐标 G(Re Σrow_mean) = +25.1337 | 累计|g| = 13.2540
26-01-05-58 Ψ矩阵条件数 cond(Ψ) = 7.72e+00
26-01-05-58 Loss=-30.658120 | E0=-7.78769993+0.00091202j | E1=-7.67221435-0.00113595j|E2=-7.64928868+0.00049172j|E3=-7.54891729+0.00031485j
26-01-05-58 #-----------------------------------------#
26-01-05-58 [Step  42] logΨ: mean=8.332-0.233j | min=5.430+1.861j | max=8.891+0.171j
26-01-05-58 梯度监控 | raw=60.4044 | natural=0.0191 | clipped=0.0191(上限20.0)
26-01-05-58 原始规范坐标 G(Re Σrow_mean) = +25.0832 | 累计|g| = 13.2540
26-01-05-58 Ψ矩阵条件数 cond(Ψ) = 7.61e+00
26-01-05-58 Loss=-30.727200 | E0=-7.79456088+0.00017848j | E1=-7.67982704+0.00085003j|E2=-7.65913675-0.00045434j|E3=-7.59367490-0.00317088j
26-01-05-58 #-----------------------------------------#
26-01-05-58 [Step  43] logΨ: mean=8.278+0.447j | min=2.516+1.911j | max=8.938+1.003j
26-01-05-58 梯度监控 | raw=74.2616 | natural=0.2857 | clipped=0.2857(上限20.0)
26-01-05-58 原始规范坐标 G(Re Σrow_mean) = +25.1189 | 累计|g| = 13.2540
26-01-05-58 Ψ矩阵条件数 cond(Ψ) = 6.31e+00
26-01-05-58 Loss=-30.688086 | E0=-7.79265221-0.00060697j | E1=-7.67354772+0.00014111j|E2=-7.65056717+0.00225278j|E3=-7.57131880+0.00106257j
26-01-05-58 #-----------------------------------------#
26-01-05-58 [Step  44] logΨ: mean=9.252+0.008j | min=2.591+1.819j | max=9.842+1.292j
26-01-05-58 梯度监控 | raw=62.7220 | natural=0.1179 | clipped=0.1179(上限20.0)
26-01-05-58 原始规范坐标 G(Re Σrow_mean) = +25.7134 | 累计|g| = 13.2540
26-01-05-58 Ψ矩阵条件数 cond(Ψ) = 7.55e+00
26-01-05-58 Loss=-30.714106 | E0=-7.80243661+0.00071591j | E1=-7.67622756-0.00143524j|E2=-7.65356337+0.00198303j|E3=-7.58187865-0.00191845j
26-01-05-58 #-----------------------------------------#
26-01-05-58 [Step  45] logΨ: mean=9.234+0.256j | min=3.938+0.544j | max=9.815+1.304j
26-01-05-58 梯度监控 | raw=64.1972 | natural=0.0468 | clipped=0.0468(上限20.0)
26-01-05-58 原始规范坐标 G(Re Σrow_mean) = +25.5439 | 累计|g| = 13.2540
26-01-05-58 Ψ矩阵条件数 cond(Ψ) = 6.25e+00
26-01-05-58 Loss=-30.747504 | E0=-7.80238858-0.00101655j | E1=-7.67983185+0.00295540j|E2=-7.65837826+0.00112720j|E3=-7.60690566-0.00439337j
26-01-05-58 #-----------------------------------------#
26-01-05-58 [Step  46] logΨ: mean=8.193+0.402j | min=1.234+0.416j | max=8.673+1.155j
26-01-05-58 梯度监控 | raw=54.7161 | natural=0.1205 | clipped=0.1205(上限20.0)
26-01-05-58 原始规范坐标 G(Re Σrow_mean) = +24.9604 | 累计|g| = 13.2540
26-01-05-58 Ψ矩阵条件数 cond(Ψ) = 6.89e+00
26-01-05-58 Loss=-30.782624 | E0=-7.80906552+0.00072115j | E1=-7.69069638+0.00177706j|E2=-7.66302660-0.00063572j|E3=-7.61983558-0.00114802j
26-01-05-58 #-----------------------------------------#
26-01-05-58 [Step  47] logΨ: mean=9.459-0.307j | min=3.338+0.018j | max=9.936+2.251j
26-01-05-58 梯度监控 | raw=40.8926 | natural=0.1830 | clipped=0.1830(上限20.0)
26-01-05-58 原始规范坐标 G(Re Σrow_mean) = +25.7366 | 累计|g| = 13.2540
26-01-05-58 Ψ矩阵条件数 cond(Ψ) = 1.49e+01
26-01-05-58 Loss=-30.770526 | E0=-7.80841402-0.00148639j | E1=-7.68554618-0.00158324j|E2=-7.65261460+0.00269785j|E3=-7.62395105-0.00145674j
26-01-05-58 #-----------------------------------------#
26-01-05-58 [Step  48] logΨ: mean=9.375-0.259j | min=5.522-1.758j | max=9.855+2.211j
26-01-05-58 梯度监控 | raw=90.0213 | natural=0.0164 | clipped=0.0164(上限20.0)
26-01-05-58 原始规范坐标 G(Re Σrow_mean) = +25.7584 | 累计|g| = 13.2540
26-01-05-58 Ψ矩阵条件数 cond(Ψ) = 8.89e+00
26-01-05-58 Loss=-30.769792 | E0=-7.80270258+0.00220782j | E1=-7.68688847+0.00121298j|E2=-7.66108947-0.00045646j|E3=-7.61911192-0.00154600j
26-01-05-58 #-----------------------------------------#
26-01-05-58 [Step  49] logΨ: mean=9.358-0.425j | min=5.177-1.669j | max=9.798+2.157j
26-01-05-58 梯度监控 | raw=70.3462 | natural=0.0174 | clipped=0.0174(上限20.0)
26-01-05-58 原始规范坐标 G(Re Σrow_mean) = +25.6608 | 累计|g| = 13.2540
26-01-05-58 Ψ矩阵条件数 cond(Ψ) = 9.03e+00
26-01-05-58 Loss=-30.794714 | E0=-7.80624041-0.00029779j | E1=-7.68912367-0.00111122j|E2=-7.66230125+0.00030712j|E3=-7.63704898+0.00001254j
26-01-05-58 #-----------------------------------------#
26-01-05-58 [GaugeReset@50] 吸收 Δg = Σ Re(col_mean) = +25.6608 | 新|g| = 13.8120
26-01-05-58 [Step  50] logΨ: mean=7.458+0.059j | min=1.751-1.876j | max=7.936+0.547j
26-01-05-58 梯度监控 | raw=85.2308 | natural=0.1353 | clipped=0.1353(上限20.0)
26-01-05-58 原始规范坐标 G(Re Σrow_mean) = +25.2155 | 累计|g| = 13.8120
26-01-05-58 Ψ矩阵条件数 cond(Ψ) = 4.74e+00
26-01-05-58 Loss=-30.766535 | E0=-7.80120579-0.00147558j | E1=-7.68478486+0.00121651j|E2=-7.66208054+0.00032825j|E3=-7.61846363-0.00055421j
26-01-05-58 #-----------------------------------------#
26-01-05-58 [Step  51] logΨ: mean=7.131+0.295j | min=0.813-2.645j | max=7.572+0.835j
26-01-05-58 梯度监控 | raw=66.7766 | natural=0.1968 | clipped=0.1968(上限20.0)
26-01-05-58 原始规范坐标 G(Re Σrow_mean) = +24.8206 | 累计|g| = 13.8120
26-01-05-58 Ψ矩阵条件数 cond(Ψ) = 9.69e+00
26-01-05-58 Loss=-30.777481 | E0=-7.79977903+0.00044700j | E1=-7.69128155-0.00235065j|E2=-7.66700453-0.00063099j|E3=-7.61941593+0.00336434j
26-01-05-58 #-----------------------------------------#
26-01-05-58 [Step  52] logΨ: mean=7.340-0.057j | min=2.199-2.156j | max=7.764+0.412j
26-01-05-58 梯度监控 | raw=47.2367 | natural=0.1098 | clipped=0.1098(上限20.0)
26-01-05-58 原始规范坐标 G(Re Σrow_mean) = +24.9714 | 累计|g| = 13.8120
26-01-05-58 Ψ矩阵条件数 cond(Ψ) = 4.73e+00
26-01-05-58 Loss=-30.793458 | E0=-7.79904113-0.00123804j | E1=-7.69220374-0.00163779j|E2=-7.66219862+0.00000709j|E3=-7.64001434+0.00111474j
26-01-05-58 #-----------------------------------------#
26-01-05-58 [Step  53] logΨ: mean=7.761+0.350j | min=2.235+0.319j | max=8.212+0.720j
26-01-05-58 梯度监控 | raw=51.2513 | natural=0.1007 | clipped=0.1007(上限20.0)
26-01-05-58 原始规范坐标 G(Re Σrow_mean) = +25.2142 | 累计|g| = 13.8120
26-01-05-58 Ψ矩阵条件数 cond(Ψ) = 1.05e+01
26-01-05-58 Loss=-30.797451 | E0=-7.79958713+0.00051746j | E1=-7.69161981-0.00045960j|E2=-7.66700022+0.00008096j|E3=-7.63924360+0.00086923j
26-01-05-58 #-----------------------------------------#
26-01-05-58 [Step  54] logΨ: mean=7.849+0.326j | min=0.930-0.032j | max=8.286+1.177j
26-01-05-58 梯度监控 | raw=56.4204 | natural=0.2597 | clipped=0.2597(上限20.0)
26-01-05-58 原始规范坐标 G(Re Σrow_mean) = +25.1553 | 累计|g| = 13.8120
26-01-05-58 Ψ矩阵条件数 cond(Ψ) = 8.64e+00
26-01-05-58 Loss=-30.805215 | E0=-7.80426637-0.00086267j | E1=-7.69462392+0.00257543j|E2=-7.66696354-0.00645737j|E3=-7.63936077+0.00235781j
26-01-05-58 #-----------------------------------------#
26-01-05-58 [Step  55] logΨ: mean=7.817+0.513j | min=4.485+0.862j | max=8.172+1.152j
26-01-05-58 梯度监控 | raw=37.5457 | natural=0.0153 | clipped=0.0153(上限20.0)
26-01-05-58 原始规范坐标 G(Re Σrow_mean) = +25.0952 | 累计|g| = 13.8120
26-01-05-58 Ψ矩阵条件数 cond(Ψ) = 8.20e+00
26-01-05-58 Loss=-30.836194 | E0=-7.81606644-0.00002186j | E1=-7.69955933-0.00052336j|E2=-7.66977384+0.00137378j|E3=-7.65079476-0.00036795j
26-01-05-58 #-----------------------------------------#
26-01-05-58 [Step  56] logΨ: mean=7.664+0.536j | min=3.385-0.796j | max=8.027+1.110j
26-01-05-58 梯度监控 | raw=39.0223 | natural=0.0170 | clipped=0.0170(上限20.0)
26-01-05-58 原始规范坐标 G(Re Σrow_mean) = +25.0357 | 累计|g| = 13.8120
26-01-05-58 Ψ矩阵条件数 cond(Ψ) = 6.66e+00
26-01-05-58 Loss=-30.837511 | E0=-7.81675045-0.00007371j | E1=-7.69966800+0.00115058j|E2=-7.67183159+0.00048364j|E3=-7.64926059-0.00141601j
26-01-05-58 #-----------------------------------------#
26-01-05-58 [Step  57] logΨ: mean=7.640+0.292j | min=3.648+0.196j | max=7.969+1.060j
26-01-05-58 梯度监控 | raw=34.5391 | natural=0.0164 | clipped=0.0164(上限20.0)
26-01-05-58 原始规范坐标 G(Re Σrow_mean) = +25.0206 | 累计|g| = 13.8120
26-01-05-58 Ψ矩阵条件数 cond(Ψ) = 7.47e+00
26-01-05-58 Loss=-30.848422 | E0=-7.81857430+0.00029742j | E1=-7.70186657-0.00061296j|E2=-7.67375099-0.00096669j|E3=-7.65422994+0.00017301j
26-01-05-58 #-----------------------------------------#
26-01-05-58 [Step  58] logΨ: mean=7.358-0.462j | min=0.770+1.729j | max=7.978+2.093j
26-01-05-58 梯度监控 | raw=56.8992 | natural=0.0973 | clipped=0.0973(上限20.0)
26-01-05-58 原始规范坐标 G(Re Σrow_mean) = +24.9324 | 累计|g| = 13.8120
26-01-05-58 Ψ矩阵条件数 cond(Ψ) = 6.38e+00
26-01-05-58 Loss=-30.782178 | E0=-7.80294670+0.00237720j | E1=-7.68582255-0.00096857j|E2=-7.66079746-0.00067752j|E3=-7.63261102+0.00411587j
26-01-05-58 #-----------------------------------------#
26-01-05-58 [Step  59] logΨ: mean=7.405-0.556j | min=2.838+1.007j | max=7.828+1.996j
26-01-05-58 梯度监控 | raw=51.3546 | natural=0.1232 | clipped=0.1232(上限20.0)
26-01-05-58 原始规范坐标 G(Re Σrow_mean) = +24.9776 | 累计|g| = 13.8120
26-01-05-58 Ψ矩阵条件数 cond(Ψ) = 1.59e+01
26-01-05-58 Loss=-30.838346 | E0=-7.82504506+0.00103302j | E1=-7.69696730-0.00234574j|E2=-7.67342478+0.00132141j|E3=-7.64290843+0.00009297j
26-01-05-58 #-----------------------------------------#
26-01-05-58 [保存] Step 59 → pickle 文件已更新 (60 条记录)
26-01-05-58 [GaugeReset@60] 吸收 Δg = Σ Re(col_mean) = +24.9776 | 新|g| = 13.3936
26-01-05-58 [Step  60] logΨ: mean=8.109-0.854j | min=4.367+2.596j | max=8.482+1.615j
26-01-05-58 梯度监控 | raw=37.7945 | natural=0.0173 | clipped=0.0173(上限20.0)
26-01-05-58 原始规范坐标 G(Re Σrow_mean) = +24.9886 | 累计|g| = 13.3936
26-01-05-58 Ψ矩阵条件数 cond(Ψ) = 1.35e+01
26-01-05-58 Loss=-30.864936 | E0=-7.82863997-0.00040179j | E1=-7.70378739+0.00034901j|E2=-7.67694324+0.00089064j|E3=-7.65556541+0.00104905j
26-01-05-58 #-----------------------------------------#
26-01-05-58 [Step  61] logΨ: mean=8.928+0.279j | min=2.468+2.471j | max=9.336+1.116j
26-01-05-58 梯度监控 | raw=47.1587 | natural=0.1972 | clipped=0.1972(上限20.0)
26-01-05-58 原始规范坐标 G(Re Σrow_mean) = +25.7909 | 累计|g| = 13.3936
26-01-05-58 Ψ矩阵条件数 cond(Ψ) = 7.13e+00
26-01-05-58 Loss=-30.842277 | E0=-7.82445553+0.00097646j | E1=-7.70185931+0.00090567j|E2=-7.67383048-0.00254184j|E3=-7.64213128+0.00173323j
26-01-05-58 #-----------------------------------------#
26-01-05-58 [Step  62] logΨ: mean=8.916+0.591j | min=4.339+2.265j | max=9.291+1.079j
26-01-05-58 梯度监控 | raw=38.3583 | natural=0.0242 | clipped=0.0242(上限20.0)
26-01-05-58 原始规范坐标 G(Re Σrow_mean) = +25.7034 | 累计|g| = 13.3936
26-01-05-58 Ψ矩阵条件数 cond(Ψ) = 5.74e+00
26-01-05-58 Loss=-30.868098 | E0=-7.83031128+0.00056754j | E1=-7.70275846-0.00020093j|E2=-7.67757932-0.00118162j|E3=-7.65744909+0.00007473j
26-01-05-58 #-----------------------------------------#
26-01-05-58 [Step  63] logΨ: mean=9.057+0.059j | min=3.755-2.533j | max=9.448+0.628j
26-01-05-58 梯度监控 | raw=27.9776 | natural=0.1386 | clipped=0.1386(上限20.0)
26-01-05-58 原始规范坐标 G(Re Σrow_mean) = +25.7160 | 累计|g| = 13.3936
26-01-05-58 Ψ矩阵条件数 cond(Ψ) = 6.08e+00
26-01-05-58 Loss=-30.868575 | E0=-7.83594504+0.00065249j | E1=-7.70052725-0.00239433j|E2=-7.67773323+0.00320963j|E3=-7.65436989-0.00082861j
26-01-05-58 #-----------------------------------------#
26-01-05-58 [Step  64] logΨ: mean=11.758+0.423j | min=7.148+2.820j | max=12.002+0.991j
26-01-05-58 梯度监控 | raw=23.6671 | natural=0.0770 | clipped=0.0770(上限20.0)
26-01-05-58 原始规范坐标 G(Re Σrow_mean) = +27.4322 | 累计|g| = 13.3936
26-01-05-58 Ψ矩阵条件数 cond(Ψ) = 8.57e+00
26-01-05-58 Loss=-30.884579 | E0=-7.83848790+0.00042705j | E1=-7.70710392-0.00200497j|E2=-7.68163882-0.00047129j|E3=-7.65734846-0.00029655j
26-01-05-58 #-----------------------------------------#
26-01-05-58 [Step  65] logΨ: mean=11.281+0.514j | min=6.147-0.267j | max=11.649+3.055j
26-01-05-58 梯度监控 | raw=36.5464 | natural=0.1292 | clipped=0.1292(上限20.0)
26-01-05-58 原始规范坐标 G(Re Σrow_mean) = +27.2501 | 累计|g| = 13.3936
26-01-05-58 Ψ矩阵条件数 cond(Ψ) = 2.43e+01
26-01-05-58 Loss=-30.843140 | E0=-7.81211172+0.00073851j | E1=-7.69974329+0.00044605j|E2=-7.67417951-0.00156917j|E3=-7.65710561+0.00181156j
26-01-05-58 #-----------------------------------------#
26-01-05-58 [Step  66] logΨ: mean=8.235+0.289j | min=1.967+1.041j | max=8.741+0.885j
26-01-05-58 梯度监控 | raw=33.8785 | natural=0.1815 | clipped=0.1815(上限20.0)
26-01-05-58 原始规范坐标 G(Re Σrow_mean) = +25.4891 | 累计|g| = 13.3936
26-01-05-58 Ψ矩阵条件数 cond(Ψ) = 6.33e+00
26-01-05-58 Loss=-30.848931 | E0=-7.81673066+0.00084913j | E1=-7.70378162-0.00083315j|E2=-7.67860840-0.00181893j|E3=-7.64981010+0.00233956j
26-01-05-58 #-----------------------------------------#
26-01-05-58 [Step  67] logΨ: mean=8.262-0.112j | min=5.460+2.515j | max=8.707+0.810j
26-01-05-58 梯度监控 | raw=15.6361 | natural=0.0167 | clipped=0.0167(上限20.0)
26-01-05-58 原始规范坐标 G(Re Σrow_mean) = +25.5532 | 累计|g| = 13.3936
26-01-05-58 Ψ矩阵条件数 cond(Ψ) = 7.77e+00
26-01-05-58 Loss=-30.842913 | E0=-7.79725862-0.00050871j | E1=-7.70720005-0.00141905j|E2=-7.68076788+0.00160586j|E3=-7.65768679-0.00341852j
26-01-05-58 #-----------------------------------------#
26-01-05-58 [Step  68] logΨ: mean=7.888+0.121j | min=1.715+1.705j | max=8.341+0.954j
26-01-05-58 梯度监控 | raw=19.3231 | natural=0.0818 | clipped=0.0818(上限20.0)
26-01-05-58 原始规范坐标 G(Re Σrow_mean) = +25.4605 | 累计|g| = 13.3936
26-01-05-58 Ψ矩阵条件数 cond(Ψ) = 7.73e+00
26-01-05-58 Loss=-30.829499 | E0=-7.78774396+0.00185111j | E1=-7.70495386-0.00144445j|E2=-7.68155572+0.00038296j|E3=-7.65524500-0.00009067j
26-01-05-58 #-----------------------------------------#
26-01-05-58 [Step  69] logΨ: mean=8.177-0.580j | min=3.729-2.575j | max=8.588+0.125j
26-01-05-58 梯度监控 | raw=16.8013 | natural=0.0990 | clipped=0.0990(上限20.0)
26-01-05-58 原始规范坐标 G(Re Σrow_mean) = +25.4489 | 累计|g| = 13.3936
26-01-05-58 Ψ矩阵条件数 cond(Ψ) = 7.13e+00
26-01-05-58 Loss=-30.817844 | E0=-7.77968665+0.00332536j | E1=-7.70369695-0.00073840j|E2=-7.67899874+0.00068441j|E3=-7.65546136+0.00036806j
26-01-05-58 #-----------------------------------------#
26-01-05-58 [GaugeReset@70] 吸收 Δg = Σ Re(col_mean) = +25.4489 | 新|g| = 13.6012
26-01-05-58 [Step  70] logΨ: mean=7.635-0.154j | min=2.398+1.653j | max=7.982+1.357j
26-01-05-58 梯度监控 | raw=10.9799 | natural=0.1476 | clipped=0.1476(上限20.0)
26-01-05-58 原始规范坐标 G(Re Σrow_mean) = +25.4288 | 累计|g| = 13.6012
26-01-05-58 Ψ矩阵条件数 cond(Ψ) = 5.73e+00
26-01-05-58 Loss=-30.847816 | E0=-7.79888343+0.00164978j | E1=-7.71146523+0.00044240j|E2=-7.68307482-0.00336130j|E3=-7.65439217+0.00099856j
26-01-05-58 #-----------------------------------------#
26-01-05-58 [Step  71] logΨ: mean=7.410-0.078j | min=2.708-1.444j | max=7.760+1.584j
26-01-05-58 梯度监控 | raw=13.8852 | natural=0.1507 | clipped=0.1507(上限20.0)
26-01-05-58 原始规范坐标 G(Re Σrow_mean) = +25.4909 | 累计|g| = 13.6012
26-01-05-58 Ψ矩阵条件数 cond(Ψ) = 6.90e+00
26-01-05-58 Loss=-30.844689 | E0=-7.79819962-0.00642950j | E1=-7.70947093+0.00315838j|E2=-7.68234325-0.00234790j|E3=-7.65467474+0.00103758j
26-01-05-58 #-----------------------------------------#
26-01-05-58 [Step  72] logΨ: mean=7.501-0.110j | min=3.808-2.760j | max=7.788+1.553j
26-01-05-58 梯度监控 | raw=8.4434 | natural=0.0275 | clipped=0.0275(上限20.0)
26-01-05-58 原始规范坐标 G(Re Σrow_mean) = +25.5500 | 累计|g| = 13.6012
26-01-05-58 Ψ矩阵条件数 cond(Ψ) = 6.32e+00
26-01-05-58 Loss=-30.858397 | E0=-7.80311432+0.00097463j | E1=-7.71179064-0.00027058j|E2=-7.68605772+0.00044486j|E3=-7.65743470-0.00071395j
26-01-05-58 #-----------------------------------------#
26-01-05-58 [Step  73] logΨ: mean=7.534-0.470j | min=2.798+1.801j | max=7.819+1.261j
26-01-05-58 梯度监控 | raw=9.1649 | natural=0.0392 | clipped=0.0392(上限20.0)
26-01-05-58 原始规范坐标 G(Re Σrow_mean) = +25.4940 | 累计|g| = 13.6012
26-01-05-58 Ψ矩阵条件数 cond(Ψ) = 5.80e+00
26-01-05-58 Loss=-30.853291 | E0=-7.80135155+0.00149145j | E1=-7.71122488-0.00162337j|E2=-7.68486162+0.00209666j|E3=-7.65585325-0.00074637j
26-01-05-58 #-----------------------------------------#
26-01-05-58 [Step  74] logΨ: mean=7.736-0.253j | min=1.712+0.370j | max=8.055+1.248j
26-01-05-58 梯度监控 | raw=8.3501 | natural=0.2100 | clipped=0.2100(上限20.0)
26-01-05-58 原始规范坐标 G(Re Σrow_mean) = +25.7474 | 累计|g| = 13.6012
26-01-05-58 Ψ矩阵条件数 cond(Ψ) = 5.94e+00
26-01-05-58 Loss=-30.851834 | E0=-7.80495835+0.00133886j | E1=-7.71253381+0.00007491j|E2=-7.68131326-0.00083359j|E3=-7.65302838+0.00039654j
26-01-05-58 #-----------------------------------------#
26-01-05-58 [Step  75] logΨ: mean=7.911-0.507j | min=3.520+0.422j | max=8.176+1.212j
26-01-05-58 梯度监控 | raw=9.2859 | natural=0.1095 | clipped=0.1095(上限20.0)
26-01-05-58 原始规范坐标 G(Re Σrow_mean) = +25.8621 | 累计|g| = 13.6012
26-01-05-58 Ψ矩阵条件数 cond(Ψ) = 6.07e+00
26-01-05-58 Loss=-30.860924 | E0=-7.80536209+0.00084259j | E1=-7.71394553-0.00269567j|E2=-7.68331189+0.00047127j|E3=-7.65830446+0.00049406j
26-01-05-58 #-----------------------------------------#
26-01-05-58 [Step  76] logΨ: mean=8.030-0.145j | min=3.108+2.494j | max=8.304+1.162j
26-01-05-58 梯度监控 | raw=9.0672 | natural=0.0655 | clipped=0.0655(上限20.0)
26-01-05-58 原始规范坐标 G(Re Σrow_mean) = +25.8588 | 累计|g| = 13.6012
26-01-05-58 Ψ矩阵条件数 cond(Ψ) = 6.11e+00
26-01-05-58 Loss=-30.858927 | E0=-7.80549026+0.00017229j | E1=-7.71206631-0.00021320j|E2=-7.68255218-0.00008024j|E3=-7.65881791-0.00012613j
26-01-05-58 #-----------------------------------------#
26-01-05-58 [Step  77] logΨ: mean=8.049-0.435j | min=3.351+1.294j | max=8.334+1.122j
26-01-05-58 梯度监控 | raw=9.1612 | natural=0.0153 | clipped=0.0153(上限20.0)
26-01-05-58 原始规范坐标 G(Re Σrow_mean) = +25.8377 | 累计|g| = 13.6012
26-01-05-58 Ψ矩阵条件数 cond(Ψ) = 6.01e+00
26-01-05-58 Loss=-30.863046 | E0=-7.80691990-0.00148074j | E1=-7.71173907+0.00030496j|E2=-7.68526966-0.00003118j|E3=-7.65911745+0.00009757j
26-01-05-58 #-----------------------------------------#
26-01-05-58 [Step  78] logΨ: mean=8.131-0.415j | min=4.760+2.721j | max=8.377+1.085j
26-01-05-58 梯度监控 | raw=9.4505 | natural=0.0165 | clipped=0.0165(上限20.0)
26-01-05-58 原始规范坐标 G(Re Σrow_mean) = +25.8672 | 累计|g| = 13.6012
26-01-05-58 Ψ矩阵条件数 cond(Ψ) = 5.98e+01
26-01-05-58 Loss=-30.866134 | E0=-7.80807036-0.00065458j | E1=-7.71364909-0.00019403j|E2=-7.68485777-0.00141324j|E3=-7.65955692+0.00118883j
26-01-05-58 #-----------------------------------------#
26-01-05-58 [Step  79] logΨ: mean=8.658+0.331j | min=2.651-1.369j | max=8.979+0.810j
26-01-05-58 梯度监控 | raw=8.7699 | natural=0.2193 | clipped=0.2193(上限20.0)
26-01-05-58 原始规范坐标 G(Re Σrow_mean) = +26.2202 | 累计|g| = 13.6012
26-01-05-58 Ψ矩阵条件数 cond(Ψ) = 6.99e+00
26-01-05-58 Loss=-30.847148 | E0=-7.81395930+0.00269839j | E1=-7.70962691-0.00139740j|E2=-7.68210968+0.00261564j|E3=-7.64145211-0.00191513j
26-01-05-58 #-----------------------------------------#
26-01-05-58 [保存] Step 79 → pickle 文件已更新 (80 条记录)
26-01-05-58 [GaugeReset@80] 吸收 Δg = Σ Re(col_mean) = +26.2202 | 新|g| = 13.7602
26-01-05-58 [Step  80] logΨ: mean=8.216-0.022j | min=2.668-1.349j | max=8.496+0.665j
26-01-05-58 梯度监控 | raw=12.3831 | natural=0.1281 | clipped=0.1281(上限20.0)
26-01-05-58 原始规范坐标 G(Re Σrow_mean) = +26.3742 | 累计|g| = 13.7602
26-01-05-58 Ψ矩阵条件数 cond(Ψ) = 6.65e+00
26-01-05-58 Loss=-30.861541 | E0=-7.80925932+0.00281335j | E1=-7.71139107-0.00239265j|E2=-7.68447840+0.00075534j|E3=-7.65641204-0.00210472j
26-01-05-58 #-----------------------------------------#
26-01-05-58 [Step  81] logΨ: mean=8.256+0.006j | min=3.293-1.929j | max=8.506+0.639j
26-01-05-58 梯度监控 | raw=12.1455 | natural=0.0126 | clipped=0.0126(上限20.0)
26-01-05-58 原始规范坐标 G(Re Σrow_mean) = +26.3543 | 累计|g| = 13.7602
26-01-05-58 Ψ矩阵条件数 cond(Ψ) = 6.93e+00
26-01-05-58 Loss=-30.872886 | E0=-7.81093451+0.00016895j | E1=-7.71232660-0.00016277j|E2=-7.68753318+0.00018920j|E3=-7.66209197+0.00000581j
26-01-05-58 #-----------------------------------------#
26-01-05-58 [Step  82] logΨ: mean=8.264+0.044j | min=3.242-0.277j | max=8.543+0.611j
26-01-05-58 梯度监控 | raw=10.8977 | natural=0.0126 | clipped=0.0126(上限20.0)
26-01-05-58 原始规范坐标 G(Re Σrow_mean) = +26.2901 | 累计|g| = 13.7602
26-01-05-58 Ψ矩阵条件数 cond(Ψ) = 8.70e+00
26-01-05-58 Loss=-30.877612 | E0=-7.81918270-0.00152100j | E1=-7.71062957+0.00154867j|E2=-7.68634333-0.00076848j|E3=-7.66145668+0.00069551j
26-01-05-58 #-----------------------------------------#
26-01-05-58 [Step  83] logΨ: mean=8.327-0.092j | min=3.509+0.627j | max=8.583+0.583j
26-01-05-58 梯度监控 | raw=11.8437 | natural=0.0122 | clipped=0.0122(上限20.0)
26-01-05-58 原始规范坐标 G(Re Σrow_mean) = +26.3097 | 累计|g| = 13.7602
26-01-05-58 Ψ矩阵条件数 cond(Ψ) = 5.55e+00
26-01-05-58 Loss=-30.880062 | E0=-7.81729324+0.00074683j | E1=-7.71478882+0.00059055j|E2=-7.68653422-0.00043243j|E3=-7.66144573-0.00083164j
26-01-05-58 #-----------------------------------------#
26-01-05-58 [Step  84] logΨ: mean=8.838-0.148j | min=1.528+0.367j | max=9.059+1.321j
26-01-05-58 梯度监控 | raw=14.6519 | natural=0.1635 | clipped=0.1635(上限20.0)
26-01-05-58 原始规范坐标 G(Re Σrow_mean) = +26.4248 | 累计|g| = 13.7602
26-01-05-58 Ψ矩阵条件数 cond(Ψ) = 4.96e+00
26-01-05-58 Loss=-30.866840 | E0=-7.81224258-0.00012812j | E1=-7.71267761-0.00287387j|E2=-7.68461313+0.00101743j|E3=-7.65730664-0.00089722j
26-01-05-58 #-----------------------------------------#
26-01-05-58 [Step  85] logΨ: mean=9.017-0.363j | min=3.182-2.205j | max=9.255+1.297j
26-01-05-58 梯度监控 | raw=13.2993 | natural=0.0632 | clipped=0.0632(上限20.0)
26-01-05-58 原始规范坐标 G(Re Σrow_mean) = +26.4606 | 累计|g| = 13.7602
26-01-05-58 Ψ矩阵条件数 cond(Ψ) = 6.03e+00
26-01-05-58 Loss=-30.881608 | E0=-7.81893904+0.00009696j | E1=-7.71357479+0.00041955j|E2=-7.68779415-0.00126499j|E3=-7.66130032-0.00059131j
26-01-05-58 #-----------------------------------------#
26-01-05-58 [Step  86] logΨ: mean=9.068-0.317j | min=3.289-3.114j | max=9.299+1.265j
26-01-05-58 梯度监控 | raw=13.1354 | natural=0.0126 | clipped=0.0126(上限20.0)
26-01-05-58 原始规范坐标 G(Re Σrow_mean) = +26.4262 | 累计|g| = 13.7602
26-01-05-58 Ψ矩阵条件数 cond(Ψ) = 3.37e+01
26-01-05-58 Loss=-30.883830 | E0=-7.82109950-0.00039887j | E1=-7.71374226-0.00025123j|E2=-7.68817066-0.00111397j|E3=-7.66081791+0.00052884j
26-01-05-58 #-----------------------------------------#
26-01-05-58 [Step  87] logΨ: mean=9.362-0.129j | min=3.999-0.576j | max=9.549+1.402j
26-01-05-58 梯度监控 | raw=13.8595 | natural=0.0504 | clipped=0.0504(上限20.0)
26-01-05-58 原始规范坐标 G(Re Σrow_mean) = +26.6436 | 累计|g| = 13.7602
26-01-05-58 Ψ矩阵条件数 cond(Ψ) = 1.04e+01
26-01-05-58 Loss=-30.884072 | E0=-7.81954794-0.00063056j | E1=-7.71550362-0.00019464j|E2=-7.68787746+0.00014656j|E3=-7.66114326+0.00061317j
26-01-05-58 #-----------------------------------------#
26-01-05-58 [Step  88] logΨ: mean=9.422-0.060j | min=3.792+2.845j | max=9.598+1.375j
26-01-05-58 梯度监控 | raw=14.3092 | natural=0.0261 | clipped=0.0261(上限20.0)
26-01-05-58 原始规范坐标 G(Re Σrow_mean) = +26.6328 | 累计|g| = 13.7602
26-01-05-58 Ψ矩阵条件数 cond(Ψ) = 2.95e+01
26-01-05-58 Loss=-30.888727 | E0=-7.82451038-0.00048557j | E1=-7.71560747+0.00000089j|E2=-7.68691000-0.00035222j|E3=-7.66169934+0.00036583j
26-01-05-58 #-----------------------------------------#
26-01-05-58 [Step  89] logΨ: mean=9.429-0.266j | min=5.685+0.212j | max=9.637+0.353j
26-01-05-58 梯度监控 | raw=14.6568 | natural=0.0112 | clipped=0.0112(上限20.0)
26-01-05-58 原始规范坐标 G(Re Σrow_mean) = +26.5938 | 累计|g| = 13.7602
26-01-05-58 Ψ矩阵条件数 cond(Ψ) = 4.17e+00
26-01-05-58 Loss=-30.889128 | E0=-7.82220326-0.00013291j | E1=-7.71498872+0.00046755j|E2=-7.68755396-0.00057577j|E3=-7.66438237+0.00060192j
26-01-05-58 #-----------------------------------------#
26-01-05-58 [GaugeReset@90] 吸收 Δg = Σ Re(col_mean) = +26.5938 | 新|g| = 13.8687
26-01-05-58 [Step  90] logΨ: mean=9.190+0.284j | min=5.901+0.605j | max=9.314+3.102j
26-01-05-58 梯度监控 | raw=15.1651 | natural=0.0080 | clipped=0.0080(上限20.0)
26-01-05-58 原始规范坐标 G(Re Σrow_mean) = +26.6580 | 累计|g| = 13.8687
26-01-05-58 Ψ矩阵条件数 cond(Ψ) = 9.31e+00
26-01-05-58 Loss=-30.888580 | E0=-7.82423920+0.00011193j | E1=-7.71602533-0.00002584j|E2=-7.68775353+0.00088514j|E3=-7.66056156-0.00179967j
26-01-05-58 #-----------------------------------------#
26-01-05-58 [Step  91] logΨ: mean=9.424-0.404j | min=4.248-2.236j | max=9.597+0.070j
26-01-05-58 梯度监控 | raw=13.2458 | natural=0.0463 | clipped=0.0463(上限20.0)
26-01-05-58 原始规范坐标 G(Re Σrow_mean) = +26.7341 | 累计|g| = 13.8687
26-01-05-58 Ψ矩阵条件数 cond(Ψ) = 3.00e+01
26-01-05-58 Loss=-30.891459 | E0=-7.82739445-0.00045144j | E1=-7.71566195+0.00057591j|E2=-7.68665048-0.00053791j|E3=-7.66175206+0.00091812j
26-01-05-58 #-----------------------------------------#
26-01-05-58 [Step  92] logΨ: mean=9.441-0.283j | min=4.449-2.100j | max=9.641+0.024j
26-01-05-58 梯度监控 | raw=16.2248 | natural=0.0110 | clipped=0.0110(上限20.0)
26-01-05-58 原始规范坐标 G(Re Σrow_mean) = +26.7418 | 累计|g| = 13.8687
26-01-05-58 Ψ矩阵条件数 cond(Ψ) = 6.51e+00
26-01-05-58 Loss=-30.889517 | E0=-7.82244269-0.00054750j | E1=-7.71438000+0.00055662j|E2=-7.68778061+0.00035684j|E3=-7.66491409-0.00008314j
26-01-05-58 #-----------------------------------------#
26-01-05-58 [Step  93] logΨ: mean=9.500+0.342j | min=5.037+0.755j | max=9.687+3.129j
26-01-05-58 梯度监控 | raw=15.7404 | natural=0.0094 | clipped=0.0094(上限20.0)
26-01-05-58 原始规范坐标 G(Re Σrow_mean) = +26.7228 | 累计|g| = 13.8687
26-01-05-58 Ψ矩阵条件数 cond(Ψ) = 2.60e+01
26-01-05-58 Loss=-30.892286 | E0=-7.82519727-0.00005955j | E1=-7.71544690+0.00068596j|E2=-7.68847943+0.00048441j|E3=-7.66316246-0.00090123j
26-01-05-58 #-----------------------------------------#
26-01-05-58 [Step  94] logΨ: mean=9.571+0.301j | min=4.370-2.041j | max=9.771+3.083j
26-01-05-58 梯度监控 | raw=15.5549 | natural=0.0106 | clipped=0.0106(上限20.0)
26-01-05-58 原始规范坐标 G(Re Σrow_mean) = +26.7321 | 累计|g| = 13.8687
26-01-05-58 Ψ矩阵条件数 cond(Ψ) = 6.39e+00
26-01-05-58 Loss=-30.894221 | E0=-7.82610801+0.00021257j | E1=-7.71543914+0.00030511j|E2=-7.68839488-0.00038561j|E3=-7.66427849+0.00047403j
26-01-05-58 #-----------------------------------------#
26-01-05-59 [Step  95] logΨ: mean=9.643+0.312j | min=5.545+0.199j | max=9.839+3.029j
26-01-05-59 梯度监控 | raw=14.4843 | natural=0.0088 | clipped=0.0088(上限20.0)
26-01-05-59 原始规范坐标 G(Re Σrow_mean) = +26.7414 | 累计|g| = 13.8687
26-01-05-59 Ψ矩阵条件数 cond(Ψ) = 9.60e+00
26-01-05-59 Loss=-30.897551 | E0=-7.83106856+0.00004211j | E1=-7.71490297-0.00113244j|E2=-7.68823036+0.00010476j|E3=-7.66334869+0.00022098j
26-01-05-59 #-----------------------------------------#
26-01-05-59 [Step  96] logΨ: mean=9.690+0.237j | min=5.579-2.882j | max=9.929+2.977j
26-01-05-59 梯度监控 | raw=16.2022 | natural=0.0089 | clipped=0.0089(上限20.0)
26-01-05-59 原始规范坐标 G(Re Σrow_mean) = +26.7622 | 累计|g| = 13.8687
26-01-05-59 Ψ矩阵条件数 cond(Ψ) = 4.29e+00
26-01-05-59 Loss=-30.893955 | E0=-7.82770471+0.00049665j | E1=-7.71488406-0.00053258j|E2=-7.68730412+0.00059649j|E3=-7.66406255-0.00017993j
26-01-05-59 #-----------------------------------------#
26-01-05-59 [Step  97] logΨ: mean=10.061+0.072j | min=3.829-2.117j | max=10.252+0.673j
26-01-05-59 梯度监控 | raw=18.9366 | natural=0.1500 | clipped=0.1500(上限20.0)
26-01-05-59 原始规范坐标 G(Re Σrow_mean) = +26.9469 | 累计|g| = 13.8687
26-01-05-59 Ψ矩阵条件数 cond(Ψ) = 6.04e+00
26-01-05-59 Loss=-30.892797 | E0=-7.82822724-0.00026267j | E1=-7.71549208-0.00017805j|E2=-7.68913679+0.00116624j|E3=-7.65994065+0.00104116j
26-01-05-59 #-----------------------------------------#
26-01-05-59 [Step  98] logΨ: mean=10.524+0.040j | min=3.762-2.171j | max=10.713+0.679j
26-01-05-59 梯度监控 | raw=11.2939 | natural=0.0723 | clipped=0.0723(上限20.0)
26-01-05-59 原始规范坐标 G(Re Σrow_mean) = +27.0829 | 累计|g| = 13.8687
26-01-05-59 Ψ矩阵条件数 cond(Ψ) = 4.75e+00
26-01-05-59 Loss=-30.893620 | E0=-7.83300605+0.00004990j | E1=-7.71530228-0.00053861j|E2=-7.68572169-0.00188236j|E3=-7.65958953+0.00096753j
26-01-05-59 #-----------------------------------------#
26-01-05-59 [Step  99] logΨ: mean=10.981+0.473j | min=4.503+2.060j | max=11.163+3.131j
26-01-05-59 梯度监控 | raw=13.7889 | natural=0.1558 | clipped=0.1558(上限20.0)
26-01-05-59 原始规范坐标 G(Re Σrow_mean) = +27.0558 | 累计|g| = 13.8687
26-01-05-59 Ψ矩阵条件数 cond(Ψ) = 7.05e+00
26-01-05-59 Loss=-30.899320 | E0=-7.83522117-0.00003214j | E1=-7.71685375-0.00166719j|E2=-7.68693159-0.00098819j|E3=-7.66031400-0.00068162j
26-01-05-59 #-----------------------------------------#
26-01-05-59 [保存] Step 99 → pickle 文件已更新 (100 条记录)
26-01-05-59 [GaugeReset@100] 吸收 Δg = Σ Re(col_mean) = +27.0558 | 新|g| = 14.0556
26-01-05-59 [Step 100] logΨ: mean=10.440-0.226j | min=6.223+0.128j | max=10.685+0.098j
26-01-05-59 梯度监控 | raw=15.9127 | natural=0.0093 | clipped=0.0093(上限20.0)
26-01-05-59 原始规范坐标 G(Re Σrow_mean) = +27.0309 | 累计|g| = 14.0556
26-01-05-59 Ψ矩阵条件数 cond(Ψ) = 9.17e+00
26-01-05-59 Loss=-30.902666 | E0=-7.83453730+0.00022321j | E1=-7.71570247+0.00010280j|E2=-7.68836993+0.00067496j|E3=-7.66405675-0.00112530j
26-01-05-59 #-----------------------------------------#
26-01-05-59 [Step 101] logΨ: mean=10.444-0.176j | min=6.481-0.787j | max=10.712+0.059j
26-01-05-59 梯度监控 | raw=17.1048 | natural=0.0096 | clipped=0.0096(上限20.0)
26-01-05-59 原始规范坐标 G(Re Σrow_mean) = +26.9981 | 累计|g| = 14.0556
26-01-05-59 Ψ矩阵条件数 cond(Ψ) = 6.27e+00
26-01-05-59 Loss=-30.901367 | E0=-7.83188715+0.00130902j | E1=-7.71508998+0.00049763j|E2=-7.68962259+0.00032520j|E3=-7.66476756-0.00078154j
26-01-05-59 #-----------------------------------------#
26-01-05-59 [Step 102] logΨ: mean=10.475-0.444j | min=6.585+1.929j | max=10.729+0.036j
26-01-05-59 梯度监控 | raw=15.1175 | natural=0.0083 | clipped=0.0083(上限20.0)
26-01-05-59 原始规范坐标 G(Re Σrow_mean) = +27.0043 | 累计|g| = 14.0556
26-01-05-59 Ψ矩阵条件数 cond(Ψ) = 6.30e+00
26-01-05-59 Loss=-30.907129 | E0=-7.83711762-0.00013900j | E1=-7.71554216-0.00043210j|E2=-7.69004857+0.00019331j|E3=-7.66442049+0.00080471j
26-01-05-59 #-----------------------------------------#
26-01-05-59 [Step 103] logΨ: mean=10.434+0.067j | min=4.776-2.675j | max=10.674+0.242j
26-01-05-59 梯度监控 | raw=14.7598 | natural=0.0823 | clipped=0.0823(上限20.0)
26-01-05-59 原始规范坐标 G(Re Σrow_mean) = +27.0081 | 累计|g| = 14.0556
26-01-05-59 Ψ矩阵条件数 cond(Ψ) = 4.34e+00
26-01-05-59 Loss=-30.911652 | E0=-7.83907626-0.00031315j | E1=-7.71618645+0.00099448j|E2=-7.68987233-0.00052037j|E3=-7.66651704+0.00031820j
26-01-05-59 #-----------------------------------------#
26-01-05-59 [Step 104] logΨ: mean=10.439-0.046j | min=7.189-0.035j | max=10.715+0.240j
26-01-05-59 梯度监控 | raw=137.0237 | natural=0.0080 | clipped=0.0080(上限20.0)
26-01-05-59 原始规范坐标 G(Re Σrow_mean) = +27.1293 | 累计|g| = 14.0556
26-01-05-59 Ψ矩阵条件数 cond(Ψ) = 3.30e+01
26-01-05-59 Loss=-30.859887 | E0=-7.78987968+0.00160130j | E1=-7.71654440+0.00007016j|E2=-7.68799368+0.00063593j|E3=-7.66546966+0.00041122j
26-01-05-59 #-----------------------------------------#
26-01-05-59 [Step 105] logΨ: mean=10.508+0.173j | min=6.109-1.070j | max=10.758+0.220j
26-01-05-59 梯度监控 | raw=98.0090 | natural=0.0085 | clipped=0.0085(上限20.0)
26-01-05-59 原始规范坐标 G(Re Σrow_mean) = +27.0765 | 累计|g| = 14.0556
26-01-05-59 Ψ矩阵条件数 cond(Ψ) = 4.37e+00
26-01-05-59 Loss=-30.881464 | E0=-7.81071932+0.00217685j | E1=-7.71570741+0.00094253j|E2=-7.68945494+0.00158814j|E3=-7.66558272-0.00160126j
26-01-05-59 #-----------------------------------------#
26-01-05-59 [Step 106] logΨ: mean=10.852-0.048j | min=5.246-1.055j | max=11.172+0.257j
26-01-05-59 梯度监控 | raw=181.7993 | natural=0.0429 | clipped=0.0429(上限20.0)
26-01-05-59 原始规范坐标 G(Re Σrow_mean) = +27.2671 | 累计|g| = 14.0556
26-01-05-59 Ψ矩阵条件数 cond(Ψ) = 4.36e+00
26-01-05-59 Loss=-30.830062 | E0=-7.76128233+0.00043999j | E1=-7.71758400+0.00015407j|E2=-7.68833638+0.00151475j|E3=-7.66285883-0.00209783j
26-01-05-59 #-----------------------------------------#
26-01-05-59 [Step 107] logΨ: mean=10.885-0.106j | min=6.677+1.347j | max=11.199+0.247j
26-01-05-59 梯度监控 | raw=162.9209 | natural=0.0075 | clipped=0.0075(上限20.0)
26-01-05-59 原始规范坐标 G(Re Σrow_mean) = +27.3305 | 累计|g| = 14.0556
26-01-05-59 Ψ矩阵条件数 cond(Ψ) = 5.27e+00
26-01-05-59 Loss=-30.844225 | E0=-7.77295307-0.00034535j | E1=-7.71614883-0.00062925j|E2=-7.68898007+0.00007698j|E3=-7.66614264+0.00032205j
26-01-05-59 #-----------------------------------------#
26-01-05-59 [Step 108] logΨ: mean=10.904+0.135j | min=7.056-1.052j | max=11.228+2.255j
26-01-05-59 梯度监控 | raw=139.1310 | natural=0.0082 | clipped=0.0082(上限20.0)
26-01-05-59 原始规范坐标 G(Re Σrow_mean) = +27.2893 | 累计|g| = 14.0556
26-01-05-59 Ψ矩阵条件数 cond(Ψ) = 3.50e+01
26-01-05-59 Loss=-30.858848 | E0=-7.78922865-0.00028020j | E1=-7.71541861-0.00035438j|E2=-7.68860660+0.00043938j|E3=-7.66559431+0.00051154j
26-01-05-59 #-----------------------------------------#
26-01-05-59 [Step 109] logΨ: mean=10.917+0.007j | min=5.515-0.673j | max=11.271+2.244j
26-01-05-59 梯度监控 | raw=155.7210 | natural=0.0076 | clipped=0.0076(上限20.0)
26-01-05-59 原始规范坐标 G(Re Σrow_mean) = +27.2507 | 累计|g| = 14.0556
26-01-05-59 Ψ矩阵条件数 cond(Ψ) = 9.24e+00
26-01-05-59 Loss=-30.852571 | E0=-7.78194848-0.00126116j | E1=-7.71560317-0.00040387j|E2=-7.68864249-0.00035143j|E3=-7.66637692+0.00141530j
26-01-05-59 #-----------------------------------------#
26-01-05-59 [GaugeReset@110] 吸收 Δg = Σ Re(col_mean) = +27.2507 | 新|g| = 14.1501
26-01-05-59 [Step 110] logΨ: mean=10.812-0.287j | min=7.159+2.870j | max=11.112+2.100j
26-01-05-59 梯度监控 | raw=104.5614 | natural=0.0059 | clipped=0.0059(上限20.0)
26-01-05-59 原始规范坐标 G(Re Σrow_mean) = +27.3076 | 累计|g| = 14.1501
26-01-05-59 Ψ矩阵条件数 cond(Ψ) = 4.56e+01
26-01-05-59 Loss=-30.874815 | E0=-7.80339078+0.00030931j | E1=-7.71630436-0.00050263j|E2=-7.68940906-0.00002031j|E3=-7.66571046+0.00005696j
26-01-05-59 #-----------------------------------------#
26-01-05-59 [Step 111] logΨ: mean=10.786-0.026j | min=6.472+1.046j | max=11.162+2.086j
26-01-05-59 梯度监控 | raw=156.8558 | natural=0.0068 | clipped=0.0068(上限20.0)
26-01-05-59 原始规范坐标 G(Re Σrow_mean) = +27.2968 | 累计|g| = 14.1501
26-01-05-59 Ψ矩阵条件数 cond(Ψ) = 4.54e+00
26-01-05-59 Loss=-30.850938 | E0=-7.77967563-0.00253347j | E1=-7.71528353-0.00062914j|E2=-7.68884825-0.00109280j|E3=-7.66713044+0.00194625j
26-01-05-59 #-----------------------------------------#
26-01-05-59 [Step 112] logΨ: mean=10.919-0.097j | min=7.080+2.848j | max=11.191+2.070j
26-01-05-59 梯度监控 | raw=83.1743 | natural=0.0058 | clipped=0.0058(上限20.0)
26-01-05-59 原始规范坐标 G(Re Σrow_mean) = +27.2683 | 累计|g| = 14.1501
26-01-05-59 Ψ矩阵条件数 cond(Ψ) = 3.91e+00
26-01-05-59 Loss=-30.885129 | E0=-7.81102422+0.00052965j | E1=-7.71646238+0.00025229j|E2=-7.69003793+0.00001965j|E3=-7.66760431+0.00021801j
26-01-05-59 #-----------------------------------------#
26-01-05-59 [Step 113] logΨ: mean=10.884-0.206j | min=7.009-0.838j | max=11.251+2.049j
26-01-05-59 梯度监控 | raw=106.4376 | natural=0.0064 | clipped=0.0064(上限20.0)
26-01-05-59 原始规范坐标 G(Re Σrow_mean) = +27.2564 | 累计|g| = 14.1501
26-01-05-59 Ψ矩阵条件数 cond(Ψ) = 5.99e+00
26-01-05-59 Loss=-30.875285 | E0=-7.80316302-0.00135148j | E1=-7.71626442-0.00082504j|E2=-7.68916078+0.00019660j|E3=-7.66669701+0.00153589j
26-01-05-59 #-----------------------------------------#
26-01-05-59 [Step 114] logΨ: mean=11.045-0.227j | min=6.260+2.283j | max=11.295+2.034j
26-01-05-59 梯度监控 | raw=29.6345 | natural=0.0053 | clipped=0.0053(上限20.0)
26-01-05-59 原始规范坐标 G(Re Σrow_mean) = +27.3076 | 累计|g| = 14.1501
26-01-05-59 Ψ矩阵条件数 cond(Ψ) = 4.57e+00
26-01-05-59 Loss=-30.910288 | E0=-7.83733879+0.00212199j | E1=-7.71631198-0.00079788j|E2=-7.68939299-0.00060823j|E3=-7.66724461+0.00143399j
26-01-05-59 #-----------------------------------------#
26-01-05-59 [Step 115] logΨ: mean=11.054+0.540j | min=7.587-1.546j | max=11.359+2.012j
26-01-05-59 梯度监控 | raw=88.0465 | natural=0.0054 | clipped=0.0054(上限20.0)
26-01-05-59 原始规范坐标 G(Re Σrow_mean) = +27.2648 | 累计|g| = 14.1501
26-01-05-59 Ψ矩阵条件数 cond(Ψ) = 3.92e+01
26-01-05-59 Loss=-30.887978 | E0=-7.81347311-0.00094764j | E1=-7.71620611+0.00029140j|E2=-7.69038883+0.00052979j|E3=-7.66791031-0.00086117j
26-01-05-59 #-----------------------------------------#
26-01-05-59 [Step 116] logΨ: mean=11.156+0.609j | min=7.628-1.540j | max=11.425+2.017j
26-01-05-59 梯度监控 | raw=32.9888 | natural=0.0045 | clipped=0.0045(上限20.0)
26-01-05-59 原始规范坐标 G(Re Σrow_mean) = +27.2797 | 累计|g| = 14.1501
26-01-05-59 Ψ矩阵条件数 cond(Ψ) = 3.81e+01
26-01-05-59 Loss=-30.912702 | E0=-7.83890208+0.00135688j | E1=-7.71635327-0.00029352j|E2=-7.69032660-0.00001503j|E3=-7.66711996+0.00018550j
26-01-05-59 #-----------------------------------------#
26-01-05-59 [Step 117] logΨ: mean=11.312-0.212j | min=4.981-2.327j | max=11.612+2.062j
26-01-05-59 梯度监控 | raw=54.0572 | natural=0.0329 | clipped=0.0329(上限20.0)
26-01-05-59 原始规范坐标 G(Re Σrow_mean) = +27.3011 | 累计|g| = 14.1501
26-01-05-59 Ψ矩阵条件数 cond(Ψ) = 4.54e+00
26-01-05-59 Loss=-30.901265 | E0=-7.83120687+0.00066053j | E1=-7.71665181+0.00101519j|E2=-7.68887225+0.00196370j|E3=-7.66453403-0.00286784j
26-01-05-59 #-----------------------------------------#
26-01-05-59 [Step 118] logΨ: mean=11.357-0.173j | min=6.806+3.056j | max=11.667+2.033j
26-01-05-59 梯度监控 | raw=46.9410 | natural=0.0064 | clipped=0.0064(上限20.0)
26-01-05-59 原始规范坐标 G(Re Σrow_mean) = +27.3266 | 累计|g| = 14.1501
26-01-05-59 Ψ矩阵条件数 cond(Ψ) = 6.08e+00
26-01-05-59 Loss=-30.907174 | E0=-7.83319237+0.00011947j | E1=-7.71627698+0.00012863j|E2=-7.68997150-0.00053828j|E3=-7.66773328+0.00166345j
26-01-05-59 #-----------------------------------------#
26-01-05-59 [Step 119] logΨ: mean=11.399+0.399j | min=6.765+1.142j | max=11.733+2.015j
26-01-05-59 梯度监控 | raw=53.3206 | natural=0.0054 | clipped=0.0054(上限20.0)
26-01-05-59 原始规范坐标 G(Re Σrow_mean) = +27.3062 | 累计|g| = 14.1501
26-01-05-59 Ψ矩阵条件数 cond(Ψ) = 6.79e+00
26-01-05-59 Loss=-30.904390 | E0=-7.82966603-0.00042166j | E1=-7.71630728+0.00102285j|E2=-7.69056378+0.00022807j|E3=-7.66785302-0.00061874j
26-01-05-59 #-----------------------------------------#
26-01-05-59 [保存] Step 119 → pickle 文件已更新 (120 条记录)
26-01-05-59 [GaugeReset@120] 吸收 Δg = Σ Re(col_mean) = +27.3062 | 新|g| = 14.1785
26-01-05-59 [Step 120] logΨ: mean=11.471+0.590j | min=7.418-0.871j | max=11.699+2.022j
26-01-05-59 梯度监控 | raw=16.7899 | natural=0.0043 | clipped=0.0043(上限20.0)
26-01-05-59 原始规范坐标 G(Re Σrow_mean) = +27.3489 | 累计|g| = 14.1785
26-01-05-59 Ψ矩阵条件数 cond(Ψ) = 1.07e+01
26-01-05-59 Loss=-30.925203 | E0=-7.85076527+0.00156985j | E1=-7.71647985+0.00044929j|E2=-7.69049760+0.00059316j|E3=-7.66745993-0.00155006j
26-01-05-59 #-----------------------------------------#
26-01-05-59 [Step 121] logΨ: mean=11.374+0.758j | min=7.197-1.316j | max=11.745+1.994j
26-01-05-59 梯度监控 | raw=74.6785 | natural=0.0050 | clipped=0.0050(上限20.0)
26-01-05-59 原始规范坐标 G(Re Σrow_mean) = +27.4568 | 累计|g| = 14.1785
26-01-05-59 Ψ矩阵条件数 cond(Ψ) = 4.72e+00
26-01-05-59 Loss=-30.892010 | E0=-7.81947182-0.00250609j | E1=-7.71624389-0.00161893j|E2=-7.68958177-0.00049251j|E3=-7.66671236+0.00195337j
26-01-05-59 #-----------------------------------------#
26-01-05-59 [Step 122] logΨ: mean=11.717+0.113j | min=6.216-2.357j | max=12.013+2.187j
26-01-05-59 梯度监控 | raw=37.1124 | natural=0.0457 | clipped=0.0457(上限20.0)
26-01-05-59 原始规范坐标 G(Re Σrow_mean) = +27.4763 | 累计|g| = 14.1785
26-01-05-59 Ψ矩阵条件数 cond(Ψ) = 4.77e+00
26-01-05-59 Loss=-30.910661 | E0=-7.83612452-0.00002073j | E1=-7.71669634+0.00095539j|E2=-7.68993046-0.00011009j|E3=-7.66790923-0.00091811j
26-01-05-59 #-----------------------------------------#
26-01-05-59 [Step 123] logΨ: mean=11.772-0.154j | min=8.477-2.201j | max=12.050+2.184j
26-01-05-59 梯度监控 | raw=27.3554 | natural=0.0046 | clipped=0.0046(上限20.0)
26-01-05-59 原始规范坐标 G(Re Σrow_mean) = +27.4922 | 累计|g| = 14.1785
26-01-05-59 Ψ矩阵条件数 cond(Ψ) = 7.01e+00
26-01-05-59 Loss=-30.917063 | E0=-7.84375635+0.00029897j | E1=-7.71649155+0.00083076j|E2=-7.69025277+0.00043790j|E3=-7.66656199-0.00160960j
26-01-05-59 #-----------------------------------------#
26-01-05-59 [Step 124] logΨ: mean=11.779-0.220j | min=7.340-0.741j | max=12.097+2.168j
26-01-05-59 梯度监控 | raw=49.7679 | natural=0.0057 | clipped=0.0057(上限20.0)
26-01-05-59 原始规范坐标 G(Re Σrow_mean) = +27.5945 | 累计|g| = 14.1785
26-01-05-59 Ψ矩阵条件数 cond(Ψ) = 7.07e+00
26-01-05-59 Loss=-30.907042 | E0=-7.83447690-0.00164451j | E1=-7.71644731-0.00071502j|E2=-7.68935247+0.00084632j|E3=-7.66676488-0.00178979j
26-01-05-59 #-----------------------------------------#
26-01-05-59 [Step 125] logΨ: mean=12.124-0.391j | min=6.140-2.579j | max=12.471+2.400j
26-01-05-59 梯度监控 | raw=45.9736 | natural=0.0179 | clipped=0.0179(上限20.0)
26-01-05-59 原始规范坐标 G(Re Σrow_mean) = +27.7615 | 累计|g| = 14.1785
26-01-05-59 Ψ矩阵条件数 cond(Ψ) = 2.76e+01
26-01-05-59 Loss=-30.908886 | E0=-7.83548981-0.00164718j | E1=-7.71637220-0.00089834j|E2=-7.68975651+0.00014434j|E3=-7.66726778+0.00061696j
26-01-05-59 #-----------------------------------------#
26-01-05-59 [Step 126] logΨ: mean=12.227-0.077j | min=5.013+0.341j | max=12.563+2.647j
26-01-05-59 梯度监控 | raw=22.7183 | natural=0.0517 | clipped=0.0517(上限20.0)
26-01-05-59 原始规范坐标 G(Re Σrow_mean) = +27.7781 | 累计|g| = 14.1785
26-01-05-59 Ψ矩阵条件数 cond(Ψ) = 1.15e+01
26-01-05-59 Loss=-30.918774 | E0=-7.84709106+0.00040448j | E1=-7.71638710-0.00059458j|E2=-7.68891351+0.00192751j|E3=-7.66638276+0.00068774j
26-01-05-59 #-----------------------------------------#
26-01-05-59 [Step 127] logΨ: mean=10.923-0.307j | min=4.645-2.057j | max=11.233+2.442j
26-01-05-59 梯度监控 | raw=18.5316 | natural=0.0719 | clipped=0.0719(上限20.0)
26-01-05-59 原始规范坐标 G(Re Σrow_mean) = +27.1152 | 累计|g| = 14.1785
26-01-05-59 Ψ矩阵条件数 cond(Ψ) = 6.58e+00
26-01-05-59 Loss=-30.918543 | E0=-7.84700420+0.00112201j | E1=-7.71734310+0.00085136j|E2=-7.68813109-0.00234531j|E3=-7.66606510+0.00013785j
26-01-05-59 #-----------------------------------------#
26-01-05-59 [Step 128] logΨ: mean=10.933-0.197j | min=6.119-0.060j | max=11.242+2.410j
26-01-05-59 梯度监控 | raw=15.8463 | natural=0.0068 | clipped=0.0068(上限20.0)
26-01-05-59 原始规范坐标 G(Re Σrow_mean) = +27.1096 | 累计|g| = 14.1785
26-01-05-59 Ψ矩阵条件数 cond(Ψ) = 7.03e+00
26-01-05-59 Loss=-30.923365 | E0=-7.84762823+0.00084405j | E1=-7.71645313-0.00074347j|E2=-7.69001517-0.00008465j|E3=-7.66926804+0.00091758j
26-01-05-59 #-----------------------------------------#
26-01-05-59 [Step 129] logΨ: mean=10.975-0.156j | min=6.883-1.394j | max=11.264+2.380j
26-01-05-59 梯度监控 | raw=21.2566 | natural=0.0065 | clipped=0.0065(上限20.0)
26-01-05-59 原始规范坐标 G(Re Σrow_mean) = +27.1079 | 累计|g| = 14.1785
26-01-05-59 Ψ矩阵条件数 cond(Ψ) = 1.19e+01
26-01-05-59 Loss=-30.922577 | E0=-7.84485248-0.00008919j | E1=-7.71671747+0.00000538j|E2=-7.69047520+0.00005802j|E3=-7.67053168-0.00044462j
26-01-05-59 #-----------------------------------------#
26-01-05-59 [GaugeReset@130] 吸收 Δg = Σ Re(col_mean) = +27.1079 | 新|g| = 14.0607
26-01-05-59 [Step 130] logΨ: mean=11.183+0.146j | min=7.942-0.611j | max=11.465+2.294j
26-01-05-59 梯度监控 | raw=15.9098 | natural=0.0049 | clipped=0.0049(上限20.0)
26-01-05-59 原始规范坐标 G(Re Σrow_mean) = +27.1027 | 累计|g| = 14.0607
26-01-05-59 Ψ矩阵条件数 cond(Ψ) = 6.95e+00
26-01-05-59 Loss=-30.923916 | E0=-7.84782199+0.00011300j | E1=-7.71655753-0.00030778j|E2=-7.68968001-0.00126289j|E3=-7.66985658+0.00265425j
26-01-05-59 #-----------------------------------------#
26-01-05-59 [Step 131] logΨ: mean=11.268+0.060j | min=8.473-2.847j | max=11.496+2.298j
26-01-05-59 梯度监控 | raw=13.6666 | natural=0.0018 | clipped=0.0018(上限20.0)
26-01-05-59 原始规范坐标 G(Re Σrow_mean) = +27.1106 | 累计|g| = 14.0607
26-01-05-59 Ψ矩阵条件数 cond(Ψ) = 4.75e+00
26-01-05-59 Loss=-30.931305 | E0=-7.85452254+0.00115094j | E1=-7.71671074+0.00013227j|E2=-7.69081732+0.00013293j|E3=-7.66925485-0.00046037j
26-01-05-59 #-----------------------------------------#
26-01-05-59 [Step 132] logΨ: mean=11.230+0.003j | min=8.431+1.515j | max=11.511+2.280j
26-01-05-59 梯度监控 | raw=15.2885 | natural=0.0043 | clipped=0.0043(上限20.0)
26-01-05-59 原始规范坐标 G(Re Σrow_mean) = +27.0975 | 累计|g| = 14.0607
26-01-05-59 Ψ矩阵条件数 cond(Ψ) = 4.75e+00
26-01-05-59 Loss=-30.927665 | E0=-7.85079338+0.00082728j | E1=-7.71667608-0.00007933j|E2=-7.69102268+0.00024478j|E3=-7.66917311-0.00065134j
26-01-05-59 #-----------------------------------------#
26-01-05-59 [Step 133] logΨ: mean=11.258+0.164j | min=5.277-0.715j | max=11.551+2.251j
26-01-05-59 梯度监控 | raw=17.0358 | natural=0.0058 | clipped=0.0058(上限20.0)
26-01-05-59 原始规范坐标 G(Re Σrow_mean) = +27.0720 | 累计|g| = 14.0607
26-01-05-59 Ψ矩阵条件数 cond(Ψ) = 7.35e+00
26-01-05-59 Loss=-30.928315 | E0=-7.85117403+0.00032987j | E1=-7.71689597+0.00137229j|E2=-7.69181831+0.00111456j|E3=-7.66842690-0.00373340j
26-01-05-59 #-----------------------------------------#
26-01-05-59 [Step 134] logΨ: mean=10.126+0.452j | min=3.442+1.770j | max=10.384+2.806j
26-01-05-59 梯度监控 | raw=14.1693 | natural=0.0609 | clipped=0.0609(上限20.0)
26-01-05-59 原始规范坐标 G(Re Σrow_mean) = +26.4481 | 累计|g| = 14.0607
26-01-05-59 Ψ矩阵条件数 cond(Ψ) = 7.49e+00
26-01-05-59 Loss=-30.936066 | E0=-7.85466477+0.00082591j | E1=-7.71685577+0.00070251j|E2=-7.69258169+0.00089699j|E3=-7.67196396-0.00181049j
26-01-05-59 #-----------------------------------------#
26-01-05-59 [Step 135] logΨ: mean=10.124-0.001j | min=6.698-0.525j | max=10.425+2.798j
26-01-05-59 梯度监控 | raw=11.9415 | natural=0.0041 | clipped=0.0041(上限20.0)
26-01-05-59 原始规范坐标 G(Re Σrow_mean) = +26.4568 | 累计|g| = 14.0607
26-01-05-59 Ψ矩阵条件数 cond(Ψ) = 2.75e+01
26-01-05-59 Loss=-30.931012 | E0=-7.85240179+0.00039036j | E1=-7.71669191-0.00076771j|E2=-7.69069536-0.00047169j|E3=-7.67122301+0.00138263j
26-01-05-59 #-----------------------------------------#
26-01-05-59 [Step 136] logΨ: mean=10.141+0.161j | min=6.372+1.722j | max=10.483+2.772j
26-01-05-59 梯度监控 | raw=19.7860 | natural=0.0045 | clipped=0.0045(上限20.0)
26-01-05-59 原始规范坐标 G(Re Σrow_mean) = +26.4508 | 累计|g| = 14.0607
26-01-05-59 Ψ矩阵条件数 cond(Ψ) = 1.35e+01
26-01-05-59 Loss=-30.926210 | E0=-7.84681434-0.00213400j | E1=-7.71643165+0.00054248j|E2=-7.69133384-0.00019313j|E3=-7.67163047+0.00010194j
26-01-05-59 #-----------------------------------------#
26-01-05-59 [Step 137] logΨ: mean=10.220+0.212j | min=5.945-1.404j | max=10.538+2.748j
26-01-05-59 梯度监控 | raw=13.5922 | natural=0.0049 | clipped=0.0049(上限20.0)
26-01-05-59 原始规范坐标 G(Re Σrow_mean) = +26.4927 | 累计|g| = 14.0607
26-01-05-59 Ψ矩阵条件数 cond(Ψ) = 5.13e+00
26-01-05-59 Loss=-30.929835 | E0=-7.85195904-0.00021108j | E1=-7.71670610-0.00051518j|E2=-7.69072953-0.00031623j|E3=-7.67044057+0.00105848j
26-01-05-59 #-----------------------------------------#
26-01-05-59 [Step 138] logΨ: mean=10.245-0.054j | min=5.930+1.711j | max=10.521+2.730j
26-01-05-59 梯度监控 | raw=12.3155 | natural=0.0053 | clipped=0.0053(上限20.0)
26-01-05-59 原始规范坐标 G(Re Σrow_mean) = +26.5010 | 累计|g| = 14.0607
26-01-05-59 Ψ矩阵条件数 cond(Ψ) = 1.60e+01
26-01-05-59 Loss=-30.932306 | E0=-7.85545593+0.00047744j | E1=-7.71670232-0.00002991j|E2=-7.69039749-0.00004902j|E3=-7.66974993-0.00005692j
26-01-05-59 #-----------------------------------------#
26-01-05-59 [Step 139] logΨ: mean=10.214+0.197j | min=6.058+0.186j | max=10.521+2.713j
26-01-05-59 梯度监控 | raw=11.9490 | natural=0.0066 | clipped=0.0066(上限20.0)
26-01-05-59 原始规范坐标 G(Re Σrow_mean) = +26.4693 | 累计|g| = 14.0607
26-01-05-59 Ψ矩阵条件数 cond(Ψ) = 2.57e+01
26-01-05-59 Loss=-30.933915 | E0=-7.85574178+0.00027050j | E1=-7.71672639-0.00032288j|E2=-7.69086099+0.00020330j|E3=-7.67058546-0.00019206j
26-01-05-59 #-----------------------------------------#
26-01-05-59 [保存] Step 139 → pickle 文件已更新 (140 条记录)
26-01-05-59 [GaugeReset@140] 吸收 Δg = Σ Re(col_mean) = +26.4693 | 新|g| = 13.7848
26-01-05-59 [Step 140] logΨ: mean=10.928+0.395j | min=5.918+1.200j | max=11.199+2.363j
26-01-05-59 梯度监控 | raw=13.9173 | natural=0.0032 | clipped=0.0032(上限20.0)
26-01-05-59 原始规范坐标 G(Re Σrow_mean) = +26.4955 | 累计|g| = 13.7848
26-01-05-59 Ψ矩阵条件数 cond(Ψ) = 2.08e+01
26-01-05-59 Loss=-30.933673 | E0=-7.85428934+0.00057066j | E1=-7.71687332+0.00019935j|E2=-7.69150023+0.00041100j|E3=-7.67101055-0.00100422j
26-01-05-59 #-----------------------------------------#
26-01-05-59 [Step 141] logΨ: mean=11.044+0.054j | min=6.106-0.242j | max=11.336+2.302j
26-01-05-59 梯度监控 | raw=11.6477 | natural=0.0815 | clipped=0.0815(上限20.0)
26-01-05-59 原始规范坐标 G(Re Σrow_mean) = +26.5753 | 累计|g| = 13.7848
26-01-05-59 Ψ矩阵条件数 cond(Ψ) = 1.82e+01
26-01-05-59 Loss=-30.933719 | E0=-7.85530836+0.00032127j | E1=-7.71625635-0.00066333j|E2=-7.69050794-0.00047625j|E3=-7.67164635+0.00044470j
26-01-05-59 #-----------------------------------------#
26-01-05-59 [Step 142] logΨ: mean=11.073+0.099j | min=7.074+2.397j | max=11.388+2.273j
26-01-05-59 梯度监控 | raw=13.7767 | natural=0.0054 | clipped=0.0054(上限20.0)
26-01-05-59 原始规范坐标 G(Re Σrow_mean) = +26.5917 | 累计|g| = 13.7848
26-01-05-59 Ψ矩阵条件数 cond(Ψ) = 7.09e+00
26-01-05-59 Loss=-30.934880 | E0=-7.85483551-0.00033325j | E1=-7.71678063-0.00021718j|E2=-7.69188374+0.00042431j|E3=-7.67137975-0.00078314j
26-01-05-59 #-----------------------------------------#
26-01-05-59 [Step 143] logΨ: mean=11.116+0.153j | min=5.822+2.742j | max=11.435+2.265j
26-01-05-59 梯度监控 | raw=11.8300 | natural=0.0041 | clipped=0.0041(上限20.0)
26-01-05-59 原始规范坐标 G(Re Σrow_mean) = +26.5833 | 累计|g| = 13.7848
26-01-05-59 Ψ矩阵条件数 cond(Ψ) = 1.79e+01
26-01-05-59 Loss=-30.934553 | E0=-7.85609485-0.00028605j | E1=-7.71671397-0.00015934j|E2=-7.69051678-0.00011126j|E3=-7.67122690+0.00050189j
26-01-05-59 #-----------------------------------------#
26-01-05-59 [Step 144] logΨ: mean=11.111+0.071j | min=7.648+2.482j | max=11.436+2.257j
26-01-05-59 梯度监控 | raw=11.9429 | natural=0.0045 | clipped=0.0045(上限20.0)
26-01-05-59 原始规范坐标 G(Re Σrow_mean) = +26.5886 | 累计|g| = 13.7848
26-01-05-59 Ψ矩阵条件数 cond(Ψ) = 7.14e+00
26-01-05-59 Loss=-30.933955 | E0=-7.85508542-0.00036695j | E1=-7.71676863-0.00131491j|E2=-7.69068336-0.00082757j|E3=-7.67141804+0.00272154j
26-01-05-59 #-----------------------------------------#
26-01-05-59 [Step 145] logΨ: mean=11.124+0.170j | min=6.226+1.711j | max=11.452+2.264j
26-01-05-59 梯度监控 | raw=12.3133 | natural=0.0031 | clipped=0.0031(上限20.0)
26-01-05-59 原始规范坐标 G(Re Σrow_mean) = +26.5219 | 累计|g| = 13.7848
26-01-05-59 Ψ矩阵条件数 cond(Ψ) = 7.16e+00
26-01-05-59 Loss=-30.936082 | E0=-7.85578877-0.00061687j | E1=-7.71675841+0.00058430j|E2=-7.69127201-0.00076665j|E3=-7.67226290+0.00118033j
26-01-05-59 #-----------------------------------------#
26-01-05-59 [Step 146] logΨ: mean=11.237+0.167j | min=7.864-0.978j | max=11.501+2.244j
26-01-05-59 梯度监控 | raw=15.0175 | natural=0.0033 | clipped=0.0033(上限20.0)
26-01-05-59 原始规范坐标 G(Re Σrow_mean) = +26.5890 | 累计|g| = 13.7848
26-01-05-59 Ψ矩阵条件数 cond(Ψ) = 1.75e+01
26-01-05-59 Loss=-30.936857 | E0=-7.85542151+0.00032910j | E1=-7.71714797+0.00165085j|E2=-7.69275898+0.00057814j|E3=-7.67152883-0.00279389j
26-01-05-59 #-----------------------------------------#
26-01-05-59 [Step 147] logΨ: mean=11.175-0.038j | min=6.163+2.357j | max=11.522+2.223j
26-01-05-59 梯度监控 | raw=12.5727 | natural=0.0053 | clipped=0.0053(上限20.0)
26-01-05-59 原始规范坐标 G(Re Σrow_mean) = +26.5751 | 累计|g| = 13.7848
26-01-05-59 Ψ矩阵条件数 cond(Ψ) = 4.82e+00
26-01-05-59 Loss=-30.935663 | E0=-7.85625251+0.00010028j | E1=-7.71691790+0.00018295j|E2=-7.69123423+0.00010425j|E3=-7.67125792-0.00023046j
26-01-05-59 #-----------------------------------------#
26-01-05-59 [Step 148] logΨ: mean=11.264+0.025j | min=8.027-0.729j | max=11.575+2.219j
26-01-05-59 梯度监控 | raw=11.7739 | natural=0.0035 | clipped=0.0035(上限20.0)
26-01-05-59 原始规范坐标 G(Re Σrow_mean) = +26.6128 | 累计|g| = 13.7848
26-01-05-59 Ψ矩阵条件数 cond(Ψ) = 4.82e+00
26-01-05-59 Loss=-30.935882 | E0=-7.85713640-0.00002801j | E1=-7.71686074-0.00070879j|E2=-7.69044642-0.00027485j|E3=-7.67143875+0.00120259j
26-01-05-59 #-----------------------------------------#
26-01-05-59 [Step 149] logΨ: mean=11.284+0.168j | min=6.395-0.165j | max=11.601+2.201j
26-01-05-59 梯度监控 | raw=13.5365 | natural=0.0053 | clipped=0.0053(上限20.0)
26-01-05-59 原始规范坐标 G(Re Σrow_mean) = +26.5708 | 累计|g| = 13.7848
26-01-05-59 Ψ矩阵条件数 cond(Ψ) = 7.30e+00
26-01-05-59 Loss=-30.939908 | E0=-7.85725647+0.00034128j | E1=-7.71704487+0.00077083j|E2=-7.69241751-0.00011198j|E3=-7.67318951-0.00020189j
26-01-05-59 #-----------------------------------------#
26-01-05-59 [GaugeReset@150] 吸收 Δg = Σ Re(col_mean) = +26.5708 | 新|g| = 13.8260
26-01-05-59 [Step 150] logΨ: mean=11.188+0.043j | min=7.001+0.239j | max=11.534+2.238j
26-01-05-59 梯度监控 | raw=12.9231 | natural=0.0055 | clipped=0.0055(上限20.0)
26-01-05-59 原始规范坐标 G(Re Σrow_mean) = +26.5753 | 累计|g| = 13.8260
26-01-05-59 Ψ矩阵条件数 cond(Ψ) = 7.48e+00
26-01-05-59 Loss=-30.939645 | E0=-7.85798326+0.00009651j | E1=-7.71691222+0.00054867j|E2=-7.69267704+0.00094466j|E3=-7.67207229-0.00207975j
26-01-05-59 #-----------------------------------------#
26-01-05-59 [Step 151] logΨ: mean=11.296+0.017j | min=7.967+2.173j | max=11.586+2.229j
26-01-05-59 梯度监控 | raw=10.7175 | natural=0.0017 | clipped=0.0017(上限20.0)
26-01-05-59 原始规范坐标 G(Re Σrow_mean) = +26.6370 | 累计|g| = 13.8260
26-01-05-59 Ψ矩阵条件数 cond(Ψ) = 4.95e+00
26-01-05-59 Loss=-30.938761 | E0=-7.85753739+0.00015148j | E1=-7.71699123-0.00168533j|E2=-7.69097882-0.00160697j|E3=-7.67325362+0.00428654j
26-01-05-59 #-----------------------------------------#
26-01-05-59 [Step 152] logΨ: mean=11.291+0.175j | min=8.017+2.724j | max=11.596+2.228j
26-01-05-59 梯度监控 | raw=12.2674 | natural=0.0023 | clipped=0.0023(上限20.0)
26-01-05-59 原始规范坐标 G(Re Σrow_mean) = +26.5866 | 累计|g| = 13.8260
26-01-05-59 Ψ矩阵条件数 cond(Ψ) = 1.38e+01
26-01-05-59 Loss=-30.939521 | E0=-7.85799627+0.00023867j | E1=-7.71700709+0.00030455j|E2=-7.69150244-0.00045826j|E3=-7.67301479+0.00083356j
26-01-05-59 #-----------------------------------------#
26-01-05-59 [Step 153] logΨ: mean=11.014+0.145j | min=5.918-2.397j | max=11.319+2.113j
26-01-05-59 梯度监控 | raw=11.1225 | natural=0.0861 | clipped=0.0861(上限20.0)
26-01-05-59 原始规范坐标 G(Re Σrow_mean) = +26.5686 | 累计|g| = 13.8260
26-01-05-59 Ψ矩阵条件数 cond(Ψ) = 1.79e+01
26-01-05-59 Loss=-30.942013 | E0=-7.85851890+0.00018511j | E1=-7.71764197+0.00157497j|E2=-7.69168980-0.00145622j|E3=-7.67416261-0.00013893j
26-01-05-59 #-----------------------------------------#
26-01-05-59 [Step 154] logΨ: mean=11.042+0.177j | min=6.773+1.963j | max=11.336+2.114j
26-01-05-59 梯度监控 | raw=11.9584 | natural=0.0024 | clipped=0.0024(上限20.0)
26-01-05-59 原始规范坐标 G(Re Σrow_mean) = +26.6079 | 累计|g| = 13.8260
26-01-05-59 Ψ矩阵条件数 cond(Ψ) = 4.69e+00
26-01-05-59 Loss=-30.942159 | E0=-7.85894890+0.00031940j | E1=-7.71710170+0.00050538j|E2=-7.69295978+0.00068715j|E3=-7.67314845-0.00188603j
26-01-05-59 #-----------------------------------------#
26-01-05-59 [Step 155] logΨ: mean=11.004-0.014j | min=6.847+2.746j | max=11.375+2.100j
26-01-05-59 梯度监控 | raw=11.4985 | natural=0.0110 | clipped=0.0110(上限20.0)
26-01-05-59 原始规范坐标 G(Re Σrow_mean) = +26.5443 | 累计|g| = 13.8260
26-01-05-59 Ψ矩阵条件数 cond(Ψ) = 7.00e+00
26-01-05-59 Loss=-30.940223 | E0=-7.85825017+0.00022568j | E1=-7.71697042+0.00107806j|E2=-7.69200486+0.00040875j|E3=-7.67299767-0.00119311j
26-01-05-59 #-----------------------------------------#
26-01-05-59 [Step 156] logΨ: mean=11.077+0.245j | min=6.866-0.402j | max=11.348+2.092j
26-01-05-59 梯度监控 | raw=11.2065 | natural=0.0044 | clipped=0.0044(上限20.0)
26-01-05-59 原始规范坐标 G(Re Σrow_mean) = +26.5671 | 累计|g| = 13.8260
26-01-05-59 Ψ矩阵条件数 cond(Ψ) = 4.71e+00
26-01-05-59 Loss=-30.944393 | E0=-7.85903650+0.00018529j | E1=-7.71725057+0.00112533j|E2=-7.69341042-0.00009417j|E3=-7.67469550-0.00097477j
26-01-05-59 #-----------------------------------------#
26-01-06-00 [Step 157] logΨ: mean=11.110-0.065j | min=7.610+1.430j | max=11.365+2.091j
26-01-06-00 梯度监控 | raw=11.8991 | natural=0.0017 | clipped=0.0017(上限20.0)
26-01-06-00 原始规范坐标 G(Re Σrow_mean) = +26.6238 | 累计|g| = 13.8260
26-01-06-00 Ψ矩阵条件数 cond(Ψ) = 1.74e+01
26-01-06-00 Loss=-30.945324 | E0=-7.85997443+0.00034899j | E1=-7.71730532+0.00000771j|E2=-7.69416489+0.00110930j|E3=-7.67387929-0.00254549j
26-01-06-00 #-----------------------------------------#
26-01-06-00 [Step 158] logΨ: mean=11.071+0.044j | min=7.634-1.733j | max=11.388+2.074j
26-01-06-00 梯度监控 | raw=12.0330 | natural=0.0034 | clipped=0.0034(上限20.0)
26-01-06-00 原始规范坐标 G(Re Σrow_mean) = +26.5953 | 累计|g| = 13.8260
26-01-06-00 Ψ矩阵条件数 cond(Ψ) = 7.00e+00
26-01-06-00 Loss=-30.943084 | E0=-7.85884563+0.00007848j | E1=-7.71713741+0.00054319j|E2=-7.69348319+0.00090788j|E3=-7.67361734-0.00235067j
26-01-06-00 #-----------------------------------------#
26-01-06-00 [Step 159] logΨ: mean=11.092+0.100j | min=7.093-0.814j | max=11.448+2.048j
26-01-06-00 梯度监控 | raw=12.5128 | natural=0.0094 | clipped=0.0094(上限20.0)
26-01-06-00 原始规范坐标 G(Re Σrow_mean) = +26.5928 | 累计|g| = 13.8260
26-01-06-00 Ψ矩阵条件数 cond(Ψ) = 7.05e+00
26-01-06-00 Loss=-30.940644 | E0=-7.85661869-0.00036882j | E1=-7.71702335+0.00041487j|E2=-7.69314766+0.00061508j|E3=-7.67385397-0.00093491j
26-01-06-00 #-----------------------------------------#
26-01-06-00 [保存] Step 159 → pickle 文件已更新 (160 条记录)
26-01-06-00 [GaugeReset@160] 吸收 Δg = Σ Re(col_mean) = +26.5928 | 新|g| = 13.8182
26-01-06-00 [Step 160] logΨ: mean=11.187+0.300j | min=6.423-3.011j | max=11.495+2.221j
26-01-06-00 梯度监控 | raw=11.8567 | natural=0.0032 | clipped=0.0032(上限20.0)
26-01-06-00 原始规范坐标 G(Re Σrow_mean) = +26.6364 | 累计|g| = 13.8182
26-01-06-00 Ψ矩阵条件数 cond(Ψ) = 7.07e+00
26-01-06-00 Loss=-30.942967 | E0=-7.85858438+0.00004791j | E1=-7.71715325+0.00001547j|E2=-7.69317923+0.00057509j|E3=-7.67404987-0.00114655j
26-01-06-00 #-----------------------------------------#
26-01-06-00 [Step 161] logΨ: mean=11.378+0.166j | min=6.549+2.697j | max=11.665+2.287j
26-01-06-00 梯度监控 | raw=11.4487 | natural=0.0639 | clipped=0.0639(上限20.0)
26-01-06-00 原始规范坐标 G(Re Σrow_mean) = +26.7513 | 累计|g| = 13.8182
26-01-06-00 Ψ矩阵条件数 cond(Ψ) = 1.23e+01
26-01-06-00 Loss=-30.943398 | E0=-7.85887526+0.00020810j | E1=-7.71708361-0.00001733j|E2=-7.69299372+0.00040707j|E3=-7.67444507-0.00088999j
26-01-06-00 #-----------------------------------------#
26-01-06-00 [Step 162] logΨ: mean=11.424+0.254j | min=7.434-0.751j | max=11.723+2.259j
26-01-06-00 梯度监控 | raw=10.9351 | natural=0.0042 | clipped=0.0042(上限20.0)
26-01-06-00 原始规范坐标 G(Re Σrow_mean) = +26.7384 | 累计|g| = 13.8182
26-01-06-00 Ψ矩阵条件数 cond(Ψ) = 1.68e+01
26-01-06-00 Loss=-30.943264 | E0=-7.86009361-0.00004194j | E1=-7.71708518+0.00051094j|E2=-7.69200695-0.00024826j|E3=-7.67407873-0.00005102j
26-01-06-00 #-----------------------------------------#
26-01-06-00 [Step 163] logΨ: mean=11.716+0.388j | min=5.978+2.743j | max=12.007+2.231j
26-01-06-00 梯度监控 | raw=9.8653 | natural=0.0372 | clipped=0.0372(上限20.0)
26-01-06-00 原始规范坐标 G(Re Σrow_mean) = +26.8883 | 累计|g| = 13.8182
26-01-06-00 Ψ矩阵条件数 cond(Ψ) = 6.56e+00
26-01-06-00 Loss=-30.940801 | E0=-7.86046350+0.00005475j | E1=-7.71641147+0.00127864j|E2=-7.69133238+0.00027052j|E3=-7.67259325-0.00255943j
26-01-06-00 #-----------------------------------------#
26-01-06-00 [Step 164] logΨ: mean=11.737+0.187j | min=9.271-0.009j | max=12.010+2.227j
26-01-06-00 梯度监控 | raw=11.9312 | natural=0.0020 | clipped=0.0020(上限20.0)
26-01-06-00 原始规范坐标 G(Re Σrow_mean) = +26.9005 | 累计|g| = 13.8182
26-01-06-00 Ψ矩阵条件数 cond(Ψ) = 6.58e+00
26-01-06-00 Loss=-30.947330 | E0=-7.85991121+0.00022388j | E1=-7.71746624+0.00036844j|E2=-7.69515438+0.00070349j|E3=-7.67479829-0.00218005j
26-01-06-00 #-----------------------------------------#
26-01-06-00 [Step 165] logΨ: mean=11.699+0.231j | min=8.458-2.095j | max=12.018+2.223j
26-01-06-00 梯度监控 | raw=11.8566 | natural=0.0023 | clipped=0.0023(上限20.0)
26-01-06-00 原始规范坐标 G(Re Σrow_mean) = +26.8736 | 累计|g| = 13.8182
26-01-06-00 Ψ矩阵条件数 cond(Ψ) = 6.60e+00
26-01-06-00 Loss=-30.944495 | E0=-7.86057104+0.00027953j | E1=-7.71723686+0.00087122j|E2=-7.69331184+0.00080780j|E3=-7.67337562-0.00250710j
26-01-06-00 #-----------------------------------------#
26-01-06-00 [Step 166] logΨ: mean=11.730+0.015j | min=7.031-2.035j | max=12.052+2.204j
26-01-06-00 梯度监控 | raw=10.8507 | natural=0.0070 | clipped=0.0070(上限20.0)
26-01-06-00 原始规范坐标 G(Re Σrow_mean) = +26.8625 | 累计|g| = 13.8182
26-01-06-00 Ψ矩阵条件数 cond(Ψ) = 6.64e+00
26-01-06-00 Loss=-30.947428 | E0=-7.85936014-0.00036745j | E1=-7.71722026-0.00014073j|E2=-7.69456635-0.00013501j|E3=-7.67628111+0.00033620j
26-01-06-00 #-----------------------------------------#
26-01-06-00 [Step 167] logΨ: mean=11.766+0.229j | min=6.363+2.582j | max=12.070+2.195j
26-01-06-00 梯度监控 | raw=11.3982 | natural=0.0144 | clipped=0.0144(上限20.0)
26-01-06-00 原始规范坐标 G(Re Σrow_mean) = +26.8667 | 累计|g| = 13.8182
26-01-06-00 Ψ矩阵条件数 cond(Ψ) = 6.68e+00
26-01-06-00 Loss=-30.947404 | E0=-7.86017804+0.00010557j | E1=-7.71741350+0.00080749j|E2=-7.69438484+0.00034938j|E3=-7.67542780-0.00145458j
26-01-06-00 #-----------------------------------------#
26-01-06-00 [Step 168] logΨ: mean=11.752+0.224j | min=7.726+2.206j | max=12.055+2.188j
26-01-06-00 梯度监控 | raw=11.9503 | natural=0.0058 | clipped=0.0058(上限20.0)
26-01-06-00 原始规范坐标 G(Re Σrow_mean) = +26.8831 | 累计|g| = 13.8182
26-01-06-00 Ψ矩阵条件数 cond(Ψ) = 6.72e+00
26-01-06-00 Loss=-30.945354 | E0=-7.86010915-0.00036332j | E1=-7.71730018+0.00024978j|E2=-7.69356898+0.00076372j|E3=-7.67437549-0.00158233j
26-01-06-00 #-----------------------------------------#
26-01-06-00 [Step 169] logΨ: mean=11.736-0.003j | min=7.545+2.026j | max=12.080+2.168j
26-01-06-00 梯度监控 | raw=10.9158 | natural=0.0067 | clipped=0.0067(上限20.0)
26-01-06-00 原始规范坐标 G(Re Σrow_mean) = +26.8612 | 累计|g| = 13.8182
26-01-06-00 Ψ矩阵条件数 cond(Ψ) = 6.77e+00
26-01-06-00 Loss=-30.943080 | E0=-7.86057661-0.00003484j | E1=-7.71705539+0.00007246j|E2=-7.69178801+0.00017494j|E3=-7.67366004-0.00019936j
26-01-06-00 #-----------------------------------------#
26-01-06-00 [GaugeReset@170] 吸收 Δg = Σ Re(col_mean) = +26.8612 | 新|g| = 13.9628
26-01-06-00 [Step 170] logΨ: mean=11.517+0.374j | min=8.390-1.800j | max=11.828+2.197j
26-01-06-00 梯度监控 | raw=11.2703 | natural=0.0020 | clipped=0.0020(上限20.0)
26-01-06-00 原始规范坐标 G(Re Σrow_mean) = +26.8410 | 累计|g| = 13.9628
26-01-06-00 Ψ矩阵条件数 cond(Ψ) = 4.62e+00
26-01-06-00 Loss=-30.946828 | E0=-7.86154076+0.00017585j | E1=-7.71737236+0.00087671j|E2=-7.69360291+0.00062137j|E3=-7.67431230-0.00222329j
26-01-06-00 #-----------------------------------------#
26-01-06-00 [Step 171] logΨ: mean=11.484+0.249j | min=7.973+1.490j | max=11.848+2.190j
26-01-06-00 梯度监控 | raw=11.5954 | natural=0.0017 | clipped=0.0017(上限20.0)
26-01-06-00 原始规范坐标 G(Re Σrow_mean) = +26.8164 | 累计|g| = 13.9628
26-01-06-00 Ψ矩阵条件数 cond(Ψ) = 8.21e+00
26-01-06-00 Loss=-30.945605 | E0=-7.85897327+0.00001798j | E1=-7.71731819+0.00061632j|E2=-7.69355482-0.00029788j|E3=-7.67575872+0.00010755j
26-01-06-00 #-----------------------------------------#
26-01-06-00 [Step 172] logΨ: mean=11.600+0.354j | min=8.079-0.660j | max=11.893+2.166j
26-01-06-00 梯度监控 | raw=10.5742 | natural=0.0046 | clipped=0.0046(上限20.0)
26-01-06-00 原始规范坐标 G(Re Σrow_mean) = +26.8486 | 累计|g| = 13.9628
26-01-06-00 Ψ矩阵条件数 cond(Ψ) = 1.23e+01
26-01-06-00 Loss=-30.948927 | E0=-7.86152891-0.00001147j | E1=-7.71734972+0.00058451j|E2=-7.69417321-0.00007875j|E3=-7.67587511-0.00073042j
26-01-06-00 #-----------------------------------------#
26-01-06-00 [Step 173] logΨ: mean=11.538+0.268j | min=7.376-1.134j | max=11.948+2.153j
26-01-06-00 梯度监控 | raw=10.4372 | natural=0.0022 | clipped=0.0022(上限20.0)
26-01-06-00 原始规范坐标 G(Re Σrow_mean) = +26.7930 | 累计|g| = 13.9628
26-01-06-00 Ψ矩阵条件数 cond(Ψ) = 6.87e+00
26-01-06-00 Loss=-30.945854 | E0=-7.86034205+0.00005274j | E1=-7.71731919-0.00023523j|E2=-7.69254774-0.00063437j|E3=-7.67564466+0.00180814j
26-01-06-00 #-----------------------------------------#
26-01-06-00 [Step 174] logΨ: mean=11.658+0.146j | min=6.912+3.129j | max=11.972+2.149j
26-01-06-00 梯度监控 | raw=11.4489 | natural=0.0040 | clipped=0.0040(上限20.0)
26-01-06-00 原始规范坐标 G(Re Σrow_mean) = +26.8739 | 累计|g| = 13.9628
26-01-06-00 Ψ矩阵条件数 cond(Ψ) = 6.89e+00
26-01-06-00 Loss=-30.947685 | E0=-7.86039717+0.00007490j | E1=-7.71738655+0.00045904j|E2=-7.69426967+0.00040643j|E3=-7.67563118-0.00136090j
26-01-06-00 #-----------------------------------------#
26-01-06-00 [Step 175] logΨ: mean=11.879+0.434j | min=4.729+2.216j | max=12.214+2.343j
26-01-06-00 梯度监控 | raw=11.1082 | natural=0.0840 | clipped=0.0840(上限20.0)
26-01-06-00 原始规范坐标 G(Re Σrow_mean) = +27.0154 | 累计|g| = 13.9628
26-01-06-00 Ψ矩阵条件数 cond(Ψ) = 6.40e+00
26-01-06-00 Loss=-30.946649 | E0=-7.86113661-0.00026108j | E1=-7.71657995+0.00203883j|E2=-7.69397139-0.00020383j|E3=-7.67496058-0.00259274j
26-01-06-00 #-----------------------------------------#
26-01-06-00 [Step 176] logΨ: mean=11.898+0.398j | min=8.489-2.195j | max=12.237+2.342j
26-01-06-00 梯度监控 | raw=11.4499 | natural=0.0021 | clipped=0.0021(上限20.0)
26-01-06-00 原始规范坐标 G(Re Σrow_mean) = +27.0179 | 累计|g| = 13.9628
26-01-06-00 Ψ矩阵条件数 cond(Ψ) = 1.15e+01
26-01-06-00 Loss=-30.947253 | E0=-7.86098803+0.00017069j | E1=-7.71741610+0.00135262j|E2=-7.69372198+0.00018839j|E3=-7.67512678-0.00160241j
26-01-06-00 #-----------------------------------------#
26-01-06-00 [Step 177] logΨ: mean=12.799+0.839j | min=6.208-1.906j | max=13.189+1.881j
26-01-06-00 梯度监控 | raw=8.5538 | natural=0.1138 | clipped=0.1138(上限20.0)
26-01-06-00 原始规范坐标 G(Re Σrow_mean) = +27.3554 | 累计|g| = 13.9628
26-01-06-00 Ψ矩阵条件数 cond(Ψ) = 6.43e+00
26-01-06-00 Loss=-30.943746 | E0=-7.86121981+0.00002474j | E1=-7.71834637+0.00183297j|E2=-7.68987677-0.00506615j|E3=-7.67430318+0.00315318j
26-01-06-00 #-----------------------------------------#
26-01-06-00 [Step 178] logΨ: mean=12.853+0.752j | min=8.665+1.706j | max=13.203+1.875j
26-01-06-00 梯度监控 | raw=9.0722 | natural=0.0019 | clipped=0.0019(上限20.0)
26-01-06-00 原始规范坐标 G(Re Σrow_mean) = +27.4006 | 累计|g| = 13.9628
26-01-06-00 Ψ矩阵条件数 cond(Ψ) = 1.18e+01
26-01-06-00 Loss=-30.948538 | E0=-7.86091616-0.00001530j | E1=-7.71732823-0.00222205j|E2=-7.69344102-0.00078253j|E3=-7.67685308+0.00358533j
26-01-06-00 #-----------------------------------------#
26-01-06-00 [Step 179] logΨ: mean=13.375+0.452j | min=6.595-2.944j | max=13.744+1.739j
26-01-06-00 梯度监控 | raw=9.6596 | natural=0.1557 | clipped=0.1557(上限20.0)
26-01-06-00 原始规范坐标 G(Re Σrow_mean) = +27.6165 | 累计|g| = 13.9628
26-01-06-00 Ψ矩阵条件数 cond(Ψ) = 1.22e+01
26-01-06-00 Loss=-30.948023 | E0=-7.86131135-0.00003028j | E1=-7.71734482-0.00136913j|E2=-7.69362629+0.00011387j|E3=-7.67574092+0.00070570j
26-01-06-00 #-----------------------------------------#
26-01-06-00 [保存] Step 179 → pickle 文件已更新 (180 条记录)
26-01-06-00 [GaugeReset@180] 吸收 Δg = Σ Re(col_mean) = +27.6165 | 新|g| = 14.2834
26-01-06-00 [Step 180] logΨ: mean=12.641+0.823j | min=8.475-0.755j | max=13.013+1.932j
26-01-06-00 梯度监控 | raw=10.5361 | natural=0.0047 | clipped=0.0047(上限20.0)
26-01-06-00 原始规范坐标 G(Re Σrow_mean) = +27.6472 | 累计|g| = 14.2834
26-01-06-00 Ψ矩阵条件数 cond(Ψ) = 6.54e+00
26-01-06-00 Loss=-30.946845 | E0=-7.86146318-0.00007641j | E1=-7.71720439-0.00025542j|E2=-7.69383774+0.00080014j|E3=-7.67433991-0.00148197j
26-01-06-00 #-----------------------------------------#
26-01-06-00 [Step 181] logΨ: mean=12.574+0.757j | min=9.190-2.661j | max=12.951+1.944j
26-01-06-00 梯度监控 | raw=8.2615 | natural=0.0113 | clipped=0.0113(上限20.0)
26-01-06-00 原始规范坐标 G(Re Σrow_mean) = +27.5438 | 累计|g| = 14.2834
26-01-06-00 Ψ矩阵条件数 cond(Ψ) = 1.24e+01
26-01-06-00 Loss=-30.947573 | E0=-7.86112476+0.00002797j | E1=-7.71724914-0.00193849j|E2=-7.69256624-0.00206846j|E3=-7.67663286+0.00540947j
26-01-06-00 #-----------------------------------------#
26-01-06-00 [Step 182] logΨ: mean=12.595+0.897j | min=8.977+1.154j | max=12.975+1.906j
26-01-06-00 梯度监控 | raw=8.9215 | natural=0.0056 | clipped=0.0056(上限20.0)
26-01-06-00 原始规范坐标 G(Re Σrow_mean) = +27.5025 | 累计|g| = 14.2834
26-01-06-00 Ψ矩阵条件数 cond(Ψ) = 6.55e+00
26-01-06-00 Loss=-30.949282 | E0=-7.86159059+0.00001536j | E1=-7.71739409-0.00024393j|E2=-7.69339250-0.00144166j|E3=-7.67690488+0.00331469j
26-01-06-00 #-----------------------------------------#
26-01-06-00 [Step 183] logΨ: mean=12.562+0.543j | min=6.928+3.012j | max=12.941+1.887j
26-01-06-00 梯度监控 | raw=28.6026 | natural=0.0133 | clipped=0.0133(上限20.0)
26-01-06-00 原始规范坐标 G(Re Σrow_mean) = +27.5471 | 累计|g| = 14.2834
26-01-06-00 Ψ矩阵条件数 cond(Ψ) = 1.29e+01
26-01-06-00 Loss=-30.953018 | E0=-7.86201771+0.00526225j | E1=-7.71769235+0.00008109j|E2=-7.69575792-0.00104706j|E3=-7.67754958+0.00153120j
26-01-06-00 #-----------------------------------------#
26-01-06-00 [Step 184] logΨ: mean=12.568+0.246j | min=8.957-1.205j | max=12.958+1.874j
26-01-06-00 梯度监控 | raw=10.9012 | natural=0.0044 | clipped=0.0044(上限20.0)
26-01-06-00 原始规范坐标 G(Re Σrow_mean) = +27.5865 | 累计|g| = 14.2834
26-01-06-00 Ψ矩阵条件数 cond(Ψ) = 6.58e+00
26-01-06-00 Loss=-30.948377 | E0=-7.86120384+0.00008741j | E1=-7.71751889+0.00040943j|E2=-7.69465760+0.00092870j|E3=-7.67499687-0.00178879j
26-01-06-00 #-----------------------------------------#
26-01-06-00 [Step 185] logΨ: mean=12.616+0.186j | min=8.428-1.046j | max=12.987+1.841j
26-01-06-00 梯度监控 | raw=10.2632 | natural=0.0046 | clipped=0.0046(上限20.0)
26-01-06-00 原始规范坐标 G(Re Σrow_mean) = +27.5583 | 累计|g| = 14.2834
26-01-06-00 Ψ矩阵条件数 cond(Ψ) = 4.46e+00
26-01-06-00 Loss=-30.948100 | E0=-7.86089299+0.00004519j | E1=-7.71732192-0.00002235j|E2=-7.69338891-0.00043914j|E3=-7.67649643+0.00132304j
26-01-06-00 #-----------------------------------------#
26-01-06-00 [Step 186] logΨ: mean=12.566-0.090j | min=8.440-0.767j | max=12.907+1.845j
26-01-06-00 梯度监控 | raw=10.6674 | natural=0.0089 | clipped=0.0089(上限20.0)
26-01-06-00 原始规范坐标 G(Re Σrow_mean) = +27.5854 | 累计|g| = 14.2834
26-01-06-00 Ψ矩阵条件数 cond(Ψ) = 6.64e+00
26-01-06-00 Loss=-30.951686 | E0=-7.86054077+0.00011705j | E1=-7.71774812-0.00014710j|E2=-7.69659074+0.00086199j|E3=-7.67680593-0.00134868j
26-01-06-00 #-----------------------------------------#
26-01-06-00 [Step 187] logΨ: mean=12.625+0.292j | min=8.142+0.419j | max=12.958+1.822j
26-01-06-00 梯度监控 | raw=10.0407 | natural=0.0014 | clipped=0.0014(上限20.0)
26-01-06-00 原始规范坐标 G(Re Σrow_mean) = +27.6216 | 累计|g| = 14.2834
26-01-06-00 Ψ矩阵条件数 cond(Ψ) = 6.64e+00
26-01-06-00 Loss=-30.953657 | E0=-7.86114674-0.00006585j | E1=-7.71782394+0.00051552j|E2=-7.69765954+0.00057384j|E3=-7.67702697-0.00190535j
26-01-06-00 #-----------------------------------------#
26-01-06-00 [Step 188] logΨ: mean=12.639+0.130j | min=7.048+0.304j | max=12.985+1.834j
26-01-06-00 梯度监控 | raw=10.8269 | natural=0.0017 | clipped=0.0017(上限20.0)
26-01-06-00 原始规范坐标 G(Re Σrow_mean) = +27.5882 | 累计|g| = 14.2834
26-01-06-00 Ψ矩阵条件数 cond(Ψ) = 4.46e+00
26-01-06-00 Loss=-30.950590 | E0=-7.86095264+0.00017949j | E1=-7.71764016+0.00153915j|E2=-7.69544248-0.00010806j|E3=-7.67655444-0.00140766j
26-01-06-00 #-----------------------------------------#
26-01-06-00 [Step 189] logΨ: mean=12.642+0.046j | min=8.214-2.058j | max=13.009+1.826j
26-01-06-00 梯度监控 | raw=9.7525 | natural=0.0019 | clipped=0.0019(上限20.0)
26-01-06-00 原始规范坐标 G(Re Σrow_mean) = +27.5478 | 累计|g| = 14.2834
26-01-06-00 Ψ矩阵条件数 cond(Ψ) = 6.64e+00
26-01-06-00 Loss=-30.952405 | E0=-7.86156572+0.00000307j | E1=-7.71768963+0.00052981j|E2=-7.69564371-0.00035143j|E3=-7.67750556+0.00047237j
26-01-06-00 #-----------------------------------------#
26-01-06-00 [GaugeReset@190] 吸收 Δg = Σ Re(col_mean) = +27.5478 | 新|g| = 14.2609
26-01-06-00 [Step 190] logΨ: mean=12.678+0.245j | min=8.304+1.059j | max=13.110+1.801j
26-01-06-00 梯度监控 | raw=9.2788 | natural=0.0048 | clipped=0.0048(上限20.0)
26-01-06-00 原始规范坐标 G(Re Σrow_mean) = +27.5184 | 累计|g| = 14.2609
26-01-06-00 Ψ矩阵条件数 cond(Ψ) = 4.53e+00
26-01-06-00 Loss=-30.949609 | E0=-7.86061739+0.00004032j | E1=-7.71741420+0.00008455j|E2=-7.69380125-0.00131862j|E3=-7.67777618+0.00283922j
26-01-06-00 #-----------------------------------------#
26-01-06-00 [Step 191] logΨ: mean=13.091+0.602j | min=7.031-0.177j | max=13.422+1.732j
26-01-06-00 梯度监控 | raw=11.2680 | natural=0.0343 | clipped=0.0343(上限20.0)
26-01-06-00 原始规范坐标 G(Re Σrow_mean) = +27.7970 | 累计|g| = 14.2609
26-01-06-00 Ψ矩阵条件数 cond(Ψ) = 6.61e+00
26-01-06-00 Loss=-30.949684 | E0=-7.86135655+0.00005215j | E1=-7.71742447-0.00084831j|E2=-7.69522985+0.00162854j|E3=-7.67567305-0.00211383j
26-01-06-00 #-----------------------------------------#
26-01-06-00 [Step 192] logΨ: mean=13.109+0.993j | min=9.599+0.271j | max=13.444+1.732j
26-01-06-00 梯度监控 | raw=9.6671 | natural=0.0012 | clipped=0.0012(上限20.0)
26-01-06-00 原始规范坐标 G(Re Σrow_mean) = +27.7491 | 累计|g| = 14.2609
26-01-06-00 Ψ矩阵条件数 cond(Ψ) = 1.30e+01
26-01-06-00 Loss=-30.950014 | E0=-7.86172739+0.00008837j | E1=-7.71741867-0.00042945j|E2=-7.69389288-0.00039362j|E3=-7.67697487+0.00061882j
26-01-06-00 #-----------------------------------------#
26-01-06-00 [Step 193] logΨ: mean=13.198+0.435j | min=9.380-2.584j | max=13.492+1.713j
26-01-06-00 梯度监控 | raw=10.4990 | natural=0.0015 | clipped=0.0015(上限20.0)
26-01-06-00 原始规范坐标 G(Re Σrow_mean) = +27.8556 | 累计|g| = 14.2609
26-01-06-00 Ψ矩阵条件数 cond(Ψ) = 1.22e+01
26-01-06-00 Loss=-30.954206 | E0=-7.86166343+0.00008673j | E1=-7.71796565+0.00102649j|E2=-7.69839205+0.00069625j|E3=-7.67618468-0.00403953j
26-01-06-00 #-----------------------------------------#
26-01-06-00 [Step 194] logΨ: mean=13.201+0.538j | min=9.398-2.599j | max=13.534+1.699j
26-01-06-00 梯度监控 | raw=9.7619 | natural=0.0014 | clipped=0.0014(上限20.0)
26-01-06-00 原始规范坐标 G(Re Σrow_mean) = +27.7425 | 累计|g| = 14.2609
26-01-06-00 Ψ矩阵条件数 cond(Ψ) = 6.60e+00
26-01-06-00 Loss=-30.952537 | E0=-7.86152284+0.00003315j | E1=-7.71764338+0.00027667j|E2=-7.69546222-0.00061623j|E3=-7.67790834+0.00081576j
26-01-06-00 #-----------------------------------------#
26-01-06-00 [Step 195] logΨ: mean=13.098+0.610j | min=8.639+2.842j | max=13.436+1.700j
26-01-06-00 梯度监控 | raw=9.0986 | natural=0.0165 | clipped=0.0165(上限20.0)
26-01-06-00 原始规范坐标 G(Re Σrow_mean) = +27.7093 | 累计|g| = 14.2609
26-01-06-00 Ψ矩阵条件数 cond(Ψ) = 6.63e+00
26-01-06-00 Loss=-30.954308 | E0=-7.86218078+0.00006735j | E1=-7.71777977+0.00031417j|E2=-7.69648185-0.00004917j|E3=-7.67786513-0.00011914j
26-01-06-00 #-----------------------------------------#
26-01-06-00 [Step 196] logΨ: mean=13.210+0.443j | min=8.678+2.840j | max=13.485+1.698j
26-01-06-00 梯度监控 | raw=10.1856 | natural=0.0018 | clipped=0.0018(上限20.0)
26-01-06-00 原始规范坐标 G(Re Σrow_mean) = +27.8107 | 累计|g| = 14.2609
26-01-06-00 Ψ矩阵条件数 cond(Ψ) = 1.23e+01
26-01-06-00 Loss=-30.956214 | E0=-7.86152714+0.00008423j | E1=-7.71862141+0.00251349j|E2=-7.69915273-0.00022345j|E3=-7.67691310-0.00399269j
26-01-06-00 #-----------------------------------------#
26-01-06-00 [Step 197] logΨ: mean=13.217-0.024j | min=8.905-1.574j | max=13.511+1.704j
26-01-06-00 梯度监控 | raw=11.0712 | natural=0.0020 | clipped=0.0020(上限20.0)
26-01-06-00 原始规范坐标 G(Re Σrow_mean) = +27.8906 | 累计|g| = 14.2609
26-01-06-00 Ψ矩阵条件数 cond(Ψ) = 6.60e+00
26-01-06-00 Loss=-30.954269 | E0=-7.86169807+0.00021324j | E1=-7.71848449+0.00238641j|E2=-7.69867305+0.00046212j|E3=-7.67541367-0.00577273j
26-01-06-00 #-----------------------------------------#
26-01-06-00 [Step 198] logΨ: mean=13.240+0.091j | min=7.641-2.724j | max=13.546+1.676j
26-01-06-00 梯度监控 | raw=11.3638 | natural=0.0044 | clipped=0.0044(上限20.0)
26-01-06-00 原始规范坐标 G(Re Σrow_mean) = +27.8417 | 累计|g| = 14.2609
26-01-06-00 Ψ矩阵条件数 cond(Ψ) = 6.61e+00
26-01-06-00 Loss=-30.952534 | E0=-7.86089057-0.00153911j | E1=-7.71796467+0.00143396j|E2=-7.69769572+0.00073981j|E3=-7.67598302-0.00403230j
26-01-06-00 #-----------------------------------------#
26-01-06-00 [Step 199] logΨ: mean=13.251+0.339j | min=8.016-1.420j | max=13.588+1.661j
26-01-06-00 梯度监控 | raw=9.7408 | natural=0.0015 | clipped=0.0015(上限20.0)
26-01-06-00 原始规范坐标 G(Re Σrow_mean) = +27.7928 | 累计|g| = 14.2609
26-01-06-00 Ψ矩阵条件数 cond(Ψ) = 6.60e+00
26-01-06-00 Loss=-30.953587 | E0=-7.86192778+0.00002313j | E1=-7.71779684+0.00037637j|E2=-7.69620472+0.00022744j|E3=-7.67765728-0.00100039j
26-01-06-00 #-----------------------------------------#
26-01-06-00 [保存] Step 199 → pickle 文件已更新 (200 条记录)
26-01-06-00 [GaugeReset@200] 吸收 Δg = Σ Re(col_mean) = +27.7928 | 新|g| = 14.3595
26-01-06-00 [Step 200] logΨ: mean=12.861+0.384j | min=9.135+2.241j | max=13.240+1.804j
26-01-06-00 梯度监控 | raw=9.3177 | natural=0.0176 | clipped=0.0176(上限20.0)
26-01-06-00 原始规范坐标 G(Re Σrow_mean) = +27.7030 | 累计|g| = 14.3595
26-01-06-00 Ψ矩阵条件数 cond(Ψ) = 6.66e+00
26-01-06-00 Loss=-30.952944 | E0=-7.86189442+0.00002837j | E1=-7.71786849+0.00044015j|E2=-7.69557704+0.00008748j|E3=-7.67760372-0.00065856j
26-01-06-00 #-----------------------------------------#
26-01-06-00 [Step 201] logΨ: mean=12.971+0.214j | min=6.824-1.394j | max=13.283+1.795j
26-01-06-00 梯度监控 | raw=9.6117 | natural=0.0046 | clipped=0.0046(上限20.0)
26-01-06-00 原始规范坐标 G(Re Σrow_mean) = +27.7740 | 累计|g| = 14.3595
26-01-06-00 Ψ矩阵条件数 cond(Ψ) = 4.53e+00
26-01-06-00 Loss=-30.954914 | E0=-7.86169479+0.00000482j | E1=-7.71788539+0.00044558j|E2=-7.69747086+0.00010296j|E3=-7.67786309-0.00132333j
26-01-06-00 #-----------------------------------------#
26-01-06-00 [Step 202] logΨ: mean=13.012+0.574j | min=8.777-1.528j | max=13.333+1.756j
26-01-06-00 梯度监控 | raw=9.2984 | natural=0.0037 | clipped=0.0037(上限20.0)
26-01-06-00 原始规范坐标 G(Re Σrow_mean) = +27.7537 | 累计|g| = 14.3595
26-01-06-00 Ψ矩阵条件数 cond(Ψ) = 6.61e+00
26-01-06-00 Loss=-30.954772 | E0=-7.86210774+0.00002220j | E1=-7.71788847+0.00079289j|E2=-7.69655482-0.00033372j|E3=-7.67822132-0.00070944j
26-01-06-00 #-----------------------------------------#
26-01-06-00 [Step 203] logΨ: mean=12.983+0.621j | min=8.451+1.010j | max=13.362+1.752j
26-01-06-00 梯度监控 | raw=8.9595 | natural=0.0014 | clipped=0.0014(上限20.0)
26-01-06-00 原始规范坐标 G(Re Σrow_mean) = +27.7055 | 累计|g| = 14.3595
26-01-06-00 Ψ矩阵条件数 cond(Ψ) = 6.60e+00
26-01-06-00 Loss=-30.954033 | E0=-7.86188588+0.00014764j | E1=-7.71773657-0.00009865j|E2=-7.69554917-0.00056371j|E3=-7.67886154+0.00147738j
26-01-06-00 #-----------------------------------------#
26-01-06-00 [Step 204] logΨ: mean=13.038+0.511j | min=8.324+2.676j | max=13.399+1.729j
26-01-06-00 梯度监控 | raw=7.7390 | natural=0.0025 | clipped=0.0025(上限20.0)
26-01-06-00 原始规范坐标 G(Re Σrow_mean) = +27.7019 | 累计|g| = 14.3595
26-01-06-00 Ψ矩阵条件数 cond(Ψ) = 6.60e+00
26-01-06-00 Loss=-30.954183 | E0=-7.86213668-0.00000497j | E1=-7.71775120-0.00152408j|E2=-7.69476015-0.00162874j|E3=-7.67953503+0.00497809j
26-01-06-00 #-----------------------------------------#
26-01-06-00 [Step 205] logΨ: mean=13.030+0.449j | min=8.489-2.166j | max=13.418+1.720j
26-01-06-00 梯度监控 | raw=7.4897 | natural=0.0011 | clipped=0.0011(上限20.0)
26-01-06-00 原始规范坐标 G(Re Σrow_mean) = +27.6745 | 累计|g| = 14.3595
26-01-06-00 Ψ矩阵条件数 cond(Ψ) = 6.59e+00
26-01-06-00 Loss=-30.955204 | E0=-7.86199153+0.00007844j | E1=-7.71785823-0.00178434j|E2=-7.69554094-0.00146338j|E3=-7.67981353+0.00509698j
26-01-06-00 #-----------------------------------------#
26-01-06-00 [Step 206] logΨ: mean=13.102+0.129j | min=8.521+0.942j | max=13.457+1.689j
26-01-06-00 梯度监控 | raw=7.7174 | natural=0.0038 | clipped=0.0038(上限20.0)
26-01-06-00 原始规范坐标 G(Re Σrow_mean) = +27.7262 | 累计|g| = 14.3595
26-01-06-00 Ψ矩阵条件数 cond(Ψ) = 6.59e+00
26-01-06-00 Loss=-30.957053 | E0=-7.86195830+0.00009073j | E1=-7.71800056-0.00125192j|E2=-7.69708648-0.00030326j|E3=-7.68000735+0.00263976j
26-01-06-00 #-----------------------------------------#
26-01-06-00 [Step 207] logΨ: mean=13.081+0.149j | min=7.755+1.795j | max=13.475+1.705j
26-01-06-00 梯度监控 | raw=8.1761 | natural=0.0030 | clipped=0.0030(上限20.0)
26-01-06-00 原始规范坐标 G(Re Σrow_mean) = +27.7491 | 累计|g| = 14.3595
26-01-06-00 Ψ矩阵条件数 cond(Ψ) = 6.59e+00
26-01-06-00 Loss=-30.955045 | E0=-7.86200659+0.00010864j | E1=-7.71770832-0.00026970j|E2=-7.69635714-0.00055972j|E3=-7.67897323+0.00157036j
26-01-06-00 #-----------------------------------------#
26-01-06-00 [Step 208] logΨ: mean=13.221+0.040j | min=9.396+0.809j | max=13.509+1.686j
26-01-06-00 梯度监控 | raw=9.3340 | natural=0.0024 | clipped=0.0024(上限20.0)
26-01-06-00 原始规范坐标 G(Re Σrow_mean) = +27.8811 | 累计|g| = 14.3595
26-01-06-00 Ψ矩阵条件数 cond(Ψ) = 1.25e+01
26-01-06-00 Loss=-30.957038 | E0=-7.86251887+0.00009756j | E1=-7.71827065+0.00113620j|E2=-7.69901458+0.00045470j|E3=-7.67723425-0.00357351j
26-01-06-00 #-----------------------------------------#
26-01-06-00 [Step 209] logΨ: mean=13.285+0.171j | min=9.062+0.508j | max=13.556+1.677j
26-01-06-00 梯度监控 | raw=8.9996 | natural=0.0015 | clipped=0.0015(上限20.0)
26-01-06-00 原始规范坐标 G(Re Σrow_mean) = +27.8951 | 累计|g| = 14.3595
26-01-06-00 Ψ矩阵条件数 cond(Ψ) = 4.48e+00
26-01-06-00 Loss=-30.958009 | E0=-7.86209659+0.00014759j | E1=-7.71862599+0.00180192j|E2=-7.69957265-0.00019767j|E3=-7.67771407-0.00356774j
26-01-06-00 #-----------------------------------------#
26-01-06-00 [GaugeReset@210] 吸收 Δg = Σ Re(col_mean) = +27.8951 | 新|g| = 14.3867
26-01-06-00 [Step 210] logΨ: mean=13.154+0.284j | min=9.806+0.921j | max=13.472+1.810j
26-01-06-00 梯度监控 | raw=9.5463 | natural=0.0012 | clipped=0.0012(上限20.0)
26-01-06-00 原始规范坐标 G(Re Σrow_mean) = +27.8584 | 累计|g| = 14.3867
26-01-06-00 Ψ矩阵条件数 cond(Ψ) = 1.28e+01
26-01-06-00 Loss=-30.955532 | E0=-7.86187717+0.00005630j | E1=-7.71815987+0.00117405j|E2=-7.69779143+0.00015012j|E3=-7.67770385-0.00267191j
26-01-06-00 #-----------------------------------------#
26-01-06-00 [Step 211] logΨ: mean=13.220+0.299j | min=9.473+1.263j | max=13.512+1.776j
26-01-06-00 梯度监控 | raw=8.7568 | natural=0.0040 | clipped=0.0040(上限20.0)
26-01-06-00 原始规范坐标 G(Re Σrow_mean) = +27.8767 | 累计|g| = 14.3867
26-01-06-00 Ψ矩阵条件数 cond(Ψ) = 6.69e+00
26-01-06-00 Loss=-30.958063 | E0=-7.86239727+0.00004299j | E1=-7.71828370+0.00137194j|E2=-7.69943415+0.00002016j|E3=-7.67794793-0.00254753j
26-01-06-00 #-----------------------------------------#
26-01-06-00 [Step 212] logΨ: mean=13.211+0.294j | min=9.893-1.341j | max=13.532+1.769j
26-01-06-00 梯度监控 | raw=9.6503 | natural=0.0013 | clipped=0.0013(上限20.0)
26-01-06-00 原始规范坐标 G(Re Σrow_mean) = +27.8583 | 累计|g| = 14.3867
26-01-06-00 Ψ矩阵条件数 cond(Ψ) = 1.30e+01
26-01-06-00 Loss=-30.955445 | E0=-7.86244064+0.00004449j | E1=-7.71803598+0.00129974j|E2=-7.69687874-0.00009005j|E3=-7.67808975-0.00160912j
26-01-06-00 #-----------------------------------------#
26-01-06-00 [Step 213] logΨ: mean=13.121+0.394j | min=8.974+0.567j | max=13.559+1.738j
26-01-06-00 梯度监控 | raw=8.8582 | natural=0.0030 | clipped=0.0030(上限20.0)
26-01-06-00 原始规范坐标 G(Re Σrow_mean) = +27.7802 | 累计|g| = 14.3867
26-01-06-00 Ψ矩阵条件数 cond(Ψ) = 1.27e+01
26-01-06-00 Loss=-30.952443 | E0=-7.86125759+0.00010150j | E1=-7.71768315-0.00141843j|E2=-7.69410926-0.00102320j|E3=-7.67939273+0.00354606j
26-01-06-00 #-----------------------------------------#
26-01-06-00 [Step 214] logΨ: mean=13.241+0.656j | min=9.850+0.858j | max=13.578+1.736j
26-01-06-00 梯度监控 | raw=8.2959 | natural=0.0011 | clipped=0.0011(上限20.0)
26-01-06-00 原始规范坐标 G(Re Σrow_mean) = +27.8337 | 累计|g| = 14.3867
26-01-06-00 Ψ矩阵条件数 cond(Ψ) = 6.67e+00
26-01-06-00 Loss=-30.957007 | E0=-7.86212271+0.00003896j | E1=-7.71813081-0.00009776j|E2=-7.69730698-0.00006081j|E3=-7.67944672+0.00021237j
26-01-06-00 #-----------------------------------------#
26-01-06-00 [Step 215] logΨ: mean=13.275+0.553j | min=8.974+0.593j | max=13.610+1.734j
26-01-06-00 梯度监控 | raw=7.5302 | natural=0.0010 | clipped=0.0010(上限20.0)
26-01-06-00 原始规范坐标 G(Re Σrow_mean) = +27.8176 | 累计|g| = 14.3867
26-01-06-00 Ψ矩阵条件数 cond(Ψ) = 1.29e+01
26-01-06-00 Loss=-30.959097 | E0=-7.86249493+0.00004331j | E1=-7.71819659-0.00035575j|E2=-7.69838707-0.00003021j|E3=-7.68001853+0.00074247j
26-01-06-00 #-----------------------------------------#
26-01-06-00 [Step 216] logΨ: mean=13.208+0.378j | min=9.398+1.864j | max=13.533+1.721j
26-01-06-00 梯度监控 | raw=8.1234 | natural=0.0154 | clipped=0.0154(上限20.0)
26-01-06-00 原始规范坐标 G(Re Σrow_mean) = +27.8178 | 累计|g| = 14.3867
26-01-06-00 Ψ矩阵条件数 cond(Ψ) = 1.27e+01
26-01-06-00 Loss=-30.958717 | E0=-7.86260779+0.00007898j | E1=-7.71827610+0.00038984j|E2=-7.69878700+0.00016351j|E3=-7.67904626-0.00103871j
26-01-06-00 #-----------------------------------------#
26-01-06-00 [Step 217] logΨ: mean=13.080+0.503j | min=8.741-2.602j | max=13.416+1.684j
26-01-06-00 梯度监控 | raw=6.9232 | natural=0.0183 | clipped=0.0183(上限20.0)
26-01-06-00 原始规范坐标 G(Re Σrow_mean) = +27.7052 | 累计|g| = 14.3867
26-01-06-00 Ψ矩阵条件数 cond(Ψ) = 1.29e+01
26-01-06-00 Loss=-30.959317 | E0=-7.86219793+0.00003719j | E1=-7.71829007-0.00101845j|E2=-7.69846977-0.00006232j|E3=-7.68035893+0.00187555j
26-01-06-00 #-----------------------------------------#
26-01-06-00 [Step 218] logΨ: mean=13.151+0.224j | min=9.442-1.275j | max=13.441+1.656j
26-01-06-00 梯度监控 | raw=8.3855 | natural=0.0030 | clipped=0.0030(上限20.0)
26-01-06-00 原始规范坐标 G(Re Σrow_mean) = +27.7797 | 累计|g| = 14.3867
26-01-06-00 Ψ矩阵条件数 cond(Ψ) = 1.28e+01
26-01-06-00 Loss=-30.958700 | E0=-7.86250647+0.00004292j | E1=-7.71823432+0.00041494j|E2=-7.69868895+0.00015139j|E3=-7.67926981-0.00107235j
26-01-06-00 #-----------------------------------------#
26-01-06-00 [Step 219] logΨ: mean=13.132+0.312j | min=8.908-1.650j | max=13.484+1.636j
26-01-06-00 梯度监控 | raw=6.0853 | natural=0.0023 | clipped=0.0023(上限20.0)
26-01-06-00 原始规范坐标 G(Re Σrow_mean) = +27.6594 | 累计|g| = 14.3867
26-01-06-00 Ψ矩阵条件数 cond(Ψ) = 1.29e+01
26-01-06-00 Loss=-30.959446 | E0=-7.86253230+0.00001236j | E1=-7.71841474-0.00239007j|E2=-7.69710728-0.00076491j|E3=-7.68139160+0.00535145j
26-01-06-00 #-----------------------------------------#
26-01-06-00 [保存] Step 219 → pickle 文件已更新 (220 条记录)
26-01-06-00 [GaugeReset@220] 吸收 Δg = Σ Re(col_mean) = +27.6594 | 新|g| = 14.3931
26-01-06-00 [Step 220] logΨ: mean=13.194-0.075j | min=7.261-3.061j | max=13.606+1.607j
26-01-06-00 梯度监控 | raw=5.5909 | natural=0.0226 | clipped=0.0226(上限20.0)
26-01-06-00 原始规范坐标 G(Re Σrow_mean) = +27.5672 | 累计|g| = 14.3931
26-01-06-00 Ψ矩阵条件数 cond(Ψ) = 1.31e+01
26-01-06-00 Loss=-30.957345 | E0=-7.86229110+0.00007419j | E1=-7.71819779-0.00293415j|E2=-7.69595529-0.00243668j|E3=-7.68090118+0.00889202j
26-01-06-00 #-----------------------------------------#
26-01-06-00 [Step 221] logΨ: mean=13.187+0.305j | min=9.690+2.664j | max=13.631+1.602j
26-01-06-00 梯度监控 | raw=5.9021 | natural=0.0008 | clipped=0.0008(上限20.0)
26-01-06-00 原始规范坐标 G(Re Σrow_mean) = +27.5564 | 累计|g| = 14.3931
26-01-06-00 Ψ矩阵条件数 cond(Ψ) = 1.31e+01
26-01-06-00 Loss=-30.957034 | E0=-7.86208823-0.00000305j | E1=-7.71811592-0.00282324j|E2=-7.69581654-0.00259591j|E3=-7.68101349+0.00888716j
26-01-06-00 #-----------------------------------------#
26-01-06-00 [Step 222] logΨ: mean=13.229+0.327j | min=9.358+0.736j | max=13.630+1.618j
26-01-06-00 梯度监控 | raw=7.4420 | natural=0.0032 | clipped=0.0032(上限20.0)
26-01-06-00 原始规范坐标 G(Re Σrow_mean) = +27.6426 | 累计|g| = 14.3931
26-01-06-00 Ψ矩阵条件数 cond(Ψ) = 6.73e+00
26-01-06-00 Loss=-30.957471 | E0=-7.86266703+0.00019695j | E1=-7.71812252-0.00156312j|E2=-7.69600857-0.00060105j|E3=-7.68067308+0.00353987j
26-01-06-00 #-----------------------------------------#
26-01-06-00 [Step 223] logΨ: mean=13.185+0.197j | min=9.363-3.055j | max=13.627+1.639j
26-01-06-00 梯度监控 | raw=6.5311 | natural=0.0035 | clipped=0.0035(上限20.0)
26-01-06-00 原始规范坐标 G(Re Σrow_mean) = +27.5977 | 累计|g| = 14.3931
26-01-06-00 Ψ矩阵条件数 cond(Ψ) = 1.11e+01
26-01-06-00 Loss=-30.958382 | E0=-7.86275921+0.00029139j | E1=-7.71806416-0.00194416j|E2=-7.69660158-0.00098674j|E3=-7.68095690+0.00477760j
26-01-06-00 #-----------------------------------------#
26-01-06-01 [Step 224] logΨ: mean=13.320+0.063j | min=9.813+0.757j | max=13.653+1.631j
26-01-06-01 梯度监控 | raw=7.0808 | natural=0.0007 | clipped=0.0007(上限20.0)
26-01-06-01 原始规范坐标 G(Re Σrow_mean) = +27.6828 | 累计|g| = 14.3931
26-01-06-01 Ψ矩阵条件数 cond(Ψ) = 6.70e+00
26-01-06-01 Loss=-30.960687 | E0=-7.86246357+0.00002147j | E1=-7.71843581-0.00024850j|E2=-7.69934885-0.00003820j|E3=-7.68043890+0.00056993j
26-01-06-01 #-----------------------------------------#
26-01-06-01 [Step 225] logΨ: mean=13.380+0.013j | min=9.057+1.489j | max=13.659+1.632j
26-01-06-01 梯度监控 | raw=8.4263 | natural=0.0008 | clipped=0.0008(上限20.0)
26-01-06-01 原始规范坐标 G(Re Σrow_mean) = +27.7950 | 累计|g| = 14.3931
26-01-06-01 Ψ矩阵条件数 cond(Ψ) = 6.70e+00
26-01-06-01 Loss=-30.959778 | E0=-7.86288786+0.00012464j | E1=-7.71877812+0.00192034j|E2=-7.70004945-0.00007077j|E3=-7.67806234-0.00401517j
26-01-06-01 #-----------------------------------------#
26-01-06-01 [Step 226] logΨ: mean=13.432-0.226j | min=5.533+1.499j | max=13.709+1.633j
26-01-06-01 梯度监控 | raw=9.3954 | natural=0.0020 | clipped=0.0020(上限20.0)
26-01-06-01 原始规范坐标 G(Re Σrow_mean) = +27.8359 | 累计|g| = 14.3931
26-01-06-01 Ψ矩阵条件数 cond(Ψ) = 6.70e+00
26-01-06-01 Loss=-30.958577 | E0=-7.86241593+0.00014929j | E1=-7.71867957+0.00164646j|E2=-7.69950804+0.00030732j|E3=-7.67797392-0.00397320j
26-01-06-01 #-----------------------------------------#
26-01-06-01 [Step 227] logΨ: mean=13.770-0.347j | min=7.741+2.586j | max=14.069+1.376j
26-01-06-01 梯度监控 | raw=8.0346 | natural=0.1263 | clipped=0.1263(上限20.0)
26-01-06-01 原始规范坐标 G(Re Σrow_mean) = +28.0195 | 累计|g| = 14.3931
26-01-06-01 Ψ矩阵条件数 cond(Ψ) = 6.40e+00
26-01-06-01 Loss=-30.958462 | E0=-7.86269457+0.00003485j | E1=-7.71799692+0.00082340j|E2=-7.69981005-0.00024079j|E3=-7.67796041-0.00426283j
26-01-06-01 #-----------------------------------------#
26-01-06-01 [Step 228] logΨ: mean=13.817-0.127j | min=9.802+0.497j | max=14.078+1.381j
26-01-06-01 梯度监控 | raw=8.1658 | natural=0.0023 | clipped=0.0023(上限20.0)
26-01-06-01 原始规范坐标 G(Re Σrow_mean) = +28.0325 | 累计|g| = 14.3931
26-01-06-01 Ψ矩阵条件数 cond(Ψ) = 6.38e+00
26-01-06-01 Loss=-30.960758 | E0=-7.86226968+0.00012192j | E1=-7.71887891+0.00107799j|E2=-7.70088308+0.00003084j|E3=-7.67872654-0.00317735j
26-01-06-01 #-----------------------------------------#
26-01-06-01 [Step 229] logΨ: mean=13.649+0.268j | min=9.945-1.599j | max=13.924+1.451j
26-01-06-01 梯度监控 | raw=8.2113 | natural=0.0144 | clipped=0.0144(上限20.0)
26-01-06-01 原始规范坐标 G(Re Σrow_mean) = +27.9048 | 累计|g| = 14.3931
26-01-06-01 Ψ矩阵条件数 cond(Ψ) = 6.46e+00
26-01-06-01 Loss=-30.960338 | E0=-7.86254393+0.00002864j | E1=-7.71847378+0.00070426j|E2=-7.70035264+0.00035129j|E3=-7.67896719-0.00242856j
26-01-06-01 #-----------------------------------------#
26-01-06-01 [GaugeReset@230] 吸收 Δg = Σ Re(col_mean) = +27.9048 | 新|g| = 14.4037
26-01-06-01 [Step 230] logΨ: mean=13.126+0.651j | min=7.949-0.909j | max=13.484+1.783j
26-01-06-01 梯度监控 | raw=8.6077 | natural=0.0344 | clipped=0.0344(上限20.0)
26-01-06-01 原始规范坐标 G(Re Σrow_mean) = +27.7463 | 累计|g| = 14.4037
26-01-06-01 Ψ矩阵条件数 cond(Ψ) = 1.32e+01
26-01-06-01 Loss=-30.962720 | E0=-7.86440819-0.00063408j | E1=-7.71868096+0.00062180j|E2=-7.69986085+0.00027320j|E3=-7.67976958-0.00087594j
26-01-06-01 #-----------------------------------------#
26-01-06-01 [Step 231] logΨ: mean=13.177+0.691j | min=7.559+0.461j | max=13.539+1.767j
26-01-06-01 梯度监控 | raw=7.6069 | natural=0.0033 | clipped=0.0033(上限20.0)
26-01-06-01 原始规范坐标 G(Re Σrow_mean) = +27.7379 | 累计|g| = 14.4037
26-01-06-01 Ψ矩阵条件数 cond(Ψ) = 1.31e+01
26-01-06-01 Loss=-30.958268 | E0=-7.86264050+0.00000008j | E1=-7.71806270-0.00052839j|E2=-7.69701897-0.00039534j|E3=-7.68054573+0.00141507j
26-01-06-01 #-----------------------------------------#
26-01-06-01 [Step 232] logΨ: mean=13.540+0.641j | min=7.683+2.508j | max=13.820+1.814j
26-01-06-01 梯度监控 | raw=7.2003 | natural=0.0194 | clipped=0.0194(上限20.0)
26-01-06-01 原始规范坐标 G(Re Σrow_mean) = +27.9512 | 累计|g| = 14.4037
26-01-06-01 Ψ矩阵条件数 cond(Ψ) = 6.45e+00
26-01-06-01 Loss=-30.959220 | E0=-7.86276423+0.00003819j | E1=-7.71820260+0.00017626j|E2=-7.69894583+0.00074336j|E3=-7.67930748-0.00204455j
26-01-06-01 #-----------------------------------------#
26-01-06-01 [Step 233] logΨ: mean=13.557+0.828j | min=9.468+0.176j | max=13.844+1.796j
26-01-06-01 梯度监控 | raw=7.6406 | natural=0.0009 | clipped=0.0009(上限20.0)
26-01-06-01 原始规范坐标 G(Re Σrow_mean) = +27.9534 | 累计|g| = 14.4037
26-01-06-01 Ψ矩阵条件数 cond(Ψ) = 6.44e+00
26-01-06-01 Loss=-30.960800 | E0=-7.86241065+0.00006436j | E1=-7.71854740-0.00026357j|E2=-7.69988967+0.00054613j|E3=-7.67995245-0.00097295j
26-01-06-01 #-----------------------------------------#
26-01-06-01 [Step 234] logΨ: mean=13.369+0.628j | min=8.706-0.416j | max=13.722+1.834j
26-01-06-01 梯度监控 | raw=7.3643 | natural=0.0227 | clipped=0.0227(上限20.0)
26-01-06-01 原始规范坐标 G(Re Σrow_mean) = +27.8532 | 累计|g| = 14.4037
26-01-06-01 Ψ矩阵条件数 cond(Ψ) = 6.49e+00
26-01-06-01 Loss=-30.960107 | E0=-7.86273472+0.00003466j | E1=-7.71853935+0.00043532j|E2=-7.69935452+0.00000362j|E3=-7.67947812-0.00128216j
26-01-06-01 #-----------------------------------------#
26-01-06-01 [Step 235] logΨ: mean=13.395+0.517j | min=8.827-1.207j | max=13.771+1.794j
26-01-06-01 梯度监控 | raw=7.1513 | natural=0.0035 | clipped=0.0035(上限20.0)
26-01-06-01 原始规范坐标 G(Re Σrow_mean) = +27.8083 | 累计|g| = 14.4037
26-01-06-01 Ψ矩阵条件数 cond(Ψ) = 6.49e+00
26-01-06-01 Loss=-30.959573 | E0=-7.86271223+0.00002261j | E1=-7.71825627-0.00083458j|E2=-7.69781119+0.00007190j|E3=-7.68079372+0.00129726j
26-01-06-01 #-----------------------------------------#
26-01-06-01 [Step 236] logΨ: mean=13.452+0.275j | min=9.365+0.203j | max=13.790+1.788j
26-01-06-01 梯度监控 | raw=7.9701 | natural=0.0005 | clipped=0.0005(上限20.0)
26-01-06-01 原始规范坐标 G(Re Σrow_mean) = +27.8589 | 累计|g| = 14.4037
26-01-06-01 Ψ矩阵条件数 cond(Ψ) = 4.53e+00
26-01-06-01 Loss=-30.960097 | E0=-7.86234796+0.00019294j | E1=-7.71848726+0.00045716j|E2=-7.69883944-0.00006387j|E3=-7.68042239-0.00034954j
26-01-06-01 #-----------------------------------------#
26-01-06-01 [Step 237] logΨ: mean=13.471-0.012j | min=10.065-0.655j | max=13.816+1.772j
26-01-06-01 梯度监控 | raw=8.0576 | natural=0.0010 | clipped=0.0010(上限20.0)
26-01-06-01 原始规范坐标 G(Re Σrow_mean) = +27.8797 | 累计|g| = 14.4037
26-01-06-01 Ψ矩阵条件数 cond(Ψ) = 1.30e+01
26-01-06-01 Loss=-30.960761 | E0=-7.86239224+0.00006923j | E1=-7.71885775+0.00136067j|E2=-7.69992166-0.00008661j|E3=-7.67958949-0.00185129j
26-01-06-01 #-----------------------------------------#
26-01-06-01 [Step 238] logΨ: mean=13.515+0.617j | min=9.491+2.274j | max=13.833+1.766j
26-01-06-01 梯度监控 | raw=6.6948 | natural=0.0023 | clipped=0.0023(上限20.0)
26-01-06-01 原始规范坐标 G(Re Σrow_mean) = +27.8603 | 累计|g| = 14.4037
26-01-06-01 Ψ矩阵条件数 cond(Ψ) = 6.47e+00
26-01-06-01 Loss=-30.962756 | E0=-7.86277961+0.00004572j | E1=-7.71869131-0.00003808j|E2=-7.70055801+0.00004208j|E3=-7.68072676-0.00003229j
26-01-06-01 #-----------------------------------------#
26-01-06-01 [Step 239] logΨ: mean=13.512+0.723j | min=10.847-2.568j | max=13.858+1.752j
26-01-06-01 梯度监控 | raw=7.7221 | natural=0.0008 | clipped=0.0008(上限20.0)
26-01-06-01 原始规范坐标 G(Re Σrow_mean) = +27.8078 | 累计|g| = 14.4037
26-01-06-01 Ψ矩阵条件数 cond(Ψ) = 6.46e+00
26-01-06-01 Loss=-30.959840 | E0=-7.86267601+0.00003306j | E1=-7.71831700+0.00028404j|E2=-7.69763733-0.00080993j|E3=-7.68120946+0.00143256j
26-01-06-01 #-----------------------------------------#
26-01-06-01 [保存] Step 239 → pickle 文件已更新 (240 条记录)
26-01-06-01 [GaugeReset@240] 吸收 Δg = Σ Re(col_mean) = +27.8078 | 新|g| = 14.4089
26-01-06-01 [Step 240] logΨ: mean=13.632+0.621j | min=9.944-2.222j | max=14.002+1.575j
26-01-06-01 梯度监控 | raw=7.3904 | natural=0.0036 | clipped=0.0036(上限20.0)
26-01-06-01 原始规范坐标 G(Re Σrow_mean) = +27.8059 | 累计|g| = 14.4089
26-01-06-01 Ψ矩阵条件数 cond(Ψ) = 4.47e+00
26-01-06-01 Loss=-30.959542 | E0=-7.86262678+0.00002449j | E1=-7.71827038-0.00003780j|E2=-7.69743295-0.00094536j|E3=-7.68121176+0.00201852j
26-01-06-01 #-----------------------------------------#
26-01-06-01 [Step 241] logΨ: mean=13.708+0.720j | min=10.974-2.752j | max=14.024+1.569j
26-01-06-01 梯度监控 | raw=7.4540 | natural=0.0005 | clipped=0.0005(上限20.0)
26-01-06-01 原始规范坐标 G(Re Σrow_mean) = +27.8800 | 累计|g| = 14.4089
26-01-06-01 Ψ矩阵条件数 cond(Ψ) = 6.46e+00
26-01-06-01 Loss=-30.961535 | E0=-7.86258381+0.00004675j | E1=-7.71862974+0.00039928j|E2=-7.69948806-0.00004985j|E3=-7.68083317-0.00016570j
26-01-06-01 #-----------------------------------------#
26-01-06-01 [Step 242] logΨ: mean=13.774+0.992j | min=9.031-0.725j | max=14.062+1.551j
26-01-06-01 梯度监控 | raw=6.7576 | natural=0.0033 | clipped=0.0033(上限20.0)
26-01-06-01 原始规范坐标 G(Re Σrow_mean) = +27.9642 | 累计|g| = 14.4089
26-01-06-01 Ψ矩阵条件数 cond(Ψ) = 6.47e+00
26-01-06-01 Loss=-30.962760 | E0=-7.86285494+0.00006437j | E1=-7.71867546+0.00047979j|E2=-7.70151231+0.00015972j|E3=-7.67971758-0.00231895j
26-01-06-01 #-----------------------------------------#
26-01-06-01 [Step 243] logΨ: mean=13.765+0.507j | min=9.929-0.660j | max=14.087+1.535j
26-01-06-01 梯度监控 | raw=7.2458 | natural=0.0008 | clipped=0.0008(上限20.0)
26-01-06-01 原始规范坐标 G(Re Σrow_mean) = +27.9394 | 累计|g| = 14.4089
26-01-06-01 Ψ矩阵条件数 cond(Ψ) = 6.46e+00
26-01-06-01 Loss=-30.961643 | E0=-7.86272734+0.00005722j | E1=-7.71873656+0.00026303j|E2=-7.70017797+0.00039098j|E3=-7.68000162-0.00148193j
26-01-06-01 #-----------------------------------------#
26-01-06-01 [Step 244] logΨ: mean=13.747+0.415j | min=9.948-0.664j | max=14.111+1.523j
26-01-06-01 梯度监控 | raw=6.8114 | natural=0.0008 | clipped=0.0008(上限20.0)
26-01-06-01 原始规范坐标 G(Re Σrow_mean) = +27.8487 | 累计|g| = 14.4089
26-01-06-01 Ψ矩阵条件数 cond(Ψ) = 6.45e+00
26-01-06-01 Loss=-30.962160 | E0=-7.86255629+0.00005724j | E1=-7.71865558-0.00007743j|E2=-7.69929522-0.00047914j|E3=-7.68165294+0.00124508j
26-01-06-01 #-----------------------------------------#
26-01-06-01 [Step 245] logΨ: mean=13.729+0.118j | min=8.987-2.146j | max=14.107+1.468j
26-01-06-01 梯度监控 | raw=7.9178 | natural=0.0042 | clipped=0.0042(上限20.0)
26-01-06-01 原始规范坐标 G(Re Σrow_mean) = +27.8227 | 累计|g| = 14.4089
26-01-06-01 Ψ矩阵条件数 cond(Ψ) = 1.30e+01
26-01-06-01 Loss=-30.962731 | E0=-7.86345856-0.00117889j | E1=-7.71844367-0.00151103j|E2=-7.69842447-0.00037625j|E3=-7.68240475+0.00297023j
26-01-06-01 #-----------------------------------------#
26-01-06-01 [Step 246] logΨ: mean=13.752-0.134j | min=9.913-2.639j | max=14.149+1.434j
26-01-06-01 梯度监控 | raw=6.1606 | natural=0.0031 | clipped=0.0031(上限20.0)
26-01-06-01 原始规范坐标 G(Re Σrow_mean) = +27.8129 | 累计|g| = 14.4089
26-01-06-01 Ψ矩阵条件数 cond(Ψ) = 1.30e+01
26-01-06-01 Loss=-30.962803 | E0=-7.86254060+0.00003177j | E1=-7.71870477-0.00127045j|E2=-7.69971439+0.00019952j|E3=-7.68184330+0.00137555j
26-01-06-01 #-----------------------------------------#
26-01-06-01 [Step 247] logΨ: mean=13.860+0.093j | min=9.939+1.542j | max=14.175+1.414j
26-01-06-01 梯度监控 | raw=6.5403 | natural=0.0025 | clipped=0.0025(上限20.0)
26-01-06-01 原始规范坐标 G(Re Σrow_mean) = +27.9317 | 累计|g| = 14.4089
26-01-06-01 Ψ矩阵条件数 cond(Ψ) = 6.43e+00
26-01-06-01 Loss=-30.962679 | E0=-7.86279898+0.00007572j | E1=-7.71866540-0.00074451j|E2=-7.70010768+0.00038260j|E3=-7.68110650-0.00011191j
26-01-06-01 #-----------------------------------------#
26-01-06-01 [Step 248] logΨ: mean=13.895-0.174j | min=9.599-1.861j | max=14.200+1.403j
26-01-06-01 梯度监控 | raw=7.4645 | natural=0.0006 | clipped=0.0006(上限20.0)
26-01-06-01 原始规范坐标 G(Re Σrow_mean) = +27.9313 | 累计|g| = 14.4089
26-01-06-01 Ψ矩阵条件数 cond(Ψ) = 6.42e+00
26-01-06-01 Loss=-30.962221 | E0=-7.86254900+0.00007030j | E1=-7.71881642+0.00100967j|E2=-7.70025890-0.00028241j|E3=-7.68059698-0.00092553j
26-01-06-01 #-----------------------------------------#
26-01-06-01 [Step 249] logΨ: mean=13.943-0.127j | min=11.025-2.952j | max=14.225+1.392j
26-01-06-01 梯度监控 | raw=7.1269 | natural=0.0007 | clipped=0.0007(上限20.0)
26-01-06-01 原始规范坐标 G(Re Σrow_mean) = +28.0023 | 累计|g| = 14.4089
26-01-06-01 Ψ矩阵条件数 cond(Ψ) = 6.41e+00
26-01-06-01 Loss=-30.962193 | E0=-7.86220186+0.00007145j | E1=-7.71878006-0.00071961j|E2=-7.70071022+0.00091203j|E3=-7.68050059-0.00132426j
26-01-06-01 #-----------------------------------------#
26-01-06-01 [GaugeReset@250] 吸收 Δg = Σ Re(col_mean) = +28.0023 | 新|g| = 14.4713
26-01-06-01 [Step 250] logΨ: mean=13.766+0.159j | min=9.988-2.581j | max=14.038+1.632j
26-01-06-01 梯度监控 | raw=5.9118 | natural=0.0005 | clipped=0.0005(上限20.0)
26-01-06-01 原始规范坐标 G(Re Σrow_mean) = +27.9032 | 累计|g| = 14.4713
26-01-06-01 Ψ矩阵条件数 cond(Ψ) = 8.36e+00
26-01-06-01 Loss=-30.965214 | E0=-7.86275513+0.00005410j | E1=-7.71899019-0.00068060j|E2=-7.70136771+0.00011444j|E3=-7.68210098+0.00126773j
26-01-06-01 #-----------------------------------------#
26-01-06-01 [Step 251] logΨ: mean=13.728+0.260j | min=8.747-2.704j | max=14.075+1.624j
26-01-06-01 梯度监控 | raw=7.5079 | natural=0.0008 | clipped=0.0008(上限20.0)
26-01-06-01 原始规范坐标 G(Re Σrow_mean) = +27.9443 | 累计|g| = 14.4713
26-01-06-01 Ψ矩阵条件数 cond(Ψ) = 1.30e+01
26-01-06-01 Loss=-30.961077 | E0=-7.86243498+0.00007443j | E1=-7.71854279+0.00012304j|E2=-7.69905459-0.00006302j|E3=-7.68104509+0.00019526j
26-01-06-01 #-----------------------------------------#
26-01-06-01 [Step 252] logΨ: mean=13.502+0.735j | min=7.117+0.058j | max=13.933+1.672j
26-01-06-01 梯度监控 | raw=7.1579 | natural=0.0133 | clipped=0.0133(上限20.0)
26-01-06-01 原始规范坐标 G(Re Σrow_mean) = +27.7920 | 累计|g| = 14.4713
26-01-06-01 Ψ矩阵条件数 cond(Ψ) = 6.48e+00
26-01-06-01 Loss=-30.961589 | E0=-7.86281120+0.00010516j | E1=-7.71821222+0.00047254j|E2=-7.69892751-0.00070486j|E3=-7.68163851+0.00122446j
26-01-06-01 #-----------------------------------------#
26-01-06-01 [Step 253] logΨ: mean=13.594+0.471j | min=9.124-2.006j | max=13.915+1.601j
26-01-06-01 梯度监控 | raw=9.1245 | natural=0.0039 | clipped=0.0039(上限20.0)
26-01-06-01 原始规范坐标 G(Re Σrow_mean) = +27.9115 | 累计|g| = 14.4713
26-01-06-01 Ψ矩阵条件数 cond(Ψ) = 1.30e+01
26-01-06-01 Loss=-30.962728 | E0=-7.86406298-0.00123999j | E1=-7.71870765+0.00046455j|E2=-7.70002830+0.00028432j|E3=-7.67992938-0.00153269j
26-01-06-01 #-----------------------------------------#
26-01-06-01 [Step 254] logΨ: mean=13.613+0.519j | min=7.126+0.655j | max=13.920+1.594j
26-01-06-01 梯度监控 | raw=6.2886 | natural=0.0007 | clipped=0.0007(上限20.0)
26-01-06-01 原始规范坐标 G(Re Σrow_mean) = +27.9262 | 累计|g| = 14.4713
26-01-06-01 Ψ矩阵条件数 cond(Ψ) = 1.30e+01
26-01-06-01 Loss=-30.964794 | E0=-7.86288001+0.00006784j | E1=-7.71930295+0.00096619j|E2=-7.70215983-0.00009638j|E3=-7.68045119-0.00208582j
26-01-06-01 #-----------------------------------------#
26-01-06-01 [Step 255] logΨ: mean=13.640+0.506j | min=9.254+3.135j | max=13.942+1.583j
26-01-06-01 梯度监控 | raw=6.3866 | natural=0.0007 | clipped=0.0007(上限20.0)
26-01-06-01 原始规范坐标 G(Re Σrow_mean) = +27.8489 | 累计|g| = 14.4713
26-01-06-01 Ψ矩阵条件数 cond(Ψ) = 1.30e+01
26-01-06-01 Loss=-30.965185 | E0=-7.86252283+0.00011347j | E1=-7.71908030+0.00041608j|E2=-7.70145489-0.00047100j|E3=-7.68212697+0.00082323j
26-01-06-01 #-----------------------------------------#
26-01-06-01 [Step 256] logΨ: mean=13.686+0.478j | min=10.033-1.396j | max=13.966+1.569j
26-01-06-01 梯度监控 | raw=6.8548 | natural=0.0019 | clipped=0.0019(上限20.0)
26-01-06-01 原始规范坐标 G(Re Σrow_mean) = +27.8982 | 累计|g| = 14.4713
26-01-06-01 Ψ矩阵条件数 cond(Ψ) = 1.30e+01
26-01-06-01 Loss=-30.963372 | E0=-7.86246567+0.00006017j | E1=-7.71877505-0.00007029j|E2=-7.70040422-0.00003828j|E3=-7.68172683+0.00026060j
26-01-06-01 #-----------------------------------------#
26-01-06-01 [Step 257] logΨ: mean=13.660+0.462j | min=9.790-0.571j | max=13.990+1.559j
26-01-06-01 梯度监控 | raw=6.3574 | natural=0.0007 | clipped=0.0007(上限20.0)
26-01-06-01 原始规范坐标 G(Re Σrow_mean) = +27.9008 | 累计|g| = 14.4713
26-01-06-01 Ψ矩阵条件数 cond(Ψ) = 1.18e+01
26-01-06-01 Loss=-30.963471 | E0=-7.86277286+0.00007118j | E1=-7.71876972-0.00040934j|E2=-7.70031724+0.00012562j|E3=-7.68161115+0.00022914j
26-01-06-01 #-----------------------------------------#
26-01-06-01 [Step 258] logΨ: mean=13.692+0.734j | min=8.666-2.864j | max=14.067+1.516j
26-01-06-01 梯度监控 | raw=5.9433 | natural=0.0031 | clipped=0.0031(上限20.0)
26-01-06-01 原始规范坐标 G(Re Σrow_mean) = +27.8300 | 累计|g| = 14.4713
26-01-06-01 Ψ矩阵条件数 cond(Ψ) = 1.30e+01
26-01-06-01 Loss=-30.963495 | E0=-7.86245129+0.00005455j | E1=-7.71879066-0.00105114j|E2=-7.69961860-0.00022785j|E3=-7.68263482+0.00289115j
26-01-06-01 #-----------------------------------------#
26-01-06-01 [Step 259] logΨ: mean=13.576+0.354j | min=8.539-0.691j | max=13.890+1.608j
26-01-06-01 梯度监控 | raw=5.7336 | natural=0.0453 | clipped=0.0453(上限20.0)
26-01-06-01 原始规范坐标 G(Re Σrow_mean) = +27.8502 | 累计|g| = 14.4713
26-01-06-01 Ψ矩阵条件数 cond(Ψ) = 1.32e+01
26-01-06-01 Loss=-30.965775 | E0=-7.86331228-0.00062727j | E1=-7.71921399-0.00039840j|E2=-7.70180639+0.00069669j|E3=-7.68144266-0.00040759j
26-01-06-01 #-----------------------------------------#
26-01-06-01 [保存] Step 259 → pickle 文件已更新 (260 条记录)
26-01-06-01 [GaugeReset@260] 吸收 Δg = Σ Re(col_mean) = +27.8502 | 新|g| = 14.4250
26-01-06-01 [Step 260] logΨ: mean=13.799+0.086j | min=10.499-1.575j | max=14.067+1.607j
26-01-06-01 梯度监控 | raw=5.9192 | natural=0.0009 | clipped=0.0009(上限20.0)
26-01-06-01 原始规范坐标 G(Re Σrow_mean) = +27.8986 | 累计|g| = 14.4250
26-01-06-01 Ψ矩阵条件数 cond(Ψ) = 6.58e+00
26-01-06-01 Loss=-30.965568 | E0=-7.86271284+0.00006828j | E1=-7.71915321+0.00044211j|E2=-7.70273792-0.00006357j|E3=-7.68096391-0.00141409j
26-01-06-01 #-----------------------------------------#
26-01-06-01 [Step 261] logΨ: mean=13.742+0.334j | min=10.528-1.584j | max=14.095+1.597j
26-01-06-01 梯度监控 | raw=6.5044 | natural=0.0008 | clipped=0.0008(上限20.0)
26-01-06-01 原始规范坐标 G(Re Σrow_mean) = +27.7938 | 累计|g| = 14.4250
26-01-06-01 Ψ矩阵条件数 cond(Ψ) = 6.57e+00
26-01-06-01 Loss=-30.962623 | E0=-7.86270767+0.00006153j | E1=-7.71865773-0.00085973j|E2=-7.69861457-0.00048402j|E3=-7.68264312+0.00273106j
26-01-06-01 #-----------------------------------------#
26-01-06-01 [Step 262] logΨ: mean=13.592+0.421j | min=8.728-2.368j | max=14.024+1.628j
26-01-06-01 梯度监控 | raw=9.4150 | natural=0.0060 | clipped=0.0060(上限20.0)
26-01-06-01 原始规范坐标 G(Re Σrow_mean) = +27.7664 | 累计|g| = 14.4250
26-01-06-01 Ψ矩阵条件数 cond(Ψ) = 6.55e+00
26-01-06-01 Loss=-30.963614 | E0=-7.86451927-0.00167598j | E1=-7.71855365-0.00111541j|E2=-7.69846307+0.00002688j|E3=-7.68207832+0.00171463j
26-01-06-01 #-----------------------------------------#
26-01-06-01 [Step 263] logΨ: mean=13.738+0.168j | min=10.712+0.452j | max=14.047+1.623j
26-01-06-01 梯度监控 | raw=5.7989 | natural=0.0004 | clipped=0.0004(上限20.0)
26-01-06-01 原始规范坐标 G(Re Σrow_mean) = +27.7796 | 累计|g| = 14.4250
26-01-06-01 Ψ矩阵条件数 cond(Ψ) = 6.54e+00
26-01-06-01 Loss=-30.965130 | E0=-7.86256319+0.00005684j | E1=-7.71898026-0.00121596j|E2=-7.70046986+0.00009988j|E3=-7.68311677+0.00256214j
26-01-06-01 #-----------------------------------------#
26-01-06-01 [Step 264] logΨ: mean=13.761+0.117j | min=9.691+1.799j | max=14.088+1.622j
26-01-06-01 梯度监控 | raw=5.6999 | natural=0.0027 | clipped=0.0027(上限20.0)
26-01-06-01 原始规范坐标 G(Re Σrow_mean) = +27.7738 | 累计|g| = 14.4250
26-01-06-01 Ψ矩阵条件数 cond(Ψ) = 4.61e+00
26-01-06-01 Loss=-30.966066 | E0=-7.86317042+0.00022847j | E1=-7.71871930-0.00069452j|E2=-7.70138370-0.00035122j|E3=-7.68279299+0.00227876j
26-01-06-01 #-----------------------------------------#
26-01-06-01 [Step 265] logΨ: mean=13.747+0.082j | min=10.744+0.422j | max=14.113+1.615j
26-01-06-01 梯度监控 | raw=6.1333 | natural=0.0006 | clipped=0.0006(上限20.0)
26-01-06-01 原始规范坐标 G(Re Σrow_mean) = +27.7706 | 累计|g| = 14.4250
26-01-06-01 Ψ矩阵条件数 cond(Ψ) = 6.55e+00
26-01-06-01 Loss=-30.963908 | E0=-7.86275885+0.00007794j | E1=-7.71881271-0.00088014j|E2=-7.69924659-0.00042547j|E3=-7.68309005+0.00302618j
26-01-06-01 #-----------------------------------------#
26-01-06-01 [Step 266] logΨ: mean=13.819-0.104j | min=10.749-2.727j | max=14.138+1.609j
26-01-06-01 梯度监控 | raw=6.2686 | natural=0.0007 | clipped=0.0007(上限20.0)
26-01-06-01 原始规范坐标 G(Re Σrow_mean) = +27.8088 | 累计|g| = 14.4250
26-01-06-01 Ψ矩阵条件数 cond(Ψ) = 1.33e+01
26-01-06-01 Loss=-30.964518 | E0=-7.86268728+0.00007970j | E1=-7.71895398-0.00012071j|E2=-7.70044931-0.00029764j|E3=-7.68242697+0.00117695j
26-01-06-01 #-----------------------------------------#
26-01-06-01 [Step 267] logΨ: mean=13.769-0.351j | min=9.853+1.793j | max=14.107+1.661j
26-01-06-01 梯度监控 | raw=5.6353 | natural=0.0058 | clipped=0.0058(上限20.0)
26-01-06-01 原始规范坐标 G(Re Σrow_mean) = +27.7785 | 累计|g| = 14.4250
26-01-06-01 Ψ矩阵条件数 cond(Ψ) = 6.51e+00
26-01-06-01 Loss=-30.965789 | E0=-7.86281236+0.00007067j | E1=-7.71906745-0.00093822j|E2=-7.70086040+0.00010274j|E3=-7.68304865+0.00225656j
26-01-06-01 #-----------------------------------------#
26-01-06-01 [Step 268] logΨ: mean=13.774-0.538j | min=10.228+1.855j | max=14.135+1.647j
26-01-06-01 梯度监控 | raw=6.0625 | natural=0.0019 | clipped=0.0019(上限20.0)
26-01-06-01 原始规范坐标 G(Re Σrow_mean) = +27.7703 | 累计|g| = 14.4250
26-01-06-01 Ψ矩阵条件数 cond(Ψ) = 6.49e+00
26-01-06-01 Loss=-30.964172 | E0=-7.86272921+0.00010359j | E1=-7.71874989-0.00055421j|E2=-7.69967589-0.00051321j|E3=-7.68301664+0.00241900j
26-01-06-01 #-----------------------------------------#
26-01-06-01 [Step 269] logΨ: mean=13.841-0.340j | min=7.451-2.378j | max=14.230+1.710j
26-01-06-01 梯度监控 | raw=5.5424 | natural=0.0466 | clipped=0.0466(上限20.0)
26-01-06-01 原始规范坐标 G(Re Σrow_mean) = +27.8477 | 累计|g| = 14.4250
26-01-06-01 Ψ矩阵条件数 cond(Ψ) = 8.23e+00
26-01-06-01 Loss=-30.963983 | E0=-7.86276385+0.00023680j | E1=-7.71867159+0.00026198j|E2=-7.69969084-0.00130998j|E3=-7.68285644+0.00249125j
26-01-06-01 #-----------------------------------------#
26-01-06-01 [GaugeReset@270] 吸收 Δg = Σ Re(col_mean) = +27.8477 | 新|g| = 14.4469
26-01-06-01 [Step 270] logΨ: mean=13.919-0.275j | min=9.327+0.698j | max=14.229+1.584j
26-01-06-01 梯度监控 | raw=6.9028 | natural=0.0065 | clipped=0.0065(上限20.0)
26-01-06-01 原始规范坐标 G(Re Σrow_mean) = +27.9606 | 累计|g| = 14.4469
26-01-06-01 Ψ矩阵条件数 cond(Ψ) = 1.99e+01
26-01-06-01 Loss=-30.964189 | E0=-7.86269199-0.00058450j | E1=-7.71896485-0.00009579j|E2=-7.70102671+0.00034417j|E3=-7.68150514-0.00041788j
26-01-06-01 #-----------------------------------------#
26-01-06-01 [Step 271] logΨ: mean=13.982-0.265j | min=9.761-1.823j | max=14.241+1.572j
26-01-06-01 梯度监控 | raw=5.4444 | natural=0.0015 | clipped=0.0015(上限20.0)
26-01-06-01 原始规范坐标 G(Re Σrow_mean) = +27.9767 | 累计|g| = 14.4469
26-01-06-01 Ψ矩阵条件数 cond(Ψ) = 4.49e+00
26-01-06-01 Loss=-30.966691 | E0=-7.86307716-0.00052045j | E1=-7.71934234+0.00028847j|E2=-7.70261129+0.00001081j|E3=-7.68166054-0.00101902j
26-01-06-01 #-----------------------------------------#
26-01-06-01 [Step 272] logΨ: mean=13.961-0.330j | min=11.051-1.387j | max=14.248+1.568j
26-01-06-01 梯度监控 | raw=5.3862 | natural=0.0006 | clipped=0.0006(上限20.0)
26-01-06-01 原始规范坐标 G(Re Σrow_mean) = +27.9424 | 累计|g| = 14.4469
26-01-06-01 Ψ矩阵条件数 cond(Ψ) = 6.37e+00
26-01-06-01 Loss=-30.966910 | E0=-7.86291693+0.00021521j | E1=-7.71935462-0.00042607j|E2=-7.70250171+0.00041191j|E3=-7.68213650-0.00023670j
26-01-06-01 #-----------------------------------------#
26-01-06-01 [Step 273] logΨ: mean=13.936-0.103j | min=9.207-0.810j | max=14.277+1.560j
26-01-06-01 梯度监控 | raw=5.6521 | natural=0.0014 | clipped=0.0014(上限20.0)
26-01-06-01 原始规范坐标 G(Re Σrow_mean) = +27.8543 | 累计|g| = 14.4469
26-01-06-01 Ψ矩阵条件数 cond(Ψ) = 1.32e+01
26-01-06-01 Loss=-30.964778 | E0=-7.86287659+0.00020119j | E1=-7.71865918-0.00100829j|E2=-7.69985379-0.00064092j|E3=-7.68338893+0.00307498j
26-01-06-01 #-----------------------------------------#
26-01-06-01 [Step 274] logΨ: mean=13.994+0.097j | min=9.419+3.091j | max=14.315+1.544j
26-01-06-01 梯度监控 | raw=7.1014 | natural=0.0024 | clipped=0.0024(上限20.0)
26-01-06-01 原始规范坐标 G(Re Σrow_mean) = +27.9709 | 累计|g| = 14.4469
26-01-06-01 Ψ矩阵条件数 cond(Ψ) = 6.36e+00
26-01-06-01 Loss=-30.964425 | E0=-7.86321035+0.00060677j | E1=-7.71874628+0.00057764j|E2=-7.70067075-0.00028157j|E3=-7.68179736-0.00044642j
26-01-06-01 #-----------------------------------------#
26-01-06-01 [Step 275] logΨ: mean=14.058-0.147j | min=8.652+0.247j | max=14.336+1.500j
26-01-06-01 梯度监控 | raw=6.3676 | natural=0.0030 | clipped=0.0030(上限20.0)
26-01-06-01 原始规范坐标 G(Re Σrow_mean) = +28.0193 | 累计|g| = 14.4469
26-01-06-01 Ψ矩阵条件数 cond(Ψ) = 4.49e+00
26-01-06-01 Loss=-30.965412 | E0=-7.86278351-0.00060114j | E1=-7.71921473+0.00091191j|E2=-7.70220634-0.00019916j|E3=-7.68120703-0.00190233j
26-01-06-01 #-----------------------------------------#
26-01-06-01 [Step 276] logΨ: mean=14.132+0.269j | min=7.820+0.473j | max=14.428+1.527j
26-01-06-01 梯度监控 | raw=6.2301 | natural=0.0118 | clipped=0.0118(上限20.0)
26-01-06-01 原始规范坐标 G(Re Σrow_mean) = +28.0192 | 累计|g| = 14.4469
26-01-06-01 Ψ矩阵条件数 cond(Ψ) = 6.33e+00
26-01-06-01 Loss=-30.964902 | E0=-7.86275794+0.00025939j | E1=-7.71917544+0.00036448j|E2=-7.70130009+0.00001326j|E3=-7.68166829-0.00098234j
26-01-06-01 #-----------------------------------------#
26-01-06-01 [Step 277] logΨ: mean=14.165+0.489j | min=9.488+0.674j | max=14.448+1.525j
26-01-06-01 梯度监控 | raw=5.8611 | natural=0.0005 | clipped=0.0005(上限20.0)
26-01-06-01 原始规范坐标 G(Re Σrow_mean) = +28.0351 | 累计|g| = 14.4469
26-01-06-01 Ψ矩阵条件数 cond(Ψ) = 6.32e+00
26-01-06-01 Loss=-30.965612 | E0=-7.86268963+0.00023132j | E1=-7.71922133+0.00007132j|E2=-7.70199459+0.00022639j|E3=-7.68170644-0.00105865j
26-01-06-01 #-----------------------------------------#
26-01-06-01 [Step 278] logΨ: mean=14.113+0.621j | min=11.217-1.440j | max=14.455+1.520j
26-01-06-01 梯度监控 | raw=6.1483 | natural=0.0008 | clipped=0.0008(上限20.0)
26-01-06-01 原始规范坐标 G(Re Σrow_mean) = +27.9508 | 累计|g| = 14.4469
26-01-06-01 Ψ矩阵条件数 cond(Ψ) = 6.32e+00
26-01-06-01 Loss=-30.965322 | E0=-7.86271116+0.00021293j | E1=-7.71906036+0.00029221j|E2=-7.70091485-0.00040412j|E3=-7.68263554+0.00085992j
26-01-06-01 #-----------------------------------------#
26-01-06-01 [Step 279] logΨ: mean=14.135+0.772j | min=9.889+2.187j | max=14.455+1.524j
26-01-06-01 梯度监控 | raw=6.3363 | natural=0.0007 | clipped=0.0007(上限20.0)
26-01-06-01 原始规范坐标 G(Re Σrow_mean) = +27.9508 | 累计|g| = 14.4469
26-01-06-01 Ψ矩阵条件数 cond(Ψ) = 6.33e+00
26-01-06-01 Loss=-30.966051 | E0=-7.86278958+0.00027232j | E1=-7.71921516+0.00102339j|E2=-7.70145828-0.00080301j|E3=-7.68258833+0.00046260j
26-01-06-01 #-----------------------------------------#
26-01-06-01 [保存] Step 279 → pickle 文件已更新 (280 条记录)
26-01-06-01 [GaugeReset@280] 吸收 Δg = Σ Re(col_mean) = +27.9508 | 新|g| = 14.4762
26-01-06-01 [Step 280] logΨ: mean=14.085+0.869j | min=10.157+0.978j | max=14.366+1.551j
26-01-06-01 梯度监控 | raw=4.9668 | natural=0.0027 | clipped=0.0027(上限20.0)
26-01-06-01 原始规范坐标 G(Re Σrow_mean) = +27.9937 | 累计|g| = 14.4762
26-01-06-01 Ψ矩阵条件数 cond(Ψ) = 6.41e+00
26-01-06-01 Loss=-30.966871 | E0=-7.86270769+0.00021443j | E1=-7.71953975-0.00051660j|E2=-7.70295854+0.00053427j|E3=-7.68166467-0.00017952j
26-01-06-01 #-----------------------------------------#
26-01-06-01 [Step 281] logΨ: mean=14.005+0.912j | min=9.814+0.205j | max=14.332+1.568j
26-01-06-01 梯度监控 | raw=5.5398 | natural=0.0072 | clipped=0.0072(上限20.0)
26-01-06-01 原始规范坐标 G(Re Σrow_mean) = +27.9123 | 累计|g| = 14.4762
26-01-06-01 Ψ矩阵条件数 cond(Ψ) = 6.37e+00
26-01-06-01 Loss=-30.966770 | E0=-7.86248664-0.00038869j | E1=-7.71920686-0.00080941j|E2=-7.70174347+0.00011523j|E3=-7.68333315+0.00186336j
26-01-06-01 #-----------------------------------------#
26-01-06-01 [Step 282] logΨ: mean=13.877+0.608j | min=8.768-2.404j | max=14.193+1.591j
26-01-06-01 梯度监控 | raw=6.0306 | natural=0.0274 | clipped=0.0274(上限20.0)
26-01-06-01 原始规范坐标 G(Re Σrow_mean) = +27.8852 | 累计|g| = 14.4762
26-01-06-01 Ψ矩阵条件数 cond(Ψ) = 6.45e+00
26-01-06-01 Loss=-30.965560 | E0=-7.86261160-0.00043109j | E1=-7.71932671+0.00033438j|E2=-7.70193446-0.00005045j|E3=-7.68168727-0.00007390j
26-01-06-01 #-----------------------------------------#
26-01-06-01 [Step 283] logΨ: mean=13.931+0.145j | min=10.926-1.374j | max=14.198+1.590j
26-01-06-01 梯度监控 | raw=5.7464 | natural=0.0006 | clipped=0.0006(上限20.0)
26-01-06-01 原始规范坐标 G(Re Σrow_mean) = +28.0279 | 累计|g| = 14.4762
26-01-06-01 Ψ矩阵条件数 cond(Ψ) = 6.45e+00
26-01-06-01 Loss=-30.966195 | E0=-7.86277613+0.00020442j | E1=-7.71961431+0.00090149j|E2=-7.70302444+0.00001088j|E3=-7.68077972-0.00301962j
26-01-06-01 #-----------------------------------------#
26-01-06-01 [Step 284] logΨ: mean=13.951+0.082j | min=9.919-2.482j | max=14.222+1.590j
26-01-06-01 梯度监控 | raw=5.7928 | natural=0.0005 | clipped=0.0005(上限20.0)
26-01-06-01 原始规范坐标 G(Re Σrow_mean) = +27.9112 | 累计|g| = 14.4762
26-01-06-01 Ψ矩阵条件数 cond(Ψ) = 6.44e+00
26-01-06-01 Loss=-30.967129 | E0=-7.86254454+0.00021001j | E1=-7.71949485+0.00064075j|E2=-7.70251507-0.00045558j|E3=-7.68257492+0.00004455j
26-01-06-01 #-----------------------------------------#
26-01-06-01 [Step 285] logΨ: mean=13.927+0.080j | min=9.692+0.628j | max=14.228+1.572j
26-01-06-01 梯度监控 | raw=5.8169 | natural=0.0017 | clipped=0.0017(上限20.0)
26-01-06-01 原始规范坐标 G(Re Σrow_mean) = +27.9423 | 累计|g| = 14.4762
26-01-06-01 Ψ矩阵条件数 cond(Ψ) = 6.43e+00
26-01-06-01 Loss=-30.966767 | E0=-7.86287193-0.00039412j | E1=-7.71932198-0.00016072j|E2=-7.70259033+0.00034080j|E3=-7.68198323-0.00086876j
26-01-06-01 #-----------------------------------------#
26-01-06-01 [Step 286] logΨ: mean=13.928-0.023j | min=8.356+1.492j | max=14.257+1.561j
26-01-06-01 梯度监控 | raw=5.3524 | natural=0.0012 | clipped=0.0012(上限20.0)
26-01-06-01 原始规范坐标 G(Re Σrow_mean) = +27.8718 | 累计|g| = 14.4762
26-01-06-01 Ψ矩阵条件数 cond(Ψ) = 1.30e+01
26-01-06-01 Loss=-30.967162 | E0=-7.86310829+0.00029522j | E1=-7.71909191-0.00026547j|E2=-7.70215793-0.00000368j|E3=-7.68280381+0.00074809j
26-01-06-01 #-----------------------------------------#
26-01-06-01 [Step 287] logΨ: mean=14.031-0.061j | min=9.924-0.526j | max=14.286+1.567j
26-01-06-01 梯度监控 | raw=4.9739 | natural=0.0027 | clipped=0.0027(上限20.0)
26-01-06-01 原始规范坐标 G(Re Σrow_mean) = +27.9356 | 累计|g| = 14.4762
26-01-06-01 Ψ矩阵条件数 cond(Ψ) = 6.45e+00
26-01-06-01 Loss=-30.968091 | E0=-7.86280453+0.00018252j | E1=-7.71963520-0.00007571j|E2=-7.70327820+0.00007339j|E3=-7.68237274-0.00019624j
26-01-06-01 #-----------------------------------------#
26-01-06-01 [Step 288] logΨ: mean=14.063-0.255j | min=10.619-2.837j | max=14.310+1.560j
26-01-06-01 梯度监控 | raw=6.1450 | natural=0.0007 | clipped=0.0007(上限20.0)
26-01-06-01 原始规范坐标 G(Re Σrow_mean) = +28.0778 | 累计|g| = 14.4762
26-01-06-01 Ψ矩阵条件数 cond(Ψ) = 6.44e+00
26-01-06-01 Loss=-30.965854 | E0=-7.86260579+0.00022013j | E1=-7.71977426+0.00174635j|E2=-7.70301249-0.00052006j|E3=-7.68046194-0.00365356j
26-01-06-01 #-----------------------------------------#
26-01-06-02 [Step 289] logΨ: mean=14.129-0.327j | min=9.344-2.512j | max=14.350+1.545j
26-01-06-02 梯度监控 | raw=5.0028 | natural=0.0023 | clipped=0.0023(上限20.0)
26-01-06-02 原始规范坐标 G(Re Σrow_mean) = +28.1398 | 累计|g| = 14.4762
26-01-06-02 Ψ矩阵条件数 cond(Ψ) = 6.44e+00
26-01-06-02 Loss=-30.967448 | E0=-7.86293847+0.00027009j | E1=-7.71968595+0.00144966j|E2=-7.70454256-0.00036596j|E3=-7.68028071-0.00435653j
26-01-06-02 #-----------------------------------------#
26-01-06-02 [GaugeReset@290] 吸收 Δg = Σ Re(col_mean) = +28.1398 | 新|g| = 14.4973
26-01-06-02 [Step 290] logΨ: mean=13.982-0.042j | min=10.456-2.622j | max=14.186+1.777j
26-01-06-02 梯度监控 | raw=6.4073 | natural=0.0004 | clipped=0.0004(上限20.0)
26-01-06-02 原始规范坐标 G(Re Σrow_mean) = +28.1641 | 累计|g| = 14.4973
26-01-06-02 Ψ矩阵条件数 cond(Ψ) = 6.43e+00
26-01-06-02 Loss=-30.965200 | E0=-7.86257542+0.00022664j | E1=-7.71966153+0.00095244j|E2=-7.70303726+0.00016571j|E3=-7.67992615-0.00448783j
26-01-06-02 #-----------------------------------------#
26-01-06-02 [Step 291] logΨ: mean=13.954+0.163j | min=10.866-1.189j | max=14.192+1.781j
26-01-06-02 梯度监控 | raw=4.7752 | natural=0.0005 | clipped=0.0005(上限20.0)
26-01-06-02 原始规范坐标 G(Re Σrow_mean) = +28.0535 | 累计|g| = 14.4973
26-01-06-02 Ψ矩阵条件数 cond(Ψ) = 6.44e+00
26-01-06-02 Loss=-30.968268 | E0=-7.86273849+0.00021304j | E1=-7.71990140+0.00052420j|E2=-7.70417535+0.00000378j|E3=-7.68145281-0.00236389j
26-01-06-02 #-----------------------------------------#
26-01-06-02 [Step 292] logΨ: mean=13.985+0.327j | min=10.343-1.132j | max=14.192+1.798j
26-01-06-02 梯度监控 | raw=4.8950 | natural=0.0015 | clipped=0.0015(上限20.0)
26-01-06-02 原始规范坐标 G(Re Σrow_mean) = +28.1106 | 累计|g| = 14.4973
26-01-06-02 Ψ矩阵条件数 cond(Ψ) = 6.45e+00
26-01-06-02 Loss=-30.967506 | E0=-7.86274689+0.00020962j | E1=-7.71981467+0.00121383j|E2=-7.70424682-0.00032667j|E3=-7.68069719-0.00383837j
26-01-06-02 #-----------------------------------------#
26-01-06-02 [Step 293] logΨ: mean=13.931+0.477j | min=9.808-2.243j | max=14.189+1.815j
26-01-06-02 梯度监控 | raw=5.5254 | natural=0.0014 | clipped=0.0014(上限20.0)
26-01-06-02 原始规范坐标 G(Re Σrow_mean) = +28.0640 | 累计|g| = 14.4973
26-01-06-02 Ψ矩阵条件数 cond(Ψ) = 6.46e+00
26-01-06-02 Loss=-30.966984 | E0=-7.86272015+0.00023626j | E1=-7.71981435+0.00157758j|E2=-7.70354590-0.00055440j|E3=-7.68090358-0.00328881j
26-01-06-02 #-----------------------------------------#
26-01-06-02 [Step 294] logΨ: mean=13.811+0.351j | min=9.369+2.505j | max=14.045+1.777j
26-01-06-02 梯度监控 | raw=4.6946 | natural=0.0131 | clipped=0.0131(上限20.0)
26-01-06-02 原始规范坐标 G(Re Σrow_mean) = +27.9358 | 累计|g| = 14.4973
26-01-06-02 Ψ矩阵条件数 cond(Ψ) = 6.54e+00
26-01-06-02 Loss=-30.968889 | E0=-7.86270453+0.00025125j | E1=-7.71953921+0.00037880j|E2=-7.70452065+0.00006537j|E3=-7.68212448-0.00134498j
26-01-06-02 #-----------------------------------------#
26-01-06-02 [Step 295] logΨ: mean=13.788+0.516j | min=10.321+0.525j | max=14.076+1.772j
26-01-06-02 梯度监控 | raw=4.5745 | natural=0.0008 | clipped=0.0008(上限20.0)
26-01-06-02 原始规范坐标 G(Re Σrow_mean) = +27.8032 | 累计|g| = 14.4973
26-01-06-02 Ψ矩阵条件数 cond(Ψ) = 1.34e+01
26-01-06-02 Loss=-30.969744 | E0=-7.86266067+0.00022410j | E1=-7.71981897-0.00094000j|E2=-7.70329842+0.00034566j|E3=-7.68396598+0.00196118j
26-01-06-02 #-----------------------------------------#
26-01-06-02 [Step 296] logΨ: mean=13.758+0.597j | min=9.489+1.645j | max=14.105+1.769j
26-01-06-02 梯度监控 | raw=4.6422 | natural=0.0017 | clipped=0.0017(上限20.0)
26-01-06-02 原始规范坐标 G(Re Σrow_mean) = +27.7865 | 累计|g| = 14.4973
26-01-06-02 Ψ矩阵条件数 cond(Ψ) = 1.33e+01
26-01-06-02 Loss=-30.968753 | E0=-7.86284880+0.00027622j | E1=-7.71942514-0.00108389j|E2=-7.70227256+0.00013673j|E3=-7.68420639+0.00286335j
26-01-06-02 #-----------------------------------------#
26-01-06-02 [Step 297] logΨ: mean=13.845+0.653j | min=9.501+1.645j | max=14.118+1.769j
26-01-06-02 梯度监控 | raw=5.8755 | natural=0.0007 | clipped=0.0007(上限20.0)
26-01-06-02 原始规范坐标 G(Re Σrow_mean) = +27.9370 | 累计|g| = 14.4973
26-01-06-02 Ψ矩阵条件数 cond(Ψ) = 4.78e+00
26-01-06-02 Loss=-30.967023 | E0=-7.86274309+0.00024079j | E1=-7.71954883+0.00101877j|E2=-7.70266494-0.00042129j|E3=-7.68206596-0.00133675j
26-01-06-02 #-----------------------------------------#
26-01-06-02 [Step 298] logΨ: mean=13.897+0.675j | min=10.349-2.628j | max=14.148+1.765j
26-01-06-02 梯度监控 | raw=5.8129 | natural=0.0008 | clipped=0.0008(上限20.0)
26-01-06-02 原始规范坐标 G(Re Σrow_mean) = +28.0813 | 累计|g| = 14.4973
26-01-06-02 Ψ矩阵条件数 cond(Ψ) = 6.51e+00
26-01-06-02 Loss=-30.966503 | E0=-7.86263493+0.00025237j | E1=-7.71986764+0.00134209j|E2=-7.70357122-0.00022714j|E3=-7.68042934-0.00414118j
26-01-06-02 #-----------------------------------------#
26-01-06-02 [Step 299] logΨ: mean=13.981+0.787j | min=9.764-2.331j | max=14.177+1.750j
26-01-06-02 梯度监控 | raw=4.2402 | natural=0.0024 | clipped=0.0024(上限20.0)
26-01-06-02 原始规范坐标 G(Re Σrow_mean) = +28.0665 | 累计|g| = 14.4973
26-01-06-02 Ψ矩阵条件数 cond(Ψ) = 6.52e+00
26-01-06-02 Loss=-30.968343 | E0=-7.86273233+0.00023593j | E1=-7.71999300+0.00027096j|E2=-7.70456994+0.00019796j|E3=-7.68104812-0.00305925j
26-01-06-02 #-----------------------------------------#
26-01-06-02 [保存] Step 299 → pickle 文件已更新 (300 条记录)
26-01-06-02 [GaugeReset@300] 吸收 Δg = Σ Re(col_mean) = +28.0665 | 新|g| = 14.4890
26-01-06-02 [Step 300] logΨ: mean=14.062+0.624j | min=9.791+0.617j | max=14.288+1.730j
26-01-06-02 梯度监控 | raw=5.8122 | natural=0.0026 | clipped=0.0026(上限20.0)
26-01-06-02 原始规范坐标 G(Re Σrow_mean) = +28.0604 | 累计|g| = 14.4890
26-01-06-02 Ψ矩阵条件数 cond(Ψ) = 4.76e+00
26-01-06-02 Loss=-30.967746 | E0=-7.86231398-0.00097166j | E1=-7.72009775+0.00097433j|E2=-7.70431483-0.00024188j|E3=-7.68101940-0.00295128j
26-01-06-02 #-----------------------------------------#
26-01-06-02 [Step 301] logΨ: mean=14.078+0.809j | min=10.446-1.174j | max=14.291+1.745j
26-01-06-02 梯度监控 | raw=4.5215 | natural=0.0012 | clipped=0.0012(上限20.0)
26-01-06-02 原始规范坐标 G(Re Σrow_mean) = +28.0149 | 累计|g| = 14.4890
26-01-06-02 Ψ矩阵条件数 cond(Ψ) = 6.51e+00
26-01-06-02 Loss=-30.968868 | E0=-7.86278073+0.00021828j | E1=-7.71987582-0.00007910j|E2=-7.70422609+0.00036111j|E3=-7.68198501-0.00186242j
26-01-06-02 #-----------------------------------------#
26-01-06-02 [Step 302] logΨ: mean=13.967+0.828j | min=8.584-1.184j | max=14.242+1.821j
26-01-06-02 梯度监控 | raw=8.9912 | natural=0.0093 | clipped=0.0093(上限20.0)
26-01-06-02 原始规范坐标 G(Re Σrow_mean) = +27.9562 | 累计|g| = 14.4890
26-01-06-02 Ψ矩阵条件数 cond(Ψ) = 6.45e+00
26-01-06-02 Loss=-30.969631 | E0=-7.86298088-0.00399547j | E1=-7.71986915+0.00047742j|E2=-7.70434914+0.00029116j|E3=-7.68243163-0.00104483j
26-01-06-02 #-----------------------------------------#
26-01-06-02 [Step 303] logΨ: mean=13.822+0.918j | min=8.566-1.149j | max=14.077+1.865j
26-01-06-02 梯度监控 | raw=5.0119 | natural=0.0190 | clipped=0.0190(上限20.0)
26-01-06-02 原始规范坐标 G(Re Σrow_mean) = +27.8723 | 累计|g| = 14.4890
26-01-06-02 Ψ矩阵条件数 cond(Ψ) = 6.58e+00
26-01-06-02 Loss=-30.970693 | E0=-7.86277650-0.00029772j | E1=-7.72043996+0.00043994j|E2=-7.70508736+0.00032655j|E3=-7.68238918-0.00120849j
26-01-06-02 #-----------------------------------------#
26-01-06-02 [Step 304] logΨ: mean=13.827+0.899j | min=9.679-2.250j | max=14.085+1.869j
26-01-06-02 梯度监控 | raw=4.7143 | natural=0.0004 | clipped=0.0004(上限20.0)
26-01-06-02 原始规范坐标 G(Re Σrow_mean) = +27.7883 | 累计|g| = 14.4890
26-01-06-02 Ψ矩阵条件数 cond(Ψ) = 6.58e+00
26-01-06-02 Loss=-30.969691 | E0=-7.86283781+0.00021310j | E1=-7.71968470+0.00013522j|E2=-7.70377585-0.00026050j|E3=-7.68339246+0.00064219j
26-01-06-02 #-----------------------------------------#
26-01-06-02 [Step 305] logΨ: mean=13.803+0.873j | min=9.741+1.866j | max=14.085+1.867j
26-01-06-02 梯度监控 | raw=4.8568 | natural=0.0004 | clipped=0.0004(上限20.0)
26-01-06-02 原始规范坐标 G(Re Σrow_mean) = +27.8366 | 累计|g| = 14.4890
26-01-06-02 Ψ矩阵条件数 cond(Ψ) = 4.78e+00
26-01-06-02 Loss=-30.969181 | E0=-7.86301783+0.00019679j | E1=-7.71978913-0.00003984j|E2=-7.70346122+0.00015932j|E3=-7.68291322-0.00031683j
26-01-06-02 #-----------------------------------------#
26-01-06-02 [Step 306] logΨ: mean=13.921+0.909j | min=9.891+1.183j | max=14.141+1.846j
26-01-06-02 梯度监控 | raw=4.8434 | natural=0.0030 | clipped=0.0030(上限20.0)
26-01-06-02 原始规范坐标 G(Re Σrow_mean) = +27.9032 | 累计|g| = 14.4890
26-01-06-02 Ψ矩阵条件数 cond(Ψ) = 6.58e+00
26-01-06-02 Loss=-30.968909 | E0=-7.86278083+0.00022329j | E1=-7.71979204+0.00046204j|E2=-7.70397898-0.00014233j|E3=-7.68235731-0.00109728j
26-01-06-02 #-----------------------------------------#
26-01-06-02 [Step 307] logΨ: mean=13.871+0.804j | min=9.865+1.162j | max=14.162+1.826j
26-01-06-02 梯度监控 | raw=4.7960 | natural=0.0020 | clipped=0.0020(上限20.0)
26-01-06-02 原始规范坐标 G(Re Σrow_mean) = +27.9324 | 累计|g| = 14.4890
26-01-06-02 Ψ矩阵条件数 cond(Ψ) = 6.60e+00
26-01-06-02 Loss=-30.967674 | E0=-7.86279535+0.00023252j | E1=-7.71974619-0.00032616j|E2=-7.70340010+0.00063798j|E3=-7.68173208-0.00195456j
26-01-06-02 #-----------------------------------------#
26-01-06-02 [Step 308] logΨ: mean=13.893+0.654j | min=9.541+1.707j | max=14.184+1.823j
26-01-06-02 梯度监控 | raw=5.1180 | natural=0.0006 | clipped=0.0006(上限20.0)
26-01-06-02 原始规范坐标 G(Re Σrow_mean) = +27.8660 | 累计|g| = 14.4890
26-01-06-02 Ψ矩阵条件数 cond(Ψ) = 4.79e+00
26-01-06-02 Loss=-30.968371 | E0=-7.86269419+0.00023483j | E1=-7.71950754+0.00026489j|E2=-7.70345360-0.00007801j|E3=-7.68271537-0.00057744j
26-01-06-02 #-----------------------------------------#
26-01-06-02 [Step 309] logΨ: mean=13.923+0.631j | min=8.279+1.729j | max=14.191+1.824j
26-01-06-02 梯度监控 | raw=4.5245 | natural=0.0003 | clipped=0.0003(上限20.0)
26-01-06-02 原始规范坐标 G(Re Σrow_mean) = +27.8252 | 累计|g| = 14.4890
26-01-06-02 Ψ矩阵条件数 cond(Ψ) = 6.59e+00
26-01-06-02 Loss=-30.969185 | E0=-7.86277744+0.00023328j | E1=-7.71970041-0.00085563j|E2=-7.70302729+0.00038909j|E3=-7.68367996+0.00107191j
26-01-06-02 #-----------------------------------------#
26-01-06-02 [GaugeReset@310] 吸收 Δg = Σ Re(col_mean) = +27.8252 | 新|g| = 14.4671
26-01-06-02 [Step 310] logΨ: mean=14.103+0.351j | min=9.804+2.130j | max=14.387+1.688j
26-01-06-02 梯度监控 | raw=5.5536 | natural=0.0087 | clipped=0.0087(上限20.0)
26-01-06-02 原始规范坐标 G(Re Σrow_mean) = +27.7948 | 累计|g| = 14.4671
26-01-06-02 Ψ矩阵条件数 cond(Ψ) = 6.50e+00
26-01-06-02 Loss=-30.971151 | E0=-7.86306064-0.00087627j | E1=-7.72010349-0.00005873j|E2=-7.70421727+0.00000189j|E3=-7.68376929+0.00125017j
26-01-06-02 #-----------------------------------------#
26-01-06-02 [Step 311] logΨ: mean=14.096+0.437j | min=10.013+1.845j | max=14.339+1.724j
26-01-06-02 梯度监控 | raw=4.3684 | natural=0.0071 | clipped=0.0071(上限20.0)
26-01-06-02 原始规范坐标 G(Re Σrow_mean) = +27.8494 | 累计|g| = 14.4671
26-01-06-02 Ψ矩阵条件数 cond(Ψ) = 1.38e+01
26-01-06-02 Loss=-30.970455 | E0=-7.86282953+0.00021348j | E1=-7.72012814-0.00006712j|E2=-7.70433028+0.00012059j|E3=-7.68316666+0.00008547j
26-01-06-02 #-----------------------------------------#
26-01-06-02 [Step 312] logΨ: mean=13.803+0.362j | min=9.866+1.844j | max=14.152+1.725j
26-01-06-02 梯度监控 | raw=4.9269 | natural=0.0338 | clipped=0.0338(上限20.0)
26-01-06-02 原始规范坐标 G(Re Σrow_mean) = +27.7097 | 累计|g| = 14.4671
26-01-06-02 Ψ矩阵条件数 cond(Ψ) = 1.39e+01
26-01-06-02 Loss=-30.967555 | E0=-7.86282124+0.00020829j | E1=-7.71953956-0.00027631j|E2=-7.70203101-0.00014415j|E3=-7.68316270+0.00166030j
26-01-06-02 #-----------------------------------------#
26-01-06-02 [Step 313] logΨ: mean=13.936+0.619j | min=10.358-1.282j | max=14.186+1.727j
26-01-06-02 梯度监控 | raw=4.9644 | natural=0.0013 | clipped=0.0013(上限20.0)
26-01-06-02 原始规范坐标 G(Re Σrow_mean) = +27.7912 | 累计|g| = 14.4671
26-01-06-02 Ψ矩阵条件数 cond(Ψ) = 1.39e+01
26-01-06-02 Loss=-30.969919 | E0=-7.86363312-0.00023746j | E1=-7.71980249+0.00060225j|E2=-7.70350320-0.00034758j|E3=-7.68298051-0.00017472j
26-01-06-02 #-----------------------------------------#
26-01-06-02 [Step 314] logΨ: mean=13.924+0.521j | min=9.900-2.457j | max=14.206+1.707j
26-01-06-02 梯度监控 | raw=4.6696 | natural=0.0024 | clipped=0.0024(上限20.0)
26-01-06-02 原始规范坐标 G(Re Σrow_mean) = +27.8349 | 累计|g| = 14.4671
26-01-06-02 Ψ矩阵条件数 cond(Ψ) = 6.51e+00
26-01-06-02 Loss=-30.969021 | E0=-7.86350878-0.00011602j | E1=-7.71973039-0.00022082j|E2=-7.70343240+0.00043499j|E3=-7.68234956-0.00121321j
26-01-06-02 #-----------------------------------------#
26-01-06-02 [Step 315] logΨ: mean=13.304+0.843j | min=9.375+3.003j | max=13.615+2.037j
26-01-06-02 梯度监控 | raw=4.5192 | natural=0.0267 | clipped=0.0267(上限20.0)
26-01-06-02 原始规范坐标 G(Re Σrow_mean) = +27.6015 | 累计|g| = 14.4671
26-01-06-02 Ψ矩阵条件数 cond(Ψ) = 6.85e+00
26-01-06-02 Loss=-30.971227 | E0=-7.86352942-0.00013939j | E1=-7.72005210+0.00012428j|E2=-7.70407272+0.00007329j|E3=-7.68357247+0.00076732j
26-01-06-02 #-----------------------------------------#
26-01-06-02 [Step 316] logΨ: mean=14.019+1.119j | min=7.922-0.053j | max=15.192+3.025j
26-01-06-02 梯度监控 | raw=720.1062 | natural=0.0833 | clipped=0.0833(上限20.0)
26-01-06-02 原始规范坐标 G(Re Σrow_mean) = +28.1613 | 累计|g| = 14.4671
26-01-06-02 Ψ矩阵条件数 cond(Ψ) = 6.31e+00
26-01-06-02 Loss=-30.796421 | E0=-7.73245453-0.01454764j | E1=-7.70953696-0.00308569j|E2=-7.68561549-0.00010001j|E3=-7.66881370-0.01371486j
26-01-06-02 #-----------------------------------------#
26-01-06-02 [Step 317] logΨ: mean=14.495+0.729j | min=10.585-2.728j | max=15.090+3.016j
26-01-06-02 梯度监控 | raw=543.0691 | natural=0.0023 | clipped=0.0023(上限20.0)
26-01-06-02 原始规范坐标 G(Re Σrow_mean) = +28.5615 | 累计|g| = 14.4671
26-01-06-02 Ψ矩阵条件数 cond(Ψ) = 6.36e+00
26-01-06-02 Loss=-30.472084 | E0=-7.72085505-0.00093467j | E1=-7.70452815+0.00030442j|E2=-7.68362169+0.00119010j|E3=-7.36307950-0.00720167j
26-01-06-02 #-----------------------------------------#
26-01-06-02 [Step 318] logΨ: mean=14.406+0.621j | min=9.213+1.571j | max=14.959+3.008j
26-01-06-02 梯度监控 | raw=549.2703 | natural=0.0104 | clipped=0.0104(上限20.0)
26-01-06-02 原始规范坐标 G(Re Σrow_mean) = +28.4198 | 累计|g| = 14.4671
26-01-06-02 Ψ矩阵条件数 cond(Ψ) = 5.66e+00
26-01-06-02 Loss=-30.481109 | E0=-7.72101673-0.00068313j | E1=-7.70529605-0.00021735j|E2=-7.68451026+0.00237567j|E3=-7.37028628-0.00645980j
26-01-06-02 #-----------------------------------------#
26-01-06-02 [Step 319] logΨ: mean=14.297+0.475j | min=10.163-0.125j | max=14.827+3.127j
26-01-06-02 梯度监控 | raw=472.3925 | natural=0.0074 | clipped=0.0074(上限20.0)
26-01-06-02 原始规范坐标 G(Re Σrow_mean) = +28.4415 | 累计|g| = 14.4671
26-01-06-02 Ψ矩阵条件数 cond(Ψ) = 5.73e+00
26-01-06-02 Loss=-30.454431 | E0=-7.72060281-0.00020270j | E1=-7.70583209-0.00000272j|E2=-7.68388781+0.00125157j|E3=-7.34410837-0.00450516j
26-01-06-02 #-----------------------------------------#
26-01-06-02 [保存] Step 319 → pickle 文件已更新 (320 条记录)
26-01-06-02 [GaugeReset@320] 吸收 Δg = Σ Re(col_mean) = +28.4415 | 新|g| = 14.5916
26-01-06-02 [Step 320] logΨ: mean=13.602-0.585j | min=9.388+0.565j | max=14.049+0.675j
26-01-06-02 梯度监控 | raw=356.7071 | natural=0.0038 | clipped=0.0038(上限20.0)
26-01-06-02 原始规范坐标 G(Re Σrow_mean) = +28.4490 | 累计|g| = 14.5916
26-01-06-02 Ψ矩阵条件数 cond(Ψ) = 5.43e+00
26-01-06-02 Loss=-30.416372 | E0=-7.72079288-0.00024736j | E1=-7.70577740+0.00016087j|E2=-7.68375266+0.00090561j|E3=-7.30604869-0.00177142j
26-01-06-02 #-----------------------------------------#
26-01-06-02 [Step 321] logΨ: mean=13.604-0.648j | min=9.527+1.178j | max=13.970+0.662j
26-01-06-02 梯度监控 | raw=293.8418 | natural=0.0022 | clipped=0.0022(上限20.0)
26-01-06-02 原始规范坐标 G(Re Σrow_mean) = +28.5107 | 累计|g| = 14.5916
26-01-06-02 Ψ矩阵条件数 cond(Ψ) = 5.38e+00
26-01-06-02 Loss=-30.398100 | E0=-7.72049917+0.00028982j | E1=-7.70545540-0.00030824j|E2=-7.68324299+0.00012334j|E3=-7.28890285-0.00012388j
26-01-06-02 #-----------------------------------------#
26-01-06-02 [Step 322] logΨ: mean=13.379-0.625j | min=10.336+0.819j | max=13.872+0.648j
26-01-06-02 梯度监控 | raw=336.7058 | natural=0.0028 | clipped=0.0028(上限20.0)
26-01-06-02 原始规范坐标 G(Re Σrow_mean) = +28.4583 | 累计|g| = 14.5916
26-01-06-02 Ψ矩阵条件数 cond(Ψ) = 5.38e+00
26-01-06-02 Loss=-30.412474 | E0=-7.72002568-0.00035876j | E1=-7.70330916+0.00053727j|E2=-7.68295540-0.00011069j|E3=-7.30618334-0.00044984j
26-01-06-02 #-----------------------------------------#
26-01-06-02 [Step 323] logΨ: mean=13.490-0.511j | min=10.258-2.334j | max=13.800+0.636j
26-01-06-02 梯度监控 | raw=129.3073 | natural=0.0022 | clipped=0.0022(上限20.0)
26-01-06-02 原始规范坐标 G(Re Σrow_mean) = +28.4410 | 累计|g| = 14.5916
26-01-06-02 Ψ矩阵条件数 cond(Ψ) = 5.45e+00
26-01-06-02 Loss=-30.350578 | E0=-7.72048431+0.00014970j | E1=-7.70557373-0.00028589j|E2=-7.68417097+0.00168174j|E3=-7.24034902+0.00311124j
26-01-06-02 #-----------------------------------------#
26-01-06-02 [Step 324] logΨ: mean=13.264-0.650j | min=7.305+0.320j | max=13.633+0.707j
26-01-06-02 梯度监控 | raw=198.0676 | natural=0.0050 | clipped=0.0050(上限20.0)
26-01-06-02 原始规范坐标 G(Re Σrow_mean) = +28.3774 | 累计|g| = 14.5916
26-01-06-02 Ψ矩阵条件数 cond(Ψ) = 5.53e+00
26-01-06-02 Loss=-30.372952 | E0=-7.72066544+0.00000850j | E1=-7.70501847+0.00005803j|E2=-7.68383756+0.00112969j|E3=-7.26343079+0.00199129j
26-01-06-02 #-----------------------------------------#
26-01-06-02 [Step 325] logΨ: mean=13.165-0.885j | min=9.972-0.124j | max=13.513+0.716j
26-01-06-02 梯度监控 | raw=365.7902 | natural=0.0039 | clipped=0.0039(上限20.0)
26-01-06-02 原始规范坐标 G(Re Σrow_mean) = +28.3635 | 累计|g| = 14.5916
26-01-06-02 Ψ矩阵条件数 cond(Ψ) = 5.60e+00
26-01-06-02 Loss=-30.441723 | E0=-7.72053732+0.00070697j | E1=-7.70595946-0.00052620j|E2=-7.68257217-0.00131890j|E3=-7.33265379+0.00029265j
26-01-06-02 #-----------------------------------------#
26-01-06-02 [Step 326] logΨ: mean=13.079-0.912j | min=9.820-2.231j | max=13.380+0.738j
26-01-06-02 梯度监控 | raw=285.0993 | natural=0.0031 | clipped=0.0031(上限20.0)
26-01-06-02 原始规范坐标 G(Re Σrow_mean) = +28.4186 | 累计|g| = 14.5916
26-01-06-02 Ψ矩阵条件数 cond(Ψ) = 5.68e+00
26-01-06-02 Loss=-30.412675 | E0=-7.72113812+0.00035165j | E1=-7.70728270+0.00017687j|E2=-7.68203020-0.00241874j|E3=-7.30222445+0.00169872j
26-01-06-02 #-----------------------------------------#
26-01-06-02 [Step 327] logΨ: mean=12.888-0.886j | min=9.352+2.406j | max=13.300+0.724j
26-01-06-02 梯度监控 | raw=452.3893 | natural=0.0022 | clipped=0.0022(上限20.0)
26-01-06-02 原始规范坐标 G(Re Σrow_mean) = +28.2090 | 累计|g| = 14.5916
26-01-06-02 Ψ矩阵条件数 cond(Ψ) = 5.74e+00
26-01-06-02 Loss=-30.503762 | E0=-7.72086143+0.00006854j | E1=-7.70646851+0.00009125j|E2=-7.68273682-0.00118064j|E3=-7.39369518-0.00106063j
26-01-06-02 #-----------------------------------------#
26-01-06-02 [Step 328] logΨ: mean=12.786-0.941j | min=8.544-1.848j | max=13.182+0.729j
26-01-06-02 梯度监控 | raw=499.7562 | natural=0.0034 | clipped=0.0034(上限20.0)
26-01-06-02 原始规范坐标 G(Re Σrow_mean) = +28.1014 | 累计|g| = 14.5916
26-01-06-02 Ψ矩阵条件数 cond(Ψ) = 6.10e+00
26-01-06-02 Loss=-30.545556 | E0=-7.72093941-0.00070953j | E1=-7.70594809+0.00029979j|E2=-7.68336263+0.00001648j|E3=-7.43530604-0.00178539j
26-01-06-02 #-----------------------------------------#
26-01-06-02 [Step 329] logΨ: mean=12.735-1.067j | min=9.537-2.253j | max=13.116+0.716j
26-01-06-02 梯度监控 | raw=309.6002 | natural=0.0022 | clipped=0.0022(上限20.0)
26-01-06-02 原始规范坐标 G(Re Σrow_mean) = +28.1509 | 累计|g| = 14.5916
26-01-06-02 Ψ矩阵条件数 cond(Ψ) = 6.10e+00
26-01-06-02 Loss=-30.433957 | E0=-7.72034168+0.00069791j | E1=-7.70500951-0.00046653j|E2=-7.68365353+0.00061382j|E3=-7.32495207+0.00292579j
26-01-06-02 #-----------------------------------------#
26-01-06-02 [GaugeReset@330] 吸收 Δg = Σ Re(col_mean) = +28.1509 | 新|g| = 14.4179
26-01-06-02 [Step 330] logΨ: mean=13.032-0.836j | min=9.740+0.865j | max=13.326+0.691j
26-01-06-02 梯度监控 | raw=291.6247 | natural=0.0032 | clipped=0.0032(上限20.0)
26-01-06-02 原始规范坐标 G(Re Σrow_mean) = +28.1956 | 累计|g| = 14.4179
26-01-06-02 Ψ矩阵条件数 cond(Ψ) = 6.02e+00
26-01-06-02 Loss=-30.429941 | E0=-7.72042306+0.00037534j | E1=-7.70609836-0.00032097j|E2=-7.68329037-0.00011883j|E3=-7.32012874+0.00412966j
26-01-06-02 #-----------------------------------------#
26-01-06-02 [Step 331] logΨ: mean=12.933-0.822j | min=7.706-1.037j | max=13.250+0.692j
26-01-06-02 梯度监控 | raw=275.3322 | natural=0.0025 | clipped=0.0025(上限20.0)
26-01-06-02 原始规范坐标 G(Re Σrow_mean) = +28.1580 | 累计|g| = 14.4179
26-01-06-02 Ψ矩阵条件数 cond(Ψ) = 5.86e+00
26-01-06-02 Loss=-30.426527 | E0=-7.72098148+0.00056982j | E1=-7.70658803+0.00006920j|E2=-7.68314292-0.00054269j|E3=-7.31581436+0.00361121j
26-01-06-02 #-----------------------------------------#
26-01-06-02 [Step 332] logΨ: mean=12.875-0.704j | min=8.535+0.589j | max=13.168+0.693j
26-01-06-02 梯度监控 | raw=241.0156 | natural=0.0029 | clipped=0.0029(上限20.0)
26-01-06-02 原始规范坐标 G(Re Σrow_mean) = +28.1402 | 累计|g| = 14.4179
26-01-06-02 Ψ矩阵条件数 cond(Ψ) = 5.93e+00
26-01-06-02 Loss=-30.411431 | E0=-7.72028350-0.00008689j | E1=-7.70520448+0.00007628j|E2=-7.68345572+0.00006989j|E3=-7.30248715+0.00579735j
26-01-06-02 #-----------------------------------------#
26-01-06-02 [Step 333] logΨ: mean=12.782-0.883j | min=7.903-2.257j | max=13.107+0.681j
26-01-06-02 梯度监控 | raw=387.6219 | natural=0.0023 | clipped=0.0023(上限20.0)
26-01-06-02 原始规范坐标 G(Re Σrow_mean) = +28.0893 | 累计|g| = 14.4179
26-01-06-02 Ψ矩阵条件数 cond(Ψ) = 3.85e+01
26-01-06-02 Loss=-30.496949 | E0=-7.72086628+0.00025708j | E1=-7.70615678+0.00035576j|E2=-7.68246155-0.00165574j|E3=-7.38746452+0.00264724j
26-01-06-02 #-----------------------------------------#
26-01-06-02 [Step 334] logΨ: mean=12.793-0.787j | min=8.394+0.579j | max=13.025+0.683j
26-01-06-02 梯度监控 | raw=407.9523 | natural=0.0027 | clipped=0.0027(上限20.0)
26-01-06-02 原始规范坐标 G(Re Σrow_mean) = +28.1297 | 累计|g| = 14.4179
26-01-06-02 Ψ矩阵条件数 cond(Ψ) = 6.05e+00
26-01-06-02 Loss=-30.519076 | E0=-7.72130987+0.00052742j | E1=-7.70715094+0.00010735j|E2=-7.68199063-0.00273790j|E3=-7.40862450+0.00276873j
26-01-06-02 #-----------------------------------------#
26-01-06-02 [Step 335] logΨ: mean=12.765-0.617j | min=9.336-2.812j | max=12.974+0.671j
26-01-06-02 梯度监控 | raw=446.7780 | natural=0.0031 | clipped=0.0031(上限20.0)
26-01-06-02 原始规范坐标 G(Re Σrow_mean) = +28.0801 | 累计|g| = 14.4179
26-01-06-02 Ψ矩阵条件数 cond(Ψ) = 6.45e+00
26-01-06-02 Loss=-30.567718 | E0=-7.72110880+0.00123760j | E1=-7.70738286-0.00033752j|E2=-7.68184212-0.00305919j|E3=-7.45738462+0.00189576j
26-01-06-02 #-----------------------------------------#
26-01-06-02 [Step 336] logΨ: mean=12.721-0.441j | min=8.280-2.580j | max=12.973+0.128j
26-01-06-02 梯度监控 | raw=470.3604 | natural=0.0027 | clipped=0.0027(上限20.0)
26-01-06-02 原始规范坐标 G(Re Σrow_mean) = +27.9118 | 累计|g| = 14.4179
26-01-06-02 Ψ矩阵条件数 cond(Ψ) = 6.46e+00
26-01-06-02 Loss=-30.690332 | E0=-7.72118054+0.00108681j | E1=-7.70821841-0.00068385j|E2=-7.68231350-0.00236653j|E3=-7.57861977-0.00073982j
26-01-06-02 #-----------------------------------------#
26-01-06-02 [Step 337] logΨ: mean=12.717-0.294j | min=9.311-1.415j | max=12.990+0.116j
26-01-06-02 梯度监控 | raw=455.4576 | natural=0.0022 | clipped=0.0022(上限20.0)
26-01-06-02 原始规范坐标 G(Re Σrow_mean) = +27.9600 | 累计|g| = 14.4179
26-01-06-02 Ψ矩阵条件数 cond(Ψ) = 6.48e+00
26-01-06-02 Loss=-30.613071 | E0=-7.72121447+0.00090033j | E1=-7.70787636-0.00039592j|E2=-7.68260903-0.00185552j|E3=-7.50137119+0.00201266j
26-01-06-02 #-----------------------------------------#
26-01-06-02 [Step 338] logΨ: mean=12.603-0.355j | min=8.139+0.555j | max=12.963+0.134j
26-01-06-02 梯度监控 | raw=449.4694 | natural=0.0030 | clipped=0.0030(上限20.0)
26-01-06-02 原始规范坐标 G(Re Σrow_mean) = +27.8493 | 累计|g| = 14.4179
26-01-06-02 Ψ矩阵条件数 cond(Ψ) = 6.50e+00
26-01-06-02 Loss=-30.617699 | E0=-7.72048408-0.00001496j | E1=-7.70606406-0.00009875j|E2=-7.68329731-0.00048422j|E3=-7.50785367+0.00351710j
26-01-06-02 #-----------------------------------------#
26-01-06-02 [Step 339] logΨ: mean=12.604-0.358j | min=9.070-0.563j | max=12.928+0.155j
26-01-06-02 梯度监控 | raw=448.4723 | natural=0.0035 | clipped=0.0035(上限20.0)
26-01-06-02 原始规范坐标 G(Re Σrow_mean) = +27.8146 | 累计|g| = 14.4179
26-01-06-02 Ψ矩阵条件数 cond(Ψ) = 6.52e+00
26-01-06-02 Loss=-30.664681 | E0=-7.72113599-0.00034929j | E1=-7.70742742+0.00021940j|E2=-7.68330503-0.00064695j|E3=-7.55281228+0.00231825j
26-01-06-02 #-----------------------------------------#
26-01-06-02 [保存] Step 339 → pickle 文件已更新 (340 条记录)
26-01-06-02 [GaugeReset@340] 吸收 Δg = Σ Re(col_mean) = +27.8146 | 新|g| = 14.2897
26-01-06-02 [Step 340] logΨ: mean=12.878+0.067j | min=9.126-0.942j | max=13.292+2.964j
26-01-06-02 梯度监控 | raw=437.0147 | natural=0.0030 | clipped=0.0030(上限20.0)
26-01-06-02 原始规范坐标 G(Re Σrow_mean) = +27.7640 | 累计|g| = 14.2897
26-01-06-02 Ψ矩阵条件数 cond(Ψ) = 6.78e+00
26-01-06-02 Loss=-30.686627 | E0=-7.72195906+0.00116837j | E1=-7.70878065-0.00001271j|E2=-7.68360273-0.00041271j|E3=-7.57228458+0.00052100j
26-01-06-02 #-----------------------------------------#
26-01-06-02 [Step 341] logΨ: mean=12.899-0.160j | min=8.720-2.410j | max=13.317+2.953j
26-01-06-02 梯度监控 | raw=433.0679 | natural=0.0019 | clipped=0.0019(上限20.0)
26-01-06-02 原始规范坐标 G(Re Σrow_mean) = +27.7815 | 累计|g| = 14.2897
26-01-06-02 Ψ矩阵条件数 cond(Ψ) = 6.79e+00
26-01-06-02 Loss=-30.680035 | E0=-7.72082338-0.00032678j | E1=-7.70740027+0.00014684j|E2=-7.68313089-0.00078917j|E3=-7.56868034+0.00339087j
26-01-06-02 #-----------------------------------------#
26-01-06-02 [Step 342] logΨ: mean=12.889-0.283j | min=7.566+0.012j | max=13.297+2.963j
26-01-06-02 梯度监控 | raw=399.2672 | natural=0.0068 | clipped=0.0068(上限20.0)
26-01-06-02 原始规范坐标 G(Re Σrow_mean) = +27.6426 | 累计|g| = 14.2897
26-01-06-02 Ψ矩阵条件数 cond(Ψ) = 6.84e+00
26-01-06-02 Loss=-30.747382 | E0=-7.72479713+0.00042281j | E1=-7.71024784+0.00125628j|E2=-7.68413909+0.00018106j|E3=-7.62819825-0.00124865j
26-01-06-02 #-----------------------------------------#
26-01-06-02 [Step 343] logΨ: mean=12.901+0.207j | min=9.056-0.966j | max=13.340+2.945j
26-01-06-02 梯度监控 | raw=333.5054 | natural=0.0029 | clipped=0.0029(上限20.0)
26-01-06-02 原始规范坐标 G(Re Σrow_mean) = +27.6288 | 累计|g| = 14.2897
26-01-06-02 Ψ矩阵条件数 cond(Ψ) = 6.87e+00
26-01-06-02 Loss=-30.807274 | E0=-7.72739461-0.00005016j | E1=-7.71451635-0.00031719j|E2=-7.69091268+0.00138242j|E3=-7.67445079-0.00189074j
26-01-06-02 #-----------------------------------------#
26-01-06-02 [Step 344] logΨ: mean=12.958-0.048j | min=8.939+1.866j | max=13.382+2.926j
26-01-06-02 梯度监控 | raw=360.8950 | natural=0.0028 | clipped=0.0028(上限20.0)
26-01-06-02 原始规范坐标 G(Re Σrow_mean) = +27.6084 | 累计|g| = 14.2897
26-01-06-02 Ψ矩阵条件数 cond(Ψ) = 4.96e+00
26-01-06-02 Loss=-30.776292 | E0=-7.72217018-0.00044159j | E1=-7.71069641-0.00007228j|E2=-7.68488102+0.00065690j|E3=-7.65854428+0.00178326j
26-01-06-02 #-----------------------------------------#
26-01-06-02 [Step 345] logΨ: mean=11.123+1.329j | min=2.067+1.194j | max=11.690+1.791j
26-01-06-02 梯度监控 | raw=302.0308 | natural=1.0802 | clipped=1.0802(上限20.0)
26-01-06-02 原始规范坐标 G(Re Σrow_mean) = +27.3339 | 累计|g| = 14.2897
26-01-06-02 Ψ矩阵条件数 cond(Ψ) = 8.14e+00
26-01-06-02 Loss=-30.821140 | E0=-7.72991073+0.00357745j | E1=-7.72261666-0.01043493j|E2=-7.68962666+0.00270903j|E3=-7.67898548+0.00408672j
26-01-06-02 #-----------------------------------------#
26-01-06-02 [Step 346] logΨ: mean=11.343+0.726j | min=7.284-2.167j | max=11.775+1.784j
26-01-06-02 梯度监控 | raw=139.1336 | natural=0.0061 | clipped=0.0061(上限20.0)
26-01-06-02 原始规范坐标 G(Re Σrow_mean) = +27.6045 | 累计|g| = 14.2897
26-01-06-02 Ψ矩阵条件数 cond(Ψ) = 8.10e+00
26-01-06-02 Loss=-30.808755 | E0=-7.73027059+0.00032310j | E1=-7.71588688-0.00018268j|E2=-7.69199059-0.00180844j|E3=-7.67060683+0.00208580j
26-01-06-02 #-----------------------------------------#
26-01-06-02 [Step 347] logΨ: mean=11.297+0.836j | min=5.068-0.840j | max=11.824+1.779j
26-01-06-02 梯度监控 | raw=152.3567 | natural=0.0062 | clipped=0.0062(上限20.0)
26-01-06-02 原始规范坐标 G(Re Σrow_mean) = +27.5728 | 累计|g| = 14.2897
26-01-06-02 Ψ矩阵条件数 cond(Ψ) = 1.70e+01
26-01-06-02 Loss=-30.787129 | E0=-7.72667050+0.00091940j | E1=-7.71320823+0.00020790j|E2=-7.68461087-0.00125678j|E3=-7.66263963+0.00246590j
26-01-06-02 #-----------------------------------------#
26-01-06-02 [Step 348] logΨ: mean=11.419+0.455j | min=7.111+3.000j | max=11.826+1.718j
26-01-06-02 梯度监控 | raw=99.0537 | natural=0.0129 | clipped=0.0129(上限20.0)
26-01-06-02 原始规范坐标 G(Re Σrow_mean) = +27.5092 | 累计|g| = 14.2897
26-01-06-02 Ψ矩阵条件数 cond(Ψ) = 9.48e+00
26-01-06-02 Loss=-30.872945 | E0=-7.77400540-0.00268933j | E1=-7.71977826-0.00025891j|E2=-7.70184400+0.00030756j|E3=-7.67731685+0.00298715j
26-01-06-02 #-----------------------------------------#
26-01-06-02 [Step 349] logΨ: mean=11.517-0.208j | min=3.541-0.596j | max=11.873+1.448j
26-01-06-02 梯度监控 | raw=90.8240 | natural=0.0514 | clipped=0.0514(上限20.0)
26-01-06-02 原始规范坐标 G(Re Σrow_mean) = +27.5688 | 累计|g| = 14.2897
26-01-06-02 Ψ矩阵条件数 cond(Ψ) = 8.28e+00
26-01-06-02 Loss=-30.872507 | E0=-7.77897009-0.00092342j | E1=-7.71852311+0.00105652j|E2=-7.69819842-0.00100548j|E3=-7.67681551-0.00352231j
26-01-06-02 #-----------------------------------------#
26-01-06-02 [GaugeReset@350] 吸收 Δg = Σ Re(col_mean) = +27.5688 | 新|g| = 14.5196
26-01-06-02 [Step 350] logΨ: mean=11.389+0.068j | min=7.437-2.870j | max=11.892+1.013j
26-01-06-02 梯度监控 | raw=102.6859 | natural=0.0165 | clipped=0.0165(上限20.0)
26-01-06-02 原始规范坐标 G(Re Σrow_mean) = +27.4336 | 累计|g| = 14.5196
26-01-06-02 Ψ矩阵条件数 cond(Ψ) = 6.61e+00
26-01-06-02 Loss=-30.828567 | E0=-7.73596410+0.00068294j | E1=-7.72055821+0.00261461j|E2=-7.69751861-0.00106636j|E3=-7.67452598-0.00081228j
26-01-06-02 #-----------------------------------------#
26-01-06-02 [Step 351] logΨ: mean=11.411-0.357j | min=7.281-0.844j | max=11.901+0.964j
26-01-06-02 梯度监控 | raw=97.7441 | natural=0.0090 | clipped=0.0090(上限20.0)
26-01-06-02 原始规范坐标 G(Re Σrow_mean) = +27.3876 | 累计|g| = 14.5196
26-01-06-02 Ψ矩阵条件数 cond(Ψ) = 6.62e+00
26-01-06-02 Loss=-30.841019 | E0=-7.74792201+0.00080127j | E1=-7.71777648+0.00041675j|E2=-7.69914094-0.00076808j|E3=-7.67617968+0.00156648j
26-01-06-02 #-----------------------------------------#
26-01-06-02 [Step 352] logΨ: mean=11.285-0.346j | min=6.404-1.461j | max=11.688+0.882j
26-01-06-02 梯度监控 | raw=76.5244 | natural=0.0151 | clipped=0.0151(上限20.0)
26-01-06-02 原始规范坐标 G(Re Σrow_mean) = +27.2817 | 累计|g| = 14.5196
26-01-06-02 Ψ矩阵条件数 cond(Ψ) = 1.34e+01
26-01-06-02 Loss=-30.878468 | E0=-7.77422874+0.00095450j | E1=-7.71884383+0.00365462j|E2=-7.70601619-0.00495724j|E3=-7.67937876-0.00021960j
26-01-06-02 #-----------------------------------------#
26-01-06-02 [Step 353] logΨ: mean=11.291-0.452j | min=5.366-1.192j | max=11.847+0.782j
26-01-06-02 梯度监控 | raw=92.6754 | natural=0.0178 | clipped=0.0178(上限20.0)
26-01-06-02 原始规范坐标 G(Re Σrow_mean) = +27.3783 | 累计|g| = 14.5196
26-01-06-02 Ψ矩阵条件数 cond(Ψ) = 6.49e+00
26-01-06-02 Loss=-30.841711 | E0=-7.75292338+0.00510034j | E1=-7.71708467+0.00277870j|E2=-7.69420808-0.00451296j|E3=-7.67749507-0.00133814j
26-01-06-02 #-----------------------------------------#
26-01-06-03 [Step 354] logΨ: mean=11.523-0.535j | min=7.762+2.661j | max=11.893+0.754j
26-01-06-03 梯度监控 | raw=62.2429 | natural=0.0043 | clipped=0.0043(上限20.0)
26-01-06-03 原始规范坐标 G(Re Σrow_mean) = +27.3867 | 累计|g| = 14.5196
26-01-06-03 Ψ矩阵条件数 cond(Ψ) = 6.49e+00
26-01-06-03 Loss=-30.900835 | E0=-7.80280985+0.00108173j | E1=-7.71889096-0.00014441j|E2=-7.70106761-0.00167798j|E3=-7.67806663-0.00267677j
26-01-06-03 #-----------------------------------------#
26-01-06-03 [Step 355] logΨ: mean=11.514-0.559j | min=7.298-2.754j | max=11.952+0.725j
26-01-06-03 梯度监控 | raw=65.8800 | natural=0.0044 | clipped=0.0044(上限20.0)
26-01-06-03 原始规范坐标 G(Re Σrow_mean) = +27.3362 | 累计|g| = 14.5196
26-01-06-03 Ψ矩阵条件数 cond(Ψ) = 1.22e+01
26-01-06-03 Loss=-30.896788 | E0=-7.79370501+0.00047000j | E1=-7.72015235-0.00038533j|E2=-7.70311757-0.00002275j|E3=-7.67981263+0.00286896j
26-01-06-03 #-----------------------------------------#
26-01-06-03 [Step 356] logΨ: mean=11.419-0.534j | min=7.963-0.722j | max=11.990+0.697j
26-01-06-03 梯度监控 | raw=76.8148 | natural=0.0042 | clipped=0.0042(上限20.0)
26-01-06-03 原始规范坐标 G(Re Σrow_mean) = +27.2948 | 累计|g| = 14.5196
26-01-06-03 Ψ矩阵条件数 cond(Ψ) = 6.66e+00
26-01-06-03 Loss=-30.885013 | E0=-7.78441129+0.00123316j | E1=-7.71934207-0.00063499j|E2=-7.70065818-0.00148953j|E3=-7.68060176+0.00553464j
26-01-06-03 #-----------------------------------------#
26-01-06-03 [Step 357] logΨ: mean=11.731-1.210j | min=6.663-3.138j | max=12.061+0.687j
26-01-06-03 梯度监控 | raw=34.6344 | natural=0.0048 | clipped=0.0048(上限20.0)
26-01-06-03 原始规范坐标 G(Re Σrow_mean) = +27.3805 | 累计|g| = 14.5196
26-01-06-03 Ψ矩阵条件数 cond(Ψ) = 1.17e+01
26-01-06-03 Loss=-30.935249 | E0=-7.83195282-0.00065467j | E1=-7.71978357-0.00021441j|E2=-7.70385425-0.00060434j|E3=-7.67965846-0.00342287j
26-01-06-03 #-----------------------------------------#
26-01-06-03 [Step 358] logΨ: mean=11.660-0.678j | min=6.651-0.005j | max=12.134+0.671j
26-01-06-03 梯度监控 | raw=58.4829 | natural=0.0043 | clipped=0.0043(上限20.0)
26-01-06-03 原始规范坐标 G(Re Σrow_mean) = +27.4272 | 累计|g| = 14.5196
26-01-06-03 Ψ矩阵条件数 cond(Ψ) = 1.16e+01
26-01-06-03 Loss=-30.900495 | E0=-7.80145785+0.00250718j | E1=-7.71912361+0.00030239j|E2=-7.70084196-0.00232011j|E3=-7.67907156-0.00232526j
26-01-06-03 #-----------------------------------------#
26-01-06-03 [Step 359] logΨ: mean=11.812-0.850j | min=6.146+2.752j | max=12.203+0.661j
26-01-06-03 梯度监控 | raw=43.4328 | natural=0.0043 | clipped=0.0043(上限20.0)
26-01-06-03 原始规范坐标 G(Re Σrow_mean) = +27.4521 | 累计|g| = 14.5196
26-01-06-03 Ψ矩阵条件数 cond(Ψ) = 1.16e+01
26-01-06-03 Loss=-30.921018 | E0=-7.81761521+0.00062413j | E1=-7.71998060-0.00004065j|E2=-7.70394970-0.00019122j|E3=-7.67947292-0.00233708j
26-01-06-03 #-----------------------------------------#
26-01-06-03 [保存] Step 359 → pickle 文件已更新 (360 条记录)
26-01-06-03 [GaugeReset@360] 吸收 Δg = Σ Re(col_mean) = +27.4521 | 新|g| = 14.4260
26-01-06-03 [Step 360] logΨ: mean=12.000-0.842j | min=8.097-0.345j | max=12.358+0.924j
26-01-06-03 梯度监控 | raw=24.3070 | natural=0.0038 | clipped=0.0038(上限20.0)
26-01-06-03 原始规范坐标 G(Re Σrow_mean) = +27.3603 | 累计|g| = 14.4260
26-01-06-03 Ψ矩阵条件数 cond(Ψ) = 1.15e+01
26-01-06-03 Loss=-30.947723 | E0=-7.84027356-0.00110418j | E1=-7.72067618-0.00018295j|E2=-7.70500667+0.00068422j|E3=-7.68176648+0.00158248j
26-01-06-03 #-----------------------------------------#
26-01-06-03 [Step 361] logΨ: mean=12.009-0.228j | min=8.192+2.808j | max=12.445+0.932j
26-01-06-03 梯度监控 | raw=37.0440 | natural=0.0048 | clipped=0.0048(上限20.0)
26-01-06-03 原始规范坐标 G(Re Σrow_mean) = +27.3929 | 累计|g| = 14.4260
26-01-06-03 Ψ矩阵条件数 cond(Ψ) = 1.15e+01
26-01-06-03 Loss=-30.931568 | E0=-7.82674615+0.00069312j | E1=-7.71977501-0.00016288j|E2=-7.70352640-0.00103996j|E3=-7.68152039+0.00147163j
26-01-06-03 #-----------------------------------------#
26-01-06-03 [Step 362] logΨ: mean=12.034-0.090j | min=8.376-0.452j | max=12.445+0.918j
26-01-06-03 梯度监控 | raw=33.0737 | natural=0.0036 | clipped=0.0036(上限20.0)
26-01-06-03 原始规范坐标 G(Re Σrow_mean) = +27.4327 | 累计|g| = 14.4260
26-01-06-03 Ψ矩阵条件数 cond(Ψ) = 6.36e+00
26-01-06-03 Loss=-30.934635 | E0=-7.82905051+0.00035537j | E1=-7.72037079-0.00018827j|E2=-7.70410345+0.00086233j|E3=-7.68111013+0.00059351j
26-01-06-03 #-----------------------------------------#
26-01-06-03 [Step 363] logΨ: mean=12.173-0.147j | min=8.416-1.970j | max=12.471+0.903j
26-01-06-03 梯度监控 | raw=23.4003 | natural=0.0020 | clipped=0.0020(上限20.0)
26-01-06-03 原始规范坐标 G(Re Σrow_mean) = +27.4923 | 累计|g| = 14.4260
26-01-06-03 Ψ矩阵条件数 cond(Ψ) = 6.36e+00
26-01-06-03 Loss=-30.945802 | E0=-7.83987782-0.00016872j | E1=-7.72045261-0.00005000j|E2=-7.70527079+0.00065659j|E3=-7.68020115-0.00266341j
26-01-06-03 #-----------------------------------------#
26-01-06-03 [Step 364] logΨ: mean=12.196-0.716j | min=8.165-1.085j | max=12.575+0.927j
26-01-06-03 梯度监控 | raw=19.7917 | natural=0.0047 | clipped=0.0047(上限20.0)
26-01-06-03 原始规范坐标 G(Re Σrow_mean) = +27.5116 | 累计|g| = 14.4260
26-01-06-03 Ψ矩阵条件数 cond(Ψ) = 6.32e+00
26-01-06-03 Loss=-30.949595 | E0=-7.84615823-0.00051808j | E1=-7.71980163-0.00014234j|E2=-7.70343568-0.00010700j|E3=-7.68019927-0.00137455j
26-01-06-03 #-----------------------------------------#
26-01-06-03 [Step 365] logΨ: mean=12.131-0.561j | min=7.221-1.498j | max=12.536+0.897j
26-01-06-03 梯度监控 | raw=18.8535 | natural=0.0054 | clipped=0.0054(上限20.0)
26-01-06-03 原始规范坐标 G(Re Σrow_mean) = +27.4204 | 累计|g| = 14.4260
26-01-06-03 Ψ矩阵条件数 cond(Ψ) = 6.39e+00
26-01-06-03 Loss=-30.953140 | E0=-7.84717054-0.00079890j | E1=-7.72021305-0.00048076j|E2=-7.70389016+0.00017245j|E3=-7.68186610+0.00308020j
26-01-06-03 #-----------------------------------------#
26-01-06-03 [Step 366] logΨ: mean=12.190-0.404j | min=7.898-2.432j | max=12.595+0.892j
26-01-06-03 梯度监控 | raw=17.2049 | natural=0.0034 | clipped=0.0034(上限20.0)
26-01-06-03 原始规范坐标 G(Re Σrow_mean) = +27.4177 | 累计|g| = 14.4260
26-01-06-03 Ψ矩阵条件数 cond(Ψ) = 6.68e+00
26-01-06-03 Loss=-30.957371 | E0=-7.84994375-0.00073303j | E1=-7.72027117-0.00020524j|E2=-7.70447767-0.00018628j|E3=-7.68267829+0.00378822j
26-01-06-03 #-----------------------------------------#
26-01-06-03 [Step 367] logΨ: mean=12.338-0.192j | min=8.387-0.328j | max=12.698+0.909j
26-01-06-03 梯度监控 | raw=19.8438 | natural=0.0043 | clipped=0.0043(上限20.0)
26-01-06-03 原始规范坐标 G(Re Σrow_mean) = +27.4943 | 累计|g| = 14.4260
26-01-06-03 Ψ矩阵条件数 cond(Ψ) = 6.37e+00
26-01-06-03 Loss=-30.951360 | E0=-7.84471260+0.00037029j | E1=-7.72059055+0.00014854j|E2=-7.70524946+0.00012063j|E3=-7.68080693+0.00096928j
26-01-06-03 #-----------------------------------------#
26-01-06-03 [Step 368] logΨ: mean=12.327-0.451j | min=7.589+1.074j | max=12.714+0.896j
26-01-06-03 梯度监控 | raw=22.0257 | natural=0.0104 | clipped=0.0104(上限20.0)
26-01-06-03 原始规范坐标 G(Re Σrow_mean) = +27.5343 | 累计|g| = 14.4260
26-01-06-03 Ψ矩阵条件数 cond(Ψ) = 6.38e+00
26-01-06-03 Loss=-30.947156 | E0=-7.84104819+0.00124477j | E1=-7.72006613-0.00019307j|E2=-7.70517627-0.00057995j|E3=-7.68086530-0.00080969j
26-01-06-03 #-----------------------------------------#
26-01-06-03 [Step 369] logΨ: mean=12.450-0.779j | min=8.494-0.374j | max=12.755+0.861j
26-01-06-03 梯度监控 | raw=15.0301 | natural=0.0027 | clipped=0.0027(上限20.0)
26-01-06-03 原始规范坐标 G(Re Σrow_mean) = +27.5651 | 累计|g| = 14.4260
26-01-06-03 Ψ矩阵条件数 cond(Ψ) = 6.34e+00
26-01-06-03 Loss=-30.956470 | E0=-7.84945837+0.00026720j | E1=-7.72053410+0.00002420j|E2=-7.70538825+0.00040273j|E3=-7.68108970-0.00140715j
26-01-06-03 #-----------------------------------------#
26-01-06-03 [GaugeReset@370] 吸收 Δg = Σ Re(col_mean) = +27.5651 | 新|g| = 14.4920
26-01-06-03 [Step 370] logΨ: mean=12.111-0.605j | min=6.945+0.571j | max=12.464+0.737j
26-01-06-03 梯度监控 | raw=14.3241 | natural=0.0173 | clipped=0.0173(上限20.0)
26-01-06-03 原始规范坐标 G(Re Σrow_mean) = +27.4463 | 累计|g| = 14.4920
26-01-06-03 Ψ矩阵条件数 cond(Ψ) = 1.17e+01
26-01-06-03 Loss=-30.955827 | E0=-7.84928689-0.00061275j | E1=-7.72073087+0.00014185j|E2=-7.70559653-0.00000813j|E3=-7.68021258-0.00037939j
26-01-06-03 #-----------------------------------------#
26-01-06-03 [Step 371] logΨ: mean=12.158-0.236j | min=7.864-0.148j | max=12.550+0.766j
26-01-06-03 梯度监控 | raw=16.3365 | natural=0.0032 | clipped=0.0032(上限20.0)
26-01-06-03 原始规范坐标 G(Re Σrow_mean) = +27.4213 | 累计|g| = 14.4920
26-01-06-03 Ψ矩阵条件数 cond(Ψ) = 1.16e+01
26-01-06-03 Loss=-30.956705 | E0=-7.84890653+0.00026976j | E1=-7.72039417-0.00018245j|E2=-7.70471900+0.00000009j|E3=-7.68268570+0.00417715j
26-01-06-03 #-----------------------------------------#
26-01-06-03 [Step 372] logΨ: mean=12.354-0.879j | min=8.901+1.698j | max=12.586+0.743j
26-01-06-03 梯度监控 | raw=8.0268 | natural=0.0013 | clipped=0.0013(上限20.0)
26-01-06-03 原始规范坐标 G(Re Σrow_mean) = +27.5155 | 累计|g| = 14.4920
26-01-06-03 Ψ矩阵条件数 cond(Ψ) = 1.16e+01
26-01-06-03 Loss=-30.966653 | E0=-7.85990577-0.00068955j | E1=-7.72063309+0.00012882j|E2=-7.70582457+0.00028950j|E3=-7.68028997-0.00235059j
26-01-06-03 #-----------------------------------------#
26-01-06-03 [Step 373] logΨ: mean=12.367-0.852j | min=8.396-0.598j | max=12.630+0.724j
26-01-06-03 梯度监控 | raw=10.5266 | natural=0.0023 | clipped=0.0023(上限20.0)
26-01-06-03 原始规范坐标 G(Re Σrow_mean) = +27.5821 | 累计|g| = 14.4920
26-01-06-03 Ψ矩阵条件数 cond(Ψ) = 6.39e+00
26-01-06-03 Loss=-30.960207 | E0=-7.85553238-0.00014674j | E1=-7.72039937+0.00093831j|E2=-7.70525767-0.00002637j|E3=-7.67901743-0.00449123j
26-01-06-03 #-----------------------------------------#
26-01-06-03 [Step 374] logΨ: mean=12.261-0.710j | min=7.476-0.858j | max=12.586+0.706j
26-01-06-03 梯度监控 | raw=10.4203 | natural=0.0040 | clipped=0.0040(上限20.0)
26-01-06-03 原始规范坐标 G(Re Σrow_mean) = +27.4178 | 累计|g| = 14.4920
26-01-06-03 Ψ矩阵条件数 cond(Ψ) = 6.44e+00
26-01-06-03 Loss=-30.966926 | E0=-7.85825511-0.00108319j | E1=-7.72055727-0.00015489j|E2=-7.70541857+0.00010184j|E3=-7.68269502+0.00238377j
26-01-06-03 #-----------------------------------------#
26-01-06-03 [Step 375] logΨ: mean=12.357-0.655j | min=8.763+0.879j | max=12.616+0.683j
26-01-06-03 梯度监控 | raw=9.0737 | natural=0.0009 | clipped=0.0009(上限20.0)
26-01-06-03 原始规范坐标 G(Re Σrow_mean) = +27.5112 | 累计|g| = 14.4920
26-01-06-03 Ψ矩阵条件数 cond(Ψ) = 6.43e+00
26-01-06-03 Loss=-30.965783 | E0=-7.85934883-0.00046923j | E1=-7.72036971-0.00015701j|E2=-7.70496820+0.00021453j|E3=-7.68109617+0.00063240j
26-01-06-03 #-----------------------------------------#
26-01-06-03 [Step 376] logΨ: mean=12.326-0.096j | min=8.282+1.706j | max=12.666+0.680j
26-01-06-03 梯度监控 | raw=10.7414 | natural=0.0019 | clipped=0.0019(上限20.0)
26-01-06-03 原始规范坐标 G(Re Σrow_mean) = +27.4401 | 累计|g| = 14.4920
26-01-06-03 Ψ矩阵条件数 cond(Ψ) = 1.16e+01
26-01-06-03 Loss=-30.964932 | E0=-7.85646673+0.00013155j | E1=-7.72049381-0.00008403j|E2=-7.70501664-0.00012901j|E3=-7.68295468+0.00378334j
26-01-06-03 #-----------------------------------------#
26-01-06-03 [Step 377] logΨ: mean=12.240-0.649j | min=7.310+1.301j | max=12.542+0.575j
26-01-06-03 梯度监控 | raw=9.8140 | natural=0.0425 | clipped=0.0425(上限20.0)
26-01-06-03 原始规范坐标 G(Re Σrow_mean) = +27.4314 | 累计|g| = 14.4920
26-01-06-03 Ψ矩阵条件数 cond(Ψ) = 1.17e+01
26-01-06-03 Loss=-30.966604 | E0=-7.85828675-0.00015924j | E1=-7.72075162-0.00013835j|E2=-7.70577098+0.00023301j|E3=-7.68179456+0.00113670j
26-01-06-03 #-----------------------------------------#
26-01-06-03 [Step 378] logΨ: mean=12.247-1.655j | min=7.429-0.974j | max=12.525+0.542j
26-01-06-03 梯度监控 | raw=8.2761 | natural=0.0035 | clipped=0.0035(上限20.0)
26-01-06-03 原始规范坐标 G(Re Σrow_mean) = +27.3553 | 累计|g| = 14.4920
26-01-06-03 Ψ矩阵条件数 cond(Ψ) = 1.18e+01
26-01-06-03 Loss=-30.971102 | E0=-7.86121182-0.00054031j | E1=-7.72068171-0.00021191j|E2=-7.70622283-0.00018368j|E3=-7.68298583+0.00499907j
26-01-06-03 #-----------------------------------------#
26-01-06-03 [Step 379] logΨ: mean=12.225-1.271j | min=7.937-2.203j | max=12.586+0.535j
26-01-06-03 梯度监控 | raw=8.7313 | natural=0.0029 | clipped=0.0029(上限20.0)
26-01-06-03 原始规范坐标 G(Re Σrow_mean) = +27.4409 | 累计|g| = 14.4920
26-01-06-03 Ψ矩阵条件数 cond(Ψ) = 1.18e+01
26-01-06-03 Loss=-30.965063 | E0=-7.85909033+0.00005318j | E1=-7.72014200-0.00063858j|E2=-7.70408715+0.00025589j|E3=-7.68174334+0.00122170j
26-01-06-03 #-----------------------------------------#
26-01-06-03 [保存] Step 379 → pickle 文件已更新 (380 条记录)
26-01-06-03 [GaugeReset@380] 吸收 Δg = Σ Re(col_mean) = +27.4409 | 新|g| = 14.4149
26-01-06-03 [Step 380] logΨ: mean=12.174-0.820j | min=7.626+1.569j | max=12.574+0.584j
26-01-06-03 梯度监控 | raw=16.5131 | natural=0.0210 | clipped=0.0210(上限20.0)
26-01-06-03 原始规范坐标 G(Re Σrow_mean) = +27.3547 | 累计|g| = 14.4149
26-01-06-03 Ψ矩阵条件数 cond(Ψ) = 1.19e+01
26-01-06-03 Loss=-30.952960 | E0=-7.84582137+0.00305711j | E1=-7.71991352-0.00040061j|E2=-7.70558044-0.00087318j|E3=-7.68164508+0.00180054j
26-01-06-03 #-----------------------------------------#
26-01-06-03 [Step 381] logΨ: mean=12.316-0.490j | min=8.913+1.872j | max=12.585+0.573j
26-01-06-03 梯度监控 | raw=8.2280 | natural=0.0010 | clipped=0.0010(上限20.0)
26-01-06-03 原始规范坐标 G(Re Σrow_mean) = +27.3783 | 累计|g| = 14.4149
26-01-06-03 Ψ矩阵条件数 cond(Ψ) = 1.18e+01
26-01-06-03 Loss=-30.968958 | E0=-7.86232616-0.00059945j | E1=-7.72045277+0.00011377j|E2=-7.70501902+0.00032156j|E3=-7.68116015+0.00008219j
26-01-06-03 #-----------------------------------------#
26-01-06-03 [Step 382] logΨ: mean=12.328-1.131j | min=8.172+1.925j | max=12.659+0.556j
26-01-06-03 梯度监控 | raw=9.4479 | natural=0.0041 | clipped=0.0041(上限20.0)
26-01-06-03 原始规范坐标 G(Re Σrow_mean) = +27.3499 | 累计|g| = 14.4149
26-01-06-03 Ψ矩阵条件数 cond(Ψ) = 1.51e+01
26-01-06-03 Loss=-30.967121 | E0=-7.85937862+0.00013119j | E1=-7.72043050-0.00002077j|E2=-7.70553212-0.00011679j|E3=-7.68178020+0.00260453j
26-01-06-03 #-----------------------------------------#
26-01-06-03 [Step 383] logΨ: mean=12.413-1.028j | min=8.214-1.564j | max=12.699+0.530j
26-01-06-03 梯度监控 | raw=9.0076 | natural=0.0016 | clipped=0.0016(上限20.0)
26-01-06-03 原始规范坐标 G(Re Σrow_mean) = +27.3500 | 累计|g| = 14.4149
26-01-06-03 Ψ矩阵条件数 cond(Ψ) = 1.18e+01
26-01-06-03 Loss=-30.968949 | E0=-7.85960751+0.00008733j | E1=-7.72067121-0.00016017j|E2=-7.70572109-0.00009930j|E3=-7.68294946+0.00437497j
26-01-06-03 #-----------------------------------------#
26-01-06-03 [Step 384] logΨ: mean=12.811-0.589j | min=6.618-1.436j | max=13.079+0.723j
26-01-06-03 梯度监控 | raw=7.7713 | natural=0.0419 | clipped=0.0419(上限20.0)
26-01-06-03 原始规范坐标 G(Re Σrow_mean) = +27.6673 | 累计|g| = 14.4149
26-01-06-03 Ψ矩阵条件数 cond(Ψ) = 1.15e+01
26-01-06-03 Loss=-30.967124 | E0=-7.85973965+0.00020728j | E1=-7.72045430-0.00017365j|E2=-7.70519644+0.00038727j|E3=-7.68173341-0.00118645j
26-01-06-03 #-----------------------------------------#
26-01-06-03 [Step 385] logΨ: mean=12.696-1.043j | min=7.635-1.845j | max=13.014+0.711j
26-01-06-03 梯度监控 | raw=9.4104 | natural=0.0073 | clipped=0.0073(上限20.0)
26-01-06-03 原始规范坐标 G(Re Σrow_mean) = +27.5819 | 累计|g| = 14.4149
26-01-06-03 Ψ矩阵条件数 cond(Ψ) = 6.38e+00
26-01-06-03 Loss=-30.966431 | E0=-7.85778432+0.00057355j | E1=-7.72064488-0.00004518j|E2=-7.70580226+0.00034739j|E3=-7.68219972+0.00124996j
26-01-06-03 #-----------------------------------------#
26-01-06-03 [Step 386] logΨ: mean=12.777-1.137j | min=7.745+1.491j | max=13.044+0.692j
26-01-06-03 梯度监控 | raw=8.0109 | natural=0.0029 | clipped=0.0029(上限20.0)
26-01-06-03 原始规范坐标 G(Re Σrow_mean) = +27.5743 | 累计|g| = 14.4149
26-01-06-03 Ψ矩阵条件数 cond(Ψ) = 1.15e+01
26-01-06-03 Loss=-30.971718 | E0=-7.86245023-0.00028568j | E1=-7.72065591+0.00027531j|E2=-7.70622122-0.00027635j|E3=-7.68239097+0.00181149j
26-01-06-03 #-----------------------------------------#
26-01-06-03 [Step 387] logΨ: mean=12.829-0.965j | min=9.143+0.845j | max=13.072+0.673j
26-01-06-03 梯度监控 | raw=8.0339 | natural=0.0017 | clipped=0.0017(上限20.0)
26-01-06-03 原始规范坐标 G(Re Σrow_mean) = +27.6320 | 累计|g| = 14.4149
26-01-06-03 Ψ矩阵条件数 cond(Ψ) = 6.33e+00
26-01-06-03 Loss=-30.970288 | E0=-7.86190771-0.00040115j | E1=-7.72051059-0.00059955j|E2=-7.70594373+0.00017660j|E3=-7.68192627+0.00148685j
26-01-06-03 #-----------------------------------------#
26-01-06-03 [Step 388] logΨ: mean=12.811-0.602j | min=8.882-3.134j | max=13.115+0.661j
26-01-06-03 梯度监控 | raw=8.2761 | natural=0.0026 | clipped=0.0026(上限20.0)
26-01-06-03 原始规范坐标 G(Re Σrow_mean) = +27.6096 | 累计|g| = 14.4149
26-01-06-03 Ψ矩阵条件数 cond(Ψ) = 6.31e+00
26-01-06-03 Loss=-30.970250 | E0=-7.86179890-0.00027714j | E1=-7.72038863-0.00006574j|E2=-7.70530596-0.00027798j|E3=-7.68275684+0.00275691j
26-01-06-03 #-----------------------------------------#
26-01-06-03 [Step 389] logΨ: mean=12.861-0.303j | min=9.192-2.317j | max=13.134+0.656j
26-01-06-03 梯度监控 | raw=7.5304 | natural=0.0005 | clipped=0.0005(上限20.0)
26-01-06-03 原始规范坐标 G(Re Σrow_mean) = +27.6756 | 累计|g| = 14.4149
26-01-06-03 Ψ矩阵条件数 cond(Ψ) = 1.14e+01
26-01-06-03 Loss=-30.969241 | E0=-7.86241650-0.00039144j | E1=-7.72046472+0.00027281j|E2=-7.70520391+0.00025989j|E3=-7.68115628-0.00065239j
26-01-06-03 #-----------------------------------------#
26-01-06-03 [GaugeReset@390] 吸收 Δg = Σ Re(col_mean) = +27.6756 | 新|g| = 14.5272
26-01-06-03 [Step 390] logΨ: mean=12.730-0.707j | min=9.315+0.337j | max=12.925+0.648j
26-01-06-03 梯度监控 | raw=7.2021 | natural=0.0011 | clipped=0.0011(上限20.0)
26-01-06-03 原始规范坐标 G(Re Σrow_mean) = +27.7266 | 累计|g| = 14.5272
26-01-06-03 Ψ矩阵条件数 cond(Ψ) = 6.36e+00
26-01-06-03 Loss=-30.968608 | E0=-7.86121028+0.00001219j | E1=-7.72044526+0.00053565j|E2=-7.70629284-0.00038094j|E3=-7.68065937-0.00222369j
26-01-06-03 #-----------------------------------------#
26-01-06-03 [Step 391] logΨ: mean=12.748-1.232j | min=8.435+1.708j | max=12.987+0.642j
26-01-06-03 梯度监控 | raw=6.9016 | natural=0.0032 | clipped=0.0032(上限20.0)
26-01-06-03 原始规范坐标 G(Re Σrow_mean) = +27.7294 | 累计|g| = 14.5272
26-01-06-03 Ψ矩阵条件数 cond(Ψ) = 6.35e+00
26-01-06-03 Loss=-30.967857 | E0=-7.86053037+0.00038705j | E1=-7.72028279+0.00008721j|E2=-7.70595595-0.00027617j|E3=-7.68108767-0.00150251j
26-01-06-03 #-----------------------------------------#
26-01-06-03 [Step 392] logΨ: mean=12.799-1.324j | min=9.149-0.287j | max=13.002+0.638j
26-01-06-03 梯度监控 | raw=6.4516 | natural=0.0007 | clipped=0.0007(上限20.0)
26-01-06-03 原始规范坐标 G(Re Σrow_mean) = +27.7344 | 累计|g| = 14.5272
26-01-06-03 Ψ矩阵条件数 cond(Ψ) = 6.34e+00
26-01-06-03 Loss=-30.971022 | E0=-7.86272124-0.00032899j | E1=-7.72082131+0.00018510j|E2=-7.70632648+0.00014238j|E3=-7.68115310-0.00197736j
26-01-06-03 #-----------------------------------------#
26-01-06-03 [Step 393] logΨ: mean=12.628-1.269j | min=6.723+0.245j | max=12.929+0.580j
26-01-06-03 梯度监控 | raw=7.2097 | natural=0.0100 | clipped=0.0100(上限20.0)
26-01-06-03 原始规范坐标 G(Re Σrow_mean) = +27.6507 | 累计|g| = 14.5272
26-01-06-03 Ψ矩阵条件数 cond(Ψ) = 6.22e+00
26-01-06-03 Loss=-30.971492 | E0=-7.86318055-0.00035030j | E1=-7.72035403-0.00036727j|E2=-7.70531598+0.00019438j|E3=-7.68264108+0.00165787j
26-01-06-03 #-----------------------------------------#
26-01-06-03 [Step 394] logΨ: mean=12.678-1.005j | min=8.303+1.679j | max=12.951+0.546j
26-01-06-03 梯度监控 | raw=7.3373 | natural=0.0017 | clipped=0.0017(上限20.0)
26-01-06-03 原始规范坐标 G(Re Σrow_mean) = +27.6885 | 累计|g| = 14.5272
26-01-06-03 Ψ矩阵条件数 cond(Ψ) = 1.14e+01
26-01-06-03 Loss=-30.970311 | E0=-7.86202735-0.00018158j | E1=-7.72027645-0.00005990j|E2=-7.70603749-0.00023407j|E3=-7.68196995+0.00048451j
26-01-06-03 #-----------------------------------------#
26-01-06-03 [Step 395] logΨ: mean=12.801-1.378j | min=8.586-0.949j | max=13.003+0.540j
26-01-06-03 梯度监控 | raw=6.5118 | natural=0.0017 | clipped=0.0017(上限20.0)
26-01-06-03 原始规范坐标 G(Re Σrow_mean) = +27.7600 | 累计|g| = 14.5272
26-01-06-03 Ψ矩阵条件数 cond(Ψ) = 1.14e+01
26-01-06-03 Loss=-30.969375 | E0=-7.86152474+0.00008603j | E1=-7.72078932+0.00029694j|E2=-7.70619478+0.00002103j|E3=-7.68086665-0.00191571j
26-01-06-03 #-----------------------------------------#
26-01-06-03 [Step 396] logΨ: mean=12.767-1.506j | min=9.147+2.770j | max=13.024+0.531j
26-01-06-03 梯度监控 | raw=6.9385 | natural=0.0012 | clipped=0.0012(上限20.0)
26-01-06-03 原始规范坐标 G(Re Σrow_mean) = +27.7160 | 累计|g| = 14.5272
26-01-06-03 Ψ矩阵条件数 cond(Ψ) = 1.14e+01
26-01-06-03 Loss=-30.971235 | E0=-7.86245109-0.00008178j | E1=-7.72020177+0.00010128j|E2=-7.70682998-0.00033950j|E3=-7.68175237-0.00024595j
26-01-06-03 #-----------------------------------------#
26-01-06-03 [Step 397] logΨ: mean=12.758-0.994j | min=8.183+2.822j | max=13.044+0.513j
26-01-06-03 梯度监控 | raw=7.1633 | natural=0.0015 | clipped=0.0015(上限20.0)
26-01-06-03 原始规范坐标 G(Re Σrow_mean) = +27.6972 | 累计|g| = 14.5272
26-01-06-03 Ψ矩阵条件数 cond(Ψ) = 1.14e+01
26-01-06-03 Loss=-30.971591 | E0=-7.86257760-0.00017035j | E1=-7.72044589+0.00012964j|E2=-7.70627753-0.00021604j|E3=-7.68228964+0.00091130j
26-01-06-03 #-----------------------------------------#
26-01-06-03 [Step 398] logΨ: mean=12.835-0.791j | min=8.268-0.621j | max=13.112+0.519j
26-01-06-03 梯度监控 | raw=7.3956 | natural=0.0034 | clipped=0.0034(上限20.0)
26-01-06-03 原始规范坐标 G(Re Σrow_mean) = +27.7736 | 累计|g| = 14.5272
26-01-06-03 Ψ矩阵条件数 cond(Ψ) = 6.18e+00
26-01-06-03 Loss=-30.967194 | E0=-7.85906163+0.00096860j | E1=-7.72049915+0.00049876j|E2=-7.70627371-0.00024610j|E3=-7.68135916-0.00151693j
26-01-06-03 #-----------------------------------------#
26-01-06-03 [Step 399] logΨ: mean=12.835-0.715j | min=8.281+2.819j | max=13.155+0.522j
26-01-06-03 梯度监控 | raw=6.8977 | natural=0.0023 | clipped=0.0023(上限20.0)
26-01-06-03 原始规范坐标 G(Re Σrow_mean) = +27.7710 | 累计|g| = 14.5272
26-01-06-03 Ψ矩阵条件数 cond(Ψ) = 6.16e+00
26-01-06-03 Loss=-30.969917 | E0=-7.86223336+0.00003764j | E1=-7.72001444+0.00040943j|E2=-7.70547452-0.00053069j|E3=-7.68219477-0.00056174j
26-01-06-03 #-----------------------------------------#
26-01-06-03 [保存] Step 399 → pickle 文件已更新 (400 条记录)
26-01-06-03 [GaugeReset@400] 吸收 Δg = Σ Re(col_mean) = +27.7710 | 新|g| = 14.5598
26-01-06-03 [Step 400] logΨ: mean=12.800-0.500j | min=8.600+2.971j | max=13.077+0.586j
26-01-06-03 梯度监控 | raw=6.8199 | natural=0.0008 | clipped=0.0008(上限20.0)
26-01-06-03 原始规范坐标 G(Re Σrow_mean) = +27.7489 | 累计|g| = 14.5598
26-01-06-03 Ψ矩阵条件数 cond(Ψ) = 1.05e+01
26-01-06-03 Loss=-30.970681 | E0=-7.86182851+0.00026915j | E1=-7.72052875-0.00020829j|E2=-7.70594767+0.00017971j|E3=-7.68237611+0.00122698j
26-01-06-03 #-----------------------------------------#
26-01-06-03 [Step 401] logΨ: mean=12.826-0.444j | min=7.905-1.745j | max=13.116+0.585j
26-01-06-03 梯度监控 | raw=7.4011 | natural=0.0026 | clipped=0.0026(上限20.0)
26-01-06-03 原始规范坐标 G(Re Σrow_mean) = +27.7655 | 累计|g| = 14.5598
26-01-06-03 Ψ矩阵条件数 cond(Ψ) = 1.14e+01
26-01-06-03 Loss=-30.971520 | E0=-7.86196602-0.00010700j | E1=-7.72036980-0.00009097j|E2=-7.70615633-0.00026829j|E3=-7.68302787+0.00163083j
26-01-06-03 #-----------------------------------------#
26-01-06-03 [Step 402] logΨ: mean=12.935-0.344j | min=8.655-0.203j | max=13.180+0.569j
26-01-06-03 梯度监控 | raw=6.9004 | natural=0.0033 | clipped=0.0033(上限20.0)
26-01-06-03 原始规范坐标 G(Re Σrow_mean) = +27.7604 | 累计|g| = 14.5598
26-01-06-03 Ψ矩阵条件数 cond(Ψ) = 1.14e+01
26-01-06-03 Loss=-30.972456 | E0=-7.86263751+0.00001523j | E1=-7.72071044-0.00028759j|E2=-7.70686036+0.00001852j|E3=-7.68224742+0.00214801j
26-01-06-03 #-----------------------------------------#
26-01-06-03 [Step 403] logΨ: mean=12.942-0.509j | min=9.307-0.311j | max=13.199+0.566j
26-01-06-03 梯度监控 | raw=6.7908 | natural=0.0005 | clipped=0.0005(上限20.0)
26-01-06-03 原始规范坐标 G(Re Σrow_mean) = +27.7943 | 累计|g| = 14.5598
26-01-06-03 Ψ矩阵条件数 cond(Ψ) = 6.15e+00
26-01-06-03 Loss=-30.972112 | E0=-7.86292721-0.00004293j | E1=-7.72072392+0.00011050j|E2=-7.70596804-0.00001688j|E3=-7.68249305+0.00115235j
26-01-06-03 #-----------------------------------------#
26-01-06-03 [Step 404] logΨ: mean=12.875-0.625j | min=7.957-2.418j | max=13.262+0.556j
26-01-06-03 梯度监控 | raw=7.1890 | natural=0.0039 | clipped=0.0039(上限20.0)
26-01-06-03 原始规范坐标 G(Re Σrow_mean) = +27.7644 | 累计|g| = 14.5598
26-01-06-03 Ψ矩阵条件数 cond(Ψ) = 6.33e+00
26-01-06-03 Loss=-30.970675 | E0=-7.86164441+0.00019534j | E1=-7.72036904-0.00003173j|E2=-7.70560794-0.00008816j|E3=-7.68305328+0.00236626j
26-01-06-03 #-----------------------------------------#
26-01-06-03 [Step 405] logΨ: mean=13.088-0.209j | min=9.367-2.258j | max=13.298+0.555j
26-01-06-03 梯度监控 | raw=6.7880 | natural=0.0022 | clipped=0.0022(上限20.0)
26-01-06-03 原始规范坐标 G(Re Σrow_mean) = +27.8617 | 累计|g| = 14.5598
26-01-06-03 Ψ矩阵条件数 cond(Ψ) = 6.14e+00
26-01-06-03 Loss=-30.972531 | E0=-7.86248753-0.00004771j | E1=-7.72078558-0.00003894j|E2=-7.70657240-0.00006345j|E3=-7.68268528+0.00057842j
26-01-06-03 #-----------------------------------------#
26-01-06-03 [Step 406] logΨ: mean=13.107-0.045j | min=8.589+1.643j | max=13.335+0.546j
26-01-06-03 梯度监控 | raw=6.3726 | natural=0.0021 | clipped=0.0021(上限20.0)
26-01-06-03 原始规范坐标 G(Re Σrow_mean) = +27.9327 | 累计|g| = 14.5598
26-01-06-03 Ψ矩阵条件数 cond(Ψ) = 6.13e+00
26-01-06-03 Loss=-30.970036 | E0=-7.86260131-0.00000512j | E1=-7.72045420+0.00014847j|E2=-7.70555453-0.00000884j|E3=-7.68142605-0.00153475j
26-01-06-03 #-----------------------------------------#
26-01-06-03 [Step 407] logΨ: mean=13.173+0.117j | min=9.293+0.690j | max=13.354+0.548j
26-01-06-03 梯度监控 | raw=5.1921 | natural=0.0007 | clipped=0.0007(上限20.0)
26-01-06-03 原始规范坐标 G(Re Σrow_mean) = +27.9595 | 累计|g| = 14.5598
26-01-06-03 Ψ矩阵条件数 cond(Ψ) = 1.03e+01
26-01-06-03 Loss=-30.970627 | E0=-7.86283999-0.00000664j | E1=-7.72072372-0.00008366j|E2=-7.70606051+0.00031639j|E3=-7.68100279-0.00274300j
26-01-06-03 #-----------------------------------------#
26-01-06-03 [Step 408] logΨ: mean=13.168-0.049j | min=8.605-0.359j | max=13.400+0.549j
26-01-06-03 梯度监控 | raw=5.3577 | natural=0.0015 | clipped=0.0015(上限20.0)
26-01-06-03 原始规范坐标 G(Re Σrow_mean) = +27.9507 | 累计|g| = 14.5598
26-01-06-03 Ψ矩阵条件数 cond(Ψ) = 6.10e+00
26-01-06-03 Loss=-30.970727 | E0=-7.86288391-0.00010028j | E1=-7.72058065-0.00014208j|E2=-7.70603786+0.00023756j|E3=-7.68122471-0.00268751j
26-01-06-03 #-----------------------------------------#
26-01-06-03 [Step 409] logΨ: mean=13.228-0.176j | min=8.736+2.848j | max=13.424+0.534j
26-01-06-03 梯度监控 | raw=5.7302 | natural=0.0018 | clipped=0.0018(上限20.0)
26-01-06-03 原始规范坐标 G(Re Σrow_mean) = +27.9367 | 累计|g| = 14.5598
26-01-06-03 Ψ矩阵条件数 cond(Ψ) = 6.09e+00
26-01-06-03 Loss=-30.972284 | E0=-7.86274496+0.00013041j | E1=-7.72083802+0.00004022j|E2=-7.70704283+0.00001180j|E3=-7.68165797-0.00168390j
26-01-06-03 #-----------------------------------------#
26-01-06-03 [GaugeReset@410] 吸收 Δg = Σ Re(col_mean) = +27.9367 | 新|g| = 14.6397
26-01-06-03 [Step 410] logΨ: mean=13.047-0.324j | min=9.367-0.246j | max=13.275+0.599j
26-01-06-03 梯度监控 | raw=6.3400 | natural=0.0005 | clipped=0.0005(上限20.0)
26-01-06-03 原始规范坐标 G(Re Σrow_mean) = +27.8856 | 累计|g| = 14.6397
26-01-06-03 Ψ矩阵条件数 cond(Ψ) = 6.17e+00
26-01-06-03 Loss=-30.973507 | E0=-7.86334165-0.00008721j | E1=-7.72086617-0.00019566j|E2=-7.70626423+0.00014275j|E3=-7.68303533+0.00156882j
26-01-06-03 #-----------------------------------------#
26-01-06-03 [Step 411] logΨ: mean=13.044-0.695j | min=9.210-2.411j | max=13.297+0.593j
26-01-06-03 梯度监控 | raw=6.4602 | natural=0.0015 | clipped=0.0015(上限20.0)
26-01-06-03 原始规范坐标 G(Re Σrow_mean) = +27.8732 | 累计|g| = 14.6397
26-01-06-03 Ψ矩阵条件数 cond(Ψ) = 6.17e+00
26-01-06-03 Loss=-30.973341 | E0=-7.86308537-0.00003065j | E1=-7.72034178-0.00030076j|E2=-7.70655986-0.00001873j|E3=-7.68335412+0.00252284j
26-01-06-03 #-----------------------------------------#
26-01-06-03 [Step 412] logΨ: mean=13.048-0.880j | min=8.503+1.695j | max=13.323+0.586j
26-01-06-03 梯度监控 | raw=6.0189 | natural=0.0010 | clipped=0.0010(上限20.0)
26-01-06-03 原始规范坐标 G(Re Σrow_mean) = +27.8288 | 累计|g| = 14.6397
26-01-06-03 Ψ矩阵条件数 cond(Ψ) = 1.15e+01
26-01-06-03 Loss=-30.974721 | E0=-7.86346044-0.00008524j | E1=-7.72098990-0.00051087j|E2=-7.70619598+0.00023621j|E3=-7.68407426+0.00435846j
26-01-06-03 #-----------------------------------------#
26-01-06-03 [Step 413] logΨ: mean=13.083-0.478j | min=9.911+1.200j | max=13.340+0.587j
26-01-06-03 梯度监控 | raw=6.8642 | natural=0.0005 | clipped=0.0005(上限20.0)
26-01-06-03 原始规范坐标 G(Re Σrow_mean) = +27.8787 | 累计|g| = 14.6397
26-01-06-03 Ψ矩阵条件数 cond(Ψ) = 1.05e+01
26-01-06-03 Loss=-30.972604 | E0=-7.86232707+0.00004864j | E1=-7.72080070-0.00034868j|E2=-7.70582942+0.00008417j|E3=-7.68364653+0.00324985j
26-01-06-03 #-----------------------------------------#
26-01-06-03 [Step 414] logΨ: mean=13.141-0.390j | min=8.612+2.869j | max=13.386+0.569j
26-01-06-03 梯度监控 | raw=6.4595 | natural=0.0028 | clipped=0.0028(上限20.0)
26-01-06-03 原始规范坐标 G(Re Σrow_mean) = +27.8779 | 累计|g| = 14.6397
26-01-06-03 Ψ矩阵条件数 cond(Ψ) = 1.16e+01
26-01-06-03 Loss=-30.973928 | E0=-7.86316102-0.00001558j | E1=-7.72074035-0.00019579j|E2=-7.70647093-0.00003896j|E3=-7.68355613+0.00309611j
26-01-06-03 #-----------------------------------------#
26-01-06-03 [Step 415] logΨ: mean=13.125-0.435j | min=7.504+0.326j | max=13.420+0.568j
26-01-06-03 梯度监控 | raw=6.6102 | natural=0.0014 | clipped=0.0014(上限20.0)
26-01-06-03 原始规范坐标 G(Re Σrow_mean) = +27.8739 | 累计|g| = 14.6397
26-01-06-03 Ψ矩阵条件数 cond(Ψ) = 1.05e+01
26-01-06-03 Loss=-30.973453 | E0=-7.86259221+0.00006956j | E1=-7.72065888-0.00042438j|E2=-7.70617053+0.00002736j|E3=-7.68403136+0.00377459j
26-01-06-03 #-----------------------------------------#
26-01-06-03 [Step 416] logΨ: mean=13.136-0.523j | min=8.347+1.342j | max=13.454+0.564j
26-01-06-03 梯度监控 | raw=7.0344 | natural=0.0016 | clipped=0.0016(上限20.0)
26-01-06-03 原始规范坐标 G(Re Σrow_mean) = +27.8790 | 累计|g| = 14.6397
26-01-06-03 Ψ矩阵条件数 cond(Ψ) = 1.15e+01
26-01-06-03 Loss=-30.973309 | E0=-7.86250683-0.00006497j | E1=-7.72038668-0.00003049j|E2=-7.70612453-0.00041497j|E3=-7.68429084+0.00418577j
26-01-06-03 #-----------------------------------------#
26-01-06-04 [Step 417] logΨ: mean=13.228-0.643j | min=9.343-2.446j | max=13.470+0.565j
26-01-06-04 梯度监控 | raw=6.3138 | natural=0.0004 | clipped=0.0004(上限20.0)
26-01-06-04 原始规范坐标 G(Re Σrow_mean) = +27.8967 | 累计|g| = 14.6397
26-01-06-04 Ψ矩阵条件数 cond(Ψ) = 6.24e+00
26-01-06-04 Loss=-30.974527 | E0=-7.86324628-0.00005651j | E1=-7.72093579-0.00018932j|E2=-7.70644838+0.00004329j|E3=-7.68389623+0.00331691j
26-01-06-04 #-----------------------------------------#
26-01-06-04 [Step 418] logΨ: mean=13.209-0.368j | min=8.328-0.508j | max=13.532+0.579j
26-01-06-04 梯度监控 | raw=7.2199 | natural=0.0024 | clipped=0.0024(上限20.0)
26-01-06-04 原始规范坐标 G(Re Σrow_mean) = +27.9805 | 累计|g| = 14.6397
26-01-06-04 Ψ矩阵条件数 cond(Ψ) = 6.12e+00
26-01-06-04 Loss=-30.970338 | E0=-7.86206255+0.00020176j | E1=-7.72020910-0.00009277j|E2=-7.70476037-0.00023446j|E3=-7.68330619+0.00227339j
26-01-06-04 #-----------------------------------------#
26-01-06-04 [Step 419] logΨ: mean=13.334-0.403j | min=8.961+2.228j | max=13.594+0.574j
26-01-06-04 梯度监控 | raw=6.3020 | natural=0.0025 | clipped=0.0025(上限20.0)
26-01-06-04 原始规范坐标 G(Re Σrow_mean) = +27.9806 | 累计|g| = 14.6397
26-01-06-04 Ψ矩阵条件数 cond(Ψ) = 1.15e+01
26-01-06-04 Loss=-30.972838 | E0=-7.86317086-0.00005302j | E1=-7.72073662-0.00050690j|E2=-7.70543939+0.00015259j|E3=-7.68349154+0.00296097j
26-01-06-04 #-----------------------------------------#
26-01-06-04 [保存] Step 419 → pickle 文件已更新 (420 条记录)
26-01-06-04 [GaugeReset@420] 吸收 Δg = Σ Re(col_mean) = +27.9806 | 新|g| = 14.6940
26-01-06-04 [Step 420] logΨ: mean=13.289-0.583j | min=8.354-0.682j | max=13.588+0.411j
26-01-06-04 梯度监控 | raw=6.0544 | natural=0.0015 | clipped=0.0015(上限20.0)
26-01-06-04 原始规范坐标 G(Re Σrow_mean) = +27.9233 | 累计|g| = 14.6940
26-01-06-04 Ψ矩阵条件数 cond(Ψ) = 1.14e+01
26-01-06-04 Loss=-30.974191 | E0=-7.86295836-0.00000070j | E1=-7.72058966-0.00045799j|E2=-7.70609653-0.00008914j|E3=-7.68454636+0.00507504j
26-01-06-04 #-----------------------------------------#
26-01-06-04 [Step 421] logΨ: mean=13.320-0.682j | min=8.413-0.936j | max=13.604+0.415j
26-01-06-04 梯度监控 | raw=6.4720 | natural=0.0020 | clipped=0.0020(上限20.0)
26-01-06-04 原始规范坐标 G(Re Σrow_mean) = +27.9611 | 累计|g| = 14.6940
26-01-06-04 Ψ矩阵条件数 cond(Ψ) = 1.15e+01
26-01-06-04 Loss=-30.973911 | E0=-7.86250501+0.00013180j | E1=-7.72106975-0.00048868j|E2=-7.70646444+0.00033960j|E3=-7.68387180+0.00279531j
26-01-06-04 #-----------------------------------------#
26-01-06-04 [Step 422] logΨ: mean=13.422-0.662j | min=7.474+0.524j | max=13.637+0.413j
26-01-06-04 梯度监控 | raw=6.1584 | natural=0.0016 | clipped=0.0016(上限20.0)
26-01-06-04 原始规范坐标 G(Re Σrow_mean) = +28.0247 | 累计|g| = 14.6940
26-01-06-04 Ψ矩阵条件数 cond(Ψ) = 1.14e+01
26-01-06-04 Loss=-30.974088 | E0=-7.86287909+0.00024334j | E1=-7.72106517-0.00032587j|E2=-7.70683850+0.00023454j|E3=-7.68330549+0.00139870j
26-01-06-04 #-----------------------------------------#
26-01-06-04 [Step 423] logΨ: mean=13.483-0.463j | min=9.491+0.534j | max=13.658+0.410j
26-01-06-04 梯度监控 | raw=5.7821 | natural=0.0005 | clipped=0.0005(上限20.0)
26-01-06-04 原始规范坐标 G(Re Σrow_mean) = +28.1122 | 累计|g| = 14.6940
26-01-06-04 Ψ矩阵条件数 cond(Ψ) = 1.14e+01
26-01-06-04 Loss=-30.972158 | E0=-7.86320761-0.00002545j | E1=-7.72061173+0.00045918j|E2=-7.70647292-0.00026691j|E3=-7.68186551-0.00166108j
26-01-06-04 #-----------------------------------------#
26-01-06-04 [Step 424] logΨ: mean=13.478-0.569j | min=8.393+2.471j | max=13.691+0.420j
26-01-06-04 梯度监控 | raw=4.6761 | natural=0.0017 | clipped=0.0017(上限20.0)
26-01-06-04 原始规范坐标 G(Re Σrow_mean) = +28.1124 | 累计|g| = 14.6940
26-01-06-04 Ψ矩阵条件数 cond(Ψ) = 6.08e+00
26-01-06-04 Loss=-30.971812 | E0=-7.86324701+0.00006002j | E1=-7.72048893-0.00006937j|E2=-7.70659883+0.00016774j|E3=-7.68147730-0.00277466j
26-01-06-04 #-----------------------------------------#
26-01-06-04 [Step 425] logΨ: mean=13.557-0.428j | min=9.743-0.411j | max=13.698+0.417j
26-01-06-04 梯度监控 | raw=5.4231 | natural=0.0010 | clipped=0.0010(上限20.0)
26-01-06-04 原始规范坐标 G(Re Σrow_mean) = +28.1337 | 累计|g| = 14.6940
26-01-06-04 Ψ矩阵条件数 cond(Ψ) = 6.08e+00
26-01-06-04 Loss=-30.972670 | E0=-7.86308926+0.00001681j | E1=-7.72089953+0.00033681j|E2=-7.70683704-0.00017660j|E3=-7.68184396-0.00193273j
26-01-06-04 #-----------------------------------------#
26-01-06-04 [Step 426] logΨ: mean=13.485-0.543j | min=9.069+0.265j | max=13.708+0.416j
26-01-06-04 梯度监控 | raw=6.0068 | natural=0.0007 | clipped=0.0007(上限20.0)
26-01-06-04 原始规范坐标 G(Re Σrow_mean) = +28.0921 | 累计|g| = 14.6940
26-01-06-04 Ψ矩阵条件数 cond(Ψ) = 6.08e+00
26-01-06-04 Loss=-30.972481 | E0=-7.86274822+0.00010942j | E1=-7.72046379+0.00001892j|E2=-7.70683904-0.00000200j|E3=-7.68242992-0.00053429j
26-01-06-04 #-----------------------------------------#
26-01-06-04 [Step 427] logΨ: mean=13.523-0.594j | min=10.645-0.869j | max=13.726+0.414j
26-01-06-04 梯度监控 | raw=5.5292 | natural=0.0004 | clipped=0.0004(上限20.0)
26-01-06-04 原始规范坐标 G(Re Σrow_mean) = +28.0914 | 累计|g| = 14.6940
26-01-06-04 Ψ矩阵条件数 cond(Ψ) = 6.07e+00
26-01-06-04 Loss=-30.973095 | E0=-7.86325664-0.00002312j | E1=-7.72092943-0.00033547j|E2=-7.70635046+0.00034083j|E3=-7.68255813-0.00030513j
26-01-06-04 #-----------------------------------------#
26-01-06-04 [Step 428] logΨ: mean=13.224-0.396j | min=8.343+0.379j | max=13.416+0.378j
26-01-06-04 梯度监控 | raw=5.7166 | natural=0.0166 | clipped=0.0166(上限20.0)
26-01-06-04 原始规范坐标 G(Re Σrow_mean) = +27.9879 | 累计|g| = 14.6940
26-01-06-04 Ψ矩阵条件数 cond(Ψ) = 6.03e+00
26-01-06-04 Loss=-30.974891 | E0=-7.86336655-0.00002091j | E1=-7.72135374-0.00015836j|E2=-7.70706389+0.00013270j|E3=-7.68310666+0.00084580j
26-01-06-04 #-----------------------------------------#
26-01-06-04 [Step 429] logΨ: mean=13.249-0.325j | min=8.665-1.721j | max=13.463+0.383j
26-01-06-04 梯度监控 | raw=5.6724 | natural=0.0016 | clipped=0.0016(上限20.0)
26-01-06-04 原始规范坐标 G(Re Σrow_mean) = +27.9953 | 累计|g| = 14.6940
26-01-06-04 Ψ矩阵条件数 cond(Ψ) = 1.14e+01
26-01-06-04 Loss=-30.973983 | E0=-7.86314927-0.00003631j | E1=-7.72087945-0.00006486j|E2=-7.70683350-0.00001147j|E3=-7.68312062+0.00077612j
26-01-06-04 #-----------------------------------------#
26-01-06-04 [GaugeReset@430] 吸收 Δg = Σ Re(col_mean) = +27.9953 | 新|g| = 14.6820
26-01-06-04 [Step 430] logΨ: mean=13.260-0.262j | min=9.247-2.538j | max=13.458+0.487j
26-01-06-04 梯度监控 | raw=5.7087 | natural=0.0010 | clipped=0.0010(上限20.0)
26-01-06-04 原始规范坐标 G(Re Σrow_mean) = +28.0005 | 累计|g| = 14.6820
26-01-06-04 Ψ矩阵条件数 cond(Ψ) = 1.15e+01
26-01-06-04 Loss=-30.974088 | E0=-7.86326412-0.00000668j | E1=-7.72078416+0.00017399j|E2=-7.70686949-0.00013628j|E3=-7.68316979+0.00084865j
26-01-06-04 #-----------------------------------------#
26-01-06-04 [Step 431] logΨ: mean=13.247+0.026j | min=7.623+1.976j | max=13.510+0.497j
26-01-06-04 梯度监控 | raw=5.5282 | natural=0.0023 | clipped=0.0023(上限20.0)
26-01-06-04 原始规范坐标 G(Re Σrow_mean) = +27.9949 | 累计|g| = 14.6820
26-01-06-04 Ψ矩阵条件数 cond(Ψ) = 1.15e+01
26-01-06-04 Loss=-30.972500 | E0=-7.86311054-0.00002181j | E1=-7.72079503-0.00020165j|E2=-7.70610209+0.00008131j|E3=-7.68249200-0.00001546j
26-01-06-04 #-----------------------------------------#
26-01-06-04 [Step 432] logΨ: mean=13.334-0.295j | min=8.989-0.798j | max=13.544+0.492j
26-01-06-04 梯度监控 | raw=5.6497 | natural=0.0024 | clipped=0.0024(上限20.0)
26-01-06-04 原始规范坐标 G(Re Σrow_mean) = +28.0223 | 累计|g| = 14.6820
26-01-06-04 Ψ矩阵条件数 cond(Ψ) = 1.15e+01
26-01-06-04 Loss=-30.973830 | E0=-7.86309688+0.00007477j | E1=-7.72073261-0.00010178j|E2=-7.70688463+0.00008495j|E3=-7.68311570+0.00103636j
26-01-06-04 #-----------------------------------------#
26-01-06-04 [Step 433] logΨ: mean=13.347-0.659j | min=9.328-2.532j | max=13.560+0.497j
26-01-06-04 梯度监控 | raw=5.9265 | natural=0.0005 | clipped=0.0005(上限20.0)
26-01-06-04 原始规范坐标 G(Re Σrow_mean) = +27.9982 | 累计|g| = 14.6820
26-01-06-04 Ψ矩阵条件数 cond(Ψ) = 1.15e+01
26-01-06-04 Loss=-30.974648 | E0=-7.86302089-0.00002755j | E1=-7.72107884-0.00007018j|E2=-7.70692605+0.00006062j|E3=-7.68362264+0.00168754j
26-01-06-04 #-----------------------------------------#
26-01-06-04 [Step 434] logΨ: mean=13.358-0.788j | min=9.581+2.786j | max=13.586+0.497j
26-01-06-04 梯度监控 | raw=5.6426 | natural=0.0008 | clipped=0.0008(上限20.0)
26-01-06-04 原始规范坐标 G(Re Σrow_mean) = +28.0135 | 累计|g| = 14.6820
26-01-06-04 Ψ矩阵条件数 cond(Ψ) = 1.15e+01
26-01-06-04 Loss=-30.974256 | E0=-7.86333828-0.00002664j | E1=-7.72052498+0.00001717j|E2=-7.70670677-0.00014359j|E3=-7.68368603+0.00185513j
26-01-06-04 #-----------------------------------------#
26-01-06-04 [Step 435] logΨ: mean=13.393-0.787j | min=9.350-2.538j | max=13.595+0.492j
26-01-06-04 梯度监控 | raw=5.5797 | natural=0.0004 | clipped=0.0004(上限20.0)
26-01-06-04 原始规范坐标 G(Re Σrow_mean) = +28.0250 | 累计|g| = 14.6820
26-01-06-04 Ψ矩阵条件数 cond(Ψ) = 1.15e+01
26-01-06-04 Loss=-30.974329 | E0=-7.86337633-0.00002361j | E1=-7.72092003-0.00009179j|E2=-7.70656728+0.00005985j|E3=-7.68346494+0.00130015j
26-01-06-04 #-----------------------------------------#
26-01-06-04 [Step 436] logΨ: mean=13.462-0.856j | min=9.735-0.483j | max=13.616+0.491j
26-01-06-04 梯度监控 | raw=5.5881 | natural=0.0006 | clipped=0.0006(上限20.0)
26-01-06-04 原始规范坐标 G(Re Σrow_mean) = +28.0433 | 累计|g| = 14.6820
26-01-06-04 Ψ矩阵条件数 cond(Ψ) = 1.15e+01
26-01-06-04 Loss=-30.974848 | E0=-7.86315336-0.00001644j | E1=-7.72084125+0.00004205j|E2=-7.70743490-0.00009651j|E3=-7.68341854+0.00100509j
26-01-06-04 #-----------------------------------------#
26-01-06-04 [Step 437] logΨ: mean=13.438-0.607j | min=7.618+0.429j | max=13.671+0.481j
26-01-06-04 梯度监控 | raw=5.4355 | natural=0.0060 | clipped=0.0060(上限20.0)
26-01-06-04 原始规范坐标 G(Re Σrow_mean) = +28.0589 | 累计|g| = 14.6820
26-01-06-04 Ψ矩阵条件数 cond(Ψ) = 1.14e+01
26-01-06-04 Loss=-30.973469 | E0=-7.86299143-0.00006413j | E1=-7.72076868-0.00049001j|E2=-7.70603486+0.00026609j|E3=-7.68367421+0.00178875j
26-01-06-04 #-----------------------------------------#
26-01-06-04 [Step 438] logΨ: mean=13.456-0.402j | min=9.101-0.833j | max=13.706+0.471j
26-01-06-04 梯度监控 | raw=5.5937 | natural=0.0026 | clipped=0.0026(上限20.0)
26-01-06-04 原始规范坐标 G(Re Σrow_mean) = +28.0303 | 累计|g| = 14.6820
26-01-06-04 Ψ矩阵条件数 cond(Ψ) = 1.14e+01
26-01-06-04 Loss=-30.973958 | E0=-7.86311598+0.00002258j | E1=-7.72081723-0.00030505j|E2=-7.70618822+0.00012909j|E3=-7.68383613+0.00282851j
26-01-06-04 #-----------------------------------------#
26-01-06-04 [Step 439] logΨ: mean=13.511-0.239j | min=9.739+1.684j | max=13.725+0.465j
26-01-06-04 梯度监控 | raw=5.5599 | natural=0.0005 | clipped=0.0005(上限20.0)
26-01-06-04 原始规范坐标 G(Re Σrow_mean) = +28.0372 | 累计|g| = 14.6820
26-01-06-04 Ψ矩阵条件数 cond(Ψ) = 1.14e+01
26-01-06-04 Loss=-30.974886 | E0=-7.86316556-0.00001717j | E1=-7.72101965-0.00030322j|E2=-7.70649182+0.00013478j|E3=-7.68420936+0.00282193j
26-01-06-04 #-----------------------------------------#
26-01-06-04 [保存] Step 439 → pickle 文件已更新 (440 条记录)
26-01-06-04 [GaugeReset@440] 吸收 Δg = Σ Re(col_mean) = +28.0372 | 新|g| = 14.7237
26-01-06-04 [Step 440] logΨ: mean=13.446-0.322j | min=8.612-0.518j | max=13.701+0.380j
26-01-06-04 梯度监控 | raw=5.9935 | natural=0.0016 | clipped=0.0016(上限20.0)
26-01-06-04 原始规范坐标 G(Re Σrow_mean) = +28.0655 | 累计|g| = 14.7237
26-01-06-04 Ψ矩阵条件数 cond(Ψ) = 1.15e+01
26-01-06-04 Loss=-30.973475 | E0=-7.86293495+0.00009132j | E1=-7.72027669-0.00008048j|E2=-7.70648421-0.00008196j|E3=-7.68377904+0.00195271j
26-01-06-04 #-----------------------------------------#
26-01-06-04 [Step 441] logΨ: mean=13.470-0.496j | min=9.083+0.237j | max=13.709+0.384j
26-01-06-04 梯度监控 | raw=5.2842 | natural=0.0004 | clipped=0.0004(上限20.0)
26-01-06-04 原始规范坐标 G(Re Σrow_mean) = +28.0452 | 累计|g| = 14.7237
26-01-06-04 Ψ矩阵条件数 cond(Ψ) = 1.15e+01
26-01-06-04 Loss=-30.974556 | E0=-7.86335808-0.00001557j | E1=-7.72095826-0.00043134j|E2=-7.70619163+0.00026446j|E3=-7.68404805+0.00245606j
26-01-06-04 #-----------------------------------------#
26-01-06-04 [Step 442] logΨ: mean=13.508-0.527j | min=8.106-2.704j | max=13.740+0.392j
26-01-06-04 梯度监控 | raw=5.4467 | natural=0.0015 | clipped=0.0015(上限20.0)
26-01-06-04 原始规范坐标 G(Re Σrow_mean) = +28.0441 | 累计|g| = 14.7237
26-01-06-04 Ψ矩阵条件数 cond(Ψ) = 1.15e+01
26-01-06-04 Loss=-30.975094 | E0=-7.86325372+0.00005911j | E1=-7.72108744-0.00046121j|E2=-7.70654329+0.00017334j|E3=-7.68420934+0.00259058j
26-01-06-04 #-----------------------------------------#
26-01-06-04 [Step 443] logΨ: mean=13.508-0.746j | min=9.672-1.575j | max=13.775+0.401j
26-01-06-04 梯度监控 | raw=5.5432 | natural=0.0014 | clipped=0.0014(上限20.0)
26-01-06-04 原始规范坐标 G(Re Σrow_mean) = +28.0722 | 累计|g| = 14.7237
26-01-06-04 Ψ矩阵条件数 cond(Ψ) = 1.15e+01
26-01-06-04 Loss=-30.974231 | E0=-7.86318210+0.00000989j | E1=-7.72085594+0.00003653j|E2=-7.70624465-0.00014348j|E3=-7.68394843+0.00227636j
26-01-06-04 #-----------------------------------------#
26-01-06-04 [Step 444] logΨ: mean=13.075-1.184j | min=8.256+0.265j | max=13.324+0.238j
26-01-06-04 梯度监控 | raw=5.3067 | natural=0.0533 | clipped=0.0533(上限20.0)
26-01-06-04 原始规范坐标 G(Re Σrow_mean) = +27.8763 | 累计|g| = 14.7237
26-01-06-04 Ψ矩阵条件数 cond(Ψ) = 1.19e+01
26-01-06-04 Loss=-30.975412 | E0=-7.86317490-0.00000664j | E1=-7.72163473-0.00020754j|E2=-7.70719561+0.00010093j|E3=-7.68340696+0.00119461j
26-01-06-04 #-----------------------------------------#
26-01-06-04 [Step 445] logΨ: mean=13.215-1.494j | min=9.290+1.349j | max=13.354+0.233j
26-01-06-04 梯度监控 | raw=4.9380 | natural=0.0014 | clipped=0.0014(上限20.0)
26-01-06-04 原始规范坐标 G(Re Σrow_mean) = +27.9658 | 累计|g| = 14.7237
26-01-06-04 Ψ矩阵条件数 cond(Ψ) = 1.19e+01
26-01-06-04 Loss=-30.974090 | E0=-7.86373908+0.00002291j | E1=-7.72103224+0.00013486j|E2=-7.70684931-0.00005679j|E3=-7.68246934-0.00142862j
26-01-06-04 #-----------------------------------------#
26-01-06-04 [Step 446] logΨ: mean=13.197-1.251j | min=8.383+2.095j | max=13.369+0.233j
26-01-06-04 梯度监控 | raw=5.1387 | natural=0.0005 | clipped=0.0005(上限20.0)
26-01-06-04 原始规范坐标 G(Re Σrow_mean) = +27.9616 | 累计|g| = 14.7237
26-01-06-04 Ψ矩阵条件数 cond(Ψ) = 1.19e+01
26-01-06-04 Loss=-30.973369 | E0=-7.86360662+0.00001928j | E1=-7.72089624+0.00022122j|E2=-7.70652838-0.00023338j|E3=-7.68233814-0.00172405j
26-01-06-04 #-----------------------------------------#
26-01-06-04 [Step 447] logΨ: mean=13.241-1.040j | min=8.709+2.043j | max=13.410+0.227j
26-01-06-04 梯度监控 | raw=4.7552 | natural=0.0023 | clipped=0.0023(上限20.0)
26-01-06-04 原始规范坐标 G(Re Σrow_mean) = +27.9969 | 累计|g| = 14.7237
26-01-06-04 Ψ矩阵条件数 cond(Ψ) = 6.23e+00
26-01-06-04 Loss=-30.971863 | E0=-7.86215289+0.00008074j | E1=-7.72081218-0.00000101j|E2=-7.70692921+0.00011792j|E3=-7.68196888-0.00224082j
26-01-06-04 #-----------------------------------------#
26-01-06-04 [Step 448] logΨ: mean=13.163-1.042j | min=7.066+0.273j | max=13.435+0.226j
26-01-06-04 梯度监控 | raw=5.8918 | natural=0.0007 | clipped=0.0007(上限20.0)
26-01-06-04 原始规范坐标 G(Re Σrow_mean) = +27.9566 | 累计|g| = 14.7237
26-01-06-04 Ψ矩阵条件数 cond(Ψ) = 6.22e+00
26-01-06-04 Loss=-30.971862 | E0=-7.86281277+0.00004476j | E1=-7.72028894+0.00028927j|E2=-7.70640384-0.00005774j|E3=-7.68235678-0.00160656j
26-01-06-04 #-----------------------------------------#
26-01-06-04 [Step 449] logΨ: mean=13.296-1.011j | min=8.480-0.792j | max=13.507+0.228j
26-01-06-04 梯度监控 | raw=4.7435 | natural=0.0031 | clipped=0.0031(上限20.0)
26-01-06-04 原始规范坐标 G(Re Σrow_mean) = +28.0201 | 累计|g| = 14.7237
26-01-06-04 Ψ矩阵条件数 cond(Ψ) = 6.23e+00
26-01-06-04 Loss=-30.971617 | E0=-7.86323717+0.00003590j | E1=-7.72080864+0.00004254j|E2=-7.70589534+0.00002285j|E3=-7.68167590-0.00191361j
26-01-06-04 #-----------------------------------------#
26-01-06-04 [GaugeReset@450] 吸收 Δg = Σ Re(col_mean) = +28.0201 | 新|g| = 14.6519
26-01-06-04 [Step 450] logΨ: mean=13.341-0.972j | min=9.195+0.685j | max=13.543+0.584j
26-01-06-04 梯度监控 | raw=4.3531 | natural=0.0005 | clipped=0.0005(上限20.0)
26-01-06-04 原始规范坐标 G(Re Σrow_mean) = +28.0039 | 累计|g| = 14.6519
26-01-06-04 Ψ矩阵条件数 cond(Ψ) = 6.14e+00
26-01-06-04 Loss=-30.972980 | E0=-7.86264041+0.00006476j | E1=-7.72097609+0.00022288j|E2=-7.70724974-0.00003458j|E3=-7.68211426-0.00248324j
26-01-06-04 #-----------------------------------------#
26-01-06-04 [Step 451] logΨ: mean=13.365-1.099j | min=9.499-0.353j | max=13.573+0.579j
26-01-06-04 梯度监控 | raw=4.4320 | natural=0.0012 | clipped=0.0012(上限20.0)
26-01-06-04 原始规范坐标 G(Re Σrow_mean) = +28.0248 | 累计|g| = 14.6519
26-01-06-04 Ψ矩阵条件数 cond(Ψ) = 6.14e+00
26-01-06-04 Loss=-30.972232 | E0=-7.86258624+0.00007058j | E1=-7.72060903+0.00031987j|E2=-7.70714813-0.00012788j|E3=-7.68188860-0.00291463j
26-01-06-04 #-----------------------------------------#
26-01-06-04 [Step 452] logΨ: mean=13.138-0.900j | min=8.361+0.574j | max=13.342+0.536j
26-01-06-04 梯度监控 | raw=4.1566 | natural=0.0172 | clipped=0.0172(上限20.0)
26-01-06-04 原始规范坐标 G(Re Σrow_mean) = +27.9574 | 累计|g| = 14.6519
26-01-06-04 Ψ矩阵条件数 cond(Ψ) = 6.07e+00
26-01-06-04 Loss=-30.973468 | E0=-7.86299190+0.00004285j | E1=-7.72137241+0.00011142j|E2=-7.70720829+0.00010390j|E3=-7.68189544-0.00295900j
26-01-06-04 #-----------------------------------------#
26-01-06-04 [Step 453] logΨ: mean=13.198-0.931j | min=8.702-0.602j | max=13.393+0.526j
26-01-06-04 梯度监控 | raw=3.7069 | natural=0.0026 | clipped=0.0026(上限20.0)
26-01-06-04 原始规范坐标 G(Re Σrow_mean) = +27.9894 | 累计|g| = 14.6519
26-01-06-04 Ψ矩阵条件数 cond(Ψ) = 6.09e+00
26-01-06-04 Loss=-30.972569 | E0=-7.86346259+0.00002382j | E1=-7.72025056-0.00016578j|E2=-7.70699964+0.00011402j|E3=-7.68185614-0.00209692j
26-01-06-04 #-----------------------------------------#
26-01-06-04 [Step 454] logΨ: mean=12.522-0.549j | min=5.720-1.845j | max=12.685+0.670j
26-01-06-04 梯度监控 | raw=6.6277 | natural=0.1431 | clipped=0.1431(上限20.0)
26-01-06-04 原始规范坐标 G(Re Σrow_mean) = +27.4630 | 累计|g| = 14.6519
26-01-06-04 Ψ矩阵条件数 cond(Ψ) = 8.60e+00
26-01-06-04 Loss=-30.967215 | E0=-7.86342922+0.00002826j | E1=-7.71987019-0.00052575j|E2=-7.70195126-0.00056597j|E3=-7.68196411-0.00254667j
26-01-06-04 #-----------------------------------------#
26-01-06-04 [Step 455] logΨ: mean=12.342-0.765j | min=5.979+1.641j | max=12.696+0.693j
26-01-06-04 梯度监控 | raw=6.7278 | natural=0.0049 | clipped=0.0049(上限20.0)
26-01-06-04 原始规范坐标 G(Re Σrow_mean) = +27.2991 | 累计|g| = 14.6519
26-01-06-04 Ψ矩阵条件数 cond(Ψ) = 6.41e+00
26-01-06-04 Loss=-30.970746 | E0=-7.86159172+0.00276323j | E1=-7.71977445+0.00022931j|E2=-7.70629335+0.00049920j|E3=-7.68308625+0.00044855j
26-01-06-04 #-----------------------------------------#
26-01-06-04 [Step 456] logΨ: mean=12.501-0.617j | min=8.467+2.219j | max=12.717+0.687j
26-01-06-04 梯度监控 | raw=5.2254 | natural=0.0009 | clipped=0.0009(上限20.0)
26-01-06-04 原始规范坐标 G(Re Σrow_mean) = +27.2814 | 累计|g| = 14.6519
26-01-06-04 Ψ矩阵条件数 cond(Ψ) = 1.06e+01
26-01-06-04 Loss=-30.974065 | E0=-7.86261539-0.00050489j | E1=-7.72101663-0.00030305j|E2=-7.70646335+0.00011077j|E3=-7.68396942+0.00156767j
26-01-06-04 #-----------------------------------------#
26-01-06-04 [Step 457] logΨ: mean=12.524-0.395j | min=8.992+1.716j | max=12.738+0.718j
26-01-06-04 梯度监控 | raw=7.4897 | natural=0.0017 | clipped=0.0017(上限20.0)
26-01-06-04 原始规范坐标 G(Re Σrow_mean) = +27.3644 | 累计|g| = 14.6519
26-01-06-04 Ψ矩阵条件数 cond(Ψ) = 1.06e+01
26-01-06-04 Loss=-30.973238 | E0=-7.86256741+0.00217498j | E1=-7.72089287+0.00062535j|E2=-7.70657979-0.00033372j|E3=-7.68319743-0.00010428j
26-01-06-04 #-----------------------------------------#
26-01-06-04 [Step 458] logΨ: mean=12.488-0.228j | min=6.614+0.689j | max=12.745+0.734j
26-01-06-04 梯度监控 | raw=6.3994 | natural=0.0040 | clipped=0.0040(上限20.0)
26-01-06-04 原始规范坐标 G(Re Σrow_mean) = +27.3357 | 累计|g| = 14.6519
26-01-06-04 Ψ矩阵条件数 cond(Ψ) = 1.07e+01
26-01-06-04 Loss=-30.971697 | E0=-7.86258621-0.00018150j | E1=-7.72028248+0.00067656j|E2=-7.70524512-0.00087959j|E3=-7.68358302+0.00094205j
26-01-06-04 #-----------------------------------------#
26-01-06-04 [Step 459] logΨ: mean=12.544-0.355j | min=5.991-2.821j | max=12.802+0.734j
26-01-06-04 梯度监控 | raw=5.5123 | natural=0.0035 | clipped=0.0035(上限20.0)
26-01-06-04 原始规范坐标 G(Re Σrow_mean) = +27.3416 | 累计|g| = 14.6519
26-01-06-04 Ψ矩阵条件数 cond(Ψ) = 6.40e+00
26-01-06-04 Loss=-30.972622 | E0=-7.86249391-0.00035948j | E1=-7.72059528+0.00020344j|E2=-7.70603940-0.00020325j|E3=-7.68349369+0.00087409j
26-01-06-04 #-----------------------------------------#
26-01-06-04 [保存] Step 459 → pickle 文件已更新 (460 条记录)
26-01-06-04 [GaugeReset@460] 吸收 Δg = Σ Re(col_mean) = +27.3416 | 新|g| = 14.4938
26-01-06-04 [Step 460] logΨ: mean=13.266-1.348j | min=6.044+1.832j | max=13.443+0.194j
26-01-06-04 梯度监控 | raw=5.7032 | natural=0.0044 | clipped=0.0044(上限20.0)
26-01-06-04 原始规范坐标 G(Re Σrow_mean) = +27.3954 | 累计|g| = 14.4938
26-01-06-04 Ψ矩阵条件数 cond(Ψ) = 6.31e+00
26-01-06-04 Loss=-30.973437 | E0=-7.86265743+0.00082479j | E1=-7.72105875-0.00012024j|E2=-7.70659974-0.00017611j|E3=-7.68312124-0.00038809j
26-01-06-04 #-----------------------------------------#
26-01-06-04 [Step 461] logΨ: mean=13.263-1.448j | min=10.662+1.045j | max=13.447+0.204j
26-01-06-04 梯度监控 | raw=5.0516 | natural=0.0003 | clipped=0.0003(上限20.0)
26-01-06-04 原始规范坐标 G(Re Σrow_mean) = +27.3032 | 累计|g| = 14.4938
26-01-06-04 Ψ矩阵条件数 cond(Ψ) = 6.31e+00
26-01-06-04 Loss=-30.974964 | E0=-7.86311774-0.00038807j | E1=-7.72090067-0.00003324j|E2=-7.70658653-0.00019033j|E3=-7.68435937+0.00226387j
26-01-06-04 #-----------------------------------------#
26-01-06-04 [Step 462] logΨ: mean=13.240-1.581j | min=8.147+2.213j | max=13.472+0.190j
26-01-06-04 梯度监控 | raw=5.6050 | natural=0.0006 | clipped=0.0006(上限20.0)
26-01-06-04 原始规范坐标 G(Re Σrow_mean) = +27.3184 | 累计|g| = 14.4938
26-01-06-04 Ψ矩阵条件数 cond(Ψ) = 6.31e+00
26-01-06-04 Loss=-30.973935 | E0=-7.86280154-0.00039884j | E1=-7.72088629+0.00011594j|E2=-7.70637897+0.00005631j|E3=-7.68386814+0.00113108j
26-01-06-04 #-----------------------------------------#
26-01-06-04 [Step 463] logΨ: mean=13.250-1.314j | min=8.272-1.282j | max=13.457+0.238j
26-01-06-04 梯度监控 | raw=6.0825 | natural=0.0030 | clipped=0.0030(上限20.0)
26-01-06-04 原始规范坐标 G(Re Σrow_mean) = +27.3223 | 累计|g| = 14.4938
26-01-06-04 Ψ矩阵条件数 cond(Ψ) = 6.32e+00
26-01-06-04 Loss=-30.975131 | E0=-7.86313725+0.00163893j | E1=-7.72099695+0.00007601j|E2=-7.70700518-0.00008616j|E3=-7.68399168+0.00143782j
26-01-06-04 #-----------------------------------------#
26-01-06-04 [Step 464] logΨ: mean=13.350-1.181j | min=7.347-0.726j | max=13.605+0.278j
26-01-06-04 梯度监控 | raw=4.7577 | natural=0.0240 | clipped=0.0240(上限20.0)
26-01-06-04 原始规范坐标 G(Re Σrow_mean) = +27.3661 | 累计|g| = 14.4938
26-01-06-04 Ψ矩阵条件数 cond(Ψ) = 7.56e+00
26-01-06-04 Loss=-30.973953 | E0=-7.86311057+0.00044821j | E1=-7.72026063+0.00014760j|E2=-7.70640369-0.00033847j|E3=-7.68417801+0.00203734j
26-01-06-04 #-----------------------------------------#
26-01-06-04 [Step 465] logΨ: mean=13.410-1.211j | min=7.694+0.514j | max=13.642+0.283j
26-01-06-04 梯度监控 | raw=4.6052 | natural=0.0046 | clipped=0.0046(上限20.0)
26-01-06-04 原始规范坐标 G(Re Σrow_mean) = +27.4423 | 累计|g| = 14.4938
26-01-06-04 Ψ矩阵条件数 cond(Ψ) = 6.18e+00
26-01-06-04 Loss=-30.974057 | E0=-7.86326876+0.00046823j | E1=-7.72059464+0.00000443j|E2=-7.70659389+0.00018175j|E3=-7.68360019+0.00047974j
26-01-06-04 #-----------------------------------------#
26-01-06-04 [Step 466] logΨ: mean=13.500-1.456j | min=9.044-0.895j | max=13.670+0.252j
26-01-06-04 梯度监控 | raw=5.0836 | natural=0.0030 | clipped=0.0030(上限20.0)
26-01-06-04 原始规范坐标 G(Re Σrow_mean) = +27.4920 | 累计|g| = 14.4938
26-01-06-04 Ψ矩阵条件数 cond(Ψ) = 6.21e+00
26-01-06-04 Loss=-30.973587 | E0=-7.86277442-0.00029737j | E1=-7.72066506+0.00035345j|E2=-7.70722922-0.00025816j|E3=-7.68291854-0.00084634j
26-01-06-04 #-----------------------------------------#
26-01-06-04 [Step 467] logΨ: mean=13.485-1.482j | min=9.291+0.400j | max=13.677+0.257j
26-01-06-04 梯度监控 | raw=4.6190 | natural=0.0004 | clipped=0.0004(上限20.0)
26-01-06-04 原始规范坐标 G(Re Σrow_mean) = +27.4780 | 累计|g| = 14.4938
26-01-06-04 Ψ矩阵条件数 cond(Ψ) = 6.21e+00
26-01-06-04 Loss=-30.973721 | E0=-7.86313840-0.00030521j | E1=-7.72088119+0.00003927j|E2=-7.70648249-0.00011087j|E3=-7.68321931-0.00023187j
26-01-06-04 #-----------------------------------------#
26-01-06-04 [Step 468] logΨ: mean=13.489-1.327j | min=10.101-2.474j | max=13.689+0.282j
26-01-06-04 梯度监控 | raw=4.7082 | natural=0.0012 | clipped=0.0012(上限20.0)
26-01-06-04 原始规范坐标 G(Re Σrow_mean) = +27.4821 | 累计|g| = 14.4938
26-01-06-04 Ψ矩阵条件数 cond(Ψ) = 6.21e+00
26-01-06-04 Loss=-30.973789 | E0=-7.86309018-0.00008488j | E1=-7.72096287-0.00001404j|E2=-7.70655240+0.00013307j|E3=-7.68318369-0.00057253j
26-01-06-04 #-----------------------------------------#
26-01-06-04 [Step 469] logΨ: mean=13.530-1.305j | min=10.922-2.080j | max=13.697+0.287j
26-01-06-04 梯度监控 | raw=5.0282 | natural=0.0004 | clipped=0.0004(上限20.0)
26-01-06-04 原始规范坐标 G(Re Σrow_mean) = +27.4857 | 累计|g| = 14.4938
26-01-06-04 Ψ矩阵条件数 cond(Ψ) = 6.21e+00
26-01-06-04 Loss=-30.974252 | E0=-7.86315782-0.00027756j | E1=-7.72097982+0.00039798j|E2=-7.70670156-0.00029141j|E3=-7.68341303-0.00018265j
26-01-06-04 #-----------------------------------------#
26-01-06-04 [GaugeReset@470] 吸收 Δg = Σ Re(col_mean) = +27.4857 | 新|g| = 14.5560
26-01-06-04 [Step 470] logΨ: mean=13.360-1.038j | min=7.291+0.246j | max=13.576+0.243j
26-01-06-04 梯度监控 | raw=5.1846 | natural=0.0022 | clipped=0.0022(上限20.0)
26-01-06-04 原始规范坐标 G(Re Σrow_mean) = +27.4495 | 累计|g| = 14.5560
26-01-06-04 Ψ矩阵条件数 cond(Ψ) = 5.93e+00
26-01-06-04 Loss=-30.973956 | E0=-7.86290024-0.00029160j | E1=-7.72076451+0.00022532j|E2=-7.70650594-0.00026172j|E3=-7.68378507+0.00079729j
26-01-06-04 #-----------------------------------------#
26-01-06-04 [Step 471] logΨ: mean=13.393-0.987j | min=7.661+1.836j | max=13.591+0.233j
26-01-06-04 梯度监控 | raw=5.2970 | natural=0.0021 | clipped=0.0021(上限20.0)
26-01-06-04 原始规范坐标 G(Re Σrow_mean) = +27.4208 | 累计|g| = 14.5560
26-01-06-04 Ψ矩阵条件数 cond(Ψ) = 6.27e+00
26-01-06-04 Loss=-30.974925 | E0=-7.86274792-0.00031412j | E1=-7.72092680-0.00005448j|E2=-7.70726871+0.00001743j|E3=-7.68398155+0.00132333j
26-01-06-04 #-----------------------------------------#
26-01-06-04 [Step 472] logΨ: mean=13.397-1.131j | min=8.956+0.089j | max=13.591+0.210j
26-01-06-04 梯度监控 | raw=4.5733 | natural=0.0012 | clipped=0.0012(上限20.0)
26-01-06-04 原始规范坐标 G(Re Σrow_mean) = +27.3738 | 累计|g| = 14.5560
26-01-06-04 Ψ矩阵条件数 cond(Ψ) = 6.27e+00
26-01-06-04 Loss=-30.976107 | E0=-7.86312631-0.00031210j | E1=-7.72050194-0.00019547j|E2=-7.70787454+0.00008217j|E3=-7.68460466+0.00239839j
26-01-06-04 #-----------------------------------------#
26-01-06-04 [Step 473] logΨ: mean=13.375-0.954j | min=9.689-0.849j | max=13.608+0.206j
26-01-06-04 梯度监控 | raw=4.3669 | natural=0.0005 | clipped=0.0005(上限20.0)
26-01-06-04 原始规范坐标 G(Re Σrow_mean) = +27.3119 | 累计|g| = 14.5560
26-01-06-04 Ψ矩阵条件数 cond(Ψ) = 6.26e+00
26-01-06-04 Loss=-30.975457 | E0=-7.86297416-0.00035117j | E1=-7.72082403-0.00018735j|E2=-7.70609716-0.00031766j|E3=-7.68556179+0.00457253j
26-01-06-04 #-----------------------------------------#
26-01-06-04 [Step 474] logΨ: mean=13.360-1.127j | min=8.571-2.129j | max=13.593+0.240j
26-01-06-04 梯度监控 | raw=4.6626 | natural=0.0027 | clipped=0.0027(上限20.0)
26-01-06-04 原始规范坐标 G(Re Σrow_mean) = +27.3335 | 累计|g| = 14.5560
26-01-06-04 Ψ矩阵条件数 cond(Ψ) = 6.27e+00
26-01-06-04 Loss=-30.975572 | E0=-7.86287740-0.00022720j | E1=-7.72081563-0.00054802j|E2=-7.70676515+0.00027657j|E3=-7.68511334+0.00339599j
26-01-06-04 #-----------------------------------------#
26-01-06-04 [Step 475] logΨ: mean=13.402-1.276j | min=9.674-0.831j | max=13.609+0.236j
26-01-06-04 梯度监控 | raw=4.8130 | natural=0.0005 | clipped=0.0005(上限20.0)
26-01-06-04 原始规范坐标 G(Re Σrow_mean) = +27.3736 | 累计|g| = 14.5560
26-01-06-04 Ψ矩阵条件数 cond(Ψ) = 6.27e+00
26-01-06-04 Loss=-30.975391 | E0=-7.86305168-0.00031856j | E1=-7.72097863-0.00016728j|E2=-7.70656905+0.00001671j|E3=-7.68479168+0.00273421j
26-01-06-04 #-----------------------------------------#
26-01-06-04 [Step 476] logΨ: mean=13.335-1.163j | min=9.891+0.297j | max=13.596+0.273j
26-01-06-04 梯度监控 | raw=4.3622 | natural=0.0023 | clipped=0.0023(上限20.0)
26-01-06-04 原始规范坐标 G(Re Σrow_mean) = +27.2960 | 累计|g| = 14.5560
26-01-06-04 Ψ矩阵条件数 cond(Ψ) = 7.66e+00
26-01-06-04 Loss=-30.975997 | E0=-7.86300203-0.00007397j | E1=-7.72079044+0.00007423j|E2=-7.70668890-0.00023669j|E3=-7.68551570+0.00449826j
26-01-06-04 #-----------------------------------------#
26-01-06-04 [Step 477] logΨ: mean=13.380-1.044j | min=9.593-1.763j | max=13.601+0.257j
26-01-06-04 梯度监控 | raw=5.4039 | natural=0.0012 | clipped=0.0012(上限20.0)
26-01-06-04 原始规范坐标 G(Re Σrow_mean) = +27.3470 | 累计|g| = 14.5560
26-01-06-04 Ψ矩阵条件数 cond(Ψ) = 1.08e+01
26-01-06-04 Loss=-30.975702 | E0=-7.86267860-0.00031275j | E1=-7.72090975+0.00012334j|E2=-7.70730402-0.00006664j|E3=-7.68480939+0.00259006j
26-01-06-04 #-----------------------------------------#
26-01-06-04 [Step 478] logΨ: mean=13.423-1.170j | min=8.617+0.981j | max=13.626+0.260j
26-01-06-04 梯度监控 | raw=4.8823 | natural=0.0035 | clipped=0.0035(上限20.0)
26-01-06-04 原始规范坐标 G(Re Σrow_mean) = +27.4007 | 累计|g| = 14.5560
26-01-06-04 Ψ矩阵条件数 cond(Ψ) = 1.09e+01
26-01-06-04 Loss=-30.975658 | E0=-7.86326860+0.00030249j | E1=-7.72027733+0.00013244j|E2=-7.70789976-0.00023197j|E3=-7.68421240+0.00168677j
26-01-06-04 #-----------------------------------------#
26-01-06-04 [Step 479] logΨ: mean=13.454-1.249j | min=8.973-2.982j | max=13.641+0.254j
26-01-06-04 梯度监控 | raw=4.9034 | natural=0.0004 | clipped=0.0004(上限20.0)
26-01-06-04 原始规范坐标 G(Re Σrow_mean) = +27.3940 | 累计|g| = 14.5560
26-01-06-04 Ψ矩阵条件数 cond(Ψ) = 1.09e+01
26-01-06-04 Loss=-30.975464 | E0=-7.86305806-0.00028715j | E1=-7.72106191-0.00003653j|E2=-7.70692265-0.00005059j|E3=-7.68442175+0.00151564j
26-01-06-04 #-----------------------------------------#
26-01-06-04 [保存] Step 479 → pickle 文件已更新 (480 条记录)
26-01-06-04 [GaugeReset@480] 吸收 Δg = Σ Re(col_mean) = +27.3940 | 新|g| = 14.5304
26-01-06-05 [Step 480] logΨ: mean=13.480-1.204j | min=9.795+0.617j | max=13.717+0.235j
26-01-06-05 梯度监控 | raw=5.1906 | natural=0.0023 | clipped=0.0023(上限20.0)
26-01-06-05 原始规范坐标 G(Re Σrow_mean) = +27.3587 | 累计|g| = 14.5304
26-01-06-05 Ψ矩阵条件数 cond(Ψ) = 1.10e+01
26-01-06-05 Loss=-30.975896 | E0=-7.86294634+0.00002955j | E1=-7.72074046-0.00005032j|E2=-7.70748723+0.00011168j|E3=-7.68472200+0.00237913j
26-01-06-05 #-----------------------------------------#
26-01-06-05 [Step 481] logΨ: mean=13.558-1.119j | min=10.280-1.272j | max=13.730+0.236j
26-01-06-05 梯度监控 | raw=5.0568 | natural=0.0004 | clipped=0.0004(上限20.0)
26-01-06-05 原始规范坐标 G(Re Σrow_mean) = +27.4147 | 累计|g| = 14.5304
26-01-06-05 Ψ矩阵条件数 cond(Ψ) = 1.10e+01
26-01-06-05 Loss=-30.975296 | E0=-7.86294360-0.00027477j | E1=-7.72108579-0.00016998j|E2=-7.70694074+0.00011813j|E3=-7.68432565+0.00143644j
26-01-06-05 #-----------------------------------------#
26-01-06-05 [Step 482] logΨ: mean=13.561-1.094j | min=10.991-2.207j | max=13.738+0.239j
26-01-06-05 梯度监控 | raw=4.6853 | natural=0.0003 | clipped=0.0003(上限20.0)
26-01-06-05 原始规范坐标 G(Re Σrow_mean) = +27.4107 | 累计|g| = 14.5304
26-01-06-05 Ψ矩阵条件数 cond(Ψ) = 1.10e+01
26-01-06-05 Loss=-30.975567 | E0=-7.86312985-0.00026397j | E1=-7.72108689-0.00006360j|E2=-7.70694465-0.00002520j|E3=-7.68440516+0.00173814j
26-01-06-05 #-----------------------------------------#
26-01-06-05 [Step 483] logΨ: mean=13.567-1.176j | min=7.399+2.410j | max=13.759+0.252j
26-01-06-05 梯度监控 | raw=5.2175 | natural=0.0013 | clipped=0.0013(上限20.0)
26-01-06-05 原始规范坐标 G(Re Σrow_mean) = +27.4430 | 累计|g| = 14.5304
26-01-06-05 Ψ矩阵条件数 cond(Ψ) = 1.10e+01
26-01-06-05 Loss=-30.974864 | E0=-7.86332296+0.00072359j | E1=-7.72083537+0.00033089j|E2=-7.70656928-0.00061210j|E3=-7.68413598+0.00099383j
26-01-06-05 #-----------------------------------------#
26-01-06-05 [Step 484] logΨ: mean=13.542-1.436j | min=8.732+0.972j | max=13.744+0.271j
26-01-06-05 梯度监控 | raw=5.0686 | natural=0.0020 | clipped=0.0020(上限20.0)
26-01-06-05 原始规范坐标 G(Re Σrow_mean) = +27.4382 | 累计|g| = 14.5304
26-01-06-05 Ψ矩阵条件数 cond(Ψ) = 1.10e+01
26-01-06-05 Loss=-30.974887 | E0=-7.86307782+0.00011386j | E1=-7.72049149+0.00018679j|E2=-7.70736182-0.00030445j|E3=-7.68395588+0.00063670j
26-01-06-05 #-----------------------------------------#
26-01-06-05 [Step 485] logΨ: mean=13.542-1.519j | min=9.258+0.373j | max=13.757+0.267j
26-01-06-05 梯度监控 | raw=5.0465 | natural=0.0005 | clipped=0.0005(上限20.0)
26-01-06-05 原始规范坐标 G(Re Σrow_mean) = +27.4047 | 累计|g| = 14.5304
26-01-06-05 Ψ矩阵条件数 cond(Ψ) = 1.10e+01
26-01-06-05 Loss=-30.975031 | E0=-7.86304237-0.00023109j | E1=-7.72100397+0.00004185j|E2=-7.70659212-0.00009181j|E3=-7.68439291+0.00151689j
26-01-06-05 #-----------------------------------------#
26-01-06-05 [Step 486] logΨ: mean=13.548-1.680j | min=8.756+0.944j | max=13.766+0.257j
26-01-06-05 梯度监控 | raw=4.5338 | natural=0.0009 | clipped=0.0009(上限20.0)
26-01-06-05 原始规范坐标 G(Re Σrow_mean) = +27.3742 | 累计|g| = 14.5304
26-01-06-05 Ψ矩阵条件数 cond(Ψ) = 1.11e+01
26-01-06-05 Loss=-30.975805 | E0=-7.86316697-0.00022486j | E1=-7.72080607-0.00008365j|E2=-7.70696503+0.00000364j|E3=-7.68486689+0.00270592j
26-01-06-05 #-----------------------------------------#
26-01-06-05 [Step 487] logΨ: mean=13.603-1.426j | min=11.034-2.215j | max=13.773+0.260j
26-01-06-05 梯度监控 | raw=4.3521 | natural=0.0003 | clipped=0.0003(上限20.0)
26-01-06-05 原始规范坐标 G(Re Σrow_mean) = +27.3516 | 累计|g| = 14.5304
26-01-06-05 Ψ矩阵条件数 cond(Ψ) = 1.10e+01
26-01-06-05 Loss=-30.976638 | E0=-7.86313341-0.00024633j | E1=-7.72115405-0.00017236j|E2=-7.70705369+0.00000065j|E3=-7.68529676+0.00331607j
26-01-06-05 #-----------------------------------------#
26-01-06-05 [Step 488] logΨ: mean=13.584-1.434j | min=11.043-2.217j | max=13.780+0.262j
26-01-06-05 梯度监控 | raw=4.2642 | natural=0.0003 | clipped=0.0003(上限20.0)
26-01-06-05 原始规范坐标 G(Re Σrow_mean) = +27.3558 | 累计|g| = 14.5304
26-01-06-05 Ψ矩阵条件数 cond(Ψ) = 1.10e+01
26-01-06-05 Loss=-30.976070 | E0=-7.86314372-0.00024674j | E1=-7.72110304-0.00055562j|E2=-7.70657527+0.00031088j|E3=-7.68524798+0.00314680j
26-01-06-05 #-----------------------------------------#
26-01-06-05 [Step 489] logΨ: mean=13.528-1.362j | min=10.096-2.842j | max=13.766+0.289j
26-01-06-05 梯度监控 | raw=4.0449 | natural=0.0018 | clipped=0.0018(上限20.0)
26-01-06-05 原始规范坐标 G(Re Σrow_mean) = +27.3169 | 累计|g| = 14.5304
26-01-06-05 Ψ矩阵条件数 cond(Ψ) = 1.11e+01
26-01-06-05 Loss=-30.977228 | E0=-7.86318724+0.00020806j | E1=-7.72089199-0.00003151j|E2=-7.70782851+0.00000063j|E3=-7.68532069+0.00352359j
26-01-06-05 #-----------------------------------------#
26-01-06-05 [GaugeReset@490] 吸收 Δg = Σ Re(col_mean) = +27.3169 | 新|g| = 14.5134
26-01-06-05 [Step 490] logΨ: mean=13.653-1.295j | min=9.198-3.014j | max=13.851+0.241j
26-01-06-05 梯度监控 | raw=4.3041 | natural=0.0004 | clipped=0.0004(上限20.0)
26-01-06-05 原始规范坐标 G(Re Σrow_mean) = +27.3841 | 累计|g| = 14.5134
26-01-06-05 Ψ矩阵条件数 cond(Ψ) = 1.12e+01
26-01-06-05 Loss=-30.975688 | E0=-7.86316124-0.00022790j | E1=-7.72106152-0.00046959j|E2=-7.70660579+0.00028926j|E3=-7.68485941+0.00233999j
26-01-06-05 #-----------------------------------------#
26-01-06-05 [Step 491] logΨ: mean=13.637-1.296j | min=8.838+0.915j | max=13.831+0.266j
26-01-06-05 梯度监控 | raw=4.4363 | natural=0.0016 | clipped=0.0016(上限20.0)
26-01-06-05 原始规范坐标 G(Re Σrow_mean) = +27.3692 | 累计|g| = 14.5134
26-01-06-05 Ψ矩阵条件数 cond(Ψ) = 1.12e+01
26-01-06-05 Loss=-30.976491 | E0=-7.86321565-0.00013585j | E1=-7.72074368-0.00014810j|E2=-7.70767269+0.00011204j|E3=-7.68485858+0.00231097j
26-01-06-05 #-----------------------------------------#
26-01-06-05 [Step 492] logΨ: mean=13.601-1.370j | min=10.267+1.884j | max=13.843+0.267j
26-01-06-05 梯度监控 | raw=4.9332 | natural=0.0003 | clipped=0.0003(上限20.0)
26-01-06-05 原始规范坐标 G(Re Σrow_mean) = +27.3591 | 累计|g| = 14.5134
26-01-06-05 Ψ矩阵条件数 cond(Ψ) = 1.12e+01
26-01-06-05 Loss=-30.975731 | E0=-7.86287389-0.00022578j | E1=-7.72112700-0.00028469j|E2=-7.70682755+0.00026602j|E3=-7.68490304+0.00232835j
26-01-06-05 #-----------------------------------------#
26-01-06-05 [Step 493] logΨ: mean=13.678-1.532j | min=9.392+1.326j | max=13.883+0.227j
26-01-06-05 梯度监控 | raw=4.4457 | natural=0.0019 | clipped=0.0019(上限20.0)
26-01-06-05 原始规范坐标 G(Re Σrow_mean) = +27.3955 | 累计|g| = 14.5134
26-01-06-05 Ψ矩阵条件数 cond(Ψ) = 1.12e+01
26-01-06-05 Loss=-30.975775 | E0=-7.86316951-0.00021237j | E1=-7.72101636-0.00025015j|E2=-7.70695695+0.00002175j|E3=-7.68463174+0.00165832j
26-01-06-05 #-----------------------------------------#
26-01-06-05 [Step 494] logΨ: mean=13.657-1.521j | min=8.913-2.311j | max=13.901+0.196j
26-01-06-05 梯度监控 | raw=4.7927 | natural=0.0012 | clipped=0.0012(上限20.0)
26-01-06-05 原始规范坐标 G(Re Σrow_mean) = +27.4108 | 累计|g| = 14.5134
26-01-06-05 Ψ矩阵条件数 cond(Ψ) = 1.12e+01
26-01-06-05 Loss=-30.975068 | E0=-7.86316597-0.00021927j | E1=-7.72029230+0.00006945j|E2=-7.70709135-0.00013482j|E3=-7.68451877+0.00134329j
26-01-06-05 #-----------------------------------------#
26-01-06-05 [Step 495] logΨ: mean=13.752-1.380j | min=9.780-0.875j | max=13.914+0.192j
26-01-06-05 梯度监控 | raw=4.8140 | natural=0.0004 | clipped=0.0004(上限20.0)
26-01-06-05 原始规范坐标 G(Re Σrow_mean) = +27.4480 | 累计|g| = 14.5134
26-01-06-05 Ψ矩阵条件数 cond(Ψ) = 2.07e+01
26-01-06-05 Loss=-30.975311 | E0=-7.86305744-0.00024971j | E1=-7.72102071-0.00003800j|E2=-7.70678568-0.00003964j|E3=-7.68444696+0.00123564j
26-01-06-05 #-----------------------------------------#
26-01-06-05 [Step 496] logΨ: mean=13.757-1.351j | min=8.620+0.911j | max=13.926+0.182j
26-01-06-05 梯度监控 | raw=5.2277 | natural=0.0012 | clipped=0.0012(上限20.0)
26-01-06-05 原始规范坐标 G(Re Σrow_mean) = +27.4482 | 累计|g| = 14.5134
26-01-06-05 Ψ矩阵条件数 cond(Ψ) = 1.12e+01
26-01-06-05 Loss=-30.975924 | E0=-7.86339195+0.00006886j | E1=-7.72121623-0.00020202j|E2=-7.70698620+0.00005755j|E3=-7.68432955+0.00090276j
26-01-06-05 #-----------------------------------------#
26-01-06-05 [Step 497] logΨ: mean=13.720-1.465j | min=8.932+0.944j | max=13.911+0.201j
26-01-06-05 梯度监控 | raw=4.5577 | natural=0.0018 | clipped=0.0018(上限20.0)
26-01-06-05 原始规范坐标 G(Re Σrow_mean) = +27.4930 | 累计|g| = 14.5134
26-01-06-05 Ψ矩阵条件数 cond(Ψ) = 1.12e+01
26-01-06-05 Loss=-30.974581 | E0=-7.86308833+0.00015065j | E1=-7.72047095-0.00011134j|E2=-7.70737917+0.00005958j|E3=-7.68364230-0.00038723j
26-01-06-05 #-----------------------------------------#
26-01-06-05 [Step 498] logΨ: mean=13.675-1.339j | min=9.347+0.262j | max=13.933+0.173j
26-01-06-05 梯度监控 | raw=4.9284 | natural=0.0014 | clipped=0.0014(上限20.0)
26-01-06-05 原始规范坐标 G(Re Σrow_mean) = +27.4897 | 累计|g| = 14.5134
26-01-06-05 Ψ矩阵条件数 cond(Ψ) = 1.13e+01
26-01-06-05 Loss=-30.973509 | E0=-7.86304652-0.00022772j | E1=-7.72025163+0.00024073j|E2=-7.70673999-0.00016223j|E3=-7.68347119-0.00078302j
26-01-06-05 #-----------------------------------------#
26-01-06-05 [Step 499] logΨ: mean=13.780-1.463j | min=8.912+0.921j | max=13.945+0.152j
26-01-06-05 梯度监控 | raw=4.9694 | natural=0.0010 | clipped=0.0010(上限20.0)
26-01-06-05 原始规范坐标 G(Re Σrow_mean) = +27.4600 | 累计|g| = 14.5134
26-01-06-05 Ψ矩阵条件数 cond(Ψ) = 1.13e+01
26-01-06-05 Loss=-30.975098 | E0=-7.86311983-0.00024496j | E1=-7.72115864-0.00020350j|E2=-7.70658672-0.00007714j|E3=-7.68423291+0.00063395j
26-01-06-05 #-----------------------------------------#
26-01-06-05 [保存] Step 499 → pickle 文件已更新 (500 条记录)
26-01-06-05 [GaugeReset@500] 吸收 Δg = Σ Re(col_mean) = +27.4600 | 新|g| = 14.5451
26-01-06-05 训练耗时：481.38 秒
26-01-06-05 
============================================================
26-01-06-05 训练完成!
26-01-06-05 ============================================================
26-01-06-05 [保存] 训练结束，pickle 最终写入 500 条记录 → ./data/26-09-01-05-57_history_natural_gradient_LiH_molecule_K4.pkl
26-01-06-05 Loss 曲线已保存: ./日志/26-09-01-05-57_loss_curve_gauge_reset_min120.png
26-01-06-05 logΨ mean 曲线已保存: ./日志/26-09-01-05-57_logPsi_mean_curve_gauge_reset_min120.png
26-01-06-05 Loss 曲线已保存: ./日志/26-09-01-05-57_loss_curve_gauge_reset_min120.png
26-01-06-05 logΨ mean 曲线已保存: ./日志/26-09-01-05-57_logPsi_mean_curve_gauge_reset_min120.png
