26-16-21-37 
============================================================
26-16-21-37 开始多链 NES-VMC 训练 | P8: 双侧一致列规范 + 周期性 gauge reset
26-16-21-37 超参数配置:

N_CHAINS =16

N_SAMPLES_PER_CHAIN =200

SWEEP_SIZE = 10

N_ITER = 300

Natural_Grad = True

clip_norm = 20.0

lr = 0.1

qgt_diag_shift = 0.1

RESET_PERIOD = 10
       
SAVE_INTERVAL = 20
26-16-21-37 ============================================================
26-16-21-37 精确CAS基准：基态=-7.88259092 Ha | 1激发=-7.76563664 Ha|2激发=-7.74858736 Ha|3激发=-7.71601970 Ha|
26-16-21-37 理论 Loss 上限：-31.11283462 
26-16-21-37 超参：clip_norm=20.0, lr=0.1, QGT diag_shift=0.1, RESET_PERIOD=10
26-16-21-37 [Step   0] logΨ: mean=9.437+0.159j | min=2.061-0.595j | max=11.316+1.003j
26-16-21-37 梯度监控 | raw=18.8374 | per_param=0.5659 |  natural=2.5138 | clipped=2.5138(上限20.0)
26-16-21-37 原始规范坐标 G(Re Σrow_mean) = +4.5425 | 累计|g| = 0.0000
26-16-21-37 Ψ矩阵条件数 cond(Ψ) = 1.16e+01
26-16-21-37 Loss=-21.911666 | E0=-5.89920687-0.00289441j | E1=-5.60829184+0.00877275j|E2=-5.27926615-0.00598902j|E3=-5.12490084-0.00504355j
26-16-21-37 #-----------------------------------------#
26-16-21-37 [Step   1] logΨ: mean=10.097-0.026j | min=5.807-2.122j | max=11.970+0.573j
26-16-21-37 梯度监控 | raw=19.3170 | per_param=0.5803 |  natural=2.2473 | clipped=2.2473(上限20.0)
26-16-21-37 原始规范坐标 G(Re Σrow_mean) = +4.9510 | 累计|g| = 0.0000
26-16-21-37 Ψ矩阵条件数 cond(Ψ) = 2.14e+01
26-16-21-37 Loss=-22.890827 | E0=-6.19368190-0.00623941j | E1=-6.07188185+0.00787103j|E2=-5.50944591+0.00194868j|E3=-5.11581773-0.00452809j
26-16-21-37 #-----------------------------------------#
26-16-21-37 [Step   2] logΨ: mean=11.127-0.136j | min=5.042-1.157j | max=13.011+0.526j
26-16-21-37 梯度监控 | raw=17.0651 | per_param=0.5127 |  natural=1.9330 | clipped=1.9330(上限20.0)
26-16-21-37 原始规范坐标 G(Re Σrow_mean) = +5.8173 | 累计|g| = 0.0000
26-16-21-37 Ψ矩阵条件数 cond(Ψ) = 2.07e+01
26-16-21-37 Loss=-23.780610 | E0=-6.58987353-0.01473452j | E1=-6.46327024+0.01215476j|E2=-5.62092272-0.00101425j|E3=-5.10654347+0.00181761j
26-16-21-37 #-----------------------------------------#
26-16-21-37 [Step   3] logΨ: mean=12.404-0.032j | min=5.841+1.720j | max=14.150+0.426j
26-16-21-37 梯度监控 | raw=24.7403 | per_param=0.7433 |  natural=1.5958 | clipped=1.5958(上限20.0)
26-16-21-37 原始规范坐标 G(Re Σrow_mean) = +6.9402 | 累计|g| = 0.0000
26-16-21-37 Ψ矩阵条件数 cond(Ψ) = 8.50e+00
26-16-21-37 Loss=-24.590427 | E0=-6.92670419-0.01902277j | E1=-6.79944119+0.02142392j|E2=-5.74574796+0.00300446j|E3=-5.11853416-0.00069336j
26-16-21-37 #-----------------------------------------#
26-16-21-37 [Step   4] logΨ: mean=13.317-0.154j | min=8.615-0.644j | max=14.893+0.524j
26-16-21-37 梯度监控 | raw=31.9098 | per_param=0.9586 |  natural=1.3251 | clipped=1.3251(上限20.0)
26-16-21-37 原始规范坐标 G(Re Σrow_mean) = +7.6566 | 累计|g| = 0.0000
26-16-21-37 Ψ矩阵条件数 cond(Ψ) = 1.96e+01
26-16-21-37 Loss=-25.082471 | E0=-7.12977234+0.00835137j | E1=-6.97942451-0.00895256j|E2=-5.84464966-0.00212131j|E3=-5.12862441+0.00637342j
26-16-21-37 #-----------------------------------------#
26-16-21-37 [Step   5] logΨ: mean=14.516-0.118j | min=6.600-2.393j | max=16.148+0.512j
26-16-21-37 梯度监控 | raw=42.6008 | per_param=1.2798 |  natural=1.2521 | clipped=1.2521(上限20.0)
26-16-21-37 原始规范坐标 G(Re Σrow_mean) = +8.8492 | 累计|g| = 0.0000
26-16-21-37 Ψ矩阵条件数 cond(Ψ) = 8.92e+00
26-16-21-37 Loss=-25.498094 | E0=-7.26606704-0.00121433j | E1=-7.10078558+0.00226788j|E2=-5.94193291-0.00477909j|E3=-5.18930895+0.00224170j
26-16-21-37 #-----------------------------------------#
26-16-21-38 [Step   6] logΨ: mean=15.691-0.257j | min=9.936-1.764j | max=17.184+2.724j
26-16-21-38 梯度监控 | raw=47.9871 | per_param=1.4416 |  natural=1.0827 | clipped=1.0827(上限20.0)
26-16-21-38 原始规范坐标 G(Re Σrow_mean) = +9.9114 | 累计|g| = 0.0000
26-16-21-38 Ψ矩阵条件数 cond(Ψ) = 1.53e+01
26-16-21-38 Loss=-25.931910 | E0=-7.36598201-0.00979918j | E1=-7.18592875+0.00590681j|E2=-6.16030714+0.00482787j|E3=-5.21969224+0.00178972j
26-16-21-38 #-----------------------------------------#
26-16-21-38 [Step   7] logΨ: mean=16.711-0.147j | min=8.763-0.297j | max=18.133+2.703j
26-16-21-38 梯度监控 | raw=57.8091 | per_param=1.7367 |  natural=0.9458 | clipped=0.9458(上限20.0)
26-16-21-38 原始规范坐标 G(Re Σrow_mean) = +10.8292 | 累计|g| = 0.0000
26-16-21-38 Ψ矩阵条件数 cond(Ψ) = 3.59e+01
26-16-21-38 Loss=-26.324608 | E0=-7.47488878+0.00146759j | E1=-7.26990229-0.00114624j|E2=-6.29605071+0.00234816j|E3=-5.28376618+0.00071914j
26-16-21-38 #-----------------------------------------#
26-16-21-38 [Step   8] logΨ: mean=17.783-0.184j | min=10.668-0.239j | max=19.167+0.005j
26-16-21-38 梯度监控 | raw=86.4927 | per_param=2.5984 |  natural=0.8373 | clipped=0.8373(上限20.0)
26-16-21-38 原始规范坐标 G(Re Σrow_mean) = +11.8910 | 累计|g| = 0.0000
26-16-21-38 Ψ矩阵条件数 cond(Ψ) = 2.16e+01
26-16-21-38 Loss=-26.757065 | E0=-7.53601880+0.00172754j | E1=-7.31983759+0.00127547j|E2=-6.52265237+0.00371029j|E3=-5.37855620-0.00497751j
26-16-21-38 #-----------------------------------------#
26-16-21-38 [Step   9] logΨ: mean=18.449+0.053j | min=11.936+0.039j | max=19.773+3.081j
26-16-21-38 梯度监控 | raw=122.2919 | per_param=3.6739 |  natural=0.7037 | clipped=0.7037(上限20.0)
26-16-21-38 原始规范坐标 G(Re Σrow_mean) = +12.5748 | 累计|g| = 0.0000
26-16-21-38 Ψ矩阵条件数 cond(Ψ) = 2.48e+01
26-16-21-38 Loss=-27.113978 | E0=-7.55919736-0.00484134j | E1=-7.34400158-0.00032140j|E2=-6.58623762+0.00669883j|E3=-5.62454142-0.00130572j
26-16-21-38 #-----------------------------------------#
26-16-21-38 [GaugeReset@10] 吸收 Δg = Σ Re(col_mean) = +12.5748 | 新|g| = 6.6585
26-16-21-38 [Step  10] logΨ: mean=6.278-0.065j | min=0.921+0.877j | max=7.481+2.864j
26-16-21-38 梯度监控 | raw=169.6546 | per_param=5.0968 |  natural=0.5836 | clipped=0.5836(上限20.0)
26-16-21-38 原始规范坐标 G(Re Σrow_mean) = +13.2603 | 累计|g| = 6.6585
26-16-21-38 Ψ矩阵条件数 cond(Ψ) = 7.75e+00
26-16-21-38 Loss=-27.914611 | E0=-7.60021660+0.00233259j | E1=-7.39874519-0.00280320j|E2=-6.83084251+0.00208585j|E3=-6.08480718-0.00088767j
26-16-21-38 #-----------------------------------------#
26-16-21-38 [Step  11] logΨ: mean=7.097+0.103j | min=0.861+2.836j | max=8.396+2.901j
26-16-21-38 梯度监控 | raw=167.6885 | per_param=5.0377 |  natural=0.5908 | clipped=0.5908(上限20.0)
26-16-21-38 原始规范坐标 G(Re Σrow_mean) = +14.1291 | 累计|g| = 6.6585
26-16-21-38 Ψ矩阵条件数 cond(Ψ) = 8.94e+00
26-16-21-38 Loss=-28.324013 | E0=-7.62933248-0.00133010j | E1=-7.41065906+0.00100714j|E2=-6.92732678+0.00620980j|E3=-6.35669434-0.00344765j
26-16-21-38 #-----------------------------------------#
26-16-21-38 [Step  12] logΨ: mean=7.754-0.057j | min=2.485+0.027j | max=9.078+2.989j
26-16-21-38 梯度监控 | raw=150.6038 | per_param=4.5245 |  natural=0.4661 | clipped=0.4661(上限20.0)
26-16-21-38 原始规范坐标 G(Re Σrow_mean) = +14.7594 | 累计|g| = 6.6585
26-16-21-38 Ψ矩阵条件数 cond(Ψ) = 8.06e+00
26-16-21-38 Loss=-28.692957 | E0=-7.64228370+0.00642050j | E1=-7.43048140+0.00250420j|E2=-7.00438154-0.00844213j|E3=-6.61581051+0.00112195j
26-16-21-38 #-----------------------------------------#
26-16-21-38 [Step  13] logΨ: mean=8.864+0.236j | min=3.378+0.452j | max=10.076+2.937j
26-16-21-38 梯度监控 | raw=116.6406 | per_param=3.5041 |  natural=0.4727 | clipped=0.4727(上限20.0)
26-16-21-38 原始规范坐标 G(Re Σrow_mean) = +15.8741 | 累计|g| = 6.6585
26-16-21-38 Ψ矩阵条件数 cond(Ψ) = 1.03e+01
26-16-21-38 Loss=-29.221780 | E0=-7.65407640+0.00926203j | E1=-7.46101998-0.00335886j|E2=-7.19890775+0.00076261j|E3=-6.90777551-0.01081291j
26-16-21-38 #-----------------------------------------#
26-16-21-38 [Step  14] logΨ: mean=9.446+0.068j | min=4.370-2.042j | max=10.637+3.023j
26-16-21-38 梯度监控 | raw=117.4882 | per_param=3.5296 |  natural=0.3658 | clipped=0.3658(上限20.0)
26-16-21-38 原始规范坐标 G(Re Σrow_mean) = +16.2853 | 累计|g| = 6.6585
26-16-21-38 Ψ矩阵条件数 cond(Ψ) = 1.22e+01
26-16-21-38 Loss=-29.264456 | E0=-7.66358499+0.00108853j | E1=-7.46319273+0.00048802j|E2=-7.20896805-0.01886312j|E3=-6.92871064+0.01630149j
26-16-21-38 #-----------------------------------------#
26-16-21-38 [Step  15] logΨ: mean=10.124+0.138j | min=4.334-0.043j | max=11.237+0.140j
26-16-21-38 梯度监控 | raw=69.8635 | per_param=2.0988 |  natural=0.3223 | clipped=0.3223(上限20.0)
26-16-21-38 原始规范坐标 G(Re Σrow_mean) = +17.0453 | 累计|g| = 6.6585
26-16-21-38 Ψ矩阵条件数 cond(Ψ) = 1.04e+01
26-16-21-38 Loss=-29.664221 | E0=-7.67597852+0.00318889j | E1=-7.51163980+0.00103635j|E2=-7.38880358-0.00214790j|E3=-7.08779951-0.00524056j
26-16-21-38 #-----------------------------------------#
26-16-21-38 [Step  16] logΨ: mean=10.790+0.111j | min=5.381+0.526j | max=11.774+0.081j
26-16-21-38 梯度监控 | raw=43.6638 | per_param=1.3118 |  natural=0.2699 | clipped=0.2699(上限20.0)
26-16-21-38 原始规范坐标 G(Re Σrow_mean) = +17.6506 | 累计|g| = 6.6585
26-16-21-38 Ψ矩阵条件数 cond(Ψ) = 2.10e+01
26-16-21-38 Loss=-29.814455 | E0=-7.68084659+0.00270262j | E1=-7.54844058+0.00234496j|E2=-7.43873870+0.00306785j|E3=-7.14642940-0.00482727j
26-16-21-38 #-----------------------------------------#
26-16-21-38 [Step  17] logΨ: mean=11.642+0.053j | min=7.480-3.110j | max=12.435+0.182j
26-16-21-38 梯度监控 | raw=22.3452 | per_param=0.6713 |  natural=0.2250 | clipped=0.2250(上限20.0)
26-16-21-38 原始规范坐标 G(Re Σrow_mean) = +18.2793 | 累计|g| = 6.6585
26-16-21-38 Ψ矩阵条件数 cond(Ψ) = 1.14e+01
26-16-21-38 Loss=-30.064859 | E0=-7.70746603+0.00056242j | E1=-7.61941022-0.00116187j|E2=-7.50861090+0.00241553j|E3=-7.22937203+0.00043740j
26-16-21-38 #-----------------------------------------#
26-16-21-38 [Step  18] logΨ: mean=12.219-0.393j | min=7.320-1.323j | max=12.968+0.231j
26-16-21-38 梯度监控 | raw=19.8423 | per_param=0.5961 |  natural=0.2075 | clipped=0.2075(上限20.0)
26-16-21-38 原始规范坐标 G(Re Σrow_mean) = +18.7921 | 累计|g| = 6.6585
26-16-21-38 Ψ矩阵条件数 cond(Ψ) = 1.15e+01
26-16-21-38 Loss=-30.068992 | E0=-7.71281757-0.00251740j | E1=-7.64388665+0.00029604j|E2=-7.50349501-0.00112551j|E3=-7.20879293+0.00341159j
26-16-21-38 #-----------------------------------------#
26-16-21-38 [Step  19] logΨ: mean=12.608-0.290j | min=7.120+0.947j | max=13.412+0.274j
26-16-21-38 梯度监控 | raw=30.4349 | per_param=0.9143 |  natural=0.1683 | clipped=0.1683(上限20.0)
26-16-21-38 原始规范坐标 G(Re Σrow_mean) = +19.1265 | 累计|g| = 6.6585
26-16-21-38 Ψ矩阵条件数 cond(Ψ) = 9.79e+00
26-16-21-38 Loss=-30.092844 | E0=-7.70647744+0.00044850j | E1=-7.59751393-0.00429559j|E2=-7.52395175+0.00322935j|E3=-7.26490041+0.00197459j
26-16-21-38 #-----------------------------------------#
26-16-21-38 [保存] Step 19 → pickle 文件已更新 (20 条记录)
26-16-21-38 [GaugeReset@20] 吸收 Δg = Σ Re(col_mean) = +19.1265 | 新|g| = 10.2717
26-16-21-38 [Step  20] logΨ: mean=6.494-0.282j | min=0.295+1.229j | max=7.251+1.398j
26-16-21-38 梯度监控 | raw=25.8672 | per_param=0.7771 |  natural=0.1545 | clipped=0.1545(上限20.0)
26-16-21-38 原始规范坐标 G(Re Σrow_mean) = +19.4629 | 累计|g| = 10.2717
26-16-21-38 Ψ矩阵条件数 cond(Ψ) = 1.02e+01
26-16-21-38 Loss=-30.194665 | E0=-7.72050628+0.00006901j | E1=-7.64947774+0.00210448j|E2=-7.54577072-0.00287838j|E3=-7.27891073+0.00109265j
26-16-21-38 #-----------------------------------------#
26-16-21-38 [Step  21] logΨ: mean=7.194-0.395j | min=0.298-2.896j | max=7.936+1.435j
26-16-21-38 梯度监控 | raw=23.6159 | per_param=0.7095 |  natural=0.1968 | clipped=0.1968(上限20.0)
26-16-21-38 原始规范坐标 G(Re Σrow_mean) = +19.9882 | 累计|g| = 10.2717
26-16-21-38 Ψ矩阵条件数 cond(Ψ) = 6.78e+00
26-16-21-38 Loss=-30.169628 | E0=-7.72354261-0.00050866j | E1=-7.65389508-0.00044944j|E2=-7.53404673+0.00255507j|E3=-7.25814359-0.00214068j
26-16-21-38 #-----------------------------------------#
26-16-21-38 [Step  22] logΨ: mean=7.752-0.138j | min=2.666-0.326j | max=8.520+1.517j
26-16-21-38 梯度监控 | raw=33.4634 | per_param=1.0053 |  natural=0.1594 | clipped=0.1594(上限20.0)
26-16-21-38 原始规范坐标 G(Re Σrow_mean) = +20.3243 | 累计|g| = 10.2717
26-16-21-38 Ψ矩阵条件数 cond(Ψ) = 7.57e+00
26-16-21-38 Loss=-30.268790 | E0=-7.72762596+0.00212407j | E1=-7.64814428-0.00102019j|E2=-7.57112193+0.00228714j|E3=-7.32189753-0.00350847j
26-16-21-38 #-----------------------------------------#
26-16-21-38 [Step  23] logΨ: mean=8.178-0.070j | min=3.841+2.416j | max=8.897+1.582j
26-16-21-38 梯度监控 | raw=35.0152 | per_param=1.0519 |  natural=0.0885 | clipped=0.0885(上限20.0)
26-16-21-38 原始规范坐标 G(Re Σrow_mean) = +20.5675 | 累计|g| = 10.2717
26-16-21-38 Ψ矩阵条件数 cond(Ψ) = 7.52e+00
26-16-21-38 Loss=-30.241153 | E0=-7.73161157+0.00039294j | E1=-7.64595718-0.00003784j|E2=-7.55201482+0.00031569j|E3=-7.31156914+0.00459576j
26-16-21-38 #-----------------------------------------#
26-16-21-38 [Step  24] logΨ: mean=8.621+0.031j | min=3.115+1.373j | max=9.334+1.787j
26-16-21-38 梯度监控 | raw=35.0711 | per_param=1.0536 |  natural=0.1109 | clipped=0.1109(上限20.0)
26-16-21-38 原始规范坐标 G(Re Σrow_mean) = +20.9193 | 累计|g| = 10.2717
26-16-21-38 Ψ矩阵条件数 cond(Ψ) = 1.24e+01
26-16-21-38 Loss=-30.304940 | E0=-7.73272564+0.00096095j | E1=-7.66102760+0.00063408j|E2=-7.58625886-0.00032212j|E3=-7.32492816+0.00006865j
26-16-21-38 #-----------------------------------------#
26-16-21-38 [Step  25] logΨ: mean=9.220+0.241j | min=5.132+0.434j | max=9.888+2.135j
26-16-21-38 梯度监控 | raw=43.3977 | per_param=1.3038 |  natural=0.1029 | clipped=0.1029(上限20.0)
26-16-21-38 原始规范坐标 G(Re Σrow_mean) = +21.3504 | 累计|g| = 10.2717
26-16-21-38 Ψ矩阵条件数 cond(Ψ) = 9.45e+00
26-16-21-38 Loss=-30.324948 | E0=-7.72914120-0.00274247j | E1=-7.66159011-0.00160232j|E2=-7.59195252-0.00298697j|E3=-7.34226450+0.00297329j
26-16-21-38 #-----------------------------------------#
26-16-21-38 [Step  26] logΨ: mean=9.602+0.066j | min=4.492-1.742j | max=10.318+2.511j
26-16-21-38 梯度监控 | raw=47.7526 | per_param=1.4346 |  natural=0.0941 | clipped=0.0941(上限20.0)
26-16-21-38 原始规范坐标 G(Re Σrow_mean) = +21.6574 | 累计|g| = 10.2717
26-16-21-38 Ψ矩阵条件数 cond(Ψ) = 5.92e+00
26-16-21-38 Loss=-30.352521 | E0=-7.74065701-0.00175751j | E1=-7.66310905-0.00168109j|E2=-7.59312534+0.00001384j|E3=-7.35562917+0.00120886j
26-16-21-38 #-----------------------------------------#
26-16-21-38 [Step  27] logΨ: mean=9.978+0.507j | min=4.833-0.985j | max=10.622+2.816j
26-16-21-38 梯度监控 | raw=60.1481 | per_param=1.8070 |  natural=0.1263 | clipped=0.1263(上限20.0)
26-16-21-38 原始规范坐标 G(Re Σrow_mean) = +21.9539 | 累计|g| = 10.2717
26-16-21-38 Ψ矩阵条件数 cond(Ψ) = 1.07e+01
26-16-21-38 Loss=-30.391759 | E0=-7.73985146+0.00208773j | E1=-7.66211854+0.00146026j|E2=-7.59969737-0.00065048j|E3=-7.39009196-0.00291458j
26-16-21-38 #-----------------------------------------#
26-16-21-38 [Step  28] logΨ: mean=9.765+0.473j | min=6.220-0.043j | max=10.379+2.956j
26-16-21-38 梯度监控 | raw=58.1422 | per_param=1.7467 |  natural=0.0475 | clipped=0.0475(上限20.0)
26-16-21-38 原始规范坐标 G(Re Σrow_mean) = +21.8715 | 累计|g| = 10.2717
26-16-21-38 Ψ矩阵条件数 cond(Ψ) = 2.56e+01
26-16-21-38 Loss=-30.368749 | E0=-7.74411582+0.00063028j | E1=-7.66108528-0.00155425j|E2=-7.59864569+0.00071599j|E3=-7.36490212+0.00637192j
26-16-21-38 #-----------------------------------------#
26-16-21-38 [Step  29] logΨ: mean=9.220+0.124j | min=4.583+3.027j | max=9.774+0.428j
26-16-21-38 梯度监控 | raw=63.7530 | per_param=1.9153 |  natural=0.0761 | clipped=0.0761(上限20.0)
26-16-21-38 原始规范坐标 G(Re Σrow_mean) = +21.6093 | 累计|g| = 10.2717
26-16-21-38 Ψ矩阵条件数 cond(Ψ) = 1.31e+01
26-16-21-38 Loss=-30.445351 | E0=-7.74951497+0.00045324j | E1=-7.66510561+0.00067348j|E2=-7.61411754-0.00280954j|E3=-7.41661281+0.00328850j
26-16-21-38 #-----------------------------------------#
26-16-21-38 [GaugeReset@30] 吸收 Δg = Σ Re(col_mean) = +21.6093 | 新|g| = 11.5862
26-16-21-38 [Step  30] logΨ: mean=7.895+0.496j | min=2.182+1.746j | max=8.441+2.708j
26-16-21-38 梯度监控 | raw=66.3021 | per_param=1.9919 |  natural=0.1681 | clipped=0.1681(上限20.0)
26-16-21-38 原始规范坐标 G(Re Σrow_mean) = +22.4919 | 累计|g| = 11.5862
26-16-21-38 Ψ矩阵条件数 cond(Ψ) = 6.43e+00
26-16-21-38 Loss=-30.421703 | E0=-7.74211897+0.00136404j | E1=-7.66414626+0.00147168j|E2=-7.61108920-0.00246097j|E3=-7.40434886+0.00303698j
26-16-21-38 #-----------------------------------------#
26-16-21-38 [Step  31] logΨ: mean=7.934+0.245j | min=3.751-2.206j | max=8.422+0.199j
26-16-21-38 梯度监控 | raw=64.4278 | per_param=1.9355 |  natural=0.0674 | clipped=0.0674(上限20.0)
26-16-21-38 原始规范坐标 G(Re Σrow_mean) = +22.5338 | 累计|g| = 11.5862
26-16-21-38 Ψ矩阵条件数 cond(Ψ) = 4.54e+00
26-16-21-38 Loss=-30.524733 | E0=-7.76403148+0.00011767j | E1=-7.66568111+0.00016347j|E2=-7.63479774+0.00304183j|E3=-7.46022242-0.00381688j
26-16-21-38 #-----------------------------------------#
26-16-21-38 [Step  32] logΨ: mean=8.460+0.299j | min=3.694+1.696j | max=9.019+3.066j
26-16-21-38 梯度监控 | raw=74.3051 | per_param=2.2323 |  natural=0.0938 | clipped=0.0938(上限20.0)
26-16-21-38 原始规范坐标 G(Re Σrow_mean) = +23.1205 | 累计|g| = 11.5862
26-16-21-38 Ψ矩阵条件数 cond(Ψ) = 6.37e+00
26-16-21-38 Loss=-30.490145 | E0=-7.75404593-0.00111874j | E1=-7.66481859+0.00012125j|E2=-7.62089558+0.00179100j|E3=-7.45038505-0.00069801j
26-16-21-38 #-----------------------------------------#
26-16-21-38 [Step  33] logΨ: mean=8.213+0.015j | min=3.716-0.444j | max=8.767+2.633j
26-16-21-38 梯度监控 | raw=66.3403 | per_param=1.9930 |  natural=0.0990 | clipped=0.0990(上限20.0)
26-16-21-38 原始规范坐标 G(Re Σrow_mean) = +22.8494 | 累计|g| = 11.5862
26-16-21-38 Ψ矩阵条件数 cond(Ψ) = 1.37e+01
26-16-21-38 Loss=-30.514744 | E0=-7.76600483-0.00022710j | E1=-7.66587337+0.00189823j|E2=-7.63044740-0.00156603j|E3=-7.45241806+0.00118601j
26-16-21-38 #-----------------------------------------#
26-16-21-38 [Step  34] logΨ: mean=9.161+0.382j | min=2.527-0.388j | max=9.712+2.987j
26-16-21-38 梯度监控 | raw=66.9415 | per_param=2.0111 |  natural=0.1431 | clipped=0.1431(上限20.0)
26-16-21-38 原始规范坐标 G(Re Σrow_mean) = +23.6091 | 累计|g| = 11.5862
26-16-21-38 Ψ矩阵条件数 cond(Ψ) = 6.34e+00
26-16-21-38 Loss=-30.574891 | E0=-7.76284842-0.00132881j | E1=-7.66725056-0.00222257j|E2=-7.62967762+0.00357924j|E3=-7.51511440+0.00364949j
26-16-21-38 #-----------------------------------------#
26-16-21-38 [Step  35] logΨ: mean=9.216-0.120j | min=5.799-1.519j | max=9.760+2.580j
26-16-21-38 梯度监控 | raw=75.5044 | per_param=2.2683 |  natural=0.0603 | clipped=0.0603(上限20.0)
26-16-21-38 原始规范坐标 G(Re Σrow_mean) = +23.6744 | 累计|g| = 11.5862
26-16-21-38 Ψ矩阵条件数 cond(Ψ) = 1.45e+01
26-16-21-38 Loss=-30.556492 | E0=-7.76107900+0.00309776j | E1=-7.66819483-0.00208543j|E2=-7.64347341-0.00038706j|E3=-7.48374515-0.00114925j
26-16-21-38 #-----------------------------------------#
26-16-21-38 [Step  36] logΨ: mean=9.962+0.138j | min=4.701+1.620j | max=10.536+2.794j
26-16-21-38 梯度监控 | raw=66.8061 | per_param=2.0070 |  natural=0.1097 | clipped=0.1097(上限20.0)
26-16-21-38 原始规范坐标 G(Re Σrow_mean) = +24.1405 | 累计|g| = 11.5862
26-16-21-38 Ψ矩阵条件数 cond(Ψ) = 1.86e+01
26-16-21-38 Loss=-30.601511 | E0=-7.77566564+0.00123186j | E1=-7.66886368+0.00178856j|E2=-7.64762756+0.00269949j|E3=-7.50935406+0.00110881j
26-16-21-38 #-----------------------------------------#
26-16-21-38 [Step  37] logΨ: mean=10.537-0.469j | min=5.024-0.480j | max=11.163+1.852j
26-16-21-38 梯度监控 | raw=76.7254 | per_param=2.3050 |  natural=0.0556 | clipped=0.0556(上限20.0)
26-16-21-38 原始规范坐标 G(Re Σrow_mean) = +24.5634 | 累计|g| = 11.5862
26-16-21-38 Ψ矩阵条件数 cond(Ψ) = 2.09e+01
26-16-21-38 Loss=-30.603426 | E0=-7.77493938-0.00170081j | E1=-7.66673189+0.00095561j|E2=-7.64001536+0.00698568j|E3=-7.52173932-0.00239241j
26-16-21-38 #-----------------------------------------#
26-16-21-38 [Step  38] logΨ: mean=11.151-0.053j | min=5.489+1.723j | max=11.683+1.712j
26-16-21-38 梯度监控 | raw=67.7355 | per_param=2.0349 |  natural=0.0832 | clipped=0.0832(上限20.0)
26-16-21-38 原始规范坐标 G(Re Σrow_mean) = +24.8075 | 累计|g| = 11.5862
26-16-21-38 Ψ矩阵条件数 cond(Ψ) = 4.10e+00
26-16-21-38 Loss=-30.689272 | E0=-7.78899721-0.00090867j | E1=-7.67235288+0.00090760j|E2=-7.64975959+0.00204545j|E3=-7.57816233-0.00508681j
26-16-21-38 #-----------------------------------------#
26-16-21-38 [Step  39] logΨ: mean=10.955-0.252j | min=7.322-2.085j | max=11.473+1.588j
26-16-21-38 梯度监控 | raw=66.9361 | per_param=2.0109 |  natural=0.0238 | clipped=0.0238(上限20.0)
26-16-21-38 原始规范坐标 G(Re Σrow_mean) = +24.7571 | 累计|g| = 11.5862
26-16-21-38 Ψ矩阵条件数 cond(Ψ) = 4.09e+00
26-16-21-38 Loss=-30.693151 | E0=-7.79039847+0.00076977j | E1=-7.67373535-0.00021977j|E2=-7.65486534-0.00267117j|E3=-7.57415194+0.00021123j
26-16-21-38 #-----------------------------------------#
26-16-21-38 [保存] Step 39 → pickle 文件已更新 (40 条记录)
26-16-21-38 [GaugeReset@40] 吸收 Δg = Σ Re(col_mean) = +24.7571 | 新|g| = 13.2540
26-16-21-38 [Step  40] logΨ: mean=7.702+0.173j | min=3.688+1.740j | max=8.284+0.245j
26-16-21-38 梯度监控 | raw=66.7260 | per_param=2.0046 |  natural=0.0796 | clipped=0.0796(上限20.0)
26-16-21-38 原始规范坐标 G(Re Σrow_mean) = +24.6978 | 累计|g| = 13.2540
26-16-21-38 Ψ矩阵条件数 cond(Ψ) = 8.32e+00
26-16-21-38 Loss=-30.685359 | E0=-7.79336097+0.00129911j | E1=-7.67268600+0.00130865j|E2=-7.64839129+0.00098030j|E3=-7.57092094-0.00263837j
26-16-21-38 #-----------------------------------------#
26-16-21-38 [Step  41] logΨ: mean=8.338-0.171j | min=3.304+2.534j | max=8.976+0.169j
26-16-21-38 梯度监控 | raw=69.2902 | per_param=2.0816 |  natural=0.0853 | clipped=0.0853(上限20.0)
26-16-21-38 原始规范坐标 G(Re Σrow_mean) = +25.1337 | 累计|g| = 13.2540
26-16-21-38 Ψ矩阵条件数 cond(Ψ) = 7.72e+00
26-16-21-38 Loss=-30.658120 | E0=-7.78769993+0.00091202j | E1=-7.67221435-0.00113595j|E2=-7.64928868+0.00049172j|E3=-7.54891729+0.00031485j
26-16-21-38 #-----------------------------------------#
26-16-21-38 [Step  42] logΨ: mean=8.332-0.233j | min=5.430+1.861j | max=8.891+0.171j
26-16-21-38 梯度监控 | raw=60.4044 | per_param=1.8147 |  natural=0.0191 | clipped=0.0191(上限20.0)
26-16-21-38 原始规范坐标 G(Re Σrow_mean) = +25.0832 | 累计|g| = 13.2540
26-16-21-38 Ψ矩阵条件数 cond(Ψ) = 7.61e+00
26-16-21-38 Loss=-30.727200 | E0=-7.79456088+0.00017848j | E1=-7.67982704+0.00085003j|E2=-7.65913675-0.00045434j|E3=-7.59367490-0.00317088j
26-16-21-38 #-----------------------------------------#
26-16-21-38 [Step  43] logΨ: mean=8.278+0.447j | min=2.516+1.911j | max=8.938+1.003j
26-16-21-38 梯度监控 | raw=74.2616 | per_param=2.2310 |  natural=0.2857 | clipped=0.2857(上限20.0)
26-16-21-38 原始规范坐标 G(Re Σrow_mean) = +25.1189 | 累计|g| = 13.2540
26-16-21-38 Ψ矩阵条件数 cond(Ψ) = 6.31e+00
26-16-21-38 Loss=-30.688086 | E0=-7.79265221-0.00060697j | E1=-7.67354772+0.00014111j|E2=-7.65056717+0.00225278j|E3=-7.57131880+0.00106257j
26-16-21-38 #-----------------------------------------#
26-16-21-38 [Step  44] logΨ: mean=9.252+0.008j | min=2.591+1.819j | max=9.842+1.292j
26-16-21-38 梯度监控 | raw=62.7220 | per_param=1.8843 |  natural=0.1179 | clipped=0.1179(上限20.0)
26-16-21-38 原始规范坐标 G(Re Σrow_mean) = +25.7134 | 累计|g| = 13.2540
26-16-21-38 Ψ矩阵条件数 cond(Ψ) = 7.55e+00
26-16-21-38 Loss=-30.714106 | E0=-7.80243661+0.00071591j | E1=-7.67622756-0.00143524j|E2=-7.65356337+0.00198303j|E3=-7.58187865-0.00191845j
26-16-21-38 #-----------------------------------------#
26-16-21-38 [Step  45] logΨ: mean=9.234+0.256j | min=3.938+0.544j | max=9.815+1.304j
26-16-21-38 梯度监控 | raw=64.1972 | per_param=1.9286 |  natural=0.0468 | clipped=0.0468(上限20.0)
26-16-21-38 原始规范坐标 G(Re Σrow_mean) = +25.5439 | 累计|g| = 13.2540
26-16-21-38 Ψ矩阵条件数 cond(Ψ) = 6.25e+00
26-16-21-38 Loss=-30.747504 | E0=-7.80238858-0.00101655j | E1=-7.67983185+0.00295540j|E2=-7.65837826+0.00112720j|E3=-7.60690566-0.00439337j
26-16-21-38 #-----------------------------------------#
26-16-21-38 [Step  46] logΨ: mean=8.193+0.402j | min=1.234+0.416j | max=8.673+1.155j
26-16-21-38 梯度监控 | raw=54.7161 | per_param=1.6438 |  natural=0.1205 | clipped=0.1205(上限20.0)
26-16-21-38 原始规范坐标 G(Re Σrow_mean) = +24.9604 | 累计|g| = 13.2540
26-16-21-38 Ψ矩阵条件数 cond(Ψ) = 6.89e+00
26-16-21-38 Loss=-30.782624 | E0=-7.80906552+0.00072115j | E1=-7.69069638+0.00177706j|E2=-7.66302660-0.00063572j|E3=-7.61983558-0.00114802j
26-16-21-38 #-----------------------------------------#
26-16-21-38 [Step  47] logΨ: mean=9.459-0.307j | min=3.338+0.018j | max=9.936+2.251j
26-16-21-38 梯度监控 | raw=40.8926 | per_param=1.2285 |  natural=0.1830 | clipped=0.1830(上限20.0)
26-16-21-38 原始规范坐标 G(Re Σrow_mean) = +25.7366 | 累计|g| = 13.2540
26-16-21-38 Ψ矩阵条件数 cond(Ψ) = 1.49e+01
26-16-21-38 Loss=-30.770526 | E0=-7.80841402-0.00148639j | E1=-7.68554618-0.00158324j|E2=-7.65261460+0.00269785j|E3=-7.62395105-0.00145674j
26-16-21-38 #-----------------------------------------#
26-16-21-38 [Step  48] logΨ: mean=9.375-0.259j | min=5.522-1.758j | max=9.855+2.211j
26-16-21-38 梯度监控 | raw=90.0213 | per_param=2.7044 |  natural=0.0164 | clipped=0.0164(上限20.0)
26-16-21-38 原始规范坐标 G(Re Σrow_mean) = +25.7584 | 累计|g| = 13.2540
26-16-21-38 Ψ矩阵条件数 cond(Ψ) = 8.89e+00
26-16-21-38 Loss=-30.769792 | E0=-7.80270258+0.00220782j | E1=-7.68688847+0.00121298j|E2=-7.66108947-0.00045646j|E3=-7.61911192-0.00154600j
26-16-21-38 #-----------------------------------------#
26-16-21-38 [Step  49] logΨ: mean=9.358-0.425j | min=5.177-1.669j | max=9.798+2.157j
26-16-21-38 梯度监控 | raw=70.3462 | per_param=2.1133 |  natural=0.0174 | clipped=0.0174(上限20.0)
26-16-21-38 原始规范坐标 G(Re Σrow_mean) = +25.6608 | 累计|g| = 13.2540
26-16-21-38 Ψ矩阵条件数 cond(Ψ) = 9.03e+00
26-16-21-38 Loss=-30.794714 | E0=-7.80624041-0.00029779j | E1=-7.68912367-0.00111122j|E2=-7.66230125+0.00030712j|E3=-7.63704898+0.00001254j
26-16-21-38 #-----------------------------------------#
26-16-21-38 [GaugeReset@50] 吸收 Δg = Σ Re(col_mean) = +25.6608 | 新|g| = 13.8120
26-16-21-38 [Step  50] logΨ: mean=7.458+0.059j | min=1.751-1.876j | max=7.936+0.547j
26-16-21-38 梯度监控 | raw=85.2308 | per_param=2.5605 |  natural=0.1353 | clipped=0.1353(上限20.0)
26-16-21-38 原始规范坐标 G(Re Σrow_mean) = +25.2155 | 累计|g| = 13.8120
26-16-21-38 Ψ矩阵条件数 cond(Ψ) = 4.74e+00
26-16-21-38 Loss=-30.766535 | E0=-7.80120579-0.00147558j | E1=-7.68478486+0.00121651j|E2=-7.66208054+0.00032825j|E3=-7.61846363-0.00055421j
26-16-21-38 #-----------------------------------------#
26-16-21-38 [Step  51] logΨ: mean=7.131+0.295j | min=0.813-2.645j | max=7.572+0.835j
26-16-21-38 梯度监控 | raw=66.7766 | per_param=2.0061 |  natural=0.1968 | clipped=0.1968(上限20.0)
26-16-21-38 原始规范坐标 G(Re Σrow_mean) = +24.8206 | 累计|g| = 13.8120
26-16-21-38 Ψ矩阵条件数 cond(Ψ) = 9.69e+00
26-16-21-38 Loss=-30.777481 | E0=-7.79977903+0.00044700j | E1=-7.69128155-0.00235065j|E2=-7.66700453-0.00063099j|E3=-7.61941593+0.00336434j
26-16-21-38 #-----------------------------------------#
26-16-21-38 [Step  52] logΨ: mean=7.340-0.057j | min=2.199-2.156j | max=7.764+0.412j
26-16-21-38 梯度监控 | raw=47.2367 | per_param=1.4191 |  natural=0.1098 | clipped=0.1098(上限20.0)
26-16-21-38 原始规范坐标 G(Re Σrow_mean) = +24.9714 | 累计|g| = 13.8120
26-16-21-38 Ψ矩阵条件数 cond(Ψ) = 4.73e+00
26-16-21-38 Loss=-30.793458 | E0=-7.79904113-0.00123804j | E1=-7.69220374-0.00163779j|E2=-7.66219862+0.00000709j|E3=-7.64001434+0.00111474j
26-16-21-38 #-----------------------------------------#
26-16-21-38 [Step  53] logΨ: mean=7.761+0.350j | min=2.235+0.319j | max=8.212+0.720j
26-16-21-38 梯度监控 | raw=51.2513 | per_param=1.5397 |  natural=0.1007 | clipped=0.1007(上限20.0)
26-16-21-38 原始规范坐标 G(Re Σrow_mean) = +25.2142 | 累计|g| = 13.8120
26-16-21-38 Ψ矩阵条件数 cond(Ψ) = 1.05e+01
26-16-21-38 Loss=-30.797451 | E0=-7.79958713+0.00051746j | E1=-7.69161981-0.00045960j|E2=-7.66700022+0.00008096j|E3=-7.63924360+0.00086923j
26-16-21-38 #-----------------------------------------#
26-16-21-38 [Step  54] logΨ: mean=7.849+0.326j | min=0.930-0.032j | max=8.286+1.177j
26-16-21-38 梯度监控 | raw=56.4204 | per_param=1.6950 |  natural=0.2597 | clipped=0.2597(上限20.0)
26-16-21-38 原始规范坐标 G(Re Σrow_mean) = +25.1553 | 累计|g| = 13.8120
26-16-21-38 Ψ矩阵条件数 cond(Ψ) = 8.64e+00
26-16-21-38 Loss=-30.805215 | E0=-7.80426637-0.00086267j | E1=-7.69462392+0.00257543j|E2=-7.66696354-0.00645737j|E3=-7.63936077+0.00235781j
26-16-21-38 #-----------------------------------------#
26-16-21-38 [Step  55] logΨ: mean=7.817+0.513j | min=4.485+0.862j | max=8.172+1.152j
26-16-21-38 梯度监控 | raw=37.5457 | per_param=1.1280 |  natural=0.0153 | clipped=0.0153(上限20.0)
26-16-21-38 原始规范坐标 G(Re Σrow_mean) = +25.0952 | 累计|g| = 13.8120
26-16-21-38 Ψ矩阵条件数 cond(Ψ) = 8.20e+00
26-16-21-38 Loss=-30.836194 | E0=-7.81606644-0.00002186j | E1=-7.69955933-0.00052336j|E2=-7.66977384+0.00137378j|E3=-7.65079476-0.00036795j
26-16-21-38 #-----------------------------------------#
26-16-21-38 [Step  56] logΨ: mean=7.664+0.536j | min=3.385-0.796j | max=8.027+1.110j
26-16-21-38 梯度监控 | raw=39.0223 | per_param=1.1723 |  natural=0.0170 | clipped=0.0170(上限20.0)
26-16-21-38 原始规范坐标 G(Re Σrow_mean) = +25.0357 | 累计|g| = 13.8120
26-16-21-38 Ψ矩阵条件数 cond(Ψ) = 6.66e+00
26-16-21-38 Loss=-30.837511 | E0=-7.81675045-0.00007371j | E1=-7.69966800+0.00115058j|E2=-7.67183159+0.00048364j|E3=-7.64926059-0.00141601j
26-16-21-38 #-----------------------------------------#
26-16-21-38 [Step  57] logΨ: mean=7.640+0.292j | min=3.648+0.196j | max=7.969+1.060j
26-16-21-38 梯度监控 | raw=34.5391 | per_param=1.0376 |  natural=0.0164 | clipped=0.0164(上限20.0)
26-16-21-38 原始规范坐标 G(Re Σrow_mean) = +25.0206 | 累计|g| = 13.8120
26-16-21-38 Ψ矩阵条件数 cond(Ψ) = 7.47e+00
26-16-21-38 Loss=-30.848422 | E0=-7.81857430+0.00029742j | E1=-7.70186657-0.00061296j|E2=-7.67375099-0.00096669j|E3=-7.65422994+0.00017301j
26-16-21-38 #-----------------------------------------#
26-16-21-38 [Step  58] logΨ: mean=7.358-0.462j | min=0.770+1.729j | max=7.978+2.093j
26-16-21-38 梯度监控 | raw=56.8992 | per_param=1.7094 |  natural=0.0973 | clipped=0.0973(上限20.0)
26-16-21-38 原始规范坐标 G(Re Σrow_mean) = +24.9324 | 累计|g| = 13.8120
26-16-21-38 Ψ矩阵条件数 cond(Ψ) = 6.38e+00
26-16-21-38 Loss=-30.782178 | E0=-7.80294670+0.00237720j | E1=-7.68582255-0.00096857j|E2=-7.66079746-0.00067752j|E3=-7.63261102+0.00411587j
26-16-21-38 #-----------------------------------------#
26-16-21-38 [Step  59] logΨ: mean=7.405-0.556j | min=2.838+1.007j | max=7.828+1.996j
26-16-21-38 梯度监控 | raw=51.3546 | per_param=1.5428 |  natural=0.1232 | clipped=0.1232(上限20.0)
26-16-21-38 原始规范坐标 G(Re Σrow_mean) = +24.9776 | 累计|g| = 13.8120
26-16-21-38 Ψ矩阵条件数 cond(Ψ) = 1.59e+01
26-16-21-38 Loss=-30.838346 | E0=-7.82504506+0.00103302j | E1=-7.69696730-0.00234574j|E2=-7.67342478+0.00132141j|E3=-7.64290843+0.00009297j
26-16-21-38 #-----------------------------------------#
26-16-21-38 [保存] Step 59 → pickle 文件已更新 (60 条记录)
26-16-21-38 [GaugeReset@60] 吸收 Δg = Σ Re(col_mean) = +24.9776 | 新|g| = 13.3936
26-16-21-38 [Step  60] logΨ: mean=8.109-0.854j | min=4.367+2.596j | max=8.482+1.615j
26-16-21-38 梯度监控 | raw=37.7945 | per_param=1.1354 |  natural=0.0173 | clipped=0.0173(上限20.0)
26-16-21-38 原始规范坐标 G(Re Σrow_mean) = +24.9886 | 累计|g| = 13.3936
26-16-21-38 Ψ矩阵条件数 cond(Ψ) = 1.35e+01
26-16-21-38 Loss=-30.864936 | E0=-7.82863997-0.00040179j | E1=-7.70378739+0.00034901j|E2=-7.67694324+0.00089064j|E3=-7.65556541+0.00104905j
26-16-21-38 #-----------------------------------------#
26-16-21-38 [Step  61] logΨ: mean=8.928+0.279j | min=2.468+2.471j | max=9.336+1.116j
26-16-21-38 梯度监控 | raw=47.1587 | per_param=1.4167 |  natural=0.1972 | clipped=0.1972(上限20.0)
26-16-21-38 原始规范坐标 G(Re Σrow_mean) = +25.7909 | 累计|g| = 13.3936
26-16-21-38 Ψ矩阵条件数 cond(Ψ) = 7.13e+00
26-16-21-38 Loss=-30.842277 | E0=-7.82445553+0.00097646j | E1=-7.70185931+0.00090567j|E2=-7.67383048-0.00254184j|E3=-7.64213128+0.00173323j
26-16-21-38 #-----------------------------------------#
26-16-21-38 [Step  62] logΨ: mean=8.916+0.591j | min=4.339+2.265j | max=9.291+1.079j
26-16-21-38 梯度监控 | raw=38.3583 | per_param=1.1524 |  natural=0.0242 | clipped=0.0242(上限20.0)
26-16-21-38 原始规范坐标 G(Re Σrow_mean) = +25.7034 | 累计|g| = 13.3936
26-16-21-38 Ψ矩阵条件数 cond(Ψ) = 5.74e+00
26-16-21-38 Loss=-30.868098 | E0=-7.83031128+0.00056754j | E1=-7.70275846-0.00020093j|E2=-7.67757932-0.00118162j|E3=-7.65744909+0.00007473j
26-16-21-38 #-----------------------------------------#
26-16-21-38 [Step  63] logΨ: mean=9.057+0.059j | min=3.755-2.533j | max=9.448+0.628j
26-16-21-38 梯度监控 | raw=27.9776 | per_param=0.8405 |  natural=0.1386 | clipped=0.1386(上限20.0)
26-16-21-38 原始规范坐标 G(Re Σrow_mean) = +25.7160 | 累计|g| = 13.3936
26-16-21-38 Ψ矩阵条件数 cond(Ψ) = 6.08e+00
26-16-21-38 Loss=-30.868575 | E0=-7.83594504+0.00065249j | E1=-7.70052725-0.00239433j|E2=-7.67773323+0.00320963j|E3=-7.65436989-0.00082861j
26-16-21-38 #-----------------------------------------#
26-16-21-39 [Step  64] logΨ: mean=11.758+0.423j | min=7.148+2.820j | max=12.002+0.991j
26-16-21-39 梯度监控 | raw=23.6671 | per_param=0.7110 |  natural=0.0770 | clipped=0.0770(上限20.0)
26-16-21-39 原始规范坐标 G(Re Σrow_mean) = +27.4322 | 累计|g| = 13.3936
26-16-21-39 Ψ矩阵条件数 cond(Ψ) = 8.57e+00
26-16-21-39 Loss=-30.884579 | E0=-7.83848790+0.00042705j | E1=-7.70710392-0.00200497j|E2=-7.68163882-0.00047129j|E3=-7.65734846-0.00029655j
26-16-21-39 #-----------------------------------------#
26-16-21-39 [Step  65] logΨ: mean=11.281+0.514j | min=6.147-0.267j | max=11.649+3.055j
26-16-21-39 梯度监控 | raw=36.5464 | per_param=1.0979 |  natural=0.1292 | clipped=0.1292(上限20.0)
26-16-21-39 原始规范坐标 G(Re Σrow_mean) = +27.2501 | 累计|g| = 13.3936
26-16-21-39 Ψ矩阵条件数 cond(Ψ) = 2.43e+01
26-16-21-39 Loss=-30.843140 | E0=-7.81211172+0.00073851j | E1=-7.69974329+0.00044605j|E2=-7.67417951-0.00156917j|E3=-7.65710561+0.00181156j
26-16-21-39 #-----------------------------------------#
26-16-21-39 [Step  66] logΨ: mean=8.235+0.289j | min=1.967+1.041j | max=8.741+0.885j
26-16-21-39 梯度监控 | raw=33.8785 | per_param=1.0178 |  natural=0.1815 | clipped=0.1815(上限20.0)
26-16-21-39 原始规范坐标 G(Re Σrow_mean) = +25.4891 | 累计|g| = 13.3936
26-16-21-39 Ψ矩阵条件数 cond(Ψ) = 6.33e+00
26-16-21-39 Loss=-30.848931 | E0=-7.81673066+0.00084913j | E1=-7.70378162-0.00083315j|E2=-7.67860840-0.00181893j|E3=-7.64981010+0.00233956j
26-16-21-39 #-----------------------------------------#
26-16-21-39 [Step  67] logΨ: mean=8.262-0.112j | min=5.460+2.515j | max=8.707+0.810j
26-16-21-39 梯度监控 | raw=15.6361 | per_param=0.4697 |  natural=0.0167 | clipped=0.0167(上限20.0)
26-16-21-39 原始规范坐标 G(Re Σrow_mean) = +25.5532 | 累计|g| = 13.3936
26-16-21-39 Ψ矩阵条件数 cond(Ψ) = 7.77e+00
26-16-21-39 Loss=-30.842913 | E0=-7.79725862-0.00050871j | E1=-7.70720005-0.00141905j|E2=-7.68076788+0.00160586j|E3=-7.65768679-0.00341852j
26-16-21-39 #-----------------------------------------#
26-16-21-39 [Step  68] logΨ: mean=7.888+0.121j | min=1.715+1.705j | max=8.341+0.954j
26-16-21-39 梯度监控 | raw=19.3231 | per_param=0.5805 |  natural=0.0818 | clipped=0.0818(上限20.0)
26-16-21-39 原始规范坐标 G(Re Σrow_mean) = +25.4605 | 累计|g| = 13.3936
26-16-21-39 Ψ矩阵条件数 cond(Ψ) = 7.73e+00
26-16-21-39 Loss=-30.829499 | E0=-7.78774396+0.00185111j | E1=-7.70495386-0.00144445j|E2=-7.68155572+0.00038296j|E3=-7.65524500-0.00009067j
26-16-21-39 #-----------------------------------------#
26-16-21-39 [Step  69] logΨ: mean=8.177-0.580j | min=3.729-2.575j | max=8.588+0.125j
26-16-21-39 梯度监控 | raw=16.8013 | per_param=0.5047 |  natural=0.0990 | clipped=0.0990(上限20.0)
26-16-21-39 原始规范坐标 G(Re Σrow_mean) = +25.4489 | 累计|g| = 13.3936
26-16-21-39 Ψ矩阵条件数 cond(Ψ) = 7.13e+00
26-16-21-39 Loss=-30.817844 | E0=-7.77968665+0.00332536j | E1=-7.70369695-0.00073840j|E2=-7.67899874+0.00068441j|E3=-7.65546136+0.00036806j
26-16-21-39 #-----------------------------------------#
26-16-21-39 [GaugeReset@70] 吸收 Δg = Σ Re(col_mean) = +25.4489 | 新|g| = 13.6012
26-16-21-39 [Step  70] logΨ: mean=7.635-0.154j | min=2.398+1.653j | max=7.982+1.357j
26-16-21-39 梯度监控 | raw=10.9799 | per_param=0.3299 |  natural=0.1476 | clipped=0.1476(上限20.0)
26-16-21-39 原始规范坐标 G(Re Σrow_mean) = +25.4288 | 累计|g| = 13.6012
26-16-21-39 Ψ矩阵条件数 cond(Ψ) = 5.73e+00
26-16-21-39 Loss=-30.847816 | E0=-7.79888343+0.00164978j | E1=-7.71146523+0.00044240j|E2=-7.68307482-0.00336130j|E3=-7.65439217+0.00099856j
26-16-21-39 #-----------------------------------------#
26-16-21-39 [Step  71] logΨ: mean=7.410-0.078j | min=2.708-1.444j | max=7.760+1.584j
26-16-21-39 梯度监控 | raw=13.8852 | per_param=0.4171 |  natural=0.1507 | clipped=0.1507(上限20.0)
26-16-21-39 原始规范坐标 G(Re Σrow_mean) = +25.4909 | 累计|g| = 13.6012
26-16-21-39 Ψ矩阵条件数 cond(Ψ) = 6.90e+00
26-16-21-39 Loss=-30.844689 | E0=-7.79819962-0.00642950j | E1=-7.70947093+0.00315838j|E2=-7.68234325-0.00234790j|E3=-7.65467474+0.00103758j
26-16-21-39 #-----------------------------------------#
26-16-21-39 [Step  72] logΨ: mean=7.501-0.110j | min=3.808-2.760j | max=7.788+1.553j
26-16-21-39 梯度监控 | raw=8.4434 | per_param=0.2537 |  natural=0.0275 | clipped=0.0275(上限20.0)
26-16-21-39 原始规范坐标 G(Re Σrow_mean) = +25.5500 | 累计|g| = 13.6012
26-16-21-39 Ψ矩阵条件数 cond(Ψ) = 6.32e+00
26-16-21-39 Loss=-30.858397 | E0=-7.80311432+0.00097463j | E1=-7.71179064-0.00027058j|E2=-7.68605772+0.00044486j|E3=-7.65743470-0.00071395j
26-16-21-39 #-----------------------------------------#
26-16-21-39 [Step  73] logΨ: mean=7.534-0.470j | min=2.798+1.801j | max=7.819+1.261j
26-16-21-39 梯度监控 | raw=9.1649 | per_param=0.2753 |  natural=0.0392 | clipped=0.0392(上限20.0)
26-16-21-39 原始规范坐标 G(Re Σrow_mean) = +25.4940 | 累计|g| = 13.6012
26-16-21-39 Ψ矩阵条件数 cond(Ψ) = 5.80e+00
26-16-21-39 Loss=-30.853291 | E0=-7.80135155+0.00149145j | E1=-7.71122488-0.00162337j|E2=-7.68486162+0.00209666j|E3=-7.65585325-0.00074637j
26-16-21-39 #-----------------------------------------#
26-16-21-39 [Step  74] logΨ: mean=7.736-0.253j | min=1.712+0.370j | max=8.055+1.248j
26-16-21-39 梯度监控 | raw=8.3501 | per_param=0.2509 |  natural=0.2100 | clipped=0.2100(上限20.0)
26-16-21-39 原始规范坐标 G(Re Σrow_mean) = +25.7474 | 累计|g| = 13.6012
26-16-21-39 Ψ矩阵条件数 cond(Ψ) = 5.94e+00
26-16-21-39 Loss=-30.851834 | E0=-7.80495835+0.00133886j | E1=-7.71253381+0.00007491j|E2=-7.68131326-0.00083359j|E3=-7.65302838+0.00039654j
26-16-21-39 #-----------------------------------------#
26-16-21-39 [Step  75] logΨ: mean=7.911-0.507j | min=3.520+0.422j | max=8.176+1.212j
26-16-21-39 梯度监控 | raw=9.2859 | per_param=0.2790 |  natural=0.1095 | clipped=0.1095(上限20.0)
26-16-21-39 原始规范坐标 G(Re Σrow_mean) = +25.8621 | 累计|g| = 13.6012
26-16-21-39 Ψ矩阵条件数 cond(Ψ) = 6.07e+00
26-16-21-39 Loss=-30.860924 | E0=-7.80536209+0.00084259j | E1=-7.71394553-0.00269567j|E2=-7.68331189+0.00047127j|E3=-7.65830446+0.00049406j
26-16-21-39 #-----------------------------------------#
26-16-21-39 [Step  76] logΨ: mean=8.030-0.145j | min=3.108+2.494j | max=8.304+1.162j
26-16-21-39 梯度监控 | raw=9.0672 | per_param=0.2724 |  natural=0.0655 | clipped=0.0655(上限20.0)
26-16-21-39 原始规范坐标 G(Re Σrow_mean) = +25.8588 | 累计|g| = 13.6012
26-16-21-39 Ψ矩阵条件数 cond(Ψ) = 6.11e+00
26-16-21-39 Loss=-30.858927 | E0=-7.80549026+0.00017229j | E1=-7.71206631-0.00021320j|E2=-7.68255218-0.00008024j|E3=-7.65881791-0.00012613j
26-16-21-39 #-----------------------------------------#
26-16-21-39 [Step  77] logΨ: mean=8.049-0.435j | min=3.351+1.294j | max=8.334+1.122j
26-16-21-39 梯度监控 | raw=9.1612 | per_param=0.2752 |  natural=0.0153 | clipped=0.0153(上限20.0)
26-16-21-39 原始规范坐标 G(Re Σrow_mean) = +25.8377 | 累计|g| = 13.6012
26-16-21-39 Ψ矩阵条件数 cond(Ψ) = 6.01e+00
26-16-21-39 Loss=-30.863046 | E0=-7.80691990-0.00148074j | E1=-7.71173907+0.00030496j|E2=-7.68526966-0.00003118j|E3=-7.65911745+0.00009757j
26-16-21-39 #-----------------------------------------#
26-16-21-39 [Step  78] logΨ: mean=8.131-0.415j | min=4.760+2.721j | max=8.377+1.085j
26-16-21-39 梯度监控 | raw=9.4505 | per_param=0.2839 |  natural=0.0165 | clipped=0.0165(上限20.0)
26-16-21-39 原始规范坐标 G(Re Σrow_mean) = +25.8672 | 累计|g| = 13.6012
26-16-21-39 Ψ矩阵条件数 cond(Ψ) = 5.98e+01
26-16-21-39 Loss=-30.866134 | E0=-7.80807036-0.00065458j | E1=-7.71364909-0.00019403j|E2=-7.68485777-0.00141324j|E3=-7.65955692+0.00118883j
26-16-21-39 #-----------------------------------------#
26-16-21-39 [Step  79] logΨ: mean=8.658+0.331j | min=2.651-1.369j | max=8.979+0.810j
26-16-21-39 梯度监控 | raw=8.7699 | per_param=0.2635 |  natural=0.2193 | clipped=0.2193(上限20.0)
26-16-21-39 原始规范坐标 G(Re Σrow_mean) = +26.2202 | 累计|g| = 13.6012
26-16-21-39 Ψ矩阵条件数 cond(Ψ) = 6.99e+00
26-16-21-39 Loss=-30.847148 | E0=-7.81395930+0.00269839j | E1=-7.70962691-0.00139740j|E2=-7.68210968+0.00261564j|E3=-7.64145211-0.00191513j
26-16-21-39 #-----------------------------------------#
26-16-21-39 [保存] Step 79 → pickle 文件已更新 (80 条记录)
26-16-21-39 [GaugeReset@80] 吸收 Δg = Σ Re(col_mean) = +26.2202 | 新|g| = 13.7602
26-16-21-39 [Step  80] logΨ: mean=8.216-0.022j | min=2.668-1.349j | max=8.496+0.665j
26-16-21-39 梯度监控 | raw=12.3831 | per_param=0.3720 |  natural=0.1281 | clipped=0.1281(上限20.0)
26-16-21-39 原始规范坐标 G(Re Σrow_mean) = +26.3742 | 累计|g| = 13.7602
26-16-21-39 Ψ矩阵条件数 cond(Ψ) = 6.65e+00
26-16-21-39 Loss=-30.861541 | E0=-7.80925932+0.00281335j | E1=-7.71139107-0.00239265j|E2=-7.68447840+0.00075534j|E3=-7.65641204-0.00210472j
26-16-21-39 #-----------------------------------------#
26-16-21-39 [Step  81] logΨ: mean=8.256+0.006j | min=3.293-1.929j | max=8.506+0.639j
26-16-21-39 梯度监控 | raw=12.1455 | per_param=0.3649 |  natural=0.0126 | clipped=0.0126(上限20.0)
26-16-21-39 原始规范坐标 G(Re Σrow_mean) = +26.3543 | 累计|g| = 13.7602
26-16-21-39 Ψ矩阵条件数 cond(Ψ) = 6.93e+00
26-16-21-39 Loss=-30.872886 | E0=-7.81093451+0.00016895j | E1=-7.71232660-0.00016277j|E2=-7.68753318+0.00018920j|E3=-7.66209197+0.00000581j
26-16-21-39 #-----------------------------------------#
26-16-21-39 [Step  82] logΨ: mean=8.264+0.044j | min=3.242-0.277j | max=8.543+0.611j
26-16-21-39 梯度监控 | raw=10.8977 | per_param=0.3274 |  natural=0.0126 | clipped=0.0126(上限20.0)
26-16-21-39 原始规范坐标 G(Re Σrow_mean) = +26.2901 | 累计|g| = 13.7602
26-16-21-39 Ψ矩阵条件数 cond(Ψ) = 8.70e+00
26-16-21-39 Loss=-30.877612 | E0=-7.81918270-0.00152100j | E1=-7.71062957+0.00154867j|E2=-7.68634333-0.00076848j|E3=-7.66145668+0.00069551j
26-16-21-39 #-----------------------------------------#
26-16-21-39 [Step  83] logΨ: mean=8.327-0.092j | min=3.509+0.627j | max=8.583+0.583j
26-16-21-39 梯度监控 | raw=11.8437 | per_param=0.3558 |  natural=0.0122 | clipped=0.0122(上限20.0)
26-16-21-39 原始规范坐标 G(Re Σrow_mean) = +26.3097 | 累计|g| = 13.7602
26-16-21-39 Ψ矩阵条件数 cond(Ψ) = 5.55e+00
26-16-21-39 Loss=-30.880062 | E0=-7.81729324+0.00074683j | E1=-7.71478882+0.00059055j|E2=-7.68653422-0.00043243j|E3=-7.66144573-0.00083164j
26-16-21-39 #-----------------------------------------#
26-16-21-39 [Step  84] logΨ: mean=8.838-0.148j | min=1.528+0.367j | max=9.059+1.321j
26-16-21-39 梯度监控 | raw=14.6519 | per_param=0.4402 |  natural=0.1635 | clipped=0.1635(上限20.0)
26-16-21-39 原始规范坐标 G(Re Σrow_mean) = +26.4248 | 累计|g| = 13.7602
26-16-21-39 Ψ矩阵条件数 cond(Ψ) = 4.96e+00
26-16-21-39 Loss=-30.866840 | E0=-7.81224258-0.00012812j | E1=-7.71267761-0.00287387j|E2=-7.68461313+0.00101743j|E3=-7.65730664-0.00089722j
26-16-21-39 #-----------------------------------------#
26-16-21-39 [Step  85] logΨ: mean=9.017-0.363j | min=3.182-2.205j | max=9.255+1.297j
26-16-21-39 梯度监控 | raw=13.2993 | per_param=0.3995 |  natural=0.0632 | clipped=0.0632(上限20.0)
26-16-21-39 原始规范坐标 G(Re Σrow_mean) = +26.4606 | 累计|g| = 13.7602
26-16-21-39 Ψ矩阵条件数 cond(Ψ) = 6.03e+00
26-16-21-39 Loss=-30.881608 | E0=-7.81893904+0.00009696j | E1=-7.71357479+0.00041955j|E2=-7.68779415-0.00126499j|E3=-7.66130032-0.00059131j
26-16-21-39 #-----------------------------------------#
26-16-21-39 [Step  86] logΨ: mean=9.068-0.317j | min=3.289-3.114j | max=9.299+1.265j
26-16-21-39 梯度监控 | raw=13.1354 | per_param=0.3946 |  natural=0.0126 | clipped=0.0126(上限20.0)
26-16-21-39 原始规范坐标 G(Re Σrow_mean) = +26.4262 | 累计|g| = 13.7602
26-16-21-39 Ψ矩阵条件数 cond(Ψ) = 3.37e+01
26-16-21-39 Loss=-30.883830 | E0=-7.82109950-0.00039887j | E1=-7.71374226-0.00025123j|E2=-7.68817066-0.00111397j|E3=-7.66081791+0.00052884j
26-16-21-39 #-----------------------------------------#
26-16-21-39 [Step  87] logΨ: mean=9.362-0.129j | min=3.999-0.576j | max=9.549+1.402j
26-16-21-39 梯度监控 | raw=13.8595 | per_param=0.4164 |  natural=0.0504 | clipped=0.0504(上限20.0)
26-16-21-39 原始规范坐标 G(Re Σrow_mean) = +26.6436 | 累计|g| = 13.7602
26-16-21-39 Ψ矩阵条件数 cond(Ψ) = 1.04e+01
26-16-21-39 Loss=-30.884072 | E0=-7.81954794-0.00063056j | E1=-7.71550362-0.00019464j|E2=-7.68787746+0.00014656j|E3=-7.66114326+0.00061317j
26-16-21-39 #-----------------------------------------#
26-16-21-39 [Step  88] logΨ: mean=9.422-0.060j | min=3.792+2.845j | max=9.598+1.375j
26-16-21-39 梯度监控 | raw=14.3092 | per_param=0.4299 |  natural=0.0261 | clipped=0.0261(上限20.0)
26-16-21-39 原始规范坐标 G(Re Σrow_mean) = +26.6328 | 累计|g| = 13.7602
26-16-21-39 Ψ矩阵条件数 cond(Ψ) = 2.95e+01
26-16-21-39 Loss=-30.888727 | E0=-7.82451038-0.00048557j | E1=-7.71560747+0.00000089j|E2=-7.68691000-0.00035222j|E3=-7.66169934+0.00036583j
26-16-21-39 #-----------------------------------------#
26-16-21-39 [Step  89] logΨ: mean=9.429-0.266j | min=5.685+0.212j | max=9.637+0.353j
26-16-21-39 梯度监控 | raw=14.6568 | per_param=0.4403 |  natural=0.0112 | clipped=0.0112(上限20.0)
26-16-21-39 原始规范坐标 G(Re Σrow_mean) = +26.5938 | 累计|g| = 13.7602
26-16-21-39 Ψ矩阵条件数 cond(Ψ) = 4.17e+00
26-16-21-39 Loss=-30.889128 | E0=-7.82220326-0.00013291j | E1=-7.71498872+0.00046755j|E2=-7.68755396-0.00057577j|E3=-7.66438237+0.00060192j
26-16-21-39 #-----------------------------------------#
26-16-21-39 [GaugeReset@90] 吸收 Δg = Σ Re(col_mean) = +26.5938 | 新|g| = 13.8687
26-16-21-39 [Step  90] logΨ: mean=9.190+0.284j | min=5.901+0.605j | max=9.314+3.102j
26-16-21-39 梯度监控 | raw=15.1651 | per_param=0.4556 |  natural=0.0080 | clipped=0.0080(上限20.0)
26-16-21-39 原始规范坐标 G(Re Σrow_mean) = +26.6580 | 累计|g| = 13.8687
26-16-21-39 Ψ矩阵条件数 cond(Ψ) = 9.31e+00
26-16-21-39 Loss=-30.888580 | E0=-7.82423920+0.00011193j | E1=-7.71602533-0.00002584j|E2=-7.68775353+0.00088514j|E3=-7.66056156-0.00179967j
26-16-21-39 #-----------------------------------------#
26-16-21-39 [Step  91] logΨ: mean=9.424-0.404j | min=4.248-2.236j | max=9.597+0.070j
26-16-21-39 梯度监控 | raw=13.2458 | per_param=0.3979 |  natural=0.0463 | clipped=0.0463(上限20.0)
26-16-21-39 原始规范坐标 G(Re Σrow_mean) = +26.7341 | 累计|g| = 13.8687
26-16-21-39 Ψ矩阵条件数 cond(Ψ) = 3.00e+01
26-16-21-39 Loss=-30.891459 | E0=-7.82739445-0.00045144j | E1=-7.71566195+0.00057591j|E2=-7.68665048-0.00053791j|E3=-7.66175206+0.00091812j
26-16-21-39 #-----------------------------------------#
26-16-21-39 [Step  92] logΨ: mean=9.441-0.283j | min=4.449-2.100j | max=9.641+0.024j
26-16-21-39 梯度监控 | raw=16.2248 | per_param=0.4874 |  natural=0.0110 | clipped=0.0110(上限20.0)
26-16-21-39 原始规范坐标 G(Re Σrow_mean) = +26.7418 | 累计|g| = 13.8687
26-16-21-39 Ψ矩阵条件数 cond(Ψ) = 6.51e+00
26-16-21-39 Loss=-30.889517 | E0=-7.82244269-0.00054750j | E1=-7.71438000+0.00055662j|E2=-7.68778061+0.00035684j|E3=-7.66491409-0.00008314j
26-16-21-39 #-----------------------------------------#
26-16-21-39 [Step  93] logΨ: mean=9.500+0.342j | min=5.037+0.755j | max=9.687+3.129j
26-16-21-39 梯度监控 | raw=15.7404 | per_param=0.4729 |  natural=0.0094 | clipped=0.0094(上限20.0)
26-16-21-39 原始规范坐标 G(Re Σrow_mean) = +26.7228 | 累计|g| = 13.8687
26-16-21-39 Ψ矩阵条件数 cond(Ψ) = 2.60e+01
26-16-21-39 Loss=-30.892286 | E0=-7.82519727-0.00005955j | E1=-7.71544690+0.00068596j|E2=-7.68847943+0.00048441j|E3=-7.66316246-0.00090123j
26-16-21-39 #-----------------------------------------#
26-16-21-39 [Step  94] logΨ: mean=9.571+0.301j | min=4.370-2.041j | max=9.771+3.083j
26-16-21-39 梯度监控 | raw=15.5549 | per_param=0.4673 |  natural=0.0106 | clipped=0.0106(上限20.0)
26-16-21-39 原始规范坐标 G(Re Σrow_mean) = +26.7321 | 累计|g| = 13.8687
26-16-21-39 Ψ矩阵条件数 cond(Ψ) = 6.39e+00
26-16-21-39 Loss=-30.894221 | E0=-7.82610801+0.00021257j | E1=-7.71543914+0.00030511j|E2=-7.68839488-0.00038561j|E3=-7.66427849+0.00047403j
26-16-21-39 #-----------------------------------------#
26-16-21-39 [Step  95] logΨ: mean=9.643+0.312j | min=5.545+0.199j | max=9.839+3.029j
26-16-21-39 梯度监控 | raw=14.4843 | per_param=0.4351 |  natural=0.0088 | clipped=0.0088(上限20.0)
26-16-21-39 原始规范坐标 G(Re Σrow_mean) = +26.7414 | 累计|g| = 13.8687
26-16-21-39 Ψ矩阵条件数 cond(Ψ) = 9.60e+00
26-16-21-39 Loss=-30.897551 | E0=-7.83106856+0.00004211j | E1=-7.71490297-0.00113244j|E2=-7.68823036+0.00010476j|E3=-7.66334869+0.00022098j
26-16-21-39 #-----------------------------------------#
26-16-21-39 [Step  96] logΨ: mean=9.690+0.237j | min=5.579-2.882j | max=9.929+2.977j
26-16-21-39 梯度监控 | raw=16.2022 | per_param=0.4867 |  natural=0.0089 | clipped=0.0089(上限20.0)
26-16-21-39 原始规范坐标 G(Re Σrow_mean) = +26.7622 | 累计|g| = 13.8687
26-16-21-39 Ψ矩阵条件数 cond(Ψ) = 4.29e+00
26-16-21-39 Loss=-30.893955 | E0=-7.82770471+0.00049665j | E1=-7.71488406-0.00053258j|E2=-7.68730412+0.00059649j|E3=-7.66406255-0.00017993j
26-16-21-39 #-----------------------------------------#
26-16-21-39 [Step  97] logΨ: mean=10.061+0.072j | min=3.829-2.117j | max=10.252+0.673j
26-16-21-39 梯度监控 | raw=18.9366 | per_param=0.5689 |  natural=0.1500 | clipped=0.1500(上限20.0)
26-16-21-39 原始规范坐标 G(Re Σrow_mean) = +26.9469 | 累计|g| = 13.8687
26-16-21-39 Ψ矩阵条件数 cond(Ψ) = 6.04e+00
26-16-21-39 Loss=-30.892797 | E0=-7.82822724-0.00026267j | E1=-7.71549208-0.00017805j|E2=-7.68913679+0.00116624j|E3=-7.65994065+0.00104116j
26-16-21-39 #-----------------------------------------#
26-16-21-39 [Step  98] logΨ: mean=10.524+0.040j | min=3.762-2.171j | max=10.713+0.679j
26-16-21-39 梯度监控 | raw=11.2939 | per_param=0.3393 |  natural=0.0723 | clipped=0.0723(上限20.0)
26-16-21-39 原始规范坐标 G(Re Σrow_mean) = +27.0829 | 累计|g| = 13.8687
26-16-21-39 Ψ矩阵条件数 cond(Ψ) = 4.75e+00
26-16-21-39 Loss=-30.893620 | E0=-7.83300605+0.00004990j | E1=-7.71530228-0.00053861j|E2=-7.68572169-0.00188236j|E3=-7.65958953+0.00096753j
26-16-21-39 #-----------------------------------------#
26-16-21-39 [Step  99] logΨ: mean=10.981+0.473j | min=4.503+2.060j | max=11.163+3.131j
26-16-21-39 梯度监控 | raw=13.7889 | per_param=0.4142 |  natural=0.1558 | clipped=0.1558(上限20.0)
26-16-21-39 原始规范坐标 G(Re Σrow_mean) = +27.0558 | 累计|g| = 13.8687
26-16-21-39 Ψ矩阵条件数 cond(Ψ) = 7.05e+00
26-16-21-39 Loss=-30.899320 | E0=-7.83522117-0.00003214j | E1=-7.71685375-0.00166719j|E2=-7.68693159-0.00098819j|E3=-7.66031400-0.00068162j
26-16-21-39 #-----------------------------------------#
26-16-21-39 [保存] Step 99 → pickle 文件已更新 (100 条记录)
26-16-21-39 [GaugeReset@100] 吸收 Δg = Σ Re(col_mean) = +27.0558 | 新|g| = 14.0556
26-16-21-39 [Step 100] logΨ: mean=10.440-0.226j | min=6.223+0.128j | max=10.685+0.098j
26-16-21-39 梯度监控 | raw=15.9127 | per_param=0.4781 |  natural=0.0093 | clipped=0.0093(上限20.0)
26-16-21-39 原始规范坐标 G(Re Σrow_mean) = +27.0309 | 累计|g| = 14.0556
26-16-21-39 Ψ矩阵条件数 cond(Ψ) = 9.17e+00
26-16-21-39 Loss=-30.902666 | E0=-7.83453730+0.00022321j | E1=-7.71570247+0.00010280j|E2=-7.68836993+0.00067496j|E3=-7.66405675-0.00112530j
26-16-21-39 #-----------------------------------------#
26-16-21-39 [Step 101] logΨ: mean=10.444-0.176j | min=6.481-0.787j | max=10.712+0.059j
26-16-21-39 梯度监控 | raw=17.1048 | per_param=0.5139 |  natural=0.0096 | clipped=0.0096(上限20.0)
26-16-21-39 原始规范坐标 G(Re Σrow_mean) = +26.9981 | 累计|g| = 14.0556
26-16-21-39 Ψ矩阵条件数 cond(Ψ) = 6.27e+00
26-16-21-39 Loss=-30.901367 | E0=-7.83188715+0.00130902j | E1=-7.71508998+0.00049763j|E2=-7.68962259+0.00032520j|E3=-7.66476756-0.00078154j
26-16-21-39 #-----------------------------------------#
26-16-21-39 [Step 102] logΨ: mean=10.475-0.444j | min=6.585+1.929j | max=10.729+0.036j
26-16-21-39 梯度监控 | raw=15.1175 | per_param=0.4542 |  natural=0.0083 | clipped=0.0083(上限20.0)
26-16-21-39 原始规范坐标 G(Re Σrow_mean) = +27.0043 | 累计|g| = 14.0556
26-16-21-39 Ψ矩阵条件数 cond(Ψ) = 6.30e+00
26-16-21-39 Loss=-30.907129 | E0=-7.83711762-0.00013900j | E1=-7.71554216-0.00043210j|E2=-7.69004857+0.00019331j|E3=-7.66442049+0.00080471j
26-16-21-39 #-----------------------------------------#
26-16-21-39 [Step 103] logΨ: mean=10.434+0.067j | min=4.776-2.675j | max=10.674+0.242j
26-16-21-39 梯度监控 | raw=14.7598 | per_param=0.4434 |  natural=0.0823 | clipped=0.0823(上限20.0)
26-16-21-39 原始规范坐标 G(Re Σrow_mean) = +27.0081 | 累计|g| = 14.0556
26-16-21-39 Ψ矩阵条件数 cond(Ψ) = 4.34e+00
26-16-21-39 Loss=-30.911652 | E0=-7.83907626-0.00031315j | E1=-7.71618645+0.00099448j|E2=-7.68987233-0.00052037j|E3=-7.66651704+0.00031820j
26-16-21-39 #-----------------------------------------#
26-16-21-39 [Step 104] logΨ: mean=10.439-0.046j | min=7.189-0.035j | max=10.715+0.240j
26-16-21-39 梯度监控 | raw=137.0237 | per_param=4.1165 |  natural=0.0080 | clipped=0.0080(上限20.0)
26-16-21-39 原始规范坐标 G(Re Σrow_mean) = +27.1293 | 累计|g| = 14.0556
26-16-21-39 Ψ矩阵条件数 cond(Ψ) = 3.30e+01
26-16-21-39 Loss=-30.859887 | E0=-7.78987968+0.00160130j | E1=-7.71654440+0.00007016j|E2=-7.68799368+0.00063593j|E3=-7.66546966+0.00041122j
26-16-21-39 #-----------------------------------------#
26-16-21-39 [Step 105] logΨ: mean=10.508+0.173j | min=6.109-1.070j | max=10.758+0.220j
26-16-21-39 梯度监控 | raw=98.0090 | per_param=2.9444 |  natural=0.0085 | clipped=0.0085(上限20.0)
26-16-21-39 原始规范坐标 G(Re Σrow_mean) = +27.0765 | 累计|g| = 14.0556
26-16-21-39 Ψ矩阵条件数 cond(Ψ) = 4.37e+00
26-16-21-39 Loss=-30.881464 | E0=-7.81071932+0.00217685j | E1=-7.71570741+0.00094253j|E2=-7.68945494+0.00158814j|E3=-7.66558272-0.00160126j
26-16-21-39 #-----------------------------------------#
26-16-21-39 [Step 106] logΨ: mean=10.852-0.048j | min=5.246-1.055j | max=11.172+0.257j
26-16-21-39 梯度监控 | raw=181.7993 | per_param=5.4616 |  natural=0.0429 | clipped=0.0429(上限20.0)
26-16-21-39 原始规范坐标 G(Re Σrow_mean) = +27.2671 | 累计|g| = 14.0556
26-16-21-39 Ψ矩阵条件数 cond(Ψ) = 4.36e+00
26-16-21-39 Loss=-30.830062 | E0=-7.76128233+0.00043999j | E1=-7.71758400+0.00015407j|E2=-7.68833638+0.00151475j|E3=-7.66285883-0.00209783j
26-16-21-39 #-----------------------------------------#
26-16-21-39 [Step 107] logΨ: mean=10.885-0.106j | min=6.677+1.347j | max=11.199+0.247j
26-16-21-39 梯度监控 | raw=162.9209 | per_param=4.8945 |  natural=0.0075 | clipped=0.0075(上限20.0)
26-16-21-39 原始规范坐标 G(Re Σrow_mean) = +27.3305 | 累计|g| = 14.0556
26-16-21-39 Ψ矩阵条件数 cond(Ψ) = 5.27e+00
26-16-21-39 Loss=-30.844225 | E0=-7.77295307-0.00034535j | E1=-7.71614883-0.00062925j|E2=-7.68898007+0.00007698j|E3=-7.66614264+0.00032205j
26-16-21-39 #-----------------------------------------#
26-16-21-39 [Step 108] logΨ: mean=10.904+0.135j | min=7.056-1.052j | max=11.228+2.255j
26-16-21-39 梯度监控 | raw=139.1310 | per_param=4.1798 |  natural=0.0082 | clipped=0.0082(上限20.0)
26-16-21-39 原始规范坐标 G(Re Σrow_mean) = +27.2893 | 累计|g| = 14.0556
26-16-21-39 Ψ矩阵条件数 cond(Ψ) = 3.50e+01
26-16-21-39 Loss=-30.858848 | E0=-7.78922865-0.00028020j | E1=-7.71541861-0.00035438j|E2=-7.68860660+0.00043938j|E3=-7.66559431+0.00051154j
26-16-21-39 #-----------------------------------------#
26-16-21-39 [Step 109] logΨ: mean=10.917+0.007j | min=5.515-0.673j | max=11.271+2.244j
26-16-21-39 梯度监控 | raw=155.7210 | per_param=4.6782 |  natural=0.0076 | clipped=0.0076(上限20.0)
26-16-21-39 原始规范坐标 G(Re Σrow_mean) = +27.2507 | 累计|g| = 14.0556
26-16-21-39 Ψ矩阵条件数 cond(Ψ) = 9.24e+00
26-16-21-39 Loss=-30.852571 | E0=-7.78194848-0.00126116j | E1=-7.71560317-0.00040387j|E2=-7.68864249-0.00035143j|E3=-7.66637692+0.00141530j
26-16-21-39 #-----------------------------------------#
26-16-21-39 [GaugeReset@110] 吸收 Δg = Σ Re(col_mean) = +27.2507 | 新|g| = 14.1501
26-16-21-39 [Step 110] logΨ: mean=10.812-0.287j | min=7.159+2.870j | max=11.112+2.100j
26-16-21-39 梯度监控 | raw=104.5614 | per_param=3.1412 |  natural=0.0059 | clipped=0.0059(上限20.0)
26-16-21-39 原始规范坐标 G(Re Σrow_mean) = +27.3076 | 累计|g| = 14.1501
26-16-21-39 Ψ矩阵条件数 cond(Ψ) = 4.56e+01
26-16-21-39 Loss=-30.874815 | E0=-7.80339078+0.00030931j | E1=-7.71630436-0.00050263j|E2=-7.68940906-0.00002031j|E3=-7.66571046+0.00005696j
26-16-21-39 #-----------------------------------------#
26-16-21-39 [Step 111] logΨ: mean=10.786-0.026j | min=6.472+1.046j | max=11.162+2.086j
26-16-21-39 梯度监控 | raw=156.8558 | per_param=4.7123 |  natural=0.0068 | clipped=0.0068(上限20.0)
26-16-21-39 原始规范坐标 G(Re Σrow_mean) = +27.2968 | 累计|g| = 14.1501
26-16-21-39 Ψ矩阵条件数 cond(Ψ) = 4.54e+00
26-16-21-39 Loss=-30.850938 | E0=-7.77967563-0.00253347j | E1=-7.71528353-0.00062914j|E2=-7.68884825-0.00109280j|E3=-7.66713044+0.00194625j
26-16-21-39 #-----------------------------------------#
26-16-21-39 [Step 112] logΨ: mean=10.919-0.097j | min=7.080+2.848j | max=11.191+2.070j
26-16-21-39 梯度监控 | raw=83.1743 | per_param=2.4987 |  natural=0.0058 | clipped=0.0058(上限20.0)
26-16-21-39 原始规范坐标 G(Re Σrow_mean) = +27.2683 | 累计|g| = 14.1501
26-16-21-39 Ψ矩阵条件数 cond(Ψ) = 3.91e+00
26-16-21-39 Loss=-30.885129 | E0=-7.81102422+0.00052965j | E1=-7.71646238+0.00025229j|E2=-7.69003793+0.00001965j|E3=-7.66760431+0.00021801j
26-16-21-39 #-----------------------------------------#
26-16-21-39 [Step 113] logΨ: mean=10.884-0.206j | min=7.009-0.838j | max=11.251+2.049j
26-16-21-39 梯度监控 | raw=106.4376 | per_param=3.1976 |  natural=0.0064 | clipped=0.0064(上限20.0)
26-16-21-39 原始规范坐标 G(Re Σrow_mean) = +27.2564 | 累计|g| = 14.1501
26-16-21-39 Ψ矩阵条件数 cond(Ψ) = 5.99e+00
26-16-21-39 Loss=-30.875285 | E0=-7.80316302-0.00135148j | E1=-7.71626442-0.00082504j|E2=-7.68916078+0.00019660j|E3=-7.66669701+0.00153589j
26-16-21-39 #-----------------------------------------#
26-16-21-39 [Step 114] logΨ: mean=11.045-0.227j | min=6.260+2.283j | max=11.295+2.034j
26-16-21-39 梯度监控 | raw=29.6345 | per_param=0.8903 |  natural=0.0053 | clipped=0.0053(上限20.0)
26-16-21-39 原始规范坐标 G(Re Σrow_mean) = +27.3076 | 累计|g| = 14.1501
26-16-21-39 Ψ矩阵条件数 cond(Ψ) = 4.57e+00
26-16-21-39 Loss=-30.910288 | E0=-7.83733879+0.00212199j | E1=-7.71631198-0.00079788j|E2=-7.68939299-0.00060823j|E3=-7.66724461+0.00143399j
26-16-21-39 #-----------------------------------------#
26-16-21-39 [Step 115] logΨ: mean=11.054+0.540j | min=7.587-1.546j | max=11.359+2.012j
26-16-21-39 梯度监控 | raw=88.0465 | per_param=2.6451 |  natural=0.0054 | clipped=0.0054(上限20.0)
26-16-21-39 原始规范坐标 G(Re Σrow_mean) = +27.2648 | 累计|g| = 14.1501
26-16-21-39 Ψ矩阵条件数 cond(Ψ) = 3.92e+01
26-16-21-39 Loss=-30.887978 | E0=-7.81347311-0.00094764j | E1=-7.71620611+0.00029140j|E2=-7.69038883+0.00052979j|E3=-7.66791031-0.00086117j
26-16-21-39 #-----------------------------------------#
26-16-21-39 [Step 116] logΨ: mean=11.156+0.609j | min=7.628-1.540j | max=11.425+2.017j
26-16-21-39 梯度监控 | raw=32.9888 | per_param=0.9911 |  natural=0.0045 | clipped=0.0045(上限20.0)
26-16-21-39 原始规范坐标 G(Re Σrow_mean) = +27.2797 | 累计|g| = 14.1501
26-16-21-39 Ψ矩阵条件数 cond(Ψ) = 3.81e+01
26-16-21-39 Loss=-30.912702 | E0=-7.83890208+0.00135688j | E1=-7.71635327-0.00029352j|E2=-7.69032660-0.00001503j|E3=-7.66711996+0.00018550j
26-16-21-39 #-----------------------------------------#
26-16-21-39 [Step 117] logΨ: mean=11.312-0.212j | min=4.981-2.327j | max=11.612+2.062j
26-16-21-39 梯度监控 | raw=54.0572 | per_param=1.6240 |  natural=0.0329 | clipped=0.0329(上限20.0)
26-16-21-39 原始规范坐标 G(Re Σrow_mean) = +27.3011 | 累计|g| = 14.1501
26-16-21-39 Ψ矩阵条件数 cond(Ψ) = 4.54e+00
26-16-21-39 Loss=-30.901265 | E0=-7.83120687+0.00066053j | E1=-7.71665181+0.00101519j|E2=-7.68887225+0.00196370j|E3=-7.66453403-0.00286784j
26-16-21-39 #-----------------------------------------#
26-16-21-39 [Step 118] logΨ: mean=11.357-0.173j | min=6.806+3.056j | max=11.667+2.033j
26-16-21-39 梯度监控 | raw=46.9410 | per_param=1.4102 |  natural=0.0064 | clipped=0.0064(上限20.0)
26-16-21-39 原始规范坐标 G(Re Σrow_mean) = +27.3266 | 累计|g| = 14.1501
26-16-21-39 Ψ矩阵条件数 cond(Ψ) = 6.08e+00
26-16-21-39 Loss=-30.907174 | E0=-7.83319237+0.00011947j | E1=-7.71627698+0.00012863j|E2=-7.68997150-0.00053828j|E3=-7.66773328+0.00166345j
26-16-21-39 #-----------------------------------------#
26-16-21-39 [Step 119] logΨ: mean=11.399+0.399j | min=6.765+1.142j | max=11.733+2.015j
26-16-21-39 梯度监控 | raw=53.3206 | per_param=1.6019 |  natural=0.0054 | clipped=0.0054(上限20.0)
26-16-21-39 原始规范坐标 G(Re Σrow_mean) = +27.3062 | 累计|g| = 14.1501
26-16-21-39 Ψ矩阵条件数 cond(Ψ) = 6.79e+00
26-16-21-39 Loss=-30.904390 | E0=-7.82966603-0.00042166j | E1=-7.71630728+0.00102285j|E2=-7.69056378+0.00022807j|E3=-7.66785302-0.00061874j
26-16-21-39 #-----------------------------------------#
26-16-21-39 [保存] Step 119 → pickle 文件已更新 (120 条记录)
26-16-21-39 [GaugeReset@120] 吸收 Δg = Σ Re(col_mean) = +27.3062 | 新|g| = 14.1785
26-16-21-39 [Step 120] logΨ: mean=11.471+0.590j | min=7.418-0.871j | max=11.699+2.022j
26-16-21-39 梯度监控 | raw=16.7899 | per_param=0.5044 |  natural=0.0043 | clipped=0.0043(上限20.0)
26-16-21-39 原始规范坐标 G(Re Σrow_mean) = +27.3489 | 累计|g| = 14.1785
26-16-21-39 Ψ矩阵条件数 cond(Ψ) = 1.07e+01
26-16-21-39 Loss=-30.925203 | E0=-7.85076527+0.00156985j | E1=-7.71647985+0.00044929j|E2=-7.69049760+0.00059316j|E3=-7.66745993-0.00155006j
26-16-21-39 #-----------------------------------------#
26-16-21-39 [Step 121] logΨ: mean=11.374+0.758j | min=7.197-1.316j | max=11.745+1.994j
26-16-21-39 梯度监控 | raw=74.6785 | per_param=2.2435 |  natural=0.0050 | clipped=0.0050(上限20.0)
26-16-21-39 原始规范坐标 G(Re Σrow_mean) = +27.4568 | 累计|g| = 14.1785
26-16-21-39 Ψ矩阵条件数 cond(Ψ) = 4.72e+00
26-16-21-39 Loss=-30.892010 | E0=-7.81947182-0.00250609j | E1=-7.71624389-0.00161893j|E2=-7.68958177-0.00049251j|E3=-7.66671236+0.00195337j
26-16-21-39 #-----------------------------------------#
26-16-21-40 [Step 122] logΨ: mean=11.717+0.113j | min=6.216-2.357j | max=12.013+2.187j
26-16-21-40 梯度监控 | raw=37.1124 | per_param=1.1149 |  natural=0.0457 | clipped=0.0457(上限20.0)
26-16-21-40 原始规范坐标 G(Re Σrow_mean) = +27.4763 | 累计|g| = 14.1785
26-16-21-40 Ψ矩阵条件数 cond(Ψ) = 4.77e+00
26-16-21-40 Loss=-30.910661 | E0=-7.83612452-0.00002073j | E1=-7.71669634+0.00095539j|E2=-7.68993046-0.00011009j|E3=-7.66790923-0.00091811j
26-16-21-40 #-----------------------------------------#
26-16-21-40 [Step 123] logΨ: mean=11.772-0.154j | min=8.477-2.201j | max=12.050+2.184j
26-16-21-40 梯度监控 | raw=27.3554 | per_param=0.8218 |  natural=0.0046 | clipped=0.0046(上限20.0)
26-16-21-40 原始规范坐标 G(Re Σrow_mean) = +27.4922 | 累计|g| = 14.1785
26-16-21-40 Ψ矩阵条件数 cond(Ψ) = 7.01e+00
26-16-21-40 Loss=-30.917063 | E0=-7.84375635+0.00029897j | E1=-7.71649155+0.00083076j|E2=-7.69025277+0.00043790j|E3=-7.66656199-0.00160960j
26-16-21-40 #-----------------------------------------#
26-16-21-40 [Step 124] logΨ: mean=11.779-0.220j | min=7.340-0.741j | max=12.097+2.168j
26-16-21-40 梯度监控 | raw=49.7679 | per_param=1.4951 |  natural=0.0057 | clipped=0.0057(上限20.0)
26-16-21-40 原始规范坐标 G(Re Σrow_mean) = +27.5945 | 累计|g| = 14.1785
26-16-21-40 Ψ矩阵条件数 cond(Ψ) = 7.07e+00
26-16-21-40 Loss=-30.907042 | E0=-7.83447690-0.00164451j | E1=-7.71644731-0.00071502j|E2=-7.68935247+0.00084632j|E3=-7.66676488-0.00178979j
26-16-21-40 #-----------------------------------------#
26-16-21-40 [Step 125] logΨ: mean=12.124-0.391j | min=6.140-2.579j | max=12.471+2.400j
26-16-21-40 梯度监控 | raw=45.9736 | per_param=1.3811 |  natural=0.0179 | clipped=0.0179(上限20.0)
26-16-21-40 原始规范坐标 G(Re Σrow_mean) = +27.7615 | 累计|g| = 14.1785
26-16-21-40 Ψ矩阵条件数 cond(Ψ) = 2.76e+01
26-16-21-40 Loss=-30.908886 | E0=-7.83548981-0.00164718j | E1=-7.71637220-0.00089834j|E2=-7.68975651+0.00014434j|E3=-7.66726778+0.00061696j
26-16-21-40 #-----------------------------------------#
26-16-21-40 [Step 126] logΨ: mean=12.227-0.077j | min=5.013+0.341j | max=12.563+2.647j
26-16-21-40 梯度监控 | raw=22.7183 | per_param=0.6825 |  natural=0.0517 | clipped=0.0517(上限20.0)
26-16-21-40 原始规范坐标 G(Re Σrow_mean) = +27.7781 | 累计|g| = 14.1785
26-16-21-40 Ψ矩阵条件数 cond(Ψ) = 1.15e+01
26-16-21-40 Loss=-30.918774 | E0=-7.84709106+0.00040448j | E1=-7.71638710-0.00059458j|E2=-7.68891351+0.00192751j|E3=-7.66638276+0.00068774j
26-16-21-40 #-----------------------------------------#
26-16-21-40 [Step 127] logΨ: mean=10.923-0.307j | min=4.645-2.057j | max=11.233+2.442j
26-16-21-40 梯度监控 | raw=18.5316 | per_param=0.5567 |  natural=0.0719 | clipped=0.0719(上限20.0)
26-16-21-40 原始规范坐标 G(Re Σrow_mean) = +27.1152 | 累计|g| = 14.1785
26-16-21-40 Ψ矩阵条件数 cond(Ψ) = 6.58e+00
26-16-21-40 Loss=-30.918543 | E0=-7.84700420+0.00112201j | E1=-7.71734310+0.00085136j|E2=-7.68813109-0.00234531j|E3=-7.66606510+0.00013785j
26-16-21-40 #-----------------------------------------#
26-16-21-40 [Step 128] logΨ: mean=10.933-0.197j | min=6.119-0.060j | max=11.242+2.410j
26-16-21-40 梯度监控 | raw=15.8463 | per_param=0.4761 |  natural=0.0068 | clipped=0.0068(上限20.0)
26-16-21-40 原始规范坐标 G(Re Σrow_mean) = +27.1096 | 累计|g| = 14.1785
26-16-21-40 Ψ矩阵条件数 cond(Ψ) = 7.03e+00
26-16-21-40 Loss=-30.923365 | E0=-7.84762823+0.00084405j | E1=-7.71645313-0.00074347j|E2=-7.69001517-0.00008465j|E3=-7.66926804+0.00091758j
26-16-21-40 #-----------------------------------------#
26-16-21-40 [Step 129] logΨ: mean=10.975-0.156j | min=6.883-1.394j | max=11.264+2.380j
26-16-21-40 梯度监控 | raw=21.2566 | per_param=0.6386 |  natural=0.0065 | clipped=0.0065(上限20.0)
26-16-21-40 原始规范坐标 G(Re Σrow_mean) = +27.1079 | 累计|g| = 14.1785
26-16-21-40 Ψ矩阵条件数 cond(Ψ) = 1.19e+01
26-16-21-40 Loss=-30.922577 | E0=-7.84485248-0.00008919j | E1=-7.71671747+0.00000538j|E2=-7.69047520+0.00005802j|E3=-7.67053168-0.00044462j
26-16-21-40 #-----------------------------------------#
26-16-21-40 [GaugeReset@130] 吸收 Δg = Σ Re(col_mean) = +27.1079 | 新|g| = 14.0607
26-16-21-40 [Step 130] logΨ: mean=11.183+0.146j | min=7.942-0.611j | max=11.465+2.294j
26-16-21-40 梯度监控 | raw=15.9098 | per_param=0.4780 |  natural=0.0049 | clipped=0.0049(上限20.0)
26-16-21-40 原始规范坐标 G(Re Σrow_mean) = +27.1027 | 累计|g| = 14.0607
26-16-21-40 Ψ矩阵条件数 cond(Ψ) = 6.95e+00
26-16-21-40 Loss=-30.923916 | E0=-7.84782199+0.00011300j | E1=-7.71655753-0.00030778j|E2=-7.68968001-0.00126289j|E3=-7.66985658+0.00265425j
26-16-21-40 #-----------------------------------------#
26-16-21-40 [Step 131] logΨ: mean=11.268+0.060j | min=8.473-2.847j | max=11.496+2.298j
26-16-21-40 梯度监控 | raw=13.6666 | per_param=0.4106 |  natural=0.0018 | clipped=0.0018(上限20.0)
26-16-21-40 原始规范坐标 G(Re Σrow_mean) = +27.1106 | 累计|g| = 14.0607
26-16-21-40 Ψ矩阵条件数 cond(Ψ) = 4.75e+00
26-16-21-40 Loss=-30.931305 | E0=-7.85452254+0.00115094j | E1=-7.71671074+0.00013227j|E2=-7.69081732+0.00013293j|E3=-7.66925485-0.00046037j
26-16-21-40 #-----------------------------------------#
26-16-21-40 [Step 132] logΨ: mean=11.230+0.003j | min=8.431+1.515j | max=11.511+2.280j
26-16-21-40 梯度监控 | raw=15.2885 | per_param=0.4593 |  natural=0.0043 | clipped=0.0043(上限20.0)
26-16-21-40 原始规范坐标 G(Re Σrow_mean) = +27.0975 | 累计|g| = 14.0607
26-16-21-40 Ψ矩阵条件数 cond(Ψ) = 4.75e+00
26-16-21-40 Loss=-30.927665 | E0=-7.85079338+0.00082728j | E1=-7.71667608-0.00007933j|E2=-7.69102268+0.00024478j|E3=-7.66917311-0.00065134j
26-16-21-40 #-----------------------------------------#
26-16-21-40 [Step 133] logΨ: mean=11.258+0.164j | min=5.277-0.715j | max=11.551+2.251j
26-16-21-40 梯度监控 | raw=17.0358 | per_param=0.5118 |  natural=0.0058 | clipped=0.0058(上限20.0)
26-16-21-40 原始规范坐标 G(Re Σrow_mean) = +27.0720 | 累计|g| = 14.0607
26-16-21-40 Ψ矩阵条件数 cond(Ψ) = 7.35e+00
26-16-21-40 Loss=-30.928315 | E0=-7.85117403+0.00032987j | E1=-7.71689597+0.00137229j|E2=-7.69181831+0.00111456j|E3=-7.66842690-0.00373340j
26-16-21-40 #-----------------------------------------#
26-16-21-40 [Step 134] logΨ: mean=10.126+0.452j | min=3.442+1.770j | max=10.384+2.806j
26-16-21-40 梯度监控 | raw=14.1693 | per_param=0.4257 |  natural=0.0609 | clipped=0.0609(上限20.0)
26-16-21-40 原始规范坐标 G(Re Σrow_mean) = +26.4481 | 累计|g| = 14.0607
26-16-21-40 Ψ矩阵条件数 cond(Ψ) = 7.49e+00
26-16-21-40 Loss=-30.936066 | E0=-7.85466477+0.00082591j | E1=-7.71685577+0.00070251j|E2=-7.69258169+0.00089699j|E3=-7.67196396-0.00181049j
26-16-21-40 #-----------------------------------------#
26-16-21-40 [Step 135] logΨ: mean=10.124-0.001j | min=6.698-0.525j | max=10.425+2.798j
26-16-21-40 梯度监控 | raw=11.9415 | per_param=0.3587 |  natural=0.0041 | clipped=0.0041(上限20.0)
26-16-21-40 原始规范坐标 G(Re Σrow_mean) = +26.4568 | 累计|g| = 14.0607
26-16-21-40 Ψ矩阵条件数 cond(Ψ) = 2.75e+01
26-16-21-40 Loss=-30.931012 | E0=-7.85240179+0.00039036j | E1=-7.71669191-0.00076771j|E2=-7.69069536-0.00047169j|E3=-7.67122301+0.00138263j
26-16-21-40 #-----------------------------------------#
26-16-21-40 [Step 136] logΨ: mean=10.141+0.161j | min=6.372+1.722j | max=10.483+2.772j
26-16-21-40 梯度监控 | raw=19.7860 | per_param=0.5944 |  natural=0.0045 | clipped=0.0045(上限20.0)
26-16-21-40 原始规范坐标 G(Re Σrow_mean) = +26.4508 | 累计|g| = 14.0607
26-16-21-40 Ψ矩阵条件数 cond(Ψ) = 1.35e+01
26-16-21-40 Loss=-30.926210 | E0=-7.84681434-0.00213400j | E1=-7.71643165+0.00054248j|E2=-7.69133384-0.00019313j|E3=-7.67163047+0.00010194j
26-16-21-40 #-----------------------------------------#
26-16-21-40 [Step 137] logΨ: mean=10.220+0.212j | min=5.945-1.404j | max=10.538+2.748j
26-16-21-40 梯度监控 | raw=13.5922 | per_param=0.4083 |  natural=0.0049 | clipped=0.0049(上限20.0)
26-16-21-40 原始规范坐标 G(Re Σrow_mean) = +26.4927 | 累计|g| = 14.0607
26-16-21-40 Ψ矩阵条件数 cond(Ψ) = 5.13e+00
26-16-21-40 Loss=-30.929835 | E0=-7.85195904-0.00021108j | E1=-7.71670610-0.00051518j|E2=-7.69072953-0.00031623j|E3=-7.67044057+0.00105848j
26-16-21-40 #-----------------------------------------#
26-16-21-40 [Step 138] logΨ: mean=10.245-0.054j | min=5.930+1.711j | max=10.521+2.730j
26-16-21-40 梯度监控 | raw=12.3155 | per_param=0.3700 |  natural=0.0053 | clipped=0.0053(上限20.0)
26-16-21-40 原始规范坐标 G(Re Σrow_mean) = +26.5010 | 累计|g| = 14.0607
26-16-21-40 Ψ矩阵条件数 cond(Ψ) = 1.60e+01
26-16-21-40 Loss=-30.932306 | E0=-7.85545593+0.00047744j | E1=-7.71670232-0.00002991j|E2=-7.69039749-0.00004902j|E3=-7.66974993-0.00005692j
26-16-21-40 #-----------------------------------------#
26-16-21-40 [Step 139] logΨ: mean=10.214+0.197j | min=6.058+0.186j | max=10.521+2.713j
26-16-21-40 梯度监控 | raw=11.9490 | per_param=0.3590 |  natural=0.0066 | clipped=0.0066(上限20.0)
26-16-21-40 原始规范坐标 G(Re Σrow_mean) = +26.4693 | 累计|g| = 14.0607
26-16-21-40 Ψ矩阵条件数 cond(Ψ) = 2.57e+01
26-16-21-40 Loss=-30.933915 | E0=-7.85574178+0.00027050j | E1=-7.71672639-0.00032288j|E2=-7.69086099+0.00020330j|E3=-7.67058546-0.00019206j
26-16-21-40 #-----------------------------------------#
26-16-21-40 [保存] Step 139 → pickle 文件已更新 (140 条记录)
26-16-21-40 [GaugeReset@140] 吸收 Δg = Σ Re(col_mean) = +26.4693 | 新|g| = 13.7848
26-16-21-40 [Step 140] logΨ: mean=10.928+0.395j | min=5.918+1.200j | max=11.199+2.363j
26-16-21-40 梯度监控 | raw=13.9173 | per_param=0.4181 |  natural=0.0032 | clipped=0.0032(上限20.0)
26-16-21-40 原始规范坐标 G(Re Σrow_mean) = +26.4955 | 累计|g| = 13.7848
26-16-21-40 Ψ矩阵条件数 cond(Ψ) = 2.08e+01
26-16-21-40 Loss=-30.933673 | E0=-7.85428934+0.00057066j | E1=-7.71687332+0.00019935j|E2=-7.69150023+0.00041100j|E3=-7.67101055-0.00100422j
26-16-21-40 #-----------------------------------------#
26-16-21-40 [Step 141] logΨ: mean=11.044+0.054j | min=6.106-0.242j | max=11.336+2.302j
26-16-21-40 梯度监控 | raw=11.6477 | per_param=0.3499 |  natural=0.0815 | clipped=0.0815(上限20.0)
26-16-21-40 原始规范坐标 G(Re Σrow_mean) = +26.5753 | 累计|g| = 13.7848
26-16-21-40 Ψ矩阵条件数 cond(Ψ) = 1.82e+01
26-16-21-40 Loss=-30.933719 | E0=-7.85530836+0.00032127j | E1=-7.71625635-0.00066333j|E2=-7.69050794-0.00047625j|E3=-7.67164635+0.00044470j
26-16-21-40 #-----------------------------------------#
26-16-21-40 [Step 142] logΨ: mean=11.073+0.099j | min=7.074+2.397j | max=11.388+2.273j
26-16-21-40 梯度监控 | raw=13.7767 | per_param=0.4139 |  natural=0.0054 | clipped=0.0054(上限20.0)
26-16-21-40 原始规范坐标 G(Re Σrow_mean) = +26.5917 | 累计|g| = 13.7848
26-16-21-40 Ψ矩阵条件数 cond(Ψ) = 7.09e+00
26-16-21-40 Loss=-30.934880 | E0=-7.85483551-0.00033325j | E1=-7.71678063-0.00021718j|E2=-7.69188374+0.00042431j|E3=-7.67137975-0.00078314j
26-16-21-40 #-----------------------------------------#
26-16-21-40 [Step 143] logΨ: mean=11.116+0.153j | min=5.822+2.742j | max=11.435+2.265j
26-16-21-40 梯度监控 | raw=11.8300 | per_param=0.3554 |  natural=0.0041 | clipped=0.0041(上限20.0)
26-16-21-40 原始规范坐标 G(Re Σrow_mean) = +26.5833 | 累计|g| = 13.7848
26-16-21-40 Ψ矩阵条件数 cond(Ψ) = 1.79e+01
26-16-21-40 Loss=-30.934553 | E0=-7.85609485-0.00028605j | E1=-7.71671397-0.00015934j|E2=-7.69051678-0.00011126j|E3=-7.67122690+0.00050189j
26-16-21-40 #-----------------------------------------#
26-16-21-40 [Step 144] logΨ: mean=11.111+0.071j | min=7.648+2.482j | max=11.436+2.257j
26-16-21-40 梯度监控 | raw=11.9429 | per_param=0.3588 |  natural=0.0045 | clipped=0.0045(上限20.0)
26-16-21-40 原始规范坐标 G(Re Σrow_mean) = +26.5886 | 累计|g| = 13.7848
26-16-21-40 Ψ矩阵条件数 cond(Ψ) = 7.14e+00
26-16-21-40 Loss=-30.933955 | E0=-7.85508542-0.00036695j | E1=-7.71676863-0.00131491j|E2=-7.69068336-0.00082757j|E3=-7.67141804+0.00272154j
26-16-21-40 #-----------------------------------------#
26-16-21-40 [Step 145] logΨ: mean=11.124+0.170j | min=6.226+1.711j | max=11.452+2.264j
26-16-21-40 梯度监控 | raw=12.3133 | per_param=0.3699 |  natural=0.0031 | clipped=0.0031(上限20.0)
26-16-21-40 原始规范坐标 G(Re Σrow_mean) = +26.5219 | 累计|g| = 13.7848
26-16-21-40 Ψ矩阵条件数 cond(Ψ) = 7.16e+00
26-16-21-40 Loss=-30.936082 | E0=-7.85578877-0.00061687j | E1=-7.71675841+0.00058430j|E2=-7.69127201-0.00076665j|E3=-7.67226290+0.00118033j
26-16-21-40 #-----------------------------------------#
26-16-21-40 [Step 146] logΨ: mean=11.237+0.167j | min=7.864-0.978j | max=11.501+2.244j
26-16-21-40 梯度监控 | raw=15.0175 | per_param=0.4512 |  natural=0.0033 | clipped=0.0033(上限20.0)
26-16-21-40 原始规范坐标 G(Re Σrow_mean) = +26.5890 | 累计|g| = 13.7848
26-16-21-40 Ψ矩阵条件数 cond(Ψ) = 1.75e+01
26-16-21-40 Loss=-30.936857 | E0=-7.85542151+0.00032910j | E1=-7.71714797+0.00165085j|E2=-7.69275898+0.00057814j|E3=-7.67152883-0.00279389j
26-16-21-40 #-----------------------------------------#
26-16-21-40 [Step 147] logΨ: mean=11.175-0.038j | min=6.163+2.357j | max=11.522+2.223j
26-16-21-40 梯度监控 | raw=12.5727 | per_param=0.3777 |  natural=0.0053 | clipped=0.0053(上限20.0)
26-16-21-40 原始规范坐标 G(Re Σrow_mean) = +26.5751 | 累计|g| = 13.7848
26-16-21-40 Ψ矩阵条件数 cond(Ψ) = 4.82e+00
26-16-21-40 Loss=-30.935663 | E0=-7.85625251+0.00010028j | E1=-7.71691790+0.00018295j|E2=-7.69123423+0.00010425j|E3=-7.67125792-0.00023046j
26-16-21-40 #-----------------------------------------#
26-16-21-40 [Step 148] logΨ: mean=11.264+0.025j | min=8.027-0.729j | max=11.575+2.219j
26-16-21-40 梯度监控 | raw=11.7739 | per_param=0.3537 |  natural=0.0035 | clipped=0.0035(上限20.0)
26-16-21-40 原始规范坐标 G(Re Σrow_mean) = +26.6128 | 累计|g| = 13.7848
26-16-21-40 Ψ矩阵条件数 cond(Ψ) = 4.82e+00
26-16-21-40 Loss=-30.935882 | E0=-7.85713640-0.00002801j | E1=-7.71686074-0.00070879j|E2=-7.69044642-0.00027485j|E3=-7.67143875+0.00120259j
26-16-21-40 #-----------------------------------------#
26-16-21-40 [Step 149] logΨ: mean=11.284+0.168j | min=6.395-0.165j | max=11.601+2.201j
26-16-21-40 梯度监控 | raw=13.5365 | per_param=0.4067 |  natural=0.0053 | clipped=0.0053(上限20.0)
26-16-21-40 原始规范坐标 G(Re Σrow_mean) = +26.5708 | 累计|g| = 13.7848
26-16-21-40 Ψ矩阵条件数 cond(Ψ) = 7.30e+00
26-16-21-40 Loss=-30.939908 | E0=-7.85725647+0.00034128j | E1=-7.71704487+0.00077083j|E2=-7.69241751-0.00011198j|E3=-7.67318951-0.00020189j
26-16-21-40 #-----------------------------------------#
26-16-21-40 [GaugeReset@150] 吸收 Δg = Σ Re(col_mean) = +26.5708 | 新|g| = 13.8260
26-16-21-40 [Step 150] logΨ: mean=11.188+0.043j | min=7.001+0.239j | max=11.534+2.238j
26-16-21-40 梯度监控 | raw=12.9231 | per_param=0.3882 |  natural=0.0055 | clipped=0.0055(上限20.0)
26-16-21-40 原始规范坐标 G(Re Σrow_mean) = +26.5753 | 累计|g| = 13.8260
26-16-21-40 Ψ矩阵条件数 cond(Ψ) = 7.48e+00
26-16-21-40 Loss=-30.939645 | E0=-7.85798326+0.00009651j | E1=-7.71691222+0.00054867j|E2=-7.69267704+0.00094466j|E3=-7.67207229-0.00207975j
26-16-21-40 #-----------------------------------------#
26-16-21-40 [Step 151] logΨ: mean=11.296+0.017j | min=7.967+2.173j | max=11.586+2.229j
26-16-21-40 梯度监控 | raw=10.7175 | per_param=0.3220 |  natural=0.0017 | clipped=0.0017(上限20.0)
26-16-21-40 原始规范坐标 G(Re Σrow_mean) = +26.6370 | 累计|g| = 13.8260
26-16-21-40 Ψ矩阵条件数 cond(Ψ) = 4.95e+00
26-16-21-40 Loss=-30.938761 | E0=-7.85753739+0.00015148j | E1=-7.71699123-0.00168533j|E2=-7.69097882-0.00160697j|E3=-7.67325362+0.00428654j
26-16-21-40 #-----------------------------------------#
26-16-21-40 [Step 152] logΨ: mean=11.291+0.175j | min=8.017+2.724j | max=11.596+2.228j
26-16-21-40 梯度监控 | raw=12.2674 | per_param=0.3685 |  natural=0.0023 | clipped=0.0023(上限20.0)
26-16-21-40 原始规范坐标 G(Re Σrow_mean) = +26.5866 | 累计|g| = 13.8260
26-16-21-40 Ψ矩阵条件数 cond(Ψ) = 1.38e+01
26-16-21-40 Loss=-30.939521 | E0=-7.85799627+0.00023867j | E1=-7.71700709+0.00030455j|E2=-7.69150244-0.00045826j|E3=-7.67301479+0.00083356j
26-16-21-40 #-----------------------------------------#
26-16-21-40 [Step 153] logΨ: mean=11.014+0.145j | min=5.918-2.397j | max=11.319+2.113j
26-16-21-40 梯度监控 | raw=11.1225 | per_param=0.3341 |  natural=0.0861 | clipped=0.0861(上限20.0)
26-16-21-40 原始规范坐标 G(Re Σrow_mean) = +26.5686 | 累计|g| = 13.8260
26-16-21-40 Ψ矩阵条件数 cond(Ψ) = 1.79e+01
26-16-21-40 Loss=-30.942013 | E0=-7.85851890+0.00018511j | E1=-7.71764197+0.00157497j|E2=-7.69168980-0.00145622j|E3=-7.67416261-0.00013893j
26-16-21-40 #-----------------------------------------#
26-16-21-40 [Step 154] logΨ: mean=11.042+0.177j | min=6.773+1.963j | max=11.336+2.114j
26-16-21-40 梯度监控 | raw=11.9584 | per_param=0.3593 |  natural=0.0024 | clipped=0.0024(上限20.0)
26-16-21-40 原始规范坐标 G(Re Σrow_mean) = +26.6079 | 累计|g| = 13.8260
26-16-21-40 Ψ矩阵条件数 cond(Ψ) = 4.69e+00
26-16-21-40 Loss=-30.942159 | E0=-7.85894890+0.00031940j | E1=-7.71710170+0.00050538j|E2=-7.69295978+0.00068715j|E3=-7.67314845-0.00188603j
26-16-21-40 #-----------------------------------------#
26-16-21-40 [Step 155] logΨ: mean=11.004-0.014j | min=6.847+2.746j | max=11.375+2.100j
26-16-21-40 梯度监控 | raw=11.4985 | per_param=0.3454 |  natural=0.0110 | clipped=0.0110(上限20.0)
26-16-21-40 原始规范坐标 G(Re Σrow_mean) = +26.5443 | 累计|g| = 13.8260
26-16-21-40 Ψ矩阵条件数 cond(Ψ) = 7.00e+00
26-16-21-40 Loss=-30.940223 | E0=-7.85825017+0.00022568j | E1=-7.71697042+0.00107806j|E2=-7.69200486+0.00040875j|E3=-7.67299767-0.00119311j
26-16-21-40 #-----------------------------------------#
26-16-21-40 [Step 156] logΨ: mean=11.077+0.245j | min=6.866-0.402j | max=11.348+2.092j
26-16-21-40 梯度监控 | raw=11.2065 | per_param=0.3367 |  natural=0.0044 | clipped=0.0044(上限20.0)
26-16-21-40 原始规范坐标 G(Re Σrow_mean) = +26.5671 | 累计|g| = 13.8260
26-16-21-40 Ψ矩阵条件数 cond(Ψ) = 4.71e+00
26-16-21-40 Loss=-30.944393 | E0=-7.85903650+0.00018529j | E1=-7.71725057+0.00112533j|E2=-7.69341042-0.00009417j|E3=-7.67469550-0.00097477j
26-16-21-40 #-----------------------------------------#
26-16-21-40 [Step 157] logΨ: mean=11.110-0.065j | min=7.610+1.430j | max=11.365+2.091j
26-16-21-40 梯度监控 | raw=11.8991 | per_param=0.3575 |  natural=0.0017 | clipped=0.0017(上限20.0)
26-16-21-40 原始规范坐标 G(Re Σrow_mean) = +26.6238 | 累计|g| = 13.8260
26-16-21-40 Ψ矩阵条件数 cond(Ψ) = 1.74e+01
26-16-21-40 Loss=-30.945324 | E0=-7.85997443+0.00034899j | E1=-7.71730532+0.00000771j|E2=-7.69416489+0.00110930j|E3=-7.67387929-0.00254549j
26-16-21-40 #-----------------------------------------#
26-16-21-40 [Step 158] logΨ: mean=11.071+0.044j | min=7.634-1.733j | max=11.388+2.074j
26-16-21-40 梯度监控 | raw=12.0330 | per_param=0.3615 |  natural=0.0034 | clipped=0.0034(上限20.0)
26-16-21-40 原始规范坐标 G(Re Σrow_mean) = +26.5953 | 累计|g| = 13.8260
26-16-21-40 Ψ矩阵条件数 cond(Ψ) = 7.00e+00
26-16-21-40 Loss=-30.943084 | E0=-7.85884563+0.00007848j | E1=-7.71713741+0.00054319j|E2=-7.69348319+0.00090788j|E3=-7.67361734-0.00235067j
26-16-21-40 #-----------------------------------------#
26-16-21-40 [Step 159] logΨ: mean=11.092+0.100j | min=7.093-0.814j | max=11.448+2.048j
26-16-21-40 梯度监控 | raw=12.5128 | per_param=0.3759 |  natural=0.0094 | clipped=0.0094(上限20.0)
26-16-21-40 原始规范坐标 G(Re Σrow_mean) = +26.5928 | 累计|g| = 13.8260
26-16-21-40 Ψ矩阵条件数 cond(Ψ) = 7.05e+00
26-16-21-40 Loss=-30.940644 | E0=-7.85661869-0.00036882j | E1=-7.71702335+0.00041487j|E2=-7.69314766+0.00061508j|E3=-7.67385397-0.00093491j
26-16-21-40 #-----------------------------------------#
26-16-21-40 [保存] Step 159 → pickle 文件已更新 (160 条记录)
26-16-21-40 [GaugeReset@160] 吸收 Δg = Σ Re(col_mean) = +26.5928 | 新|g| = 13.8182
26-16-21-40 [Step 160] logΨ: mean=11.187+0.300j | min=6.423-3.011j | max=11.495+2.221j
26-16-21-40 梯度监控 | raw=11.8567 | per_param=0.3562 |  natural=0.0032 | clipped=0.0032(上限20.0)
26-16-21-40 原始规范坐标 G(Re Σrow_mean) = +26.6364 | 累计|g| = 13.8182
26-16-21-40 Ψ矩阵条件数 cond(Ψ) = 7.07e+00
26-16-21-40 Loss=-30.942967 | E0=-7.85858438+0.00004791j | E1=-7.71715325+0.00001547j|E2=-7.69317923+0.00057509j|E3=-7.67404987-0.00114655j
26-16-21-40 #-----------------------------------------#
26-16-21-40 [Step 161] logΨ: mean=11.378+0.166j | min=6.549+2.697j | max=11.665+2.287j
26-16-21-40 梯度监控 | raw=11.4487 | per_param=0.3439 |  natural=0.0639 | clipped=0.0639(上限20.0)
26-16-21-40 原始规范坐标 G(Re Σrow_mean) = +26.7513 | 累计|g| = 13.8182
26-16-21-40 Ψ矩阵条件数 cond(Ψ) = 1.23e+01
26-16-21-40 Loss=-30.943398 | E0=-7.85887526+0.00020810j | E1=-7.71708361-0.00001733j|E2=-7.69299372+0.00040707j|E3=-7.67444507-0.00088999j
26-16-21-40 #-----------------------------------------#
26-16-21-40 [Step 162] logΨ: mean=11.424+0.254j | min=7.434-0.751j | max=11.723+2.259j
26-16-21-40 梯度监控 | raw=10.9351 | per_param=0.3285 |  natural=0.0042 | clipped=0.0042(上限20.0)
26-16-21-40 原始规范坐标 G(Re Σrow_mean) = +26.7384 | 累计|g| = 13.8182
26-16-21-40 Ψ矩阵条件数 cond(Ψ) = 1.68e+01
26-16-21-40 Loss=-30.943264 | E0=-7.86009361-0.00004194j | E1=-7.71708518+0.00051094j|E2=-7.69200695-0.00024826j|E3=-7.67407873-0.00005102j
26-16-21-40 #-----------------------------------------#
26-16-21-40 [Step 163] logΨ: mean=11.716+0.388j | min=5.978+2.743j | max=12.007+2.231j
26-16-21-40 梯度监控 | raw=9.8653 | per_param=0.2964 |  natural=0.0372 | clipped=0.0372(上限20.0)
26-16-21-40 原始规范坐标 G(Re Σrow_mean) = +26.8883 | 累计|g| = 13.8182
26-16-21-40 Ψ矩阵条件数 cond(Ψ) = 6.56e+00
26-16-21-40 Loss=-30.940801 | E0=-7.86046350+0.00005475j | E1=-7.71641147+0.00127864j|E2=-7.69133238+0.00027052j|E3=-7.67259325-0.00255943j
26-16-21-40 #-----------------------------------------#
26-16-21-40 [Step 164] logΨ: mean=11.737+0.187j | min=9.271-0.009j | max=12.010+2.227j
26-16-21-40 梯度监控 | raw=11.9312 | per_param=0.3584 |  natural=0.0020 | clipped=0.0020(上限20.0)
26-16-21-40 原始规范坐标 G(Re Σrow_mean) = +26.9005 | 累计|g| = 13.8182
26-16-21-40 Ψ矩阵条件数 cond(Ψ) = 6.58e+00
26-16-21-40 Loss=-30.947330 | E0=-7.85991121+0.00022388j | E1=-7.71746624+0.00036844j|E2=-7.69515438+0.00070349j|E3=-7.67479829-0.00218005j
26-16-21-40 #-----------------------------------------#
26-16-21-40 [Step 165] logΨ: mean=11.699+0.231j | min=8.458-2.095j | max=12.018+2.223j
26-16-21-40 梯度监控 | raw=11.8566 | per_param=0.3562 |  natural=0.0023 | clipped=0.0023(上限20.0)
26-16-21-40 原始规范坐标 G(Re Σrow_mean) = +26.8736 | 累计|g| = 13.8182
26-16-21-40 Ψ矩阵条件数 cond(Ψ) = 6.60e+00
26-16-21-40 Loss=-30.944495 | E0=-7.86057104+0.00027953j | E1=-7.71723686+0.00087122j|E2=-7.69331184+0.00080780j|E3=-7.67337562-0.00250710j
26-16-21-40 #-----------------------------------------#
26-16-21-40 [Step 166] logΨ: mean=11.730+0.015j | min=7.031-2.035j | max=12.052+2.204j
26-16-21-40 梯度监控 | raw=10.8507 | per_param=0.3260 |  natural=0.0070 | clipped=0.0070(上限20.0)
26-16-21-40 原始规范坐标 G(Re Σrow_mean) = +26.8625 | 累计|g| = 13.8182
26-16-21-40 Ψ矩阵条件数 cond(Ψ) = 6.64e+00
26-16-21-40 Loss=-30.947428 | E0=-7.85936014-0.00036745j | E1=-7.71722026-0.00014073j|E2=-7.69456635-0.00013501j|E3=-7.67628111+0.00033620j
26-16-21-40 #-----------------------------------------#
26-16-21-40 [Step 167] logΨ: mean=11.766+0.229j | min=6.363+2.582j | max=12.070+2.195j
26-16-21-40 梯度监控 | raw=11.3982 | per_param=0.3424 |  natural=0.0144 | clipped=0.0144(上限20.0)
26-16-21-40 原始规范坐标 G(Re Σrow_mean) = +26.8667 | 累计|g| = 13.8182
26-16-21-40 Ψ矩阵条件数 cond(Ψ) = 6.68e+00
26-16-21-40 Loss=-30.947404 | E0=-7.86017804+0.00010557j | E1=-7.71741350+0.00080749j|E2=-7.69438484+0.00034938j|E3=-7.67542780-0.00145458j
26-16-21-40 #-----------------------------------------#
26-16-21-40 [Step 168] logΨ: mean=11.752+0.224j | min=7.726+2.206j | max=12.055+2.188j
26-16-21-40 梯度监控 | raw=11.9503 | per_param=0.3590 |  natural=0.0058 | clipped=0.0058(上限20.0)
26-16-21-40 原始规范坐标 G(Re Σrow_mean) = +26.8831 | 累计|g| = 13.8182
26-16-21-40 Ψ矩阵条件数 cond(Ψ) = 6.72e+00
26-16-21-40 Loss=-30.945354 | E0=-7.86010915-0.00036332j | E1=-7.71730018+0.00024978j|E2=-7.69356898+0.00076372j|E3=-7.67437549-0.00158233j
26-16-21-40 #-----------------------------------------#
26-16-21-40 [Step 169] logΨ: mean=11.736-0.003j | min=7.545+2.026j | max=12.080+2.168j
26-16-21-40 梯度监控 | raw=10.9158 | per_param=0.3279 |  natural=0.0067 | clipped=0.0067(上限20.0)
26-16-21-40 原始规范坐标 G(Re Σrow_mean) = +26.8612 | 累计|g| = 13.8182
26-16-21-40 Ψ矩阵条件数 cond(Ψ) = 6.77e+00
26-16-21-40 Loss=-30.943080 | E0=-7.86057661-0.00003484j | E1=-7.71705539+0.00007246j|E2=-7.69178801+0.00017494j|E3=-7.67366004-0.00019936j
26-16-21-40 #-----------------------------------------#
26-16-21-40 [GaugeReset@170] 吸收 Δg = Σ Re(col_mean) = +26.8612 | 新|g| = 13.9628
26-16-21-40 [Step 170] logΨ: mean=11.517+0.374j | min=8.390-1.800j | max=11.828+2.197j
26-16-21-40 梯度监控 | raw=11.2703 | per_param=0.3386 |  natural=0.0020 | clipped=0.0020(上限20.0)
26-16-21-40 原始规范坐标 G(Re Σrow_mean) = +26.8410 | 累计|g| = 13.9628
26-16-21-40 Ψ矩阵条件数 cond(Ψ) = 4.62e+00
26-16-21-40 Loss=-30.946828 | E0=-7.86154076+0.00017585j | E1=-7.71737236+0.00087671j|E2=-7.69360291+0.00062137j|E3=-7.67431230-0.00222329j
26-16-21-40 #-----------------------------------------#
26-16-21-40 [Step 171] logΨ: mean=11.484+0.249j | min=7.973+1.490j | max=11.848+2.190j
26-16-21-40 梯度监控 | raw=11.5954 | per_param=0.3484 |  natural=0.0017 | clipped=0.0017(上限20.0)
26-16-21-40 原始规范坐标 G(Re Σrow_mean) = +26.8164 | 累计|g| = 13.9628
26-16-21-40 Ψ矩阵条件数 cond(Ψ) = 8.21e+00
26-16-21-40 Loss=-30.945605 | E0=-7.85897327+0.00001798j | E1=-7.71731819+0.00061632j|E2=-7.69355482-0.00029788j|E3=-7.67575872+0.00010755j
26-16-21-40 #-----------------------------------------#
26-16-21-40 [Step 172] logΨ: mean=11.600+0.354j | min=8.079-0.660j | max=11.893+2.166j
26-16-21-40 梯度监控 | raw=10.5742 | per_param=0.3177 |  natural=0.0046 | clipped=0.0046(上限20.0)
26-16-21-40 原始规范坐标 G(Re Σrow_mean) = +26.8486 | 累计|g| = 13.9628
26-16-21-40 Ψ矩阵条件数 cond(Ψ) = 1.23e+01
26-16-21-40 Loss=-30.948927 | E0=-7.86152891-0.00001147j | E1=-7.71734972+0.00058451j|E2=-7.69417321-0.00007875j|E3=-7.67587511-0.00073042j
26-16-21-40 #-----------------------------------------#
26-16-21-40 [Step 173] logΨ: mean=11.538+0.268j | min=7.376-1.134j | max=11.948+2.153j
26-16-21-40 梯度监控 | raw=10.4372 | per_param=0.3136 |  natural=0.0022 | clipped=0.0022(上限20.0)
26-16-21-40 原始规范坐标 G(Re Σrow_mean) = +26.7930 | 累计|g| = 13.9628
26-16-21-40 Ψ矩阵条件数 cond(Ψ) = 6.87e+00
26-16-21-40 Loss=-30.945854 | E0=-7.86034205+0.00005274j | E1=-7.71731919-0.00023523j|E2=-7.69254774-0.00063437j|E3=-7.67564466+0.00180814j
26-16-21-40 #-----------------------------------------#
26-16-21-40 [Step 174] logΨ: mean=11.658+0.146j | min=6.912+3.129j | max=11.972+2.149j
26-16-21-40 梯度监控 | raw=11.4489 | per_param=0.3439 |  natural=0.0040 | clipped=0.0040(上限20.0)
26-16-21-40 原始规范坐标 G(Re Σrow_mean) = +26.8739 | 累计|g| = 13.9628
26-16-21-40 Ψ矩阵条件数 cond(Ψ) = 6.89e+00
26-16-21-40 Loss=-30.947685 | E0=-7.86039717+0.00007490j | E1=-7.71738655+0.00045904j|E2=-7.69426967+0.00040643j|E3=-7.67563118-0.00136090j
26-16-21-40 #-----------------------------------------#
26-16-21-40 [Step 175] logΨ: mean=11.879+0.434j | min=4.729+2.216j | max=12.214+2.343j
26-16-21-40 梯度监控 | raw=11.1082 | per_param=0.3337 |  natural=0.0840 | clipped=0.0840(上限20.0)
26-16-21-40 原始规范坐标 G(Re Σrow_mean) = +27.0154 | 累计|g| = 13.9628
26-16-21-40 Ψ矩阵条件数 cond(Ψ) = 6.40e+00
26-16-21-40 Loss=-30.946649 | E0=-7.86113661-0.00026108j | E1=-7.71657995+0.00203883j|E2=-7.69397139-0.00020383j|E3=-7.67496058-0.00259274j
26-16-21-40 #-----------------------------------------#
26-16-21-40 [Step 176] logΨ: mean=11.898+0.398j | min=8.489-2.195j | max=12.237+2.342j
26-16-21-40 梯度监控 | raw=11.4499 | per_param=0.3440 |  natural=0.0021 | clipped=0.0021(上限20.0)
26-16-21-40 原始规范坐标 G(Re Σrow_mean) = +27.0179 | 累计|g| = 13.9628
26-16-21-40 Ψ矩阵条件数 cond(Ψ) = 1.15e+01
26-16-21-40 Loss=-30.947253 | E0=-7.86098803+0.00017069j | E1=-7.71741610+0.00135262j|E2=-7.69372198+0.00018839j|E3=-7.67512678-0.00160241j
26-16-21-40 #-----------------------------------------#
26-16-21-40 [Step 177] logΨ: mean=12.799+0.839j | min=6.208-1.906j | max=13.189+1.881j
26-16-21-40 梯度监控 | raw=8.5538 | per_param=0.2570 |  natural=0.1138 | clipped=0.1138(上限20.0)
26-16-21-40 原始规范坐标 G(Re Σrow_mean) = +27.3554 | 累计|g| = 13.9628
26-16-21-40 Ψ矩阵条件数 cond(Ψ) = 6.43e+00
26-16-21-40 Loss=-30.943746 | E0=-7.86121981+0.00002474j | E1=-7.71834637+0.00183297j|E2=-7.68987677-0.00506615j|E3=-7.67430318+0.00315318j
26-16-21-40 #-----------------------------------------#
26-16-21-40 [Step 178] logΨ: mean=12.853+0.752j | min=8.665+1.706j | max=13.203+1.875j
26-16-21-40 梯度监控 | raw=9.0722 | per_param=0.2725 |  natural=0.0019 | clipped=0.0019(上限20.0)
26-16-21-40 原始规范坐标 G(Re Σrow_mean) = +27.4006 | 累计|g| = 13.9628
26-16-21-40 Ψ矩阵条件数 cond(Ψ) = 1.18e+01
26-16-21-40 Loss=-30.948538 | E0=-7.86091616-0.00001530j | E1=-7.71732823-0.00222205j|E2=-7.69344102-0.00078253j|E3=-7.67685308+0.00358533j
26-16-21-40 #-----------------------------------------#
26-16-21-40 [Step 179] logΨ: mean=13.375+0.452j | min=6.595-2.944j | max=13.744+1.739j
26-16-21-40 梯度监控 | raw=9.6596 | per_param=0.2902 |  natural=0.1557 | clipped=0.1557(上限20.0)
26-16-21-40 原始规范坐标 G(Re Σrow_mean) = +27.6165 | 累计|g| = 13.9628
26-16-21-40 Ψ矩阵条件数 cond(Ψ) = 1.22e+01
26-16-21-40 Loss=-30.948023 | E0=-7.86131135-0.00003028j | E1=-7.71734482-0.00136913j|E2=-7.69362629+0.00011387j|E3=-7.67574092+0.00070570j
26-16-21-40 #-----------------------------------------#
26-16-21-40 [保存] Step 179 → pickle 文件已更新 (180 条记录)
26-16-21-40 [GaugeReset@180] 吸收 Δg = Σ Re(col_mean) = +27.6165 | 新|g| = 14.2834
26-16-21-40 [Step 180] logΨ: mean=12.641+0.823j | min=8.475-0.755j | max=13.013+1.932j
26-16-21-40 梯度监控 | raw=10.5361 | per_param=0.3165 |  natural=0.0047 | clipped=0.0047(上限20.0)
26-16-21-40 原始规范坐标 G(Re Σrow_mean) = +27.6472 | 累计|g| = 14.2834
26-16-21-40 Ψ矩阵条件数 cond(Ψ) = 6.54e+00
26-16-21-40 Loss=-30.946845 | E0=-7.86146318-0.00007641j | E1=-7.71720439-0.00025542j|E2=-7.69383774+0.00080014j|E3=-7.67433991-0.00148197j
26-16-21-40 #-----------------------------------------#
26-16-21-40 [Step 181] logΨ: mean=12.574+0.757j | min=9.190-2.661j | max=12.951+1.944j
26-16-21-40 梯度监控 | raw=8.2615 | per_param=0.2482 |  natural=0.0113 | clipped=0.0113(上限20.0)
26-16-21-40 原始规范坐标 G(Re Σrow_mean) = +27.5438 | 累计|g| = 14.2834
26-16-21-40 Ψ矩阵条件数 cond(Ψ) = 1.24e+01
26-16-21-40 Loss=-30.947573 | E0=-7.86112476+0.00002797j | E1=-7.71724914-0.00193849j|E2=-7.69256624-0.00206846j|E3=-7.67663286+0.00540947j
26-16-21-40 #-----------------------------------------#
26-16-21-40 [Step 182] logΨ: mean=12.595+0.897j | min=8.977+1.154j | max=12.975+1.906j
26-16-21-40 梯度监控 | raw=8.9215 | per_param=0.2680 |  natural=0.0056 | clipped=0.0056(上限20.0)
26-16-21-40 原始规范坐标 G(Re Σrow_mean) = +27.5025 | 累计|g| = 14.2834
26-16-21-40 Ψ矩阵条件数 cond(Ψ) = 6.55e+00
26-16-21-40 Loss=-30.949282 | E0=-7.86159059+0.00001536j | E1=-7.71739409-0.00024393j|E2=-7.69339250-0.00144166j|E3=-7.67690488+0.00331469j
26-16-21-40 #-----------------------------------------#
26-16-21-40 [Step 183] logΨ: mean=12.562+0.543j | min=6.928+3.012j | max=12.941+1.887j
26-16-21-40 梯度监控 | raw=28.6026 | per_param=0.8593 |  natural=0.0133 | clipped=0.0133(上限20.0)
26-16-21-40 原始规范坐标 G(Re Σrow_mean) = +27.5471 | 累计|g| = 14.2834
26-16-21-40 Ψ矩阵条件数 cond(Ψ) = 1.29e+01
26-16-21-40 Loss=-30.953018 | E0=-7.86201771+0.00526225j | E1=-7.71769235+0.00008109j|E2=-7.69575792-0.00104706j|E3=-7.67754958+0.00153120j
26-16-21-40 #-----------------------------------------#
26-16-21-40 [Step 184] logΨ: mean=12.568+0.246j | min=8.957-1.205j | max=12.958+1.874j
26-16-21-40 梯度监控 | raw=10.9012 | per_param=0.3275 |  natural=0.0044 | clipped=0.0044(上限20.0)
26-16-21-40 原始规范坐标 G(Re Σrow_mean) = +27.5865 | 累计|g| = 14.2834
26-16-21-40 Ψ矩阵条件数 cond(Ψ) = 6.58e+00
26-16-21-40 Loss=-30.948377 | E0=-7.86120384+0.00008741j | E1=-7.71751889+0.00040943j|E2=-7.69465760+0.00092870j|E3=-7.67499687-0.00178879j
26-16-21-40 #-----------------------------------------#
26-16-21-40 [Step 185] logΨ: mean=12.616+0.186j | min=8.428-1.046j | max=12.987+1.841j
26-16-21-40 梯度监控 | raw=10.2632 | per_param=0.3083 |  natural=0.0046 | clipped=0.0046(上限20.0)
26-16-21-40 原始规范坐标 G(Re Σrow_mean) = +27.5583 | 累计|g| = 14.2834
26-16-21-40 Ψ矩阵条件数 cond(Ψ) = 4.46e+00
26-16-21-40 Loss=-30.948100 | E0=-7.86089299+0.00004519j | E1=-7.71732192-0.00002235j|E2=-7.69338891-0.00043914j|E3=-7.67649643+0.00132304j
26-16-21-40 #-----------------------------------------#
26-16-21-41 [Step 186] logΨ: mean=12.566-0.090j | min=8.440-0.767j | max=12.907+1.845j
26-16-21-41 梯度监控 | raw=10.6674 | per_param=0.3205 |  natural=0.0089 | clipped=0.0089(上限20.0)
26-16-21-41 原始规范坐标 G(Re Σrow_mean) = +27.5854 | 累计|g| = 14.2834
26-16-21-41 Ψ矩阵条件数 cond(Ψ) = 6.64e+00
26-16-21-41 Loss=-30.951686 | E0=-7.86054077+0.00011705j | E1=-7.71774812-0.00014710j|E2=-7.69659074+0.00086199j|E3=-7.67680593-0.00134868j
26-16-21-41 #-----------------------------------------#
26-16-21-41 [Step 187] logΨ: mean=12.625+0.292j | min=8.142+0.419j | max=12.958+1.822j
26-16-21-41 梯度监控 | raw=10.0407 | per_param=0.3016 |  natural=0.0014 | clipped=0.0014(上限20.0)
26-16-21-41 原始规范坐标 G(Re Σrow_mean) = +27.6216 | 累计|g| = 14.2834
26-16-21-41 Ψ矩阵条件数 cond(Ψ) = 6.64e+00
26-16-21-41 Loss=-30.953657 | E0=-7.86114674-0.00006585j | E1=-7.71782394+0.00051552j|E2=-7.69765954+0.00057384j|E3=-7.67702697-0.00190535j
26-16-21-41 #-----------------------------------------#
26-16-21-41 [Step 188] logΨ: mean=12.639+0.130j | min=7.048+0.304j | max=12.985+1.834j
26-16-21-41 梯度监控 | raw=10.8269 | per_param=0.3253 |  natural=0.0017 | clipped=0.0017(上限20.0)
26-16-21-41 原始规范坐标 G(Re Σrow_mean) = +27.5882 | 累计|g| = 14.2834
26-16-21-41 Ψ矩阵条件数 cond(Ψ) = 4.46e+00
26-16-21-41 Loss=-30.950590 | E0=-7.86095264+0.00017949j | E1=-7.71764016+0.00153915j|E2=-7.69544248-0.00010806j|E3=-7.67655444-0.00140766j
26-16-21-41 #-----------------------------------------#
26-16-21-41 [Step 189] logΨ: mean=12.642+0.046j | min=8.214-2.058j | max=13.009+1.826j
26-16-21-41 梯度监控 | raw=9.7525 | per_param=0.2930 |  natural=0.0019 | clipped=0.0019(上限20.0)
26-16-21-41 原始规范坐标 G(Re Σrow_mean) = +27.5478 | 累计|g| = 14.2834
26-16-21-41 Ψ矩阵条件数 cond(Ψ) = 6.64e+00
26-16-21-41 Loss=-30.952405 | E0=-7.86156572+0.00000307j | E1=-7.71768963+0.00052981j|E2=-7.69564371-0.00035143j|E3=-7.67750556+0.00047237j
26-16-21-41 #-----------------------------------------#
26-16-21-41 [GaugeReset@190] 吸收 Δg = Σ Re(col_mean) = +27.5478 | 新|g| = 14.2609
26-16-21-41 [Step 190] logΨ: mean=12.678+0.245j | min=8.304+1.059j | max=13.110+1.801j
26-16-21-41 梯度监控 | raw=9.2788 | per_param=0.2788 |  natural=0.0048 | clipped=0.0048(上限20.0)
26-16-21-41 原始规范坐标 G(Re Σrow_mean) = +27.5184 | 累计|g| = 14.2609
26-16-21-41 Ψ矩阵条件数 cond(Ψ) = 4.53e+00
26-16-21-41 Loss=-30.949609 | E0=-7.86061739+0.00004032j | E1=-7.71741420+0.00008455j|E2=-7.69380125-0.00131862j|E3=-7.67777618+0.00283922j
26-16-21-41 #-----------------------------------------#
26-16-21-41 [Step 191] logΨ: mean=13.091+0.602j | min=7.031-0.177j | max=13.422+1.732j
26-16-21-41 梯度监控 | raw=11.2680 | per_param=0.3385 |  natural=0.0343 | clipped=0.0343(上限20.0)
26-16-21-41 原始规范坐标 G(Re Σrow_mean) = +27.7970 | 累计|g| = 14.2609
26-16-21-41 Ψ矩阵条件数 cond(Ψ) = 6.61e+00
26-16-21-41 Loss=-30.949684 | E0=-7.86135655+0.00005215j | E1=-7.71742447-0.00084831j|E2=-7.69522985+0.00162854j|E3=-7.67567305-0.00211383j
26-16-21-41 #-----------------------------------------#
26-16-21-41 [Step 192] logΨ: mean=13.109+0.993j | min=9.599+0.271j | max=13.444+1.732j
26-16-21-41 梯度监控 | raw=9.6671 | per_param=0.2904 |  natural=0.0012 | clipped=0.0012(上限20.0)
26-16-21-41 原始规范坐标 G(Re Σrow_mean) = +27.7491 | 累计|g| = 14.2609
26-16-21-41 Ψ矩阵条件数 cond(Ψ) = 1.30e+01
26-16-21-41 Loss=-30.950014 | E0=-7.86172739+0.00008837j | E1=-7.71741867-0.00042945j|E2=-7.69389288-0.00039362j|E3=-7.67697487+0.00061882j
26-16-21-41 #-----------------------------------------#
26-16-21-41 [Step 193] logΨ: mean=13.198+0.435j | min=9.380-2.584j | max=13.492+1.713j
26-16-21-41 梯度监控 | raw=10.4990 | per_param=0.3154 |  natural=0.0015 | clipped=0.0015(上限20.0)
26-16-21-41 原始规范坐标 G(Re Σrow_mean) = +27.8556 | 累计|g| = 14.2609
26-16-21-41 Ψ矩阵条件数 cond(Ψ) = 1.22e+01
26-16-21-41 Loss=-30.954206 | E0=-7.86166343+0.00008673j | E1=-7.71796565+0.00102649j|E2=-7.69839205+0.00069625j|E3=-7.67618468-0.00403953j
26-16-21-41 #-----------------------------------------#
26-16-21-41 [Step 194] logΨ: mean=13.201+0.538j | min=9.398-2.599j | max=13.534+1.699j
26-16-21-41 梯度监控 | raw=9.7619 | per_param=0.2933 |  natural=0.0014 | clipped=0.0014(上限20.0)
26-16-21-41 原始规范坐标 G(Re Σrow_mean) = +27.7425 | 累计|g| = 14.2609
26-16-21-41 Ψ矩阵条件数 cond(Ψ) = 6.60e+00
26-16-21-41 Loss=-30.952537 | E0=-7.86152284+0.00003315j | E1=-7.71764338+0.00027667j|E2=-7.69546222-0.00061623j|E3=-7.67790834+0.00081576j
26-16-21-41 #-----------------------------------------#
26-16-21-41 [Step 195] logΨ: mean=13.098+0.610j | min=8.639+2.842j | max=13.436+1.700j
26-16-21-41 梯度监控 | raw=9.0986 | per_param=0.2733 |  natural=0.0165 | clipped=0.0165(上限20.0)
26-16-21-41 原始规范坐标 G(Re Σrow_mean) = +27.7093 | 累计|g| = 14.2609
26-16-21-41 Ψ矩阵条件数 cond(Ψ) = 6.63e+00
26-16-21-41 Loss=-30.954308 | E0=-7.86218078+0.00006735j | E1=-7.71777977+0.00031417j|E2=-7.69648185-0.00004917j|E3=-7.67786513-0.00011914j
26-16-21-41 #-----------------------------------------#
26-16-21-41 [Step 196] logΨ: mean=13.210+0.443j | min=8.678+2.840j | max=13.485+1.698j
26-16-21-41 梯度监控 | raw=10.1856 | per_param=0.3060 |  natural=0.0018 | clipped=0.0018(上限20.0)
26-16-21-41 原始规范坐标 G(Re Σrow_mean) = +27.8107 | 累计|g| = 14.2609
26-16-21-41 Ψ矩阵条件数 cond(Ψ) = 1.23e+01
26-16-21-41 Loss=-30.956214 | E0=-7.86152714+0.00008423j | E1=-7.71862141+0.00251349j|E2=-7.69915273-0.00022345j|E3=-7.67691310-0.00399269j
26-16-21-41 #-----------------------------------------#
26-16-21-41 [Step 197] logΨ: mean=13.217-0.024j | min=8.905-1.574j | max=13.511+1.704j
26-16-21-41 梯度监控 | raw=11.0712 | per_param=0.3326 |  natural=0.0020 | clipped=0.0020(上限20.0)
26-16-21-41 原始规范坐标 G(Re Σrow_mean) = +27.8906 | 累计|g| = 14.2609
26-16-21-41 Ψ矩阵条件数 cond(Ψ) = 6.60e+00
26-16-21-41 Loss=-30.954269 | E0=-7.86169807+0.00021324j | E1=-7.71848449+0.00238641j|E2=-7.69867305+0.00046212j|E3=-7.67541367-0.00577273j
26-16-21-41 #-----------------------------------------#
26-16-21-41 [Step 198] logΨ: mean=13.240+0.091j | min=7.641-2.724j | max=13.546+1.676j
26-16-21-41 梯度监控 | raw=11.3638 | per_param=0.3414 |  natural=0.0044 | clipped=0.0044(上限20.0)
26-16-21-41 原始规范坐标 G(Re Σrow_mean) = +27.8417 | 累计|g| = 14.2609
26-16-21-41 Ψ矩阵条件数 cond(Ψ) = 6.61e+00
26-16-21-41 Loss=-30.952534 | E0=-7.86089057-0.00153911j | E1=-7.71796467+0.00143396j|E2=-7.69769572+0.00073981j|E3=-7.67598302-0.00403230j
26-16-21-41 #-----------------------------------------#
26-16-21-41 [Step 199] logΨ: mean=13.251+0.339j | min=8.016-1.420j | max=13.588+1.661j
26-16-21-41 梯度监控 | raw=9.7408 | per_param=0.2926 |  natural=0.0015 | clipped=0.0015(上限20.0)
26-16-21-41 原始规范坐标 G(Re Σrow_mean) = +27.7928 | 累计|g| = 14.2609
26-16-21-41 Ψ矩阵条件数 cond(Ψ) = 6.60e+00
26-16-21-41 Loss=-30.953587 | E0=-7.86192778+0.00002313j | E1=-7.71779684+0.00037637j|E2=-7.69620472+0.00022744j|E3=-7.67765728-0.00100039j
26-16-21-41 #-----------------------------------------#
26-16-21-41 [保存] Step 199 → pickle 文件已更新 (200 条记录)
26-16-21-41 [GaugeReset@200] 吸收 Δg = Σ Re(col_mean) = +27.7928 | 新|g| = 14.3595
26-16-21-41 [Step 200] logΨ: mean=12.861+0.384j | min=9.135+2.241j | max=13.240+1.804j
26-16-21-41 梯度监控 | raw=9.3177 | per_param=0.2799 |  natural=0.0176 | clipped=0.0176(上限20.0)
26-16-21-41 原始规范坐标 G(Re Σrow_mean) = +27.7030 | 累计|g| = 14.3595
26-16-21-41 Ψ矩阵条件数 cond(Ψ) = 6.66e+00
26-16-21-41 Loss=-30.952944 | E0=-7.86189442+0.00002837j | E1=-7.71786849+0.00044015j|E2=-7.69557704+0.00008748j|E3=-7.67760372-0.00065856j
26-16-21-41 #-----------------------------------------#
26-16-21-41 [Step 201] logΨ: mean=12.971+0.214j | min=6.824-1.394j | max=13.283+1.795j
26-16-21-41 梯度监控 | raw=9.6117 | per_param=0.2888 |  natural=0.0046 | clipped=0.0046(上限20.0)
26-16-21-41 原始规范坐标 G(Re Σrow_mean) = +27.7740 | 累计|g| = 14.3595
26-16-21-41 Ψ矩阵条件数 cond(Ψ) = 4.53e+00
26-16-21-41 Loss=-30.954914 | E0=-7.86169479+0.00000482j | E1=-7.71788539+0.00044558j|E2=-7.69747086+0.00010296j|E3=-7.67786309-0.00132333j
26-16-21-41 #-----------------------------------------#
26-16-21-41 [Step 202] logΨ: mean=13.012+0.574j | min=8.777-1.528j | max=13.333+1.756j
26-16-21-41 梯度监控 | raw=9.2984 | per_param=0.2793 |  natural=0.0037 | clipped=0.0037(上限20.0)
26-16-21-41 原始规范坐标 G(Re Σrow_mean) = +27.7537 | 累计|g| = 14.3595
26-16-21-41 Ψ矩阵条件数 cond(Ψ) = 6.61e+00
26-16-21-41 Loss=-30.954772 | E0=-7.86210774+0.00002220j | E1=-7.71788847+0.00079289j|E2=-7.69655482-0.00033372j|E3=-7.67822132-0.00070944j
26-16-21-41 #-----------------------------------------#
26-16-21-41 [Step 203] logΨ: mean=12.983+0.621j | min=8.451+1.010j | max=13.362+1.752j
26-16-21-41 梯度监控 | raw=8.9595 | per_param=0.2692 |  natural=0.0014 | clipped=0.0014(上限20.0)
26-16-21-41 原始规范坐标 G(Re Σrow_mean) = +27.7055 | 累计|g| = 14.3595
26-16-21-41 Ψ矩阵条件数 cond(Ψ) = 6.60e+00
26-16-21-41 Loss=-30.954033 | E0=-7.86188588+0.00014764j | E1=-7.71773657-0.00009865j|E2=-7.69554917-0.00056371j|E3=-7.67886154+0.00147738j
26-16-21-41 #-----------------------------------------#
26-16-21-41 [Step 204] logΨ: mean=13.038+0.511j | min=8.324+2.676j | max=13.399+1.729j
26-16-21-41 梯度监控 | raw=7.7390 | per_param=0.2325 |  natural=0.0025 | clipped=0.0025(上限20.0)
26-16-21-41 原始规范坐标 G(Re Σrow_mean) = +27.7019 | 累计|g| = 14.3595
26-16-21-41 Ψ矩阵条件数 cond(Ψ) = 6.60e+00
26-16-21-41 Loss=-30.954183 | E0=-7.86213668-0.00000497j | E1=-7.71775120-0.00152408j|E2=-7.69476015-0.00162874j|E3=-7.67953503+0.00497809j
26-16-21-41 #-----------------------------------------#
26-16-21-41 [Step 205] logΨ: mean=13.030+0.449j | min=8.489-2.166j | max=13.418+1.720j
26-16-21-41 梯度监控 | raw=7.4897 | per_param=0.2250 |  natural=0.0011 | clipped=0.0011(上限20.0)
26-16-21-41 原始规范坐标 G(Re Σrow_mean) = +27.6745 | 累计|g| = 14.3595
26-16-21-41 Ψ矩阵条件数 cond(Ψ) = 6.59e+00
26-16-21-41 Loss=-30.955204 | E0=-7.86199153+0.00007844j | E1=-7.71785823-0.00178434j|E2=-7.69554094-0.00146338j|E3=-7.67981353+0.00509698j
26-16-21-41 #-----------------------------------------#
26-16-21-41 [Step 206] logΨ: mean=13.102+0.129j | min=8.521+0.942j | max=13.457+1.689j
26-16-21-41 梯度监控 | raw=7.7174 | per_param=0.2318 |  natural=0.0038 | clipped=0.0038(上限20.0)
26-16-21-41 原始规范坐标 G(Re Σrow_mean) = +27.7262 | 累计|g| = 14.3595
26-16-21-41 Ψ矩阵条件数 cond(Ψ) = 6.59e+00
26-16-21-41 Loss=-30.957053 | E0=-7.86195830+0.00009073j | E1=-7.71800056-0.00125192j|E2=-7.69708648-0.00030326j|E3=-7.68000735+0.00263976j
26-16-21-41 #-----------------------------------------#
26-16-21-41 [Step 207] logΨ: mean=13.081+0.149j | min=7.755+1.795j | max=13.475+1.705j
26-16-21-41 梯度监控 | raw=8.1761 | per_param=0.2456 |  natural=0.0030 | clipped=0.0030(上限20.0)
26-16-21-41 原始规范坐标 G(Re Σrow_mean) = +27.7491 | 累计|g| = 14.3595
26-16-21-41 Ψ矩阵条件数 cond(Ψ) = 6.59e+00
26-16-21-41 Loss=-30.955045 | E0=-7.86200659+0.00010864j | E1=-7.71770832-0.00026970j|E2=-7.69635714-0.00055972j|E3=-7.67897323+0.00157036j
26-16-21-41 #-----------------------------------------#
26-16-21-41 [Step 208] logΨ: mean=13.221+0.040j | min=9.396+0.809j | max=13.509+1.686j
26-16-21-41 梯度监控 | raw=9.3340 | per_param=0.2804 |  natural=0.0024 | clipped=0.0024(上限20.0)
26-16-21-41 原始规范坐标 G(Re Σrow_mean) = +27.8811 | 累计|g| = 14.3595
26-16-21-41 Ψ矩阵条件数 cond(Ψ) = 1.25e+01
26-16-21-41 Loss=-30.957038 | E0=-7.86251887+0.00009756j | E1=-7.71827065+0.00113620j|E2=-7.69901458+0.00045470j|E3=-7.67723425-0.00357351j
26-16-21-41 #-----------------------------------------#
26-16-21-41 [Step 209] logΨ: mean=13.285+0.171j | min=9.062+0.508j | max=13.556+1.677j
26-16-21-41 梯度监控 | raw=8.9996 | per_param=0.2704 |  natural=0.0015 | clipped=0.0015(上限20.0)
26-16-21-41 原始规范坐标 G(Re Σrow_mean) = +27.8951 | 累计|g| = 14.3595
26-16-21-41 Ψ矩阵条件数 cond(Ψ) = 4.48e+00
26-16-21-41 Loss=-30.958009 | E0=-7.86209659+0.00014759j | E1=-7.71862599+0.00180192j|E2=-7.69957265-0.00019767j|E3=-7.67771407-0.00356774j
26-16-21-41 #-----------------------------------------#
26-16-21-41 [GaugeReset@210] 吸收 Δg = Σ Re(col_mean) = +27.8951 | 新|g| = 14.3867
26-16-21-41 [Step 210] logΨ: mean=13.154+0.284j | min=9.806+0.921j | max=13.472+1.810j
26-16-21-41 梯度监控 | raw=9.5463 | per_param=0.2868 |  natural=0.0012 | clipped=0.0012(上限20.0)
26-16-21-41 原始规范坐标 G(Re Σrow_mean) = +27.8584 | 累计|g| = 14.3867
26-16-21-41 Ψ矩阵条件数 cond(Ψ) = 1.28e+01
26-16-21-41 Loss=-30.955532 | E0=-7.86187717+0.00005630j | E1=-7.71815987+0.00117405j|E2=-7.69779143+0.00015012j|E3=-7.67770385-0.00267191j
26-16-21-41 #-----------------------------------------#
26-16-21-41 [Step 211] logΨ: mean=13.220+0.299j | min=9.473+1.263j | max=13.512+1.776j
26-16-21-41 梯度监控 | raw=8.7568 | per_param=0.2631 |  natural=0.0040 | clipped=0.0040(上限20.0)
26-16-21-41 原始规范坐标 G(Re Σrow_mean) = +27.8767 | 累计|g| = 14.3867
26-16-21-41 Ψ矩阵条件数 cond(Ψ) = 6.69e+00
26-16-21-41 Loss=-30.958063 | E0=-7.86239727+0.00004299j | E1=-7.71828370+0.00137194j|E2=-7.69943415+0.00002016j|E3=-7.67794793-0.00254753j
26-16-21-41 #-----------------------------------------#
26-16-21-41 [Step 212] logΨ: mean=13.211+0.294j | min=9.893-1.341j | max=13.532+1.769j
26-16-21-41 梯度监控 | raw=9.6503 | per_param=0.2899 |  natural=0.0013 | clipped=0.0013(上限20.0)
26-16-21-41 原始规范坐标 G(Re Σrow_mean) = +27.8583 | 累计|g| = 14.3867
26-16-21-41 Ψ矩阵条件数 cond(Ψ) = 1.30e+01
26-16-21-41 Loss=-30.955445 | E0=-7.86244064+0.00004449j | E1=-7.71803598+0.00129974j|E2=-7.69687874-0.00009005j|E3=-7.67808975-0.00160912j
26-16-21-41 #-----------------------------------------#
26-16-21-41 [Step 213] logΨ: mean=13.121+0.394j | min=8.974+0.567j | max=13.559+1.738j
26-16-21-41 梯度监控 | raw=8.8582 | per_param=0.2661 |  natural=0.0030 | clipped=0.0030(上限20.0)
26-16-21-41 原始规范坐标 G(Re Σrow_mean) = +27.7802 | 累计|g| = 14.3867
26-16-21-41 Ψ矩阵条件数 cond(Ψ) = 1.27e+01
26-16-21-41 Loss=-30.952443 | E0=-7.86125759+0.00010150j | E1=-7.71768315-0.00141843j|E2=-7.69410926-0.00102320j|E3=-7.67939273+0.00354606j
26-16-21-41 #-----------------------------------------#
26-16-21-41 [Step 214] logΨ: mean=13.241+0.656j | min=9.850+0.858j | max=13.578+1.736j
26-16-21-41 梯度监控 | raw=8.2959 | per_param=0.2492 |  natural=0.0011 | clipped=0.0011(上限20.0)
26-16-21-41 原始规范坐标 G(Re Σrow_mean) = +27.8337 | 累计|g| = 14.3867
26-16-21-41 Ψ矩阵条件数 cond(Ψ) = 6.67e+00
26-16-21-41 Loss=-30.957007 | E0=-7.86212271+0.00003896j | E1=-7.71813081-0.00009776j|E2=-7.69730698-0.00006081j|E3=-7.67944672+0.00021237j
26-16-21-41 #-----------------------------------------#
26-16-21-41 [Step 215] logΨ: mean=13.275+0.553j | min=8.974+0.593j | max=13.610+1.734j
26-16-21-41 梯度监控 | raw=7.5302 | per_param=0.2262 |  natural=0.0010 | clipped=0.0010(上限20.0)
26-16-21-41 原始规范坐标 G(Re Σrow_mean) = +27.8176 | 累计|g| = 14.3867
26-16-21-41 Ψ矩阵条件数 cond(Ψ) = 1.29e+01
26-16-21-41 Loss=-30.959097 | E0=-7.86249493+0.00004331j | E1=-7.71819659-0.00035575j|E2=-7.69838707-0.00003021j|E3=-7.68001853+0.00074247j
26-16-21-41 #-----------------------------------------#
26-16-21-41 [Step 216] logΨ: mean=13.208+0.378j | min=9.398+1.864j | max=13.533+1.721j
26-16-21-41 梯度监控 | raw=8.1234 | per_param=0.2440 |  natural=0.0154 | clipped=0.0154(上限20.0)
26-16-21-41 原始规范坐标 G(Re Σrow_mean) = +27.8178 | 累计|g| = 14.3867
26-16-21-41 Ψ矩阵条件数 cond(Ψ) = 1.27e+01
26-16-21-41 Loss=-30.958717 | E0=-7.86260779+0.00007898j | E1=-7.71827610+0.00038984j|E2=-7.69878700+0.00016351j|E3=-7.67904626-0.00103871j
26-16-21-41 #-----------------------------------------#
26-16-21-41 [Step 217] logΨ: mean=13.080+0.503j | min=8.741-2.602j | max=13.416+1.684j
26-16-21-41 梯度监控 | raw=6.9232 | per_param=0.2080 |  natural=0.0183 | clipped=0.0183(上限20.0)
26-16-21-41 原始规范坐标 G(Re Σrow_mean) = +27.7052 | 累计|g| = 14.3867
26-16-21-41 Ψ矩阵条件数 cond(Ψ) = 1.29e+01
26-16-21-41 Loss=-30.959317 | E0=-7.86219793+0.00003719j | E1=-7.71829007-0.00101845j|E2=-7.69846977-0.00006232j|E3=-7.68035893+0.00187555j
26-16-21-41 #-----------------------------------------#
26-16-21-41 [Step 218] logΨ: mean=13.151+0.224j | min=9.442-1.275j | max=13.441+1.656j
26-16-21-41 梯度监控 | raw=8.3855 | per_param=0.2519 |  natural=0.0030 | clipped=0.0030(上限20.0)
26-16-21-41 原始规范坐标 G(Re Σrow_mean) = +27.7797 | 累计|g| = 14.3867
26-16-21-41 Ψ矩阵条件数 cond(Ψ) = 1.28e+01
26-16-21-41 Loss=-30.958700 | E0=-7.86250647+0.00004292j | E1=-7.71823432+0.00041494j|E2=-7.69868895+0.00015139j|E3=-7.67926981-0.00107235j
26-16-21-41 #-----------------------------------------#
26-16-21-41 [Step 219] logΨ: mean=13.132+0.312j | min=8.908-1.650j | max=13.484+1.636j
26-16-21-41 梯度监控 | raw=6.0853 | per_param=0.1828 |  natural=0.0023 | clipped=0.0023(上限20.0)
26-16-21-41 原始规范坐标 G(Re Σrow_mean) = +27.6594 | 累计|g| = 14.3867
26-16-21-41 Ψ矩阵条件数 cond(Ψ) = 1.29e+01
26-16-21-41 Loss=-30.959446 | E0=-7.86253230+0.00001236j | E1=-7.71841474-0.00239007j|E2=-7.69710728-0.00076491j|E3=-7.68139160+0.00535145j
26-16-21-41 #-----------------------------------------#
26-16-21-41 [保存] Step 219 → pickle 文件已更新 (220 条记录)
26-16-21-41 [GaugeReset@220] 吸收 Δg = Σ Re(col_mean) = +27.6594 | 新|g| = 14.3931
26-16-21-41 [Step 220] logΨ: mean=13.194-0.075j | min=7.261-3.061j | max=13.606+1.607j
26-16-21-41 梯度监控 | raw=5.5909 | per_param=0.1680 |  natural=0.0226 | clipped=0.0226(上限20.0)
26-16-21-41 原始规范坐标 G(Re Σrow_mean) = +27.5672 | 累计|g| = 14.3931
26-16-21-41 Ψ矩阵条件数 cond(Ψ) = 1.31e+01
26-16-21-41 Loss=-30.957345 | E0=-7.86229110+0.00007419j | E1=-7.71819779-0.00293415j|E2=-7.69595529-0.00243668j|E3=-7.68090118+0.00889202j
26-16-21-41 #-----------------------------------------#
26-16-21-41 [Step 221] logΨ: mean=13.187+0.305j | min=9.690+2.664j | max=13.631+1.602j
26-16-21-41 梯度监控 | raw=5.9021 | per_param=0.1773 |  natural=0.0008 | clipped=0.0008(上限20.0)
26-16-21-41 原始规范坐标 G(Re Σrow_mean) = +27.5564 | 累计|g| = 14.3931
26-16-21-41 Ψ矩阵条件数 cond(Ψ) = 1.31e+01
26-16-21-41 Loss=-30.957034 | E0=-7.86208823-0.00000305j | E1=-7.71811592-0.00282324j|E2=-7.69581654-0.00259591j|E3=-7.68101349+0.00888716j
26-16-21-41 #-----------------------------------------#
26-16-21-41 [Step 222] logΨ: mean=13.229+0.327j | min=9.358+0.736j | max=13.630+1.618j
26-16-21-41 梯度监控 | raw=7.4420 | per_param=0.2236 |  natural=0.0032 | clipped=0.0032(上限20.0)
26-16-21-41 原始规范坐标 G(Re Σrow_mean) = +27.6426 | 累计|g| = 14.3931
26-16-21-41 Ψ矩阵条件数 cond(Ψ) = 6.73e+00
26-16-21-41 Loss=-30.957471 | E0=-7.86266703+0.00019695j | E1=-7.71812252-0.00156312j|E2=-7.69600857-0.00060105j|E3=-7.68067308+0.00353987j
26-16-21-41 #-----------------------------------------#
26-16-21-41 [Step 223] logΨ: mean=13.185+0.197j | min=9.363-3.055j | max=13.627+1.639j
26-16-21-41 梯度监控 | raw=6.5311 | per_param=0.1962 |  natural=0.0035 | clipped=0.0035(上限20.0)
26-16-21-41 原始规范坐标 G(Re Σrow_mean) = +27.5977 | 累计|g| = 14.3931
26-16-21-41 Ψ矩阵条件数 cond(Ψ) = 1.11e+01
26-16-21-41 Loss=-30.958382 | E0=-7.86275921+0.00029139j | E1=-7.71806416-0.00194416j|E2=-7.69660158-0.00098674j|E3=-7.68095690+0.00477760j
26-16-21-41 #-----------------------------------------#
26-16-21-41 [Step 224] logΨ: mean=13.320+0.063j | min=9.813+0.757j | max=13.653+1.631j
26-16-21-41 梯度监控 | raw=7.0808 | per_param=0.2127 |  natural=0.0007 | clipped=0.0007(上限20.0)
26-16-21-41 原始规范坐标 G(Re Σrow_mean) = +27.6828 | 累计|g| = 14.3931
26-16-21-41 Ψ矩阵条件数 cond(Ψ) = 6.70e+00
26-16-21-41 Loss=-30.960687 | E0=-7.86246357+0.00002147j | E1=-7.71843581-0.00024850j|E2=-7.69934885-0.00003820j|E3=-7.68043890+0.00056993j
26-16-21-41 #-----------------------------------------#
26-16-21-41 [Step 225] logΨ: mean=13.380+0.013j | min=9.057+1.489j | max=13.659+1.632j
26-16-21-41 梯度监控 | raw=8.4263 | per_param=0.2531 |  natural=0.0008 | clipped=0.0008(上限20.0)
26-16-21-41 原始规范坐标 G(Re Σrow_mean) = +27.7950 | 累计|g| = 14.3931
26-16-21-41 Ψ矩阵条件数 cond(Ψ) = 6.70e+00
26-16-21-41 Loss=-30.959778 | E0=-7.86288786+0.00012464j | E1=-7.71877812+0.00192034j|E2=-7.70004945-0.00007077j|E3=-7.67806234-0.00401517j
26-16-21-41 #-----------------------------------------#
26-16-21-41 [Step 226] logΨ: mean=13.432-0.226j | min=5.533+1.499j | max=13.709+1.633j
26-16-21-41 梯度监控 | raw=9.3954 | per_param=0.2823 |  natural=0.0020 | clipped=0.0020(上限20.0)
26-16-21-41 原始规范坐标 G(Re Σrow_mean) = +27.8359 | 累计|g| = 14.3931
26-16-21-41 Ψ矩阵条件数 cond(Ψ) = 6.70e+00
26-16-21-41 Loss=-30.958577 | E0=-7.86241593+0.00014929j | E1=-7.71867957+0.00164646j|E2=-7.69950804+0.00030732j|E3=-7.67797392-0.00397320j
26-16-21-41 #-----------------------------------------#
26-16-21-41 [Step 227] logΨ: mean=13.770-0.347j | min=7.741+2.586j | max=14.069+1.376j
26-16-21-41 梯度监控 | raw=8.0346 | per_param=0.2414 |  natural=0.1263 | clipped=0.1263(上限20.0)
26-16-21-41 原始规范坐标 G(Re Σrow_mean) = +28.0195 | 累计|g| = 14.3931
26-16-21-41 Ψ矩阵条件数 cond(Ψ) = 6.40e+00
26-16-21-41 Loss=-30.958462 | E0=-7.86269457+0.00003485j | E1=-7.71799692+0.00082340j|E2=-7.69981005-0.00024079j|E3=-7.67796041-0.00426283j
26-16-21-41 #-----------------------------------------#
26-16-21-41 [Step 228] logΨ: mean=13.817-0.127j | min=9.802+0.497j | max=14.078+1.381j
26-16-21-41 梯度监控 | raw=8.1658 | per_param=0.2453 |  natural=0.0023 | clipped=0.0023(上限20.0)
26-16-21-41 原始规范坐标 G(Re Σrow_mean) = +28.0325 | 累计|g| = 14.3931
26-16-21-41 Ψ矩阵条件数 cond(Ψ) = 6.38e+00
26-16-21-41 Loss=-30.960758 | E0=-7.86226968+0.00012192j | E1=-7.71887891+0.00107799j|E2=-7.70088308+0.00003084j|E3=-7.67872654-0.00317735j
26-16-21-41 #-----------------------------------------#
26-16-21-41 [Step 229] logΨ: mean=13.649+0.268j | min=9.945-1.599j | max=13.924+1.451j
26-16-21-41 梯度监控 | raw=8.2113 | per_param=0.2467 |  natural=0.0144 | clipped=0.0144(上限20.0)
26-16-21-41 原始规范坐标 G(Re Σrow_mean) = +27.9048 | 累计|g| = 14.3931
26-16-21-41 Ψ矩阵条件数 cond(Ψ) = 6.46e+00
26-16-21-41 Loss=-30.960338 | E0=-7.86254393+0.00002864j | E1=-7.71847378+0.00070426j|E2=-7.70035264+0.00035129j|E3=-7.67896719-0.00242856j
26-16-21-41 #-----------------------------------------#
26-16-21-41 [GaugeReset@230] 吸收 Δg = Σ Re(col_mean) = +27.9048 | 新|g| = 14.4037
26-16-21-41 [Step 230] logΨ: mean=13.126+0.651j | min=7.949-0.909j | max=13.484+1.783j
26-16-21-41 梯度监控 | raw=8.6077 | per_param=0.2586 |  natural=0.0344 | clipped=0.0344(上限20.0)
26-16-21-41 原始规范坐标 G(Re Σrow_mean) = +27.7463 | 累计|g| = 14.4037
26-16-21-41 Ψ矩阵条件数 cond(Ψ) = 1.32e+01
26-16-21-41 Loss=-30.962720 | E0=-7.86440819-0.00063408j | E1=-7.71868096+0.00062180j|E2=-7.69986085+0.00027320j|E3=-7.67976958-0.00087594j
26-16-21-41 #-----------------------------------------#
26-16-21-41 [Step 231] logΨ: mean=13.177+0.691j | min=7.559+0.461j | max=13.539+1.767j
26-16-21-41 梯度监控 | raw=7.6069 | per_param=0.2285 |  natural=0.0033 | clipped=0.0033(上限20.0)
26-16-21-41 原始规范坐标 G(Re Σrow_mean) = +27.7379 | 累计|g| = 14.4037
26-16-21-41 Ψ矩阵条件数 cond(Ψ) = 1.31e+01
26-16-21-41 Loss=-30.958268 | E0=-7.86264050+0.00000008j | E1=-7.71806270-0.00052839j|E2=-7.69701897-0.00039534j|E3=-7.68054573+0.00141507j
26-16-21-41 #-----------------------------------------#
26-16-21-41 [Step 232] logΨ: mean=13.540+0.641j | min=7.683+2.508j | max=13.820+1.814j
26-16-21-41 梯度监控 | raw=7.2003 | per_param=0.2163 |  natural=0.0194 | clipped=0.0194(上限20.0)
26-16-21-41 原始规范坐标 G(Re Σrow_mean) = +27.9512 | 累计|g| = 14.4037
26-16-21-41 Ψ矩阵条件数 cond(Ψ) = 6.45e+00
26-16-21-41 Loss=-30.959220 | E0=-7.86276423+0.00003819j | E1=-7.71820260+0.00017626j|E2=-7.69894583+0.00074336j|E3=-7.67930748-0.00204455j
26-16-21-41 #-----------------------------------------#
26-16-21-41 [Step 233] logΨ: mean=13.557+0.828j | min=9.468+0.176j | max=13.844+1.796j
26-16-21-41 梯度监控 | raw=7.6406 | per_param=0.2295 |  natural=0.0009 | clipped=0.0009(上限20.0)
26-16-21-41 原始规范坐标 G(Re Σrow_mean) = +27.9534 | 累计|g| = 14.4037
26-16-21-41 Ψ矩阵条件数 cond(Ψ) = 6.44e+00
26-16-21-41 Loss=-30.960800 | E0=-7.86241065+0.00006436j | E1=-7.71854740-0.00026357j|E2=-7.69988967+0.00054613j|E3=-7.67995245-0.00097295j
26-16-21-41 #-----------------------------------------#
26-16-21-41 [Step 234] logΨ: mean=13.369+0.628j | min=8.706-0.416j | max=13.722+1.834j
26-16-21-41 梯度监控 | raw=7.3643 | per_param=0.2212 |  natural=0.0227 | clipped=0.0227(上限20.0)
26-16-21-41 原始规范坐标 G(Re Σrow_mean) = +27.8532 | 累计|g| = 14.4037
26-16-21-41 Ψ矩阵条件数 cond(Ψ) = 6.49e+00
26-16-21-41 Loss=-30.960107 | E0=-7.86273472+0.00003466j | E1=-7.71853935+0.00043532j|E2=-7.69935452+0.00000362j|E3=-7.67947812-0.00128216j
26-16-21-41 #-----------------------------------------#
26-16-21-41 [Step 235] logΨ: mean=13.395+0.517j | min=8.827-1.207j | max=13.771+1.794j
26-16-21-41 梯度监控 | raw=7.1513 | per_param=0.2148 |  natural=0.0035 | clipped=0.0035(上限20.0)
26-16-21-41 原始规范坐标 G(Re Σrow_mean) = +27.8083 | 累计|g| = 14.4037
26-16-21-41 Ψ矩阵条件数 cond(Ψ) = 6.49e+00
26-16-21-41 Loss=-30.959573 | E0=-7.86271223+0.00002261j | E1=-7.71825627-0.00083458j|E2=-7.69781119+0.00007190j|E3=-7.68079372+0.00129726j
26-16-21-41 #-----------------------------------------#
26-16-21-41 [Step 236] logΨ: mean=13.452+0.275j | min=9.365+0.203j | max=13.790+1.788j
26-16-21-41 梯度监控 | raw=7.9701 | per_param=0.2394 |  natural=0.0005 | clipped=0.0005(上限20.0)
26-16-21-41 原始规范坐标 G(Re Σrow_mean) = +27.8589 | 累计|g| = 14.4037
26-16-21-41 Ψ矩阵条件数 cond(Ψ) = 4.53e+00
26-16-21-41 Loss=-30.960097 | E0=-7.86234796+0.00019294j | E1=-7.71848726+0.00045716j|E2=-7.69883944-0.00006387j|E3=-7.68042239-0.00034954j
26-16-21-41 #-----------------------------------------#
26-16-21-41 [Step 237] logΨ: mean=13.471-0.012j | min=10.065-0.655j | max=13.816+1.772j
26-16-21-41 梯度监控 | raw=8.0576 | per_param=0.2421 |  natural=0.0010 | clipped=0.0010(上限20.0)
26-16-21-41 原始规范坐标 G(Re Σrow_mean) = +27.8797 | 累计|g| = 14.4037
26-16-21-41 Ψ矩阵条件数 cond(Ψ) = 1.30e+01
26-16-21-41 Loss=-30.960761 | E0=-7.86239224+0.00006923j | E1=-7.71885775+0.00136067j|E2=-7.69992166-0.00008661j|E3=-7.67958949-0.00185129j
26-16-21-41 #-----------------------------------------#
26-16-21-41 [Step 238] logΨ: mean=13.515+0.617j | min=9.491+2.274j | max=13.833+1.766j
26-16-21-41 梯度监控 | raw=6.6948 | per_param=0.2011 |  natural=0.0023 | clipped=0.0023(上限20.0)
26-16-21-41 原始规范坐标 G(Re Σrow_mean) = +27.8603 | 累计|g| = 14.4037
26-16-21-41 Ψ矩阵条件数 cond(Ψ) = 6.47e+00
26-16-21-41 Loss=-30.962756 | E0=-7.86277961+0.00004572j | E1=-7.71869131-0.00003808j|E2=-7.70055801+0.00004208j|E3=-7.68072676-0.00003229j
26-16-21-41 #-----------------------------------------#
26-16-21-41 [Step 239] logΨ: mean=13.512+0.723j | min=10.847-2.568j | max=13.858+1.752j
26-16-21-41 梯度监控 | raw=7.7221 | per_param=0.2320 |  natural=0.0008 | clipped=0.0008(上限20.0)
26-16-21-41 原始规范坐标 G(Re Σrow_mean) = +27.8078 | 累计|g| = 14.4037
26-16-21-41 Ψ矩阵条件数 cond(Ψ) = 6.46e+00
26-16-21-41 Loss=-30.959840 | E0=-7.86267601+0.00003306j | E1=-7.71831700+0.00028404j|E2=-7.69763733-0.00080993j|E3=-7.68120946+0.00143256j
26-16-21-41 #-----------------------------------------#
26-16-21-41 [保存] Step 239 → pickle 文件已更新 (240 条记录)
26-16-21-41 [GaugeReset@240] 吸收 Δg = Σ Re(col_mean) = +27.8078 | 新|g| = 14.4089
26-16-21-41 [Step 240] logΨ: mean=13.632+0.621j | min=9.944-2.222j | max=14.002+1.575j
26-16-21-41 梯度监控 | raw=7.3904 | per_param=0.2220 |  natural=0.0036 | clipped=0.0036(上限20.0)
26-16-21-41 原始规范坐标 G(Re Σrow_mean) = +27.8059 | 累计|g| = 14.4089
26-16-21-41 Ψ矩阵条件数 cond(Ψ) = 4.47e+00
26-16-21-41 Loss=-30.959542 | E0=-7.86262678+0.00002449j | E1=-7.71827038-0.00003780j|E2=-7.69743295-0.00094536j|E3=-7.68121176+0.00201852j
26-16-21-41 #-----------------------------------------#
26-16-21-41 [Step 241] logΨ: mean=13.708+0.720j | min=10.974-2.752j | max=14.024+1.569j
26-16-21-41 梯度监控 | raw=7.4540 | per_param=0.2239 |  natural=0.0005 | clipped=0.0005(上限20.0)
26-16-21-41 原始规范坐标 G(Re Σrow_mean) = +27.8800 | 累计|g| = 14.4089
26-16-21-41 Ψ矩阵条件数 cond(Ψ) = 6.46e+00
26-16-21-41 Loss=-30.961535 | E0=-7.86258381+0.00004675j | E1=-7.71862974+0.00039928j|E2=-7.69948806-0.00004985j|E3=-7.68083317-0.00016570j
26-16-21-41 #-----------------------------------------#
26-16-21-41 [Step 242] logΨ: mean=13.774+0.992j | min=9.031-0.725j | max=14.062+1.551j
26-16-21-41 梯度监控 | raw=6.7576 | per_param=0.2030 |  natural=0.0033 | clipped=0.0033(上限20.0)
26-16-21-41 原始规范坐标 G(Re Σrow_mean) = +27.9642 | 累计|g| = 14.4089
26-16-21-41 Ψ矩阵条件数 cond(Ψ) = 6.47e+00
26-16-21-41 Loss=-30.962760 | E0=-7.86285494+0.00006437j | E1=-7.71867546+0.00047979j|E2=-7.70151231+0.00015972j|E3=-7.67971758-0.00231895j
26-16-21-41 #-----------------------------------------#
26-16-21-41 [Step 243] logΨ: mean=13.765+0.507j | min=9.929-0.660j | max=14.087+1.535j
26-16-21-41 梯度监控 | raw=7.2458 | per_param=0.2177 |  natural=0.0008 | clipped=0.0008(上限20.0)
26-16-21-41 原始规范坐标 G(Re Σrow_mean) = +27.9394 | 累计|g| = 14.4089
26-16-21-41 Ψ矩阵条件数 cond(Ψ) = 6.46e+00
26-16-21-41 Loss=-30.961643 | E0=-7.86272734+0.00005722j | E1=-7.71873656+0.00026303j|E2=-7.70017797+0.00039098j|E3=-7.68000162-0.00148193j
26-16-21-41 #-----------------------------------------#
26-16-21-41 [Step 244] logΨ: mean=13.747+0.415j | min=9.948-0.664j | max=14.111+1.523j
26-16-21-41 梯度监控 | raw=6.8114 | per_param=0.2046 |  natural=0.0008 | clipped=0.0008(上限20.0)
26-16-21-41 原始规范坐标 G(Re Σrow_mean) = +27.8487 | 累计|g| = 14.4089
26-16-21-41 Ψ矩阵条件数 cond(Ψ) = 6.45e+00
26-16-21-41 Loss=-30.962160 | E0=-7.86255629+0.00005724j | E1=-7.71865558-0.00007743j|E2=-7.69929522-0.00047914j|E3=-7.68165294+0.00124508j
26-16-21-41 #-----------------------------------------#
26-16-21-41 [Step 245] logΨ: mean=13.729+0.118j | min=8.987-2.146j | max=14.107+1.468j
26-16-21-41 梯度监控 | raw=7.9178 | per_param=0.2379 |  natural=0.0042 | clipped=0.0042(上限20.0)
26-16-21-41 原始规范坐标 G(Re Σrow_mean) = +27.8227 | 累计|g| = 14.4089
26-16-21-41 Ψ矩阵条件数 cond(Ψ) = 1.30e+01
26-16-21-41 Loss=-30.962731 | E0=-7.86345856-0.00117889j | E1=-7.71844367-0.00151103j|E2=-7.69842447-0.00037625j|E3=-7.68240475+0.00297023j
26-16-21-41 #-----------------------------------------#
26-16-21-41 [Step 246] logΨ: mean=13.752-0.134j | min=9.913-2.639j | max=14.149+1.434j
26-16-21-41 梯度监控 | raw=6.1606 | per_param=0.1851 |  natural=0.0031 | clipped=0.0031(上限20.0)
26-16-21-41 原始规范坐标 G(Re Σrow_mean) = +27.8129 | 累计|g| = 14.4089
26-16-21-41 Ψ矩阵条件数 cond(Ψ) = 1.30e+01
26-16-21-41 Loss=-30.962803 | E0=-7.86254060+0.00003177j | E1=-7.71870477-0.00127045j|E2=-7.69971439+0.00019952j|E3=-7.68184330+0.00137555j
26-16-21-41 #-----------------------------------------#
26-16-21-42 [Step 247] logΨ: mean=13.860+0.093j | min=9.939+1.542j | max=14.175+1.414j
26-16-21-42 梯度监控 | raw=6.5403 | per_param=0.1965 |  natural=0.0025 | clipped=0.0025(上限20.0)
26-16-21-42 原始规范坐标 G(Re Σrow_mean) = +27.9317 | 累计|g| = 14.4089
26-16-21-42 Ψ矩阵条件数 cond(Ψ) = 6.43e+00
26-16-21-42 Loss=-30.962679 | E0=-7.86279898+0.00007572j | E1=-7.71866540-0.00074451j|E2=-7.70010768+0.00038260j|E3=-7.68110650-0.00011191j
26-16-21-42 #-----------------------------------------#
26-16-21-42 [Step 248] logΨ: mean=13.895-0.174j | min=9.599-1.861j | max=14.200+1.403j
26-16-21-42 梯度监控 | raw=7.4645 | per_param=0.2242 |  natural=0.0006 | clipped=0.0006(上限20.0)
26-16-21-42 原始规范坐标 G(Re Σrow_mean) = +27.9313 | 累计|g| = 14.4089
26-16-21-42 Ψ矩阵条件数 cond(Ψ) = 6.42e+00
26-16-21-42 Loss=-30.962221 | E0=-7.86254900+0.00007030j | E1=-7.71881642+0.00100967j|E2=-7.70025890-0.00028241j|E3=-7.68059698-0.00092553j
26-16-21-42 #-----------------------------------------#
26-16-21-42 [Step 249] logΨ: mean=13.943-0.127j | min=11.025-2.952j | max=14.225+1.392j
26-16-21-42 梯度监控 | raw=7.1269 | per_param=0.2141 |  natural=0.0007 | clipped=0.0007(上限20.0)
26-16-21-42 原始规范坐标 G(Re Σrow_mean) = +28.0023 | 累计|g| = 14.4089
26-16-21-42 Ψ矩阵条件数 cond(Ψ) = 6.41e+00
26-16-21-42 Loss=-30.962193 | E0=-7.86220186+0.00007145j | E1=-7.71878006-0.00071961j|E2=-7.70071022+0.00091203j|E3=-7.68050059-0.00132426j
26-16-21-42 #-----------------------------------------#
26-16-21-42 [GaugeReset@250] 吸收 Δg = Σ Re(col_mean) = +28.0023 | 新|g| = 14.4713
26-16-21-42 [Step 250] logΨ: mean=13.766+0.159j | min=9.988-2.581j | max=14.038+1.632j
26-16-21-42 梯度监控 | raw=5.9118 | per_param=0.1776 |  natural=0.0005 | clipped=0.0005(上限20.0)
26-16-21-42 原始规范坐标 G(Re Σrow_mean) = +27.9032 | 累计|g| = 14.4713
26-16-21-42 Ψ矩阵条件数 cond(Ψ) = 8.36e+00
26-16-21-42 Loss=-30.965214 | E0=-7.86275513+0.00005410j | E1=-7.71899019-0.00068060j|E2=-7.70136771+0.00011444j|E3=-7.68210098+0.00126773j
26-16-21-42 #-----------------------------------------#
26-16-21-42 [Step 251] logΨ: mean=13.728+0.260j | min=8.747-2.704j | max=14.075+1.624j
26-16-21-42 梯度监控 | raw=7.5079 | per_param=0.2256 |  natural=0.0008 | clipped=0.0008(上限20.0)
26-16-21-42 原始规范坐标 G(Re Σrow_mean) = +27.9443 | 累计|g| = 14.4713
26-16-21-42 Ψ矩阵条件数 cond(Ψ) = 1.30e+01
26-16-21-42 Loss=-30.961077 | E0=-7.86243498+0.00007443j | E1=-7.71854279+0.00012304j|E2=-7.69905459-0.00006302j|E3=-7.68104509+0.00019526j
26-16-21-42 #-----------------------------------------#
26-16-21-42 [Step 252] logΨ: mean=13.502+0.735j | min=7.117+0.058j | max=13.933+1.672j
26-16-21-42 梯度监控 | raw=7.1579 | per_param=0.2150 |  natural=0.0133 | clipped=0.0133(上限20.0)
26-16-21-42 原始规范坐标 G(Re Σrow_mean) = +27.7920 | 累计|g| = 14.4713
26-16-21-42 Ψ矩阵条件数 cond(Ψ) = 6.48e+00
26-16-21-42 Loss=-30.961589 | E0=-7.86281120+0.00010516j | E1=-7.71821222+0.00047254j|E2=-7.69892751-0.00070486j|E3=-7.68163851+0.00122446j
26-16-21-42 #-----------------------------------------#
26-16-21-42 [Step 253] logΨ: mean=13.594+0.471j | min=9.124-2.006j | max=13.915+1.601j
26-16-21-42 梯度监控 | raw=9.1245 | per_param=0.2741 |  natural=0.0039 | clipped=0.0039(上限20.0)
26-16-21-42 原始规范坐标 G(Re Σrow_mean) = +27.9115 | 累计|g| = 14.4713
26-16-21-42 Ψ矩阵条件数 cond(Ψ) = 1.30e+01
26-16-21-42 Loss=-30.962728 | E0=-7.86406298-0.00123999j | E1=-7.71870765+0.00046455j|E2=-7.70002830+0.00028432j|E3=-7.67992938-0.00153269j
26-16-21-42 #-----------------------------------------#
26-16-21-42 [Step 254] logΨ: mean=13.613+0.519j | min=7.126+0.655j | max=13.920+1.594j
26-16-21-42 梯度监控 | raw=6.2886 | per_param=0.1889 |  natural=0.0007 | clipped=0.0007(上限20.0)
26-16-21-42 原始规范坐标 G(Re Σrow_mean) = +27.9262 | 累计|g| = 14.4713
26-16-21-42 Ψ矩阵条件数 cond(Ψ) = 1.30e+01
26-16-21-42 Loss=-30.964794 | E0=-7.86288001+0.00006784j | E1=-7.71930295+0.00096619j|E2=-7.70215983-0.00009638j|E3=-7.68045119-0.00208582j
26-16-21-42 #-----------------------------------------#
26-16-21-42 [Step 255] logΨ: mean=13.640+0.506j | min=9.254+3.135j | max=13.942+1.583j
26-16-21-42 梯度监控 | raw=6.3866 | per_param=0.1919 |  natural=0.0007 | clipped=0.0007(上限20.0)
26-16-21-42 原始规范坐标 G(Re Σrow_mean) = +27.8489 | 累计|g| = 14.4713
26-16-21-42 Ψ矩阵条件数 cond(Ψ) = 1.30e+01
26-16-21-42 Loss=-30.965185 | E0=-7.86252283+0.00011347j | E1=-7.71908030+0.00041608j|E2=-7.70145489-0.00047100j|E3=-7.68212697+0.00082323j
26-16-21-42 #-----------------------------------------#
26-16-21-42 [Step 256] logΨ: mean=13.686+0.478j | min=10.033-1.396j | max=13.966+1.569j
26-16-21-42 梯度监控 | raw=6.8548 | per_param=0.2059 |  natural=0.0019 | clipped=0.0019(上限20.0)
26-16-21-42 原始规范坐标 G(Re Σrow_mean) = +27.8982 | 累计|g| = 14.4713
26-16-21-42 Ψ矩阵条件数 cond(Ψ) = 1.30e+01
26-16-21-42 Loss=-30.963372 | E0=-7.86246567+0.00006017j | E1=-7.71877505-0.00007029j|E2=-7.70040422-0.00003828j|E3=-7.68172683+0.00026060j
26-16-21-42 #-----------------------------------------#
26-16-21-42 [Step 257] logΨ: mean=13.660+0.462j | min=9.790-0.571j | max=13.990+1.559j
26-16-21-42 梯度监控 | raw=6.3574 | per_param=0.1910 |  natural=0.0007 | clipped=0.0007(上限20.0)
26-16-21-42 原始规范坐标 G(Re Σrow_mean) = +27.9008 | 累计|g| = 14.4713
26-16-21-42 Ψ矩阵条件数 cond(Ψ) = 1.18e+01
26-16-21-42 Loss=-30.963471 | E0=-7.86277286+0.00007118j | E1=-7.71876972-0.00040934j|E2=-7.70031724+0.00012562j|E3=-7.68161115+0.00022914j
26-16-21-42 #-----------------------------------------#
26-16-21-42 [Step 258] logΨ: mean=13.692+0.734j | min=8.666-2.864j | max=14.067+1.516j
26-16-21-42 梯度监控 | raw=5.9433 | per_param=0.1785 |  natural=0.0031 | clipped=0.0031(上限20.0)
26-16-21-42 原始规范坐标 G(Re Σrow_mean) = +27.8300 | 累计|g| = 14.4713
26-16-21-42 Ψ矩阵条件数 cond(Ψ) = 1.30e+01
26-16-21-42 Loss=-30.963495 | E0=-7.86245129+0.00005455j | E1=-7.71879066-0.00105114j|E2=-7.69961860-0.00022785j|E3=-7.68263482+0.00289115j
26-16-21-42 #-----------------------------------------#
26-16-21-42 [Step 259] logΨ: mean=13.576+0.354j | min=8.539-0.691j | max=13.890+1.608j
26-16-21-42 梯度监控 | raw=5.7336 | per_param=0.1722 |  natural=0.0453 | clipped=0.0453(上限20.0)
26-16-21-42 原始规范坐标 G(Re Σrow_mean) = +27.8502 | 累计|g| = 14.4713
26-16-21-42 Ψ矩阵条件数 cond(Ψ) = 1.32e+01
26-16-21-42 Loss=-30.965775 | E0=-7.86331228-0.00062727j | E1=-7.71921399-0.00039840j|E2=-7.70180639+0.00069669j|E3=-7.68144266-0.00040759j
26-16-21-42 #-----------------------------------------#
26-16-21-42 [保存] Step 259 → pickle 文件已更新 (260 条记录)
26-16-21-42 [GaugeReset@260] 吸收 Δg = Σ Re(col_mean) = +27.8502 | 新|g| = 14.4250
26-16-21-42 [Step 260] logΨ: mean=13.799+0.086j | min=10.499-1.575j | max=14.067+1.607j
26-16-21-42 梯度监控 | raw=5.9192 | per_param=0.1778 |  natural=0.0009 | clipped=0.0009(上限20.0)
26-16-21-42 原始规范坐标 G(Re Σrow_mean) = +27.8986 | 累计|g| = 14.4250
26-16-21-42 Ψ矩阵条件数 cond(Ψ) = 6.58e+00
26-16-21-42 Loss=-30.965568 | E0=-7.86271284+0.00006828j | E1=-7.71915321+0.00044211j|E2=-7.70273792-0.00006357j|E3=-7.68096391-0.00141409j
26-16-21-42 #-----------------------------------------#
26-16-21-42 [Step 261] logΨ: mean=13.742+0.334j | min=10.528-1.584j | max=14.095+1.597j
26-16-21-42 梯度监控 | raw=6.5044 | per_param=0.1954 |  natural=0.0008 | clipped=0.0008(上限20.0)
26-16-21-42 原始规范坐标 G(Re Σrow_mean) = +27.7938 | 累计|g| = 14.4250
26-16-21-42 Ψ矩阵条件数 cond(Ψ) = 6.57e+00
26-16-21-42 Loss=-30.962623 | E0=-7.86270767+0.00006153j | E1=-7.71865773-0.00085973j|E2=-7.69861457-0.00048402j|E3=-7.68264312+0.00273106j
26-16-21-42 #-----------------------------------------#
26-16-21-42 [Step 262] logΨ: mean=13.592+0.421j | min=8.728-2.368j | max=14.024+1.628j
26-16-21-42 梯度监控 | raw=9.4150 | per_param=0.2828 |  natural=0.0060 | clipped=0.0060(上限20.0)
26-16-21-42 原始规范坐标 G(Re Σrow_mean) = +27.7664 | 累计|g| = 14.4250
26-16-21-42 Ψ矩阵条件数 cond(Ψ) = 6.55e+00
26-16-21-42 Loss=-30.963614 | E0=-7.86451927-0.00167598j | E1=-7.71855365-0.00111541j|E2=-7.69846307+0.00002688j|E3=-7.68207832+0.00171463j
26-16-21-42 #-----------------------------------------#
26-16-21-42 [Step 263] logΨ: mean=13.738+0.168j | min=10.712+0.452j | max=14.047+1.623j
26-16-21-42 梯度监控 | raw=5.7989 | per_param=0.1742 |  natural=0.0004 | clipped=0.0004(上限20.0)
26-16-21-42 原始规范坐标 G(Re Σrow_mean) = +27.7796 | 累计|g| = 14.4250
26-16-21-42 Ψ矩阵条件数 cond(Ψ) = 6.54e+00
26-16-21-42 Loss=-30.965130 | E0=-7.86256319+0.00005684j | E1=-7.71898026-0.00121596j|E2=-7.70046986+0.00009988j|E3=-7.68311677+0.00256214j
26-16-21-42 #-----------------------------------------#
26-16-21-42 [Step 264] logΨ: mean=13.761+0.117j | min=9.691+1.799j | max=14.088+1.622j
26-16-21-42 梯度监控 | raw=5.6999 | per_param=0.1712 |  natural=0.0027 | clipped=0.0027(上限20.0)
26-16-21-42 原始规范坐标 G(Re Σrow_mean) = +27.7738 | 累计|g| = 14.4250
26-16-21-42 Ψ矩阵条件数 cond(Ψ) = 4.61e+00
26-16-21-42 Loss=-30.966066 | E0=-7.86317042+0.00022847j | E1=-7.71871930-0.00069452j|E2=-7.70138370-0.00035122j|E3=-7.68279299+0.00227876j
26-16-21-42 #-----------------------------------------#
26-16-21-42 [Step 265] logΨ: mean=13.747+0.082j | min=10.744+0.422j | max=14.113+1.615j
26-16-21-42 梯度监控 | raw=6.1333 | per_param=0.1843 |  natural=0.0006 | clipped=0.0006(上限20.0)
26-16-21-42 原始规范坐标 G(Re Σrow_mean) = +27.7706 | 累计|g| = 14.4250
26-16-21-42 Ψ矩阵条件数 cond(Ψ) = 6.55e+00
26-16-21-42 Loss=-30.963908 | E0=-7.86275885+0.00007794j | E1=-7.71881271-0.00088014j|E2=-7.69924659-0.00042547j|E3=-7.68309005+0.00302618j
26-16-21-42 #-----------------------------------------#
26-16-21-42 [Step 266] logΨ: mean=13.819-0.104j | min=10.749-2.727j | max=14.138+1.609j
26-16-21-42 梯度监控 | raw=6.2686 | per_param=0.1883 |  natural=0.0007 | clipped=0.0007(上限20.0)
26-16-21-42 原始规范坐标 G(Re Σrow_mean) = +27.8088 | 累计|g| = 14.4250
26-16-21-42 Ψ矩阵条件数 cond(Ψ) = 1.33e+01
26-16-21-42 Loss=-30.964518 | E0=-7.86268728+0.00007970j | E1=-7.71895398-0.00012071j|E2=-7.70044931-0.00029764j|E3=-7.68242697+0.00117695j
26-16-21-42 #-----------------------------------------#
26-16-21-42 [Step 267] logΨ: mean=13.769-0.351j | min=9.853+1.793j | max=14.107+1.661j
26-16-21-42 梯度监控 | raw=5.6353 | per_param=0.1693 |  natural=0.0058 | clipped=0.0058(上限20.0)
26-16-21-42 原始规范坐标 G(Re Σrow_mean) = +27.7785 | 累计|g| = 14.4250
26-16-21-42 Ψ矩阵条件数 cond(Ψ) = 6.51e+00
26-16-21-42 Loss=-30.965789 | E0=-7.86281236+0.00007067j | E1=-7.71906745-0.00093822j|E2=-7.70086040+0.00010274j|E3=-7.68304865+0.00225656j
26-16-21-42 #-----------------------------------------#
26-16-21-42 [Step 268] logΨ: mean=13.774-0.538j | min=10.228+1.855j | max=14.135+1.647j
26-16-21-42 梯度监控 | raw=6.0625 | per_param=0.1821 |  natural=0.0019 | clipped=0.0019(上限20.0)
26-16-21-42 原始规范坐标 G(Re Σrow_mean) = +27.7703 | 累计|g| = 14.4250
26-16-21-42 Ψ矩阵条件数 cond(Ψ) = 6.49e+00
26-16-21-42 Loss=-30.964172 | E0=-7.86272921+0.00010359j | E1=-7.71874989-0.00055421j|E2=-7.69967589-0.00051321j|E3=-7.68301664+0.00241900j
26-16-21-42 #-----------------------------------------#
26-16-21-42 [Step 269] logΨ: mean=13.841-0.340j | min=7.451-2.378j | max=14.230+1.710j
26-16-21-42 梯度监控 | raw=5.5424 | per_param=0.1665 |  natural=0.0466 | clipped=0.0466(上限20.0)
26-16-21-42 原始规范坐标 G(Re Σrow_mean) = +27.8477 | 累计|g| = 14.4250
26-16-21-42 Ψ矩阵条件数 cond(Ψ) = 8.23e+00
26-16-21-42 Loss=-30.963983 | E0=-7.86276385+0.00023680j | E1=-7.71867159+0.00026198j|E2=-7.69969084-0.00130998j|E3=-7.68285644+0.00249125j
26-16-21-42 #-----------------------------------------#
26-16-21-42 [GaugeReset@270] 吸收 Δg = Σ Re(col_mean) = +27.8477 | 新|g| = 14.4469
26-16-21-42 [Step 270] logΨ: mean=13.919-0.275j | min=9.327+0.698j | max=14.229+1.584j
26-16-21-42 梯度监控 | raw=6.9028 | per_param=0.2074 |  natural=0.0065 | clipped=0.0065(上限20.0)
26-16-21-42 原始规范坐标 G(Re Σrow_mean) = +27.9606 | 累计|g| = 14.4469
26-16-21-42 Ψ矩阵条件数 cond(Ψ) = 1.99e+01
26-16-21-42 Loss=-30.964189 | E0=-7.86269199-0.00058450j | E1=-7.71896485-0.00009579j|E2=-7.70102671+0.00034417j|E3=-7.68150514-0.00041788j
26-16-21-42 #-----------------------------------------#
26-16-21-42 [Step 271] logΨ: mean=13.982-0.265j | min=9.761-1.823j | max=14.241+1.572j
26-16-21-42 梯度监控 | raw=5.4444 | per_param=0.1636 |  natural=0.0015 | clipped=0.0015(上限20.0)
26-16-21-42 原始规范坐标 G(Re Σrow_mean) = +27.9767 | 累计|g| = 14.4469
26-16-21-42 Ψ矩阵条件数 cond(Ψ) = 4.49e+00
26-16-21-42 Loss=-30.966691 | E0=-7.86307716-0.00052045j | E1=-7.71934234+0.00028847j|E2=-7.70261129+0.00001081j|E3=-7.68166054-0.00101902j
26-16-21-42 #-----------------------------------------#
26-16-21-42 [Step 272] logΨ: mean=13.961-0.330j | min=11.051-1.387j | max=14.248+1.568j
26-16-21-42 梯度监控 | raw=5.3862 | per_param=0.1618 |  natural=0.0006 | clipped=0.0006(上限20.0)
26-16-21-42 原始规范坐标 G(Re Σrow_mean) = +27.9424 | 累计|g| = 14.4469
26-16-21-42 Ψ矩阵条件数 cond(Ψ) = 6.37e+00
26-16-21-42 Loss=-30.966910 | E0=-7.86291693+0.00021521j | E1=-7.71935462-0.00042607j|E2=-7.70250171+0.00041191j|E3=-7.68213650-0.00023670j
26-16-21-42 #-----------------------------------------#
26-16-21-42 [Step 273] logΨ: mean=13.936-0.103j | min=9.207-0.810j | max=14.277+1.560j
26-16-21-42 梯度监控 | raw=5.6521 | per_param=0.1698 |  natural=0.0014 | clipped=0.0014(上限20.0)
26-16-21-42 原始规范坐标 G(Re Σrow_mean) = +27.8543 | 累计|g| = 14.4469
26-16-21-42 Ψ矩阵条件数 cond(Ψ) = 1.32e+01
26-16-21-42 Loss=-30.964778 | E0=-7.86287659+0.00020119j | E1=-7.71865918-0.00100829j|E2=-7.69985379-0.00064092j|E3=-7.68338893+0.00307498j
26-16-21-42 #-----------------------------------------#
26-16-21-42 [Step 274] logΨ: mean=13.994+0.097j | min=9.419+3.091j | max=14.315+1.544j
26-16-21-42 梯度监控 | raw=7.1014 | per_param=0.2133 |  natural=0.0024 | clipped=0.0024(上限20.0)
26-16-21-42 原始规范坐标 G(Re Σrow_mean) = +27.9709 | 累计|g| = 14.4469
26-16-21-42 Ψ矩阵条件数 cond(Ψ) = 6.36e+00
26-16-21-42 Loss=-30.964425 | E0=-7.86321035+0.00060677j | E1=-7.71874628+0.00057764j|E2=-7.70067075-0.00028157j|E3=-7.68179736-0.00044642j
26-16-21-42 #-----------------------------------------#
26-16-21-42 [Step 275] logΨ: mean=14.058-0.147j | min=8.652+0.247j | max=14.336+1.500j
26-16-21-42 梯度监控 | raw=6.3676 | per_param=0.1913 |  natural=0.0030 | clipped=0.0030(上限20.0)
26-16-21-42 原始规范坐标 G(Re Σrow_mean) = +28.0193 | 累计|g| = 14.4469
26-16-21-42 Ψ矩阵条件数 cond(Ψ) = 4.49e+00
26-16-21-42 Loss=-30.965412 | E0=-7.86278351-0.00060114j | E1=-7.71921473+0.00091191j|E2=-7.70220634-0.00019916j|E3=-7.68120703-0.00190233j
26-16-21-42 #-----------------------------------------#
26-16-21-42 [Step 276] logΨ: mean=14.132+0.269j | min=7.820+0.473j | max=14.428+1.527j
26-16-21-42 梯度监控 | raw=6.2301 | per_param=0.1872 |  natural=0.0118 | clipped=0.0118(上限20.0)
26-16-21-42 原始规范坐标 G(Re Σrow_mean) = +28.0192 | 累计|g| = 14.4469
26-16-21-42 Ψ矩阵条件数 cond(Ψ) = 6.33e+00
26-16-21-42 Loss=-30.964902 | E0=-7.86275794+0.00025939j | E1=-7.71917544+0.00036448j|E2=-7.70130009+0.00001326j|E3=-7.68166829-0.00098234j
26-16-21-42 #-----------------------------------------#
26-16-21-42 [Step 277] logΨ: mean=14.165+0.489j | min=9.488+0.674j | max=14.448+1.525j
26-16-21-42 梯度监控 | raw=5.8611 | per_param=0.1761 |  natural=0.0005 | clipped=0.0005(上限20.0)
26-16-21-42 原始规范坐标 G(Re Σrow_mean) = +28.0351 | 累计|g| = 14.4469
26-16-21-42 Ψ矩阵条件数 cond(Ψ) = 6.32e+00
26-16-21-42 Loss=-30.965612 | E0=-7.86268963+0.00023132j | E1=-7.71922133+0.00007132j|E2=-7.70199459+0.00022639j|E3=-7.68170644-0.00105865j
26-16-21-42 #-----------------------------------------#
26-16-21-42 [Step 278] logΨ: mean=14.113+0.621j | min=11.217-1.440j | max=14.455+1.520j
26-16-21-42 梯度监控 | raw=6.1483 | per_param=0.1847 |  natural=0.0008 | clipped=0.0008(上限20.0)
26-16-21-42 原始规范坐标 G(Re Σrow_mean) = +27.9508 | 累计|g| = 14.4469
26-16-21-42 Ψ矩阵条件数 cond(Ψ) = 6.32e+00
26-16-21-42 Loss=-30.965322 | E0=-7.86271116+0.00021293j | E1=-7.71906036+0.00029221j|E2=-7.70091485-0.00040412j|E3=-7.68263554+0.00085992j
26-16-21-42 #-----------------------------------------#
26-16-21-42 [Step 279] logΨ: mean=14.135+0.772j | min=9.889+2.187j | max=14.455+1.524j
26-16-21-42 梯度监控 | raw=6.3363 | per_param=0.1904 |  natural=0.0007 | clipped=0.0007(上限20.0)
26-16-21-42 原始规范坐标 G(Re Σrow_mean) = +27.9508 | 累计|g| = 14.4469
26-16-21-42 Ψ矩阵条件数 cond(Ψ) = 6.33e+00
26-16-21-42 Loss=-30.966051 | E0=-7.86278958+0.00027232j | E1=-7.71921516+0.00102339j|E2=-7.70145828-0.00080301j|E3=-7.68258833+0.00046260j
26-16-21-42 #-----------------------------------------#
26-16-21-42 [保存] Step 279 → pickle 文件已更新 (280 条记录)
26-16-21-42 [GaugeReset@280] 吸收 Δg = Σ Re(col_mean) = +27.9508 | 新|g| = 14.4762
26-16-21-42 [Step 280] logΨ: mean=14.085+0.869j | min=10.157+0.978j | max=14.366+1.551j
26-16-21-42 梯度监控 | raw=4.9668 | per_param=0.1492 |  natural=0.0027 | clipped=0.0027(上限20.0)
26-16-21-42 原始规范坐标 G(Re Σrow_mean) = +27.9937 | 累计|g| = 14.4762
26-16-21-42 Ψ矩阵条件数 cond(Ψ) = 6.41e+00
26-16-21-42 Loss=-30.966871 | E0=-7.86270769+0.00021443j | E1=-7.71953975-0.00051660j|E2=-7.70295854+0.00053427j|E3=-7.68166467-0.00017952j
26-16-21-42 #-----------------------------------------#
26-16-21-42 [Step 281] logΨ: mean=14.005+0.912j | min=9.814+0.205j | max=14.332+1.568j
26-16-21-42 梯度监控 | raw=5.5398 | per_param=0.1664 |  natural=0.0072 | clipped=0.0072(上限20.0)
26-16-21-42 原始规范坐标 G(Re Σrow_mean) = +27.9123 | 累计|g| = 14.4762
26-16-21-42 Ψ矩阵条件数 cond(Ψ) = 6.37e+00
26-16-21-42 Loss=-30.966770 | E0=-7.86248664-0.00038869j | E1=-7.71920686-0.00080941j|E2=-7.70174347+0.00011523j|E3=-7.68333315+0.00186336j
26-16-21-42 #-----------------------------------------#
26-16-21-42 [Step 282] logΨ: mean=13.877+0.608j | min=8.768-2.404j | max=14.193+1.591j
26-16-21-42 梯度监控 | raw=6.0306 | per_param=0.1812 |  natural=0.0274 | clipped=0.0274(上限20.0)
26-16-21-42 原始规范坐标 G(Re Σrow_mean) = +27.8852 | 累计|g| = 14.4762
26-16-21-42 Ψ矩阵条件数 cond(Ψ) = 6.45e+00
26-16-21-42 Loss=-30.965560 | E0=-7.86261160-0.00043109j | E1=-7.71932671+0.00033438j|E2=-7.70193446-0.00005045j|E3=-7.68168727-0.00007390j
26-16-21-42 #-----------------------------------------#
26-16-21-42 [Step 283] logΨ: mean=13.931+0.145j | min=10.926-1.374j | max=14.198+1.590j
26-16-21-42 梯度监控 | raw=5.7464 | per_param=0.1726 |  natural=0.0006 | clipped=0.0006(上限20.0)
26-16-21-42 原始规范坐标 G(Re Σrow_mean) = +28.0279 | 累计|g| = 14.4762
26-16-21-42 Ψ矩阵条件数 cond(Ψ) = 6.45e+00
26-16-21-42 Loss=-30.966195 | E0=-7.86277613+0.00020442j | E1=-7.71961431+0.00090149j|E2=-7.70302444+0.00001088j|E3=-7.68077972-0.00301962j
26-16-21-42 #-----------------------------------------#
26-16-21-42 [Step 284] logΨ: mean=13.951+0.082j | min=9.919-2.482j | max=14.222+1.590j
26-16-21-42 梯度监控 | raw=5.7928 | per_param=0.1740 |  natural=0.0005 | clipped=0.0005(上限20.0)
26-16-21-42 原始规范坐标 G(Re Σrow_mean) = +27.9112 | 累计|g| = 14.4762
26-16-21-42 Ψ矩阵条件数 cond(Ψ) = 6.44e+00
26-16-21-42 Loss=-30.967129 | E0=-7.86254454+0.00021001j | E1=-7.71949485+0.00064075j|E2=-7.70251507-0.00045558j|E3=-7.68257492+0.00004455j
26-16-21-42 #-----------------------------------------#
26-16-21-42 [Step 285] logΨ: mean=13.927+0.080j | min=9.692+0.628j | max=14.228+1.572j
26-16-21-42 梯度监控 | raw=5.8169 | per_param=0.1748 |  natural=0.0017 | clipped=0.0017(上限20.0)
26-16-21-42 原始规范坐标 G(Re Σrow_mean) = +27.9423 | 累计|g| = 14.4762
26-16-21-42 Ψ矩阵条件数 cond(Ψ) = 6.43e+00
26-16-21-42 Loss=-30.966767 | E0=-7.86287193-0.00039412j | E1=-7.71932198-0.00016072j|E2=-7.70259033+0.00034080j|E3=-7.68198323-0.00086876j
26-16-21-42 #-----------------------------------------#
26-16-21-42 [Step 286] logΨ: mean=13.928-0.023j | min=8.356+1.492j | max=14.257+1.561j
26-16-21-42 梯度监控 | raw=5.3524 | per_param=0.1608 |  natural=0.0012 | clipped=0.0012(上限20.0)
26-16-21-42 原始规范坐标 G(Re Σrow_mean) = +27.8718 | 累计|g| = 14.4762
26-16-21-42 Ψ矩阵条件数 cond(Ψ) = 1.30e+01
26-16-21-42 Loss=-30.967162 | E0=-7.86310829+0.00029522j | E1=-7.71909191-0.00026547j|E2=-7.70215793-0.00000368j|E3=-7.68280381+0.00074809j
26-16-21-42 #-----------------------------------------#
26-16-21-42 [Step 287] logΨ: mean=14.031-0.061j | min=9.924-0.526j | max=14.286+1.567j
26-16-21-42 梯度监控 | raw=4.9739 | per_param=0.1494 |  natural=0.0027 | clipped=0.0027(上限20.0)
26-16-21-42 原始规范坐标 G(Re Σrow_mean) = +27.9356 | 累计|g| = 14.4762
26-16-21-42 Ψ矩阵条件数 cond(Ψ) = 6.45e+00
26-16-21-42 Loss=-30.968091 | E0=-7.86280453+0.00018252j | E1=-7.71963520-0.00007571j|E2=-7.70327820+0.00007339j|E3=-7.68237274-0.00019624j
26-16-21-42 #-----------------------------------------#
26-16-21-42 [Step 288] logΨ: mean=14.063-0.255j | min=10.619-2.837j | max=14.310+1.560j
26-16-21-42 梯度监控 | raw=6.1450 | per_param=0.1846 |  natural=0.0007 | clipped=0.0007(上限20.0)
26-16-21-42 原始规范坐标 G(Re Σrow_mean) = +28.0778 | 累计|g| = 14.4762
26-16-21-42 Ψ矩阵条件数 cond(Ψ) = 6.44e+00
26-16-21-42 Loss=-30.965854 | E0=-7.86260579+0.00022013j | E1=-7.71977426+0.00174635j|E2=-7.70301249-0.00052006j|E3=-7.68046194-0.00365356j
26-16-21-42 #-----------------------------------------#
26-16-21-42 [Step 289] logΨ: mean=14.129-0.327j | min=9.344-2.512j | max=14.350+1.545j
26-16-21-42 梯度监控 | raw=5.0028 | per_param=0.1503 |  natural=0.0023 | clipped=0.0023(上限20.0)
26-16-21-42 原始规范坐标 G(Re Σrow_mean) = +28.1398 | 累计|g| = 14.4762
26-16-21-42 Ψ矩阵条件数 cond(Ψ) = 6.44e+00
26-16-21-42 Loss=-30.967448 | E0=-7.86293847+0.00027009j | E1=-7.71968595+0.00144966j|E2=-7.70454256-0.00036596j|E3=-7.68028071-0.00435653j
26-16-21-42 #-----------------------------------------#
26-16-21-42 [GaugeReset@290] 吸收 Δg = Σ Re(col_mean) = +28.1398 | 新|g| = 14.4973
26-16-21-42 [Step 290] logΨ: mean=13.982-0.042j | min=10.456-2.622j | max=14.186+1.777j
26-16-21-42 梯度监控 | raw=6.4073 | per_param=0.1925 |  natural=0.0004 | clipped=0.0004(上限20.0)
26-16-21-42 原始规范坐标 G(Re Σrow_mean) = +28.1641 | 累计|g| = 14.4973
26-16-21-42 Ψ矩阵条件数 cond(Ψ) = 6.43e+00
26-16-21-42 Loss=-30.965200 | E0=-7.86257542+0.00022664j | E1=-7.71966153+0.00095244j|E2=-7.70303726+0.00016571j|E3=-7.67992615-0.00448783j
26-16-21-42 #-----------------------------------------#
26-16-21-42 [Step 291] logΨ: mean=13.954+0.163j | min=10.866-1.189j | max=14.192+1.781j
26-16-21-42 梯度监控 | raw=4.7752 | per_param=0.1435 |  natural=0.0005 | clipped=0.0005(上限20.0)
26-16-21-42 原始规范坐标 G(Re Σrow_mean) = +28.0535 | 累计|g| = 14.4973
26-16-21-42 Ψ矩阵条件数 cond(Ψ) = 6.44e+00
26-16-21-42 Loss=-30.968268 | E0=-7.86273849+0.00021304j | E1=-7.71990140+0.00052420j|E2=-7.70417535+0.00000378j|E3=-7.68145281-0.00236389j
26-16-21-42 #-----------------------------------------#
26-16-21-42 [Step 292] logΨ: mean=13.985+0.327j | min=10.343-1.132j | max=14.192+1.798j
26-16-21-42 梯度监控 | raw=4.8950 | per_param=0.1471 |  natural=0.0015 | clipped=0.0015(上限20.0)
26-16-21-42 原始规范坐标 G(Re Σrow_mean) = +28.1106 | 累计|g| = 14.4973
26-16-21-42 Ψ矩阵条件数 cond(Ψ) = 6.45e+00
26-16-21-42 Loss=-30.967506 | E0=-7.86274689+0.00020962j | E1=-7.71981467+0.00121383j|E2=-7.70424682-0.00032667j|E3=-7.68069719-0.00383837j
26-16-21-42 #-----------------------------------------#
26-16-21-42 [Step 293] logΨ: mean=13.931+0.477j | min=9.808-2.243j | max=14.189+1.815j
26-16-21-42 梯度监控 | raw=5.5254 | per_param=0.1660 |  natural=0.0014 | clipped=0.0014(上限20.0)
26-16-21-42 原始规范坐标 G(Re Σrow_mean) = +28.0640 | 累计|g| = 14.4973
26-16-21-42 Ψ矩阵条件数 cond(Ψ) = 6.46e+00
26-16-21-42 Loss=-30.966984 | E0=-7.86272015+0.00023626j | E1=-7.71981435+0.00157758j|E2=-7.70354590-0.00055440j|E3=-7.68090358-0.00328881j
26-16-21-42 #-----------------------------------------#
26-16-21-42 [Step 294] logΨ: mean=13.811+0.351j | min=9.369+2.505j | max=14.045+1.777j
26-16-21-42 梯度监控 | raw=4.6946 | per_param=0.1410 |  natural=0.0131 | clipped=0.0131(上限20.0)
26-16-21-42 原始规范坐标 G(Re Σrow_mean) = +27.9358 | 累计|g| = 14.4973
26-16-21-42 Ψ矩阵条件数 cond(Ψ) = 6.54e+00
26-16-21-42 Loss=-30.968889 | E0=-7.86270453+0.00025125j | E1=-7.71953921+0.00037880j|E2=-7.70452065+0.00006537j|E3=-7.68212448-0.00134498j
26-16-21-42 #-----------------------------------------#
26-16-21-42 [Step 295] logΨ: mean=13.788+0.516j | min=10.321+0.525j | max=14.076+1.772j
26-16-21-42 梯度监控 | raw=4.5745 | per_param=0.1374 |  natural=0.0008 | clipped=0.0008(上限20.0)
26-16-21-42 原始规范坐标 G(Re Σrow_mean) = +27.8032 | 累计|g| = 14.4973
26-16-21-42 Ψ矩阵条件数 cond(Ψ) = 1.34e+01
26-16-21-42 Loss=-30.969744 | E0=-7.86266067+0.00022410j | E1=-7.71981897-0.00094000j|E2=-7.70329842+0.00034566j|E3=-7.68396598+0.00196118j
26-16-21-42 #-----------------------------------------#
26-16-21-42 [Step 296] logΨ: mean=13.758+0.597j | min=9.489+1.645j | max=14.105+1.769j
26-16-21-42 梯度监控 | raw=4.6422 | per_param=0.1395 |  natural=0.0017 | clipped=0.0017(上限20.0)
26-16-21-42 原始规范坐标 G(Re Σrow_mean) = +27.7865 | 累计|g| = 14.4973
26-16-21-42 Ψ矩阵条件数 cond(Ψ) = 1.33e+01
26-16-21-42 Loss=-30.968753 | E0=-7.86284880+0.00027622j | E1=-7.71942514-0.00108389j|E2=-7.70227256+0.00013673j|E3=-7.68420639+0.00286335j
26-16-21-42 #-----------------------------------------#
26-16-21-42 [Step 297] logΨ: mean=13.845+0.653j | min=9.501+1.645j | max=14.118+1.769j
26-16-21-42 梯度监控 | raw=5.8755 | per_param=0.1765 |  natural=0.0007 | clipped=0.0007(上限20.0)
26-16-21-42 原始规范坐标 G(Re Σrow_mean) = +27.9370 | 累计|g| = 14.4973
26-16-21-42 Ψ矩阵条件数 cond(Ψ) = 4.78e+00
26-16-21-42 Loss=-30.967023 | E0=-7.86274309+0.00024079j | E1=-7.71954883+0.00101877j|E2=-7.70266494-0.00042129j|E3=-7.68206596-0.00133675j
26-16-21-42 #-----------------------------------------#
26-16-21-42 [Step 298] logΨ: mean=13.897+0.675j | min=10.349-2.628j | max=14.148+1.765j
26-16-21-42 梯度监控 | raw=5.8129 | per_param=0.1746 |  natural=0.0008 | clipped=0.0008(上限20.0)
26-16-21-42 原始规范坐标 G(Re Σrow_mean) = +28.0813 | 累计|g| = 14.4973
26-16-21-42 Ψ矩阵条件数 cond(Ψ) = 6.51e+00
26-16-21-42 Loss=-30.966503 | E0=-7.86263493+0.00025237j | E1=-7.71986764+0.00134209j|E2=-7.70357122-0.00022714j|E3=-7.68042934-0.00414118j
26-16-21-42 #-----------------------------------------#
26-16-21-42 [Step 299] logΨ: mean=13.981+0.787j | min=9.764-2.331j | max=14.177+1.750j
26-16-21-42 梯度监控 | raw=4.2402 | per_param=0.1274 |  natural=0.0024 | clipped=0.0024(上限20.0)
26-16-21-42 原始规范坐标 G(Re Σrow_mean) = +28.0665 | 累计|g| = 14.4973
26-16-21-42 Ψ矩阵条件数 cond(Ψ) = 6.52e+00
26-16-21-42 Loss=-30.968343 | E0=-7.86273233+0.00023593j | E1=-7.71999300+0.00027096j|E2=-7.70456994+0.00019796j|E3=-7.68104812-0.00305925j
26-16-21-42 #-----------------------------------------#
26-16-21-42 [保存] Step 299 → pickle 文件已更新 (300 条记录)
26-16-21-42 [GaugeReset@300] 吸收 Δg = Σ Re(col_mean) = +28.0665 | 新|g| = 14.4890
26-16-21-42 训练耗时：308.58 秒
26-16-21-42 
============================================================
26-16-21-42 训练完成!
26-16-21-42 ============================================================
26-16-21-42 [保存] 训练结束，pickle 最终写入 300 条记录 → ./data/26-09-16-21-37_history_natural_gradient_LiH_molecule_K4.pkl
26-16-21-43 Loss 曲线已保存: ./日志/[Loss]26-09-16-21-37_loss_curve_gauge_reset_min120.png
26-16-21-43 logΨ mean 曲线已保存: ./日志/[logPsi]26-09-16-21-37_logPsi_mean_curve_gauge_reset.png
26-16-21-43 Loss 曲线已保存: ./日志/[Loss]26-09-16-21-37_loss_curve_gauge_reset_min120.png
