
============================================================
开始多链 NES-VMC 训练 | 使用自然梯度
============================================================
精确CAS基准：基态=-7.86364558 Ha | 1激发=-7.72153670 Ha|2激发=-7.70823970 Ha|3激发=-7.68581513 Ha|
理论 Loss 上限：-30.97923710 
超参：clip_norm=20.0, lr=0.1, QGT diag_shift=0.1
[Step   0] logΨ: mean=9.264+0.151j | min=3.413-2.258j | max=11.034+0.951j
梯度监控 | raw=20.1724 | natural=2.4716 | clipped=2.4716(上限20.0)
Ψ矩阵条件数 cond(Ψ) = 1.15e+01
Loss=-21.989181 | E0=-5.90165091+0.01112421j | E1=-5.64291648+0.01155631j|E2=-5.33633014-0.02197863j|E3=-5.10828311-0.00074582j
#-----------------------------------------#
[Step   1] logΨ: mean=10.157+0.006j | min=4.232+2.681j | max=11.978+0.750j
梯度监控 | raw=18.2645 | natural=2.2214 | clipped=2.2214(上限20.0)
Ψ矩阵条件数 cond(Ψ) = 2.24e+01
Loss=-23.039504 | E0=-6.25111479-0.00799138j | E1=-6.17457742+0.01573088j|E2=-5.51916180-0.00165410j|E3=-5.09464972-0.00346046j
#-----------------------------------------#
[Step   2] logΨ: mean=11.319-0.110j | min=5.511-1.072j | max=13.181+0.772j
梯度监控 | raw=22.4896 | natural=1.9624 | clipped=1.9624(上限20.0)
Ψ矩阵条件数 cond(Ψ) = 1.21e+01
Loss=-23.837653 | E0=-6.56157928-0.00692675j | E1=-6.53924431+0.00741288j|E2=-5.62545520-0.00275761j|E3=-5.11137464+0.00096283j
#-----------------------------------------#
[Step   3] logΨ: mean=12.535-0.001j | min=6.445-1.608j | max=14.282+0.795j
梯度监控 | raw=22.8226 | natural=1.5774 | clipped=1.5774(上限20.0)
Ψ矩阵条件数 cond(Ψ) = 1.70e+01
Loss=-24.619943 | E0=-6.95088743+0.00133226j | E1=-6.81019649+0.00297482j|E2=-5.73528259-0.00402479j|E3=-5.12357600+0.00117683j
#-----------------------------------------#
[Step   4] logΨ: mean=13.860-0.025j | min=7.956-2.166j | max=15.541+0.789j
梯度监控 | raw=35.4105 | natural=1.3917 | clipped=1.3917(上限20.0)
Ψ矩阵条件数 cond(Ψ) = 9.74e+00
Loss=-25.092177 | E0=-7.14499420+0.00053944j | E1=-6.94074720+0.00442820j|E2=-5.84372217-0.00241488j|E3=-5.16271314-0.00125241j
#-----------------------------------------#
[Step   5] logΨ: mean=14.765-0.115j | min=9.024-2.356j | max=16.302+0.628j
梯度监控 | raw=38.0193 | natural=1.1114 | clipped=1.1114(上限20.0)
Ψ矩阵条件数 cond(Ψ) = 3.62e+01
Loss=-25.552852 | E0=-7.30340536+0.00669234j | E1=-7.08857121+0.00357096j|E2=-5.99652116-0.01024595j|E3=-5.16435411-0.00152744j
#-----------------------------------------#
[Step   6] logΨ: mean=15.861-0.056j | min=9.760-1.824j | max=17.358+2.896j
梯度监控 | raw=60.9172 | natural=0.9886 | clipped=0.9886(上限20.0)
Ψ矩阵条件数 cond(Ψ) = 1.03e+01
Loss=-25.961873 | E0=-7.38143612-0.00491563j | E1=-7.17178130+0.00628440j|E2=-6.13618192-0.00021350j|E3=-5.27247382+0.00132448j
#-----------------------------------------#
[Step   7] logΨ: mean=16.673-0.130j | min=7.679+0.691j | max=18.110+2.668j
梯度监控 | raw=57.0022 | natural=0.8430 | clipped=0.8430(上限20.0)
Ψ矩阵条件数 cond(Ψ) = 1.92e+01
Loss=-26.354389 | E0=-7.46670568-0.00488928j | E1=-7.26509190+0.00142276j|E2=-6.35252552+0.00659222j|E3=-5.27006562-0.00065947j
#-----------------------------------------#
[Step   8] logΨ: mean=17.227+0.069j | min=10.204-1.075j | max=18.687+2.531j
梯度监控 | raw=88.2571 | natural=0.8485 | clipped=0.8485(上限20.0)
Ψ矩阵条件数 cond(Ψ) = 1.06e+01
Loss=-26.709629 | E0=-7.51175417+0.00190525j | E1=-7.31899423-0.01055753j|E2=-6.46090004+0.00802946j|E3=-5.41798100+0.00058470j
#-----------------------------------------#
[Step   9] logΨ: mean=18.124+0.110j | min=11.277+2.805j | max=19.503+2.496j
梯度监控 | raw=113.0472 | natural=0.6968 | clipped=0.6968(上限20.0)
Ψ矩阵条件数 cond(Ψ) = 9.83e+00
Loss=-27.129383 | E0=-7.56881392-0.00235884j | E1=-7.34931745+0.00100132j|E2=-6.62287802+0.00057961j|E3=-5.58837332+0.00338262j
#-----------------------------------------#
[Step  10] logΨ: mean=18.971+0.114j | min=13.951+0.977j | max=20.247+2.520j
梯度监控 | raw=133.6663 | natural=0.5998 | clipped=0.5998(上限20.0)
Ψ矩阵条件数 cond(Ψ) = 4.28e+01
Loss=-27.610118 | E0=-7.60347244+0.00534508j | E1=-7.38328758+0.00068080j|E2=-6.76772646-0.00113435j|E3=-5.85563121-0.00412371j
#-----------------------------------------#
[Step  11] logΨ: mean=19.987+0.020j | min=14.054-0.799j | max=21.271+1.145j
梯度监控 | raw=146.9343 | natural=0.5683 | clipped=0.5683(上限20.0)
Ψ矩阵条件数 cond(Ψ) = 1.30e+01
Loss=-28.123334 | E0=-7.62979766-0.00020502j | E1=-7.41658650-0.00470131j|E2=-6.89804128+0.00089601j|E3=-6.17890808+0.00092933j
#-----------------------------------------#
[Step  12] logΨ: mean=20.883+0.005j | min=15.675-2.132j | max=22.069+1.361j
梯度监控 | raw=143.7383 | natural=0.4443 | clipped=0.4443(上限20.0)
Ψ矩阵条件数 cond(Ψ) = 2.06e+01
Loss=-28.691945 | E0=-7.64593258+0.00084972j | E1=-7.43594849+0.00507720j|E2=-7.05569756-0.00053719j|E3=-6.55436616-0.00216979j
#-----------------------------------------#
[Step  13] logΨ: mean=21.355-0.018j | min=15.549-1.441j | max=22.607+1.167j
梯度监控 | raw=128.8841 | natural=0.4385 | clipped=0.4385(上限20.0)
Ψ矩阵条件数 cond(Ψ) = 4.72e+01
Loss=-28.840830 | E0=-7.64974872+0.00102097j | E1=-7.44821440+0.00077256j|E2=-7.11978618-0.00737181j|E3=-6.62308072+0.00767729j
#-----------------------------------------#
[Step  14] logΨ: mean=21.623+0.037j | min=14.485+1.275j | max=22.781+1.367j
梯度监控 | raw=95.2719 | natural=0.4091 | clipped=0.4091(上限20.0)
Ψ矩阵条件数 cond(Ψ) = 1.33e+01
Loss=-29.329310 | E0=-7.66514041+0.00182026j | E1=-7.48457442+0.00476142j|E2=-7.23764223-0.00398349j|E3=-6.94195257+0.00021830j
#-----------------------------------------#
[Step  15] logΨ: mean=22.374-0.000j | min=15.504-0.072j | max=23.394+1.735j
梯度监控 | raw=59.9304 | natural=0.3427 | clipped=0.3427(上限20.0)
Ψ矩阵条件数 cond(Ψ) = 8.68e+00
Loss=-29.666422 | E0=-7.67961908-0.00322060j | E1=-7.50682136+0.00807875j|E2=-7.37847727-0.00558487j|E3=-7.10150395+0.00234497j
#-----------------------------------------#
[Step  16] logΨ: mean=23.287-0.280j | min=16.087+0.163j | max=24.339+1.493j
梯度监控 | raw=60.0693 | natural=0.3170 | clipped=0.3170(上限20.0)
Ψ矩阵条件数 cond(Ψ) = 1.04e+01
Loss=-29.670571 | E0=-7.67651384+0.00164513j | E1=-7.49261205+0.00399812j|E2=-7.38430902-0.00710064j|E3=-7.11713587+0.00019957j
#-----------------------------------------#
[Step  17] logΨ: mean=24.103-0.345j | min=16.402+2.179j | max=25.008+1.494j
梯度监控 | raw=31.1927 | natural=0.2378 | clipped=0.2378(上限20.0)
Ψ矩阵条件数 cond(Ψ) = 2.32e+01
Loss=-29.980869 | E0=-7.69183530-0.00293137j | E1=-7.56530977-0.00379052j|E2=-7.47601972+0.00479954j|E3=-7.24770415+0.00203474j
#-----------------------------------------#
[Step  18] logΨ: mean=24.748-0.094j | min=18.795-2.186j | max=25.609+1.667j
梯度监控 | raw=24.3024 | natural=0.2370 | clipped=0.2370(上限20.0)
Ψ矩阵条件数 cond(Ψ) = 2.20e+01
Loss=-30.056098 | E0=-7.69711494+0.00044262j | E1=-7.60979569+0.00022432j|E2=-7.50758350+0.00347448j|E3=-7.24160427-0.00390870j
#-----------------------------------------#
[Step  19] logΨ: mean=25.599+0.135j | min=18.938+3.009j | max=26.449+1.883j
梯度监控 | raw=25.2857 | natural=0.2277 | clipped=0.2277(上限20.0)
Ψ矩阵条件数 cond(Ψ) = 1.67e+01
Loss=-30.125900 | E0=-7.70778936+0.00035265j | E1=-7.62656053+0.00155222j|E2=-7.51942429-0.00217209j|E3=-7.27212583+0.00348417j
#-----------------------------------------#
[Step  20] logΨ: mean=26.246+0.109j | min=20.494-1.598j | max=27.049+2.001j
梯度监控 | raw=31.6309 | natural=0.1750 | clipped=0.1750(上限20.0)
Ψ矩阵条件数 cond(Ψ) = 1.14e+01
Loss=-30.198359 | E0=-7.71449406-0.00185905j | E1=-7.62644368-0.00203369j|E2=-7.55065021+0.00090646j|E3=-7.30677132+0.00139652j
#-----------------------------------------#
[Step  21] logΨ: mean=26.836+0.160j | min=21.196+2.185j | max=27.555+1.980j
梯度监控 | raw=37.5069 | natural=0.1239 | clipped=0.1239(上限20.0)
Ψ矩阵条件数 cond(Ψ) = 1.09e+01
Loss=-30.221400 | E0=-7.72240101-0.00079160j | E1=-7.64521329+0.00043958j|E2=-7.55139258-0.00122015j|E3=-7.30239302+0.00331304j
#-----------------------------------------#
[Step  22] logΨ: mean=27.687+0.383j | min=21.983+1.427j | max=28.450+2.394j
梯度监控 | raw=41.1483 | natural=0.2139 | clipped=0.2139(上限20.0)
Ψ矩阵条件数 cond(Ψ) = 1.81e+01
Loss=-30.266128 | E0=-7.72052275-0.00058699j | E1=-7.64539999-0.00026051j|E2=-7.56432607+0.00171811j|E3=-7.33587931-0.00040710j
#-----------------------------------------#
[Step  23] logΨ: mean=28.306+0.262j | min=22.584+2.535j | max=29.038+2.549j
梯度监控 | raw=56.5764 | natural=0.2009 | clipped=0.2009(上限20.0)
Ψ矩阵条件数 cond(Ψ) = 1.86e+01
Loss=-30.277090 | E0=-7.72436600-0.00062753j | E1=-7.64833717+0.00148036j|E2=-7.56306330+0.00164187j|E3=-7.34132402-0.00087860j
#-----------------------------------------#
[Step  24] logΨ: mean=28.849+0.405j | min=22.393-1.724j | max=29.514+2.381j
梯度监控 | raw=60.4669 | natural=0.1237 | clipped=0.1237(上限20.0)
Ψ矩阵条件数 cond(Ψ) = 2.15e+01
Loss=-30.333332 | E0=-7.72985645+0.00056734j | E1=-7.65714198+0.00092083j|E2=-7.58027569-0.00227309j|E3=-7.36605798-0.00005417j
#-----------------------------------------#
[Step  25] logΨ: mean=29.426+0.232j | min=24.351-3.034j | max=30.038+2.602j
梯度监控 | raw=66.3287 | natural=0.0855 | clipped=0.0855(上限20.0)
Ψ矩阵条件数 cond(Ψ) = 1.40e+01
Loss=-30.378477 | E0=-7.73164277-0.00072669j | E1=-7.66254237-0.00087920j|E2=-7.60072972+0.00087254j|E3=-7.38356229-0.00318772j
#-----------------------------------------#
[Step  26] logΨ: mean=29.938+0.403j | min=24.248+0.731j | max=30.536+2.651j
梯度监控 | raw=73.2171 | natural=0.0880 | clipped=0.0880(上限20.0)
Ψ矩阵条件数 cond(Ψ) = 7.52e+01
Loss=-30.375310 | E0=-7.73539544-0.00063771j | E1=-7.65922127+0.00129780j|E2=-7.60723754-0.00060857j|E3=-7.37345550-0.00160710j
#-----------------------------------------#
[Step  27] logΨ: mean=30.500+0.282j | min=24.306+2.675j | max=31.118+2.766j
梯度监控 | raw=85.4157 | natural=0.0759 | clipped=0.0759(上限20.0)
Ψ矩阵条件数 cond(Ψ) = 2.23e+01
Loss=-30.430443 | E0=-7.73834961+0.00000361j | E1=-7.65686012-0.00031265j|E2=-7.60847343+0.00255028j|E3=-7.42676033-0.00377662j
#-----------------------------------------#
[Step  28] logΨ: mean=31.119+0.438j | min=25.724-1.344j | max=31.708+2.059j
梯度监控 | raw=91.1278 | natural=0.0597 | clipped=0.0597(上限20.0)
Ψ矩阵条件数 cond(Ψ) = 2.01e+01
Loss=-30.446678 | E0=-7.74172910-0.00029194j | E1=-7.66358804+0.00096308j|E2=-7.61080559+0.00034044j|E3=-7.43055523-0.00104432j
#-----------------------------------------#
[Step  29] logΨ: mean=31.532+0.100j | min=27.104+1.058j | max=32.136+2.403j
梯度监控 | raw=92.7319 | natural=0.0669 | clipped=0.0669(上限20.0)
Ψ矩阵条件数 cond(Ψ) = 8.85e+00
Loss=-30.483267 | E0=-7.74832269-0.00139937j | E1=-7.66521905-0.00150747j|E2=-7.61827135+0.00098819j|E3=-7.45145424+0.00154890j
#-----------------------------------------#
[Step  30] logΨ: mean=31.719-0.003j | min=26.933+2.081j | max=32.324+2.565j
梯度监控 | raw=96.7397 | natural=0.0932 | clipped=0.0932(上限20.0)
Ψ矩阵条件数 cond(Ψ) = 2.15e+01
Loss=-30.480721 | E0=-7.74951488+0.00034621j | E1=-7.66443461+0.00012494j|E2=-7.62658834-0.00149931j|E3=-7.44018326+0.00001616j
#-----------------------------------------#
[Step  31] logΨ: mean=32.173+0.145j | min=26.810-2.578j | max=32.862+2.504j
梯度监控 | raw=87.8090 | natural=0.0816 | clipped=0.0816(上限20.0)
Ψ矩阵条件数 cond(Ψ) = 2.04e+01
Loss=-30.530464 | E0=-7.75308010+0.00044738j | E1=-7.66548670-0.00017431j|E2=-7.63228154-0.00114159j|E3=-7.47961586-0.00004995j
#-----------------------------------------#
[Step  32] logΨ: mean=32.650+0.390j | min=27.516+3.028j | max=33.302+2.018j
梯度监控 | raw=88.4425 | natural=0.0502 | clipped=0.0502(上限20.0)
Ψ矩阵条件数 cond(Ψ) = 1.19e+01
Loss=-30.569499 | E0=-7.75709800+0.00037327j | E1=-7.66609905-0.00096566j|E2=-7.63500374+0.00002655j|E3=-7.51129859+0.00049807j
#-----------------------------------------#
[Step  33] logΨ: mean=32.520+0.035j | min=26.469-0.832j | max=33.197+1.873j
梯度监控 | raw=100.2543 | natural=0.1666 | clipped=0.1666(上限20.0)
Ψ矩阵条件数 cond(Ψ) = 1.87e+01
Loss=-30.573509 | E0=-7.76063758-0.00012132j | E1=-7.66529028-0.00367066j|E2=-7.63752988+0.00018701j|E3=-7.51005136+0.00299711j
#-----------------------------------------#
[Step  34] logΨ: mean=32.109+0.275j | min=26.378+0.081j | max=32.791+2.058j
梯度监控 | raw=93.9958 | natural=0.1081 | clipped=0.1081(上限20.0)
Ψ矩阵条件数 cond(Ψ) = 8.45e+00
Loss=-30.614112 | E0=-7.76369861-0.00010292j | E1=-7.66832780+0.00034714j|E2=-7.63856967-0.00084973j|E3=-7.54351562+0.00113268j
#-----------------------------------------#
[Step  35] logΨ: mean=31.917+0.218j | min=28.233-0.902j | max=32.639+2.087j
梯度监控 | raw=81.0853 | natural=0.0201 | clipped=0.0201(上限20.0)
Ψ矩阵条件数 cond(Ψ) = 8.09e+00
Loss=-30.605993 | E0=-7.76727437-0.00035304j | E1=-7.66808219+0.00101999j|E2=-7.63576678+0.00008756j|E3=-7.53487004+0.00403389j
#-----------------------------------------#
[Step  36] logΨ: mean=32.127+0.213j | min=26.765+0.468j | max=32.774+2.859j
梯度监控 | raw=71.1094 | natural=0.0761 | clipped=0.0761(上限20.0)
Ψ矩阵条件数 cond(Ψ) = 1.04e+01
Loss=-30.641729 | E0=-7.77046705-0.00045009j | E1=-7.66508216+0.00075339j|E2=-7.64368509+0.00042667j|E3=-7.56249456+0.00155594j
#-----------------------------------------#
[Step  37] logΨ: mean=31.726+0.260j | min=25.091-1.534j | max=32.367+2.473j
梯度监控 | raw=73.3400 | natural=0.0942 | clipped=0.0942(上限20.0)
Ψ矩阵条件数 cond(Ψ) = 1.17e+01
Loss=-30.663947 | E0=-7.77194957+0.00050883j | E1=-7.67033706+0.00031266j|E2=-7.64876253+0.00145245j|E3=-7.57289787-0.00084421j
#-----------------------------------------#
[Step  38] logΨ: mean=32.730+0.381j | min=26.782-3.122j | max=33.389+2.488j
梯度监控 | raw=55.5246 | natural=0.1303 | clipped=0.1303(上限20.0)
Ψ矩阵条件数 cond(Ψ) = 1.86e+01
Loss=-30.656616 | E0=-7.77215542-0.00077556j | E1=-7.66681031-0.00220537j|E2=-7.64866520+0.00066408j|E3=-7.56898553+0.00099559j
#-----------------------------------------#
[Step  39] logΨ: mean=32.168+0.379j | min=26.901-2.655j | max=32.766+3.057j
梯度监控 | raw=65.4265 | natural=0.0719 | clipped=0.0719(上限20.0)
Ψ矩阵条件数 cond(Ψ) = 7.69e+00
Loss=-30.707571 | E0=-7.77777441-0.00026111j | E1=-7.67710106-0.00223861j|E2=-7.65526671-0.00143832j|E3=-7.59742856+0.00301563j
#-----------------------------------------#
[Step  40] logΨ: mean=32.001+0.216j | min=27.172-1.105j | max=32.607+2.711j
梯度监控 | raw=69.0235 | natural=0.0546 | clipped=0.0546(上限20.0)
Ψ矩阵条件数 cond(Ψ) = 8.10e+00
Loss=-30.703436 | E0=-7.78179766-0.00120094j | E1=-7.67298912+0.00167334j|E2=-7.65449075+0.00101534j|E3=-7.59415824-0.00144931j
#-----------------------------------------#
[Step  41] logΨ: mean=32.298+0.181j | min=25.542+1.851j | max=32.769+2.013j
梯度监控 | raw=49.0920 | natural=0.0752 | clipped=0.0752(上限20.0)
Ψ矩阵条件数 cond(Ψ) = 8.22e+00
Loss=-30.738088 | E0=-7.78240808-0.00192179j | E1=-7.67841589+0.00116018j|E2=-7.65796280-0.00162543j|E3=-7.61930106-0.00013548j
#-----------------------------------------#
[Step  42] logΨ: mean=32.847-0.089j | min=25.248-0.202j | max=33.377+1.548j
梯度监控 | raw=46.4639 | natural=0.1271 | clipped=0.1271(上限20.0)
Ψ矩阵条件数 cond(Ψ) = 1.23e+01
Loss=-30.739299 | E0=-7.79002259+0.00111557j | E1=-7.67782827+0.00038862j|E2=-7.65032924-0.00288737j|E3=-7.62111894+0.00093709j
#-----------------------------------------#
[Step  43] logΨ: mean=33.283-0.038j | min=26.574-0.709j | max=33.809+1.788j
梯度监控 | raw=46.8575 | natural=0.0945 | clipped=0.0945(上限20.0)
Ψ矩阵条件数 cond(Ψ) = 1.66e+01
Loss=-30.746919 | E0=-7.79716217+0.00023916j | E1=-7.67836254-0.00095165j|E2=-7.65344752-0.00128031j|E3=-7.61794652-0.00019870j
#-----------------------------------------#
[Step  44] logΨ: mean=33.214+0.250j | min=28.618+2.288j | max=33.713+2.079j
梯度监控 | raw=45.2788 | natural=0.0878 | clipped=0.0878(上限20.0)
Ψ矩阵条件数 cond(Ψ) = 7.61e+00
Loss=-30.761323 | E0=-7.79383606+0.00152419j | E1=-7.68224235-0.00131961j|E2=-7.65880899+0.00084254j|E3=-7.62643567+0.00123083j
#-----------------------------------------#
[Step  45] logΨ: mean=33.536+0.183j | min=28.045+0.415j | max=33.942+2.104j
梯度监控 | raw=33.5363 | natural=0.0694 | clipped=0.0694(上限20.0)
Ψ矩阵条件数 cond(Ψ) = 1.07e+01
Loss=-30.797174 | E0=-7.80052361-0.00042629j | E1=-7.68977309+0.00201123j|E2=-7.66175191+0.00100259j|E3=-7.64512589-0.00384703j
#-----------------------------------------#
[Step  46] logΨ: mean=33.764+0.299j | min=28.827-0.253j | max=34.233+2.047j
梯度监控 | raw=41.6967 | natural=0.0337 | clipped=0.0337(上限20.0)
Ψ矩阵条件数 cond(Ψ) = 6.48e+00
Loss=-30.772229 | E0=-7.79888546+0.00111999j | E1=-7.68128036-0.00085996j|E2=-7.65797020+0.00068863j|E3=-7.63409257-0.00073200j
#-----------------------------------------#
[Step  47] logΨ: mean=33.340-0.607j | min=26.511-1.650j | max=33.919+1.268j
梯度监控 | raw=34.9666 | natural=0.1460 | clipped=0.1460(上限20.0)
Ψ矩阵条件数 cond(Ψ) = 1.19e+01
Loss=-30.802883 | E0=-7.80279380-0.00044105j | E1=-7.69068461+0.00046281j|E2=-7.66438130-0.00027618j|E3=-7.64502340+0.00051040j
#-----------------------------------------#
[Step  48] logΨ: mean=33.505-0.360j | min=28.778+0.804j | max=34.053+1.660j
梯度监控 | raw=18.9691 | natural=0.0537 | clipped=0.0537(上限20.0)
Ψ矩阵条件数 cond(Ψ) = 1.17e+01
Loss=-30.825926 | E0=-7.80335454-0.00036401j | E1=-7.69443346-0.00012103j|E2=-7.66917921+0.00002117j|E3=-7.65895835-0.00057190j
#-----------------------------------------#
[Step  49] logΨ: mean=33.986-0.133j | min=27.163+0.336j | max=34.520+1.790j
梯度监控 | raw=29.5453 | natural=0.0818 | clipped=0.0818(上限20.0)
Ψ矩阵条件数 cond(Ψ) = 7.44e+00
Loss=-30.819610 | E0=-7.79617499-0.00187096j | E1=-7.69951046+0.00160088j|E2=-7.66385162+0.00132805j|E3=-7.66007268+0.00131719j
#-----------------------------------------#
[Step  50] logΨ: mean=33.943-0.321j | min=29.292+0.061j | max=34.415+1.764j
梯度监控 | raw=31.3183 | natural=0.0270 | clipped=0.0270(上限20.0)
Ψ矩阵条件数 cond(Ψ) = 8.74e+00
Loss=-30.845982 | E0=-7.80795624-0.00035102j | E1=-7.70380183+0.00075144j|E2=-7.67366238-0.00244114j|E3=-7.66056143-0.00028775j
#-----------------------------------------#
[Step  51] logΨ: mean=34.739-0.294j | min=28.330+2.451j | max=35.216+1.763j
梯度监控 | raw=24.7717 | natural=0.1281 | clipped=0.1281(上限20.0)
Ψ矩阵条件数 cond(Ψ) = 7.83e+00
Loss=-30.846790 | E0=-7.80893812+0.00068170j | E1=-7.70502173-0.00116795j|E2=-7.67680070+0.00059211j|E3=-7.65602902+0.00122201j
#-----------------------------------------#
[Step  52] logΨ: mean=34.785-0.279j | min=28.901+2.021j | max=35.259+1.628j
梯度监控 | raw=31.7595 | natural=0.0339 | clipped=0.0339(上限20.0)
Ψ矩阵条件数 cond(Ψ) = 1.26e+01
Loss=-30.856055 | E0=-7.80960139-0.00103264j | E1=-7.70553695-0.00066795j|E2=-7.67833202+0.00125703j|E3=-7.66258477-0.00042107j
#-----------------------------------------#
[Step  53] logΨ: mean=34.706-0.047j | min=30.072+1.193j | max=35.134+1.917j
梯度监控 | raw=35.3845 | natural=0.1007 | clipped=0.1007(上限20.0)
Ψ矩阵条件数 cond(Ψ) = 7.91e+00
Loss=-30.869642 | E0=-7.81391981+0.00003332j | E1=-7.71041130+0.00017044j|E2=-7.68157359+0.00011089j|E3=-7.66373712-0.00079794j
#-----------------------------------------#
[Step  54] logΨ: mean=34.655-0.023j | min=29.107+2.641j | max=35.106+1.959j
梯度监控 | raw=29.2229 | natural=0.0344 | clipped=0.0344(上限20.0)
Ψ矩阵条件数 cond(Ψ) = 5.46e+01
Loss=-30.872419 | E0=-7.81682966+0.00011650j | E1=-7.70762777+0.00016817j|E2=-7.68358923+0.00068124j|E3=-7.66437242-0.00029015j
#-----------------------------------------#
[Step  55] logΨ: mean=36.443+0.376j | min=29.131+1.382j | max=36.953+2.332j
梯度监控 | raw=35.4869 | natural=0.1319 | clipped=0.1319(上限20.0)
Ψ矩阵条件数 cond(Ψ) = 8.90e+00
Loss=-30.855403 | E0=-7.80905407-0.00005509j | E1=-7.70615781-0.00027149j|E2=-7.68355131+0.00004006j|E3=-7.65663963+0.00067453j
#-----------------------------------------#
[Step  56] logΨ: mean=37.182+0.212j | min=32.362-0.783j | max=37.713+2.172j
梯度监控 | raw=33.4130 | natural=0.0471 | clipped=0.0471(上限20.0)
Ψ矩阵条件数 cond(Ψ) = 1.75e+01
Loss=-30.876244 | E0=-7.81776767-0.00003533j | E1=-7.70883236-0.00061432j|E2=-7.68893827-0.00061724j|E3=-7.66070609+0.00035925j
#-----------------------------------------#
[Step  57] logΨ: mean=37.735+0.613j | min=31.332-1.181j | max=38.117+2.373j
梯度监控 | raw=31.6786 | natural=0.0300 | clipped=0.0300(上限20.0)
Ψ矩阵条件数 cond(Ψ) = 9.51e+00
Loss=-30.883239 | E0=-7.81560445-0.00044511j | E1=-7.71134359-0.00087165j|E2=-7.69335997+0.00109405j|E3=-7.66293074+0.00117861j
#-----------------------------------------#
[Step  58] logΨ: mean=37.805+0.412j | min=31.377-2.778j | max=38.194+2.149j
梯度监控 | raw=37.1413 | natural=0.0365 | clipped=0.0365(上限20.0)
Ψ矩阵条件数 cond(Ψ) = 9.07e+00
Loss=-30.876977 | E0=-7.81473669-0.00042699j | E1=-7.71045191-0.00238275j|E2=-7.69085679+0.00237384j|E3=-7.66093205+0.00094609j
#-----------------------------------------#
[Step  59] logΨ: mean=38.580-0.610j | min=30.654-0.133j | max=39.014+1.183j
梯度监控 | raw=37.2136 | natural=0.2417 | clipped=0.2417(上限20.0)
Ψ矩阵条件数 cond(Ψ) = 1.51e+01
Loss=-30.869599 | E0=-7.81379336-0.00078938j | E1=-7.71117258+0.00158625j|E2=-7.68615819-0.00089222j|E3=-7.65847509-0.00332434j
#-----------------------------------------#
[Step  60] logΨ: mean=38.838-0.184j | min=33.239+2.850j | max=39.230+0.426j
梯度监控 | raw=44.8917 | natural=0.0964 | clipped=0.0964(上限20.0)
Ψ矩阵条件数 cond(Ψ) = 9.24e+00
Loss=-30.884603 | E0=-7.81434398+0.00014160j | E1=-7.71449323+0.00060911j|E2=-7.69478374-0.00070618j|E3=-7.66098171-0.00083568j
#-----------------------------------------#
[Step  61] logΨ: mean=38.133-0.098j | min=31.832-2.586j | max=38.604+1.586j
梯度监控 | raw=41.3973 | natural=0.1211 | clipped=0.1211(上限20.0)
Ψ矩阵条件数 cond(Ψ) = 2.82e+01
Loss=-30.887233 | E0=-7.82117720+0.00011642j | E1=-7.71522600+0.00039677j|E2=-7.68784600+0.00013723j|E3=-7.66298376+0.00059927j
#-----------------------------------------#
[Step  62] logΨ: mean=38.152+0.123j | min=32.907-0.745j | max=38.541+1.731j
梯度监控 | raw=34.2513 | natural=0.0095 | clipped=0.0095(上限20.0)
Ψ矩阵条件数 cond(Ψ) = 8.98e+00
Loss=-30.891478 | E0=-7.81955354-0.00013906j | E1=-7.71658252+0.00063162j|E2=-7.69363047-0.00051949j|E3=-7.66171143+0.00081131j
#-----------------------------------------#
[Step  63] logΨ: mean=38.163-0.570j | min=32.844+1.328j | max=38.641+0.140j
梯度监控 | raw=33.7356 | natural=0.1026 | clipped=0.1026(上限20.0)
Ψ矩阵条件数 cond(Ψ) = 8.59e+00
Loss=-30.894110 | E0=-7.82070289-0.00137778j | E1=-7.71637052-0.00011418j|E2=-7.69608005+0.00162141j|E3=-7.66095643+0.00042346j
#-----------------------------------------#
[Step  64] logΨ: mean=38.091-0.718j | min=32.624+0.196j | max=38.432+0.254j
梯度监控 | raw=27.9793 | natural=0.0182 | clipped=0.0182(上限20.0)
Ψ矩阵条件数 cond(Ψ) = 8.75e+00
Loss=-30.916197 | E0=-7.83632969-0.00022317j | E1=-7.71782019+0.00001012j|E2=-7.69850189+0.00016888j|E3=-7.66354489-0.00070350j
#-----------------------------------------#
[Step  65] logΨ: mean=38.494-0.787j | min=31.184-3.031j | max=38.962+0.097j
梯度监控 | raw=25.3045 | natural=0.1396 | clipped=0.1396(上限20.0)
Ψ矩阵条件数 cond(Ψ) = 8.32e+00
Loss=-30.906323 | E0=-7.83520276-0.00012251j | E1=-7.71712524+0.00061464j|E2=-7.69741014-0.00085711j|E3=-7.65658502-0.00023577j
#-----------------------------------------#
[Step  66] logΨ: mean=37.627+0.364j | min=31.968+2.509j | max=38.016+1.981j
梯度监控 | raw=28.6613 | natural=0.1618 | clipped=0.1618(上限20.0)
Ψ矩阵条件数 cond(Ψ) = 7.50e+00
Loss=-30.903217 | E0=-7.83148586-0.00031890j | E1=-7.71526494+0.00019095j|E2=-7.69765386+0.00081349j|E3=-7.65881217+0.00002080j
#-----------------------------------------#
[Step  67] logΨ: mean=37.617+0.287j | min=31.755-0.888j | max=38.078+2.330j
梯度监控 | raw=79.0161 | natural=0.0586 | clipped=0.0586(上限20.0)
Ψ矩阵条件数 cond(Ψ) = 7.48e+00
Loss=-30.912913 | E0=-7.84182007+0.00020746j | E1=-7.71710466-0.00061712j|E2=-7.69146027-0.00085675j|E3=-7.66252788+0.00067059j
#-----------------------------------------#
[Step  68] logΨ: mean=38.720+0.313j | min=32.695+0.354j | max=39.141+2.208j
梯度监控 | raw=78.2033 | natural=0.1048 | clipped=0.1048(上限20.0)
Ψ矩阵条件数 cond(Ψ) = 1.84e+01
Loss=-30.913823 | E0=-7.84198557-0.00023147j | E1=-7.71808160-0.00077924j|E2=-7.69547640-0.00021082j|E3=-7.65827965-0.00128298j
#-----------------------------------------#
[Step  69] logΨ: mean=39.471-0.520j | min=33.512+0.086j | max=39.869+0.899j
梯度监控 | raw=100.1075 | natural=0.0817 | clipped=0.0817(上限20.0)
Ψ矩阵条件数 cond(Ψ) = 7.01e+00
Loss=-30.914884 | E0=-7.83941573+0.00055970j | E1=-7.71752797-0.00005032j|E2=-7.69614518+0.00125749j|E3=-7.66179477+0.00004255j
#-----------------------------------------#
[Step  70] logΨ: mean=39.691-0.353j | min=32.820-1.766j | max=40.165+1.492j
梯度监控 | raw=100.8419 | natural=0.0884 | clipped=0.0884(上限20.0)
Ψ矩阵条件数 cond(Ψ) = 6.87e+00
Loss=-30.914384 | E0=-7.83872660-0.00026185j | E1=-7.71733803-0.00054891j|E2=-7.69389008-0.00064283j|E3=-7.66442963+0.00081824j
#-----------------------------------------#
[Step  71] logΨ: mean=39.741+0.344j | min=34.372-1.122j | max=40.187+2.271j
梯度监控 | raw=84.2650 | natural=0.0746 | clipped=0.0746(上限20.0)
Ψ矩阵条件数 cond(Ψ) = 6.87e+00
Loss=-30.913372 | E0=-7.84304294+0.00009538j | E1=-7.71669393+0.00126892j|E2=-7.69083472-0.00016750j|E3=-7.66280063+0.00013900j
#-----------------------------------------#
[Step  72] logΨ: mean=39.639+0.374j | min=34.509+1.280j | max=40.089+2.250j
梯度监控 | raw=74.2367 | natural=0.0215 | clipped=0.0215(上限20.0)
Ψ矩阵条件数 cond(Ψ) = 6.96e+00
Loss=-30.918871 | E0=-7.84116861+0.00005971j | E1=-7.71790285+0.00033545j|E2=-7.69377275+0.00155488j|E3=-7.66602698+0.00018038j
#-----------------------------------------#
[Step  73] logΨ: mean=40.611+0.430j | min=34.412+1.277j | max=41.057+2.274j
梯度监控 | raw=69.8903 | natural=0.0977 | clipped=0.0977(上限20.0)
Ψ矩阵条件数 cond(Ψ) = 6.59e+00
Loss=-30.915494 | E0=-7.84418305-0.00021117j | E1=-7.71749636+0.00001373j|E2=-7.69310461+0.00087822j|E3=-7.66071014-0.00002626j
#-----------------------------------------#
[Step  74] logΨ: mean=41.709-0.375j | min=30.921-2.431j | max=42.599+3.046j
梯度监控 | raw=87.5017 | natural=0.1248 | clipped=0.1248(上限20.0)
Ψ矩阵条件数 cond(Ψ) = 3.89e+01
Loss=-30.921289 | E0=-7.84556217+0.00001847j | E1=-7.71757280+0.00061526j|E2=-7.69540896+0.00119894j|E3=-7.66274547-0.00067701j
#-----------------------------------------#
[Step  75] logΨ: mean=45.987-0.729j | min=40.271-2.698j | max=46.332+0.734j
梯度监控 | raw=67.4093 | natural=0.1154 | clipped=0.1154(上限20.0)
Ψ矩阵条件数 cond(Ψ) = 2.59e+01
Loss=-30.795176 | E0=-7.74209500-0.00108552j | E1=-7.70739086-0.00329900j|E2=-7.69402638+0.00545338j|E3=-7.65166402-0.00157091j
#-----------------------------------------#
[Step  76] logΨ: mean=46.025+0.555j | min=40.307+2.184j | max=46.350+2.774j
梯度监控 | raw=91.0731 | natural=0.0405 | clipped=0.0405(上限20.0)
Ψ矩阵条件数 cond(Ψ) = 9.52e+00
Loss=-30.807672 | E0=-7.75016421+0.00021457j | E1=-7.71268618+0.00035363j|E2=-7.69393073+0.00047802j|E3=-7.65089046-0.00092354j
#-----------------------------------------#
[Step  77] logΨ: mean=46.281+0.647j | min=40.889-0.025j | max=46.615+2.083j
梯度监控 | raw=105.0865 | natural=0.0568 | clipped=0.0568(上限20.0)
Ψ矩阵条件数 cond(Ψ) = 2.64e+01
Loss=-30.802998 | E0=-7.74681007+0.00035180j | E1=-7.71292063+0.00012816j|E2=-7.69313670-0.00019062j|E3=-7.65013093+0.00061205j
#-----------------------------------------#
[Step  78] logΨ: mean=44.965-0.534j | min=39.038-0.369j | max=45.315+0.802j
梯度监控 | raw=82.8530 | natural=0.0687 | clipped=0.0687(上限20.0)
Ψ矩阵条件数 cond(Ψ) = 1.16e+01
Loss=-30.793958 | E0=-7.74311160+0.00081166j | E1=-7.71273857-0.00094075j|E2=-7.68976567+0.00060732j|E3=-7.64834263-0.00019431j
#-----------------------------------------#
[Step  79] logΨ: mean=44.397-0.580j | min=39.021+0.853j | max=44.751+0.710j
梯度监控 | raw=80.4312 | natural=0.0273 | clipped=0.0273(上限20.0)
Ψ矩阵条件数 cond(Ψ) = 2.94e+01
Loss=-30.807204 | E0=-7.75028822+0.00125996j | E1=-7.71438064-0.00026163j|E2=-7.69241089+0.00155754j|E3=-7.65012413+0.00117161j
#-----------------------------------------#
[Step  80] logΨ: mean=44.476-0.777j | min=40.383-1.348j | max=44.744+0.664j
梯度监控 | raw=76.7869 | natural=0.0070 | clipped=0.0070(上限20.0)
Ψ矩阵条件数 cond(Ψ) = 2.97e+01
Loss=-30.812378 | E0=-7.75145962-0.00052212j | E1=-7.71474556+0.00031396j|E2=-7.69520715+0.00022736j|E3=-7.65096581-0.00123167j
#-----------------------------------------#
[Step  81] logΨ: mean=44.400-0.659j | min=38.698+2.032j | max=44.703+0.630j
梯度监控 | raw=72.3424 | natural=0.0072 | clipped=0.0072(上限20.0)
Ψ矩阵条件数 cond(Ψ) = 2.96e+01
Loss=-30.811824 | E0=-7.75106057-0.00018728j | E1=-7.71423175+0.00077568j|E2=-7.69441727-0.00029803j|E3=-7.65211395+0.00040355j
#-----------------------------------------#
[Step  82] logΨ: mean=45.509+0.509j | min=39.521-0.887j | max=45.790+2.797j
梯度监控 | raw=68.3322 | natural=0.0908 | clipped=0.0908(上限20.0)
Ψ矩阵条件数 cond(Ψ) = 8.40e+00
Loss=-30.810399 | E0=-7.75110501+0.00012660j | E1=-7.71383706-0.00029481j|E2=-7.69440400+0.00133494j|E3=-7.65105309-0.00022766j
#-----------------------------------------#
[Step  83] logΨ: mean=45.459+0.368j | min=42.025+0.660j | max=45.704+2.752j
梯度监控 | raw=103.9894 | natural=0.0080 | clipped=0.0080(上限20.0)
Ψ矩阵条件数 cond(Ψ) = 2.71e+01
Loss=-30.832351 | E0=-7.76443441-0.00062136j | E1=-7.71554092-0.00003591j|E2=-7.69833664+0.00017088j|E3=-7.65403915-0.00132168j
#-----------------------------------------#
[Step  84] logΨ: mean=45.395+0.446j | min=41.204+1.141j | max=45.677+2.744j
梯度监控 | raw=96.9177 | natural=0.0088 | clipped=0.0088(上限20.0)
Ψ矩阵条件数 cond(Ψ) = 8.36e+00
Loss=-30.824845 | E0=-7.75981883+0.00021129j | E1=-7.71451751-0.00047761j|E2=-7.69657135+0.00041382j|E3=-7.65393718+0.00099646j
#-----------------------------------------#
[Step  85] logΨ: mean=45.325+0.317j | min=39.864+1.964j | max=45.589+2.696j
梯度监控 | raw=100.6799 | natural=0.0078 | clipped=0.0078(上限20.0)
Ψ矩阵条件数 cond(Ψ) = 8.37e+00
Loss=-30.835215 | E0=-7.76663551-0.00144631j | E1=-7.71546853-0.00013112j|E2=-7.69753127+0.00036103j|E3=-7.65557957+0.00055063j
#-----------------------------------------#
[Step  86] logΨ: mean=45.607+0.079j | min=40.011+0.073j | max=45.871+2.456j
梯度监控 | raw=98.2289 | natural=0.0311 | clipped=0.0311(上限20.0)
Ψ矩阵条件数 cond(Ψ) = 8.04e+00
Loss=-30.825526 | E0=-7.76025274+0.00012646j | E1=-7.71571752+0.00000938j|E2=-7.69625489-0.00051860j|E3=-7.65330134-0.00085271j
#-----------------------------------------#
[Step  87] logΨ: mean=45.964+0.546j | min=40.359-1.945j | max=46.225+2.006j
梯度监控 | raw=88.7460 | natural=0.0259 | clipped=0.0259(上限20.0)
Ψ矩阵条件数 cond(Ψ) = 8.16e+00
Loss=-30.829000 | E0=-7.76310032-0.00008995j | E1=-7.71488067+0.00060027j|E2=-7.69734000+0.00142039j|E3=-7.65367935-0.00196142j
#-----------------------------------------#
[Step  88] logΨ: mean=45.902+0.598j | min=41.307+0.401j | max=46.132+1.992j
梯度监控 | raw=95.9991 | natural=0.0072 | clipped=0.0072(上限20.0)
Ψ矩阵条件数 cond(Ψ) = 2.79e+01
Loss=-30.835331 | E0=-7.76663029+0.00007619j | E1=-7.71544776+0.00006838j|E2=-7.69801725-0.00052278j|E3=-7.65523539+0.00168171j
#-----------------------------------------#
[Step  89] logΨ: mean=45.825+0.759j | min=40.354-0.713j | max=46.033+2.000j
梯度监控 | raw=99.2442 | natural=0.0072 | clipped=0.0072(上限20.0)
Ψ矩阵条件数 cond(Ψ) = 2.77e+01
Loss=-30.838897 | E0=-7.76751457-0.00026576j | E1=-7.71585814+0.00011611j|E2=-7.69956355-0.00014724j|E3=-7.65596058+0.00064418j
#-----------------------------------------#
[Step  90] logΨ: mean=46.526+0.464j | min=40.374-0.441j | max=46.840+2.545j
梯度监控 | raw=96.7389 | natural=0.1597 | clipped=0.1597(上限20.0)
Ψ矩阵条件数 cond(Ψ) = 2.40e+01
Loss=-30.837968 | E0=-7.77217727-0.00029928j | E1=-7.71147597-0.00064427j|E2=-7.69889187-0.00038900j|E3=-7.65542264-0.00015358j
#-----------------------------------------#
[Step  91] logΨ: mean=46.506+0.403j | min=42.758-3.078j | max=46.801+2.481j
梯度监控 | raw=125.8902 | natural=0.0086 | clipped=0.0086(上限20.0)
Ψ矩阵条件数 cond(Ψ) = 9.19e+00
Loss=-30.861586 | E0=-7.78462093-0.00012300j | E1=-7.71750711-0.00024689j|E2=-7.70265772-0.00079270j|E3=-7.65680043-0.00011810j
#-----------------------------------------#
[Step  92] logΨ: mean=46.537+0.507j | min=41.685+0.044j | max=46.834+2.325j
梯度监控 | raw=123.9183 | natural=0.0113 | clipped=0.0113(上限20.0)
Ψ矩阵条件数 cond(Ψ) = 8.88e+00
Loss=-30.867782 | E0=-7.78923304+0.00038937j | E1=-7.71798407-0.00026239j|E2=-7.70322148-0.00050294j|E3=-7.65734380-0.00009192j
#-----------------------------------------#
[Step  93] logΨ: mean=46.508+0.236j | min=43.252-1.961j | max=46.791+2.258j
梯度监控 | raw=114.0164 | natural=0.0057 | clipped=0.0057(上限20.0)
Ψ矩阵条件数 cond(Ψ) = 1.20e+01
Loss=-30.871773 | E0=-7.79107706-0.00023844j | E1=-7.71776239+0.00000850j|E2=-7.70393924-0.00016035j|E3=-7.65899475+0.00032507j
#-----------------------------------------#
[Step  94] logΨ: mean=46.599+0.587j | min=42.146-3.089j | max=46.882+2.264j
梯度监控 | raw=108.0543 | natural=0.0066 | clipped=0.0066(上限20.0)
Ψ矩阵条件数 cond(Ψ) = 8.54e+00
Loss=-30.874678 | E0=-7.79652112+0.00012467j | E1=-7.71732996-0.00012761j|E2=-7.70287025+0.00035669j|E3=-7.65795654+0.00009703j
#-----------------------------------------#
[Step  95] logΨ: mean=46.665+0.402j | min=43.481-2.161j | max=46.940+2.330j
梯度监控 | raw=103.2027 | natural=0.0027 | clipped=0.0027(上限20.0)
Ψ矩阵条件数 cond(Ψ) = 2.45e+01
Loss=-30.882108 | E0=-7.80248599+0.00030282j | E1=-7.71793329+0.00022244j|E2=-7.70398196+0.00003334j|E3=-7.65770723-0.00051340j
#-----------------------------------------#
[Step  96] logΨ: mean=46.649+0.482j | min=41.323-0.310j | max=46.962+2.307j
梯度监控 | raw=101.2131 | natural=0.0054 | clipped=0.0054(上限20.0)
Ψ矩阵条件数 cond(Ψ) = 8.83e+00
Loss=-30.881535 | E0=-7.79978610+0.00021831j | E1=-7.71742114+0.00065923j|E2=-7.70388313-0.00078492j|E3=-7.66044450+0.00094173j
#-----------------------------------------#
[Step  97] logΨ: mean=46.662+0.404j | min=42.334+1.770j | max=46.928+2.256j
梯度监控 | raw=96.4112 | natural=0.0076 | clipped=0.0076(上限20.0)
Ψ矩阵条件数 cond(Ψ) = 8.90e+00
Loss=-30.890497 | E0=-7.80936827-0.00007083j | E1=-7.71831564+0.00000803j|E2=-7.70452227+0.00017048j|E3=-7.65829085-0.00034391j
#-----------------------------------------#
[Step  98] logΨ: mean=46.676+0.379j | min=43.404-2.136j | max=46.943+2.253j
梯度监控 | raw=93.8085 | natural=0.0047 | clipped=0.0047(上限20.0)
Ψ矩阵条件数 cond(Ψ) = 2.91e+01
Loss=-30.889681 | E0=-7.80875510-0.00012231j | E1=-7.71819129+0.00029707j|E2=-7.70375063+0.00014372j|E3=-7.65898381+0.00009692j
#-----------------------------------------#
[Step  99] logΨ: mean=46.675+0.475j | min=43.453-0.115j | max=46.948+2.294j
梯度监控 | raw=92.0130 | natural=0.0036 | clipped=0.0036(上限20.0)
Ψ矩阵条件数 cond(Ψ) = 9.05e+00
Loss=-30.890150 | E0=-7.80971365+0.00009934j | E1=-7.71852157-0.00022023j|E2=-7.70381039+0.00029600j|E3=-7.65810456-0.00021357j
#-----------------------------------------#
[Step 100] logΨ: mean=46.676+0.286j | min=43.393+1.098j | max=46.982+2.308j
梯度监控 | raw=89.3004 | natural=0.0045 | clipped=0.0045(上限20.0)
Ψ矩阵条件数 cond(Ψ) = 9.15e+00
Loss=-30.891272 | E0=-7.80964749-0.00040324j | E1=-7.71791221-0.00073443j|E2=-7.70411967+0.00058906j|E3=-7.65959306+0.00032147j
#-----------------------------------------#
[Step 101] logΨ: mean=46.689+0.635j | min=41.497+2.115j | max=47.003+2.288j
梯度监控 | raw=84.8777 | natural=0.0077 | clipped=0.0077(上限20.0)
Ψ矩阵条件数 cond(Ψ) = 9.14e+00
Loss=-30.895323 | E0=-7.81087698-0.00005426j | E1=-7.71826817-0.00124089j|E2=-7.70496489+0.00093013j|E3=-7.66121289+0.00078423j
#-----------------------------------------#
[Step 102] logΨ: mean=46.654+0.514j | min=41.068-0.509j | max=46.998+2.304j
梯度监控 | raw=88.8909 | natural=0.0047 | clipped=0.0047(上限20.0)
Ψ矩阵条件数 cond(Ψ) = 9.29e+00
Loss=-30.888388 | E0=-7.80800016-0.00016720j | E1=-7.71752111-0.00016557j|E2=-7.70333173+0.00010791j|E3=-7.65953487+0.00032048j
#-----------------------------------------#
[Step 103] logΨ: mean=46.747+0.550j | min=42.204+0.260j | max=47.022+2.367j
梯度监控 | raw=80.8960 | natural=0.0036 | clipped=0.0036(上限20.0)
Ψ矩阵条件数 cond(Ψ) = 9.30e+00
Loss=-30.899811 | E0=-7.81784213-0.00020645j | E1=-7.71869946-0.00023194j|E2=-7.70429457+0.00054822j|E3=-7.65897448-0.00018310j
#-----------------------------------------#
[Step 104] logΨ: mean=46.517+0.663j | min=41.954-0.305j | max=46.833+2.500j
梯度监控 | raw=81.3611 | natural=0.0082 | clipped=0.0082(上限20.0)
Ψ矩阵条件数 cond(Ψ) = 9.35e+00
Loss=-30.899802 | E0=-7.81767820-0.00030924j | E1=-7.71798342+0.00034597j|E2=-7.70467613-0.00031302j|E3=-7.65946419+0.00000775j
#-----------------------------------------#
[Step 105] logΨ: mean=46.489+0.645j | min=42.303-2.837j | max=46.790+2.472j
梯度监控 | raw=81.4359 | natural=0.0072 | clipped=0.0072(上限20.0)
Ψ矩阵条件数 cond(Ψ) = 9.40e+00
Loss=-30.899688 | E0=-7.81846341-0.00005528j | E1=-7.71795494-0.00022918j|E2=-7.70384472-0.00016105j|E3=-7.65942539-0.00010227j
#-----------------------------------------#
[Step 106] logΨ: mean=46.425+0.537j | min=42.191+0.283j | max=46.743+2.450j
梯度监控 | raw=82.6063 | natural=0.0075 | clipped=0.0075(上限20.0)
Ψ矩阵条件数 cond(Ψ) = 9.44e+00
Loss=-30.899534 | E0=-7.81689395-0.00003007j | E1=-7.71844412-0.00009616j|E2=-7.70472941-0.00007098j|E3=-7.65946659-0.00006634j
#-----------------------------------------#
[Step 107] logΨ: mean=45.857+0.927j | min=40.614+0.648j | max=46.179+2.655j
梯度监控 | raw=73.8367 | natural=0.0103 | clipped=0.0103(上限20.0)
Ψ矩阵条件数 cond(Ψ) = 9.47e+00
Loss=-30.907413 | E0=-7.82369583-0.00014498j | E1=-7.71848896+0.00000779j|E2=-7.70463006+0.00012828j|E3=-7.66059850+0.00023694j
#-----------------------------------------#
[Step 108] logΨ: mean=45.886+0.671j | min=40.031+0.823j | max=46.204+2.580j
梯度监控 | raw=72.1506 | natural=0.0140 | clipped=0.0140(上限20.0)
Ψ矩阵条件数 cond(Ψ) = 9.24e+00
Loss=-30.908145 | E0=-7.82391615+0.00023931j | E1=-7.71837618-0.00009567j|E2=-7.70540699+0.00025173j|E3=-7.66044568+0.00013682j
#-----------------------------------------#
[Step 109] logΨ: mean=45.889+0.941j | min=42.433+1.970j | max=46.191+2.556j
梯度监控 | raw=66.4488 | natural=0.0033 | clipped=0.0033(上限20.0)
Ψ矩阵条件数 cond(Ψ) = 9.23e+00
Loss=-30.911120 | E0=-7.82778287+0.00004368j | E1=-7.71847471-0.00030046j|E2=-7.70486247+0.00004070j|E3=-7.65999980+0.00000007j
#-----------------------------------------#
[Step 110] logΨ: mean=45.911+0.907j | min=41.908-1.329j | max=46.211+2.558j
梯度监控 | raw=66.5346 | natural=0.0047 | clipped=0.0047(上限20.0)
Ψ矩阵条件数 cond(Ψ) = 9.21e+00
Loss=-30.910683 | E0=-7.82676635-0.00000793j | E1=-7.71858921-0.00022700j|E2=-7.70491927-0.00003443j|E3=-7.66040826+0.00008360j
#-----------------------------------------#
[Step 111] logΨ: mean=46.114+0.927j | min=41.421-1.139j | max=46.385+2.646j
梯度监控 | raw=63.5539 | natural=0.0068 | clipped=0.0068(上限20.0)
Ψ矩阵条件数 cond(Ψ) = 9.27e+00
Loss=-30.914849 | E0=-7.83030704-0.00010967j | E1=-7.71894506-0.00016300j|E2=-7.70545651+0.00020492j|E3=-7.66014066-0.00017129j
#-----------------------------------------#
[Step 112] logΨ: mean=47.998+0.536j | min=41.768-1.671j | max=55.793+0.878j
梯度监控 | raw=57.9708 | natural=0.2528 | clipped=0.2528(上限20.0)
Ψ矩阵条件数 cond(Ψ) = 1.39e+01
Loss=-30.919077 | E0=-7.82992344+0.00015039j | E1=-7.71893820+0.00015246j|E2=-7.70491258+0.00011725j|E3=-7.66530321-0.00187822j
#-----------------------------------------#
[Step 113] logΨ: mean=64.357-1.684j | min=44.349-2.376j | max=64.578+0.063j
梯度监控 | raw=1393.5142 | natural=0.1246 | clipped=0.1246(上限20.0)
Ψ矩阵条件数 cond(Ψ) = 2.36e+02
Loss=-30.734642 | E0=-7.76985549-0.01890957j | E1=-7.71443237+0.00064451j|E2=-7.70066552+0.01599131j|E3=-7.54968836-0.01859037j
#-----------------------------------------#
[Step 114] logΨ: mean=62.569-0.444j | min=55.836+0.789j | max=62.743+1.313j
梯度监控 | raw=24.4061 | natural=0.1857 | clipped=0.1857(上限20.0)
Ψ矩阵条件数 cond(Ψ) = 1.92e+01
Loss=-30.799922 | E0=-7.75918520-0.00106851j | E1=-7.71100461-0.00361746j|E2=-7.68422791+0.00118260j|E3=-7.64550421-0.00501651j
#-----------------------------------------#
[Step 115] logΨ: mean=62.376-0.376j | min=58.143+1.997j | max=62.530+1.489j
梯度监控 | raw=6.1871 | natural=0.0053 | clipped=0.0053(上限20.0)
Ψ矩阵条件数 cond(Ψ) = 2.10e+01
Loss=-30.793798 | E0=-7.76238786-0.00030414j | E1=-7.71173261-0.00029520j|E2=-7.68299131+0.00001817j|E3=-7.63668593+0.00022521j
#-----------------------------------------#
[Step 116] logΨ: mean=62.265+0.008j | min=58.247+1.368j | max=62.393+1.594j
梯度监控 | raw=4.5396 | natural=0.0091 | clipped=0.0091(上限20.0)
Ψ矩阵条件数 cond(Ψ) = 2.10e+01
Loss=-30.789679 | E0=-7.75825241+0.00045606j | E1=-7.71162525-0.00021068j|E2=-7.68304392-0.00010753j|E3=-7.63675718+0.00014248j
#-----------------------------------------#
[Step 117] logΨ: mean=62.138+0.449j | min=58.131-0.718j | max=62.280+1.639j
梯度监控 | raw=5.5720 | natural=0.0087 | clipped=0.0087(上限20.0)
Ψ矩阵条件数 cond(Ψ) = 1.75e+01
Loss=-30.790498 | E0=-7.75851964-0.00021289j | E1=-7.71220001-0.00018970j|E2=-7.68304453-0.00013601j|E3=-7.63673364+0.00002406j
#-----------------------------------------#
[Step 118] logΨ: mean=62.122+0.511j | min=58.183+0.445j | max=62.267+1.555j
梯度监控 | raw=6.5892 | natural=0.0016 | clipped=0.0016(上限20.0)
Ψ矩阵条件数 cond(Ψ) = 2.10e+01
Loss=-30.795844 | E0=-7.76252201-0.00069804j | E1=-7.71354446+0.00013927j|E2=-7.68314919-0.00021212j|E3=-7.63662867-0.00016292j
#-----------------------------------------#
[Step 119] logΨ: mean=62.186+0.188j | min=57.587-1.199j | max=62.334+1.580j
梯度监控 | raw=7.2842 | natural=0.0081 | clipped=0.0081(上限20.0)
Ψ矩阵条件数 cond(Ψ) = 2.08e+01
Loss=-30.798396 | E0=-7.76471871-0.00125510j | E1=-7.71304700-0.00007127j|E2=-7.68338275-0.00009277j|E3=-7.63724710+0.00006088j
#-----------------------------------------#
[Step 120] logΨ: mean=62.239+0.471j | min=58.018+2.299j | max=62.374+1.573j
梯度监控 | raw=5.6572 | natural=0.0015 | clipped=0.0015(上限20.0)
Ψ矩阵条件数 cond(Ψ) = 2.08e+01
Loss=-30.798529 | E0=-7.76557925-0.00011280j | E1=-7.71306702-0.00005463j|E2=-7.68314834-0.00023982j|E3=-7.63673404-0.00018774j
#-----------------------------------------#
[Step 121] logΨ: mean=62.175+0.528j | min=56.969-2.332j | max=62.318+1.675j
梯度监控 | raw=7.9115 | natural=0.0067 | clipped=0.0067(上限20.0)
Ψ矩阵条件数 cond(Ψ) = 2.10e+01
Loss=-30.801480 | E0=-7.76708164-0.00001433j | E1=-7.71302471-0.00009096j|E2=-7.68274401+0.00238526j|E3=-7.63862937-0.00490323j
#-----------------------------------------#
[Step 122] logΨ: mean=62.281+0.539j | min=57.416-1.243j | max=62.451+1.681j
梯度监控 | raw=6.6930 | natural=0.0096 | clipped=0.0096(上限20.0)
Ψ矩阵条件数 cond(Ψ) = 1.69e+01
Loss=-30.804235 | E0=-7.76959003-0.00048613j | E1=-7.71439520+0.00028897j|E2=-7.68318060-0.00017681j|E3=-7.63706940-0.00010038j
#-----------------------------------------#
[Step 123] logΨ: mean=62.338+0.862j | min=57.409-1.197j | max=62.481+1.728j
梯度监控 | raw=5.9166 | natural=0.0070 | clipped=0.0070(上限20.0)
Ψ矩阵条件数 cond(Ψ) = 2.06e+01
Loss=-30.806835 | E0=-7.77128907+0.00002287j | E1=-7.71306912-0.00009089j|E2=-7.68387901+0.00002125j|E3=-7.63859819+0.00024903j
#-----------------------------------------#
[Step 124] logΨ: mean=62.277+0.301j | min=59.052-1.302j | max=62.402+1.719j
梯度监控 | raw=4.9676 | natural=0.0017 | clipped=0.0017(上限20.0)
Ψ矩阵条件数 cond(Ψ) = 2.07e+01
Loss=-30.805681 | E0=-7.77054207+0.00042619j | E1=-7.71349421+0.00001269j|E2=-7.68369890-0.00015838j|E3=-7.63794595+0.00016295j
#-----------------------------------------#
[Step 125] logΨ: mean=62.188-0.006j | min=57.442+0.477j | max=62.367+1.719j
梯度监控 | raw=5.9994 | natural=0.0057 | clipped=0.0057(上限20.0)
Ψ矩阵条件数 cond(Ψ) = 2.07e+01
Loss=-30.809318 | E0=-7.77409777+0.00023347j | E1=-7.71500428+0.00040194j|E2=-7.68295226+0.00052897j|E3=-7.63726352-0.00138247j
#-----------------------------------------#
[Step 126] logΨ: mean=62.194-0.001j | min=58.215-2.441j | max=62.320+1.680j
梯度监控 | raw=5.2768 | natural=0.0023 | clipped=0.0023(上限20.0)
Ψ矩阵条件数 cond(Ψ) = 1.65e+01
Loss=-30.808280 | E0=-7.77263397+0.00004927j | E1=-7.71379957+0.00004726j|E2=-7.68373176-0.00018036j|E3=-7.63811461+0.00012918j
#-----------------------------------------#
[Step 127] logΨ: mean=62.319+0.266j | min=57.802-1.213j | max=62.440+1.672j
梯度监控 | raw=5.6291 | natural=0.0050 | clipped=0.0050(上限20.0)
Ψ矩阵条件数 cond(Ψ) = 2.06e+01
Loss=-30.808554 | E0=-7.77203508+0.00000602j | E1=-7.71326552-0.00007445j|E2=-7.68399620-0.00007913j|E3=-7.63925709+0.00032230j
#-----------------------------------------#
[Step 128] logΨ: mean=62.266+0.344j | min=59.351-1.419j | max=62.391+1.657j
梯度监控 | raw=6.7717 | natural=0.0015 | clipped=0.0015(上限20.0)
Ψ矩阵条件数 cond(Ψ) = 2.06e+01
Loss=-30.812619 | E0=-7.77459520+0.00021022j | E1=-7.71384230+0.00003687j|E2=-7.68425439-0.00002420j|E3=-7.63992715+0.00036874j
#-----------------------------------------#
[Step 129] logΨ: mean=62.274+0.593j | min=55.610+0.058j | max=62.384+1.658j
梯度监控 | raw=4.6354 | natural=0.0036 | clipped=0.0036(上限20.0)
Ψ矩阵条件数 cond(Ψ) = 2.06e+01
Loss=-30.810395 | E0=-7.77450643+0.00037014j | E1=-7.71369936-0.00015762j|E2=-7.68380983-0.00019090j|E3=-7.63837966+0.00011382j
#-----------------------------------------#
[Step 130] logΨ: mean=62.349+0.636j | min=57.854-1.237j | max=62.443+1.647j
梯度监控 | raw=4.5895 | natural=0.0032 | clipped=0.0032(上限20.0)
Ψ矩阵条件数 cond(Ψ) = 2.05e+01
Loss=-30.812229 | E0=-7.77648634+0.00016274j | E1=-7.71296687-0.00017137j|E2=-7.68399045-0.00014327j|E3=-7.63878493+0.00014742j
#-----------------------------------------#
[Step 131] logΨ: mean=62.442+0.339j | min=57.916+1.901j | max=62.554+1.644j
梯度监控 | raw=5.3303 | natural=0.0044 | clipped=0.0044(上限20.0)
Ψ矩阵条件数 cond(Ψ) = 1.59e+01
Loss=-30.812740 | E0=-7.77527790+0.00007430j | E1=-7.71354787-0.00002150j|E2=-7.68405211-0.00006595j|E3=-7.63986237+0.00029071j
#-----------------------------------------#
[Step 132] logΨ: mean=62.479+0.120j | min=58.431-2.459j | max=62.581+1.608j
梯度监控 | raw=5.7115 | natural=0.0033 | clipped=0.0033(上限20.0)
Ψ矩阵条件数 cond(Ψ) = 2.05e+01
Loss=-30.816440 | E0=-7.77897189-0.00009022j | E1=-7.71333997-0.00011551j|E2=-7.68414424-0.00005963j|E3=-7.63998396+0.00026464j
#-----------------------------------------#
[Step 133] logΨ: mean=62.452+0.191j | min=57.651+1.763j | max=62.548+1.597j
梯度监控 | raw=4.9632 | natural=0.0014 | clipped=0.0014(上限20.0)
Ψ矩阵条件数 cond(Ψ) = 2.05e+01
Loss=-30.820466 | E0=-7.78312732+0.00024891j | E1=-7.71381217-0.00001196j|E2=-7.68415038-0.00011079j|E3=-7.63937575+0.00015305j
#-----------------------------------------#
[Step 134] logΨ: mean=62.489+0.526j | min=56.916-1.432j | max=62.631+1.586j
梯度监控 | raw=7.2686 | natural=0.0070 | clipped=0.0070(上限20.0)
Ψ矩阵条件数 cond(Ψ) = 1.57e+01
Loss=-30.822356 | E0=-7.78298359-0.00015166j | E1=-7.71384324-0.00000259j|E2=-7.68428318+0.00001828j|E3=-7.64124551+0.00035137j
#-----------------------------------------#
[Step 135] logΨ: mean=62.459+0.122j | min=57.593+0.756j | max=62.605+1.575j
梯度监控 | raw=114.7134 | natural=0.0017 | clipped=0.0017(上限20.0)
Ψ矩阵条件数 cond(Ψ) = 1.57e+01
Loss=-30.773344 | E0=-7.73543168-0.00005934j | E1=-7.71306269-0.00001619j|E2=-7.68432520-0.00013346j|E3=-7.64052475+0.00044321j
#-----------------------------------------#
[Step 136] logΨ: mean=62.508+0.050j | min=57.273+0.766j | max=62.628+1.564j
梯度监控 | raw=50.5827 | natural=0.0028 | clipped=0.0028(上限20.0)
Ψ矩阵条件数 cond(Ψ) = 2.04e+01
Loss=-30.797804 | E0=-7.76031702-0.00022147j | E1=-7.71367322-0.00002255j|E2=-7.68409207-0.00018914j|E3=-7.63972184+0.00038485j
#-----------------------------------------#
[Step 137] logΨ: mean=62.530-0.261j | min=60.014-1.575j | max=62.602+1.551j
梯度监控 | raw=5.0277 | natural=0.0014 | clipped=0.0014(上限20.0)
Ψ矩阵条件数 cond(Ψ) = 2.05e+01
Loss=-30.822056 | E0=-7.78437052+0.00003120j | E1=-7.71374058-0.00004891j|E2=-7.68426019-0.00018284j|E3=-7.63968493+0.00032924j
#-----------------------------------------#
[Step 138] logΨ: mean=62.623-0.203j | min=58.056-1.357j | max=62.712+1.540j
梯度监控 | raw=4.6288 | natural=0.0032 | clipped=0.0032(上限20.0)
Ψ矩阵条件数 cond(Ψ) = 1.56e+01
Loss=-30.822336 | E0=-7.78501939+0.00005109j | E1=-7.71367538+0.00002605j|E2=-7.68400550-0.00018574j|E3=-7.63963615+0.00032326j
#-----------------------------------------#
[Step 139] logΨ: mean=62.742+0.480j | min=58.115+1.777j | max=62.805+1.530j
梯度监控 | raw=4.4313 | natural=0.0048 | clipped=0.0048(上限20.0)
Ψ矩阵条件数 cond(Ψ) = 1.55e+01
Loss=-30.823070 | E0=-7.78626029+0.00008738j | E1=-7.71362201-0.00003697j|E2=-7.68410824-0.00020217j|E3=-7.63907918+0.00025707j
#-----------------------------------------#
[Step 140] logΨ: mean=62.838-0.133j | min=58.093-1.543j | max=62.911+1.526j
梯度监控 | raw=5.0419 | natural=0.0035 | clipped=0.0035(上限20.0)
Ψ矩阵条件数 cond(Ψ) = 1.54e+01
Loss=-30.824697 | E0=-7.78645633+0.00000091j | E1=-7.71363066-0.00001109j|E2=-7.68415302-0.00012432j|E3=-7.64045748+0.00031299j
#-----------------------------------------#
[Step 141] logΨ: mean=62.884-0.211j | min=58.221-1.344j | max=62.970+1.516j
梯度监控 | raw=6.5179 | natural=0.0022 | clipped=0.0022(上限20.0)
Ψ矩阵条件数 cond(Ψ) = 2.02e+01
Loss=-30.825247 | E0=-7.78522648-0.00000147j | E1=-7.71390542+0.00002239j|E2=-7.68411936-0.00004338j|E3=-7.64199566+0.00038488j
#-----------------------------------------#
[Step 142] logΨ: mean=62.884-0.494j | min=57.692-2.592j | max=63.006+1.475j
梯度监控 | raw=106.5535 | natural=0.0025 | clipped=0.0025(上限20.0)
Ψ矩阵条件数 cond(Ψ) = 2.03e+01
Loss=-30.773688 | E0=-7.73636481-0.00022225j | E1=-7.71329432-0.00000334j|E2=-7.68409355-0.00014439j|E3=-7.63993510+0.00025716j
#-----------------------------------------#
[Step 143] logΨ: mean=62.842+0.607j | min=57.599-2.604j | max=63.129+1.467j
梯度监控 | raw=259.4959 | natural=0.0030 | clipped=0.0030(上限20.0)
Ψ矩阵条件数 cond(Ψ) = 2.02e+01
Loss=-30.692885 | E0=-7.71452431+0.00005116j | E1=-7.68409139-0.00010921j|E2=-7.65362748-0.00019920j|E3=-7.64064189+0.00025336j
#-----------------------------------------#
[Step 144] logΨ: mean=63.004+0.189j | min=58.917+2.162j | max=63.180+1.483j
梯度监控 | raw=152.9710 | natural=0.0036 | clipped=0.0036(上限20.0)
Ψ矩阵条件数 cond(Ψ) = 2.03e+01
Loss=-30.748037 | E0=-7.71655033-0.00041438j | E1=-7.70751931+0.00025411j|E2=-7.68424716-0.00013542j|E3=-7.63972045+0.00018400j
#-----------------------------------------#
[Step 145] logΨ: mean=63.148-0.014j | min=58.918-0.987j | max=63.228+1.476j
梯度监控 | raw=4.7747 | natural=0.0021 | clipped=0.0021(上限20.0)
Ψ矩阵条件数 cond(Ψ) = 1.51e+01
Loss=-30.829226 | E0=-7.79094667-0.00014742j | E1=-7.71379404-0.00004636j|E2=-7.68412161-0.00010160j|E3=-7.64036405+0.00020491j
#-----------------------------------------#
[Step 146] logΨ: mean=63.239+0.011j | min=57.934+1.570j | max=63.321+1.458j
梯度监控 | raw=4.4797 | natural=0.0038 | clipped=0.0038(上限20.0)
Ψ矩阵条件数 cond(Ψ) = 2.03e+01
Loss=-30.832757 | E0=-7.79459914+0.00001307j | E1=-7.71372932-0.00004714j|E2=-7.68426543-0.00010305j|E3=-7.64016273+0.00017148j
#-----------------------------------------#
[Step 147] logΨ: mean=63.254+0.204j | min=58.894-0.938j | max=63.370+1.472j
梯度监控 | raw=4.4387 | natural=0.0033 | clipped=0.0033(上限20.0)
Ψ矩阵条件数 cond(Ψ) = 2.03e+01
Loss=-30.831522 | E0=-7.79424861-0.00006810j | E1=-7.71413793+0.00002611j|E2=-7.68385791-0.00012187j|E3=-7.63927723+0.00012676j
#-----------------------------------------#
[Step 148] logΨ: mean=63.273+0.320j | min=60.946-1.625j | max=63.370+1.464j
梯度监控 | raw=4.5971 | natural=0.0013 | clipped=0.0013(上限20.0)
Ψ矩阵条件数 cond(Ψ) = 2.03e+01
Loss=-30.834535 | E0=-7.79583882-0.00005852j | E1=-7.71390518-0.00002938j|E2=-7.68414776-0.00007658j|E3=-7.64064349+0.00016445j
#-----------------------------------------#
[Step 149] logΨ: mean=63.149+0.225j | min=57.953+1.615j | max=63.294+1.510j
梯度监控 | raw=4.8987 | natural=0.0068 | clipped=0.0068(上限20.0)
Ψ矩阵条件数 cond(Ψ) = 1.51e+01
Loss=-30.835462 | E0=-7.79642747+0.00009153j | E1=-7.71413630+0.00001116j|E2=-7.68411108-0.00007235j|E3=-7.64078678+0.00017265j
#-----------------------------------------#
[Step 150] logΨ: mean=63.178-0.113j | min=60.849-1.589j | max=63.296+1.501j
梯度监控 | raw=4.5058 | natural=0.0013 | clipped=0.0013(上限20.0)
Ψ矩阵条件数 cond(Ψ) = 2.04e+01
Loss=-30.836989 | E0=-7.79826019-0.00010271j | E1=-7.71400715-0.00000779j|E2=-7.68421784-0.00021577j|E3=-7.64050339+0.00040960j
#-----------------------------------------#
[Step 151] logΨ: mean=63.181+0.118j | min=60.839-1.600j | max=63.298+1.491j
梯度监控 | raw=4.3390 | natural=0.0013 | clipped=0.0013(上限20.0)
Ψ矩阵条件数 cond(Ψ) = 2.05e+01
Loss=-30.838668 | E0=-7.80013656-0.00006064j | E1=-7.71407912+0.00000951j|E2=-7.68433598-0.00023021j|E3=-7.64011607+0.00039997j
#-----------------------------------------#
[Step 152] logΨ: mean=63.168-0.057j | min=60.830-1.609j | max=63.300+1.483j
梯度监控 | raw=4.7236 | natural=0.0013 | clipped=0.0013(上限20.0)
Ψ矩阵条件数 cond(Ψ) = 1.51e+01
Loss=-30.842034 | E0=-7.80322146-0.00013542j | E1=-7.71403419+0.00000124j|E2=-7.68418641-0.00021967j|E3=-7.64059160+0.00041671j
#-----------------------------------------#
[Step 153] logΨ: mean=63.282+0.310j | min=58.695+1.693j | max=63.423+1.474j
梯度监控 | raw=4.3831 | natural=0.0025 | clipped=0.0025(上限20.0)
Ψ矩阵条件数 cond(Ψ) = 2.05e+01
Loss=-30.835617 | E0=-7.79788138-0.00013834j | E1=-7.71387191-0.00001739j|E2=-7.68430395+0.00011039j|E3=-7.63955975-0.00023867j
#-----------------------------------------#
[Step 154] logΨ: mean=63.255+0.214j | min=59.117-2.491j | max=63.398+1.462j
梯度监控 | raw=4.3200 | natural=0.0034 | clipped=0.0034(上限20.0)
Ψ矩阵条件数 cond(Ψ) = 2.05e+01
Loss=-30.840086 | E0=-7.80124385-0.00004089j | E1=-7.71396258-0.00001735j|E2=-7.68410356-0.00021015j|E3=-7.64077616+0.00040243j
#-----------------------------------------#
[Step 155] logΨ: mean=63.253+0.410j | min=60.894-1.640j | max=63.402+1.454j
梯度监控 | raw=4.3257 | natural=0.0013 | clipped=0.0013(上限20.0)
Ψ矩阵条件数 cond(Ψ) = 1.50e+01
Loss=-30.840471 | E0=-7.80180839-0.00011569j | E1=-7.71403261+0.00000243j|E2=-7.68426374-0.00022066j|E3=-7.64036661+0.00038902j
#-----------------------------------------#
[Step 156] logΨ: mean=63.244+0.171j | min=59.035-2.494j | max=63.378+1.442j
梯度监控 | raw=4.2513 | natural=0.0033 | clipped=0.0033(上限20.0)
Ψ矩阵条件数 cond(Ψ) = 1.50e+01
Loss=-30.846076 | E0=-7.80737199-0.00003278j | E1=-7.71396532-0.00002827j|E2=-7.68419540-0.00021820j|E3=-7.64054342+0.00039603j
#-----------------------------------------#
[Step 157] logΨ: mean=63.225+0.073j | min=58.781+1.455j | max=63.384+1.433j
梯度监控 | raw=4.1779 | natural=0.0013 | clipped=0.0013(上限20.0)
Ψ矩阵条件数 cond(Ψ) = 1.50e+01
Loss=-30.844358 | E0=-7.80556335-0.00010692j | E1=-7.71410603+0.00001155j|E2=-7.68423809-0.00021983j|E3=-7.64045035+0.00039078j
#-----------------------------------------#
[Step 158] logΨ: mean=63.232-0.068j | min=58.863+1.415j | max=63.397+1.384j
梯度监控 | raw=4.2503 | natural=0.0019 | clipped=0.0019(上限20.0)
Ψ矩阵条件数 cond(Ψ) = 2.05e+01
Loss=-30.846043 | E0=-7.80710782-0.00012507j | E1=-7.71406058+0.00000181j|E2=-7.68409058-0.00021139j|E3=-7.64078393+0.00039606j
#-----------------------------------------#
[Step 159] logΨ: mean=63.244-0.190j | min=60.354-1.656j | max=63.410+1.404j
梯度监控 | raw=4.2357 | natural=0.0031 | clipped=0.0031(上限20.0)
Ψ矩阵条件数 cond(Ψ) = 1.49e+01
Loss=-30.844954 | E0=-7.80610620+0.00008461j | E1=-7.71406542-0.00000790j|E2=-7.68416881-0.00021471j|E3=-7.64061332+0.00038907j
#-----------------------------------------#
[Step 160] logΨ: mean=63.283+0.199j | min=59.010-1.091j | max=63.462+1.415j
梯度监控 | raw=4.2972 | natural=0.0033 | clipped=0.0033(上限20.0)
Ψ矩阵条件数 cond(Ψ) = 1.49e+01
Loss=-30.847231 | E0=-7.80835503+0.00008142j | E1=-7.71403753-0.00001948j|E2=-7.68388459-0.00020461j|E3=-7.64095380+0.00039268j
#-----------------------------------------#
[Step 161] logΨ: mean=63.288+0.002j | min=58.685+2.063j | max=63.479+1.387j
梯度监控 | raw=4.3760 | natural=0.0035 | clipped=0.0035(上限20.0)
Ψ矩阵条件数 cond(Ψ) = 1.49e+01
Loss=-30.846203 | E0=-7.80707168+0.00015621j | E1=-7.71402770-0.00002324j|E2=-7.68358089-0.00017710j|E3=-7.64152316+0.00037361j
#-----------------------------------------#
[Step 162] logΨ: mean=63.321+0.335j | min=58.680+1.443j | max=63.485+1.381j
梯度监控 | raw=4.1754 | natural=0.0013 | clipped=0.0013(上限20.0)
Ψ矩阵条件数 cond(Ψ) = 2.06e+01
Loss=-30.848325 | E0=-7.80936314-0.00005499j | E1=-7.71400163-0.00002718j|E2=-7.68397608-0.00017467j|E3=-7.64098406+0.00033270j
#-----------------------------------------#
[Step 163] logΨ: mean=63.320+0.388j | min=58.679+1.435j | max=63.492+1.373j
梯度监控 | raw=4.0931 | natural=0.0013 | clipped=0.0013(上限20.0)
Ψ矩阵条件数 cond(Ψ) = 1.49e+01
Loss=-30.852194 | E0=-7.81323118-0.00008377j | E1=-7.71406115-0.00001048j|E2=-7.68403900-0.00018513j|E3=-7.64086238+0.00034266j
#-----------------------------------------#
[Step 164] logΨ: mean=63.281-0.153j | min=58.679+1.426j | max=63.499+1.365j
梯度监控 | raw=4.1760 | natural=0.0013 | clipped=0.0013(上限20.0)
Ψ矩阵条件数 cond(Ψ) = 1.49e+01
Loss=-30.851955 | E0=-7.81261290-0.00013257j | E1=-7.71416301+0.00002069j|E2=-7.68366786-0.00017497j|E3=-7.64151104+0.00035717j
#-----------------------------------------#
[Step 165] logΨ: mean=63.364+0.183j | min=58.838-1.490j | max=63.528+1.365j
梯度监控 | raw=3.8093 | natural=0.0048 | clipped=0.0048(上限20.0)
Ψ矩阵条件数 cond(Ψ) = 1.48e+01
Loss=-30.855122 | E0=-7.81652633+0.00000712j | E1=-7.71387706-0.00003278j|E2=-7.68427579-0.00020079j|E3=-7.64044273+0.00034488j
#-----------------------------------------#
[Step 166] logΨ: mean=63.404+0.732j | min=58.915+1.680j | max=63.653+1.393j
梯度监控 | raw=11.9301 | natural=0.0112 | clipped=0.0112(上限20.0)
Ψ矩阵条件数 cond(Ψ) = 1.47e+01
Loss=-30.852549 | E0=-7.81715197+0.00077750j | E1=-7.71398047+0.00001408j|E2=-7.68456699+0.00204244j|E3=-7.63684945-0.00389582j
#-----------------------------------------#
[Step 167] logΨ: mean=63.479+0.432j | min=60.996-1.715j | max=63.661+1.385j
梯度监控 | raw=4.0643 | natural=0.0013 | clipped=0.0013(上限20.0)
Ψ矩阵条件数 cond(Ψ) = 2.06e+01
Loss=-30.856415 | E0=-7.81754026-0.00008874j | E1=-7.71409217-0.00000624j|E2=-7.68419857-0.00047011j|E3=-7.64058401+0.00085415j
#-----------------------------------------#
[Step 168] logΨ: mean=63.552+0.225j | min=58.558+1.703j | max=63.732+1.379j
梯度监控 | raw=3.8590 | natural=0.0018 | clipped=0.0018(上限20.0)
Ψ矩阵条件数 cond(Ψ) = 2.05e+01
Loss=-30.856083 | E0=-7.81749006-0.00007955j | E1=-7.71393550-0.00000442j|E2=-7.68440012-0.00047608j|E3=-7.64025734+0.00086392j
#-----------------------------------------#
[Step 169] logΨ: mean=63.607-0.288j | min=58.970+1.664j | max=63.801+1.375j
梯度监控 | raw=3.9087 | natural=0.0027 | clipped=0.0027(上限20.0)
Ψ矩阵条件数 cond(Ψ) = 1.46e+01
Loss=-30.856998 | E0=-7.81819529-0.00009173j | E1=-7.71389909-0.00001523j|E2=-7.68399124-0.00047312j|E3=-7.64091240+0.00085229j
#-----------------------------------------#
[Step 170] logΨ: mean=63.541-0.327j | min=59.161+0.329j | max=63.742+1.397j
梯度监控 | raw=11.4269 | natural=0.0043 | clipped=0.0043(上限20.0)
Ψ矩阵条件数 cond(Ψ) = 1.48e+01
Loss=-30.856223 | E0=-7.82042165-0.00010605j | E1=-7.71406014-0.00001581j|E2=-7.68442891+0.00211353j|E3=-7.63731265-0.00396949j
#-----------------------------------------#
[Step 171] logΨ: mean=63.559-0.165j | min=61.031-1.710j | max=63.751+1.390j
梯度监控 | raw=3.7246 | natural=0.0013 | clipped=0.0013(上限20.0)
Ψ矩阵条件数 cond(Ψ) = 1.47e+01
Loss=-30.859738 | E0=-7.82078994-0.00009699j | E1=-7.71408561-0.00000241j|E2=-7.68407547-0.00045656j|E3=-7.64078714+0.00082415j
#-----------------------------------------#
[Step 172] logΨ: mean=63.559+0.287j | min=61.026-1.718j | max=63.761+1.382j
梯度监控 | raw=3.8482 | natural=0.0013 | clipped=0.0013(上限20.0)
Ψ矩阵条件数 cond(Ψ) = 2.07e+01
Loss=-30.858637 | E0=-7.81975724-0.00010241j | E1=-7.71411749+0.00000089j|E2=-7.68428653-0.00046130j|E3=-7.64047530+0.00083305j
#-----------------------------------------#
[Step 173] logΨ: mean=63.616+0.102j | min=58.045-0.401j | max=63.832+1.374j
梯度监控 | raw=5.4159 | natural=0.0022 | clipped=0.0022(上限20.0)
Ψ矩阵条件数 cond(Ψ) = 1.46e+01
Loss=-30.857792 | E0=-7.81888127-0.00009532j | E1=-7.71395619-0.00001775j|E2=-7.68385608-0.00045808j|E3=-7.64109890+0.00082199j
#-----------------------------------------#
[Step 174] logΨ: mean=63.715-0.009j | min=59.098+1.639j | max=63.907+1.366j
梯度监控 | raw=3.7844 | natural=0.0017 | clipped=0.0017(上限20.0)
Ψ矩阵条件数 cond(Ψ) = 1.46e+01
Loss=-30.859452 | E0=-7.82098978-0.00010340j | E1=-7.71391986-0.00002089j|E2=-7.68437915-0.00027043j|E3=-7.64016287+0.00048344j
#-----------------------------------------#
[Step 175] logΨ: mean=63.894+0.565j | min=57.339+1.111j | max=64.203+2.127j
梯度监控 | raw=28.7389 | natural=0.0307 | clipped=0.0307(上限20.0)
Ψ矩阵条件数 cond(Ψ) = 1.41e+01
Loss=-30.859185 | E0=-7.82734653+0.00136398j | E1=-7.71434545+0.00003618j|E2=-7.68545394+0.00627666j|E3=-7.63203917-0.01261376j
#-----------------------------------------#
[Step 176] logΨ: mean=64.046+0.374j | min=60.150-2.164j | max=64.241+2.064j
梯度监控 | raw=3.8947 | natural=0.0023 | clipped=0.0023(上限20.0)
Ψ矩阵条件数 cond(Ψ) = 1.40e+01
Loss=-30.861420 | E0=-7.82250494-0.00007996j | E1=-7.71401182+0.00004186j|E2=-7.68403652-0.00042551j|E3=-7.64086623+0.00076291j
#-----------------------------------------#
[Step 177] logΨ: mean=64.041+0.410j | min=59.552-1.092j | max=64.251+2.058j
梯度监控 | raw=3.7641 | natural=0.0012 | clipped=0.0012(上限20.0)
Ψ矩阵条件数 cond(Ψ) = 1.40e+01
Loss=-30.863711 | E0=-7.82460272-0.00008549j | E1=-7.71408846-0.00000310j|E2=-7.68369025-0.00042095j|E3=-7.64133000+0.00075731j
#-----------------------------------------#
[Step 178] logΨ: mean=64.075+0.572j | min=59.579+1.989j | max=64.288+1.994j
梯度监控 | raw=3.7529 | natural=0.0023 | clipped=0.0023(上限20.0)
Ψ矩阵条件数 cond(Ψ) = 2.05e+01
Loss=-30.864582 | E0=-7.82544510-0.00008634j | E1=-7.71415108-0.00001513j|E2=-7.68377067-0.00042402j|E3=-7.64121532+0.00076155j
#-----------------------------------------#
[Step 179] logΨ: mean=64.056+0.384j | min=59.540-1.197j | max=64.258+1.947j
梯度监控 | raw=4.5550 | natural=0.0043 | clipped=0.0043(上限20.0)
Ψ矩阵条件数 cond(Ψ) = 2.05e+01
Loss=-30.868100 | E0=-7.82976578+0.00013258j | E1=-7.71412131+0.00000853j|E2=-7.68394343+0.00048390j|E3=-7.64026923-0.00087213j
#-----------------------------------------#
[Step 180] logΨ: mean=63.910+0.542j | min=59.450+0.858j | max=64.161+1.915j
梯度监控 | raw=6.9333 | natural=0.0041 | clipped=0.0041(上限20.0)
Ψ矩阵条件数 cond(Ψ) = 1.42e+01
Loss=-30.862412 | E0=-7.82456376-0.00016594j | E1=-7.71411236-0.00002403j|E2=-7.68339795+0.00159894j|E3=-7.64033764-0.00282230j
#-----------------------------------------#
[Step 181] logΨ: mean=64.010+0.096j | min=59.209-1.189j | max=64.216+1.909j
梯度监控 | raw=3.6603 | natural=0.0017 | clipped=0.0017(上限20.0)
Ψ矩阵条件数 cond(Ψ) = 1.42e+01
Loss=-30.864926 | E0=-7.82604132-0.00009582j | E1=-7.71404896+0.00002511j|E2=-7.68375155-0.00039046j|E3=-7.64108386+0.00070045j
#-----------------------------------------#
[Step 182] logΨ: mean=63.990+0.583j | min=60.967-1.096j | max=64.207+1.940j
梯度监控 | raw=3.3698 | natural=0.0039 | clipped=0.0039(上限20.0)
Ψ矩阵条件数 cond(Ψ) = 1.42e+01
Loss=-30.869074 | E0=-7.82998381+0.00020795j | E1=-7.71413726-0.00001025j|E2=-7.68394408-0.00036873j|E3=-7.64100866+0.00065670j
#-----------------------------------------#
[Step 183] logΨ: mean=64.027+0.501j | min=61.317-1.181j | max=64.218+1.934j
梯度监控 | raw=3.2706 | natural=0.0012 | clipped=0.0012(上限20.0)
Ψ矩阵条件数 cond(Ψ) = 1.42e+01
Loss=-30.871554 | E0=-7.83243409-0.00005324j | E1=-7.71407405+0.00001465j|E2=-7.68353746-0.00036268j|E3=-7.64150887+0.00065666j
#-----------------------------------------#
[Step 184] logΨ: mean=64.040+0.425j | min=61.314-1.186j | max=64.229+1.929j
梯度监控 | raw=3.3931 | natural=0.0012 | clipped=0.0012(上限20.0)
Ψ矩阵条件数 cond(Ψ) = 2.08e+01
Loss=-30.869364 | E0=-7.83041003-0.00011050j | E1=-7.71405091+0.00002263j|E2=-7.68415403-0.00037416j|E3=-7.64074898+0.00066218j
#-----------------------------------------#
[Step 185] logΨ: mean=64.036+0.344j | min=58.963-0.534j | max=64.266+1.949j
梯度监控 | raw=14.3496 | natural=0.0041 | clipped=0.0041(上限20.0)
Ψ矩阵条件数 cond(Ψ) = 2.09e+01
Loss=-30.867271 | E0=-7.83131417+0.00007196j | E1=-7.71416152-0.00000292j|E2=-7.68429643+0.00391308j|E3=-7.63749852-0.00728526j
#-----------------------------------------#
[Step 186] logΨ: mean=64.096+0.423j | min=59.367-1.242j | max=64.339+1.942j
梯度监控 | raw=3.6547 | natural=0.0016 | clipped=0.0016(上限20.0)
Ψ矩阵条件数 cond(Ψ) = 2.08e+01
Loss=-30.867178 | E0=-7.82820891-0.00012691j | E1=-7.71402009-0.00004497j|E2=-7.68402551-0.00035805j|E3=-7.64092331+0.00063202j
#-----------------------------------------#
[Step 187] logΨ: mean=64.157+0.223j | min=61.395-1.177j | max=64.350+1.936j
梯度监控 | raw=3.3869 | natural=0.0012 | clipped=0.0012(上限20.0)
Ψ矩阵条件数 cond(Ψ) = 1.84e+01
Loss=-30.870758 | E0=-7.83176374-0.00010186j | E1=-7.71412822-0.00000216j|E2=-7.68448533-0.00036585j|E3=-7.64038027+0.00063592j
#-----------------------------------------#
[Step 188] logΨ: mean=64.218+0.214j | min=58.713+1.926j | max=64.418+1.932j
梯度监控 | raw=3.3458 | natural=0.0027 | clipped=0.0027(上限20.0)
Ψ矩阵条件数 cond(Ψ) = 1.40e+01
Loss=-30.870803 | E0=-7.83208812-0.00008607j | E1=-7.71381005-0.00000432j|E2=-7.68428442-0.00036443j|E3=-7.64062032+0.00063362j
#-----------------------------------------#
[Step 189] logΨ: mean=64.238+0.753j | min=59.326-1.169j | max=64.430+1.926j
梯度监控 | raw=3.0156 | natural=0.0012 | clipped=0.0012(上限20.0)
Ψ矩阵条件数 cond(Ψ) = 2.07e+01
Loss=-30.874870 | E0=-7.83579870-0.00010028j | E1=-7.71410679-0.00000139j|E2=-7.68397573-0.00035772j|E3=-7.64098927+0.00063380j
#-----------------------------------------#
[Step 190] logΨ: mean=64.214+0.642j | min=57.152-0.632j | max=64.469+1.946j
梯度监控 | raw=14.3659 | natural=0.0044 | clipped=0.0044(上限20.0)
Ψ矩阵条件数 cond(Ψ) = 1.40e+01
Loss=-30.869405 | E0=-7.83301423+0.00017364j | E1=-7.71414154-0.00000709j|E2=-7.68357910+0.00449681j|E3=-7.63866975-0.00813672j
#-----------------------------------------#
[Step 191] logΨ: mean=64.263+0.177j | min=60.082+1.952j | max=64.480+1.941j
梯度监控 | raw=3.0854 | natural=0.0011 | clipped=0.0011(上限20.0)
Ψ矩阵条件数 cond(Ψ) = 1.40e+01
Loss=-30.874332 | E0=-7.83517707-0.00011324j | E1=-7.71412098-0.00001029j|E2=-7.68365262-0.00033453j|E3=-7.64138132+0.00059840j
#-----------------------------------------#
[Step 192] logΨ: mean=64.315+0.344j | min=61.467-1.176j | max=64.492+1.936j
梯度监控 | raw=2.9249 | natural=0.0011 | clipped=0.0011(上限20.0)
Ψ矩阵条件数 cond(Ψ) = 1.33e+01
Loss=-30.876393 | E0=-7.83732490-0.00009804j | E1=-7.71408703+0.00001570j|E2=-7.68402480-0.00034202j|E3=-7.64095598+0.00060232j
#-----------------------------------------#
[Step 193] logΨ: mean=64.376+0.515j | min=59.501+1.870j | max=64.564+1.929j
梯度监控 | raw=2.6696 | natural=0.0016 | clipped=0.0016(上限20.0)
Ψ矩阵条件数 cond(Ψ) = 1.39e+01
Loss=-30.879069 | E0=-7.84007308-0.00010433j | E1=-7.71395923-0.00000257j|E2=-7.68357002-0.00033596j|E3=-7.64146681+0.00059981j
#-----------------------------------------#
[Step 194] logΨ: mean=64.247+0.670j | min=59.587+0.832j | max=64.447+1.857j
梯度监控 | raw=2.6960 | natural=0.0060 | clipped=0.0060(上限20.0)
Ψ矩阵条件数 cond(Ψ) = 1.39e+01
Loss=-30.878970 | E0=-7.83982107+0.00014951j | E1=-7.71413587+0.00000437j|E2=-7.68376084-0.00033806j|E3=-7.64125225+0.00060173j
#-----------------------------------------#
[Step 195] logΨ: mean=64.180+0.431j | min=59.859+0.757j | max=64.401+1.804j
梯度监控 | raw=2.5923 | natural=0.0048 | clipped=0.0048(上限20.0)
Ψ矩阵条件数 cond(Ψ) = 1.39e+01
Loss=-30.879327 | E0=-7.84010197+0.00054310j | E1=-7.71414733+0.00001040j|E2=-7.68353595-0.00078559j|E3=-7.64154144+0.00136313j
#-----------------------------------------#
[Step 196] logΨ: mean=64.201+0.382j | min=58.615-2.737j | max=64.466+1.847j
梯度监控 | raw=35.3457 | natural=0.0051 | clipped=0.0051(上限20.0)
Ψ矩阵条件数 cond(Ψ) = 1.39e+01
Loss=-30.871111 | E0=-7.84099658-0.00010919j | E1=-7.71403928-0.00001266j|E2=-7.68206052+0.00775936j|E3=-7.63401442-0.01422453j
#-----------------------------------------#
[Step 197] logΨ: mean=64.271+0.608j | min=61.382-1.270j | max=64.479+1.840j
梯度监控 | raw=2.7597 | natural=0.0011 | clipped=0.0011(上限20.0)
Ψ矩阵条件数 cond(Ψ) = 1.39e+01
Loss=-30.878435 | E0=-7.83921810-0.00009164j | E1=-7.71411337-0.00000239j|E2=-7.68332983-0.00075879j|E3=-7.64177419+0.00130611j
#-----------------------------------------#
[Step 198] logΨ: mean=64.010+0.750j | min=56.774+2.429j | max=64.265+1.888j
梯度监控 | raw=16.6697 | natural=0.0072 | clipped=0.0072(上限20.0)
Ψ矩阵条件数 cond(Ψ) = 1.41e+01
Loss=-30.874489 | E0=-7.83939489+0.00000373j | E1=-7.71412457-0.00000091j|E2=-7.68141891+0.00395683j|E3=-7.63955083-0.00684468j
#-----------------------------------------#
[Step 199] logΨ: mean=64.070+0.550j | min=61.154-1.226j | max=64.278+1.882j
梯度监控 | raw=2.9593 | natural=0.0011 | clipped=0.0011(上限20.0)
Ψ矩阵条件数 cond(Ψ) = 1.41e+01
Loss=-30.876660 | E0=-7.83747148-0.00008758j | E1=-7.71410869-0.00000181j|E2=-7.68376726-0.00072632j|E3=-7.64131216+0.00128434j
#-----------------------------------------#
[Step 200] logΨ: mean=64.119+0.527j | min=61.152-1.232j | max=64.290+1.876j
梯度监控 | raw=2.5026 | natural=0.0011 | clipped=0.0011(上限20.0)
Ψ矩阵条件数 cond(Ψ) = 1.41e+01
Loss=-30.881571 | E0=-7.84238300-0.00009499j | E1=-7.71412691-0.00000072j|E2=-7.68400770-0.00072666j|E3=-7.64105313+0.00130006j
#-----------------------------------------#
[Step 201] logΨ: mean=64.033+0.252j | min=59.662+0.874j | max=64.249+1.829j
梯度监控 | raw=2.4940 | natural=0.0050 | clipped=0.0050(上限20.0)
Ψ矩阵条件数 cond(Ψ) = 1.41e+01
Loss=-30.881414 | E0=-7.84215931+0.00015060j | E1=-7.71414208+0.00000109j|E2=-7.68329872-0.00072655j|E3=-7.64181398+0.00125663j
#-----------------------------------------#
[Step 202] logΨ: mean=64.052+0.181j | min=61.095-1.285j | max=64.261+1.823j
梯度监控 | raw=2.6171 | natural=0.0011 | clipped=0.0011(上限20.0)
Ψ矩阵条件数 cond(Ψ) = 1.41e+01
Loss=-30.880181 | E0=-7.84097240-0.00009346j | E1=-7.71412375-0.00000613j|E2=-7.68358615-0.00073488j|E3=-7.64149920+0.00128900j
#-----------------------------------------#
[Step 203] logΨ: mean=64.019+0.321j | min=59.131+0.766j | max=64.202+1.777j
梯度监控 | raw=2.3524 | natural=0.0049 | clipped=0.0049(上限20.0)
Ψ矩阵条件数 cond(Ψ) = 1.41e+01
Loss=-30.882863 | E0=-7.84368301+0.00002144j | E1=-7.71413308-0.00000055j|E2=-7.68412443-0.00073659j|E3=-7.64092284+0.00132116j
#-----------------------------------------#
[Step 204] logΨ: mean=64.021+0.564j | min=59.832+1.792j | max=64.215+1.771j
梯度监控 | raw=2.4059 | natural=0.0011 | clipped=0.0011(上限20.0)
Ψ矩阵条件数 cond(Ψ) = 2.12e+01
Loss=-30.883020 | E0=-7.84380716-0.00009145j | E1=-7.71413726-0.00000140j|E2=-7.68322537-0.00098626j|E3=-7.64185010+0.00167705j
#-----------------------------------------#
[Step 205] logΨ: mean=64.088+0.202j | min=58.868-2.825j | max=64.287+1.764j
梯度监控 | raw=2.4940 | natural=0.0016 | clipped=0.0016(上限20.0)
Ψ矩阵条件数 cond(Ψ) = 1.40e+01
Loss=-30.881811 | E0=-7.84297636-0.00009429j | E1=-7.71384341+0.00000165j|E2=-7.68403308-0.00098769j|E3=-7.64095832+0.00177844j
#-----------------------------------------#
[Step 206] logΨ: mean=64.072+0.250j | min=59.320+1.798j | max=64.300+1.759j
梯度监控 | raw=2.5445 | natural=0.0011 | clipped=0.0011(上限20.0)
Ψ矩阵条件数 cond(Ψ) = 2.12e+01
Loss=-30.882068 | E0=-7.84288653-0.00010018j | E1=-7.71413980-0.00000907j|E2=-7.68356469-0.00099008j|E3=-7.64147718+0.00172601j
#-----------------------------------------#
[Step 207] logΨ: mean=64.056+0.304j | min=59.505-2.374j | max=64.252+1.710j
梯度监控 | raw=2.3280 | natural=0.0050 | clipped=0.0050(上限20.0)
Ψ矩阵条件数 cond(Ψ) = 1.40e+01
Loss=-30.883646 | E0=-7.84450573+0.00003939j | E1=-7.71412910-0.00000184j|E2=-7.68394967-0.00099033j|E3=-7.64106150+0.00176542j
#-----------------------------------------#
[Step 208] logΨ: mean=64.100+0.314j | min=61.011-1.403j | max=64.265+1.704j
梯度监控 | raw=2.1658 | natural=0.0011 | clipped=0.0011(上限20.0)
Ψ矩阵条件数 cond(Ψ) = 1.40e+01
Loss=-30.885095 | E0=-7.84597598-0.00009520j | E1=-7.71413592-0.00000336j|E2=-7.68418080-0.00099769j|E3=-7.64080223+0.00180087j
#-----------------------------------------#
[Step 209] logΨ: mean=64.093+0.285j | min=61.010+1.733j | max=64.278+1.698j
梯度监控 | raw=2.3074 | natural=0.0011 | clipped=0.0011(上限20.0)
Ψ矩阵条件数 cond(Ψ) = 1.40e+01
Loss=-30.883804 | E0=-7.84467528-0.00009779j | E1=-7.71412262-0.00000370j|E2=-7.68388336-0.00099924j|E3=-7.64112226+0.00177387j
#-----------------------------------------#
[Step 210] logΨ: mean=64.120+0.092j | min=61.008-1.414j | max=64.290+1.693j
梯度监控 | raw=2.0254 | natural=0.0011 | clipped=0.0011(上限20.0)
Ψ矩阵条件数 cond(Ψ) = 1.40e+01
Loss=-30.886805 | E0=-7.84763940-0.00010158j | E1=-7.71412764-0.00000215j|E2=-7.68341500-0.00100007j|E3=-7.64162264+0.00173433j
#-----------------------------------------#
[Step 211] logΨ: mean=64.133-0.140j | min=58.879-2.873j | max=64.308+1.688j
梯度监控 | raw=2.0299 | natural=0.0011 | clipped=0.0011(上限20.0)
Ψ矩阵条件数 cond(Ψ) = 1.40e+01
Loss=-30.887002 | E0=-7.84802555-0.00010443j | E1=-7.71400242+0.00000733j|E2=-7.68414440-0.00100272j|E3=-7.64082996+0.00180899j
#-----------------------------------------#
[Step 212] logΨ: mean=64.147-0.134j | min=61.180-1.394j | max=64.321+1.682j
梯度监控 | raw=2.0364 | natural=0.0011 | clipped=0.0011(上限20.0)
Ψ矩阵条件数 cond(Ψ) = 2.13e+01
Loss=-30.886531 | E0=-7.84739757-0.00010680j | E1=-7.71412118-0.00000307j|E2=-7.68369342-0.00094511j|E3=-7.64131923+0.00166411j
#-----------------------------------------#
[Step 213] logΨ: mean=64.157+0.130j | min=59.661-0.885j | max=64.377+1.677j
梯度监控 | raw=2.3510 | natural=0.0015 | clipped=0.0015(上限20.0)
Ψ矩阵条件数 cond(Ψ) = 1.40e+01
Loss=-30.884167 | E0=-7.84516504-0.00010753j | E1=-7.71414523-0.00000767j|E2=-7.68374049-0.00094766j|E3=-7.64111584+0.00167668j
#-----------------------------------------#
[Step 214] logΨ: mean=64.236+0.075j | min=61.050+1.707j | max=64.390+1.672j
梯度监控 | raw=1.7718 | natural=0.0011 | clipped=0.0011(上限20.0)
Ψ矩阵条件数 cond(Ψ) = 1.39e+01
Loss=-30.889711 | E0=-7.85058279-0.00011182j | E1=-7.71413960-0.00000400j|E2=-7.68394608-0.00088586j|E3=-7.64104266+0.00157238j
#-----------------------------------------#
[Step 215] logΨ: mean=64.217-0.056j | min=59.107-3.039j | max=64.448+1.665j
梯度监控 | raw=31.6311 | natural=0.0015 | clipped=0.0015(上限20.0)
Ψ矩阵条件数 cond(Ψ) = 1.40e+01
Loss=-30.878439 | E0=-7.84755325-0.00011415j | E1=-7.71412881-0.00000239j|E2=-7.68204217+0.00571191j|E3=-7.63471440-0.01043114j
#-----------------------------------------#
[Step 216] logΨ: mean=64.112-0.436j | min=59.009-3.058j | max=64.393+1.616j
梯度监控 | raw=44.9356 | natural=0.0059 | clipped=0.0059(上限20.0)
Ψ矩阵条件数 cond(Ψ) = 1.40e+01
Loss=-30.876717 | E0=-7.84920456+0.00011913j | E1=-7.71414485+0.00000006j|E2=-7.68162510+0.00892087j|E3=-7.63174277-0.01662312j
#-----------------------------------------#
[Step 217] logΨ: mean=64.229-0.281j | min=61.023-1.495j | max=64.407+1.611j
梯度监控 | raw=1.8442 | natural=0.0011 | clipped=0.0011(上限20.0)
Ψ矩阵条件数 cond(Ψ) = 1.40e+01
Loss=-30.888400 | E0=-7.84922783-0.00010887j | E1=-7.71413568-0.00000513j|E2=-7.68369843-0.00081330j|E3=-7.64133795+0.00143518j
#-----------------------------------------#
[Step 218] logΨ: mean=64.260-0.282j | min=57.496+0.280j | max=64.420+1.607j
梯度监控 | raw=2.0413 | natural=0.0011 | clipped=0.0011(上限20.0)
Ψ矩阵条件数 cond(Ψ) = 1.40e+01
Loss=-30.889293 | E0=-7.85033344-0.00011331j | E1=-7.71413107-0.00000517j|E2=-7.68393928-0.00087647j|E3=-7.64088875+0.00141104j
#-----------------------------------------#
[Step 219] logΨ: mean=64.137+0.326j | min=58.437-1.424j | max=64.364+1.559j
梯度监控 | raw=25.3358 | natural=0.0060 | clipped=0.0060(上限20.0)
Ψ矩阵条件数 cond(Ψ) = 1.40e+01
Loss=-30.872425 | E0=-7.83540390+0.00009320j | E1=-7.71415086-0.00000105j|E2=-7.68250518+0.00133152j|E3=-7.64036530-0.00230731j
#-----------------------------------------#
[Step 220] logΨ: mean=64.229+0.108j | min=60.950-1.552j | max=64.377+1.554j
梯度监控 | raw=1.7156 | natural=0.0011 | clipped=0.0011(上限20.0)
Ψ矩阵条件数 cond(Ψ) = 1.40e+01
Loss=-30.890375 | E0=-7.85120249-0.00010635j | E1=-7.71415240-0.00000438j|E2=-7.68405740-0.00078817j|E3=-7.64096229+0.00139205j
#-----------------------------------------#
[Step 221] logΨ: mean=64.231+0.548j | min=60.949-1.557j | max=64.390+1.549j
梯度监控 | raw=1.7317 | natural=0.0010 | clipped=0.0010(上限20.0)
Ψ矩阵条件数 cond(Ψ) = 1.40e+01
Loss=-30.889742 | E0=-7.85059171-0.00010855j | E1=-7.71412879-0.00000531j|E2=-7.68402993-0.00078775j|E3=-7.64099192+0.00139079j
#-----------------------------------------#
[Step 222] logΨ: mean=64.265+0.255j | min=60.948-1.562j | max=64.404+1.544j
梯度监控 | raw=1.4949 | natural=0.0010 | clipped=0.0010(上限20.0)
Ψ矩阵条件数 cond(Ψ) = 1.40e+01
Loss=-30.891643 | E0=-7.85249304-0.00011190j | E1=-7.71413164-0.00000516j|E2=-7.68416593-0.00079074j|E3=-7.64085234+0.00139546j
#-----------------------------------------#
[Step 223] logΨ: mean=64.297+0.211j | min=59.654-1.045j | max=64.461+1.539j
梯度监控 | raw=1.8562 | natural=0.0015 | clipped=0.0015(上限20.0)
Ψ矩阵条件数 cond(Ψ) = 1.40e+01
Loss=-30.888582 | E0=-7.84957912-0.00011241j | E1=-7.71413108-0.00000500j|E2=-7.68399418-0.00078961j|E3=-7.64087720+0.00139499j
#-----------------------------------------#
[Step 224] logΨ: mean=64.297+0.495j | min=59.311+0.644j | max=64.516+1.574j
梯度监控 | raw=6.0072 | natural=0.0131 | clipped=0.0131(上限20.0)
Ψ矩阵条件数 cond(Ψ) = 1.40e+01
Loss=-30.892013 | E0=-7.85440741+0.00122807j | E1=-7.71403854+0.00000371j|E2=-7.68270373+0.00093928j|E3=-7.64086328-0.00161508j
#-----------------------------------------#
[Step 225] logΨ: mean=64.268+0.610j | min=58.424+2.078j | max=64.503+1.513j
梯度监控 | raw=11.1924 | natural=0.0058 | clipped=0.0058(上限20.0)
Ψ矩阵条件数 cond(Ψ) = 1.41e+01
Loss=-30.888074 | E0=-7.85158590+0.00101619j | E1=-7.71416761+0.00000223j|E2=-7.68250105+0.00223088j|E3=-7.63981983-0.00390346j
#-----------------------------------------#
[Step 226] logΨ: mean=64.355+0.314j | min=60.145+1.538j | max=64.516+1.508j
梯度监控 | raw=1.5225 | natural=0.0010 | clipped=0.0010(上限20.0)
Ψ矩阵条件数 cond(Ψ) = 1.41e+01
Loss=-30.891605 | E0=-7.85241207-0.00009959j | E1=-7.71413719-0.00000525j|E2=-7.68382160-0.00067166j|E3=-7.64123433+0.00118034j
#-----------------------------------------#
[Step 227] logΨ: mean=64.360-0.258j | min=60.158-1.608j | max=64.529+1.504j
梯度监控 | raw=1.6071 | natural=0.0010 | clipped=0.0010(上限20.0)
Ψ矩阵条件数 cond(Ψ) = 1.41e+01
Loss=-30.891548 | E0=-7.85234224-0.00010105j | E1=-7.71414513-0.00000442j|E2=-7.68348914-0.00066523j|E3=-7.64157132+0.00117883j
#-----------------------------------------#
[Step 228] logΨ: mean=64.388-0.188j | min=61.000-1.606j | max=64.542+1.500j
梯度监控 | raw=1.6007 | natural=0.0010 | clipped=0.0010(上限20.0)
Ψ矩阵条件数 cond(Ψ) = 1.41e+01
Loss=-30.891076 | E0=-7.85187790-0.00010538j | E1=-7.71414254-0.00000386j|E2=-7.68374146-0.00067463j|E3=-7.64131445+0.00118785j
#-----------------------------------------#
[Step 229] logΨ: mean=64.427-0.079j | min=60.999-1.610j | max=64.556+1.496j
梯度监控 | raw=1.2759 | natural=0.0010 | clipped=0.0010(上限20.0)
Ψ矩阵条件数 cond(Ψ) = 1.40e+01
Loss=-30.894175 | E0=-7.85498144-0.00010524j | E1=-7.71414501-0.00000485j|E2=-7.68423446-0.00068664j|E3=-7.64081396+0.00119553j
#-----------------------------------------#
[Step 230] logΨ: mean=64.364+0.144j | min=58.876-2.786j | max=64.566+1.553j
梯度监控 | raw=2.3751 | natural=0.0055 | clipped=0.0055(上限20.0)
Ψ矩阵条件数 cond(Ψ) = 1.40e+01
Loss=-30.892399 | E0=-7.85370830+0.00083629j | E1=-7.71402923+0.00001482j|E2=-7.68325596-0.00017706j|E3=-7.64140580+0.00034915j
#-----------------------------------------#
[Step 231] logΨ: mean=64.483+0.684j | min=56.625+0.405j | max=64.627+1.546j
梯度监控 | raw=4.9047 | natural=0.0015 | clipped=0.0015(上限20.0)
Ψ矩阵条件数 cond(Ψ) = 1.40e+01
Loss=-30.892032 | E0=-7.85420727-0.00010235j | E1=-7.71413696-0.00000274j|E2=-7.68304679+0.00076505j|E3=-7.64064071-0.00148216j
#-----------------------------------------#
[Step 232] logΨ: mean=64.508+0.500j | min=59.724+2.081j | max=64.665+1.564j
梯度监控 | raw=1.6115 | natural=0.0054 | clipped=0.0054(上限20.0)
Ψ矩阵条件数 cond(Ψ) = 1.40e+01
Loss=-30.894435 | E0=-7.85556518+0.00058837j | E1=-7.71415466-0.00000166j|E2=-7.68374464-0.00029925j|E3=-7.64097080+0.00050887j
#-----------------------------------------#
[Step 233] logΨ: mean=64.484+0.555j | min=58.941+0.271j | max=64.661+1.587j
梯度监控 | raw=3.5298 | natural=0.0049 | clipped=0.0049(上限20.0)
Ψ矩阵条件数 cond(Ψ) = 1.40e+01
Loss=-30.891888 | E0=-7.85327810+0.00000097j | E1=-7.71414380-0.00000330j|E2=-7.68293254+0.00047412j|E3=-7.64153343-0.00081126j
#-----------------------------------------#
[Step 234] logΨ: mean=64.578+0.181j | min=59.971-1.340j | max=64.734+1.582j
梯度监控 | raw=1.4544 | natural=0.0015 | clipped=0.0015(上限20.0)
Ψ矩阵条件数 cond(Ψ) = 1.39e+01
Loss=-30.892540 | E0=-7.85343132-0.00008899j | E1=-7.71399230-0.00000625j|E2=-7.68378914-0.00057505j|E3=-7.64132741+0.00099784j
#-----------------------------------------#
[Step 235] logΨ: mean=64.668+0.099j | min=59.717-2.595j | max=64.822+1.579j
梯度监控 | raw=1.3395 | natural=0.0065 | clipped=0.0065(上限20.0)
Ψ矩阵条件数 cond(Ψ) = 1.39e+01
Loss=-30.893121 | E0=-7.85417029-0.00006498j | E1=-7.71397796-0.00000782j|E2=-7.68370683-0.00056965j|E3=-7.64126603+0.00099746j
#-----------------------------------------#
[Step 236] logΨ: mean=64.683+0.047j | min=59.581+1.620j | max=64.835+1.576j
梯度监控 | raw=1.3842 | natural=0.0010 | clipped=0.0010(上限20.0)
Ψ矩阵条件数 cond(Ψ) = 1.39e+01
Loss=-30.893108 | E0=-7.85385973-0.00008529j | E1=-7.71413884-0.00000295j|E2=-7.68396915-0.00054106j|E3=-7.64114017+0.00093164j
#-----------------------------------------#
[Step 237] logΨ: mean=64.736-0.124j | min=59.695+0.486j | max=64.868+1.508j
梯度监控 | raw=1.1063 | natural=0.0020 | clipped=0.0020(上限20.0)
Ψ矩阵条件数 cond(Ψ) = 2.20e+01
Loss=-30.895312 | E0=-7.85606377-0.00009057j | E1=-7.71414207-0.00000201j|E2=-7.68363996-0.00053490j|E3=-7.64146620+0.00093961j
#-----------------------------------------#
[Step 238] logΨ: mean=64.780-0.214j | min=59.707-2.659j | max=64.941+1.504j
梯度监控 | raw=1.5120 | natural=0.0029 | clipped=0.0029(上限20.0)
Ψ矩阵条件数 cond(Ψ) = 1.38e+01
Loss=-30.892372 | E0=-7.85328729-0.00008877j | E1=-7.71398343-0.00000448j|E2=-7.68338329-0.00052902j|E3=-7.64171769+0.00093870j
#-----------------------------------------#
[Step 239] logΨ: mean=64.816-0.284j | min=59.674-1.598j | max=64.954+1.500j
梯度监控 | raw=1.2509 | natural=0.0010 | clipped=0.0010(上限20.0)
Ψ矩阵条件数 cond(Ψ) = 1.38e+01
Loss=-30.894078 | E0=-7.85484139-0.00008274j | E1=-7.71412970-0.00000297j|E2=-7.68391768-0.00054237j|E3=-7.64118937+0.00093895j
#-----------------------------------------#
[Step 240] logΨ: mean=64.697-0.397j | min=59.622-2.560j | max=64.860+1.496j
梯度监控 | raw=18.5678 | natural=0.0040 | clipped=0.0040(上限20.0)
Ψ矩阵条件数 cond(Ψ) = 1.39e+01
Loss=-30.891165 | E0=-7.85542797-0.00008566j | E1=-7.71414669-0.00000187j|E2=-7.68194431+0.00630920j|E3=-7.63964642-0.01095990j
#-----------------------------------------#
[Step 241] logΨ: mean=64.691-0.343j | min=59.849-2.857j | max=64.876+1.490j
梯度监控 | raw=20.7136 | natural=0.0010 | clipped=0.0010(上限20.0)
Ψ矩阵条件数 cond(Ψ) = 1.39e+01
Loss=-30.890778 | E0=-7.85511835-0.00008933j | E1=-7.71413295-0.00000263j|E2=-7.68148097+0.00748264j|E3=-7.64004593-0.01282487j
#-----------------------------------------#
[Step 242] logΨ: mean=64.749+0.005j | min=60.520+1.513j | max=64.890+1.486j
梯度监控 | raw=1.1146 | natural=0.0010 | clipped=0.0010(上限20.0)
Ψ矩阵条件数 cond(Ψ) = 2.18e+01
Loss=-30.895173 | E0=-7.85590655-0.00008879j | E1=-7.71413123-0.00000267j|E2=-7.68382456-0.00049900j|E3=-7.64131088+0.00086272j
#-----------------------------------------#
[Step 243] logΨ: mean=64.776+0.275j | min=60.536+1.506j | max=64.906+1.479j
梯度监控 | raw=4.4310 | natural=0.0010 | clipped=0.0010(上限20.0)
Ψ矩阵条件数 cond(Ψ) = 1.39e+01
Loss=-30.894380 | E0=-7.85578935-0.00009157j | E1=-7.71413560-0.00000556j|E2=-7.68278920+0.00111935j|E3=-7.64166619-0.00194093j
#-----------------------------------------#
[Step 244] logΨ: mean=64.165+0.276j | min=57.035-2.565j | max=64.420+2.099j
梯度监控 | raw=7.1771 | natural=0.1592 | clipped=0.1592(上限20.0)
Ψ矩阵条件数 cond(Ψ) = 1.19e+01
Loss=-30.904711 | E0=-7.86508540+0.00383907j | E1=-7.71569296+0.00551297j|E2=-7.68177601+0.00256503j|E3=-7.64215706-0.00429752j
#-----------------------------------------#
[Step 245] logΨ: mean=64.232+0.283j | min=58.506-1.748j | max=64.397+1.856j
梯度监控 | raw=7.7762 | natural=0.0067 | clipped=0.0067(上限20.0)
Ψ矩阵条件数 cond(Ψ) = 1.20e+01
Loss=-30.893909 | E0=-7.85696511-0.00042539j | E1=-7.71179057-0.00157596j|E2=-7.68334289-0.00044762j|E3=-7.64181023+0.00079802j
#-----------------------------------------#
[Step 246] logΨ: mean=64.276+0.145j | min=60.563+1.345j | max=64.414+1.847j
梯度监控 | raw=4.7613 | natural=0.0010 | clipped=0.0010(上限20.0)
Ψ矩阵条件数 cond(Ψ) = 1.20e+01
Loss=-30.893953 | E0=-7.85635711-0.00018693j | E1=-7.71243685+0.00005590j|E2=-7.68333627-0.00048001j|E3=-7.64182313+0.00085169j
#-----------------------------------------#
[Step 247] logΨ: mean=64.305+0.199j | min=60.560+1.366j | max=64.430+1.839j
梯度监控 | raw=4.0685 | natural=0.0010 | clipped=0.0010(上限20.0)
Ψ矩阵条件数 cond(Ψ) = 1.20e+01
Loss=-30.894677 | E0=-7.85691149+0.00012453j | E1=-7.71260127+0.00002766j|E2=-7.68358940-0.00048661j|E3=-7.64157468+0.00085048j
#-----------------------------------------#
[Step 248] logΨ: mean=64.341+0.277j | min=60.558+1.385j | max=64.447+1.831j
梯度监控 | raw=2.5818 | natural=0.0010 | clipped=0.0010(上限20.0)
Ψ矩阵条件数 cond(Ψ) = 1.20e+01
Loss=-30.895707 | E0=-7.85763596+0.00016451j | E1=-7.71290483+0.00096125j|E2=-7.68375625-0.00049086j|E3=-7.64141023+0.00085009j
#-----------------------------------------#
[Step 249] logΨ: mean=64.334+0.272j | min=60.027-1.745j | max=64.461+1.824j
梯度监控 | raw=2.9980 | natural=0.0010 | clipped=0.0010(上限20.0)
Ψ矩阵条件数 cond(Ψ) = 1.20e+01
Loss=-30.894984 | E0=-7.85687926+0.00024327j | E1=-7.71294489+0.00040048j|E2=-7.68336493-0.00048056j|E3=-7.64179503+0.00085054j
#-----------------------------------------#
[Step 250] logΨ: mean=64.319+0.262j | min=60.555+1.421j | max=64.478+1.816j
梯度监控 | raw=4.5307 | natural=0.0010 | clipped=0.0010(上限20.0)
Ψ矩阵条件数 cond(Ψ) = 1.20e+01
Loss=-30.894181 | E0=-7.85603506-0.00019392j | E1=-7.71299175-0.00051773j|E2=-7.68293803-0.00047041j|E3=-7.64221568+0.00085147j
#-----------------------------------------#
[Step 251] logΨ: mean=64.418-0.109j | min=59.514-0.858j | max=64.538+1.809j
梯度监控 | raw=3.1097 | natural=0.0014 | clipped=0.0014(上限20.0)
Ψ矩阵条件数 cond(Ψ) = 1.20e+01
Loss=-30.895905 | E0=-7.85789756+0.00024368j | E1=-7.71314793-0.00003974j|E2=-7.68332249-0.00048337j|E3=-7.64153708+0.00085477j
#-----------------------------------------#
[Step 252] logΨ: mean=64.419+0.325j | min=60.842-1.281j | max=64.553+1.802j
梯度监控 | raw=3.4633 | natural=0.0009 | clipped=0.0009(上限20.0)
Ψ矩阵条件数 cond(Ψ) = 1.20e+01
Loss=-30.895594 | E0=-7.85720099-0.00016268j | E1=-7.71324669-0.00004907j|E2=-7.68332667-0.00044919j|E3=-7.64181959+0.00079945j
#-----------------------------------------#
[Step 253] logΨ: mean=64.472+0.532j | min=60.599-1.674j | max=64.568+1.795j
梯度监控 | raw=3.9108 | natural=0.0009 | clipped=0.0009(上限20.0)
Ψ矩阵条件数 cond(Ψ) = 1.20e+01
Loss=-30.897901 | E0=-7.85940313-0.00028125j | E1=-7.71334299-0.00052676j|E2=-7.68413058-0.00046972j|E3=-7.64102437+0.00079677j
#-----------------------------------------#
[Step 254] logΨ: mean=64.476+0.730j | min=59.180+1.512j | max=64.582+1.788j
梯度监控 | raw=2.3815 | natural=0.0009 | clipped=0.0009(上限20.0)
Ψ矩阵条件数 cond(Ψ) = 1.20e+01
Loss=-30.897201 | E0=-7.85863276-0.00038357j | E1=-7.71341895+0.00071842j|E2=-7.68357997-0.00045565j|E3=-7.64156972+0.00079834j
#-----------------------------------------#
[Step 255] logΨ: mean=64.475+0.949j | min=60.158-1.655j | max=64.596+1.782j
梯度监控 | raw=2.5549 | natural=0.0009 | clipped=0.0009(上限20.0)
Ψ矩阵条件数 cond(Ψ) = 1.20e+01
Loss=-30.897420 | E0=-7.85877810+0.00004038j | E1=-7.71349889+0.00001648j|E2=-7.68301595-0.00044574j|E3=-7.64212670+0.00080535j
#-----------------------------------------#
[Step 256] logΨ: mean=64.505+0.787j | min=60.842+1.832j | max=64.611+1.776j
梯度监控 | raw=1.7571 | natural=0.0009 | clipped=0.0009(上限20.0)
Ψ矩阵条件数 cond(Ψ) = 1.20e+01
Loss=-30.896949 | E0=-7.85826892-0.00007095j | E1=-7.71353177+0.00070203j|E2=-7.68366529-0.00046153j|E3=-7.64148318+0.00080551j
#-----------------------------------------#
[Step 257] logΨ: mean=64.539+0.481j | min=60.189+1.509j | max=64.626+1.769j
梯度监控 | raw=1.6385 | natural=0.0009 | clipped=0.0009(上限20.0)
Ψ矩阵条件数 cond(Ψ) = 1.20e+01
Loss=-30.899020 | E0=-7.86026727+0.00004624j | E1=-7.71360612+0.00044721j|E2=-7.68349809-0.00045770j|E3=-7.64164899+0.00080538j
#-----------------------------------------#
[Step 258] logΨ: mean=64.537+0.425j | min=60.605+1.525j | max=64.641+1.762j
梯度监控 | raw=2.1368 | natural=0.0009 | clipped=0.0009(上限20.0)
Ψ矩阵条件数 cond(Ψ) = 1.20e+01
Loss=-30.896257 | E0=-7.85744115-0.00011171j | E1=-7.71366028+0.00027294j|E2=-7.68442933-0.00048072j|E3=-7.64072619+0.00080899j
#-----------------------------------------#
[Step 259] logΨ: mean=64.551+0.419j | min=61.307-1.602j | max=64.655+1.756j
梯度监控 | raw=1.8203 | natural=0.0009 | clipped=0.0009(上限20.0)
Ψ矩阵条件数 cond(Ψ) = 1.20e+01
Loss=-30.898413 | E0=-7.85956211-0.00000829j | E1=-7.71370469+0.00021484j|E2=-7.68330104-0.00045451j|E3=-7.64184474+0.00080729j
#-----------------------------------------#
[Step 260] logΨ: mean=64.556+0.330j | min=60.843+1.805j | max=64.669+1.750j
梯度监控 | raw=1.8338 | natural=0.0009 | clipped=0.0009(上限20.0)
Ψ矩阵条件数 cond(Ψ) = 1.19e+01
Loss=-30.896735 | E0=-7.85784630-0.00003166j | E1=-7.71373874+0.00025140j|E2=-7.68383118-0.00046640j|E3=-7.64131858+0.00080835j
#-----------------------------------------#
[Step 261] logΨ: mean=64.545+0.318j | min=60.843-1.343j | max=64.683+1.744j
梯度监控 | raw=2.4271 | natural=0.0009 | clipped=0.0009(上限20.0)
Ψ矩阵条件数 cond(Ψ) = 1.19e+01
Loss=-30.897432 | E0=-7.85845739-0.00020931j | E1=-7.71383087-0.00018589j|E2=-7.68290215-0.00044619j|E3=-7.64224132+0.00080581j
#-----------------------------------------#
[Step 262] logΨ: mean=64.579+0.294j | min=60.843-1.349j | max=64.697+1.739j
梯度监控 | raw=2.1846 | natural=0.0009 | clipped=0.0009(上限20.0)
Ψ矩阵条件数 cond(Ψ) = 1.19e+01
Loss=-30.897304 | E0=-7.85828363-0.00004711j | E1=-7.71387087-0.00021081j|E2=-7.68374851-0.00046437j|E3=-7.64140055+0.00080829j
#-----------------------------------------#
[Step 263] logΨ: mean=64.596+0.632j | min=60.285+1.556j | max=64.712+1.732j
梯度监控 | raw=1.6087 | natural=0.0009 | clipped=0.0009(上限20.0)
Ψ矩阵条件数 cond(Ψ) = 1.19e+01
Loss=-30.898307 | E0=-7.85929813+0.00000758j | E1=-7.71386404+0.00006959j|E2=-7.68307454-0.00045037j|E3=-7.64207052+0.00080556j
#-----------------------------------------#
[Step 264] logΨ: mean=64.651+0.517j | min=59.245-1.038j | max=64.781+1.736j
梯度监控 | raw=1.9736 | natural=0.0013 | clipped=0.0013(上限20.0)
Ψ矩阵条件数 cond(Ψ) = 1.19e+01
Loss=-30.897682 | E0=-7.85876276-0.00006052j | E1=-7.71377882-0.00017996j|E2=-7.68312691-0.00045327j|E3=-7.64201369+0.00080938j
#-----------------------------------------#
[Step 265] logΨ: mean=64.664+0.303j | min=60.673+1.583j | max=64.796+1.730j
梯度监控 | raw=1.6917 | natural=0.0009 | clipped=0.0009(上限20.0)
Ψ矩阵条件数 cond(Ψ) = 1.19e+01
Loss=-30.897696 | E0=-7.85862511-0.00006252j | E1=-7.71392641+0.00000253j|E2=-7.68290265-0.00044911j|E3=-7.64224135+0.00080795j
#-----------------------------------------#
[Step 266] logΨ: mean=64.691+0.235j | min=60.390-1.562j | max=64.811+1.723j
梯度监控 | raw=1.9028 | natural=0.0009 | clipped=0.0009(上限20.0)
Ψ矩阵条件数 cond(Ψ) = 1.19e+01
Loss=-30.898474 | E0=-7.85933078-0.00013220j | E1=-7.71399600-0.00021529j|E2=-7.68333021-0.00045776j|E3=-7.64181651+0.00080984j
#-----------------------------------------#
[Step 267] logΨ: mean=64.726+0.401j | min=60.899+1.771j | max=64.825+1.718j
梯度监控 | raw=1.0224 | natural=0.0009 | clipped=0.0009(上限20.0)
Ψ矩阵条件数 cond(Ψ) = 1.19e+01
Loss=-30.898165 | E0=-7.85914590-0.00007319j | E1=-7.71387084+0.00045429j|E2=-7.68358234-0.00046366j|E3=-7.64156576+0.00081287j
#-----------------------------------------#
[Step 268] logΨ: mean=64.729+0.434j | min=60.422+1.587j | max=64.839+1.713j
梯度监控 | raw=1.1657 | natural=0.0008 | clipped=0.0008(上限20.0)
Ψ矩阵条件数 cond(Ψ) = 1.19e+01
Loss=-30.897270 | E0=-7.85820938-0.00001465j | E1=-7.71391228+0.00031890j|E2=-7.68369343-0.00046589j|E3=-7.64145508+0.00081355j
#-----------------------------------------#
[Step 269] logΨ: mean=64.734+0.479j | min=60.683-1.545j | max=64.854+1.707j
梯度监控 | raw=1.3602 | natural=0.0008 | clipped=0.0008(上限20.0)
Ψ矩阵条件数 cond(Ψ) = 1.19e+01
Loss=-30.898030 | E0=-7.85889637-0.00009949j | E1=-7.71398628+0.00006581j|E2=-7.68333072-0.00045902j|E3=-7.64181627+0.00081163j
#-----------------------------------------#
[Step 270] logΨ: mean=64.759+0.312j | min=60.899+1.754j | max=64.868+1.702j
梯度监控 | raw=1.0783 | natural=0.0008 | clipped=0.0008(上限20.0)
Ψ矩阵条件数 cond(Ψ) = 1.19e+01
Loss=-30.899285 | E0=-7.86015663-0.00001939j | E1=-7.71398277+0.00011503j|E2=-7.68287498-0.00045054j|E3=-7.64227028+0.00080822j
#-----------------------------------------#
[Step 271] logΨ: mean=64.755+0.149j | min=60.688+1.600j | max=64.884+1.696j
梯度监控 | raw=1.5948 | natural=0.0008 | clipped=0.0008(上限20.0)
Ψ矩阵条件数 cond(Ψ) = 1.19e+01
Loss=-30.899456 | E0=-7.86020549-0.00011374j | E1=-7.71410603-0.00028688j|E2=-7.68264334-0.00044623j|E3=-7.64250114+0.00080632j
#-----------------------------------------#
[Step 272] logΨ: mean=64.802-0.067j | min=60.901-1.399j | max=64.898+1.691j
梯度监控 | raw=1.0954 | natural=0.0008 | clipped=0.0008(上限20.0)
Ψ矩阵条件数 cond(Ψ) = 1.18e+01
Loss=-30.898647 | E0=-7.85948037-0.00001346j | E1=-7.71401785+0.00006236j|E2=-7.68388683-0.00046963j|E3=-7.64126215+0.00081556j
#-----------------------------------------#
[Step 273] logΨ: mean=64.834-0.107j | min=60.505+1.595j | max=64.914+1.684j
梯度监控 | raw=0.9332 | natural=0.0008 | clipped=0.0008(上限20.0)
Ψ矩阵条件数 cond(Ψ) = 1.18e+01
Loss=-30.900321 | E0=-7.86112474-0.00004745j | E1=-7.71404763+0.00003925j|E2=-7.68372171-0.00046644j|E3=-7.64142681+0.00081422j
#-----------------------------------------#
[Step 274] logΨ: mean=64.810+0.014j | min=61.475+1.571j | max=64.927+1.679j
梯度监控 | raw=1.2662 | natural=0.0008 | clipped=0.0008(上限20.0)
Ψ矩阵条件数 cond(Ψ) = 1.18e+01
Loss=-30.899061 | E0=-7.85982648-0.00006380j | E1=-7.71408729-0.00013579j|E2=-7.68318947-0.00045791j|E3=-7.64195738+0.00081197j
#-----------------------------------------#
[Step 275] logΨ: mean=64.840+0.254j | min=59.383+1.594j | max=64.941+1.675j
梯度监控 | raw=0.9558 | natural=0.0008 | clipped=0.0008(上限20.0)
Ψ矩阵条件数 cond(Ψ) = 1.18e+01
Loss=-30.899496 | E0=-7.86030449-0.00007046j | E1=-7.71404389+0.00005751j|E2=-7.68327459-0.00045967j|E3=-7.64187292+0.00081249j
#-----------------------------------------#
[Step 276] logΨ: mean=64.833-0.080j | min=61.492-1.567j | max=64.955+1.670j
梯度监控 | raw=1.2264 | natural=0.0008 | clipped=0.0008(上限20.0)
Ψ矩阵条件数 cond(Ψ) = 1.18e+01
Loss=-30.899679 | E0=-7.86043546-0.00017830j | E1=-7.71409893-0.00011724j|E2=-7.68281888-0.00045346j|E3=-7.64232594+0.00081183j
#-----------------------------------------#
[Step 277] logΨ: mean=64.884-0.188j | min=60.902+1.716j | max=64.969+1.665j
梯度监控 | raw=0.8286 | natural=0.0008 | clipped=0.0008(上限20.0)
Ψ矩阵条件数 cond(Ψ) = 1.18e+01
Loss=-30.899789 | E0=-7.86061190-0.00011558j | E1=-7.71402994+0.00015155j|E2=-7.68372285-0.00046969j|E3=-7.64142456+0.00082042j
#-----------------------------------------#
[Step 278] logΨ: mean=64.862-0.104j | min=60.582+1.599j | max=64.983+1.660j
梯度监控 | raw=0.9873 | natural=0.0008 | clipped=0.0008(上限20.0)
Ψ矩阵条件数 cond(Ψ) = 1.18e+01
Loss=-30.899461 | E0=-7.86021764-0.00005766j | E1=-7.71409859-0.00007103j|E2=-7.68273246-0.00045228j|E3=-7.64241279+0.00081058j
#-----------------------------------------#
[Step 279] logΨ: mean=64.928-0.308j | min=60.597+1.599j | max=64.997+1.656j
梯度监控 | raw=0.5893 | natural=0.0008 | clipped=0.0008(上限20.0)
Ψ矩阵条件数 cond(Ψ) = 1.18e+01
Loss=-30.900986 | E0=-7.86178845-0.00007025j | E1=-7.71405096+0.00010758j|E2=-7.68364016-0.00046855j|E3=-7.64150693+0.00082003j
#-----------------------------------------#
[Step 280] logΨ: mean=64.900-0.125j | min=60.902+1.701j | max=65.011+1.651j
梯度监控 | raw=0.9855 | natural=0.0008 | clipped=0.0008(上限20.0)
Ψ矩阵条件数 cond(Ψ) = 1.18e+01
Loss=-30.899168 | E0=-7.85992432-0.00012530j | E1=-7.71409798-0.00003423j|E2=-7.68347377-0.00046635j|E3=-7.64167218+0.00082006j
#-----------------------------------------#
[Step 281] logΨ: mean=64.914-0.073j | min=59.435-1.542j | max=65.025+1.646j
梯度监控 | raw=0.9319 | natural=0.0008 | clipped=0.0008(上限20.0)
Ψ矩阵条件数 cond(Ψ) = 1.18e+01
Loss=-30.899438 | E0=-7.86018292-0.00012559j | E1=-7.71410900-0.00005714j|E2=-7.68336193-0.00046452j|E3=-7.64178436+0.00081867j
#-----------------------------------------#
[Step 282] logΨ: mean=64.872+0.121j | min=58.842+1.827j | max=64.961+1.591j
梯度监控 | raw=1.1633 | natural=0.0124 | clipped=0.0124(上限20.0)
Ψ矩阵条件数 cond(Ψ) = 1.18e+01
Loss=-30.904018 | E0=-7.86479242+0.00155249j | E1=-7.71407677+0.00004413j|E2=-7.68408344-0.00047817j|E3=-7.64106527+0.00083237j
#-----------------------------------------#
[Step 283] logΨ: mean=64.880+0.068j | min=61.476-1.612j | max=64.975+1.587j
梯度监控 | raw=0.7780 | natural=0.0008 | clipped=0.0008(上限20.0)
Ψ矩阵条件数 cond(Ψ) = 1.18e+01
Loss=-30.899932 | E0=-7.86067129-0.00006529j | E1=-7.71411766-0.00006119j|E2=-7.68364565-0.00046169j|E3=-7.64149691+0.00080855j
#-----------------------------------------#
[Step 284] logΨ: mean=64.884-0.082j | min=61.485-1.613j | max=64.989+1.582j
梯度监控 | raw=1.2571 | natural=0.0008 | clipped=0.0008(上限20.0)
Ψ矩阵条件数 cond(Ψ) = 1.18e+01
Loss=-30.900734 | E0=-7.86134031-0.00011850j | E1=-7.71425092-0.00046757j|E2=-7.68411206-0.00046986j|E3=-7.64103082+0.00081347j
#-----------------------------------------#
[Step 285] logΨ: mean=64.942-0.194j | min=62.710-1.618j | max=65.003+1.578j
梯度监控 | raw=0.3445 | natural=0.0008 | clipped=0.0008(上限20.0)
Ψ矩阵条件数 cond(Ψ) = 1.18e+01
Loss=-30.901626 | E0=-7.86241642-0.00006509j | E1=-7.71406682+0.00010984j|E2=-7.68350655-0.00045942j|E3=-7.64163594+0.00080708j
#-----------------------------------------#
[Step 286] logΨ: mean=64.939-0.137j | min=59.976+2.043j | max=65.063+1.572j
梯度监控 | raw=14.4415 | natural=0.0013 | clipped=0.0013(上限20.0)
Ψ矩阵条件数 cond(Ψ) = 1.18e+01
Loss=-30.898339 | E0=-7.86133020-0.00016632j | E1=-7.71410763-0.00000169j|E2=-7.68090078+0.00600897j|E3=-7.64200015-0.00998920j
#-----------------------------------------#
[Step 287] logΨ: mean=64.988-0.072j | min=60.687-1.602j | max=65.077+1.568j
梯度监控 | raw=0.6370 | natural=0.0008 | clipped=0.0008(上限20.0)
Ψ矩阵条件数 cond(Ψ) = 1.18e+01
Loss=-30.900690 | E0=-7.86139991-0.00005686j | E1=-7.71413463-0.00008335j|E2=-7.68351603-0.00044010j|E3=-7.64163951+0.00077253j
#-----------------------------------------#
[Step 288] logΨ: mean=65.020-0.280j | min=61.557-1.651j | max=65.091+1.564j
梯度监控 | raw=0.4740 | natural=0.0008 | clipped=0.0008(上限20.0)
Ψ矩阵条件数 cond(Ψ) = 1.18e+01
Loss=-30.900606 | E0=-7.86136246-0.00008127j | E1=-7.71408643+0.00006723j|E2=-7.68387635-0.00044708j|E3=-7.64128063+0.00077677j
#-----------------------------------------#
[Step 289] logΨ: mean=65.008-0.423j | min=61.566-1.651j | max=65.105+1.560j
梯度监控 | raw=0.5669 | natural=0.0008 | clipped=0.0008(上限20.0)
Ψ矩阵条件数 cond(Ψ) = 1.18e+01
Loss=-30.900559 | E0=-7.86128341-0.00006669j | E1=-7.71412205-0.00003301j|E2=-7.68317880-0.00043494j|E3=-7.64197442+0.00077071j
#-----------------------------------------#
[Step 290] logΨ: mean=64.975-0.239j | min=59.164-2.732j | max=65.121+1.553j
梯度监控 | raw=18.7223 | natural=0.0008 | clipped=0.0008(上限20.0)
Ψ矩阵条件数 cond(Ψ) = 1.18e+01
Loss=-30.897481 | E0=-7.86063108-0.00010782j | E1=-7.71412884-0.00004632j|E2=-7.68051442+0.00834062j|E3=-7.64220711-0.01374875j
#-----------------------------------------#
[Step 291] logΨ: mean=65.147+0.051j | min=59.463-2.403j | max=65.245+1.622j
梯度监控 | raw=1.5758 | natural=0.0053 | clipped=0.0053(上限20.0)
Ψ矩阵条件数 cond(Ψ) = 1.17e+01
Loss=-30.900386 | E0=-7.86126167-0.00015868j | E1=-7.71412849-0.00004315j|E2=-7.68307500+0.00020190j|E3=-7.64192065-0.00034796j
#-----------------------------------------#
[Step 292] logΨ: mean=65.177-0.156j | min=61.707-1.579j | max=65.259+1.618j
梯度监控 | raw=0.5046 | natural=0.0008 | clipped=0.0008(上限20.0)
Ψ矩阵条件数 cond(Ψ) = 1.17e+01
Loss=-30.900484 | E0=-7.86119008-0.00009422j | E1=-7.71411067+0.00001319j|E2=-7.68375956-0.00040930j|E3=-7.64142340+0.00070996j
#-----------------------------------------#
[Step 293] logΨ: mean=65.178-0.003j | min=61.717-1.579j | max=65.273+1.614j
梯度监控 | raw=0.3963 | natural=0.0007 | clipped=0.0007(上限20.0)
Ψ矩阵条件数 cond(Ψ) = 1.17e+01
Loss=-30.901173 | E0=-7.86189077-0.00008583j | E1=-7.71411103+0.00001288j|E2=-7.68268454-0.00038979j|E3=-7.64248685+0.00070591j
#-----------------------------------------#
[Step 294] logΨ: mean=65.259+0.206j | min=57.268+0.316j | max=65.342+1.619j
梯度监控 | raw=0.9858 | natural=0.0028 | clipped=0.0028(上限20.0)
Ψ矩阵条件数 cond(Ψ) = 1.17e+01
Loss=-30.900268 | E0=-7.86145631-0.00001835j | E1=-7.71364709+0.00003319j|E2=-7.68332970-0.00040168j|E3=-7.64183473+0.00070801j
#-----------------------------------------#
[Step 295] logΨ: mean=65.284+0.338j | min=61.791+1.570j | max=65.356+1.615j
梯度监控 | raw=0.5151 | natural=0.0007 | clipped=0.0007(上限20.0)
Ψ矩阵条件数 cond(Ψ) = 1.17e+01
Loss=-30.900066 | E0=-7.86076960-0.00006957j | E1=-7.71410861+0.00002786j|E2=-7.68430372-0.00041996j|E3=-7.64088447+0.00071437j
#-----------------------------------------#
[Step 296] logΨ: mean=64.950-0.013j | min=59.299-2.691j | max=65.133+1.387j
梯度监控 | raw=19.9782 | natural=0.0156 | clipped=0.0156(上限20.0)
Ψ矩阵条件数 cond(Ψ) = 1.19e+01
Loss=-30.902339 | E0=-7.86501813+0.00156636j | E1=-7.71414740-0.00008325j|E2=-7.67922447+0.01052430j|E3=-7.64394870-0.01664637j
#-----------------------------------------#
[Step 297] logΨ: mean=65.095-0.178j | min=60.065+1.847j | max=65.194+1.381j
梯度监控 | raw=3.7362 | natural=0.0013 | clipped=0.0013(上限20.0)
Ψ矩阵条件数 cond(Ψ) = 1.19e+01
Loss=-30.900398 | E0=-7.86151065-0.00008470j | E1=-7.71415209-0.00006295j|E2=-7.68222809+0.00131529j|E3=-7.64250677-0.00223269j
#-----------------------------------------#
[Step 298] logΨ: mean=65.121+0.360j | min=61.628-1.798j | max=65.208+1.377j
梯度监控 | raw=0.4032 | natural=0.0007 | clipped=0.0007(上限20.0)
Ψ矩阵条件数 cond(Ψ) = 1.19e+01
Loss=-30.900884 | E0=-7.86154801-0.00008471j | E1=-7.71413212-0.00002654j|E2=-7.68356144-0.00037304j|E3=-7.64164280+0.00065023j
#-----------------------------------------#
[Step 299] logΨ: mean=65.126+0.287j | min=60.848-1.722j | max=65.221+1.373j
梯度监控 | raw=0.3627 | natural=0.0007 | clipped=0.0007(上限20.0)
Ψ矩阵条件数 cond(Ψ) = 1.19e+01
Loss=-30.901290 | E0=-7.86195524-0.00007205j | E1=-7.71413949-0.00004080j|E2=-7.68296925-0.00036210j|E3=-7.64222610+0.00064963j
#-----------------------------------------#
[Step 300] logΨ: mean=65.201+0.180j | min=60.105-1.307j | max=65.282+1.369j
梯度监控 | raw=0.4033 | natural=0.0012 | clipped=0.0012(上限20.0)
Ψ矩阵条件数 cond(Ψ) = 1.19e+01
Loss=-30.901479 | E0=-7.86230730-0.00006732j | E1=-7.71412484-0.00000895j|E2=-7.68302011-0.00036302j|E3=-7.64202670+0.00065214j
#-----------------------------------------#
[Step 301] logΨ: mean=65.219+0.017j | min=60.895-1.729j | max=65.296+1.366j
梯度监控 | raw=0.2756 | natural=0.0007 | clipped=0.0007(上限20.0)
Ψ矩阵条件数 cond(Ψ) = 1.19e+01
Loss=-30.901609 | E0=-7.86229707-0.00006058j | E1=-7.71412660-0.00001537j|E2=-7.68330175-0.00034700j|E3=-7.64188394+0.00061491j
#-----------------------------------------#
[Step 302] logΨ: mean=65.243+0.049j | min=60.895+1.408j | max=65.310+1.362j
梯度监控 | raw=0.5168 | natural=0.0007 | clipped=0.0007(上限20.0)
Ψ矩阵条件数 cond(Ψ) = 1.19e+01
Loss=-30.901030 | E0=-7.86175273-0.00007628j | E1=-7.71408923+0.00005839j|E2=-7.68352575-0.00035136j|E3=-7.64166219+0.00061472j
#-----------------------------------------#
[Step 303] logΨ: mean=65.232+0.035j | min=60.895-1.738j | max=65.323+1.358j
梯度监控 | raw=0.3889 | natural=0.0007 | clipped=0.0007(上限20.0)
Ψ矩阵条件数 cond(Ψ) = 1.19e+01
Loss=-30.900878 | E0=-7.86156618-0.00008820j | E1=-7.71412605-0.00001072j|E2=-7.68330219-0.00034725j|E3=-7.64188401+0.00061466j
#-----------------------------------------#
[Step 304] logΨ: mean=65.493+1.402j | min=57.602+0.107j | max=65.589+2.918j
梯度监控 | raw=6.5738 | natural=0.0596 | clipped=0.0596(上限20.0)
Ψ矩阵条件数 cond(Ψ) = 9.87e+00
Loss=-30.897247 | E0=-7.86233973-0.00008247j | E1=-7.70972013+0.01000597j|E2=-7.68344228-0.00034970j|E3=-7.64174480+0.00061460j
#-----------------------------------------#
[Step 305] logΨ: mean=65.527+1.492j | min=62.376-0.645j | max=65.593+2.896j
梯度监控 | raw=1.4679 | natural=0.0009 | clipped=0.0009(上限20.0)
Ψ矩阵条件数 cond(Ψ) = 9.87e+00
Loss=-30.897176 | E0=-7.86125992+0.00002059j | E1=-7.71074413+0.00050301j|E2=-7.68329754-0.00035613j|E3=-7.64187452+0.00062987j
#-----------------------------------------#
[Step 306] logΨ: mean=65.555+1.510j | min=61.132+2.938j | max=65.608+2.893j
梯度监控 | raw=0.3084 | natural=0.0007 | clipped=0.0007(上限20.0)
Ψ矩阵条件数 cond(Ψ) = 9.86e+00
Loss=-30.896991 | E0=-7.86136145+0.00001484j | E1=-7.71045854+0.00086815j|E2=-7.68374202-0.00036307j|E3=-7.64142877+0.00063250j
#-----------------------------------------#
[Step 307] logΨ: mean=65.315+1.592j | min=61.214-3.084j | max=65.381+2.986j
梯度监控 | raw=0.1241 | natural=0.0156 | clipped=0.0156(上限20.0)
Ψ矩阵条件数 cond(Ψ) = 9.95e+00
Loss=-30.898028 | E0=-7.86239350+0.00042572j | E1=-7.71046295+0.00086690j|E2=-7.68329742-0.00035624j|E3=-7.64187421+0.00062984j
#-----------------------------------------#
[Step 308] logΨ: mean=65.328+1.428j | min=61.311-0.810j | max=65.390+2.968j
梯度监控 | raw=4.2592 | natural=0.0009 | clipped=0.0009(上限20.0)
Ψ矩阵条件数 cond(Ψ) = 9.96e+00
Loss=-30.898344 | E0=-7.86138454-0.00008180j | E1=-7.71179000-0.00013143j|E2=-7.68374316-0.00035837j|E3=-7.64142593+0.00062449j
#-----------------------------------------#
[Step 309] logΨ: mean=65.353+1.200j | min=60.887+3.009j | max=65.404+2.965j
梯度监控 | raw=0.3455 | natural=0.0007 | clipped=0.0007(上限20.0)
Ψ矩阵条件数 cond(Ψ) = 1.86e+01
Loss=-30.897254 | E0=-7.86131943+0.00011263j | E1=-7.71076526+0.00112333j|E2=-7.68388029-0.00036058j|E3=-7.64128863+0.00062532j
#-----------------------------------------#
[Step 310] logΨ: mean=65.353+1.205j | min=60.881+2.993j | max=65.413+2.950j
梯度监控 | raw=3.5372 | natural=0.0008 | clipped=0.0008(上限20.0)
Ψ矩阵条件数 cond(Ψ) = 9.94e+00
Loss=-30.899484 | E0=-7.86238403+0.00007602j | E1=-7.71192837+0.00000935j|E2=-7.68304463-0.00034805j|E3=-7.64212659+0.00062035j
#-----------------------------------------#
[Step 311] logΨ: mean=65.504+0.862j | min=59.744+1.960j | max=65.616+2.707j
梯度监控 | raw=18.0423 | natural=0.0163 | clipped=0.0163(上限20.0)
Ψ矩阵条件数 cond(Ψ) = 9.92e+00
Loss=-30.901094 | E0=-7.86546903+0.00125886j | E1=-7.71173438+0.00037591j|E2=-7.67950202+0.00965968j|E3=-7.64438843-0.01529570j
#-----------------------------------------#
[Step 312] logΨ: mean=65.543+0.923j | min=60.253-0.742j | max=65.618+2.694j
梯度监控 | raw=4.4920 | natural=0.0008 | clipped=0.0008(上限20.0)
Ψ矩阵条件数 cond(Ψ) = 9.92e+00
Loss=-30.899469 | E0=-7.86156525+0.00004266j | E1=-7.71272318-0.00027090j|E2=-7.68314067-0.00033414j|E3=-7.64204034+0.00059433j
#-----------------------------------------#
[Step 313] logΨ: mean=65.588-1.445j | min=59.596+0.215j | max=65.745+0.031j
梯度监控 | raw=5.3652 | natural=0.0141 | clipped=0.0141(上限20.0)
Ψ矩阵条件数 cond(Ψ) = 9.72e+00
Loss=-30.917625 | E0=-7.88063521+0.00531909j | E1=-7.71194674+0.00043204j|E2=-7.68317186-0.00033798j|E3=-7.64187101+0.00060060j
#-----------------------------------------#
[Step 314] logΨ: mean=65.602-1.025j | min=59.737+1.670j | max=65.699+0.142j
梯度监控 | raw=8.5983 | natural=0.0019 | clipped=0.0019(上限20.0)
Ψ矩阵条件数 cond(Ψ) = 9.71e+00
Loss=-30.900236 | E0=-7.86109167-0.00033288j | E1=-7.71397500-0.00078385j|E2=-7.68335619-0.00031537j|E3=-7.64181305+0.00055612j
#-----------------------------------------#
[Step 315] logΨ: mean=65.649-1.037j | min=61.108-2.967j | max=65.709+0.134j
梯度监控 | raw=1.4422 | natural=0.0007 | clipped=0.0007(上限20.0)
Ψ矩阵条件数 cond(Ψ) = 9.71e+00
Loss=-30.898692 | E0=-7.86145680+0.00003122j | E1=-7.71206772+0.00050902j|E2=-7.68368993-0.00032003j|E3=-7.64147786+0.00055777j
#-----------------------------------------#
[Step 316] logΨ: mean=65.667-1.038j | min=62.965-0.074j | max=65.720+0.126j
梯度监控 | raw=2.8948 | natural=0.0007 | clipped=0.0007(上限20.0)
Ψ矩阵条件数 cond(Ψ) = 9.70e+00
Loss=-30.900214 | E0=-7.86233806+0.00001401j | E1=-7.71270757+0.00018907j|E2=-7.68352414-0.00031762j|E3=-7.64164428+0.00055741j
#-----------------------------------------#
[Step 317] logΨ: mean=65.645-0.912j | min=59.544-0.151j | max=65.730+0.119j
梯度监控 | raw=3.8791 | natural=0.0008 | clipped=0.0008(上限20.0)
Ψ矩阵条件数 cond(Ψ) = 9.71e+00
Loss=-30.899890 | E0=-7.86185714-0.00026933j | E1=-7.71286281+0.00016070j|E2=-7.68290379-0.00030838j|E3=-7.64226586+0.00055591j
#-----------------------------------------#
[Step 318] logΨ: mean=65.684-1.047j | min=61.684+2.995j | max=65.741+0.111j
梯度监控 | raw=4.8687 | natural=0.0008 | clipped=0.0008(上限20.0)
Ψ矩阵条件数 cond(Ψ) = 9.72e+00
Loss=-30.901408 | E0=-7.86268732-0.00008469j | E1=-7.71355258-0.00015514j|E2=-7.68346906-0.00031905j|E3=-7.64169899+0.00056120j
#-----------------------------------------#
[Step 319] logΨ: mean=65.697-1.079j | min=61.720-0.129j | max=65.752+0.104j
梯度监控 | raw=2.2630 | natural=0.0008 | clipped=0.0008(上限20.0)
Ψ矩阵条件数 cond(Ψ) = 9.72e+00
Loss=-30.900055 | E0=-7.86226813-0.00022024j | E1=-7.71261970+0.00037019j|E2=-7.68369074-0.00032223j|E3=-7.64147691+0.00056206j
#-----------------------------------------#
[Step 320] logΨ: mean=65.720-1.289j | min=61.753-0.114j | max=65.764+0.098j
梯度监控 | raw=1.8461 | natural=0.0007 | clipped=0.0007(上限20.0)
Ψ矩阵条件数 cond(Ψ) = 9.73e+00
Loss=-30.900350 | E0=-7.86248936-0.00013687j | E1=-7.71269287+0.00036184j|E2=-7.68391029-0.00032555j|E3=-7.64125710+0.00056295j
#-----------------------------------------#
[Step 321] logΨ: mean=65.721-1.306j | min=61.785-0.102j | max=65.775+0.091j
梯度监控 | raw=2.5505 | natural=0.0007 | clipped=0.0007(上限20.0)
Ψ矩阵条件数 cond(Ψ) = 9.73e+00
Loss=-30.900875 | E0=-7.86265451-0.00012945j | E1=-7.71305363+0.00021477j|E2=-7.68346876-0.00031908j|E3=-7.64169851+0.00056128j
#-----------------------------------------#
[Step 322] logΨ: mean=65.745-1.275j | min=61.814-0.091j | max=65.786+0.085j
梯度监控 | raw=2.3548 | natural=0.0007 | clipped=0.0007(上限20.0)
Ψ矩阵条件数 cond(Ψ) = 9.74e+00
Loss=-30.901214 | E0=-7.86294757-0.00012528j | E1=-7.71309905+0.00021755j|E2=-7.68374589-0.00032316j|E3=-7.64142154+0.00056246j
#-----------------------------------------#
[Step 323] logΨ: mean=65.749-1.358j | min=61.843+3.060j | max=65.798+0.079j
梯度监控 | raw=1.8284 | natural=0.0007 | clipped=0.0007(上限20.0)
Ψ矩阵条件数 cond(Ψ) = 9.74e+00
Loss=-30.900964 | E0=-7.86271277-0.00006743j | E1=-7.71308294+0.00024595j|E2=-7.68346913-0.00031925j|E3=-7.64169867+0.00056125j
#-----------------------------------------#
[Step 324] logΨ: mean=65.755-1.417j | min=61.151-0.014j | max=65.810+0.074j
梯度监控 | raw=2.8998 | natural=0.0007 | clipped=0.0007(上限20.0)
Ψ矩阵条件数 cond(Ψ) = 9.74e+00
Loss=-30.901588 | E0=-7.86288089-0.00006881j | E1=-7.71353946+0.00006349j|E2=-7.68332924-0.00031729j|E3=-7.64183849+0.00056071j
#-----------------------------------------#
[Step 325] logΨ: mean=65.766-1.461j | min=61.896-0.067j | max=65.822+0.068j
梯度监控 | raw=2.9604 | natural=0.0007 | clipped=0.0007(上限20.0)
Ψ矩阵条件数 cond(Ψ) = 9.75e+00
Loss=-30.900955 | E0=-7.86228505-0.00017295j | E1=-7.71350341+0.00009816j|E2=-7.68401925-0.00032727j|E3=-7.64114759+0.00056520j
#-----------------------------------------#
[Step 326] logΨ: mean=65.773-1.614j | min=61.921+3.081j | max=65.834+0.063j
梯度监控 | raw=2.5049 | natural=0.0007 | clipped=0.0007(上限20.0)
Ψ矩阵条件数 cond(Ψ) = 9.75e+00
Loss=-30.901194 | E0=-7.86244708-0.00006152j | E1=-7.71357854+0.00008178j|E2=-7.68341374-0.00031910j|E3=-7.64175435+0.00056183j
#-----------------------------------------#
[Step 327] logΨ: mean=65.784-1.519j | min=61.079+0.095j | max=65.846+0.059j
梯度监控 | raw=1.6769 | natural=0.0006 | clipped=0.0006(上限20.0)
Ψ矩阵条件数 cond(Ψ) = 9.74e+00
Loss=-30.900944 | E0=-7.86236514-0.00002968j | E1=-7.71341014+0.00016451j|E2=-7.68324541-0.00031693j|E3=-7.64192282+0.00056082j
#-----------------------------------------#
[Step 328] logΨ: mean=65.791-1.670j | min=60.681-0.010j | max=65.852+0.047j
梯度监控 | raw=2.0801 | natural=0.0007 | clipped=0.0007(上限20.0)
Ψ矩阵条件数 cond(Ψ) = 9.75e+00
Loss=-30.901173 | E0=-7.86246786-0.00012626j | E1=-7.71353761+0.00012755j|E2=-7.68352493-0.00032057j|E3=-7.64164252+0.00056254j
#-----------------------------------------#
[Step 329] logΨ: mean=65.804-1.629j | min=63.173-3.078j | max=65.864+0.043j
梯度监控 | raw=1.3418 | natural=0.0006 | clipped=0.0006(上限20.0)
Ψ矩阵条件数 cond(Ψ) = 9.74e+00
Loss=-30.900794 | E0=-7.86219332-0.00002743j | E1=-7.71343339+0.00017537j|E2=-7.68344124-0.00031948j|E3=-7.64172591+0.00056206j
#-----------------------------------------#
[Step 330] logΨ: mean=65.786-1.487j | min=63.172-3.082j | max=65.876+0.039j
梯度监控 | raw=5.6813 | natural=0.0006 | clipped=0.0006(上限20.0)
Ψ矩阵条件数 cond(Ψ) = 9.73e+00
Loss=-30.902701 | E0=-7.86252854-0.00002883j | E1=-7.71500517-0.00043083j|E2=-7.68316057-0.00031632j|E3=-7.64200713+0.00056028j
#-----------------------------------------#
[Step 331] logΨ: mean=65.779-1.542j | min=59.291+2.265j | max=65.890+0.030j
梯度监控 | raw=9.4309 | natural=0.0007 | clipped=0.0007(上限20.0)
Ψ矩阵条件数 cond(Ψ) = 9.74e+00
Loss=-30.901958 | E0=-7.86270428-0.00023747j | E1=-7.71435720-0.00016501j|E2=-7.67986709+0.00448317j|E3=-7.64502929-0.00708108j
#-----------------------------------------#
[Step 332] logΨ: mean=65.847-1.536j | min=63.171-3.095j | max=65.902+0.026j
梯度监控 | raw=2.2702 | natural=0.0006 | clipped=0.0006(上限20.0)
Ψ矩阵条件数 cond(Ψ) = 9.74e+00
Loss=-30.901551 | E0=-7.86243893-0.00002652j | E1=-7.71393201+0.00000523j|E2=-7.68375697-0.00031020j|E3=-7.64142348+0.00053904j
#-----------------------------------------#
[Step 333] logΨ: mean=65.847-1.504j | min=63.170-3.099j | max=65.915+0.023j
梯度监控 | raw=2.5813 | natural=0.0006 | clipped=0.0006(上限20.0)
Ψ矩阵条件数 cond(Ψ) = 9.73e+00
Loss=-30.901833 | E0=-7.86256071-0.00002475j | E1=-7.71409331-0.00004807j|E2=-7.68328431-0.00030387j|E3=-7.64189466+0.00053698j
#-----------------------------------------#
[Step 334] logΨ: mean=65.862-1.516j | min=63.169-3.103j | max=65.928+0.019j
梯度监控 | raw=2.4370 | natural=0.0006 | clipped=0.0006(上限20.0)
Ψ矩阵条件数 cond(Ψ) = 9.72e+00
Loss=-30.901365 | E0=-7.86209492-0.00001304j | E1=-7.71408941-0.00003958j|E2=-7.68381208-0.00031086j|E3=-7.64136873+0.00053951j
#-----------------------------------------#
[Step 335] logΨ: mean=65.865-1.501j | min=62.052-0.141j | max=65.940+0.014j
梯度监控 | raw=2.2825 | natural=0.0007 | clipped=0.0007(上限20.0)
Ψ矩阵条件数 cond(Ψ) = 9.73e+00
Loss=-30.901368 | E0=-7.86232893-0.00025258j | E1=-7.71385963+0.00005115j|E2=-7.68336857-0.00030503j|E3=-7.64181070+0.00053732j
#-----------------------------------------#
[Step 336] logΨ: mean=65.896-1.284j | min=63.168-3.112j | max=65.953+0.011j
梯度监控 | raw=1.9073 | natural=0.0006 | clipped=0.0006(上限20.0)
Ψ矩阵条件数 cond(Ψ) = 9.72e+00
Loss=-30.901690 | E0=-7.86250866-0.00001978j | E1=-7.71400154+0.00000327j|E2=-7.68370191-0.00030938j|E3=-7.64147814+0.00053907j
#-----------------------------------------#
[Step 337] logΨ: mean=65.892-1.419j | min=62.081-0.149j | max=65.965+0.006j
梯度监控 | raw=3.3748 | natural=0.0007 | clipped=0.0007(上限20.0)
Ψ矩阵条件数 cond(Ψ) = 9.72e+00
Loss=-30.902113 | E0=-7.86251475-0.00017487j | E1=-7.71441740-0.00014084j|E2=-7.68381197-0.00031085j|E3=-7.64136845+0.00053981j
#-----------------------------------------#
[Step 338] logΨ: mean=65.979-1.626j | min=60.696-2.675j | max=66.025+0.003j
梯度监控 | raw=1.7577 | natural=0.0011 | clipped=0.0011(上限20.0)
Ψ矩阵条件数 cond(Ψ) = 9.73e+00
Loss=-30.902020 | E0=-7.86296147-0.00002765j | E1=-7.71402860+0.00000114j|E2=-7.68377540-0.00030915j|E3=-7.64125427+0.00054272j
#-----------------------------------------#
[Step 339] logΨ: mean=65.966+1.703j | min=61.549-0.023j | max=66.038+3.141j
梯度监控 | raw=2.1944 | natural=0.0006 | clipped=0.0006(上限20.0)
Ψ矩阵条件数 cond(Ψ) = 9.72e+00
Loss=-30.902220 | E0=-7.86283109-0.00002236j | E1=-7.71422261-0.00006367j|E2=-7.68310455-0.00028243j|E3=-7.64206151+0.00050433j
#-----------------------------------------#
[Step 340] logΨ: mean=65.988+1.665j | min=62.163+2.969j | max=66.050+3.137j
梯度监控 | raw=1.3596 | natural=0.0007 | clipped=0.0007(上限20.0)
Ψ矩阵条件数 cond(Ψ) = 9.73e+00
Loss=-30.901281 | E0=-7.86218269-0.00004628j | E1=-7.71393200+0.00004219j|E2=-7.68371968-0.00029087j|E3=-7.64144620+0.00050679j
#-----------------------------------------#
[Step 341] logΨ: mean=66.050+1.721j | min=60.733-2.688j | max=66.110+3.133j
梯度监控 | raw=1.1850 | natural=0.0011 | clipped=0.0011(上限20.0)
Ψ矩阵条件数 cond(Ψ) = 9.74e+00
Loss=-30.901266 | E0=-7.86234818-0.00005006j | E1=-7.71390337+0.00005388j|E2=-7.68357284-0.00028701j|E3=-7.64144188+0.00050956j
#-----------------------------------------#
[Step 342] logΨ: mean=66.539+1.269j | min=60.402+1.967j | max=66.626+2.666j
梯度监控 | raw=8.2760 | natural=0.0202 | clipped=0.0202(上限20.0)
Ψ矩阵条件数 cond(Ψ) = 9.67e+00
Loss=-30.902277 | E0=-7.86309748+0.00025941j | E1=-7.71390752+0.00005213j|E2=-7.68020346+0.00439836j|E3=-7.64506836-0.00698866j
#-----------------------------------------#
[Step 343] logΨ: mean=66.550+1.107j | min=62.631-1.307j | max=66.639+2.659j
梯度监控 | raw=17.2768 | natural=0.0006 | clipped=0.0006(上限20.0)
Ψ矩阵条件数 cond(Ψ) = 9.67e+00
Loss=-30.902297 | E0=-7.86261837-0.00001259j | E1=-7.71386963+0.00008591j|E2=-7.67893591+0.01075460j|E3=-7.64687274-0.01644267j
#-----------------------------------------#
[Step 344] logΨ: mean=66.571+1.122j | min=63.763-0.469j | max=66.652+2.656j
梯度监控 | raw=1.1226 | natural=0.0006 | clipped=0.0006(上限20.0)
Ψ矩阵条件数 cond(Ψ) = 9.66e+00
Loss=-30.901413 | E0=-7.86228435-0.00000139j | E1=-7.71395271+0.00005245j|E2=-7.68277126-0.00023672j|E3=-7.64240499+0.00043550j
#-----------------------------------------#
[Step 345] logΨ: mean=66.615+1.092j | min=62.775-0.658j | max=66.665+2.652j
梯度监控 | raw=1.0897 | natural=0.0006 | clipped=0.0006(上限20.0)
Ψ矩阵条件数 cond(Ψ) = 9.66e+00
Loss=-30.901625 | E0=-7.86250101-0.00004379j | E1=-7.71394287+0.00005873j|E2=-7.68394827-0.00025343j|E3=-7.64123236+0.00043328j
#-----------------------------------------#
[Step 346] logΨ: mean=66.614+1.197j | min=62.793+2.492j | max=66.677+2.649j
梯度监控 | raw=1.0328 | natural=0.0006 | clipped=0.0006(上限20.0)
Ψ矩阵条件数 cond(Ψ) = 9.67e+00
Loss=-30.901467 | E0=-7.86233604-0.00004079j | E1=-7.71395208+0.00005693j|E2=-7.68353558-0.00024762j|E3=-7.64164354+0.00043392j
#-----------------------------------------#
[Step 347] logΨ: mean=66.643+0.888j | min=63.762-0.480j | max=66.690+2.646j
梯度监控 | raw=0.7532 | natural=0.0006 | clipped=0.0006(上限20.0)
Ψ矩阵条件数 cond(Ψ) = 9.66e+00
Loss=-30.901700 | E0=-7.86260399-0.00001190j | E1=-7.71391649+0.00007378j|E2=-7.68378413-0.00025100j|E3=-7.64139571+0.00043380j
#-----------------------------------------#
[Step 348] logΨ: mean=66.651+0.876j | min=62.816+2.485j | max=66.702+2.642j
梯度监控 | raw=1.2400 | natural=0.0006 | clipped=0.0006(上限20.0)
Ψ矩阵条件数 cond(Ψ) = 9.67e+00
Loss=-30.901909 | E0=-7.86265470-0.00004813j | E1=-7.71407417+0.00000648j|E2=-7.68394837-0.00025328j|E3=-7.64123216+0.00043388j
#-----------------------------------------#
[Step 349] logΨ: mean=66.626+1.007j | min=60.374-1.935j | max=66.687+2.782j
梯度监控 | raw=1.0992 | natural=0.0021 | clipped=0.0021(上限20.0)
Ψ矩阵条件数 cond(Ψ) = 9.64e+00
Loss=-30.901689 | E0=-7.86245968-0.00005768j | E1=-7.71405031+0.00001917j|E2=-7.68359077-0.00024881j|E3=-7.64158863+0.00043326j
#-----------------------------------------#
[Step 350] logΨ: mean=66.629+1.041j | min=62.822-0.498j | max=66.700+2.779j
梯度监控 | raw=1.7127 | natural=0.0006 | clipped=0.0006(上限20.0)
Ψ矩阵条件数 cond(Ψ) = 9.64e+00
Loss=-30.902157 | E0=-7.86275760-0.00011565j | E1=-7.71421973-0.00005271j|E2=-7.68356371-0.00024818j|E3=-7.64161579+0.00043421j
#-----------------------------------------#
[Step 351] logΨ: mean=66.660+1.034j | min=61.630+2.803j | max=66.712+2.775j
梯度监控 | raw=0.4019 | natural=0.0006 | clipped=0.0006(上限20.0)
Ψ矩阵条件数 cond(Ψ) = 9.64e+00
Loss=-30.901768 | E0=-7.86272711-0.00004924j | E1=-7.71386226+0.00009953j|E2=-7.68328443-0.00024457j|E3=-7.64189421+0.00043399j
#-----------------------------------------#
[Step 352] logΨ: mean=66.671+1.007j | min=62.292+2.762j | max=66.725+2.772j
梯度监控 | raw=0.8316 | natural=0.0006 | clipped=0.0006(上限20.0)
Ψ矩阵条件数 cond(Ψ) = 9.64e+00
Loss=-30.901850 | E0=-7.86264426-0.00004890j | E1=-7.71402606+0.00003171j|E2=-7.68372936-0.00025018j|E3=-7.64145025+0.00043449j
#-----------------------------------------#
[Step 353] logΨ: mean=66.661+0.992j | min=62.870+2.660j | max=66.737+2.769j
梯度监控 | raw=1.4964 | natural=0.0006 | clipped=0.0006(上限20.0)
Ψ矩阵条件数 cond(Ψ) = 9.65e+00
Loss=-30.902044 | E0=-7.86260237-0.00004942j | E1=-7.71426245-0.00006647j|E2=-7.68353594-0.00024805j|E3=-7.64164327+0.00043444j
#-----------------------------------------#
[Step 354] logΨ: mean=66.688+1.046j | min=63.732+2.780j | max=66.750+2.766j
梯度监控 | raw=0.6707 | natural=0.0005 | clipped=0.0005(上限20.0)
Ψ矩阵条件数 cond(Ψ) = 9.64e+00
Loss=-30.901636 | E0=-7.86243007-0.00002304j | E1=-7.71402703+0.00003346j|E2=-7.68348038-0.00024717j|E3=-7.64169876+0.00043442j
#-----------------------------------------#
[Step 355] logΨ: mean=66.711+1.179j | min=63.732+2.777j | max=66.762+2.763j
梯度监控 | raw=0.8660 | natural=0.0005 | clipped=0.0005(上限20.0)
Ψ矩阵条件数 cond(Ψ) = 9.63e+00
Loss=-30.902034 | E0=-7.86274392-0.00002421j | E1=-7.71411028-0.00000123j|E2=-7.68386682-0.00025197j|E3=-7.64131346+0.00043513j
#-----------------------------------------#
[Step 356] logΨ: mean=66.726+1.004j | min=63.731-0.367j | max=66.775+2.760j
梯度监控 | raw=0.7412 | natural=0.0005 | clipped=0.0005(上限20.0)
Ψ矩阵条件数 cond(Ψ) = 9.63e+00
Loss=-30.901963 | E0=-7.86269815-0.00001950j | E1=-7.71408507+0.00001001j|E2=-7.68394847-0.00025279j|E3=-7.64123157+0.00043552j
#-----------------------------------------#
[Step 357] logΨ: mean=66.741+1.010j | min=62.901-0.522j | max=66.787+2.757j
梯度监控 | raw=0.7022 | natural=0.0006 | clipped=0.0006(上限20.0)
Ψ矩阵条件数 cond(Ψ) = 9.63e+00
Loss=-30.901619 | E0=-7.86246286-0.00014079j | E1=-7.71397605+0.00005638j|E2=-7.68408431-0.00025453j|E3=-7.64109600+0.00043582j
#-----------------------------------------#
[Step 358] logΨ: mean=66.749+0.976j | min=63.731-0.373j | max=66.800+2.755j
梯度监控 | raw=0.5668 | natural=0.0005 | clipped=0.0005(上限20.0)
Ψ矩阵条件数 cond(Ψ) = 9.62e+00
Loss=-30.901968 | E0=-7.86273070-0.00001934j | E1=-7.71405786+0.00002242j|E2=-7.68370194-0.00024993j|E3=-7.64147733+0.00043497j
#-----------------------------------------#
[Step 359] logΨ: mean=66.755+1.175j | min=63.731-0.376j | max=66.813+2.752j
梯度监控 | raw=0.5953 | natural=0.0005 | clipped=0.0005(上限20.0)
Ψ矩阵条件数 cond(Ψ) = 9.62e+00
Loss=-30.901703 | E0=-7.86244657-0.00000876j | E1=-7.71407680+0.00001553j|E2=-7.68375709-0.00025052j|E3=-7.64142246+0.00043524j
#-----------------------------------------#
[Step 360] logΨ: mean=66.531+1.215j | min=60.148-0.134j | max=66.643+2.807j
梯度监控 | raw=4.5545 | natural=0.0199 | clipped=0.0199(上限20.0)
Ψ矩阵条件数 cond(Ψ) = 9.69e+00
Loss=-30.917676 | E0=-7.87871298+0.00529224j | E1=-7.71406380-0.00001516j|E2=-7.68353384-0.00023971j|E3=-7.64136584+0.00044418j
#-----------------------------------------#
[Step 361] logΨ: mean=66.581+0.755j | min=62.759-0.480j | max=66.655+2.804j
梯度监控 | raw=0.5221 | natural=0.0006 | clipped=0.0006(上限20.0)
Ψ矩阵条件数 cond(Ψ) = 9.69e+00
Loss=-30.901965 | E0=-7.86273769-0.00004161j | E1=-7.71406016+0.00002345j|E2=-7.68278985-0.00022453j|E3=-7.64237718+0.00040786j
#-----------------------------------------#
[Step 362] logΨ: mean=66.609+0.578j | min=63.551-0.328j | max=66.667+2.802j
梯度监控 | raw=0.4656 | natural=0.0005 | clipped=0.0005(上限20.0)
Ψ矩阵条件数 cond(Ψ) = 9.68e+00
Loss=-30.901928 | E0=-7.86268563-0.00001002j | E1=-7.71407574+0.00001746j|E2=-7.68349749-0.00023258j|E3=-7.64166887+0.00040870j
#-----------------------------------------#
[Step 363] logΨ: mean=66.623+0.566j | min=62.778-0.487j | max=66.680+2.799j
梯度监控 | raw=0.5536 | natural=0.0006 | clipped=0.0006(上限20.0)
Ψ矩阵条件数 cond(Ψ) = 9.69e+00
Loss=-30.902031 | E0=-7.86283255-0.00011286j | E1=-7.71403199+0.00003586j|E2=-7.68335799-0.00023091j|E3=-7.64180864+0.00040855j
#-----------------------------------------#
[Step 364] logΨ: mean=66.643+0.668j | min=63.550-0.334j | max=66.692+2.796j
梯度监控 | raw=0.3258 | natural=0.0005 | clipped=0.0005(上限20.0)
Ψ矩阵条件数 cond(Ψ) = 9.68e+00
Loss=-30.902131 | E0=-7.86291229-0.00001461j | E1=-7.71405212+0.00002728j|E2=-7.68349750-0.00023256j|E3=-7.64166883+0.00040878j
#-----------------------------------------#
[Step 365] logΨ: mean=66.646+0.661j | min=62.302+2.794j | max=66.704+2.794j
梯度监控 | raw=0.6596 | natural=0.0005 | clipped=0.0005(上限20.0)
Ψ矩阵条件数 cond(Ψ) = 9.68e+00
Loss=-30.902125 | E0=-7.86278908-0.00000901j | E1=-7.71417067-0.00002230j|E2=-7.68391064-0.00023716j|E3=-7.64125487+0.00040988j
#-----------------------------------------#
[Step 366] logΨ: mean=66.658+0.630j | min=63.550-0.340j | max=66.717+2.791j
梯度监控 | raw=0.3127 | natural=0.0005 | clipped=0.0005(上限20.0)
Ψ矩阵条件数 cond(Ψ) = 9.67e+00
Loss=-30.901975 | E0=-7.86274330-0.00000360j | E1=-7.71406502+0.00002277j|E2=-7.68330183-0.00023073j|E3=-7.64186447+0.00040870j
#-----------------------------------------#
[Step 367] logΨ: mean=66.669+0.754j | min=62.805-0.524j | max=66.729+2.788j
梯度监控 | raw=0.6062 | natural=0.0006 | clipped=0.0006(上限20.0)
Ψ矩阵条件数 cond(Ψ) = 9.67e+00
Loss=-30.902156 | E0=-7.86288347-0.00008794j | E1=-7.71410659+0.00000508j|E2=-7.68349765-0.00023293j|E3=-7.64166866+0.00040923j
#-----------------------------------------#
[Step 368] logΨ: mean=66.683+0.827j | min=62.343+2.788j | max=66.741+2.786j
梯度监控 | raw=0.6607 | natural=0.0006 | clipped=0.0006(上限20.0)
Ψ矩阵条件数 cond(Ψ) = 9.68e+00
Loss=-30.902164 | E0=-7.86282843-0.00004576j | E1=-7.71416972-0.00002126j|E2=-7.68401986-0.00023847j|E3=-7.64114605+0.00041093j
#-----------------------------------------#
[Step 369] logΨ: mean=66.682+0.684j | min=62.838-0.506j | max=66.753+2.783j
梯度监控 | raw=1.0206 | natural=0.0006 | clipped=0.0006(上限20.0)
Ψ矩阵条件数 cond(Ψ) = 9.68e+00
Loss=-30.902322 | E0=-7.86294243-0.00015499j | E1=-7.71421328-0.00003900j|E2=-7.68391100-0.00023751j|E3=-7.64125497+0.00041085j
#-----------------------------------------#
[Step 370] logΨ: mean=66.709+0.630j | min=63.550-0.352j | max=66.765+2.780j
梯度监控 | raw=0.3171 | natural=0.0005 | clipped=0.0005(上限20.0)
Ψ矩阵条件数 cond(Ψ) = 9.68e+00
Loss=-30.902037 | E0=-7.86277307-0.00001136j | E1=-7.71409771+0.00000943j|E2=-7.68352553-0.00023345j|E3=-7.64164080+0.00040950j
#-----------------------------------------#
[Step 371] logΨ: mean=66.738+0.795j | min=63.550-0.355j | max=66.778+2.778j
梯度监控 | raw=0.2190 | natural=0.0005 | clipped=0.0005(上限20.0)
Ψ矩阵条件数 cond(Ψ) = 9.67e+00
Loss=-30.902122 | E0=-7.86288237-0.00001064j | E1=-7.71407332+0.00001940j|E2=-7.68388380-0.00023715j|E3=-7.64128236+0.00041079j
#-----------------------------------------#
[Step 372] logΨ: mean=66.715+0.876j | min=62.861+2.614j | max=66.790+2.775j
梯度监控 | raw=1.0677 | natural=0.0006 | clipped=0.0006(上限20.0)
Ψ矩阵条件数 cond(Ψ) = 9.68e+00
Loss=-30.902205 | E0=-7.86288708-0.00024166j | E1=-7.71415212-0.00001284j|E2=-7.68352534-0.00023337j|E3=-7.64164063+0.00040974j
#-----------------------------------------#
[Step 373] logΨ: mean=66.747+1.025j | min=62.410-0.365j | max=66.802+2.773j
梯度监控 | raw=0.5073 | natural=0.0005 | clipped=0.0005(上限20.0)
Ψ矩阵条件数 cond(Ψ) = 9.68e+00
Loss=-30.902038 | E0=-7.86274902-0.00007879j | E1=-7.71412276-0.00000041j|E2=-7.68396549-0.00023760j|E3=-7.64120037+0.00041166j
#-----------------------------------------#
[Step 374] logΨ: mean=66.739+1.016j | min=61.448-0.358j | max=66.814+2.765j
梯度监控 | raw=6.9303 | natural=0.0006 | clipped=0.0006(上限20.0)
Ψ矩阵条件数 cond(Ψ) = 9.69e+00
Loss=-30.902540 | E0=-7.86278475-0.00007715j | E1=-7.71411327+0.00000331j|E2=-7.68028606+0.00364201j|E3=-7.64535549-0.00578912j
#-----------------------------------------#
[Step 375] logΨ: mean=66.758+1.140j | min=62.436+2.768j | max=66.826+2.763j
梯度监控 | raw=0.2635 | natural=0.0005 | clipped=0.0005(上限20.0)
Ψ矩阵条件数 cond(Ψ) = 9.68e+00
Loss=-30.901812 | E0=-7.86252951-0.00000760j | E1=-7.71410481+0.00000759j|E2=-7.68328468-0.00022096j|E3=-7.64189332+0.00039129j
#-----------------------------------------#
[Step 376] logΨ: mean=66.780+1.186j | min=64.538-0.385j | max=66.826+2.763j
梯度监控 | raw=0.2044 | natural=0.0000 | clipped=0.0000(上限20.0)
Ψ矩阵条件数 cond(Ψ) = 9.68e+00
Loss=-30.902219 | E0=-7.86294334-0.00001528j | E1=-7.71409645+0.00000972j|E2=-7.68367458-0.00022515j|E3=-7.64150448+0.00039248j
#-----------------------------------------#
[Step 377] logΨ: mean=66.773+1.213j | min=63.550-0.374j | max=66.838+2.760j
梯度监控 | raw=0.2655 | natural=0.0005 | clipped=0.0005(上限20.0)
Ψ矩阵条件数 cond(Ψ) = 9.67e+00
Loss=-30.901935 | E0=-7.86263855-0.00000701j | E1=-7.71411818+0.00000210j|E2=-7.68342484-0.00022273j|E3=-7.64175361+0.00039174j
#-----------------------------------------#
[Step 378] logΨ: mean=66.764+1.206j | min=62.462-0.378j | max=66.850+2.758j
梯度监控 | raw=1.3907 | natural=0.0005 | clipped=0.0005(上限20.0)
Ψ矩阵条件数 cond(Ψ) = 9.68e+00
Loss=-30.902178 | E0=-7.86285235-0.00037437j | E1=-7.71414763-0.00000973j|E2=-7.68336888-0.00022222j|E3=-7.64180916+0.00039172j
#-----------------------------------------#
[Step 379] logΨ: mean=66.824+1.344j | min=62.933+2.614j | max=66.862+2.755j
梯度监控 | raw=0.3055 | natural=0.0005 | clipped=0.0005(上限20.0)
Ψ矩阵条件数 cond(Ψ) = 9.68e+00
Loss=-30.902187 | E0=-7.86292498-0.00008120j | E1=-7.71408223+0.00001594j|E2=-7.68392163-0.00022811j|E3=-7.64125806+0.00039417j
#-----------------------------------------#
[Step 380] logΨ: mean=66.800+1.425j | min=60.541-1.117j | max=66.874+2.748j
梯度监控 | raw=3.5522 | natural=0.0006 | clipped=0.0006(上限20.0)
Ψ矩阵条件数 cond(Ψ) = 9.69e+00
Loss=-30.902474 | E0=-7.86297184-0.00020403j | E1=-7.71412878-0.00000231j|E2=-7.68220144+0.00081554j|E3=-7.64317162-0.00136720j
#-----------------------------------------#
[Step 381] logΨ: mean=66.794+1.527j | min=62.487+2.754j | max=66.873+2.748j
梯度监控 | raw=0.4276 | natural=0.0001 | clipped=0.0001(上限20.0)
Ψ矩阵条件数 cond(Ψ) = 9.69e+00
Loss=-30.902307 | E0=-7.86294579-0.00004979j | E1=-7.71417109-0.00001985j|E2=-7.68335249-0.00021284j|E3=-7.64183729+0.00037499j
#-----------------------------------------#
[Step 382] logΨ: mean=66.814+1.536j | min=61.254-0.400j | max=66.872+2.740j
梯度监控 | raw=0.1558 | natural=0.0005 | clipped=0.0005(上限20.0)
Ψ矩阵条件数 cond(Ψ) = 9.70e+00
Loss=-30.901906 | E0=-7.86260695-0.00004062j | E1=-7.71410839+0.00001257j|E2=-7.68343633-0.00021382j|E3=-7.64175391+0.00037545j
#-----------------------------------------#
[Step 383] logΨ: mean=66.826+1.405j | min=62.499+2.744j | max=66.884+2.737j
梯度监控 | raw=0.3003 | natural=0.0005 | clipped=0.0005(上限20.0)
Ψ矩阵条件数 cond(Ψ) = 9.70e+00
Loss=-30.902186 | E0=-7.86287874-0.00007146j | E1=-7.71411640+0.00000235j|E2=-7.68354776-0.00021496j|E3=-7.64164325+0.00037588j
#-----------------------------------------#
[Step 384] logΨ: mean=66.831+1.078j | min=62.983+2.636j | max=66.896+2.735j
梯度监控 | raw=0.2025 | natural=0.0005 | clipped=0.0005(上限20.0)
Ψ矩阵条件数 cond(Ψ) = 9.71e+00
Loss=-30.902128 | E0=-7.86282872-0.00004613j | E1=-7.71411044+0.00000479j|E2=-7.68315531-0.00021132j|E3=-7.64203315+0.00037505j
#-----------------------------------------#
[Step 385] logΨ: mean=66.856+0.860j | min=62.523-0.402j | max=66.907+2.732j
梯度监控 | raw=0.2698 | natural=0.0005 | clipped=0.0005(上限20.0)
Ψ矩阵条件数 cond(Ψ) = 9.71e+00
Loss=-30.902221 | E0=-7.86290931-0.00006847j | E1=-7.71411917+0.00000111j|E2=-7.68385069-0.00021797j|E3=-7.64134157+0.00037714j
#-----------------------------------------#
[Step 386] logΨ: mean=66.865+0.782j | min=64.626-0.413j | max=66.907+2.732j
梯度监控 | raw=0.0794 | natural=0.0000 | clipped=0.0000(上限20.0)
Ψ矩阵条件数 cond(Ψ) = 9.71e+00
Loss=-30.902213 | E0=-7.86292789-0.00002852j | E1=-7.71409416+0.00001149j|E2=-7.68357546-0.00021532j|E3=-7.64161557+0.00037656j
#-----------------------------------------#
[Step 387] logΨ: mean=66.872+0.978j | min=60.909-0.487j | max=66.919+2.730j
梯度监控 | raw=0.2272 | natural=0.0005 | clipped=0.0005(上限20.0)
Ψ矩阵条件数 cond(Ψ) = 9.71e+00
Loss=-30.902138 | E0=-7.86283227-0.00006542j | E1=-7.71411281+0.00000398j|E2=-7.68398707-0.00021928j|E3=-7.64120588+0.00037805j
#-----------------------------------------#
[Step 388] logΨ: mean=66.866+1.229j | min=63.026+2.647j | max=66.930+2.727j
梯度监控 | raw=0.2020 | natural=0.0005 | clipped=0.0005(上限20.0)
Ψ矩阵条件数 cond(Ψ) = 9.71e+00
Loss=-30.902176 | E0=-7.86285944-0.00004718j | E1=-7.71412647-0.00000156j|E2=-7.68343654-0.00021541j|E3=-7.64175394+0.00037784j
#-----------------------------------------#
[Step 389] logΨ: mean=66.893+1.155j | min=62.560-0.409j | max=66.942+2.725j
梯度监控 | raw=0.0896 | natural=0.0004 | clipped=0.0004(上限20.0)
Ψ矩阵条件数 cond(Ψ) = 9.71e+00
Loss=-30.902033 | E0=-7.86274032-0.00002876j | E1=-7.71410186+0.00000857j|E2=-7.68357547-0.00021649j|E3=-7.64161551+0.00037839j
#-----------------------------------------#
[Step 390] logΨ: mean=66.892+1.126j | min=61.434-0.404j | max=66.954+2.723j
梯度监控 | raw=0.2019 | natural=0.0004 | clipped=0.0004(上限20.0)
Ψ矩阵条件数 cond(Ψ) = 9.70e+00
Loss=-30.902052 | E0=-7.86273543-0.00002578j | E1=-7.71412543-0.00000072j|E2=-7.68360304-0.00021696j|E3=-7.64158782+0.00037880j
#-----------------------------------------#
[Step 391] logΨ: mean=66.556+1.219j | min=60.368+2.106j | max=66.674+2.779j
梯度监控 | raw=12.1409 | natural=0.0238 | clipped=0.0238(上限20.0)
Ψ矩阵条件数 cond(Ψ) = 9.80e+00
Loss=-30.908216 | E0=-7.86806899+0.00173350j | E1=-7.71411743-0.00000409j|E2=-7.67715661+0.00848802j|E3=-7.64887258-0.01234134j
#-----------------------------------------#
[Step 392] logΨ: mean=66.633+1.417j | min=63.247+2.780j | max=66.685+2.777j
梯度监控 | raw=0.1035 | natural=0.0004 | clipped=0.0004(上限20.0)
Ψ矩阵条件数 cond(Ψ) = 9.80e+00
Loss=-30.902247 | E0=-7.86292585-0.00002011j | E1=-7.71411715+0.00000217j|E2=-7.68367039-0.00020789j|E3=-7.64153347+0.00036149j
#-----------------------------------------#
[Step 393] logΨ: mean=66.638+1.476j | min=62.771-0.470j | max=66.696+2.774j
梯度监控 | raw=0.2743 | natural=0.0005 | clipped=0.0005(上限20.0)
Ψ矩阵条件数 cond(Ψ) = 9.80e+00
Loss=-30.902040 | E0=-7.86272805-0.00008271j | E1=-7.71411036+0.00001033j|E2=-7.68347630-0.00020601j|E3=-7.64172579+0.00036092j
#-----------------------------------------#
[Step 394] logΨ: mean=66.642+1.587j | min=60.955+2.763j | max=66.690+2.764j
梯度监控 | raw=0.1330 | natural=0.0005 | clipped=0.0005(上限20.0)
Ψ矩阵条件数 cond(Ψ) = 9.81e+00
Loss=-30.902161 | E0=-7.86281806-0.00003892j | E1=-7.71413547+0.00000031j|E2=-7.68418806-0.00021247j|E3=-7.64101952+0.00036338j
#-----------------------------------------#
[Step 395] logΨ: mean=66.638+1.567j | min=62.780-0.469j | max=66.701+2.762j
梯度监控 | raw=0.2009 | natural=0.0005 | clipped=0.0005(上限20.0)
Ψ矩阵条件数 cond(Ψ) = 9.82e+00
Loss=-30.902144 | E0=-7.86282321-0.00005921j | E1=-7.71411833+0.00000208j|E2=-7.68344857-0.00020586j|E3=-7.64175345+0.00036094j
#-----------------------------------------#
[Step 396] logΨ: mean=66.653+1.582j | min=63.230+2.762j | max=66.713+2.760j
梯度监控 | raw=0.0959 | natural=0.0004 | clipped=0.0004(上限20.0)
Ψ矩阵条件数 cond(Ψ) = 9.81e+00
Loss=-30.902018 | E0=-7.86269966-0.00001852j | E1=-7.71411594+0.00000553j|E2=-7.68347633-0.00020603j|E3=-7.64172570+0.00036103j
#-----------------------------------------#
[Step 397] logΨ: mean=66.671+1.566j | min=63.230+2.760j | max=66.724+2.757j
梯度监控 | raw=0.0484 | natural=0.0004 | clipped=0.0004(上限20.0)
Ψ矩阵条件数 cond(Ψ) = 9.81e+00
Loss=-30.902182 | E0=-7.86287331-0.00001848j | E1=-7.71410782+0.00001024j|E2=-7.68319646-0.00020368j|E3=-7.64200415+0.00035989j
#-----------------------------------------#
[Step 398] logΨ: mean=66.670+1.558j | min=64.448-0.387j | max=66.724+2.757j
梯度监控 | raw=0.0946 | natural=0.0000 | clipped=0.0000(上限20.0)
Ψ矩阵条件数 cond(Ψ) = 9.81e+00
Loss=-30.902268 | E0=-7.86294033-0.00001830j | E1=-7.71412269-0.00000336j|E2=-7.68388968-0.00020972j|E3=-7.64131501+0.00036266j
#-----------------------------------------#
[Step 399] logΨ: mean=66.690+1.569j | min=63.230-0.384j | max=66.735+2.755j
梯度监控 | raw=0.0630 | natural=0.0004 | clipped=0.0004(上限20.0)
Ψ矩阵条件数 cond(Ψ) = 9.80e+00
Loss=-30.902076 | E0=-7.86276096-0.00001316j | E1=-7.71411115+0.00000846j|E2=-7.68372526-0.00020808j|E3=-7.64147821+0.00036202j
#-----------------------------------------#
[Step 400] logΨ: mean=66.671+1.552j | min=63.231-0.386j | max=66.747+2.754j
梯度监控 | raw=0.0683 | natural=0.0004 | clipped=0.0004(上限20.0)
Ψ矩阵条件数 cond(Ψ) = 9.80e+00
Loss=-30.902177 | E0=-7.86286314-0.00001321j | E1=-7.71411650+0.00000285j|E2=-7.68262488-0.00019909j|E3=-7.64257271+0.00035765j
#-----------------------------------------#
[Step 401] logΨ: mean=66.705+1.552j | min=62.806+2.626j | max=66.758+2.751j
梯度监控 | raw=0.1536 | natural=0.0005 | clipped=0.0005(上限20.0)
Ψ矩阵条件数 cond(Ψ) = 9.80e+00
Loss=-30.902087 | E0=-7.86276335-0.00003668j | E1=-7.71411867+0.00000186j|E2=-7.68386251-0.00020935j|E3=-7.64134204+0.00036268j
#-----------------------------------------#
[Step 402] logΨ: mean=66.704+1.539j | min=62.379+2.759j | max=66.757+2.751j
梯度监控 | raw=0.1409 | natural=0.0001 | clipped=0.0001(上限20.0)
Ψ矩阵条件数 cond(Ψ) = 9.11e+00
Loss=-30.902262 | E0=-7.86293997-0.00004242j | E1=-7.71411826+0.00000103j|E2=-7.68369806-0.00020808j|E3=-7.64150560+0.00036195j
#-----------------------------------------#
[Step 403] logΨ: mean=66.721+1.398j | min=62.824-0.501j | max=66.768+2.749j
梯度监控 | raw=0.2048 | natural=0.0005 | clipped=0.0005(上限20.0)
Ψ矩阵条件数 cond(Ψ) = 9.81e+00
Loss=-30.902237 | E0=-7.86291583-0.00006645j | E1=-7.71411663+0.00000268j|E2=-7.68394401-0.00021020j|E3=-7.64126043+0.00036350j
#-----------------------------------------#
[Step 404] logΨ: mean=66.693+1.516j | min=60.496-1.027j | max=66.781+2.737j
梯度监控 | raw=1.0717 | natural=0.0006 | clipped=0.0006(上限20.0)
Ψ矩阵条件数 cond(Ψ) = 9.80e+00
Loss=-30.902012 | E0=-7.86279685-0.00003872j | E1=-7.71412283-0.00000086j|E2=-7.68229894+0.00000595j|E3=-7.64279365-0.00002196j
#-----------------------------------------#
[Step 405] logΨ: mean=66.712+1.353j | min=62.413+2.743j | max=66.791+2.735j
梯度监控 | raw=0.1475 | natural=0.0004 | clipped=0.0004(上限20.0)
Ψ矩阵条件数 cond(Ψ) = 9.80e+00
Loss=-30.902240 | E0=-7.86290087-0.00004195j | E1=-7.71412704-0.00000611j|E2=-7.68334954-0.00019638j|E3=-7.64186236+0.00034493j
#-----------------------------------------#
[Step 406] logΨ: mean=66.729+1.341j | min=62.856+2.647j | max=66.791+2.735j
梯度监控 | raw=0.1032 | natural=0.0001 | clipped=0.0001(上限20.0)
Ψ矩阵条件数 cond(Ψ) = 9.80e+00
Loss=-30.902260 | E0=-7.86293346-0.00004198j | E1=-7.71411570+0.00000310j|E2=-7.68315316-0.00019483j|E3=-7.64205794+0.00034446j
#-----------------------------------------#
[Step 407] logΨ: mean=66.725+1.355j | min=62.869-0.491j | max=66.802+2.732j
梯度监控 | raw=0.2797 | natural=0.0004 | clipped=0.0004(上限20.0)
Ψ矩阵条件数 cond(Ψ) = 9.81e+00
Loss=-30.902151 | E0=-7.86281855-0.00009467j | E1=-7.71412119-0.00000014j|E2=-7.68318119-0.00019505j|E3=-7.64202975+0.00034464j
#-----------------------------------------#
[Step 408] logΨ: mean=66.740+1.625j | min=62.882+2.654j | max=66.813+2.730j
梯度监控 | raw=0.2174 | natural=0.0004 | clipped=0.0004(上限20.0)
Ψ矩阵条件数 cond(Ψ) = 9.81e+00
Loss=-30.902179 | E0=-7.86284214-0.00007441j | E1=-7.71412358-0.00000297j|E2=-7.68357220-0.00019845j|E3=-7.64164145+0.00034593j
#-----------------------------------------#
[Step 409] logΨ: mean=66.752+1.872j | min=62.446+2.736j | max=66.824+2.728j
梯度监控 | raw=0.0590 | natural=0.0004 | clipped=0.0004(上限20.0)
Ψ矩阵条件数 cond(Ψ) = 9.80e+00
Loss=-30.902114 | E0=-7.86278353-0.00002396j | E1=-7.71411985+0.00000143j|E2=-7.68306836-0.00019404j|E3=-7.64214221+0.00034428j
#-----------------------------------------#
[Step 410] logΨ: mean=66.787+1.756j | min=62.456-0.407j | max=66.835+2.726j
梯度监控 | raw=0.0814 | natural=0.0004 | clipped=0.0004(上限20.0)
Ψ矩阵条件数 cond(Ψ) = 9.81e+00
Loss=-30.902219 | E0=-7.86289087-0.00004086j | E1=-7.71411446+0.00000465j|E2=-7.68359993-0.00019893j|E3=-7.64161419+0.00034700j
#-----------------------------------------#
[Step 411] logΨ: mean=66.787+1.709j | min=62.467+2.732j | max=66.845+2.723j
梯度监控 | raw=0.2989 | natural=0.0004 | clipped=0.0004(上限20.0)
Ψ矩阵条件数 cond(Ψ) = 9.81e+00
Loss=-30.902151 | E0=-7.86281611-0.00010674j | E1=-7.71411926+0.00000161j|E2=-7.68387421-0.00020127j|E3=-7.64134130+0.00034866j
#-----------------------------------------#
[Step 412] logΨ: mean=66.787+1.711j | min=64.571-0.419j | max=66.845+2.723j
梯度监控 | raw=0.0334 | natural=0.0000 | clipped=0.0000(上限20.0)
Ψ矩阵条件数 cond(Ψ) = 9.81e+00
Loss=-30.902241 | E0=-7.86291397-0.00002589j | E1=-7.71411550+0.00000320j|E2=-7.68318150-0.00019631j|E3=-7.64203039+0.00034646j
#-----------------------------------------#
[Step 413] logΨ: mean=66.776+1.754j | min=62.924-0.491j | max=66.856+2.721j
梯度监控 | raw=0.1963 | natural=0.0004 | clipped=0.0004(上限20.0)
Ψ矩阵条件数 cond(Ψ) = 9.81e+00
Loss=-30.902169 | E0=-7.86283256-0.00007165j | E1=-7.71412378-0.00000318j|E2=-7.68343341-0.00019853j|E3=-7.64177956+0.00034756j
#-----------------------------------------#
[Step 414] logΨ: mean=66.811+1.729j | min=64.581-0.421j | max=66.856+2.721j
梯度监控 | raw=0.0251 | natural=0.0000 | clipped=0.0000(上限20.0)
Ψ矩阵条件数 cond(Ψ) = 9.81e+00
Loss=-30.902242 | E0=-7.86291247-0.00002690j | E1=-7.71411522+0.00000368j|E2=-7.68365513-0.00020006j|E3=-7.64155943+0.00034845j
#-----------------------------------------#
[Step 415] logΨ: mean=66.811+1.739j | min=63.230+2.719j | max=66.867+2.719j
梯度监控 | raw=0.0291 | natural=0.0004 | clipped=0.0004(上限20.0)
Ψ矩阵条件数 cond(Ψ) = 9.81e+00
Loss=-30.902208 | E0=-7.86287851-0.00002678j | E1=-7.71411619+0.00000288j|E2=-7.68335002-0.00019780j|E3=-7.64186299+0.00034701j
#-----------------------------------------#
[Step 416] logΨ: mean=66.800+1.498j | min=62.489-0.414j | max=66.867+2.719j
梯度监控 | raw=0.0336 | natural=0.0000 | clipped=0.0000(上限20.0)
Ψ矩阵条件数 cond(Ψ) = 9.81e+00
Loss=-30.902239 | E0=-7.86290799-0.00002519j | E1=-7.71411881+0.00000060j|E2=-7.68326611-0.00019713j|E3=-7.64194656+0.00034683j
#-----------------------------------------#
[Step 417] logΨ: mean=66.444+1.539j | min=61.958+2.925j | max=66.508+2.767j
梯度监控 | raw=2.8056 | natural=0.0226 | clipped=0.0226(上限20.0)
Ψ矩阵条件数 cond(Ψ) = 9.92e+00
Loss=-30.904993 | E0=-7.86530866+0.00068229j | E1=-7.71410206+0.00000136j|E2=-7.68131376+0.00111087j|E3=-7.64426831-0.00181378j
#-----------------------------------------#
[Step 418] logΨ: mean=66.467+1.593j | min=62.573-0.447j | max=66.507+2.767j
梯度监控 | raw=0.1305 | natural=0.0000 | clipped=0.0000(上限20.0)
Ψ矩阵条件数 cond(Ψ) = 9.93e+00
Loss=-30.902312 | E0=-7.86296747-0.00005218j | E1=-7.71411628+0.00000652j|E2=-7.68396851-0.00019459j|E3=-7.64125941+0.00033477j
#-----------------------------------------#
[Step 419] logΨ: mean=66.447+1.543j | min=60.480+2.707j | max=66.518+2.765j
梯度监控 | raw=0.1428 | natural=0.0004 | clipped=0.0004(上限20.0)
Ψ矩阵条件数 cond(Ψ) = 9.93e+00
Loss=-30.902141 | E0=-7.86280001-0.00004872j | E1=-7.71411730-0.00000100j|E2=-7.68336329-0.00018967j|E3=-7.64186038+0.00033280j
#-----------------------------------------#
[Step 420] logΨ: mean=66.485+1.576j | min=62.152-0.371j | max=66.528+2.763j
梯度监控 | raw=0.0325 | natural=0.0004 | clipped=0.0004(上限20.0)
Ψ矩阵条件数 cond(Ψ) = 9.92e+00
Loss=-30.902232 | E0=-7.86288772-0.00002104j | E1=-7.71411854+0.00001069j|E2=-7.68361276-0.00019261j|E3=-7.64161272+0.00033553j
#-----------------------------------------#
[Step 421] logΨ: mean=66.489+1.482j | min=62.162+2.768j | max=66.538+2.761j
梯度监控 | raw=0.1340 | natural=0.0004 | clipped=0.0004(上限20.0)
Ψ矩阵条件数 cond(Ψ) = 9.92e+00
Loss=-30.902207 | E0=-7.86286207-0.00005069j | E1=-7.71411715+0.00000276j|E2=-7.68396806-0.00019582j|E3=-7.64125945+0.00033764j
#-----------------------------------------#
[Step 422] logΨ: mean=66.500+1.531j | min=62.601-0.449j | max=66.538+2.761j
梯度监控 | raw=0.0829 | natural=0.0000 | clipped=0.0000(上限20.0)
Ψ矩阵条件数 cond(Ψ) = 9.93e+00
Loss=-30.902298 | E0=-7.86295357-0.00003686j | E1=-7.71411512+0.00000171j|E2=-7.68429098-0.00019865j|E3=-7.64093858+0.00033967j
#-----------------------------------------#
[Step 423] logΨ: mean=66.476+1.561j | min=62.603+2.697j | max=66.538+2.761j
梯度监控 | raw=0.0806 | natural=0.0000 | clipped=0.0000(上限20.0)
Ψ矩阵条件数 cond(Ψ) = 9.93e+00
Loss=-30.902292 | E0=-7.86295381-0.00003678j | E1=-7.71411505+0.00000129j|E2=-7.68330694-0.00019111j|E3=-7.64191627+0.00033539j
#-----------------------------------------#
[Step 424] logΨ: mean=66.470+1.693j | min=62.161+2.768j | max=66.538+2.761j
梯度监控 | raw=0.1548 | natural=0.0000 | clipped=0.0000(上限20.0)
Ψ矩阵条件数 cond(Ψ) = 9.93e+00
Loss=-30.902303 | E0=-7.86296438-0.00006265j | E1=-7.71411447-0.00000083j|E2=-7.68336302-0.00019146j|E3=-7.64186081+0.00033576j
#-----------------------------------------#
[Step 425] logΨ: mean=66.491+1.950j | min=64.265-0.383j | max=66.538+2.761j
梯度监控 | raw=0.0262 | natural=0.0000 | clipped=0.0000(上限20.0)
Ψ矩阵条件数 cond(Ψ) = 9.93e+00
Loss=-30.902291 | E0=-7.86294969-0.00002474j | E1=-7.71411671+0.00000698j|E2=-7.68344641-0.00019225j|E3=-7.64177787+0.00033657j
#-----------------------------------------#
[Step 426] logΨ: mean=66.448+1.937j | min=60.032+2.782j | max=66.587+2.748j
梯度监控 | raw=26.4516 | natural=0.0172 | clipped=0.0172(上限20.0)
Ψ矩阵条件数 cond(Ψ) = 9.93e+00
Loss=-30.907331 | E0=-7.86432844+0.00031811j | E1=-7.71385382-0.00002133j|E2=-7.67654643+0.02172463j|E3=-7.65260183-0.02994580j
#-----------------------------------------#
[Step 427] logΨ: mean=66.388+2.030j | min=62.084+2.773j | max=66.461+2.765j
梯度监控 | raw=3.6772 | natural=0.0043 | clipped=0.0043(上限20.0)
Ψ矩阵条件数 cond(Ψ) = 9.93e+00
Loss=-30.905521 | E0=-7.86561713+0.00041201j | E1=-7.71409674+0.00000267j|E2=-7.67998699+0.00165221j|E3=-7.64582006-0.00259361j
#-----------------------------------------#
[Step 428] logΨ: mean=66.391+1.993j | min=62.787+2.559j | max=66.471+2.764j
梯度监控 | raw=0.3819 | natural=0.0004 | clipped=0.0004(上限20.0)
Ψ矩阵条件数 cond(Ψ) = 9.93e+00
Loss=-30.902291 | E0=-7.86293639-0.00002968j | E1=-7.71411642+0.00000054j|E2=-7.68279802-0.00017084j|E3=-7.64243993+0.00030586j
#-----------------------------------------#
[Step 429] logΨ: mean=66.411+1.926j | min=64.198-0.380j | max=66.471+2.764j
梯度监控 | raw=0.0467 | natural=0.0000 | clipped=0.0000(上限20.0)
Ψ矩阵条件数 cond(Ψ) = 9.93e+00
Loss=-30.902451 | E0=-7.86309035+0.00003058j | E1=-7.71411521+0.00000012j|E2=-7.68353009-0.00017663j|E3=-7.64171544+0.00030736j
#-----------------------------------------#
[Step 430] logΨ: mean=66.422+1.927j | min=62.885-0.381j | max=66.481+2.763j
梯度监控 | raw=0.0399 | natural=0.0004 | clipped=0.0004(上限20.0)
Ψ矩阵条件数 cond(Ψ) = 9.93e+00
Loss=-30.902390 | E0=-7.86303069+0.00003781j | E1=-7.71411656+0.00000416j|E2=-7.68316755-0.00017367j|E3=-7.64207470+0.00030645j
#-----------------------------------------#
[Step 431] logΨ: mean=66.421+2.040j | min=62.113+2.769j | max=66.490+2.761j
梯度监控 | raw=1.8751 | natural=0.0004 | clipped=0.0004(上限20.0)
Ψ矩阵条件数 cond(Ψ) = 9.93e+00
Loss=-30.901752 | E0=-7.86238612-0.00034555j | E1=-7.71411807+0.00000151j|E2=-7.68375045-0.00017831j|E3=-7.64149743+0.00030802j
#-----------------------------------------#
[Step 432] logΨ: mean=66.436+1.614j | min=62.781-0.574j | max=66.500+2.760j
梯度监控 | raw=0.6567 | natural=0.0004 | clipped=0.0004(上限20.0)
Ψ矩阵条件数 cond(Ψ) = 9.93e+00
Loss=-30.902111 | E0=-7.86274949-0.00009478j | E1=-7.71411791+0.00000281j|E2=-7.68339130-0.00017584j|E3=-7.64185277+0.00030751j
#-----------------------------------------#
[Step 433] logΨ: mean=66.459+1.372j | min=62.133+2.766j | max=66.510+2.758j
梯度监控 | raw=0.1671 | natural=0.0004 | clipped=0.0004(上限20.0)
Ψ矩阵条件数 cond(Ψ) = 9.93e+00
Loss=-30.902271 | E0=-7.86290789+0.00000366j | E1=-7.71411766+0.00000454j|E2=-7.68352988-0.00017673j|E3=-7.64171514+0.00030801j
#-----------------------------------------#
[Step 434] logΨ: mean=66.456+1.212j | min=62.133-0.377j | max=66.510+2.757j
梯度监控 | raw=0.1631 | natural=0.0001 | clipped=0.0001(上限20.0)
Ψ矩阵条件数 cond(Ψ) = 9.92e+00
Loss=-30.902387 | E0=-7.86302590-0.00001037j | E1=-7.71411549+0.00000194j|E2=-7.68361263-0.00017802j|E3=-7.64163341+0.00030927j
#-----------------------------------------#
[Step 435] logΨ: mean=66.450+1.343j | min=62.763-0.548j | max=66.520+2.755j
梯度监控 | raw=0.5547 | natural=0.0004 | clipped=0.0004(上限20.0)
Ψ矩阵条件数 cond(Ψ) = 9.92e+00
Loss=-30.902125 | E0=-7.86276250-0.00009258j | E1=-7.71411803+0.00000096j|E2=-7.68341905-0.00017692j|E3=-7.64182567+0.00030917j
#-----------------------------------------#
[Step 436] logΨ: mean=66.478+1.225j | min=62.886+2.749j | max=66.530+2.754j
梯度监控 | raw=0.0329 | natural=0.0004 | clipped=0.0004(上限20.0)
Ψ矩阵条件数 cond(Ψ) = 9.92e+00
Loss=-30.902325 | E0=-7.86296352+0.00002128j | E1=-7.71411739+0.00000475j|E2=-7.68333529-0.00017609j|E3=-7.64190842+0.00030888j
#-----------------------------------------#
[Step 437] logΨ: mean=66.477+1.247j | min=62.162-0.381j | max=66.540+2.753j
梯度监控 | raw=0.0558 | natural=0.0004 | clipped=0.0004(上限20.0)
Ψ矩阵条件数 cond(Ψ) = 9.91e+00
Loss=-30.902229 | E0=-7.86286460+0.00002979j | E1=-7.71411826+0.00000075j|E2=-7.68366736-0.00017870j|E3=-7.64157867+0.00031014j
#-----------------------------------------#
[Step 438] logΨ: mean=66.490+1.044j | min=62.769-0.562j | max=66.549+2.751j
梯度监控 | raw=0.4115 | natural=0.0004 | clipped=0.0004(上限20.0)
Ψ矩阵条件数 cond(Ψ) = 9.91e+00
Loss=-30.902190 | E0=-7.86282397-0.00007038j | E1=-7.71411717+0.00000045j|E2=-7.68394026-0.00018131j|E3=-7.64130840+0.00031216j
#-----------------------------------------#
[Step 439] logΨ: mean=66.501+0.825j | min=61.058+0.087j | max=66.598+2.748j
梯度监控 | raw=13.8923 | natural=0.0010 | clipped=0.0010(上限20.0)
Ψ矩阵条件数 cond(Ψ) = 9.91e+00
Loss=-30.904500 | E0=-7.86304082+0.00001530j | E1=-7.71411834+0.00000156j|E2=-7.67385586+0.01311028j|E3=-7.65348487-0.01716504j
#-----------------------------------------#
[Step 440] logΨ: mean=66.396+0.457j | min=60.881+0.076j | max=66.469+2.739j
梯度监控 | raw=3.3582 | natural=0.0120 | clipped=0.0120(上限20.0)
Ψ矩阵条件数 cond(Ψ) = 9.99e+00
Loss=-30.910461 | E0=-7.87084154+0.00132935j | E1=-7.71406825-0.00000419j|E2=-7.68149873+0.00089778j|E3=-7.64405244-0.00147493j
#-----------------------------------------#
[Step 441] logΨ: mean=66.414+0.592j | min=62.800-0.412j | max=66.478+2.738j
梯度监控 | raw=0.0486 | natural=0.0003 | clipped=0.0003(上限20.0)
Ψ矩阵条件数 cond(Ψ) = 9.99e+00
Loss=-30.902441 | E0=-7.86306182+0.00006363j | E1=-7.71411491+0.00000097j|E2=-7.68344932-0.00016225j|E3=-7.64181482+0.00028270j
#-----------------------------------------#
[Step 442] logΨ: mean=66.486+0.542j | min=60.878+2.419j | max=66.544+2.741j
梯度监控 | raw=0.2843 | natural=0.0007 | clipped=0.0007(上限20.0)
Ψ矩阵条件数 cond(Ψ) = 2.19e+01
Loss=-30.902250 | E0=-7.86302951+0.00007384j | E1=-7.71396480+0.00000372j|E2=-7.68330569-0.00016025j|E3=-7.64195029+0.00028287j
#-----------------------------------------#
[Step 443] logΨ: mean=66.480+0.444j | min=64.272-0.402j | max=66.544+2.741j
梯度监控 | raw=0.0452 | natural=0.0000 | clipped=0.0000(上限20.0)
Ψ矩阵条件数 cond(Ψ) = 9.96e+00
Loss=-30.902483 | E0=-7.86310702+0.00006139j | E1=-7.71411454+0.00000182j|E2=-7.68325424-0.00016084j|E3=-7.64200724+0.00028221j
#-----------------------------------------#
[Step 444] logΨ: mean=66.478+0.518j | min=62.176-0.394j | max=66.554+2.740j
梯度监控 | raw=1.9262 | natural=0.0004 | clipped=0.0004(上限20.0)
Ψ矩阵条件数 cond(Ψ) = 9.96e+00
Loss=-30.901834 | E0=-7.86245395-0.00031781j | E1=-7.71411663+0.00000149j|E2=-7.68342165-0.00016199j|E3=-7.64184193+0.00028270j
#-----------------------------------------#
[Step 445] logΨ: mean=66.490+0.729j | min=62.185-0.395j | max=66.563+2.739j
梯度监控 | raw=0.2258 | natural=0.0004 | clipped=0.0004(上限20.0)
Ψ矩阵条件数 cond(Ψ) = 9.96e+00
Loss=-30.902361 | E0=-7.86298632+0.00002132j | E1=-7.71411549+0.00000184j|E2=-7.68302911-0.00015948j|E3=-7.64223002+0.00028221j
#-----------------------------------------#
[Step 446] logΨ: mean=66.521+0.949j | min=62.859-0.418j | max=66.572+2.738j
梯度监控 | raw=0.5844 | natural=0.0004 | clipped=0.0004(上限20.0)
Ψ矩阵条件数 cond(Ψ) = 9.96e+00
Loss=-30.902257 | E0=-7.86287769-0.00006381j | E1=-7.71411702+0.00000408j|E2=-7.68333769-0.00016186j|E3=-7.64192479+0.00028335j
#-----------------------------------------#
[Step 447] logΨ: mean=66.506+1.071j | min=62.865-0.632j | max=66.572+2.736j
梯度监控 | raw=0.9217 | natural=0.0002 | clipped=0.0002(上限20.0)
Ψ矩阵条件数 cond(Ψ) = 9.95e+00
Loss=-30.902212 | E0=-7.86283613-0.00015335j | E1=-7.71411489+0.00000255j|E2=-7.68319825-0.00016105j|E3=-7.64206323+0.00028299j
#-----------------------------------------#
[Step 448] logΨ: mean=66.301+0.967j | min=60.402+2.623j | max=66.389+2.640j
梯度监控 | raw=1.7248 | natural=0.0021 | clipped=0.0021(上限20.0)
Ψ矩阵条件数 cond(Ψ) = 1.01e+01
Loss=-30.901763 | E0=-7.86227085-0.00030310j | E1=-7.71422785+0.00002272j|E2=-7.68347693-0.00016304j|E3=-7.64178733+0.00028384j
#-----------------------------------------#
[Step 449] logΨ: mean=66.342+0.860j | min=64.118-0.502j | max=66.389+2.640j
梯度监控 | raw=0.0320 | natural=0.0000 | clipped=0.0000(上限20.0)
Ψ矩阵条件数 cond(Ψ) = 1.01e+01
Loss=-30.902460 | E0=-7.86307722+0.00003610j | E1=-7.71411821+0.00000370j|E2=-7.68344890-0.00016320j|E3=-7.64181556+0.00028446j
#-----------------------------------------#
[Step 450] logΨ: mean=66.327+0.868j | min=62.654-0.705j | max=66.389+2.639j
梯度监控 | raw=0.4983 | natural=0.0001 | clipped=0.0001(上限20.0)
Ψ矩阵条件数 cond(Ψ) = 1.01e+01
Loss=-30.902322 | E0=-7.86294467-0.00007494j | E1=-7.71411372+0.00000352j|E2=-7.68336562-0.00016266j|E3=-7.64189791+0.00028432j
#-----------------------------------------#
[Step 451] logΨ: mean=66.329+1.012j | min=62.021-0.496j | max=66.398+2.638j
梯度监控 | raw=0.1756 | natural=0.0004 | clipped=0.0004(上限20.0)
Ψ矩阵条件数 cond(Ψ) = 1.01e+01
Loss=-30.902377 | E0=-7.86300337-0.00000189j | E1=-7.71411589+0.00000397j|E2=-7.68280165-0.00015859j|E3=-7.64245658+0.00028279j
#-----------------------------------------#
[Step 452] logΨ: mean=66.333+1.162j | min=62.648-0.686j | max=66.407+2.636j
梯度监控 | raw=0.8623 | natural=0.0004 | clipped=0.0004(上限20.0)
Ψ矩阵条件数 cond(Ψ) = 1.01e+01
Loss=-30.902182 | E0=-7.86280678-0.00017261j | E1=-7.71411254+0.00000310j|E2=-7.68322537-0.00016357j|E3=-7.64203752+0.00028680j
#-----------------------------------------#
[Step 453] logΨ: mean=66.366+1.273j | min=62.645+2.464j | max=66.416+2.635j
梯度监控 | raw=0.4066 | natural=0.0004 | clipped=0.0004(上限20.0)
Ψ矩阵条件数 cond(Ψ) = 1.01e+01
Loss=-30.902308 | E0=-7.86292497-0.00006989j | E1=-7.71411979+0.00000377j|E2=-7.68328103-0.00016363j|E3=-7.64198189+0.00028690j
#-----------------------------------------#
[Step 454] logΨ: mean=66.378+1.250j | min=62.039+2.643j | max=66.417+2.635j
梯度监控 | raw=0.0263 | natural=0.0000 | clipped=0.0000(上限20.0)
Ψ矩阵条件数 cond(Ψ) = 1.01e+01
Loss=-30.902439 | E0=-7.86305496+0.00001889j | E1=-7.71411493+0.00000365j|E2=-7.68399470-0.00016852j|E3=-7.64127413+0.00028969j
#-----------------------------------------#
[Step 455] logΨ: mean=66.349+1.236j | min=64.145-0.507j | max=66.417+2.635j
梯度监控 | raw=0.0331 | natural=0.0000 | clipped=0.0000(上限20.0)
Ψ矩阵条件数 cond(Ψ) = 1.01e+01
Loss=-30.902431 | E0=-7.86305531+0.00001888j | E1=-7.71411595+0.00000327j|E2=-7.68271537-0.00016070j|E3=-7.64254395+0.00028529j
#-----------------------------------------#
[Step 456] logΨ: mean=66.353+1.230j | min=62.634+2.473j | max=66.417+2.634j
梯度监控 | raw=0.5126 | natural=0.0001 | clipped=0.0001(上限20.0)
Ψ矩阵条件数 cond(Ψ) = 1.01e+01
Loss=-30.902298 | E0=-7.86292103-0.00010280j | E1=-7.71411477+0.00000345j|E2=-7.68316931-0.00016353j|E3=-7.64209337+0.00028710j
#-----------------------------------------#
[Step 457] logΨ: mean=66.350+1.211j | min=62.633+2.481j | max=66.426+2.632j
梯度监控 | raw=0.6009 | natural=0.0004 | clipped=0.0004(上限20.0)
Ψ矩阵条件数 cond(Ψ) = 1.01e+01
Loss=-30.902185 | E0=-7.86280785-0.00012422j | E1=-7.71411433+0.00000318j|E2=-7.68325328-0.00016427j|E3=-7.64200985+0.00028741j
#-----------------------------------------#
[Step 458] logΨ: mean=66.388+1.056j | min=62.057-0.503j | max=66.435+2.631j
梯度监控 | raw=0.2337 | natural=0.0004 | clipped=0.0004(上限20.0)
Ψ矩阵条件数 cond(Ψ) = 1.01e+01
Loss=-30.902341 | E0=-7.86295918-0.00004088j | E1=-7.71411606+0.00000395j|E2=-7.68374985-0.00016709j|E3=-7.64151608+0.00028963j
#-----------------------------------------#
[Step 459] logΨ: mean=66.387+1.155j | min=62.633-0.647j | max=66.444+2.629j
梯度监控 | raw=0.1173 | natural=0.0004 | clipped=0.0004(上限20.0)
Ψ矩阵条件数 cond(Ψ) = 1.01e+01
Loss=-30.902337 | E0=-7.86295649-0.00001333j | E1=-7.71411662+0.00000344j|E2=-7.68336431-0.00016578j|E3=-7.64190002+0.00028954j
#-----------------------------------------#
[Step 460] logΨ: mean=66.380+1.408j | min=62.075+2.635j | max=66.453+2.627j
梯度监控 | raw=0.4089 | natural=0.0003 | clipped=0.0003(上限20.0)
Ψ矩阵条件数 cond(Ψ) = 1.01e+01
Loss=-30.902224 | E0=-7.86284588-0.00008885j | E1=-7.71411116+0.00000308j|E2=-7.68388563-0.00016919j|E3=-7.64138178+0.00029207j
#-----------------------------------------#
[Step 461] logΨ: mean=66.405+1.416j | min=64.181-0.514j | max=66.453+2.627j
梯度监控 | raw=0.0203 | natural=0.0000 | clipped=0.0000(上限20.0)
Ψ矩阵条件数 cond(Ψ) = 1.01e+01
Loss=-30.902413 | E0=-7.86303178+0.00000335j | E1=-7.71411431+0.00000348j|E2=-7.68377679-0.00016870j|E3=-7.64149018+0.00029219j
#-----------------------------------------#
[Step 462] logΨ: mean=66.404+1.272j | min=62.636-0.635j | max=66.462+2.626j
梯度监控 | raw=0.1072 | natural=0.0003 | clipped=0.0003(上限20.0)
Ψ矩阵条件数 cond(Ψ) = 1.01e+01
Loss=-30.902302 | E0=-7.86292037-0.00001541j | E1=-7.71411522+0.00000318j|E2=-7.68372215-0.00016839j|E3=-7.64154425+0.00029197j
#-----------------------------------------#
[Step 463] logΨ: mean=66.408+1.414j | min=62.669-0.536j | max=66.471+2.624j
梯度监控 | raw=0.0215 | natural=0.0003 | clipped=0.0003(上限20.0)
Ψ矩阵条件数 cond(Ψ) = 1.01e+01
Loss=-30.902377 | E0=-7.86299813+0.00000249j | E1=-7.71411481+0.00000333j|E2=-7.68319708-0.00016513j|E3=-7.64206675+0.00028953j
#-----------------------------------------#
[Step 464] logΨ: mean=66.415+1.428j | min=62.092-0.509j | max=66.471+2.624j
梯度监控 | raw=0.0195 | natural=0.0000 | clipped=0.0000(上限20.0)
Ψ矩阵条件数 cond(Ψ) = 1.01e+01
Loss=-30.902401 | E0=-7.86302264+0.00000368j | E1=-7.71411485+0.00000350j|E2=-7.68325278-0.00016533j|E3=-7.64201097+0.00028985j
#-----------------------------------------#
[Step 465] logΨ: mean=66.389+1.416j | min=62.092-0.510j | max=66.471+2.624j
梯度监控 | raw=0.1879 | natural=0.0001 | clipped=0.0001(上限20.0)
Ψ矩阵条件数 cond(Ψ) = 1.01e+01
Loss=-30.902354 | E0=-7.86297954-0.00004488j | E1=-7.71411393+0.00000362j|E2=-7.68254260-0.00016210j|E3=-7.64271818+0.00028772j
#-----------------------------------------#
[Step 466] logΨ: mean=66.416+1.419j | min=62.092+2.632j | max=66.471+2.624j
梯度监控 | raw=0.0173 | natural=0.0000 | clipped=0.0000(上限20.0)
Ψ矩阵条件数 cond(Ψ) = 1.01e+01
Loss=-30.902401 | E0=-7.86302088+0.00000068j | E1=-7.71411438+0.00000359j|E2=-7.68344678-0.00016818j|E3=-7.64181863+0.00029318j
#-----------------------------------------#
[Step 467] logΨ: mean=66.399+1.283j | min=60.527-0.624j | max=66.480+2.622j
梯度监控 | raw=0.2626 | natural=0.0003 | clipped=0.0003(上限20.0)
Ψ矩阵条件数 cond(Ψ) = 1.01e+01
Loss=-30.902309 | E0=-7.86293191-0.00006603j | E1=-7.71411356+0.00000365j|E2=-7.68288628-0.00016524j|E3=-7.64237696+0.00029125j
#-----------------------------------------#
[Step 468] logΨ: mean=66.416+1.244j | min=62.101+2.630j | max=66.480+2.622j
梯度监控 | raw=0.0894 | natural=0.0001 | clipped=0.0001(上限20.0)
Ψ矩阵条件数 cond(Ψ) = 1.01e+01
Loss=-30.902377 | E0=-7.86299763-0.00002331j | E1=-7.71411309+0.00000366j|E2=-7.68344615-0.00016993j|E3=-7.64181990+0.00029621j
#-----------------------------------------#
[Step 469] logΨ: mean=66.408+1.228j | min=62.101+2.630j | max=66.480+2.622j
梯度监控 | raw=0.0197 | natural=0.0000 | clipped=0.0000(上限20.0)
Ψ矩阵条件数 cond(Ψ) = 1.01e+01
Loss=-30.902392 | E0=-7.86301478-0.00000403j | E1=-7.71411292+0.00000365j|E2=-7.68316756-0.00016868j|E3=-7.64209719+0.00029541j
#-----------------------------------------#
[Step 470] logΨ: mean=66.496+1.248j | min=60.998-0.760j | max=66.547+2.623j
梯度监控 | raw=0.2608 | natural=0.0007 | clipped=0.0007(上限20.0)
Ψ矩阵条件数 cond(Ψ) = 1.00e+01
Loss=-30.902210 | E0=-7.86298602-0.00000167j | E1=-7.71396345+0.00000389j|E2=-7.68352521-0.00017018j|E3=-7.64173568+0.00029841j
#-----------------------------------------#
[Step 471] logΨ: mean=66.493+1.331j | min=62.683+2.514j | max=66.547+2.622j
梯度监控 | raw=0.0813 | natural=0.0001 | clipped=0.0001(上限20.0)
Ψ矩阵条件数 cond(Ψ) = 1.00e+01
Loss=-30.902376 | E0=-7.86299450-0.00002299j | E1=-7.71411550+0.00000324j|E2=-7.68325139-0.00016958j|E3=-7.64201427+0.00029665j
#-----------------------------------------#
[Step 472] logΨ: mean=66.490+1.427j | min=62.167-0.511j | max=66.547+2.622j
梯度监控 | raw=0.0140 | natural=0.0000 | clipped=0.0000(上限20.0)
Ψ矩阵条件数 cond(Ψ) = 2.18e+01
Loss=-30.902389 | E0=-7.86300906-0.00000339j | E1=-7.71411399+0.00000338j|E2=-7.68341804-0.00017057j|E3=-7.64184801+0.00029765j
#-----------------------------------------#
[Step 473] logΨ: mean=66.498+1.453j | min=60.580+2.528j | max=66.556+2.621j
梯度监控 | raw=0.4281 | natural=0.0003 | clipped=0.0003(上限20.0)
Ψ矩阵条件数 cond(Ψ) = 1.00e+01
Loss=-30.902272 | E0=-7.86288960-0.00012591j | E1=-7.71411516+0.00000356j|E2=-7.68374757-0.00017285j|E3=-7.64152009+0.00030014j
#-----------------------------------------#
[Step 474] logΨ: mean=66.511+1.407j | min=62.727-0.541j | max=66.565+2.619j
梯度监控 | raw=0.0130 | natural=0.0003 | clipped=0.0003(上限20.0)
Ψ矩阵条件数 cond(Ψ) = 1.00e+01
Loss=-30.902359 | E0=-7.86297623-0.00000416j | E1=-7.71411596+0.00000318j|E2=-7.68336199-0.00017201j|E3=-7.64190466+0.00030036j
#-----------------------------------------#
[Step 475] logΨ: mean=66.573+1.265j | min=61.032-0.763j | max=66.631+2.620j
梯度监控 | raw=0.4524 | natural=0.0007 | clipped=0.0007(上限20.0)
Ψ矩阵条件数 cond(Ψ) = 1.00e+01
Loss=-30.902102 | E0=-7.86287711-0.00010708j | E1=-7.71396260+0.00000382j|E2=-7.68377184-0.00017349j|E3=-7.64149085+0.00030343j
#-----------------------------------------#
[Step 476] logΨ: mean=66.578+1.376j | min=62.748+2.523j | max=66.631+2.620j
梯度监控 | raw=0.0721 | natural=0.0001 | clipped=0.0001(上限20.0)
Ψ矩阵条件数 cond(Ψ) = 1.00e+01
Loss=-30.902367 | E0=-7.86298490-0.00002560j | E1=-7.71411427+0.00000311j|E2=-7.68371950-0.00017424j|E3=-7.64154818+0.00030279j
#-----------------------------------------#
[Step 477] logΨ: mean=66.583+1.419j | min=62.260-0.515j | max=66.640+2.618j
梯度监控 | raw=0.0143 | natural=0.0003 | clipped=0.0003(上限20.0)
Ψ矩阵条件数 cond(Ψ) = 9.99e+00
Loss=-30.902349 | E0=-7.86296712-0.00000645j | E1=-7.71411553+0.00000342j|E2=-7.68330623-0.00017170j|E3=-7.64195989+0.00030049j
#-----------------------------------------#
[Step 478] logΨ: mean=66.586+1.371j | min=62.269+2.624j | max=66.649+2.617j
梯度监控 | raw=0.0689 | natural=0.0003 | clipped=0.0003(上限20.0)
Ψ矩阵条件数 cond(Ψ) = 1.00e+01
Loss=-30.902334 | E0=-7.86295237-0.00002484j | E1=-7.71411566+0.00000313j|E2=-7.68319423-0.00017223j|E3=-7.64207187+0.00030138j
#-----------------------------------------#
[Step 479] logΨ: mean=66.600+1.204j | min=64.376-0.525j | max=66.649+2.617j
梯度监控 | raw=0.0091 | natural=0.0000 | clipped=0.0000(上限20.0)
Ψ矩阵条件数 cond(Ψ) = 1.00e+01
Loss=-30.902371 | E0=-7.86298844-0.00000714j | E1=-7.71411455+0.00000313j|E2=-7.68374634-0.00017572j|E3=-7.64152204+0.00030517j
#-----------------------------------------#
[Step 480] logΨ: mean=66.595+1.265j | min=62.762-0.619j | max=66.658+2.615j
梯度监控 | raw=0.0666 | natural=0.0003 | clipped=0.0003(上限20.0)
Ψ矩阵条件数 cond(Ψ) = 1.00e+01
Loss=-30.902332 | E0=-7.86294995-0.00002630j | E1=-7.71411428+0.00000323j|E2=-7.68385479-0.00017635j|E3=-7.64141344+0.00030597j
#-----------------------------------------#
[Step 481] logΨ: mean=66.597+1.236j | min=64.384-0.527j | max=66.658+2.615j
梯度监控 | raw=0.0095 | natural=0.0000 | clipped=0.0000(上限20.0)
Ψ矩阵条件数 cond(Ψ) = 1.00e+01
Loss=-30.902367 | E0=-7.86298557-0.00000897j | E1=-7.71411478+0.00000316j|E2=-7.68319440-0.00017253j|E3=-7.64207232+0.00030186j
#-----------------------------------------#
[Step 482] logΨ: mean=66.619+1.181j | min=62.784-0.548j | max=66.666+2.613j
梯度监控 | raw=0.0410 | natural=0.0003 | clipped=0.0003(上限20.0)
Ψ矩阵条件数 cond(Ψ) = 9.99e+00
Loss=-30.902228 | E0=-7.86284088-0.00000487j | E1=-7.71411827+0.00000274j|E2=-7.68398998-0.00017709j|E3=-7.64127889+0.00030665j
#-----------------------------------------#
[Step 483] logΨ: mean=66.630+1.031j | min=62.771+2.517j | max=66.675+2.612j
梯度监控 | raw=0.0619 | natural=0.0003 | clipped=0.0003(上限20.0)
Ψ矩阵条件数 cond(Ψ) = 9.99e+00
Loss=-30.902329 | E0=-7.86294454-0.00002552j | E1=-7.71411629+0.00000305j|E2=-7.68371899-0.00017553j|E3=-7.64154908+0.00030493j
#-----------------------------------------#
[Step 484] logΨ: mean=66.628+1.043j | min=62.783+2.590j | max=66.684+2.610j
梯度监控 | raw=0.0106 | natural=0.0003 | clipped=0.0003(上限20.0)
Ψ矩阵条件数 cond(Ψ) = 9.99e+00
Loss=-30.902332 | E0=-7.86294937-0.00000821j | E1=-7.71411536+0.00000317j|E2=-7.68360964-0.00017486j|E3=-7.64165810+0.00030439j
#-----------------------------------------#
[Step 485] logΨ: mean=66.637+1.156j | min=62.313+2.617j | max=66.693+2.609j
梯度监控 | raw=0.0251 | natural=0.0003 | clipped=0.0003(上限20.0)
Ψ矩阵条件数 cond(Ψ) = 9.99e+00
Loss=-30.902273 | E0=-7.86288784-0.00000407j | E1=-7.71411669+0.00000317j|E2=-7.68388193-0.00017642j|E3=-7.64138637+0.00030609j
#-----------------------------------------#
[Step 486] logΨ: mean=66.647+1.216j | min=62.312+2.616j | max=66.692+2.608j
梯度监控 | raw=0.0660 | natural=0.0001 | clipped=0.0001(上限20.0)
Ψ矩阵条件数 cond(Ψ) = 9.99e+00
Loss=-30.902348 | E0=-7.86296481-0.00002726j | E1=-7.71411457+0.00000319j|E2=-7.68388188-0.00017680j|E3=-7.64138667+0.00030649j
#-----------------------------------------#
[Step 487] logΨ: mean=66.625+1.215j | min=62.773-0.631j | max=66.692+2.608j
梯度监控 | raw=0.1213 | natural=0.0001 | clipped=0.0001(上限20.0)
Ψ矩阵条件数 cond(Ψ) = 9.99e+00
Loss=-30.902342 | E0=-7.86296021-0.00004887j | E1=-7.71411443+0.00000338j|E2=-7.68336117-0.00017412j|E3=-7.64190595+0.00030392j
#-----------------------------------------#
[Step 488] logΨ: mean=66.640+1.243j | min=64.419-0.534j | max=66.692+2.608j
梯度监控 | raw=0.0063 | natural=0.0000 | clipped=0.0000(上限20.0)
Ψ矩阵条件数 cond(Ψ) = 9.99e+00
Loss=-30.902352 | E0=-7.86296963-0.00000908j | E1=-7.71411443+0.00000345j|E2=-7.68385459-0.00017691j|E3=-7.64141378+0.00030691j
#-----------------------------------------#
[Step 489] logΨ: mean=66.637+1.201j | min=62.771+2.516j | max=66.692+2.608j
梯度监控 | raw=0.0569 | natural=0.0000 | clipped=0.0000(上限20.0)
Ψ矩阵条件数 cond(Ψ) = 9.99e+00
Loss=-30.902348 | E0=-7.86296536-0.00002749j | E1=-7.71411557+0.00000297j|E2=-7.68319411-0.00017309j|E3=-7.64207276+0.00030277j
#-----------------------------------------#
[Step 490] logΨ: mean=66.632+1.223j | min=64.419-0.534j | max=66.692+2.608j
梯度监控 | raw=0.0061 | natural=0.0000 | clipped=0.0000(上限20.0)
Ψ矩阵条件数 cond(Ψ) = 9.99e+00
Loss=-30.902351 | E0=-7.86296933-0.00001024j | E1=-7.71411518+0.00000309j|E2=-7.68316613-0.00017292j|E3=-7.64210063+0.00030268j
#-----------------------------------------#
[Step 491] logΨ: mean=66.651+1.200j | min=62.778-0.621j | max=66.700+2.606j
梯度监控 | raw=0.0529 | natural=0.0003 | clipped=0.0003(上限20.0)
Ψ矩阵条件数 cond(Ψ) = 9.99e+00
Loss=-30.902321 | E0=-7.86293702-0.00002754j | E1=-7.71411588+0.00000311j|E2=-7.68358197-0.00017525j|E3=-7.64168585+0.00030515j
#-----------------------------------------#
[Step 492] logΨ: mean=66.657+1.032j | min=62.320-0.528j | max=66.701+2.606j
梯度监控 | raw=0.0044 | natural=0.0000 | clipped=0.0000(上限20.0)
Ψ矩阵条件数 cond(Ψ) = 9.99e+00
Loss=-30.902350 | E0=-7.86296711-0.00001197j | E1=-7.71411500+0.00000318j|E2=-7.68382742-0.00017662j|E3=-7.64144072+0.00030672j
#-----------------------------------------#
[Step 493] logΨ: mean=66.648+0.927j | min=62.782+2.585j | max=66.709+2.604j
梯度监控 | raw=0.0329 | natural=0.0003 | clipped=0.0003(上限20.0)
Ψ矩阵条件数 cond(Ψ) = 9.99e+00
Loss=-30.902237 | E0=-7.86285192-0.00000915j | E1=-7.71411742+0.00000290j|E2=-7.68358191-0.00017572j|E3=-7.64168604+0.00030565j
#-----------------------------------------#
[Step 494] logΨ: mean=66.648+0.859j | min=64.436-0.537j | max=66.709+2.604j
梯度监控 | raw=0.0051 | natural=0.0000 | clipped=0.0000(上限20.0)
Ψ矩阵条件数 cond(Ψ) = 9.99e+00
Loss=-30.902345 | E0=-7.86296281-0.00001009j | E1=-7.71411473+0.00000352j|E2=-7.68338901-0.00017457j|E3=-7.64187866+0.00030451j
#-----------------------------------------#
[Step 495] logΨ: mean=66.692+0.807j | min=61.120-0.062j | max=66.758+2.604j
梯度监控 | raw=0.5047 | natural=0.0009 | clipped=0.0009(上限20.0)
Ψ矩阵条件数 cond(Ψ) = 1.00e+01
Loss=-30.902041 | E0=-7.86296406-0.00001007j | E1=-7.71411806+0.00000309j|E2=-7.68297883-0.00016901j|E3=-7.64197990+0.00030753j
#-----------------------------------------#
[Step 496] logΨ: mean=66.764+1.006j | min=60.159-2.773j | max=66.810+2.684j
梯度监控 | raw=0.2683 | natural=0.0012 | clipped=0.0012(上限20.0)
Ψ矩阵条件数 cond(Ψ) = 9.96e+00
Loss=-30.902113 | E0=-7.86274973-0.00009568j | E1=-7.71411634+0.00000541j|E2=-7.68390533-0.00016980j|E3=-7.64134162+0.00029275j
#-----------------------------------------#
[Step 497] logΨ: mean=66.759+1.108j | min=64.537-0.457j | max=66.810+2.684j
梯度监控 | raw=0.0074 | natural=0.0000 | clipped=0.0000(上限20.0)
Ψ矩阵条件数 cond(Ψ) = 9.96e+00
Loss=-30.902322 | E0=-7.86295798-0.00001254j | E1=-7.71411476+0.00000233j|E2=-7.68349660-0.00016713j|E3=-7.64175279+0.00029142j
#-----------------------------------------#
[Step 498] logΨ: mean=66.768+1.127j | min=62.439-0.451j | max=66.819+2.683j
梯度监控 | raw=0.0103 | natural=0.0003 | clipped=0.0003(上限20.0)
Ψ矩阵条件数 cond(Ψ) = 9.95e+00
Loss=-30.902293 | E0=-7.86292929-0.00001179j | E1=-7.71411515+0.00000299j|E2=-7.68379743-0.00016892j|E3=-7.64145094+0.00029302j
#-----------------------------------------#
[Step 499] logΨ: mean=66.763+1.095j | min=62.447+2.689j | max=66.827+2.681j
梯度监控 | raw=0.1058 | natural=0.0003 | clipped=0.0003(上限20.0)
Ψ矩阵条件数 cond(Ψ) = 9.95e+00
Loss=-30.902260 | E0=-7.86289507-0.00004793j | E1=-7.71411618+0.00000345j|E2=-7.68368845-0.00016862j|E3=-7.64156039+0.00029293j
#-----------------------------------------#
[Step 500] logΨ: mean=66.832+1.089j | min=61.201+2.366j | max=66.884+2.684j
梯度监控 | raw=0.2517 | natural=0.0006 | clipped=0.0006(上限20.0)
Ψ矩阵条件数 cond(Ψ) = 9.93e+00
Loss=-30.902158 | E0=-7.86295165-0.00001160j | E1=-7.71396295+0.00000262j|E2=-7.68343717-0.00016641j|E3=-7.64180632+0.00029262j
#-----------------------------------------#
[Step 501] logΨ: mean=66.838+1.120j | min=64.611-0.458j | max=66.884+2.684j
梯度监控 | raw=0.0051 | natural=0.0000 | clipped=0.0000(上限20.0)
Ψ矩阵条件数 cond(Ψ) = 9.93e+00
Loss=-30.902316 | E0=-7.86295140-0.00001186j | E1=-7.71411533+0.00000247j|E2=-7.68371558-0.00016881j|E3=-7.64153328+0.00029356j
#-----------------------------------------#
[Step 502] logΨ: mean=66.845+1.120j | min=62.923+2.667j | max=66.893+2.682j
梯度监控 | raw=0.0099 | natural=0.0003 | clipped=0.0003(上限20.0)
Ψ矩阵条件数 cond(Ψ) = 9.92e+00
Loss=-30.902289 | E0=-7.86292350-0.00001124j | E1=-7.71411612+0.00000237j|E2=-7.68363371-0.00016845j|E3=-7.64161556+0.00029305j
#-----------------------------------------#
[Step 503] logΨ: mean=66.822+1.046j | min=62.521-0.453j | max=66.901+2.681j
梯度监控 | raw=0.1707 | natural=0.0003 | clipped=0.0003(上限20.0)
Ψ矩阵条件数 cond(Ψ) = 9.92e+00
Loss=-30.902120 | E0=-7.86275037-0.00006320j | E1=-7.71412029+0.00000285j|E2=-7.68352367-0.00016780j|E3=-7.64172533+0.00029271j
#-----------------------------------------#
[Step 504] logΨ: mean=66.861+1.293j | min=64.628-0.461j | max=66.901+2.681j
梯度监控 | raw=0.0042 | natural=0.0000 | clipped=0.0000(上限20.0)
Ψ矩阵条件数 cond(Ψ) = 9.92e+00
Loss=-30.902310 | E0=-7.86294579-0.00001196j | E1=-7.71411540+0.00000215j|E2=-7.68368803-0.00016914j|E3=-7.64156103+0.00029420j
#-----------------------------------------#
[Step 505] logΨ: mean=66.855+1.268j | min=62.923-0.478j | max=66.909+2.679j
梯度监控 | raw=0.1557 | natural=0.0003 | clipped=0.0003(上限20.0)
Ψ矩阵条件数 cond(Ψ) = 9.93e+00
Loss=-30.902228 | E0=-7.86286207-0.00006456j | E1=-7.71411752+0.00000259j|E2=-7.68385124-0.00017014j|E3=-7.64139742+0.00029515j
#-----------------------------------------#
[Step 506] logΨ: mean=66.848+1.296j | min=64.636-0.462j | max=66.910+2.679j
梯度监控 | raw=0.0057 | natural=0.0000 | clipped=0.0000(上限20.0)
Ψ矩阵条件数 cond(Ψ) = 9.93e+00
Loss=-30.902309 | E0=-7.86294348-0.00001338j | E1=-7.71411523+0.00000241j|E2=-7.68316252-0.00016610j|E3=-7.64208748+0.00029153j
#-----------------------------------------#
[Step 507] logΨ: mean=66.852+1.127j | min=62.538+2.686j | max=66.918+2.678j
梯度监控 | raw=0.0334 | natural=0.0003 | clipped=0.0003(上限20.0)
Ψ矩阵条件数 cond(Ψ) = 9.92e+00
Loss=-30.902200 | E0=-7.86283221-0.00001057j | E1=-7.71411849+0.00000262j|E2=-7.68332990-0.00016717j|E3=-7.64191975+0.00029238j
#-----------------------------------------#
[Step 508] logΨ: mean=66.858+1.114j | min=62.538+2.686j | max=66.918+2.678j
梯度监控 | raw=0.0041 | natural=0.0000 | clipped=0.0000(上限20.0)
Ψ矩阵条件数 cond(Ψ) = 9.92e+00
Loss=-30.902304 | E0=-7.86293996-0.00001202j | E1=-7.71411468+0.00000317j|E2=-7.68363342-0.00016913j|E3=-7.64161610+0.00029450j
#-----------------------------------------#
[Step 509] logΨ: mean=66.842+1.129j | min=62.970-0.551j | max=66.918+2.677j
梯度监控 | raw=0.1606 | natural=0.0000 | clipped=0.0000(上限20.0)
Ψ矩阵条件数 cond(Ψ) = 9.92e+00
Loss=-30.902309 | E0=-7.86294327-0.00006829j | E1=-7.71411517+0.00000288j|E2=-7.68282337-0.00016480j|E3=-7.64242730+0.00029052j
#-----------------------------------------#
[Step 510] logΨ: mean=66.810+0.815j | min=60.513+2.730j | max=66.995+2.667j
梯度监控 | raw=33.4356 | natural=0.0008 | clipped=0.0008(上限20.0)
Ψ矩阵条件数 cond(Ψ) = 9.89e+00
Loss=-30.908262 | E0=-7.86285854-0.00004658j | E1=-7.71402208-0.00000870j|E2=-7.67629350+0.02887908j|E3=-7.65508827-0.03854768j
#-----------------------------------------#
[Step 511] logΨ: mean=66.961+0.712j | min=64.721-0.475j | max=66.995+2.667j
梯度监控 | raw=0.0032 | natural=0.0000 | clipped=0.0000(上限20.0)
Ψ矩阵条件数 cond(Ψ) = 9.89e+00
Loss=-30.902313 | E0=-7.86293777-0.00001420j | E1=-7.71411554+0.00000222j|E2=-7.68402798-0.00016453j|E3=-7.64123205+0.00028315j
#-----------------------------------------#
[Step 512] logΨ: mean=66.957+0.731j | min=64.721-0.475j | max=66.995+2.667j
梯度监控 | raw=0.0040 | natural=0.0000 | clipped=0.0000(上限20.0)
Ψ矩阵条件数 cond(Ψ) = 9.89e+00
Loss=-30.902313 | E0=-7.86293774-0.00001400j | E1=-7.71411572+0.00000225j|E2=-7.68373010-0.00016252j|E3=-7.64152940+0.00028198j
#-----------------------------------------#
[Step 513] logΨ: mean=66.947+0.722j | min=60.679+0.684j | max=66.994+2.667j
梯度监控 | raw=0.9568 | natural=0.0001 | clipped=0.0001(上限20.0)
Ψ矩阵条件数 cond(Ψ) = 9.88e+00
Loss=-30.902138 | E0=-7.86293798-0.00001436j | E1=-7.71411573+0.00000204j|E2=-7.68332286-0.00016998j|E3=-7.64176153+0.00027460j
#-----------------------------------------#
[Step 514] logΨ: mean=66.959+0.734j | min=62.991-0.492j | max=67.003+2.666j
梯度监控 | raw=0.0163 | natural=0.0003 | clipped=0.0003(上限20.0)
Ψ矩阵条件数 cond(Ψ) = 9.88e+00
Loss=-30.902262 | E0=-7.86288251-0.00001324j | E1=-7.71411699+0.00000218j|E2=-7.68386261-0.00017219j|E3=-7.64140013+0.00029878j
#-----------------------------------------#
[Step 515] logΨ: mean=66.948+0.717j | min=64.730-0.476j | max=67.003+2.666j
梯度监控 | raw=0.0036 | natural=0.0000 | clipped=0.0000(上限20.0)
Ψ矩阵条件数 cond(Ψ) = 9.88e+00
Loss=-30.902312 | E0=-7.86293454-0.00001329j | E1=-7.71411508+0.00000274j|E2=-7.68383553-0.00017213j|E3=-7.64142714+0.00029863j
#-----------------------------------------#
[Step 516] logΨ: mean=66.957+0.859j | min=62.990-0.494j | max=67.011+2.664j
梯度监控 | raw=0.0165 | natural=0.0003 | clipped=0.0003(上限20.0)
Ψ矩阵条件数 cond(Ψ) = 9.88e+00
Loss=-30.902258 | E0=-7.86287898-0.00001085j | E1=-7.71411745+0.00000214j|E2=-7.68331369-0.00016912j|E3=-7.64194805+0.00029553j
#-----------------------------------------#
[Step 517] logΨ: mean=66.961+0.914j | min=62.640-0.471j | max=67.020+2.663j
梯度监控 | raw=0.1160 | natural=0.0003 | clipped=0.0003(上限20.0)
Ψ矩阵条件数 cond(Ψ) = 9.88e+00
Loss=-30.902235 | E0=-7.86285469-0.00004805j | E1=-7.71411777+0.00000237j|E2=-7.68364475-0.00017094j|E3=-7.64161749+0.00029757j
#-----------------------------------------#
[Step 518] logΨ: mean=66.948+0.970j | min=63.062-0.563j | max=67.019+2.662j
梯度监控 | raw=0.1077 | natural=0.0000 | clipped=0.0000(上限20.0)
Ψ矩阵条件数 cond(Ψ) = 9.88e+00
Loss=-30.902312 | E0=-7.86293538-0.00004934j | E1=-7.71411545+0.00000248j|E2=-7.68283532-0.00016676j|E3=-7.64242559+0.00029315j
#-----------------------------------------#
[Step 519] logΨ: mean=66.952+1.084j | min=60.956-0.549j | max=67.019+2.662j
梯度监控 | raw=0.2991 | natural=0.0000 | clipped=0.0000(上限20.0)
Ψ矩阵条件数 cond(Ψ) = 9.88e+00
Loss=-30.902325 | E0=-7.86294778-0.00011675j | E1=-7.71411521+0.00000255j|E2=-7.68342468-0.00016996j|E3=-7.64183746+0.00029662j
#-----------------------------------------#
[Step 520] logΨ: mean=66.962+1.095j | min=62.990+2.644j | max=67.027+2.661j
梯度监控 | raw=0.0404 | natural=0.0003 | clipped=0.0003(上限20.0)
Ψ矩阵条件数 cond(Ψ) = 9.88e+00
Loss=-30.902174 | E0=-7.86279306-0.00001255j | E1=-7.71411961+0.00000203j|E2=-7.68317382-0.00016923j|E3=-7.64208795+0.00029636j
#-----------------------------------------#
[Step 521] logΨ: mean=67.037+0.911j | min=60.079-0.965j | max=67.101+2.642j
梯度监控 | raw=0.1240 | natural=0.0011 | clipped=0.0011(上限20.0)
Ψ矩阵条件数 cond(Ψ) = 9.86e+00
Loss=-30.902101 | E0=-7.86272720+0.00000067j | E1=-7.71411643+0.00000169j|E2=-7.68331150-0.00016792j|E3=-7.64194592+0.00029690j
#-----------------------------------------#
[Step 522] logΨ: mean=67.044+0.856j | min=62.729-0.493j | max=67.109+2.640j
梯度监控 | raw=0.0296 | natural=0.0003 | clipped=0.0003(上限20.0)
Ψ矩阵条件数 cond(Ψ) = 9.85e+00
Loss=-30.902166 | E0=-7.86281368-0.00001951j | E1=-7.71411767+0.00000220j|E2=-7.68367891-0.00017378j|E3=-7.64155543+0.00030307j
#-----------------------------------------#
[Step 523] logΨ: mean=67.065+0.835j | min=63.049-0.520j | max=67.118+2.639j
梯度监控 | raw=0.2894 | natural=0.0003 | clipped=0.0003(上限20.0)
Ψ矩阵条件数 cond(Ψ) = 9.86e+00
Loss=-30.902250 | E0=-7.86289609-0.00006663j | E1=-7.71411882+0.00000228j|E2=-7.68359671-0.00017347j|E3=-7.64163830+0.00030276j
#-----------------------------------------#
[Step 524] logΨ: mean=67.081+0.891j | min=64.845-0.503j | max=67.118+2.639j
梯度监控 | raw=0.0104 | natural=0.0000 | clipped=0.0000(上限20.0)
Ψ矩阵条件数 cond(Ψ) = 9.86e+00
Loss=-30.902246 | E0=-7.86289581-0.00001925j | E1=-7.71411612+0.00000223j|E2=-7.68376087-0.00017445j|E3=-7.64147365+0.00030372j
#-----------------------------------------#
[Step 525] logΨ: mean=67.054+0.767j | min=62.746-0.497j | max=67.126+2.637j
梯度监控 | raw=0.0902 | natural=0.0003 | clipped=0.0003(上限20.0)
Ψ矩阵条件数 cond(Ψ) = 9.86e+00
Loss=-30.902249 | E0=-7.86289463-0.00003450j | E1=-7.71411620+0.00000246j|E2=-7.68304068-0.00017054j|E3=-7.64219744+0.00029943j
#-----------------------------------------#
[Step 526] logΨ: mean=66.913+0.752j | min=61.302+0.005j | max=66.993+2.674j
梯度监控 | raw=4.1870 | natural=0.0056 | clipped=0.0056(上限20.0)
Ψ矩阵条件数 cond(Ψ) = 9.93e+00
Loss=-30.906822 | E0=-7.86694488+0.00085364j | E1=-7.71409278-0.00000057j|E2=-7.67977564+0.00182429j|E3=-7.64600896-0.00284830j
#-----------------------------------------#
[Step 527] logΨ: mean=66.942+0.733j | min=64.720-0.467j | max=66.993+2.674j
梯度监控 | raw=0.0032 | natural=0.0000 | clipped=0.0000(上限20.0)
Ψ矩阵条件数 cond(Ψ) = 9.93e+00
Loss=-30.902335 | E0=-7.86297422-0.00004360j | E1=-7.71411546+0.00000257j|E2=-7.68339001-0.00016476j|E3=-7.64185553+0.00028809j
#-----------------------------------------#
[Step 528] logΨ: mean=66.927+0.742j | min=64.720-0.467j | max=66.993+2.674j
梯度监控 | raw=0.0038 | natural=0.0000 | clipped=0.0000(上限20.0)
Ψ矩阵条件数 cond(Ψ) = 9.93e+00
Loss=-30.902335 | E0=-7.86297384-0.00004321j | E1=-7.71411525+0.00000232j|E2=-7.68313917-0.00016339j|E3=-7.64210690+0.00028687j
#-----------------------------------------#
[Step 529] logΨ: mean=66.927+0.720j | min=62.622-0.462j | max=67.002+2.672j
梯度监控 | raw=0.1121 | natural=0.0003 | clipped=0.0003(上限20.0)
Ψ矩阵条件数 cond(Ψ) = 9.93e+00
Loss=-30.902261 | E0=-7.86289860-0.00001329j | E1=-7.71411688+0.00000212j|E2=-7.68330685-0.00016448j|E3=-7.64193899+0.00028771j
#-----------------------------------------#
[Step 530] logΨ: mean=66.962+0.635j | min=63.073+2.647j | max=67.010+2.670j
梯度监控 | raw=0.0088 | natural=0.0003 | clipped=0.0003(上限20.0)
Ψ矩阵条件数 cond(Ψ) = 9.92e+00
Loss=-30.902306 | E0=-7.86294347-0.00004457j | E1=-7.71411650+0.00000258j|E2=-7.68341772-0.00016502j|E3=-7.64182801+0.00028857j
#-----------------------------------------#
[Step 531] logΨ: mean=66.964+0.524j | min=63.073-0.497j | max=67.019+2.668j
梯度监控 | raw=0.0888 | natural=0.0003 | clipped=0.0003(上限20.0)
Ψ矩阵条件数 cond(Ψ) = 9.92e+00
Loss=-30.902260 | E0=-7.86289727-0.00001734j | E1=-7.71411714+0.00000261j|E2=-7.68361078-0.00016633j|E3=-7.64163499+0.00028948j
#-----------------------------------------#
[Step 532] logΨ: mean=66.983+0.406j | min=60.631-2.437j | max=67.027+2.666j
梯度监控 | raw=0.9591 | natural=0.0003 | clipped=0.0003(上限20.0)
Ψ矩阵条件数 cond(Ψ) = 9.91e+00
Loss=-30.902124 | E0=-7.86293697-0.00004212j | E1=-7.71411608+0.00000251j|E2=-7.68385982-0.00017815j|E3=-7.64121110+0.00028487j
#-----------------------------------------#
[Step 533] logΨ: mean=66.983+0.401j | min=63.072+2.642j | max=67.035+2.664j
梯度监控 | raw=0.0863 | natural=0.0003 | clipped=0.0003(上限20.0)
Ψ矩阵条件数 cond(Ψ) = 9.91e+00
Loss=-30.902286 | E0=-7.86292122-0.00001295j | E1=-7.71411634+0.00000242j|E2=-7.68344239-0.00017405j|E3=-7.64180568+0.00030403j
#-----------------------------------------#
[Step 534] logΨ: mean=66.976+0.305j | min=62.664+2.670j | max=67.043+2.662j
梯度监控 | raw=0.0409 | natural=0.0003 | clipped=0.0003(上限20.0)
Ψ矩阵条件数 cond(Ψ) = 9.90e+00
Loss=-30.902187 | E0=-7.86281930-0.00004505j | E1=-7.71411933+0.00000222j|E2=-7.68321999-0.00017295j|E3=-7.64202813+0.00030260j
#-----------------------------------------#
[Step 535] logΨ: mean=67.001+0.148j | min=63.071-0.503j | max=67.051+2.660j
梯度监控 | raw=0.0616 | natural=0.0003 | clipped=0.0003(上限20.0)
Ψ矩阵条件数 cond(Ψ) = 9.90e+00
Loss=-30.902259 | E0=-7.86289326-0.00001986j | E1=-7.71411718+0.00000254j|E2=-7.68355268-0.00017490j|E3=-7.64169560+0.00030528j
#-----------------------------------------#
[Step 536] logΨ: mean=66.994+0.165j | min=63.119-0.468j | max=67.051+2.660j
梯度监控 | raw=0.0135 | natural=0.0000 | clipped=0.0000(上限20.0)
Ψ矩阵条件数 cond(Ψ) = 9.90e+00
Loss=-30.902315 | E0=-7.86295096-0.00003186j | E1=-7.71411527+0.00000214j|E2=-7.68388034-0.00017675j|E3=-7.64136798+0.00030754j
#-----------------------------------------#
[Step 537] logΨ: mean=66.997+0.156j | min=64.778+2.660j | max=67.052+2.660j
梯度监控 | raw=0.0042 | natural=0.0000 | clipped=0.0000(上限20.0)
Ψ矩阵条件数 cond(Ψ) = 9.90e+00
Loss=-30.902316 | E0=-7.86295223-0.00003648j | E1=-7.71411567+0.00000239j|E2=-7.68305151-0.00017235j|E3=-7.64219691+0.00030189j
#-----------------------------------------#
[Step 538] logΨ: mean=66.992+0.327j | min=62.680-0.476j | max=67.060+2.658j
梯度监控 | raw=0.0426 | natural=0.0003 | clipped=0.0003(上限20.0)
Ψ矩阵条件数 cond(Ψ) = 9.90e+00
Loss=-30.902259 | E0=-7.86289316-0.00002606j | E1=-7.71411724+0.00000251j|E2=-7.68310773-0.00017265j|E3=-7.64214049+0.00030235j
#-----------------------------------------#
[Step 539] logΨ: mean=67.003+0.321j | min=64.786-0.484j | max=67.060+2.658j
梯度监控 | raw=0.0040 | natural=0.0000 | clipped=0.0000(上限20.0)
Ψ矩阵条件数 cond(Ψ) = 9.90e+00
Loss=-30.902314 | E0=-7.86295044-0.00003636j | E1=-7.71411553+0.00000242j|E2=-7.68302316-0.00017229j|E3=-7.64222516+0.00030205j
#-----------------------------------------#
[Step 540] logΨ: mean=66.994+0.337j | min=62.680-0.476j | max=67.060+2.658j
梯度监控 | raw=0.0474 | natural=0.0000 | clipped=0.0000(上限20.0)
Ψ矩阵条件数 cond(Ψ) = 9.90e+00
Loss=-30.902308 | E0=-7.86294465-0.00002048j | E1=-7.71411555+0.00000262j|E2=-7.68316379-0.00017306j|E3=-7.64208444+0.00030302j
#-----------------------------------------#
[Step 541] logΨ: mean=67.003+0.371j | min=64.787-0.484j | max=67.060+2.658j
梯度监控 | raw=0.0031 | natural=0.0000 | clipped=0.0000(上限20.0)
Ψ矩阵条件数 cond(Ψ) = 9.90e+00
Loss=-30.902314 | E0=-7.86295013-0.00003567j | E1=-7.71411553+0.00000242j|E2=-7.68338687-0.00017442j|E3=-7.64186157+0.00030469j
#-----------------------------------------#
[Step 542] logΨ: mean=66.986+0.337j | min=63.126-0.474j | max=67.060+2.658j
梯度监控 | raw=0.0548 | natural=0.0000 | clipped=0.0000(上限20.0)
Ψ矩阵条件数 cond(Ψ) = 9.90e+00
Loss=-30.902308 | E0=-7.86294392-0.00001735j | E1=-7.71411557+0.00000228j|E2=-7.68296666-0.00017230j|E3=-7.64228180+0.00030195j
#-----------------------------------------#
[Step 543] logΨ: mean=67.012+0.337j | min=63.070-0.506j | max=67.068+2.656j
梯度监控 | raw=0.0084 | natural=0.0003 | clipped=0.0003(上限20.0)
Ψ矩阵条件数 cond(Ψ) = 9.90e+00
Loss=-30.902287 | E0=-7.86292199-0.00003641j | E1=-7.71411643+0.00000246j|E2=-7.68360768-0.00017570j|E3=-7.64164096+0.00030605j
#-----------------------------------------#
[Step 544] logΨ: mean=67.021+0.337j | min=62.689-0.478j | max=67.068+2.656j
梯度监控 | raw=0.0020 | natural=0.0000 | clipped=0.0000(上限20.0)
Ψ矩阵条件数 cond(Ψ) = 9.90e+00
Loss=-30.902310 | E0=-7.86294636-0.00003389j | E1=-7.71411542+0.00000264j|E2=-7.68366241-0.00017592j|E3=-7.64158612+0.00030644j
#-----------------------------------------#
[Step 545] logΨ: mean=67.070+0.394j | min=61.378+3.123j | max=67.117+2.653j
梯度监控 | raw=1.0951 | natural=0.0009 | clipped=0.0009(上限20.0)
Ψ矩阵条件数 cond(Ψ) = 9.89e+00
Loss=-30.902348 | E0=-7.86294673-0.00003388j | E1=-7.71411806+0.00000186j|E2=-7.68265301+0.00027039j|E3=-7.64263042-0.00045641j
#-----------------------------------------#
[Step 546] logΨ: mean=67.051+0.580j | min=62.746-0.483j | max=67.125+2.651j
梯度监控 | raw=0.0433 | natural=0.0003 | clipped=0.0003(上限20.0)
Ψ矩阵条件数 cond(Ψ) = 9.89e+00
Loss=-30.902184 | E0=-7.86280890-0.00003468j | E1=-7.71411984+0.00000238j|E2=-7.68283969-0.00016366j|E3=-7.64241592+0.00028829j
#-----------------------------------------#
[Step 547] logΨ: mean=67.064+0.565j | min=62.754+2.657j | max=67.134+2.649j
梯度监控 | raw=0.0216 | natural=0.0003 | clipped=0.0003(上限20.0)
Ψ矩阵条件数 cond(Ψ) = 9.89e+00
Loss=-30.902264 | E0=-7.86288975-0.00003245j | E1=-7.71411720+0.00000236j|E2=-7.68306641-0.00016500j|E3=-7.64219023+0.00028979j
#-----------------------------------------#
[Step 548] logΨ: mean=67.117+0.539j | min=61.395-0.024j | max=67.183+2.649j
梯度监控 | raw=0.2640 | natural=0.0009 | clipped=0.0009(上限20.0)
Ψ矩阵条件数 cond(Ψ) = 9.90e+00
Loss=-30.902163 | E0=-7.86294302-0.00003411j | E1=-7.71411739+0.00000231j|E2=-7.68297233-0.00016343j|E3=-7.64213013+0.00029210j
#-----------------------------------------#
[Step 549] logΨ: mean=67.125+0.439j | min=62.804+2.656j | max=67.183+2.649j
梯度监控 | raw=0.0106 | natural=0.0000 | clipped=0.0000(上限20.0)
Ψ矩阵条件数 cond(Ψ) = 9.90e+00
Loss=-30.902299 | E0=-7.86294236-0.00003073j | E1=-7.71411571+0.00000263j|E2=-7.68317385-0.00015738j|E3=-7.64206729+0.00027679j
#-----------------------------------------#
[Step 550] logΨ: mean=67.108+0.376j | min=64.910-0.493j | max=67.183+2.649j
梯度监控 | raw=0.0061 | natural=0.0000 | clipped=0.0000(上限20.0)
Ψ矩阵条件数 cond(Ψ) = 9.90e+00
Loss=-30.902299 | E0=-7.86294207-0.00003361j | E1=-7.71411561+0.00000244j|E2=-7.68274899-0.00015528j|E3=-7.64249263+0.00027513j
#-----------------------------------------#
[Step 551] logΨ: mean=67.122+0.334j | min=62.804-0.485j | max=67.183+2.649j
梯度监控 | raw=0.0041 | natural=0.0000 | clipped=0.0000(上限20.0)
Ψ矩阵条件数 cond(Ψ) = 9.90e+00
Loss=-30.902299 | E0=-7.86294223-0.00003382j | E1=-7.71411535+0.00000234j|E2=-7.68339698-0.00015893j|E3=-7.64184418+0.00027797j
#-----------------------------------------#
[Step 552] logΨ: mean=67.139+0.328j | min=62.804-0.485j | max=67.183+2.649j
梯度监控 | raw=0.0024 | natural=0.0000 | clipped=0.0000(上限20.0)
Ψ矩阵条件数 cond(Ψ) = 9.90e+00
Loss=-30.902298 | E0=-7.86294187-0.00003348j | E1=-7.71411557+0.00000242j|E2=-7.68394437-0.00016220j|E3=-7.64129646+0.00028068j
#-----------------------------------------#
[Step 553] logΨ: mean=67.132+0.595j | min=62.812-0.487j | max=67.191+2.647j
梯度监控 | raw=0.0528 | natural=0.0003 | clipped=0.0003(上限20.0)
Ψ矩阵条件数 cond(Ψ) = 9.90e+00
Loss=-30.902140 | E0=-7.86277847-0.00003304j | E1=-7.71412047+0.00000218j|E2=-7.68383599-0.00016180j|E3=-7.64140502+0.00028035j
#-----------------------------------------#
[Step 554] logΨ: mean=67.144+0.697j | min=63.168-0.516j | max=67.200+2.645j
梯度监控 | raw=0.0086 | natural=0.0003 | clipped=0.0003(上限20.0)
Ψ矩阵条件数 cond(Ψ) = 9.90e+00
Loss=-30.902270 | E0=-7.86291280-0.00003457j | E1=-7.71411614+0.00000239j|E2=-7.68364499-0.00016085j|E3=-7.64159626+0.00027969j
#-----------------------------------------#
[Step 555] logΨ: mean=67.162+0.678j | min=62.820+2.653j | max=67.200+2.645j
梯度监控 | raw=0.0028 | natural=0.0000 | clipped=0.0000(上限20.0)
Ψ矩阵条件数 cond(Ψ) = 9.90e+00
Loss=-30.902293 | E0=-7.86293665-0.00003215j | E1=-7.71411532+0.00000263j|E2=-7.68372682-0.00016101j|E3=-7.64151402+0.00028024j
#-----------------------------------------#
[Step 556] logΨ: mean=67.153+0.743j | min=62.820-0.489j | max=67.200+2.645j
梯度监控 | raw=0.0020 | natural=0.0000 | clipped=0.0000(上限20.0)
Ψ矩阵条件数 cond(Ψ) = 9.90e+00
Loss=-30.902293 | E0=-7.86293653-0.00003209j | E1=-7.71411526+0.00000236j|E2=-7.68380850-0.00016190j|E3=-7.64143250+0.00028117j
#-----------------------------------------#
[Step 557] logΨ: mean=67.161+0.903j | min=62.820-0.489j | max=67.200+2.645j
梯度监控 | raw=0.0018 | natural=0.0000 | clipped=0.0000(上限20.0)
Ψ矩阵条件数 cond(Ψ) = 9.90e+00
Loss=-30.902293 | E0=-7.86293676-0.00003221j | E1=-7.71411573+0.00000261j|E2=-7.68383558-0.00016223j|E3=-7.64140541+0.00028146j
#-----------------------------------------#
[Step 558] logΨ: mean=67.145+0.981j | min=62.829-0.491j | max=67.208+2.643j
梯度监控 | raw=0.0166 | natural=0.0003 | clipped=0.0003(上限20.0)
Ψ矩阵条件数 cond(Ψ) = 9.90e+00
Loss=-30.902242 | E0=-7.86288271-0.00003389j | E1=-7.71411730+0.00000216j|E2=-7.68294786-0.00015736j|E3=-7.64229374+0.00027745j
#-----------------------------------------#
[Step 559] logΨ: mean=67.167+1.069j | min=63.167-0.519j | max=67.216+2.642j
梯度监控 | raw=0.0402 | natural=0.0003 | clipped=0.0003(上限20.0)
Ψ矩阵条件数 cond(Ψ) = 9.89e+00
Loss=-30.902159 | E0=-7.86279794-0.00003379j | E1=-7.71411990+0.00000231j|E2=-7.68361724-0.00016128j|E3=-7.64162429+0.00028081j
#-----------------------------------------#
[Step 560] logΨ: mean=67.184+1.062j | min=64.943-0.500j | max=67.216+2.642j
梯度监控 | raw=0.0013 | natural=0.0000 | clipped=0.0000(上限20.0)
Ψ矩阵条件数 cond(Ψ) = 9.89e+00
Loss=-30.902287 | E0=-7.86292984-0.00002894j | E1=-7.71411533+0.00000237j|E2=-7.68394410-0.00016310j|E3=-7.64129742+0.00028244j
#-----------------------------------------#
[Step 561] logΨ: mean=67.146+1.075j | min=62.837-0.493j | max=67.216+2.642j
梯度监控 | raw=0.0030 | natural=0.0000 | clipped=0.0000(上限20.0)
Ψ矩阵条件数 cond(Ψ) = 9.89e+00
Loss=-30.902286 | E0=-7.86292951-0.00002890j | E1=-7.71411552+0.00000265j|E2=-7.68289094-0.00015719j|E3=-7.64235048+0.00027748j
#-----------------------------------------#
[Step 562] logΨ: mean=67.173+1.082j | min=64.943-0.500j | max=67.216+2.642j
梯度监控 | raw=0.0014 | natural=0.0000 | clipped=0.0000(上限20.0)
Ψ矩阵条件数 cond(Ψ) = 9.89e+00
Loss=-30.902286 | E0=-7.86292940-0.00002903j | E1=-7.71411541+0.00000232j|E2=-7.68372654-0.00016227j|E3=-7.64151498+0.00028199j
#-----------------------------------------#
[Step 563] logΨ: mean=67.139+1.100j | min=63.259-0.519j | max=67.216+2.642j
梯度监控 | raw=0.0424 | natural=0.0000 | clipped=0.0000(上限20.0)
Ψ矩阵条件数 cond(Ψ) = 9.89e+00
Loss=-30.902298 | E0=-7.86294106-0.00003863j | E1=-7.71411545+0.00000256j|E2=-7.68317325-0.00015930j|E3=-7.64206838+0.00027931j
#-----------------------------------------#
[Step 564] logΨ: mean=67.157+1.371j | min=63.167+2.621j | max=67.224+2.640j
梯度监控 | raw=0.0156 | natural=0.0003 | clipped=0.0003(上限20.0)
Ψ矩阵条件数 cond(Ψ) = 9.89e+00
Loss=-30.902265 | E0=-7.86290663-0.00003293j | E1=-7.71411635+0.00000254j|E2=-7.68353463-0.00016130j|E3=-7.64170702+0.00028108j
#-----------------------------------------#
[Step 565] logΨ: mean=67.157+1.429j | min=64.951-0.502j | max=67.224+2.640j
梯度监控 | raw=0.0022 | natural=0.0000 | clipped=0.0000(上限20.0)
Ψ矩阵条件数 cond(Ψ) = 9.89e+00
Loss=-30.902286 | E0=-7.86292836-0.00002963j | E1=-7.71411580+0.00000227j|E2=-7.68274823-0.00015681j|E3=-7.64249356+0.00027725j
#-----------------------------------------#
[Step 566] logΨ: mean=67.156+1.332j | min=64.951-0.502j | max=67.224+2.640j
梯度监控 | raw=0.0021 | natural=0.0000 | clipped=0.0000(上限20.0)
Ψ矩阵条件数 cond(Ψ) = 9.89e+00
Loss=-30.902285 | E0=-7.86292800-0.00002946j | E1=-7.71411557+0.00000218j|E2=-7.68277691-0.00015708j|E3=-7.64246497+0.00027732j
#-----------------------------------------#
[Step 567] logΨ: mean=67.231+0.967j | min=61.473+2.348j | max=67.289+2.641j
梯度监控 | raw=0.2598 | natural=0.0006 | clipped=0.0006(上限20.0)
Ψ矩阵条件数 cond(Ψ) = 9.87e+00
Loss=-30.902081 | E0=-7.86288055-0.00003522j | E1=-7.71396551+0.00000276j|E2=-7.68336428-0.00015940j|E3=-7.64187113+0.00028074j
#-----------------------------------------#
[Step 568] logΨ: mean=67.249+0.833j | min=61.236+2.630j | max=67.297+2.639j
梯度监控 | raw=0.0271 | natural=0.0003 | clipped=0.0003(上限20.0)
Ψ矩阵条件数 cond(Ψ) = 9.87e+00
Loss=-30.902238 | E0=-7.86287872-0.00003566j | E1=-7.71411751+0.00000239j|E2=-7.68405161-0.00016391j|E3=-7.64118966+0.00028390j
#-----------------------------------------#
[Step 569] logΨ: mean=67.225+0.710j | min=65.024-0.503j | max=67.297+2.639j
梯度监控 | raw=0.0020 | natural=0.0000 | clipped=0.0000(上限20.0)
Ψ矩阵条件数 cond(Ψ) = 9.87e+00
Loss=-30.902282 | E0=-7.86292480-0.00003001j | E1=-7.71411575+0.00000226j|E2=-7.68314507-0.00015947j|E3=-7.64209673+0.00027983j
#-----------------------------------------#
[Step 570] logΨ: mean=67.238+0.849j | min=63.223+2.619j | max=67.305+2.637j
梯度监控 | raw=0.0128 | natural=0.0003 | clipped=0.0003(上限20.0)
Ψ矩阵条件数 cond(Ψ) = 9.87e+00
Loss=-30.902259 | E0=-7.86290103-0.00003311j | E1=-7.71411633+0.00000201j|E2=-7.68353451-0.00016166j|E3=-7.64170730+0.00028176j
#-----------------------------------------#
[Step 571] logΨ: mean=67.248+0.881j | min=63.350-0.523j | max=67.303+2.634j
梯度监控 | raw=4.7392 | natural=0.0002 | clipped=0.0002(上限20.0)
Ψ矩阵条件数 cond(Ψ) = 2.08e+01
Loss=-30.903174 | E0=-7.86292989-0.00003667j | E1=-7.71411583+0.00000215j|E2=-7.67966001+0.00209375j|E3=-7.64646782-0.00326070j
#-----------------------------------------#
[Step 572] logΨ: mean=66.369+1.192j | min=59.690+3.003j | max=66.500+2.898j
梯度监控 | raw=10.4045 | natural=0.0124 | clipped=0.0124(上限20.0)
Ψ矩阵条件数 cond(Ψ) = 1.04e+01
Loss=-30.913397 | E0=-7.87306808+0.00213168j | E1=-7.71363255-0.00007368j|E2=-7.67417864+0.00615555j|E3=-7.65251811-0.00818416j
#-----------------------------------------#
[Step 573] logΨ: mean=66.389+1.317j | min=62.552+2.876j | max=66.500+2.902j
梯度监控 | raw=17.1476 | natural=0.0004 | clipped=0.0004(上限20.0)
Ψ矩阵条件数 cond(Ψ) = 1.04e+01
Loss=-30.896936 | E0=-7.85757144-0.00040276j | E1=-7.71410679-0.00003237j|E2=-7.68297787-0.00014453j|E3=-7.64227999+0.00025506j
#-----------------------------------------#
[Step 574] logΨ: mean=66.459+1.333j | min=63.732-0.514j | max=66.501+2.900j
梯度监控 | raw=1.3849 | natural=0.0003 | clipped=0.0003(上限20.0)
Ψ矩阵条件数 cond(Ψ) = 1.04e+01
Loss=-30.902467 | E0=-7.86309114+0.00015995j | E1=-7.71411442+0.00003983j|E2=-7.68359135-0.00014791j|E3=-7.64167007+0.00025682j
#-----------------------------------------#
[Step 575] logΨ: mean=66.435+1.349j | min=63.685-0.511j | max=66.502+2.898j
梯度监控 | raw=2.2608 | natural=0.0003 | clipped=0.0003(上限20.0)
Ψ矩阵条件数 cond(Ψ) = 1.04e+01
Loss=-30.902115 | E0=-7.86274466+0.00010128j | E1=-7.71411186+0.00000627j|E2=-7.68306253-0.00014485j|E3=-7.64219587+0.00025522j
#-----------------------------------------#
[Step 576] logΨ: mean=66.440+1.339j | min=62.127-0.245j | max=66.503+2.901j
梯度监控 | raw=4.3244 | natural=0.0004 | clipped=0.0004(上限20.0)
Ψ矩阵条件数 cond(Ψ) = 1.03e+01
Loss=-30.901383 | E0=-7.86200834+0.00004237j | E1=-7.71411266+0.00000397j|E2=-7.68367371-0.00014848j|E3=-7.64158797+0.00025719j
#-----------------------------------------#
[Step 577] logΨ: mean=66.449+1.426j | min=63.594-0.498j | max=66.504+2.898j
梯度监控 | raw=3.3748 | natural=0.0003 | clipped=0.0003(上限20.0)
Ψ矩阵条件数 cond(Ψ) = 1.03e+01
Loss=-30.901653 | E0=-7.86227968+0.00001509j | E1=-7.71411320+0.00002180j|E2=-7.68342549-0.00014746j|E3=-7.64183513+0.00025737j
#-----------------------------------------#
[Step 578] logΨ: mean=66.453+1.516j | min=63.550+2.648j | max=66.505+2.896j
梯度监控 | raw=0.8363 | natural=0.0003 | clipped=0.0003(上限20.0)
Ψ矩阵条件数 cond(Ψ) = 1.03e+01
Loss=-30.902506 | E0=-7.86313343+0.00011611j | E1=-7.71411510+0.00004220j|E2=-7.68292053-0.00014447j|E3=-7.64233720+0.00025561j
#-----------------------------------------#
[Step 579] logΨ: mean=66.461+1.516j | min=63.507+2.652j | max=66.506+2.894j
梯度监控 | raw=0.4498 | natural=0.0003 | clipped=0.0003(上限20.0)
Ψ矩阵条件数 cond(Ψ) = 1.03e+01
Loss=-30.902616 | E0=-7.86324137+0.00011920j | E1=-7.71411321+0.00002118j|E2=-7.68353607-0.00014814j|E3=-7.64172517+0.00025773j
#-----------------------------------------#
[Step 580] logΨ: mean=66.446+1.487j | min=62.561+2.868j | max=66.509+2.895j
梯度监控 | raw=3.1206 | natural=0.0003 | clipped=0.0003(上限20.0)
Ψ矩阵条件数 cond(Ψ) = 1.03e+01
Loss=-30.901643 | E0=-7.86226908-0.00001491j | E1=-7.71411387+0.00001116j|E2=-7.68337020-0.00014731j|E3=-7.64189029+0.00025709j
#-----------------------------------------#
[Step 581] logΨ: mean=66.477+1.509j | min=60.617-0.338j | max=66.556+2.897j
梯度监控 | raw=3.8262 | natural=0.0006 | clipped=0.0006(上限20.0)
Ψ矩阵条件数 cond(Ψ) = 1.03e+01
Loss=-30.901201 | E0=-7.86200515-0.00008058j | E1=-7.71396651-0.00001357j|E2=-7.68321106-0.00015257j|E3=-7.64201872+0.00025617j
#-----------------------------------------#
[Step 582] logΨ: mean=66.483+1.376j | min=62.609+2.865j | max=66.559+2.898j
梯度监控 | raw=2.6038 | natural=0.0003 | clipped=0.0003(上限20.0)
Ψ矩阵条件数 cond(Ψ) = 1.03e+01
Loss=-30.901746 | E0=-7.86238950-0.00001537j | E1=-7.71411221-0.00000503j|E2=-7.68317021-0.00015605j|E3=-7.64207399+0.00027321j
#-----------------------------------------#
[Step 583] logΨ: mean=66.475+1.248j | min=60.014-2.418j | max=66.610+2.817j
梯度监控 | raw=17.2613 | natural=0.0125 | clipped=0.0125(上限20.0)
Ψ矩阵条件数 cond(Ψ) = 1.03e+01
Loss=-30.906253 | E0=-7.86380936+0.00016500j | E1=-7.71411122-0.00001170j|E2=-7.67342721+0.01616545j|E3=-7.65490536-0.02064661j
#-----------------------------------------#
[Step 584] logΨ: mean=66.536+1.385j | min=62.734+2.805j | max=66.614+2.817j
梯度监控 | raw=3.1456 | natural=0.0003 | clipped=0.0003(上限20.0)
Ψ矩阵条件数 cond(Ψ) = 1.02e+01
Loss=-30.901556 | E0=-7.86219179-0.00008637j | E1=-7.71411134-0.00001453j|E2=-7.68335243-0.00014998j|E3=-7.64190066+0.00026206j
#-----------------------------------------#
[Step 585] logΨ: mean=66.557+1.430j | min=63.376-0.529j | max=66.615+2.815j
梯度监控 | raw=3.0157 | natural=0.0003 | clipped=0.0003(上限20.0)
Ψ矩阵条件数 cond(Ψ) = 1.02e+01
Loss=-30.901606 | E0=-7.86223880-0.00010469j | E1=-7.71411428+0.00002029j|E2=-7.68329650-0.00014951j|E3=-7.64195620+0.00026179j
#-----------------------------------------#
[Step 586] logΨ: mean=66.556+1.407j | min=63.342-0.524j | max=66.616+2.813j
梯度监控 | raw=1.9603 | natural=0.0002 | clipped=0.0002(上限20.0)
Ψ矩阵条件数 cond(Ψ) = 1.02e+01
Loss=-30.901953 | E0=-7.86258642-0.00005050j | E1=-7.71411351+0.00001108j|E2=-7.68326886-0.00014956j|E3=-7.64198413+0.00026155j
#-----------------------------------------#
[Step 587] logΨ: mean=66.539+1.400j | min=62.244+2.814j | max=66.621+2.813j
梯度监控 | raw=3.7455 | natural=0.0003 | clipped=0.0003(上限20.0)
Ψ矩阵条件数 cond(Ψ) = 1.02e+01
Loss=-30.901281 | E0=-7.86191631-0.00017623j | E1=-7.71411194-0.00001083j|E2=-7.68332474-0.00014994j|E3=-7.64192845+0.00026187j
#-----------------------------------------#
[Step 588] logΨ: mean=66.571+1.406j | min=62.736+2.801j | max=66.626+2.813j
梯度监控 | raw=0.0768 | natural=0.0002 | clipped=0.0002(上限20.0)
Ψ矩阵条件数 cond(Ψ) = 1.02e+01
Loss=-30.902570 | E0=-7.86320319+0.00006834j | E1=-7.71411404+0.00001023j|E2=-7.68326845-0.00014964j|E3=-7.64198414+0.00026206j
#-----------------------------------------#
[Step 589] logΨ: mean=66.409+1.419j | min=62.222-0.247j | max=66.494+2.824j
梯度监控 | raw=3.5547 | natural=0.0037 | clipped=0.0037(上限20.0)
Ψ矩阵条件数 cond(Ψ) = 1.02e+01
Loss=-30.905319 | E0=-7.86596604+0.00025535j | E1=-7.71409926-0.00000074j|E2=-7.68354593-0.00015128j|E3=-7.64170751+0.00026332j
#-----------------------------------------#
[Step 590] logΨ: mean=66.431+1.423j | min=62.123-0.316j | max=66.501+2.824j
梯度监控 | raw=1.1686 | natural=0.0003 | clipped=0.0003(上限20.0)
Ψ矩阵条件数 cond(Ψ) = 1.02e+01
Loss=-30.902170 | E0=-7.86280380-0.00001703j | E1=-7.71411418+0.00000682j|E2=-7.68295978-0.00014803j|E3=-7.64229189+0.00026085j
#-----------------------------------------#
[Step 591] logΨ: mean=66.449+1.467j | min=62.129-0.317j | max=66.507+2.823j
梯度监控 | raw=0.5905 | natural=0.0003 | clipped=0.0003(上限20.0)
Ψ矩阵条件数 cond(Ψ) = 1.02e+01
Loss=-30.902376 | E0=-7.86300951+0.00001531j | E1=-7.71411274-0.00000008j|E2=-7.68354630-0.00015176j|E3=-7.64170739+0.00026418j
#-----------------------------------------#
[Step 592] logΨ: mean=66.461+1.533j | min=62.702-0.330j | max=66.514+2.822j
梯度监控 | raw=1.3323 | natural=0.0003 | clipped=0.0003(上限20.0)
Ψ矩阵条件数 cond(Ψ) = 1.02e+01
Loss=-30.902081 | E0=-7.86271256-0.00004817j | E1=-7.71411466+0.00001049j|E2=-7.68360086-0.00015223j|E3=-7.64165262+0.00026486j
#-----------------------------------------#
[Step 593] logΨ: mean=66.419+1.352j | min=62.702-0.333j | max=66.521+2.821j
梯度监控 | raw=1.5530 | natural=0.0003 | clipped=0.0003(上限20.0)
Ψ矩阵条件数 cond(Ψ) = 1.02e+01
Loss=-30.901886 | E0=-7.86252221-0.00005724j | E1=-7.71411066-0.00002361j|E2=-7.68310130-0.00014992j|E3=-7.64215196+0.00026257j
#-----------------------------------------#
[Step 594] logΨ: mean=66.461+1.268j | min=62.143-0.319j | max=66.521+2.819j
梯度监控 | raw=0.2712 | natural=0.0002 | clipped=0.0002(上限20.0)
Ψ矩阵条件数 cond(Ψ) = 1.02e+01
Loss=-30.902461 | E0=-7.86309563+0.00002017j | E1=-7.71411291+0.00000767j|E2=-7.68307274-0.00014945j|E3=-7.64218006+0.00026247j
#-----------------------------------------#
[Step 595] logΨ: mean=66.467+1.230j | min=63.009+2.673j | max=66.522+2.818j
梯度监控 | raw=0.4913 | natural=0.0002 | clipped=0.0002(上限20.0)
Ψ矩阵条件数 cond(Ψ) = 1.02e+01
Loss=-30.902375 | E0=-7.86300831-0.00000528j | E1=-7.71411261+0.00000317j|E2=-7.68354579-0.00015236j|E3=-7.64170796+0.00026550j
#-----------------------------------------#
[Step 596] logΨ: mean=66.478+1.262j | min=62.703-0.336j | max=66.529+2.817j
梯度监控 | raw=0.8998 | natural=0.0003 | clipped=0.0003(上限20.0)
Ψ矩阵条件数 cond(Ψ) = 1.02e+01
Loss=-30.902179 | E0=-7.86281063-0.00004217j | E1=-7.71411432+0.00000615j|E2=-7.68373746-0.00015332j|E3=-7.64151639+0.00026644j
#-----------------------------------------#
[Step 597] logΨ: mean=66.486+1.378j | min=62.158+2.819j | max=66.536+2.815j
梯度监控 | raw=0.2452 | natural=0.0003 | clipped=0.0003(上限20.0)
Ψ矩阵条件数 cond(Ψ) = 1.02e+01
Loss=-30.902396 | E0=-7.86302916+0.00001318j | E1=-7.71411327+0.00000040j|E2=-7.68390043-0.00015414j|E3=-7.64135353+0.00026731j
#-----------------------------------------#
[Step 598] logΨ: mean=66.484+1.436j | min=62.703-0.340j | max=66.543+2.814j
梯度监控 | raw=0.2283 | natural=0.0003 | clipped=0.0003(上限20.0)
Ψ矩阵条件数 cond(Ψ) = 1.02e+01
Loss=-30.902412 | E0=-7.86304473+0.00000752j | E1=-7.71411343+0.00000363j|E2=-7.68329650-0.00015139j|E3=-7.64195702+0.00026468j
#-----------------------------------------#
[Step 599] logΨ: mean=66.472+1.336j | min=62.703-0.342j | max=66.551+2.813j
梯度监控 | raw=1.3459 | natural=0.0003 | clipped=0.0003(上限20.0)
Ψ矩阵条件数 cond(Ψ) = 1.02e+01
Loss=-30.901875 | E0=-7.86250512-0.00009259j | E1=-7.71411705+0.00000276j|E2=-7.68310045-0.00015037j|E3=-7.64215253+0.00026378j
#-----------------------------------------#
[Step 600] logΨ: mean=66.490+1.264j | min=62.172-0.325j | max=66.551+2.813j
梯度监控 | raw=0.0381 | natural=0.0000 | clipped=0.0000(上限20.0)
Ψ矩阵条件数 cond(Ψ) = 1.02e+01
Loss=-30.902484 | E0=-7.86311786+0.00001816j | E1=-7.71411313+0.00000650j|E2=-7.68295944-0.00014956j|E3=-7.64229354+0.00026311j
#-----------------------------------------#
[Step 601] logΨ: mean=66.508+1.241j | min=64.278-0.332j | max=66.551+2.813j
梯度监控 | raw=0.0319 | natural=0.0000 | clipped=0.0000(上限20.0)
Ψ矩阵条件数 cond(Ψ) = 1.02e+01
Loss=-30.902485 | E0=-7.86311812+0.00001843j | E1=-7.71411305+0.00000776j|E2=-7.68365520-0.00015338j|E3=-7.64159870+0.00026688j
#-----------------------------------------#
[Step 602] logΨ: mean=66.570+1.307j | min=61.279+2.252j | max=66.616+2.813j
梯度监控 | raw=0.9798 | natural=0.0007 | clipped=0.0007(上限20.0)
Ψ矩阵条件数 cond(Ψ) = 1.01e+01
Loss=-30.901992 | E0=-7.86278228-0.00006854j | E1=-7.71396000+0.00000842j|E2=-7.68389865-0.00015368j|E3=-7.64135087+0.00026879j
#-----------------------------------------#
[Step 603] logΨ: mean=66.559+1.436j | min=62.244+2.816j | max=66.623+2.811j
梯度监控 | raw=0.7132 | natural=0.0003 | clipped=0.0003(上限20.0)
Ψ矩阵条件数 cond(Ψ) = 1.01e+01
Loss=-30.902167 | E0=-7.86279861-0.00004915j | E1=-7.71411441-0.00000139j|E2=-7.68365546-0.00015349j|E3=-7.64159868+0.00026688j
#-----------------------------------------#
[Step 604] logΨ: mean=66.561+1.332j | min=62.761-0.346j | max=66.631+2.810j
梯度监控 | raw=0.3528 | natural=0.0003 | clipped=0.0003(上限20.0)
Ψ矩阵条件数 cond(Ψ) = 1.01e+01
Loss=-30.902328 | E0=-7.86296115-0.00001998j | E1=-7.71411326-0.00000101j|E2=-7.68324042-0.00015157j|E3=-7.64201299+0.00026523j
#-----------------------------------------#
[Step 605] logΨ: mean=66.548+1.215j | min=62.251+2.815j | max=66.631+2.810j
梯度监控 | raw=0.0416 | natural=0.0000 | clipped=0.0000(上限20.0)
Ψ矩阵条件数 cond(Ψ) = 1.01e+01
Loss=-30.902455 | E0=-7.86309000+0.00000959j | E1=-7.71411295+0.00000135j|E2=-7.68235568-0.00014709j|E3=-7.64289661+0.00026104j
#-----------------------------------------#
[Step 606] logΨ: mean=66.578+1.228j | min=62.954+2.711j | max=66.631+2.809j
梯度监控 | raw=0.1736 | natural=0.0001 | clipped=0.0001(上限20.0)
Ψ矩阵条件数 cond(Ψ) = 1.01e+01
Loss=-30.902404 | E0=-7.86303763-0.00000623j | E1=-7.71411297+0.00000364j|E2=-7.68351765-0.00015319j|E3=-7.64173615+0.00026696j
#-----------------------------------------#
[Step 607] logΨ: mean=66.580+1.204j | min=62.938+2.715j | max=66.632+2.808j
梯度监控 | raw=0.1638 | natural=0.0001 | clipped=0.0001(上限20.0)
Ψ矩阵条件数 cond(Ψ) = 1.01e+01
Loss=-30.902402 | E0=-7.86303488-0.00000823j | E1=-7.71411282+0.00000370j|E2=-7.68354542-0.00015339j|E3=-7.64170881+0.00026704j
#-----------------------------------------#
[Step 608] logΨ: mean=66.585+1.104j | min=62.260-0.330j | max=66.639+2.806j
梯度监控 | raw=0.1573 | natural=0.0003 | clipped=0.0003(上限20.0)
Ψ矩阵条件数 cond(Ψ) = 1.01e+01
Loss=-30.902351 | E0=-7.86298252-0.00000728j | E1=-7.71411419+0.00000243j|E2=-7.68362765-0.00015377j|E3=-7.64162634+0.00026752j
#-----------------------------------------#
[Step 609] logΨ: mean=66.576+1.064j | min=62.260-0.330j | max=66.639+2.806j
梯度监控 | raw=0.0347 | natural=0.0000 | clipped=0.0000(上限20.0)
Ψ矩阵条件数 cond(Ψ) = 1.01e+01
Loss=-30.902439 | E0=-7.86307228+0.00000262j | E1=-7.71411311+0.00000091j|E2=-7.68326804-0.00015204j|E3=-7.64198547+0.00026622j
#-----------------------------------------#
[Step 610] logΨ: mean=66.583+1.045j | min=62.260+2.812j | max=66.640+2.806j
梯度监控 | raw=0.0246 | natural=0.0000 | clipped=0.0000(上限20.0)
Ψ矩阵条件数 cond(Ψ) = 1.01e+01
Loss=-30.902440 | E0=-7.86307300+0.00000307j | E1=-7.71411301+0.00000400j|E2=-7.68324021-0.00015222j|E3=-7.64201371+0.00026636j
#-----------------------------------------#
[Step 611] logΨ: mean=66.594+0.840j | min=62.268-0.331j | max=66.647+2.805j
梯度监控 | raw=0.0347 | natural=0.0003 | clipped=0.0003(上限20.0)
Ψ矩阵条件数 cond(Ψ) = 1.01e+01
Loss=-30.902414 | E0=-7.86304678+0.00000360j | E1=-7.71411304+0.00000012j|E2=-7.68384510-0.00015580j|E3=-7.64140911+0.00027066j
#-----------------------------------------#
[Step 612] logΨ: mean=66.598+0.741j | min=62.268+2.810j | max=66.648+2.804j
梯度监控 | raw=0.1454 | natural=0.0001 | clipped=0.0001(上限20.0)
Ψ矩阵条件数 cond(Ψ) = 1.01e+01
Loss=-30.902392 | E0=-7.86302436-0.00001073j | E1=-7.71411264+0.00000301j|E2=-7.68368146-0.00015572j|E3=-7.64157315+0.00027103j
#-----------------------------------------#
[Step 613] logΨ: mean=66.596+0.862j | min=62.268-0.332j | max=66.648+2.804j
梯度监控 | raw=0.0264 | natural=0.0000 | clipped=0.0000(上限20.0)
Ψ矩阵条件数 cond(Ψ) = 1.01e+01
Loss=-30.902432 | E0=-7.86306392+0.00000245j | E1=-7.71411289+0.00000185j|E2=-7.68368113-0.00015634j|E3=-7.64157362+0.00027201j
#-----------------------------------------#
[Step 614] logΨ: mean=66.582+0.843j | min=62.907-0.424j | max=66.648+2.803j
梯度监控 | raw=0.3864 | natural=0.0001 | clipped=0.0001(上限20.0)
Ψ矩阵条件数 cond(Ψ) = 1.01e+01
Loss=-30.902306 | E0=-7.86293755-0.00004300j | E1=-7.71411313-0.00000067j|E2=-7.68359896-0.00015611j|E3=-7.64165591+0.00027205j
#-----------------------------------------#
[Step 615] logΨ: mean=66.608+0.880j | min=62.762-0.353j | max=66.656+2.801j
梯度监控 | raw=0.1255 | natural=0.0003 | clipped=0.0003(上限20.0)
Ψ矩阵条件数 cond(Ψ) = 1.01e+01
Loss=-30.902365 | E0=-7.86299612-0.00001232j | E1=-7.71411376+0.00000436j|E2=-7.68359893-0.00015611j|E3=-7.64165604+0.00027192j
#-----------------------------------------#
[Step 616] logΨ: mean=66.600+0.891j | min=62.762-0.355j | max=66.663+2.800j
梯度监控 | raw=0.2299 | natural=0.0003 | clipped=0.0003(上限20.0)
Ψ矩阵条件数 cond(Ψ) = 1.01e+01
Loss=-30.902273 | E0=-7.86290338-0.00002549j | E1=-7.71411518+0.00000281j|E2=-7.68326714-0.00015454j|E3=-7.64198774+0.00027007j
#-----------------------------------------#
[Step 617] logΨ: mean=66.598+0.591j | min=62.761-0.357j | max=66.671+2.798j
梯度监控 | raw=0.3228 | natural=0.0003 | clipped=0.0003(上限20.0)
Ψ矩阵条件数 cond(Ψ) = 1.01e+01
Loss=-30.902261 | E0=-7.86289133-0.00004059j | E1=-7.71411445+0.00000032j|E2=-7.68329520-0.00015482j|E3=-7.64195995+0.00027020j
#-----------------------------------------#
[Step 618] logΨ: mean=66.616+0.491j | min=62.761+2.783j | max=66.679+2.797j
梯度监控 | raw=0.0252 | natural=0.0003 | clipped=0.0003(上限20.0)
Ψ矩阵条件数 cond(Ψ) = 1.01e+01
Loss=-30.902385 | E0=-7.86301630-0.00000417j | E1=-7.71411361+0.00000023j|E2=-7.68354418-0.00015589j|E3=-7.64171098+0.00027166j
#-----------------------------------------#
[Step 619] logΨ: mean=66.681+0.462j | min=60.832+0.121j | max=66.729+2.796j
梯度监控 | raw=0.2626 | natural=0.0008 | clipped=0.0008(上限20.0)
Ψ矩阵条件数 cond(Ψ) = 1.01e+01
Loss=-30.902255 | E0=-7.86303872-0.00000296j | E1=-7.71411410+0.00000129j|E2=-7.68399477-0.00015727j|E3=-7.64110732+0.00027624j
#-----------------------------------------#
[Step 620] logΨ: mean=66.662+0.548j | min=62.811-0.361j | max=66.736+2.795j
梯度监控 | raw=0.0328 | natural=0.0003 | clipped=0.0003(上限20.0)
Ψ矩阵条件数 cond(Ψ) = 1.01e+01
Loss=-30.902316 | E0=-7.86296135-0.00000019j | E1=-7.71411511+0.00000090j|E2=-7.68312179-0.00014665j|E3=-7.64211775+0.00025764j
#-----------------------------------------#
[Step 621] logΨ: mean=66.683+0.666j | min=62.365-0.342j | max=66.744+2.793j
梯度监控 | raw=0.0235 | natural=0.0003 | clipped=0.0003(上限20.0)
Ψ矩阵条件数 cond(Ψ) = 1.01e+01
Loss=-30.902336 | E0=-7.86298322+0.00000113j | E1=-7.71411458+0.00000194j|E2=-7.68342847-0.00014823j|E3=-7.64181013+0.00025899j
#-----------------------------------------#
[Step 622] logΨ: mean=66.689+0.657j | min=62.365-0.343j | max=66.745+2.793j
梯度监控 | raw=0.2056 | natural=0.0001 | clipped=0.0001(上限20.0)
Ψ矩阵条件数 cond(Ψ) = 1.01e+01
Loss=-30.902318 | E0=-7.86296861-0.00003264j | E1=-7.71411284+0.00000114j|E2=-7.68394727-0.00015138j|E3=-7.64128950+0.00026249j
#-----------------------------------------#
[Step 623] logΨ: mean=66.716+0.644j | min=64.471-0.350j | max=66.745+2.793j
梯度监控 | raw=0.0076 | natural=0.0000 | clipped=0.0000(上限20.0)
Ψ矩阵条件数 cond(Ψ) = 1.01e+01
Loss=-30.902379 | E0=-7.86302879-0.00000043j | E1=-7.71411269+0.00000481j|E2=-7.68402815-0.00015237j|E3=-7.64120931+0.00026366j
#-----------------------------------------#
[Step 624] logΨ: mean=66.698+0.654j | min=62.365-0.343j | max=66.745+2.793j
梯度监控 | raw=0.0142 | natural=0.0000 | clipped=0.0000(上限20.0)
Ψ矩阵条件数 cond(Ψ) = 1.01e+01
Loss=-30.902379 | E0=-7.86302804-0.00000119j | E1=-7.71411304+0.00000244j|E2=-7.68389312-0.00015167j|E3=-7.64134447+0.00026312j
#-----------------------------------------#
[Step 625] logΨ: mean=66.689+0.665j | min=62.365-0.343j | max=66.745+2.793j
梯度监控 | raw=0.0131 | natural=0.0000 | clipped=0.0000(上限20.0)
Ψ矩阵条件数 cond(Ψ) = 1.01e+01
Loss=-30.902380 | E0=-7.86302803-0.00000120j | E1=-7.71411309+0.00000270j|E2=-7.68337224-0.00014923j|E3=-7.64186679+0.00026096j
#-----------------------------------------#
[Step 626] logΨ: mean=66.702+0.668j | min=62.373-0.344j | max=66.753+2.791j
梯度监控 | raw=0.0182 | natural=0.0003 | clipped=0.0003(上限20.0)
Ψ矩阵条件数 cond(Ψ) = 1.01e+01
Loss=-30.902330 | E0=-7.86297691+0.00000122j | E1=-7.71411458+0.00000350j|E2=-7.68351055-0.00015016j|E3=-7.64172843+0.00026193j
#-----------------------------------------#
[Step 627] logΨ: mean=66.716+0.514j | min=62.811-0.366j | max=66.760+2.790j
梯度监控 | raw=0.0977 | natural=0.0003 | clipped=0.0003(上限20.0)
Ψ矩阵条件数 cond(Ψ) = 1.01e+01
Loss=-30.902272 | E0=-7.86291931-0.00001220j | E1=-7.71411524+0.00000353j|E2=-7.68372946-0.00015139j|E3=-7.64150828+0.00026337j
#-----------------------------------------#
[Step 628] logΨ: mean=66.691+0.494j | min=62.811+2.773j | max=66.768+2.788j
梯度监控 | raw=0.2655 | natural=0.0003 | clipped=0.0003(上限20.0)
Ψ矩阵条件数 cond(Ψ) = 2.11e+01
Loss=-30.902267 | E0=-7.86291413-0.00004876j | E1=-7.71411419+0.00000117j|E2=-7.68328851-0.00014932j|E3=-7.64195045+0.00026130j
#-----------------------------------------#
[Step 629] logΨ: mean=66.731+0.615j | min=62.810-0.370j | max=66.776+2.787j
梯度监控 | raw=0.0113 | natural=0.0003 | clipped=0.0003(上限20.0)
Ψ矩阵条件数 cond(Ψ) = 1.01e+01
Loss=-30.902342 | E0=-7.86298952-0.00000155j | E1=-7.71411379+0.00000314j|E2=-7.68370257-0.00015132j|E3=-7.64153599+0.00026323j
#-----------------------------------------#
[Step 630] logΨ: mean=66.727+0.654j | min=64.502-0.355j | max=66.776+2.787j
梯度监控 | raw=0.0078 | natural=0.0000 | clipped=0.0000(上限20.0)
Ψ矩阵条件数 cond(Ψ) = 1.01e+01
Loss=-30.902364 | E0=-7.86301182-0.00000086j | E1=-7.71411299+0.00000346j|E2=-7.68337188-0.00014960j|E3=-7.64186702+0.00026163j
#-----------------------------------------#
[Step 631] logΨ: mean=66.718+0.643j | min=64.502-0.355j | max=66.776+2.787j
梯度监控 | raw=0.0093 | natural=0.0000 | clipped=0.0000(上限20.0)
Ψ矩阵条件数 cond(Ψ) = 1.01e+01
Loss=-30.902363 | E0=-7.86301141-0.00000088j | E1=-7.71411313+0.00000299j|E2=-7.68323244-0.00014891j|E3=-7.64200640+0.00026100j
#-----------------------------------------#
[Step 632] logΨ: mean=66.719+0.818j | min=62.404+2.791j | max=66.784+2.785j
梯度监控 | raw=0.2480 | natural=0.0003 | clipped=0.0003(上限20.0)
Ψ矩阵条件数 cond(Ψ) = 1.01e+01
Loss=-30.902192 | E0=-7.86283669-0.00004641j | E1=-7.71411623+0.00000278j|E2=-7.68337188-0.00014962j|E3=-7.64186696+0.00026170j
#-----------------------------------------#
[Step 633] logΨ: mean=66.748+0.967j | min=60.100-0.813j | max=66.899+2.778j
梯度监控 | raw=25.7846 | natural=0.0066 | clipped=0.0066(上限20.0)
Ψ矩阵条件数 cond(Ψ) = 1.01e+01
Loss=-30.907158 | E0=-7.86270555-0.00001822j | E1=-7.71400944-0.00000968j|E2=-7.67447034+0.02363697j|E3=-7.65597297-0.03034455j
#-----------------------------------------#
[Step 634] logΨ: mean=66.843+1.045j | min=63.048+2.702j | max=66.899+2.778j
梯度监控 | raw=0.1484 | natural=0.0001 | clipped=0.0001(上限20.0)
Ψ矩阵条件数 cond(Ψ) = 1.01e+01
Loss=-30.902321 | E0=-7.86295909-0.00003116j | E1=-7.71411336+0.00000310j|E2=-7.68327498-0.00014269j|E3=-7.64197348+0.00024996j
#-----------------------------------------#
[Step 635] logΨ: mean=66.848+1.038j | min=64.626-0.364j | max=66.899+2.778j
梯度监控 | raw=0.0119 | natural=0.0000 | clipped=0.0000(上限20.0)
Ψ矩阵条件数 cond(Ψ) = 1.01e+01
Loss=-30.902360 | E0=-7.86299770-0.00000325j | E1=-7.71411334+0.00000181j|E2=-7.68396087-0.00014631j|E3=-7.64128821+0.00025274j
#-----------------------------------------#
[Step 636] logΨ: mean=66.857+1.019j | min=64.626-0.364j | max=66.899+2.778j
梯度监控 | raw=0.0070 | natural=0.0000 | clipped=0.0000(上限20.0)
Ψ矩阵条件数 cond(Ψ) = 1.01e+01
Loss=-30.902361 | E0=-7.86299852-0.00000301j | E1=-7.71411332+0.00000281j|E2=-7.68374370-0.00014507j|E3=-7.64150504+0.00025186j
#-----------------------------------------#
[Step 637] logΨ: mean=66.913+1.166j | min=61.511+2.234j | max=66.956+2.780j
梯度监控 | raw=0.5285 | natural=0.0006 | clipped=0.0006(上限20.0)
Ψ矩阵条件数 cond(Ψ) = 1.00e+01
Loss=-30.902045 | E0=-7.86299810-0.00000209j | E1=-7.71380713+0.00000451j|E2=-7.68382204-0.00014376j|E3=-7.64141793+0.00025337j
#-----------------------------------------#
[Step 638] logΨ: mean=66.861+1.492j | min=62.584-0.357j | max=66.964+2.778j
梯度监控 | raw=0.2772 | natural=0.0003 | clipped=0.0003(上限20.0)
Ψ矩阵条件数 cond(Ψ) = 1.00e+01
Loss=-30.902181 | E0=-7.86281668-0.00005636j | E1=-7.71411621+0.00000046j|E2=-7.68262338-0.00013952j|E3=-7.64262433+0.00024752j
#-----------------------------------------#
[Step 639] logΨ: mean=66.922+1.778j | min=62.973+2.760j | max=66.971+2.777j
梯度监控 | raw=0.0459 | natural=0.0003 | clipped=0.0003(上限20.0)
Ψ矩阵条件数 cond(Ψ) = 1.00e+01
Loss=-30.902207 | E0=-7.86283910+0.00000015j | E1=-7.71411878+0.00000253j|E2=-7.68390648-0.00014637j|E3=-7.64134255+0.00025339j
#-----------------------------------------#
[Step 640] logΨ: mean=66.910+1.718j | min=62.600+2.782j | max=66.979+2.775j
梯度监控 | raw=0.1990 | natural=0.0003 | clipped=0.0003(上限20.0)
Ψ矩阵条件数 cond(Ψ) = 1.00e+01
Loss=-30.902276 | E0=-7.86291275-0.00004675j | E1=-7.71411440+0.00000164j|E2=-7.68357934-0.00014484j|E3=-7.64166944+0.00025201j
#-----------------------------------------#
[Step 641] logΨ: mean=66.934+1.519j | min=64.706-0.367j | max=66.979+2.775j
梯度监控 | raw=0.0067 | natural=0.0000 | clipped=0.0000(上限20.0)
Ψ矩阵条件数 cond(Ψ) = 1.00e+01
Loss=-30.902350 | E0=-7.86298709-0.00000421j | E1=-7.71411379+0.00000273j|E2=-7.68374334-0.00014580j|E3=-7.64150568+0.00025330j
#-----------------------------------------#
[Step 642] logΨ: mean=66.933+1.385j | min=62.972-0.385j | max=66.987+2.774j
梯度监控 | raw=0.1848 | natural=0.0003 | clipped=0.0003(上限20.0)
Ψ矩阵条件数 cond(Ψ) = 1.00e+01
Loss=-30.902277 | E0=-7.86291303-0.00004516j | E1=-7.71411476+0.00000214j|E2=-7.68385225-0.00014652j|E3=-7.64139700+0.00025370j
#-----------------------------------------#
[Step 643] logΨ: mean=66.935+1.376j | min=62.972+2.755j | max=66.995+2.772j
梯度监控 | raw=0.1182 | natural=0.0003 | clipped=0.0003(上限20.0)
Ψ矩阵条件数 cond(Ψ) = 1.00e+01
Loss=-30.902291 | E0=-7.86292713-0.00003131j | E1=-7.71411473+0.00000190j|E2=-7.68382512-0.00014637j|E3=-7.64142410+0.00025363j
#-----------------------------------------#
[Step 644] logΨ: mean=66.931+1.182j | min=64.721-0.370j | max=66.995+2.772j
梯度监控 | raw=0.0057 | natural=0.0000 | clipped=0.0000(上限20.0)
Ψ矩阵条件数 cond(Ψ) = 1.00e+01
Loss=-30.902342 | E0=-7.86298057-0.00000705j | E1=-7.71411386+0.00000274j|E2=-7.68279464-0.00014102j|E3=-7.64245323+0.00024928j
#-----------------------------------------#
[Step 645] logΨ: mean=66.974+0.904j | min=61.557+2.228j | max=67.051+2.773j
梯度监控 | raw=0.5486 | natural=0.0006 | clipped=0.0006(上限20.0)
Ψ矩阵条件数 cond(Ψ) = 9.99e+00
Loss=-30.901998 | E0=-7.86295104-0.00003086j | E1=-7.71381177+0.00000332j|E2=-7.68315248-0.00014100j|E3=-7.64208288+0.00025207j
#-----------------------------------------#
[Step 646] logΨ: mean=66.980+0.823j | min=62.672+2.780j | max=67.051+2.773j
梯度监控 | raw=0.0080 | natural=0.0000 | clipped=0.0000(上限20.0)
Ψ矩阵条件数 cond(Ψ) = 9.99e+00
Loss=-30.902341 | E0=-7.86297881-0.00000839j | E1=-7.71411399+0.00000186j|E2=-7.68296547-0.00014191j|E3=-7.64228277+0.00025002j
#-----------------------------------------#
[Step 647] logΨ: mean=66.995+1.015j | min=62.679-0.363j | max=67.059+2.772j
梯度监控 | raw=0.2520 | natural=0.0003 | clipped=0.0003(上限20.0)
Ψ矩阵条件数 cond(Ψ) = 9.99e+00
Loss=-30.902202 | E0=-7.86283597-0.00006416j | E1=-7.71411659+0.00000232j|E2=-7.68352413-0.00014495j|E3=-7.64172491+0.00025257j
#-----------------------------------------#
[Step 648] logΨ: mean=67.041+1.191j | min=61.579-0.915j | max=67.124+2.772j
梯度监控 | raw=0.2905 | natural=0.0006 | clipped=0.0006(上限20.0)
Ψ矩阵条件数 cond(Ψ) = 9.97e+00
Loss=-30.902130 | E0=-7.86292490-0.00003027j | E1=-7.71396445+0.00000253j|E2=-7.68278791-0.00014070j|E3=-7.64245309+0.00025044j
#-----------------------------------------#
[Step 649] logΨ: mean=67.124+1.400j | min=60.800-0.437j | max=67.167+2.772j
梯度监控 | raw=0.2310 | natural=0.0005 | clipped=0.0005(上限20.0)
Ψ矩阵条件数 cond(Ψ) = 9.96e+00
Loss=-30.902160 | E0=-7.86297136-0.00001049j | E1=-7.71396332-0.00000808j|E2=-7.68395379-0.00014683j|E3=-7.64127105+0.00025074j
#-----------------------------------------#
[Step 650] logΨ: mean=67.100+1.420j | min=63.129+2.753j | max=67.174+2.771j
梯度监控 | raw=0.0194 | natural=0.0003 | clipped=0.0003(上限20.0)
Ψ矩阵条件数 cond(Ψ) = 9.96e+00
Loss=-30.902297 | E0=-7.86294635-0.00001023j | E1=-7.71411540+0.00000179j|E2=-7.68284575-0.00015318j|E3=-7.64238992+0.00026859j
#-----------------------------------------#
[Step 651] logΨ: mean=67.130+1.259j | min=63.128-0.390j | max=67.182+2.769j
梯度监控 | raw=0.1384 | natural=0.0003 | clipped=0.0003(上限20.0)
Ψ矩阵条件数 cond(Ψ) = 9.96e+00
Loss=-30.902238 | E0=-7.86288633-0.00004203j | E1=-7.71411661+0.00000301j|E2=-7.68315670-0.00015450j|E3=-7.64207804+0.00027042j
#-----------------------------------------#
[Step 652] logΨ: mean=67.132+0.817j | min=63.128-0.392j | max=67.189+2.768j
梯度监控 | raw=0.0899 | natural=0.0003 | clipped=0.0003(上限20.0)
Ψ矩阵条件数 cond(Ψ) = 9.96e+00
Loss=-30.902267 | E0=-7.86292033-0.00003145j | E1=-7.71411524+0.00000171j|E2=-7.68379179-0.00015738j|E3=-7.64144011+0.00027449j
#-----------------------------------------#
[Step 653] logΨ: mean=67.135+0.826j | min=64.916-0.374j | max=67.189+2.768j
梯度监控 | raw=0.0102 | natural=0.0000 | clipped=0.0000(上限20.0)
Ψ矩阵条件数 cond(Ψ) = 9.96e+00
Loss=-30.902311 | E0=-7.86296285-0.00001112j | E1=-7.71411467+0.00000210j|E2=-7.68357318-0.00015649j|E3=-7.64165989+0.00027301j
#-----------------------------------------#
[Step 654] logΨ: mean=67.145+0.817j | min=63.128-0.393j | max=67.197+2.766j
梯度监控 | raw=0.0124 | natural=0.0003 | clipped=0.0003(上限20.0)
Ψ矩阵条件数 cond(Ψ) = 9.95e+00
Loss=-30.902286 | E0=-7.86293789-0.00001071j | E1=-7.71411523+0.00000219j|E2=-7.68357305-0.00015643j|E3=-7.64165985+0.00027303j
#-----------------------------------------#
[Step 655] logΨ: mean=67.149+0.802j | min=63.127-0.395j | max=67.204+2.764j
梯度监控 | raw=0.0853 | natural=0.0003 | clipped=0.0003(上限20.0)
Ψ矩阵条件数 cond(Ψ) = 9.96e+00
Loss=-30.902268 | E0=-7.86291800-0.00003208j | E1=-7.71411564+0.00000253j|E2=-7.68332434-0.00015536j|E3=-7.64190984+0.00027145j
#-----------------------------------------#
[Step 656] logΨ: mean=67.145+0.642j | min=63.127-0.397j | max=67.212+2.763j
梯度监控 | raw=0.3084 | natural=0.0003 | clipped=0.0003(上限20.0)
Ψ矩阵条件数 cond(Ψ) = 9.96e+00
Loss=-30.902121 | E0=-7.86276863-0.00009478j | E1=-7.71411934+0.00000194j|E2=-7.68365542-0.00015676j|E3=-7.64157734+0.00027359j
#-----------------------------------------#
[Step 657] logΨ: mean=67.153+0.649j | min=63.127+2.743j | max=67.219+2.761j
梯度监控 | raw=0.0775 | natural=0.0003 | clipped=0.0003(上限20.0)
Ψ矩阵条件数 cond(Ψ) = 9.96e+00
Loss=-30.902216 | E0=-7.86286473-0.00003083j | E1=-7.71411744+0.00000218j|E2=-7.68324044-0.00015492j|E3=-7.64199357+0.00027104j
#-----------------------------------------#
[Step 658] logΨ: mean=67.190+0.626j | min=63.126-0.400j | max=67.227+2.760j
梯度监控 | raw=0.0163 | natural=0.0002 | clipped=0.0002(上限20.0)
Ψ矩阵条件数 cond(Ψ) = 9.95e+00
Loss=-30.902251 | E0=-7.86290234-0.00001214j | E1=-7.71411613+0.00000234j|E2=-7.68390060-0.00015797j|E3=-7.64133174+0.00027494j
#-----------------------------------------#
[Step 659] logΨ: mean=67.164+0.859j | min=63.126+2.740j | max=67.234+2.758j
梯度监控 | raw=0.0755 | natural=0.0003 | clipped=0.0003(上限20.0)
Ψ矩阵条件数 cond(Ψ) = 9.95e+00
Loss=-30.902236 | E0=-7.86288684-0.00003196j | E1=-7.71411616+0.00000167j|E2=-7.68346267-0.00015591j|E3=-7.64177033+0.00027242j
#-----------------------------------------#
[Step 660] logΨ: mean=67.190+0.985j | min=63.126+2.738j | max=67.241+2.757j
梯度监控 | raw=0.0713 | natural=0.0003 | clipped=0.0003(上限20.0)
Ψ矩阵条件数 cond(Ψ) = 9.96e+00
Loss=-30.902210 | E0=-7.86286106-0.00003164j | E1=-7.71411719+0.00000172j|E2=-7.68398140-0.00015828j|E3=-7.64125013+0.00027553j
#-----------------------------------------#
[Step 661] logΨ: mean=67.192+0.797j | min=62.862+2.763j | max=67.241+2.757j
梯度监控 | raw=0.0056 | natural=0.0000 | clipped=0.0000(上限20.0)
Ψ矩阵条件数 cond(Ψ) = 9.96e+00
Loss=-30.902291 | E0=-7.86294411-0.00001312j | E1=-7.71411450+0.00000205j|E2=-7.68384618-0.00015768j|E3=-7.64138587+0.00027469j
#-----------------------------------------#
[Step 662] logΨ: mean=67.191+0.706j | min=62.869-0.380j | max=67.249+2.755j
梯度监控 | raw=0.0440 | natural=0.0003 | clipped=0.0003(上限20.0)
Ψ矩阵条件数 cond(Ψ) = 9.03e+00
Loss=-30.902190 | E0=-7.86283998-0.00002172j | E1=-7.71411811+0.00000145j|E2=-7.68422319-0.00015979j|E3=-7.64100853+0.00027708j
#-----------------------------------------#
[Step 663] logΨ: mean=67.194+0.815j | min=63.321-0.430j | max=67.248+2.755j
梯度监控 | raw=0.0899 | natural=0.0000 | clipped=0.0000(上限20.0)
Ψ矩阵条件数 cond(Ψ) = 9.96e+00
Loss=-30.902273 | E0=-7.86292734-0.00004028j | E1=-7.71411420+0.00000182j|E2=-7.68408907-0.00015911j|E3=-7.64114260+0.00027659j
#-----------------------------------------#
[Step 664] logΨ: mean=67.205+0.810j | min=63.125-0.407j | max=67.256+2.753j
梯度监控 | raw=0.0099 | natural=0.0002 | clipped=0.0002(上限20.0)
Ψ矩阵条件数 cond(Ψ) = 9.95e+00
Loss=-30.902266 | E0=-7.86291705-0.00001430j | E1=-7.71411538+0.00000197j|E2=-7.68349013-0.00015626j|E3=-7.64174297+0.00027295j
#-----------------------------------------#
[Step 665] logΨ: mean=67.201+0.998j | min=62.877+2.760j | max=67.256+2.753j
梯度监控 | raw=0.0614 | natural=0.0000 | clipped=0.0000(上限20.0)
Ψ矩阵条件数 cond(Ψ) = 9.95e+00
Loss=-30.902278 | E0=-7.86293149-0.00003249j | E1=-7.71411441+0.00000198j|E2=-7.68384619-0.00015803j|E3=-7.64138626+0.00027505j
#-----------------------------------------#
[Step 666] logΨ: mean=67.186+0.977j | min=64.982-0.389j | max=67.256+2.753j
梯度监控 | raw=0.0075 | natural=0.0000 | clipped=0.0000(上限20.0)
Ψ矩阵条件数 cond(Ψ) = 9.95e+00
Loss=-30.902287 | E0=-7.86293830-0.00001408j | E1=-7.71411462+0.00000203j|E2=-7.68298676-0.00015398j|E3=-7.64224714+0.00027035j
#-----------------------------------------#
[Step 667] logΨ: mean=67.192+0.845j | min=63.125+2.733j | max=67.263+2.751j
梯度监控 | raw=0.0306 | natural=0.0002 | clipped=0.0002(上限20.0)
Ψ矩阵条件数 cond(Ψ) = 9.95e+00
Loss=-30.902261 | E0=-7.86291075-0.00002283j | E1=-7.71411537+0.00000201j|E2=-7.68290189-0.00015372j|E3=-7.64233256+0.00026977j
#-----------------------------------------#
[Step 668] logΨ: mean=67.202+0.816j | min=64.990-0.390j | max=67.263+2.751j
梯度监控 | raw=0.0062 | natural=0.0000 | clipped=0.0000(上限20.0)
Ψ矩阵条件数 cond(Ψ) = 9.95e+00
Loss=-30.902285 | E0=-7.86293631-0.00001471j | E1=-7.71411480+0.00000219j|E2=-7.68312793-0.00015474j|E3=-7.64210602+0.00027106j
#-----------------------------------------#
[Step 669] logΨ: mean=67.147+0.846j | min=60.811+2.736j | max=67.223+2.776j
梯度监控 | raw=0.4442 | natural=0.0151 | clipped=0.0151(上限20.0)
Ψ矩阵条件数 cond(Ψ) = 9.99e+00
Loss=-30.903159 | E0=-7.86399217+0.00014461j | E1=-7.71396160-0.00000583j|E2=-7.68353051-0.00016139j|E3=-7.64167428+0.00027126j
#-----------------------------------------#
[Step 670] logΨ: mean=67.173+0.653j | min=64.950-0.366j | max=67.223+2.775j
梯度监控 | raw=0.0744 | natural=0.0000 | clipped=0.0000(上限20.0)
Ψ矩阵条件数 cond(Ψ) = 9.99e+00
Loss=-30.902248 | E0=-7.86298090-0.00001284j | E1=-7.71411445+0.00000219j|E2=-7.68346456-0.00020540j|E3=-7.64168845+0.00035941j
#-----------------------------------------#
[Step 671] logΨ: mean=67.176+0.645j | min=64.949-0.366j | max=67.223+2.775j
梯度监控 | raw=0.0292 | natural=0.0000 | clipped=0.0000(上限20.0)
Ψ矩阵条件数 cond(Ψ) = 9.99e+00
Loss=-30.902227 | E0=-7.86298066-0.00001299j | E1=-7.71411359+0.00000213j|E2=-7.68430513-0.00020790j|E3=-7.64082722+0.00037080j
#-----------------------------------------#
[Step 672] logΨ: mean=67.186+0.632j | min=63.286-0.406j | max=67.223+2.775j
梯度监控 | raw=0.0808 | natural=0.0000 | clipped=0.0000(上限20.0)
Ψ矩阵条件数 cond(Ψ) = 9.99e+00
Loss=-30.902212 | E0=-7.86296831-0.00003622j | E1=-7.71411402+0.00000225j|E2=-7.68443768-0.00020828j|E3=-7.64069193+0.00037248j
#-----------------------------------------#
[Step 673] logΨ: mean=67.167+0.751j | min=64.949-0.367j | max=67.223+2.775j
梯度监控 | raw=0.0551 | natural=0.0000 | clipped=0.0000(上限20.0)
Ψ矩阵条件数 cond(Ψ) = 9.99e+00
Loss=-30.902242 | E0=-7.86298070-0.00001373j | E1=-7.71411399+0.00000228j|E2=-7.68368460-0.00020615j|E3=-7.64146316+0.00036245j
#-----------------------------------------#
[Step 674] logΨ: mean=67.179+0.841j | min=64.949-0.367j | max=67.222+2.775j
梯度监控 | raw=0.0526 | natural=0.0000 | clipped=0.0000(上限20.0)
Ψ矩阵条件数 cond(Ψ) = 9.99e+00
Loss=-30.902243 | E0=-7.86298044-0.00001332j | E1=-7.71411449+0.00000247j|E2=-7.68368457-0.00020614j|E3=-7.64146334+0.00036242j
#-----------------------------------------#
[Step 675] logΨ: mean=67.151+0.862j | min=64.949-0.367j | max=67.222+2.775j
梯度监控 | raw=0.0615 | natural=0.0000 | clipped=0.0000(上限20.0)
Ψ矩阵条件数 cond(Ψ) = 9.99e+00
Loss=-30.902248 | E0=-7.86298013-0.00001384j | E1=-7.71411402+0.00000217j|E2=-7.68340883-0.00020549j|E3=-7.64174525+0.00035901j
#-----------------------------------------#
[Step 676] logΨ: mean=67.179+0.833j | min=64.949-0.367j | max=67.222+2.774j
梯度监控 | raw=0.0394 | natural=0.0000 | clipped=0.0000(上限20.0)
Ψ矩阵条件数 cond(Ψ) = 9.99e+00
Loss=-30.902238 | E0=-7.86298059-0.00001361j | E1=-7.71411397+0.00000207j|E2=-7.68390286-0.00020697j|E3=-7.64124107+0.00036512j
#-----------------------------------------#
[Step 677] logΨ: mean=67.164+0.798j | min=63.081-0.387j | max=67.229+2.773j
梯度监控 | raw=0.1162 | natural=0.0002 | clipped=0.0002(上限20.0)
Ψ矩阵条件数 cond(Ψ) = 9.99e+00
Loss=-30.902192 | E0=-7.86291750-0.00004273j | E1=-7.71411651+0.00000239j|E2=-7.68318498-0.00020456j|E3=-7.64197309+0.00035649j
#-----------------------------------------#
[Step 678] logΨ: mean=67.167+0.653j | min=64.955-0.369j | max=67.229+2.773j
梯度监控 | raw=0.0516 | natural=0.0000 | clipped=0.0000(上限20.0)
Ψ矩阵条件数 cond(Ψ) = 9.99e+00
Loss=-30.902245 | E0=-7.86297822-0.00001470j | E1=-7.71411418+0.00000238j|E2=-7.68346395-0.00020551j|E3=-7.64168860+0.00035993j
#-----------------------------------------#
[Step 679] logΨ: mean=67.183+0.647j | min=64.955-0.369j | max=67.229+2.773j
梯度监控 | raw=0.0446 | natural=0.0000 | clipped=0.0000(上限20.0)
Ψ矩阵条件数 cond(Ψ) = 9.99e+00
Loss=-30.902243 | E0=-7.86297827-0.00001438j | E1=-7.71411427+0.00000208j|E2=-7.68360231-0.00020611j|E3=-7.64154815+0.00036141j
#-----------------------------------------#
[Step 680] logΨ: mean=67.168+0.738j | min=62.858-0.363j | max=67.235+2.771j
梯度监控 | raw=0.1014 | natural=0.0002 | clipped=0.0002(上限20.0)
Ψ矩阵条件数 cond(Ψ) = 9.99e+00
Loss=-30.902185 | E0=-7.86291646-0.00004186j | E1=-7.71411635+0.00000230j|E2=-7.68346361-0.00020541j|E3=-7.64168848+0.00036012j
#-----------------------------------------#
[Step 681] logΨ: mean=67.178+0.833j | min=64.962-0.371j | max=67.235+2.771j
梯度监控 | raw=0.0365 | natural=0.0000 | clipped=0.0000(上限20.0)
Ψ矩阵条件数 cond(Ψ) = 9.99e+00
Loss=-30.902238 | E0=-7.86297585-0.00001511j | E1=-7.71411400+0.00000216j|E2=-7.68373965-0.00020684j|E3=-7.64140863+0.00036322j
#-----------------------------------------#
[Step 682] logΨ: mean=67.194+0.830j | min=64.962-0.371j | max=67.235+2.771j
梯度监控 | raw=0.0324 | natural=0.0000 | clipped=0.0000(上限20.0)
Ψ矩阵条件数 cond(Ψ) = 9.99e+00
Loss=-30.902237 | E0=-7.86297586-0.00001508j | E1=-7.71411404+0.00000209j|E2=-7.68382171-0.00020721j|E3=-7.64132553+0.00036402j
#-----------------------------------------#
[Step 683] logΨ: mean=67.234+0.854j | min=61.713+2.237j | max=67.299+2.771j
梯度监控 | raw=0.7746 | natural=0.0006 | clipped=0.0006(上限20.0)
Ψ矩阵条件数 cond(Ψ) = 9.96e+00
Loss=-30.901738 | E0=-7.86295151-0.00001426j | E1=-7.71365511+0.00000385j|E2=-7.68409011-0.00020600j|E3=-7.64104140+0.00036871j
#-----------------------------------------#
[Step 684] logΨ: mean=67.240+0.838j | min=63.136+2.752j | max=67.306+2.769j
梯度监控 | raw=0.0989 | natural=0.0002 | clipped=0.0002(上限20.0)
Ψ矩阵条件数 cond(Ψ) = 9.96e+00
Loss=-30.902130 | E0=-7.86286852-0.00004443j | E1=-7.71411812+0.00000159j|E2=-7.68406574-0.00020833j|E3=-7.64107773+0.00036668j
#-----------------------------------------#
[Step 685] logΨ: mean=67.245+0.838j | min=62.929-0.364j | max=67.306+2.769j
梯度监控 | raw=0.0350 | natural=0.0000 | clipped=0.0000(上限20.0)
Ψ矩阵条件数 cond(Ψ) = 9.96e+00
Loss=-30.902235 | E0=-7.86297012-0.00001464j | E1=-7.71411411+0.00000193j|E2=-7.68354684-0.00020605j|E3=-7.64160441+0.00036121j
#-----------------------------------------#
[Step 686] logΨ: mean=67.244+0.955j | min=63.136-0.392j | max=67.313+2.768j
梯度监控 | raw=0.1156 | natural=0.0002 | clipped=0.0002(上限20.0)
Ψ矩阵条件数 cond(Ψ) = 9.96e+00
Loss=-30.902205 | E0=-7.86293567-0.00005022j | E1=-7.71411536+0.00000202j|E2=-7.68332400-0.00020525j|E3=-7.64182973+0.00035924j
#-----------------------------------------#
[Step 687] logΨ: mean=67.253+0.946j | min=63.135-0.393j | max=67.319+2.766j
梯度监控 | raw=0.1476 | natural=0.0002 | clipped=0.0002(上限20.0)
Ψ矩阵条件数 cond(Ψ) = 9.96e+00
Loss=-30.902057 | E0=-7.86279020-0.00006200j | E1=-7.71412130+0.00000163j|E2=-7.68401208-0.00020846j|E3=-7.64113326+0.00036622j
#-----------------------------------------#
[Step 688] logΨ: mean=67.252+0.640j | min=62.943+2.774j | max=67.319+2.766j
梯度监控 | raw=0.0484 | natural=0.0000 | clipped=0.0000(上限20.0)
Ψ矩阵条件数 cond(Ψ) = 9.96e+00
Loss=-30.902226 | E0=-7.86296186-0.00002844j | E1=-7.71411411+0.00000209j|E2=-7.68360168-0.00020644j|E3=-7.64154824+0.00036225j
#-----------------------------------------#
[Step 689] logΨ: mean=67.268+0.604j | min=65.046-0.375j | max=67.319+2.766j
梯度监控 | raw=0.0225 | natural=0.0000 | clipped=0.0000(上限20.0)
Ψ矩阵条件数 cond(Ψ) = 9.96e+00
Loss=-30.902227 | E0=-7.86296596-0.00001669j | E1=-7.71411415+0.00000194j|E2=-7.68387623-0.00020811j|E3=-7.64127089+0.00036542j
#-----------------------------------------#
[Step 690] logΨ: mean=67.271+0.649j | min=62.943-0.367j | max=67.319+2.766j
梯度监控 | raw=0.0181 | natural=0.0000 | clipped=0.0000(上限20.0)
Ψ矩阵条件数 cond(Ψ) = 9.96e+00
Loss=-30.902226 | E0=-7.86296588-0.00001645j | E1=-7.71411404+0.00000206j|E2=-7.68401233-0.00020885j|E3=-7.64113375+0.00036673j
#-----------------------------------------#
[Step 691] logΨ: mean=67.268+0.636j | min=63.135-0.395j | max=67.326+2.764j
梯度监控 | raw=0.0567 | natural=0.0002 | clipped=0.0002(上限20.0)
Ψ矩阵条件数 cond(Ψ) = 9.96e+00
Loss=-30.902071 | E0=-7.86280206-0.00002310j | E1=-7.71412188+0.00000198j|E2=-7.68387631-0.00020839j|E3=-7.64127110+0.00036579j
#-----------------------------------------#
[Step 692] logΨ: mean=67.277+0.626j | min=63.134-0.396j | max=67.332+2.763j
梯度监控 | raw=0.0243 | natural=0.0002 | clipped=0.0002(上限20.0)
Ψ矩阵条件数 cond(Ψ) = 9.97e+00
Loss=-30.902200 | E0=-7.86293907-0.00002271j | E1=-7.71411536+0.00000216j|E2=-7.68409360-0.00020963j|E3=-7.64105207+0.00036783j
#-----------------------------------------#
[Step 693] logΨ: mean=67.283+0.506j | min=63.134-0.398j | max=67.339+2.761j
梯度监控 | raw=0.0402 | natural=0.0002 | clipped=0.0002(上限20.0)
Ψ矩阵条件数 cond(Ψ) = 9.97e+00
Loss=-30.902155 | E0=-7.86289022-0.00002834j | E1=-7.71411750+0.00000212j|E2=-7.68401260-0.00020930j|E3=-7.64113426+0.00036696j
#-----------------------------------------#
[Step 694] logΨ: mean=67.290+0.427j | min=65.065-0.380j | max=67.339+2.761j
梯度监控 | raw=0.0232 | natural=0.0000 | clipped=0.0000(上限20.0)
Ψ矩阵条件数 cond(Ψ) = 9.97e+00
Loss=-30.902225 | E0=-7.86295978-0.00001837j | E1=-7.71411443+0.00000206j|E2=-7.68357431-0.00020704j|E3=-7.64157665+0.00036279j
#-----------------------------------------#
[Step 695] logΨ: mean=67.296+0.435j | min=62.963-0.372j | max=67.339+2.761j
梯度监控 | raw=0.0147 | natural=0.0000 | clipped=0.0000(上限20.0)
Ψ矩阵条件数 cond(Ψ) = 9.97e+00
Loss=-30.902221 | E0=-7.86296023-0.00001812j | E1=-7.71411422+0.00000220j|E2=-7.68401246-0.00020930j|E3=-7.64113439+0.00036692j
#-----------------------------------------#
[Step 696] logΨ: mean=67.292+0.602j | min=63.133+2.742j | max=67.345+2.760j
梯度监控 | raw=0.0236 | natural=0.0002 | clipped=0.0002(上限20.0)
Ψ矩阵条件数 cond(Ψ) = 9.97e+00
Loss=-30.902200 | E0=-7.86293560-0.00002352j | E1=-7.71411555+0.00000212j|E2=-7.68384930-0.00020858j|E3=-7.64129929+0.00036554j
#-----------------------------------------#
[Step 697] logΨ: mean=67.288+0.594j | min=62.970-0.373j | max=67.345+2.760j
梯度监控 | raw=0.0219 | natural=0.0000 | clipped=0.0000(上限20.0)
Ψ矩阵条件数 cond(Ψ) = 9.97e+00
Loss=-30.902224 | E0=-7.86295798-0.00001903j | E1=-7.71411419+0.00000215j|E2=-7.68343525-0.00020629j|E3=-7.64171666+0.00036191j
#-----------------------------------------#
[Step 698] logΨ: mean=67.281+0.613j | min=65.072-0.382j | max=67.345+2.759j
梯度监控 | raw=0.0246 | natural=0.0000 | clipped=0.0000(上限20.0)
Ψ矩阵条件数 cond(Ψ) = 9.97e+00
Loss=-30.902225 | E0=-7.86295798-0.00001878j | E1=-7.71411437+0.00000211j|E2=-7.68321074-0.00020533j|E3=-7.64194241+0.00036022j
#-----------------------------------------#
[Step 699] logΨ: mean=67.294+0.634j | min=62.976+2.767j | max=67.352+2.758j
梯度监控 | raw=0.0543 | natural=0.0002 | clipped=0.0002(上限20.0)
Ψ矩阵条件数 cond(Ψ) = 9.97e+00
Loss=-30.902191 | E0=-7.86292926-0.00003647j | E1=-7.71411508+0.00000190j|E2=-7.68412082-0.00021022j|E3=-7.64102571+0.00036838j
#-----------------------------------------#
