
============================================================
开始多链 NES-VMC 训练 | 使用自然梯度
============================================================
精确CAS基准：基态=-0.49927840 Ha | 1激发=0.18193257 Ha|2激发=0.91041914 Ha|3激发=0.91041914 Ha|
理论 Loss 上限：1.50349245 
超参：clip_norm=20.0, lr=0.1, QGT diag_shift=0.1
[Step   0] logΨ: mean=0.165+0.645j | min=-2.010-0.883j | max=0.402+2.604j
梯度监控 | raw=2.0501 | natural=0.5845 | clipped=0.5845(上限20.0)
Ψ矩阵条件数 cond(Ψ) = 7.73e+00
Loss=1.341147 | E0=-0.23127438-0.00442929j | E1=-0.07842443+0.00491246j|E2=0.74042565-0.00048368j|E3=0.91041911+0.00000037j
#-----------------------------------------#
[Step   1] logΨ: mean=0.218+0.604j | min=-1.882-0.881j | max=0.513+2.638j
梯度监控 | raw=1.9961 | natural=0.5744 | clipped=0.5744(上限20.0)
Ψ矩阵条件数 cond(Ψ) = 5.63e+00
Loss=1.243207 | E0=-0.26693594+0.00355813j | E1=-0.10676455-0.00413733j|E2=0.70648921+0.00057917j|E3=0.91041988-0.00000002j
#-----------------------------------------#
[Step   2] logΨ: mean=0.323+0.764j | min=-1.754-0.873j | max=0.619+2.671j
梯度监控 | raw=1.9139 | natural=0.5480 | clipped=0.5480(上限20.0)
Ψ矩阵条件数 cond(Ψ) = 7.16e+00
Loss=1.125331 | E0=-0.30917457+0.00631065j | E1=-0.16196272-0.00674321j|E2=0.68604928+0.00043321j|E3=0.91041946-0.00000076j
#-----------------------------------------#
[Step   3] logΨ: mean=0.424+0.758j | min=-1.667-0.854j | max=0.753+2.720j
梯度监控 | raw=1.9055 | natural=0.5281 | clipped=0.5281(上限20.0)
Ψ矩阵条件数 cond(Ψ) = 5.95e+00
Loss=1.018220 | E0=-0.35236913+0.00827767j | E1=-0.18736149-0.00590881j|E2=0.64753079-0.00236852j|E3=0.91042006+0.00000007j
#-----------------------------------------#
[Step   4] logΨ: mean=0.535+0.842j | min=-1.587-0.834j | max=0.913+2.756j
梯度监控 | raw=2.0311 | natural=0.4997 | clipped=0.4997(上限20.0)
Ψ矩阵条件数 cond(Ψ) = 2.16e+01
Loss=0.918799 | E0=-0.36798412+0.00139065j | E1=-0.22870795-0.00093177j|E2=0.60507280-0.00045909j|E3=0.91041821-0.00000012j
#-----------------------------------------#
[Step   5] logΨ: mean=0.637+0.926j | min=-1.520-0.812j | max=1.066+2.791j
梯度监控 | raw=1.9359 | natural=0.4716 | clipped=0.4716(上限20.0)
Ψ矩阵条件数 cond(Ψ) = 1.48e+01
Loss=0.851851 | E0=-0.38849682+0.00079019j | E1=-0.24684604-0.00185968j|E2=0.57677478+0.00107034j|E3=0.91041976-0.00000053j
#-----------------------------------------#
[Step   6] logΨ: mean=0.764+0.963j | min=-1.458-0.786j | max=1.205+2.823j
梯度监控 | raw=1.8834 | natural=0.4374 | clipped=0.4374(上限20.0)
Ψ矩阵条件数 cond(Ψ) = 1.48e+01
Loss=0.752270 | E0=-0.42391968+0.00048509j | E1=-0.28656679-0.00063630j|E2=0.55233747+0.00015222j|E3=0.91042018-0.00000057j
#-----------------------------------------#
[Step   7] logΨ: mean=0.870+0.957j | min=-1.413-0.760j | max=1.336+2.853j
梯度监控 | raw=1.8523 | natural=0.4088 | clipped=0.4088(上限20.0)
Ψ矩阵条件数 cond(Ψ) = 7.20e+00
Loss=0.675050 | E0=-0.44064352-0.00195750j | E1=-0.31460452+0.00170926j|E2=0.51987869+0.00024910j|E3=0.91041982-0.00000058j
#-----------------------------------------#
[Step   8] logΨ: mean=0.971+0.951j | min=-1.389-0.735j | max=1.460+2.882j
梯度监控 | raw=1.9072 | natural=0.3813 | clipped=0.3813(上限20.0)
Ψ矩阵条件数 cond(Ψ) = 7.67e+00
Loss=0.632807 | E0=-0.45188981+0.00240605j | E1=-0.31931973-0.00240583j|E2=0.49359742-0.00000046j|E3=0.91041994+0.00000026j
#-----------------------------------------#
[Step   9] logΨ: mean=1.076+0.846j | min=-1.370-0.709j | max=1.573+2.908j
梯度监控 | raw=1.8519 | natural=0.3476 | clipped=0.3476(上限20.0)
Ψ矩阵条件数 cond(Ψ) = 1.47e+01
Loss=0.564507 | E0=-0.46790516+0.00102770j | E1=-0.34135315-0.00122944j|E2=0.46334711+0.00020183j|E3=0.91041887+0.00000010j
#-----------------------------------------#
[Step  10] logΨ: mean=1.187+0.826j | min=-1.471+1.859j | max=1.671+2.929j
梯度监控 | raw=1.7706 | natural=0.3149 | clipped=0.3149(上限20.0)
Ψ矩阵条件数 cond(Ψ) = 8.77e+00
Loss=0.497296 | E0=-0.47728959-0.00130875j | E1=-0.37321731+0.00112777j|E2=0.43738309+0.00018142j|E3=0.91041958-0.00000047j
#-----------------------------------------#
[Step  11] logΨ: mean=1.295+0.924j | min=-1.613-1.265j | max=1.760+2.951j
梯度监控 | raw=1.6970 | natural=0.2833 | clipped=0.2833(上限20.0)
Ψ矩阵条件数 cond(Ψ) = 9.01e+00
Loss=0.425611 | E0=-0.47534543+0.00016439j | E1=-0.41204125-0.00077246j|E2=0.40257823+0.00060838j|E3=0.91041970-0.00000015j
#-----------------------------------------#
[Step  12] logΨ: mean=1.379+0.958j | min=-1.764-1.241j | max=1.839+2.970j
梯度监控 | raw=1.6031 | natural=0.2594 | clipped=0.2594(上限20.0)
Ψ矩阵条件数 cond(Ψ) = 1.46e+01
Loss=0.388500 | E0=-0.48490620+0.00091525j | E1=-0.41804460-0.00088928j|E2=0.38103321-0.00002612j|E3=0.91041803+0.00000046j
#-----------------------------------------#
[Step  13] logΨ: mean=1.460+0.845j | min=-1.920-1.221j | max=1.912+2.987j
梯度监控 | raw=1.5500 | natural=0.2377 | clipped=0.2377(上限20.0)
Ψ矩阵条件数 cond(Ψ) = 1.16e+01
Loss=0.350263 | E0=-0.48815775+0.00177426j | E1=-0.41801032-0.00165449j|E2=0.34601143-0.00011970j|E3=0.91042078+0.00000036j
#-----------------------------------------#
[Step  14] logΨ: mean=1.546+0.938j | min=-2.092-1.205j | max=1.974+3.003j
梯度监控 | raw=1.3956 | natural=0.2068 | clipped=0.2068(上限20.0)
Ψ矩阵条件数 cond(Ψ) = 1.45e+01
Loss=0.305439 | E0=-0.48881465+0.00049191j | E1=-0.45060560-0.00061780j|E2=0.33443946+0.00012645j|E3=0.91041768-0.00000134j
#-----------------------------------------#
[Step  15] logΨ: mean=1.618+0.966j | min=-1.568-0.557j | max=2.029+3.016j
梯度监控 | raw=1.3012 | natural=0.1829 | clipped=0.1829(上限20.0)
Ψ矩阵条件数 cond(Ψ) = 1.09e+01
Loss=0.270788 | E0=-0.49484819+0.00033429j | E1=-0.46023923-0.00014966j|E2=0.31545711-0.00018511j|E3=0.91041732+0.00000076j
#-----------------------------------------#
[Step  16] logΨ: mean=1.684+0.982j | min=-1.631-0.551j | max=2.073+3.027j
梯度监控 | raw=1.2647 | natural=0.1575 | clipped=0.1575(上限20.0)
Ψ矩阵条件数 cond(Ψ) = 1.44e+01
Loss=0.238538 | E0=-0.49582934+0.00101904j | E1=-0.47197559-0.00084681j|E2=0.29592460-0.00017273j|E3=0.91041875+0.00000045j
#-----------------------------------------#
[Step  17] logΨ: mean=1.734+0.863j | min=-2.577+1.704j | max=2.113+3.037j
梯度监控 | raw=1.2037 | natural=0.1462 | clipped=0.1462(上限20.0)
Ψ矩阵条件数 cond(Ψ) = 1.42e+01
Loss=0.223652 | E0=-0.49442738-0.00068427j | E1=-0.47035500+0.00058541j|E2=0.27801636+0.00009837j|E3=0.91041780+0.00000019j
#-----------------------------------------#
[Step  18] logΨ: mean=1.750+1.009j | min=-1.798+2.615j | max=2.148+3.046j
梯度监控 | raw=1.2407 | natural=0.1316 | clipped=0.1316(上限20.0)
Ψ矩阵条件数 cond(Ψ) = 1.43e+01
Loss=0.225789 | E0=-0.49440208+0.00032790j | E1=-0.47277430-0.00029646j|E2=0.28254664-0.00003214j|E3=0.91041839+0.00000055j
#-----------------------------------------#
[Step  19] logΨ: mean=1.811+0.450j | min=-1.905+2.634j | max=2.176+3.052j
梯度监控 | raw=0.9944 | natural=0.1145 | clipped=0.1145(上限20.0)
Ψ矩阵条件数 cond(Ψ) = 1.76e+01
Loss=0.193179 | E0=-0.49762806+0.00021942j | E1=-0.47972682-0.00022834j|E2=0.26011455+0.00000994j|E3=0.91041923-0.00000112j
#-----------------------------------------#
[Step  20] logΨ: mean=1.836+0.459j | min=-1.898+1.578j | max=2.197+3.056j
梯度监控 | raw=1.0848 | natural=0.1007 | clipped=0.1007(上限20.0)
Ψ矩阵条件数 cond(Ψ) = 1.41e+01
Loss=0.183860 | E0=-0.49769354-0.00089662j | E1=-0.47991395+0.00084146j|E2=0.25104770+0.00005451j|E3=0.91041863-0.00000058j
#-----------------------------------------#
[Step  21] logΨ: mean=1.892+0.400j | min=-1.418-1.473j | max=2.215+3.062j
梯度监控 | raw=0.9245 | natural=0.0856 | clipped=0.0856(上限20.0)
Ψ矩阵条件数 cond(Ψ) = 9.62e+00
Loss=0.159643 | E0=-0.49809906+0.00008558j | E1=-0.48935694-0.00007227j|E2=0.23668069-0.00001287j|E3=0.91041887+0.00000001j
#-----------------------------------------#
[Step  22] logΨ: mean=1.905+0.386j | min=-0.840+1.900j | max=2.227+3.062j
梯度监控 | raw=0.7743 | natural=0.0741 | clipped=0.0741(上限20.0)
Ψ矩阵条件数 cond(Ψ) = 1.38e+01
Loss=0.147586 | E0=-0.49861190-0.00021317j | E1=-0.49538550+0.00019225j|E2=0.23116471+0.00002006j|E3=0.91041958+0.00000069j
#-----------------------------------------#
[Step  23] logΨ: mean=1.911+0.475j | min=-2.169-0.379j | max=2.242+3.065j
梯度监控 | raw=0.9600 | natural=0.0690 | clipped=0.0690(上限20.0)
Ψ矩阵条件数 cond(Ψ) = 1.37e+01
Loss=0.153115 | E0=-0.49901941+0.00023788j | E1=-0.49049938-0.00022476j|E2=0.23221534-0.00001350j|E3=0.91041815+0.00000027j
#-----------------------------------------#
[Step  24] logΨ: mean=1.933+0.359j | min=-1.082-1.249j | max=2.250+3.066j
梯度监控 | raw=0.6527 | natural=0.0623 | clipped=0.0623(上限20.0)
Ψ矩阵条件数 cond(Ψ) = 1.36e+01
Loss=0.137203 | E0=-0.49927938-0.00000129j | E1=-0.49715149-0.00002055j|E2=0.22321568+0.00002178j|E3=0.91041672+0.00000038j
#-----------------------------------------#
[Step  25] logΨ: mean=1.970+0.421j | min=-3.168-1.574j | max=2.257+3.068j
梯度监控 | raw=0.6505 | natural=0.0567 | clipped=0.0567(上限20.0)
Ψ矩阵条件数 cond(Ψ) = 1.35e+01
Loss=0.128082 | E0=-0.49852559-0.00018789j | E1=-0.49747565+0.00017970j|E2=0.21366458+0.00000736j|E3=0.91041946-0.00000011j
#-----------------------------------------#
[Step  26] logΨ: mean=1.977+0.373j | min=-1.328+1.883j | max=2.263+3.069j
梯度监控 | raw=0.5807 | natural=0.0520 | clipped=0.0520(上限20.0)
Ψ矩阵条件数 cond(Ψ) = 9.44e+00
Loss=0.124043 | E0=-0.49906918-0.00011977j | E1=-0.49863577+0.00011604j|E2=0.21133068+0.00000379j|E3=0.91041803-0.00000015j
#-----------------------------------------#
[Step  27] logΨ: mean=1.980+0.404j | min=-1.311+3.102j | max=2.268+3.070j
梯度监控 | raw=0.8237 | natural=0.0415 | clipped=0.0415(上限20.0)
Ψ矩阵条件数 cond(Ψ) = 1.33e+01
Loss=0.126870 | E0=-0.49927828+0.00000001j | E1=-0.49462652+0.00000098j|E2=0.21035548-0.00000140j|E3=0.91041815-0.00000017j
#-----------------------------------------#
[Step  28] logΨ: mean=1.999+0.395j | min=-1.478-1.325j | max=2.273+3.071j
梯度监控 | raw=0.4701 | natural=0.0472 | clipped=0.0472(上限20.0)
Ψ矩阵条件数 cond(Ψ) = 1.32e+01
Loss=0.119005 | E0=-0.49927843-0.00000164j | E1=-0.49755731-0.00001070j|E2=0.20542325+0.00001293j|E3=0.91041791-0.00000029j
#-----------------------------------------#
[Step  29] logΨ: mean=1.989+0.335j | min=-2.823+1.752j | max=2.277+3.070j
梯度监控 | raw=1.0847 | natural=0.0458 | clipped=0.0458(上限20.0)
Ψ矩阵条件数 cond(Ψ) = 1.31e+01
Loss=0.123520 | E0=-0.49911967-0.00009713j | E1=-0.49002209+0.00009430j|E2=0.20224266+0.00000184j|E3=0.91041934+0.00000026j
#-----------------------------------------#
[Step  30] logΨ: mean=2.028+0.403j | min=-1.036-1.408j | max=2.281+3.071j
梯度监控 | raw=0.4069 | natural=0.0335 | clipped=0.0335(上限20.0)
Ψ矩阵条件数 cond(Ψ) = 9.20e+00
Loss=0.109275 | E0=-0.49927807+0.00000004j | E1=-0.49927709-0.00000039j|E2=0.19741261+0.00000066j|E3=0.91041768+0.00000028j
#-----------------------------------------#
[Step  31] logΨ: mean=2.047+0.325j | min=-1.717-1.411j | max=2.285+3.071j
梯度监控 | raw=0.3429 | natural=0.0381 | clipped=0.0381(上限20.0)
Ψ矩阵条件数 cond(Ψ) = 1.29e+01
Loss=0.106984 | E0=-0.49927875+0.00000049j | E1=-0.49884343-0.00000104j|E2=0.19468588+0.00000049j|E3=0.91042089+0.00000038j
#-----------------------------------------#
[Step  32] logΨ: mean=2.042+0.342j | min=-2.450+1.505j | max=2.289+3.072j
梯度监控 | raw=0.3488 | natural=0.0357 | clipped=0.0357(上限20.0)
Ψ矩阵条件数 cond(Ψ) = 9.18e+00
Loss=0.106514 | E0=-0.49927887+0.00000044j | E1=-0.49840409-0.00000001j|E2=0.19377734-0.00000135j|E3=0.91041958+0.00000090j
#-----------------------------------------#
[Step  33] logΨ: mean=2.019+0.391j | min=-3.391-1.261j | max=2.289+3.073j
梯度监控 | raw=1.4657 | natural=0.0414 | clipped=0.0414(上限20.0)
Ψ矩阵条件数 cond(Ψ) = 9.24e+00
Loss=0.112652 | E0=-0.49906832+0.00004125j | E1=-0.49166638-0.00004128j|E2=0.19296716+0.00000091j|E3=0.91041923-0.00000138j
#-----------------------------------------#
[Step  34] logΨ: mean=2.042+0.288j | min=-2.746+1.509j | max=2.292+3.075j
梯度监控 | raw=0.3821 | natural=0.0275 | clipped=0.0275(上限20.0)
Ψ矩阵条件数 cond(Ψ) = 1.27e+01
Loss=0.105163 | E0=-0.49927896-0.00000033j | E1=-0.49883932+0.00000214j|E2=0.19286193-0.00000153j|E3=0.91041899+0.00000038j
#-----------------------------------------#
[Step  35] logΨ: mean=2.058+0.419j | min=-0.210-0.044j | max=2.295+3.076j
梯度监控 | raw=0.2972 | natural=0.0237 | clipped=0.0237(上限20.0)
Ψ矩阵条件数 cond(Ψ) = 9.20e+00
Loss=0.101535 | E0=-0.49927971-0.00000003j | E1=-0.49927866+0.00000025j|E2=0.18967287-0.00000007j|E3=0.91042054-0.00000050j
#-----------------------------------------#
[Step  36] logΨ: mean=2.072+0.355j | min=-2.112+1.604j | max=2.297+3.076j
梯度监控 | raw=0.1889 | natural=0.0272 | clipped=0.0272(上限20.0)
Ψ矩阵条件数 cond(Ψ) = 1.27e+01
Loss=0.099471 | E0=-0.49927858+0.00000044j | E1=-0.49884140+0.00000017j|E2=0.18717109-0.00000050j|E3=0.91042089-0.00000086j
#-----------------------------------------#
[Step  37] logΨ: mean=2.062+0.307j | min=-1.540-1.404j | max=2.299+3.076j
梯度监控 | raw=0.3584 | natural=0.0207 | clipped=0.0207(上限20.0)
Ψ矩阵条件数 cond(Ψ) = 9.17e+00
Loss=0.101991 | E0=-0.49927834-0.00000007j | E1=-0.49927714-0.00000121j|E2=0.19012846+0.00000036j|E3=0.91041756+0.00000111j
#-----------------------------------------#
[Step  38] logΨ: mean=2.053+0.391j | min=-1.613+1.737j | max=2.300+3.077j
梯度监控 | raw=0.3290 | natural=0.0192 | clipped=0.0192(上限20.0)
Ψ矩阵条件数 cond(Ψ) = 9.16e+00
Loss=0.100624 | E0=-0.49927825-0.00000013j | E1=-0.49927750+0.00000095j|E2=0.18876137+0.00000016j|E3=0.91041887-0.00000079j
#-----------------------------------------#
[Step  39] logΨ: mean=2.068+0.352j | min=-1.686-1.403j | max=2.302+3.077j
梯度监控 | raw=0.2808 | natural=0.0179 | clipped=0.0179(上限20.0)
Ψ矩阵条件数 cond(Ψ) = 9.15e+00
Loss=0.099259 | E0=-0.49927914-0.00000075j | E1=-0.49927786+0.00000000j|E2=0.18739648+0.00000021j|E3=0.91041875+0.00000125j
#-----------------------------------------#
[Step  40] logΨ: mean=2.087+0.486j | min=-2.136-1.696j | max=2.303+3.077j
梯度监控 | raw=0.2001 | natural=0.0224 | clipped=0.0224(上限20.0)
Ψ矩阵条件数 cond(Ψ) = 1.26e+01
Loss=0.098333 | E0=-0.49927747-0.00000019j | E1=-0.49883950-0.00000036j|E2=0.18603225+0.00000034j|E3=0.91041827+0.00000066j
#-----------------------------------------#
[Step  41] logΨ: mean=2.067+0.345j | min=-2.373+3.095j | max=2.304+3.078j
梯度监控 | raw=0.3400 | natural=0.0373 | clipped=0.0373(上限20.0)
Ψ矩阵条件数 cond(Ψ) = 1.25e+01
Loss=0.097819 | E0=-0.49898076-0.00007970j | E1=-0.49737844+0.00007881j|E2=0.18375868+0.00000089j|E3=0.91042030-0.00000003j
#-----------------------------------------#
[Step  42] logΨ: mean=2.066+0.314j | min=-2.430-1.701j | max=2.305+3.078j
梯度监控 | raw=0.1725 | natural=0.0186 | clipped=0.0186(上限20.0)
Ψ矩阵条件数 cond(Ψ) = 1.25e+01
Loss=0.096740 | E0=-0.49927756-0.00000055j | E1=-0.49883968-0.00000066j|E2=0.18443796+0.00000117j|E3=0.91041911+0.00000102j
#-----------------------------------------#
[Step  43] logΨ: mean=2.069+0.363j | min=-0.789-0.040j | max=2.306+3.078j
梯度监控 | raw=0.2957 | natural=0.0135 | clipped=0.0135(上限20.0)
Ψ矩阵条件数 cond(Ψ) = 1.25e+01
Loss=0.098120 | E0=-0.49927881-0.00000038j | E1=-0.49927831+0.00000010j|E2=0.18625842+0.00000004j|E3=0.91041946+0.00000036j
#-----------------------------------------#
[Step  44] logΨ: mean=2.074+0.436j | min=-2.046+1.730j | max=2.307+3.078j
梯度监控 | raw=0.3496 | natural=0.0126 | clipped=0.0126(上限20.0)
Ψ矩阵条件数 cond(Ψ) = 9.07e+00
Loss=0.098575 | E0=-0.49928007+0.00000082j | E1=-0.49927831+0.00000006j|E2=0.18671343-0.00000003j|E3=0.91042125-0.00000151j
#-----------------------------------------#
[Step  45] logΨ: mean=2.079+0.380j | min=-0.937-0.039j | max=2.308+3.079j
梯度监控 | raw=0.1436 | natural=0.0116 | clipped=0.0116(上限20.0)
Ψ矩阵条件数 cond(Ψ) = 1.25e+01
Loss=0.095616 | E0=-0.49927866-0.00000019j | E1=-0.49927792+0.00000024j|E2=0.18375424-0.00000023j|E3=0.91041934-0.00000044j
#-----------------------------------------#
[Step  46] logΨ: mean=2.084+0.400j | min=-1.009-0.037j | max=2.309+3.079j
梯度监控 | raw=0.1481 | natural=0.0107 | clipped=0.0107(上限20.0)
Ψ矩阵条件数 cond(Ψ) = 9.08e+00
Loss=0.095388 | E0=-0.49927840-0.00000004j | E1=-0.49927786+0.00000113j|E2=0.18352586+0.00000017j|E3=0.91041887-0.00000052j
#-----------------------------------------#
[Step  47] logΨ: mean=2.089+0.389j | min=-1.081-0.037j | max=2.309+3.079j
梯度监控 | raw=0.0250 | natural=0.0079 | clipped=0.0079(上限20.0)
Ψ矩阵条件数 cond(Ψ) = 9.08e+00
Loss=0.094023 | E0=-0.49927834-0.00000013j | E1=-0.49927703-0.00000086j|E2=0.18216002-0.00000001j|E3=0.91041756+0.00000116j
#-----------------------------------------#
[Step  48] logΨ: mean=2.090+0.376j | min=-2.285-1.336j | max=2.310+3.080j
梯度监控 | raw=0.1323 | natural=0.0096 | clipped=0.0096(上限20.0)
Ψ矩阵条件数 cond(Ψ) = 1.25e+01
Loss=0.095161 | E0=-0.49927846+0.00000012j | E1=-0.49927685+0.00000046j|E2=0.18329801+0.00000003j|E3=0.91041946+0.00000010j
#-----------------------------------------#
[Step  49] logΨ: mean=2.089+0.449j | min=-1.778+3.073j | max=2.310+3.080j
梯度监控 | raw=0.1077 | natural=0.0343 | clipped=0.0343(上限20.0)
Ψ矩阵条件数 cond(Ψ) = 9.06e+00
Loss=0.095799 | E0=-0.49927807+0.00000052j | E1=-0.49795806-0.00000059j|E2=0.18261670-0.00000025j|E3=0.91041911+0.00000020j
#-----------------------------------------#
[Step  50] logΨ: mean=2.086+0.412j | min=-1.298-0.034j | max=2.311+3.080j
梯度监控 | raw=0.1035 | natural=0.0083 | clipped=0.0083(上限20.0)
Ψ矩阵条件数 cond(Ψ) = 1.24e+01
Loss=0.094706 | E0=-0.49928004+0.00000116j | E1=-0.49927816-0.00000004j|E2=0.18284395-0.00000014j|E3=0.91042042-0.00000094j
#-----------------------------------------#
[Step  51] logΨ: mean=2.085+0.371j | min=-1.372+3.108j | max=2.311+3.081j
梯度监控 | raw=0.0333 | natural=0.0060 | clipped=0.0060(上限20.0)
Ψ矩阵条件数 cond(Ψ) = 9.06e+00
Loss=0.094023 | E0=-0.49927869-0.00000003j | E1=-0.49927780+0.00000043j|E2=0.18216000+0.00000010j|E3=0.91041827-0.00000019j
#-----------------------------------------#
[Step  52] logΨ: mean=2.087+0.354j | min=-1.446+3.109j | max=2.312+3.081j
梯度监控 | raw=0.1152 | natural=0.0074 | clipped=0.0074(上限20.0)
Ψ矩阵条件数 cond(Ψ) = 1.24e+01
Loss=0.094705 | E0=-0.49927852-0.00000033j | E1=-0.49927813-0.00000003j|E2=0.18284295-0.00000000j|E3=0.91041899-0.00000006j
#-----------------------------------------#
[Step  53] logΨ: mean=2.085+0.395j | min=-1.521-0.032j | max=2.312+3.081j
梯度监控 | raw=0.1222 | natural=0.0069 | clipped=0.0069(上限20.0)
Ψ矩阵条件数 cond(Ψ) = 9.06e+00
Loss=0.094706 | E0=-0.49927887-0.00000167j | E1=-0.49927828-0.00000000j|E2=0.18284398+0.00000002j|E3=0.91041923+0.00000089j
#-----------------------------------------#
[Step  54] logΨ: mean=2.065+0.327j | min=-2.170+0.943j | max=2.311+3.080j
梯度监控 | raw=0.4335 | natural=0.0476 | clipped=0.0476(上限20.0)
Ψ矩阵条件数 cond(Ψ) = 9.02e+00
Loss=0.101343 | E0=-0.49920851+0.00003007j | E1=-0.49363703-0.00002708j|E2=0.18376833-0.00000150j|E3=0.91042006-0.00000141j
#-----------------------------------------#
[Step  55] logΨ: mean=2.089+0.451j | min=-2.318-2.201j | max=2.310+3.080j
梯度监控 | raw=0.2197 | natural=0.0319 | clipped=0.0319(上限20.0)
Ψ矩阵条件数 cond(Ψ) = 1.22e+01
Loss=0.095784 | E0=-0.49925727+0.00003057j | E1=-0.49753851-0.00003076j|E2=0.18216042-0.00000012j|E3=0.91041982-0.00000001j
#-----------------------------------------#
[Step  56] logΨ: mean=2.085+0.268j | min=-1.340-0.099j | max=2.310+3.080j
梯度监控 | raw=0.0716 | natural=0.0056 | clipped=0.0056(上限20.0)
Ψ矩阵条件数 cond(Ψ) = 1.22e+01
Loss=0.094250 | E0=-0.49927849+0.00000001j | E1=-0.49927771+0.00000019j|E2=0.18238732+0.00000007j|E3=0.91041899+0.00000005j
#-----------------------------------------#
[Step  57] logΨ: mean=2.099+0.411j | min=-1.775+3.129j | max=2.311+3.080j
梯度监控 | raw=0.0739 | natural=0.0058 | clipped=0.0058(上限20.0)
Ψ矩阵条件数 cond(Ψ) = 8.96e+00
Loss=0.094250 | E0=-0.49927869-0.00000012j | E1=-0.49927750-0.00000232j|E2=0.18238907+0.00000056j|E3=0.91041672+0.00000165j
#-----------------------------------------#
[Step  58] logΨ: mean=2.104+0.433j | min=-2.840-0.952j | max=2.310+3.080j
梯度监控 | raw=0.1433 | natural=0.0090 | clipped=0.0090(上限20.0)
Ψ矩阵条件数 cond(Ψ) = 8.96e+00
Loss=0.094463 | E0=-0.49927863+0.00000061j | E1=-0.49883753+0.00000034j|E2=0.18215942-0.00000031j|E3=0.91042054-0.00000069j
#-----------------------------------------#
[Step  59] logΨ: mean=2.098+0.396j | min=-2.563+0.925j | max=2.310+3.080j
梯度监控 | raw=0.1617 | natural=0.0088 | clipped=0.0088(上限20.0)
Ψ矩阵条件数 cond(Ψ) = 8.99e+00
Loss=0.094463 | E0=-0.49927825+0.00000031j | E1=-0.49883780+0.00000003j|E2=0.18216057-0.00000022j|E3=0.91041958-0.00000032j
#-----------------------------------------#
[Step  60] logΨ: mean=2.097+0.380j | min=-1.886-0.045j | max=2.311+3.080j
梯度监控 | raw=0.0552 | natural=0.0037 | clipped=0.0037(上限20.0)
Ψ矩阵条件数 cond(Ψ) = 1.22e+01
Loss=0.094023 | E0=-0.49927840-0.00000023j | E1=-0.49927777+0.00000060j|E2=0.18216038-0.00000046j|E3=0.91041815+0.00000087j
#-----------------------------------------#
[Step  61] logΨ: mean=2.089+0.297j | min=-1.483-0.095j | max=2.311+3.080j
梯度监控 | raw=0.1236 | natural=0.0049 | clipped=0.0049(上限20.0)
Ψ矩阵条件数 cond(Ψ) = 1.22e+01
Loss=0.094478 | E0=-0.49927852+0.00000013j | E1=-0.49927753-0.00000010j|E2=0.18261500+0.00000037j|E3=0.91041875-0.00000132j
#-----------------------------------------#
[Step  62] logΨ: mean=2.094+0.447j | min=-2.447+0.296j | max=2.307+3.078j
梯度监控 | raw=0.1766 | natural=0.0203 | clipped=0.0203(上限20.0)
Ψ矩阵条件数 cond(Ψ) = 1.21e+01
Loss=0.095117 | E0=-0.49923396-0.00004984j | E1=-0.49800083+0.00004845j|E2=0.18193293+0.00000012j|E3=0.91041863+0.00000129j
#-----------------------------------------#
[Step  63] logΨ: mean=2.090+0.288j | min=-1.710-0.019j | max=2.307+3.079j
梯度监控 | raw=0.0462 | natural=0.0044 | clipped=0.0044(上限20.0)
Ψ矩阵条件数 cond(Ψ) = 1.21e+01
Loss=0.094023 | E0=-0.49927858+0.00000006j | E1=-0.49927780+0.00000182j|E2=0.18215935-0.00000011j|E3=0.91041970-0.00000140j
#-----------------------------------------#
[Step  64] logΨ: mean=2.082+0.384j | min=-1.976-0.061j | max=2.306+3.080j
梯度监控 | raw=0.3776 | natural=0.0245 | clipped=0.0245(上限20.0)
Ψ矩阵条件数 cond(Ψ) = 1.21e+01
Loss=0.097106 | E0=-0.49927810+0.00000039j | E1=-0.49619704+0.00000021j|E2=0.18216181-0.00000038j|E3=0.91042006+0.00000083j
#-----------------------------------------#
[Step  65] logΨ: mean=2.078+0.316j | min=-3.861+0.426j | max=2.306+3.079j
梯度监控 | raw=0.3080 | natural=0.0037 | clipped=0.0037(上限20.0)
Ψ矩阵条件数 cond(Ψ) = 1.21e+01
Loss=0.094235 | E0=-0.49927855+0.00000096j | E1=-0.49883944-0.00000154j|E2=0.18193227-0.00000023j|E3=0.91042054+0.00000040j
#-----------------------------------------#
[Step  66] logΨ: mean=2.088+0.238j | min=-1.394+3.082j | max=2.306+3.079j
梯度监控 | raw=0.1127 | natural=0.0054 | clipped=0.0054(上限20.0)
Ψ矩阵条件数 cond(Ψ) = 8.95e+00
Loss=0.094478 | E0=-0.49927884+0.00000028j | E1=-0.49927840+0.00000018j|E2=0.18261467+0.00000044j|E3=0.91042006-0.00000220j
#-----------------------------------------#
[Step  67] logΨ: mean=2.094+0.316j | min=-1.469-0.059j | max=2.307+3.079j
梯度监控 | raw=0.1214 | natural=0.0050 | clipped=0.0050(上限20.0)
Ψ矩阵条件数 cond(Ψ) = 1.21e+01
Loss=0.094478 | E0=-0.49927884-0.00000011j | E1=-0.49927768+0.00000024j|E2=0.18261538-0.00000067j|E3=0.91041923+0.00000064j
#-----------------------------------------#
[Step  68] logΨ: mean=2.087+0.288j | min=-1.928+0.009j | max=2.307+3.079j
梯度监控 | raw=0.1221 | natural=0.0051 | clipped=0.0051(上限20.0)
Ψ矩阵条件数 cond(Ψ) = 8.94e+00
Loss=0.094478 | E0=-0.49927872-0.00000042j | E1=-0.49927801+0.00000101j|E2=0.18261518-0.00000001j|E3=0.91041875-0.00000042j
#-----------------------------------------#
[Step  69] logΨ: mean=2.092+0.320j | min=-1.618+3.082j | max=2.307+3.079j
梯度监控 | raw=0.0470 | natural=0.0043 | clipped=0.0043(上限20.0)
Ψ矩阵条件数 cond(Ψ) = 1.21e+01
Loss=0.094022 | E0=-0.49927855+0.00000010j | E1=-0.49927819+0.00000060j|E2=0.18215942-0.00000033j|E3=0.91042006-0.00000072j
#-----------------------------------------#
[Step  70] logΨ: mean=2.090+0.287j | min=1.679-3.111j | max=2.307+3.079j
梯度监控 | raw=0.0000 | natural=0.0000 | clipped=0.0000(上限20.0)
Ψ矩阵条件数 cond(Ψ) = 8.94e+00
Loss=0.093795 | E0=-0.49927890+0.00000010j | E1=-0.49927852-0.00000003j|E2=0.18193202+0.00000006j|E3=0.91041923-0.00000076j
#-----------------------------------------#
[Step  71] logΨ: mean=2.099+0.457j | min=1.679-3.111j | max=2.307+3.079j
梯度监控 | raw=0.0000 | natural=0.0000 | clipped=0.0000(上限20.0)
Ψ矩阵条件数 cond(Ψ) = 1.21e+01
Loss=0.093795 | E0=-0.49927905+0.00000107j | E1=-0.49927855-0.00000017j|E2=0.18193251-0.00000020j|E3=0.91041982-0.00000076j
#-----------------------------------------#
[Step  72] logΨ: mean=2.098+0.403j | min=-1.693+3.082j | max=2.308+3.079j
梯度监控 | raw=0.0506 | natural=0.0040 | clipped=0.0040(上限20.0)
Ψ矩阵条件数 cond(Ψ) = 1.21e+01
Loss=0.094022 | E0=-0.49927926-0.00000086j | E1=-0.49927813+0.00000006j|E2=0.18215999+0.00000017j|E3=0.91041923-0.00000014j
#-----------------------------------------#
[Step  73] logΨ: mean=2.088+0.309j | min=-3.088-1.008j | max=2.308+3.079j
梯度监控 | raw=0.1155 | natural=0.0017 | clipped=0.0017(上限20.0)
Ψ矩阵条件数 cond(Ψ) = 1.21e+01
Loss=0.094023 | E0=-0.49927926-0.00000121j | E1=-0.49927855+0.00000005j|E2=0.18216038-0.00000035j|E3=0.91042006+0.00000038j
#-----------------------------------------#
[Step  74] logΨ: mean=2.090+0.317j | min=-1.776-0.045j | max=2.308+3.079j
梯度监控 | raw=0.0550 | natural=0.0037 | clipped=0.0037(上限20.0)
Ψ矩阵条件数 cond(Ψ) = 8.94e+00
Loss=0.094022 | E0=-0.49927846+0.00000009j | E1=-0.49927750-0.00000134j|E2=0.18216017+0.00000056j|E3=0.91041851+0.00000133j
#-----------------------------------------#
[Step  75] logΨ: mean=2.081+0.350j | min=-2.438-2.416j | max=2.307+3.078j
梯度监控 | raw=0.2369 | natural=0.0131 | clipped=0.0131(上限20.0)
Ψ矩阵条件数 cond(Ψ) = 1.21e+01
Loss=0.095131 | E0=-0.49927852-0.00000062j | E1=-0.49839833+0.00000195j|E2=0.18238841+0.00000004j|E3=0.91041970-0.00000186j
#-----------------------------------------#
[Step  76] logΨ: mean=2.083+0.398j | min=-3.279-1.085j | max=2.307+3.078j
梯度监控 | raw=0.2584 | natural=0.0037 | clipped=0.0037(上限20.0)
Ψ矩阵条件数 cond(Ψ) = 8.99e+00
Loss=0.094705 | E0=-0.49928030+0.00000051j | E1=-0.49927831-0.00000008j|E2=0.18284336+0.00000043j|E3=0.91042137-0.00000107j
#-----------------------------------------#
[Step  77] logΨ: mean=2.085+0.382j | min=1.678-3.112j | max=2.307+3.078j
梯度监控 | raw=0.0000 | natural=0.0000 | clipped=0.0000(上限20.0)
Ψ矩阵条件数 cond(Ψ) = 1.21e+01
Loss=0.093795 | E0=-0.49927858-0.00000014j | E1=-0.49927840-0.00000007j|E2=0.18193270+0.00000011j|E3=0.91042006+0.00000023j
#-----------------------------------------#
[Step  78] logΨ: mean=2.100+0.482j | min=-2.002-0.046j | max=2.307+3.078j
梯度监控 | raw=0.1376 | natural=0.0029 | clipped=0.0029(上限20.0)
Ψ矩阵条件数 cond(Ψ) = 1.21e+01
Loss=0.094250 | E0=-0.49927860+0.00000013j | E1=-0.49927789-0.00000024j|E2=0.18238717+0.00000027j|E3=0.91042006-0.00000118j
#-----------------------------------------#
[Step  79] logΨ: mean=2.109+0.576j | min=1.678-3.112j | max=2.307+3.078j
梯度监控 | raw=0.0000 | natural=0.0000 | clipped=0.0000(上限20.0)
Ψ矩阵条件数 cond(Ψ) = 8.94e+00
Loss=0.093795 | E0=-0.49927866+0.00000000j | E1=-0.49927753-0.00000057j|E2=0.18193229+0.00000045j|E3=0.91041803-0.00000055j
#-----------------------------------------#
[Step  80] logΨ: mean=2.084+0.338j | min=1.678-3.112j | max=2.307+3.078j
梯度监控 | raw=0.0000 | natural=0.0000 | clipped=0.0000(上限20.0)
Ψ矩阵条件数 cond(Ψ) = 8.99e+00
Loss=0.093795 | E0=-0.49927860+0.00000081j | E1=-0.49927831+0.00000022j|E2=0.18193220-0.00000016j|E3=0.91042006-0.00000011j
#-----------------------------------------#
[Step  81] logΨ: mean=2.088+0.478j | min=-1.893+3.085j | max=2.306+3.077j
梯度监控 | raw=0.2319 | natural=0.0159 | clipped=0.0159(上限20.0)
Ψ矩阵条件数 cond(Ψ) = 1.21e+01
Loss=0.095998 | E0=-0.49927828+0.00000028j | E1=-0.49707603-0.00000032j|E2=0.18193285-0.00000030j|E3=0.91041875+0.00000050j
#-----------------------------------------#
[Step  82] logΨ: mean=2.085+0.426j | min=-1.840-0.001j | max=2.307+3.077j
梯度监控 | raw=0.1171 | natural=0.0035 | clipped=0.0035(上限20.0)
Ψ矩阵条件数 cond(Ψ) = 1.21e+01
Loss=0.094250 | E0=-0.49927887+0.00000061j | E1=-0.49927855-0.00000007j|E2=0.18238828-0.00000017j|E3=0.91041899+0.00000021j
#-----------------------------------------#
[Step  83] logΨ: mean=2.083+0.346j | min=-1.915+3.141j | max=2.307+3.077j
梯度监控 | raw=0.1262 | natural=0.0032 | clipped=0.0032(上限20.0)
Ψ矩阵条件数 cond(Ψ) = 1.21e+01
Loss=0.094250 | E0=-0.49927828+0.00000025j | E1=-0.49927697-0.00000104j|E2=0.18238756+0.00000042j|E3=0.91041768+0.00000096j
#-----------------------------------------#
[Step  84] logΨ: mean=2.089+0.406j | min=1.678-3.113j | max=2.307+3.077j
梯度监控 | raw=0.0000 | natural=0.0001 | clipped=0.0001(上限20.0)
Ψ矩阵条件数 cond(Ψ) = 1.21e+01
Loss=0.093795 | E0=-0.49927819+0.00000009j | E1=-0.49927774-0.00000028j|E2=0.18193330+0.00000050j|E3=0.91041744+0.00000089j
#-----------------------------------------#
[Step  85] logΨ: mean=2.105+0.510j | min=-2.499-2.509j | max=2.307+3.077j
梯度监控 | raw=0.1451 | natural=0.0079 | clipped=0.0079(上限20.0)
Ψ矩阵条件数 cond(Ψ) = 1.20e+01
Loss=0.094236 | E0=-0.49927831+0.00000091j | E1=-0.49883777-0.00000137j|E2=0.18193260-0.00000007j|E3=0.91041875+0.00000009j
#-----------------------------------------#
[Step  86] logΨ: mean=2.074+0.326j | min=1.678-3.113j | max=2.307+3.077j
梯度监控 | raw=0.0000 | natural=0.0000 | clipped=0.0000(上限20.0)
Ψ矩阵条件数 cond(Ψ) = 8.94e+00
Loss=0.093795 | E0=-0.49927843+0.00000001j | E1=-0.49927813-0.00000004j|E2=0.18193235-0.00000024j|E3=0.91041946+0.00000008j
#-----------------------------------------#
[Step  87] logΨ: mean=2.103+0.453j | min=-2.650+0.631j | max=2.306+3.076j
梯度监控 | raw=0.2190 | natural=0.0145 | clipped=0.0145(上限20.0)
Ψ矩阵条件数 cond(Ψ) = 8.96e+00
Loss=0.095116 | E0=-0.49937922+0.00012323j | E1=-0.49785447-0.00012333j|E2=0.18193270+0.00000051j|E3=0.91041696-0.00000014j
#-----------------------------------------#
[Step  88] logΨ: mean=2.085+0.507j | min=-1.847-3.066j | max=2.306+3.076j
梯度监控 | raw=0.1415 | natural=0.0046 | clipped=0.0046(上限20.0)
Ψ矩阵条件数 cond(Ψ) = 1.20e+01
Loss=0.094478 | E0=-0.49927860-0.00000025j | E1=-0.49927813+0.00000007j|E2=0.18261573+0.00000084j|E3=0.91041815-0.00000058j
#-----------------------------------------#
[Step  89] logΨ: mean=2.075+0.466j | min=-2.477+0.085j | max=2.304+3.075j
梯度监控 | raw=0.1524 | natural=0.0107 | clipped=0.0107(上限20.0)
Ψ矩阵条件数 cond(Ψ) = 8.95e+00
Loss=0.094463 | E0=-0.49927887-0.00000092j | E1=-0.49883902+0.00000092j|E2=0.18216099-0.00000023j|E3=0.91041994-0.00000022j
#-----------------------------------------#
[Step  90] logΨ: mean=2.084+0.523j | min=-1.999-3.067j | max=2.304+3.076j
梯度监控 | raw=0.0612 | natural=0.0033 | clipped=0.0033(上限20.0)
Ψ矩阵条件数 cond(Ψ) = 1.20e+01
Loss=0.094023 | E0=-0.49927837+0.00000007j | E1=-0.49927783-0.00000015j|E2=0.18216012+0.00000046j|E3=0.91041899+0.00000001j
#-----------------------------------------#
[Step  91] logΨ: mean=2.090+0.560j | min=-1.925+3.130j | max=2.305+3.076j
梯度监控 | raw=0.0636 | natural=0.0032 | clipped=0.0032(上限20.0)
Ψ矩阵条件数 cond(Ψ) = 8.94e+00
Loss=0.094022 | E0=-0.49927917-0.00000114j | E1=-0.49927837+0.00000007j|E2=0.18216050+0.00000051j|E3=0.91041970+0.00000102j
#-----------------------------------------#
[Step  92] logΨ: mean=2.088+0.588j | min=1.675-3.115j | max=2.305+3.076j
梯度监控 | raw=0.0000 | natural=0.0000 | clipped=0.0000(上限20.0)
Ψ矩阵条件数 cond(Ψ) = 8.94e+00
Loss=0.093795 | E0=-0.49927843-0.00000002j | E1=-0.49927777-0.00000039j|E2=0.18193266+0.00000015j|E3=0.91041827+0.00000019j
#-----------------------------------------#
[Step  93] logΨ: mean=2.081+0.458j | min=-2.000+3.130j | max=2.305+3.076j
梯度监控 | raw=0.0685 | natural=0.0030 | clipped=0.0030(上限20.0)
Ψ矩阵条件数 cond(Ψ) = 8.94e+00
Loss=0.094023 | E0=-0.49927825-0.00000015j | E1=-0.49927756-0.00000036j|E2=0.18216032+0.00000043j|E3=0.91041803+0.00000003j
#-----------------------------------------#
[Step  94] logΨ: mean=2.082+0.424j | min=1.676-3.115j | max=2.305+3.076j
梯度监控 | raw=0.0000 | natural=0.0000 | clipped=0.0000(上限20.0)
Ψ矩阵条件数 cond(Ψ) = 1.20e+01
Loss=0.093795 | E0=-0.49927843-0.00000006j | E1=-0.49927840+0.00000040j|E2=0.18193267-0.00000075j|E3=0.91041863+0.00000080j
#-----------------------------------------#
[Step  95] logΨ: mean=2.075+0.444j | min=1.676-3.115j | max=2.305+3.076j
梯度监控 | raw=0.0000 | natural=0.0000 | clipped=0.0000(上限20.0)
Ψ矩阵条件数 cond(Ψ) = 1.20e+01
Loss=0.093795 | E0=-0.49927869-0.00000001j | E1=-0.49927822-0.00000103j|E2=0.18193266+0.00000001j|E3=0.91041851+0.00000048j
#-----------------------------------------#
[Step  96] logΨ: mean=2.082+0.472j | min=1.676-3.115j | max=2.305+3.076j
梯度监控 | raw=0.0000 | natural=0.0001 | clipped=0.0001(上限20.0)
Ψ矩阵条件数 cond(Ψ) = 8.94e+00
Loss=0.093795 | E0=-0.49927872+0.00000047j | E1=-0.49927837+0.00000007j|E2=0.18193315+0.00000006j|E3=0.91041899+0.00000037j
#-----------------------------------------#
[Step  97] logΨ: mean=2.098+0.510j | min=1.676-3.115j | max=2.305+3.076j
梯度监控 | raw=0.0000 | natural=0.0000 | clipped=0.0000(上限20.0)
Ψ矩阵条件数 cond(Ψ) = 1.20e+01
Loss=0.093795 | E0=-0.49927849+0.00000005j | E1=-0.49927714+0.00000019j|E2=0.18193214-0.00000012j|E3=0.91041780+0.00000021j
#-----------------------------------------#
[Step  98] logΨ: mean=2.085+0.440j | min=1.676-3.115j | max=2.305+3.076j
梯度监控 | raw=0.0000 | natural=0.0000 | clipped=0.0000(上限20.0)
Ψ矩阵条件数 cond(Ψ) = 1.20e+01
Loss=0.093795 | E0=-0.49927828+0.00000012j | E1=-0.49927780-0.00000027j|E2=0.18193190+0.00000018j|E3=0.91041875-0.00000037j
#-----------------------------------------#
[Step  99] logΨ: mean=2.082+0.431j | min=1.676-3.115j | max=2.305+3.076j
梯度监控 | raw=0.0000 | natural=0.0000 | clipped=0.0000(上限20.0)
Ψ矩阵条件数 cond(Ψ) = 1.20e+01
Loss=0.093795 | E0=-0.49927875+0.00000066j | E1=-0.49927843-0.00000018j|E2=0.18193285+0.00000017j|E3=0.91041899-0.00000060j
#-----------------------------------------#
[Step 100] logΨ: mean=2.086+0.487j | min=1.676-3.115j | max=2.305+3.076j
梯度监控 | raw=0.0000 | natural=0.0000 | clipped=0.0000(上限20.0)
Ψ矩阵条件数 cond(Ψ) = 8.94e+00
Loss=0.093795 | E0=-0.49927822-0.00000001j | E1=-0.49927765-0.00000002j|E2=0.18193235-0.00000021j|E3=0.91041875-0.00000020j
#-----------------------------------------#
[Step 101] logΨ: mean=2.092+0.453j | min=1.676-3.115j | max=2.305+3.076j
梯度监控 | raw=0.0000 | natural=0.0000 | clipped=0.0000(上限20.0)
Ψ矩阵条件数 cond(Ψ) = 8.98e+00
Loss=0.093795 | E0=-0.49927860+0.00000045j | E1=-0.49927843+0.00000009j|E2=0.18193254-0.00000065j|E3=0.91042006+0.00000041j
#-----------------------------------------#
[Step 102] logΨ: mean=2.079+0.339j | min=-2.602-3.037j | max=2.303+3.075j
梯度监控 | raw=0.2922 | natural=0.0080 | clipped=0.0080(上限20.0)
Ψ矩阵条件数 cond(Ψ) = 8.95e+00
Loss=0.094676 | E0=-0.49927813-0.00000019j | E1=-0.49839720-0.00000071j|E2=0.18193336+0.00000087j|E3=0.91041780+0.00000063j
#-----------------------------------------#
[Step 103] logΨ: mean=2.087+0.493j | min=1.674-3.116j | max=2.303+3.075j
梯度监控 | raw=0.0000 | natural=0.0001 | clipped=0.0001(上限20.0)
Ψ矩阵条件数 cond(Ψ) = 8.95e+00
Loss=0.093795 | E0=-0.49927863+0.00000042j | E1=-0.49927843-0.00000042j|E2=0.18193246-0.00000037j|E3=0.91042006-0.00000085j
#-----------------------------------------#
[Step 104] logΨ: mean=2.089+0.446j | min=1.674-3.116j | max=2.303+3.075j
梯度监控 | raw=0.0000 | natural=0.0000 | clipped=0.0000(上限20.0)
Ψ矩阵条件数 cond(Ψ) = 8.99e+00
Loss=0.093795 | E0=-0.49927846+0.00000014j | E1=-0.49927723-0.00000194j|E2=0.18193319+0.00000003j|E3=0.91041791+0.00000171j
#-----------------------------------------#
[Step 105] logΨ: mean=2.082+0.435j | min=-2.045+3.120j | max=2.304+3.075j
梯度监控 | raw=0.0716 | natural=0.0028 | clipped=0.0028(上限20.0)
Ψ矩阵条件数 cond(Ψ) = 1.20e+01
Loss=0.094022 | E0=-0.49927917-0.00000119j | E1=-0.49927849+0.00000002j|E2=0.18216026+0.00000031j|E3=0.91041923+0.00000054j
#-----------------------------------------#
[Step 106] logΨ: mean=2.092+0.497j | min=1.674-3.116j | max=2.304+3.075j
梯度监控 | raw=0.0000 | natural=0.0000 | clipped=0.0000(上限20.0)
Ψ矩阵条件数 cond(Ψ) = 1.20e+01
Loss=0.093795 | E0=-0.49927911+0.00000119j | E1=-0.49927872+0.00000021j|E2=0.18193237-0.00000009j|E3=0.91042018-0.00000040j
#-----------------------------------------#
[Step 107] logΨ: mean=2.079+0.428j | min=1.674-3.116j | max=2.304+3.075j
梯度监控 | raw=0.0000 | natural=0.0001 | clipped=0.0001(上限20.0)
Ψ矩阵条件数 cond(Ψ) = 8.99e+00
Loss=0.093795 | E0=-0.49927947+0.00000016j | E1=-0.49927860+0.00000013j|E2=0.18193305-0.00000024j|E3=0.91042066-0.00000074j
#-----------------------------------------#
[Step 108] logΨ: mean=2.094+0.497j | min=-2.746-3.036j | max=2.302+3.074j
梯度监控 | raw=0.1685 | natural=0.0069 | clipped=0.0069(上限20.0)
Ψ矩阵条件数 cond(Ψ) = 9.00e+00
Loss=0.094235 | E0=-0.49927890+0.00000009j | E1=-0.49883735+0.00000123j|E2=0.18193179-0.00000064j|E3=0.91041994-0.00000077j
#-----------------------------------------#
[Step 109] logΨ: mean=2.076+0.337j | min=-2.093-0.029j | max=2.302+3.074j
梯度监控 | raw=0.1498 | natural=0.0027 | clipped=0.0027(上限20.0)
Ψ矩阵条件数 cond(Ψ) = 1.20e+01
Loss=0.094250 | E0=-0.49927911+0.00000158j | E1=-0.49927828-0.00000009j|E2=0.18238720-0.00000037j|E3=0.91042078-0.00000182j
#-----------------------------------------#
[Step 110] logΨ: mean=2.072+0.305j | min=-2.980-2.450j | max=2.302+3.075j
梯度监控 | raw=0.2604 | natural=0.0275 | clipped=0.0275(上限20.0)
Ψ矩阵条件数 cond(Ψ) = 1.19e+01
Loss=0.095344 | E0=-0.49935326+0.00016341j | E1=-0.49788225-0.00016424j|E2=0.18216147-0.00000021j|E3=0.91041815+0.00000023j
#-----------------------------------------#
[Step 111] logΨ: mean=2.063+0.345j | min=-2.184+0.036j | max=2.301+3.075j
梯度监控 | raw=0.6089 | natural=0.0268 | clipped=0.0268(上限20.0)
Ψ矩阵条件数 cond(Ψ) = 8.92e+00
Loss=0.100418 | E0=-0.49927822+0.00000031j | E1=-0.49311563+0.00000030j|E2=0.18239214+0.00000016j|E3=0.91041934-0.00000098j
#-----------------------------------------#
[Step 112] logΨ: mean=2.071+0.246j | min=-2.257-3.105j | max=2.301+3.075j
梯度监控 | raw=0.4674 | natural=0.0203 | clipped=0.0203(上限20.0)
Ψ矩阵条件数 cond(Ψ) = 1.19e+01
Loss=0.097547 | E0=-0.49927765-0.00000042j | E1=-0.49575695+0.00000026j|E2=0.18216212-0.00000024j|E3=0.91042030+0.00000029j
#-----------------------------------------#
[Step 113] logΨ: mean=2.088+0.277j | min=1.670-3.115j | max=2.301+3.075j
梯度监控 | raw=0.0000 | natural=0.0000 | clipped=0.0000(上限20.0)
Ψ矩阵条件数 cond(Ψ) = 1.19e+01
Loss=0.093795 | E0=-0.49927852+0.00000005j | E1=-0.49927849+0.00000044j|E2=0.18193197+0.00000037j|E3=0.91041803-0.00000092j
#-----------------------------------------#
[Step 114] logΨ: mean=2.088+0.348j | min=-2.053-0.093j | max=2.301+3.075j
梯度监控 | raw=0.0718 | natural=0.0028 | clipped=0.0028(上限20.0)
Ψ矩阵条件数 cond(Ψ) = 8.93e+00
Loss=0.094022 | E0=-0.49927849+0.00000007j | E1=-0.49927756-0.00000036j|E2=0.18216035-0.00000037j|E3=0.91041839+0.00000163j
#-----------------------------------------#
[Step 115] logΨ: mean=2.088+0.395j | min=1.671-3.115j | max=2.301+3.075j
梯度监控 | raw=0.0000 | natural=0.0000 | clipped=0.0000(上限20.0)
Ψ矩阵条件数 cond(Ψ) = 1.19e+01
Loss=0.093795 | E0=-0.49927819+0.00000006j | E1=-0.49927735-0.00000080j|E2=0.18193224+0.00000095j|E3=0.91041827-0.00000023j
#-----------------------------------------#
[Step 116] logΨ: mean=2.077+0.403j | min=-2.354-3.130j | max=2.301+3.075j
梯度监控 | raw=0.0851 | natural=0.0083 | clipped=0.0083(上限20.0)
Ψ矩阵条件数 cond(Ψ) = 1.19e+01
Loss=0.094236 | E0=-0.49927783-0.00000019j | E1=-0.49883857+0.00000039j|E2=0.18193316-0.00000004j|E3=0.91041815+0.00000033j
#-----------------------------------------#
[Step 117] logΨ: mean=2.075+0.384j | min=-2.212-0.095j | max=2.298+3.074j
梯度监控 | raw=0.0988 | natural=0.0116 | clipped=0.0116(上限20.0)
Ψ矩阵条件数 cond(Ψ) = 1.19e+01
Loss=0.094236 | E0=-0.49927905-0.00000057j | E1=-0.49883699+0.00000098j|E2=0.18193252-0.00000008j|E3=0.91041911+0.00000092j
#-----------------------------------------#
[Step 118] logΨ: mean=2.081+0.505j | min=1.667-3.117j | max=2.298+3.074j
梯度监控 | raw=0.0000 | natural=0.0001 | clipped=0.0001(上限20.0)
Ψ矩阵条件数 cond(Ψ) = 8.94e+00
Loss=0.093795 | E0=-0.49927840+0.00000083j | E1=-0.49927822+0.00000012j|E2=0.18193214-0.00000023j|E3=0.91041946+0.00000033j
#-----------------------------------------#
[Step 119] logΨ: mean=2.086+0.541j | min=1.667-3.117j | max=2.298+3.074j
梯度监控 | raw=0.0000 | natural=0.0000 | clipped=0.0000(上限20.0)
Ψ矩阵条件数 cond(Ψ) = 8.94e+00
Loss=0.093795 | E0=-0.49927849+0.00000009j | E1=-0.49927828-0.00000110j|E2=0.18193328+0.00000046j|E3=0.91041815+0.00000102j
#-----------------------------------------#
[Step 120] logΨ: mean=2.054+0.509j | min=-2.687+0.334j | max=2.289+3.073j
梯度监控 | raw=0.3978 | natural=0.0319 | clipped=0.0319(上限20.0)
Ψ矩阵条件数 cond(Ψ) = 8.93e+00
Loss=0.096923 | E0=-0.49945483+0.00012286j | E1=-0.49734339-0.00012201j|E2=0.18330172-0.00000033j|E3=0.91041946-0.00000012j
#-----------------------------------------#
[Step 121] logΨ: mean=2.083+0.623j | min=-2.513+3.043j | max=2.287+3.072j
梯度监控 | raw=0.1314 | natural=0.0088 | clipped=0.0088(上限20.0)
Ψ矩阵条件数 cond(Ψ) = 1.18e+01
Loss=0.094235 | E0=-0.49927908+0.00000006j | E1=-0.49883676-0.00000067j|E2=0.18193288+0.00000004j|E3=0.91041756+0.00000029j
#-----------------------------------------#
[Step 122] logΨ: mean=2.069+0.495j | min=-2.189-0.088j | max=2.287+3.072j
梯度监控 | raw=0.1218 | natural=0.0034 | clipped=0.0034(上限20.0)
Ψ矩阵条件数 cond(Ψ) = 8.90e+00
Loss=0.094250 | E0=-0.49927878-0.00000062j | E1=-0.49927828+0.00000009j|E2=0.18238810-0.00000017j|E3=0.91041923+0.00000083j
#-----------------------------------------#
[Step 123] logΨ: mean=2.082+0.579j | min=1.655-3.119j | max=2.287+3.072j
梯度监控 | raw=0.0000 | natural=0.0000 | clipped=0.0000(上限20.0)
Ψ矩阵条件数 cond(Ψ) = 1.18e+01
Loss=0.093795 | E0=-0.49927831+0.00000163j | E1=-0.49927831-0.00000001j|E2=0.18193223+0.00000008j|E3=0.91042006-0.00000188j
#-----------------------------------------#
[Step 124] logΨ: mean=2.081+0.399j | min=1.655-3.119j | max=2.287+3.072j
梯度监控 | raw=0.0000 | natural=0.0001 | clipped=0.0001(上限20.0)
Ψ矩阵条件数 cond(Ψ) = 1.18e+01
Loss=0.093795 | E0=-0.49927855+0.00000005j | E1=-0.49927825+0.00000137j|E2=0.18193208+0.00000002j|E3=0.91041934-0.00000094j
#-----------------------------------------#
[Step 125] logΨ: mean=2.068+0.404j | min=1.655-3.119j | max=2.287+3.072j
梯度监控 | raw=0.0000 | natural=0.0000 | clipped=0.0000(上限20.0)
Ψ矩阵条件数 cond(Ψ) = 1.18e+01
Loss=0.093795 | E0=-0.49927852-0.00000031j | E1=-0.49927792+0.00000010j|E2=0.18193270+0.00000063j|E3=0.91041875-0.00000001j
#-----------------------------------------#
[Step 126] logΨ: mean=2.075+0.370j | min=1.655-3.119j | max=2.287+3.072j
梯度监控 | raw=0.0000 | natural=0.0000 | clipped=0.0000(上限20.0)
Ψ矩阵条件数 cond(Ψ) = 1.18e+01
Loss=0.093795 | E0=-0.49927860+0.00000067j | E1=-0.49927846+0.00000003j|E2=0.18193190-0.00000037j|E3=0.91042018+0.00000042j
#-----------------------------------------#
[Step 127] logΨ: mean=2.060+0.314j | min=1.655-3.119j | max=2.287+3.072j
梯度监控 | raw=0.0000 | natural=0.0000 | clipped=0.0000(上限20.0)
Ψ矩阵条件数 cond(Ψ) = 8.90e+00
Loss=0.093795 | E0=-0.49927878+0.00000069j | E1=-0.49927855+0.00000002j|E2=0.18193182-0.00000058j|E3=0.91042030-0.00000043j
#-----------------------------------------#
[Step 128] logΨ: mean=2.066+0.386j | min=-2.655+3.056j | max=2.285+3.072j
梯度监控 | raw=0.1850 | natural=0.0090 | clipped=0.0090(上限20.0)
Ψ矩阵条件数 cond(Ψ) = 1.18e+01
Loss=0.094463 | E0=-0.49927890-0.00000042j | E1=-0.49883670+0.00000176j|E2=0.18215984+0.00000057j|E3=0.91041946-0.00000173j
#-----------------------------------------#
[Step 129] logΨ: mean=2.073+0.500j | min=-2.383-3.024j | max=2.285+3.071j
梯度监控 | raw=0.1721 | natural=0.0083 | clipped=0.0083(上限20.0)
Ψ矩阵条件数 cond(Ψ) = 8.91e+00
Loss=0.094676 | E0=-0.49927801+0.00000023j | E1=-0.49839717-0.00000008j|E2=0.18193270-0.00000035j|E3=0.91041875+0.00000130j
#-----------------------------------------#
[Step 130] logΨ: mean=2.068+0.431j | min=-2.171-0.036j | max=2.285+3.071j
梯度监控 | raw=0.0711 | natural=0.0029 | clipped=0.0029(上限20.0)
Ψ矩阵条件数 cond(Ψ) = 8.95e+00
Loss=0.094022 | E0=-0.49927977+0.00000077j | E1=-0.49927846+0.00000014j|E2=0.18215992-0.00000061j|E3=0.91042030-0.00000127j
#-----------------------------------------#
[Step 131] logΨ: mean=2.072+0.390j | min=1.653-3.120j | max=2.285+3.071j
梯度监控 | raw=0.0000 | natural=0.0000 | clipped=0.0000(上限20.0)
Ψ矩阵条件数 cond(Ψ) = 1.17e+01
Loss=0.093795 | E0=-0.49927849+0.00000001j | E1=-0.49927831+0.00000058j|E2=0.18193203+0.00000010j|E3=0.91041970-0.00000061j
#-----------------------------------------#
[Step 132] logΨ: mean=2.063+0.387j | min=1.653-3.120j | max=2.285+3.071j
梯度监控 | raw=0.0000 | natural=0.0000 | clipped=0.0000(上限20.0)
Ψ矩阵条件数 cond(Ψ) = 1.17e+01
Loss=0.093795 | E0=-0.49927858+0.00000036j | E1=-0.49927837+0.00000007j|E2=0.18193270-0.00000042j|E3=0.91041970+0.00000053j
#-----------------------------------------#
[Step 133] logΨ: mean=2.068+0.374j | min=-2.739-0.117j | max=2.284+3.071j
梯度监控 | raw=0.1639 | natural=0.0071 | clipped=0.0071(上限20.0)
Ψ矩阵条件数 cond(Ψ) = 8.96e+00
Loss=0.094235 | E0=-0.49927893-0.00000059j | E1=-0.49883699-0.00000015j|E2=0.18193330+0.00000049j|E3=0.91041958+0.00000163j
#-----------------------------------------#
[Step 134] logΨ: mean=2.066+0.419j | min=1.651-3.120j | max=2.284+3.071j
梯度监控 | raw=0.0000 | natural=0.0000 | clipped=0.0000(上限20.0)
Ψ矩阵条件数 cond(Ψ) = 8.91e+00
Loss=0.093795 | E0=-0.49927929-0.00000086j | E1=-0.49927825-0.00000032j|E2=0.18193309-0.00000005j|E3=0.91041970+0.00000054j
#-----------------------------------------#
[Step 135] logΨ: mean=2.062+0.446j | min=-2.446-2.999j | max=2.283+3.070j
梯度监控 | raw=0.2618 | natural=0.0112 | clipped=0.0112(上限20.0)
Ψ矩阵条件数 cond(Ψ) = 8.91e+00
Loss=0.095557 | E0=-0.49927819+0.00000105j | E1=-0.49751565+0.00000018j|E2=0.18193199-0.00000015j|E3=0.91041934-0.00000086j
#-----------------------------------------#
[Step 136] logΨ: mean=2.072+0.486j | min=-3.020+0.233j | max=2.283+3.071j
梯度监控 | raw=0.2544 | natural=0.0060 | clipped=0.0060(上限20.0)
Ψ矩阵条件数 cond(Ψ) = 1.17e+01
Loss=0.094463 | E0=-0.49927938+0.00000114j | E1=-0.49883705-0.00000159j|E2=0.18216071-0.00000081j|E3=0.91041887+0.00000110j
#-----------------------------------------#
[Step 137] logΨ: mean=2.065+0.449j | min=-2.865-0.137j | max=2.282+3.070j
梯度监控 | raw=0.1958 | natural=0.0075 | clipped=0.0075(上限20.0)
Ψ矩阵条件数 cond(Ψ) = 1.17e+01
Loss=0.094463 | E0=-0.49927884-0.00000055j | E1=-0.49883711+0.00000006j|E2=0.18216039+0.00000018j|E3=0.91041839+0.00000007j
#-----------------------------------------#
[Step 138] logΨ: mean=2.070+0.555j | min=1.649-3.121j | max=2.282+3.070j
梯度监控 | raw=0.0000 | natural=0.0001 | clipped=0.0001(上限20.0)
Ψ矩阵条件数 cond(Ψ) = 1.17e+01
Loss=0.093795 | E0=-0.49927816-0.00000009j | E1=-0.49927744+0.00000031j|E2=0.18193200+0.00000016j|E3=0.91041875-0.00000017j
#-----------------------------------------#
[Step 139] logΨ: mean=2.053+0.393j | min=-2.170-0.074j | max=2.282+3.070j
梯度监控 | raw=0.1805 | natural=0.0036 | clipped=0.0036(上限20.0)
Ψ矩阵条件数 cond(Ψ) = 8.92e+00
Loss=0.094478 | E0=-0.49927825+0.00000014j | E1=-0.49927768+0.00000045j|E2=0.18261559-0.00000034j|E3=0.91041863-0.00000015j
#-----------------------------------------#
[Step 140] logΨ: mean=2.053+0.401j | min=-2.245-0.074j | max=2.282+3.070j
梯度监控 | raw=0.1526 | natural=0.0027 | clipped=0.0027(上限20.0)
Ψ矩阵条件数 cond(Ψ) = 8.91e+00
Loss=0.094250 | E0=-0.49927866+0.00000029j | E1=-0.49927822-0.00000042j|E2=0.18238822-0.00000005j|E3=0.91041934-0.00000028j
#-----------------------------------------#
[Step 141] logΨ: mean=2.070+0.541j | min=-2.121+3.084j | max=2.283+3.070j
梯度监控 | raw=0.1505 | natural=0.0027 | clipped=0.0027(上限20.0)
Ψ矩阵条件数 cond(Ψ) = 1.17e+01
Loss=0.094250 | E0=-0.49927866+0.00000016j | E1=-0.49927822+0.00000003j|E2=0.18238780-0.00000055j|E3=0.91041970+0.00000035j
#-----------------------------------------#
[Step 142] logΨ: mean=2.067+0.573j | min=1.650-3.121j | max=2.283+3.070j
梯度监控 | raw=0.0000 | natural=0.0000 | clipped=0.0000(上限20.0)
Ψ矩阵条件数 cond(Ψ) = 8.96e+00
Loss=0.093795 | E0=-0.49927878-0.00000015j | E1=-0.49927825+0.00000005j|E2=0.18193310-0.00000017j|E3=0.91041827+0.00000043j
#-----------------------------------------#
[Step 143] logΨ: mean=2.060+0.500j | min=-2.196+3.084j | max=2.283+3.070j
梯度监控 | raw=0.0811 | natural=0.0025 | clipped=0.0025(上限20.0)
Ψ矩阵条件数 cond(Ψ) = 1.17e+01
Loss=0.094022 | E0=-0.49927920+0.00000093j | E1=-0.49927831-0.00000003j|E2=0.18215998-0.00000044j|E3=0.91042089-0.00000075j
#-----------------------------------------#
[Step 144] logΨ: mean=2.066+0.565j | min=1.650-3.121j | max=2.283+3.070j
梯度监控 | raw=0.0000 | natural=0.0000 | clipped=0.0000(上限20.0)
Ψ矩阵条件数 cond(Ψ) = 8.91e+00
Loss=0.093795 | E0=-0.49927944+0.00000026j | E1=-0.49927837-0.00000002j|E2=0.18193251-0.00000011j|E3=0.91042018-0.00000118j
#-----------------------------------------#
[Step 145] logΨ: mean=2.076+0.583j | min=1.650-3.121j | max=2.283+3.070j
梯度监控 | raw=0.0000 | natural=0.0000 | clipped=0.0000(上限20.0)
Ψ矩阵条件数 cond(Ψ) = 1.17e+01
Loss=0.093795 | E0=-0.49927822-0.00000003j | E1=-0.49927643+0.00000030j|E2=0.18193242-0.00000000j|E3=0.91041648+0.00000008j
#-----------------------------------------#
[Step 146] logΨ: mean=2.078+0.625j | min=1.650-3.121j | max=2.283+3.070j
梯度监控 | raw=0.0000 | natural=0.0001 | clipped=0.0001(上限20.0)
Ψ矩阵条件数 cond(Ψ) = 1.17e+01
Loss=0.093795 | E0=-0.49927858+0.00000235j | E1=-0.49927855+0.00000018j|E2=0.18193251-0.00000053j|E3=0.91041934-0.00000075j
#-----------------------------------------#
[Step 147] logΨ: mean=2.062+0.512j | min=-2.363+0.102j | max=2.283+3.070j
梯度监控 | raw=0.0842 | natural=0.0084 | clipped=0.0084(上限20.0)
Ψ矩阵条件数 cond(Ψ) = 8.91e+00
Loss=0.094236 | E0=-0.49927828-0.00000022j | E1=-0.49883819-0.00000017j|E2=0.18193258+0.00000007j|E3=0.91041899-0.00000070j
#-----------------------------------------#
[Step 148] logΨ: mean=2.062+0.553j | min=1.650-3.121j | max=2.283+3.070j
梯度监控 | raw=0.0000 | natural=0.0000 | clipped=0.0000(上限20.0)
Ψ矩阵条件数 cond(Ψ) = 1.17e+01
Loss=0.093795 | E0=-0.49927852-0.00000005j | E1=-0.49927756+0.00000019j|E2=0.18193217-0.00000036j|E3=0.91041803-0.00000001j
#-----------------------------------------#
[Step 149] logΨ: mean=2.063+0.533j | min=-2.204-0.008j | max=2.283+3.070j
梯度监控 | raw=0.2453 | natural=0.0025 | clipped=0.0025(上限20.0)
Ψ矩阵条件数 cond(Ψ) = 1.17e+01
Loss=0.094478 | E0=-0.49927938-0.00000074j | E1=-0.49927855+0.00000005j|E2=0.18261594+0.00000026j|E3=0.91041934-0.00000013j
#-----------------------------------------#
[Step 150] logΨ: mean=2.056+0.445j | min=1.650-3.121j | max=2.283+3.070j
梯度监控 | raw=0.0000 | natural=0.0000 | clipped=0.0000(上限20.0)
Ψ矩阵条件数 cond(Ψ) = 1.17e+01
Loss=0.093795 | E0=-0.49927902-0.00000005j | E1=-0.49927819+0.00000009j|E2=0.18193282-0.00000074j|E3=0.91041982+0.00000011j
#-----------------------------------------#
[Step 151] logΨ: mean=2.058+0.485j | min=1.650-3.121j | max=2.283+3.070j
梯度监控 | raw=0.0000 | natural=0.0000 | clipped=0.0000(上限20.0)
Ψ矩阵条件数 cond(Ψ) = 1.17e+01
Loss=0.093795 | E0=-0.49927917+0.00000095j | E1=-0.49927893+0.00000022j|E2=0.18193221-0.00000044j|E3=0.91042006-0.00000132j
#-----------------------------------------#
[Step 152] logΨ: mean=2.062+0.356j | min=-2.226+0.011j | max=2.283+3.070j
梯度监控 | raw=0.0749 | natural=0.0027 | clipped=0.0027(上限20.0)
Ψ矩阵条件数 cond(Ψ) = 8.91e+00
Loss=0.094023 | E0=-0.49927846+0.00000011j | E1=-0.49927831+0.00000077j|E2=0.18215956-0.00000027j|E3=0.91042018-0.00000012j
#-----------------------------------------#
[Step 153] logΨ: mean=2.064+0.409j | min=-2.313+3.117j | max=2.283+3.070j
梯度监控 | raw=0.1440 | natural=0.0029 | clipped=0.0029(上限20.0)
Ψ矩阵条件数 cond(Ψ) = 8.90e+00
Loss=0.094250 | E0=-0.49927869-0.00000051j | E1=-0.49927816+0.00000010j|E2=0.18238841+0.00000019j|E3=0.91041934+0.00000064j
#-----------------------------------------#
[Step 154] logΨ: mean=2.061+0.449j | min=1.650-3.121j | max=2.283+3.070j
梯度监控 | raw=0.0000 | natural=0.0000 | clipped=0.0000(上限20.0)
Ψ矩阵条件数 cond(Ψ) = 1.17e+01
Loss=0.093795 | E0=-0.49927938+0.00000184j | E1=-0.49927858+0.00000021j|E2=0.18193220-0.00000044j|E3=0.91041970-0.00000161j
#-----------------------------------------#
[Step 155] logΨ: mean=2.058+0.459j | min=-3.665+1.504j | max=2.283+3.070j
梯度监控 | raw=0.2172 | natural=0.0027 | clipped=0.0027(上限20.0)
Ψ矩阵条件数 cond(Ψ) = 8.90e+00
Loss=0.094250 | E0=-0.49927875-0.00000104j | E1=-0.49927849-0.00000001j|E2=0.18238762-0.00000016j|E3=0.91041958+0.00000070j
#-----------------------------------------#
[Step 156] logΨ: mean=2.058+0.513j | min=-3.563-0.604j | max=2.282+3.070j
梯度监控 | raw=0.1971 | natural=0.0117 | clipped=0.0117(上限20.0)
Ψ矩阵条件数 cond(Ψ) = 8.90e+00
Loss=0.094676 | E0=-0.49927837-0.00000038j | E1=-0.49839762-0.00000048j|E2=0.18193319+0.00000011j|E3=0.91041839+0.00000073j
#-----------------------------------------#
[Step 157] logΨ: mean=2.059+0.453j | min=-2.274-3.101j | max=2.283+3.070j
梯度监控 | raw=0.1338 | natural=0.0031 | clipped=0.0031(上限20.0)
Ψ矩阵条件数 cond(Ψ) = 1.17e+01
Loss=0.094250 | E0=-0.49927887+0.00000036j | E1=-0.49927813-0.00000035j|E2=0.18238786+0.00000048j|E3=0.91041923-0.00000040j
#-----------------------------------------#
[Step 158] logΨ: mean=2.061+0.412j | min=1.650-3.121j | max=2.283+3.070j
梯度监控 | raw=0.0000 | natural=0.0000 | clipped=0.0000(上限20.0)
Ψ矩阵条件数 cond(Ψ) = 8.90e+00
Loss=0.093795 | E0=-0.49927914+0.00000060j | E1=-0.49927860-0.00000011j|E2=0.18193264-0.00000002j|E3=0.91041946-0.00000033j
#-----------------------------------------#
[Step 159] logΨ: mean=2.069+0.484j | min=1.650-3.121j | max=2.283+3.070j
梯度监控 | raw=0.0000 | natural=0.0000 | clipped=0.0000(上限20.0)
Ψ矩阵条件数 cond(Ψ) = 1.17e+01
Loss=0.093795 | E0=-0.49927863-0.00000028j | E1=-0.49927822+0.00000030j|E2=0.18193282-0.00000015j|E3=0.91042042+0.00000109j
#-----------------------------------------#
[Step 160] logΨ: mean=2.061+0.462j | min=-3.708+1.719j | max=2.283+3.070j
梯度监控 | raw=0.4191 | natural=0.0010 | clipped=0.0010(上限20.0)
Ψ矩阵条件数 cond(Ψ) = 8.95e+00
Loss=0.094250 | E0=-0.49927932+0.00000018j | E1=-0.49927846+0.00000008j|E2=0.18238777-0.00000010j|E3=0.91041994-0.00000092j
#-----------------------------------------#
[Step 161] logΨ: mean=2.035+0.424j | min=-2.498+0.073j | max=2.282+3.070j
梯度监控 | raw=1.1740 | natural=0.0106 | clipped=0.0106(上限20.0)
Ψ矩阵条件数 cond(Ψ) = 1.17e+01
Loss=0.101284 | E0=-0.49927732+0.00000037j | E1=-0.49178976-0.00000075j|E2=0.18193275+0.00000014j|E3=0.91041791+0.00000078j
#-----------------------------------------#
[Step 162] logΨ: mean=2.044+0.456j | min=-2.753-0.160j | max=2.274+3.069j
梯度监控 | raw=0.3534 | natural=0.0248 | clipped=0.0248(上限20.0)
Ψ矩阵条件数 cond(Ψ) = 8.89e+00
Loss=0.095344 | E0=-0.49927849+0.00000006j | E1=-0.49795735+0.00000010j|E2=0.18216066-0.00000001j|E3=0.91041863-0.00000018j
#-----------------------------------------#
[Step 163] logΨ: mean=2.054+0.482j | min=1.640-3.123j | max=2.274+3.069j
梯度监控 | raw=0.0000 | natural=0.0000 | clipped=0.0000(上限20.0)
Ψ矩阵条件数 cond(Ψ) = 1.16e+01
Loss=0.093795 | E0=-0.49927989+0.00000070j | E1=-0.49927840+0.00000015j|E2=0.18193258-0.00000026j|E3=0.91042018+0.00000044j
#-----------------------------------------#
[Step 164] logΨ: mean=2.061+0.496j | min=-2.279-3.095j | max=2.274+3.069j
梯度监控 | raw=0.0783 | natural=0.0026 | clipped=0.0026(上限20.0)
Ψ矩阵条件数 cond(Ψ) = 8.89e+00
Loss=0.094023 | E0=-0.49927855+0.00000008j | E1=-0.49927801-0.00000101j|E2=0.18216042+0.00000031j|E3=0.91041911+0.00000041j
#-----------------------------------------#
[Step 165] logΨ: mean=2.061+0.478j | min=-2.959-2.980j | max=2.274+3.069j
梯度监控 | raw=0.2404 | natural=0.0067 | clipped=0.0067(上限20.0)
Ψ矩阵条件数 cond(Ψ) = 1.16e+01
Loss=0.094463 | E0=-0.49927849-0.00000023j | E1=-0.49883854+0.00000025j|E2=0.18216081+0.00000004j|E3=0.91041970-0.00000006j
#-----------------------------------------#
[Step 166] logΨ: mean=2.065+0.531j | min=-2.175+0.036j | max=2.275+3.069j
梯度监控 | raw=0.0788 | natural=0.0026 | clipped=0.0026(上限20.0)
Ψ矩阵条件数 cond(Ψ) = 1.16e+01
Loss=0.094022 | E0=-0.49927840-0.00000116j | E1=-0.49927828+0.00000012j|E2=0.18216048+0.00000033j|E3=0.91041911-0.00000009j
#-----------------------------------------#
[Step 167] logΨ: mean=2.056+0.465j | min=1.641-3.123j | max=2.275+3.069j
梯度监控 | raw=0.0000 | natural=0.0000 | clipped=0.0000(上限20.0)
Ψ矩阵条件数 cond(Ψ) = 1.16e+01
Loss=0.093795 | E0=-0.49927852+0.00000051j | E1=-0.49927792-0.00000015j|E2=0.18193223-0.00000007j|E3=0.91041946-0.00000011j
#-----------------------------------------#
[Step 168] logΨ: mean=2.062+0.544j | min=1.641-3.123j | max=2.275+3.069j
梯度监控 | raw=0.0000 | natural=0.0000 | clipped=0.0000(上限20.0)
Ψ矩阵条件数 cond(Ψ) = 1.16e+01
Loss=0.093795 | E0=-0.49927887-0.00000014j | E1=-0.49927759+0.00000020j|E2=0.18193217+0.00000033j|E3=0.91041958-0.00000082j
#-----------------------------------------#
[Step 169] logΨ: mean=2.051+0.356j | min=1.641-3.123j | max=2.275+3.069j
梯度监控 | raw=0.0000 | natural=0.0000 | clipped=0.0000(上限20.0)
Ψ矩阵条件数 cond(Ψ) = 1.16e+01
Loss=0.093795 | E0=-0.49927875+0.00000039j | E1=-0.49927837+0.00000022j|E2=0.18193269-0.00000018j|E3=0.91041970-0.00000070j
#-----------------------------------------#
[Step 170] logΨ: mean=2.064+0.503j | min=1.641-3.123j | max=2.275+3.069j
梯度监控 | raw=0.0000 | natural=0.0000 | clipped=0.0000(上限20.0)
Ψ矩阵条件数 cond(Ψ) = 1.16e+01
Loss=0.093795 | E0=-0.49927875-0.00000006j | E1=-0.49927819-0.00000023j|E2=0.18193229+0.00000054j|E3=0.91041958-0.00000039j
#-----------------------------------------#
[Step 171] logΨ: mean=2.058+0.439j | min=-2.250+0.036j | max=2.275+3.069j
梯度监控 | raw=0.0849 | natural=0.0024 | clipped=0.0024(上限20.0)
Ψ矩阵条件数 cond(Ψ) = 1.16e+01
Loss=0.094022 | E0=-0.49927869+0.00000057j | E1=-0.49927828+0.00000003j|E2=0.18216009-0.00000012j|E3=0.91041982-0.00000015j
#-----------------------------------------#
[Step 172] logΨ: mean=2.057+0.528j | min=-2.450+0.093j | max=2.275+3.069j
梯度监控 | raw=0.1540 | natural=0.0027 | clipped=0.0027(上限20.0)
Ψ矩阵条件数 cond(Ψ) = 1.16e+01
Loss=0.094250 | E0=-0.49927837-0.00000004j | E1=-0.49927667+0.00000009j|E2=0.18238796+0.00000086j|E3=0.91041684+0.00000036j
#-----------------------------------------#
[Step 173] logΨ: mean=2.062+0.471j | min=1.641-3.123j | max=2.275+3.069j
梯度监控 | raw=0.0000 | natural=0.0000 | clipped=0.0000(上限20.0)
Ψ矩阵条件数 cond(Ψ) = 8.93e+00
Loss=0.093795 | E0=-0.49927810-0.00000006j | E1=-0.49927750-0.00000092j|E2=0.18193263+0.00000067j|E3=0.91041720+0.00000020j
#-----------------------------------------#
[Step 174] logΨ: mean=2.065+0.521j | min=1.641-3.123j | max=2.275+3.069j
梯度监控 | raw=0.0000 | natural=0.0000 | clipped=0.0000(上限20.0)
Ψ矩阵条件数 cond(Ψ) = 8.93e+00
Loss=0.093795 | E0=-0.49927902-0.00000164j | E1=-0.49927843+0.00000017j|E2=0.18193293-0.00000022j|E3=0.91041923+0.00000153j
#-----------------------------------------#
[Step 175] logΨ: mean=2.051+0.460j | min=-2.401-3.106j | max=2.275+3.069j
梯度监控 | raw=0.0987 | natural=0.0021 | clipped=0.0021(上限20.0)
Ψ矩阵条件数 cond(Ψ) = 8.88e+00
Loss=0.094022 | E0=-0.49928048+0.00000045j | E1=-0.49927860-0.00000001j|E2=0.18216124+0.00000005j|E3=0.91042030-0.00000095j
#-----------------------------------------#
[Step 176] logΨ: mean=2.062+0.498j | min=-2.554-3.034j | max=2.275+3.069j
梯度监控 | raw=0.1029 | natural=0.0020 | clipped=0.0020(上限20.0)
Ψ矩阵条件数 cond(Ψ) = 1.16e+01
Loss=0.094023 | E0=-0.49927905+0.00000139j | E1=-0.49927837-0.00000014j|E2=0.18216036-0.00000098j|E3=0.91041970+0.00000018j
#-----------------------------------------#
[Step 177] logΨ: mean=2.061+0.454j | min=1.641-3.122j | max=2.275+3.069j
梯度监控 | raw=0.0000 | natural=0.0000 | clipped=0.0000(上限20.0)
Ψ矩阵条件数 cond(Ψ) = 1.16e+01
Loss=0.093795 | E0=-0.49927849+0.00000098j | E1=-0.49927846-0.00000023j|E2=0.18193221-0.00000038j|E3=0.91041923-0.00000039j
#-----------------------------------------#
[Step 178] logΨ: mean=2.051+0.376j | min=-2.922-0.093j | max=2.274+3.068j
梯度监控 | raw=0.1942 | natural=0.0060 | clipped=0.0060(上限20.0)
Ψ矩阵条件数 cond(Ψ) = 1.16e+01
Loss=0.094235 | E0=-0.49927965+0.00000029j | E1=-0.49883708-0.00000159j|E2=0.18193330+0.00000040j|E3=0.91041970+0.00000117j
#-----------------------------------------#
[Step 179] logΨ: mean=2.068+0.576j | min=1.640-3.123j | max=2.274+3.068j
梯度监控 | raw=0.0000 | natural=0.0000 | clipped=0.0000(上限20.0)
Ψ矩阵条件数 cond(Ψ) = 1.16e+01
Loss=0.093795 | E0=-0.49927846+0.00000008j | E1=-0.49927711-0.00000085j|E2=0.18193266+0.00000005j|E3=0.91041827+0.00000118j
#-----------------------------------------#
[Step 180] logΨ: mean=2.051+0.394j | min=1.640-3.123j | max=2.274+3.068j
梯度监控 | raw=0.0000 | natural=0.0000 | clipped=0.0000(上限20.0)
Ψ矩阵条件数 cond(Ψ) = 1.16e+01
Loss=0.093795 | E0=-0.49927837-0.00000021j | E1=-0.49927741-0.00000070j|E2=0.18193266-0.00000007j|E3=0.91041791+0.00000069j
#-----------------------------------------#
[Step 181] logΨ: mean=2.064+0.506j | min=-2.475-3.139j | max=2.274+3.068j
梯度监控 | raw=0.3182 | natural=0.0019 | clipped=0.0019(上限20.0)
Ψ矩阵条件数 cond(Ψ) = 8.94e+00
Loss=0.094478 | E0=-0.49927881-0.00000004j | E1=-0.49927828-0.00000012j|E2=0.18261568-0.00000029j|E3=0.91041911+0.00000041j
#-----------------------------------------#
[Step 182] logΨ: mean=2.054+0.388j | min=1.640-3.123j | max=2.274+3.068j
梯度监控 | raw=0.0000 | natural=0.0000 | clipped=0.0000(上限20.0)
Ψ矩阵条件数 cond(Ψ) = 8.94e+00
Loss=0.093795 | E0=-0.49927890-0.00000076j | E1=-0.49927831-0.00000011j|E2=0.18193346+0.00000048j|E3=0.91041970+0.00000003j
#-----------------------------------------#
[Step 183] logΨ: mean=2.048+0.313j | min=1.640-3.123j | max=2.274+3.068j
梯度监控 | raw=0.0000 | natural=0.0000 | clipped=0.0000(上限20.0)
Ψ矩阵条件数 cond(Ψ) = 1.16e+01
Loss=0.093795 | E0=-0.49927846+0.00000006j | E1=-0.49927828-0.00000194j|E2=0.18193325+0.00000009j|E3=0.91041851+0.00000172j
#-----------------------------------------#
[Step 184] logΨ: mean=2.053+0.403j | min=1.640-3.123j | max=2.274+3.068j
梯度监控 | raw=0.0000 | natural=0.0000 | clipped=0.0000(上限20.0)
Ψ矩阵条件数 cond(Ψ) = 1.16e+01
Loss=0.093795 | E0=-0.49927837+0.00000009j | E1=-0.49927771+0.00000080j|E2=0.18193206-0.00000032j|E3=0.91041911-0.00000006j
#-----------------------------------------#
[Step 185] logΨ: mean=2.054+0.329j | min=1.640-3.123j | max=2.274+3.068j
梯度监控 | raw=0.0000 | natural=0.0000 | clipped=0.0000(上限20.0)
Ψ矩阵条件数 cond(Ψ) = 1.16e+01
Loss=0.093795 | E0=-0.49927846-0.00000004j | E1=-0.49927795-0.00000101j|E2=0.18193281+0.00000012j|E3=0.91041839-0.00000009j
#-----------------------------------------#
[Step 186] logΨ: mean=2.051+0.400j | min=1.640-3.123j | max=2.274+3.068j
梯度监控 | raw=0.0000 | natural=0.0000 | clipped=0.0000(上限20.0)
Ψ矩阵条件数 cond(Ψ) = 8.94e+00
Loss=0.093795 | E0=-0.49927932-0.00000042j | E1=-0.49927828+0.00000016j|E2=0.18193294-0.00000016j|E3=0.91041982+0.00000025j
#-----------------------------------------#
[Step 187] logΨ: mean=2.053+0.528j | min=1.640-3.123j | max=2.274+3.068j
梯度监控 | raw=0.0000 | natural=0.0000 | clipped=0.0000(上限20.0)
Ψ矩阵条件数 cond(Ψ) = 8.94e+00
Loss=0.093795 | E0=-0.49927893-0.00000036j | E1=-0.49927860+0.00000008j|E2=0.18193203-0.00000028j|E3=0.91042066+0.00000026j
#-----------------------------------------#
[Step 188] logΨ: mean=2.063+0.496j | min=1.640-3.123j | max=2.274+3.068j
梯度监控 | raw=0.0000 | natural=0.0000 | clipped=0.0000(上限20.0)
Ψ矩阵条件数 cond(Ψ) = 1.16e+01
Loss=0.093795 | E0=-0.49927863+0.00000000j | E1=-0.49927789-0.00000148j|E2=0.18193306-0.00000016j|E3=0.91041696+0.00000197j
#-----------------------------------------#
[Step 189] logΨ: mean=2.053+0.467j | min=1.640-3.123j | max=2.274+3.068j
梯度监控 | raw=0.0000 | natural=0.0000 | clipped=0.0000(上限20.0)
Ψ矩阵条件数 cond(Ψ) = 8.89e+00
Loss=0.093795 | E0=-0.49927950+0.00000068j | E1=-0.49927872+0.00000009j|E2=0.18193239-0.00000001j|E3=0.91042018-0.00000087j
#-----------------------------------------#
[Step 190] logΨ: mean=2.057+0.534j | min=1.640-3.123j | max=2.274+3.068j
梯度监控 | raw=0.0000 | natural=0.0001 | clipped=0.0001(上限20.0)
Ψ矩阵条件数 cond(Ψ) = 1.16e+01
Loss=0.093795 | E0=-0.49927971+0.00000030j | E1=-0.49927828+0.00000012j|E2=0.18193188-0.00000059j|E3=0.91042089-0.00000107j
#-----------------------------------------#
[Step 191] logΨ: mean=2.060+0.504j | min=1.640-3.123j | max=2.274+3.068j
梯度监控 | raw=0.0000 | natural=0.0000 | clipped=0.0000(上限20.0)
Ψ矩阵条件数 cond(Ψ) = 8.94e+00
Loss=0.093795 | E0=-0.49927863-0.00000019j | E1=-0.49927798+0.00000013j|E2=0.18193316+0.00000041j|E3=0.91041815-0.00000029j
#-----------------------------------------#
[Step 192] logΨ: mean=2.048+0.477j | min=-2.528+0.057j | max=2.273+3.068j
梯度监控 | raw=0.4959 | natural=0.0108 | clipped=0.0108(上限20.0)
Ψ矩阵条件数 cond(Ψ) = 8.89e+00
Loss=0.096879 | E0=-0.49927908+0.00000127j | E1=-0.49619502-0.00000049j|E2=0.18193236+0.00000031j|E3=0.91041934-0.00000112j
#-----------------------------------------#
[Step 193] logΨ: mean=2.056+0.447j | min=1.639-3.123j | max=2.273+3.068j
梯度监控 | raw=0.0000 | natural=0.0000 | clipped=0.0000(上限20.0)
Ψ矩阵条件数 cond(Ψ) = 1.16e+01
Loss=0.093795 | E0=-0.49927869-0.00000012j | E1=-0.49927807+0.00000020j|E2=0.18193220+0.00000014j|E3=0.91041982-0.00000009j
#-----------------------------------------#
[Step 194] logΨ: mean=2.048+0.520j | min=-2.681+0.057j | max=2.273+3.068j
梯度监控 | raw=0.5774 | natural=0.0092 | clipped=0.0092(上限20.0)
Ψ矩阵条件数 cond(Ψ) = 8.89e+00
Loss=0.096879 | E0=-0.49927843-0.00000018j | E1=-0.49619353+0.00000066j|E2=0.18193276+0.00000035j|E3=0.91041875-0.00000082j
#-----------------------------------------#
[Step 195] logΨ: mean=2.060+0.530j | min=1.639-3.124j | max=2.273+3.068j
梯度监控 | raw=0.0000 | natural=0.0001 | clipped=0.0001(上限20.0)
Ψ矩阵条件数 cond(Ψ) = 1.16e+01
Loss=0.093795 | E0=-0.49927875-0.00000065j | E1=-0.49927828+0.00000006j|E2=0.18193272-0.00000019j|E3=0.91041958+0.00000060j
#-----------------------------------------#
[Step 196] logΨ: mean=2.051+0.365j | min=1.639-3.124j | max=2.273+3.068j
梯度监控 | raw=0.0000 | natural=0.0001 | clipped=0.0001(上限20.0)
Ψ矩阵条件数 cond(Ψ) = 1.16e+01
Loss=0.093795 | E0=-0.49927887+0.00000108j | E1=-0.49927855+0.00000017j|E2=0.18193261-0.00000022j|E3=0.91041946-0.00000052j
#-----------------------------------------#
[Step 197] logΨ: mean=2.053+0.427j | min=-2.298+0.083j | max=2.273+3.068j
梯度监控 | raw=0.2551 | natural=0.0033 | clipped=0.0033(上限20.0)
Ψ矩阵条件数 cond(Ψ) = 1.16e+01
Loss=0.094705 | E0=-0.49927923-0.00000026j | E1=-0.49927813+0.00000000j|E2=0.18284276-0.00000055j|E3=0.91042078+0.00000023j
#-----------------------------------------#
[Step 198] logΨ: mean=2.054+0.352j | min=1.639-3.124j | max=2.273+3.068j
梯度监控 | raw=0.0000 | natural=0.0000 | clipped=0.0000(上限20.0)
Ψ矩阵条件数 cond(Ψ) = 8.88e+00
Loss=0.093795 | E0=-0.49927929+0.00000022j | E1=-0.49927866+0.00000006j|E2=0.18193209-0.00000061j|E3=0.91042101+0.00000028j
#-----------------------------------------#
[Step 199] logΨ: mean=2.048+0.316j | min=1.639-3.124j | max=2.273+3.068j
梯度监控 | raw=0.0000 | natural=0.0000 | clipped=0.0000(上限20.0)
Ψ矩阵条件数 cond(Ψ) = 1.16e+01
Loss=0.093795 | E0=-0.49927852+0.00000024j | E1=-0.49927825-0.00000009j|E2=0.18193269-0.00000057j|E3=0.91041851+0.00000027j
#-----------------------------------------#
[Step 200] logΨ: mean=2.054+0.393j | min=1.639-3.123j | max=2.273+3.068j
梯度监控 | raw=0.0000 | natural=0.0001 | clipped=0.0001(上限20.0)
Ψ矩阵条件数 cond(Ψ) = 1.16e+01
Loss=0.093795 | E0=-0.49927855+0.00000016j | E1=-0.49927738-0.00000129j|E2=0.18193275+0.00000072j|E3=0.91041756+0.00000127j
#-----------------------------------------#
[Step 201] logΨ: mean=2.057+0.345j | min=1.639-3.123j | max=2.273+3.068j
梯度监控 | raw=0.0000 | natural=0.0000 | clipped=0.0000(上限20.0)
Ψ矩阵条件数 cond(Ψ) = 1.16e+01
Loss=0.093795 | E0=-0.49927813+0.00000010j | E1=-0.49927759-0.00000061j|E2=0.18193202+0.00000047j|E3=0.91041827-0.00000042j
#-----------------------------------------#
[Step 202] logΨ: mean=2.048+0.343j | min=-2.169-3.065j | max=2.273+3.068j
梯度监控 | raw=0.2344 | natural=0.0026 | clipped=0.0026(上限20.0)
Ψ矩阵条件数 cond(Ψ) = 8.88e+00
Loss=0.094478 | E0=-0.49927852-0.00000000j | E1=-0.49927759+0.00000009j|E2=0.18261497+0.00000022j|E3=0.91041946-0.00000063j
#-----------------------------------------#
[Step 203] logΨ: mean=2.063+0.514j | min=1.639-3.123j | max=2.273+3.068j
梯度监控 | raw=0.0000 | natural=0.0000 | clipped=0.0000(上限20.0)
Ψ矩阵条件数 cond(Ψ) = 8.88e+00
Loss=0.093795 | E0=-0.49927869+0.00000008j | E1=-0.49927762-0.00000042j|E2=0.18193214+0.00000045j|E3=0.91041887+0.00000044j
#-----------------------------------------#
[Step 204] logΨ: mean=2.056+0.385j | min=1.639-3.123j | max=2.273+3.068j
梯度监控 | raw=0.0000 | natural=0.0000 | clipped=0.0000(上限20.0)
Ψ矩阵条件数 cond(Ψ) = 8.88e+00
Loss=0.093795 | E0=-0.49927902+0.00000122j | E1=-0.49927863-0.00000005j|E2=0.18193199-0.00000018j|E3=0.91042006-0.00000089j
#-----------------------------------------#
[Step 205] logΨ: mean=2.056+0.400j | min=1.639-3.123j | max=2.273+3.068j
梯度监控 | raw=0.0000 | natural=0.0000 | clipped=0.0000(上限20.0)
Ψ矩阵条件数 cond(Ψ) = 1.16e+01
Loss=0.093795 | E0=-0.49927858-0.00000009j | E1=-0.49927816-0.00000022j|E2=0.18193239+0.00000010j|E3=0.91042006+0.00000124j
#-----------------------------------------#
[Step 206] logΨ: mean=2.064+0.448j | min=1.639-3.123j | max=2.273+3.068j
梯度监控 | raw=0.0000 | natural=0.0000 | clipped=0.0000(上限20.0)
Ψ矩阵条件数 cond(Ψ) = 8.93e+00
Loss=0.093795 | E0=-0.49927840-0.00000011j | E1=-0.49927798-0.00000051j|E2=0.18193296+0.00000049j|E3=0.91041863-0.00000022j
#-----------------------------------------#
[Step 207] logΨ: mean=2.054+0.465j | min=-2.928+2.988j | max=2.272+3.068j
梯度监控 | raw=0.1952 | natural=0.0060 | clipped=0.0060(上限20.0)
Ψ矩阵条件数 cond(Ψ) = 1.16e+01
Loss=0.094236 | E0=-0.49927813+0.00000044j | E1=-0.49883881-0.00000134j|E2=0.18193282-0.00000044j|E3=0.91042006+0.00000054j
#-----------------------------------------#
[Step 208] logΨ: mean=2.042+0.308j | min=1.638-3.124j | max=2.272+3.068j
梯度监控 | raw=0.0000 | natural=0.0000 | clipped=0.0000(上限20.0)
Ψ矩阵条件数 cond(Ψ) = 8.94e+00
Loss=0.093795 | E0=-0.49927831-0.00000002j | E1=-0.49927774+0.00000116j|E2=0.18193182+0.00000030j|E3=0.91041934-0.00000049j
#-----------------------------------------#
[Step 209] logΨ: mean=2.056+0.425j | min=1.638-3.124j | max=2.272+3.068j
梯度监控 | raw=0.0000 | natural=0.0000 | clipped=0.0000(上限20.0)
Ψ矩阵条件数 cond(Ψ) = 1.16e+01
Loss=0.093795 | E0=-0.49927819-0.00000006j | E1=-0.49927706-0.00000035j|E2=0.18193245+0.00000082j|E3=0.91041803-0.00000053j
#-----------------------------------------#
[Step 210] logΨ: mean=2.057+0.484j | min=-2.223-3.082j | max=2.272+3.068j
梯度监控 | raw=0.1648 | natural=0.0025 | clipped=0.0025(上限20.0)
Ψ矩阵条件数 cond(Ψ) = 1.16e+01
Loss=0.094250 | E0=-0.49927860+0.00000114j | E1=-0.49927846-0.00000012j|E2=0.18238759+0.00000001j|E3=0.91042137-0.00000152j
#-----------------------------------------#
[Step 211] logΨ: mean=2.054+0.484j | min=-2.695+0.075j | max=2.272+3.067j
梯度监控 | raw=0.5739 | natural=0.0090 | clipped=0.0090(上限20.0)
Ψ矩阵条件数 cond(Ψ) = 1.16e+01
Loss=0.096879 | E0=-0.49927944-0.00000021j | E1=-0.49619502+0.00000012j|E2=0.18193248-0.00000034j|E3=0.91042042-0.00000020j
#-----------------------------------------#
[Step 212] logΨ: mean=2.056+0.455j | min=1.637-3.124j | max=2.272+3.067j
梯度监控 | raw=0.0000 | natural=0.0000 | clipped=0.0000(上限20.0)
Ψ矩阵条件数 cond(Ψ) = 8.89e+00
Loss=0.093795 | E0=-0.49927977+0.00000015j | E1=-0.49927807+0.00000015j|E2=0.18193294-0.00000050j|E3=0.91041982-0.00000024j
#-----------------------------------------#
[Step 213] logΨ: mean=2.045+0.368j | min=-2.847-3.066j | max=2.271+3.067j
梯度监控 | raw=0.2877 | natural=0.0077 | clipped=0.0077(上限20.0)
Ψ矩阵条件数 cond(Ψ) = 1.16e+01
Loss=0.095117 | E0=-0.49927884+0.00000026j | E1=-0.49795574+0.00000043j|E2=0.18193184-0.00000028j|E3=0.91041863-0.00000086j
#-----------------------------------------#
[Step 214] logΨ: mean=2.050+0.445j | min=-2.961+2.925j | max=2.270+3.067j
梯度监控 | raw=0.2154 | natural=0.0069 | clipped=0.0069(上限20.0)
Ψ矩阵条件数 cond(Ψ) = 8.94e+00
Loss=0.094463 | E0=-0.49927783-0.00000089j | E1=-0.49883893+0.00000168j|E2=0.18215986-0.00000023j|E3=0.91041934-0.00000101j
#-----------------------------------------#
[Step 215] logΨ: mean=2.048+0.371j | min=1.636-3.125j | max=2.270+3.067j
梯度监控 | raw=0.0000 | natural=0.0000 | clipped=0.0000(上限20.0)
Ψ矩阵条件数 cond(Ψ) = 1.16e+01
Loss=0.093795 | E0=-0.49927837+0.00000025j | E1=-0.49927813-0.00000009j|E2=0.18193278+0.00000042j|E3=0.91041887-0.00000022j
#-----------------------------------------#
[Step 216] logΨ: mean=2.057+0.521j | min=-2.199-3.090j | max=2.270+3.067j
梯度监控 | raw=0.0721 | natural=0.0029 | clipped=0.0029(上限20.0)
Ψ矩阵条件数 cond(Ψ) = 8.89e+00
Loss=0.094023 | E0=-0.49927831-0.00000012j | E1=-0.49927747+0.00000016j|E2=0.18215974+0.00000035j|E3=0.91041851-0.00000009j
#-----------------------------------------#
[Step 217] logΨ: mean=2.047+0.399j | min=1.636-3.125j | max=2.270+3.067j
梯度监控 | raw=0.0000 | natural=0.0000 | clipped=0.0000(上限20.0)
Ψ矩阵条件数 cond(Ψ) = 1.16e+01
Loss=0.093795 | E0=-0.49927902-0.00000051j | E1=-0.49927825-0.00000006j|E2=0.18193302+0.00000027j|E3=0.91041994+0.00000017j
#-----------------------------------------#
[Step 218] logΨ: mean=2.058+0.490j | min=1.636-3.125j | max=2.270+3.067j
梯度监控 | raw=0.0000 | natural=0.0000 | clipped=0.0000(上限20.0)
Ψ矩阵条件数 cond(Ψ) = 1.16e+01
Loss=0.093795 | E0=-0.49927843+0.00000002j | E1=-0.49927765-0.00000063j|E2=0.18193269-0.00000044j|E3=0.91041756+0.00000060j
#-----------------------------------------#
[Step 219] logΨ: mean=2.056+0.525j | min=1.636-3.125j | max=2.270+3.067j
梯度监控 | raw=0.0000 | natural=0.0000 | clipped=0.0000(上限20.0)
Ψ矩阵条件数 cond(Ψ) = 8.94e+00
Loss=0.093795 | E0=-0.49927843+0.00000014j | E1=-0.49927819-0.00000095j|E2=0.18193302+0.00000055j|E3=0.91041899+0.00000014j
#-----------------------------------------#
[Step 220] logΨ: mean=2.059+0.521j | min=-2.274+0.052j | max=2.270+3.067j
梯度监控 | raw=0.0777 | natural=0.0026 | clipped=0.0026(上限20.0)
Ψ矩阵条件数 cond(Ψ) = 1.16e+01
Loss=0.094022 | E0=-0.49927866-0.00000003j | E1=-0.49927711+0.00000109j|E2=0.18216035+0.00000037j|E3=0.91041744-0.00000048j
#-----------------------------------------#
[Step 221] logΨ: mean=2.049+0.517j | min=-2.349-3.090j | max=2.271+3.067j
梯度监控 | raw=0.1968 | natural=0.0032 | clipped=0.0032(上限20.0)
Ψ矩阵条件数 cond(Ψ) = 8.89e+00
Loss=0.094478 | E0=-0.49927938+0.00000057j | E1=-0.49927855+0.00000003j|E2=0.18261491-0.00000059j|E3=0.91042042-0.00000016j
#-----------------------------------------#
[Step 222] logΨ: mean=2.054+0.419j | min=1.636-3.124j | max=2.271+3.067j
梯度监控 | raw=0.0000 | natural=0.0000 | clipped=0.0000(上限20.0)
Ψ矩阵条件数 cond(Ψ) = 1.16e+01
Loss=0.093795 | E0=-0.49927881+0.00000012j | E1=-0.49927822-0.00000011j|E2=0.18193294-0.00000052j|E3=0.91041887+0.00000143j
#-----------------------------------------#
[Step 223] logΨ: mean=2.054+0.466j | min=1.636-3.124j | max=2.271+3.067j
梯度监控 | raw=0.0000 | natural=0.0000 | clipped=0.0000(上限20.0)
Ψ矩阵条件数 cond(Ψ) = 1.16e+01
Loss=0.093795 | E0=-0.49927816-0.00000018j | E1=-0.49927774-0.00000027j|E2=0.18193264+0.00000043j|E3=0.91041934+0.00000039j
#-----------------------------------------#
[Step 224] logΨ: mean=2.055+0.388j | min=-2.186+0.076j | max=2.271+3.067j
梯度监控 | raw=0.0794 | natural=0.0026 | clipped=0.0026(上限20.0)
Ψ矩阵条件数 cond(Ψ) = 8.94e+00
Loss=0.094022 | E0=-0.49927846+0.00000009j | E1=-0.49927801-0.00000122j|E2=0.18216005+0.00000028j|E3=0.91041923+0.00000061j
#-----------------------------------------#
[Step 225] logΨ: mean=2.046+0.375j | min=1.636-3.124j | max=2.271+3.067j
梯度监控 | raw=0.0000 | natural=0.0000 | clipped=0.0000(上限20.0)
Ψ矩阵条件数 cond(Ψ) = 1.16e+01
Loss=0.093795 | E0=-0.49927884-0.00000045j | E1=-0.49927834+0.00000013j|E2=0.18193266-0.00000001j|E3=0.91041923+0.00000021j
#-----------------------------------------#
[Step 226] logΨ: mean=2.055+0.436j | min=-3.080-0.144j | max=2.270+3.067j
梯度监控 | raw=0.2449 | natural=0.0060 | clipped=0.0060(上限20.0)
Ψ矩阵条件数 cond(Ψ) = 8.89e+00
Loss=0.094463 | E0=-0.49927837+0.00000105j | E1=-0.49883762-0.00000149j|E2=0.18216027+0.00000006j|E3=0.91041815+0.00000037j
#-----------------------------------------#
[Step 227] logΨ: mean=2.045+0.336j | min=1.635-3.125j | max=2.270+3.067j
梯度监控 | raw=0.0000 | natural=0.0000 | clipped=0.0000(上限20.0)
Ψ矩阵条件数 cond(Ψ) = 8.89e+00
Loss=0.093795 | E0=-0.49927852+0.00000066j | E1=-0.49927828-0.00000014j|E2=0.18193221-0.00000012j|E3=0.91041934-0.00000110j
#-----------------------------------------#
[Step 228] logΨ: mean=2.059+0.419j | min=1.635-3.125j | max=2.270+3.067j
梯度监控 | raw=0.0000 | natural=0.0000 | clipped=0.0000(上限20.0)
Ψ矩阵条件数 cond(Ψ) = 1.16e+01
Loss=0.093795 | E0=-0.49927863+0.00000095j | E1=-0.49927822-0.00000001j|E2=0.18193199+0.00000003j|E3=0.91041958-0.00000120j
#-----------------------------------------#
[Step 229] logΨ: mean=2.049+0.354j | min=1.635-3.125j | max=2.270+3.067j
梯度监控 | raw=0.0000 | natural=0.0000 | clipped=0.0000(上限20.0)
Ψ矩阵条件数 cond(Ψ) = 1.16e+01
Loss=0.093795 | E0=-0.49927890-0.00000004j | E1=-0.49927837-0.00000018j|E2=0.18193272-0.00000028j|E3=0.91042018+0.00000022j
#-----------------------------------------#
[Step 230] logΨ: mean=2.044+0.378j | min=1.635-3.125j | max=2.270+3.067j
梯度监控 | raw=0.0000 | natural=0.0000 | clipped=0.0000(上限20.0)
Ψ矩阵条件数 cond(Ψ) = 8.89e+00
Loss=0.093795 | E0=-0.49927837-0.00000131j | E1=-0.49927837-0.00000024j|E2=0.18193306+0.00000055j|E3=0.91041863+0.00000103j
#-----------------------------------------#
[Step 231] logΨ: mean=2.057+0.462j | min=1.635-3.125j | max=2.270+3.067j
梯度监控 | raw=0.0000 | natural=0.0000 | clipped=0.0000(上限20.0)
Ψ矩阵条件数 cond(Ψ) = 8.95e+00
Loss=0.093795 | E0=-0.49927855-0.00000008j | E1=-0.49927720-0.00000049j|E2=0.18193312-0.00000044j|E3=0.91041780+0.00000074j
#-----------------------------------------#
[Step 232] logΨ: mean=2.047+0.423j | min=-3.232-0.144j | max=2.269+3.066j
梯度监控 | raw=0.2633 | natural=0.0044 | clipped=0.0044(上限20.0)
Ψ矩阵条件数 cond(Ψ) = 1.16e+01
Loss=0.094235 | E0=-0.49927783+0.00000132j | E1=-0.49883905-0.00000140j|E2=0.18193193-0.00000021j|E3=0.91041958-0.00000009j
#-----------------------------------------#
[Step 233] logΨ: mean=2.045+0.493j | min=-2.626-3.023j | max=2.268+3.066j
梯度监控 | raw=0.5031 | natural=0.0090 | clipped=0.0090(上限20.0)
Ψ矩阵条件数 cond(Ψ) = 8.89e+00
Loss=0.096438 | E0=-0.49927860-0.00000028j | E1=-0.49663535-0.00000029j|E2=0.18193275+0.00000023j|E3=0.91041911-0.00000003j
#-----------------------------------------#
[Step 234] logΨ: mean=2.053+0.515j | min=-2.140+0.088j | max=2.269+3.066j
梯度监控 | raw=0.0757 | natural=0.0027 | clipped=0.0027(上限20.0)
Ψ矩阵条件数 cond(Ψ) = 8.95e+00
Loss=0.094022 | E0=-0.49927837-0.00000020j | E1=-0.49927819-0.00000134j|E2=0.18216059+0.00000034j|E3=0.91041887+0.00000042j
#-----------------------------------------#
[Step 235] logΨ: mean=2.051+0.405j | min=-2.939-0.025j | max=2.269+3.066j
梯度监控 | raw=0.2468 | natural=0.0066 | clipped=0.0066(上限20.0)
Ψ矩阵条件数 cond(Ψ) = 1.16e+01
Loss=0.094463 | E0=-0.49927890+0.00000030j | E1=-0.49883759-0.00000029j|E2=0.18216015+0.00000017j|E3=0.91041958-0.00000024j
#-----------------------------------------#
[Step 236] logΨ: mean=2.055+0.450j | min=1.634-3.125j | max=2.269+3.066j
梯度监控 | raw=0.0000 | natural=0.0000 | clipped=0.0000(上限20.0)
Ψ矩阵条件数 cond(Ψ) = 1.16e+01
Loss=0.093795 | E0=-0.49927962+0.00000128j | E1=-0.49927852-0.00000003j|E2=0.18193212-0.00000008j|E3=0.91042066-0.00000120j
#-----------------------------------------#
[Step 237] logΨ: mean=2.053+0.409j | min=1.634-3.125j | max=2.269+3.066j
梯度监控 | raw=0.0000 | natural=0.0000 | clipped=0.0000(上限20.0)
Ψ矩阵条件数 cond(Ψ) = 8.89e+00
Loss=0.093795 | E0=-0.49927846+0.00000008j | E1=-0.49927816-0.00000063j|E2=0.18193293+0.00000025j|E3=0.91041911+0.00000051j
#-----------------------------------------#
[Step 238] logΨ: mean=2.042+0.250j | min=-2.291+0.087j | max=2.269+3.066j
梯度监控 | raw=0.0879 | natural=0.0023 | clipped=0.0023(上限20.0)
Ψ矩阵条件数 cond(Ψ) = 8.89e+00
Loss=0.094023 | E0=-0.49927837-0.00000009j | E1=-0.49927792-0.00000069j|E2=0.18215986-0.00000008j|E3=0.91041911+0.00000061j
#-----------------------------------------#
[Step 239] logΨ: mean=2.047+0.430j | min=-2.366+0.087j | max=2.269+3.066j
梯度监控 | raw=0.0948 | natural=0.0021 | clipped=0.0021(上限20.0)
Ψ矩阵条件数 cond(Ψ) = 8.89e+00
Loss=0.094023 | E0=-0.49927878+0.00000032j | E1=-0.49927831-0.00000027j|E2=0.18215998-0.00000004j|E3=0.91042018+0.00000056j
#-----------------------------------------#
[Step 240] logΨ: mean=2.051+0.382j | min=1.634-3.125j | max=2.269+3.066j
梯度监控 | raw=0.0000 | natural=0.0000 | clipped=0.0000(上限20.0)
Ψ矩阵条件数 cond(Ψ) = 8.95e+00
Loss=0.093795 | E0=-0.49927840+0.00000076j | E1=-0.49927831+0.00000002j|E2=0.18193211-0.00000005j|E3=0.91041934-0.00000116j
#-----------------------------------------#
[Step 241] logΨ: mean=2.056+0.421j | min=1.634-3.125j | max=2.269+3.066j
梯度监控 | raw=0.0000 | natural=0.0000 | clipped=0.0000(上限20.0)
Ψ矩阵条件数 cond(Ψ) = 1.16e+01
Loss=0.093795 | E0=-0.49927852+0.00000010j | E1=-0.49927717-0.00000006j|E2=0.18193275+0.00000056j|E3=0.91041708+0.00000004j
#-----------------------------------------#
[Step 242] logΨ: mean=2.054+0.425j | min=1.634-3.125j | max=2.269+3.066j
梯度监控 | raw=0.0000 | natural=0.0000 | clipped=0.0000(上限20.0)
Ψ矩阵条件数 cond(Ψ) = 1.16e+01
Loss=0.093795 | E0=-0.49927860+0.00000033j | E1=-0.49927783+0.00000003j|E2=0.18193240+0.00000034j|E3=0.91041958-0.00000066j
#-----------------------------------------#
[Step 243] logΨ: mean=2.051+0.379j | min=1.634-3.125j | max=2.269+3.066j
梯度监控 | raw=0.0000 | natural=0.0000 | clipped=0.0000(上限20.0)
Ψ矩阵条件数 cond(Ψ) = 8.95e+00
Loss=0.093795 | E0=-0.49927908+0.00000090j | E1=-0.49927837-0.00000003j|E2=0.18193255+0.00000020j|E3=0.91041934-0.00000126j
#-----------------------------------------#
[Step 244] logΨ: mean=2.066+0.462j | min=1.634-3.125j | max=2.269+3.066j
梯度监控 | raw=0.0000 | natural=0.0000 | clipped=0.0000(上限20.0)
Ψ矩阵条件数 cond(Ψ) = 1.16e+01
Loss=0.093795 | E0=-0.49927834+0.00000011j | E1=-0.49927831+0.00000054j|E2=0.18193267+0.00000026j|E3=0.91041839-0.00000008j
#-----------------------------------------#
[Step 245] logΨ: mean=2.054+0.387j | min=-3.063+0.007j | max=2.269+3.066j
梯度监控 | raw=0.3496 | natural=0.0057 | clipped=0.0057(上限20.0)
Ψ矩阵条件数 cond(Ψ) = 1.16e+01
Loss=0.094691 | E0=-0.49927831+0.00000083j | E1=-0.49883828-0.00000072j|E2=0.18238744-0.00000029j|E3=0.91042030-0.00000016j
#-----------------------------------------#
[Step 246] logΨ: mean=2.055+0.474j | min=1.634-3.126j | max=2.269+3.066j
梯度监控 | raw=0.0000 | natural=0.0000 | clipped=0.0000(上限20.0)
Ψ矩阵条件数 cond(Ψ) = 8.94e+00
Loss=0.093795 | E0=-0.49927881+0.00000004j | E1=-0.49927807-0.00000073j|E2=0.18193340-0.00000022j|E3=0.91041851+0.00000100j
#-----------------------------------------#
[Step 247] logΨ: mean=2.044+0.362j | min=1.634-3.126j | max=2.269+3.066j
梯度监控 | raw=0.0000 | natural=0.0000 | clipped=0.0000(上限20.0)
Ψ矩阵条件数 cond(Ψ) = 1.16e+01
Loss=0.093795 | E0=-0.49927872+0.00000070j | E1=-0.49927843+0.00000004j|E2=0.18193243-0.00000019j|E3=0.91042006-0.00000054j
#-----------------------------------------#
[Step 248] logΨ: mean=2.056+0.452j | min=1.634-3.126j | max=2.269+3.066j
梯度监控 | raw=0.0000 | natural=0.0000 | clipped=0.0000(上限20.0)
Ψ矩阵条件数 cond(Ψ) = 1.16e+01
Loss=0.093795 | E0=-0.49927849-0.00000033j | E1=-0.49927813+0.00000013j|E2=0.18193237+0.00000045j|E3=0.91041851-0.00000051j
#-----------------------------------------#
[Step 249] logΨ: mean=2.050+0.414j | min=1.634-3.126j | max=2.269+3.066j
梯度监控 | raw=0.0000 | natural=0.0000 | clipped=0.0000(上限20.0)
Ψ矩阵条件数 cond(Ψ) = 1.16e+01
Loss=0.093795 | E0=-0.49927878+0.00000113j | E1=-0.49927840-0.00000006j|E2=0.18193191+0.00000005j|E3=0.91042006-0.00000021j
#-----------------------------------------#
[Step 250] logΨ: mean=2.053+0.412j | min=1.634-3.126j | max=2.269+3.066j
梯度监控 | raw=0.0000 | natural=0.0000 | clipped=0.0000(上限20.0)
Ψ矩阵条件数 cond(Ψ) = 1.16e+01
Loss=0.093795 | E0=-0.49927855-0.00000002j | E1=-0.49927819-0.00000016j|E2=0.18193243-0.00000017j|E3=0.91041911+0.00000077j
#-----------------------------------------#
[Step 251] logΨ: mean=2.048+0.389j | min=-3.214-3.134j | max=2.269+3.066j
梯度监控 | raw=0.2825 | natural=0.0041 | clipped=0.0041(上限20.0)
Ψ矩阵条件数 cond(Ψ) = 1.16e+01
Loss=0.094236 | E0=-0.49927849+0.00000008j | E1=-0.49883837+0.00000019j|E2=0.18193236+0.00000023j|E3=0.91041970-0.00000089j
#-----------------------------------------#
[Step 252] logΨ: mean=2.053+0.388j | min=1.634-3.125j | max=2.269+3.066j
梯度监控 | raw=0.0000 | natural=0.0000 | clipped=0.0000(上限20.0)
Ψ矩阵条件数 cond(Ψ) = 1.16e+01
Loss=0.093795 | E0=-0.49927810-0.00000015j | E1=-0.49927747-0.00000075j|E2=0.18193287+0.00000022j|E3=0.91041815+0.00000061j
#-----------------------------------------#
[Step 253] logΨ: mean=2.055+0.386j | min=1.634-3.125j | max=2.269+3.066j
梯度监控 | raw=0.0000 | natural=0.0000 | clipped=0.0000(上限20.0)
Ψ矩阵条件数 cond(Ψ) = 1.16e+01
Loss=0.093795 | E0=-0.49927858+0.00000063j | E1=-0.49927807-0.00000048j|E2=0.18193296+0.00000021j|E3=0.91041923+0.00000032j
#-----------------------------------------#
[Step 254] logΨ: mean=2.053+0.464j | min=1.634-3.125j | max=2.269+3.066j
梯度监控 | raw=0.0000 | natural=0.0000 | clipped=0.0000(上限20.0)
Ψ矩阵条件数 cond(Ψ) = 1.16e+01
Loss=0.093795 | E0=-0.49927860-0.00000008j | E1=-0.49927860+0.00000005j|E2=0.18193261-0.00000013j|E3=0.91041946-0.00000039j
#-----------------------------------------#
[Step 255] logΨ: mean=2.046+0.395j | min=-2.447-3.078j | max=2.269+3.066j
梯度监控 | raw=0.0920 | natural=0.0022 | clipped=0.0022(上限20.0)
Ψ矩阵条件数 cond(Ψ) = 1.16e+01
Loss=0.094022 | E0=-0.49927846+0.00000025j | E1=-0.49927798-0.00000033j|E2=0.18216041+0.00000004j|E3=0.91041958+0.00000029j
#-----------------------------------------#
[Step 256] logΨ: mean=2.060+0.448j | min=-3.495+3.061j | max=2.268+3.066j
梯度监控 | raw=0.3417 | natural=0.0034 | clipped=0.0034(上限20.0)
Ψ矩阵条件数 cond(Ψ) = 1.16e+01
Loss=0.094236 | E0=-0.49927738+0.00000080j | E1=-0.49884015-0.00000079j|E2=0.18193310-0.00000061j|E3=0.91042030+0.00000041j
#-----------------------------------------#
[Step 257] logΨ: mean=2.044+0.438j | min=1.633-3.126j | max=2.268+3.066j
梯度监控 | raw=0.0000 | natural=0.0000 | clipped=0.0000(上限20.0)
Ψ矩阵条件数 cond(Ψ) = 8.95e+00
Loss=0.093795 | E0=-0.49927798-0.00000012j | E1=-0.49927789+0.00000020j|E2=0.18193220+0.00000068j|E3=0.91041911-0.00000058j
#-----------------------------------------#
[Step 258] logΨ: mean=2.046+0.392j | min=1.633-3.126j | max=2.268+3.066j
梯度监控 | raw=0.0000 | natural=0.0000 | clipped=0.0000(上限20.0)
Ψ矩阵条件数 cond(Ψ) = 1.16e+01
Loss=0.093795 | E0=-0.49927837+0.00000001j | E1=-0.49927726-0.00000054j|E2=0.18193217+0.00000066j|E3=0.91041791-0.00000058j
#-----------------------------------------#
[Step 259] logΨ: mean=2.051+0.411j | min=1.633-3.126j | max=2.268+3.066j
梯度监控 | raw=0.0000 | natural=0.0000 | clipped=0.0000(上限20.0)
Ψ矩阵条件数 cond(Ψ) = 1.16e+01
Loss=0.093795 | E0=-0.49927866-0.00000069j | E1=-0.49927837-0.00000009j|E2=0.18193276+0.00000055j|E3=0.91041887-0.00000035j
#-----------------------------------------#
[Step 260] logΨ: mean=2.047+0.427j | min=1.633-3.126j | max=2.268+3.066j
梯度监控 | raw=0.0000 | natural=0.0001 | clipped=0.0001(上限20.0)
Ψ矩阵条件数 cond(Ψ) = 1.16e+01
Loss=0.093795 | E0=-0.49927843-0.00000027j | E1=-0.49927816+0.00000033j|E2=0.18193275+0.00000047j|E3=0.91041851+0.00000027j
#-----------------------------------------#
[Step 261] logΨ: mean=2.058+0.423j | min=1.633-3.126j | max=2.268+3.066j
梯度监控 | raw=0.0000 | natural=0.0000 | clipped=0.0000(上限20.0)
Ψ矩阵条件数 cond(Ψ) = 1.16e+01
Loss=0.093795 | E0=-0.49927884-0.00000011j | E1=-0.49927747-0.00000010j|E2=0.18193240+0.00000027j|E3=0.91041839-0.00000046j
#-----------------------------------------#
[Step 262] logΨ: mean=2.050+0.409j | min=1.633-3.126j | max=2.268+3.066j
梯度监控 | raw=0.0000 | natural=0.0000 | clipped=0.0000(上限20.0)
Ψ矩阵条件数 cond(Ψ) = 1.16e+01
Loss=0.093795 | E0=-0.49927941+0.00000169j | E1=-0.49927837+0.00000013j|E2=0.18193242-0.00000045j|E3=0.91042066-0.00000051j
#-----------------------------------------#
[Step 263] logΨ: mean=2.053+0.299j | min=1.633-3.126j | max=2.268+3.066j
梯度监控 | raw=0.0000 | natural=0.0000 | clipped=0.0000(上限20.0)
Ψ矩阵条件数 cond(Ψ) = 1.16e+01
Loss=0.093795 | E0=-0.49927929+0.00000061j | E1=-0.49927822+0.00000008j|E2=0.18193258-0.00000007j|E3=0.91042018-0.00000047j
#-----------------------------------------#
[Step 264] logΨ: mean=2.038+0.339j | min=-2.507+0.028j | max=2.268+3.066j
梯度监控 | raw=0.0975 | natural=0.0021 | clipped=0.0021(上限20.0)
Ψ矩阵条件数 cond(Ψ) = 1.16e+01
Loss=0.094023 | E0=-0.49927849-0.00000086j | E1=-0.49927822-0.00000028j|E2=0.18216041+0.00000032j|E3=0.91041899-0.00000015j
#-----------------------------------------#
[Step 265] logΨ: mean=2.056+0.422j | min=-2.525+0.077j | max=2.268+3.066j
梯度监控 | raw=0.0974 | natural=0.0073 | clipped=0.0073(上限20.0)
Ψ矩阵条件数 cond(Ψ) = 8.94e+00
Loss=0.094236 | E0=-0.49927929+0.00000017j | E1=-0.49883717+0.00000080j|E2=0.18193232-0.00000039j|E3=0.91041982-0.00000003j
#-----------------------------------------#
[Step 266] logΨ: mean=2.040+0.259j | min=-2.391-3.083j | max=2.268+3.066j
梯度监控 | raw=0.0869 | natural=0.0024 | clipped=0.0024(上限20.0)
Ψ矩阵条件数 cond(Ψ) = 1.16e+01
Loss=0.094023 | E0=-0.49927849-0.00000014j | E1=-0.49927726+0.00000004j|E2=0.18215977+0.00000036j|E3=0.91041887-0.00000061j
#-----------------------------------------#
[Step 267] logΨ: mean=2.054+0.415j | min=1.633-3.126j | max=2.268+3.066j
梯度监控 | raw=0.0000 | natural=0.0000 | clipped=0.0000(上限20.0)
Ψ矩阵条件数 cond(Ψ) = 1.16e+01
Loss=0.093795 | E0=-0.49928001+0.00000014j | E1=-0.49927875+0.00000015j|E2=0.18193312+0.00000025j|E3=0.91041958+0.00000008j
#-----------------------------------------#
[Step 268] logΨ: mean=2.043+0.341j | min=-2.466-3.083j | max=2.268+3.066j
梯度监控 | raw=0.0936 | natural=0.0022 | clipped=0.0022(上限20.0)
Ψ矩阵条件数 cond(Ψ) = 8.89e+00
Loss=0.094022 | E0=-0.49927953+0.00000010j | E1=-0.49927828-0.00000029j|E2=0.18216100-0.00000042j|E3=0.91041899+0.00000026j
#-----------------------------------------#
[Step 269] logΨ: mean=2.049+0.361j | min=1.633-3.125j | max=2.268+3.066j
梯度监控 | raw=0.0000 | natural=0.0000 | clipped=0.0000(上限20.0)
Ψ矩阵条件数 cond(Ψ) = 8.94e+00
Loss=0.093795 | E0=-0.49927932+0.00000066j | E1=-0.49927804-0.00000008j|E2=0.18193284-0.00000025j|E3=0.91041911-0.00000024j
#-----------------------------------------#
[Step 270] logΨ: mean=2.058+0.378j | min=-2.541-3.083j | max=2.268+3.066j
梯度监控 | raw=0.1009 | natural=0.0020 | clipped=0.0020(上限20.0)
Ψ矩阵条件数 cond(Ψ) = 1.16e+01
Loss=0.094022 | E0=-0.49927843+0.00000028j | E1=-0.49927828-0.00000069j|E2=0.18215971+0.00000035j|E3=0.91041946-0.00000001j
#-----------------------------------------#
[Step 271] logΨ: mean=2.050+0.410j | min=-2.617-3.083j | max=2.268+3.066j
梯度监控 | raw=0.1088 | natural=0.0019 | clipped=0.0019(上限20.0)
Ψ矩阵条件数 cond(Ψ) = 8.89e+00
Loss=0.094023 | E0=-0.49927893-0.00000013j | E1=-0.49927837-0.00000002j|E2=0.18216126-0.00000024j|E3=0.91041899+0.00000033j
#-----------------------------------------#
[Step 272] logΨ: mean=2.064+0.461j | min=1.633-3.125j | max=2.268+3.066j
梯度监控 | raw=0.0000 | natural=0.0000 | clipped=0.0000(上限20.0)
Ψ矩阵条件数 cond(Ψ) = 1.16e+01
Loss=0.093795 | E0=-0.49927855+0.00000031j | E1=-0.49927840-0.00000039j|E2=0.18193284+0.00000030j|E3=0.91042030-0.00000015j
#-----------------------------------------#
[Step 273] logΨ: mean=2.053+0.352j | min=1.633-3.125j | max=2.268+3.066j
梯度监控 | raw=0.0000 | natural=0.0000 | clipped=0.0000(上限20.0)
Ψ矩阵条件数 cond(Ψ) = 8.89e+00
Loss=0.093795 | E0=-0.49927884+0.00000033j | E1=-0.49927849-0.00000009j|E2=0.18193261+0.00000015j|E3=0.91041958+0.00000001j
#-----------------------------------------#
[Step 274] logΨ: mean=2.060+0.488j | min=1.633-3.125j | max=2.268+3.066j
梯度监控 | raw=0.0000 | natural=0.0000 | clipped=0.0000(上限20.0)
Ψ矩阵条件数 cond(Ψ) = 1.16e+01
Loss=0.093795 | E0=-0.49927884+0.00000002j | E1=-0.49927878-0.00000044j|E2=0.18193302+0.00000007j|E3=0.91041899-0.00000045j
#-----------------------------------------#
[Step 275] logΨ: mean=2.052+0.421j | min=1.633-3.125j | max=2.268+3.066j
梯度监控 | raw=0.0000 | natural=0.0000 | clipped=0.0000(上限20.0)
Ψ矩阵条件数 cond(Ψ) = 1.16e+01
Loss=0.093795 | E0=-0.49927890-0.00000025j | E1=-0.49927807+0.00000015j|E2=0.18193297+0.00000038j|E3=0.91041863-0.00000054j
#-----------------------------------------#
[Step 276] logΨ: mean=2.056+0.533j | min=-3.354+0.038j | max=2.268+3.066j
梯度监控 | raw=0.3244 | natural=0.0035 | clipped=0.0035(上限20.0)
Ψ矩阵条件数 cond(Ψ) = 1.16e+01
Loss=0.094235 | E0=-0.49927714-0.00000019j | E1=-0.49884015+0.00000082j|E2=0.18193291-0.00000018j|E3=0.91042006-0.00000046j
#-----------------------------------------#
[Step 277] logΨ: mean=2.060+0.456j | min=1.633-3.125j | max=2.268+3.066j
梯度监控 | raw=0.0000 | natural=0.0000 | clipped=0.0000(上限20.0)
Ψ矩阵条件数 cond(Ψ) = 1.16e+01
Loss=0.093795 | E0=-0.49927819-0.00000006j | E1=-0.49927676-0.00000036j|E2=0.18193261+0.00000031j|E3=0.91041696-0.00000046j
#-----------------------------------------#
[Step 278] logΨ: mean=2.050+0.381j | min=-2.547-0.038j | max=2.268+3.066j
梯度监控 | raw=0.2265 | natural=0.0018 | clipped=0.0018(上限20.0)
Ψ矩阵条件数 cond(Ψ) = 1.16e+01
Loss=0.094250 | E0=-0.49927860+0.00000004j | E1=-0.49927762+0.00000027j|E2=0.18238781-0.00000009j|E3=0.91041839+0.00000064j
#-----------------------------------------#
[Step 279] logΨ: mean=2.051+0.371j | min=1.633-3.125j | max=2.268+3.066j
梯度监控 | raw=0.0000 | natural=0.0000 | clipped=0.0000(上限20.0)
Ψ矩阵条件数 cond(Ψ) = 1.16e+01
Loss=0.093795 | E0=-0.49927959-0.00000025j | E1=-0.49927834-0.00000003j|E2=0.18193321-0.00000018j|E3=0.91042054-0.00000019j
#-----------------------------------------#
[Step 280] logΨ: mean=2.060+0.396j | min=1.633-3.125j | max=2.268+3.066j
梯度监控 | raw=0.0000 | natural=0.0001 | clipped=0.0001(上限20.0)
Ψ矩阵条件数 cond(Ψ) = 8.94e+00
Loss=0.093795 | E0=-0.49927866-0.00000004j | E1=-0.49927843+0.00000101j|E2=0.18193325+0.00000065j|E3=0.91041815-0.00000062j
#-----------------------------------------#
[Step 281] logΨ: mean=2.056+0.359j | min=1.633-3.125j | max=2.268+3.066j
梯度监控 | raw=0.0000 | natural=0.0000 | clipped=0.0000(上限20.0)
Ψ矩阵条件数 cond(Ψ) = 1.16e+01
Loss=0.093795 | E0=-0.49927819-0.00000004j | E1=-0.49927717-0.00000007j|E2=0.18193278+0.00000029j|E3=0.91041768+0.00000038j
#-----------------------------------------#
[Step 282] logΨ: mean=2.055+0.401j | min=1.633-3.125j | max=2.268+3.066j
梯度监控 | raw=0.0000 | natural=0.0000 | clipped=0.0000(上限20.0)
Ψ矩阵条件数 cond(Ψ) = 8.94e+00
Loss=0.093795 | E0=-0.49927875+0.00000042j | E1=-0.49927872-0.00000013j|E2=0.18193275-0.00000017j|E3=0.91041958-0.00000050j
#-----------------------------------------#
[Step 283] logΨ: mean=2.049+0.372j | min=1.633-3.125j | max=2.268+3.066j
梯度监控 | raw=0.0000 | natural=0.0000 | clipped=0.0000(上限20.0)
Ψ矩阵条件数 cond(Ψ) = 1.16e+01
Loss=0.093795 | E0=-0.49927875+0.00000157j | E1=-0.49927834+0.00000003j|E2=0.18193203-0.00000048j|E3=0.91042030-0.00000039j
#-----------------------------------------#
[Step 284] logΨ: mean=2.044+0.308j | min=1.633-3.125j | max=2.268+3.066j
梯度监控 | raw=0.0000 | natural=0.0000 | clipped=0.0000(上限20.0)
Ψ矩阵条件数 cond(Ψ) = 1.16e+01
Loss=0.093795 | E0=-0.49927884+0.00000119j | E1=-0.49927828-0.00000007j|E2=0.18193211-0.00000026j|E3=0.91041994-0.00000094j
#-----------------------------------------#
[Step 285] logΨ: mean=2.044+0.308j | min=1.633-3.125j | max=2.268+3.066j
梯度监控 | raw=0.0000 | natural=0.0000 | clipped=0.0000(上限20.0)
Ψ矩阵条件数 cond(Ψ) = 1.16e+01
Loss=0.093795 | E0=-0.49927938+0.00000055j | E1=-0.49927828-0.00000004j|E2=0.18193199-0.00000016j|E3=0.91042089-0.00000083j
#-----------------------------------------#
[Step 286] logΨ: mean=2.057+0.474j | min=1.633-3.125j | max=2.268+3.066j
梯度监控 | raw=0.0000 | natural=0.0000 | clipped=0.0000(上限20.0)
Ψ矩阵条件数 cond(Ψ) = 1.16e+01
Loss=0.093795 | E0=-0.49927828+0.00000001j | E1=-0.49927765+0.00000020j|E2=0.18193212-0.00000014j|E3=0.91041946+0.00000054j
#-----------------------------------------#
[Step 287] logΨ: mean=2.066+0.567j | min=1.633-3.125j | max=2.268+3.066j
梯度监控 | raw=0.0000 | natural=0.0000 | clipped=0.0000(上限20.0)
Ψ矩阵条件数 cond(Ψ) = 1.16e+01
Loss=0.093795 | E0=-0.49927840-0.00000003j | E1=-0.49927729-0.00000155j|E2=0.18193278+0.00000023j|E3=0.91041851+0.00000114j
#-----------------------------------------#
[Step 288] logΨ: mean=2.052+0.450j | min=-3.486+0.054j | max=2.268+3.066j
梯度监控 | raw=0.4043 | natural=0.0040 | clipped=0.0040(上限20.0)
Ψ矩阵条件数 cond(Ψ) = 1.16e+01
Loss=0.094463 | E0=-0.49927777-0.00000135j | E1=-0.49883914+0.00000317j|E2=0.18215983-0.00000038j|E3=0.91041851-0.00000153j
#-----------------------------------------#
[Step 289] logΨ: mean=2.051+0.327j | min=-2.488-3.094j | max=2.268+3.066j
梯度监控 | raw=0.0938 | natural=0.0076 | clipped=0.0076(上限20.0)
Ψ矩阵条件数 cond(Ψ) = 8.93e+00
Loss=0.094236 | E0=-0.49927816-0.00000061j | E1=-0.49883798-0.00000124j|E2=0.18193309+0.00000044j|E3=0.91041911+0.00000126j
#-----------------------------------------#
[Step 290] logΨ: mean=2.051+0.307j | min=1.633-3.126j | max=2.268+3.066j
梯度监控 | raw=0.0000 | natural=0.0000 | clipped=0.0000(上限20.0)
Ψ矩阵条件数 cond(Ψ) = 1.16e+01
Loss=0.093795 | E0=-0.49927834+0.00000024j | E1=-0.49927798-0.00000019j|E2=0.18193276+0.00000007j|E3=0.91041875-0.00000032j
#-----------------------------------------#
[Step 291] logΨ: mean=2.051+0.278j | min=1.633-3.126j | max=2.268+3.066j
梯度监控 | raw=0.0000 | natural=0.0000 | clipped=0.0000(上限20.0)
Ψ矩阵条件数 cond(Ψ) = 8.93e+00
Loss=0.093795 | E0=-0.49927837-0.00000001j | E1=-0.49927732+0.00000016j|E2=0.18193258-0.00000013j|E3=0.91041791+0.00000063j
#-----------------------------------------#
[Step 292] logΨ: mean=2.048+0.289j | min=1.633-3.126j | max=2.268+3.066j
梯度监控 | raw=0.0000 | natural=0.0000 | clipped=0.0000(上限20.0)
Ψ矩阵条件数 cond(Ψ) = 1.16e+01
Loss=0.093795 | E0=-0.49927863-0.00000008j | E1=-0.49927706-0.00000082j|E2=0.18193258+0.00000046j|E3=0.91041780+0.00000022j
#-----------------------------------------#
[Step 293] logΨ: mean=2.040+0.222j | min=-2.604-3.121j | max=2.268+3.066j
梯度监控 | raw=0.1820 | natural=0.0024 | clipped=0.0024(上限20.0)
Ψ矩阵条件数 cond(Ψ) = 8.93e+00
Loss=0.094250 | E0=-0.49927846-0.00000009j | E1=-0.49927679-0.00000039j|E2=0.18238787-0.00000003j|E3=0.91041720+0.00000071j
#-----------------------------------------#
[Step 294] logΨ: mean=2.058+0.314j | min=1.633-3.126j | max=2.268+3.066j
梯度监控 | raw=0.0000 | natural=0.0000 | clipped=0.0000(上限20.0)
Ψ矩阵条件数 cond(Ψ) = 8.88e+00
Loss=0.093795 | E0=-0.49927878+0.00000054j | E1=-0.49927831-0.00000011j|E2=0.18193227-0.00000091j|E3=0.91041982+0.00000039j
#-----------------------------------------#
[Step 295] logΨ: mean=2.049+0.316j | min=-2.605+0.046j | max=2.268+3.066j
梯度监控 | raw=0.4361 | natural=0.0102 | clipped=0.0102(上限20.0)
Ψ矩阵条件数 cond(Ψ) = 1.16e+01
Loss=0.096438 | E0=-0.49927801-0.00000056j | E1=-0.49663612-0.00000013j|E2=0.18193334-0.00000023j|E3=0.91041923+0.00000075j
#-----------------------------------------#
[Step 296] logΨ: mean=2.043+0.280j | min=-2.388-3.066j | max=2.268+3.066j
梯度监控 | raw=0.0967 | natural=0.0021 | clipped=0.0021(上限20.0)
Ψ矩阵条件数 cond(Ψ) = 8.88e+00
Loss=0.094023 | E0=-0.49927858+0.00000017j | E1=-0.49927843-0.00000001j|E2=0.18216044+0.00000015j|E3=0.91041923-0.00000032j
#-----------------------------------------#
[Step 297] logΨ: mean=2.045+0.364j | min=1.633-3.126j | max=2.268+3.066j
梯度监控 | raw=0.0000 | natural=0.0000 | clipped=0.0000(上限20.0)
Ψ矩阵条件数 cond(Ψ) = 1.16e+01
Loss=0.093795 | E0=-0.49927855-0.00000023j | E1=-0.49927846+0.00000057j|E2=0.18193294+0.00000006j|E3=0.91041994+0.00000041j
#-----------------------------------------#
[Step 298] logΨ: mean=2.036+0.280j | min=1.633-3.126j | max=2.268+3.066j
梯度监控 | raw=0.0000 | natural=0.0000 | clipped=0.0000(上限20.0)
Ψ矩阵条件数 cond(Ψ) = 1.16e+01
Loss=0.093795 | E0=-0.49927843+0.00000003j | E1=-0.49927840+0.00000086j|E2=0.18193239-0.00000023j|E3=0.91041970-0.00000048j
#-----------------------------------------#
[Step 299] logΨ: mean=2.048+0.298j | min=1.633-3.126j | max=2.268+3.066j
梯度监控 | raw=0.0000 | natural=0.0000 | clipped=0.0000(上限20.0)
Ψ矩阵条件数 cond(Ψ) = 8.88e+00
Loss=0.093795 | E0=-0.49927860+0.00000002j | E1=-0.49927765-0.00000108j|E2=0.18193233-0.00000011j|E3=0.91041839+0.00000088j
#-----------------------------------------#
[Step 300] logΨ: mean=2.042+0.353j | min=-3.382-0.136j | max=2.267+3.065j
梯度监控 | raw=0.6464 | natural=0.0049 | clipped=0.0049(上限20.0)
Ψ矩阵条件数 cond(Ψ) = 1.16e+01
Loss=0.094904 | E0=-0.49927926-0.00000111j | E1=-0.49839595+0.00000095j|E2=0.18216059+0.00000016j|E3=0.91041768+0.00000017j
#-----------------------------------------#
[Step 301] logΨ: mean=2.046+0.307j | min=1.632-3.126j | max=2.267+3.065j
梯度监控 | raw=0.0000 | natural=0.0000 | clipped=0.0000(上限20.0)
Ψ矩阵条件数 cond(Ψ) = 8.94e+00
Loss=0.093795 | E0=-0.49927816-0.00000039j | E1=-0.49927807+0.00000037j|E2=0.18193270+0.00000002j|E3=0.91041851-0.00000019j
#-----------------------------------------#
[Step 302] logΨ: mean=2.053+0.359j | min=-2.518+0.114j | max=2.267+3.066j
梯度监控 | raw=0.0985 | natural=0.0021 | clipped=0.0021(上限20.0)
Ψ矩阵条件数 cond(Ψ) = 8.89e+00
Loss=0.094023 | E0=-0.49927846+0.00000000j | E1=-0.49927801-0.00000060j|E2=0.18216005+0.00000030j|E3=0.91041899+0.00000027j
#-----------------------------------------#
[Step 303] logΨ: mean=2.054+0.399j | min=1.632-3.126j | max=2.267+3.066j
梯度监控 | raw=0.0000 | natural=0.0001 | clipped=0.0001(上限20.0)
Ψ矩阵条件数 cond(Ψ) = 8.89e+00
Loss=0.093795 | E0=-0.49927837-0.00000113j | E1=-0.49927819+0.00000013j|E2=0.18193278+0.00000014j|E3=0.91041946+0.00000147j
#-----------------------------------------#
[Step 304] logΨ: mean=2.050+0.302j | min=1.632-3.126j | max=2.267+3.066j
梯度监控 | raw=0.0000 | natural=0.0000 | clipped=0.0000(上限20.0)
Ψ矩阵条件数 cond(Ψ) = 1.16e+01
Loss=0.093795 | E0=-0.49927846+0.00000051j | E1=-0.49927792-0.00000020j|E2=0.18193220+0.00000006j|E3=0.91041958-0.00000086j
#-----------------------------------------#
[Step 305] logΨ: mean=2.054+0.359j | min=1.632-3.126j | max=2.267+3.066j
梯度监控 | raw=0.0000 | natural=0.0000 | clipped=0.0000(上限20.0)
Ψ矩阵条件数 cond(Ψ) = 8.94e+00
Loss=0.093795 | E0=-0.49927902+0.00000040j | E1=-0.49927819+0.00000005j|E2=0.18193266-0.00000014j|E3=0.91041911+0.00000045j
#-----------------------------------------#
[Step 306] logΨ: mean=2.056+0.323j | min=1.632-3.126j | max=2.267+3.066j
梯度监控 | raw=0.0000 | natural=0.0000 | clipped=0.0000(上限20.0)
Ψ矩阵条件数 cond(Ψ) = 1.16e+01
Loss=0.093795 | E0=-0.49927923+0.00000040j | E1=-0.49927816-0.00000027j|E2=0.18193252+0.00000022j|E3=0.91041958-0.00000004j
#-----------------------------------------#
[Step 307] logΨ: mean=2.045+0.360j | min=1.632-3.126j | max=2.267+3.066j
梯度监控 | raw=0.0000 | natural=0.0000 | clipped=0.0000(上限20.0)
Ψ矩阵条件数 cond(Ψ) = 1.16e+01
Loss=0.093795 | E0=-0.49927837+0.00000045j | E1=-0.49927789-0.00000069j|E2=0.18193254-0.00000009j|E3=0.91041851+0.00000024j
#-----------------------------------------#
[Step 308] logΨ: mean=2.038+0.271j | min=1.632-3.126j | max=2.267+3.066j
梯度监控 | raw=0.0000 | natural=0.0000 | clipped=0.0000(上限20.0)
Ψ矩阵条件数 cond(Ψ) = 8.94e+00
Loss=0.093795 | E0=-0.49927884+0.00000174j | E1=-0.49927834+0.00000007j|E2=0.18193167-0.00000055j|E3=0.91042030-0.00000051j
#-----------------------------------------#
[Step 309] logΨ: mean=2.047+0.259j | min=1.632-3.126j | max=2.267+3.066j
梯度监控 | raw=0.0000 | natural=0.0000 | clipped=0.0000(上限20.0)
Ψ矩阵条件数 cond(Ψ) = 1.16e+01
Loss=0.093795 | E0=-0.49927834-0.00000003j | E1=-0.49927816-0.00000097j|E2=0.18193299+0.00000082j|E3=0.91041851+0.00000069j
#-----------------------------------------#
[Step 310] logΨ: mean=2.053+0.344j | min=1.632-3.126j | max=2.267+3.066j
梯度监控 | raw=0.0000 | natural=0.0000 | clipped=0.0000(上限20.0)
Ψ矩阵条件数 cond(Ψ) = 8.94e+00
Loss=0.093795 | E0=-0.49927953+0.00000004j | E1=-0.49927846+0.00000009j|E2=0.18193227-0.00000066j|E3=0.91042078+0.00000011j
#-----------------------------------------#
[Step 311] logΨ: mean=2.049+0.313j | min=1.632-3.126j | max=2.267+3.066j
梯度监控 | raw=0.0000 | natural=0.0000 | clipped=0.0000(上限20.0)
Ψ矩阵条件数 cond(Ψ) = 8.94e+00
Loss=0.093795 | E0=-0.49927831-0.00000004j | E1=-0.49927813+0.00000003j|E2=0.18193251-0.00000010j|E3=0.91041887+0.00000016j
#-----------------------------------------#
[Step 312] logΨ: mean=2.049+0.304j | min=1.632-3.126j | max=2.267+3.066j
梯度监控 | raw=0.0000 | natural=0.0001 | clipped=0.0001(上限20.0)
Ψ矩阵条件数 cond(Ψ) = 1.16e+01
Loss=0.093795 | E0=-0.49927863+0.00000021j | E1=-0.49927863-0.00000025j|E2=0.18193205-0.00000079j|E3=0.91041946-0.00000042j
#-----------------------------------------#
[Step 313] logΨ: mean=2.042+0.339j | min=-2.624-3.095j | max=2.267+3.065j
梯度监控 | raw=0.4733 | natural=0.0164 | clipped=0.0164(上限20.0)
Ψ矩阵条件数 cond(Ψ) = 1.15e+01
Loss=0.097106 | E0=-0.49927789+0.00000000j | E1=-0.49619547-0.00000035j|E2=0.18216121+0.00000001j|E3=0.91041899+0.00000014j
#-----------------------------------------#
[Step 314] logΨ: mean=2.039+0.302j | min=-2.597+0.046j | max=2.267+3.065j
梯度监控 | raw=0.1191 | natural=0.0017 | clipped=0.0017(上限20.0)
Ψ矩阵条件数 cond(Ψ) = 1.15e+01
Loss=0.094023 | E0=-0.49927902+0.00000130j | E1=-0.49927816+0.00000003j|E2=0.18215992-0.00000040j|E3=0.91041970-0.00000066j
#-----------------------------------------#
[Step 315] logΨ: mean=2.058+0.463j | min=-2.357+0.138j | max=2.267+3.065j
梯度监控 | raw=0.0913 | natural=0.0077 | clipped=0.0077(上限20.0)
Ψ矩阵条件数 cond(Ψ) = 8.93e+00
Loss=0.094235 | E0=-0.49927887+0.00000008j | E1=-0.49883759-0.00000043j|E2=0.18193281+0.00000001j|E3=0.91041994+0.00000075j
#-----------------------------------------#
[Step 316] logΨ: mean=2.051+0.411j | min=1.632-3.126j | max=2.267+3.065j
梯度监控 | raw=0.0000 | natural=0.0000 | clipped=0.0000(上限20.0)
Ψ矩阵条件数 cond(Ψ) = 8.93e+00
Loss=0.093795 | E0=-0.49927807-0.00000018j | E1=-0.49927783+0.00000002j|E2=0.18193248-0.00000041j|E3=0.91041911+0.00000137j
#-----------------------------------------#
[Step 317] logΨ: mean=2.052+0.376j | min=1.632-3.126j | max=2.267+3.065j
梯度监控 | raw=0.0000 | natural=0.0000 | clipped=0.0000(上限20.0)
Ψ矩阵条件数 cond(Ψ) = 1.15e+01
Loss=0.093795 | E0=-0.49927831-0.00000016j | E1=-0.49927753-0.00000035j|E2=0.18193276-0.00000001j|E3=0.91041827+0.00000022j
#-----------------------------------------#
[Step 318] logΨ: mean=2.050+0.358j | min=1.632-3.126j | max=2.267+3.065j
梯度监控 | raw=0.0000 | natural=0.0000 | clipped=0.0000(上限20.0)
Ψ矩阵条件数 cond(Ψ) = 1.15e+01
Loss=0.093795 | E0=-0.49927855+0.00000010j | E1=-0.49927777-0.00000060j|E2=0.18193254+0.00000052j|E3=0.91041899-0.00000023j
#-----------------------------------------#
[Step 319] logΨ: mean=2.043+0.329j | min=-3.243+2.941j | max=2.266+3.065j
梯度监控 | raw=0.2890 | natural=0.0051 | clipped=0.0051(上限20.0)
Ψ矩阵条件数 cond(Ψ) = 8.89e+00
Loss=0.094463 | E0=-0.49927878+0.00000026j | E1=-0.49883822-0.00000025j|E2=0.18216053-0.00000020j|E3=0.91041899+0.00000012j
#-----------------------------------------#
[Step 320] logΨ: mean=2.057+0.267j | min=-2.509-3.050j | max=2.266+3.065j
梯度监控 | raw=0.1090 | natural=0.0019 | clipped=0.0019(上限20.0)
Ψ矩阵条件数 cond(Ψ) = 1.15e+01
Loss=0.094023 | E0=-0.49927819+0.00000067j | E1=-0.49927795-0.00000072j|E2=0.18216003-0.00000001j|E3=0.91041934+0.00000052j
#-----------------------------------------#
[Step 321] logΨ: mean=2.049+0.299j | min=1.631-3.127j | max=2.266+3.065j
梯度监控 | raw=0.0000 | natural=0.0000 | clipped=0.0000(上限20.0)
Ψ矩阵条件数 cond(Ψ) = 1.15e+01
Loss=0.093795 | E0=-0.49927860+0.00000036j | E1=-0.49927822+0.00000007j|E2=0.18193246+0.00000016j|E3=0.91041911-0.00000095j
#-----------------------------------------#
[Step 322] logΨ: mean=2.050+0.356j | min=1.631-3.127j | max=2.266+3.065j
梯度监控 | raw=0.0000 | natural=0.0000 | clipped=0.0000(上限20.0)
Ψ矩阵条件数 cond(Ψ) = 1.15e+01
Loss=0.093795 | E0=-0.49927840+0.00000164j | E1=-0.49927819+0.00000012j|E2=0.18193212-0.00000007j|E3=0.91041958-0.00000110j
#-----------------------------------------#
[Step 323] logΨ: mean=2.034+0.177j | min=1.631-3.127j | max=2.266+3.065j
梯度监控 | raw=0.0000 | natural=0.0000 | clipped=0.0000(上限20.0)
Ψ矩阵条件数 cond(Ψ) = 8.89e+00
Loss=0.093795 | E0=-0.49927971-0.00000057j | E1=-0.49927843-0.00000013j|E2=0.18193305-0.00000030j|E3=0.91041994+0.00000033j
#-----------------------------------------#
[Step 324] logΨ: mean=2.052+0.223j | min=1.631-3.127j | max=2.266+3.065j
梯度监控 | raw=0.0000 | natural=0.0000 | clipped=0.0000(上限20.0)
Ψ矩阵条件数 cond(Ψ) = 8.94e+00
Loss=0.093795 | E0=-0.49927846+0.00000009j | E1=-0.49927664-0.00000046j|E2=0.18193239+0.00000006j|E3=0.91041756+0.00000009j
#-----------------------------------------#
[Step 325] logΨ: mean=2.033+0.164j | min=-2.775-3.059j | max=2.266+3.065j
梯度监控 | raw=0.1247 | natural=0.0057 | clipped=0.0057(上限20.0)
Ψ矩阵条件数 cond(Ψ) = 8.88e+00
Loss=0.094236 | E0=-0.49927744+0.00000001j | E1=-0.49883831-0.00000041j|E2=0.18193303-0.00000003j|E3=0.91041839+0.00000077j
#-----------------------------------------#
[Step 326] logΨ: mean=2.045+0.241j | min=1.631-3.127j | max=2.266+3.065j
梯度监控 | raw=0.0000 | natural=0.0000 | clipped=0.0000(上限20.0)
Ψ矩阵条件数 cond(Ψ) = 1.15e+01
Loss=0.093795 | E0=-0.49927852+0.00000039j | E1=-0.49927825-0.00000026j|E2=0.18193260+0.00000003j|E3=0.91041923+0.00000014j
#-----------------------------------------#
[Step 327] logΨ: mean=2.047+0.301j | min=1.631-3.127j | max=2.266+3.065j
梯度监控 | raw=0.0000 | natural=0.0000 | clipped=0.0000(上限20.0)
Ψ矩阵条件数 cond(Ψ) = 1.15e+01
Loss=0.093795 | E0=-0.49927884+0.00000007j | E1=-0.49927762+0.00000095j|E2=0.18193184-0.00000009j|E3=0.91041946-0.00000082j
#-----------------------------------------#
[Step 328] logΨ: mean=2.047+0.227j | min=1.631-3.127j | max=2.266+3.065j
梯度监控 | raw=0.0000 | natural=0.0000 | clipped=0.0000(上限20.0)
Ψ矩阵条件数 cond(Ψ) = 1.15e+01
Loss=0.093795 | E0=-0.49927849+0.00000034j | E1=-0.49927846+0.00000008j|E2=0.18193296-0.00000017j|E3=0.91041780+0.00000056j
#-----------------------------------------#
[Step 329] logΨ: mean=2.049+0.247j | min=1.631-3.127j | max=2.266+3.065j
梯度监控 | raw=0.0000 | natural=0.0000 | clipped=0.0000(上限20.0)
Ψ矩阵条件数 cond(Ψ) = 8.88e+00
Loss=0.093795 | E0=-0.49927878+0.00000072j | E1=-0.49927822-0.00000008j|E2=0.18193249+0.00000002j|E3=0.91041863-0.00000053j
#-----------------------------------------#
[Step 330] logΨ: mean=2.055+0.248j | min=1.631-3.127j | max=2.266+3.064j
梯度监控 | raw=0.0000 | natural=0.0001 | clipped=0.0001(上限20.0)
Ψ矩阵条件数 cond(Ψ) = 8.88e+00
Loss=0.093795 | E0=-0.49927860-0.00000018j | E1=-0.49927759-0.00000051j|E2=0.18193199+0.00000005j|E3=0.91041887-0.00000008j
#-----------------------------------------#
[Step 331] logΨ: mean=2.046+0.251j | min=1.631-3.127j | max=2.266+3.064j
梯度监控 | raw=0.0000 | natural=0.0000 | clipped=0.0000(上限20.0)
Ψ矩阵条件数 cond(Ψ) = 1.15e+01
Loss=0.093795 | E0=-0.49927849+0.00000022j | E1=-0.49927735-0.00000101j|E2=0.18193306+0.00000032j|E3=0.91041768+0.00000053j
#-----------------------------------------#
[Step 332] logΨ: mean=2.038+0.363j | min=-2.993+3.029j | max=2.266+3.065j
梯度监控 | raw=0.3746 | natural=0.0062 | clipped=0.0062(上限20.0)
Ψ矩阵条件数 cond(Ψ) = 1.15e+01
Loss=0.094918 | E0=-0.49928087+0.00000099j | E1=-0.49883610-0.00000235j|E2=0.18261664+0.00000013j|E3=0.91041863+0.00000115j
#-----------------------------------------#
[Step 333] logΨ: mean=2.048+0.378j | min=-2.839+0.069j | max=2.266+3.064j
梯度监控 | raw=0.1329 | natural=0.0054 | clipped=0.0054(上限20.0)
Ψ矩阵条件数 cond(Ψ) = 8.93e+00
Loss=0.094236 | E0=-0.49927768+0.00000085j | E1=-0.49883673-0.00000051j|E2=0.18193209+0.00000008j|E3=0.91041875+0.00000003j
#-----------------------------------------#
[Step 334] logΨ: mean=2.063+0.443j | min=1.630-3.127j | max=2.266+3.064j
梯度监控 | raw=0.0000 | natural=0.0000 | clipped=0.0000(上限20.0)
Ψ矩阵条件数 cond(Ψ) = 1.15e+01
Loss=0.093795 | E0=-0.49927941-0.00000041j | E1=-0.49927834+0.00000029j|E2=0.18193224-0.00000064j|E3=0.91041982-0.00000030j
#-----------------------------------------#
[Step 335] logΨ: mean=2.040+0.349j | min=-2.990+0.069j | max=2.266+3.064j
梯度监控 | raw=0.5029 | natural=0.0137 | clipped=0.0137(上限20.0)
Ψ矩阵条件数 cond(Ψ) = 8.88e+00
Loss=0.096893 | E0=-0.49927914+0.00000025j | E1=-0.49663720-0.00000002j|E2=0.18239027+0.00000013j|E3=0.91041911-0.00000043j
#-----------------------------------------#
[Step 336] logΨ: mean=2.046+0.271j | min=1.631-3.128j | max=2.266+3.064j
梯度监控 | raw=0.0000 | natural=0.0000 | clipped=0.0000(上限20.0)
Ψ矩阵条件数 cond(Ψ) = 8.88e+00
Loss=0.093795 | E0=-0.49927893+0.00000063j | E1=-0.49927822+0.00000007j|E2=0.18193236-0.00000022j|E3=0.91041934-0.00000059j
#-----------------------------------------#
[Step 337] logΨ: mean=2.043+0.353j | min=1.631-3.128j | max=2.266+3.064j
梯度监控 | raw=0.0000 | natural=0.0000 | clipped=0.0000(上限20.0)
Ψ矩阵条件数 cond(Ψ) = 1.15e+01
Loss=0.093795 | E0=-0.49927860-0.00000001j | E1=-0.49927816+0.00000021j|E2=0.18193220-0.00000031j|E3=0.91042006-0.00000039j
#-----------------------------------------#
[Step 338] logΨ: mean=2.045+0.331j | min=1.631-3.128j | max=2.266+3.064j
梯度监控 | raw=0.0000 | natural=0.0000 | clipped=0.0000(上限20.0)
Ψ矩阵条件数 cond(Ψ) = 8.92e+00
Loss=0.093795 | E0=-0.49927878+0.00000164j | E1=-0.49927840-0.00000002j|E2=0.18193276-0.00000044j|E3=0.91041970-0.00000059j
#-----------------------------------------#
[Step 339] logΨ: mean=2.056+0.391j | min=-2.603+0.155j | max=2.266+3.064j
梯度监控 | raw=0.1198 | natural=0.0017 | clipped=0.0017(上限20.0)
Ψ矩阵条件数 cond(Ψ) = 1.15e+01
Loss=0.094023 | E0=-0.49927819-0.00000018j | E1=-0.49927783+0.00000051j|E2=0.18216018+0.00000041j|E3=0.91041911-0.00000040j
#-----------------------------------------#
[Step 340] logΨ: mean=2.048+0.377j | min=-2.850-0.108j | max=2.266+3.064j
梯度监控 | raw=0.1958 | natural=0.0058 | clipped=0.0058(上限20.0)
Ψ矩阵条件数 cond(Ψ) = 8.88e+00
Loss=0.094235 | E0=-0.49927819-0.00000018j | E1=-0.49883753+0.00000160j|E2=0.18193173-0.00000035j|E3=0.91041994-0.00000099j
#-----------------------------------------#
[Step 341] logΨ: mean=2.069+0.422j | min=1.630-3.127j | max=2.266+3.064j
梯度监控 | raw=0.0000 | natural=0.0000 | clipped=0.0000(上限20.0)
Ψ矩阵条件数 cond(Ψ) = 1.15e+01
Loss=0.093795 | E0=-0.49927911+0.00000138j | E1=-0.49927852+0.00000022j|E2=0.18193230+0.00000015j|E3=0.91041934-0.00000193j
#-----------------------------------------#
[Step 342] logΨ: mean=2.053+0.371j | min=1.630-3.128j | max=2.266+3.064j
梯度监控 | raw=0.0000 | natural=0.0001 | clipped=0.0001(上限20.0)
Ψ矩阵条件数 cond(Ψ) = 8.88e+00
Loss=0.093795 | E0=-0.49927887-0.00000011j | E1=-0.49927774+0.00000012j|E2=0.18193221-0.00000025j|E3=0.91042018-0.00000065j
#-----------------------------------------#
[Step 343] logΨ: mean=2.043+0.328j | min=1.630-3.128j | max=2.266+3.064j
梯度监控 | raw=0.0000 | natural=0.0000 | clipped=0.0000(上限20.0)
Ψ矩阵条件数 cond(Ψ) = 8.92e+00
Loss=0.093795 | E0=-0.49927846-0.00000012j | E1=-0.49927741-0.00000015j|E2=0.18193313-0.00000064j|E3=0.91041732-0.00000004j
#-----------------------------------------#
[Step 344] logΨ: mean=2.041+0.262j | min=1.630-3.128j | max=2.266+3.064j
梯度监控 | raw=0.0000 | natural=0.0000 | clipped=0.0000(上限20.0)
Ψ矩阵条件数 cond(Ψ) = 1.15e+01
Loss=0.093795 | E0=-0.49927852+0.00000011j | E1=-0.49927819+0.00000017j|E2=0.18193226-0.00000015j|E3=0.91041958-0.00000064j
#-----------------------------------------#
[Step 345] logΨ: mean=2.053+0.422j | min=1.630-3.128j | max=2.266+3.064j
梯度监控 | raw=0.0000 | natural=0.0000 | clipped=0.0000(上限20.0)
Ψ矩阵条件数 cond(Ψ) = 8.88e+00
Loss=0.093795 | E0=-0.49927819-0.00000107j | E1=-0.49927813+0.00000003j|E2=0.18193328-0.00000008j|E3=0.91041875+0.00000121j
#-----------------------------------------#
[Step 346] logΨ: mean=2.057+0.363j | min=1.630-3.128j | max=2.266+3.064j
梯度监控 | raw=0.0000 | natural=0.0000 | clipped=0.0000(上限20.0)
Ψ矩阵条件数 cond(Ψ) = 1.15e+01
Loss=0.093795 | E0=-0.49927869+0.00000066j | E1=-0.49927860-0.00000056j|E2=0.18193260+0.00000034j|E3=0.91041887-0.00000112j
#-----------------------------------------#
[Step 347] logΨ: mean=2.045+0.313j | min=1.630-3.128j | max=2.266+3.064j
梯度监控 | raw=0.0000 | natural=0.0000 | clipped=0.0000(上限20.0)
Ψ矩阵条件数 cond(Ψ) = 1.15e+01
Loss=0.093795 | E0=-0.49927789-0.00000008j | E1=-0.49927780-0.00000122j|E2=0.18193299+0.00000037j|E3=0.91041768+0.00000076j
#-----------------------------------------#
[Step 348] logΨ: mean=2.058+0.420j | min=1.630-3.128j | max=2.266+3.064j
梯度监控 | raw=0.0000 | natural=0.0000 | clipped=0.0000(上限20.0)
Ψ矩阵条件数 cond(Ψ) = 8.92e+00
Loss=0.093795 | E0=-0.49927920-0.00000004j | E1=-0.49927869+0.00000017j|E2=0.18193312-0.00000002j|E3=0.91041946-0.00000007j
#-----------------------------------------#
[Step 349] logΨ: mean=2.047+0.312j | min=-2.633-3.058j | max=2.266+3.064j
梯度监控 | raw=0.1234 | natural=0.0016 | clipped=0.0016(上限20.0)
Ψ矩阵条件数 cond(Ψ) = 1.15e+01
Loss=0.094023 | E0=-0.49927869+0.00000005j | E1=-0.49927834-0.00000039j|E2=0.18216036+0.00000005j|E3=0.91041923+0.00000027j
#-----------------------------------------#
[Step 350] logΨ: mean=2.060+0.266j | min=1.631-3.128j | max=2.266+3.064j
梯度监控 | raw=0.0000 | natural=0.0000 | clipped=0.0000(上限20.0)
Ψ矩阵条件数 cond(Ψ) = 8.88e+00
Loss=0.093795 | E0=-0.49927902+0.00000086j | E1=-0.49927843-0.00000005j|E2=0.18193261+0.00000010j|E3=0.91042006-0.00000056j
#-----------------------------------------#
[Step 351] logΨ: mean=2.045+0.318j | min=-3.227-0.232j | max=2.265+3.064j
梯度监控 | raw=0.4178 | natural=0.0057 | clipped=0.0057(上限20.0)
Ψ矩阵条件数 cond(Ψ) = 8.88e+00
Loss=0.094676 | E0=-0.49927917+0.00000084j | E1=-0.49839702+0.00000001j|E2=0.18193249+0.00000027j|E3=0.91042030-0.00000077j
#-----------------------------------------#
[Step 352] logΨ: mean=2.045+0.329j | min=1.630-3.128j | max=2.265+3.064j
梯度监控 | raw=0.0000 | natural=0.0000 | clipped=0.0000(上限20.0)
Ψ矩阵条件数 cond(Ψ) = 8.92e+00
Loss=0.093795 | E0=-0.49927881-0.00000035j | E1=-0.49927846-0.00000007j|E2=0.18193235-0.00000022j|E3=0.91042030+0.00000019j
#-----------------------------------------#
[Step 353] logΨ: mean=2.039+0.310j | min=1.630-3.128j | max=2.265+3.064j
梯度监控 | raw=0.0000 | natural=0.0000 | clipped=0.0000(上限20.0)
Ψ矩阵条件数 cond(Ψ) = 1.15e+01
Loss=0.093795 | E0=-0.49927858-0.00000021j | E1=-0.49927747-0.00000011j|E2=0.18193217+0.00000011j|E3=0.91041839+0.00000018j
#-----------------------------------------#
[Step 354] logΨ: mean=2.038+0.292j | min=-2.355-3.012j | max=2.265+3.064j
梯度监控 | raw=0.0836 | natural=0.0025 | clipped=0.0025(上限20.0)
Ψ矩阵条件数 cond(Ψ) = 1.15e+01
Loss=0.094023 | E0=-0.49927878-0.00000104j | E1=-0.49927828+0.00000013j|E2=0.18216065+0.00000020j|E3=0.91041946+0.00000071j
#-----------------------------------------#
[Step 355] logΨ: mean=2.047+0.276j | min=1.630-3.128j | max=2.265+3.064j
梯度监控 | raw=0.0000 | natural=0.0000 | clipped=0.0000(上限20.0)
Ψ矩阵条件数 cond(Ψ) = 1.15e+01
Loss=0.093795 | E0=-0.49927878-0.00000008j | E1=-0.49927837-0.00000033j|E2=0.18193327-0.00000038j|E3=0.91041839+0.00000087j
#-----------------------------------------#
[Step 356] logΨ: mean=2.047+0.331j | min=-2.706-0.003j | max=2.265+3.064j
梯度监控 | raw=0.1326 | natural=0.0015 | clipped=0.0015(上限20.0)
Ψ矩阵条件数 cond(Ψ) = 1.15e+01
Loss=0.094023 | E0=-0.49927881-0.00000036j | E1=-0.49927840+0.00000005j|E2=0.18216026+0.00000031j|E3=0.91041970-0.00000012j
#-----------------------------------------#
[Step 357] logΨ: mean=2.045+0.282j | min=1.630-3.128j | max=2.265+3.064j
梯度监控 | raw=0.0000 | natural=0.0000 | clipped=0.0000(上限20.0)
Ψ矩阵条件数 cond(Ψ) = 8.92e+00
Loss=0.093795 | E0=-0.49927840+0.00000017j | E1=-0.49927837-0.00000063j|E2=0.18193266-0.00000007j|E3=0.91041934+0.00000078j
#-----------------------------------------#
[Step 358] logΨ: mean=2.049+0.407j | min=1.630-3.128j | max=2.265+3.064j
梯度监控 | raw=0.0000 | natural=0.0000 | clipped=0.0000(上限20.0)
Ψ矩阵条件数 cond(Ψ) = 1.15e+01
Loss=0.093795 | E0=-0.49927849+0.00000002j | E1=-0.49927831+0.00000011j|E2=0.18193240-0.00000022j|E3=0.91041851+0.00000012j
#-----------------------------------------#
[Step 359] logΨ: mean=2.041+0.403j | min=-2.781+3.138j | max=2.266+3.064j
梯度监控 | raw=0.1965 | natural=0.0024 | clipped=0.0024(上限20.0)
Ψ矩阵条件数 cond(Ψ) = 1.15e+01
Loss=0.094250 | E0=-0.49927855-0.00000019j | E1=-0.49927795+0.00000015j|E2=0.18238780+0.00000033j|E3=0.91041815-0.00000061j
#-----------------------------------------#
[Step 360] logΨ: mean=2.052+0.384j | min=1.630-3.127j | max=2.266+3.064j
梯度监控 | raw=0.0000 | natural=0.0000 | clipped=0.0000(上限20.0)
Ψ矩阵条件数 cond(Ψ) = 8.93e+00
Loss=0.093795 | E0=-0.49927911-0.00000073j | E1=-0.49927816+0.00000003j|E2=0.18193327+0.00000001j|E3=0.91041887+0.00000100j
#-----------------------------------------#
[Step 361] logΨ: mean=2.044+0.353j | min=1.630-3.127j | max=2.266+3.064j
梯度监控 | raw=0.0000 | natural=0.0001 | clipped=0.0001(上限20.0)
Ψ矩阵条件数 cond(Ψ) = 1.15e+01
Loss=0.093795 | E0=-0.49927831-0.00000004j | E1=-0.49927735-0.00000116j|E2=0.18193318+0.00000039j|E3=0.91041791+0.00000126j
#-----------------------------------------#
[Step 362] logΨ: mean=2.047+0.397j | min=1.630-3.127j | max=2.266+3.064j
梯度监控 | raw=0.0000 | natural=0.0000 | clipped=0.0000(上限20.0)
Ψ矩阵条件数 cond(Ψ) = 1.15e+01
Loss=0.093795 | E0=-0.49927872+0.00000021j | E1=-0.49927723+0.00000069j|E2=0.18193164+0.00000016j|E3=0.91041982-0.00000136j
#-----------------------------------------#
[Step 363] logΨ: mean=2.041+0.329j | min=1.630-3.127j | max=2.266+3.064j
梯度监控 | raw=0.0000 | natural=0.0000 | clipped=0.0000(上限20.0)
Ψ矩阵条件数 cond(Ψ) = 8.88e+00
Loss=0.093795 | E0=-0.49927923+0.00000105j | E1=-0.49927860+0.00000005j|E2=0.18193267-0.00000002j|E3=0.91041875-0.00000138j
#-----------------------------------------#
[Step 364] logΨ: mean=2.052+0.446j | min=1.630-3.127j | max=2.266+3.064j
梯度监控 | raw=0.0000 | natural=0.0000 | clipped=0.0000(上限20.0)
Ψ矩阵条件数 cond(Ψ) = 8.93e+00
Loss=0.093795 | E0=-0.49927852-0.00000014j | E1=-0.49927849+0.00000137j|E2=0.18193211-0.00000081j|E3=0.91042042-0.00000015j
#-----------------------------------------#
[Step 365] logΨ: mean=2.030+0.366j | min=-2.892+0.071j | max=2.265+3.064j
梯度监控 | raw=1.0208 | natural=0.0079 | clipped=0.0079(上限20.0)
Ψ矩阵条件数 cond(Ψ) = 1.15e+01
Loss=0.098641 | E0=-0.49927652+0.00000061j | E1=-0.49443310-0.00000061j|E2=0.18193287+0.00000034j|E3=0.91041803+0.00000028j
#-----------------------------------------#
[Step 366] logΨ: mean=2.044+0.402j | min=-3.044+0.071j | max=2.265+3.064j
梯度监控 | raw=0.3327 | natural=0.0067 | clipped=0.0067(上限20.0)
Ψ矩阵条件数 cond(Ψ) = 8.88e+00
Loss=0.095116 | E0=-0.49927893+0.00000004j | E1=-0.49795571+0.00000085j|E2=0.18193208+0.00000031j|E3=0.91041982-0.00000089j
#-----------------------------------------#
[Step 367] logΨ: mean=2.051+0.435j | min=-3.238-0.244j | max=2.264+3.063j
梯度监控 | raw=0.3590 | natural=0.0055 | clipped=0.0055(上限20.0)
Ψ矩阵条件数 cond(Ψ) = 8.93e+00
Loss=0.094691 | E0=-0.49927941-0.00000063j | E1=-0.49883726+0.00000079j|E2=0.18238802-0.00000060j|E3=0.91041923+0.00000040j
#-----------------------------------------#
[Step 368] logΨ: mean=2.033+0.270j | min=-2.433+0.074j | max=2.264+3.064j
梯度监控 | raw=0.1008 | natural=0.0020 | clipped=0.0020(上限20.0)
Ψ矩阵条件数 cond(Ψ) = 1.15e+01
Loss=0.094023 | E0=-0.49927822+0.00000031j | E1=-0.49927783-0.00000024j|E2=0.18215981-0.00000032j|E3=0.91042006+0.00000034j
#-----------------------------------------#
[Step 369] logΨ: mean=2.040+0.342j | min=-3.382+2.905j | max=2.263+3.063j
梯度监控 | raw=0.3035 | natural=0.0039 | clipped=0.0039(上限20.0)
Ψ矩阵条件数 cond(Ψ) = 1.15e+01
Loss=0.094236 | E0=-0.49927834-0.00000001j | E1=-0.49883738-0.00000008j|E2=0.18193221+0.00000041j|E3=0.91041958-0.00000019j
#-----------------------------------------#
[Step 370] logΨ: mean=2.043+0.299j | min=-2.396+0.120j | max=2.263+3.064j
梯度监控 | raw=0.0869 | natural=0.0024 | clipped=0.0024(上限20.0)
Ψ矩阵条件数 cond(Ψ) = 1.15e+01
Loss=0.094022 | E0=-0.49927878+0.00000003j | E1=-0.49927798+0.00000024j|E2=0.18215999+0.00000024j|E3=0.91041923-0.00000016j
#-----------------------------------------#
[Step 371] logΨ: mean=2.040+0.256j | min=1.627-3.128j | max=2.263+3.064j
梯度监控 | raw=0.0000 | natural=0.0000 | clipped=0.0000(上限20.0)
Ψ矩阵条件数 cond(Ψ) = 8.93e+00
Loss=0.093795 | E0=-0.49927869-0.00000039j | E1=-0.49927849+0.00000016j|E2=0.18193245+0.00000039j|E3=0.91041958+0.00000017j
#-----------------------------------------#
[Step 372] logΨ: mean=2.042+0.310j | min=-2.472+0.120j | max=2.263+3.064j
梯度监控 | raw=0.0937 | natural=0.0022 | clipped=0.0022(上限20.0)
Ψ矩阵条件数 cond(Ψ) = 8.88e+00
Loss=0.094022 | E0=-0.49927849+0.00000007j | E1=-0.49927813+0.00000034j|E2=0.18216038-0.00000012j|E3=0.91041994-0.00000056j
#-----------------------------------------#
[Step 373] logΨ: mean=2.044+0.317j | min=1.628-3.128j | max=2.263+3.064j
梯度监控 | raw=0.0000 | natural=0.0000 | clipped=0.0000(上限20.0)
Ψ矩阵条件数 cond(Ψ) = 1.15e+01
Loss=0.093795 | E0=-0.49927896+0.00000075j | E1=-0.49927816+0.00000003j|E2=0.18193211-0.00000051j|E3=0.91042054-0.00000016j
#-----------------------------------------#
[Step 374] logΨ: mean=2.052+0.412j | min=-2.559-3.119j | max=2.263+3.064j
梯度监控 | raw=0.2282 | natural=0.0018 | clipped=0.0018(上限20.0)
Ψ矩阵条件数 cond(Ψ) = 1.15e+01
Loss=0.094250 | E0=-0.49927846+0.00000008j | E1=-0.49927753-0.00000007j|E2=0.18238813+0.00000035j|E3=0.91041791-0.00000003j
#-----------------------------------------#
[Step 375] logΨ: mean=2.035+0.263j | min=1.628-3.128j | max=2.263+3.064j
梯度监控 | raw=0.0000 | natural=0.0001 | clipped=0.0001(上限20.0)
Ψ矩阵条件数 cond(Ψ) = 1.15e+01
Loss=0.093795 | E0=-0.49927902-0.00000075j | E1=-0.49927863+0.00000018j|E2=0.18193221-0.00000085j|E3=0.91041982+0.00000003j
#-----------------------------------------#
[Step 376] logΨ: mean=2.044+0.325j | min=-2.571-3.007j | max=2.263+3.064j
梯度监控 | raw=0.1034 | natural=0.0020 | clipped=0.0020(上限20.0)
Ψ矩阵条件数 cond(Ψ) = 1.15e+01
Loss=0.094023 | E0=-0.49927816+0.00000134j | E1=-0.49927813-0.00000013j|E2=0.18215957+0.00000017j|E3=0.91042066-0.00000027j
#-----------------------------------------#
[Step 377] logΨ: mean=2.032+0.298j | min=1.628-3.128j | max=2.263+3.064j
梯度监控 | raw=0.0000 | natural=0.0001 | clipped=0.0001(上限20.0)
Ψ矩阵条件数 cond(Ψ) = 8.88e+00
Loss=0.093795 | E0=-0.49927858-0.00000003j | E1=-0.49927855-0.00000146j|E2=0.18193300-0.00000046j|E3=0.91041946+0.00000106j
#-----------------------------------------#
[Step 378] logΨ: mean=2.045+0.354j | min=-2.829+0.078j | max=2.263+3.064j
梯度监控 | raw=0.1311 | natural=0.0054 | clipped=0.0054(上限20.0)
Ψ矩阵条件数 cond(Ψ) = 1.15e+01
Loss=0.094235 | E0=-0.49927980+0.00000048j | E1=-0.49883777+0.00000009j|E2=0.18193245-0.00000044j|E3=0.91042054+0.00000019j
#-----------------------------------------#
[Step 379] logΨ: mean=2.043+0.297j | min=1.628-3.128j | max=2.263+3.064j
梯度监控 | raw=0.0000 | natural=0.0000 | clipped=0.0000(上限20.0)
Ψ矩阵条件数 cond(Ψ) = 1.15e+01
Loss=0.093795 | E0=-0.49927887-0.00000003j | E1=-0.49927789-0.00000029j|E2=0.18193191+0.00000021j|E3=0.91041887-0.00000008j
#-----------------------------------------#
[Step 380] logΨ: mean=2.051+0.368j | min=1.628-3.128j | max=2.263+3.064j
梯度监控 | raw=0.0000 | natural=0.0001 | clipped=0.0001(上限20.0)
Ψ矩阵条件数 cond(Ψ) = 1.15e+01
Loss=0.093795 | E0=-0.49927860-0.00000024j | E1=-0.49927771+0.00000042j|E2=0.18193235-0.00000027j|E3=0.91041875-0.00000014j
#-----------------------------------------#
[Step 381] logΨ: mean=2.044+0.252j | min=1.628-3.128j | max=2.263+3.064j
梯度监控 | raw=0.0000 | natural=0.0000 | clipped=0.0000(上限20.0)
Ψ矩阵条件数 cond(Ψ) = 1.15e+01
Loss=0.093795 | E0=-0.49927816+0.00000018j | E1=-0.49927714-0.00000052j|E2=0.18193270+0.00000030j|E3=0.91041803+0.00000131j
#-----------------------------------------#
[Step 382] logΨ: mean=2.046+0.280j | min=1.628-3.128j | max=2.263+3.064j
梯度监控 | raw=0.0000 | natural=0.0000 | clipped=0.0000(上限20.0)
Ψ矩阵条件数 cond(Ψ) = 8.88e+00
Loss=0.093795 | E0=-0.49927855-0.00000057j | E1=-0.49927813+0.00000003j|E2=0.18193284-0.00000007j|E3=0.91041923+0.00000063j
#-----------------------------------------#
[Step 383] logΨ: mean=2.049+0.296j | min=1.627-3.128j | max=2.263+3.064j
梯度监控 | raw=0.0000 | natural=0.0000 | clipped=0.0000(上限20.0)
Ψ矩阵条件数 cond(Ψ) = 1.15e+01
Loss=0.093795 | E0=-0.49927890+0.00000016j | E1=-0.49927813-0.00000031j|E2=0.18193267-0.00000047j|E3=0.91041875-0.00000000j
#-----------------------------------------#
[Step 384] logΨ: mean=2.056+0.369j | min=1.627-3.128j | max=2.263+3.064j
梯度监控 | raw=0.0000 | natural=0.0000 | clipped=0.0000(上限20.0)
Ψ矩阵条件数 cond(Ψ) = 1.15e+01
Loss=0.093795 | E0=-0.49927887-0.00000022j | E1=-0.49927777+0.00000010j|E2=0.18193249+0.00000028j|E3=0.91041815-0.00000022j
#-----------------------------------------#
[Step 385] logΨ: mean=2.036+0.310j | min=1.627-3.128j | max=2.263+3.064j
梯度监控 | raw=0.0000 | natural=0.0000 | clipped=0.0000(上限20.0)
Ψ矩阵条件数 cond(Ψ) = 1.15e+01
Loss=0.093795 | E0=-0.49927831+0.00000016j | E1=-0.49927804-0.00000049j|E2=0.18193236-0.00000023j|E3=0.91041911+0.00000051j
#-----------------------------------------#
[Step 386] logΨ: mean=2.043+0.295j | min=-2.490-2.997j | max=2.263+3.064j
梯度监控 | raw=0.2861 | natural=0.0022 | clipped=0.0022(上限20.0)
Ψ矩阵条件数 cond(Ψ) = 8.88e+00
Loss=0.094478 | E0=-0.49927840+0.00000010j | E1=-0.49927822+0.00000000j|E2=0.18261544-0.00000009j|E3=0.91041827+0.00000000j
#-----------------------------------------#
[Step 387] logΨ: mean=2.054+0.347j | min=-2.635+0.024j | max=2.263+3.064j
梯度监控 | raw=0.1880 | natural=0.0023 | clipped=0.0023(上限20.0)
Ψ矩阵条件数 cond(Ψ) = 8.88e+00
Loss=0.094250 | E0=-0.49927858-0.00000030j | E1=-0.49927795+0.00000044j|E2=0.18238805-0.00000016j|E3=0.91041863+0.00000056j
#-----------------------------------------#
[Step 388] logΨ: mean=2.050+0.315j | min=1.628-3.128j | max=2.263+3.064j
梯度监控 | raw=0.0000 | natural=0.0000 | clipped=0.0000(上限20.0)
Ψ矩阵条件数 cond(Ψ) = 1.15e+01
Loss=0.093795 | E0=-0.49927878+0.00000009j | E1=-0.49927866-0.00000067j|E2=0.18193316+0.00000037j|E3=0.91041875-0.00000029j
#-----------------------------------------#
[Step 389] logΨ: mean=2.051+0.338j | min=1.628-3.128j | max=2.263+3.064j
梯度监控 | raw=0.0000 | natural=0.0000 | clipped=0.0000(上限20.0)
Ψ矩阵条件数 cond(Ψ) = 1.15e+01
Loss=0.093795 | E0=-0.49927855+0.00000111j | E1=-0.49927810-0.00000002j|E2=0.18193202-0.00000001j|E3=0.91041946-0.00000107j
#-----------------------------------------#
[Step 390] logΨ: mean=2.044+0.290j | min=-2.886+0.073j | max=2.263+3.064j
梯度监控 | raw=0.1388 | natural=0.0051 | clipped=0.0051(上限20.0)
Ψ矩阵条件数 cond(Ψ) = 1.15e+01
Loss=0.094235 | E0=-0.49927860-0.00000001j | E1=-0.49883842-0.00000061j|E2=0.18193312+0.00000019j|E3=0.91041911+0.00000061j
#-----------------------------------------#
[Step 391] logΨ: mean=2.043+0.310j | min=1.627-3.128j | max=2.263+3.064j
梯度监控 | raw=0.0000 | natural=0.0000 | clipped=0.0000(上限20.0)
Ψ矩阵条件数 cond(Ψ) = 8.92e+00
Loss=0.093795 | E0=-0.49927860-0.00000006j | E1=-0.49927828-0.00000107j|E2=0.18193306-0.00000045j|E3=0.91041744+0.00000127j
#-----------------------------------------#
[Step 392] logΨ: mean=2.057+0.271j | min=-2.494-2.990j | max=2.263+3.064j
梯度监控 | raw=0.0958 | natural=0.0021 | clipped=0.0021(上限20.0)
Ψ矩阵条件数 cond(Ψ) = 1.15e+01
Loss=0.094023 | E0=-0.49927816-0.00000032j | E1=-0.49927783+0.00000024j|E2=0.18216048+0.00000047j|E3=0.91041851-0.00000078j
#-----------------------------------------#
[Step 393] logΨ: mean=2.054+0.341j | min=-2.569-2.990j | max=2.263+3.064j
梯度监控 | raw=0.1032 | natural=0.0020 | clipped=0.0020(上限20.0)
Ψ矩阵条件数 cond(Ψ) = 1.15e+01
Loss=0.094022 | E0=-0.49927896+0.00000086j | E1=-0.49927872-0.00000007j|E2=0.18215953-0.00000096j|E3=0.91042066+0.00000052j
#-----------------------------------------#
[Step 394] logΨ: mean=2.053+0.333j | min=1.628-3.128j | max=2.263+3.064j
梯度监控 | raw=0.0000 | natural=0.0000 | clipped=0.0000(上限20.0)
Ψ矩阵条件数 cond(Ψ) = 1.15e+01
Loss=0.093795 | E0=-0.49927896+0.00000001j | E1=-0.49927807+0.00000003j|E2=0.18193251-0.00000013j|E3=0.91041899-0.00000013j
#-----------------------------------------#
[Step 395] logΨ: mean=2.041+0.265j | min=1.628-3.128j | max=2.263+3.064j
梯度监控 | raw=0.0000 | natural=0.0000 | clipped=0.0000(上限20.0)
Ψ矩阵条件数 cond(Ψ) = 8.88e+00
Loss=0.093795 | E0=-0.49927989-0.00000057j | E1=-0.49927834+0.00000005j|E2=0.18193273-0.00000018j|E3=0.91042078+0.00000094j
#-----------------------------------------#
[Step 396] logΨ: mean=2.047+0.261j | min=-3.764+1.567j | max=2.263+3.064j
梯度监控 | raw=0.2178 | natural=0.0009 | clipped=0.0009(上限20.0)
Ψ矩阵条件数 cond(Ψ) = 8.93e+00
Loss=0.094023 | E0=-0.49928010+0.00000142j | E1=-0.49927825-0.00000003j|E2=0.18216011-0.00000016j|E3=0.91042137-0.00000092j
#-----------------------------------------#
[Step 397] logΨ: mean=2.047+0.278j | min=1.627-3.128j | max=2.263+3.064j
梯度监控 | raw=0.0000 | natural=0.0000 | clipped=0.0000(上限20.0)
Ψ矩阵条件数 cond(Ψ) = 8.93e+00
Loss=0.093795 | E0=-0.49927831-0.00000014j | E1=-0.49927795-0.00000144j|E2=0.18193288+0.00000073j|E3=0.91041815+0.00000098j
#-----------------------------------------#
[Step 398] logΨ: mean=2.050+0.307j | min=-3.010+3.029j | max=2.263+3.064j
梯度监控 | raw=0.4573 | natural=0.0050 | clipped=0.0050(上限20.0)
Ψ矩阵条件数 cond(Ψ) = 8.88e+00
Loss=0.094676 | E0=-0.49927944-0.00000018j | E1=-0.49839604-0.00000004j|E2=0.18193266-0.00000026j|E3=0.91041887+0.00000058j
#-----------------------------------------#
[Step 399] logΨ: mean=2.038+0.181j | min=-3.162+3.029j | max=2.263+3.064j
梯度监控 | raw=0.5320 | natural=0.0043 | clipped=0.0043(上限20.0)
Ψ矩阵条件数 cond(Ψ) = 1.15e+01
Loss=0.094676 | E0=-0.49928045+0.00000081j | E1=-0.49839461-0.00000178j|E2=0.18193296+0.00000006j|E3=0.91041815+0.00000049j
#-----------------------------------------#
[Step 400] logΨ: mean=2.044+0.197j | min=1.627-3.128j | max=2.263+3.064j
梯度监控 | raw=0.0000 | natural=0.0000 | clipped=0.0000(上限20.0)
Ψ矩阵条件数 cond(Ψ) = 8.92e+00
Loss=0.093795 | E0=-0.49927866+0.00000004j | E1=-0.49927798+0.00000077j|E2=0.18193218+0.00000016j|E3=0.91041887-0.00000170j
#-----------------------------------------#
[Step 401] logΨ: mean=2.049+0.187j | min=1.627-3.128j | max=2.263+3.064j
梯度监控 | raw=0.0000 | natural=0.0000 | clipped=0.0000(上限20.0)
Ψ矩阵条件数 cond(Ψ) = 1.15e+01
Loss=0.093795 | E0=-0.49927831+0.00000009j | E1=-0.49927759+0.00000069j|E2=0.18193214-0.00000018j|E3=0.91041815-0.00000035j
#-----------------------------------------#
[Step 402] logΨ: mean=2.052+0.246j | min=1.627-3.128j | max=2.263+3.064j
梯度监控 | raw=0.0000 | natural=0.0001 | clipped=0.0001(上限20.0)
Ψ矩阵条件数 cond(Ψ) = 1.15e+01
Loss=0.093795 | E0=-0.49927846-0.00000061j | E1=-0.49927837-0.00000007j|E2=0.18193275+0.00000016j|E3=0.91041982+0.00000121j
#-----------------------------------------#
[Step 403] logΨ: mean=2.053+0.217j | min=1.627-3.128j | max=2.263+3.064j
梯度监控 | raw=0.0000 | natural=0.0000 | clipped=0.0000(上限20.0)
Ψ矩阵条件数 cond(Ψ) = 1.15e+01
Loss=0.093795 | E0=-0.49927941+0.00000054j | E1=-0.49927828-0.00000004j|E2=0.18193260-0.00000042j|E3=0.91041994-0.00000031j
#-----------------------------------------#
[Step 404] logΨ: mean=2.040+0.223j | min=1.627-3.128j | max=2.263+3.064j
梯度监控 | raw=0.0000 | natural=0.0001 | clipped=0.0001(上限20.0)
Ψ矩阵条件数 cond(Ψ) = 8.88e+00
Loss=0.093795 | E0=-0.49927905+0.00000072j | E1=-0.49927849+0.00000008j|E2=0.18193302-0.00000029j|E3=0.91041994+0.00000020j
#-----------------------------------------#
[Step 405] logΨ: mean=2.046+0.240j | min=-2.655-3.052j | max=2.263+3.064j
梯度监控 | raw=0.1123 | natural=0.0018 | clipped=0.0018(上限20.0)
Ψ矩阵条件数 cond(Ψ) = 8.92e+00
Loss=0.094023 | E0=-0.49927881-0.00000095j | E1=-0.49927828+0.00000003j|E2=0.18216090+0.00000022j|E3=0.91041875+0.00000030j
#-----------------------------------------#
[Step 406] logΨ: mean=2.042+0.262j | min=1.627-3.127j | max=2.263+3.064j
梯度监控 | raw=0.0000 | natural=0.0000 | clipped=0.0000(上限20.0)
Ψ矩阵条件数 cond(Ψ) = 1.15e+01
Loss=0.093795 | E0=-0.49927881+0.00000020j | E1=-0.49927780+0.00000000j|E2=0.18193239-0.00000010j|E3=0.91041946-0.00000001j
#-----------------------------------------#
[Step 407] logΨ: mean=2.047+0.193j | min=1.627-3.127j | max=2.263+3.064j
梯度监控 | raw=0.0000 | natural=0.0000 | clipped=0.0000(上限20.0)
Ψ矩阵条件数 cond(Ψ) = 8.88e+00
Loss=0.093795 | E0=-0.49927843+0.00000080j | E1=-0.49927807-0.00000040j|E2=0.18193273-0.00000003j|E3=0.91041815+0.00000067j
#-----------------------------------------#
[Step 408] logΨ: mean=2.050+0.261j | min=1.627-3.127j | max=2.263+3.064j
梯度监控 | raw=0.0000 | natural=0.0000 | clipped=0.0000(上限20.0)
Ψ矩阵条件数 cond(Ψ) = 8.92e+00
Loss=0.093795 | E0=-0.49927869-0.00000031j | E1=-0.49927863+0.00000006j|E2=0.18193215-0.00000031j|E3=0.91042042-0.00000027j
#-----------------------------------------#
[Step 409] logΨ: mean=2.042+0.261j | min=-2.730-3.052j | max=2.263+3.064j
梯度监控 | raw=0.1211 | natural=0.0017 | clipped=0.0017(上限20.0)
Ψ矩阵条件数 cond(Ψ) = 1.15e+01
Loss=0.094023 | E0=-0.49927843-0.00000004j | E1=-0.49927771+0.00000072j|E2=0.18216051-0.00000019j|E3=0.91041958-0.00000022j
#-----------------------------------------#
[Step 410] logΨ: mean=2.051+0.313j | min=1.627-3.127j | max=2.263+3.064j
梯度监控 | raw=0.0000 | natural=0.0000 | clipped=0.0000(上限20.0)
Ψ矩阵条件数 cond(Ψ) = 8.92e+00
Loss=0.093795 | E0=-0.49927878-0.00000020j | E1=-0.49927878-0.00000003j|E2=0.18193330+0.00000025j|E3=0.91041934+0.00000092j
#-----------------------------------------#
[Step 411] logΨ: mean=2.055+0.274j | min=1.627-3.127j | max=2.263+3.064j
梯度监控 | raw=0.0000 | natural=0.0000 | clipped=0.0000(上限20.0)
Ψ矩阵条件数 cond(Ψ) = 1.15e+01
Loss=0.093795 | E0=-0.49927929+0.00000006j | E1=-0.49927837-0.00000008j|E2=0.18193308-0.00000041j|E3=0.91041982+0.00000035j
#-----------------------------------------#
[Step 412] logΨ: mean=2.050+0.295j | min=1.627-3.127j | max=2.263+3.064j
梯度监控 | raw=0.0000 | natural=0.0000 | clipped=0.0000(上限20.0)
Ψ矩阵条件数 cond(Ψ) = 8.88e+00
Loss=0.093795 | E0=-0.49927822-0.00000014j | E1=-0.49927682-0.00000101j|E2=0.18193255+0.00000063j|E3=0.91041732-0.00000043j
#-----------------------------------------#
[Step 413] logΨ: mean=2.052+0.334j | min=1.627-3.127j | max=2.263+3.064j
梯度监控 | raw=0.0000 | natural=0.0000 | clipped=0.0000(上限20.0)
Ψ矩阵条件数 cond(Ψ) = 8.88e+00
Loss=0.093795 | E0=-0.49927816+0.00000000j | E1=-0.49927798+0.00000021j|E2=0.18193255-0.00000039j|E3=0.91041875+0.00000020j
#-----------------------------------------#
[Step 414] logΨ: mean=2.047+0.263j | min=1.627-3.127j | max=2.263+3.064j
梯度监控 | raw=0.0000 | natural=0.0000 | clipped=0.0000(上限20.0)
Ψ矩阵条件数 cond(Ψ) = 8.88e+00
Loss=0.093795 | E0=-0.49927965+0.00000168j | E1=-0.49927822-0.00000002j|E2=0.18193214+0.00000013j|E3=0.91042113-0.00000117j
#-----------------------------------------#
[Step 415] logΨ: mean=2.042+0.244j | min=-2.682+3.043j | max=2.263+3.064j
梯度监控 | raw=0.2577 | natural=0.0016 | clipped=0.0016(上限20.0)
Ψ矩阵条件数 cond(Ψ) = 1.15e+01
Loss=0.094250 | E0=-0.49927974+0.00000086j | E1=-0.49927837+0.00000014j|E2=0.18238731-0.00000016j|E3=0.91042101-0.00000098j
#-----------------------------------------#
[Step 416] logΨ: mean=2.037+0.307j | min=1.627-3.127j | max=2.263+3.064j
梯度监控 | raw=0.0000 | natural=0.0000 | clipped=0.0000(上限20.0)
Ψ矩阵条件数 cond(Ψ) = 1.15e+01
Loss=0.093795 | E0=-0.49927849-0.00000011j | E1=-0.49927735+0.00000001j|E2=0.18193205-0.00000021j|E3=0.91041791+0.00000094j
#-----------------------------------------#
[Step 417] logΨ: mean=2.047+0.271j | min=1.627-3.127j | max=2.263+3.064j
梯度监控 | raw=0.0000 | natural=0.0000 | clipped=0.0000(上限20.0)
Ψ矩阵条件数 cond(Ψ) = 1.15e+01
Loss=0.093795 | E0=-0.49927843+0.00000024j | E1=-0.49927825-0.00000033j|E2=0.18193284+0.00000010j|E3=0.91041887+0.00000040j
#-----------------------------------------#
[Step 418] logΨ: mean=2.042+0.238j | min=-4.733-1.321j | max=2.263+3.064j
梯度监控 | raw=0.7039 | natural=0.0016 | clipped=0.0016(上限20.0)
Ψ矩阵条件数 cond(Ψ) = 1.15e+01
Loss=0.094235 | E0=-0.49927986-0.00000055j | E1=-0.49883586-0.00000123j|E2=0.18193328+0.00000054j|E3=0.91041732+0.00000099j
#-----------------------------------------#
[Step 419] logΨ: mean=2.042+0.308j | min=1.627-3.128j | max=2.263+3.064j
梯度监控 | raw=0.0000 | natural=0.0000 | clipped=0.0000(上限20.0)
Ψ矩阵条件数 cond(Ψ) = 8.93e+00
Loss=0.093795 | E0=-0.49927855-0.00000020j | E1=-0.49927819+0.00000027j|E2=0.18193230+0.00000047j|E3=0.91041863-0.00000107j
#-----------------------------------------#
[Step 420] logΨ: mean=2.035+0.194j | min=1.627-3.128j | max=2.263+3.064j
梯度监控 | raw=0.0000 | natural=0.0000 | clipped=0.0000(上限20.0)
Ψ矩阵条件数 cond(Ψ) = 1.15e+01
Loss=0.093795 | E0=-0.49927902+0.00000064j | E1=-0.49927819+0.00000000j|E2=0.18193269-0.00000015j|E3=0.91041946-0.00000002j
#-----------------------------------------#
[Step 421] logΨ: mean=2.055+0.354j | min=1.627-3.128j | max=2.263+3.064j
梯度监控 | raw=0.0000 | natural=0.0000 | clipped=0.0000(上限20.0)
Ψ矩阵条件数 cond(Ψ) = 1.15e+01
Loss=0.093795 | E0=-0.49927932+0.00000095j | E1=-0.49927828+0.00000001j|E2=0.18193236-0.00000022j|E3=0.91042101-0.00000036j
#-----------------------------------------#
[Step 422] logΨ: mean=2.052+0.318j | min=1.627-3.128j | max=2.263+3.064j
梯度监控 | raw=0.0000 | natural=0.0000 | clipped=0.0000(上限20.0)
Ψ矩阵条件数 cond(Ψ) = 1.15e+01
Loss=0.093795 | E0=-0.49927965+0.00000060j | E1=-0.49927849+0.00000028j|E2=0.18193260-0.00000033j|E3=0.91042089-0.00000076j
#-----------------------------------------#
[Step 423] logΨ: mean=2.040+0.297j | min=1.627-3.128j | max=2.263+3.064j
梯度监控 | raw=0.0000 | natural=0.0000 | clipped=0.0000(上限20.0)
Ψ矩阵条件数 cond(Ψ) = 8.93e+00
Loss=0.093795 | E0=-0.49927852+0.00000005j | E1=-0.49927813+0.00000051j|E2=0.18193239-0.00000031j|E3=0.91041899+0.00000021j
#-----------------------------------------#
[Step 424] logΨ: mean=2.046+0.269j | min=1.627-3.128j | max=2.263+3.064j
梯度监控 | raw=0.0000 | natural=0.0000 | clipped=0.0000(上限20.0)
Ψ矩阵条件数 cond(Ψ) = 8.88e+00
Loss=0.093795 | E0=-0.49927825-0.00000002j | E1=-0.49927726+0.00000072j|E2=0.18193267+0.00000034j|E3=0.91041827-0.00000034j
#-----------------------------------------#
[Step 425] logΨ: mean=2.039+0.283j | min=1.627-3.128j | max=2.263+3.064j
梯度监控 | raw=0.0000 | natural=0.0000 | clipped=0.0000(上限20.0)
Ψ矩阵条件数 cond(Ψ) = 8.88e+00
Loss=0.093795 | E0=-0.49927837+0.00000016j | E1=-0.49927807-0.00000041j|E2=0.18193240+0.00000068j|E3=0.91041851-0.00000025j
#-----------------------------------------#
[Step 426] logΨ: mean=2.047+0.268j | min=1.627-3.128j | max=2.263+3.064j
梯度监控 | raw=0.0000 | natural=0.0000 | clipped=0.0000(上限20.0)
Ψ矩阵条件数 cond(Ψ) = 1.15e+01
Loss=0.093795 | E0=-0.49927887-0.00000025j | E1=-0.49927858+0.00000051j|E2=0.18193202-0.00000021j|E3=0.91041994+0.00000002j
#-----------------------------------------#
[Step 427] logΨ: mean=2.048+0.286j | min=1.627-3.128j | max=2.263+3.064j
梯度监控 | raw=0.0000 | natural=0.0000 | clipped=0.0000(上限20.0)
Ψ矩阵条件数 cond(Ψ) = 1.15e+01
Loss=0.093795 | E0=-0.49927983+0.00000086j | E1=-0.49927825-0.00000006j|E2=0.18193245-0.00000085j|E3=0.91042101-0.00000009j
#-----------------------------------------#
[Step 428] logΨ: mean=2.054+0.288j | min=1.627-3.128j | max=2.263+3.064j
梯度监控 | raw=0.0000 | natural=0.0000 | clipped=0.0000(上限20.0)
Ψ矩阵条件数 cond(Ψ) = 1.15e+01
Loss=0.093795 | E0=-0.49927837-0.00000068j | E1=-0.49927831-0.00000005j|E2=0.18193232-0.00000040j|E3=0.91041934+0.00000102j
#-----------------------------------------#
[Step 429] logΨ: mean=2.043+0.313j | min=-3.796-1.437j | max=2.263+3.064j
梯度监控 | raw=0.4496 | natural=0.0009 | clipped=0.0009(上限20.0)
Ψ矩阵条件数 cond(Ψ) = 1.15e+01
Loss=0.094250 | E0=-0.49927816-0.00000003j | E1=-0.49927771-0.00000101j|E2=0.18238863+0.00000008j|E3=0.91041839+0.00000079j
#-----------------------------------------#
[Step 430] logΨ: mean=2.052+0.366j | min=1.627-3.128j | max=2.263+3.064j
梯度监控 | raw=0.0000 | natural=0.0001 | clipped=0.0001(上限20.0)
Ψ矩阵条件数 cond(Ψ) = 8.93e+00
Loss=0.093795 | E0=-0.49927875-0.00000021j | E1=-0.49927843-0.00000029j|E2=0.18193236-0.00000006j|E3=0.91042006+0.00000016j
#-----------------------------------------#
[Step 431] logΨ: mean=2.046+0.315j | min=-3.301-0.060j | max=2.263+3.064j
梯度监控 | raw=0.3057 | natural=0.0037 | clipped=0.0037(上限20.0)
Ψ矩阵条件数 cond(Ψ) = 1.15e+01
Loss=0.094235 | E0=-0.49927959-0.00000108j | E1=-0.49883622+0.00000068j|E2=0.18193300+0.00000030j|E3=0.91041899+0.00000063j
#-----------------------------------------#
[Step 432] logΨ: mean=2.044+0.298j | min=1.627-3.128j | max=2.263+3.064j
梯度监控 | raw=0.0000 | natural=0.0000 | clipped=0.0000(上限20.0)
Ψ矩阵条件数 cond(Ψ) = 1.15e+01
Loss=0.093795 | E0=-0.49927869+0.00000081j | E1=-0.49927840-0.00000057j|E2=0.18193203-0.00000016j|E3=0.91041994-0.00000051j
#-----------------------------------------#
[Step 433] logΨ: mean=2.036+0.199j | min=1.627-3.128j | max=2.263+3.064j
梯度监控 | raw=0.0000 | natural=0.0000 | clipped=0.0000(上限20.0)
Ψ矩阵条件数 cond(Ψ) = 1.15e+01
Loss=0.093795 | E0=-0.49927866+0.00000026j | E1=-0.49927750+0.00000030j|E2=0.18193187+0.00000020j|E3=0.91041946-0.00000021j
#-----------------------------------------#
[Step 434] logΨ: mean=2.049+0.303j | min=1.627-3.128j | max=2.263+3.064j
梯度监控 | raw=0.0000 | natural=0.0000 | clipped=0.0000(上限20.0)
Ψ矩阵条件数 cond(Ψ) = 1.15e+01
Loss=0.093795 | E0=-0.49927843-0.00000026j | E1=-0.49927756+0.00000052j|E2=0.18193214-0.00000042j|E3=0.91041970+0.00000033j
#-----------------------------------------#
[Step 435] logΨ: mean=2.048+0.287j | min=-2.822-3.075j | max=2.263+3.064j
梯度监控 | raw=0.1327 | natural=0.0016 | clipped=0.0016(上限20.0)
Ψ矩阵条件数 cond(Ψ) = 1.15e+01
Loss=0.094022 | E0=-0.49927825-0.00000041j | E1=-0.49927819+0.00000009j|E2=0.18216060-0.00000010j|E3=0.91041923+0.00000060j
#-----------------------------------------#
[Step 436] logΨ: mean=2.048+0.288j | min=1.627-3.127j | max=2.263+3.064j
梯度监控 | raw=0.0000 | natural=0.0000 | clipped=0.0000(上限20.0)
Ψ矩阵条件数 cond(Ψ) = 8.88e+00
Loss=0.093795 | E0=-0.49927890+0.00000052j | E1=-0.49927819-0.00000030j|E2=0.18193185-0.00000056j|E3=0.91042006+0.00000018j
#-----------------------------------------#
[Step 437] logΨ: mean=2.046+0.294j | min=1.627-3.127j | max=2.263+3.064j
梯度监控 | raw=0.0000 | natural=0.0000 | clipped=0.0000(上限20.0)
Ψ矩阵条件数 cond(Ψ) = 8.88e+00
Loss=0.093795 | E0=-0.49927849-0.00000015j | E1=-0.49927744-0.00000167j|E2=0.18193252+0.00000006j|E3=0.91041780+0.00000070j
#-----------------------------------------#
[Step 438] logΨ: mean=2.054+0.317j | min=1.627-3.127j | max=2.263+3.064j
梯度监控 | raw=0.0000 | natural=0.0000 | clipped=0.0000(上限20.0)
Ψ矩阵条件数 cond(Ψ) = 1.15e+01
Loss=0.093795 | E0=-0.49927899+0.00000161j | E1=-0.49927813-0.00000009j|E2=0.18193240-0.00000016j|E3=0.91041946-0.00000160j
#-----------------------------------------#
[Step 439] logΨ: mean=2.040+0.265j | min=1.627-3.127j | max=2.263+3.064j
梯度监控 | raw=0.0000 | natural=0.0001 | clipped=0.0001(上限20.0)
Ψ矩阵条件数 cond(Ψ) = 1.15e+01
Loss=0.093795 | E0=-0.49927855-0.00000007j | E1=-0.49927744-0.00000083j|E2=0.18193340+0.00000062j|E3=0.91041589+0.00000113j
#-----------------------------------------#
[Step 440] logΨ: mean=2.041+0.221j | min=1.627-3.127j | max=2.263+3.064j
梯度监控 | raw=0.0000 | natural=0.0000 | clipped=0.0000(上限20.0)
Ψ矩阵条件数 cond(Ψ) = 1.15e+01
Loss=0.093795 | E0=-0.49927849+0.00000007j | E1=-0.49927738-0.00000046j|E2=0.18193223+0.00000001j|E3=0.91041839+0.00000038j
#-----------------------------------------#
[Step 441] logΨ: mean=2.053+0.378j | min=1.627-3.127j | max=2.263+3.064j
梯度监控 | raw=0.0000 | natural=0.0000 | clipped=0.0000(上限20.0)
Ψ矩阵条件数 cond(Ψ) = 8.88e+00
Loss=0.093795 | E0=-0.49927828+0.00000006j | E1=-0.49927792-0.00000133j|E2=0.18193281+0.00000088j|E3=0.91041803+0.00000085j
#-----------------------------------------#
[Step 442] logΨ: mean=2.059+0.321j | min=1.627-3.127j | max=2.263+3.064j
梯度监控 | raw=0.0000 | natural=0.0000 | clipped=0.0000(上限20.0)
Ψ矩阵条件数 cond(Ψ) = 1.15e+01
Loss=0.093795 | E0=-0.49927834+0.00000007j | E1=-0.49927774-0.00000072j|E2=0.18193288+0.00000056j|E3=0.91041851+0.00000035j
#-----------------------------------------#
[Step 443] logΨ: mean=2.047+0.298j | min=1.627-3.127j | max=2.263+3.064j
梯度监控 | raw=0.0000 | natural=0.0000 | clipped=0.0000(上限20.0)
Ψ矩阵条件数 cond(Ψ) = 8.88e+00
Loss=0.093795 | E0=-0.49927911+0.00000083j | E1=-0.49927875-0.00000006j|E2=0.18193232-0.00000012j|E3=0.91041946-0.00000060j
#-----------------------------------------#
[Step 444] logΨ: mean=2.051+0.353j | min=1.627-3.127j | max=2.263+3.064j
梯度监控 | raw=0.0000 | natural=0.0000 | clipped=0.0000(上限20.0)
Ψ矩阵条件数 cond(Ψ) = 1.15e+01
Loss=0.093795 | E0=-0.49927843+0.00000021j | E1=-0.49927816+0.00000005j|E2=0.18193221+0.00000035j|E3=0.91041887-0.00000040j
#-----------------------------------------#
[Step 445] logΨ: mean=2.044+0.246j | min=1.627-3.127j | max=2.263+3.064j
梯度监控 | raw=0.0000 | natural=0.0000 | clipped=0.0000(上限20.0)
Ψ矩阵条件数 cond(Ψ) = 1.15e+01
Loss=0.093795 | E0=-0.49927920+0.00000069j | E1=-0.49927843+0.00000000j|E2=0.18193260-0.00000004j|E3=0.91042018-0.00000073j
#-----------------------------------------#
[Step 446] logΨ: mean=2.060+0.262j | min=1.627-3.127j | max=2.263+3.064j
梯度监控 | raw=0.0000 | natural=0.0000 | clipped=0.0000(上限20.0)
Ψ矩阵条件数 cond(Ψ) = 1.15e+01
Loss=0.093795 | E0=-0.49927849+0.00000116j | E1=-0.49927843-0.00000007j|E2=0.18193187+0.00000021j|E3=0.91042078-0.00000251j
#-----------------------------------------#
[Step 447] logΨ: mean=2.040+0.279j | min=-3.539+3.113j | max=2.262+3.064j
梯度监控 | raw=0.3540 | natural=0.0033 | clipped=0.0033(上限20.0)
Ψ矩阵条件数 cond(Ψ) = 1.15e+01
Loss=0.094235 | E0=-0.49927768+0.00000072j | E1=-0.49883866-0.00000055j|E2=0.18193303+0.00000005j|E3=0.91041863+0.00000059j
#-----------------------------------------#
[Step 448] logΨ: mean=2.044+0.255j | min=1.626-3.128j | max=2.262+3.064j
梯度监控 | raw=0.0000 | natural=0.0001 | clipped=0.0001(上限20.0)
Ψ矩阵条件数 cond(Ψ) = 8.88e+00
Loss=0.093795 | E0=-0.49927825-0.00000006j | E1=-0.49927729-0.00000075j|E2=0.18193269-0.00000008j|E3=0.91041887+0.00000151j
#-----------------------------------------#
[Step 449] logΨ: mean=2.035+0.206j | min=1.626-3.128j | max=2.262+3.064j
梯度监控 | raw=0.0000 | natural=0.0000 | clipped=0.0000(上限20.0)
Ψ矩阵条件数 cond(Ψ) = 1.15e+01
Loss=0.093795 | E0=-0.49927869+0.00000004j | E1=-0.49927750-0.00000110j|E2=0.18193293+0.00000079j|E3=0.91041803+0.00000011j
#-----------------------------------------#
[Step 450] logΨ: mean=2.040+0.269j | min=-2.725+2.989j | max=2.263+3.064j
梯度监控 | raw=0.1344 | natural=0.0015 | clipped=0.0015(上限20.0)
Ψ矩阵条件数 cond(Ψ) = 1.15e+01
Loss=0.094023 | E0=-0.49927849-0.00000020j | E1=-0.49927810+0.00000046j|E2=0.18216056-0.00000034j|E3=0.91041780-0.00000026j
#-----------------------------------------#
[Step 451] logΨ: mean=2.048+0.332j | min=1.627-3.128j | max=2.263+3.064j
梯度监控 | raw=0.0000 | natural=0.0000 | clipped=0.0000(上限20.0)
Ψ矩阵条件数 cond(Ψ) = 8.88e+00
Loss=0.093795 | E0=-0.49927947+0.00000083j | E1=-0.49927795-0.00000003j|E2=0.18193255+0.00000017j|E3=0.91041958-0.00000007j
#-----------------------------------------#
[Step 452] logΨ: mean=2.041+0.265j | min=1.627-3.128j | max=2.263+3.064j
梯度监控 | raw=0.0000 | natural=0.0000 | clipped=0.0000(上限20.0)
Ψ矩阵条件数 cond(Ψ) = 8.88e+00
Loss=0.093795 | E0=-0.49927858+0.00000026j | E1=-0.49927816-0.00000006j|E2=0.18193285-0.00000065j|E3=0.91042018+0.00000034j
#-----------------------------------------#
[Step 453] logΨ: mean=2.048+0.315j | min=1.627-3.128j | max=2.263+3.064j
梯度监控 | raw=0.0000 | natural=0.0000 | clipped=0.0000(上限20.0)
Ψ矩阵条件数 cond(Ψ) = 1.15e+01
Loss=0.093795 | E0=-0.49927914-0.00000080j | E1=-0.49927846+0.00000004j|E2=0.18193279+0.00000021j|E3=0.91041923+0.00000054j
#-----------------------------------------#
[Step 454] logΨ: mean=2.056+0.286j | min=1.627-3.128j | max=2.263+3.064j
梯度监控 | raw=0.0000 | natural=0.0000 | clipped=0.0000(上限20.0)
Ψ矩阵条件数 cond(Ψ) = 1.15e+01
Loss=0.093795 | E0=-0.49927849-0.00000006j | E1=-0.49927813-0.00000005j|E2=0.18193206+0.00000009j|E3=0.91041934-0.00000089j
#-----------------------------------------#
[Step 455] logΨ: mean=2.049+0.296j | min=1.627-3.128j | max=2.263+3.064j
梯度监控 | raw=0.0000 | natural=0.0000 | clipped=0.0000(上限20.0)
Ψ矩阵条件数 cond(Ψ) = 8.88e+00
Loss=0.093795 | E0=-0.49927875+0.00000012j | E1=-0.49927765+0.00000022j|E2=0.18193223-0.00000023j|E3=0.91041970-0.00000002j
#-----------------------------------------#
[Step 456] logΨ: mean=2.034+0.290j | min=1.627-3.128j | max=2.263+3.064j
梯度监控 | raw=0.0000 | natural=0.0000 | clipped=0.0000(上限20.0)
Ψ矩阵条件数 cond(Ψ) = 8.88e+00
Loss=0.093795 | E0=-0.49927896-0.00000055j | E1=-0.49927837+0.00000030j|E2=0.18193214-0.00000001j|E3=0.91041851+0.00000028j
#-----------------------------------------#
[Step 457] logΨ: mean=2.044+0.346j | min=-3.682-0.027j | max=2.261+3.063j
梯度监控 | raw=0.4216 | natural=0.0084 | clipped=0.0084(上限20.0)
Ψ矩阵条件数 cond(Ψ) = 8.88e+00
Loss=0.094676 | E0=-0.49927866+0.00000002j | E1=-0.49839732-0.00000165j|E2=0.18193318+0.00000001j|E3=0.91041791+0.00000178j
#-----------------------------------------#
[Step 458] logΨ: mean=2.044+0.312j | min=1.625-3.128j | max=2.261+3.063j
梯度监控 | raw=0.0000 | natural=0.0000 | clipped=0.0000(上限20.0)
Ψ矩阵条件数 cond(Ψ) = 1.15e+01
Loss=0.093795 | E0=-0.49927843+0.00000002j | E1=-0.49927709-0.00000171j|E2=0.18193300+0.00000062j|E3=0.91041768+0.00000115j
#-----------------------------------------#
[Step 459] logΨ: mean=2.041+0.258j | min=1.625-3.128j | max=2.261+3.063j
梯度监控 | raw=0.0000 | natural=0.0000 | clipped=0.0000(上限20.0)
Ψ矩阵条件数 cond(Ψ) = 1.15e+01
Loss=0.093795 | E0=-0.49927837-0.00000009j | E1=-0.49927801-0.00000095j|E2=0.18193272+0.00000063j|E3=0.91041887+0.00000086j
#-----------------------------------------#
[Step 460] logΨ: mean=2.043+0.338j | min=1.625-3.128j | max=2.261+3.063j
梯度监控 | raw=0.0000 | natural=0.0000 | clipped=0.0000(上限20.0)
Ψ矩阵条件数 cond(Ψ) = 1.15e+01
Loss=0.093795 | E0=-0.49927819-0.00000031j | E1=-0.49927768-0.00000137j|E2=0.18193309+0.00000072j|E3=0.91041720+0.00000027j
#-----------------------------------------#
[Step 461] logΨ: mean=2.057+0.418j | min=1.625-3.128j | max=2.261+3.063j
梯度监控 | raw=0.0000 | natural=0.0000 | clipped=0.0000(上限20.0)
Ψ矩阵条件数 cond(Ψ) = 1.15e+01
Loss=0.093795 | E0=-0.49927887+0.00000077j | E1=-0.49927822-0.00000025j|E2=0.18193243-0.00000065j|E3=0.91042018-0.00000003j
#-----------------------------------------#
[Step 462] logΨ: mean=2.043+0.337j | min=1.625-3.128j | max=2.261+3.063j
梯度监控 | raw=0.0000 | natural=0.0000 | clipped=0.0000(上限20.0)
Ψ矩阵条件数 cond(Ψ) = 1.15e+01
Loss=0.093795 | E0=-0.49927834+0.00000015j | E1=-0.49927768-0.00000141j|E2=0.18193297+0.00000008j|E3=0.91041708+0.00000101j
#-----------------------------------------#
[Step 463] logΨ: mean=2.040+0.230j | min=1.625-3.128j | max=2.261+3.063j
梯度监控 | raw=0.0000 | natural=0.0000 | clipped=0.0000(上限20.0)
Ψ矩阵条件数 cond(Ψ) = 8.88e+00
Loss=0.093795 | E0=-0.49927813-0.00000002j | E1=-0.49927801-0.00000116j|E2=0.18193288+0.00000027j|E3=0.91041803+0.00000096j
#-----------------------------------------#
[Step 464] logΨ: mean=2.052+0.365j | min=-2.598+0.038j | max=2.261+3.063j
梯度监控 | raw=0.1059 | natural=0.0019 | clipped=0.0019(上限20.0)
Ψ矩阵条件数 cond(Ψ) = 1.15e+01
Loss=0.094022 | E0=-0.49927881-0.00000080j | E1=-0.49927831-0.00000007j|E2=0.18216144+0.00000019j|E3=0.91041815+0.00000083j
#-----------------------------------------#
[Step 465] logΨ: mean=2.058+0.445j | min=1.625-3.128j | max=2.261+3.063j
梯度监控 | raw=0.0000 | natural=0.0000 | clipped=0.0000(上限20.0)
Ψ矩阵条件数 cond(Ψ) = 1.15e+01
Loss=0.093795 | E0=-0.49927849+0.00000006j | E1=-0.49927750-0.00000073j|E2=0.18193227+0.00000104j|E3=0.91041911-0.00000064j
#-----------------------------------------#
[Step 466] logΨ: mean=2.044+0.293j | min=1.625-3.128j | max=2.261+3.063j
梯度监控 | raw=0.0000 | natural=0.0000 | clipped=0.0000(上限20.0)
Ψ矩阵条件数 cond(Ψ) = 8.88e+00
Loss=0.093795 | E0=-0.49927869-0.00000034j | E1=-0.49927798-0.00000007j|E2=0.18193278+0.00000010j|E3=0.91041875-0.00000032j
#-----------------------------------------#
[Step 467] logΨ: mean=2.032+0.229j | min=-2.703-0.099j | max=2.261+3.064j
梯度监控 | raw=0.2036 | natural=0.0021 | clipped=0.0021(上限20.0)
Ψ矩阵条件数 cond(Ψ) = 1.15e+01
Loss=0.094250 | E0=-0.49927863-0.00000036j | E1=-0.49927860+0.00000022j|E2=0.18238820+0.00000058j|E3=0.91041899+0.00000055j
#-----------------------------------------#
[Step 468] logΨ: mean=2.037+0.239j | min=1.625-3.128j | max=2.261+3.064j
梯度监控 | raw=0.0000 | natural=0.0000 | clipped=0.0000(上限20.0)
Ψ矩阵条件数 cond(Ψ) = 1.15e+01
Loss=0.093795 | E0=-0.49927858+0.00000009j | E1=-0.49927783-0.00000054j|E2=0.18193291+0.00000008j|E3=0.91041851+0.00000069j
#-----------------------------------------#
[Step 469] logΨ: mean=2.051+0.363j | min=1.625-3.128j | max=2.261+3.064j
梯度监控 | raw=0.0000 | natural=0.0000 | clipped=0.0000(上限20.0)
Ψ矩阵条件数 cond(Ψ) = 8.93e+00
Loss=0.093795 | E0=-0.49927866-0.00000007j | E1=-0.49927792-0.00000031j|E2=0.18193299+0.00000036j|E3=0.91041791+0.00000085j
#-----------------------------------------#
[Step 470] logΨ: mean=2.031+0.219j | min=1.625-3.128j | max=2.261+3.064j
梯度监控 | raw=0.0000 | natural=0.0000 | clipped=0.0000(上限20.0)
Ψ矩阵条件数 cond(Ψ) = 1.15e+01
Loss=0.093795 | E0=-0.49927944-0.00000055j | E1=-0.49927846+0.00000004j|E2=0.18193300+0.00000025j|E3=0.91041946-0.00000068j
#-----------------------------------------#
[Step 471] logΨ: mean=2.042+0.322j | min=-3.798-3.112j | max=2.260+3.063j
梯度监控 | raw=0.9146 | natural=0.0026 | clipped=0.0026(上限20.0)
Ψ矩阵条件数 cond(Ψ) = 8.93e+00
Loss=0.094676 | E0=-0.49927837-0.00000180j | E1=-0.49839780+0.00000261j|E2=0.18193269-0.00000058j|E3=0.91042078-0.00000022j
#-----------------------------------------#
[Step 472] logΨ: mean=2.050+0.344j | min=1.624-3.128j | max=2.260+3.063j
梯度监控 | raw=0.0000 | natural=0.0000 | clipped=0.0000(上限20.0)
Ψ矩阵条件数 cond(Ψ) = 8.88e+00
Loss=0.093795 | E0=-0.49927855-0.00000016j | E1=-0.49927780+0.00000072j|E2=0.18193239-0.00000010j|E3=0.91041899-0.00000069j
#-----------------------------------------#
[Step 473] logΨ: mean=2.032+0.309j | min=-2.771-3.036j | max=2.260+3.064j
梯度监控 | raw=1.1230 | natural=0.0127 | clipped=0.0127(上限20.0)
Ψ矩阵条件数 cond(Ψ) = 1.14e+01
Loss=0.099749 | E0=-0.49927807-0.00000054j | E1=-0.49355274+0.00000015j|E2=0.18216157-0.00000024j|E3=0.91041946-0.00000009j
#-----------------------------------------#
[Step 474] logΨ: mean=2.043+0.365j | min=1.624-3.128j | max=2.260+3.064j
梯度监控 | raw=0.0000 | natural=0.0000 | clipped=0.0000(上限20.0)
Ψ矩阵条件数 cond(Ψ) = 1.14e+01
Loss=0.093795 | E0=-0.49927837+0.00000006j | E1=-0.49927744+0.00000023j|E2=0.18193163+0.00000026j|E3=0.91041958+0.00000022j
#-----------------------------------------#
[Step 475] logΨ: mean=2.034+0.284j | min=-2.628+3.053j | max=2.260+3.064j
梯度监控 | raw=0.1217 | natural=0.0017 | clipped=0.0017(上限20.0)
Ψ矩阵条件数 cond(Ψ) = 8.92e+00
Loss=0.094023 | E0=-0.49927843-0.00000014j | E1=-0.49927810+0.00000063j|E2=0.18215957-0.00000064j|E3=0.91041923+0.00000069j
#-----------------------------------------#
[Step 476] logΨ: mean=2.043+0.317j | min=1.624-3.128j | max=2.260+3.064j
梯度监控 | raw=0.0000 | natural=0.0000 | clipped=0.0000(上限20.0)
Ψ矩阵条件数 cond(Ψ) = 1.14e+01
Loss=0.093795 | E0=-0.49927923-0.00000100j | E1=-0.49927846-0.00000008j|E2=0.18193284+0.00000010j|E3=0.91041982-0.00000001j
#-----------------------------------------#
[Step 477] logΨ: mean=2.042+0.247j | min=1.624-3.128j | max=2.260+3.064j
梯度监控 | raw=0.0000 | natural=0.0000 | clipped=0.0000(上限20.0)
Ψ矩阵条件数 cond(Ψ) = 1.14e+01
Loss=0.093795 | E0=-0.49927849+0.00000006j | E1=-0.49927828+0.00000069j|E2=0.18193217+0.00000013j|E3=0.91041887-0.00000097j
#-----------------------------------------#
[Step 478] logΨ: mean=2.035+0.429j | min=-3.968-1.365j | max=2.260+3.063j
梯度监控 | raw=0.5845 | natural=0.0042 | clipped=0.0042(上限20.0)
Ψ矩阵条件数 cond(Ψ) = 1.14e+01
Loss=0.094918 | E0=-0.49927944+0.00000052j | E1=-0.49883637-0.00000061j|E2=0.18261544+0.00000022j|E3=0.91041887+0.00000043j
#-----------------------------------------#
[Step 479] logΨ: mean=2.027+0.331j | min=-2.836+0.102j | max=2.259+3.063j
梯度监控 | raw=0.6942 | natural=0.0075 | clipped=0.0075(上限20.0)
Ψ矩阵条件数 cond(Ψ) = 8.87e+00
Loss=0.096879 | E0=-0.49927974+0.00000062j | E1=-0.49619454+0.00000100j|E2=0.18193220-0.00000046j|E3=0.91042042-0.00000152j
#-----------------------------------------#
[Step 480] logΨ: mean=2.036+0.343j | min=-3.604-0.100j | max=2.259+3.063j
梯度监控 | raw=0.3928 | natural=0.0038 | clipped=0.0038(上限20.0)
Ψ矩阵条件数 cond(Ψ) = 8.88e+00
Loss=0.094463 | E0=-0.49927822-0.00000069j | E1=-0.49883839+0.00000097j|E2=0.18216066-0.00000008j|E3=0.91041958-0.00000065j
#-----------------------------------------#
[Step 481] logΨ: mean=2.034+0.257j | min=1.622-3.129j | max=2.259+3.063j
梯度监控 | raw=0.0000 | natural=0.0000 | clipped=0.0000(上限20.0)
Ψ矩阵条件数 cond(Ψ) = 1.14e+01
Loss=0.093795 | E0=-0.49927843-0.00000002j | E1=-0.49927822+0.00000107j|E2=0.18193176-0.00000031j|E3=0.91042042-0.00000028j
#-----------------------------------------#
[Step 482] logΨ: mean=2.031+0.242j | min=1.622-3.129j | max=2.259+3.063j
梯度监控 | raw=0.0000 | natural=0.0000 | clipped=0.0000(上限20.0)
Ψ矩阵条件数 cond(Ψ) = 8.88e+00
Loss=0.093795 | E0=-0.49927917+0.00000058j | E1=-0.49927813+0.00000028j|E2=0.18193227-0.00000016j|E3=0.91042030-0.00000096j
#-----------------------------------------#
[Step 483] logΨ: mean=2.041+0.326j | min=-2.736-3.107j | max=2.259+3.063j
梯度监控 | raw=0.1213 | natural=0.0017 | clipped=0.0017(上限20.0)
Ψ矩阵条件数 cond(Ψ) = 8.88e+00
Loss=0.094023 | E0=-0.49927992+0.00000033j | E1=-0.49927869-0.00000012j|E2=0.18216085+0.00000017j|E3=0.91041946-0.00000063j
#-----------------------------------------#
[Step 484] logΨ: mean=2.030+0.365j | min=1.622-3.129j | max=2.259+3.063j
梯度监控 | raw=0.0000 | natural=0.0000 | clipped=0.0000(上限20.0)
Ψ矩阵条件数 cond(Ψ) = 1.14e+01
Loss=0.093795 | E0=-0.49927920-0.00000028j | E1=-0.49927822-0.00000011j|E2=0.18193306-0.00000032j|E3=0.91041934+0.00000025j
#-----------------------------------------#
[Step 485] logΨ: mean=2.047+0.402j | min=1.622-3.129j | max=2.259+3.063j
梯度监控 | raw=0.0000 | natural=0.0000 | clipped=0.0000(上限20.0)
Ψ矩阵条件数 cond(Ψ) = 8.93e+00
Loss=0.093795 | E0=-0.49927869+0.00000026j | E1=-0.49927777-0.00000146j|E2=0.18193303+0.00000009j|E3=0.91041768+0.00000072j
#-----------------------------------------#
[Step 486] logΨ: mean=2.035+0.386j | min=1.622-3.129j | max=2.259+3.063j
梯度监控 | raw=0.0000 | natural=0.0000 | clipped=0.0000(上限20.0)
Ψ矩阵条件数 cond(Ψ) = 8.93e+00
Loss=0.093795 | E0=-0.49927896+0.00000060j | E1=-0.49927810+0.00000029j|E2=0.18193209-0.00000029j|E3=0.91042018+0.00000030j
#-----------------------------------------#
[Step 487] logΨ: mean=2.041+0.438j | min=-2.658+3.112j | max=2.259+3.063j
梯度监控 | raw=0.1252 | natural=0.0016 | clipped=0.0016(上限20.0)
Ψ矩阵条件数 cond(Ψ) = 1.14e+01
Loss=0.094022 | E0=-0.49927956+0.00000048j | E1=-0.49927869-0.00000012j|E2=0.18216068-0.00000043j|E3=0.91041994-0.00000050j
#-----------------------------------------#
[Step 488] logΨ: mean=2.050+0.493j | min=1.622-3.129j | max=2.259+3.063j
梯度监控 | raw=0.0000 | natural=0.0000 | clipped=0.0000(上限20.0)
Ψ矩阵条件数 cond(Ψ) = 8.87e+00
Loss=0.093795 | E0=-0.49927831+0.00000006j | E1=-0.49927828+0.00000075j|E2=0.18193172-0.00000016j|E3=0.91041946-0.00000104j
#-----------------------------------------#
[Step 489] logΨ: mean=2.045+0.381j | min=1.622-3.129j | max=2.259+3.063j
梯度监控 | raw=0.0000 | natural=0.0000 | clipped=0.0000(上限20.0)
Ψ矩阵条件数 cond(Ψ) = 1.14e+01
Loss=0.093795 | E0=-0.49927887+0.00000051j | E1=-0.49927813-0.00000009j|E2=0.18193218+0.00000003j|E3=0.91041994+0.00000018j
#-----------------------------------------#
[Step 490] logΨ: mean=2.043+0.429j | min=1.622-3.129j | max=2.259+3.063j
梯度监控 | raw=0.0000 | natural=0.0000 | clipped=0.0000(上限20.0)
Ψ矩阵条件数 cond(Ψ) = 8.93e+00
Loss=0.093795 | E0=-0.49927875-0.00000021j | E1=-0.49927843+0.00000054j|E2=0.18193226+0.00000004j|E3=0.91041958-0.00000074j
#-----------------------------------------#
[Step 491] logΨ: mean=2.045+0.428j | min=1.622-3.129j | max=2.259+3.063j
梯度监控 | raw=0.0000 | natural=0.0000 | clipped=0.0000(上限20.0)
Ψ矩阵条件数 cond(Ψ) = 1.14e+01
Loss=0.093795 | E0=-0.49927852+0.00000010j | E1=-0.49927786+0.00000037j|E2=0.18193217-0.00000001j|E3=0.91041970-0.00000038j
#-----------------------------------------#
[Step 492] logΨ: mean=2.061+0.567j | min=-2.733-0.029j | max=2.259+3.063j
梯度监控 | raw=0.1351 | natural=0.0015 | clipped=0.0015(上限20.0)
Ψ矩阵条件数 cond(Ψ) = 1.14e+01
Loss=0.094023 | E0=-0.49927878-0.00000030j | E1=-0.49927819-0.00000019j|E2=0.18216062+0.00000047j|E3=0.91041768+0.00000086j
#-----------------------------------------#
[Step 493] logΨ: mean=2.040+0.342j | min=1.622-3.129j | max=2.259+3.063j
梯度监控 | raw=0.0000 | natural=0.0001 | clipped=0.0001(上限20.0)
Ψ矩阵条件数 cond(Ψ) = 8.87e+00
Loss=0.093795 | E0=-0.49927852+0.00000006j | E1=-0.49927831-0.00000078j|E2=0.18193229-0.00000047j|E3=0.91041923+0.00000060j
#-----------------------------------------#
[Step 494] logΨ: mean=2.048+0.422j | min=1.622-3.129j | max=2.259+3.063j
梯度监控 | raw=0.0000 | natural=0.0000 | clipped=0.0000(上限20.0)
Ψ矩阵条件数 cond(Ψ) = 1.14e+01
Loss=0.093795 | E0=-0.49927884-0.00000089j | E1=-0.49927819-0.00000019j|E2=0.18193261+0.00000008j|E3=0.91041994+0.00000095j
#-----------------------------------------#
[Step 495] logΨ: mean=2.046+0.387j | min=1.622-3.129j | max=2.259+3.063j
梯度监控 | raw=0.0000 | natural=0.0000 | clipped=0.0000(上限20.0)
Ψ矩阵条件数 cond(Ψ) = 1.14e+01
Loss=0.093795 | E0=-0.49927825-0.00000027j | E1=-0.49927813+0.00000042j|E2=0.18193230-0.00000077j|E3=0.91041827+0.00000009j
#-----------------------------------------#
[Step 496] logΨ: mean=2.047+0.341j | min=1.622-3.129j | max=2.259+3.063j
梯度监控 | raw=0.0000 | natural=0.0000 | clipped=0.0000(上限20.0)
Ψ矩阵条件数 cond(Ψ) = 1.14e+01
Loss=0.093795 | E0=-0.49927872+0.00000011j | E1=-0.49927768-0.00000027j|E2=0.18193285+0.00000036j|E3=0.91041851+0.00000070j
#-----------------------------------------#
[Step 497] logΨ: mean=2.047+0.303j | min=1.622-3.129j | max=2.259+3.063j
梯度监控 | raw=0.0000 | natural=0.0000 | clipped=0.0000(上限20.0)
Ψ矩阵条件数 cond(Ψ) = 8.87e+00
Loss=0.093795 | E0=-0.49927849+0.00000015j | E1=-0.49927825+0.00000001j|E2=0.18193237-0.00000041j|E3=0.91041923+0.00000004j
#-----------------------------------------#
[Step 498] logΨ: mean=2.040+0.349j | min=1.622-3.129j | max=2.259+3.063j
梯度监控 | raw=0.0000 | natural=0.0000 | clipped=0.0000(上限20.0)
Ψ矩阵条件数 cond(Ψ) = 1.14e+01
Loss=0.093795 | E0=-0.49927932+0.00000030j | E1=-0.49927849+0.00000003j|E2=0.18193255-0.00000028j|E3=0.91041970-0.00000017j
#-----------------------------------------#
[Step 499] logΨ: mean=2.032+0.244j | min=-2.866-3.077j | max=2.259+3.063j
梯度监控 | raw=0.1381 | natural=0.0015 | clipped=0.0015(上限20.0)
Ψ矩阵条件数 cond(Ψ) = 1.14e+01
Loss=0.094022 | E0=-0.49927843-0.00000006j | E1=-0.49927807-0.00000015j|E2=0.18215968-0.00000015j|E3=0.91041803-0.00000033j
#-----------------------------------------#
