26-17-20-39 
============================================================
26-17-20-39 开始多链 NES-VMC 训练 | P8: 双侧一致列规范 + 周期性 gauge reset
26-17-20-39 超参数配置:
N_CHAINS =16
N_SAMPLES_PER_CHAIN =200
SWEEP_SIZE = 10
N_ITER = 300
Natural_Grad = True
clip_per_param = 10.0
    lr = 0.1
qgt_diag_shift = 0.1
RESET_PERIOD =\ 30
SAVE_INTERVAL = 20
26-17-20-39 ============================================================
26-17-20-39 精确CAS基准：基态=-1.05434745 Ha | 1激发=-0.95790573 Ha|2激发=-0.66895227 Ha|3激发=-0.55140192 Ha|
26-17-20-39 理论 Loss 上限：-3.23260738 
26-17-20-39 超参：clip_per_param=10.0, lr=0.1, QGT diag_shift=0.1, RESET_PERIOD=30
26-17-20-40 [Step   0] logΨ: mean=1.047-0.028j | min=-1.938-1.853j | max=2.293+2.041j
26-17-20-40 梯度监控 | raw=3.7715 | per_param=0.1133 |  natural=1.0026 | clipped=0.0301(per_param上限10.0)
26-17-20-40 原始规范坐标 G(Re Σrow_mean) = +1.0558 | 累计|g| = 0.0000
26-17-20-40 Ψ矩阵条件数 cond(Ψ) = 1.09e+01
26-17-20-40 Loss=0.891533 | E0=-0.46477758 | E1=0.04976835|E2=0.19577370|E3=1.02866740
26-17-20-40 #-----------------------------------------#
26-17-20-40 [Step   1] logΨ: mean=1.388+0.059j | min=-0.958+0.471j | max=2.634+1.989j
26-17-20-40 梯度监控 | raw=3.8033 | per_param=0.1143 |  natural=1.0381 | clipped=0.0312(per_param上限10.0)
26-17-20-40 原始规范坐标 G(Re Σrow_mean) = +1.3595 | 累计|g| = 0.0000
26-17-20-40 Ψ矩阵条件数 cond(Ψ) = 8.07e+00
26-17-20-40 Loss=0.656437 | E0=-0.55989385 | E1=0.00025852|E2=0.09634187|E3=0.94338758
26-17-20-40 #-----------------------------------------#
26-17-20-40 [Step   2] logΨ: mean=1.817-0.018j | min=-1.251-1.515j | max=2.999+1.720j
26-17-20-40 梯度监控 | raw=3.8530 | per_param=0.1158 |  natural=1.0237 | clipped=0.0308(per_param上限10.0)
26-17-20-40 原始规范坐标 G(Re Σrow_mean) = +1.7249 | 累计|g| = 0.0000
26-17-20-40 Ψ矩阵条件数 cond(Ψ) = 8.54e+00
26-17-20-40 Loss=0.380926 | E0=-0.66670858 | E1=-0.10173849|E2=0.04836366|E3=0.83479815
26-17-20-40 #-----------------------------------------#
26-17-20-40 [Step   3] logΨ: mean=2.289+0.148j | min=-0.453-2.905j | max=3.478+1.697j
26-17-20-40 梯度监控 | raw=3.4601 | per_param=0.1039 |  natural=1.0319 | clipped=0.0310(per_param上限10.0)
26-17-20-40 原始规范坐标 G(Re Σrow_mean) = +2.1140 | 累计|g| = 0.0000
26-17-20-40 Ψ矩阵条件数 cond(Ψ) = 1.10e+01
26-17-20-40 Loss=0.137307 | E0=-0.72354124 | E1=-0.21990135|E2=0.01831948|E3=0.71327469
26-17-20-40 #-----------------------------------------#
26-17-20-40 [Step   4] logΨ: mean=2.852+0.070j | min=-0.843+1.739j | max=3.993+1.750j
26-17-20-40 梯度监控 | raw=3.1091 | per_param=0.0934 |  natural=1.0151 | clipped=0.0305(per_param上限10.0)
26-17-20-40 原始规范坐标 G(Re Σrow_mean) = +2.5679 | 累计|g| = 0.0000
26-17-20-40 Ψ矩阵条件数 cond(Ψ) = 9.71e+00
26-17-20-40 Loss=-0.183703 | E0=-0.79583020 | E1=-0.34679726|E2=-0.01511765|E3=0.56397139
26-17-20-40 #-----------------------------------------#
26-17-20-40 [Step   5] logΨ: mean=3.445+0.028j | min=0.612-0.177j | max=4.583+1.733j
26-17-20-40 梯度监控 | raw=3.0908 | per_param=0.0929 |  natural=0.9650 | clipped=0.0290(per_param上限10.0)
26-17-20-40 原始规范坐标 G(Re Σrow_mean) = +3.0546 | 累计|g| = 0.0000
26-17-20-40 Ψ矩阵条件数 cond(Ψ) = 8.07e+00
26-17-20-40 Loss=-0.445526 | E0=-0.84310714 | E1=-0.47171634|E2=-0.04311227|E3=0.44958853
26-17-20-40 #-----------------------------------------#
26-17-20-40 [Step   6] logΨ: mean=4.074+0.126j | min=0.975+0.176j | max=5.232+1.719j
26-17-20-40 梯度监控 | raw=3.1196 | per_param=0.0937 |  natural=1.0155 | clipped=0.0305(per_param上限10.0)
26-17-20-40 原始规范坐标 G(Re Σrow_mean) = +3.5733 | 累计|g| = 0.0000
26-17-20-40 Ψ矩阵条件数 cond(Ψ) = 7.75e+00
26-17-20-40 Loss=-0.642241 | E0=-0.87263913 | E1=-0.56031011|E2=-0.07774756|E3=0.32850565
26-17-20-40 #-----------------------------------------#
26-17-20-40 [Step   7] logΨ: mean=4.815+0.073j | min=1.676+2.991j | max=5.907+1.719j
26-17-20-40 梯度监控 | raw=2.8642 | per_param=0.0860 |  natural=0.9944 | clipped=0.0299(per_param上限10.0)
26-17-20-40 原始规范坐标 G(Re Σrow_mean) = +4.1712 | 累计|g| = 0.0000
26-17-20-40 Ψ矩阵条件数 cond(Ψ) = 1.40e+01
26-17-20-40 Loss=-0.865551 | E0=-0.90120171 | E1=-0.63574956|E2=-0.12673962|E3=0.24232273
26-17-20-40 #-----------------------------------------#
26-17-20-40 [Step   8] logΨ: mean=5.594+0.080j | min=2.198+1.235j | max=6.661+1.894j
26-17-20-40 梯度监控 | raw=3.2795 | per_param=0.0985 |  natural=0.9640 | clipped=0.0290(per_param上限10.0)
26-17-20-40 原始规范坐标 G(Re Σrow_mean) = +4.8074 | 累计|g| = 0.0000
26-17-20-40 Ψ矩阵条件数 cond(Ψ) = 1.05e+01
26-17-20-40 Loss=-1.093217 | E0=-0.92631654 | E1=-0.69920379|E2=-0.20280250|E3=0.18392323
26-17-20-40 #-----------------------------------------#
26-17-20-40 [Step   9] logΨ: mean=6.329+0.085j | min=2.204-1.955j | max=7.455+1.929j
26-17-20-40 梯度监控 | raw=3.2402 | per_param=0.0973 |  natural=0.9379 | clipped=0.0282(per_param上限10.0)
26-17-20-40 原始规范坐标 G(Re Σrow_mean) = +5.4100 | 累计|g| = 0.0000
26-17-20-40 Ψ矩阵条件数 cond(Ψ) = 9.78e+00
26-17-20-40 Loss=-1.260134 | E0=-0.94369972 | E1=-0.76014779|E2=-0.25776709|E3=0.13365403
26-17-20-40 #-----------------------------------------#
26-17-20-40 [Step  10] logΨ: mean=7.151+0.243j | min=2.412+1.702j | max=8.276+1.937j
26-17-20-40 梯度监控 | raw=3.5056 | per_param=0.1053 |  natural=0.9153 | clipped=0.0275(per_param上限10.0)
26-17-20-40 原始规范坐标 G(Re Σrow_mean) = +6.1130 | 累计|g| = 0.0000
26-17-20-40 Ψ矩阵条件数 cond(Ψ) = 2.93e+01
26-17-20-40 Loss=-1.425535 | E0=-0.96065112 | E1=-0.80942220|E2=-0.32570448|E3=0.10554569
26-17-20-40 #-----------------------------------------#
26-17-20-40 [Step  11] logΨ: mean=8.014+0.179j | min=3.489-3.088j | max=9.020+1.972j
26-17-20-40 梯度监控 | raw=3.7380 | per_param=0.1123 |  natural=0.8277 | clipped=0.0249(per_param上限10.0)
26-17-20-40 原始规范坐标 G(Re Σrow_mean) = +6.8530 | 累计|g| = 0.0000
26-17-20-40 Ψ矩阵条件数 cond(Ψ) = 1.88e+01
26-17-20-40 Loss=-1.672823 | E0=-0.97954256 | E1=-0.85870943|E2=-0.39702231|E3=0.08554147
26-17-20-40 #-----------------------------------------#
26-17-20-40 [Step  12] logΨ: mean=8.739+0.306j | min=4.279+0.816j | max=9.741+2.128j
26-17-20-40 梯度监控 | raw=3.2410 | per_param=0.0974 |  natural=0.7800 | clipped=0.0234(per_param上限10.0)
26-17-20-40 原始规范坐标 G(Re Σrow_mean) = +7.4715 | 累计|g| = 0.0000
26-17-20-40 Ψ矩阵条件数 cond(Ψ) = 1.39e+01
26-17-20-40 Loss=-1.820585 | E0=-0.98997932 | E1=-0.88990066|E2=-0.43444445|E3=0.05853784
26-17-20-40 #-----------------------------------------#
26-17-20-40 [Step  13] logΨ: mean=9.472+0.208j | min=4.644-0.847j | max=10.502+2.142j
26-17-20-40 梯度监控 | raw=3.7166 | per_param=0.1117 |  natural=0.8145 | clipped=0.0245(per_param上限10.0)
26-17-20-40 原始规范坐标 G(Re Σrow_mean) = +8.1092 | 累计|g| = 0.0000
26-17-20-40 Ψ矩阵条件数 cond(Ψ) = 7.47e+00
26-17-20-40 Loss=-1.868459 | E0=-1.00104974 | E1=-0.90667027|E2=-0.45999182|E3=0.04845048
26-17-20-40 #-----------------------------------------#
26-17-20-40 [Step  14] logΨ: mean=10.239+0.306j | min=6.084-2.984j | max=11.271+2.204j
26-17-20-40 梯度监控 | raw=4.3891 | per_param=0.1319 |  natural=0.7383 | clipped=0.0222(per_param上限10.0)
26-17-20-40 原始规范坐标 G(Re Σrow_mean) = +8.7794 | 累计|g| = 0.0000
26-17-20-40 Ψ矩阵条件数 cond(Ψ) = 1.43e+01
26-17-20-40 Loss=-1.961602 | E0=-1.00661137 | E1=-0.92310109|E2=-0.49430189|E3=0.03399858
26-17-20-40 #-----------------------------------------#
26-17-20-40 [Step  15] logΨ: mean=10.978+0.339j | min=6.268-0.155j | max=11.973+2.230j
26-17-20-40 梯度监控 | raw=4.3164 | per_param=0.1297 |  natural=0.7156 | clipped=0.0215(per_param上限10.0)
26-17-20-40 原始规范坐标 G(Re Σrow_mean) = +9.4322 | 累计|g| = 0.0000
26-17-20-40 Ψ矩阵条件数 cond(Ψ) = 1.14e+01
26-17-20-40 Loss=-2.075026 | E0=-1.02061102 | E1=-0.93504830|E2=-0.51197594|E3=0.01634878
26-17-20-40 #-----------------------------------------#
26-17-20-40 [Step  16] logΨ: mean=11.629+0.141j | min=6.464+1.667j | max=12.542+2.318j
26-17-20-40 梯度监控 | raw=5.2945 | per_param=0.1591 |  natural=0.6325 | clipped=0.0190(per_param上限10.0)
26-17-20-40 原始规范坐标 G(Re Σrow_mean) = +10.0263 | 累计|g| = 0.0000
26-17-20-40 Ψ矩阵条件数 cond(Ψ) = 2.22e+01
26-17-20-40 Loss=-2.171164 | E0=-1.02560506 | E1=-0.94542079|E2=-0.53684953|E3=0.00071768
26-17-20-40 #-----------------------------------------#
26-17-20-40 [Step  17] logΨ: mean=12.201+0.284j | min=6.534+1.757j | max=13.108+2.385j
26-17-20-40 梯度监控 | raw=5.7885 | per_param=0.1739 |  natural=0.6541 | clipped=0.0197(per_param上限10.0)
26-17-20-40 原始规范坐标 G(Re Σrow_mean) = +10.5029 | 累计|g| = 0.0000
26-17-20-40 Ψ矩阵条件数 cond(Ψ) = 1.21e+01
26-17-20-40 Loss=-2.232579 | E0=-1.02875035 | E1=-0.94905822|E2=-0.54734674|E3=-0.01995405
26-17-20-40 #-----------------------------------------#
26-17-20-40 [Step  18] logΨ: mean=12.789-0.047j | min=8.755+1.185j | max=13.604+2.408j
26-17-20-40 梯度监控 | raw=6.0020 | per_param=0.1803 |  natural=0.5267 | clipped=0.0158(per_param上限10.0)
26-17-20-40 原始规范坐标 G(Re Σrow_mean) = +11.0315 | 累计|g| = 0.0000
26-17-20-40 Ψ矩阵条件数 cond(Ψ) = 1.36e+01
26-17-20-40 Loss=-2.320219 | E0=-1.03862743 | E1=-0.95167719|E2=-0.55442526|E3=-0.03680729
26-17-20-40 #-----------------------------------------#
26-17-20-40 [Step  19] logΨ: mean=13.365+0.182j | min=8.252+1.811j | max=14.241+2.379j
26-17-20-40 梯度监控 | raw=7.0540 | per_param=0.2119 |  natural=0.5966 | clipped=0.0179(per_param上限10.0)
26-17-20-40 原始规范坐标 G(Re Σrow_mean) = +11.5673 | 累计|g| = 0.0000
26-17-20-40 Ψ矩阵条件数 cond(Ψ) = 2.61e+01
26-17-20-40 Loss=-2.318922 | E0=-1.03998110 | E1=-0.95310033|E2=-0.56230591|E3=-0.05040537
26-17-20-40 #-----------------------------------------#
26-17-20-40 [保存] Step 19 → pickle 文件已更新 (20 条记录)
26-17-20-40 [Step  20] logΨ: mean=13.736+0.142j | min=9.717-1.452j | max=14.555+2.578j
26-17-20-40 梯度监控 | raw=8.1328 | per_param=0.2443 |  natural=0.4718 | clipped=0.0142(per_param上限10.0)
26-17-20-40 原始规范坐标 G(Re Σrow_mean) = +11.9394 | 累计|g| = 0.0000
26-17-20-40 Ψ矩阵条件数 cond(Ψ) = 1.65e+01
26-17-20-40 Loss=-2.403027 | E0=-1.04460720 | E1=-0.95495992|E2=-0.56890361|E3=-0.07672722
26-17-20-40 #-----------------------------------------#
26-17-20-40 [Step  21] logΨ: mean=14.081+0.244j | min=9.374+0.569j | max=14.861+2.664j
26-17-20-40 梯度监控 | raw=9.3064 | per_param=0.2796 |  natural=0.4633 | clipped=0.0139(per_param上限10.0)
26-17-20-40 原始规范坐标 G(Re Σrow_mean) = +12.2460 | 累计|g| = 0.0000
26-17-20-40 Ψ矩阵条件数 cond(Ψ) = 1.68e+01
26-17-20-40 Loss=-2.425693 | E0=-1.04536661 | E1=-0.95567341|E2=-0.57549741|E3=-0.08945176
26-17-20-40 #-----------------------------------------#
26-17-20-40 [Step  22] logΨ: mean=14.509+0.408j | min=9.907-2.893j | max=15.269+2.652j
26-17-20-40 梯度监控 | raw=11.4443 | per_param=0.3438 |  natural=0.4197 | clipped=0.0126(per_param上限10.0)
26-17-20-40 原始规范坐标 G(Re Σrow_mean) = +12.6574 | 累计|g| = 0.0000
26-17-20-40 Ψ矩阵条件数 cond(Ψ) = 1.46e+01
26-17-20-40 Loss=-2.478421 | E0=-1.04558494 | E1=-0.95642281|E2=-0.57747508|E3=-0.11252818
26-17-20-40 #-----------------------------------------#
26-17-20-40 [Step  23] logΨ: mean=14.863+0.052j | min=10.250+2.340j | max=15.601+2.604j
26-17-20-40 梯度监控 | raw=11.0916 | per_param=0.3332 |  natural=0.4250 | clipped=0.0128(per_param上限10.0)
26-17-20-40 原始规范坐标 G(Re Σrow_mean) = +12.9549 | 累计|g| = 0.0000
26-17-20-40 Ψ矩阵条件数 cond(Ψ) = 1.63e+01
26-17-20-40 Loss=-2.492347 | E0=-1.04662841 | E1=-0.95604095|E2=-0.58069985|E3=-0.13265529
26-17-20-40 #-----------------------------------------#
26-17-20-40 [Step  24] logΨ: mean=15.317+0.254j | min=9.038-0.492j | max=16.070+2.547j
26-17-20-40 梯度监控 | raw=12.7493 | per_param=0.3830 |  natural=0.4310 | clipped=0.0129(per_param上限10.0)
26-17-20-40 原始规范坐标 G(Re Σrow_mean) = +13.4241 | 累计|g| = 0.0000
26-17-20-40 Ψ矩阵条件数 cond(Ψ) = 1.59e+01
26-17-20-40 Loss=-2.505241 | E0=-1.04797297 | E1=-0.95632697|E2=-0.58471003|E3=-0.15588533
26-17-20-40 #-----------------------------------------#
26-17-20-40 [Step  25] logΨ: mean=15.666+0.206j | min=9.631+0.208j | max=16.313+2.651j
26-17-20-40 梯度监控 | raw=16.2015 | per_param=0.4867 |  natural=0.3746 | clipped=0.0113(per_param上限10.0)
26-17-20-40 原始规范坐标 G(Re Σrow_mean) = +13.7492 | 累计|g| = 0.0000
26-17-20-40 Ψ矩阵条件数 cond(Ψ) = 3.97e+01
26-17-20-40 Loss=-2.559564 | E0=-1.04732133 | E1=-0.95632303|E2=-0.58766115|E3=-0.17018657
26-17-20-40 #-----------------------------------------#
26-17-20-40 [Step  26] logΨ: mean=15.882+0.147j | min=11.278-0.924j | max=16.563+2.263j
26-17-20-40 梯度监控 | raw=18.8686 | per_param=0.5669 |  natural=0.2917 | clipped=0.0088(per_param上限10.0)
26-17-20-40 原始规范坐标 G(Re Σrow_mean) = +13.9341 | 累计|g| = 0.0000
26-17-20-40 Ψ矩阵条件数 cond(Ψ) = 5.36e+01
26-17-20-40 Loss=-2.572197 | E0=-1.04865234 | E1=-0.95607389|E2=-0.58753127|E3=-0.19607778
26-17-20-40 #-----------------------------------------#
26-17-20-40 [Step  27] logΨ: mean=15.961+0.326j | min=10.230-2.735j | max=16.654+2.373j
26-17-20-40 梯度监控 | raw=21.4345 | per_param=0.6439 |  natural=0.5083 | clipped=0.0153(per_param上限10.0)
26-17-20-40 原始规范坐标 G(Re Σrow_mean) = +14.0532 | 累计|g| = 0.0000
26-17-20-40 Ψ矩阵条件数 cond(Ψ) = 1.84e+01
26-17-20-40 Loss=-2.598004 | E0=-1.04916493 | E1=-0.95611722|E2=-0.59323131|E3=-0.20175108
26-17-20-40 #-----------------------------------------#
26-17-20-40 [Step  28] logΨ: mean=16.140+0.319j | min=11.414+2.814j | max=16.831+2.421j
26-17-20-40 梯度监控 | raw=22.5303 | per_param=0.6769 |  natural=0.3852 | clipped=0.0116(per_param上限10.0)
26-17-20-40 原始规范坐标 G(Re Σrow_mean) = +14.3613 | 累计|g| = 0.0000
26-17-20-40 Ψ矩阵条件数 cond(Ψ) = 2.69e+01
26-17-20-40 Loss=-2.608599 | E0=-1.04818971 | E1=-0.95620390|E2=-0.59489017|E3=-0.21513871
26-17-20-40 #-----------------------------------------#
26-17-20-40 [Step  29] logΨ: mean=16.312+0.455j | min=11.898+1.292j | max=17.002+2.504j
26-17-20-40 梯度监控 | raw=29.0088 | per_param=0.8715 |  natural=0.3334 | clipped=0.0100(per_param上限10.0)
26-17-20-40 原始规范坐标 G(Re Σrow_mean) = +14.5455 | 累计|g| = 0.0000
26-17-20-40 Ψ矩阵条件数 cond(Ψ) = 9.63e+01
26-17-20-40 Loss=-2.627278 | E0=-1.04749306 | E1=-0.95629803|E2=-0.59693763|E3=-0.21624089
26-17-20-40 #-----------------------------------------#
26-17-20-40 [GaugeReset@30] 吸收 Δg = Σ Re(col_mean) = +14.5455 | 新|g| = 7.8672
26-17-20-40 [Step  30] logΨ: mean=2.046+0.763j | min=-2.546+0.537j | max=2.733+2.945j
26-17-20-40 梯度监控 | raw=36.3829 | per_param=1.0930 |  natural=0.2855 | clipped=0.0086(per_param上限10.0)
26-17-20-40 原始规范坐标 G(Re Σrow_mean) = +14.8275 | 累计|g| = 7.8672
26-17-20-40 Ψ矩阵条件数 cond(Ψ) = 5.09e+01
26-17-20-40 Loss=-2.642310 | E0=-1.04920903 | E1=-0.95616835|E2=-0.59875036|E3=-0.23737453
26-17-20-40 #-----------------------------------------#
26-17-20-40 [Step  31] logΨ: mean=2.278+0.607j | min=-2.337+0.509j | max=3.005+2.912j
26-17-20-40 梯度监控 | raw=41.6191 | per_param=1.2503 |  natural=0.2222 | clipped=0.0067(per_param上限10.0)
26-17-20-40 原始规范坐标 G(Re Σrow_mean) = +15.0472 | 累计|g| = 7.8672
26-17-20-40 Ψ矩阵条件数 cond(Ψ) = 2.24e+01
26-17-20-40 Loss=-2.654975 | E0=-1.04924668 | E1=-0.95578658|E2=-0.59994461|E3=-0.26672314
26-17-20-40 #-----------------------------------------#
26-17-20-40 [Step  32] logΨ: mean=2.419+0.583j | min=-2.007-0.862j | max=3.222+2.960j
26-17-20-40 梯度监控 | raw=45.6746 | per_param=1.3722 |  natural=0.2719 | clipped=0.0082(per_param上限10.0)
26-17-20-40 原始规范坐标 G(Re Σrow_mean) = +15.2761 | 累计|g| = 7.8672
26-17-20-40 Ψ矩阵条件数 cond(Ψ) = 6.93e+01
26-17-20-40 Loss=-2.682742 | E0=-1.04825688 | E1=-0.95581446|E2=-0.60275889|E3=-0.29367582
26-17-20-40 #-----------------------------------------#
26-17-20-40 [Step  33] logΨ: mean=2.651+0.743j | min=-1.132-0.513j | max=3.465+2.981j
26-17-20-40 梯度监控 | raw=51.7139 | per_param=1.5536 |  natural=0.1948 | clipped=0.0059(per_param上限10.0)
26-17-20-40 原始规范坐标 G(Re Σrow_mean) = +15.5073 | 累计|g| = 7.8672
26-17-20-40 Ψ矩阵条件数 cond(Ψ) = 1.86e+01
26-17-20-40 Loss=-2.701607 | E0=-1.04827401 | E1=-0.95582178|E2=-0.60413142|E3=-0.31827956
26-17-20-40 #-----------------------------------------#
26-17-20-40 [Step  34] logΨ: mean=2.829+0.377j | min=-3.762+1.518j | max=3.710+2.916j
26-17-20-40 梯度监控 | raw=51.1346 | per_param=1.5362 |  natural=0.2453 | clipped=0.0074(per_param上限10.0)
26-17-20-40 原始规范坐标 G(Re Σrow_mean) = +15.5924 | 累计|g| = 7.8672
26-17-20-40 Ψ矩阵条件数 cond(Ψ) = 1.69e+01
26-17-20-40 Loss=-2.691641 | E0=-1.04894425 | E1=-0.95535691|E2=-0.60639074|E3=-0.34232407
26-17-20-40 #-----------------------------------------#
26-17-20-40 [Step  35] logΨ: mean=2.991+0.799j | min=-1.799-1.515j | max=3.854+2.972j
26-17-20-40 梯度监控 | raw=66.1130 | per_param=1.9862 |  natural=0.3296 | clipped=0.0099(per_param上限10.0)
26-17-20-40 原始规范坐标 G(Re Σrow_mean) = +15.8980 | 累计|g| = 7.8672
26-17-20-40 Ψ矩阵条件数 cond(Ψ) = 1.25e+01
26-17-20-40 Loss=-2.749262 | E0=-1.04760803 | E1=-0.95530333|E2=-0.61036695|E3=-0.36784683
26-17-20-40 #-----------------------------------------#
26-17-20-40 [Step  36] logΨ: mean=3.128+0.853j | min=-0.879+0.786j | max=3.987+2.962j
26-17-20-40 梯度监控 | raw=68.5939 | per_param=2.0607 |  natural=0.1946 | clipped=0.0058(per_param上限10.0)
26-17-20-40 原始规范坐标 G(Re Σrow_mean) = +16.0469 | 累计|g| = 7.8672
26-17-20-40 Ψ矩阵条件数 cond(Ψ) = 2.02e+01
26-17-20-40 Loss=-2.754326 | E0=-1.04790785 | E1=-0.95498512|E2=-0.61267735|E3=-0.37876136
26-17-20-40 #-----------------------------------------#
26-17-20-40 [Step  37] logΨ: mean=3.378+0.754j | min=-1.401-1.465j | max=4.250+2.964j
26-17-20-40 梯度监控 | raw=72.4550 | per_param=2.1767 |  natural=0.1814 | clipped=0.0054(per_param上限10.0)
26-17-20-40 原始规范坐标 G(Re Σrow_mean) = +16.2772 | 累计|g| = 7.8672
26-17-20-40 Ψ矩阵条件数 cond(Ψ) = 1.03e+01
26-17-20-40 Loss=-2.767373 | E0=-1.04788390 | E1=-0.95490832|E2=-0.61322083|E3=-0.40826675
26-17-20-40 #-----------------------------------------#
26-17-20-40 [Step  38] logΨ: mean=3.475+0.782j | min=-0.896+3.002j | max=4.376+2.981j
26-17-20-40 梯度监控 | raw=79.4093 | per_param=2.3856 |  natural=0.1661 | clipped=0.0050(per_param上限10.0)
26-17-20-40 原始规范坐标 G(Re Σrow_mean) = +16.4292 | 累计|g| = 7.8672
26-17-20-40 Ψ矩阵条件数 cond(Ψ) = 2.59e+01
26-17-20-40 Loss=-2.787375 | E0=-1.04810904 | E1=-0.95502906|E2=-0.61621350|E3=-0.42690464
26-17-20-40 #-----------------------------------------#
26-17-20-40 [Step  39] logΨ: mean=3.652+0.738j | min=-1.774-0.632j | max=4.594+2.908j
26-17-20-40 梯度监控 | raw=85.1216 | per_param=2.5572 |  natural=0.2572 | clipped=0.0077(per_param上限10.0)
26-17-20-40 原始规范坐标 G(Re Σrow_mean) = +16.6149 | 累计|g| = 7.8672
26-17-20-40 Ψ矩阵条件数 cond(Ψ) = 1.76e+01
26-17-20-40 Loss=-2.800912 | E0=-1.04757415 | E1=-0.95464972|E2=-0.61854720|E3=-0.44752407
26-17-20-40 #-----------------------------------------#
26-17-20-40 [保存] Step 39 → pickle 文件已更新 (40 条记录)
26-17-20-40 [Step  40] logΨ: mean=3.923+0.871j | min=0.269-2.879j | max=4.757+2.919j
26-17-20-40 梯度监控 | raw=84.0212 | per_param=2.5242 |  natural=0.1704 | clipped=0.0051(per_param上限10.0)
26-17-20-40 原始规范坐标 G(Re Σrow_mean) = +16.8939 | 累计|g| = 7.8672
26-17-20-40 Ψ矩阵条件数 cond(Ψ) = 5.53e+01
26-17-20-40 Loss=-2.852732 | E0=-1.04814293 | E1=-0.95456914|E2=-0.62344878|E3=-0.47077623
26-17-20-40 #-----------------------------------------#
26-17-20-40 [Step  41] logΨ: mean=3.966+0.961j | min=-0.631-0.400j | max=4.864+2.955j
26-17-20-40 梯度监控 | raw=91.0838 | per_param=2.7363 |  natural=0.1763 | clipped=0.0053(per_param上限10.0)
26-17-20-40 原始规范坐标 G(Re Σrow_mean) = +16.9981 | 累计|g| = 7.8672
26-17-20-40 Ψ矩阵条件数 cond(Ψ) = 2.46e+01
26-17-20-40 Loss=-2.849740 | E0=-1.04761910 | E1=-0.95462970|E2=-0.62377261|E3=-0.47840543
26-17-20-40 #-----------------------------------------#
26-17-20-40 [Step  42] logΨ: mean=4.035+0.806j | min=-0.070-2.827j | max=4.992+2.953j
26-17-20-40 梯度监控 | raw=86.1853 | per_param=2.5892 |  natural=0.1142 | clipped=0.0034(per_param上限10.0)
26-17-20-40 原始规范坐标 G(Re Σrow_mean) = +16.9516 | 累计|g| = 7.8672
26-17-20-40 Ψ矩阵条件数 cond(Ψ) = 1.05e+01
26-17-20-40 Loss=-2.827014 | E0=-1.04736791 | E1=-0.95447141|E2=-0.62535903|E3=-0.48137106
26-17-20-40 #-----------------------------------------#
26-17-20-40 [Step  43] logΨ: mean=4.338+1.224j | min=0.385+0.309j | max=5.172+2.991j
26-17-20-40 梯度监控 | raw=89.6672 | per_param=2.6938 |  natural=0.2049 | clipped=0.0062(per_param上限10.0)
26-17-20-40 原始规范坐标 G(Re Σrow_mean) = +17.3551 | 累计|g| = 7.8672
26-17-20-40 Ψ矩阵条件数 cond(Ψ) = 1.06e+01
26-17-20-40 Loss=-2.891892 | E0=-1.04746478 | E1=-0.95431913|E2=-0.62924879|E3=-0.50195918
26-17-20-40 #-----------------------------------------#
26-17-20-40 [Step  44] logΨ: mean=4.324+0.999j | min=-0.560+1.649j | max=5.192+2.878j
26-17-20-40 梯度监控 | raw=93.1705 | per_param=2.7990 |  natural=0.1894 | clipped=0.0057(per_param上限10.0)
26-17-20-40 原始规范坐标 G(Re Σrow_mean) = +17.3354 | 累计|g| = 7.8672
26-17-20-40 Ψ矩阵条件数 cond(Ψ) = 1.10e+01
26-17-20-40 Loss=-2.899689 | E0=-1.04713289 | E1=-0.95430186|E2=-0.63144247|E3=-0.51004007
26-17-20-40 #-----------------------------------------#
26-17-20-40 [Step  45] logΨ: mean=4.626+0.842j | min=0.312+0.199j | max=5.322+2.878j
26-17-20-40 梯度监控 | raw=87.0886 | per_param=2.6163 |  natural=0.0970 | clipped=0.0029(per_param上限10.0)
26-17-20-40 原始规范坐标 G(Re Σrow_mean) = +17.7033 | 累计|g| = 7.8672
26-17-20-40 Ψ矩阵条件数 cond(Ψ) = 1.42e+01
26-17-20-40 Loss=-2.963251 | E0=-1.04738536 | E1=-0.95410644|E2=-0.63649443|E3=-0.52296734
26-17-20-40 #-----------------------------------------#
26-17-20-40 [Step  46] logΨ: mean=4.701+0.860j | min=-1.976+0.184j | max=5.533+2.836j
26-17-20-40 梯度监控 | raw=89.0473 | per_param=2.6752 |  natural=0.3223 | clipped=0.0097(per_param上限10.0)
26-17-20-40 原始规范坐标 G(Re Σrow_mean) = +17.8060 | 累计|g| = 7.8672
26-17-20-40 Ψ矩阵条件数 cond(Ψ) = 1.17e+01
26-17-20-40 Loss=-2.938381 | E0=-1.04733011 | E1=-0.95374392|E2=-0.63828934|E3=-0.52363207
26-17-20-40 #-----------------------------------------#
26-17-20-40 [Step  47] logΨ: mean=4.820+0.589j | min=0.116-2.946j | max=5.608+2.882j
26-17-20-40 梯度监控 | raw=87.3934 | per_param=2.6255 |  natural=0.2383 | clipped=0.0072(per_param上限10.0)
26-17-20-40 原始规范坐标 G(Re Σrow_mean) = +17.9169 | 累计|g| = 7.8672
26-17-20-40 Ψ矩阵条件数 cond(Ψ) = 2.11e+01
26-17-20-40 Loss=-2.968489 | E0=-1.04686660 | E1=-0.95357808|E2=-0.64223557|E3=-0.53257474
26-17-20-40 #-----------------------------------------#
26-17-20-40 [Step  48] logΨ: mean=5.196+0.697j | min=-0.242+0.281j | max=5.942+2.889j
26-17-20-40 梯度监控 | raw=75.6106 | per_param=2.2715 |  natural=0.3538 | clipped=0.0106(per_param上限10.0)
26-17-20-40 原始规范坐标 G(Re Σrow_mean) = +18.3122 | 累计|g| = 7.8672
26-17-20-40 Ψ矩阵条件数 cond(Ψ) = 2.13e+01
26-17-20-40 Loss=-2.999754 | E0=-1.04640561 | E1=-0.95323273|E2=-0.64306860|E3=-0.53433898
26-17-20-40 #-----------------------------------------#
26-17-20-40 [Step  49] logΨ: mean=5.157+0.734j | min=-0.289-2.790j | max=5.913+2.976j
26-17-20-40 梯度监控 | raw=86.1878 | per_param=2.5893 |  natural=0.1566 | clipped=0.0047(per_param上限10.0)
26-17-20-40 原始规范坐标 G(Re Σrow_mean) = +18.1818 | 累计|g| = 7.8672
26-17-20-40 Ψ矩阵条件数 cond(Ψ) = 1.12e+01
26-17-20-40 Loss=-2.993287 | E0=-1.04681681 | E1=-0.95325225|E2=-0.64593180|E3=-0.53717596
26-17-20-40 #-----------------------------------------#
26-17-20-41 [Step  50] logΨ: mean=5.298+0.718j | min=0.259-2.220j | max=6.098+2.935j
26-17-20-41 梯度监控 | raw=86.7150 | per_param=2.6051 |  natural=0.1499 | clipped=0.0045(per_param上限10.0)
26-17-20-41 原始规范坐标 G(Re Σrow_mean) = +18.2791 | 累计|g| = 7.8672
26-17-20-41 Ψ矩阵条件数 cond(Ψ) = 1.15e+01
26-17-20-41 Loss=-2.988679 | E0=-1.04700585 | E1=-0.95320684|E2=-0.64671722|E3=-0.53544883
26-17-20-41 #-----------------------------------------#
26-17-20-41 [Step  51] logΨ: mean=5.582+0.792j | min=-0.476-2.234j | max=6.151+2.949j
26-17-20-41 梯度监控 | raw=72.1606 | per_param=2.1679 |  natural=0.1317 | clipped=0.0040(per_param上限10.0)
26-17-20-41 原始规范坐标 G(Re Σrow_mean) = +18.6727 | 累计|g| = 7.8672
26-17-20-41 Ψ矩阵条件数 cond(Ψ) = 1.16e+01
26-17-20-41 Loss=-3.065367 | E0=-1.04655248 | E1=-0.95316919|E2=-0.65061430|E3=-0.54447864
26-17-20-41 #-----------------------------------------#
26-17-20-41 [Step  52] logΨ: mean=5.674+1.017j | min=0.916-2.485j | max=6.223+2.972j
26-17-20-41 梯度监控 | raw=79.0891 | per_param=2.3760 |  natural=0.1359 | clipped=0.0041(per_param上限10.0)
26-17-20-41 原始规范坐标 G(Re Σrow_mean) = +18.7626 | 累计|g| = 7.8672
26-17-20-41 Ψ矩阵条件数 cond(Ψ) = 1.13e+01
26-17-20-41 Loss=-3.065084 | E0=-1.04677473 | E1=-0.95310766|E2=-0.65129770|E3=-0.54492265
26-17-20-41 #-----------------------------------------#
26-17-20-41 [Step  53] logΨ: mean=5.794+1.142j | min=1.106-2.887j | max=6.315+2.967j
26-17-20-41 梯度监控 | raw=67.5739 | per_param=2.0301 |  natural=0.1221 | clipped=0.0037(per_param上限10.0)
26-17-20-41 原始规范坐标 G(Re Σrow_mean) = +18.8441 | 累计|g| = 7.8672
26-17-20-41 Ψ矩阵条件数 cond(Ψ) = 1.13e+01
26-17-20-41 Loss=-3.078868 | E0=-1.04682792 | E1=-0.95289380|E2=-0.65257802|E3=-0.54578660
26-17-20-41 #-----------------------------------------#
26-17-20-41 [Step  54] logΨ: mean=5.726+0.977j | min=0.137+1.134j | max=6.373+2.986j
26-17-20-41 梯度监控 | raw=67.5297 | per_param=2.0287 |  natural=0.0919 | clipped=0.0028(per_param上限10.0)
26-17-20-41 原始规范坐标 G(Re Σrow_mean) = +18.6528 | 累计|g| = 7.8672
26-17-20-41 Ψ矩阵条件数 cond(Ψ) = 2.61e+01
26-17-20-41 Loss=-3.053352 | E0=-1.04708550 | E1=-0.95301863|E2=-0.65244581|E3=-0.54349049
26-17-20-41 #-----------------------------------------#
26-17-20-41 [Step  55] logΨ: mean=6.007+1.115j | min=1.094-0.924j | max=6.514+2.955j
26-17-20-41 梯度监控 | raw=58.9222 | per_param=1.7701 |  natural=0.2057 | clipped=0.0062(per_param上限10.0)
26-17-20-41 原始规范坐标 G(Re Σrow_mean) = +18.9371 | 累计|g| = 7.8672
26-17-20-41 Ψ矩阵条件数 cond(Ψ) = 1.19e+01
26-17-20-41 Loss=-3.086429 | E0=-1.04658606 | E1=-0.95294379|E2=-0.65463834|E3=-0.54632608
26-17-20-41 #-----------------------------------------#
26-17-20-41 [Step  56] logΨ: mean=6.111+1.210j | min=1.902-2.660j | max=6.559+2.962j
26-17-20-41 梯度监控 | raw=60.8060 | per_param=1.8267 |  natural=0.0926 | clipped=0.0028(per_param上限10.0)
26-17-20-41 原始规范坐标 G(Re Σrow_mean) = +19.0902 | 累计|g| = 7.8672
26-17-20-41 Ψ矩阵条件数 cond(Ψ) = 1.19e+01
26-17-20-41 Loss=-3.104864 | E0=-1.04686478 | E1=-0.95313485|E2=-0.65561621|E3=-0.54717002
26-17-20-41 #-----------------------------------------#
26-17-20-41 [Step  57] logΨ: mean=6.229+1.162j | min=-0.319+0.055j | max=6.666+2.921j
26-17-20-41 梯度监控 | raw=46.7935 | per_param=1.4058 |  natural=0.1075 | clipped=0.0032(per_param上限10.0)
26-17-20-41 原始规范坐标 G(Re Σrow_mean) = +19.1009 | 累计|g| = 7.8672
26-17-20-41 Ψ矩阵条件数 cond(Ψ) = 1.19e+01
26-17-20-41 Loss=-3.116925 | E0=-1.04669929 | E1=-0.95299398|E2=-0.65617381|E3=-0.54803197
26-17-20-41 #-----------------------------------------#
26-17-20-41 [Step  58] logΨ: mean=6.216+1.236j | min=-0.009-0.057j | max=6.692+2.943j
26-17-20-41 梯度监控 | raw=42.7397 | per_param=1.2840 |  natural=0.2166 | clipped=0.0065(per_param上限10.0)
26-17-20-41 原始规范坐标 G(Re Σrow_mean) = +19.0748 | 累计|g| = 7.8672
26-17-20-41 Ψ矩阵条件数 cond(Ψ) = 2.49e+01
26-17-20-41 Loss=-3.119299 | E0=-1.04663938 | E1=-0.95314777|E2=-0.65691525|E3=-0.54724470
26-17-20-41 #-----------------------------------------#
26-17-20-41 [Step  59] logΨ: mean=6.427+1.512j | min=0.360-0.261j | max=6.874+3.006j
26-17-20-41 梯度监控 | raw=36.8973 | per_param=1.1085 |  natural=0.2739 | clipped=0.0082(per_param上限10.0)
26-17-20-41 原始规范坐标 G(Re Σrow_mean) = +19.1477 | 累计|g| = 7.8672
26-17-20-41 Ψ矩阵条件数 cond(Ψ) = 1.20e+01
26-17-20-41 Loss=-3.119752 | E0=-1.04674182 | E1=-0.95315467|E2=-0.65763434|E3=-0.54790222
26-17-20-41 #-----------------------------------------#
26-17-20-41 [保存] Step 59 → pickle 文件已更新 (60 条记录)
26-17-20-41 [GaugeReset@60] 吸收 Δg = Σ Re(col_mean) = +19.1477 | 新|g| = 10.2714
26-17-20-41 [Step  60] logΨ: mean=1.992+1.535j | min=-4.610+0.167j | max=2.331+2.245j
26-17-20-41 梯度监控 | raw=23.8254 | per_param=0.7158 |  natural=0.1678 | clipped=0.0050(per_param上限10.0)
26-17-20-41 原始规范坐标 G(Re Σrow_mean) = +19.3575 | 累计|g| = 10.2714
26-17-20-41 Ψ矩阵条件数 cond(Ψ) = 2.05e+01
26-17-20-41 Loss=-3.147964 | E0=-1.04651267 | E1=-0.95320484|E2=-0.65839642|E3=-0.54886434
26-17-20-41 #-----------------------------------------#
26-17-20-41 [Step  61] logΨ: mean=2.070+0.966j | min=-2.644+2.316j | max=2.387+2.232j
26-17-20-41 梯度监控 | raw=29.6700 | per_param=0.8913 |  natural=0.1028 | clipped=0.0031(per_param上限10.0)
26-17-20-41 原始规范坐标 G(Re Σrow_mean) = +19.3899 | 累计|g| = 10.2714
26-17-20-41 Ψ矩阵条件数 cond(Ψ) = 2.05e+01
26-17-20-41 Loss=-3.151264 | E0=-1.04640552 | E1=-0.95326477|E2=-0.65842262|E3=-0.54932730
26-17-20-41 #-----------------------------------------#
26-17-20-41 [Step  62] logΨ: mean=1.928+1.399j | min=-3.685-0.330j | max=2.402+2.289j
26-17-20-41 梯度监控 | raw=54.0117 | per_param=1.6226 |  natural=0.1184 | clipped=0.0036(per_param上限10.0)
26-17-20-41 原始规范坐标 G(Re Σrow_mean) = +19.2682 | 累计|g| = 10.2714
26-17-20-41 Ψ矩阵条件数 cond(Ψ) = 2.06e+01
26-17-20-41 Loss=-3.129768 | E0=-1.04649948 | E1=-0.95354298|E2=-0.65759684|E3=-0.54845522
26-17-20-41 #-----------------------------------------#
26-17-20-41 [Step  63] logΨ: mean=2.188+0.712j | min=-2.623+2.653j | max=2.468+2.289j
26-17-20-41 梯度监控 | raw=24.8446 | per_param=0.7464 |  natural=0.1409 | clipped=0.0042(per_param上限10.0)
26-17-20-41 原始规范坐标 G(Re Σrow_mean) = +19.4691 | 累计|g| = 10.2714
26-17-20-41 Ψ矩阵条件数 cond(Ψ) = 2.10e+01
26-17-20-41 Loss=-3.160325 | E0=-1.04624191 | E1=-0.95357643|E2=-0.65830793|E3=-0.54961147
26-17-20-41 #-----------------------------------------#
26-17-20-41 [Step  64] logΨ: mean=2.209+0.171j | min=-3.450+2.375j | max=2.571+2.314j
26-17-20-41 梯度监控 | raw=32.6257 | per_param=0.9801 |  natural=0.1803 | clipped=0.0054(per_param上限10.0)
26-17-20-41 原始规范坐标 G(Re Σrow_mean) = +19.4288 | 累计|g| = 10.2714
26-17-20-41 Ψ矩阵条件数 cond(Ψ) = 2.08e+01
26-17-20-41 Loss=-3.143875 | E0=-1.04613081 | E1=-0.95364211|E2=-0.65795406|E3=-0.54924868
26-17-20-41 #-----------------------------------------#
26-17-20-41 [Step  65] logΨ: mean=2.259+0.427j | min=-3.213+0.330j | max=2.644+2.261j
26-17-20-41 梯度监控 | raw=19.7109 | per_param=0.5922 |  natural=0.1763 | clipped=0.0053(per_param上限10.0)
26-17-20-41 原始规范坐标 G(Re Σrow_mean) = +19.4426 | 累计|g| = 10.2714
26-17-20-41 Ψ矩阵条件数 cond(Ψ) = 2.16e+01
26-17-20-41 Loss=-3.159929 | E0=-1.04615186 | E1=-0.95368810|E2=-0.65890743|E3=-0.54962861
26-17-20-41 #-----------------------------------------#
26-17-20-41 [Step  66] logΨ: mean=0.457+0.344j | min=-5.789+2.345j | max=0.763+2.434j
26-17-20-41 梯度监控 | raw=16.2757 | per_param=0.4890 |  natural=1.7852 | clipped=0.0536(per_param上限10.0)
26-17-20-41 原始规范坐标 G(Re Σrow_mean) = +17.5584 | 累计|g| = 10.2714
26-17-20-41 Ψ矩阵条件数 cond(Ψ) = 1.68e+01
26-17-20-41 Loss=-3.181169 | E0=-1.04556965 | E1=-0.95320225|E2=-0.65915257|E3=-0.55525671
26-17-20-41 #-----------------------------------------#
26-17-20-41 [Step  67] logΨ: mean=0.686+0.807j | min=-4.089+2.985j | max=1.021+2.431j
26-17-20-41 梯度监控 | raw=35.8874 | per_param=1.0781 |  natural=0.1026 | clipped=0.0031(per_param上限10.0)
26-17-20-41 原始规范坐标 G(Re Σrow_mean) = +17.6630 | 累计|g| = 10.2714
26-17-20-41 Ψ矩阵条件数 cond(Ψ) = 1.73e+01
26-17-20-41 Loss=-3.104597 | E0=-1.04543444 | E1=-0.95318468|E2=-0.65873803|E3=-0.55295505
26-17-20-41 #-----------------------------------------#
26-17-20-41 [Step  68] logΨ: mean=0.787+0.818j | min=-3.946+0.198j | max=1.109+2.689j
26-17-20-41 梯度监控 | raw=25.7957 | per_param=0.7750 |  natural=0.1316 | clipped=0.0040(per_param上限10.0)
26-17-20-41 原始规范坐标 G(Re Σrow_mean) = +17.7280 | 累计|g| = 10.2714
26-17-20-41 Ψ矩阵条件数 cond(Ψ) = 3.32e+01
26-17-20-41 Loss=-3.133417 | E0=-1.04583288 | E1=-0.95323565|E2=-0.65869204|E3=-0.55316511
26-17-20-41 #-----------------------------------------#
26-17-20-41 [Step  69] logΨ: mean=1.060+0.326j | min=-4.058-0.381j | max=1.338+2.597j
26-17-20-41 梯度监控 | raw=15.9495 | per_param=0.4792 |  natural=0.1071 | clipped=0.0032(per_param上限10.0)
26-17-20-41 原始规范坐标 G(Re Σrow_mean) = +17.9688 | 累计|g| = 10.2714
26-17-20-41 Ψ矩阵条件数 cond(Ψ) = 1.72e+01
26-17-20-41 Loss=-3.160777 | E0=-1.04582058 | E1=-0.95329550|E2=-0.65879285|E3=-0.55348417
26-17-20-41 #-----------------------------------------#
26-17-20-41 [Step  70] logΨ: mean=1.160+0.438j | min=-4.242+1.793j | max=1.582+2.704j
26-17-20-41 梯度监控 | raw=21.1519 | per_param=0.6354 |  natural=0.4572 | clipped=0.0137(per_param上限10.0)
26-17-20-41 原始规范坐标 G(Re Σrow_mean) = +17.9226 | 累计|g| = 10.2714
26-17-20-41 Ψ矩阵条件数 cond(Ψ) = 4.50e+01
26-17-20-41 Loss=-3.132881 | E0=-1.04600054 | E1=-0.95299314|E2=-0.65945602|E3=-0.55115027
26-17-20-41 #-----------------------------------------#
26-17-20-41 [Step  71] logΨ: mean=1.769+0.403j | min=-3.798+2.272j | max=1.911+2.650j
26-17-20-41 梯度监控 | raw=7.2964 | per_param=0.2192 |  natural=0.0744 | clipped=0.0022(per_param上限10.0)
26-17-20-41 原始规范坐标 G(Re Σrow_mean) = +18.5136 | 累计|g| = 10.2714
26-17-20-41 Ψ矩阵条件数 cond(Ψ) = 1.75e+01
26-17-20-41 Loss=-3.190127 | E0=-1.04579295 | E1=-0.95267822|E2=-0.65965176|E3=-0.55167232
26-17-20-41 #-----------------------------------------#
26-17-20-41 [Step  72] logΨ: mean=1.814+0.893j | min=-2.834-1.885j | max=2.055+2.592j
26-17-20-41 梯度监控 | raw=11.4743 | per_param=0.3447 |  natural=0.2252 | clipped=0.0068(per_param上限10.0)
26-17-20-41 原始规范坐标 G(Re Σrow_mean) = +18.5138 | 累计|g| = 10.2714
26-17-20-41 Ψ矩阵条件数 cond(Ψ) = 1.79e+01
26-17-20-41 Loss=-3.180978 | E0=-1.04575871 | E1=-0.95257222|E2=-0.66018221|E3=-0.55114083
26-17-20-41 #-----------------------------------------#
26-17-20-41 [Step  73] logΨ: mean=2.016+0.761j | min=-2.101+2.696j | max=2.234+2.493j
26-17-20-41 梯度监控 | raw=9.2228 | per_param=0.2771 |  natural=0.0802 | clipped=0.0024(per_param上限10.0)
26-17-20-41 原始规范坐标 G(Re Σrow_mean) = +18.6603 | 累计|g| = 10.2714
26-17-20-41 Ψ矩阵条件数 cond(Ψ) = 1.84e+01
26-17-20-41 Loss=-3.175033 | E0=-1.04570572 | E1=-0.95292428|E2=-0.65989942|E3=-0.55098269
26-17-20-41 #-----------------------------------------#
26-17-20-41 [Step  74] logΨ: mean=2.180+0.686j | min=-3.044-1.992j | max=2.457+2.489j
26-17-20-41 梯度监控 | raw=14.9165 | per_param=0.4481 |  natural=0.1497 | clipped=0.0045(per_param上限10.0)
26-17-20-41 原始规范坐标 G(Re Σrow_mean) = +18.8267 | 累计|g| = 10.2714
26-17-20-41 Ψ矩阵条件数 cond(Ψ) = 1.92e+01
26-17-20-41 Loss=-3.173628 | E0=-1.04578577 | E1=-0.95270672|E2=-0.66013119|E3=-0.55099408
26-17-20-41 #-----------------------------------------#
26-17-20-41 [Step  75] logΨ: mean=2.395+1.127j | min=-2.230-2.222j | max=2.609+2.398j
26-17-20-41 梯度监控 | raw=8.8084 | per_param=0.2646 |  natural=0.1148 | clipped=0.0034(per_param上限10.0)
26-17-20-41 原始规范坐标 G(Re Σrow_mean) = +19.0307 | 累计|g| = 10.2714
26-17-20-41 Ψ矩阵条件数 cond(Ψ) = 1.99e+01
26-17-20-41 Loss=-3.189739 | E0=-1.04570041 | E1=-0.95303186|E2=-0.66000601|E3=-0.55123973
26-17-20-41 #-----------------------------------------#
26-17-20-41 [Step  76] logΨ: mean=2.522+0.638j | min=-1.868-1.041j | max=2.735+2.318j
26-17-20-41 梯度监控 | raw=8.3064 | per_param=0.2495 |  natural=0.1499 | clipped=0.0045(per_param上限10.0)
26-17-20-41 原始规范坐标 G(Re Σrow_mean) = +19.0924 | 累计|g| = 10.2714
26-17-20-41 Ψ矩阵条件数 cond(Ψ) = 2.05e+01
26-17-20-41 Loss=-3.191204 | E0=-1.04548758 | E1=-0.95328783|E2=-0.66001811|E3=-0.55106930
26-17-20-41 #-----------------------------------------#
26-17-20-41 [Step  77] logΨ: mean=2.728+0.614j | min=-1.785+2.494j | max=2.876+2.301j
26-17-20-41 梯度监控 | raw=6.5365 | per_param=0.1964 |  natural=0.0670 | clipped=0.0020(per_param上限10.0)
26-17-20-41 原始规范坐标 G(Re Σrow_mean) = +19.2635 | 累计|g| = 10.2714
26-17-20-41 Ψ矩阵条件数 cond(Ψ) = 1.88e+01
26-17-20-41 Loss=-3.198446 | E0=-1.04562041 | E1=-0.95324065|E2=-0.66011669|E3=-0.55086213
26-17-20-41 #-----------------------------------------#
26-17-20-41 [Step  78] logΨ: mean=2.786+0.540j | min=-2.085-2.542j | max=3.028+2.229j
26-17-20-41 梯度监控 | raw=12.2554 | per_param=0.3682 |  natural=0.1166 | clipped=0.0035(per_param上限10.0)
26-17-20-41 原始规范坐标 G(Re Σrow_mean) = +19.3150 | 累计|g| = 10.2714
26-17-20-41 Ψ矩阵条件数 cond(Ψ) = 2.18e+01
26-17-20-41 Loss=-3.197084 | E0=-1.04561143 | E1=-0.95338956|E2=-0.66046133|E3=-0.55051538
26-17-20-41 #-----------------------------------------#
26-17-20-41 [Step  79] logΨ: mean=2.985+0.324j | min=-1.142-0.279j | max=3.157+2.170j
26-17-20-41 梯度监控 | raw=2.8232 | per_param=0.0848 |  natural=0.1044 | clipped=0.0031(per_param上限10.0)
26-17-20-41 原始规范坐标 G(Re Σrow_mean) = +19.3820 | 累计|g| = 10.2714
26-17-20-41 Ψ矩阵条件数 cond(Ψ) = 2.22e+01
26-17-20-41 Loss=-3.196814 | E0=-1.04561836 | E1=-0.95265920|E2=-0.66034157|E3=-0.55133081
26-17-20-41 #-----------------------------------------#
26-17-20-41 [保存] Step 79 → pickle 文件已更新 (80 条记录)
26-17-20-41 [Step  80] logΨ: mean=3.087+0.047j | min=-1.414-0.255j | max=3.284+2.097j
26-17-20-41 梯度监控 | raw=6.4466 | per_param=0.1937 |  natural=0.0984 | clipped=0.0030(per_param上限10.0)
26-17-20-41 原始规范坐标 G(Re Σrow_mean) = +19.4693 | 累计|g| = 10.2714
26-17-20-41 Ψ矩阵条件数 cond(Ψ) = 2.27e+01
26-17-20-41 Loss=-3.194225 | E0=-1.04557956 | E1=-0.95280177|E2=-0.66000489|E3=-0.55145202
26-17-20-41 #-----------------------------------------#
26-17-20-41 [Step  81] logΨ: mean=3.219+0.040j | min=-1.351-0.097j | max=3.473+1.939j
26-17-20-41 梯度监控 | raw=8.5809 | per_param=0.2578 |  natural=0.2194 | clipped=0.0066(per_param上限10.0)
26-17-20-41 原始规范坐标 G(Re Σrow_mean) = +19.6046 | 累计|g| = 10.2714
26-17-20-41 Ψ矩阵条件数 cond(Ψ) = 2.27e+01
26-17-20-41 Loss=-3.198296 | E0=-1.04556032 | E1=-0.95283914|E2=-0.66050505|E3=-0.55136408
26-17-20-41 #-----------------------------------------#
26-17-20-41 [Step  82] logΨ: mean=3.368+0.566j | min=-0.596+2.207j | max=3.510+1.936j
26-17-20-41 梯度监控 | raw=4.7263 | per_param=0.1420 |  natural=0.0656 | clipped=0.0020(per_param上限10.0)
26-17-20-41 原始规范坐标 G(Re Σrow_mean) = +19.7714 | 累计|g| = 10.2714
26-17-20-41 Ψ矩阵条件数 cond(Ψ) = 2.52e+01
26-17-20-41 Loss=-3.204553 | E0=-1.04544261 | E1=-0.95261264|E2=-0.66078117|E3=-0.55143580
26-17-20-41 #-----------------------------------------#
26-17-20-41 [Step  83] logΨ: mean=3.447+0.217j | min=-0.560+2.741j | max=3.579+1.936j
26-17-20-41 梯度监控 | raw=2.7686 | per_param=0.0832 |  natural=0.0481 | clipped=0.0014(per_param上限10.0)
26-17-20-41 原始规范坐标 G(Re Σrow_mean) = +19.8404 | 累计|g| = 10.2714
26-17-20-41 Ψ矩阵条件数 cond(Ψ) = 2.36e+01
26-17-20-41 Loss=-3.204338 | E0=-1.04530803 | E1=-0.95282252|E2=-0.66082345|E3=-0.55152475
26-17-20-41 #-----------------------------------------#
26-17-20-41 [Step  84] logΨ: mean=3.548-0.160j | min=-1.019-1.459j | max=3.712+1.910j
26-17-20-41 梯度监控 | raw=5.3968 | per_param=0.1621 |  natural=0.0750 | clipped=0.0023(per_param上限10.0)
26-17-20-41 原始规范坐标 G(Re Σrow_mean) = +19.9578 | 累计|g| = 10.2714
26-17-20-41 Ψ矩阵条件数 cond(Ψ) = 2.38e+01
26-17-20-41 Loss=-3.205021 | E0=-1.04542078 | E1=-0.95262822|E2=-0.66108185|E3=-0.55143779
26-17-20-41 #-----------------------------------------#
26-17-20-41 [Step  85] logΨ: mean=3.639-0.011j | min=-1.111-0.201j | max=3.946+1.685j
26-17-20-41 梯度监控 | raw=7.0484 | per_param=0.2117 |  natural=0.1540 | clipped=0.0046(per_param上限10.0)
26-17-20-41 原始规范坐标 G(Re Σrow_mean) = +20.0661 | 累计|g| = 10.2714
26-17-20-41 Ψ矩阵条件数 cond(Ψ) = 2.39e+01
26-17-20-41 Loss=-3.198724 | E0=-1.04527269 | E1=-0.95279909|E2=-0.66114451|E3=-0.55162168
26-17-20-41 #-----------------------------------------#
26-17-20-41 [Step  86] logΨ: mean=3.955+0.111j | min=-0.364+2.433j | max=4.072+1.630j
26-17-20-41 梯度监控 | raw=1.6159 | per_param=0.0485 |  natural=0.0980 | clipped=0.0029(per_param上限10.0)
26-17-20-41 原始规范坐标 G(Re Σrow_mean) = +20.3249 | 累计|g| = 10.2714
26-17-20-41 Ψ矩阵条件数 cond(Ψ) = 2.39e+01
26-17-20-41 Loss=-3.209989 | E0=-1.04533728 | E1=-0.95269914|E2=-0.66174304|E3=-0.55111203
26-17-20-41 #-----------------------------------------#
26-17-20-41 [Step  87] logΨ: mean=3.936-0.012j | min=-1.674+1.975j | max=4.056+1.574j
26-17-20-41 梯度监控 | raw=6.5057 | per_param=0.1954 |  natural=0.0978 | clipped=0.0029(per_param上限10.0)
26-17-20-41 原始规范坐标 G(Re Σrow_mean) = +20.2584 | 累计|g| = 10.2714
26-17-20-41 Ψ矩阵条件数 cond(Ψ) = 2.27e+01
26-17-20-41 Loss=-3.203080 | E0=-1.04525502 | E1=-0.95271045|E2=-0.66195558|E3=-0.55070836
26-17-20-41 #-----------------------------------------#
26-17-20-41 [Step  88] logΨ: mean=4.023+0.324j | min=-1.932+1.407j | max=4.146+1.475j
26-17-20-41 梯度监控 | raw=3.5718 | per_param=0.1073 |  natural=0.0646 | clipped=0.0019(per_param上限10.0)
26-17-20-41 原始规范坐标 G(Re Σrow_mean) = +20.3355 | 累计|g| = 10.2714
26-17-20-41 Ψ矩阵条件数 cond(Ψ) = 2.06e+01
26-17-20-41 Loss=-3.206841 | E0=-1.04516298 | E1=-0.95300127|E2=-0.66206612|E3=-0.55028215
26-17-20-41 #-----------------------------------------#
26-17-20-41 [Step  89] logΨ: mean=3.942+0.143j | min=-1.107+2.709j | max=4.068+1.326j
26-17-20-41 梯度监控 | raw=2.3852 | per_param=0.0717 |  natural=0.2883 | clipped=0.0087(per_param上限10.0)
26-17-20-41 原始规范坐标 G(Re Σrow_mean) = +20.1939 | 累计|g| = 10.2714
26-17-20-41 Ψ矩阵条件数 cond(Ψ) = 2.28e+01
26-17-20-41 Loss=-3.209309 | E0=-1.04502126 | E1=-0.95413485|E2=-0.66187055|E3=-0.54957813
26-17-20-41 #-----------------------------------------#
26-17-20-41 [GaugeReset@90] 吸收 Δg = Σ Re(col_mean) = +20.1939 | 新|g| = 10.8790
26-17-20-41 [Step  90] logΨ: mean=2.994+0.216j | min=-3.046-1.377j | max=3.106+1.443j
26-17-20-41 梯度监控 | raw=1.5963 | per_param=0.0480 |  natural=0.0708 | clipped=0.0021(per_param上限10.0)
26-17-20-41 原始规范坐标 G(Re Σrow_mean) = +20.2891 | 累计|g| = 10.8790
26-17-20-41 Ψ矩阵条件数 cond(Ψ) = 2.89e+01
26-17-20-41 Loss=-3.209441 | E0=-1.04496205 | E1=-0.95421467|E2=-0.66166072|E3=-0.54985504
26-17-20-41 #-----------------------------------------#
26-17-20-41 [Step  91] logΨ: mean=3.161+0.255j | min=-1.630-1.275j | max=3.201+1.311j
26-17-20-41 梯度监控 | raw=0.4353 | per_param=0.0131 |  natural=0.0544 | clipped=0.0016(per_param上限10.0)
26-17-20-41 原始规范坐标 G(Re Σrow_mean) = +20.4208 | 累计|g| = 10.8790
26-17-20-41 Ψ矩阵条件数 cond(Ψ) = 3.65e+01
26-17-20-41 Loss=-3.208645 | E0=-1.04496639 | E1=-0.95397498|E2=-0.66163458|E3=-0.55007324
26-17-20-41 #-----------------------------------------#
26-17-20-41 [Step  92] logΨ: mean=3.086+0.077j | min=-1.721+1.740j | max=3.227+1.298j
26-17-20-41 梯度监控 | raw=2.2508 | per_param=0.0676 |  natural=0.0688 | clipped=0.0021(per_param上限10.0)
26-17-20-41 原始规范坐标 G(Re Σrow_mean) = +20.3211 | 累计|g| = 10.8790
26-17-20-41 Ψ矩阵条件数 cond(Ψ) = 3.50e+01
26-17-20-41 Loss=-3.215813 | E0=-1.04498998 | E1=-0.95424095|E2=-0.66133518|E3=-0.54996553
26-17-20-41 #-----------------------------------------#
26-17-20-41 [Step  93] logΨ: mean=3.045-0.271j | min=-2.943+1.652j | max=3.233+1.322j
26-17-20-41 梯度监控 | raw=1.6516 | per_param=0.0496 |  natural=0.1050 | clipped=0.0032(per_param上限10.0)
26-17-20-41 原始规范坐标 G(Re Σrow_mean) = +20.2680 | 累计|g| = 10.8790
26-17-20-41 Ψ矩阵条件数 cond(Ψ) = 1.87e+01
26-17-20-41 Loss=-3.207888 | E0=-1.04503509 | E1=-0.95446644|E2=-0.66136655|E3=-0.54991610
26-17-20-41 #-----------------------------------------#
26-17-20-41 [Step  94] logΨ: mean=3.227-0.152j | min=-1.864-0.981j | max=3.333+1.451j
26-17-20-41 梯度监控 | raw=2.2565 | per_param=0.0678 |  natural=0.0477 | clipped=0.0014(per_param上限10.0)
26-17-20-41 原始规范坐标 G(Re Σrow_mean) = +20.4189 | 累计|g| = 10.8790
26-17-20-41 Ψ矩阵条件数 cond(Ψ) = 1.86e+01
26-17-20-41 Loss=-3.208053 | E0=-1.04496429 | E1=-0.95405146|E2=-0.66108457|E3=-0.54996237
26-17-20-41 #-----------------------------------------#
26-17-20-41 [Step  95] logΨ: mean=3.033-0.170j | min=-1.781-1.824j | max=3.206+1.507j
26-17-20-41 梯度监控 | raw=1.7887 | per_param=0.0537 |  natural=0.1190 | clipped=0.0036(per_param上限10.0)
26-17-20-41 原始规范坐标 G(Re Σrow_mean) = +20.3283 | 累计|g| = 10.8790
26-17-20-41 Ψ矩阵条件数 cond(Ψ) = 3.22e+01
26-17-20-41 Loss=-3.212325 | E0=-1.04500812 | E1=-0.95450986|E2=-0.66243734|E3=-0.54990082
26-17-20-41 #-----------------------------------------#
26-17-20-41 [Step  96] logΨ: mean=3.044-0.153j | min=-1.942-0.260j | max=3.267+1.569j
26-17-20-41 梯度监控 | raw=10.5068 | per_param=0.3156 |  natural=0.1572 | clipped=0.0047(per_param上限10.0)
26-17-20-41 原始规范坐标 G(Re Σrow_mean) = +20.2853 | 累计|g| = 10.8790
26-17-20-41 Ψ矩阵条件数 cond(Ψ) = 3.09e+01
26-17-20-41 Loss=-3.209139 | E0=-1.04501955 | E1=-0.95350188|E2=-0.66249597|E3=-0.54994326
26-17-20-41 #-----------------------------------------#
26-17-20-41 [Step  97] logΨ: mean=3.182+0.074j | min=-4.994-2.473j | max=3.410+1.555j
26-17-20-41 梯度监控 | raw=2.8806 | per_param=0.0865 |  natural=0.1095 | clipped=0.0033(per_param上限10.0)
26-17-20-41 原始规范坐标 G(Re Σrow_mean) = +20.3818 | 累计|g| = 10.8790
26-17-20-41 Ψ矩阵条件数 cond(Ψ) = 3.00e+01
26-17-20-41 Loss=-3.204398 | E0=-1.04502547 | E1=-0.95310848|E2=-0.66247969|E3=-0.54979553
26-17-20-41 #-----------------------------------------#
26-17-20-41 [Step  98] logΨ: mean=3.357+0.025j | min=-0.865-1.570j | max=3.496+1.542j
26-17-20-41 梯度监控 | raw=4.4495 | per_param=0.1337 |  natural=0.0610 | clipped=0.0018(per_param上限10.0)
26-17-20-41 原始规范坐标 G(Re Σrow_mean) = +20.5145 | 累计|g| = 10.8790
26-17-20-41 Ψ矩阵条件数 cond(Ψ) = 2.98e+01
26-17-20-41 Loss=-3.208591 | E0=-1.04500861 | E1=-0.95290595|E2=-0.66194321|E3=-0.54993694
26-17-20-41 #-----------------------------------------#
26-17-20-41 [Step  99] logΨ: mean=3.351-0.061j | min=-1.888-1.591j | max=3.473+1.539j
26-17-20-41 梯度监控 | raw=1.8306 | per_param=0.0550 |  natural=0.0886 | clipped=0.0027(per_param上限10.0)
26-17-20-41 原始规范坐标 G(Re Σrow_mean) = +20.6196 | 累计|g| = 10.8790
26-17-20-41 Ψ矩阵条件数 cond(Ψ) = 3.05e+01
26-17-20-41 Loss=-3.207744 | E0=-1.04494586 | E1=-0.95301158|E2=-0.66253897|E3=-0.55020780
26-17-20-41 #-----------------------------------------#
26-17-20-41 [保存] Step 99 → pickle 文件已更新 (100 条记录)
26-17-20-41 [Step 100] logΨ: mean=3.517-0.268j | min=-2.191+2.352j | max=3.654+1.525j
26-17-20-41 梯度监控 | raw=1.9638 | per_param=0.0590 |  natural=0.0351 | clipped=0.0011(per_param上限10.0)
26-17-20-41 原始规范坐标 G(Re Σrow_mean) = +20.6851 | 累计|g| = 10.8790
26-17-20-41 Ψ矩阵条件数 cond(Ψ) = 3.20e+01
26-17-20-41 Loss=-3.204699 | E0=-1.04490642 | E1=-0.95244221|E2=-0.66192336|E3=-0.55027378
26-17-20-41 #-----------------------------------------#
26-17-20-41 [Step 101] logΨ: mean=3.540-0.251j | min=-1.560+1.400j | max=3.689+1.501j
26-17-20-41 梯度监控 | raw=1.9296 | per_param=0.0580 |  natural=0.1111 | clipped=0.0033(per_param上限10.0)
26-17-20-41 原始规范坐标 G(Re Σrow_mean) = +20.6801 | 累计|g| = 10.8790
26-17-20-41 Ψ矩阵条件数 cond(Ψ) = 3.23e+01
26-17-20-41 Loss=-3.212737 | E0=-1.04507117 | E1=-0.95256101|E2=-0.66303488|E3=-0.55065605
26-17-20-41 #-----------------------------------------#
26-17-20-41 [Step 102] logΨ: mean=3.672-0.242j | min=-0.395+0.760j | max=3.773+1.465j
26-17-20-41 梯度监控 | raw=2.0126 | per_param=0.0605 |  natural=0.0511 | clipped=0.0015(per_param上限10.0)
26-17-20-41 原始规范坐标 G(Re Σrow_mean) = +20.8019 | 累计|g| = 10.8790
26-17-20-41 Ψ矩阵条件数 cond(Ψ) = 3.20e+01
26-17-20-41 Loss=-3.209797 | E0=-1.04502483 | E1=-0.95202335|E2=-0.66305701|E3=-0.55082261
26-17-20-41 #-----------------------------------------#
26-17-20-41 [Step 103] logΨ: mean=3.741+0.055j | min=-4.294-0.761j | max=3.988+1.540j
26-17-20-41 梯度监控 | raw=4.5188 | per_param=0.1358 |  natural=0.1290 | clipped=0.0039(per_param上限10.0)
26-17-20-41 原始规范坐标 G(Re Σrow_mean) = +20.8469 | 累计|g| = 10.8790
26-17-20-41 Ψ矩阵条件数 cond(Ψ) = 3.24e+01
26-17-20-41 Loss=-3.209836 | E0=-1.04516472 | E1=-0.95200627|E2=-0.66253606|E3=-0.55063062
26-17-20-41 #-----------------------------------------#
26-17-20-41 [Step 104] logΨ: mean=3.992+0.097j | min=-1.415-0.671j | max=4.097+1.647j
26-17-20-41 梯度监控 | raw=1.3772 | per_param=0.0414 |  natural=0.0536 | clipped=0.0016(per_param上限10.0)
26-17-20-41 原始规范坐标 G(Re Σrow_mean) = +21.0500 | 累计|g| = 10.8790
26-17-20-41 Ψ矩阵条件数 cond(Ψ) = 3.33e+01
26-17-20-41 Loss=-3.207212 | E0=-1.04510843 | E1=-0.95183550|E2=-0.66214113|E3=-0.55107488
26-17-20-41 #-----------------------------------------#
26-17-20-41 [Step 105] logΨ: mean=3.729+0.217j | min=-2.583+0.990j | max=4.096+1.677j
26-17-20-41 梯度监控 | raw=5.4077 | per_param=0.1625 |  natural=0.0924 | clipped=0.0028(per_param上限10.0)
26-17-20-41 原始规范坐标 G(Re Σrow_mean) = +20.8367 | 累计|g| = 10.8790
26-17-20-41 Ψ矩阵条件数 cond(Ψ) = 3.28e+01
26-17-20-41 Loss=-3.202665 | E0=-1.04521002 | E1=-0.95204787|E2=-0.66224012|E3=-0.55079087
26-17-20-41 #-----------------------------------------#
26-17-20-41 [Step 106] logΨ: mean=4.043+0.626j | min=-1.900+1.772j | max=4.449+1.955j
26-17-20-41 梯度监控 | raw=5.1766 | per_param=0.1555 |  natural=0.2651 | clipped=0.0080(per_param上限10.0)
26-17-20-41 原始规范坐标 G(Re Σrow_mean) = +20.9617 | 累计|g| = 10.8790
26-17-20-41 Ψ矩阵条件数 cond(Ψ) = 3.19e+01
26-17-20-41 Loss=-3.197830 | E0=-1.04538812 | E1=-0.95080303|E2=-0.66173124|E3=-0.55087892
26-17-20-41 #-----------------------------------------#
26-17-20-41 [Step 107] logΨ: mean=4.299-0.029j | min=-0.614-1.149j | max=4.540+1.578j
26-17-20-41 梯度监控 | raw=3.9585 | per_param=0.1189 |  natural=0.0445 | clipped=0.0013(per_param上限10.0)
26-17-20-41 原始规范坐标 G(Re Σrow_mean) = +21.2126 | 累计|g| = 10.8790
26-17-20-41 Ψ矩阵条件数 cond(Ψ) = 2.64e+01
26-17-20-41 Loss=-3.208950 | E0=-1.04520453 | E1=-0.94888961|E2=-0.66234487|E3=-0.55080727
26-17-20-41 #-----------------------------------------#
26-17-20-41 [Step 108] logΨ: mean=4.107+0.330j | min=-1.325-0.775j | max=4.233+1.362j
26-17-20-41 梯度监控 | raw=5.1060 | per_param=0.1534 |  natural=0.2207 | clipped=0.0066(per_param上限10.0)
26-17-20-41 原始规范坐标 G(Re Σrow_mean) = +21.0742 | 累计|g| = 10.8790
26-17-20-41 Ψ矩阵条件数 cond(Ψ) = 2.60e+01
26-17-20-41 Loss=-3.211282 | E0=-1.04501702 | E1=-0.94978976|E2=-0.66338484|E3=-0.55105062
26-17-20-41 #-----------------------------------------#
26-17-20-41 [Step 109] logΨ: mean=3.643-0.017j | min=-1.309-1.909j | max=3.782+1.300j
26-17-20-41 梯度监控 | raw=4.3849 | per_param=0.1317 |  natural=0.1943 | clipped=0.0058(per_param上限10.0)
26-17-20-41 原始规范坐标 G(Re Σrow_mean) = +20.6918 | 累计|g| = 10.8790
26-17-20-41 Ψ矩阵条件数 cond(Ψ) = 2.48e+01
26-17-20-41 Loss=-3.211793 | E0=-1.04489116 | E1=-0.95060769|E2=-0.66472775|E3=-0.55039108
26-17-20-41 #-----------------------------------------#
26-17-20-41 [Step 110] logΨ: mean=3.729-0.088j | min=-0.497+1.812j | max=3.786+1.358j
26-17-20-41 梯度监控 | raw=0.3657 | per_param=0.0110 |  natural=0.0112 | clipped=0.0003(per_param上限10.0)
26-17-20-41 原始规范坐标 G(Re Σrow_mean) = +20.7490 | 累计|g| = 10.8790
26-17-20-41 Ψ矩阵条件数 cond(Ψ) = 2.51e+01
26-17-20-41 Loss=-3.211062 | E0=-1.04485380 | E1=-0.95065138|E2=-0.66463191|E3=-0.55040389
26-17-20-41 #-----------------------------------------#
26-17-20-41 [Step 111] logΨ: mean=3.742-0.206j | min=-0.577+0.922j | max=3.791+1.332j
26-17-20-41 梯度监控 | raw=4.6568 | per_param=0.1399 |  natural=0.0059 | clipped=0.0002(per_param上限10.0)
26-17-20-41 原始规范坐标 G(Re Σrow_mean) = +20.7560 | 累计|g| = 10.8790
26-17-20-41 Ψ矩阵条件数 cond(Ψ) = 2.51e+01
26-17-20-41 Loss=-3.208647 | E0=-1.04483619 | E1=-0.95048689|E2=-0.66456704|E3=-0.55038520
26-17-20-41 #-----------------------------------------#
26-17-20-41 [Step 112] logΨ: mean=3.745-0.269j | min=0.274+0.088j | max=3.800+1.321j
26-17-20-41 梯度监控 | raw=0.3839 | per_param=0.0115 |  natural=0.0035 | clipped=0.0001(per_param上限10.0)
26-17-20-41 原始规范坐标 G(Re Σrow_mean) = +20.7451 | 累计|g| = 10.8790
26-17-20-41 Ψ矩阵条件数 cond(Ψ) = 2.51e+01
26-17-20-41 Loss=-3.211226 | E0=-1.04483169 | E1=-0.95032861|E2=-0.66459781|E3=-0.55037091
26-17-20-41 #-----------------------------------------#
26-17-20-41 [Step 113] logΨ: mean=3.753-0.257j | min=-2.711+0.456j | max=4.020+1.516j
26-17-20-41 梯度监控 | raw=7.5528 | per_param=0.2269 |  natural=0.5199 | clipped=0.0156(per_param上限10.0)
26-17-20-41 原始规范坐标 G(Re Σrow_mean) = +20.7864 | 累计|g| = 10.8790
26-17-20-41 Ψ矩阵条件数 cond(Ψ) = 2.39e+01
26-17-20-41 Loss=-3.199765 | E0=-1.04501569 | E1=-0.95038066|E2=-0.66572178|E3=-0.54992639
26-17-20-41 #-----------------------------------------#
26-17-20-41 [Step 114] logΨ: mean=3.943-0.130j | min=-1.867-2.466j | max=4.071+1.608j
26-17-20-41 梯度监控 | raw=6.0899 | per_param=0.1830 |  natural=0.0741 | clipped=0.0022(per_param上限10.0)
26-17-20-41 原始规范坐标 G(Re Σrow_mean) = +20.8942 | 累计|g| = 10.8790
26-17-20-41 Ψ矩阵条件数 cond(Ψ) = 2.40e+01
26-17-20-41 Loss=-3.192287 | E0=-1.04486220 | E1=-0.95144791|E2=-0.66435259|E3=-0.55017985
26-17-20-41 #-----------------------------------------#
26-17-20-41 [Step 115] logΨ: mean=4.013-0.153j | min=-0.918-2.333j | max=4.193+1.607j
26-17-20-41 梯度监控 | raw=3.4872 | per_param=0.1048 |  natural=0.0636 | clipped=0.0019(per_param上限10.0)
26-17-20-41 原始规范坐标 G(Re Σrow_mean) = +20.9556 | 累计|g| = 10.8790
26-17-20-41 Ψ矩阵条件数 cond(Ψ) = 2.40e+01
26-17-20-41 Loss=-3.197538 | E0=-1.04480845 | E1=-0.95141027|E2=-0.66360177|E3=-0.55028872
26-17-20-41 #-----------------------------------------#
26-17-20-41 [Step 116] logΨ: mean=3.738+0.094j | min=-2.344-1.041j | max=4.060+1.607j
26-17-20-41 梯度监控 | raw=5.8463 | per_param=0.1756 |  natural=0.2116 | clipped=0.0064(per_param上限10.0)
26-17-20-41 原始规范坐标 G(Re Σrow_mean) = +20.7201 | 累计|g| = 10.8790
26-17-20-41 Ψ矩阵条件数 cond(Ψ) = 2.31e+01
26-17-20-41 Loss=-3.199984 | E0=-1.04494621 | E1=-0.95129767|E2=-0.66285316|E3=-0.55001101
26-17-20-41 #-----------------------------------------#
26-17-20-41 [Step 117] logΨ: mean=3.762-0.368j | min=-3.731-0.292j | max=4.106+1.427j
26-17-20-41 梯度监控 | raw=5.4973 | per_param=0.1652 |  natural=0.0799 | clipped=0.0024(per_param上限10.0)
26-17-20-41 原始规范坐标 G(Re Σrow_mean) = +20.6854 | 累计|g| = 10.8790
26-17-20-41 Ψ矩阵条件数 cond(Ψ) = 2.42e+01
26-17-20-41 Loss=-3.188293 | E0=-1.04503254 | E1=-0.95167111|E2=-0.66243952|E3=-0.54986715
26-17-20-41 #-----------------------------------------#
26-17-20-41 [Step 118] logΨ: mean=4.000-0.503j | min=-2.996-1.043j | max=4.246+1.429j
26-17-20-41 梯度监控 | raw=4.2999 | per_param=0.1292 |  natural=0.0926 | clipped=0.0028(per_param上限10.0)
26-17-20-41 原始规范坐标 G(Re Σrow_mean) = +20.9279 | 累计|g| = 10.8790
26-17-20-41 Ψ矩阵条件数 cond(Ψ) = 2.47e+01
26-17-20-41 Loss=-3.199521 | E0=-1.04496736 | E1=-0.95183047|E2=-0.66199419|E3=-0.55037280
26-17-20-41 #-----------------------------------------#
26-17-20-41 [Step 119] logΨ: mean=4.028-0.399j | min=-1.178+1.627j | max=4.187+1.404j
26-17-20-41 梯度监控 | raw=2.9693 | per_param=0.0892 |  natural=0.0326 | clipped=0.0010(per_param上限10.0)
26-17-20-41 原始规范坐标 G(Re Σrow_mean) = +20.9798 | 累计|g| = 10.8790
26-17-20-41 Ψ矩阵条件数 cond(Ψ) = 2.46e+01
26-17-20-41 Loss=-3.204091 | E0=-1.04489555 | E1=-0.95204187|E2=-0.66184705|E3=-0.55040475
26-17-20-41 #-----------------------------------------#
26-17-20-41 [保存] Step 119 → pickle 文件已更新 (120 条记录)
26-17-20-41 [GaugeReset@120] 吸收 Δg = Σ Re(col_mean) = +20.9798 | 新|g| = 11.1563
26-17-20-41 [Step 120] logΨ: mean=3.469+0.014j | min=-0.534+1.576j | max=3.575+1.560j
26-17-20-41 梯度监控 | raw=0.9352 | per_param=0.0281 |  natural=0.0294 | clipped=0.0009(per_param上限10.0)
26-17-20-41 原始规范坐标 G(Re Σrow_mean) = +21.0901 | 累计|g| = 11.1563
26-17-20-41 Ψ矩阵条件数 cond(Ψ) = 2.95e+01
26-17-20-41 Loss=-3.208807 | E0=-1.04491166 | E1=-0.95166451|E2=-0.66160041|E3=-0.55042910
26-17-20-41 #-----------------------------------------#
26-17-20-41 [Step 121] logΨ: mean=3.573-0.478j | min=-3.063-1.474j | max=3.725+1.276j
26-17-20-41 梯度监控 | raw=2.7638 | per_param=0.0830 |  natural=0.0761 | clipped=0.0023(per_param上限10.0)
26-17-20-41 原始规范坐标 G(Re Σrow_mean) = +21.1071 | 累计|g| = 11.1563
26-17-20-41 Ψ矩阵条件数 cond(Ψ) = 3.17e+01
26-17-20-41 Loss=-3.199342 | E0=-1.04495572 | E1=-0.95140872|E2=-0.66106836|E3=-0.55035620
26-17-20-41 #-----------------------------------------#
26-17-20-41 [Step 122] logΨ: mean=3.578-0.561j | min=-1.682-1.016j | max=3.824+1.288j
26-17-20-41 梯度监控 | raw=5.1486 | per_param=0.1547 |  natural=0.0750 | clipped=0.0023(per_param上限10.0)
26-17-20-41 原始规范坐标 G(Re Σrow_mean) = +21.1069 | 累计|g| = 11.1563
26-17-20-41 Ψ矩阵条件数 cond(Ψ) = 3.31e+01
26-17-20-41 Loss=-3.198432 | E0=-1.04499819 | E1=-0.95152251|E2=-0.66075847|E3=-0.55033142
26-17-20-41 #-----------------------------------------#
26-17-20-41 [Step 123] logΨ: mean=3.870-0.669j | min=-1.545-1.967j | max=4.014+1.010j
26-17-20-41 梯度监控 | raw=1.0259 | per_param=0.0308 |  natural=0.0303 | clipped=0.0009(per_param上限10.0)
26-17-20-41 原始规范坐标 G(Re Σrow_mean) = +21.2439 | 累计|g| = 11.1563
26-17-20-41 Ψ矩阵条件数 cond(Ψ) = 3.62e+01
26-17-20-41 Loss=-3.207692 | E0=-1.04497700 | E1=-0.95109545|E2=-0.66031754|E3=-0.55031284
26-17-20-41 #-----------------------------------------#
26-17-20-41 [Step 124] logΨ: mean=3.758-0.484j | min=-0.080-1.698j | max=3.907+1.147j
26-17-20-41 梯度监控 | raw=3.3212 | per_param=0.0998 |  natural=0.0258 | clipped=0.0008(per_param上限10.0)
26-17-20-41 原始规范坐标 G(Re Σrow_mean) = +21.1894 | 累计|g| = 11.1563
26-17-20-41 Ψ矩阵条件数 cond(Ψ) = 3.48e+01
26-17-20-41 Loss=-3.200579 | E0=-1.04491479 | E1=-0.95146858|E2=-0.66036869|E3=-0.55030696
26-17-20-41 #-----------------------------------------#
26-17-20-41 [Step 125] logΨ: mean=3.332-0.936j | min=-2.414-1.588j | max=3.380+0.642j
26-17-20-41 梯度监控 | raw=2.4282 | per_param=0.0729 |  natural=0.2400 | clipped=0.0072(per_param上限10.0)
26-17-20-41 原始规范坐标 G(Re Σrow_mean) = +20.9193 | 累计|g| = 11.1563
26-17-20-41 Ψ矩阵条件数 cond(Ψ) = 3.07e+01
26-17-20-41 Loss=-3.205228 | E0=-1.04477120 | E1=-0.95467562|E2=-0.66107597|E3=-0.54586357
26-17-20-41 #-----------------------------------------#
26-17-20-42 [Step 126] logΨ: mean=3.339-0.579j | min=-3.063-3.072j | max=3.605+0.975j
26-17-20-42 梯度监控 | raw=13.1570 | per_param=0.3953 |  natural=0.5336 | clipped=0.0160(per_param上限10.0)
26-17-20-42 原始规范坐标 G(Re Σrow_mean) = +20.9978 | 累计|g| = 11.1563
26-17-20-42 Ψ矩阵条件数 cond(Ψ) = 2.91e+01
26-17-20-42 Loss=-3.183916 | E0=-1.04498561 | E1=-0.95447995|E2=-0.66136062|E3=-0.54571567
26-17-20-42 #-----------------------------------------#
26-17-20-42 [Step 127] logΨ: mean=3.298-0.178j | min=-3.369-1.143j | max=3.407+1.330j
26-17-20-42 梯度监控 | raw=8.5824 | per_param=0.2578 |  natural=0.1750 | clipped=0.0053(per_param上限10.0)
26-17-20-42 原始规范坐标 G(Re Σrow_mean) = +21.0999 | 累计|g| = 11.1563
26-17-20-42 Ψ矩阵条件数 cond(Ψ) = 3.04e+01
26-17-20-42 Loss=-3.200557 | E0=-1.04485257 | E1=-0.95448473|E2=-0.66173988|E3=-0.54647092
26-17-20-42 #-----------------------------------------#
26-17-20-42 [Step 128] logΨ: mean=3.319+0.027j | min=-1.603+1.871j | max=3.497+1.272j
26-17-20-42 梯度监控 | raw=2.9049 | per_param=0.0873 |  natural=0.0699 | clipped=0.0021(per_param上限10.0)
26-17-20-42 原始规范坐标 G(Re Σrow_mean) = +21.0841 | 累计|g| = 11.1563
26-17-20-42 Ψ矩阵条件数 cond(Ψ) = 3.15e+01
26-17-20-42 Loss=-3.203194 | E0=-1.04489288 | E1=-0.95413850|E2=-0.66164053|E3=-0.54674402
26-17-20-42 #-----------------------------------------#
26-17-20-42 [Step 129] logΨ: mean=3.330-0.133j | min=-1.251-2.446j | max=3.500+1.357j
26-17-20-42 梯度监控 | raw=11.4100 | per_param=0.3428 |  natural=0.0395 | clipped=0.0012(per_param上限10.0)
26-17-20-42 原始规范坐标 G(Re Σrow_mean) = +21.1129 | 累计|g| = 11.1563
26-17-20-42 Ψ矩阵条件数 cond(Ψ) = 3.02e+01
26-17-20-42 Loss=-3.205512 | E0=-1.04480252 | E1=-0.95410239|E2=-0.66160603|E3=-0.54710198
26-17-20-42 #-----------------------------------------#
26-17-20-42 [Step 130] logΨ: mean=4.207-0.276j | min=-0.407+1.159j | max=4.359+1.043j
26-17-20-42 梯度监控 | raw=1.0846 | per_param=0.0326 |  natural=0.1649 | clipped=0.0050(per_param上限10.0)
26-17-20-42 原始规范坐标 G(Re Σrow_mean) = +21.4881 | 累计|g| = 11.1563
26-17-20-42 Ψ矩阵条件数 cond(Ψ) = 4.41e+01
26-17-20-42 Loss=-3.205964 | E0=-1.04478504 | E1=-0.94757698|E2=-0.66443570|E3=-0.54520202
26-17-20-42 #-----------------------------------------#
26-17-20-42 [Step 131] logΨ: mean=4.307-0.722j | min=-0.224+0.985j | max=4.380+0.945j
26-17-20-42 梯度监控 | raw=5.7576 | per_param=0.1730 |  natural=0.0179 | clipped=0.0005(per_param上限10.0)
26-17-20-42 原始规范坐标 G(Re Σrow_mean) = +21.6248 | 累计|g| = 11.1563
26-17-20-42 Ψ矩阵条件数 cond(Ψ) = 4.57e+01
26-17-20-42 Loss=-3.196827 | E0=-1.04468951 | E1=-0.94728664|E2=-0.66430938|E3=-0.54567256
26-17-20-42 #-----------------------------------------#
26-17-20-42 [Step 132] logΨ: mean=4.344-0.329j | min=-0.246+0.503j | max=4.465+1.124j
26-17-20-42 梯度监控 | raw=16.8345 | per_param=0.5057 |  natural=0.1195 | clipped=0.0036(per_param上限10.0)
26-17-20-42 原始规范坐标 G(Re Σrow_mean) = +21.6131 | 累计|g| = 11.1563
26-17-20-42 Ψ矩阵条件数 cond(Ψ) = 4.39e+01
26-17-20-42 Loss=-3.184497 | E0=-1.04465734 | E1=-0.94752050|E2=-0.66382237|E3=-0.54615934
26-17-20-42 #-----------------------------------------#
26-17-20-42 [Step 133] logΨ: mean=4.360-0.330j | min=0.709-1.988j | max=4.540+1.028j
26-17-20-42 梯度监控 | raw=22.4318 | per_param=0.6739 |  natural=0.0488 | clipped=0.0015(per_param上限10.0)
26-17-20-42 原始规范坐标 G(Re Σrow_mean) = +21.5487 | 累计|g| = 11.1563
26-17-20-42 Ψ矩阵条件数 cond(Ψ) = 4.85e+01
26-17-20-42 Loss=-3.181270 | E0=-1.04464816 | E1=-0.94760973|E2=-0.66294638|E3=-0.54665673
26-17-20-42 #-----------------------------------------#
26-17-20-42 [Step 134] logΨ: mean=4.424-0.322j | min=0.499-3.122j | max=4.473+1.004j
26-17-20-42 梯度监控 | raw=5.3547 | per_param=0.1609 |  natural=0.0092 | clipped=0.0003(per_param上限10.0)
26-17-20-42 原始规范坐标 G(Re Σrow_mean) = +21.6353 | 累计|g| = 11.1563
26-17-20-42 Ψ矩阵条件数 cond(Ψ) = 4.86e+01
26-17-20-42 Loss=-3.197641 | E0=-1.04454280 | E1=-0.94815779|E2=-0.66271179|E3=-0.54720289
26-17-20-42 #-----------------------------------------#
26-17-20-42 [Step 135] logΨ: mean=4.458-0.145j | min=0.599+2.443j | max=4.493+1.024j
26-17-20-42 梯度监控 | raw=1.6402 | per_param=0.0493 |  natural=0.0058 | clipped=0.0002(per_param上限10.0)
26-17-20-42 原始规范坐标 G(Re Σrow_mean) = +21.6625 | 累计|g| = 11.1563
26-17-20-42 Ψ矩阵条件数 cond(Ψ) = 5.11e+01
26-17-20-42 Loss=-3.200918 | E0=-1.04454645 | E1=-0.94812110|E2=-0.66261955|E3=-0.54734440
26-17-20-42 #-----------------------------------------#
26-17-20-42 [Step 136] logΨ: mean=4.143+0.046j | min=-0.597-2.559j | max=4.278+1.217j
26-17-20-42 梯度监控 | raw=16.4542 | per_param=0.4943 |  natural=0.0852 | clipped=0.0026(per_param上限10.0)
26-17-20-42 原始规范坐标 G(Re Σrow_mean) = +21.4511 | 累计|g| = 11.1563
26-17-20-42 Ψ矩阵条件数 cond(Ψ) = 4.35e+01
26-17-20-42 Loss=-3.196481 | E0=-1.04455203 | E1=-0.94868160|E2=-0.66238627|E3=-0.54754165
26-17-20-42 #-----------------------------------------#
26-17-20-42 [Step 137] logΨ: mean=4.107+0.149j | min=-0.299-0.318j | max=4.284+1.343j
26-17-20-42 梯度监控 | raw=11.8166 | per_param=0.3550 |  natural=0.0440 | clipped=0.0013(per_param上限10.0)
26-17-20-42 原始规范坐标 G(Re Σrow_mean) = +21.4135 | 累计|g| = 11.1563
26-17-20-42 Ψ矩阵条件数 cond(Ψ) = 4.15e+01
26-17-20-42 Loss=-3.187600 | E0=-1.04456369 | E1=-0.94888927|E2=-0.66197779|E3=-0.54770512
26-17-20-42 #-----------------------------------------#
26-17-20-42 [Step 138] logΨ: mean=4.114+0.068j | min=0.606-1.014j | max=4.251+1.345j
26-17-20-42 梯度监控 | raw=10.5935 | per_param=0.3182 |  natural=0.0138 | clipped=0.0004(per_param上限10.0)
26-17-20-42 原始规范坐标 G(Re Σrow_mean) = +21.4424 | 累计|g| = 11.1563
26-17-20-42 Ψ矩阵条件数 cond(Ψ) = 4.10e+01
26-17-20-42 Loss=-3.204568 | E0=-1.04454102 | E1=-0.94930611|E2=-0.66170416|E3=-0.54804944
26-17-20-42 #-----------------------------------------#
26-17-20-42 [Step 139] logΨ: mean=4.111+0.035j | min=-0.722+1.497j | max=4.335+1.362j
26-17-20-42 梯度监控 | raw=6.0941 | per_param=0.1831 |  natural=0.0375 | clipped=0.0011(per_param上限10.0)
26-17-20-42 原始规范坐标 G(Re Σrow_mean) = +21.3835 | 累计|g| = 11.1563
26-17-20-42 Ψ矩阵条件数 cond(Ψ) = 4.06e+01
26-17-20-42 Loss=-3.198147 | E0=-1.04453639 | E1=-0.94960328|E2=-0.66118991|E3=-0.54831847
26-17-20-42 #-----------------------------------------#
26-17-20-42 [保存] Step 139 → pickle 文件已更新 (140 条记录)
26-17-20-42 [Step 140] logΨ: mean=4.775+0.345j | min=-1.264-0.995j | max=4.960+1.479j
26-17-20-42 梯度监控 | raw=26.3726 | per_param=0.7923 |  natural=0.8331 | clipped=0.0250(per_param上限10.0)
26-17-20-42 原始规范坐标 G(Re Σrow_mean) = +21.8918 | 累计|g| = 11.1563
26-17-20-42 Ψ矩阵条件数 cond(Ψ) = 3.15e+01
26-17-20-42 Loss=-3.167268 | E0=-1.04517355 | E1=-0.94786549|E2=-0.66060175|E3=-0.54962898
26-17-20-42 #-----------------------------------------#
26-17-20-42 [Step 141] logΨ: mean=4.658+0.297j | min=-1.260-0.919j | max=4.860+1.188j
26-17-20-42 梯度监控 | raw=10.3972 | per_param=0.3124 |  natural=0.0626 | clipped=0.0019(per_param上限10.0)
26-17-20-42 原始规范坐标 G(Re Σrow_mean) = +21.9111 | 累计|g| = 11.1563
26-17-20-42 Ψ矩阵条件数 cond(Ψ) = 3.09e+01
26-17-20-42 Loss=-3.183678 | E0=-1.04500973 | E1=-0.94869657|E2=-0.66061291|E3=-0.54981935
26-17-20-42 #-----------------------------------------#
26-17-20-42 [Step 142] logΨ: mean=4.477+0.098j | min=0.875-2.920j | max=4.610+1.110j
26-17-20-42 梯度监控 | raw=3.3949 | per_param=0.1020 |  natural=0.0352 | clipped=0.0011(per_param上限10.0)
26-17-20-42 原始规范坐标 G(Re Σrow_mean) = +21.9300 | 累计|g| = 11.1563
26-17-20-42 Ψ矩阵条件数 cond(Ψ) = 2.78e+01
26-17-20-42 Loss=-3.190396 | E0=-1.04514741 | E1=-0.95008022|E2=-0.66070145|E3=-0.54986191
26-17-20-42 #-----------------------------------------#
26-17-20-42 [Step 143] logΨ: mean=4.451-0.092j | min=-2.321-1.493j | max=4.674+1.164j
26-17-20-42 梯度监控 | raw=15.0923 | per_param=0.4534 |  natural=0.1876 | clipped=0.0056(per_param上限10.0)
26-17-20-42 原始规范坐标 G(Re Σrow_mean) = +21.9952 | 累计|g| = 11.1563
26-17-20-42 Ψ矩阵条件数 cond(Ψ) = 2.65e+01
26-17-20-42 Loss=-3.204798 | E0=-1.04528550 | E1=-0.95059563|E2=-0.66132886|E3=-0.54915414
26-17-20-42 #-----------------------------------------#
26-17-20-42 [Step 144] logΨ: mean=4.459-0.271j | min=0.240+1.091j | max=4.575+1.138j
26-17-20-42 梯度监控 | raw=3.0127 | per_param=0.0905 |  natural=0.0346 | clipped=0.0010(per_param上限10.0)
26-17-20-42 原始规范坐标 G(Re Σrow_mean) = +22.0614 | 累计|g| = 11.1563
26-17-20-42 Ψ矩阵条件数 cond(Ψ) = 2.56e+01
26-17-20-42 Loss=-3.208033 | E0=-1.04517543 | E1=-0.95100236|E2=-0.66141666|E3=-0.54927426
26-17-20-42 #-----------------------------------------#
26-17-20-42 [Step 145] logΨ: mean=4.353-0.381j | min=-1.761+1.968j | max=4.482+1.193j
26-17-20-42 梯度监控 | raw=5.2248 | per_param=0.1570 |  natural=0.0344 | clipped=0.0010(per_param上限10.0)
26-17-20-42 原始规范坐标 G(Re Σrow_mean) = +21.9736 | 累计|g| = 11.1563
26-17-20-42 Ψ矩阵条件数 cond(Ψ) = 2.53e+01
26-17-20-42 Loss=-3.204269 | E0=-1.04519875 | E1=-0.95149630|E2=-0.66099724|E3=-0.54933279
26-17-20-42 #-----------------------------------------#
26-17-20-42 [Step 146] logΨ: mean=4.356-0.775j | min=-1.204+1.319j | max=4.430+1.129j
26-17-20-42 梯度监控 | raw=1.0182 | per_param=0.0306 |  natural=0.0397 | clipped=0.0012(per_param上限10.0)
26-17-20-42 原始规范坐标 G(Re Σrow_mean) = +21.9390 | 累计|g| = 11.1563
26-17-20-42 Ψ矩阵条件数 cond(Ψ) = 2.58e+01
26-17-20-42 Loss=-3.204919 | E0=-1.04510256 | E1=-0.95148448|E2=-0.66091847|E3=-0.54933922
26-17-20-42 #-----------------------------------------#
26-17-20-42 [Step 147] logΨ: mean=4.202-0.506j | min=-2.678-0.793j | max=4.356+1.719j
26-17-20-42 梯度监控 | raw=4.5676 | per_param=0.1372 |  natural=0.2022 | clipped=0.0061(per_param上限10.0)
26-17-20-42 原始规范坐标 G(Re Σrow_mean) = +21.8305 | 累计|g| = 11.1563
26-17-20-42 Ψ矩阵条件数 cond(Ψ) = 2.54e+01
26-17-20-42 Loss=-3.203063 | E0=-1.04513995 | E1=-0.95192256|E2=-0.66119642|E3=-0.54949719
26-17-20-42 #-----------------------------------------#
26-17-20-42 [Step 148] logΨ: mean=4.188-0.381j | min=-0.620-1.002j | max=4.297+1.973j
26-17-20-42 梯度监控 | raw=1.4392 | per_param=0.0432 |  natural=0.0160 | clipped=0.0005(per_param上限10.0)
26-17-20-42 原始规范坐标 G(Re Σrow_mean) = +21.8593 | 累计|g| = 11.1563
26-17-20-42 Ψ矩阵条件数 cond(Ψ) = 2.58e+01
26-17-20-42 Loss=-3.206271 | E0=-1.04511959 | E1=-0.95211913|E2=-0.66116703|E3=-0.54964496
26-17-20-42 #-----------------------------------------#
26-17-20-42 [Step 149] logΨ: mean=3.924-0.201j | min=-1.450+2.132j | max=4.174+2.221j
26-17-20-42 梯度监控 | raw=4.6310 | per_param=0.1391 |  natural=0.2196 | clipped=0.0066(per_param上限10.0)
26-17-20-42 原始规范坐标 G(Re Σrow_mean) = +21.6150 | 累计|g| = 11.1563
26-17-20-42 Ψ矩阵条件数 cond(Ψ) = 3.71e+01
26-17-20-42 Loss=-3.207076 | E0=-1.04516361 | E1=-0.95216842|E2=-0.66174945|E3=-0.54973234
26-17-20-42 #-----------------------------------------#
26-17-20-42 [GaugeReset@150] 吸收 Δg = Σ Re(col_mean) = +21.6150 | 新|g| = 11.4809
26-17-20-42 [Step 150] logΨ: mean=3.173-1.150j | min=-0.719+1.144j | max=3.248+1.062j
26-17-20-42 梯度监控 | raw=2.1008 | per_param=0.0631 |  natural=0.0730 | clipped=0.0022(per_param上限10.0)
26-17-20-42 原始规范坐标 G(Re Σrow_mean) = +21.6309 | 累计|g| = 11.4809
26-17-20-42 Ψ矩阵条件数 cond(Ψ) = 3.03e+01
26-17-20-42 Loss=-3.208344 | E0=-1.04498694 | E1=-0.95274700|E2=-0.66236880|E3=-0.55003817
26-17-20-42 #-----------------------------------------#
26-17-20-42 [Step 151] logΨ: mean=3.250-1.052j | min=-2.687-1.811j | max=3.387+1.103j
26-17-20-42 梯度监控 | raw=2.4178 | per_param=0.0726 |  natural=0.1159 | clipped=0.0035(per_param上限10.0)
26-17-20-42 原始规范坐标 G(Re Σrow_mean) = +21.6887 | 累计|g| = 11.4809
26-17-20-42 Ψ矩阵条件数 cond(Ψ) = 3.34e+01
26-17-20-42 Loss=-3.206105 | E0=-1.04497390 | E1=-0.95260340|E2=-0.66197696|E3=-0.55001876
26-17-20-42 #-----------------------------------------#
26-17-20-42 [Step 152] logΨ: mean=3.267-0.995j | min=-1.112-1.709j | max=3.359+1.164j
26-17-20-42 梯度监控 | raw=2.0158 | per_param=0.0606 |  natural=0.0297 | clipped=0.0009(per_param上限10.0)
26-17-20-42 原始规范坐标 G(Re Σrow_mean) = +21.7186 | 累计|g| = 11.4809
26-17-20-42 Ψ矩阵条件数 cond(Ψ) = 3.29e+01
26-17-20-42 Loss=-3.210408 | E0=-1.04489854 | E1=-0.95280953|E2=-0.66180535|E3=-0.55023017
26-17-20-42 #-----------------------------------------#
26-17-20-42 [Step 153] logΨ: mean=3.238-0.877j | min=-1.593-2.338j | max=3.388+1.247j
26-17-20-42 梯度监控 | raw=2.7968 | per_param=0.0840 |  natural=0.1201 | clipped=0.0036(per_param上限10.0)
26-17-20-42 原始规范坐标 G(Re Σrow_mean) = +21.6581 | 累计|g| = 11.4809
26-17-20-42 Ψ矩阵条件数 cond(Ψ) = 2.97e+01
26-17-20-42 Loss=-3.208776 | E0=-1.04494731 | E1=-0.95327168|E2=-0.66283350|E3=-0.55036668
26-17-20-42 #-----------------------------------------#
26-17-20-42 [Step 154] logΨ: mean=3.146-0.646j | min=-2.396+1.437j | max=3.457+1.252j
26-17-20-42 梯度监控 | raw=2.9259 | per_param=0.0879 |  natural=0.0439 | clipped=0.0013(per_param上限10.0)
26-17-20-42 原始规范坐标 G(Re Σrow_mean) = +21.5226 | 累计|g| = 11.4809
26-17-20-42 Ψ矩阵条件数 cond(Ψ) = 3.88e+01
26-17-20-42 Loss=-3.209120 | E0=-1.04501402 | E1=-0.95347211|E2=-0.66254451|E3=-0.55033389
26-17-20-42 #-----------------------------------------#
26-17-20-42 [Step 155] logΨ: mean=3.096-0.270j | min=-3.494-1.644j | max=3.356+1.274j
26-17-20-42 梯度监控 | raw=4.7063 | per_param=0.1414 |  natural=0.0642 | clipped=0.0019(per_param上限10.0)
26-17-20-42 原始规范坐标 G(Re Σrow_mean) = +21.4869 | 累计|g| = 11.4809
26-17-20-42 Ψ矩阵条件数 cond(Ψ) = 2.85e+01
26-17-20-42 Loss=-3.207893 | E0=-1.04499584 | E1=-0.95362678|E2=-0.66246992|E3=-0.55039707
26-17-20-42 #-----------------------------------------#
26-17-20-42 [Step 156] logΨ: mean=3.053-0.282j | min=-2.497+1.338j | max=3.158+1.222j
26-17-20-42 梯度监控 | raw=1.8373 | per_param=0.0552 |  natural=0.0587 | clipped=0.0018(per_param上限10.0)
26-17-20-42 原始规范坐标 G(Re Σrow_mean) = +21.5362 | 累计|g| = 11.4809
26-17-20-42 Ψ矩阵条件数 cond(Ψ) = 2.66e+01
26-17-20-42 Loss=-3.216030 | E0=-1.04486153 | E1=-0.95396187|E2=-0.66281536|E3=-0.55038080
26-17-20-42 #-----------------------------------------#
26-17-20-42 [Step 157] logΨ: mean=2.696-0.276j | min=-2.280-1.122j | max=2.902+1.274j
26-17-20-42 梯度监控 | raw=2.6167 | per_param=0.0786 |  natural=0.1207 | clipped=0.0036(per_param上限10.0)
26-17-20-42 原始规范坐标 G(Re Σrow_mean) = +21.2428 | 累计|g| = 11.4809
26-17-20-42 Ψ矩阵条件数 cond(Ψ) = 2.48e+01
26-17-20-42 Loss=-3.213131 | E0=-1.04493647 | E1=-0.95453977|E2=-0.66302988|E3=-0.55038501
26-17-20-42 #-----------------------------------------#
26-17-20-42 [Step 158] logΨ: mean=2.693-0.023j | min=-2.770+1.461j | max=2.853+1.331j
26-17-20-42 梯度监控 | raw=1.7439 | per_param=0.0524 |  natural=0.0208 | clipped=0.0006(per_param上限10.0)
26-17-20-42 原始规范坐标 G(Re Σrow_mean) = +21.2717 | 累计|g| = 11.4809
26-17-20-42 Ψ矩阵条件数 cond(Ψ) = 2.46e+01
26-17-20-42 Loss=-3.217070 | E0=-1.04484652 | E1=-0.95483988|E2=-0.66329335|E3=-0.55044544
26-17-20-42 #-----------------------------------------#
26-17-20-42 [Step 159] logΨ: mean=2.642+0.218j | min=-3.697+2.244j | max=2.904+1.426j
26-17-20-42 梯度监控 | raw=6.3566 | per_param=0.1910 |  natural=0.0705 | clipped=0.0021(per_param上限10.0)
26-17-20-42 原始规范坐标 G(Re Σrow_mean) = +21.1978 | 累计|g| = 11.4809
26-17-20-42 Ψ矩阵条件数 cond(Ψ) = 2.40e+01
26-17-20-42 Loss=-3.205993 | E0=-1.04497353 | E1=-0.95428054|E2=-0.66294714|E3=-0.55035488
26-17-20-42 #-----------------------------------------#
26-17-20-42 [保存] Step 159 → pickle 文件已更新 (160 条记录)
26-17-20-42 [Step 160] logΨ: mean=2.758+0.263j | min=-3.043+1.315j | max=3.114+1.396j
26-17-20-42 梯度监控 | raw=2.7603 | per_param=0.0829 |  natural=0.0805 | clipped=0.0024(per_param上限10.0)
26-17-20-42 原始规范坐标 G(Re Σrow_mean) = +21.2426 | 累计|g| = 11.4809
26-17-20-42 Ψ矩阵条件数 cond(Ψ) = 2.44e+01
26-17-20-42 Loss=-3.216487 | E0=-1.04500741 | E1=-0.95385315|E2=-0.66304960|E3=-0.55048418
26-17-20-42 #-----------------------------------------#
26-17-20-42 [Step 161] logΨ: mean=3.078+0.119j | min=-1.413+2.324j | max=3.175+1.368j
26-17-20-42 梯度监控 | raw=2.6117 | per_param=0.0785 |  natural=0.0531 | clipped=0.0016(per_param上限10.0)
26-17-20-42 原始规范坐标 G(Re Σrow_mean) = +21.4589 | 累计|g| = 11.4809
26-17-20-42 Ψ矩阵条件数 cond(Ψ) = 3.68e+01
26-17-20-42 Loss=-3.211410 | E0=-1.04483363 | E1=-0.95390896|E2=-0.66372429|E3=-0.55060868
26-17-20-42 #-----------------------------------------#
26-17-20-42 [Step 162] logΨ: mean=3.217-0.043j | min=-1.314-0.778j | max=3.312+1.399j
26-17-20-42 梯度监控 | raw=2.5247 | per_param=0.0758 |  natural=0.0467 | clipped=0.0014(per_param上限10.0)
26-17-20-42 原始规范坐标 G(Re Σrow_mean) = +21.4684 | 累计|g| = 11.4809
26-17-20-42 Ψ矩阵条件数 cond(Ψ) = 2.32e+01
26-17-20-42 Loss=-3.211568 | E0=-1.04482908 | E1=-0.95335670|E2=-0.66338812|E3=-0.55053535
26-17-20-42 #-----------------------------------------#
26-17-20-42 [Step 163] logΨ: mean=3.251+0.117j | min=-1.358-0.687j | max=3.329+1.489j
26-17-20-42 梯度监控 | raw=0.3608 | per_param=0.0108 |  natural=0.0278 | clipped=0.0008(per_param上限10.0)
26-17-20-42 原始规范坐标 G(Re Σrow_mean) = +21.5096 | 累计|g| = 11.4809
26-17-20-42 Ψ矩阵条件数 cond(Ψ) = 2.44e+01
26-17-20-42 Loss=-3.211588 | E0=-1.04486492 | E1=-0.95351279|E2=-0.66335160|E3=-0.55065740
26-17-20-42 #-----------------------------------------#
26-17-20-42 [Step 164] logΨ: mean=3.261+0.044j | min=-1.591-0.920j | max=3.341+1.531j
26-17-20-42 梯度监控 | raw=2.3328 | per_param=0.0701 |  natural=0.0172 | clipped=0.0005(per_param上限10.0)
26-17-20-42 原始规范坐标 G(Re Σrow_mean) = +21.5213 | 累计|g| = 11.4809
26-17-20-42 Ψ矩阵条件数 cond(Ψ) = 2.37e+01
26-17-20-42 Loss=-3.207503 | E0=-1.04483864 | E1=-0.95349249|E2=-0.66316655|E3=-0.55055485
26-17-20-42 #-----------------------------------------#
26-17-20-42 [Step 165] logΨ: mean=1.973+0.095j | min=-2.597-1.275j | max=2.088+1.429j
26-17-20-42 梯度监控 | raw=7.4826 | per_param=0.2248 |  natural=0.3585 | clipped=0.0108(per_param上限10.0)
26-17-20-42 原始规范坐标 G(Re Σrow_mean) = +20.8060 | 累计|g| = 11.4809
26-17-20-42 Ψ矩阵条件数 cond(Ψ) = 2.87e+01
26-17-20-42 Loss=-3.223003 | E0=-1.04520277 | E1=-0.96299548|E2=-0.66732911|E3=-0.54996225
26-17-20-42 #-----------------------------------------#
26-17-20-42 [Step 166] logΨ: mean=1.674-0.244j | min=-3.085-0.352j | max=1.874+0.898j
26-17-20-42 梯度监控 | raw=25.9795 | per_param=0.7805 |  natural=0.1201 | clipped=0.0036(per_param上限10.0)
26-17-20-42 原始规范坐标 G(Re Σrow_mean) = +20.4724 | 累计|g| = 11.4809
26-17-20-42 Ψ矩阵条件数 cond(Ψ) = 3.10e+01
26-17-20-42 Loss=-3.172859 | E0=-1.04518307 | E1=-0.96201384|E2=-0.66638812|E3=-0.55092893
26-17-20-42 #-----------------------------------------#
26-17-20-42 [Step 167] logΨ: mean=1.350-0.475j | min=-2.856-1.160j | max=1.760+0.718j
26-17-20-42 梯度监控 | raw=35.9841 | per_param=1.0810 |  natural=0.1217 | clipped=0.0037(per_param上限10.0)
26-17-20-42 原始规范坐标 G(Re Σrow_mean) = +20.0665 | 累计|g| = 11.4809
26-17-20-42 Ψ矩阵条件数 cond(Ψ) = 3.29e+01
26-17-20-42 Loss=-3.102995 | E0=-1.04511927 | E1=-0.96039160|E2=-0.66481877|E3=-0.54872410
26-17-20-42 #-----------------------------------------#
26-17-20-42 [Step 168] logΨ: mean=1.174-0.959j | min=-3.562-1.927j | max=1.667+0.501j
26-17-20-42 梯度监控 | raw=36.6905 | per_param=1.1023 |  natural=0.1567 | clipped=0.0047(per_param上限10.0)
26-17-20-42 原始规范坐标 G(Re Σrow_mean) = +19.8176 | 累计|g| = 11.4809
26-17-20-42 Ψ矩阵条件数 cond(Ψ) = 3.10e+01
26-17-20-42 Loss=-3.082246 | E0=-1.04536894 | E1=-0.95939970|E2=-0.66389538|E3=-0.54789113
26-17-20-42 #-----------------------------------------#
26-17-20-42 [Step 169] logΨ: mean=1.395-0.864j | min=-2.705-1.182j | max=1.687+0.477j
26-17-20-42 梯度监控 | raw=21.9510 | per_param=0.6595 |  natural=0.0444 | clipped=0.0013(per_param上限10.0)
26-17-20-42 原始规范坐标 G(Re Σrow_mean) = +20.0577 | 累计|g| = 11.4809
26-17-20-42 Ψ矩阵条件数 cond(Ψ) = 3.06e+01
26-17-20-42 Loss=-3.157374 | E0=-1.04540073 | E1=-0.96019693|E2=-0.66422008|E3=-0.55059769
26-17-20-42 #-----------------------------------------#
26-17-20-42 [Step 170] logΨ: mean=1.585-0.779j | min=-3.222+0.718j | max=1.714+0.521j
26-17-20-42 梯度监控 | raw=8.8342 | per_param=0.2654 |  natural=0.0195 | clipped=0.0006(per_param上限10.0)
26-17-20-42 原始规范坐标 G(Re Σrow_mean) = +20.2431 | 累计|g| = 11.4809
26-17-20-42 Ψ矩阵条件数 cond(Ψ) = 3.05e+01
26-17-20-42 Loss=-3.193543 | E0=-1.04532922 | E1=-0.95997992|E2=-0.66405493|E3=-0.55142171
26-17-20-42 #-----------------------------------------#
26-17-20-42 [Step 171] logΨ: mean=1.216-1.379j | min=-4.451-1.299j | max=1.546+0.068j
26-17-20-42 梯度监控 | raw=20.1960 | per_param=0.6067 |  natural=0.3392 | clipped=0.0102(per_param上限10.0)
26-17-20-42 原始规范坐标 G(Re Σrow_mean) = +19.8476 | 累计|g| = 11.4809
26-17-20-42 Ψ矩阵条件数 cond(Ψ) = 3.39e+01
26-17-20-42 Loss=-3.156828 | E0=-1.04537140 | E1=-0.95949497|E2=-0.66328903|E3=-0.55100894
26-17-20-42 #-----------------------------------------#
26-17-20-42 [Step 172] logΨ: mean=1.235-0.982j | min=-3.803+2.985j | max=1.594+0.130j
26-17-20-42 梯度监控 | raw=21.4464 | per_param=0.6443 |  natural=0.0315 | clipped=0.0009(per_param上限10.0)
26-17-20-42 原始规范坐标 G(Re Σrow_mean) = +19.8484 | 累计|g| = 11.4809
26-17-20-42 Ψ矩阵条件数 cond(Ψ) = 3.48e+01
26-17-20-42 Loss=-3.148870 | E0=-1.04558955 | E1=-0.95908407|E2=-0.66293321|E3=-0.55068900
26-17-20-42 #-----------------------------------------#
26-17-20-42 [Step 173] logΨ: mean=1.577-1.002j | min=-4.142-1.259j | max=1.862+0.148j
26-17-20-42 梯度监控 | raw=17.0654 | per_param=0.5127 |  natural=0.1118 | clipped=0.0034(per_param上限10.0)
26-17-20-42 原始规范坐标 G(Re Σrow_mean) = +20.1439 | 累计|g| = 11.4809
26-17-20-42 Ψ矩阵条件数 cond(Ψ) = 3.94e+01
26-17-20-42 Loss=-3.169773 | E0=-1.04552064 | E1=-0.95885889|E2=-0.66265191|E3=-0.55137356
26-17-20-42 #-----------------------------------------#
26-17-20-42 [Step 174] logΨ: mean=1.211-1.066j | min=-5.690+2.343j | max=1.557+0.146j
26-17-20-42 梯度监控 | raw=20.7541 | per_param=0.6235 |  natural=0.2247 | clipped=0.0067(per_param上限10.0)
26-17-20-42 原始规范坐标 G(Re Σrow_mean) = +19.8224 | 累计|g| = 11.4809
26-17-20-42 Ψ矩阵条件数 cond(Ψ) = 3.26e+01
26-17-20-42 Loss=-3.161738 | E0=-1.04561262 | E1=-0.95893561|E2=-0.66289317|E3=-0.55085083
26-17-20-42 #-----------------------------------------#
26-17-20-42 [Step 175] logΨ: mean=0.800-0.834j | min=-5.073+2.004j | max=1.211+0.215j
26-17-20-42 梯度监控 | raw=23.2239 | per_param=0.6977 |  natural=0.3977 | clipped=0.0119(per_param上限10.0)
26-17-20-42 原始规范坐标 G(Re Σrow_mean) = +19.6111 | 累计|g| = 11.4809
26-17-20-42 Ψ矩阵条件数 cond(Ψ) = 3.10e+01
26-17-20-42 Loss=-3.178494 | E0=-1.04557645 | E1=-0.95882398|E2=-0.66282450|E3=-0.55110891
26-17-20-42 #-----------------------------------------#
26-17-20-42 [Step 176] logΨ: mean=0.947-0.845j | min=-3.881+2.407j | max=1.246+0.243j
26-17-20-42 梯度监控 | raw=22.1238 | per_param=0.6646 |  natural=0.1254 | clipped=0.0038(per_param上限10.0)
26-17-20-42 原始规范坐标 G(Re Σrow_mean) = +19.7780 | 累计|g| = 11.4809
26-17-20-42 Ψ矩阵条件数 cond(Ψ) = 3.10e+01
26-17-20-42 Loss=-3.188045 | E0=-1.04556237 | E1=-0.95890067|E2=-0.66326715|E3=-0.55171428
26-17-20-42 #-----------------------------------------#
26-17-20-42 [Step 177] logΨ: mean=1.008-1.052j | min=-4.510-2.612j | max=1.330+0.222j
26-17-20-42 梯度监控 | raw=20.0337 | per_param=0.6019 |  natural=0.0498 | clipped=0.0015(per_param上限10.0)
26-17-20-42 原始规范坐标 G(Re Σrow_mean) = +19.8363 | 累计|g| = 11.4809
26-17-20-42 Ψ矩阵条件数 cond(Ψ) = 3.01e+01
26-17-20-42 Loss=-3.182635 | E0=-1.04560622 | E1=-0.95860668|E2=-0.66320432|E3=-0.55164228
26-17-20-42 #-----------------------------------------#
26-17-20-42 [Step 178] logΨ: mean=1.032-1.078j | min=-4.362+2.871j | max=1.278+0.172j
26-17-20-42 梯度监控 | raw=13.1263 | per_param=0.3943 |  natural=0.1553 | clipped=0.0047(per_param上限10.0)
26-17-20-42 原始规范坐标 G(Re Σrow_mean) = +19.8934 | 累计|g| = 11.4809
26-17-20-42 Ψ矩阵条件数 cond(Ψ) = 3.47e+01
26-17-20-42 Loss=-3.190266 | E0=-1.04544600 | E1=-0.95844240|E2=-0.66270169|E3=-0.55191942
26-17-20-42 #-----------------------------------------#
26-17-20-42 [Step 179] logΨ: mean=1.017-0.878j | min=-3.465-3.131j | max=1.248+0.164j
26-17-20-42 梯度监控 | raw=12.3031 | per_param=0.3696 |  natural=0.0862 | clipped=0.0026(per_param上限10.0)
26-17-20-42 原始规范坐标 G(Re Σrow_mean) = +19.8775 | 累计|g| = 11.4809
26-17-20-42 Ψ矩阵条件数 cond(Ψ) = 3.01e+01
26-17-20-42 Loss=-3.198888 | E0=-1.04552652 | E1=-0.95838544|E2=-0.66329846|E3=-0.55193759
26-17-20-42 #-----------------------------------------#
26-17-20-42 [保存] Step 179 → pickle 文件已更新 (180 条记录)
26-17-20-42 [GaugeReset@180] 吸收 Δg = Σ Re(col_mean) = +19.8775 | 新|g| = 10.6103
26-17-20-42 [Step 180] logΨ: mean=2.700+0.249j | min=-1.702+1.219j | max=2.973+1.381j
26-17-20-42 梯度监控 | raw=12.3745 | per_param=0.3718 |  natural=0.0247 | clipped=0.0007(per_param上限10.0)
26-17-20-42 原始规范坐标 G(Re Σrow_mean) = +19.7982 | 累计|g| = 10.6103
26-17-20-42 Ψ矩阵条件数 cond(Ψ) = 2.75e+01
26-17-20-42 Loss=-3.190272 | E0=-1.04551243 | E1=-0.95837031|E2=-0.66300978|E3=-0.55165327
26-17-20-42 #-----------------------------------------#
26-17-20-42 [Step 181] logΨ: mean=3.287+0.348j | min=-3.164+0.627j | max=3.446+1.447j
26-17-20-42 梯度监控 | raw=5.2044 | per_param=0.1564 |  natural=0.1146 | clipped=0.0034(per_param上限10.0)
26-17-20-42 原始规范坐标 G(Re Σrow_mean) = +20.3659 | 累计|g| = 10.6103
26-17-20-42 Ψ矩阵条件数 cond(Ψ) = 2.82e+01
26-17-20-42 Loss=-3.211147 | E0=-1.04538255 | E1=-0.95835823|E2=-0.66332924|E3=-0.55181173
26-17-20-42 #-----------------------------------------#
26-17-20-42 [Step 182] logΨ: mean=3.265-0.079j | min=-1.885-0.120j | max=3.372+1.388j
26-17-20-42 梯度监控 | raw=1.7570 | per_param=0.0528 |  natural=0.0405 | clipped=0.0012(per_param上限10.0)
26-17-20-42 原始规范坐标 G(Re Σrow_mean) = +20.3464 | 累计|g| = 10.6103
26-17-20-42 Ψ矩阵条件数 cond(Ψ) = 2.77e+01
26-17-20-42 Loss=-3.216101 | E0=-1.04532669 | E1=-0.95832410|E2=-0.66343782|E3=-0.55173744
26-17-20-42 #-----------------------------------------#
26-17-20-42 [Step 183] logΨ: mean=3.007-0.338j | min=-2.456-2.953j | max=3.263+1.311j
26-17-20-42 梯度监控 | raw=6.5518 | per_param=0.1968 |  natural=0.2322 | clipped=0.0070(per_param上限10.0)
26-17-20-42 原始规范坐标 G(Re Σrow_mean) = +20.1740 | 累计|g| = 10.6103
26-17-20-42 Ψ矩阵条件数 cond(Ψ) = 2.76e+01
26-17-20-42 Loss=-3.205921 | E0=-1.04541113 | E1=-0.95930676|E2=-0.66427598|E3=-0.55132442
26-17-20-42 #-----------------------------------------#
26-17-20-42 [Step 184] logΨ: mean=3.139-0.177j | min=-1.971+1.027j | max=3.320+1.355j
26-17-20-42 梯度监控 | raw=4.8041 | per_param=0.1443 |  natural=0.0942 | clipped=0.0028(per_param上限10.0)
26-17-20-42 原始规范坐标 G(Re Σrow_mean) = +20.2943 | 累计|g| = 10.6103
26-17-20-42 Ψ矩阵条件数 cond(Ψ) = 2.72e+01
26-17-20-42 Loss=-3.218099 | E0=-1.04545090 | E1=-0.95919332|E2=-0.66424029|E3=-0.55121272
26-17-20-42 #-----------------------------------------#
26-17-20-42 [Step 185] logΨ: mean=3.243-0.049j | min=-1.997-1.027j | max=3.474+1.383j
26-17-20-42 梯度监控 | raw=3.0141 | per_param=0.0905 |  natural=0.0854 | clipped=0.0026(per_param上限10.0)
26-17-20-42 原始规范坐标 G(Re Σrow_mean) = +20.3878 | 累计|g| = 10.6103
26-17-20-42 Ψ矩阵条件数 cond(Ψ) = 2.72e+01
26-17-20-42 Loss=-3.210545 | E0=-1.04555446 | E1=-0.95907335|E2=-0.66410439|E3=-0.55103602
26-17-20-42 #-----------------------------------------#
26-17-20-42 [Step 186] logΨ: mean=3.394-0.208j | min=-0.367+2.400j | max=3.494+1.375j
26-17-20-42 梯度监控 | raw=3.4313 | per_param=0.1031 |  natural=0.0336 | clipped=0.0010(per_param上限10.0)
26-17-20-42 原始规范坐标 G(Re Σrow_mean) = +20.5106 | 累计|g| = 10.6103
26-17-20-42 Ψ矩阵条件数 cond(Ψ) = 2.69e+01
26-17-20-42 Loss=-3.214999 | E0=-1.04528116 | E1=-0.95895903|E2=-0.66383516|E3=-0.55160561
26-17-20-42 #-----------------------------------------#
26-17-20-42 [Step 187] logΨ: mean=3.345+0.286j | min=-2.277-0.814j | max=3.606+1.447j
26-17-20-42 梯度监控 | raw=3.6265 | per_param=0.1089 |  natural=0.1008 | clipped=0.0030(per_param上限10.0)
26-17-20-42 原始规范坐标 G(Re Σrow_mean) = +20.4471 | 累计|g| = 10.6103
26-17-20-42 Ψ矩阵条件数 cond(Ψ) = 2.61e+01
26-17-20-42 Loss=-3.203677 | E0=-1.04532891 | E1=-0.95871945|E2=-0.66387853|E3=-0.55140557
26-17-20-42 #-----------------------------------------#
26-17-20-42 [Step 188] logΨ: mean=3.457+0.601j | min=-2.382+0.238j | max=3.726+1.481j
26-17-20-42 梯度监控 | raw=6.6184 | per_param=0.1988 |  natural=0.0830 | clipped=0.0025(per_param上限10.0)
26-17-20-42 原始规范坐标 G(Re Σrow_mean) = +20.5303 | 累计|g| = 10.6103
26-17-20-42 Ψ矩阵条件数 cond(Ψ) = 2.54e+01
26-17-20-42 Loss=-3.207453 | E0=-1.04531601 | E1=-0.95855249|E2=-0.66364391|E3=-0.55134804
26-17-20-42 #-----------------------------------------#
26-17-20-42 [Step 189] logΨ: mean=2.885+0.799j | min=-4.814+0.204j | max=3.139+1.452j
26-17-20-42 梯度监控 | raw=5.3787 | per_param=0.1616 |  natural=0.3244 | clipped=0.0097(per_param上限10.0)
26-17-20-42 原始规范坐标 G(Re Σrow_mean) = +19.9844 | 累计|g| = 10.6103
26-17-20-42 Ψ矩阵条件数 cond(Ψ) = 2.07e+01
26-17-20-42 Loss=-3.214440 | E0=-1.04528434 | E1=-0.95783268|E2=-0.66477575|E3=-0.55191807
26-17-20-42 #-----------------------------------------#
26-17-20-42 [Step 190] logΨ: mean=2.876-0.221j | min=-2.696-0.464j | max=3.004+1.001j
26-17-20-42 梯度监控 | raw=1.9535 | per_param=0.0587 |  natural=0.2986 | clipped=0.0090(per_param上限10.0)
26-17-20-42 原始规范坐标 G(Re Σrow_mean) = +20.0572 | 累计|g| = 10.6103
26-17-20-42 Ψ矩阵条件数 cond(Ψ) = 3.71e+01
26-17-20-42 Loss=-3.215002 | E0=-1.04524195 | E1=-0.95752038|E2=-0.66319618|E3=-0.55255590
26-17-20-42 #-----------------------------------------#
26-17-20-42 [Step 191] logΨ: mean=2.871-0.278j | min=-0.722-1.324j | max=3.001+1.001j
26-17-20-42 梯度监控 | raw=6.8848 | per_param=0.2068 |  natural=0.0376 | clipped=0.0011(per_param上限10.0)
26-17-20-42 原始规范坐标 G(Re Σrow_mean) = +20.0714 | 累计|g| = 10.6103
26-17-20-42 Ψ矩阵条件数 cond(Ψ) = 3.37e+01
26-17-20-42 Loss=-3.204674 | E0=-1.04528651 | E1=-0.95763996|E2=-0.66334310|E3=-0.55241654
26-17-20-42 #-----------------------------------------#
26-17-20-42 [Step 192] logΨ: mean=2.808+0.046j | min=-2.571-1.989j | max=2.994+1.033j
26-17-20-42 梯度监控 | raw=4.5209 | per_param=0.1358 |  natural=0.3225 | clipped=0.0097(per_param上限10.0)
26-17-20-42 原始规范坐标 G(Re Σrow_mean) = +19.9372 | 累计|g| = 10.6103
26-17-20-42 Ψ矩阵条件数 cond(Ψ) = 3.45e+01
26-17-20-42 Loss=-3.201058 | E0=-1.04544028 | E1=-0.95710767|E2=-0.66352244|E3=-0.55143206
26-17-20-42 #-----------------------------------------#
26-17-20-42 [Step 193] logΨ: mean=3.281+0.285j | min=-2.260+0.031j | max=3.400+0.988j
26-17-20-42 梯度监控 | raw=6.0286 | per_param=0.1811 |  natural=0.0666 | clipped=0.0020(per_param上限10.0)
26-17-20-42 原始规范坐标 G(Re Σrow_mean) = +20.3630 | 累计|g| = 10.6103
26-17-20-42 Ψ矩阵条件数 cond(Ψ) = 1.66e+01
26-17-20-42 Loss=-3.208765 | E0=-1.04551971 | E1=-0.95698735|E2=-0.66296589|E3=-0.55089331
26-17-20-42 #-----------------------------------------#
26-17-20-42 [Step 194] logΨ: mean=3.213-0.040j | min=-1.439+2.240j | max=3.441+0.962j
26-17-20-42 梯度监控 | raw=11.1226 | per_param=0.3341 |  natural=0.0284 | clipped=0.0009(per_param上限10.0)
26-17-20-42 原始规范坐标 G(Re Σrow_mean) = +20.2976 | 累计|g| = 10.6103
26-17-20-42 Ψ矩阵条件数 cond(Ψ) = 3.19e+01
26-17-20-42 Loss=-3.199321 | E0=-1.04556255 | E1=-0.95685978|E2=-0.66297564|E3=-0.55093279
26-17-20-42 #-----------------------------------------#
26-17-20-42 [Step 195] logΨ: mean=3.632-0.264j | min=-2.159-3.116j | max=3.786+0.894j
26-17-20-42 梯度监控 | raw=1.9700 | per_param=0.0592 |  natural=0.0654 | clipped=0.0020(per_param上限10.0)
26-17-20-42 原始规范坐标 G(Re Σrow_mean) = +20.6907 | 累计|g| = 10.6103
26-17-20-42 Ψ矩阵条件数 cond(Ψ) = 3.17e+01
26-17-20-42 Loss=-3.212176 | E0=-1.04517050 | E1=-0.95701668|E2=-0.66311149|E3=-0.55248184
26-17-20-42 #-----------------------------------------#
26-17-20-42 [Step 196] logΨ: mean=3.660-0.809j | min=-1.156+0.933j | max=3.882+0.918j
26-17-20-42 梯度监控 | raw=3.9548 | per_param=0.1188 |  natural=0.0362 | clipped=0.0011(per_param上限10.0)
26-17-20-42 原始规范坐标 G(Re Σrow_mean) = +20.7001 | 累计|g| = 10.6103
26-17-20-42 Ψ矩阵条件数 cond(Ψ) = 3.07e+01
26-17-20-42 Loss=-3.214700 | E0=-1.04524604 | E1=-0.95697591|E2=-0.66305177|E3=-0.55189305
26-17-20-42 #-----------------------------------------#
26-17-20-42 [Step 197] logΨ: mean=3.649-0.601j | min=-1.343-0.737j | max=3.965+1.051j
26-17-20-42 梯度监控 | raw=15.8853 | per_param=0.4772 |  natural=0.1041 | clipped=0.0031(per_param上限10.0)
26-17-20-42 原始规范坐标 G(Re Σrow_mean) = +20.6706 | 累计|g| = 10.6103
26-17-20-42 Ψ矩阵条件数 cond(Ψ) = 2.81e+01
26-17-20-42 Loss=-3.209976 | E0=-1.04537393 | E1=-0.95742670|E2=-0.66317779|E3=-0.55169105
26-17-20-42 #-----------------------------------------#
26-17-20-42 [Step 198] logΨ: mean=2.932-0.584j | min=-3.358-2.186j | max=3.181+1.080j
26-17-20-42 梯度监控 | raw=6.1021 | per_param=0.1833 |  natural=0.3630 | clipped=0.0109(per_param上限10.0)
26-17-20-42 原始规范坐标 G(Re Σrow_mean) = +20.0001 | 累计|g| = 10.6103
26-17-20-42 Ψ矩阵条件数 cond(Ψ) = 2.55e+01
26-17-20-42 Loss=-3.219290 | E0=-1.04540665 | E1=-0.95810817|E2=-0.66372111|E3=-0.55257422
26-17-20-42 #-----------------------------------------#
26-17-20-42 [Step 199] logΨ: mean=3.057-0.900j | min=-1.381+3.088j | max=3.276+1.094j
26-17-20-42 梯度监控 | raw=5.4816 | per_param=0.1647 |  natural=0.0281 | clipped=0.0008(per_param上限10.0)
26-17-20-42 原始规范坐标 G(Re Σrow_mean) = +20.0833 | 累计|g| = 10.6103
26-17-20-42 Ψ矩阵条件数 cond(Ψ) = 2.54e+01
26-17-20-42 Loss=-3.202516 | E0=-1.04528582 | E1=-0.95763583|E2=-0.66357856|E3=-0.55272689
26-17-20-42 #-----------------------------------------#
26-17-20-42 [保存] Step 199 → pickle 文件已更新 (200 条记录)
26-17-20-42 [Step 200] logΨ: mean=2.364-0.559j | min=-5.717-0.057j | max=2.764+1.463j
26-17-20-42 梯度监控 | raw=6.2993 | per_param=0.1892 |  natural=0.1823 | clipped=0.0055(per_param上限10.0)
26-17-20-42 原始规范坐标 G(Re Σrow_mean) = +19.4196 | 累计|g| = 10.6103
26-17-20-42 Ψ矩阵条件数 cond(Ψ) = 2.06e+01
26-17-20-42 Loss=-3.212237 | E0=-1.04530694 | E1=-0.95770740|E2=-0.66360364|E3=-0.55248227
26-17-20-42 #-----------------------------------------#
26-17-20-42 [Step 201] logΨ: mean=2.599-0.467j | min=-1.908-0.559j | max=2.799+1.494j
26-17-20-42 梯度监控 | raw=2.0437 | per_param=0.0614 |  natural=0.0231 | clipped=0.0007(per_param上限10.0)
26-17-20-42 原始规范坐标 G(Re Σrow_mean) = +19.6161 | 累计|g| = 10.6103
26-17-20-42 Ψ矩阵条件数 cond(Ψ) = 2.06e+01
26-17-20-42 Loss=-3.221913 | E0=-1.04521279 | E1=-0.95762588|E2=-0.66339216|E3=-0.55264762
26-17-20-42 #-----------------------------------------#
26-17-20-43 [Step 202] logΨ: mean=2.736-0.303j | min=-0.855+1.684j | max=2.797+1.463j
26-17-20-43 梯度监控 | raw=0.8396 | per_param=0.0252 |  natural=0.0038 | clipped=0.0001(per_param上限10.0)
26-17-20-43 原始规范坐标 G(Re Σrow_mean) = +19.7581 | 累计|g| = 10.6103
26-17-20-43 Ψ矩阵条件数 cond(Ψ) = 2.06e+01
26-17-20-43 Loss=-3.217744 | E0=-1.04520810 | E1=-0.95743758|E2=-0.66354636|E3=-0.55253856
26-17-20-43 #-----------------------------------------#
26-17-20-43 [Step 203] logΨ: mean=2.717-0.337j | min=-3.012-1.749j | max=2.825+1.423j
26-17-20-43 梯度监控 | raw=2.5233 | per_param=0.0758 |  natural=0.0679 | clipped=0.0020(per_param上限10.0)
26-17-20-43 原始规范坐标 G(Re Σrow_mean) = +19.7658 | 累计|g| = 10.6103
26-17-20-43 Ψ矩阵条件数 cond(Ψ) = 1.95e+01
26-17-20-43 Loss=-3.215759 | E0=-1.04518824 | E1=-0.95743148|E2=-0.66347191|E3=-0.55220322
26-17-20-43 #-----------------------------------------#
26-17-20-43 [Step 204] logΨ: mean=2.692-0.225j | min=-1.339+2.933j | max=2.770+1.462j
26-17-20-43 梯度监控 | raw=0.8693 | per_param=0.0261 |  natural=0.0241 | clipped=0.0007(per_param上限10.0)
26-17-20-43 原始规范坐标 G(Re Σrow_mean) = +19.7393 | 累计|g| = 10.6103
26-17-20-43 Ψ矩阵条件数 cond(Ψ) = 1.91e+01
26-17-20-43 Loss=-3.214983 | E0=-1.04506327 | E1=-0.95770858|E2=-0.66384555|E3=-0.55264085
26-17-20-43 #-----------------------------------------#
26-17-20-43 [Step 205] logΨ: mean=2.398-0.562j | min=-2.566+2.111j | max=2.551+1.316j
26-17-20-43 梯度监控 | raw=4.9861 | per_param=0.1498 |  natural=0.2339 | clipped=0.0070(per_param上限10.0)
26-17-20-43 原始规范坐标 G(Re Σrow_mean) = +19.4347 | 累计|g| = 10.6103
26-17-20-43 Ψ矩阵条件数 cond(Ψ) = 1.96e+01
26-17-20-43 Loss=-3.216235 | E0=-1.04484488 | E1=-0.95799903|E2=-0.66431257|E3=-0.55158672
26-17-20-43 #-----------------------------------------#
26-17-20-43 [Step 206] logΨ: mean=2.329-0.625j | min=-3.176-1.169j | max=2.508+1.273j
26-17-20-43 梯度监控 | raw=1.2714 | per_param=0.0382 |  natural=0.0851 | clipped=0.0026(per_param上限10.0)
26-17-20-43 原始规范坐标 G(Re Σrow_mean) = +19.3356 | 累计|g| = 10.6103
26-17-20-43 Ψ矩阵条件数 cond(Ψ) = 1.89e+01
26-17-20-43 Loss=-3.213511 | E0=-1.04492726 | E1=-0.95791487|E2=-0.66405962|E3=-0.55147764
26-17-20-43 #-----------------------------------------#
26-17-20-43 [Step 207] logΨ: mean=2.366-0.873j | min=-2.333-2.311j | max=2.588+1.270j
26-17-20-43 梯度监控 | raw=4.5476 | per_param=0.1366 |  natural=0.0604 | clipped=0.0018(per_param上限10.0)
26-17-20-43 原始规范坐标 G(Re Σrow_mean) = +19.3803 | 累计|g| = 10.6103
26-17-20-43 Ψ矩阵条件数 cond(Ψ) = 1.86e+01
26-17-20-43 Loss=-3.206311 | E0=-1.04497028 | E1=-0.95777793|E2=-0.66397796|E3=-0.55129773
26-17-20-43 #-----------------------------------------#
26-17-20-43 [Step 208] logΨ: mean=2.340-1.263j | min=-3.332-2.218j | max=2.600+1.099j
26-17-20-43 梯度监控 | raw=5.8010 | per_param=0.1743 |  natural=0.0646 | clipped=0.0019(per_param上限10.0)
26-17-20-43 原始规范坐标 G(Re Σrow_mean) = +19.3402 | 累计|g| = 10.6103
26-17-20-43 Ψ矩阵条件数 cond(Ψ) = 1.82e+01
26-17-20-43 Loss=-3.209420 | E0=-1.04507601 | E1=-0.95771114|E2=-0.66398582|E3=-0.55116443
26-17-20-43 #-----------------------------------------#
26-17-20-43 [Step 209] logΨ: mean=2.405-1.080j | min=-2.198+1.027j | max=2.661+1.067j
26-17-20-43 梯度监控 | raw=3.5689 | per_param=0.1072 |  natural=0.0682 | clipped=0.0020(per_param上限10.0)
26-17-20-43 原始规范坐标 G(Re Σrow_mean) = +19.4429 | 累计|g| = 10.6103
26-17-20-43 Ψ矩阵条件数 cond(Ψ) = 1.77e+01
26-17-20-43 Loss=-3.215559 | E0=-1.04510622 | E1=-0.95706136|E2=-0.66457475|E3=-0.55128543
26-17-20-43 #-----------------------------------------#
26-17-20-43 [GaugeReset@210] 吸收 Δg = Σ Re(col_mean) = +19.4429 | 新|g| = 10.4221
26-17-20-43 [Step 210] logΨ: mean=3.140-0.743j | min=-4.621-1.324j | max=3.382+0.993j
26-17-20-43 梯度监控 | raw=2.4830 | per_param=0.0746 |  natural=0.0863 | clipped=0.0026(per_param上限10.0)
26-17-20-43 原始规范坐标 G(Re Σrow_mean) = +19.7335 | 累计|g| = 10.4221
26-17-20-43 Ψ矩阵条件数 cond(Ψ) = 2.76e+01
26-17-20-43 Loss=-3.205249 | E0=-1.04506813 | E1=-0.95700298|E2=-0.66441159|E3=-0.55118280
26-17-20-43 #-----------------------------------------#
26-17-20-43 [Step 211] logΨ: mean=3.348-0.943j | min=-0.853-1.743j | max=3.486+0.912j
26-17-20-43 梯度监控 | raw=1.4545 | per_param=0.0437 |  natural=0.0242 | clipped=0.0007(per_param上限10.0)
26-17-20-43 原始规范坐标 G(Re Σrow_mean) = +19.8985 | 累计|g| = 10.4221
26-17-20-43 Ψ矩阵条件数 cond(Ψ) = 1.99e+01
26-17-20-43 Loss=-3.215304 | E0=-1.04509627 | E1=-0.95613391|E2=-0.66404726|E3=-0.55116808
26-17-20-43 #-----------------------------------------#
26-17-20-43 [Step 212] logΨ: mean=3.448-0.677j | min=-1.088+2.759j | max=3.615+0.977j
26-17-20-43 梯度监控 | raw=1.9297 | per_param=0.0580 |  natural=0.0878 | clipped=0.0026(per_param上限10.0)
26-17-20-43 原始规范坐标 G(Re Σrow_mean) = +19.9775 | 累计|g| = 10.4221
26-17-20-43 Ψ矩阵条件数 cond(Ψ) = 1.97e+01
26-17-20-43 Loss=-3.211065 | E0=-1.04509571 | E1=-0.95629087|E2=-0.66400910|E3=-0.55105707
26-17-20-43 #-----------------------------------------#
26-17-20-43 [Step 213] logΨ: mean=3.263-0.407j | min=-3.142-1.423j | max=3.806+0.877j
26-17-20-43 梯度监控 | raw=2.6073 | per_param=0.0783 |  natural=0.1420 | clipped=0.0043(per_param上限10.0)
26-17-20-43 原始规范坐标 G(Re Σrow_mean) = +19.8016 | 累计|g| = 10.4221
26-17-20-43 Ψ矩阵条件数 cond(Ψ) = 1.91e+01
26-17-20-43 Loss=-3.210035 | E0=-1.04591121 | E1=-0.95634946|E2=-0.66399055|E3=-0.54731185
26-17-20-43 #-----------------------------------------#
26-17-20-43 [Step 214] logΨ: mean=3.386-0.366j | min=-3.857+3.052j | max=3.623+0.960j
26-17-20-43 梯度监控 | raw=17.0175 | per_param=0.5112 |  natural=0.1138 | clipped=0.0034(per_param上限10.0)
26-17-20-43 原始规范坐标 G(Re Σrow_mean) = +19.9559 | 累计|g| = 10.4221
26-17-20-43 Ψ矩阵条件数 cond(Ψ) = 2.63e+01
26-17-20-43 Loss=-3.213916 | E0=-1.04546091 | E1=-0.95646217|E2=-0.66414001|E3=-0.54821829
26-17-20-43 #-----------------------------------------#
26-17-20-43 [Step 215] logΨ: mean=2.786-1.087j | min=-2.536-0.503j | max=3.085+1.028j
26-17-20-43 梯度监控 | raw=4.6362 | per_param=0.1393 |  natural=0.4501 | clipped=0.0135(per_param上限10.0)
26-17-20-43 原始规范坐标 G(Re Σrow_mean) = +19.1140 | 累计|g| = 10.4221
26-17-20-43 Ψ矩阵条件数 cond(Ψ) = 1.65e+01
26-17-20-43 Loss=-3.205936 | E0=-1.04607614 | E1=-0.95882035|E2=-0.66594380|E3=-0.54578905
26-17-20-43 #-----------------------------------------#
26-17-20-43 [Step 216] logΨ: mean=3.105-1.285j | min=-2.342-1.855j | max=3.170+1.069j
26-17-20-43 梯度监控 | raw=0.4484 | per_param=0.0135 |  natural=0.0355 | clipped=0.0011(per_param上限10.0)
26-17-20-43 原始规范坐标 G(Re Σrow_mean) = +19.3614 | 累计|g| = 10.4221
26-17-20-43 Ψ矩阵条件数 cond(Ψ) = 1.69e+01
26-17-20-43 Loss=-3.216276 | E0=-1.04584043 | E1=-0.95810682|E2=-0.66574748|E3=-0.54607521
26-17-20-43 #-----------------------------------------#
26-17-20-43 [Step 217] logΨ: mean=2.682-1.154j | min=-3.068+1.661j | max=3.017+0.979j
26-17-20-43 梯度监控 | raw=8.7275 | per_param=0.2622 |  natural=0.1959 | clipped=0.0059(per_param上限10.0)
26-17-20-43 原始规范坐标 G(Re Σrow_mean) = +18.9305 | 累计|g| = 10.4221
26-17-20-43 Ψ矩阵条件数 cond(Ψ) = 1.66e+01
26-17-20-43 Loss=-3.205433 | E0=-1.04565858 | E1=-0.95809331|E2=-0.66525070|E3=-0.54704121
26-17-20-43 #-----------------------------------------#
26-17-20-43 [Step 218] logΨ: mean=2.878-1.221j | min=-2.571+1.380j | max=3.111+1.015j
26-17-20-43 梯度监控 | raw=2.0096 | per_param=0.0604 |  natural=0.0604 | clipped=0.0018(per_param上限10.0)
26-17-20-43 原始规范坐标 G(Re Σrow_mean) = +19.1200 | 累计|g| = 10.4221
26-17-20-43 Ψ矩阵条件数 cond(Ψ) = 1.65e+01
26-17-20-43 Loss=-3.209844 | E0=-1.04579440 | E1=-0.95808397|E2=-0.66504553|E3=-0.54629677
26-17-20-43 #-----------------------------------------#
26-17-20-43 [Step 219] logΨ: mean=2.786-1.125j | min=-2.717+1.875j | max=3.115+1.008j
26-17-20-43 梯度监控 | raw=1.8664 | per_param=0.0561 |  natural=0.1502 | clipped=0.0045(per_param上限10.0)
26-17-20-43 原始规范坐标 G(Re Σrow_mean) = +19.0706 | 累计|g| = 10.4221
26-17-20-43 Ψ矩阵条件数 cond(Ψ) = 1.59e+01
26-17-20-43 Loss=-3.206723 | E0=-1.08260624 | E1=-0.95810784|E2=-0.66481773|E3=-0.32925197
26-17-20-43 #-----------------------------------------#
26-17-20-43 [保存] Step 219 → pickle 文件已更新 (220 条记录)
26-17-20-43 【Step 220 告警】梯度异常！nan=False, raw_grad_norm=558.76
26-17-20-43 [Step 220] logΨ: mean=2.740-1.703j | min=-2.385+3.080j | max=3.459+0.665j
26-17-20-43 梯度监控 | raw=558.7562 | per_param=16.7862 |  natural=0.6039 | clipped=0.0181(per_param上限10.0)
26-17-20-43 原始规范坐标 G(Re Σrow_mean) = +19.0711 | 累计|g| = 10.4221
26-17-20-43 Ψ矩阵条件数 cond(Ψ) = 1.51e+01
26-17-20-43 Loss=-2.897507 | E0=-1.02676335 | E1=-0.94553941|E2=-0.66419236|E3=0.26641914
26-17-20-43 #-----------------------------------------#
26-17-20-43 【Step 221 告警】梯度异常！nan=False, raw_grad_norm=991.94
26-17-20-43 [Step 221] logΨ: mean=1.575+0.094j | min=-3.600-0.683j | max=2.090+0.395j
26-17-20-43 梯度监控 | raw=991.9433 | per_param=29.8000 |  natural=0.3359 | clipped=0.0101(per_param上限10.0)
26-17-20-43 原始规范坐标 G(Re Σrow_mean) = +16.7804 | 累计|g| = 10.4221
26-17-20-43 Ψ矩阵条件数 cond(Ψ) = 1.17e+01
26-17-20-43 Loss=-2.211281 | E0=-1.01658110 | E1=-0.94774955|E2=-0.66413682|E3=0.87129131
26-17-20-43 #-----------------------------------------#
26-17-20-43 【Step 222 告警】梯度异常！nan=False, raw_grad_norm=989.15
26-17-20-43 [Step 222] logΨ: mean=1.580+0.094j | min=-2.955-2.468j | max=1.971+0.442j
26-17-20-43 梯度监控 | raw=989.1513 | per_param=29.7162 |  natural=0.2021 | clipped=0.0061(per_param上限10.0)
26-17-20-43 原始规范坐标 G(Re Σrow_mean) = +16.7463 | 累计|g| = 10.4221
26-17-20-43 Ψ矩阵条件数 cond(Ψ) = 1.15e+01
26-17-20-43 Loss=-2.182950 | E0=-1.01681127 | E1=-0.94851184|E2=-0.66436129|E3=0.78188848
26-17-20-43 #-----------------------------------------#
26-17-20-43 【Step 223 告警】梯度异常！nan=False, raw_grad_norm=1003.49
26-17-20-43 [Step 223] logΨ: mean=1.274-0.253j | min=-4.208+2.339j | max=1.726+0.351j
26-17-20-43 梯度监控 | raw=1003.4871 | per_param=30.1468 |  natural=0.1813 | clipped=0.0054(per_param上限10.0)
26-17-20-43 原始规范坐标 G(Re Σrow_mean) = +16.4345 | 累计|g| = 10.4221
26-17-20-43 Ψ矩阵条件数 cond(Ψ) = 3.61e+01
26-17-20-43 Loss=-2.148056 | E0=-1.01814544 | E1=-0.94951658|E2=-0.66409820|E3=0.70737150
26-17-20-43 #-----------------------------------------#
26-17-20-43 【Step 224 告警】梯度异常！nan=False, raw_grad_norm=1000.56
26-17-20-43 [Step 224] logΨ: mean=1.202-0.075j | min=-3.613+0.453j | max=1.464+0.428j
26-17-20-43 梯度监控 | raw=1000.5599 | per_param=30.0589 |  natural=0.1672 | clipped=0.0050(per_param上限10.0)
26-17-20-43 原始规范坐标 G(Re Σrow_mean) = +16.5032 | 累计|g| = 10.4221
26-17-20-43 Ψ矩阵条件数 cond(Ψ) = 3.70e+01
26-17-20-43 Loss=-2.211142 | E0=-1.02068667 | E1=-0.95001975|E2=-0.66415739|E3=0.49723291
26-17-20-43 #-----------------------------------------#
26-17-20-43 【Step 225 告警】梯度异常！nan=False, raw_grad_norm=1014.08
26-17-20-43 [Step 225] logΨ: mean=1.034+0.109j | min=-4.297+1.825j | max=1.332+2.563j
26-17-20-43 梯度监控 | raw=1014.0843 | per_param=30.4652 |  natural=0.1154 | clipped=0.0035(per_param上限10.0)
26-17-20-43 原始规范坐标 G(Re Σrow_mean) = +16.3757 | 累计|g| = 10.4221
26-17-20-43 Ψ矩阵条件数 cond(Ψ) = 3.68e+01
26-17-20-43 Loss=-2.215465 | E0=-1.02412189 | E1=-0.95081843|E2=-0.66391840|E3=0.35432483
26-17-20-43 #-----------------------------------------#
26-17-20-43 【Step 226 告警】梯度异常！nan=False, raw_grad_norm=1002.69
26-17-20-43 [Step 226] logΨ: mean=0.801-0.322j | min=-5.106+2.090j | max=1.348+2.557j
26-17-20-43 梯度监控 | raw=1002.6864 | per_param=30.1228 |  natural=0.1424 | clipped=0.0043(per_param上限10.0)
26-17-20-43 原始规范坐标 G(Re Σrow_mean) = +16.3492 | 累计|g| = 10.4221
26-17-20-43 Ψ矩阵条件数 cond(Ψ) = 3.65e+01
26-17-20-43 Loss=-2.375115 | E0=-1.02935254 | E1=-0.95188879|E2=-0.66381422|E3=0.09887679
26-17-20-43 #-----------------------------------------#
26-17-20-43 【Step 227 告警】梯度异常！nan=False, raw_grad_norm=1001.99
26-17-20-43 [Step 227] logΨ: mean=0.860-0.630j | min=-4.160+0.341j | max=1.555+2.533j
26-17-20-43 梯度监控 | raw=1001.9937 | per_param=30.1020 |  natural=0.1486 | clipped=0.0045(per_param上限10.0)
26-17-20-43 原始规范坐标 G(Re Σrow_mean) = +16.3080 | 累计|g| = 10.4221
26-17-20-43 Ψ矩阵条件数 cond(Ψ) = 1.13e+01
26-17-20-43 Loss=-2.311060 | E0=-1.03105312 | E1=-0.95267669|E2=-0.66364660|E3=0.05224708
26-17-20-43 #-----------------------------------------#
26-17-20-43 【Step 228 告警】梯度异常！nan=False, raw_grad_norm=924.23
26-17-20-43 [Step 228] logΨ: mean=1.138-0.339j | min=-3.838+0.752j | max=1.649+2.542j
26-17-20-43 梯度监控 | raw=924.2338 | per_param=27.7659 |  natural=0.1021 | clipped=0.0031(per_param上限10.0)
26-17-20-43 原始规范坐标 G(Re Σrow_mean) = +17.0181 | 累计|g| = 10.4221
26-17-20-43 Ψ矩阵条件数 cond(Ψ) = 1.14e+01
26-17-20-43 Loss=-2.602721 | E0=-1.04037124 | E1=-0.95346294|E2=-0.66360277|E3=-0.29774933
26-17-20-43 #-----------------------------------------#
26-17-20-43 【Step 229 告警】梯度异常！nan=False, raw_grad_norm=872.65
26-17-20-43 [Step 229] logΨ: mean=0.818-0.273j | min=-4.604+0.221j | max=1.558+2.523j
26-17-20-43 梯度监控 | raw=872.6544 | per_param=26.2164 |  natural=0.1271 | clipped=0.0038(per_param上限10.0)
26-17-20-43 原始规范坐标 G(Re Σrow_mean) = +16.6748 | 累计|g| = 10.4221
26-17-20-43 Ψ矩阵条件数 cond(Ψ) = 1.12e+01
26-17-20-43 Loss=-2.615627 | E0=-1.04434964 | E1=-0.95446301|E2=-0.66357187|E3=-0.35321709
26-17-20-43 #-----------------------------------------#
26-17-20-43 【Step 230 告警】梯度异常！nan=False, raw_grad_norm=579.60
26-17-20-43 [Step 230] logΨ: mean=1.320+0.159j | min=-2.779+0.831j | max=1.687+2.642j
26-17-20-43 梯度监控 | raw=579.6050 | per_param=17.4125 |  natural=0.0722 | clipped=0.0022(per_param上限10.0)
26-17-20-43 原始规范坐标 G(Re Σrow_mean) = +17.5336 | 累计|g| = 10.4221
26-17-20-43 Ψ矩阵条件数 cond(Ψ) = 3.68e+01
26-17-20-43 Loss=-2.894693 | E0=-1.04832664 | E1=-0.95556574|E2=-0.66382915|E3=-0.48382523
26-17-20-43 #-----------------------------------------#
26-17-20-43 【Step 231 告警】梯度异常！nan=False, raw_grad_norm=612.69
26-17-20-43 [Step 231] logΨ: mean=1.346+0.480j | min=-3.005+1.548j | max=1.830+2.691j
26-17-20-43 梯度监控 | raw=612.6931 | per_param=18.4066 |  natural=0.0837 | clipped=0.0025(per_param上限10.0)
26-17-20-43 原始规范坐标 G(Re Σrow_mean) = +17.4984 | 累计|g| = 10.4221
26-17-20-43 Ψ矩阵条件数 cond(Ψ) = 1.13e+01
26-17-20-43 Loss=-2.872893 | E0=-1.04896429 | E1=-0.95609433|E2=-0.66371015|E3=-0.49726543
26-17-20-43 #-----------------------------------------#
26-17-20-43 【Step 232 告警】梯度异常！nan=False, raw_grad_norm=408.61
26-17-20-43 [Step 232] logΨ: mean=1.605+0.716j | min=-3.213+0.296j | max=2.064+2.775j
26-17-20-43 梯度监控 | raw=408.6128 | per_param=12.2756 |  natural=0.1178 | clipped=0.0035(per_param上限10.0)
26-17-20-43 原始规范坐标 G(Re Σrow_mean) = +17.9070 | 累计|g| = 10.4221
26-17-20-43 Ψ矩阵条件数 cond(Ψ) = 1.09e+01
26-17-20-43 Loss=-2.981174 | E0=-1.04928367 | E1=-0.95644387|E2=-0.66356413|E3=-0.52399965
26-17-20-43 #-----------------------------------------#
26-17-20-43 【Step 233 告警】梯度异常！nan=False, raw_grad_norm=215.55
26-17-20-43 [Step 233] logΨ: mean=1.716+1.026j | min=-3.560+0.152j | max=2.139+2.849j
26-17-20-43 梯度监控 | raw=215.5546 | per_param=6.4757 |  natural=0.0728 | clipped=0.0022(per_param上限10.0)
26-17-20-43 原始规范坐标 G(Re Σrow_mean) = +18.0650 | 累计|g| = 10.4221
26-17-20-43 Ψ矩阵条件数 cond(Ψ) = 1.08e+01
26-17-20-43 Loss=-3.076290 | E0=-1.04960751 | E1=-0.95692054|E2=-0.66368622|E3=-0.53718424
26-17-20-43 #-----------------------------------------#
26-17-20-43 【Step 234 告警】梯度异常！nan=False, raw_grad_norm=202.42
26-17-20-43 [Step 234] logΨ: mean=1.889+1.576j | min=-3.455+0.111j | max=2.247+2.828j
26-17-20-43 梯度监控 | raw=202.4160 | per_param=6.0810 |  natural=0.0706 | clipped=0.0021(per_param上限10.0)
26-17-20-43 原始规范坐标 G(Re Σrow_mean) = +18.3087 | 累计|g| = 10.4221
26-17-20-43 Ψ矩阵条件数 cond(Ψ) = 1.14e+01
26-17-20-43 Loss=-3.097038 | E0=-1.04891327 | E1=-0.95690767|E2=-0.66354257|E3=-0.54250539
26-17-20-43 #-----------------------------------------#
26-17-20-43 【Step 235 告警】梯度异常！nan=False, raw_grad_norm=176.27
26-17-20-43 [Step 235] logΨ: mean=1.643+1.630j | min=-4.513-2.407j | max=2.095+3.053j
26-17-20-43 梯度监控 | raw=176.2727 | per_param=5.2956 |  natural=0.2929 | clipped=0.0088(per_param上限10.0)
26-17-20-43 原始规范坐标 G(Re Σrow_mean) = +18.0309 | 累计|g| = 10.4221
26-17-20-43 Ψ矩阵条件数 cond(Ψ) = 1.13e+01
26-17-20-43 Loss=-3.113827 | E0=-1.04865523 | E1=-0.95705689|E2=-0.66345940|E3=-0.54570382
26-17-20-43 #-----------------------------------------#
26-17-20-43 【Step 236 告警】梯度异常！nan=False, raw_grad_norm=132.80
26-17-20-43 [Step 236] logΨ: mean=1.915+1.909j | min=-4.533-1.808j | max=2.274+3.060j
26-17-20-43 梯度监控 | raw=132.7993 | per_param=3.9896 |  natural=0.0937 | clipped=0.0028(per_param上限10.0)
26-17-20-43 原始规范坐标 G(Re Σrow_mean) = +18.3526 | 累计|g| = 10.4221
26-17-20-43 Ψ矩阵条件数 cond(Ψ) = 1.14e+01
26-17-20-43 Loss=-3.139028 | E0=-1.04810232 | E1=-0.95712274|E2=-0.66354762|E3=-0.54869724
26-17-20-43 #-----------------------------------------#
26-17-20-43 [Step 237] logΨ: mean=2.394+1.845j | min=-2.750-1.355j | max=2.610+3.049j
26-17-20-43 梯度监控 | raw=26.7419 | per_param=0.8034 |  natural=0.0707 | clipped=0.0021(per_param上限10.0)
26-17-20-43 原始规范坐标 G(Re Σrow_mean) = +18.8281 | 累计|g| = 10.4221
26-17-20-43 Ψ矩阵条件数 cond(Ψ) = 1.24e+01
26-17-20-43 Loss=-3.190771 | E0=-1.04786006 | E1=-0.95745892|E2=-0.66370123|E3=-0.55078925
26-17-20-43 #-----------------------------------------#
26-17-20-43 [Step 238] logΨ: mean=2.631+1.572j | min=-2.125-0.719j | max=2.801+3.027j
26-17-20-43 梯度监控 | raw=67.8191 | per_param=2.0374 |  natural=0.0627 | clipped=0.0019(per_param上限10.0)
26-17-20-43 原始规范坐标 G(Re Σrow_mean) = +19.0408 | 累计|g| = 10.4221
26-17-20-43 Ψ矩阵条件数 cond(Ψ) = 1.26e+01
26-17-20-43 Loss=-3.184206 | E0=-1.04763444 | E1=-0.95722224|E2=-0.66314122|E3=-0.55193320
26-17-20-43 #-----------------------------------------#
26-17-20-43 [Step 239] logΨ: mean=2.647+1.398j | min=-3.330+0.578j | max=2.926+2.958j
26-17-20-43 梯度监控 | raw=41.3029 | per_param=1.2408 |  natural=0.0871 | clipped=0.0026(per_param上限10.0)
26-17-20-43 原始规范坐标 G(Re Σrow_mean) = +19.0316 | 累计|g| = 10.4221
26-17-20-43 Ψ矩阵条件数 cond(Ψ) = 1.33e+01
26-17-20-43 Loss=-3.186040 | E0=-1.04741238 | E1=-0.95713050|E2=-0.66316071|E3=-0.55244874
26-17-20-43 #-----------------------------------------#
26-17-20-43 [保存] Step 239 → pickle 文件已更新 (240 条记录)
26-17-20-43 [GaugeReset@240] 吸收 Δg = Σ Re(col_mean) = +19.0316 | 新|g| = 10.3183
26-17-20-43 [Step 240] logΨ: mean=2.207-0.156j | min=-3.271+0.065j | max=2.525+1.569j
26-17-20-43 梯度监控 | raw=54.3006 | per_param=1.6313 |  natural=0.7150 | clipped=0.0215(per_param上限10.0)
26-17-20-43 原始规范坐标 G(Re Σrow_mean) = +19.1153 | 累计|g| = 10.3183
26-17-20-43 Ψ矩阵条件数 cond(Ψ) = 1.49e+01
26-17-20-43 Loss=-3.189981 | E0=-1.04579445 | E1=-0.96093139|E2=-0.66595600|E3=-0.54067587
26-17-20-43 #-----------------------------------------#
26-17-20-43 [Step 241] logΨ: mean=2.258-0.363j | min=-1.279+1.184j | max=2.622+1.459j
26-17-20-43 梯度监控 | raw=92.7274 | per_param=2.7857 |  natural=0.0762 | clipped=0.0023(per_param上限10.0)
26-17-20-43 原始规范坐标 G(Re Σrow_mean) = +18.8842 | 累计|g| = 10.3183
26-17-20-43 Ψ矩阵条件数 cond(Ψ) = 1.46e+01
26-17-20-43 Loss=-2.984530 | E0=-1.04366351 | E1=-0.95953117|E2=-0.66492856|E3=-0.52395055
26-17-20-43 #-----------------------------------------#
26-17-20-43 [Step 242] logΨ: mean=2.220-0.284j | min=-1.788-2.168j | max=2.677+1.411j
26-17-20-43 梯度监控 | raw=87.4395 | per_param=2.6269 |  natural=0.0773 | clipped=0.0023(per_param上限10.0)
26-17-20-43 原始规范坐标 G(Re Σrow_mean) = +18.7434 | 累计|g| = 10.3183
26-17-20-43 Ψ矩阵条件数 cond(Ψ) = 1.44e+01
26-17-20-43 Loss=-2.971689 | E0=-1.04399509 | E1=-0.95964642|E2=-0.66447784|E3=-0.52793662
26-17-20-43 #-----------------------------------------#
26-17-20-43 [Step 243] logΨ: mean=2.204-0.233j | min=-2.251+2.117j | max=2.708+1.412j
26-17-20-43 梯度监控 | raw=79.4963 | per_param=2.3882 |  natural=0.0781 | clipped=0.0023(per_param上限10.0)
26-17-20-43 原始规范坐标 G(Re Σrow_mean) = +18.7027 | 累计|g| = 10.3183
26-17-20-43 Ψ矩阵条件数 cond(Ψ) = 1.40e+01
26-17-20-43 Loss=-3.007247 | E0=-1.04455079 | E1=-0.95975599|E2=-0.66399935|E3=-0.53240389
26-17-20-43 #-----------------------------------------#
26-17-20-43 [Step 244] logΨ: mean=2.301-0.420j | min=-2.822-0.651j | max=2.789+1.372j
26-17-20-43 梯度监控 | raw=60.4057 | per_param=1.8147 |  natural=0.0785 | clipped=0.0024(per_param上限10.0)
26-17-20-43 原始规范坐标 G(Re Σrow_mean) = +18.7851 | 累计|g| = 10.3183
26-17-20-43 Ψ矩阵条件数 cond(Ψ) = 1.38e+01
26-17-20-43 Loss=-3.055012 | E0=-1.04511069 | E1=-0.95998234|E2=-0.66382233|E3=-0.53895311
26-17-20-43 #-----------------------------------------#
26-17-20-43 [Step 245] logΨ: mean=2.686-0.116j | min=-2.872+1.008j | max=2.927+1.546j
26-17-20-43 梯度监控 | raw=24.4934 | per_param=0.7358 |  natural=0.0728 | clipped=0.0022(per_param上限10.0)
26-17-20-43 原始规范坐标 G(Re Σrow_mean) = +19.2233 | 累计|g| = 10.3183
26-17-20-43 Ψ矩阵条件数 cond(Ψ) = 1.69e+01
26-17-20-43 Loss=-3.158137 | E0=-1.04501472 | E1=-0.96007286|E2=-0.66364322|E3=-0.54599789
26-17-20-43 #-----------------------------------------#
26-17-20-43 [Step 246] logΨ: mean=3.025-0.148j | min=-2.140+1.989j | max=3.352+1.290j
26-17-20-43 梯度监控 | raw=34.9152 | per_param=1.0489 |  natural=0.0853 | clipped=0.0026(per_param上限10.0)
26-17-20-43 原始规范坐标 G(Re Σrow_mean) = +19.5562 | 累计|g| = 10.3183
26-17-20-43 Ψ矩阵条件数 cond(Ψ) = 2.45e+01
26-17-20-43 Loss=-3.128153 | E0=-1.04501162 | E1=-0.96000627|E2=-0.66370122|E3=-0.54552789
26-17-20-43 #-----------------------------------------#
26-17-20-43 [Step 247] logΨ: mean=3.239-0.094j | min=-1.238-0.940j | max=3.572+0.972j
26-17-20-43 梯度监控 | raw=41.2938 | per_param=1.2406 |  natural=0.0813 | clipped=0.0024(per_param上限10.0)
26-17-20-43 原始规范坐标 G(Re Σrow_mean) = +19.7565 | 累计|g| = 10.3183
26-17-20-43 Ψ矩阵条件数 cond(Ψ) = 3.53e+01
26-17-20-43 Loss=-3.139185 | E0=-1.04482591 | E1=-0.95980230|E2=-0.66370197|E3=-0.54494189
26-17-20-43 #-----------------------------------------#
26-17-20-43 [Step 248] logΨ: mean=3.305-0.316j | min=-1.054+0.587j | max=3.597+0.922j
26-17-20-43 梯度监控 | raw=40.1096 | per_param=1.2050 |  natural=0.0380 | clipped=0.0011(per_param上限10.0)
26-17-20-43 原始规范坐标 G(Re Σrow_mean) = +19.8231 | 累计|g| = 10.3183
26-17-20-43 Ψ矩阵条件数 cond(Ψ) = 1.70e+01
26-17-20-43 Loss=-3.150115 | E0=-1.04509456 | E1=-0.96002024|E2=-0.66360290|E3=-0.54675725
26-17-20-43 #-----------------------------------------#
26-17-20-43 [Step 249] logΨ: mean=3.015-0.622j | min=-2.795+3.135j | max=3.397+0.750j
26-17-20-43 梯度监控 | raw=27.3341 | per_param=0.8212 |  natural=0.3364 | clipped=0.0101(per_param上限10.0)
26-17-20-43 原始规范坐标 G(Re Σrow_mean) = +19.1996 | 累计|g| = 10.3183
26-17-20-43 Ψ矩阵条件数 cond(Ψ) = 1.77e+01
26-17-20-43 Loss=-3.173706 | E0=-1.04519570 | E1=-0.96030143|E2=-0.66237700|E3=-0.54932351
26-17-20-43 #-----------------------------------------#
26-17-20-43 [Step 250] logΨ: mean=2.455-0.926j | min=-3.692+2.715j | max=2.888+0.736j
26-17-20-43 梯度监控 | raw=14.3575 | per_param=0.4313 |  natural=0.2846 | clipped=0.0085(per_param上限10.0)
26-17-20-43 原始规范坐标 G(Re Σrow_mean) = +18.6992 | 累计|g| = 10.3183
26-17-20-43 Ψ矩阵条件数 cond(Ψ) = 2.88e+01
26-17-20-43 Loss=-3.181356 | E0=-1.04524701 | E1=-0.96034399|E2=-0.66254303|E3=-0.54965218
26-17-20-43 #-----------------------------------------#
26-17-20-43 [Step 251] logΨ: mean=2.576-0.394j | min=-3.332-1.100j | max=2.878+0.977j
26-17-20-43 梯度监控 | raw=10.2384 | per_param=0.3076 |  natural=0.1902 | clipped=0.0057(per_param上限10.0)
26-17-20-43 原始规范坐标 G(Re Σrow_mean) = +18.8188 | 累计|g| = 10.3183
26-17-20-43 Ψ矩阵条件数 cond(Ψ) = 2.02e+01
26-17-20-43 Loss=-3.192712 | E0=-1.04492676 | E1=-0.96006271|E2=-0.66282038|E3=-0.55003722
26-17-20-43 #-----------------------------------------#
26-17-20-43 [Step 252] logΨ: mean=2.720-0.607j | min=-2.037+2.055j | max=2.985+0.976j
26-17-20-43 梯度监控 | raw=13.0165 | per_param=0.3910 |  natural=0.0910 | clipped=0.0027(per_param上限10.0)
26-17-20-43 原始规范坐标 G(Re Σrow_mean) = +18.9397 | 累计|g| = 10.3183
26-17-20-43 Ψ矩阵条件数 cond(Ψ) = 1.97e+01
26-17-20-43 Loss=-3.184754 | E0=-1.04504112 | E1=-0.95980810|E2=-0.66268965|E3=-0.55010233
26-17-20-43 #-----------------------------------------#
26-17-20-43 [Step 253] logΨ: mean=2.575-0.618j | min=-3.171+1.630j | max=2.935+0.996j
26-17-20-43 梯度监控 | raw=5.9691 | per_param=0.1793 |  natural=0.1097 | clipped=0.0033(per_param上限10.0)
26-17-20-43 原始规范坐标 G(Re Σrow_mean) = +18.8065 | 累计|g| = 10.3183
26-17-20-43 Ψ矩阵条件数 cond(Ψ) = 1.92e+01
26-17-20-43 Loss=-3.186195 | E0=-1.04524270 | E1=-0.95993260|E2=-0.66303851|E3=-0.55027238
26-17-20-43 #-----------------------------------------#
26-17-20-43 [Step 254] logΨ: mean=2.791-0.130j | min=-1.822+1.883j | max=3.044+1.092j
26-17-20-43 梯度监控 | raw=4.4771 | per_param=0.1345 |  natural=0.0870 | clipped=0.0026(per_param上限10.0)
26-17-20-43 原始规范坐标 G(Re Σrow_mean) = +19.0307 | 累计|g| = 10.3183
26-17-20-43 Ψ矩阵条件数 cond(Ψ) = 1.86e+01
26-17-20-43 Loss=-3.198939 | E0=-1.04500973 | E1=-0.95969951|E2=-0.66306122|E3=-0.55087768
26-17-20-43 #-----------------------------------------#
26-17-20-43 [Step 255] logΨ: mean=2.762+0.234j | min=-3.834-0.672j | max=3.096+1.276j
26-17-20-43 梯度监控 | raw=11.3509 | per_param=0.3410 |  natural=0.0967 | clipped=0.0029(per_param上限10.0)
26-17-20-43 原始规范坐标 G(Re Σrow_mean) = +19.0205 | 累计|g| = 10.3183
26-17-20-43 Ψ矩阵条件数 cond(Ψ) = 1.74e+01
26-17-20-43 Loss=-3.192567 | E0=-1.04514960 | E1=-0.95949078|E2=-0.66302439|E3=-0.55058034
26-17-20-43 #-----------------------------------------#
26-17-20-43 [Step 256] logΨ: mean=2.906+0.290j | min=-2.880-1.719j | max=3.162+1.267j
26-17-20-43 梯度监控 | raw=4.3899 | per_param=0.1319 |  natural=0.0829 | clipped=0.0025(per_param上限10.0)
26-17-20-43 原始规范坐标 G(Re Σrow_mean) = +19.1664 | 累计|g| = 10.3183
26-17-20-43 Ψ矩阵条件数 cond(Ψ) = 1.65e+01
26-17-20-43 Loss=-3.206032 | E0=-1.04519514 | E1=-0.95869491|E2=-0.66386907|E3=-0.55068297
26-17-20-43 #-----------------------------------------#
26-17-20-43 [Step 257] logΨ: mean=2.972+0.014j | min=-0.364+1.667j | max=3.195+1.300j
26-17-20-43 梯度监控 | raw=5.4030 | per_param=0.1623 |  natural=0.0435 | clipped=0.0013(per_param上限10.0)
26-17-20-43 原始规范坐标 G(Re Σrow_mean) = +19.2481 | 累计|g| = 10.3183
26-17-20-43 Ψ矩阵条件数 cond(Ψ) = 1.58e+01
26-17-20-43 Loss=-3.201276 | E0=-1.04514341 | E1=-0.95832756|E2=-0.66383154|E3=-0.55074568
26-17-20-43 #-----------------------------------------#
26-17-20-43 [Step 258] logΨ: mean=3.068-0.396j | min=-1.711-1.976j | max=3.269+1.381j
26-17-20-43 梯度监控 | raw=2.5902 | per_param=0.0778 |  natural=0.0376 | clipped=0.0011(per_param上限10.0)
26-17-20-43 原始规范坐标 G(Re Σrow_mean) = +19.3586 | 累计|g| = 10.3183
26-17-20-43 Ψ矩阵条件数 cond(Ψ) = 1.54e+01
26-17-20-43 Loss=-3.208320 | E0=-1.04512812 | E1=-0.95822169|E2=-0.66391559|E3=-0.55082629
26-17-20-43 #-----------------------------------------#
26-17-20-43 [Step 259] logΨ: mean=3.107-0.352j | min=-2.029-1.594j | max=3.365+1.371j
26-17-20-43 梯度监控 | raw=7.2111 | per_param=0.2166 |  natural=0.0448 | clipped=0.0013(per_param上限10.0)
26-17-20-43 原始规范坐标 G(Re Σrow_mean) = +19.4116 | 累计|g| = 10.3183
26-17-20-43 Ψ矩阵条件数 cond(Ψ) = 1.50e+01
26-17-20-43 Loss=-3.200580 | E0=-1.04532315 | E1=-0.95804463|E2=-0.66365300|E3=-0.55068232
26-17-20-43 #-----------------------------------------#
26-17-20-43 [保存] Step 259 → pickle 文件已更新 (260 条记录)
26-17-20-43 [Step 260] logΨ: mean=3.332-0.512j | min=-1.091+1.911j | max=3.408+1.388j
26-17-20-43 梯度监控 | raw=1.6472 | per_param=0.0495 |  natural=0.0147 | clipped=0.0004(per_param上限10.0)
26-17-20-43 原始规范坐标 G(Re Σrow_mean) = +19.6031 | 累计|g| = 10.3183
26-17-20-43 Ψ矩阵条件数 cond(Ψ) = 1.52e+01
26-17-20-43 Loss=-3.214077 | E0=-1.04510261 | E1=-0.95794080|E2=-0.66338301|E3=-0.55112844
26-17-20-43 #-----------------------------------------#
26-17-20-43 [Step 261] logΨ: mean=3.367-0.393j | min=-1.541-1.904j | max=3.487+1.467j
26-17-20-43 梯度监控 | raw=4.8063 | per_param=0.1444 |  natural=0.0302 | clipped=0.0009(per_param上限10.0)
26-17-20-43 原始规范坐标 G(Re Σrow_mean) = +19.6415 | 累计|g| = 10.3183
26-17-20-43 Ψ矩阵条件数 cond(Ψ) = 1.50e+01
26-17-20-43 Loss=-3.210272 | E0=-1.04545659 | E1=-0.95784494|E2=-0.66324097|E3=-0.54806087
26-17-20-43 #-----------------------------------------#
26-17-20-43 [Step 262] logΨ: mean=3.165+0.080j | min=-1.937+1.674j | max=3.458+1.530j
26-17-20-43 梯度监控 | raw=18.5294 | per_param=0.5567 |  natural=0.0329 | clipped=0.0010(per_param上限10.0)
26-17-20-43 原始规范坐标 G(Re Σrow_mean) = +19.4364 | 累计|g| = 10.3183
26-17-20-43 Ψ矩阵条件数 cond(Ψ) = 1.48e+01
26-17-20-43 Loss=-3.202617 | E0=-1.04547242 | E1=-0.95777243|E2=-0.66320343|E3=-0.54852345
26-17-20-43 #-----------------------------------------#
26-17-20-43 [Step 263] logΨ: mean=3.206-0.061j | min=-2.043+1.066j | max=3.413+1.533j
26-17-20-43 梯度监控 | raw=4.8238 | per_param=0.1449 |  natural=0.1349 | clipped=0.0041(per_param上限10.0)
26-17-20-43 原始规范坐标 G(Re Σrow_mean) = +19.5282 | 累计|g| = 10.3183
26-17-20-43 Ψ矩阵条件数 cond(Ψ) = 1.44e+01
26-17-20-43 Loss=-3.210232 | E0=-1.04529030 | E1=-0.95784728|E2=-0.66326146|E3=-0.54920209
26-17-20-43 #-----------------------------------------#
26-17-20-43 [Step 264] logΨ: mean=1.529-0.954j | min=-3.629+0.727j | max=1.702+0.966j
26-17-20-43 梯度监控 | raw=52.8334 | per_param=1.5872 |  natural=0.5757 | clipped=0.0173(per_param上限10.0)
26-17-20-43 原始规范坐标 G(Re Σrow_mean) = +18.0612 | 累计|g| = 10.3183
26-17-20-43 Ψ矩阵条件数 cond(Ψ) = 6.55e+00
26-17-20-43 Loss=-3.230187 | E0=-1.04662028 | E1=-0.96004452|E2=-0.66161031|E3=-0.54784047
26-17-20-43 #-----------------------------------------#
26-17-20-43 [Step 265] logΨ: mean=1.450-1.029j | min=-5.468+2.559j | max=1.718+0.848j
26-17-20-43 梯度监控 | raw=16.8913 | per_param=0.5074 |  natural=0.1433 | clipped=0.0043(per_param上限10.0)
26-17-20-43 原始规范坐标 G(Re Σrow_mean) = +18.0123 | 累计|g| = 10.3183
26-17-20-43 Ψ矩阵条件数 cond(Ψ) = 7.14e+00
26-17-20-43 Loss=-3.176871 | E0=-1.04627330 | E1=-0.95993499|E2=-0.66207478|E3=-0.54812142
26-17-20-43 #-----------------------------------------#
26-17-20-43 [Step 266] logΨ: mean=1.352-1.275j | min=-4.075-0.760j | max=1.642+0.788j
26-17-20-43 梯度监控 | raw=11.4813 | per_param=0.3449 |  natural=0.2407 | clipped=0.0072(per_param上限10.0)
26-17-20-43 原始规范坐标 G(Re Σrow_mean) = +17.9065 | 累计|g| = 10.3183
26-17-20-43 Ψ矩阵条件数 cond(Ψ) = 2.82e+01
26-17-20-43 Loss=-3.198567 | E0=-1.04630298 | E1=-0.96016275|E2=-0.66264685|E3=-0.54887416
26-17-20-43 #-----------------------------------------#
26-17-20-43 [Step 267] logΨ: mean=1.439-1.418j | min=-2.818+1.009j | max=1.715+0.735j
26-17-20-43 梯度监控 | raw=11.6232 | per_param=0.3492 |  natural=0.1883 | clipped=0.0057(per_param上限10.0)
26-17-20-43 原始规范坐标 G(Re Σrow_mean) = +18.1321 | 累计|g| = 10.3183
26-17-20-43 Ψ矩阵条件数 cond(Ψ) = 7.39e+00
26-17-20-43 Loss=-3.194824 | E0=-1.04616161 | E1=-0.96000612|E2=-0.66314118|E3=-0.54957255
26-17-20-43 #-----------------------------------------#
26-17-20-43 [Step 268] logΨ: mean=1.663-0.842j | min=-4.761+0.505j | max=1.910+0.778j
26-17-20-43 梯度监控 | raw=11.8883 | per_param=0.3571 |  natural=0.0849 | clipped=0.0026(per_param上限10.0)
26-17-20-43 原始规范坐标 G(Re Σrow_mean) = +18.3314 | 累计|g| = 10.3183
26-17-20-43 Ψ矩阵条件数 cond(Ψ) = 7.84e+00
26-17-20-43 Loss=-3.194616 | E0=-1.04589816 | E1=-0.95978865|E2=-0.66341323|E3=-0.54958485
26-17-20-43 #-----------------------------------------#
26-17-20-43 [Step 269] logΨ: mean=1.968-0.983j | min=-5.305-1.702j | max=2.167+0.808j
26-17-20-43 梯度监控 | raw=8.2484 | per_param=0.2478 |  natural=0.0872 | clipped=0.0026(per_param上限10.0)
26-17-20-43 原始规范坐标 G(Re Σrow_mean) = +18.6544 | 累计|g| = 10.3183
26-17-20-43 Ψ矩阵条件数 cond(Ψ) = 1.12e+01
26-17-20-43 Loss=-3.203839 | E0=-1.04572374 | E1=-0.95998380|E2=-0.66368069|E3=-0.54983596
26-17-20-43 #-----------------------------------------#
26-17-20-43 [GaugeReset@270] 吸收 Δg = Σ Re(col_mean) = +18.6544 | 新|g| = 9.9836
26-17-20-43 [Step 270] logΨ: mean=2.619-0.711j | min=-1.991+0.396j | max=2.779+1.174j
26-17-20-43 梯度监控 | raw=4.6289 | per_param=0.1391 |  natural=0.0596 | clipped=0.0018(per_param上限10.0)
26-17-20-43 原始规范坐标 G(Re Σrow_mean) = +18.9343 | 累计|g| = 9.9836
26-17-20-43 Ψ矩阵条件数 cond(Ψ) = 1.69e+01
26-17-20-43 Loss=-3.209968 | E0=-1.04564313 | E1=-0.95977858|E2=-0.66319445|E3=-0.54984082
26-17-20-43 #-----------------------------------------#
26-17-20-43 [Step 271] logΨ: mean=2.709-1.352j | min=-4.209+1.780j | max=2.918+1.084j
26-17-20-43 梯度监控 | raw=6.6394 | per_param=0.1995 |  natural=0.0881 | clipped=0.0026(per_param上限10.0)
26-17-20-43 原始规范坐标 G(Re Σrow_mean) = +18.9963 | 累计|g| = 9.9836
26-17-20-43 Ψ矩阵条件数 cond(Ψ) = 2.27e+01
26-17-20-43 Loss=-3.207864 | E0=-1.04550659 | E1=-0.95961349|E2=-0.66324603|E3=-0.54977898
26-17-20-43 #-----------------------------------------#
26-17-20-43 [Step 272] logΨ: mean=2.865-0.985j | min=-2.747+2.159j | max=3.107+1.152j
26-17-20-43 梯度监控 | raw=8.4668 | per_param=0.2544 |  natural=0.0416 | clipped=0.0012(per_param上限10.0)
26-17-20-43 原始规范坐标 G(Re Σrow_mean) = +19.1521 | 累计|g| = 9.9836
26-17-20-43 Ψ矩阵条件数 cond(Ψ) = 2.32e+01
26-17-20-43 Loss=-3.208776 | E0=-1.04551199 | E1=-0.95919658|E2=-0.66343961|E3=-0.54917580
26-17-20-43 #-----------------------------------------#
26-17-20-43 [Step 273] logΨ: mean=2.657-0.875j | min=-2.198-0.386j | max=2.897+1.260j
26-17-20-43 梯度监控 | raw=5.7573 | per_param=0.1730 |  natural=0.1184 | clipped=0.0036(per_param上限10.0)
26-17-20-43 原始规范坐标 G(Re Σrow_mean) = +18.8562 | 累计|g| = 9.9836
26-17-20-43 Ψ矩阵条件数 cond(Ψ) = 2.14e+01
26-17-20-43 Loss=-3.214462 | E0=-1.04556697 | E1=-0.95923677|E2=-0.66395791|E3=-0.54937168
26-17-20-43 #-----------------------------------------#
26-17-20-43 [Step 274] logΨ: mean=2.802-0.678j | min=-2.533+1.497j | max=2.936+1.353j
26-17-20-43 梯度监控 | raw=4.4542 | per_param=0.1338 |  natural=0.0394 | clipped=0.0012(per_param上限10.0)
26-17-20-43 原始规范坐标 G(Re Σrow_mean) = +18.9915 | 累计|g| = 9.9836
26-17-20-43 Ψ矩阵条件数 cond(Ψ) = 2.06e+01
26-17-20-43 Loss=-3.215781 | E0=-1.04556358 | E1=-0.95959760|E2=-0.66382875|E3=-0.54918943
26-17-20-43 #-----------------------------------------#
26-17-20-43 [Step 275] logΨ: mean=2.866-0.407j | min=-2.135-2.994j | max=3.201+1.433j
26-17-20-43 梯度监控 | raw=14.5979 | per_param=0.4386 |  natural=0.1505 | clipped=0.0045(per_param上限10.0)
26-17-20-43 原始规范坐标 G(Re Σrow_mean) = +19.0053 | 累计|g| = 9.9836
26-17-20-43 Ψ矩阵条件数 cond(Ψ) = 2.07e+01
26-17-20-43 Loss=-3.200753 | E0=-1.04540317 | E1=-0.95918950|E2=-0.66392789|E3=-0.54920106
26-17-20-43 #-----------------------------------------#
26-17-20-43 [Step 276] logΨ: mean=3.076-0.614j | min=-3.050-1.229j | max=3.180+1.469j
26-17-20-43 梯度监控 | raw=2.9094 | per_param=0.0874 |  natural=0.0654 | clipped=0.0020(per_param上限10.0)
26-17-20-43 原始规范坐标 G(Re Σrow_mean) = +19.0622 | 累计|g| = 9.9836
26-17-20-43 Ψ矩阵条件数 cond(Ψ) = 2.01e+01
26-17-20-43 Loss=-3.216922 | E0=-1.04535880 | E1=-0.95858716|E2=-0.66366027|E3=-0.54981992
26-17-20-43 #-----------------------------------------#
26-17-20-44 [Step 277] logΨ: mean=3.056-0.394j | min=-2.207-1.787j | max=3.189+1.485j
26-17-20-44 梯度监控 | raw=3.6806 | per_param=0.1106 |  natural=0.0122 | clipped=0.0004(per_param上限10.0)
26-17-20-44 原始规范坐标 G(Re Σrow_mean) = +19.0485 | 累计|g| = 9.9836
26-17-20-44 Ψ矩阵条件数 cond(Ψ) = 2.02e+01
26-17-20-44 Loss=-3.214382 | E0=-1.04539497 | E1=-0.95859238|E2=-0.66361942|E3=-0.54974984
26-17-20-44 #-----------------------------------------#
26-17-20-44 [Step 278] logΨ: mean=3.073+0.086j | min=-0.822+0.001j | max=3.221+1.487j
26-17-20-44 梯度监控 | raw=2.8453 | per_param=0.0855 |  natural=0.0168 | clipped=0.0005(per_param上限10.0)
26-17-20-44 原始规范坐标 G(Re Σrow_mean) = +19.0492 | 累计|g| = 9.9836
26-17-20-44 Ψ矩阵条件数 cond(Ψ) = 2.03e+01
26-17-20-44 Loss=-3.215763 | E0=-1.04542762 | E1=-0.95856925|E2=-0.66353208|E3=-0.54975539
26-17-20-44 #-----------------------------------------#
26-17-20-44 [Step 279] logΨ: mean=3.114+0.370j | min=-1.618-2.604j | max=3.376+1.545j
26-17-20-44 梯度监控 | raw=5.4544 | per_param=0.1639 |  natural=0.0776 | clipped=0.0023(per_param上限10.0)
26-17-20-44 原始规范坐标 G(Re Σrow_mean) = +19.1131 | 累计|g| = 9.9836
26-17-20-44 Ψ矩阵条件数 cond(Ψ) = 2.08e+01
26-17-20-44 Loss=-3.213485 | E0=-1.04541219 | E1=-0.95853380|E2=-0.66370800|E3=-0.54986563
26-17-20-44 #-----------------------------------------#
26-17-20-44 [保存] Step 279 → pickle 文件已更新 (280 条记录)
26-17-20-44 [Step 280] logΨ: mean=3.331+0.454j | min=-0.899+0.568j | max=3.402+1.561j
26-17-20-44 梯度监控 | raw=2.6218 | per_param=0.0788 |  natural=0.0289 | clipped=0.0009(per_param上限10.0)
26-17-20-44 原始规范坐标 G(Re Σrow_mean) = +19.3835 | 累计|g| = 9.9836
26-17-20-44 Ψ矩阵条件数 cond(Ψ) = 3.04e+01
26-17-20-44 Loss=-3.213959 | E0=-1.04541589 | E1=-0.95875710|E2=-0.66381592|E3=-0.54948314
26-17-20-44 #-----------------------------------------#
26-17-20-44 [Step 281] logΨ: mean=3.277+0.371j | min=-3.611+0.995j | max=3.444+1.565j
26-17-20-44 梯度监控 | raw=5.3529 | per_param=0.1608 |  natural=0.0396 | clipped=0.0012(per_param上限10.0)
26-17-20-44 原始规范坐标 G(Re Σrow_mean) = +19.3280 | 累计|g| = 9.9836
26-17-20-44 Ψ矩阵条件数 cond(Ψ) = 2.10e+01
26-17-20-44 Loss=-3.216279 | E0=-1.04545531 | E1=-0.95877816|E2=-0.66395029|E3=-0.54971211
26-17-20-44 #-----------------------------------------#
26-17-20-44 [Step 282] logΨ: mean=3.539+0.234j | min=-0.823+1.809j | max=3.655+1.546j
26-17-20-44 梯度监控 | raw=6.2794 | per_param=0.1886 |  natural=0.0309 | clipped=0.0009(per_param上限10.0)
26-17-20-44 原始规范坐标 G(Re Σrow_mean) = +19.6263 | 累计|g| = 9.9836
26-17-20-44 Ψ矩阵条件数 cond(Ψ) = 3.06e+01
26-17-20-44 Loss=-3.212119 | E0=-1.04527276 | E1=-0.95850953|E2=-0.66383573|E3=-0.54998801
26-17-20-44 #-----------------------------------------#
26-17-20-44 [Step 283] logΨ: mean=3.624+0.326j | min=-0.058-1.848j | max=3.661+1.548j
26-17-20-44 梯度监控 | raw=0.9669 | per_param=0.0290 |  natural=0.0017 | clipped=0.0001(per_param上限10.0)
26-17-20-44 原始规范坐标 G(Re Σrow_mean) = +19.6980 | 累计|g| = 9.9836
26-17-20-44 Ψ矩阵条件数 cond(Ψ) = 2.17e+01
26-17-20-44 Loss=-3.217657 | E0=-1.04525366 | E1=-0.95846075|E2=-0.66378534|E3=-0.55025018
26-17-20-44 #-----------------------------------------#
26-17-20-44 [Step 284] logΨ: mean=3.606-0.035j | min=-1.197-1.411j | max=3.652+1.535j
26-17-20-44 梯度监控 | raw=0.4153 | per_param=0.0125 |  natural=0.0011 | clipped=0.0000(per_param上限10.0)
26-17-20-44 原始规范坐标 G(Re Σrow_mean) = +19.6890 | 累计|g| = 9.9836
26-17-20-44 Ψ矩阵条件数 cond(Ψ) = 2.18e+01
26-17-20-44 Loss=-3.217414 | E0=-1.04528827 | E1=-0.95836190|E2=-0.66384596|E3=-0.55038447
26-17-20-44 #-----------------------------------------#
26-17-20-44 [Step 285] logΨ: mean=3.618-0.074j | min=-2.034-1.587j | max=3.702+1.445j
26-17-20-44 梯度监控 | raw=1.2799 | per_param=0.0384 |  natural=0.0326 | clipped=0.0010(per_param上限10.0)
26-17-20-44 原始规范坐标 G(Re Σrow_mean) = +19.6899 | 累计|g| = 9.9836
26-17-20-44 Ψ矩阵条件数 cond(Ψ) = 2.23e+01
26-17-20-44 Loss=-3.215793 | E0=-1.04527729 | E1=-0.95829308|E2=-0.66343603|E3=-0.55067517
26-17-20-44 #-----------------------------------------#
26-17-20-44 [Step 286] logΨ: mean=3.636+0.073j | min=0.675+1.549j | max=3.699+1.446j
26-17-20-44 梯度监控 | raw=0.2491 | per_param=0.0075 |  natural=0.0010 | clipped=0.0000(per_param上限10.0)
26-17-20-44 原始规范坐标 G(Re Σrow_mean) = +19.7090 | 累计|g| = 9.9836
26-17-20-44 Ψ矩阵条件数 cond(Ψ) = 2.24e+01
26-17-20-44 Loss=-3.217692 | E0=-1.04531115 | E1=-0.95819654|E2=-0.66344643|E3=-0.55075406
26-17-20-44 #-----------------------------------------#
26-17-20-44 [Step 287] logΨ: mean=3.687+0.153j | min=-1.523+0.327j | max=3.771+1.372j
26-17-20-44 梯度监控 | raw=2.9118 | per_param=0.0875 |  natural=0.0461 | clipped=0.0014(per_param上限10.0)
26-17-20-44 原始规范坐标 G(Re Σrow_mean) = +19.7807 | 累计|g| = 9.9836
26-17-20-44 Ψ矩阵条件数 cond(Ψ) = 2.31e+01
26-17-20-44 Loss=-3.215028 | E0=-1.04526705 | E1=-0.95814843|E2=-0.66318561|E3=-0.55115302
26-17-20-44 #-----------------------------------------#
26-17-20-44 [Step 288] logΨ: mean=3.751+0.203j | min=0.709-1.842j | max=3.785+1.381j
26-17-20-44 梯度监控 | raw=0.1183 | per_param=0.0036 |  natural=0.0014 | clipped=0.0000(per_param上限10.0)
26-17-20-44 原始规范坐标 G(Re Σrow_mean) = +19.8286 | 累计|g| = 9.9836
26-17-20-44 Ψ矩阵条件数 cond(Ψ) = 2.32e+01
26-17-20-44 Loss=-3.217895 | E0=-1.04525315 | E1=-0.95806264|E2=-0.66310975|E3=-0.55125870
26-17-20-44 #-----------------------------------------#
26-17-20-44 [Step 289] logΨ: mean=3.621+0.097j | min=-1.002+1.542j | max=3.762+1.390j
26-17-20-44 梯度监控 | raw=2.4243 | per_param=0.0728 |  natural=0.0454 | clipped=0.0014(per_param上限10.0)
26-17-20-44 原始规范坐标 G(Re Σrow_mean) = +19.7359 | 累计|g| = 9.9836
26-17-20-44 Ψ矩阵条件数 cond(Ψ) = 2.33e+01
26-17-20-44 Loss=-3.216822 | E0=-1.04532984 | E1=-0.95762357|E2=-0.66369436|E3=-0.55134270
26-17-20-44 #-----------------------------------------#
26-17-20-44 [Step 290] logΨ: mean=3.139+0.170j | min=-1.335+1.544j | max=3.451+1.404j
26-17-20-44 梯度监控 | raw=4.6304 | per_param=0.1391 |  natural=0.1322 | clipped=0.0040(per_param上限10.0)
26-17-20-44 原始规范坐标 G(Re Σrow_mean) = +19.2887 | 累计|g| = 9.9836
26-17-20-44 Ψ矩阵条件数 cond(Ψ) = 2.27e+01
26-17-20-44 Loss=-3.215838 | E0=-1.04556637 | E1=-0.95714920|E2=-0.66455621|E3=-0.55067276
26-17-20-44 #-----------------------------------------#
26-17-20-44 [Step 291] logΨ: mean=2.799+0.127j | min=-2.243-2.761j | max=3.261+1.571j
26-17-20-44 梯度监控 | raw=10.5814 | per_param=0.3179 |  natural=0.2897 | clipped=0.0087(per_param上限10.0)
26-17-20-44 原始规范坐标 G(Re Σrow_mean) = +18.9125 | 累计|g| = 9.9836
26-17-20-44 Ψ矩阵条件数 cond(Ψ) = 2.32e+01
26-17-20-44 Loss=-3.213129 | E0=-1.04588743 | E1=-0.95675057|E2=-0.66464786|E3=-0.55027780
26-17-20-44 #-----------------------------------------#
26-17-20-44 [Step 292] logΨ: mean=2.623+0.143j | min=-2.447-0.640j | max=3.075+1.687j
26-17-20-44 梯度监控 | raw=7.9645 | per_param=0.2393 |  natural=0.3362 | clipped=0.0101(per_param上限10.0)
26-17-20-44 原始规范坐标 G(Re Σrow_mean) = +18.9273 | 累计|g| = 9.9836
26-17-20-44 Ψ矩阵条件数 cond(Ψ) = 2.19e+01
26-17-20-44 Loss=-3.211803 | E0=-1.04581552 | E1=-0.95642290|E2=-0.66491315|E3=-0.55058995
26-17-20-44 #-----------------------------------------#
26-17-20-44 [Step 293] logΨ: mean=2.604+0.091j | min=-4.581-1.581j | max=3.019+1.636j
26-17-20-44 梯度监控 | raw=7.7846 | per_param=0.2339 |  natural=0.1197 | clipped=0.0036(per_param上限10.0)
26-17-20-44 原始规范坐标 G(Re Σrow_mean) = +18.8828 | 累计|g| = 9.9836
26-17-20-44 Ψ矩阵条件数 cond(Ψ) = 2.22e+01
26-17-20-44 Loss=-3.210569 | E0=-1.04591181 | E1=-0.95656480|E2=-0.66516546|E3=-0.55035798
26-17-20-44 #-----------------------------------------#
26-17-20-44 [Step 294] logΨ: mean=3.091+0.206j | min=-1.846+0.631j | max=3.168+1.681j
26-17-20-44 梯度监控 | raw=2.1077 | per_param=0.0633 |  natural=0.0595 | clipped=0.0018(per_param上限10.0)
26-17-20-44 原始规范坐标 G(Re Σrow_mean) = +19.1930 | 累计|g| = 9.9836
26-17-20-44 Ψ矩阵条件数 cond(Ψ) = 2.12e+01
26-17-20-44 Loss=-3.215709 | E0=-1.04547817 | E1=-0.95632154|E2=-0.66490725|E3=-0.55100398
26-17-20-44 #-----------------------------------------#
26-17-20-44 [Step 295] logΨ: mean=3.226+0.541j | min=-1.248-1.112j | max=3.385+1.722j
26-17-20-44 梯度监控 | raw=2.6492 | per_param=0.0796 |  natural=0.0431 | clipped=0.0013(per_param上限10.0)
26-17-20-44 原始规范坐标 G(Re Σrow_mean) = +19.2951 | 累计|g| = 9.9836
26-17-20-44 Ψ矩阵条件数 cond(Ψ) = 2.22e+01
26-17-20-44 Loss=-3.210817 | E0=-1.04545062 | E1=-0.95674598|E2=-0.66451247|E3=-0.55087793
26-17-20-44 #-----------------------------------------#
26-17-20-44 [Step 296] logΨ: mean=3.404+0.790j | min=-1.227-2.698j | max=3.612+1.779j
26-17-20-44 梯度监控 | raw=2.5237 | per_param=0.0758 |  natural=0.0936 | clipped=0.0028(per_param上限10.0)
26-17-20-44 原始规范坐标 G(Re Σrow_mean) = +19.3491 | 累计|g| = 9.9836
26-17-20-44 Ψ矩阵条件数 cond(Ψ) = 2.37e+01
26-17-20-44 Loss=-3.210036 | E0=-1.04533868 | E1=-0.95625944|E2=-0.66363226|E3=-0.55077420
26-17-20-44 #-----------------------------------------#
26-17-20-44 [Step 297] logΨ: mean=3.484+0.816j | min=-4.581-2.367j | max=3.635+1.805j
26-17-20-44 梯度监控 | raw=4.5714 | per_param=0.1373 |  natural=0.0748 | clipped=0.0022(per_param上限10.0)
26-17-20-44 原始规范坐标 G(Re Σrow_mean) = +19.4065 | 累计|g| = 9.9836
26-17-20-44 Ψ矩阵条件数 cond(Ψ) = 2.35e+01
26-17-20-44 Loss=-3.215461 | E0=-1.04537094 | E1=-0.95653817|E2=-0.66386513|E3=-0.55094850
26-17-20-44 #-----------------------------------------#
26-17-20-44 [Step 298] logΨ: mean=3.518+0.732j | min=-0.813-1.066j | max=3.646+1.831j
26-17-20-44 梯度监控 | raw=3.1854 | per_param=0.0957 |  natural=0.0632 | clipped=0.0019(per_param上限10.0)
26-17-20-44 原始规范坐标 G(Re Σrow_mean) = +19.4681 | 累计|g| = 9.9836
26-17-20-44 Ψ矩阵条件数 cond(Ψ) = 2.39e+01
26-17-20-44 Loss=-3.215016 | E0=-1.04536766 | E1=-0.95666440|E2=-0.66390871|E3=-0.55097590
26-17-20-44 #-----------------------------------------#
26-17-20-44 [Step 299] logΨ: mean=3.314+0.189j | min=-3.057+2.266j | max=3.452+1.736j
26-17-20-44 梯度监控 | raw=3.0169 | per_param=0.0906 |  natural=0.1081 | clipped=0.0032(per_param上限10.0)
26-17-20-44 原始规范坐标 G(Re Σrow_mean) = +19.3879 | 累计|g| = 9.9836
26-17-20-44 Ψ矩阵条件数 cond(Ψ) = 2.50e+01
26-17-20-44 Loss=-3.216299 | E0=-1.04540395 | E1=-0.95713564|E2=-0.66399669|E3=-0.55096885
26-17-20-44 #-----------------------------------------#
26-17-20-44 [保存] Step 299 → pickle 文件已更新 (300 条记录)
26-17-20-44 [GaugeReset@300] 吸收 Δg = Σ Re(col_mean) = +19.3879 | 新|g| = 10.2936
26-17-20-44 训练耗时：260.94 秒
26-17-20-44 
============================================================
26-17-20-44 训练完成!
26-17-20-44 ============================================================
26-17-20-44 [保存] 训练结束，pickle 最终写入 300 条记录 → ./data/26-09-17-20-39_history_natural_gradient_H2_molecule_K4.pkl
26-17-20-45 Loss 曲线已保存: ./日志/[Loss]26-09-17-20-39_loss_curve_gauge_reset_min120.png
26-17-20-45 logΨ mean 曲线已保存: ./日志/[logPsi]26-09-17-20-39_logPsi_mean_curve_gauge_reset_min120.png
26-17-20-45 Loss 曲线已保存: ./日志/[Loss]26-09-17-20-39_loss_curve_gauge_reset_min120.png
