26-17-18-00 
============================================================
26-17-18-00 开始多链 NES-VMC 训练 | P8: 双侧一致列规范 + 周期性 gauge reset
26-17-18-00 超参数配置:

N_CHAINS =16

N_SAMPLES_PER_CHAIN =400

SWEEP_SIZE = 10

N_ITER = 300

Natural_Grad = True

clip_norm = 20.0

lr = 0.1

qgt_diag_shift = 0.1

RESET_PERIOD = 10
       
SAVE_INTERVAL = 20
26-17-18-00 ============================================================
26-17-18-00 精确CAS基准：基态=-1.05434745 Ha | 1激发=-0.95790573 Ha|2激发=-0.66895227 Ha|3激发=-0.55140192 Ha|
26-17-18-00 理论 Loss 上限：-3.23260738 
26-17-18-00 超参：clip_norm=20.0, lr=0.1, QGT diag_shift=0.1, RESET_PERIOD=10
26-17-18-00 [Step   0] logΨ: mean=1.036+0.013j | min=-1.930-1.860j | max=2.297+2.044j
26-17-18-00 梯度监控 | raw=3.8821 | per_param=0.1166 |  natural=1.0069 | clipped=1.0069(上限20.0)
26-17-18-00 原始规范坐标 G(Re Σrow_mean) = +1.0512 | 累计|g| = 0.0000
26-17-18-00 Ψ矩阵条件数 cond(Ψ) = 1.09e+01
26-17-18-00 Loss=0.925977 | E0=-0.31660453+0.00048803j | E1=0.06388715-0.00007418j|E2=0.19604866+0.00537453j|E3=0.98264564-0.00457354j
26-17-18-00 #-----------------------------------------#
26-17-18-01 [Step   1] logΨ: mean=1.368+0.027j | min=-1.200+0.293j | max=2.623+1.993j
26-17-18-01 梯度监控 | raw=3.8128 | per_param=0.1145 |  natural=1.0101 | clipped=1.0101(上限20.0)
26-17-18-01 原始规范坐标 G(Re Σrow_mean) = +1.3547 | 累计|g| = 0.0000
26-17-18-01 Ψ矩阵条件数 cond(Ψ) = 5.49e+00
26-17-18-01 Loss=0.643836 | E0=-0.40849394-0.00637182j | E1=0.01177424+0.01150488j|E2=0.12076865-0.00072550j|E3=0.91978671-0.00239949j
26-17-18-01 #-----------------------------------------#
26-17-18-01 [Step   2] logΨ: mean=1.826+0.050j | min=-1.491-2.888j | max=2.992+1.719j
26-17-18-01 梯度监控 | raw=3.6829 | per_param=0.1106 |  natural=1.0284 | clipped=1.0284(上限20.0)
26-17-18-01 原始规范坐标 G(Re Σrow_mean) = +1.7157 | 累计|g| = 0.0000
26-17-18-01 Ψ矩阵条件数 cond(Ψ) = 9.63e+00
26-17-18-01 Loss=0.349456 | E0=-0.49047001+0.00241463j | E1=-0.04868663+0.00128092j|E2=0.06335929+0.00945739j|E3=0.82525345-0.01824332j
26-17-18-01 #-----------------------------------------#
26-17-18-01 [Step   3] logΨ: mean=2.292+0.097j | min=-0.837+2.875j | max=3.455+1.691j
26-17-18-01 梯度监控 | raw=3.5337 | per_param=0.1062 |  natural=1.0297 | clipped=1.0297(上限20.0)
26-17-18-01 原始规范坐标 G(Re Σrow_mean) = +2.1314 | 累计|g| = 0.0000
26-17-18-01 Ψ矩阵条件数 cond(Ψ) = 1.34e+01
26-17-18-01 Loss=0.076270 | E0=-0.57589512-0.00126729j | E1=-0.14971788-0.00071838j|E2=0.04974955-0.00015315j|E3=0.75213381+0.00835646j
26-17-18-01 #-----------------------------------------#
26-17-18-01 [Step   4] logΨ: mean=2.834+0.107j | min=-0.334-2.174j | max=3.972+1.752j
26-17-18-01 梯度监控 | raw=3.2779 | per_param=0.0985 |  natural=1.0026 | clipped=1.0026(上限20.0)
26-17-18-01 原始规范坐标 G(Re Σrow_mean) = +2.5838 | 累计|g| = 0.0000
26-17-18-01 Ψ矩阵条件数 cond(Ψ) = 9.37e+00
26-17-18-01 Loss=-0.201605 | E0=-0.64459051+0.00078277j | E1=-0.24261018+0.00051645j|E2=0.02189402-0.00165063j|E3=0.66370177+0.01059027j
26-17-18-01 #-----------------------------------------#
26-17-18-01 [Step   5] logΨ: mean=3.426+0.072j | min=0.132+3.093j | max=4.590+1.726j
26-17-18-01 梯度监控 | raw=3.2142 | per_param=0.0966 |  natural=1.0200 | clipped=1.0200(上限20.0)
26-17-18-01 原始规范坐标 G(Re Σrow_mean) = +3.0604 | 累计|g| = 0.0000
26-17-18-01 Ψ矩阵条件数 cond(Ψ) = 1.01e+01
26-17-18-01 Loss=-0.437423 | E0=-0.69447022-0.00233231j | E1=-0.31615779+0.00480729j|E2=0.00314962+0.00465444j|E3=0.57005512-0.00829992j
26-17-18-01 #-----------------------------------------#
26-17-18-01 [Step   6] logΨ: mean=4.076+0.029j | min=0.813+1.922j | max=5.239+1.718j
26-17-18-01 梯度监控 | raw=3.1626 | per_param=0.0950 |  natural=1.0208 | clipped=1.0208(上限20.0)
26-17-18-01 原始规范坐标 G(Re Σrow_mean) = +3.6055 | 累计|g| = 0.0000
26-17-18-01 Ψ矩阵条件数 cond(Ψ) = 1.24e+01
26-17-18-01 Loss=-0.662737 | E0=-0.73769216+0.00018522j | E1=-0.38691839+0.00119198j|E2=-0.02325382-0.00407160j|E3=0.48512783+0.00318503j
26-17-18-01 #-----------------------------------------#
26-17-18-01 [Step   7] logΨ: mean=4.798+0.084j | min=1.527-0.957j | max=5.896+1.706j
26-17-18-01 梯度监控 | raw=3.2434 | per_param=0.0974 |  natural=0.9920 | clipped=0.9920(上限20.0)
26-17-18-01 原始规范坐标 G(Re Σrow_mean) = +4.1962 | 累计|g| = 0.0000
26-17-18-01 Ψ矩阵条件数 cond(Ψ) = 6.25e+01
26-17-18-01 Loss=-0.871744 | E0=-0.79240881-0.00238645j | E1=-0.45153097-0.00161005j|E2=-0.05846814+0.00138021j|E3=0.43066379+0.00191030j
26-17-18-01 #-----------------------------------------#
26-17-18-01 [Step   8] logΨ: mean=5.551+0.209j | min=1.583+0.824j | max=6.653+1.891j
26-17-18-01 梯度监控 | raw=3.2182 | per_param=0.0967 |  natural=0.9820 | clipped=0.9820(上限20.0)
26-17-18-01 原始规范坐标 G(Re Σrow_mean) = +4.8480 | 累计|g| = 0.0000
26-17-18-01 Ψ矩阵条件数 cond(Ψ) = 2.50e+01
26-17-18-01 Loss=-1.096589 | E0=-0.82892721-0.00782372j | E1=-0.52857023+0.00710182j|E2=-0.09272680-0.00368896j|E3=0.35363523+0.00642282j
26-17-18-01 #-----------------------------------------#
26-17-18-01 [Step   9] logΨ: mean=6.326+0.116j | min=2.977-0.019j | max=7.447+1.924j
26-17-18-01 梯度监控 | raw=3.5700 | per_param=0.1072 |  natural=0.9367 | clipped=0.9367(上限20.0)
26-17-18-01 原始规范坐标 G(Re Σrow_mean) = +5.4527 | 累计|g| = 0.0000
26-17-18-01 Ψ矩阵条件数 cond(Ψ) = 1.54e+01
26-17-18-01 Loss=-1.271397 | E0=-0.84833569-0.00167889j | E1=-0.58000851+0.00498650j|E2=-0.11892435+0.00161661j|E3=0.27587140-0.00346647j
26-17-18-01 #-----------------------------------------#
26-17-18-01 [GaugeReset@10] 吸收 Δg = Σ Re(col_mean) = +5.4527 | 新|g| = 2.9911
26-17-18-01 [Step  10] logΨ: mean=1.675+0.310j | min=-2.491-2.975j | max=2.804+2.951j
26-17-18-01 梯度监控 | raw=3.3143 | per_param=0.0996 |  natural=0.9191 | clipped=0.9191(上限20.0)
26-17-18-01 原始规范坐标 G(Re Σrow_mean) = +6.1466 | 累计|g| = 2.9911
26-17-18-01 Ψ矩阵条件数 cond(Ψ) = 2.04e+01
26-17-18-01 Loss=-1.430439 | E0=-0.88546977-0.00734350j | E1=-0.63869374+0.00401035j|E2=-0.15278730+0.00605664j|E3=0.24651190-0.00094864j
26-17-18-01 #-----------------------------------------#
26-17-18-01 [Step  11] logΨ: mean=2.565+0.289j | min=-1.524+3.035j | max=3.638+2.970j
26-17-18-01 梯度监控 | raw=3.6120 | per_param=0.1085 |  natural=0.8946 | clipped=0.8946(上限20.0)
26-17-18-01 原始规范坐标 G(Re Σrow_mean) = +6.8831 | 累计|g| = 2.9911
26-17-18-01 Ψ矩阵条件数 cond(Ψ) = 7.60e+00
26-17-18-01 Loss=-1.613460 | E0=-0.90708850+0.00005826j | E1=-0.70146748+0.00191961j|E2=-0.18764136+0.00021714j|E3=0.18273696+0.00332020j
26-17-18-01 #-----------------------------------------#
26-17-18-01 [Step  12] logΨ: mean=3.303+0.043j | min=-1.169+2.370j | max=4.357+0.065j
26-17-18-01 梯度监控 | raw=3.5638 | per_param=0.1071 |  natural=0.7957 | clipped=0.7957(上限20.0)
26-17-18-01 原始规范坐标 G(Re Σrow_mean) = +7.5213 | 累计|g| = 2.9911
26-17-18-01 Ψ矩阵条件数 cond(Ψ) = 7.20e+00
26-17-18-01 Loss=-1.743569 | E0=-0.92420244+0.00026673j | E1=-0.73284284+0.00169425j|E2=-0.24938732-0.00447965j|E3=0.16286407+0.00201404j
26-17-18-01 #-----------------------------------------#
26-17-18-01 [Step  13] logΨ: mean=4.097-0.082j | min=0.040-0.160j | max=5.170+0.164j
26-17-18-01 梯度监控 | raw=3.7225 | per_param=0.1118 |  natural=0.8190 | clipped=0.8190(上限20.0)
26-17-18-01 原始规范坐标 G(Re Σrow_mean) = +8.1959 | 累计|g| = 2.9911
26-17-18-01 Ψ矩阵条件数 cond(Ψ) = 1.25e+01
26-17-18-01 Loss=-1.844132 | E0=-0.93812879+0.00054047j | E1=-0.76158838+0.00306208j|E2=-0.26596784-0.00226079j|E3=0.12155339-0.00643819j
26-17-18-01 #-----------------------------------------#
26-17-18-01 [Step  14] logΨ: mean=4.906-0.316j | min=0.445+0.873j | max=5.947+0.216j
26-17-18-01 梯度监控 | raw=3.9824 | per_param=0.1196 |  natural=0.7890 | clipped=0.7890(上限20.0)
26-17-18-01 原始规范坐标 G(Re Σrow_mean) = +8.9304 | 累计|g| = 2.9911
26-17-18-01 Ψ矩阵条件数 cond(Ψ) = 1.99e+01
26-17-18-01 Loss=-1.946659 | E0=-0.94972362+0.00213575j | E1=-0.80450043-0.00280229j|E2=-0.31134701-0.00160244j|E3=0.11891235+0.00902006j
26-17-18-01 #-----------------------------------------#
26-17-18-01 [Step  15] logΨ: mean=5.672-0.310j | min=1.121-1.674j | max=6.640+0.244j
26-17-18-01 梯度监控 | raw=4.7148 | per_param=0.1416 |  natural=0.6984 | clipped=0.6984(上限20.0)
26-17-18-01 原始规范坐标 G(Re Σrow_mean) = +9.5798 | 累计|g| = 2.9911
26-17-18-01 Ψ矩阵条件数 cond(Ψ) = 1.46e+01
26-17-18-01 Loss=-2.077680 | E0=-0.96801453+0.00265632j | E1=-0.83258859-0.00421210j|E2=-0.36575428+0.00136906j|E3=0.08867694+0.00043864j
26-17-18-01 #-----------------------------------------#
26-17-18-01 [Step  16] logΨ: mean=6.431-0.232j | min=1.818+1.007j | max=7.327+0.248j
26-17-18-01 梯度监控 | raw=5.1803 | per_param=0.1556 |  natural=0.6312 | clipped=0.6312(上限20.0)
26-17-18-01 原始规范坐标 G(Re Σrow_mean) = +10.2926 | 累计|g| = 2.9911
26-17-18-01 Ψ矩阵条件数 cond(Ψ) = 1.35e+01
26-17-18-01 Loss=-2.199468 | E0=-0.97460067+0.00083888j | E1=-0.86253047-0.00189205j|E2=-0.42390395-0.00053489j|E3=0.06156661+0.00466305j
26-17-18-01 #-----------------------------------------#
26-17-18-01 [Step  17] logΨ: mean=7.109-0.340j | min=1.780-1.145j | max=7.986+0.279j
26-17-18-01 梯度监控 | raw=5.2745 | per_param=0.1585 |  natural=0.6336 | clipped=0.6336(上限20.0)
26-17-18-01 原始规范坐标 G(Re Σrow_mean) = +10.8734 | 累计|g| = 2.9911
26-17-18-01 Ψ矩阵条件数 cond(Ψ) = 9.96e+00
26-17-18-01 Loss=-2.242536 | E0=-0.98189904+0.00382637j | E1=-0.88549213-0.00253980j|E2=-0.42355507+0.00068688j|E3=0.04841020-0.00042386j
26-17-18-01 #-----------------------------------------#
26-17-18-01 [Step  18] logΨ: mean=7.646-0.187j | min=2.743-0.532j | max=8.537+0.351j
26-17-18-01 梯度监控 | raw=6.2142 | per_param=0.1867 |  natural=0.6523 | clipped=0.6523(上限20.0)
26-17-18-01 原始规范坐标 G(Re Σrow_mean) = +11.3574 | 累计|g| = 2.9911
26-17-18-01 Ψ矩阵条件数 cond(Ψ) = 1.13e+01
26-17-18-01 Loss=-2.278334 | E0=-0.98063780-0.00372218j | E1=-0.89481081+0.00148209j|E2=-0.43506609+0.00238553j|E3=0.03218111-0.00064429j
26-17-18-01 #-----------------------------------------#
26-17-18-01 [Step  19] logΨ: mean=8.218-0.172j | min=3.641+0.792j | max=9.055+0.355j
26-17-18-01 梯度监控 | raw=6.6485 | per_param=0.1997 |  natural=0.5530 | clipped=0.5530(上限20.0)
26-17-18-01 原始规范坐标 G(Re Σrow_mean) = +11.8753 | 累计|g| = 2.9911
26-17-18-01 Ψ矩阵条件数 cond(Ψ) = 1.82e+01
26-17-18-01 Loss=-2.356693 | E0=-0.99998140-0.00189199j | E1=-0.90733436+0.00220824j|E2=-0.46734080+0.00177906j|E3=0.01796405-0.00525247j
26-17-18-01 #-----------------------------------------#
26-17-18-01 [保存] Step 19 → pickle 文件已更新 (20 条记录)
26-17-18-01 [GaugeReset@20] 吸收 Δg = Σ Re(col_mean) = +11.8753 | 新|g| = 6.3681
26-17-18-01 [Step  20] logΨ: mean=2.290-0.232j | min=-2.814+1.133j | max=3.095+0.373j
26-17-18-01 梯度监控 | raw=7.1153 | per_param=0.2138 |  natural=0.5056 | clipped=0.5056(上限20.0)
26-17-18-01 原始规范坐标 G(Re Σrow_mean) = +12.3171 | 累计|g| = 6.3681
26-17-18-01 Ψ矩阵条件数 cond(Ψ) = 1.18e+01
26-17-18-01 Loss=-2.392782 | E0=-0.99892310-0.00295582j | E1=-0.91980226+0.00394651j|E2=-0.48729487-0.00385751j|E3=0.01323829+0.00456112j
26-17-18-01 #-----------------------------------------#
26-17-18-01 [Step  21] logΨ: mean=2.746-0.618j | min=-2.721+2.379j | max=3.547+0.564j
26-17-18-01 梯度监控 | raw=8.5127 | per_param=0.2557 |  natural=0.5835 | clipped=0.5835(上限20.0)
26-17-18-01 原始规范坐标 G(Re Σrow_mean) = +12.7429 | 累计|g| = 6.3681
26-17-18-01 Ψ矩阵条件数 cond(Ψ) = 2.26e+01
26-17-18-01 Loss=-2.423341 | E0=-1.00425960-0.00010150j | E1=-0.92702322-0.00084418j|E2=-0.48262563+0.00244549j|E3=-0.00943223+0.00298617j
26-17-18-01 #-----------------------------------------#
26-17-18-01 [Step  22] logΨ: mean=3.421-0.267j | min=-1.720-2.490j | max=4.172+0.392j
26-17-18-01 梯度监控 | raw=9.6126 | per_param=0.2888 |  natural=0.5388 | clipped=0.5388(上限20.0)
26-17-18-01 原始规范坐标 G(Re Σrow_mean) = +13.4151 | 累计|g| = 6.3681
26-17-18-01 Ψ矩阵条件数 cond(Ψ) = 3.01e+01
26-17-18-01 Loss=-2.468915 | E0=-1.01315978+0.00188389j | E1=-0.93092258+0.00093816j|E2=-0.51017587-0.00706977j|E3=-0.01465639+0.00164073j
26-17-18-01 #-----------------------------------------#
26-17-18-01 [Step  23] logΨ: mean=3.678-0.523j | min=-1.821+3.121j | max=4.437+0.452j
26-17-18-01 梯度监控 | raw=11.0486 | per_param=0.3319 |  natural=0.4741 | clipped=0.4741(上限20.0)
26-17-18-01 原始规范坐标 G(Re Σrow_mean) = +13.6668 | 累计|g| = 6.3681
26-17-18-01 Ψ矩阵条件数 cond(Ψ) = 4.73e+01
26-17-18-01 Loss=-2.485990 | E0=-1.01309771-0.00068666j | E1=-0.93699083+0.00107150j|E2=-0.50939277-0.00052974j|E3=-0.02650868+0.00021678j
26-17-18-01 #-----------------------------------------#
26-17-18-01 [Step  24] logΨ: mean=3.874-0.458j | min=-2.021-1.440j | max=4.593+0.423j
26-17-18-01 梯度监控 | raw=11.7962 | per_param=0.3544 |  natural=0.4192 | clipped=0.4192(上限20.0)
26-17-18-01 原始规范坐标 G(Re Σrow_mean) = +13.8313 | 累计|g| = 6.3681
26-17-18-01 Ψ矩阵条件数 cond(Ψ) = 2.01e+01
26-17-18-01 Loss=-2.526280 | E0=-1.02116985+0.00090245j | E1=-0.94080770-0.00089001j|E2=-0.53271482-0.00061263j|E3=-0.03158736-0.00809393j
26-17-18-01 #-----------------------------------------#
26-17-18-01 [Step  25] logΨ: mean=4.213-0.221j | min=-1.544-1.944j | max=4.905+0.357j
26-17-18-01 梯度监控 | raw=15.8765 | per_param=0.4770 |  natural=0.3668 | clipped=0.3668(上限20.0)
26-17-18-01 原始规范坐标 G(Re Σrow_mean) = +14.1832 | 累计|g| = 6.3681
26-17-18-01 Ψ矩阵条件数 cond(Ψ) = 5.20e+01
26-17-18-01 Loss=-2.552014 | E0=-1.02565323+0.00062080j | E1=-0.94386100+0.00020554j|E2=-0.54012849+0.00408808j|E3=-0.04237150-0.00169733j
26-17-18-01 #-----------------------------------------#
26-17-18-01 [Step  26] logΨ: mean=4.606-0.066j | min=-1.724+1.990j | max=5.296+0.283j
26-17-18-01 梯度监控 | raw=17.5509 | per_param=0.5273 |  natural=0.3866 | clipped=0.3866(上限20.0)
26-17-18-01 原始规范坐标 G(Re Σrow_mean) = +14.5261 | 累计|g| = 6.3681
26-17-18-01 Ψ矩阵条件数 cond(Ψ) = 3.66e+01
26-17-18-01 Loss=-2.565938 | E0=-1.02428319-0.00257557j | E1=-0.94727738-0.00095391j|E2=-0.54405494+0.00051516j|E3=-0.05032281-0.00125981j
26-17-18-01 #-----------------------------------------#
26-17-18-01 [Step  27] logΨ: mean=4.906+0.069j | min=-0.848+2.393j | max=5.521+0.241j
26-17-18-01 梯度监控 | raw=20.5270 | per_param=0.6167 |  natural=0.2753 | clipped=0.2753(上限20.0)
26-17-18-01 原始规范坐标 G(Re Σrow_mean) = +14.8079 | 累计|g| = 6.3681
26-17-18-01 Ψ矩阵条件数 cond(Ψ) = 1.59e+01
26-17-18-01 Loss=-2.610888 | E0=-1.03988238+0.00031746j | E1=-0.95180213-0.00082749j|E2=-0.55752690-0.00254523j|E3=-0.06167682-0.00123298j
26-17-18-01 #-----------------------------------------#
26-17-18-01 [Step  28] logΨ: mean=5.188-0.160j | min=0.605+2.503j | max=5.811+3.002j
26-17-18-01 梯度监控 | raw=24.1997 | per_param=0.7270 |  natural=0.3163 | clipped=0.3163(上限20.0)
26-17-18-01 原始规范坐标 G(Re Σrow_mean) = +15.1442 | 累计|g| = 6.3681
26-17-18-01 Ψ矩阵条件数 cond(Ψ) = 1.87e+01
26-17-18-01 Loss=-2.612506 | E0=-1.03511925+0.00217777j | E1=-0.95140123+0.00112583j|E2=-0.56457658+0.00398939j|E3=-0.06140932+0.00290156j
26-17-18-01 #-----------------------------------------#
26-17-18-01 [Step  29] logΨ: mean=5.458-0.091j | min=-0.075-2.504j | max=6.109+2.972j
26-17-18-01 梯度监控 | raw=25.3843 | per_param=0.7626 |  natural=0.2338 | clipped=0.2338(上限20.0)
26-17-18-01 原始规范坐标 G(Re Σrow_mean) = +15.4201 | 累计|g| = 6.3681
26-17-18-01 Ψ矩阵条件数 cond(Ψ) = 1.35e+01
26-17-18-01 Loss=-2.624507 | E0=-1.03879792+0.00039455j | E1=-0.95003196-0.00102928j|E2=-0.57162098-0.00146103j|E3=-0.06405583+0.00144680j
26-17-18-01 #-----------------------------------------#
26-17-18-01 [GaugeReset@30] 吸收 Δg = Σ Re(col_mean) = +15.4201 | 新|g| = 8.3500
26-17-18-01 [Step  30] logΨ: mean=2.172+0.672j | min=-3.145+2.104j | max=2.823+2.794j
26-17-18-01 梯度监控 | raw=28.4374 | per_param=0.8543 |  natural=0.2519 | clipped=0.2519(上限20.0)
26-17-18-01 原始规范坐标 G(Re Σrow_mean) = +15.6387 | 累计|g| = 8.3500
26-17-18-01 Ψ矩阵条件数 cond(Ψ) = 1.71e+01
26-17-18-01 Loss=-2.643562 | E0=-1.04168271+0.00031671j | E1=-0.95245371-0.00007211j|E2=-0.57487017+0.00232364j|E3=-0.07455492-0.00191257j
26-17-18-01 #-----------------------------------------#
26-17-18-01 [Step  31] logΨ: mean=2.321+0.676j | min=-2.902+3.095j | max=3.015+2.873j
26-17-18-01 梯度监控 | raw=36.1105 | per_param=1.0848 |  natural=0.2559 | clipped=0.2559(上限20.0)
26-17-18-01 原始规范坐标 G(Re Σrow_mean) = +15.8241 | 累计|g| = 8.3500
26-17-18-01 Ψ矩阵条件数 cond(Ψ) = 1.28e+01
26-17-18-01 Loss=-2.659619 | E0=-1.04242740-0.00011126j | E1=-0.95263081+0.00069947j|E2=-0.57427564+0.00170011j|E3=-0.09028563+0.00138384j
26-17-18-01 #-----------------------------------------#
26-17-18-01 [Step  32] logΨ: mean=2.498+0.701j | min=-2.062+1.331j | max=3.211+2.822j
26-17-18-01 梯度监控 | raw=41.8850 | per_param=1.2583 |  natural=0.2004 | clipped=0.2004(上限20.0)
26-17-18-01 原始规范坐标 G(Re Σrow_mean) = +16.0510 | 累计|g| = 8.3500
26-17-18-01 Ψ矩阵条件数 cond(Ψ) = 1.46e+01
26-17-18-01 Loss=-2.684099 | E0=-1.04403702+0.00097290j | E1=-0.95304877-0.00100367j|E2=-0.58083884-0.00228698j|E3=-0.10617475+0.00279202j
26-17-18-01 #-----------------------------------------#
26-17-18-01 [Step  33] logΨ: mean=2.668+0.543j | min=-2.528-2.552j | max=3.420+2.775j
26-17-18-01 梯度监控 | raw=45.9231 | per_param=1.3796 |  natural=0.2145 | clipped=0.2145(上限20.0)
26-17-18-01 原始规范坐标 G(Re Σrow_mean) = +16.2369 | 累计|g| = 8.3500
26-17-18-01 Ψ矩阵条件数 cond(Ψ) = 1.51e+01
26-17-18-01 Loss=-2.695971 | E0=-1.04391827-0.00054444j | E1=-0.95362709-0.00063715j|E2=-0.57912970-0.00258415j|E3=-0.11929623+0.00238747j
26-17-18-01 #-----------------------------------------#
26-17-18-01 [Step  34] logΨ: mean=2.814+0.509j | min=-4.441-2.400j | max=3.631+2.717j
26-17-18-01 梯度监控 | raw=52.5331 | per_param=1.5782 |  natural=0.3104 | clipped=0.3104(上限20.0)
26-17-18-01 原始规范坐标 G(Re Σrow_mean) = +16.3894 | 累计|g| = 8.3500
26-17-18-01 Ψ矩阵条件数 cond(Ψ) = 1.64e+01
26-17-18-01 Loss=-2.711488 | E0=-1.04248573+0.00059574j | E1=-0.95478162-0.00077795j|E2=-0.58423093+0.00092505j|E3=-0.12998951-0.00084931j
26-17-18-01 #-----------------------------------------#
26-17-18-01 [Step  35] logΨ: mean=2.941+0.751j | min=-2.753+0.961j | max=3.785+2.690j
26-17-18-01 梯度监控 | raw=54.1828 | per_param=1.6278 |  natural=0.1937 | clipped=0.1937(上限20.0)
26-17-18-01 原始规范坐标 G(Re Σrow_mean) = +16.5318 | 累计|g| = 8.3500
26-17-18-01 Ψ矩阵条件数 cond(Ψ) = 2.78e+01
26-17-18-01 Loss=-2.731637 | E0=-1.04528747-0.00204663j | E1=-0.95462110+0.00098405j|E2=-0.58664060+0.00054450j|E3=-0.14508744-0.00080699j
26-17-18-01 #-----------------------------------------#
26-17-18-01 [Step  36] logΨ: mean=3.249+0.641j | min=-1.921+2.907j | max=4.077+2.706j
26-17-18-01 梯度监控 | raw=65.6863 | per_param=1.9734 |  natural=0.2084 | clipped=0.2084(上限20.0)
26-17-18-01 原始规范坐标 G(Re Σrow_mean) = +16.9139 | 累计|g| = 8.3500
26-17-18-01 Ψ矩阵条件数 cond(Ψ) = 7.14e+01
26-17-18-01 Loss=-2.749924 | E0=-1.04275280+0.00047173j | E1=-0.95492038-0.00049820j|E2=-0.58823823-0.00276525j|E3=-0.16401218+0.00254459j
26-17-18-01 #-----------------------------------------#
26-17-18-01 [Step  37] logΨ: mean=3.412+0.750j | min=-2.122+2.554j | max=4.260+2.717j
26-17-18-01 梯度监控 | raw=72.9653 | per_param=2.1920 |  natural=0.1490 | clipped=0.1490(上限20.0)
26-17-18-01 原始规范坐标 G(Re Σrow_mean) = +17.1119 | 累计|g| = 8.3500
26-17-18-01 Ψ矩阵条件数 cond(Ψ) = 2.30e+01
26-17-18-01 Loss=-2.763125 | E0=-1.04475762+0.00167375j | E1=-0.95328920-0.00081082j|E2=-0.59317895+0.00028571j|E3=-0.17189931-0.00039252j
26-17-18-01 #-----------------------------------------#
26-17-18-01 [Step  38] logΨ: mean=3.485+0.542j | min=-0.446+2.401j | max=4.344+2.698j
26-17-18-01 梯度监控 | raw=75.0267 | per_param=2.2540 |  natural=0.1567 | clipped=0.1567(上限20.0)
26-17-18-01 原始规范坐标 G(Re Σrow_mean) = +17.1802 | 累计|g| = 8.3500
26-17-18-01 Ψ矩阵条件数 cond(Ψ) = 1.67e+01
26-17-18-01 Loss=-2.785392 | E0=-1.04146124+0.00007342j | E1=-0.95310838-0.00191396j|E2=-0.59921579-0.00207679j|E3=-0.19160681-0.00079665j
26-17-18-01 #-----------------------------------------#
26-17-18-01 [Step  39] logΨ: mean=3.643+0.643j | min=-1.537+0.046j | max=4.525+2.679j
26-17-18-01 梯度监控 | raw=80.1256 | per_param=2.4071 |  natural=0.1876 | clipped=0.1876(上限20.0)
26-17-18-01 原始规范坐标 G(Re Σrow_mean) = +17.3793 | 累计|g| = 8.3500
26-17-18-01 Ψ矩阵条件数 cond(Ψ) = 3.01e+01
26-17-18-01 Loss=-2.808850 | E0=-1.04470326-0.00007593j | E1=-0.95415349-0.00157275j|E2=-0.59327798-0.00032262j|E3=-0.21671547-0.00096318j
26-17-18-01 #-----------------------------------------#
26-17-18-01 [保存] Step 39 → pickle 文件已更新 (40 条记录)
26-17-18-01 [GaugeReset@40] 吸收 Δg = Σ Re(col_mean) = +17.3793 | 新|g| = 9.3756
26-17-18-01 [Step  40] logΨ: mean=1.874+0.320j | min=-4.481-3.066j | max=2.715+2.454j
26-17-18-01 梯度监控 | raw=86.0584 | per_param=2.5854 |  natural=0.1316 | clipped=0.1316(上限20.0)
26-17-18-01 原始规范坐标 G(Re Σrow_mean) = +17.6154 | 累计|g| = 9.3756
26-17-18-01 Ψ矩阵条件数 cond(Ψ) = 1.33e+01
26-17-18-01 Loss=-2.839170 | E0=-1.04467999+0.00127784j | E1=-0.95547608+0.00147188j|E2=-0.60399588-0.00122502j|E3=-0.23501807-0.00262653j
26-17-18-01 #-----------------------------------------#
26-17-18-01 [Step  41] logΨ: mean=1.910+0.556j | min=-3.135+2.868j | max=2.849+2.574j
26-17-18-01 梯度监控 | raw=82.9024 | per_param=2.4906 |  natural=0.2043 | clipped=0.2043(上限20.0)
26-17-18-01 原始规范坐标 G(Re Σrow_mean) = +17.6114 | 累计|g| = 9.3756
26-17-18-01 Ψ矩阵条件数 cond(Ψ) = 1.74e+01
26-17-18-01 Loss=-2.817499 | E0=-1.04569009+0.00023307j | E1=-0.95460509+0.00148133j|E2=-0.59753852+0.00148412j|E3=-0.21966581-0.00298881j
26-17-18-01 #-----------------------------------------#
26-17-18-01 [Step  42] logΨ: mean=2.113+0.616j | min=-2.441+1.904j | max=3.046+2.620j
26-17-18-01 梯度监控 | raw=83.8906 | per_param=2.5202 |  natural=0.1723 | clipped=0.1723(上限20.0)
26-17-18-01 原始规范坐标 G(Re Σrow_mean) = +17.8651 | 累计|g| = 9.3756
26-17-18-01 Ψ矩阵条件数 cond(Ψ) = 1.32e+01
26-17-18-01 Loss=-2.838329 | E0=-1.04619031+0.00330254j | E1=-0.95479130-0.00022859j|E2=-0.60135117+0.00092941j|E3=-0.23599597-0.00416273j
26-17-18-01 #-----------------------------------------#
26-17-18-01 [Step  43] logΨ: mean=2.321+0.730j | min=-2.875+1.957j | max=3.196+2.713j
26-17-18-01 梯度监控 | raw=88.1521 | per_param=2.6483 |  natural=0.1410 | clipped=0.1410(上限20.0)
26-17-18-01 原始规范坐标 G(Re Σrow_mean) = +18.1122 | 累计|g| = 9.3756
26-17-18-01 Ψ矩阵条件数 cond(Ψ) = 1.27e+01
26-17-18-01 Loss=-2.877084 | E0=-1.04660053-0.00026042j | E1=-0.95443355-0.00032780j|E2=-0.59774094-0.00039888j|E3=-0.27830933-0.00053273j
26-17-18-01 #-----------------------------------------#
26-17-18-01 [Step  44] logΨ: mean=2.538+0.847j | min=-2.425+1.368j | max=3.377+2.756j
26-17-18-01 梯度监控 | raw=86.5022 | per_param=2.5987 |  natural=0.1532 | clipped=0.1532(上限20.0)
26-17-18-01 原始规范坐标 G(Re Σrow_mean) = +18.3570 | 累计|g| = 9.3756
26-17-18-01 Ψ矩阵条件数 cond(Ψ) = 1.30e+01
26-17-18-01 Loss=-2.901531 | E0=-1.04491748+0.00023305j | E1=-0.95520355+0.00046402j|E2=-0.60473767-0.00072637j|E3=-0.29667205+0.00176893j
26-17-18-01 #-----------------------------------------#
26-17-18-01 [Step  45] logΨ: mean=2.652+0.680j | min=-1.370-2.763j | max=3.485+2.772j
26-17-18-01 梯度监控 | raw=90.0951 | per_param=2.7066 |  natural=0.0886 | clipped=0.0886(上限20.0)
26-17-18-01 原始规范坐标 G(Re Σrow_mean) = +18.4589 | 累计|g| = 9.3756
26-17-18-01 Ψ矩阵条件数 cond(Ψ) = 1.29e+01
26-17-18-01 Loss=-2.915274 | E0=-1.04393573-0.00028058j | E1=-0.95492543-0.00159703j|E2=-0.60602319+0.00088361j|E3=-0.31038996-0.00249894j
26-17-18-01 #-----------------------------------------#
26-17-18-01 [Step  46] logΨ: mean=2.748+0.998j | min=-3.148-1.569j | max=3.569+2.853j
26-17-18-01 梯度监控 | raw=86.6723 | per_param=2.6038 |  natural=0.1705 | clipped=0.1705(上限20.0)
26-17-18-01 原始规范坐标 G(Re Σrow_mean) = +18.5565 | 累计|g| = 9.3756
26-17-18-01 Ψ矩阵条件数 cond(Ψ) = 1.80e+01
26-17-18-01 Loss=-2.934849 | E0=-1.04552681-0.00076753j | E1=-0.95436223-0.00048607j|E2=-0.61325402+0.00014685j|E3=-0.32170559-0.00188189j
26-17-18-01 #-----------------------------------------#
26-17-18-01 [Step  47] logΨ: mean=2.878+1.030j | min=-2.379+2.993j | max=3.649+2.876j
26-17-18-01 梯度监控 | raw=88.2437 | per_param=2.6510 |  natural=0.1803 | clipped=0.1803(上限20.0)
26-17-18-01 原始规范坐标 G(Re Σrow_mean) = +18.7985 | 累计|g| = 9.3756
26-17-18-01 Ψ矩阵条件数 cond(Ψ) = 1.82e+01
26-17-18-01 Loss=-2.967324 | E0=-1.04669956+0.00200868j | E1=-0.95540096+0.00020848j|E2=-0.60749266+0.00173389j|E3=-0.35773039-0.00146894j
26-17-18-01 #-----------------------------------------#
26-17-18-01 [Step  48] logΨ: mean=3.069+1.167j | min=-3.730+3.121j | max=3.825+2.891j
26-17-18-01 梯度监控 | raw=86.5336 | per_param=2.5996 |  natural=0.1665 | clipped=0.1665(上限20.0)
26-17-18-01 原始规范坐标 G(Re Σrow_mean) = +18.9382 | 累计|g| = 9.3756
26-17-18-01 Ψ矩阵条件数 cond(Ψ) = 6.62e+01
26-17-18-01 Loss=-2.966625 | E0=-1.04470082+0.00173120j | E1=-0.95513007+0.00022642j|E2=-0.60882127-0.00013742j|E3=-0.35797319+0.00105870j
26-17-18-01 #-----------------------------------------#
26-17-18-01 [Step  49] logΨ: mean=3.137+0.982j | min=-2.790+0.298j | max=3.914+2.883j
26-17-18-01 梯度监控 | raw=82.0722 | per_param=2.4656 |  natural=0.1622 | clipped=0.1622(上限20.0)
26-17-18-01 原始规范坐标 G(Re Σrow_mean) = +18.9335 | 累计|g| = 9.3756
26-17-18-01 Ψ矩阵条件数 cond(Ψ) = 1.29e+01
26-17-18-01 Loss=-2.976419 | E0=-1.04003818-0.00243534j | E1=-0.95791030+0.00050519j|E2=-0.61315759-0.00078891j|E3=-0.36531268-0.00170509j
26-17-18-01 #-----------------------------------------#
26-17-18-01 [GaugeReset@50] 吸收 Δg = Σ Re(col_mean) = +18.9335 | 新|g| = 10.1877
26-17-18-02 [Step  50] logΨ: mean=1.581+0.409j | min=-3.510-0.169j | max=2.298+2.125j
26-17-18-02 梯度监控 | raw=69.5433 | per_param=2.0892 |  natural=0.1880 | clipped=0.1880(上限20.0)
26-17-18-02 原始规范坐标 G(Re Σrow_mean) = +18.9128 | 累计|g| = 10.1877
26-17-18-02 Ψ矩阵条件数 cond(Ψ) = 1.50e+01
26-17-18-02 Loss=-3.010932 | E0=-1.04555436-0.00087316j | E1=-0.95677126+0.00079643j|E2=-0.61243191+0.00066614j|E3=-0.39617478+0.00038296j
26-17-18-02 #-----------------------------------------#
26-17-18-02 [Step  51] logΨ: mean=1.707+0.494j | min=-3.751+2.390j | max=2.371+2.148j
26-17-18-02 梯度监控 | raw=70.4422 | per_param=2.1162 |  natural=0.1246 | clipped=0.1246(上限20.0)
26-17-18-02 原始规范坐标 G(Re Σrow_mean) = +19.1013 | 累计|g| = 10.1877
26-17-18-02 Ψ矩阵条件数 cond(Ψ) = 1.74e+01
26-17-18-02 Loss=-3.030099 | E0=-1.04319171+0.00058348j | E1=-0.95318510-0.00182236j|E2=-0.61739527-0.00266382j|E3=-0.41632661-0.00109495j
26-17-18-02 #-----------------------------------------#
26-17-18-02 [Step  52] logΨ: mean=1.655+0.585j | min=-3.402-0.613j | max=2.357+2.093j
26-17-18-02 梯度监控 | raw=74.1592 | per_param=2.2279 |  natural=0.1518 | clipped=0.1518(上限20.0)
26-17-18-02 原始规范坐标 G(Re Σrow_mean) = +18.9944 | 累计|g| = 10.1877
26-17-18-02 Ψ矩阵条件数 cond(Ψ) = 2.95e+01
26-17-18-02 Loss=-3.021969 | E0=-1.04680822-0.00062144j | E1=-0.95483139-0.00050878j|E2=-0.61878266+0.00092560j|E3=-0.40154648-0.00270280j
26-17-18-02 #-----------------------------------------#
26-17-18-02 [Step  53] logΨ: mean=1.783+0.442j | min=-4.034-2.704j | max=2.442+2.110j
26-17-18-02 梯度监控 | raw=64.1247 | per_param=1.9264 |  natural=0.1873 | clipped=0.1873(上限20.0)
26-17-18-02 原始规范坐标 G(Re Σrow_mean) = +19.0634 | 累计|g| = 10.1877
26-17-18-02 Ψ矩阵条件数 cond(Ψ) = 1.83e+01
26-17-18-02 Loss=-3.045535 | E0=-1.04549647-0.00049330j | E1=-0.95583152+0.00019805j|E2=-0.61982261-0.00205970j|E3=-0.42438471-0.00055361j
26-17-18-02 #-----------------------------------------#
26-17-18-02 [Step  54] logΨ: mean=2.058+0.668j | min=-4.512-1.019j | max=2.657+2.090j
26-17-18-02 梯度监控 | raw=51.1643 | per_param=1.5371 |  natural=0.1482 | clipped=0.1482(上限20.0)
26-17-18-02 原始规范坐标 G(Re Σrow_mean) = +19.2866 | 累计|g| = 10.1877
26-17-18-02 Ψ矩阵条件数 cond(Ψ) = 1.88e+01
26-17-18-02 Loss=-3.067354 | E0=-1.04020087-0.00138046j | E1=-0.95688458+0.00008397j|E2=-0.62156430-0.00010085j|E3=-0.44870408+0.00196571j
26-17-18-02 #-----------------------------------------#
26-17-18-02 [Step  55] logΨ: mean=2.116+0.131j | min=-3.884+0.822j | max=2.772+2.087j
26-17-18-02 梯度监控 | raw=60.1607 | per_param=1.8074 |  natural=0.1714 | clipped=0.1714(上限20.0)
26-17-18-02 原始规范坐标 G(Re Σrow_mean) = +19.3458 | 累计|g| = 10.1877
26-17-18-02 Ψ矩阵条件数 cond(Ψ) = 1.83e+01
26-17-18-02 Loss=-3.060593 | E0=-1.04433445-0.00167577j | E1=-0.95909537+0.00155928j|E2=-0.62440098-0.00128309j|E3=-0.43276214-0.00015537j
26-17-18-02 #-----------------------------------------#
26-17-18-02 [Step  56] logΨ: mean=2.398+0.544j | min=-4.428-1.301j | max=2.875+2.088j
26-17-18-02 梯度监控 | raw=51.9083 | per_param=1.5594 |  natural=0.1022 | clipped=0.1022(上限20.0)
26-17-18-02 原始规范坐标 G(Re Σrow_mean) = +19.6578 | 累计|g| = 10.1877
26-17-18-02 Ψ矩阵条件数 cond(Ψ) = 1.88e+01
26-17-18-02 Loss=-3.103952 | E0=-1.04480681-0.00102027j | E1=-0.95529614+0.00013981j|E2=-0.63170075-0.00007282j|E3=-0.47214863-0.00072325j
26-17-18-02 #-----------------------------------------#
26-17-18-02 [Step  57] logΨ: mean=2.449+0.620j | min=-3.857+2.006j | max=3.024+2.186j
26-17-18-02 梯度监控 | raw=52.8611 | per_param=1.5881 |  natural=0.2711 | clipped=0.2711(上限20.0)
26-17-18-02 原始规范坐标 G(Re Σrow_mean) = +19.6396 | 累计|g| = 10.1877
26-17-18-02 Ψ矩阵条件数 cond(Ψ) = 6.24e+01
26-17-18-02 Loss=-3.092356 | E0=-1.04772949+0.00405788j | E1=-0.95590966+0.00077734j|E2=-0.62943908+0.00217211j|E3=-0.45927735-0.00267188j
26-17-18-02 #-----------------------------------------#
26-17-18-02 [Step  58] logΨ: mean=2.688+0.303j | min=-3.839-3.089j | max=3.110+2.262j
26-17-18-02 梯度监控 | raw=40.0457 | per_param=1.2031 |  natural=0.1208 | clipped=0.1208(上限20.0)
26-17-18-02 原始规范坐标 G(Re Σrow_mean) = +19.8712 | 累计|g| = 10.1877
26-17-18-02 Ψ矩阵条件数 cond(Ψ) = 4.56e+01
26-17-18-02 Loss=-3.127750 | E0=-1.04556372-0.00036659j | E1=-0.95642517-0.00002499j|E2=-0.62663636+0.00174953j|E3=-0.49912506+0.00057910j
26-17-18-02 #-----------------------------------------#
26-17-18-02 [Step  59] logΨ: mean=2.669+0.487j | min=-3.971-0.576j | max=3.052+2.306j
26-17-18-02 梯度监控 | raw=32.6925 | per_param=0.9822 |  natural=0.3241 | clipped=0.3241(上限20.0)
26-17-18-02 原始规范坐标 G(Re Σrow_mean) = +19.7890 | 累计|g| = 10.1877
26-17-18-02 Ψ矩阵条件数 cond(Ψ) = 2.53e+01
26-17-18-02 Loss=-3.139337 | E0=-1.04702714-0.00084254j | E1=-0.95616556+0.00011651j|E2=-0.63390139+0.00381003j|E3=-0.50224261+0.00432295j
26-17-18-02 #-----------------------------------------#
26-17-18-02 [保存] Step 59 → pickle 文件已更新 (60 条记录)
26-17-18-02 [GaugeReset@60] 吸收 Δg = Σ Re(col_mean) = +19.7890 | 新|g| = 10.6188
26-17-18-02 [Step  60] logΨ: mean=1.858+0.264j | min=-3.841-0.563j | max=2.270+2.064j
26-17-18-02 梯度监控 | raw=28.1838 | per_param=0.8467 |  natural=0.1168 | clipped=0.1168(上限20.0)
26-17-18-02 原始规范坐标 G(Re Σrow_mean) = +19.7534 | 累计|g| = 10.6188
26-17-18-02 Ψ矩阵条件数 cond(Ψ) = 2.11e+01
26-17-18-02 Loss=-3.138999 | E0=-1.04406241-0.00158440j | E1=-0.95539571-0.00064748j|E2=-0.64179356-0.00209751j|E3=-0.49774696+0.00090280j
26-17-18-02 #-----------------------------------------#
26-17-18-02 [Step  61] logΨ: mean=1.966+0.259j | min=-4.157+1.775j | max=2.413+2.052j
26-17-18-02 梯度监控 | raw=32.6877 | per_param=0.9820 |  natural=0.1133 | clipped=0.1133(上限20.0)
26-17-18-02 原始规范坐标 G(Re Σrow_mean) = +19.8176 | 累计|g| = 10.6188
26-17-18-02 Ψ矩阵条件数 cond(Ψ) = 2.10e+01
26-17-18-02 Loss=-3.136593 | E0=-1.04389100-0.00029712j | E1=-0.95635199+0.00146299j|E2=-0.63398825+0.00010344j|E3=-0.50236210+0.00047529j
26-17-18-02 #-----------------------------------------#
26-17-18-02 [Step  62] logΨ: mean=2.272+0.495j | min=-5.799-1.411j | max=2.582+2.027j
26-17-18-02 梯度监控 | raw=24.2689 | per_param=0.7291 |  natural=0.0667 | clipped=0.0667(上限20.0)
26-17-18-02 原始规范坐标 G(Re Σrow_mean) = +20.0867 | 累计|g| = 10.6188
26-17-18-02 Ψ矩阵条件数 cond(Ψ) = 1.78e+01
26-17-18-02 Loss=-3.159692 | E0=-1.04546858-0.00091153j | E1=-0.95424384+0.00044107j|E2=-0.64493065-0.00002500j|E3=-0.51504935-0.00040213j
26-17-18-02 #-----------------------------------------#
26-17-18-02 [Step  63] logΨ: mean=2.216+0.692j | min=-3.185-2.889j | max=2.646+2.005j
26-17-18-02 梯度监控 | raw=31.1480 | per_param=0.9358 |  natural=0.1402 | clipped=0.1402(上限20.0)
26-17-18-02 原始规范坐标 G(Re Σrow_mean) = +19.9785 | 累计|g| = 10.6188
26-17-18-02 Ψ矩阵条件数 cond(Ψ) = 2.23e+01
26-17-18-02 Loss=-3.144447 | E0=-1.04398096-0.00092484j | E1=-0.95664772-0.00038499j|E2=-0.64197504-0.00248337j|E3=-0.50184311-0.00221505j
26-17-18-02 #-----------------------------------------#
26-17-18-02 [Step  64] logΨ: mean=2.492+0.839j | min=-4.326-0.268j | max=2.777+2.089j
26-17-18-02 梯度监控 | raw=23.5199 | per_param=0.7066 |  natural=0.4241 | clipped=0.4241(上限20.0)
26-17-18-02 原始规范坐标 G(Re Σrow_mean) = +20.2987 | 累计|g| = 10.6188
26-17-18-02 Ψ矩阵条件数 cond(Ψ) = 2.08e+01
26-17-18-02 Loss=-3.170769 | E0=-1.04730115+0.00039214j | E1=-0.95430450-0.00047731j|E2=-0.64200418+0.00478009j|E3=-0.52715870-0.00011337j
26-17-18-02 #-----------------------------------------#
26-17-18-02 [Step  65] logΨ: mean=2.606+1.253j | min=-3.896-0.860j | max=2.865+2.088j
26-17-18-02 梯度监控 | raw=17.5432 | per_param=0.5270 |  natural=0.0841 | clipped=0.0841(上限20.0)
26-17-18-02 原始规范坐标 G(Re Σrow_mean) = +20.3252 | 累计|g| = 10.6188
26-17-18-02 Ψ矩阵条件数 cond(Ψ) = 2.10e+01
26-17-18-02 Loss=-3.177043 | E0=-1.04565329-0.00003386j | E1=-0.95533206-0.00010426j|E2=-0.64971560+0.00123845j|E3=-0.52634250+0.00180015j
26-17-18-02 #-----------------------------------------#
26-17-18-02 [Step  66] logΨ: mean=2.755+0.808j | min=-4.538-0.964j | max=2.962+2.075j
26-17-18-02 梯度监控 | raw=12.4653 | per_param=0.3745 |  natural=0.0811 | clipped=0.0811(上限20.0)
26-17-18-02 原始规范坐标 G(Re Σrow_mean) = +20.4274 | 累计|g| = 10.6188
26-17-18-02 Ψ矩阵条件数 cond(Ψ) = 1.75e+01
26-17-18-02 Loss=-3.184589 | E0=-1.04478065-0.00029288j | E1=-0.95459542-0.00020663j|E2=-0.65071757-0.00200832j|E3=-0.53449560+0.00290776j
26-17-18-02 #-----------------------------------------#
26-17-18-02 [Step  67] logΨ: mean=2.852+0.315j | min=-1.525-2.084j | max=3.054+2.047j
26-17-18-02 梯度监控 | raw=17.0635 | per_param=0.5126 |  natural=0.0554 | clipped=0.0554(上限20.0)
26-17-18-02 原始规范坐标 G(Re Σrow_mean) = +20.4958 | 累计|g| = 10.6188
26-17-18-02 Ψ矩阵条件数 cond(Ψ) = 2.11e+01
26-17-18-02 Loss=-3.185969 | E0=-1.04703660-0.00002949j | E1=-0.95462881-0.00039993j|E2=-0.65332227+0.00007593j|E3=-0.53098139+0.00104030j
26-17-18-02 #-----------------------------------------#
26-17-18-02 [Step  68] logΨ: mean=2.906+0.224j | min=-1.446+2.436j | max=3.182+2.031j
26-17-18-02 梯度监控 | raw=17.8090 | per_param=0.5350 |  natural=0.1616 | clipped=0.1616(上限20.0)
26-17-18-02 原始规范坐标 G(Re Σrow_mean) = +20.5212 | 累计|g| = 10.6188
26-17-18-02 Ψ矩阵条件数 cond(Ψ) = 2.11e+01
26-17-18-02 Loss=-3.181406 | E0=-1.04654378-0.00013313j | E1=-0.95489711-0.00184646j|E2=-0.65053702-0.00302184j|E3=-0.52942857-0.00194210j
26-17-18-02 #-----------------------------------------#
26-17-18-02 [Step  69] logΨ: mean=3.084-0.005j | min=-1.272+2.769j | max=3.283+1.985j
26-17-18-02 梯度监控 | raw=12.8284 | per_param=0.3854 |  natural=0.0751 | clipped=0.0751(上限20.0)
26-17-18-02 原始规范坐标 G(Re Σrow_mean) = +20.6391 | 累计|g| = 10.6188
26-17-18-02 Ψ矩阵条件数 cond(Ψ) = 2.12e+01
26-17-18-02 Loss=-3.191413 | E0=-1.04421166-0.00028022j | E1=-0.95378329-0.00021785j|E2=-0.65515901+0.00019545j|E3=-0.53825890-0.00116819j
26-17-18-02 #-----------------------------------------#
26-17-18-02 [GaugeReset@70] 吸收 Δg = Σ Re(col_mean) = +20.6391 | 新|g| = 11.0363
26-17-18-02 [Step  70] logΨ: mean=2.239-0.126j | min=-4.095+1.716j | max=2.520+1.874j
26-17-18-02 梯度监控 | raw=15.1176 | per_param=0.4542 |  natural=0.2091 | clipped=0.2091(上限20.0)
26-17-18-02 原始规范坐标 G(Re Σrow_mean) = +20.6044 | 累计|g| = 11.0363
26-17-18-02 Ψ矩阵条件数 cond(Ψ) = 2.70e+01
26-17-18-02 Loss=-3.183965 | E0=-1.04498103-0.00011462j | E1=-0.95402673-0.00057844j|E2=-0.65379004-0.00020226j|E3=-0.53116747-0.00071636j
26-17-18-02 #-----------------------------------------#
26-17-18-02 [Step  71] logΨ: mean=2.389+0.020j | min=-6.506+1.765j | max=2.619+1.819j
26-17-18-02 梯度监控 | raw=12.6999 | per_param=0.3815 |  natural=0.1194 | clipped=0.1194(上限20.0)
26-17-18-02 原始规范坐标 G(Re Σrow_mean) = +20.7397 | 累计|g| = 11.0363
26-17-18-02 Ψ矩阵条件数 cond(Ψ) = 2.77e+01
26-17-18-02 Loss=-3.193323 | E0=-1.04572903-0.00026129j | E1=-0.95454511+0.00020812j|E2=-0.65401638-0.00057891j|E3=-0.53903219-0.00118052j
26-17-18-02 #-----------------------------------------#
26-17-18-02 [Step  72] logΨ: mean=2.908+0.474j | min=-3.510-2.581j | max=3.145+2.198j
26-17-18-02 梯度监控 | raw=15.7667 | per_param=0.4737 |  natural=0.3301 | clipped=0.3301(上限20.0)
26-17-18-02 原始规范坐标 G(Re Σrow_mean) = +21.1146 | 累计|g| = 11.0363
26-17-18-02 Ψ矩阵条件数 cond(Ψ) = 2.93e+01
26-17-18-02 Loss=-3.183021 | E0=-1.04305101+0.00433623j | E1=-0.95362316+0.00008755j|E2=-0.65294492-0.00132460j|E3=-0.53340198+0.00056008j
26-17-18-02 #-----------------------------------------#
26-17-18-02 [Step  73] logΨ: mean=2.915+0.773j | min=-2.416+2.355j | max=3.201+2.176j
26-17-18-02 梯度监控 | raw=18.7839 | per_param=0.5643 |  natural=0.0950 | clipped=0.0950(上限20.0)
26-17-18-02 原始规范坐标 G(Re Σrow_mean) = +21.0780 | 累计|g| = 11.0363
26-17-18-02 Ψ矩阵条件数 cond(Ψ) = 1.57e+01
26-17-18-02 Loss=-3.183133 | E0=-1.04482216-0.00109963j | E1=-0.95406398+0.00156802j|E2=-0.65137376-0.00049150j|E3=-0.53287343+0.00052837j
26-17-18-02 #-----------------------------------------#
26-17-18-02 [Step  74] logΨ: mean=3.390+0.368j | min=-5.358-1.174j | max=3.556+1.783j
26-17-18-02 梯度监控 | raw=7.9258 | per_param=0.2381 |  natural=0.1802 | clipped=0.1802(上限20.0)
26-17-18-02 原始规范坐标 G(Re Σrow_mean) = +21.5063 | 累计|g| = 11.0363
26-17-18-02 Ψ矩阵条件数 cond(Ψ) = 3.01e+01
26-17-18-02 Loss=-3.198553 | E0=-1.04606132-0.00247834j | E1=-0.95603483-0.00051240j|E2=-0.65494676-0.00151984j|E3=-0.54151028+0.00141012j
26-17-18-02 #-----------------------------------------#
26-17-18-02 [Step  75] logΨ: mean=3.307+0.383j | min=-1.903+2.683j | max=3.519+1.736j
26-17-18-02 梯度监控 | raw=9.4052 | per_param=0.2826 |  natural=0.1695 | clipped=0.1695(上限20.0)
26-17-18-02 原始规范坐标 G(Re Σrow_mean) = +21.3901 | 累计|g| = 11.0363
26-17-18-02 Ψ矩阵条件数 cond(Ψ) = 3.09e+01
26-17-18-02 Loss=-3.198887 | E0=-1.04648082-0.00134634j | E1=-0.95474264-0.00103147j|E2=-0.65868055+0.00001448j|E3=-0.53898342+0.00099304j
26-17-18-02 #-----------------------------------------#
26-17-18-02 [Step  76] logΨ: mean=3.393+0.574j | min=-4.199-2.701j | max=3.550+1.744j
26-17-18-02 梯度监控 | raw=7.8479 | per_param=0.2358 |  natural=0.1572 | clipped=0.1572(上限20.0)
26-17-18-02 原始规范坐标 G(Re Σrow_mean) = +21.4807 | 累计|g| = 11.0363
26-17-18-02 Ψ矩阵条件数 cond(Ψ) = 3.12e+01
26-17-18-02 Loss=-3.203166 | E0=-1.04639978+0.00014922j | E1=-0.95564186-0.00031179j|E2=-0.65750510-0.00137912j|E3=-0.54361882+0.00106906j
26-17-18-02 #-----------------------------------------#
26-17-18-02 [Step  77] logΨ: mean=3.388-0.006j | min=-3.914-0.761j | max=3.627+1.788j
26-17-18-02 梯度监控 | raw=8.8629 | per_param=0.2663 |  natural=0.1597 | clipped=0.1597(上限20.0)
26-17-18-02 原始规范坐标 G(Re Σrow_mean) = +21.4754 | 累计|g| = 11.0363
26-17-18-02 Ψ矩阵条件数 cond(Ψ) = 3.20e+01
26-17-18-02 Loss=-3.199675 | E0=-1.04587207-0.00018177j | E1=-0.95545904+0.00068175j|E2=-0.65620953-0.00138998j|E3=-0.54213425-0.00120584j
26-17-18-02 #-----------------------------------------#
26-17-18-02 [Step  78] logΨ: mean=3.543+0.147j | min=-4.095-1.560j | max=3.645+1.778j
26-17-18-02 梯度监控 | raw=5.5987 | per_param=0.1682 |  natural=0.0911 | clipped=0.0911(上限20.0)
26-17-18-02 原始规范坐标 G(Re Σrow_mean) = +21.6117 | 累计|g| = 11.0363
26-17-18-02 Ψ矩阵条件数 cond(Ψ) = 3.14e+01
26-17-18-02 Loss=-3.208394 | E0=-1.04636783+0.00020767j | E1=-0.95497573-0.00021690j|E2=-0.65922450-0.00016607j|E3=-0.54782558+0.00215132j
26-17-18-02 #-----------------------------------------#
26-17-18-02 [Step  79] logΨ: mean=3.461-0.215j | min=-1.067+2.964j | max=3.639+1.778j
26-17-18-02 梯度监控 | raw=7.9303 | per_param=0.2382 |  natural=0.0844 | clipped=0.0844(上限20.0)
26-17-18-02 原始规范坐标 G(Re Σrow_mean) = +21.5323 | 累计|g| = 11.0363
26-17-18-02 Ψ矩阵条件数 cond(Ψ) = 3.08e+01
26-17-18-02 Loss=-3.203346 | E0=-1.04650630-0.00011406j | E1=-0.95519871+0.00015591j|E2=-0.65875421-0.00064544j|E3=-0.54288652+0.00039187j
26-17-18-02 #-----------------------------------------#
26-17-18-02 [保存] Step 79 → pickle 文件已更新 (80 条记录)
26-17-18-02 [GaugeReset@80] 吸收 Δg = Σ Re(col_mean) = +21.5323 | 新|g| = 11.4276
26-17-18-02 [Step  80] logΨ: mean=2.590-0.935j | min=-1.540-1.454j | max=2.730+1.554j
26-17-18-02 梯度监控 | raw=4.9498 | per_param=0.1487 |  natural=0.0844 | clipped=0.0844(上限20.0)
26-17-18-02 原始规范坐标 G(Re Σrow_mean) = +21.5353 | 累计|g| = 11.4276
26-17-18-02 Ψ矩阵条件数 cond(Ψ) = 3.68e+01
26-17-18-02 Loss=-3.205278 | E0=-1.04675564+0.00008197j | E1=-0.95570512-0.00055659j|E2=-0.65853249+0.00022464j|E3=-0.54428482+0.00195716j
26-17-18-02 #-----------------------------------------#
26-17-18-02 [Step  81] logΨ: mean=2.446-0.755j | min=-3.203-2.791j | max=2.746+1.568j
26-17-18-02 梯度监控 | raw=9.5473 | per_param=0.2868 |  natural=0.1074 | clipped=0.1074(上限20.0)
26-17-18-02 原始规范坐标 G(Re Σrow_mean) = +21.3669 | 累计|g| = 11.4276
26-17-18-02 Ψ矩阵条件数 cond(Ψ) = 3.61e+01
26-17-18-02 Loss=-3.198390 | E0=-1.04419202-0.00016595j | E1=-0.95344656-0.00051700j|E2=-0.65637152-0.00114112j|E3=-0.54437984-0.00138672j
26-17-18-02 #-----------------------------------------#
26-17-18-02 [Step  82] logΨ: mean=2.573-0.356j | min=-3.477+2.992j | max=2.829+1.582j
26-17-18-02 梯度监控 | raw=5.7383 | per_param=0.1724 |  natural=0.0815 | clipped=0.0815(上限20.0)
26-17-18-02 原始规范坐标 G(Re Σrow_mean) = +21.4615 | 累计|g| = 11.4276
26-17-18-02 Ψ矩阵条件数 cond(Ψ) = 3.48e+01
26-17-18-02 Loss=-3.199056 | E0=-1.04385388-0.00011234j | E1=-0.95464531-0.00051709j|E2=-0.65615302-0.00004550j|E3=-0.54440420-0.00047850j
26-17-18-02 #-----------------------------------------#
26-17-18-02 [Step  83] logΨ: mean=2.722-0.112j | min=-2.913+0.890j | max=2.831+1.556j
26-17-18-02 梯度监控 | raw=2.4142 | per_param=0.0725 |  natural=0.1235 | clipped=0.1235(上限20.0)
26-17-18-02 原始规范坐标 G(Re Σrow_mean) = +21.6529 | 累计|g| = 11.4276
26-17-18-02 Ψ矩阵条件数 cond(Ψ) = 3.61e+01
26-17-18-02 Loss=-3.210674 | E0=-1.04780386+0.00002649j | E1=-0.95435186-0.00155200j|E2=-0.66193326-0.00047827j|E3=-0.54658530+0.00037041j
26-17-18-02 #-----------------------------------------#
26-17-18-02 [Step  84] logΨ: mean=2.691+0.153j | min=-1.666-1.540j | max=2.901+1.553j
26-17-18-02 梯度监控 | raw=5.1804 | per_param=0.1556 |  natural=0.0616 | clipped=0.0616(上限20.0)
26-17-18-02 原始规范坐标 G(Re Σrow_mean) = +21.5754 | 累计|g| = 11.4276
26-17-18-02 Ψ矩阵条件数 cond(Ψ) = 3.53e+01
26-17-18-02 Loss=-3.203165 | E0=-1.04707802-0.00009476j | E1=-0.95644691+0.00136611j|E2=-0.65386236-0.00160278j|E3=-0.54577771+0.00011269j
26-17-18-02 #-----------------------------------------#
26-17-18-02 [Step  85] logΨ: mean=2.770+0.174j | min=-3.622+2.649j | max=3.047+1.553j
26-17-18-02 梯度监控 | raw=5.1710 | per_param=0.1553 |  natural=0.0591 | clipped=0.0591(上限20.0)
26-17-18-02 原始规范坐标 G(Re Σrow_mean) = +21.6015 | 累计|g| = 11.4276
26-17-18-02 Ψ矩阵条件数 cond(Ψ) = 3.54e+01
26-17-18-02 Loss=-3.205269 | E0=-1.04537081-0.00000353j | E1=-0.95271582+0.00089816j|E2=-0.65738136+0.00007716j|E3=-0.54980137-0.00209824j
26-17-18-02 #-----------------------------------------#
26-17-18-02 [Step  86] logΨ: mean=3.035-0.350j | min=-3.079-1.544j | max=3.170+1.572j
26-17-18-02 梯度监控 | raw=3.9154 | per_param=0.1176 |  natural=0.0469 | clipped=0.0469(上限20.0)
26-17-18-02 原始规范坐标 G(Re Σrow_mean) = +21.7922 | 累计|g| = 11.4276
26-17-18-02 Ψ矩阵条件数 cond(Ψ) = 3.44e+01
26-17-18-02 Loss=-3.208188 | E0=-1.04677302-0.00000546j | E1=-0.95314188-0.00060749j|E2=-0.66150497-0.00033423j|E3=-0.54676823+0.00025218j
26-17-18-02 #-----------------------------------------#
26-17-18-02 [Step  87] logΨ: mean=3.106-0.300j | min=-2.325+1.238j | max=3.228+1.448j
26-17-18-02 梯度监控 | raw=3.1631 | per_param=0.0950 |  natural=0.0495 | clipped=0.0495(上限20.0)
26-17-18-02 原始规范坐标 G(Re Σrow_mean) = +21.8105 | 累计|g| = 11.4276
26-17-18-02 Ψ矩阵条件数 cond(Ψ) = 3.45e+01
26-17-18-02 Loss=-3.207916 | E0=-1.04603980+0.00011375j | E1=-0.95428093-0.00130943j|E2=-0.66137277-0.00116141j|E3=-0.54622285+0.00070865j
26-17-18-02 #-----------------------------------------#
26-17-18-02 [Step  88] logΨ: mean=3.156-0.182j | min=-1.342+1.581j | max=3.282+1.497j
26-17-18-02 梯度监控 | raw=4.9802 | per_param=0.1496 |  natural=0.0677 | clipped=0.0677(上限20.0)
26-17-18-02 原始规范坐标 G(Re Σrow_mean) = +21.8218 | 累计|g| = 11.4276
26-17-18-02 Ψ矩阵条件数 cond(Ψ) = 3.28e+01
26-17-18-02 Loss=-3.206082 | E0=-1.04684505-0.00011130j | E1=-0.95188381+0.00019906j|E2=-0.66194874-0.00005159j|E3=-0.54540432+0.00072781j
26-17-18-02 #-----------------------------------------#
26-17-18-02 [Step  89] logΨ: mean=3.182-0.068j | min=-1.970+1.674j | max=3.256+1.599j
26-17-18-02 梯度监控 | raw=4.1919 | per_param=0.1259 |  natural=0.1746 | clipped=0.1746(上限20.0)
26-17-18-02 原始规范坐标 G(Re Σrow_mean) = +21.8038 | 累计|g| = 11.4276
26-17-18-02 Ψ矩阵条件数 cond(Ψ) = 3.39e+01
26-17-18-02 Loss=-3.213105 | E0=-1.04548249+0.00002355j | E1=-0.95520203+0.00061789j|E2=-0.66358040+0.00037358j|E3=-0.54883964+0.00096827j
26-17-18-02 #-----------------------------------------#
26-17-18-02 [GaugeReset@90] 吸收 Δg = Σ Re(col_mean) = +21.8038 | 新|g| = 11.5976
26-17-18-02 [Step  90] logΨ: mean=2.872-0.266j | min=-1.789+1.115j | max=3.093+1.344j
26-17-18-02 梯度监控 | raw=6.7896 | per_param=0.2040 |  natural=0.0670 | clipped=0.0670(上限20.0)
26-17-18-02 原始规范坐标 G(Re Σrow_mean) = +21.6276 | 累计|g| = 11.5976
26-17-18-02 Ψ矩阵条件数 cond(Ψ) = 3.59e+01
26-17-18-02 Loss=-3.202197 | E0=-1.04473408+0.00007560j | E1=-0.95271176+0.00068428j|E2=-0.65826377+0.00039363j|E3=-0.54648785-0.00178641j
26-17-18-02 #-----------------------------------------#
26-17-18-02 [Step  91] logΨ: mean=2.861-0.717j | min=-2.428+1.288j | max=2.958+1.332j
26-17-18-02 梯度监控 | raw=3.4936 | per_param=0.1050 |  natural=0.0423 | clipped=0.0423(上限20.0)
26-17-18-02 原始规范坐标 G(Re Σrow_mean) = +21.6470 | 累计|g| = 11.5976
26-17-18-02 Ψ矩阵条件数 cond(Ψ) = 3.47e+01
26-17-18-02 Loss=-3.209671 | E0=-1.04546824+0.00014747j | E1=-0.95528655+0.00125713j|E2=-0.66196672+0.00017042j|E3=-0.54694978+0.00148761j
26-17-18-02 #-----------------------------------------#
26-17-18-02 [Step  92] logΨ: mean=2.684-0.094j | min=-2.796-2.411j | max=2.881+1.488j
26-17-18-02 梯度监控 | raw=6.6477 | per_param=0.1997 |  natural=0.0768 | clipped=0.0768(上限20.0)
26-17-18-02 原始规范坐标 G(Re Σrow_mean) = +21.5609 | 累计|g| = 11.5976
26-17-18-02 Ψ矩阵条件数 cond(Ψ) = 3.62e+01
26-17-18-02 Loss=-3.211500 | E0=-1.04446074-0.00014023j | E1=-0.95739337+0.00283093j|E2=-0.66343805+0.00116309j|E3=-0.54620825+0.00004729j
26-17-18-02 #-----------------------------------------#
26-17-18-02 [Step  93] logΨ: mean=2.768+0.301j | min=-2.614+0.071j | max=2.953+1.536j
26-17-18-02 梯度监控 | raw=6.4689 | per_param=0.1943 |  natural=0.0906 | clipped=0.0906(上限20.0)
26-17-18-02 原始规范坐标 G(Re Σrow_mean) = +21.6104 | 累计|g| = 11.5976
26-17-18-02 Ψ矩阵条件数 cond(Ψ) = 3.47e+01
26-17-18-02 Loss=-3.206446 | E0=-1.04591118-0.00008537j | E1=-0.95369652+0.00082212j|E2=-0.66109524-0.00020810j|E3=-0.54574276-0.00003544j
26-17-18-02 #-----------------------------------------#
26-17-18-02 [Step  94] logΨ: mean=2.932+0.016j | min=-2.658-2.051j | max=3.057+1.548j
26-17-18-02 梯度监控 | raw=5.4770 | per_param=0.1645 |  natural=0.0521 | clipped=0.0521(上限20.0)
26-17-18-02 原始规范坐标 G(Re Σrow_mean) = +21.7228 | 累计|g| = 11.5976
26-17-18-02 Ψ矩阵条件数 cond(Ψ) = 3.17e+01
26-17-18-02 Loss=-3.205925 | E0=-1.04554693-0.00005426j | E1=-0.95269802-0.00070248j|E2=-0.66138612-0.00178703j|E3=-0.54629398+0.00151600j
26-17-18-02 #-----------------------------------------#
26-17-18-02 [Step  95] logΨ: mean=2.719-0.061j | min=-3.814-1.550j | max=2.803+1.508j
26-17-18-02 梯度监控 | raw=6.3458 | per_param=0.1906 |  natural=0.0536 | clipped=0.0536(上限20.0)
26-17-18-02 原始规范坐标 G(Re Σrow_mean) = +21.5276 | 累计|g| = 11.5976
26-17-18-02 Ψ矩阵条件数 cond(Ψ) = 3.01e+01
26-17-18-02 Loss=-3.206029 | E0=-1.04729990-0.00006159j | E1=-0.95379856-0.00026354j|E2=-0.66017808-0.00063948j|E3=-0.54475221+0.00159062j
26-17-18-02 #-----------------------------------------#
26-17-18-02 [Step  96] logΨ: mean=2.852-0.441j | min=-3.383-1.880j | max=2.945+1.393j
26-17-18-02 梯度监控 | raw=3.9334 | per_param=0.1182 |  natural=0.1064 | clipped=0.1064(上限20.0)
26-17-18-02 原始规范坐标 G(Re Σrow_mean) = +21.6230 | 累计|g| = 11.5976
26-17-18-02 Ψ矩阵条件数 cond(Ψ) = 3.03e+01
26-17-18-02 Loss=-3.207351 | E0=-1.04567260+0.00010654j | E1=-0.95323928+0.00002415j|E2=-0.66044929-0.00021766j|E3=-0.54798942+0.00082982j
26-17-18-02 #-----------------------------------------#
26-17-18-02 [Step  97] logΨ: mean=2.603-0.141j | min=-3.450-1.925j | max=2.865+1.357j
26-17-18-02 梯度监控 | raw=9.0490 | per_param=0.2718 |  natural=0.1441 | clipped=0.1441(上限20.0)
26-17-18-02 原始规范坐标 G(Re Σrow_mean) = +21.3936 | 累计|g| = 11.5976
26-17-18-02 Ψ矩阵条件数 cond(Ψ) = 2.93e+01
26-17-18-02 Loss=-3.204492 | E0=-1.04570788-0.00024690j | E1=-0.95486524+0.00062574j|E2=-0.65954275+0.00047267j|E3=-0.54437628+0.00068316j
26-17-18-02 #-----------------------------------------#
26-17-18-02 [Step  98] logΨ: mean=2.726-0.220j | min=-3.026-0.902j | max=2.867+1.249j
26-17-18-02 梯度监控 | raw=3.0599 | per_param=0.0919 |  natural=0.0482 | clipped=0.0482(上限20.0)
26-17-18-02 原始规范坐标 G(Re Σrow_mean) = +21.5408 | 累计|g| = 11.5976
26-17-18-02 Ψ矩阵条件数 cond(Ψ) = 2.91e+01
26-17-18-02 Loss=-3.210343 | E0=-1.04700431-0.00029794j | E1=-0.95456456-0.00056859j|E2=-0.66218886-0.00076390j|E3=-0.54658529+0.00106976j
26-17-18-02 #-----------------------------------------#
26-17-18-02 [Step  99] logΨ: mean=2.672-0.279j | min=-2.943+1.547j | max=2.869+1.279j
26-17-18-02 梯度监控 | raw=6.2098 | per_param=0.1866 |  natural=0.1112 | clipped=0.1112(上限20.0)
26-17-18-02 原始规范坐标 G(Re Σrow_mean) = +21.5327 | 累计|g| = 11.5976
26-17-18-02 Ψ矩阵条件数 cond(Ψ) = 2.84e+01
26-17-18-02 Loss=-3.210981 | E0=-1.04591450-0.00016957j | E1=-0.95496537+0.00346920j|E2=-0.66368260-0.00117350j|E3=-0.54641856-0.00011500j
26-17-18-02 #-----------------------------------------#
26-17-18-02 [保存] Step 99 → pickle 文件已更新 (100 条记录)
26-17-18-02 [GaugeReset@100] 吸收 Δg = Σ Re(col_mean) = +21.5327 | 新|g| = 11.4796
26-17-18-02 [Step 100] logΨ: mean=3.211+0.198j | min=-1.870+1.573j | max=3.360+1.399j
26-17-18-02 梯度监控 | raw=4.4892 | per_param=0.1349 |  natural=0.0810 | clipped=0.0810(上限20.0)
26-17-18-02 原始规范坐标 G(Re Σrow_mean) = +21.7380 | 累计|g| = 11.4796
26-17-18-02 Ψ矩阵条件数 cond(Ψ) = 2.87e+01
26-17-18-02 Loss=-3.206364 | E0=-1.04484225-0.00007092j | E1=-0.95303539+0.00006589j|E2=-0.66236810-0.00147159j|E3=-0.54611851+0.00036505j
26-17-18-02 #-----------------------------------------#
26-17-18-03 [Step 101] logΨ: mean=3.338+0.160j | min=-2.070-1.963j | max=3.426+1.322j
26-17-18-03 梯度监控 | raw=1.6075 | per_param=0.0483 |  natural=0.0093 | clipped=0.0093(上限20.0)
26-17-18-03 原始规范坐标 G(Re Σrow_mean) = +21.8217 | 累计|g| = 11.4796
26-17-18-03 Ψ矩阵条件数 cond(Ψ) = 2.94e+01
26-17-18-03 Loss=-3.210857 | E0=-1.04632972+0.00006799j | E1=-0.95568297-0.00039480j|E2=-0.66102052-0.00089457j|E3=-0.54782408+0.00005325j
26-17-18-03 #-----------------------------------------#
26-17-18-03 [Step 102] logΨ: mean=2.798-0.333j | min=-3.383+1.537j | max=2.884+0.893j
26-17-18-03 梯度监控 | raw=2.5794 | per_param=0.0775 |  natural=0.1664 | clipped=0.1664(上限20.0)
26-17-18-03 原始规范坐标 G(Re Σrow_mean) = +21.4163 | 累计|g| = 11.4796
26-17-18-03 Ψ矩阵条件数 cond(Ψ) = 3.37e+01
26-17-18-03 Loss=-3.213635 | E0=-1.04659807-0.00003534j | E1=-0.95563319-0.00031490j|E2=-0.66425696-0.00128968j|E3=-0.54714643+0.00090108j
26-17-18-03 #-----------------------------------------#
26-17-18-03 [Step 103] logΨ: mean=2.751-0.561j | min=-4.294-1.907j | max=2.956+0.840j
26-17-18-03 梯度监控 | raw=8.6418 | per_param=0.2596 |  natural=0.0712 | clipped=0.0712(上限20.0)
26-17-18-03 原始规范坐标 G(Re Σrow_mean) = +21.3781 | 累计|g| = 11.4796
26-17-18-03 Ψ矩阵条件数 cond(Ψ) = 3.43e+01
26-17-18-03 Loss=-3.201932 | E0=-1.04682362-0.00012023j | E1=-0.95390237+0.00223641j|E2=-0.65755683+0.00204457j|E3=-0.54364954+0.00056473j
26-17-18-03 #-----------------------------------------#
26-17-18-03 [Step 104] logΨ: mean=2.878-0.996j | min=-2.973+0.302j | max=3.024+0.583j
26-17-18-03 梯度监控 | raw=5.4178 | per_param=0.1628 |  natural=0.2017 | clipped=0.2017(上限20.0)
26-17-18-03 原始规范坐标 G(Re Σrow_mean) = +21.5262 | 累计|g| = 11.4796
26-17-18-03 Ψ矩阵条件数 cond(Ψ) = 3.32e+01
26-17-18-03 Loss=-3.202167 | E0=-1.04444033-0.00035976j | E1=-0.95480019-0.00094712j|E2=-0.65718908-0.00007345j|E3=-0.54573739+0.00049815j
26-17-18-03 #-----------------------------------------#
26-17-18-03 [Step 105] logΨ: mean=2.927-1.083j | min=-1.753+0.014j | max=3.060+0.581j
26-17-18-03 梯度监控 | raw=5.2434 | per_param=0.1575 |  natural=0.0671 | clipped=0.0671(上限20.0)
26-17-18-03 原始规范坐标 G(Re Σrow_mean) = +21.6040 | 累计|g| = 11.4796
26-17-18-03 Ψ矩阵条件数 cond(Ψ) = 3.24e+01
26-17-18-03 Loss=-3.206559 | E0=-1.04540239-0.00005538j | E1=-0.95634546+0.00050041j|E2=-0.65968204-0.00064912j|E3=-0.54512887+0.00100768j
26-17-18-03 #-----------------------------------------#
26-17-18-03 [Step 106] logΨ: mean=2.911-1.139j | min=-4.258-2.590j | max=3.051+0.278j
26-17-18-03 梯度监控 | raw=4.1965 | per_param=0.1261 |  natural=0.1179 | clipped=0.1179(上限20.0)
26-17-18-03 原始规范坐标 G(Re Σrow_mean) = +21.5903 | 累计|g| = 11.4796
26-17-18-03 Ψ矩阵条件数 cond(Ψ) = 3.34e+01
26-17-18-03 Loss=-3.210681 | E0=-1.04689585-0.00058204j | E1=-0.95641948+0.00075635j|E2=-0.66264061-0.00082208j|E3=-0.54472542+0.00148523j
26-17-18-03 #-----------------------------------------#
26-17-18-03 [Step 107] logΨ: mean=2.976-0.951j | min=-2.974-2.848j | max=3.104+0.201j
26-17-18-03 梯度监控 | raw=3.0643 | per_param=0.0921 |  natural=0.0444 | clipped=0.0444(上限20.0)
26-17-18-03 原始规范坐标 G(Re Σrow_mean) = +21.6333 | 累计|g| = 11.4796
26-17-18-03 Ψ矩阵条件数 cond(Ψ) = 3.40e+01
26-17-18-03 Loss=-3.210029 | E0=-1.04550833-0.00001614j | E1=-0.95710544-0.00024031j|E2=-0.66073238-0.00029313j|E3=-0.54668250+0.00029409j
26-17-18-03 #-----------------------------------------#
26-17-18-03 [Step 108] logΨ: mean=3.054-1.318j | min=-3.437+0.554j | max=3.187+0.172j
26-17-18-03 梯度监控 | raw=2.4775 | per_param=0.0744 |  natural=0.0708 | clipped=0.0708(上限20.0)
26-17-18-03 原始规范坐标 G(Re Σrow_mean) = +21.7234 | 累计|g| = 11.4796
26-17-18-03 Ψ矩阵条件数 cond(Ψ) = 3.48e+01
26-17-18-03 Loss=-3.210216 | E0=-1.04492229+0.00013227j | E1=-0.95213405-0.00177966j|E2=-0.66448251-0.00202922j|E3=-0.54867728+0.00098418j
26-17-18-03 #-----------------------------------------#
26-17-18-03 [Step 109] logΨ: mean=2.971-1.058j | min=-1.801+2.774j | max=3.240+0.154j
26-17-18-03 梯度监控 | raw=5.0079 | per_param=0.1504 |  natural=0.0855 | clipped=0.0855(上限20.0)
26-17-18-03 原始规范坐标 G(Re Σrow_mean) = +21.6623 | 累计|g| = 11.4796
26-17-18-03 Ψ矩阵条件数 cond(Ψ) = 3.62e+01
26-17-18-03 Loss=-3.208305 | E0=-1.04256871+0.00015720j | E1=-0.95668219+0.00087230j|E2=-0.65974004+0.00032617j|E3=-0.54931434-0.00291757j
26-17-18-03 #-----------------------------------------#
26-17-18-03 [GaugeReset@110] 吸收 Δg = Σ Re(col_mean) = +21.6623 | 新|g| = 11.4883
26-17-18-03 [Step 110] logΨ: mean=2.639-0.183j | min=-3.037+2.608j | max=2.800+1.217j
26-17-18-03 梯度监控 | raw=3.1206 | per_param=0.0938 |  natural=0.2047 | clipped=0.2047(上限20.0)
26-17-18-03 原始规范坐标 G(Re Σrow_mean) = +21.5850 | 累计|g| = 11.4883
26-17-18-03 Ψ矩阵条件数 cond(Ψ) = 4.23e+01
26-17-18-03 Loss=-3.217435 | E0=-1.04596788+0.00003211j | E1=-0.95956609-0.00056106j|E2=-0.66536485-0.00092640j|E3=-0.54653627-0.00017294j
26-17-18-03 #-----------------------------------------#
26-17-18-03 [Step 111] logΨ: mean=2.728-0.432j | min=-2.946-1.697j | max=2.858+1.240j
26-17-18-03 梯度监控 | raw=3.8873 | per_param=0.1168 |  natural=0.0640 | clipped=0.0640(上限20.0)
26-17-18-03 原始规范坐标 G(Re Σrow_mean) = +21.6241 | 累计|g| = 11.4883
26-17-18-03 Ψ矩阵条件数 cond(Ψ) = 4.51e+01
26-17-18-03 Loss=-3.207794 | E0=-1.04548408-0.00000425j | E1=-0.95507346-0.00056683j|E2=-0.66085672-0.00029481j|E3=-0.54637987-0.00007841j
26-17-18-03 #-----------------------------------------#
26-17-18-03 [Step 112] logΨ: mean=2.481-0.151j | min=-2.969-0.931j | max=2.656+1.149j
26-17-18-03 梯度监控 | raw=4.9525 | per_param=0.1488 |  natural=0.1289 | clipped=0.1289(上限20.0)
26-17-18-03 原始规范坐标 G(Re Σrow_mean) = +21.4244 | 累计|g| = 11.4883
26-17-18-03 Ψ矩阵条件数 cond(Ψ) = 4.46e+01
26-17-18-03 Loss=-3.208015 | E0=-1.04691025-0.00000624j | E1=-0.95353567-0.00108641j|E2=-0.66072892-0.00003132j|E3=-0.54683998-0.00023867j
26-17-18-03 #-----------------------------------------#
26-17-18-03 [Step 113] logΨ: mean=2.199-0.233j | min=-3.094-2.054j | max=2.471+1.182j
26-17-18-03 梯度监控 | raw=8.4251 | per_param=0.2531 |  natural=0.1830 | clipped=0.1830(上限20.0)
26-17-18-03 原始规范坐标 G(Re Σrow_mean) = +21.2000 | 累计|g| = 11.4883
26-17-18-03 Ψ矩阵条件数 cond(Ψ) = 3.20e+01
26-17-18-03 Loss=-3.206503 | E0=-1.04479895-0.00007852j | E1=-0.95571459+0.00130069j|E2=-0.66249181+0.00175359j|E3=-0.54349806+0.00035419j
26-17-18-03 #-----------------------------------------#
26-17-18-03 [Step 114] logΨ: mean=2.304-0.418j | min=-4.541-0.764j | max=2.437+1.177j
26-17-18-03 梯度监控 | raw=6.2884 | per_param=0.1889 |  natural=0.0793 | clipped=0.0793(上限20.0)
26-17-18-03 原始规范坐标 G(Re Σrow_mean) = +21.3449 | 累计|g| = 11.4883
26-17-18-03 Ψ矩阵条件数 cond(Ψ) = 3.08e+01
26-17-18-03 Loss=-3.209735 | E0=-1.04535441+0.00000347j | E1=-0.95702861+0.00044944j|E2=-0.66205286-0.00187275j|E3=-0.54529863+0.00074815j
26-17-18-03 #-----------------------------------------#
26-17-18-03 [Step 115] logΨ: mean=2.373-0.927j | min=-2.183+0.674j | max=2.489+1.171j
26-17-18-03 梯度监控 | raw=2.6178 | per_param=0.0786 |  natural=0.0629 | clipped=0.0629(上限20.0)
26-17-18-03 原始规范坐标 G(Re Σrow_mean) = +21.3993 | 累计|g| = 11.4883
26-17-18-03 Ψ矩阵条件数 cond(Ψ) = 3.13e+01
26-17-18-03 Loss=-3.210806 | E0=-1.04515444+0.00005895j | E1=-0.95496147-0.00065798j|E2=-0.66311422-0.00076472j|E3=-0.54757624+0.00058610j
26-17-18-03 #-----------------------------------------#
26-17-18-03 [Step 116] logΨ: mean=2.441-0.855j | min=-3.538-1.898j | max=2.590+1.379j
26-17-18-03 梯度监控 | raw=4.9501 | per_param=0.1487 |  natural=0.0894 | clipped=0.0894(上限20.0)
26-17-18-03 原始规范坐标 G(Re Σrow_mean) = +21.5202 | 累计|g| = 11.4883
26-17-18-03 Ψ矩阵条件数 cond(Ψ) = 3.01e+01
26-17-18-03 Loss=-3.213571 | E0=-1.04546566+0.00139948j | E1=-0.95893349-0.00031289j|E2=-0.66583309-0.00040591j|E3=-0.54333828-0.00067706j
26-17-18-03 #-----------------------------------------#
26-17-18-03 [Step 117] logΨ: mean=2.357-0.495j | min=-2.162+1.535j | max=2.551+1.423j
26-17-18-03 梯度监控 | raw=7.0914 | per_param=0.2130 |  natural=0.0753 | clipped=0.0753(上限20.0)
26-17-18-03 原始规范坐标 G(Re Σrow_mean) = +21.4702 | 累计|g| = 11.4883
26-17-18-03 Ψ矩阵条件数 cond(Ψ) = 2.93e+01
26-17-18-03 Loss=-3.210117 | E0=-1.04578288+0.00002660j | E1=-0.95518535-0.00003597j|E2=-0.66333777-0.00066620j|E3=-0.54581069-0.00002563j
26-17-18-03 #-----------------------------------------#
26-17-18-03 [Step 118] logΨ: mean=2.341-0.116j | min=-2.918+0.081j | max=2.439+1.544j
26-17-18-03 梯度监控 | raw=3.8895 | per_param=0.1168 |  natural=0.0466 | clipped=0.0466(上限20.0)
26-17-18-03 原始规范坐标 G(Re Σrow_mean) = +21.5248 | 累计|g| = 11.4883
26-17-18-03 Ψ矩阵条件数 cond(Ψ) = 2.59e+01
26-17-18-03 Loss=-3.210343 | E0=-1.04421138-0.00011276j | E1=-0.95673579-0.00028925j|E2=-0.66274752-0.00074072j|E3=-0.54664819+0.00029087j
26-17-18-03 #-----------------------------------------#
26-17-18-03 [Step 119] logΨ: mean=2.266-0.045j | min=-3.316-1.478j | max=2.443+1.547j
26-17-18-03 梯度监控 | raw=5.2082 | per_param=0.1565 |  natural=0.0875 | clipped=0.0875(上限20.0)
26-17-18-03 原始规范坐标 G(Re Σrow_mean) = +21.4750 | 累计|g| = 11.4883
26-17-18-03 Ψ矩阵条件数 cond(Ψ) = 2.47e+01
26-17-18-03 Loss=-3.205452 | E0=-1.04494370-0.00010023j | E1=-0.95432730-0.00069222j|E2=-0.66100129+0.00032343j|E3=-0.54517986-0.00035919j
26-17-18-03 #-----------------------------------------#
26-17-18-03 [保存] Step 119 → pickle 文件已更新 (120 条记录)
26-17-18-03 [GaugeReset@120] 吸收 Δg = Σ Re(col_mean) = +21.4750 | 新|g| = 11.3908
26-17-18-03 [Step 120] logΨ: mean=2.501-0.527j | min=-3.657-0.653j | max=2.721+1.271j
26-17-18-03 梯度监控 | raw=5.4248 | per_param=0.1630 |  natural=0.1207 | clipped=0.1207(上限20.0)
26-17-18-03 原始规范坐标 G(Re Σrow_mean) = +21.5182 | 累计|g| = 11.3908
26-17-18-03 Ψ矩阵条件数 cond(Ψ) = 3.39e+01
26-17-18-03 Loss=-3.212716 | E0=-1.04363536+0.00057355j | E1=-0.95533544+0.00004194j|E2=-0.66163072+0.00023940j|E3=-0.55211447+0.00031742j
26-17-18-03 #-----------------------------------------#
26-17-18-03 [Step 121] logΨ: mean=2.527-0.546j | min=-2.497-1.897j | max=2.756+1.142j
26-17-18-03 梯度监控 | raw=8.1867 | per_param=0.2459 |  natural=0.0540 | clipped=0.0540(上限20.0)
26-17-18-03 原始规范坐标 G(Re Σrow_mean) = +21.5425 | 累计|g| = 11.3908
26-17-18-03 Ψ矩阵条件数 cond(Ψ) = 3.73e+01
26-17-18-03 Loss=-3.214628 | E0=-1.04121875+0.00031360j | E1=-0.95731619-0.00001807j|E2=-0.66302710+0.00008298j|E3=-0.55306582+0.00001265j
26-17-18-03 #-----------------------------------------#
26-17-18-03 [Step 122] logΨ: mean=2.774-0.293j | min=-2.710-1.677j | max=2.911+1.164j
26-17-18-03 梯度监控 | raw=3.9391 | per_param=0.1183 |  natural=0.0760 | clipped=0.0760(上限20.0)
26-17-18-03 原始规范坐标 G(Re Σrow_mean) = +21.7955 | 累计|g| = 11.3908
26-17-18-03 Ψ矩阵条件数 cond(Ψ) = 3.66e+01
26-17-18-03 Loss=-3.208344 | E0=-1.04559625-0.00014222j | E1=-0.95458268-0.00010618j|E2=-0.66226721-0.00044134j|E3=-0.54589758-0.00012120j
26-17-18-03 #-----------------------------------------#
26-17-18-03 [Step 123] logΨ: mean=2.823-0.315j | min=-5.299-2.176j | max=2.989+1.169j
26-17-18-03 梯度监控 | raw=4.8170 | per_param=0.1447 |  natural=0.0604 | clipped=0.0604(上限20.0)
26-17-18-03 原始规范坐标 G(Re Σrow_mean) = +21.8903 | 累计|g| = 11.3908
26-17-18-03 Ψ矩阵条件数 cond(Ψ) = 3.49e+01
26-17-18-03 Loss=-3.212742 | E0=-1.04623652-0.00006775j | E1=-0.95798510+0.00015323j|E2=-0.66187112+0.00009508j|E3=-0.54664920+0.00014953j
26-17-18-03 #-----------------------------------------#
26-17-18-03 [Step 124] logΨ: mean=2.736-0.119j | min=-3.148-1.834j | max=2.944+1.232j
26-17-18-03 梯度监控 | raw=9.4291 | per_param=0.2833 |  natural=0.0652 | clipped=0.0652(上限20.0)
26-17-18-03 原始规范坐标 G(Re Σrow_mean) = +21.8222 | 累计|g| = 11.3908
26-17-18-03 Ψ矩阵条件数 cond(Ψ) = 3.45e+01
26-17-18-03 Loss=-3.208593 | E0=-1.04359714+0.00000133j | E1=-0.95563425+0.00070886j|E2=-0.66184271+0.00017341j|E3=-0.54751936-0.00005196j
26-17-18-03 #-----------------------------------------#
26-17-18-03 [Step 125] logΨ: mean=2.931-0.438j | min=-1.263+2.173j | max=3.082+1.195j
26-17-18-03 梯度监控 | raw=1.7044 | per_param=0.0512 |  natural=0.0638 | clipped=0.0638(上限20.0)
26-17-18-03 原始规范坐标 G(Re Σrow_mean) = +21.9806 | 累计|g| = 11.3908
26-17-18-03 Ψ矩阵条件数 cond(Ψ) = 3.72e+01
26-17-18-03 Loss=-3.215200 | E0=-1.04606741+0.00013282j | E1=-0.95706346+0.00143596j|E2=-0.66381478+0.00070661j|E3=-0.54825399+0.00012449j
26-17-18-03 #-----------------------------------------#
26-17-18-03 [Step 126] logΨ: mean=2.926-0.411j | min=-2.027-1.877j | max=3.036+1.244j
26-17-18-03 梯度监控 | raw=3.5665 | per_param=0.1071 |  natural=0.0470 | clipped=0.0470(上限20.0)
26-17-18-03 原始规范坐标 G(Re Σrow_mean) = +22.0285 | 累计|g| = 11.3908
26-17-18-03 Ψ矩阵条件数 cond(Ψ) = 3.71e+01
26-17-18-03 Loss=-3.213462 | E0=-1.04662335-0.00014461j | E1=-0.95771715-0.00006785j|E2=-0.66311759+0.00009954j|E3=-0.54600366-0.00065285j
26-17-18-03 #-----------------------------------------#
26-17-18-03 [Step 127] logΨ: mean=3.279-0.466j | min=-3.252-3.034j | max=3.467+1.230j
26-17-18-03 梯度监控 | raw=4.2120 | per_param=0.1265 |  natural=0.0857 | clipped=0.0857(上限20.0)
26-17-18-03 原始规范坐标 G(Re Σrow_mean) = +22.3666 | 累计|g| = 11.3908
26-17-18-03 Ψ矩阵条件数 cond(Ψ) = 3.94e+01
26-17-18-03 Loss=-3.210127 | E0=-1.04462916+0.00018511j | E1=-0.95470041+0.00043452j|E2=-0.66160321+0.00057549j|E3=-0.54919415-0.00020877j
26-17-18-03 #-----------------------------------------#
26-17-18-03 [Step 128] logΨ: mean=3.364-0.120j | min=-0.990-1.205j | max=3.457+1.257j
26-17-18-03 梯度监控 | raw=3.1486 | per_param=0.0946 |  natural=0.0385 | clipped=0.0385(上限20.0)
26-17-18-03 原始规范坐标 G(Re Σrow_mean) = +22.4976 | 累计|g| = 11.3908
26-17-18-03 Ψ矩阵条件数 cond(Ψ) = 3.92e+01
26-17-18-03 Loss=-3.214328 | E0=-1.04562774-0.00005399j | E1=-0.95661484-0.00070976j|E2=-0.66392484-0.00025948j|E3=-0.54816029+0.00012499j
26-17-18-03 #-----------------------------------------#
26-17-18-03 [Step 129] logΨ: mean=3.477-0.046j | min=-2.764-1.861j | max=3.615+1.240j
26-17-18-03 梯度监控 | raw=5.2589 | per_param=0.1580 |  natural=0.0628 | clipped=0.0628(上限20.0)
26-17-18-03 原始规范坐标 G(Re Σrow_mean) = +22.6262 | 累计|g| = 11.3908
26-17-18-03 Ψ矩阵条件数 cond(Ψ) = 3.86e+01
26-17-18-03 Loss=-3.212395 | E0=-1.04615701+0.00002953j | E1=-0.95766087-0.00064936j|E2=-0.66286366+0.00070790j|E3=-0.54571324+0.00016082j
26-17-18-03 #-----------------------------------------#
26-17-18-03 [GaugeReset@130] 吸收 Δg = Σ Re(col_mean) = +22.6262 | 新|g| = 11.9781
26-17-18-03 [Step 130] logΨ: mean=2.362-0.549j | min=-2.593+1.096j | max=2.466+1.023j
26-17-18-03 梯度监控 | raw=4.1459 | per_param=0.1246 |  natural=0.0190 | clipped=0.0190(上限20.0)
26-17-18-03 原始规范坐标 G(Re Σrow_mean) = +22.6780 | 累计|g| = 11.9781
26-17-18-03 Ψ矩阵条件数 cond(Ψ) = 3.69e+01
26-17-18-03 Loss=-3.212585 | E0=-1.04583367+0.00001407j | E1=-0.95638637-0.00043924j|E2=-0.66369911-0.00036127j|E3=-0.54666597-0.00013376j
26-17-18-03 #-----------------------------------------#
26-17-18-03 [Step 131] logΨ: mean=2.476-0.761j | min=-2.805+0.765j | max=2.631+1.035j
26-17-18-03 梯度监控 | raw=7.6063 | per_param=0.2285 |  natural=0.0724 | clipped=0.0724(上限20.0)
26-17-18-03 原始规范坐标 G(Re Σrow_mean) = +22.7780 | 累计|g| = 11.9781
26-17-18-03 Ψ矩阵条件数 cond(Ψ) = 3.77e+01
26-17-18-03 Loss=-3.211978 | E0=-1.04477946+0.00011967j | E1=-0.95697000+0.00031416j|E2=-0.66221593+0.00002900j|E3=-0.54801214-0.00001586j
26-17-18-03 #-----------------------------------------#
26-17-18-03 [Step 132] logΨ: mean=2.551-0.253j | min=-2.120-2.054j | max=2.649+1.039j
26-17-18-03 梯度监控 | raw=3.8843 | per_param=0.1167 |  natural=0.0055 | clipped=0.0055(上限20.0)
26-17-18-03 原始规范坐标 G(Re Σrow_mean) = +22.8332 | 累计|g| = 11.9781
26-17-18-03 Ψ矩阵条件数 cond(Ψ) = 3.82e+01
26-17-18-03 Loss=-3.214096 | E0=-1.04696762-0.00008517j | E1=-0.95641558-0.00006414j|E2=-0.66376391-0.00032181j|E3=-0.54694898-0.00012269j
26-17-18-03 #-----------------------------------------#
26-17-18-03 [Step 133] logΨ: mean=2.455-0.241j | min=-3.136-1.917j | max=2.645+1.085j
26-17-18-03 梯度监控 | raw=3.1350 | per_param=0.0942 |  natural=0.0638 | clipped=0.0638(上限20.0)
26-17-18-03 原始规范坐标 G(Re Σrow_mean) = +22.7542 | 累计|g| = 11.9781
26-17-18-03 Ψ矩阵条件数 cond(Ψ) = 3.95e+01
26-17-18-03 Loss=-3.215529 | E0=-1.04576717+0.00011810j | E1=-0.95766170-0.00017471j|E2=-0.66415303-0.00001175j|E3=-0.54794699-0.00015311j
26-17-18-03 #-----------------------------------------#
26-17-18-03 [Step 134] logΨ: mean=2.358+0.417j | min=-3.726+1.259j | max=2.562+1.151j
26-17-18-03 梯度监控 | raw=7.3393 | per_param=0.2205 |  natural=0.0399 | clipped=0.0399(上限20.0)
26-17-18-03 原始规范坐标 G(Re Σrow_mean) = +22.6705 | 累计|g| = 11.9781
26-17-18-03 Ψ矩阵条件数 cond(Ψ) = 3.35e+01
26-17-18-03 Loss=-3.218428 | E0=-1.04615400+0.00009645j | E1=-0.95731624-0.00125164j|E2=-0.66845065-0.00039324j|E3=-0.54650699-0.00003708j
26-17-18-03 #-----------------------------------------#
26-17-18-03 [Step 135] logΨ: mean=2.299+0.373j | min=-2.819-1.977j | max=2.539+1.233j
26-17-18-03 梯度监控 | raw=6.8776 | per_param=0.2066 |  natural=0.0743 | clipped=0.0743(上限20.0)
26-17-18-03 原始规范坐标 G(Re Σrow_mean) = +22.6372 | 累计|g| = 11.9781
26-17-18-03 Ψ矩阵条件数 cond(Ψ) = 3.00e+01
26-17-18-03 Loss=-3.219012 | E0=-1.04373089+0.00031647j | E1=-0.95851018+0.00078662j|E2=-0.66659132-0.00049155j|E3=-0.55017963+0.00024959j
26-17-18-03 #-----------------------------------------#
26-17-18-03 [Step 136] logΨ: mean=2.715-0.032j | min=-3.014+1.419j | max=2.846+1.163j
26-17-18-03 梯度监控 | raw=1.6219 | per_param=0.0487 |  natural=0.0489 | clipped=0.0489(上限20.0)
26-17-18-03 原始规范坐标 G(Re Σrow_mean) = +22.9784 | 累计|g| = 11.9781
26-17-18-03 Ψ矩阵条件数 cond(Ψ) = 3.24e+01
26-17-18-03 Loss=-3.211112 | E0=-1.04631653+0.00016256j | E1=-0.95475161+0.00001319j|E2=-0.66195484-0.00043018j|E3=-0.54808925+0.00007191j
26-17-18-03 #-----------------------------------------#
26-17-18-03 [Step 137] logΨ: mean=2.835-0.209j | min=-2.504+1.079j | max=2.869+1.160j
26-17-18-03 梯度监控 | raw=1.3578 | per_param=0.0408 |  natural=0.0157 | clipped=0.0157(上限20.0)
26-17-18-03 原始规范坐标 G(Re Σrow_mean) = +23.0935 | 累计|g| = 11.9781
26-17-18-03 Ψ矩阵条件数 cond(Ψ) = 3.34e+01
26-17-18-03 Loss=-3.213388 | E0=-1.04642284-0.00007966j | E1=-0.95651906-0.00002608j|E2=-0.66272440-0.00026511j|E3=-0.54772151-0.00008554j
26-17-18-03 #-----------------------------------------#
26-17-18-03 [Step 138] logΨ: mean=2.832-0.276j | min=-3.164+1.348j | max=2.972+1.108j
26-17-18-03 梯度监控 | raw=7.3438 | per_param=0.2206 |  natural=0.0174 | clipped=0.0174(上限20.0)
26-17-18-03 原始规范坐标 G(Re Σrow_mean) = +23.0513 | 累计|g| = 11.9781
26-17-18-03 Ψ矩阵条件数 cond(Ψ) = 3.46e+01
26-17-18-03 Loss=-3.212219 | E0=-1.04565092+0.00017282j | E1=-0.95703050-0.00030204j|E2=-0.66149710-0.00049012j|E3=-0.54803998+0.00017004j
26-17-18-03 #-----------------------------------------#
26-17-18-03 [Step 139] logΨ: mean=2.650-0.579j | min=-1.936+0.906j | max=2.889+0.885j
26-17-18-03 梯度监控 | raw=9.6777 | per_param=0.2907 |  natural=0.0685 | clipped=0.0685(上限20.0)
26-17-18-03 原始规范坐标 G(Re Σrow_mean) = +22.8972 | 累计|g| = 11.9781
26-17-18-03 Ψ矩阵条件数 cond(Ψ) = 3.26e+01
26-17-18-03 Loss=-3.212704 | E0=-1.04588021+0.00020425j | E1=-0.95595749+0.00070526j|E2=-0.66316044+0.00008952j|E3=-0.54770593+0.00016951j
26-17-18-03 #-----------------------------------------#
26-17-18-03 [保存] Step 139 → pickle 文件已更新 (140 条记录)
26-17-18-03 [GaugeReset@140] 吸收 Δg = Σ Re(col_mean) = +22.8972 | 新|g| = 12.1090
26-17-18-03 [Step 140] logΨ: mean=2.592-0.785j | min=-3.598-1.188j | max=2.680+0.934j
26-17-18-03 梯度监控 | raw=1.2095 | per_param=0.0363 |  natural=0.0263 | clipped=0.0263(上限20.0)
26-17-18-03 原始规范坐标 G(Re Σrow_mean) = +23.0587 | 累计|g| = 12.1090
26-17-18-03 Ψ矩阵条件数 cond(Ψ) = 3.57e+01
26-17-18-03 Loss=-3.213449 | E0=-1.04727928-0.00000660j | E1=-0.95599279-0.00078516j|E2=-0.66257332-0.00086006j|E3=-0.54760316+0.00007249j
26-17-18-03 #-----------------------------------------#
26-17-18-03 [Step 141] logΨ: mean=2.475-0.743j | min=-3.842+0.946j | max=2.700+0.915j
26-17-18-03 梯度监控 | raw=27.3354 | per_param=0.8212 |  natural=0.0545 | clipped=0.0545(上限20.0)
26-17-18-03 原始规范坐标 G(Re Σrow_mean) = +23.0205 | 累计|g| = 12.1090
26-17-18-03 Ψ矩阵条件数 cond(Ψ) = 3.82e+01
26-17-18-03 Loss=-3.205205 | E0=-1.04191000+0.00015124j | E1=-0.95711875+0.00010156j|E2=-0.66122457-0.00021413j|E3=-0.54495212-0.00019741j
26-17-18-03 #-----------------------------------------#
26-17-18-03 [Step 142] logΨ: mean=2.772-0.885j | min=-2.413-2.771j | max=2.867+1.056j
26-17-18-03 梯度监控 | raw=4.1395 | per_param=0.1244 |  natural=0.0646 | clipped=0.0646(上限20.0)
26-17-18-03 原始规范坐标 G(Re Σrow_mean) = +23.2284 | 累计|g| = 12.1090
26-17-18-03 Ψ矩阵条件数 cond(Ψ) = 3.29e+01
26-17-18-03 Loss=-3.210853 | E0=-1.04691752+0.00000632j | E1=-0.95469581-0.00077605j|E2=-0.66259499+0.00073965j|E3=-0.54664498-0.00004116j
26-17-18-03 #-----------------------------------------#
26-17-18-03 [Step 143] logΨ: mean=2.711-0.922j | min=-1.586-1.015j | max=2.803+1.024j
26-17-18-03 梯度监控 | raw=6.3686 | per_param=0.1913 |  natural=0.0110 | clipped=0.0110(上限20.0)
26-17-18-03 原始规范坐标 G(Re Σrow_mean) = +23.1891 | 累计|g| = 12.1090
26-17-18-03 Ψ矩阵条件数 cond(Ψ) = 3.40e+01
26-17-18-03 Loss=-3.215931 | E0=-1.04641626+0.00001487j | E1=-0.95800453+0.00012392j|E2=-0.66513466-0.00045683j|E3=-0.54637528-0.00012211j
26-17-18-03 #-----------------------------------------#
26-17-18-03 [Step 144] logΨ: mean=2.767-0.692j | min=-2.660-2.172j | max=2.901+1.117j
26-17-18-03 梯度监控 | raw=12.7986 | per_param=0.3845 |  natural=0.0233 | clipped=0.0233(上限20.0)
26-17-18-03 原始规范坐标 G(Re Σrow_mean) = +23.2254 | 累计|g| = 12.1090
26-17-18-03 Ψ矩阵条件数 cond(Ψ) = 3.45e+01
26-17-18-03 Loss=-3.210834 | E0=-1.04576251+0.00012414j | E1=-0.95641444-0.00002047j|E2=-0.66191417-0.00095422j|E3=-0.54674259+0.00033720j
26-17-18-03 #-----------------------------------------#
26-17-18-03 [Step 145] logΨ: mean=2.891-0.487j | min=-4.752+0.577j | max=2.988+1.155j
26-17-18-03 梯度监控 | raw=8.6936 | per_param=0.2612 |  natural=0.0602 | clipped=0.0602(上限20.0)
26-17-18-03 原始规范坐标 G(Re Σrow_mean) = +23.3783 | 累计|g| = 12.1090
26-17-18-03 Ψ矩阵条件数 cond(Ψ) = 3.40e+01
26-17-18-03 Loss=-3.211699 | E0=-1.04597012-0.00008582j | E1=-0.95653476+0.00030925j|E2=-0.66159397-0.00058244j|E3=-0.54760018-0.00004300j
26-17-18-03 #-----------------------------------------#
26-17-18-03 [Step 146] logΨ: mean=2.866-0.182j | min=-2.539+1.802j | max=3.045+1.062j
26-17-18-03 梯度监控 | raw=10.6169 | per_param=0.3190 |  natural=0.0646 | clipped=0.0646(上限20.0)
26-17-18-03 原始规范坐标 G(Re Σrow_mean) = +23.4603 | 累计|g| = 12.1090
26-17-18-03 Ψ矩阵条件数 cond(Ψ) = 3.06e+01
26-17-18-03 Loss=-3.214584 | E0=-1.04604517-0.00063589j | E1=-0.95489757-0.00131546j|E2=-0.66516547-0.00153566j|E3=-0.54847627-0.00020859j
26-17-18-03 #-----------------------------------------#
26-17-18-03 [Step 147] logΨ: mean=3.112-0.253j | min=-2.254+1.371j | max=3.189+1.134j
26-17-18-03 梯度监控 | raw=5.6792 | per_param=0.1706 |  natural=0.0694 | clipped=0.0694(上限20.0)
26-17-18-03 原始规范坐标 G(Re Σrow_mean) = +23.7219 | 累计|g| = 12.1090
26-17-18-03 Ψ矩阵条件数 cond(Ψ) = 3.10e+01
26-17-18-03 Loss=-3.212664 | E0=-1.04661699-0.00013002j | E1=-0.95513452+0.00079659j|E2=-0.66338060-0.00054948j|E3=-0.54753147-0.00061026j
26-17-18-03 #-----------------------------------------#
26-17-18-03 [Step 148] logΨ: mean=3.419-0.424j | min=-1.836+0.661j | max=3.529+1.174j
26-17-18-03 梯度监控 | raw=6.4805 | per_param=0.1947 |  natural=0.0550 | clipped=0.0550(上限20.0)
26-17-18-03 原始规范坐标 G(Re Σrow_mean) = +23.9333 | 累计|g| = 12.1090
26-17-18-03 Ψ矩阵条件数 cond(Ψ) = 3.19e+01
26-17-18-03 Loss=-3.211780 | E0=-1.04595248+0.00003664j | E1=-0.95393718-0.00071955j|E2=-0.66274668-0.00047813j|E3=-0.54914333-0.00017121j
26-17-18-03 #-----------------------------------------#
26-17-18-03 [Step 149] logΨ: mean=3.506-0.259j | min=-3.473-1.572j | max=3.573+1.063j
26-17-18-03 梯度监控 | raw=1.4006 | per_param=0.0421 |  natural=0.0271 | clipped=0.0271(上限20.0)
26-17-18-03 原始规范坐标 G(Re Σrow_mean) = +24.0445 | 累计|g| = 12.1090
26-17-18-03 Ψ矩阵条件数 cond(Ψ) = 3.21e+01
26-17-18-03 Loss=-3.213193 | E0=-1.04683021-0.00010538j | E1=-0.95555979+0.00008158j|E2=-0.66210973-0.00029555j|E3=-0.54869334-0.00052053j
26-17-18-03 #-----------------------------------------#
26-17-18-03 [GaugeReset@150] 吸收 Δg = Σ Re(col_mean) = +24.0445 | 新|g| = 12.7112
26-17-18-03 [Step 150] logΨ: mean=2.344-0.320j | min=-1.675-2.097j | max=2.396+0.905j
26-17-18-03 梯度监控 | raw=1.8881 | per_param=0.0567 |  natural=0.0115 | clipped=0.0115(上限20.0)
26-17-18-03 原始规范坐标 G(Re Σrow_mean) = +24.0714 | 累计|g| = 12.7112
26-17-18-03 Ψ矩阵条件数 cond(Ψ) = 3.09e+01
26-17-18-03 Loss=-3.214041 | E0=-1.04766087-0.00006609j | E1=-0.95579528-0.00009330j|E2=-0.66196406-0.00069030j|E3=-0.54862038-0.00058182j
26-17-18-03 #-----------------------------------------#
26-17-18-04 [Step 151] logΨ: mean=2.291-0.206j | min=-3.141+1.311j | max=2.443+0.988j
26-17-18-04 梯度监控 | raw=17.1364 | per_param=0.5148 |  natural=0.0522 | clipped=0.0522(上限20.0)
26-17-18-04 原始规范坐标 G(Re Σrow_mean) = +24.0034 | 累计|g| = 12.7112
26-17-18-04 Ψ矩阵条件数 cond(Ψ) = 2.99e+01
26-17-18-04 Loss=-3.210307 | E0=-1.04601420+0.00003480j | E1=-0.95477347+0.00042150j|E2=-0.66337287-0.00110710j|E3=-0.54614619-0.00003836j
26-17-18-04 #-----------------------------------------#
26-17-18-04 [Step 152] logΨ: mean=2.147-0.449j | min=-2.537-2.856j | max=2.347+0.463j
26-17-18-04 梯度监控 | raw=36.5973 | per_param=1.0995 |  natural=0.0918 | clipped=0.0918(上限20.0)
26-17-18-04 原始规范坐标 G(Re Σrow_mean) = +23.9712 | 累计|g| = 12.7112
26-17-18-04 Ψ矩阵条件数 cond(Ψ) = 3.59e+01
26-17-18-04 Loss=-3.210557 | E0=-1.04546748-0.00003409j | E1=-0.95439226-0.00099988j|E2=-0.66390955+0.00026860j|E3=-0.54678765-0.00035215j
26-17-18-04 #-----------------------------------------#
26-17-18-04 [Step 153] logΨ: mean=2.643-0.322j | min=-4.961+2.710j | max=2.910+0.507j
26-17-18-04 梯度监控 | raw=107.2196 | per_param=3.2211 |  natural=0.3143 | clipped=0.3143(上限20.0)
26-17-18-04 原始规范坐标 G(Re Σrow_mean) = +24.4673 | 累计|g| = 12.7112
26-17-18-04 Ψ矩阵条件数 cond(Ψ) = 3.72e+01
26-17-18-04 Loss=-3.174434 | E0=-1.04018400+0.00041265j | E1=-0.95344640-0.00022696j|E2=-0.65936134+0.00070451j|E3=-0.52144191+0.00005617j
26-17-18-04 #-----------------------------------------#
26-17-18-04 [Step 154] logΨ: mean=2.834-0.853j | min=-2.855-2.090j | max=3.031+0.608j
26-17-18-04 梯度监控 | raw=94.4837 | per_param=2.8385 |  natural=0.0471 | clipped=0.0471(上限20.0)
26-17-18-04 原始规范坐标 G(Re Σrow_mean) = +24.5986 | 累计|g| = 12.7112
26-17-18-04 Ψ矩阵条件数 cond(Ψ) = 3.76e+01
26-17-18-04 Loss=-3.186708 | E0=-1.04062766+0.00008620j | E1=-0.95474768+0.00210749j|E2=-0.66147322+0.00018626j|E3=-0.52985934+0.00039954j
26-17-18-04 #-----------------------------------------#
26-17-18-04 [Step 155] logΨ: mean=2.773-0.971j | min=-1.768-2.105j | max=2.980+0.696j
26-17-18-04 梯度监控 | raw=67.5385 | per_param=2.0290 |  natural=0.0225 | clipped=0.0225(上限20.0)
26-17-18-04 原始规范坐标 G(Re Σrow_mean) = +24.5430 | 累计|g| = 12.7112
26-17-18-04 Ψ矩阵条件数 cond(Ψ) = 3.73e+01
26-17-18-04 Loss=-3.191890 | E0=-1.04251926+0.00033013j | E1=-0.95440825+0.00004458j|E2=-0.66255917-0.00002703j|E3=-0.53240334+0.00155374j
26-17-18-04 #-----------------------------------------#
26-17-18-04 [Step 156] logΨ: mean=2.500-0.776j | min=-2.447+0.697j | max=2.797+0.835j
26-17-18-04 梯度监控 | raw=94.2369 | per_param=2.8311 |  natural=0.0612 | clipped=0.0612(上限20.0)
26-17-18-04 原始规范坐标 G(Re Σrow_mean) = +24.2656 | 累计|g| = 12.7112
26-17-18-04 Ψ矩阵条件数 cond(Ψ) = 3.43e+01
26-17-18-04 Loss=-3.189549 | E0=-1.04043037+0.00030466j | E1=-0.95515439+0.00266650j|E2=-0.66403764-0.00014051j|E3=-0.52992632+0.00222869j
26-17-18-04 #-----------------------------------------#
26-17-18-04 [Step 157] logΨ: mean=2.561-0.991j | min=-2.081-0.453j | max=2.730+0.880j
26-17-18-04 梯度监控 | raw=51.1312 | per_param=1.5361 |  natural=0.0735 | clipped=0.0735(上限20.0)
26-17-18-04 原始规范坐标 G(Re Σrow_mean) = +24.3461 | 累计|g| = 12.7112
26-17-18-04 Ψ矩阵条件数 cond(Ψ) = 3.09e+01
26-17-18-04 Loss=-3.207312 | E0=-1.04637470-0.00003969j | E1=-0.95451339-0.00046840j|E2=-0.66433642+0.00020685j|E3=-0.54208791-0.00151553j
26-17-18-04 #-----------------------------------------#
26-17-18-04 [Step 158] logΨ: mean=2.254-0.948j | min=-3.935+0.985j | max=2.562+0.970j
26-17-18-04 梯度监控 | raw=108.5463 | per_param=3.2610 |  natural=0.0928 | clipped=0.0928(上限20.0)
26-17-18-04 原始规范坐标 G(Re Σrow_mean) = +24.0149 | 累计|g| = 12.7112
26-17-18-04 Ψ矩阵条件数 cond(Ψ) = 2.93e+01
26-17-18-04 Loss=-3.188030 | E0=-1.03967394+0.00066440j | E1=-0.95464000-0.00190319j|E2=-0.66381017-0.00064065j|E3=-0.52990561+0.00341695j
26-17-18-04 #-----------------------------------------#
26-17-18-04 [Step 159] logΨ: mean=2.418-0.715j | min=-3.035+1.165j | max=2.552+1.010j
26-17-18-04 梯度监控 | raw=41.3172 | per_param=1.2413 |  natural=0.0805 | clipped=0.0805(上限20.0)
26-17-18-04 原始规范坐标 G(Re Σrow_mean) = +24.1918 | 累计|g| = 12.7112
26-17-18-04 Ψ矩阵条件数 cond(Ψ) = 2.97e+01
26-17-18-04 Loss=-3.208813 | E0=-1.04520709-0.00019831j | E1=-0.95490951-0.00002471j|E2=-0.66356292+0.00019434j|E3=-0.54513310-0.00412342j
26-17-18-04 #-----------------------------------------#
26-17-18-04 [保存] Step 159 → pickle 文件已更新 (160 条记录)
26-17-18-04 [GaugeReset@160] 吸收 Δg = Σ Re(col_mean) = +24.1918 | 新|g| = 12.7812
26-17-18-04 [Step 160] logΨ: mean=2.184-0.683j | min=-4.212-1.938j | max=2.405+0.986j
26-17-18-04 梯度监控 | raw=45.0833 | per_param=1.3544 |  natural=0.0648 | clipped=0.0648(上限20.0)
26-17-18-04 原始规范坐标 G(Re Σrow_mean) = +24.1335 | 累计|g| = 12.7812
26-17-18-04 Ψ矩阵条件数 cond(Ψ) = 2.84e+01
26-17-18-04 Loss=-3.201042 | E0=-1.04215503+0.00033460j | E1=-0.95480474-0.00007505j|E2=-0.66362658-0.00017946j|E3=-0.54045578+0.00222868j
26-17-18-04 #-----------------------------------------#
26-17-18-04 [Step 161] logΨ: mean=2.113-0.714j | min=-3.305-2.245j | max=2.343+0.960j
26-17-18-04 梯度监控 | raw=30.2605 | per_param=0.9091 |  natural=0.0667 | clipped=0.0667(上限20.0)
26-17-18-04 原始规范坐标 G(Re Σrow_mean) = +24.0438 | 累计|g| = 12.7812
26-17-18-04 Ψ矩阵条件数 cond(Ψ) = 2.54e+01
26-17-18-04 Loss=-3.209784 | E0=-1.04398748+0.00012903j | E1=-0.95586225-0.00157693j|E2=-0.66376505-0.00080764j|E3=-0.54616901-0.00030362j
26-17-18-04 #-----------------------------------------#
26-17-18-04 [Step 162] logΨ: mean=2.075-0.627j | min=-2.767-1.252j | max=2.207+1.046j
26-17-18-04 梯度监控 | raw=30.0629 | per_param=0.9032 |  natural=0.0397 | clipped=0.0397(上限20.0)
26-17-18-04 原始规范坐标 G(Re Σrow_mean) = +24.1115 | 累计|g| = 12.7812
26-17-18-04 Ψ矩阵条件数 cond(Ψ) = 2.49e+01
26-17-18-04 Loss=-3.214419 | E0=-1.04626525-0.00024660j | E1=-0.95683794-0.00022021j|E2=-0.66487703+0.00030928j|E3=-0.54643883-0.00140999j
26-17-18-04 #-----------------------------------------#
26-17-18-04 [Step 163] logΨ: mean=2.098-0.548j | min=-3.492+1.031j | max=2.153+1.094j
26-17-18-04 梯度监控 | raw=4.6540 | per_param=0.1398 |  natural=0.0186 | clipped=0.0186(上限20.0)
26-17-18-04 原始规范坐标 G(Re Σrow_mean) = +24.1394 | 累计|g| = 12.7812
26-17-18-04 Ψ矩阵条件数 cond(Ψ) = 2.44e+01
26-17-18-04 Loss=-3.216261 | E0=-1.04683041-0.00041570j | E1=-0.95517990-0.00025289j|E2=-0.66349931-0.00052319j|E3=-0.55075119-0.00247788j
26-17-18-04 #-----------------------------------------#
26-17-18-04 [Step 164] logΨ: mean=2.114-0.670j | min=-3.056+2.351j | max=2.282+1.071j
26-17-18-04 梯度监控 | raw=22.9903 | per_param=0.6907 |  natural=0.0562 | clipped=0.0562(上限20.0)
26-17-18-04 原始规范坐标 G(Re Σrow_mean) = +24.1787 | 累计|g| = 12.7812
26-17-18-04 Ψ矩阵条件数 cond(Ψ) = 2.50e+01
26-17-18-04 Loss=-3.213093 | E0=-1.04593698+0.00011026j | E1=-0.95746004+0.00019402j|E2=-0.66322384-0.00077455j|E3=-0.54647245-0.00025338j
26-17-18-04 #-----------------------------------------#
26-17-18-04 [Step 165] logΨ: mean=1.978-0.620j | min=-3.531-2.139j | max=2.183+1.072j
26-17-18-04 梯度监控 | raw=58.4058 | per_param=1.7546 |  natural=0.0405 | clipped=0.0405(上限20.0)
26-17-18-04 原始规范坐标 G(Re Σrow_mean) = +24.0704 | 累计|g| = 12.7812
26-17-18-04 Ψ矩阵条件数 cond(Ψ) = 2.48e+01
26-17-18-04 Loss=-3.207157 | E0=-1.04400405-0.00008053j | E1=-0.95752935+0.00037938j|E2=-0.66406282-0.00012840j|E3=-0.54156067+0.00016506j
26-17-18-04 #-----------------------------------------#
26-17-18-04 [Step 166] logΨ: mean=2.023-0.714j | min=-3.546+1.050j | max=2.154+1.115j
26-17-18-04 梯度监控 | raw=43.7128 | per_param=1.3132 |  natural=0.0442 | clipped=0.0442(上限20.0)
26-17-18-04 原始规范坐标 G(Re Σrow_mean) = +24.1064 | 累计|g| = 12.7812
26-17-18-04 Ψ矩阵条件数 cond(Ψ) = 3.39e+01
26-17-18-04 Loss=-3.210245 | E0=-1.04597036-0.00019861j | E1=-0.95627542-0.00013555j|E2=-0.66336965-0.00014714j|E3=-0.54462934-0.00157331j
26-17-18-04 #-----------------------------------------#
26-17-18-04 [Step 167] logΨ: mean=1.806-0.373j | min=-2.905+1.354j | max=2.091+1.059j
26-17-18-04 梯度监控 | raw=55.4927 | per_param=1.6671 |  natural=0.0350 | clipped=0.0350(上限20.0)
26-17-18-04 原始规范坐标 G(Re Σrow_mean) = +23.8833 | 累计|g| = 12.7812
26-17-18-04 Ψ矩阵条件数 cond(Ψ) = 2.37e+01
26-17-18-04 Loss=-3.206823 | E0=-1.04309791+0.00063655j | E1=-0.95810849+0.00041790j|E2=-0.66247157+0.00019205j|E3=-0.54314461+0.00232695j
26-17-18-04 #-----------------------------------------#
26-17-18-04 [Step 168] logΨ: mean=1.857-0.629j | min=-4.119+2.053j | max=2.020+1.089j
26-17-18-04 梯度监控 | raw=44.9224 | per_param=1.3496 |  natural=0.0618 | clipped=0.0618(上限20.0)
26-17-18-04 原始规范坐标 G(Re Σrow_mean) = +23.9774 | 累计|g| = 12.7812
26-17-18-04 Ψ矩阵条件数 cond(Ψ) = 2.61e+01
26-17-18-04 Loss=-3.209596 | E0=-1.04626302-0.00003713j | E1=-0.95724040-0.00017793j|E2=-0.66312544+0.00004517j|E3=-0.54296729-0.00018876j
26-17-18-04 #-----------------------------------------#
26-17-18-04 [Step 169] logΨ: mean=1.833-0.895j | min=-2.345-1.372j | max=1.906+1.003j
26-17-18-04 梯度监控 | raw=13.2797 | per_param=0.3989 |  natural=0.0236 | clipped=0.0236(上限20.0)
26-17-18-04 原始规范坐标 G(Re Σrow_mean) = +24.0539 | 累计|g| = 12.7812
26-17-18-04 Ψ矩阵条件数 cond(Ψ) = 3.14e+01
26-17-18-04 Loss=-3.216580 | E0=-1.04665459-0.00029910j | E1=-0.95737072-0.00034238j|E2=-0.66309467-0.00026516j|E3=-0.54946022-0.00168683j
26-17-18-04 #-----------------------------------------#
26-17-18-04 [GaugeReset@170] 吸收 Δg = Σ Re(col_mean) = +24.0539 | 新|g| = 12.7061
26-17-18-04 [Step 170] logΨ: mean=2.004-1.074j | min=-3.590+1.028j | max=2.209+0.942j
26-17-18-04 梯度监控 | raw=21.5670 | per_param=0.6479 |  natural=0.0889 | clipped=0.0889(上限20.0)
26-17-18-04 原始规范坐标 G(Re Σrow_mean) = +23.9599 | 累计|g| = 12.7061
26-17-18-04 Ψ矩阵条件数 cond(Ψ) = 2.49e+01
26-17-18-04 Loss=-3.217699 | E0=-1.04682006-0.00052288j | E1=-0.95847020-0.00079262j|E2=-0.66465140+0.00075294j|E3=-0.54775767-0.00201464j
26-17-18-04 #-----------------------------------------#
26-17-18-04 [Step 171] logΨ: mean=2.155-0.168j | min=-6.338+1.166j | max=2.325+1.691j
26-17-18-04 梯度监控 | raw=25.1487 | per_param=0.7555 |  natural=0.2669 | clipped=0.2669(上限20.0)
26-17-18-04 原始规范坐标 G(Re Σrow_mean) = +23.9461 | 累计|g| = 12.7061
26-17-18-04 Ψ矩阵条件数 cond(Ψ) = 1.89e+01
26-17-18-04 Loss=-3.211983 | E0=-1.04675474-0.00005455j | E1=-0.95690887+0.00035800j|E2=-0.66260404+0.00247927j|E3=-0.54571513-0.00100259j
26-17-18-04 #-----------------------------------------#
26-17-18-04 [Step 172] logΨ: mean=2.094-0.242j | min=-3.307-1.753j | max=2.238+1.678j
26-17-18-04 梯度监控 | raw=49.7967 | per_param=1.4960 |  natural=0.0357 | clipped=0.0357(上限20.0)
26-17-18-04 原始规范坐标 G(Re Σrow_mean) = +23.9093 | 累计|g| = 12.7061
26-17-18-04 Ψ矩阵条件数 cond(Ψ) = 3.25e+01
26-17-18-04 Loss=-3.203190 | E0=-1.04403877-0.00034171j | E1=-0.95546722+0.00147750j|E2=-0.66452524+0.00080453j|E3=-0.53915915-0.00064149j
26-17-18-04 #-----------------------------------------#
26-17-18-04 [Step 173] logΨ: mean=2.112-0.742j | min=-3.920+1.490j | max=2.257+1.598j
26-17-18-04 梯度监控 | raw=44.1471 | per_param=1.3263 |  natural=0.0923 | clipped=0.0923(上限20.0)
26-17-18-04 原始规范坐标 G(Re Σrow_mean) = +23.9327 | 累计|g| = 12.7061
26-17-18-04 Ψ矩阵条件数 cond(Ψ) = 1.88e+01
26-17-18-04 Loss=-3.207564 | E0=-1.04575415-0.00030687j | E1=-0.95651106-0.00050933j|E2=-0.66482457-0.00077248j|E3=-0.54047404-0.00103078j
26-17-18-04 #-----------------------------------------#
26-17-18-04 [Step 174] logΨ: mean=2.136-0.406j | min=-2.562-0.195j | max=2.299+1.526j
26-17-18-04 梯度监控 | raw=53.6012 | per_param=1.6103 |  natural=0.0711 | clipped=0.0711(上限20.0)
26-17-18-04 原始规范坐标 G(Re Σrow_mean) = +23.9762 | 累计|g| = 12.7061
26-17-18-04 Ψ矩阵条件数 cond(Ψ) = 1.99e+01
26-17-18-04 Loss=-3.201381 | E0=-1.04510907+0.00003068j | E1=-0.95596080+0.00107497j|E2=-0.66376513-0.00004030j|E3=-0.53654561-0.00175061j
26-17-18-04 #-----------------------------------------#
26-17-18-04 [Step 175] logΨ: mean=1.998+0.104j | min=-5.423-2.345j | max=2.223+1.891j
26-17-18-04 梯度监控 | raw=70.6735 | per_param=2.1232 |  natural=0.3284 | clipped=0.3284(上限20.0)
26-17-18-04 原始规范坐标 G(Re Σrow_mean) = +23.9308 | 累计|g| = 12.7061
26-17-18-04 Ψ矩阵条件数 cond(Ψ) = 1.85e+01
26-17-18-04 Loss=-3.193915 | E0=-1.04186123+0.00013532j | E1=-0.95549867+0.00084328j|E2=-0.66409643+0.00274941j|E3=-0.53245901-0.00066819j
26-17-18-04 #-----------------------------------------#
26-17-18-04 [Step 176] logΨ: mean=2.416+0.914j | min=-3.230+0.502j | max=2.662+2.484j
26-17-18-04 梯度监控 | raw=67.2932 | per_param=2.0216 |  natural=0.2396 | clipped=0.2396(上限20.0)
26-17-18-04 原始规范坐标 G(Re Σrow_mean) = +24.1887 | 累计|g| = 12.7061
26-17-18-04 Ψ矩阵条件数 cond(Ψ) = 1.79e+01
26-17-18-04 Loss=-3.193896 | E0=-1.04313470+0.00047013j | E1=-0.95393576-0.00133800j|E2=-0.66360172+0.00134910j|E3=-0.53322425+0.00089348j
26-17-18-04 #-----------------------------------------#
26-17-18-04 [Step 177] logΨ: mean=2.442+1.053j | min=-3.449-1.382j | max=2.595+2.506j
26-17-18-04 梯度监控 | raw=27.7054 | per_param=0.8323 |  natural=0.0353 | clipped=0.0353(上限20.0)
26-17-18-04 原始规范坐标 G(Re Σrow_mean) = +24.2033 | 累计|g| = 12.7061
26-17-18-04 Ψ矩阵条件数 cond(Ψ) = 1.80e+01
26-17-18-04 Loss=-3.209911 | E0=-1.04582483-0.00009415j | E1=-0.95738226+0.00022972j|E2=-0.66361866+0.00050007j|E3=-0.54308475+0.00082415j
26-17-18-04 #-----------------------------------------#
26-17-18-04 [Step 178] logΨ: mean=2.410+1.086j | min=-3.707+0.269j | max=2.610+2.410j
26-17-18-04 梯度监控 | raw=26.2122 | per_param=0.7875 |  natural=0.0463 | clipped=0.0463(上限20.0)
26-17-18-04 原始规范坐标 G(Re Σrow_mean) = +24.1881 | 累计|g| = 12.7061
26-17-18-04 Ψ矩阵条件数 cond(Ψ) = 1.81e+01
26-17-18-04 Loss=-3.211738 | E0=-1.04656154-0.00024984j | E1=-0.95960992-0.00170118j|E2=-0.66271477+0.00060515j|E3=-0.54285201-0.00006604j
26-17-18-04 #-----------------------------------------#
26-17-18-04 [Step 179] logΨ: mean=2.470+1.290j | min=-3.070+0.475j | max=2.639+2.429j
26-17-18-04 梯度监控 | raw=29.0676 | per_param=0.8733 |  natural=0.0582 | clipped=0.0582(上限20.0)
26-17-18-04 原始规范坐标 G(Re Σrow_mean) = +24.2945 | 累计|g| = 12.7061
26-17-18-04 Ψ矩阵条件数 cond(Ψ) = 1.87e+01
26-17-18-04 Loss=-3.208550 | E0=-1.04479172-0.00005481j | E1=-0.95708201+0.00015519j|E2=-0.66170071+0.00022484j|E3=-0.54497571+0.00046443j
26-17-18-04 #-----------------------------------------#
26-17-18-04 [保存] Step 179 → pickle 文件已更新 (180 条记录)
26-17-18-04 [GaugeReset@180] 吸收 Δg = Σ Re(col_mean) = +24.2945 | 新|g| = 12.7873
26-17-18-04 [Step 180] logΨ: mean=2.289+0.685j | min=-3.181+1.648j | max=2.410+1.733j
26-17-18-04 梯度监控 | raw=19.9239 | per_param=0.5986 |  natural=0.0662 | clipped=0.0662(上限20.0)
26-17-18-04 原始规范坐标 G(Re Σrow_mean) = +24.3682 | 累计|g| = 12.7873
26-17-18-04 Ψ矩阵条件数 cond(Ψ) = 2.66e+01
26-17-18-04 Loss=-3.211657 | E0=-1.04478034+0.00003162j | E1=-0.95597052+0.00046287j|E2=-0.66371837+0.00038389j|E3=-0.54718745+0.00002441j
26-17-18-04 #-----------------------------------------#
26-17-18-04 [Step 181] logΨ: mean=2.071+0.486j | min=-4.626+2.277j | max=2.357+1.782j
26-17-18-04 梯度监控 | raw=34.9225 | per_param=1.0491 |  natural=0.0703 | clipped=0.0703(上限20.0)
26-17-18-04 原始规范坐标 G(Re Σrow_mean) = +24.1247 | 累计|g| = 12.7873
26-17-18-04 Ψ矩阵条件数 cond(Ψ) = 2.64e+01
26-17-18-04 Loss=-3.209848 | E0=-1.04389616+0.00005770j | E1=-0.95657573-0.00131607j|E2=-0.66307318+0.00039513j|E3=-0.54630263+0.00013842j
26-17-18-04 #-----------------------------------------#
26-17-18-04 [Step 182] logΨ: mean=2.101+0.145j | min=-3.483-1.339j | max=2.209+1.729j
26-17-18-04 梯度监控 | raw=15.8970 | per_param=0.4776 |  natural=0.0372 | clipped=0.0372(上限20.0)
26-17-18-04 原始规范坐标 G(Re Σrow_mean) = +24.2099 | 累计|g| = 12.7873
26-17-18-04 Ψ矩阵条件数 cond(Ψ) = 2.58e+01
26-17-18-04 Loss=-3.213279 | E0=-1.04602120-0.00010505j | E1=-0.95660411-0.00007509j|E2=-0.66403361-0.00005935j|E3=-0.54661993+0.00016409j
26-17-18-04 #-----------------------------------------#
26-17-18-04 [Step 183] logΨ: mean=1.677+0.018j | min=-4.627-1.349j | max=1.864+1.872j
26-17-18-04 梯度监控 | raw=11.7826 | per_param=0.3540 |  natural=0.2182 | clipped=0.2182(上限20.0)
26-17-18-04 原始规范坐标 G(Re Σrow_mean) = +23.7988 | 累计|g| = 12.7873
26-17-18-04 Ψ矩阵条件数 cond(Ψ) = 2.62e+01
26-17-18-04 Loss=-3.215112 | E0=-1.04276684+0.00011176j | E1=-0.95615094+0.00008168j|E2=-0.66392544+0.00193594j|E3=-0.55226893-0.00005743j
26-17-18-04 #-----------------------------------------#
26-17-18-04 [Step 184] logΨ: mean=1.796-0.122j | min=-2.999+1.730j | max=1.962+1.795j
26-17-18-04 梯度监控 | raw=10.9905 | per_param=0.3302 |  natural=0.0589 | clipped=0.0589(上限20.0)
26-17-18-04 原始规范坐标 G(Re Σrow_mean) = +23.9225 | 累计|g| = 12.7873
26-17-18-04 Ψ矩阵条件数 cond(Ψ) = 2.60e+01
26-17-18-04 Loss=-3.212750 | E0=-1.04524113-0.00004083j | E1=-0.95613783+0.00070636j|E2=-0.66324744-0.00053001j|E3=-0.54812365+0.00073785j
26-17-18-04 #-----------------------------------------#
26-17-18-04 [Step 185] logΨ: mean=1.847-0.091j | min=-3.540-1.516j | max=2.015+1.794j
26-17-18-04 梯度监控 | raw=12.0560 | per_param=0.3622 |  natural=0.0501 | clipped=0.0501(上限20.0)
26-17-18-04 原始规范坐标 G(Re Σrow_mean) = +23.9543 | 累计|g| = 12.7873
26-17-18-04 Ψ矩阵条件数 cond(Ψ) = 2.70e+01
26-17-18-04 Loss=-3.213213 | E0=-1.04703744-0.00000109j | E1=-0.95772982+0.00049313j|E2=-0.66396841+0.00009750j|E3=-0.54447686-0.00060705j
26-17-18-04 #-----------------------------------------#
26-17-18-04 [Step 186] logΨ: mean=1.851-0.087j | min=-3.561+1.613j | max=2.033+1.825j
26-17-18-04 梯度监控 | raw=34.8647 | per_param=1.0474 |  natural=0.0665 | clipped=0.0665(上限20.0)
26-17-18-04 原始规范坐标 G(Re Σrow_mean) = +23.9276 | 累计|g| = 12.7873
26-17-18-04 Ψ矩阵条件数 cond(Ψ) = 2.59e+01
26-17-18-04 Loss=-3.211816 | E0=-1.04478044+0.00009266j | E1=-0.95774372+0.00014875j|E2=-0.66433917-0.00132384j|E3=-0.54495312+0.00041128j
26-17-18-04 #-----------------------------------------#
26-17-18-04 [Step 187] logΨ: mean=1.893+0.512j | min=-3.421-1.520j | max=2.065+1.771j
26-17-18-04 梯度监控 | raw=20.9019 | per_param=0.6279 |  natural=0.0441 | clipped=0.0441(上限20.0)
26-17-18-04 原始规范坐标 G(Re Σrow_mean) = +23.9746 | 累计|g| = 12.7873
26-17-18-04 Ψ矩阵条件数 cond(Ψ) = 2.55e+01
26-17-18-04 Loss=-3.212432 | E0=-1.04490545-0.00000415j | E1=-0.95731682+0.00012082j|E2=-0.66394340-0.00052012j|E3=-0.54626665-0.00002515j
26-17-18-04 #-----------------------------------------#
26-17-18-04 [Step 188] logΨ: mean=2.072+0.754j | min=-2.729+2.822j | max=2.239+1.797j
26-17-18-04 梯度监控 | raw=8.3244 | per_param=0.2501 |  natural=0.0398 | clipped=0.0398(上限20.0)
26-17-18-04 原始规范坐标 G(Re Σrow_mean) = +24.1209 | 累计|g| = 12.7873
26-17-18-04 Ψ矩阵条件数 cond(Ψ) = 2.61e+01
26-17-18-04 Loss=-3.215441 | E0=-1.04513130+0.00004834j | E1=-0.95683691+0.00056156j|E2=-0.66329115-0.00048336j|E3=-0.55018192+0.00103958j
26-17-18-04 #-----------------------------------------#
26-17-18-04 [Step 189] logΨ: mean=2.071+1.061j | min=-4.470-0.110j | max=2.231+1.867j
26-17-18-04 梯度监控 | raw=7.6734 | per_param=0.2305 |  natural=0.0611 | clipped=0.0611(上限20.0)
26-17-18-04 原始规范坐标 G(Re Σrow_mean) = +24.1651 | 累计|g| = 12.7873
26-17-18-04 Ψ矩阵条件数 cond(Ψ) = 2.70e+01
26-17-18-04 Loss=-3.214341 | E0=-1.04651382-0.00006545j | E1=-0.95748399-0.00052499j|E2=-0.66388388-0.00010319j|E3=-0.54645888-0.00036443j
26-17-18-04 #-----------------------------------------#
26-17-18-04 [GaugeReset@190] 吸收 Δg = Σ Re(col_mean) = +24.1651 | 新|g| = 12.7143
26-17-18-04 [Step 190] logΨ: mean=2.158+0.357j | min=-2.196+0.135j | max=2.320+1.601j
26-17-18-04 梯度监控 | raw=10.4634 | per_param=0.3143 |  natural=0.0311 | clipped=0.0311(上限20.0)
26-17-18-04 原始规范坐标 G(Re Σrow_mean) = +24.1831 | 累计|g| = 12.7143
26-17-18-04 Ψ矩阵条件数 cond(Ψ) = 2.88e+01
26-17-18-04 Loss=-3.214371 | E0=-1.04653930+0.00012869j | E1=-0.95594458+0.00056961j|E2=-0.66355195+0.00029578j|E3=-0.54833510+0.00076135j
26-17-18-04 #-----------------------------------------#
26-17-18-04 [Step 191] logΨ: mean=2.331+0.157j | min=-4.803+0.896j | max=2.545+1.519j
26-17-18-04 梯度监控 | raw=20.9205 | per_param=0.6285 |  natural=0.0660 | clipped=0.0660(上限20.0)
26-17-18-04 原始规范坐标 G(Re Σrow_mean) = +24.3169 | 累计|g| = 12.7143
26-17-18-04 Ψ矩阵条件数 cond(Ψ) = 2.94e+01
26-17-18-04 Loss=-3.213594 | E0=-1.04289436+0.00004479j | E1=-0.95684446+0.00015583j|E2=-0.66238822-0.00001462j|E3=-0.55146647+0.00036939j
26-17-18-04 #-----------------------------------------#
26-17-18-04 [Step 192] logΨ: mean=2.661+0.165j | min=-3.939-2.962j | max=2.908+1.559j
26-17-18-04 梯度监控 | raw=22.3707 | per_param=0.6721 |  natural=0.0867 | clipped=0.0867(上限20.0)
26-17-18-04 原始规范坐标 G(Re Σrow_mean) = +24.6120 | 累计|g| = 12.7143
26-17-18-04 Ψ矩阵条件数 cond(Ψ) = 3.06e+01
26-17-18-04 Loss=-3.211352 | E0=-1.04318506+0.00001833j | E1=-0.95593480+0.00006158j|E2=-0.66195024+0.00005490j|E3=-0.55028239+0.00010044j
26-17-18-04 #-----------------------------------------#
26-17-18-04 [Step 193] logΨ: mean=2.676-0.029j | min=-1.368-1.208j | max=2.839+1.458j
26-17-18-04 梯度监控 | raw=8.1333 | per_param=0.2443 |  natural=0.0390 | clipped=0.0390(上限20.0)
26-17-18-04 原始规范坐标 G(Re Σrow_mean) = +24.6955 | 累计|g| = 12.7143
26-17-18-04 Ψ矩阵条件数 cond(Ψ) = 3.26e+01
26-17-18-04 Loss=-3.216483 | E0=-1.04697031-0.00007684j | E1=-0.95784859-0.00070933j|E2=-0.66371884-0.00011337j|E3=-0.54794561-0.00003700j
26-17-18-04 #-----------------------------------------#
26-17-18-04 [Step 194] logΨ: mean=2.812-0.044j | min=-5.346+1.474j | max=2.972+1.498j
26-17-18-04 梯度监控 | raw=14.4931 | per_param=0.4354 |  natural=0.0561 | clipped=0.0561(上限20.0)
26-17-18-04 原始规范坐标 G(Re Σrow_mean) = +24.8729 | 累计|g| = 12.7143
26-17-18-04 Ψ矩阵条件数 cond(Ψ) = 3.40e+01
26-17-18-04 Loss=-3.212192 | E0=-1.04483688-0.00010419j | E1=-0.95669092+0.00002848j|E2=-0.66224646+0.00044104j|E3=-0.54841819-0.00097365j
26-17-18-04 #-----------------------------------------#
26-17-18-04 [Step 195] logΨ: mean=2.914+0.144j | min=-2.797-1.501j | max=3.167+1.582j
26-17-18-04 梯度监控 | raw=38.8836 | per_param=1.1681 |  natural=0.0554 | clipped=0.0554(上限20.0)
26-17-18-04 原始规范坐标 G(Re Σrow_mean) = +24.9316 | 累计|g| = 12.7143
26-17-18-04 Ψ矩阵条件数 cond(Ψ) = 3.42e+01
26-17-18-04 Loss=-3.211652 | E0=-1.04353071-0.00004020j | E1=-0.95739803-0.00002761j|E2=-0.66217834+0.00003402j|E3=-0.54854450-0.00028459j
26-17-18-04 #-----------------------------------------#
26-17-18-04 [Step 196] logΨ: mean=3.240+0.204j | min=-3.053-0.860j | max=3.368+1.683j
26-17-18-04 梯度监控 | raw=27.4116 | per_param=0.8235 |  natural=0.0644 | clipped=0.0644(上限20.0)
26-17-18-04 原始规范坐标 G(Re Σrow_mean) = +25.3156 | 累计|g| = 12.7143
26-17-18-04 Ψ矩阵条件数 cond(Ψ) = 3.61e+01
26-17-18-04 Loss=-3.213796 | E0=-1.04704982+0.00006516j | E1=-0.95598288-0.00006374j|E2=-0.66257977+0.00053949j|E3=-0.54818379+0.00059605j
26-17-18-04 #-----------------------------------------#
26-17-18-04 [Step 197] logΨ: mean=3.121+0.088j | min=-2.875-1.599j | max=3.290+1.669j
26-17-18-04 梯度监控 | raw=47.3014 | per_param=1.4210 |  natural=0.0456 | clipped=0.0456(上限20.0)
26-17-18-04 原始规范坐标 G(Re Σrow_mean) = +25.2262 | 累计|g| = 12.7143
26-17-18-04 Ψ矩阵条件数 cond(Ψ) = 3.58e+01
26-17-18-04 Loss=-3.212920 | E0=-1.04493517-0.00011107j | E1=-0.95744576+0.00007219j|E2=-0.66387900+0.00012697j|E3=-0.54665971-0.00055521j
26-17-18-04 #-----------------------------------------#
26-17-18-05 [Step 198] logΨ: mean=3.224+0.005j | min=-2.163-1.543j | max=3.303+1.632j
26-17-18-05 梯度监控 | raw=4.0295 | per_param=0.1211 |  natural=0.0287 | clipped=0.0287(上限20.0)
26-17-18-05 原始规范坐标 G(Re Σrow_mean) = +25.2914 | 累计|g| = 12.7143
26-17-18-05 Ψ矩阵条件数 cond(Ψ) = 3.60e+01
26-17-18-05 Loss=-3.218154 | E0=-1.04828460+0.00012565j | E1=-0.95732844+0.00039849j|E2=-0.66385647+0.00016518j|E3=-0.54868400+0.00073732j
26-17-18-05 #-----------------------------------------#
26-17-18-05 [Step 199] logΨ: mean=3.177+0.153j | min=-3.288-0.424j | max=3.324+1.540j
26-17-18-05 梯度监控 | raw=18.1935 | per_param=0.5466 |  natural=0.0173 | clipped=0.0173(上限20.0)
26-17-18-05 原始规范坐标 G(Re Σrow_mean) = +25.2050 | 累计|g| = 12.7143
26-17-18-05 Ψ矩阵条件数 cond(Ψ) = 3.54e+01
26-17-18-05 Loss=-3.217830 | E0=-1.04852236-0.00003125j | E1=-0.95757229+0.00017392j|E2=-0.66343918+0.00017985j|E3=-0.54829606-0.00006252j
26-17-18-05 #-----------------------------------------#
26-17-18-05 [保存] Step 199 → pickle 文件已更新 (200 条记录)
26-17-18-05 [GaugeReset@200] 吸收 Δg = Σ Re(col_mean) = +25.2050 | 新|g| = 13.1732
26-17-18-05 [Step 200] logΨ: mean=1.964+1.289j | min=-3.408-0.821j | max=2.163+2.330j
26-17-18-05 梯度监控 | raw=30.2235 | per_param=0.9080 |  natural=0.2145 | clipped=0.2145(上限20.0)
26-17-18-05 原始规范坐标 G(Re Σrow_mean) = +25.0883 | 累计|g| = 13.1732
26-17-18-05 Ψ矩阵条件数 cond(Ψ) = 2.62e+01
26-17-18-05 Loss=-3.215223 | E0=-1.04514611-0.00000144j | E1=-0.95714608-0.00117788j|E2=-0.66388202+0.00230768j|E3=-0.54904860+0.00082504j
26-17-18-05 #-----------------------------------------#
26-17-18-05 [Step 201] logΨ: mean=2.209+1.128j | min=-2.972+2.302j | max=2.344+2.356j
26-17-18-05 梯度监控 | raw=69.3738 | per_param=2.0841 |  natural=0.0514 | clipped=0.0514(上限20.0)
26-17-18-05 原始规范坐标 G(Re Σrow_mean) = +25.3153 | 累计|g| = 13.1732
26-17-18-05 Ψ矩阵条件数 cond(Ψ) = 2.66e+01
26-17-18-05 Loss=-3.212672 | E0=-1.04422078-0.00003802j | E1=-0.95747952+0.00085141j|E2=-0.66326491+0.00042965j|E3=-0.54770706+0.00022106j
26-17-18-05 #-----------------------------------------#
26-17-18-05 [Step 202] logΨ: mean=2.175+1.347j | min=-1.832-1.767j | max=2.289+2.218j
26-17-18-05 梯度监控 | raw=9.1940 | per_param=0.2762 |  natural=0.0226 | clipped=0.0226(上限20.0)
26-17-18-05 原始规范坐标 G(Re Σrow_mean) = +25.2833 | 累计|g| = 13.1732
26-17-18-05 Ψ矩阵条件数 cond(Ψ) = 2.77e+01
26-17-18-05 Loss=-3.220023 | E0=-1.04805425+0.00011636j | E1=-0.95829887-0.00024570j|E2=-0.66458531-0.00052009j|E3=-0.54908478+0.00006090j
26-17-18-05 #-----------------------------------------#
26-17-18-05 [Step 203] logΨ: mean=2.261+1.340j | min=-3.240-1.045j | max=2.341+2.155j
26-17-18-05 梯度监控 | raw=31.7312 | per_param=0.9533 |  natural=0.0364 | clipped=0.0364(上限20.0)
26-17-18-05 原始规范坐标 G(Re Σrow_mean) = +25.3428 | 累计|g| = 13.1732
26-17-18-05 Ψ矩阵条件数 cond(Ψ) = 2.77e+01
26-17-18-05 Loss=-3.216734 | E0=-1.04760258-0.00008113j | E1=-0.95719866+0.00086907j|E2=-0.66340754-0.00020483j|E3=-0.54852540+0.00001304j
26-17-18-05 #-----------------------------------------#
26-17-18-05 [Step 204] logΨ: mean=2.398+1.307j | min=-3.662+1.762j | max=2.553+2.133j
26-17-18-05 梯度监控 | raw=15.9860 | per_param=0.4803 |  natural=0.0433 | clipped=0.0433(上限20.0)
26-17-18-05 原始规范坐标 G(Re Σrow_mean) = +25.3402 | 累计|g| = 13.1732
26-17-18-05 Ψ矩阵条件数 cond(Ψ) = 2.65e+01
26-17-18-05 Loss=-3.214863 | E0=-1.04457215+0.00004510j | E1=-0.95646439+0.00076626j|E2=-0.66340677-0.00011791j|E3=-0.55041963+0.00016769j
26-17-18-05 #-----------------------------------------#
26-17-18-05 [Step 205] logΨ: mean=2.278+1.022j | min=-2.297-0.776j | max=2.477+2.076j
26-17-18-05 梯度监控 | raw=13.3428 | per_param=0.4008 |  natural=0.0260 | clipped=0.0260(上限20.0)
26-17-18-05 原始规范坐标 G(Re Σrow_mean) = +25.2431 | 累计|g| = 13.1732
26-17-18-05 Ψ矩阵条件数 cond(Ψ) = 2.69e+01
26-17-18-05 Loss=-3.215571 | E0=-1.04398558+0.00007596j | E1=-0.95768803+0.00012806j|E2=-0.66312199+0.00007340j|E3=-0.55077582+0.00093182j
26-17-18-05 #-----------------------------------------#
26-17-18-05 [Step 206] logΨ: mean=2.303+1.123j | min=-2.018-2.154j | max=2.411+2.070j
26-17-18-05 梯度监控 | raw=4.9317 | per_param=0.1482 |  natural=0.0135 | clipped=0.0135(上限20.0)
26-17-18-05 原始规范坐标 G(Re Σrow_mean) = +25.3451 | 累计|g| = 13.1732
26-17-18-05 Ψ矩阵条件数 cond(Ψ) = 2.73e+01
26-17-18-05 Loss=-3.214950 | E0=-1.04624470-0.00006221j | E1=-0.95686093+0.00030675j|E2=-0.66284178+0.00019965j|E3=-0.54900296+0.00024381j
26-17-18-05 #-----------------------------------------#
26-17-18-05 [Step 207] logΨ: mean=2.605+1.425j | min=-3.485+2.641j | max=2.685+2.276j
26-17-18-05 梯度监控 | raw=22.1722 | per_param=0.6661 |  natural=0.0790 | clipped=0.0790(上限20.0)
26-17-18-05 原始规范坐标 G(Re Σrow_mean) = +25.5901 | 累计|g| = 13.1732
26-17-18-05 Ψ矩阵条件数 cond(Ψ) = 2.65e+01
26-17-18-05 Loss=-3.214759 | E0=-1.04625068-0.00019561j | E1=-0.95603502+0.00074437j|E2=-0.66479803-0.00008570j|E3=-0.54767559-0.00000728j
26-17-18-05 #-----------------------------------------#
26-17-18-05 [Step 208] logΨ: mean=2.463+1.691j | min=-3.506-0.927j | max=2.581+2.317j
26-17-18-05 梯度监控 | raw=25.9543 | per_param=0.7797 |  natural=0.0436 | clipped=0.0436(上限20.0)
26-17-18-05 原始规范坐标 G(Re Σrow_mean) = +25.4685 | 累计|g| = 13.1732
26-17-18-05 Ψ矩阵条件数 cond(Ψ) = 2.57e+01
26-17-18-05 Loss=-3.212734 | E0=-1.04564211+0.00000188j | E1=-0.95700740+0.00053650j|E2=-0.66282751-0.00044575j|E3=-0.54725694-0.00038158j
26-17-18-05 #-----------------------------------------#
26-17-18-05 [Step 209] logΨ: mean=2.313+1.645j | min=-2.532+3.102j | max=2.603+2.373j
26-17-18-05 梯度监控 | raw=36.2816 | per_param=1.0900 |  natural=0.0578 | clipped=0.0578(上限20.0)
26-17-18-05 原始规范坐标 G(Re Σrow_mean) = +25.2772 | 累计|g| = 13.1732
26-17-18-05 Ψ矩阵条件数 cond(Ψ) = 2.56e+01
26-17-18-05 Loss=-3.210116 | E0=-1.04301774-0.00002457j | E1=-0.95851405-0.00066864j|E2=-0.66321865-0.00059164j|E3=-0.54536550+0.00052378j
26-17-18-05 #-----------------------------------------#
26-17-18-05 [GaugeReset@210] 吸收 Δg = Σ Re(col_mean) = +25.2772 | 新|g| = 13.2250
26-17-18-05 [Step 210] logΨ: mean=1.926+1.218j | min=-4.189-2.763j | max=2.522+1.984j
26-17-18-05 梯度监控 | raw=97.7399 | per_param=2.9363 |  natural=0.0706 | clipped=0.0706(上限20.0)
26-17-18-05 原始规范坐标 G(Re Σrow_mean) = +24.9641 | 累计|g| = 13.2250
26-17-18-05 Ψ矩阵条件数 cond(Ψ) = 2.86e+01
26-17-18-05 Loss=-3.193029 | E0=-1.03354729-0.00010600j | E1=-0.95840911-0.00211864j|E2=-0.66278026-0.00019308j|E3=-0.53829184+0.00047962j
26-17-18-05 #-----------------------------------------#
26-17-18-05 [Step 211] logΨ: mean=2.650+0.808j | min=-3.032+1.969j | max=2.800+1.943j
26-17-18-05 梯度监控 | raw=35.5804 | per_param=1.0689 |  natural=0.0591 | clipped=0.0591(上限20.0)
26-17-18-05 原始规范坐标 G(Re Σrow_mean) = +25.6237 | 累计|g| = 13.2250
26-17-18-05 Ψ矩阵条件数 cond(Ψ) = 3.08e+01
26-17-18-05 Loss=-3.213708 | E0=-1.04401215+0.00007124j | E1=-0.95725998-0.00010971j|E2=-0.66311728+0.00030510j|E3=-0.54931889+0.00067728j
26-17-18-05 #-----------------------------------------#
26-17-18-05 [Step 212] logΨ: mean=2.684+0.952j | min=-2.127+1.868j | max=2.768+1.913j
26-17-18-05 梯度监控 | raw=15.8245 | per_param=0.4754 |  natural=0.0143 | clipped=0.0143(上限20.0)
26-17-18-05 原始规范坐标 G(Re Σrow_mean) = +25.7122 | 累计|g| = 13.2250
26-17-18-05 Ψ矩阵条件数 cond(Ψ) = 3.15e+01
26-17-18-05 Loss=-3.214634 | E0=-1.04576853-0.00007849j | E1=-0.95700018+0.00023036j|E2=-0.66340922-0.00019046j|E3=-0.54845585-0.00054335j
26-17-18-05 #-----------------------------------------#
26-17-18-05 [Step 213] logΨ: mean=2.795+1.353j | min=-5.331-0.856j | max=3.003+2.212j
26-17-18-05 梯度监控 | raw=45.9876 | per_param=1.3816 |  natural=0.0716 | clipped=0.0716(上限20.0)
26-17-18-05 原始规范坐标 G(Re Σrow_mean) = +25.7377 | 累计|g| = 13.2250
26-17-18-05 Ψ矩阵条件数 cond(Ψ) = 3.11e+01
26-17-18-05 Loss=-3.208408 | E0=-1.04173718+0.00002558j | E1=-0.95640390-0.00032244j|E2=-0.66178769+0.00020456j|E3=-0.54847930+0.00060298j
26-17-18-05 #-----------------------------------------#
26-17-18-05 [Step 214] logΨ: mean=2.589+1.095j | min=-2.802+1.904j | max=2.902+2.222j
26-17-18-05 梯度监控 | raw=45.7545 | per_param=1.3746 |  natural=0.0425 | clipped=0.0425(上限20.0)
26-17-18-05 原始规范坐标 G(Re Σrow_mean) = +25.4948 | 累计|g| = 13.2250
26-17-18-05 Ψ矩阵条件数 cond(Ψ) = 2.88e+01
26-17-18-05 Loss=-3.205831 | E0=-1.04142466+0.00003141j | E1=-0.95746315-0.00007734j|E2=-0.66390480-0.00031146j|E3=-0.54303888+0.00082656j
26-17-18-05 #-----------------------------------------#
26-17-18-05 [Step 215] logΨ: mean=2.617+0.685j | min=-4.216+0.233j | max=2.875+2.302j
26-17-18-05 梯度监控 | raw=33.8907 | per_param=1.0181 |  natural=0.0381 | clipped=0.0381(上限20.0)
26-17-18-05 原始规范坐标 G(Re Σrow_mean) = +25.5429 | 累计|g| = 13.2250
26-17-18-05 Ψ矩阵条件数 cond(Ψ) = 2.90e+01
26-17-18-05 Loss=-3.209651 | E0=-1.04418855-0.00007280j | E1=-0.95688051-0.00157396j|E2=-0.66415658+0.00041399j|E3=-0.54442547-0.00022426j
26-17-18-05 #-----------------------------------------#
26-17-18-05 [Step 216] logΨ: mean=2.589+0.733j | min=-2.039-0.891j | max=2.789+2.249j
26-17-18-05 梯度监控 | raw=22.7855 | per_param=0.6845 |  natural=0.0284 | clipped=0.0284(上限20.0)
26-17-18-05 原始规范坐标 G(Re Σrow_mean) = +25.4942 | 累计|g| = 13.2250
26-17-18-05 Ψ矩阵条件数 cond(Ψ) = 2.83e+01
26-17-18-05 Loss=-3.216841 | E0=-1.04671158+0.00003425j | E1=-0.95811986-0.00020036j|E2=-0.66432009-0.00013928j|E3=-0.54768954+0.00042399j
26-17-18-05 #-----------------------------------------#
26-17-18-05 [Step 217] logΨ: mean=2.725+0.771j | min=-1.191+2.936j | max=2.832+2.343j
26-17-18-05 梯度监控 | raw=15.1384 | per_param=0.4548 |  natural=0.0234 | clipped=0.0234(上限20.0)
26-17-18-05 原始规范坐标 G(Re Σrow_mean) = +25.6550 | 累计|g| = 13.2250
26-17-18-05 Ψ矩阵条件数 cond(Ψ) = 2.86e+01
26-17-18-05 Loss=-3.214668 | E0=-1.04298099-0.00008137j | E1=-0.95721922+0.00009967j|E2=-0.66342204-0.00031657j|E3=-0.55104600-0.00002839j
26-17-18-05 #-----------------------------------------#
26-17-18-05 [Step 218] logΨ: mean=2.530+0.851j | min=-2.949-0.750j | max=2.782+2.372j
26-17-18-05 梯度监控 | raw=59.4733 | per_param=1.7867 |  natural=0.0524 | clipped=0.0524(上限20.0)
26-17-18-05 原始规范坐标 G(Re Σrow_mean) = +25.4672 | 累计|g| = 13.2250
26-17-18-05 Ψ矩阵条件数 cond(Ψ) = 2.85e+01
26-17-18-05 Loss=-3.212681 | E0=-1.04345157-0.00002045j | E1=-0.95891094+0.00049717j|E2=-0.66649488-0.00086580j|E3=-0.54382312+0.00049486j
26-17-18-05 #-----------------------------------------#
26-17-18-05 [Step 219] logΨ: mean=2.532+0.611j | min=-2.118-0.775j | max=2.718+2.389j
26-17-18-05 梯度监控 | raw=39.6874 | per_param=1.1923 |  natural=0.0233 | clipped=0.0233(上限20.0)
26-17-18-05 原始规范坐标 G(Re Σrow_mean) = +25.4959 | 累计|g| = 13.2250
26-17-18-05 Ψ矩阵条件数 cond(Ψ) = 2.81e+01
26-17-18-05 Loss=-3.209677 | E0=-1.04359689-0.00014808j | E1=-0.95775894+0.00099728j|E2=-0.66398264+0.00030233j|E3=-0.54433848-0.00063803j
26-17-18-05 #-----------------------------------------#
26-17-18-05 [保存] Step 219 → pickle 文件已更新 (220 条记录)
26-17-18-05 [GaugeReset@220] 吸收 Δg = Σ Re(col_mean) = +25.4959 | 新|g| = 13.3487
26-17-18-05 [Step 220] logΨ: mean=2.267+0.100j | min=-3.703-1.596j | max=2.644+1.939j
26-17-18-05 梯度监控 | raw=46.9907 | per_param=1.4117 |  natural=0.0575 | clipped=0.0575(上限20.0)
26-17-18-05 原始规范坐标 G(Re Σrow_mean) = +25.3595 | 累计|g| = 13.3487
26-17-18-05 Ψ矩阵条件数 cond(Ψ) = 2.92e+01
26-17-18-05 Loss=-3.210157 | E0=-1.04293299+0.00000549j | E1=-0.95768958-0.00028512j|E2=-0.66345263-0.00018624j|E3=-0.54608169+0.00039441j
26-17-18-05 #-----------------------------------------#
26-17-18-05 [Step 221] logΨ: mean=2.401+0.651j | min=-2.955-1.031j | max=2.644+1.973j
26-17-18-05 梯度监控 | raw=45.5040 | per_param=1.3670 |  natural=0.0287 | clipped=0.0287(上限20.0)
26-17-18-05 原始规范坐标 G(Re Σrow_mean) = +25.5155 | 累计|g| = 13.3487
26-17-18-05 Ψ矩阵条件数 cond(Ψ) = 2.89e+01
26-17-18-05 Loss=-3.211981 | E0=-1.04107812-0.00006845j | E1=-0.95757319-0.00017969j|E2=-0.66428908+0.00036091j|E3=-0.54904042+0.00010896j
26-17-18-05 #-----------------------------------------#
26-17-18-05 [Step 222] logΨ: mean=2.390+0.799j | min=-1.723-0.722j | max=2.531+1.831j
26-17-18-05 梯度监控 | raw=18.6213 | per_param=0.5594 |  natural=0.0175 | clipped=0.0175(上限20.0)
26-17-18-05 原始规范坐标 G(Re Σrow_mean) = +25.5824 | 累计|g| = 13.3487
26-17-18-05 Ψ矩阵条件数 cond(Ψ) = 3.02e+01
26-17-18-05 Loss=-3.216353 | E0=-1.04542024-0.00001269j | E1=-0.95758987+0.00028990j|E2=-0.66440771-0.00017892j|E3=-0.54893524+0.00017258j
26-17-18-05 #-----------------------------------------#
26-17-18-05 [Step 223] logΨ: mean=2.409+0.860j | min=-3.462-1.226j | max=2.538+1.858j
26-17-18-05 梯度监控 | raw=28.7996 | per_param=0.8652 |  natural=0.0298 | clipped=0.0298(上限20.0)
26-17-18-05 原始规范坐标 G(Re Σrow_mean) = +25.5922 | 累计|g| = 13.3487
26-17-18-05 Ψ矩阵条件数 cond(Ψ) = 3.04e+01
26-17-18-05 Loss=-3.216004 | E0=-1.04636589+0.00000804j | E1=-0.95794438+0.00021065j|E2=-0.66407465-0.00036002j|E3=-0.54761910+0.00002914j
26-17-18-05 #-----------------------------------------#
26-17-18-05 [Step 224] logΨ: mean=2.433+0.732j | min=-4.037-2.600j | max=2.619+1.860j
26-17-18-05 梯度监控 | raw=27.5384 | per_param=0.8273 |  natural=0.0283 | clipped=0.0283(上限20.0)
26-17-18-05 原始规范坐标 G(Re Σrow_mean) = +25.6362 | 累计|g| = 13.3487
26-17-18-05 Ψ矩阵条件数 cond(Ψ) = 3.11e+01
26-17-18-05 Loss=-3.213607 | E0=-1.04629425+0.00003660j | E1=-0.95700587-0.00088448j|E2=-0.66299111+0.00044951j|E3=-0.54731625-0.00016547j
26-17-18-05 #-----------------------------------------#
26-17-18-05 [Step 225] logΨ: mean=2.827+0.551j | min=-2.590+1.917j | max=2.976+1.755j
26-17-18-05 梯度监控 | raw=13.6133 | per_param=0.4090 |  natural=0.0319 | clipped=0.0319(上限20.0)
26-17-18-05 原始规范坐标 G(Re Σrow_mean) = +25.9200 | 累计|g| = 13.3487
26-17-18-05 Ψ矩阵条件数 cond(Ψ) = 3.16e+01
26-17-18-05 Loss=-3.214330 | E0=-1.04473478-0.00004856j | E1=-0.95705630-0.00020143j|E2=-0.66365102+0.00001972j|E3=-0.54888821-0.00011685j
26-17-18-05 #-----------------------------------------#
26-17-18-05 [Step 226] logΨ: mean=1.989-0.826j | min=-5.581+0.599j | max=2.124+0.665j
26-17-18-05 梯度监控 | raw=16.8035 | per_param=0.5048 |  natural=0.1704 | clipped=0.1704(上限20.0)
26-17-18-05 原始规范坐标 G(Re Σrow_mean) = +25.0803 | 累计|g| = 13.3487
26-17-18-05 Ψ矩阵条件数 cond(Ψ) = 3.20e+01
26-17-18-05 Loss=-3.215309 | E0=-1.05806915-0.02222840j | E1=-0.95737753-0.00050570j|E2=-0.66359196-0.00063166j|E3=-0.53627009+0.01662221j
26-17-18-05 #-----------------------------------------#
26-17-18-05 [Step 227] logΨ: mean=2.076-0.463j | min=-4.782+0.646j | max=2.275+0.612j
26-17-18-05 梯度监控 | raw=46.2632 | per_param=1.3898 |  natural=0.0428 | clipped=0.0428(上限20.0)
26-17-18-05 原始规范坐标 G(Re Σrow_mean) = +25.1639 | 累计|g| = 13.3487
26-17-18-05 Ψ矩阵条件数 cond(Ψ) = 2.52e+01
26-17-18-05 Loss=-3.206431 | E0=-1.04506346+0.00010253j | E1=-0.95697813-0.00066864j|E2=-0.66062602-0.00039842j|E3=-0.54376312-0.00031456j
26-17-18-05 #-----------------------------------------#
26-17-18-05 [Step 228] logΨ: mean=2.181-0.386j | min=-3.568-0.435j | max=2.465+0.621j
26-17-18-05 梯度监控 | raw=58.3951 | per_param=1.7543 |  natural=0.0602 | clipped=0.0602(上限20.0)
26-17-18-05 原始规范坐标 G(Re Σrow_mean) = +25.2982 | 累计|g| = 13.3487
26-17-18-05 Ψ矩阵条件数 cond(Ψ) = 2.78e+01
26-17-18-05 Loss=-3.203877 | E0=-1.04272762-0.00011065j | E1=-0.95732579+0.00202207j|E2=-0.66415195-0.00033170j|E3=-0.53967121-0.00083771j
26-17-18-05 #-----------------------------------------#
26-17-18-05 [Step 229] logΨ: mean=2.314-0.199j | min=-3.228+3.098j | max=2.561+0.696j
26-17-18-05 梯度监控 | raw=63.9919 | per_param=1.9225 |  natural=0.0390 | clipped=0.0390(上限20.0)
26-17-18-05 原始规范坐标 G(Re Σrow_mean) = +25.4186 | 累计|g| = 13.3487
26-17-18-05 Ψ矩阵条件数 cond(Ψ) = 2.84e+01
26-17-18-05 Loss=-3.206564 | E0=-1.04350785-0.00007921j | E1=-0.95818517+0.00121900j|E2=-0.66308393+0.00147960j|E3=-0.54178735-0.00015049j
26-17-18-05 #-----------------------------------------#
26-17-18-05 [GaugeReset@230] 吸收 Δg = Σ Re(col_mean) = +25.4186 | 新|g| = 13.2643
26-17-18-05 [Step 230] logΨ: mean=2.524+1.067j | min=-2.736+1.785j | max=2.749+2.076j
26-17-18-05 梯度监控 | raw=44.5911 | per_param=1.3396 |  natural=0.0456 | clipped=0.0456(上限20.0)
26-17-18-05 原始规范坐标 G(Re Σrow_mean) = +25.5564 | 累计|g| = 13.2643
26-17-18-05 Ψ矩阵条件数 cond(Ψ) = 3.13e+01
26-17-18-05 Loss=-3.209954 | E0=-1.04471993-0.00005366j | E1=-0.95623320-0.00168636j|E2=-0.66261023-0.00176830j|E3=-0.54639074-0.00025222j
26-17-18-05 #-----------------------------------------#
26-17-18-05 [Step 231] logΨ: mean=2.544+1.054j | min=-3.677+2.988j | max=2.854+2.029j
26-17-18-05 梯度监控 | raw=75.7558 | per_param=2.2759 |  natural=0.0323 | clipped=0.0323(上限20.0)
26-17-18-05 原始规范坐标 G(Re Σrow_mean) = +25.5842 | 累计|g| = 13.2643
26-17-18-05 Ψ矩阵条件数 cond(Ψ) = 2.97e+01
26-17-18-05 Loss=-3.202721 | E0=-1.04054080+0.00002119j | E1=-0.95711360-0.00132113j|E2=-0.66232456+0.00018818j|E3=-0.54274236-0.00173313j
26-17-18-05 #-----------------------------------------#
26-17-18-05 [Step 232] logΨ: mean=2.450+1.068j | min=-3.230-0.986j | max=2.759+2.031j
26-17-18-05 梯度监控 | raw=56.8071 | per_param=1.7066 |  natural=0.0406 | clipped=0.0406(上限20.0)
26-17-18-05 原始规范坐标 G(Re Σrow_mean) = +25.5366 | 累计|g| = 13.2643
26-17-18-05 Ψ矩阵条件数 cond(Ψ) = 3.10e+01
26-17-18-05 Loss=-3.212784 | E0=-1.04196416-0.00006186j | E1=-0.95807780+0.00155641j|E2=-0.66735090-0.00055155j|E3=-0.54539066-0.00106509j
26-17-18-05 #-----------------------------------------#
26-17-18-05 [Step 233] logΨ: mean=2.469+0.846j | min=-4.208+1.866j | max=2.724+1.961j
26-17-18-05 梯度监控 | raw=107.2164 | per_param=3.2210 |  natural=0.0217 | clipped=0.0217(上限20.0)
26-17-18-05 原始规范坐标 G(Re Σrow_mean) = +25.5493 | 累计|g| = 13.2643
26-17-18-05 Ψ矩阵条件数 cond(Ψ) = 3.02e+01
26-17-18-05 Loss=-3.204181 | E0=-1.04136381-0.00004308j | E1=-0.95712739-0.00063015j|E2=-0.66300199+0.00007840j|E3=-0.54268763-0.00063075j
26-17-18-05 #-----------------------------------------#
26-17-18-05 [Step 234] logΨ: mean=3.256+0.382j | min=-1.862+3.117j | max=3.442+1.778j
26-17-18-05 梯度监控 | raw=33.9282 | per_param=1.0193 |  natural=0.0667 | clipped=0.0667(上限20.0)
26-17-18-05 原始规范坐标 G(Re Σrow_mean) = +26.1751 | 累计|g| = 13.2643
26-17-18-05 Ψ矩阵条件数 cond(Ψ) = 3.13e+01
26-17-18-05 Loss=-3.210379 | E0=-1.04231149-0.00001166j | E1=-0.95577761-0.00156381j|E2=-0.66160313+0.00056441j|E3=-0.55068638-0.00057724j
26-17-18-05 #-----------------------------------------#
26-17-18-05 [Step 235] logΨ: mean=3.420+0.237j | min=-0.986-2.229j | max=3.516+1.805j
26-17-18-05 梯度监控 | raw=26.4351 | per_param=0.7942 |  natural=0.0310 | clipped=0.0310(上限20.0)
26-17-18-05 原始规范坐标 G(Re Σrow_mean) = +26.3623 | 累计|g| = 13.2643
26-17-18-05 Ψ矩阵条件数 cond(Ψ) = 3.19e+01
26-17-18-05 Loss=-3.213162 | E0=-1.04620066+0.00000844j | E1=-0.95635203-0.00040211j|E2=-0.66149765-0.00066914j|E3=-0.54911215-0.00006506j
26-17-18-05 #-----------------------------------------#
26-17-18-05 [Step 236] logΨ: mean=3.236+0.374j | min=-1.919+1.822j | max=3.499+1.848j
26-17-18-05 梯度监控 | raw=36.1665 | per_param=1.0865 |  natural=0.0252 | clipped=0.0252(上限20.0)
26-17-18-05 原始规范坐标 G(Re Σrow_mean) = +26.2116 | 累计|g| = 13.2643
26-17-18-05 Ψ矩阵条件数 cond(Ψ) = 3.27e+01
26-17-18-05 Loss=-3.211927 | E0=-1.04477260+0.00001282j | E1=-0.95727225-0.00045926j|E2=-0.66301049-0.00132003j|E3=-0.54687208+0.00041580j
26-17-18-05 #-----------------------------------------#
26-17-18-05 [Step 237] logΨ: mean=3.328+0.706j | min=-2.144+1.864j | max=3.552+1.852j
26-17-18-05 梯度监控 | raw=24.4715 | per_param=0.7352 |  natural=0.0532 | clipped=0.0532(上限20.0)
26-17-18-05 原始规范坐标 G(Re Σrow_mean) = +26.3516 | 累计|g| = 13.2643
26-17-18-05 Ψ矩阵条件数 cond(Ψ) = 3.51e+01
26-17-18-05 Loss=-3.219772 | E0=-1.04701771+0.00000570j | E1=-0.95849047-0.00050541j|E2=-0.66630880+0.00041951j|E3=-0.54795541-0.00001596j
26-17-18-05 #-----------------------------------------#
26-17-18-05 [Step 238] logΨ: mean=3.228+0.219j | min=-2.907+0.303j | max=3.554+1.702j
26-17-18-05 梯度监控 | raw=61.2051 | per_param=1.8387 |  natural=0.0524 | clipped=0.0524(上限20.0)
26-17-18-05 原始规范坐标 G(Re Σrow_mean) = +26.2632 | 累计|g| = 13.2643
26-17-18-05 Ψ矩阵条件数 cond(Ψ) = 3.64e+01
26-17-18-05 Loss=-3.211132 | E0=-1.04135612+0.00003781j | E1=-0.95921947+0.00040076j|E2=-0.66295595-0.00052617j|E3=-0.54760077+0.00071867j
26-17-18-05 #-----------------------------------------#
26-17-18-05 [Step 239] logΨ: mean=3.630+0.488j | min=-0.818-2.204j | max=3.715+1.795j
26-17-18-05 梯度监控 | raw=10.3549 | per_param=0.3111 |  natural=0.0254 | clipped=0.0254(上限20.0)
26-17-18-05 原始规范坐标 G(Re Σrow_mean) = +26.6217 | 累计|g| = 13.2643
26-17-18-05 Ψ矩阵条件数 cond(Ψ) = 6.44e+01
26-17-18-05 Loss=-3.215524 | E0=-1.04759290+0.00000147j | E1=-0.95699706+0.00005364j|E2=-0.66257407+0.00016821j|E3=-0.54835958-0.00006023j
26-17-18-05 #-----------------------------------------#
26-17-18-05 [保存] Step 239 → pickle 文件已更新 (240 条记录)
26-17-18-05 [GaugeReset@240] 吸收 Δg = Σ Re(col_mean) = +26.6217 | 新|g| = 13.8062
26-17-18-05 [Step 240] logΨ: mean=2.502+1.032j | min=-2.749+0.647j | max=2.575+2.165j
26-17-18-05 梯度监控 | raw=13.4820 | per_param=0.4050 |  natural=0.0345 | clipped=0.0345(上限20.0)
26-17-18-05 原始规范坐标 G(Re Σrow_mean) = +26.6893 | 累计|g| = 13.8062
26-17-18-05 Ψ矩阵条件数 cond(Ψ) = 3.39e+01
26-17-18-05 Loss=-3.215830 | E0=-1.04680465-0.00000224j | E1=-0.95697436-0.00013648j|E2=-0.66343420+0.00055379j|E3=-0.54861722+0.00011829j
26-17-18-05 #-----------------------------------------#
26-17-18-05 [Step 241] logΨ: mean=2.261+0.949j | min=-3.790-0.042j | max=2.574+2.421j
26-17-18-05 梯度监控 | raw=37.3945 | per_param=1.1234 |  natural=0.0826 | clipped=0.0826(上限20.0)
26-17-18-05 原始规范坐标 G(Re Σrow_mean) = +26.4029 | 累计|g| = 13.8062
26-17-18-05 Ψ矩阵条件数 cond(Ψ) = 3.26e+01
26-17-18-05 Loss=-3.222001 | E0=-1.04469293+0.00005912j | E1=-0.95995682+0.00117431j|E2=-0.66963521+0.00032103j|E3=-0.54771632+0.00025222j
26-17-18-05 #-----------------------------------------#
26-17-18-05 [Step 242] logΨ: mean=2.597+0.702j | min=-3.351-0.596j | max=2.759+2.474j
26-17-18-05 梯度监控 | raw=16.0102 | per_param=0.4810 |  natural=0.0637 | clipped=0.0637(上限20.0)
26-17-18-05 原始规范坐标 G(Re Σrow_mean) = +26.7724 | 累计|g| = 13.8062
26-17-18-05 Ψ矩阵条件数 cond(Ψ) = 3.44e+01
26-17-18-05 Loss=-3.212579 | E0=-1.04552140-0.00000304j | E1=-0.95694334+0.00014791j|E2=-0.66141357+0.00033562j|E3=-0.54870088-0.00001410j
26-17-18-05 #-----------------------------------------#
26-17-18-05 [Step 243] logΨ: mean=2.485+1.020j | min=-1.927-2.294j | max=2.678+2.661j
26-17-18-05 梯度监控 | raw=10.9711 | per_param=0.3296 |  natural=0.0291 | clipped=0.0291(上限20.0)
26-17-18-05 原始规范坐标 G(Re Σrow_mean) = +26.6875 | 累计|g| = 13.8062
26-17-18-05 Ψ矩阵条件数 cond(Ψ) = 3.36e+01
26-17-18-05 Loss=-3.217294 | E0=-1.04441613-0.00005928j | E1=-0.95812131-0.00029313j|E2=-0.66489943+0.00027735j|E3=-0.54985709-0.00004466j
26-17-18-05 #-----------------------------------------#
26-17-18-05 [Step 244] logΨ: mean=2.390+1.120j | min=-2.848+2.751j | max=2.509+2.677j
26-17-18-05 梯度监控 | raw=23.2132 | per_param=0.6974 |  natural=0.0248 | clipped=0.0248(上限20.0)
26-17-18-05 原始规范坐标 G(Re Σrow_mean) = +26.6262 | 累计|g| = 13.8062
26-17-18-05 Ψ矩阵条件数 cond(Ψ) = 3.33e+01
26-17-18-05 Loss=-3.216069 | E0=-1.04829531-0.00005004j | E1=-0.95697445+0.00014156j|E2=-0.66366548+0.00065808j|E3=-0.54713418-0.00004722j
26-17-18-05 #-----------------------------------------#
26-17-18-05 [Step 245] logΨ: mean=2.423+0.863j | min=-3.535-1.316j | max=2.521+2.271j
26-17-18-05 梯度监控 | raw=13.6702 | per_param=0.4107 |  natural=0.0726 | clipped=0.0726(上限20.0)
26-17-18-05 原始规范坐标 G(Re Σrow_mean) = +26.5077 | 累计|g| = 13.8062
26-17-18-05 Ψ矩阵条件数 cond(Ψ) = 2.98e+01
26-17-18-05 Loss=-3.215821 | E0=-1.04694000-0.00010434j | E1=-0.95702950+0.00076412j|E2=-0.66362089+0.00051117j|E3=-0.54823074-0.00021282j
26-17-18-05 #-----------------------------------------#
26-17-18-05 [Step 246] logΨ: mean=2.174+1.071j | min=-2.988+2.252j | max=2.370+2.217j
26-17-18-05 梯度监控 | raw=13.2485 | per_param=0.3980 |  natural=0.0339 | clipped=0.0339(上限20.0)
26-17-18-05 原始规范坐标 G(Re Σrow_mean) = +26.2836 | 累计|g| = 13.8062
26-17-18-05 Ψ矩阵条件数 cond(Ψ) = 2.94e+01
26-17-18-05 Loss=-3.215906 | E0=-1.04698576+0.00005228j | E1=-0.95718253-0.00004606j|E2=-0.66478407-0.00031029j|E3=-0.54695350+0.00002777j
26-17-18-05 #-----------------------------------------#
26-17-18-06 [Step 247] logΨ: mean=1.985+0.908j | min=-2.738+2.169j | max=2.182+2.182j
26-17-18-06 梯度监控 | raw=3.6360 | per_param=0.1092 |  natural=0.0195 | clipped=0.0195(上限20.0)
26-17-18-06 原始规范坐标 G(Re Σrow_mean) = +26.1626 | 累计|g| = 13.8062
26-17-18-06 Ψ矩阵条件数 cond(Ψ) = 3.08e+01
26-17-18-06 Loss=-3.219160 | E0=-1.04222287-0.00004556j | E1=-0.95742802+0.00022887j|E2=-0.66508527-0.00013167j|E3=-0.55442340+0.00094636j
26-17-18-06 #-----------------------------------------#
26-17-18-06 [Step 248] logΨ: mean=2.077+0.773j | min=-3.068-0.964j | max=2.223+2.164j
26-17-18-06 梯度监控 | raw=20.1540 | per_param=0.6055 |  natural=0.0244 | clipped=0.0244(上限20.0)
26-17-18-06 原始规范坐标 G(Re Σrow_mean) = +26.3136 | 累计|g| = 13.8062
26-17-18-06 Ψ矩阵条件数 cond(Ψ) = 3.18e+01
26-17-18-06 Loss=-3.214975 | E0=-1.04426413-0.00004820j | E1=-0.95742482-0.00003877j|E2=-0.66315373+0.00061368j|E3=-0.55013202-0.00005085j
26-17-18-06 #-----------------------------------------#
26-17-18-06 [Step 249] logΨ: mean=2.166+0.273j | min=-2.982-0.823j | max=2.291+2.287j
26-17-18-06 梯度监控 | raw=12.5959 | per_param=0.3784 |  natural=0.0439 | clipped=0.0439(上限20.0)
26-17-18-06 原始规范坐标 G(Re Σrow_mean) = +26.4539 | 累计|g| = 13.8062
26-17-18-06 Ψ矩阵条件数 cond(Ψ) = 3.16e+01
26-17-18-06 Loss=-3.216870 | E0=-1.04808330-0.00003665j | E1=-0.95790751+0.00041845j|E2=-0.66372235+0.00010381j|E3=-0.54715722-0.00085638j
26-17-18-06 #-----------------------------------------#
26-17-18-06 [GaugeReset@250] 吸收 Δg = Σ Re(col_mean) = +26.4539 | 新|g| = 13.7060
26-17-18-06 [Step 250] logΨ: mean=2.254-0.082j | min=-2.928+2.648j | max=2.499+2.134j
26-17-18-06 梯度监控 | raw=28.6519 | per_param=0.8608 |  natural=0.0389 | clipped=0.0389(上限20.0)
26-17-18-06 原始规范坐标 G(Re Σrow_mean) = +26.2845 | 累计|g| = 13.7060
26-17-18-06 Ψ矩阵条件数 cond(Ψ) = 3.22e+01
26-17-18-06 Loss=-3.216190 | E0=-1.04852767-0.00003363j | E1=-0.95763387-0.00023358j|E2=-0.66466931-0.00078125j|E3=-0.54535868-0.00107504j
26-17-18-06 #-----------------------------------------#
26-17-18-06 [Step 251] logΨ: mean=2.623-0.064j | min=-1.641+0.961j | max=2.727+2.206j
26-17-18-06 梯度监控 | raw=15.1311 | per_param=0.4546 |  natural=0.0244 | clipped=0.0244(上限20.0)
26-17-18-06 原始规范坐标 G(Re Σrow_mean) = +26.6291 | 累计|g| = 13.7060
26-17-18-06 Ψ矩阵条件数 cond(Ψ) = 3.33e+01
26-17-18-06 Loss=-3.215614 | E0=-1.04575210+0.00000242j | E1=-0.95787814+0.00053585j|E2=-0.66355865+0.00080242j|E3=-0.54842484-0.00009311j
26-17-18-06 #-----------------------------------------#
26-17-18-06 [Step 252] logΨ: mean=2.450+0.006j | min=-1.748+2.806j | max=2.556+2.144j
26-17-18-06 梯度监控 | raw=16.4404 | per_param=0.4939 |  natural=0.0210 | clipped=0.0210(上限20.0)
26-17-18-06 原始规范坐标 G(Re Σrow_mean) = +26.4507 | 累计|g| = 13.7060
26-17-18-06 Ψ矩阵条件数 cond(Ψ) = 3.16e+01
26-17-18-06 Loss=-3.215690 | E0=-1.04675485-0.00008847j | E1=-0.95770911+0.00072356j|E2=-0.66382775+0.00019497j|E3=-0.54739841-0.00069093j
26-17-18-06 #-----------------------------------------#
26-17-18-06 [Step 253] logΨ: mean=2.414-0.058j | min=-3.928+2.786j | max=2.615+2.200j
26-17-18-06 梯度监控 | raw=17.1137 | per_param=0.5141 |  natural=0.0462 | clipped=0.0462(上限20.0)
26-17-18-06 原始规范坐标 G(Re Σrow_mean) = +26.4273 | 累计|g| = 13.7060
26-17-18-06 Ψ矩阵条件数 cond(Ψ) = 3.19e+01
26-17-18-06 Loss=-3.214419 | E0=-1.04278672+0.00009918j | E1=-0.95778297+0.00041160j|E2=-0.66412358-0.00005163j|E3=-0.54972566+0.00089647j
26-17-18-06 #-----------------------------------------#
26-17-18-06 [Step 254] logΨ: mean=2.570+0.106j | min=-3.335+2.365j | max=2.652+2.309j
26-17-18-06 梯度监控 | raw=3.6694 | per_param=0.1102 |  natural=0.0211 | clipped=0.0211(上限20.0)
26-17-18-06 原始规范坐标 G(Re Σrow_mean) = +26.5853 | 累计|g| = 13.7060
26-17-18-06 Ψ矩阵条件数 cond(Ψ) = 3.22e+01
26-17-18-06 Loss=-3.217352 | E0=-1.04843351-0.00000444j | E1=-0.95798810+0.00035281j|E2=-0.66396154+0.00027337j|E3=-0.54696859-0.00038506j
26-17-18-06 #-----------------------------------------#
26-17-18-06 [Step 255] logΨ: mean=2.593-0.062j | min=-1.660+2.627j | max=2.662+2.289j
26-17-18-06 梯度监控 | raw=7.5339 | per_param=0.2263 |  natural=0.0068 | clipped=0.0068(上限20.0)
26-17-18-06 原始规范坐标 G(Re Σrow_mean) = +26.5888 | 累计|g| = 13.7060
26-17-18-06 Ψ矩阵条件数 cond(Ψ) = 3.16e+01
26-17-18-06 Loss=-3.217995 | E0=-1.04708556+0.00005612j | E1=-0.95803597+0.00057991j|E2=-0.66458879+0.00002759j|E3=-0.54828460-0.00017917j
26-17-18-06 #-----------------------------------------#
26-17-18-06 [Step 256] logΨ: mean=2.403-0.246j | min=-3.447+2.494j | max=2.681+2.034j
26-17-18-06 梯度监控 | raw=13.6117 | per_param=0.4089 |  natural=0.0599 | clipped=0.0599(上限20.0)
26-17-18-06 原始规范坐标 G(Re Σrow_mean) = +26.2873 | 累计|g| = 13.7060
26-17-18-06 Ψ矩阵条件数 cond(Ψ) = 3.06e+01
26-17-18-06 Loss=-3.214128 | E0=-1.04858883+0.00001075j | E1=-0.95692909+0.00032937j|E2=-0.66275424-0.00116401j|E3=-0.54585562-0.00000401j
26-17-18-06 #-----------------------------------------#
26-17-18-06 [Step 257] logΨ: mean=2.437-0.191j | min=-4.776-0.348j | max=2.594+2.028j
26-17-18-06 梯度监控 | raw=16.0206 | per_param=0.4813 |  natural=0.0143 | clipped=0.0143(上限20.0)
26-17-18-06 原始规范坐标 G(Re Σrow_mean) = +26.3434 | 累计|g| = 13.7060
26-17-18-06 Ψ矩阵条件数 cond(Ψ) = 3.01e+01
26-17-18-06 Loss=-3.218270 | E0=-1.04759163-0.00006512j | E1=-0.95872960+0.00094022j|E2=-0.66575191+0.00026739j|E3=-0.54619734-0.00027059j
26-17-18-06 #-----------------------------------------#
26-17-18-06 [Step 258] logΨ: mean=2.479+0.185j | min=-2.103+2.784j | max=2.555+2.059j
26-17-18-06 梯度监控 | raw=7.6773 | per_param=0.2306 |  natural=0.0121 | clipped=0.0121(上限20.0)
26-17-18-06 原始规范坐标 G(Re Σrow_mean) = +26.4323 | 累计|g| = 13.7060
26-17-18-06 Ψ矩阵条件数 cond(Ψ) = 3.05e+01
26-17-18-06 Loss=-3.217724 | E0=-1.04892783-0.00001110j | E1=-0.95811822+0.00051954j|E2=-0.66420378+0.00029362j|E3=-0.54647423-0.00083429j
26-17-18-06 #-----------------------------------------#
26-17-18-06 [Step 259] logΨ: mean=2.489+0.116j | min=-2.889+0.481j | max=2.544+1.883j
26-17-18-06 梯度监控 | raw=1.2036 | per_param=0.0362 |  natural=0.0126 | clipped=0.0126(上限20.0)
26-17-18-06 原始规范坐标 G(Re Σrow_mean) = +26.4284 | 累计|g| = 13.7060
26-17-18-06 Ψ矩阵条件数 cond(Ψ) = 3.15e+01
26-17-18-06 Loss=-3.218177 | E0=-1.04795375-0.00006191j | E1=-0.95838157+0.00054329j|E2=-0.66440250+0.00032510j|E3=-0.54743880-0.00063776j
26-17-18-06 #-----------------------------------------#
26-17-18-06 [保存] Step 259 → pickle 文件已更新 (260 条记录)
26-17-18-06 [GaugeReset@260] 吸收 Δg = Σ Re(col_mean) = +26.4284 | 新|g| = 13.6890
26-17-18-06 [Step 260] logΨ: mean=2.747+0.485j | min=-2.272+1.207j | max=2.826+2.250j
26-17-18-06 梯度监控 | raw=21.4511 | per_param=0.6444 |  natural=0.0359 | clipped=0.0359(上限20.0)
26-17-18-06 原始规范坐标 G(Re Σrow_mean) = +26.4710 | 累计|g| = 13.6890
26-17-18-06 Ψ矩阵条件数 cond(Ψ) = 3.32e+01
26-17-18-06 Loss=-3.213057 | E0=-1.04620664-0.00002859j | E1=-0.95837651-0.00046083j|E2=-0.66247715-0.00016456j|E3=-0.54599627-0.00047868j
26-17-18-06 #-----------------------------------------#
26-17-18-06 [Step 261] logΨ: mean=2.292+1.056j | min=-4.006-1.442j | max=2.649+2.894j
26-17-18-06 梯度监控 | raw=55.7270 | per_param=1.6742 |  natural=0.2056 | clipped=0.2056(上限20.0)
26-17-18-06 原始规范坐标 G(Re Σrow_mean) = +26.0168 | 累计|g| = 13.6890
26-17-18-06 Ψ矩阵条件数 cond(Ψ) = 2.83e+01
26-17-18-06 Loss=-3.203481 | E0=-1.04385955+0.00009742j | E1=-0.95459755-0.00363402j|E2=-0.66348993+0.00332149j|E3=-0.54153407+0.00181487j
26-17-18-06 #-----------------------------------------#
26-17-18-06 [Step 262] logΨ: mean=2.489+0.862j | min=-3.106+0.184j | max=2.690+2.986j
26-17-18-06 梯度监控 | raw=19.0498 | per_param=0.5723 |  natural=0.0365 | clipped=0.0365(上限20.0)
26-17-18-06 原始规范坐标 G(Re Σrow_mean) = +26.2226 | 累计|g| = 13.6890
26-17-18-06 Ψ矩阵条件数 cond(Ψ) = 5.04e+01
26-17-18-06 Loss=-3.212727 | E0=-1.04293228-0.00010891j | E1=-0.95569204-0.00084210j|E2=-0.66543677+0.00140781j|E3=-0.54866580-0.00028220j
26-17-18-06 #-----------------------------------------#
26-17-18-06 [Step 263] logΨ: mean=2.342+1.264j | min=-2.571+2.807j | max=2.613+2.949j
26-17-18-06 梯度监控 | raw=32.0241 | per_param=0.9621 |  natural=0.0143 | clipped=0.0143(上限20.0)
26-17-18-06 原始规范坐标 G(Re Σrow_mean) = +26.1331 | 累计|g| = 13.6890
26-17-18-06 Ψ矩阵条件数 cond(Ψ) = 4.97e+01
26-17-18-06 Loss=-3.208273 | E0=-1.04158786+0.00001726j | E1=-0.95674413-0.00026523j|E2=-0.66319459-0.00020058j|E3=-0.54674637+0.00049378j
26-17-18-06 #-----------------------------------------#
26-17-18-06 [Step 264] logΨ: mean=2.485+0.975j | min=-4.089+2.782j | max=2.714+2.874j
26-17-18-06 梯度监控 | raw=16.8598 | per_param=0.5065 |  natural=0.0428 | clipped=0.0428(上限20.0)
26-17-18-06 原始规范坐标 G(Re Σrow_mean) = +26.2094 | 累计|g| = 13.6890
26-17-18-06 Ψ矩阵条件数 cond(Ψ) = 2.87e+01
26-17-18-06 Loss=-3.213297 | E0=-1.04402829+0.00000006j | E1=-0.95566545-0.00217015j|E2=-0.66404869-0.00034364j|E3=-0.54955411-0.00027100j
26-17-18-06 #-----------------------------------------#
26-17-18-06 [Step 265] logΨ: mean=2.554+0.781j | min=-2.889+2.240j | max=2.705+2.850j
26-17-18-06 梯度监控 | raw=14.7614 | per_param=0.4435 |  natural=0.0431 | clipped=0.0431(上限20.0)
26-17-18-06 原始规范坐标 G(Re Σrow_mean) = +26.3045 | 累计|g| = 13.6890
26-17-18-06 Ψ矩阵条件数 cond(Ψ) = 2.89e+01
26-17-18-06 Loss=-3.217792 | E0=-1.04750912+0.00000143j | E1=-0.95789932+0.00020860j|E2=-0.66501567-0.00058296j|E3=-0.54736815+0.00014919j
26-17-18-06 #-----------------------------------------#
26-17-18-06 [Step 266] logΨ: mean=2.672+1.230j | min=-4.504+1.817j | max=2.942+2.838j
26-17-18-06 梯度监控 | raw=23.9990 | per_param=0.7210 |  natural=0.0502 | clipped=0.0502(上限20.0)
26-17-18-06 原始规范坐标 G(Re Σrow_mean) = +26.4252 | 累计|g| = 13.6890
26-17-18-06 Ψ矩阵条件数 cond(Ψ) = 3.01e+01
26-17-18-06 Loss=-3.212728 | E0=-1.04417888+0.00005363j | E1=-0.95654009-0.00117894j|E2=-0.66404704+0.00039869j|E3=-0.54796206+0.00056571j
26-17-18-06 #-----------------------------------------#
26-17-18-06 [Step 267] logΨ: mean=2.805+1.533j | min=-1.322+0.181j | max=2.915+3.033j
26-17-18-06 梯度监控 | raw=6.7186 | per_param=0.2018 |  natural=0.0171 | clipped=0.0171(上限20.0)
26-17-18-06 原始规范坐标 G(Re Σrow_mean) = +26.5886 | 累计|g| = 13.6890
26-17-18-06 Ψ矩阵条件数 cond(Ψ) = 3.03e+01
26-17-18-06 Loss=-3.217202 | E0=-1.04736212-0.00001596j | E1=-0.95762443-0.00019666j|E2=-0.66382417+0.00020505j|E3=-0.54839136-0.00014410j
26-17-18-06 #-----------------------------------------#
26-17-18-06 [Step 268] logΨ: mean=2.787+1.405j | min=-2.648+3.006j | max=2.930+2.991j
26-17-18-06 梯度监控 | raw=6.4990 | per_param=0.1952 |  natural=0.0055 | clipped=0.0055(上限20.0)
26-17-18-06 原始规范坐标 G(Re Σrow_mean) = +26.5715 | 累计|g| = 13.6890
26-17-18-06 Ψ矩阵条件数 cond(Ψ) = 3.17e+01
26-17-18-06 Loss=-3.216816 | E0=-1.04736839+0.00004144j | E1=-0.95792676+0.00018676j|E2=-0.66398425-0.00006281j|E3=-0.54753705-0.00010221j
26-17-18-06 #-----------------------------------------#
26-17-18-06 [Step 269] logΨ: mean=3.020+1.216j | min=-3.780-1.083j | max=3.288+2.948j
26-17-18-06 梯度监控 | raw=15.7033 | per_param=0.4718 |  natural=0.0619 | clipped=0.0619(上限20.0)
26-17-18-06 原始规范坐标 G(Re Σrow_mean) = +26.7873 | 累计|g| = 13.6890
26-17-18-06 Ψ矩阵条件数 cond(Ψ) = 3.22e+01
26-17-18-06 Loss=-3.214544 | E0=-1.04479021-0.00003649j | E1=-0.95631789-0.00140907j|E2=-0.66348035+0.00011337j|E3=-0.54995600-0.00006766j
26-17-18-06 #-----------------------------------------#
26-17-18-06 [GaugeReset@270] 吸收 Δg = Σ Re(col_mean) = +26.7873 | 新|g| = 13.8630
26-17-18-06 [Step 270] logΨ: mean=1.152+0.909j | min=-4.406-2.956j | max=1.281+2.666j
26-17-18-06 梯度监控 | raw=14.8574 | per_param=0.4463 |  natural=0.6503 | clipped=0.6503(上限20.0)
26-17-18-06 原始规范坐标 G(Re Σrow_mean) = +25.1265 | 累计|g| = 13.8630
26-17-18-06 Ψ矩阵条件数 cond(Ψ) = 2.75e+01
26-17-18-06 Loss=-3.218396 | E0=-1.04553131+0.00005263j | E1=-0.95774125-0.00012087j|E2=-0.66498257-0.00539460j|E3=-0.55014093+0.00028472j
26-17-18-06 #-----------------------------------------#
26-17-18-06 [Step 271] logΨ: mean=1.345+0.758j | min=-3.787+1.476j | max=1.860+1.871j
26-17-18-06 梯度监控 | raw=68.6156 | per_param=2.0614 |  natural=0.3180 | clipped=0.3180(上限20.0)
26-17-18-06 原始规范坐标 G(Re Σrow_mean) = +24.3186 | 累计|g| = 13.8630
26-17-18-06 Ψ矩阵条件数 cond(Ψ) = 3.24e+01
26-17-18-06 Loss=-2.472317 | E0=-1.01550939+0.00033241j | E1=-0.92992472+0.00044018j|E2=-0.64035998+0.00208920j|E3=0.11347749+0.00172619j
26-17-18-06 #-----------------------------------------#
26-17-18-06 [Step 272] logΨ: mean=1.661-0.166j | min=-5.534+0.632j | max=2.269+0.905j
26-17-18-06 梯度监控 | raw=70.8613 | per_param=2.1288 |  natural=0.3081 | clipped=0.3081(上限20.0)
26-17-18-06 原始规范坐标 G(Re Σrow_mean) = +24.5673 | 累计|g| = 13.8630
26-17-18-06 Ψ矩阵条件数 cond(Ψ) = 4.97e+01
26-17-18-06 Loss=-2.513166 | E0=-1.01527833-0.00000200j | E1=-0.92783958-0.00163206j|E2=-0.63520962-0.00936342j|E3=0.06516176-0.01866342j
26-17-18-06 #-----------------------------------------#
26-17-18-06 [Step 273] logΨ: mean=2.237-0.196j | min=-3.353-2.997j | max=2.847+0.502j
26-17-18-06 梯度监控 | raw=92.6307 | per_param=2.7828 |  natural=0.2489 | clipped=0.2489(上限20.0)
26-17-18-06 原始规范坐标 G(Re Σrow_mean) = +25.3757 | 累计|g| = 13.8630
26-17-18-06 Ψ矩阵条件数 cond(Ψ) = 7.28e+01
26-17-18-06 Loss=-2.584903 | E0=-1.01547157-0.00051928j | E1=-0.93752864+0.00110836j|E2=-0.64952026-0.00165365j|E3=0.01761776+0.00821926j
26-17-18-06 #-----------------------------------------#
26-17-18-06 [Step 274] logΨ: mean=2.758-0.345j | min=-2.509+2.524j | max=3.341+0.304j
26-17-18-06 梯度监控 | raw=105.8418 | per_param=3.1797 |  natural=0.1526 | clipped=0.1526(上限20.0)
26-17-18-06 原始规范坐标 G(Re Σrow_mean) = +26.0165 | 累计|g| = 13.8630
26-17-18-06 Ψ矩阵条件数 cond(Ψ) = 1.26e+02
26-17-18-06 Loss=-2.667171 | E0=-1.01481854+0.00088068j | E1=-0.94236149-0.00043472j|E2=-0.65633705-0.00020821j|E3=-0.05365382+0.00165575j
26-17-18-06 #-----------------------------------------#
26-17-18-06 [Step 275] logΨ: mean=2.753+0.531j | min=-1.953+3.000j | max=3.437+2.785j
26-17-18-06 梯度监控 | raw=88.2003 | per_param=2.6497 |  natural=0.2537 | clipped=0.2537(上限20.0)
26-17-18-06 原始规范坐标 G(Re Σrow_mean) = +26.1475 | 累计|g| = 13.8630
26-17-18-06 Ψ矩阵条件数 cond(Ψ) = 9.71e+01
26-17-18-06 Loss=-2.675617 | E0=-1.01510231+0.00053836j | E1=-0.94316951-0.00224724j|E2=-0.65352600-0.00164059j|E3=-0.06381944+0.00809240j
26-17-18-06 #-----------------------------------------#
26-17-18-06 [Step 276] logΨ: mean=3.639+0.646j | min=-1.044-0.166j | max=4.179+2.612j
26-17-18-06 梯度监控 | raw=118.4674 | per_param=3.5590 |  natural=0.1352 | clipped=0.1352(上限20.0)
26-17-18-06 原始规范坐标 G(Re Σrow_mean) = +27.2261 | 累计|g| = 13.8630
26-17-18-06 Ψ矩阵条件数 cond(Ψ) = 4.42e+02
26-17-18-06 Loss=-2.803180 | E0=-1.01745878+0.00086777j | E1=-0.94748278-0.00489563j|E2=-0.65767608+0.00275528j|E3=-0.18056226+0.00075529j
26-17-18-06 #-----------------------------------------#
26-17-18-06 [Step 277] logΨ: mean=4.268+1.117j | min=-1.115-2.548j | max=4.821+3.063j
26-17-18-06 梯度监控 | raw=131.7983 | per_param=3.9595 |  natural=0.1343 | clipped=0.1343(上限20.0)
26-17-18-06 原始规范坐标 G(Re Σrow_mean) = +27.9395 | 累计|g| = 13.8630
26-17-18-06 Ψ矩阵条件数 cond(Ψ) = 3.02e+02
26-17-18-06 Loss=-2.858245 | E0=-1.01914386+0.00017736j | E1=-0.94507663-0.00046272j|E2=-0.66130456-0.00093376j|E3=-0.23271958-0.00053317j
26-17-18-06 #-----------------------------------------#
26-17-18-06 [Step 278] logΨ: mean=5.025-0.819j | min=-1.148-2.616j | max=5.658+0.125j
26-17-18-06 梯度监控 | raw=172.5689 | per_param=5.1843 |  natural=0.1252 | clipped=0.1252(上限20.0)
26-17-18-06 原始规范坐标 G(Re Σrow_mean) = +28.7278 | 累计|g| = 13.8630
26-17-18-06 Ψ矩阵条件数 cond(Ψ) = 1.62e+02
26-17-18-06 Loss=-2.844714 | E0=-1.01780622-0.00039697j | E1=-0.94795172-0.00097370j|E2=-0.66031396-0.00040004j|E3=-0.21864161-0.01139528j
26-17-18-06 #-----------------------------------------#
26-17-18-06 [Step 279] logΨ: mean=6.022-0.493j | min=1.447-3.029j | max=6.527+0.418j
26-17-18-06 梯度监控 | raw=178.1664 | per_param=5.3525 |  natural=0.1108 | clipped=0.1108(上限20.0)
26-17-18-06 原始规范坐标 G(Re Σrow_mean) = +29.9474 | 累计|g| = 13.8630
26-17-18-06 Ψ矩阵条件数 cond(Ψ) = 1.47e+02
26-17-18-06 Loss=-2.962780 | E0=-1.02346101-0.00035680j | E1=-0.95184894+0.00050978j|E2=-0.66321597+0.00054362j|E3=-0.32425444-0.00323594j
26-17-18-06 #-----------------------------------------#
26-17-18-06 [保存] Step 279 → pickle 文件已更新 (280 条记录)
26-17-18-06 [GaugeReset@280] 吸收 Δg = Σ Re(col_mean) = +29.9474 | 新|g| = 15.4321
26-17-18-06 [Step 280] logΨ: mean=3.562+1.087j | min=-1.129+2.573j | max=4.106+2.546j
26-17-18-06 梯度监控 | raw=178.7995 | per_param=5.3715 |  natural=0.1073 | clipped=0.1073(上限20.0)
26-17-18-06 原始规范坐标 G(Re Σrow_mean) = +30.6522 | 累计|g| = 15.4321
26-17-18-06 Ψ矩阵条件数 cond(Ψ) = 9.02e+01
26-17-18-06 Loss=-2.974595 | E0=-1.02489009-0.00073535j | E1=-0.95021375+0.00133714j|E2=-0.66152514-0.00056214j|E3=-0.33796606+0.00086095j
26-17-18-06 #-----------------------------------------#
26-17-18-06 [Step 281] logΨ: mean=4.077+0.946j | min=-0.020+0.343j | max=4.601+2.883j
26-17-18-06 梯度监控 | raw=240.6806 | per_param=7.2305 |  natural=0.0833 | clipped=0.0833(上限20.0)
26-17-18-06 原始规范坐标 G(Re Σrow_mean) = +31.2525 | 累计|g| = 15.4321
26-17-18-06 Ψ矩阵条件数 cond(Ψ) = 9.27e+01
26-17-18-06 Loss=-2.987837 | E0=-1.02035424-0.00114311j | E1=-0.95274875-0.00175067j|E2=-0.66310818+0.00031932j|E3=-0.35162546-0.00958583j
26-17-18-06 #-----------------------------------------#
26-17-18-06 [Step 282] logΨ: mean=4.779+1.712j | min=0.307-0.976j | max=5.107+3.131j
26-17-18-06 梯度监控 | raw=161.0237 | per_param=4.8375 |  natural=0.0954 | clipped=0.0954(上限20.0)
26-17-18-06 原始规范坐标 G(Re Σrow_mean) = +32.0574 | 累计|g| = 15.4321
26-17-18-06 Ψ矩阵条件数 cond(Ψ) = 9.20e+01
26-17-18-06 Loss=-3.103128 | E0=-1.02890166-0.00257433j | E1=-0.95507297+0.00270618j|E2=-0.66263406+0.00016611j|E3=-0.45651944+0.00334728j
26-17-18-06 #-----------------------------------------#
26-17-18-06 [Step 283] logΨ: mean=5.542+1.698j | min=-1.026-1.919j | max=5.963+2.999j
26-17-18-06 梯度监控 | raw=194.0830 | per_param=5.8307 |  natural=0.2924 | clipped=0.2924(上限20.0)
26-17-18-06 原始规范坐标 G(Re Σrow_mean) = +32.7699 | 累计|g| = 15.4321
26-17-18-06 Ψ矩阵条件数 cond(Ψ) = 1.40e+02
26-17-18-06 Loss=-3.075148 | E0=-1.04221476-0.00539129j | E1=-0.95328984-0.00174807j|E2=-0.66028568-0.00410338j|E3=-0.41935787+0.01562823j
26-17-18-06 #-----------------------------------------#
26-17-18-06 [Step 284] logΨ: mean=6.314-1.265j | min=0.332-0.319j | max=6.686+0.075j
26-17-18-06 梯度监控 | raw=238.9310 | per_param=7.1780 |  natural=0.1015 | clipped=0.1015(上限20.0)
26-17-18-06 原始规范坐标 G(Re Σrow_mean) = +33.5846 | 累计|g| = 15.4321
26-17-18-06 Ψ矩阵条件数 cond(Ψ) = 9.21e+01
26-17-18-06 Loss=-3.116683 | E0=-1.02900560+0.02090602j | E1=-0.95570316+0.00060175j|E2=-0.66191109+0.00025374j|E3=-0.47006281-0.03768264j
26-17-18-06 #-----------------------------------------#
26-17-18-06 [Step 285] logΨ: mean=6.906-1.100j | min=1.113-3.049j | max=7.247+0.020j
26-17-18-06 梯度监控 | raw=210.8974 | per_param=6.3358 |  natural=0.0976 | clipped=0.0976(上限20.0)
26-17-18-06 原始规范坐标 G(Re Σrow_mean) = +34.1633 | 累计|g| = 15.4321
26-17-18-06 Ψ矩阵条件数 cond(Ψ) = 1.64e+02
26-17-18-06 Loss=-3.112583 | E0=-1.06520306+0.06309449j | E1=-0.95618901+0.00401553j|E2=-0.66327836-0.00000209j|E3=-0.42791230-0.07442879j
26-17-18-06 #-----------------------------------------#
26-17-18-06 [Step 286] logΨ: mean=7.246+0.962j | min=0.081-0.236j | max=7.637+3.121j
26-17-18-06 梯度监控 | raw=210.9567 | per_param=6.3376 |  natural=0.1436 | clipped=0.1436(上限20.0)
26-17-18-06 原始规范坐标 G(Re Σrow_mean) = +34.4992 | 累计|g| = 15.4321
26-17-18-06 Ψ矩阵条件数 cond(Ψ) = 9.34e+01
26-17-18-06 Loss=-3.097823 | E0=-1.07105325-0.07036053j | E1=-0.95266570-0.00434624j|E2=-0.66349086-0.00145047j|E3=-0.41061319+0.09304597j
26-17-18-06 #-----------------------------------------#
26-17-18-06 [Step 287] logΨ: mean=7.371-0.608j | min=3.337-0.075j | max=7.790+0.747j
26-17-18-06 梯度监控 | raw=285.0688 | per_param=8.5641 |  natural=0.0791 | clipped=0.0791(上限20.0)
26-17-18-06 原始规范坐标 G(Re Σrow_mean) = +34.6375 | 累计|g| = 15.4321
26-17-18-06 Ψ矩阵条件数 cond(Ψ) = 9.82e+01
26-17-18-06 Loss=-3.132133 | E0=-1.10408097-0.06258773j | E1=-0.95467328-0.00224548j|E2=-0.66347666+0.00015035j|E3=-0.40990201+0.02502983j
26-17-18-06 #-----------------------------------------#
26-17-18-06 [Step 288] logΨ: mean=8.176-0.925j | min=2.541-2.759j | max=8.638+0.079j
26-17-18-06 梯度监控 | raw=274.6325 | per_param=8.2505 |  natural=0.1295 | clipped=0.1295(上限20.0)
26-17-18-06 原始规范坐标 G(Re Σrow_mean) = +35.4596 | 累计|g| = 15.4321
26-17-18-06 Ψ矩阵条件数 cond(Ψ) = 3.02e+02
26-17-18-06 Loss=-3.096917 | E0=-0.98078933+0.10440021j | E1=-0.96106525+0.00676549j|E2=-0.66316495-0.00027307j|E3=-0.49189740-0.15666876j
26-17-18-06 #-----------------------------------------#
26-17-18-06 [Step 289] logΨ: mean=8.056+0.699j | min=2.800+1.820j | max=8.376+2.323j
26-17-18-06 梯度监控 | raw=264.5136 | per_param=7.9465 |  natural=0.1330 | clipped=0.1330(上限20.0)
26-17-18-06 原始规范坐标 G(Re Σrow_mean) = +35.4141 | 累计|g| = 15.4321
26-17-18-06 Ψ矩阵条件数 cond(Ψ) = 9.00e+01
26-17-18-06 Loss=-3.136800 | E0=-1.01483484+0.32966156j | E1=-0.96195017+0.00037970j|E2=-0.66293083+0.00040455j|E3=-0.49708386-0.43831464j
26-17-18-06 #-----------------------------------------#
26-17-18-06 [GaugeReset@290] 吸收 Δg = Σ Re(col_mean) = +35.4141 | 新|g| = 18.0964
26-17-18-06 [Step 290] logΨ: mean=2.260+0.527j | min=-4.343+2.625j | max=2.476+1.970j
26-17-18-06 梯度监控 | raw=145.8098 | per_param=4.3804 |  natural=0.1006 | clipped=0.1006(上限20.0)
26-17-18-06 原始规范坐标 G(Re Σrow_mean) = +35.1081 | 累计|g| = 18.0964
26-17-18-06 Ψ矩阵条件数 cond(Ψ) = 9.19e+01
26-17-18-06 Loss=-3.097636 | E0=-1.15131230+0.16691858j | E1=-0.95616871+0.00268661j|E2=-0.65897271+0.00173284j|E3=-0.33118201-0.25389543j
26-17-18-06 #-----------------------------------------#
26-17-18-06 [Step 291] logΨ: mean=1.726+0.291j | min=-4.138+2.515j | max=1.989+2.226j
26-17-18-06 梯度监控 | raw=232.0260 | per_param=6.9705 |  natural=0.1135 | clipped=0.1135(上限20.0)
26-17-18-06 原始规范坐标 G(Re Σrow_mean) = +34.6254 | 累计|g| = 18.0964
26-17-18-06 Ψ矩阵条件数 cond(Ψ) = 2.13e+02
26-17-18-06 Loss=-3.261662 | E0=-0.96000982-0.00016312j | E1=-0.95338338-0.14978342j|E2=-0.68473328+0.20558808j|E3=-0.66353550+0.00033865j
26-17-18-06 #-----------------------------------------#
26-17-18-06 [Step 292] logΨ: mean=1.663+0.197j | min=-3.479-2.935j | max=1.865+2.387j
26-17-18-06 梯度监控 | raw=120.8205 | per_param=3.6297 |  natural=0.0565 | clipped=0.0565(上限20.0)
26-17-18-06 原始规范坐标 G(Re Σrow_mean) = +34.5961 | 累计|g| = 18.0964
26-17-18-06 Ψ矩阵条件数 cond(Ψ) = 1.40e+02
26-17-18-06 Loss=-3.189658 | E0=-1.13270418+0.02968080j | E1=-0.95883166-0.00016297j|E2=-0.66351554+0.00009825j|E3=-0.43460642-0.05550632j
26-17-18-06 #-----------------------------------------#
26-17-18-06 [Step 293] logΨ: mean=1.471+0.453j | min=-4.134-0.833j | max=1.715+2.255j
26-17-18-06 梯度监控 | raw=142.6533 | per_param=4.2856 |  natural=0.0502 | clipped=0.0502(上限20.0)
26-17-18-06 原始规范坐标 G(Re Σrow_mean) = +34.3714 | 累计|g| = 18.0964
26-17-18-06 Ψ矩阵条件数 cond(Ψ) = 1.02e+02
26-17-18-06 Loss=-3.166942 | E0=-1.07545191-0.03350212j | E1=-0.95911502+0.00004753j|E2=-0.66281902-0.00032662j|E3=-0.46955622-0.02067473j
26-17-18-06 #-----------------------------------------#
26-17-18-06 [Step 294] logΨ: mean=1.512+0.786j | min=-3.594-0.463j | max=1.940+2.611j
26-17-18-06 梯度监控 | raw=262.7128 | per_param=7.8924 |  natural=0.0768 | clipped=0.0768(上限20.0)
26-17-18-06 原始规范坐标 G(Re Σrow_mean) = +34.4479 | 累计|g| = 18.0964
26-17-18-06 Ψ矩阵条件数 cond(Ψ) = 1.06e+02
26-17-18-06 Loss=-3.156785 | E0=-1.06281961+0.04943392j | E1=-0.95693829-0.00207917j|E2=-0.66579109-0.00082473j|E3=-0.47123650-0.07807359j
26-17-18-06 #-----------------------------------------#
26-17-18-06 [Step 295] logΨ: mean=2.739+0.873j | min=-3.599+1.748j | max=3.027+2.554j
26-17-18-06 梯度监控 | raw=168.9210 | per_param=5.0747 |  natural=0.0745 | clipped=0.0745(上限20.0)
26-17-18-06 原始规范坐标 G(Re Σrow_mean) = +35.6207 | 累计|g| = 18.0964
26-17-18-06 Ψ矩阵条件数 cond(Ψ) = 1.10e+02
26-17-18-06 Loss=-3.180123 | E0=-1.09738268+0.02174503j | E1=-0.95520958-0.00078350j|E2=-0.66162895-0.00040789j|E3=-0.46590199+0.01508918j
26-17-18-06 #-----------------------------------------#
26-17-18-06 [Step 296] logΨ: mean=2.280+0.210j | min=-3.593-1.245j | max=2.541+1.723j
26-17-18-06 梯度监控 | raw=301.7766 | per_param=9.0660 |  natural=0.0851 | clipped=0.0851(上限20.0)
26-17-18-06 原始规范坐标 G(Re Σrow_mean) = +35.1212 | 累计|g| = 18.0964
26-17-18-06 Ψ矩阵条件数 cond(Ψ) = 1.01e+02
26-17-18-06 Loss=-3.357678 | E0=-1.13323339-0.09578728j | E1=-0.95831596-0.00057747j|E2=-0.66331160+0.00022435j|E3=-0.60281684+0.15443406j
26-17-18-06 #-----------------------------------------#
26-17-18-06 [Step 297] logΨ: mean=2.431+0.117j | min=-2.742+1.922j | max=2.617+1.982j
26-17-18-06 梯度监控 | raw=98.5383 | per_param=2.9603 |  natural=0.0808 | clipped=0.0808(上限20.0)
26-17-18-06 原始规范坐标 G(Re Σrow_mean) = +35.3014 | 累计|g| = 18.0964
26-17-18-06 Ψ矩阵条件数 cond(Ψ) = 9.92e+01
26-17-18-06 Loss=-3.125143 | E0=-0.95880748-0.01901397j | E1=-0.94074762-0.01180263j|E2=-0.66382610+0.00004434j|E3=-0.56176177+0.05713225j
26-17-18-06 #-----------------------------------------#
26-17-18-06 [Step 298] logΨ: mean=3.224+0.177j | min=-1.871-1.047j | max=3.461+2.147j
26-17-18-06 梯度监控 | raw=160.7334 | per_param=4.8288 |  natural=0.0897 | clipped=0.0897(上限20.0)
26-17-18-06 原始规范坐标 G(Re Σrow_mean) = +36.0646 | 累计|g| = 18.0964
26-17-18-06 Ψ矩阵条件数 cond(Ψ) = 1.02e+02
26-17-18-06 Loss=-3.174814 | E0=-1.08941188-0.08438464j | E1=-0.95641671-0.00075821j|E2=-0.66390642-0.00011952j|E3=-0.46507938+0.12228340j
26-17-18-06 #-----------------------------------------#
26-17-18-07 [Step 299] logΨ: mean=2.926+0.774j | min=-1.131+0.771j | max=3.035+2.658j
26-17-18-07 梯度监控 | raw=105.7933 | per_param=3.1783 |  natural=0.0801 | clipped=0.0801(上限20.0)
26-17-18-07 原始规范坐标 G(Re Σrow_mean) = +35.7541 | 累计|g| = 18.0964
26-17-18-07 Ψ矩阵条件数 cond(Ψ) = 1.07e+02
26-17-18-07 Loss=-3.253150 | E0=-1.30525337-0.11488554j | E1=-0.95738920-0.00002817j|E2=-0.66417936-0.00023109j|E3=-0.32632764+0.16984703j
26-17-18-07 #-----------------------------------------#
26-17-18-07 [保存] Step 299 → pickle 文件已更新 (300 条记录)
26-17-18-07 [GaugeReset@300] 吸收 Δg = Σ Re(col_mean) = +35.7541 | 新|g| = 18.2586
26-17-18-07 训练耗时：370.08 秒
26-17-18-07 
============================================================
26-17-18-07 训练完成!
26-17-18-07 ============================================================
26-17-18-07 [保存] 训练结束，pickle 最终写入 300 条记录 → ./data/26-09-17-18-00_history_natural_gradient_H2_molecule_K4.pkl
