26-08-18-09 
============================================================
26-08-18-09 开始多链 NES-VMC 训练 | P8: 双侧一致列规范 + 周期性 gauge reset
26-08-18-09 超参数配置:

N_CHAINS =16

N_SAMPLES_PER_CHAIN =200

SWEEP_SIZE = 10

N_ITER = 300

Natural_Grad = True

clip_norm = 20.0

lr = 0.1

qgt_diag_shift = 0.1

RESET_PERIOD = 10
       
SAVE_INTERVAL = 20
26-08-18-09 ============================================================
26-08-18-09 精确CAS基准：基态=-1.05434745 Ha | 1激发=-0.95790573 Ha|2激发=-0.66895227 Ha|3激发=-0.55140192 Ha|
26-08-18-09 理论 Loss 上限：-3.23260738 
26-08-18-09 超参：clip_norm=20.0, lr=0.1, QGT diag_shift=0.1, RESET_PERIOD=10
26-08-18-09 [Step   0] logΨ: mean=1.047-0.028j | min=-1.938-1.853j | max=2.293+2.041j
26-08-18-09 梯度监控 | raw=3.7715 | natural=1.0026 | clipped=1.0026(上限20.0)
26-08-18-09 原始规范坐标 G(Re Σrow_mean) = +1.0558 | 累计|g| = 0.0000
26-08-18-09 Ψ矩阵条件数 cond(Ψ) = 1.09e+01
26-08-18-09 Loss=0.891533 | E0=-0.33648063-0.00128698j | E1=0.05903526+0.00222923j|E2=0.18923770-0.00139467j|E3=0.97974050-0.00353986j
26-08-18-09 #-----------------------------------------#
26-08-18-09 [Step   1] logΨ: mean=1.388+0.059j | min=-0.958+0.471j | max=2.634+1.989j
26-08-18-09 梯度监控 | raw=3.8033 | natural=1.0381 | clipped=1.0381(上限20.0)
26-08-18-09 原始规范坐标 G(Re Σrow_mean) = +1.3595 | 累计|g| = 0.0000
26-08-18-09 Ψ矩阵条件数 cond(Ψ) = 8.07e+00
26-08-18-09 Loss=0.656437 | E0=-0.40988899+0.00172520j | E1=0.01729842+0.00126780j|E2=0.12887935+0.00319351j|E3=0.92014789-0.00692854j
26-08-18-09 #-----------------------------------------#
26-08-18-09 [Step   2] logΨ: mean=1.817-0.018j | min=-1.251-1.515j | max=2.999+1.720j
26-08-18-09 梯度监控 | raw=3.8530 | natural=1.0237 | clipped=1.0237(上限20.0)
26-08-18-09 原始规范坐标 G(Re Σrow_mean) = +1.7249 | 累计|g| = 0.0000
26-08-18-09 Ψ矩阵条件数 cond(Ψ) = 8.54e+00
26-08-18-09 Loss=0.380926 | E0=-0.49417221+0.00999112j | E1=-0.04599071-0.00669486j|E2=0.07567794-0.00180237j|E3=0.84541084+0.00287005j
26-08-18-09 #-----------------------------------------#
26-08-18-09 [Step   3] logΨ: mean=2.289+0.148j | min=-0.453-2.905j | max=3.478+1.697j
26-08-18-09 梯度监控 | raw=3.4601 | natural=1.0319 | clipped=1.0319(上限20.0)
26-08-18-09 原始规范坐标 G(Re Σrow_mean) = +2.1140 | 累计|g| = 0.0000
26-08-18-09 Ψ矩阵条件数 cond(Ψ) = 1.10e+01
26-08-18-09 Loss=0.137307 | E0=-0.54970078-0.00215365j | E1=-0.14301902-0.00309159j|E2=0.05619310+0.00275628j|E3=0.77383396+0.00536835j
26-08-18-09 #-----------------------------------------#
26-08-18-09 [Step   4] logΨ: mean=2.852+0.070j | min=-0.843+1.739j | max=3.993+1.750j
26-08-18-09 梯度监控 | raw=3.1091 | natural=1.0151 | clipped=1.0151(上限20.0)
26-08-18-09 原始规范坐标 G(Re Σrow_mean) = +2.5679 | 累计|g| = 0.0000
26-08-18-09 Ψ矩阵条件数 cond(Ψ) = 9.71e+00
26-08-18-09 Loss=-0.183703 | E0=-0.64843110+0.01170088j | E1=-0.20065765-0.00160750j|E2=0.01386694-0.00076208j|E3=0.65151885-0.00482990j
26-08-18-09 #-----------------------------------------#
26-08-18-09 [Step   5] logΨ: mean=3.445+0.028j | min=0.612-0.177j | max=4.583+1.733j
26-08-18-09 梯度监控 | raw=3.0908 | natural=0.9650 | clipped=0.9650(上限20.0)
26-08-18-09 原始规范坐标 G(Re Σrow_mean) = +3.0546 | 累计|g| = 0.0000
26-08-18-09 Ψ矩阵条件数 cond(Ψ) = 8.07e+00
26-08-18-09 Loss=-0.445526 | E0=-0.70639967+0.00319982j | E1=-0.32799886+0.00505055j|E2=-0.01252497-0.00722335j|E3=0.60139795-0.01010597j
26-08-18-09 #-----------------------------------------#
26-08-18-09 [Step   6] logΨ: mean=4.074+0.126j | min=0.975+0.176j | max=5.232+1.719j
26-08-18-09 梯度监控 | raw=3.1196 | natural=1.0155 | clipped=1.0155(上限20.0)
26-08-18-09 原始规范坐标 G(Re Σrow_mean) = +3.5733 | 累计|g| = 0.0000
26-08-18-09 Ψ矩阵条件数 cond(Ψ) = 7.75e+00
26-08-18-09 Loss=-0.642241 | E0=-0.73424964+0.00522646j | E1=-0.37998381-0.00510063j|E2=-0.02511586-0.00028664j|E3=0.49710794-0.00099230j
26-08-18-09 #-----------------------------------------#
26-08-18-09 [Step   7] logΨ: mean=4.815+0.073j | min=1.676+2.991j | max=5.907+1.719j
26-08-18-09 梯度监控 | raw=2.8642 | natural=0.9944 | clipped=0.9944(上限20.0)
26-08-18-09 原始规范坐标 G(Re Σrow_mean) = +4.1712 | 累计|g| = 0.0000
26-08-18-09 Ψ矩阵条件数 cond(Ψ) = 1.40e+01
26-08-18-09 Loss=-0.865551 | E0=-0.78915448-0.00065867j | E1=-0.46370855+0.00653631j|E2=-0.03832900-0.00028232j|E3=0.42564101-0.01976891j
26-08-18-09 #-----------------------------------------#
26-08-18-09 [Step   8] logΨ: mean=5.594+0.080j | min=2.198+1.235j | max=6.661+1.894j
26-08-18-09 梯度监控 | raw=3.2795 | natural=0.9640 | clipped=0.9640(上限20.0)
26-08-18-09 原始规范坐标 G(Re Σrow_mean) = +4.8074 | 累计|g| = 0.0000
26-08-18-09 Ψ矩阵条件数 cond(Ψ) = 1.05e+01
26-08-18-09 Loss=-1.093217 | E0=-0.82509890+0.00328004j | E1=-0.51830188-0.00237749j|E2=-0.10450533+0.00012498j|E3=0.35468893+0.00062597j
26-08-18-09 #-----------------------------------------#
26-08-18-09 [Step   9] logΨ: mean=6.329+0.085j | min=2.204-1.955j | max=7.455+1.929j
26-08-18-09 梯度监控 | raw=3.2402 | natural=0.9379 | clipped=0.9379(上限20.0)
26-08-18-09 原始规范坐标 G(Re Σrow_mean) = +5.4100 | 累计|g| = 0.0000
26-08-18-09 Ψ矩阵条件数 cond(Ψ) = 9.78e+00
26-08-18-09 Loss=-1.260134 | E0=-0.85166189+0.00520872j | E1=-0.57439513-0.00621804j|E2=-0.13065837+0.00467176j|E3=0.29658134-0.01818266j
26-08-18-09 #-----------------------------------------#
26-08-18-09 [GaugeReset@10] 吸收 Δg = Σ Re(col_mean) = +5.4100 | 新|g| = 2.9666
26-08-18-09 [Step  10] logΨ: mean=1.741+0.400j | min=-2.998+2.673j | max=2.866+2.909j
26-08-18-09 梯度监控 | raw=3.5056 | natural=0.9153 | clipped=0.9153(上限20.0)
26-08-18-09 原始规范坐标 G(Re Σrow_mean) = +6.1130 | 累计|g| = 2.9666
26-08-18-09 Ψ矩阵条件数 cond(Ψ) = 2.78e+01
26-08-18-09 Loss=-1.425535 | E0=-0.88748351+0.00151451j | E1=-0.61332563-0.00004396j|E2=-0.15949119+0.00834087j|E3=0.23476512-0.01071780j
26-08-18-09 #-----------------------------------------#
26-08-18-09 [Step  11] logΨ: mean=2.604+0.409j | min=-1.921-2.117j | max=3.610+2.944j
26-08-18-09 梯度监控 | raw=3.7380 | natural=0.8277 | clipped=0.8277(上限20.0)
26-08-18-09 原始规范坐标 G(Re Σrow_mean) = +6.8530 | 累计|g| = 2.9666
26-08-18-09 Ψ矩阵条件数 cond(Ψ) = 9.91e+00
26-08-18-09 Loss=-1.672823 | E0=-0.91914367+0.00048723j | E1=-0.71764399-0.00083987j|E2=-0.22314322-0.00406194j|E3=0.18710762+0.01192100j
26-08-18-09 #-----------------------------------------#
26-08-18-09 [Step  12] logΨ: mean=3.329+0.500j | min=-1.131+1.788j | max=4.331+3.099j
26-08-18-09 梯度监控 | raw=3.2410 | natural=0.7800 | clipped=0.7800(上限20.0)
26-08-18-09 原始规范坐标 G(Re Σrow_mean) = +7.4715 | 累计|g| = 2.9666
26-08-18-09 Ψ矩阵条件数 cond(Ψ) = 1.33e+01
26-08-18-09 Loss=-1.820585 | E0=-0.93330291+0.00056472j | E1=-0.76358012+0.00436133j|E2=-0.26896327+0.00289777j|E3=0.14526140-0.01119708j
26-08-18-09 #-----------------------------------------#
26-08-18-09 [Step  13] logΨ: mean=4.062+0.316j | min=-0.766+0.125j | max=5.092+3.113j
26-08-18-09 梯度监控 | raw=3.7166 | natural=0.8145 | clipped=0.8145(上限20.0)
26-08-18-09 原始规范坐标 G(Re Σrow_mean) = +8.1092 | 累计|g| = 2.9666
26-08-18-09 Ψ矩阵条件数 cond(Ψ) = 6.81e+00
26-08-18-09 Loss=-1.868459 | E0=-0.95092034+0.00218880j | E1=-0.77928819+0.00056585j|E2=-0.26512988-0.00013437j|E3=0.12687939+0.00726064j
26-08-18-09 #-----------------------------------------#
26-08-18-10 [Step  14] logΨ: mean=4.829+0.122j | min=0.674-2.013j | max=5.861+0.034j
26-08-18-10 梯度监控 | raw=4.3891 | natural=0.7383 | clipped=0.7383(上限20.0)
26-08-18-10 原始规范坐标 G(Re Σrow_mean) = +8.7794 | 累计|g| = 2.9666
26-08-18-10 Ψ矩阵条件数 cond(Ψ) = 8.52e+00
26-08-18-10 Loss=-1.961602 | E0=-0.95050827-0.00046802j | E1=-0.78413013+0.00408086j|E2=-0.32599273-0.01063312j|E3=0.09902951-0.00293121j
26-08-18-10 #-----------------------------------------#
26-08-18-10 [Step  15] logΨ: mean=5.568+0.188j | min=0.858+0.817j | max=6.563+0.061j
26-08-18-10 梯度监控 | raw=4.3164 | natural=0.7156 | clipped=0.7156(上限20.0)
26-08-18-10 原始规范坐标 G(Re Σrow_mean) = +9.4322 | 累计|g| = 2.9666
26-08-18-10 Ψ矩阵条件数 cond(Ψ) = 1.65e+01
26-08-18-10 Loss=-2.075026 | E0=-0.96734261-0.00139979j | E1=-0.83689690+0.00349626j|E2=-0.36083397+0.00450792j|E3=0.09004738+0.00519990j
26-08-18-10 #-----------------------------------------#
26-08-18-10 [Step  16] logΨ: mean=6.219-0.030j | min=1.054+2.639j | max=7.132+0.148j
26-08-18-10 梯度监控 | raw=5.2945 | natural=0.6325 | clipped=0.6325(上限20.0)
26-08-18-10 原始规范坐标 G(Re Σrow_mean) = +10.0263 | 累计|g| = 2.9666
26-08-18-10 Ψ矩阵条件数 cond(Ψ) = 2.58e+01
26-08-18-10 Loss=-2.171164 | E0=-0.97315244-0.00591884j | E1=-0.86354373+0.00034325j|E2=-0.39654847+0.00200527j|E3=0.06208049+0.00881327j
26-08-18-10 #-----------------------------------------#
26-08-18-10 [Step  17] logΨ: mean=6.791-0.074j | min=1.124+2.729j | max=7.698+0.215j
26-08-18-10 梯度监控 | raw=5.7885 | natural=0.6541 | clipped=0.6541(上限20.0)
26-08-18-10 原始规范坐标 G(Re Σrow_mean) = +10.5029 | 累计|g| = 2.9666
26-08-18-10 Ψ矩阵条件数 cond(Ψ) = 1.59e+01
26-08-18-10 Loss=-2.232579 | E0=-0.97765520-0.00524987j | E1=-0.86899738-0.00761280j|E2=-0.43090551+0.01084956j|E3=0.04497879-0.00580075j
26-08-18-10 #-----------------------------------------#
26-08-18-10 [Step  18] logΨ: mean=7.379-0.351j | min=3.345+2.157j | max=8.194+0.238j
26-08-18-10 梯度监控 | raw=6.0020 | natural=0.5267 | clipped=0.5267(上限20.0)
26-08-18-10 原始规范坐标 G(Re Σrow_mean) = +11.0315 | 累计|g| = 2.9666
26-08-18-10 Ψ矩阵条件数 cond(Ψ) = 1.44e+01
26-08-18-10 Loss=-2.320219 | E0=-0.99607710+0.00154164j | E1=-0.90094913-0.00315731j|E2=-0.44540808-0.00191712j|E3=0.02221512+0.00374164j
26-08-18-10 #-----------------------------------------#
26-08-18-10 [Step  19] logΨ: mean=7.955-0.253j | min=2.842+2.782j | max=8.831+0.210j
26-08-18-10 梯度监控 | raw=7.0540 | natural=0.5966 | clipped=0.5966(上限20.0)
26-08-18-10 原始规范坐标 G(Re Σrow_mean) = +11.5673 | 累计|g| = 2.9666
26-08-18-10 Ψ矩阵条件数 cond(Ψ) = 1.44e+01
26-08-18-10 Loss=-2.318922 | E0=-0.99257208+0.00164766j | E1=-0.89375141+0.00067247j|E2=-0.45730937-0.00463045j|E3=0.02471071+0.00793302j
26-08-18-10 #-----------------------------------------#
26-08-18-10 [保存] Step 19 → pickle 文件已更新 (20 条记录)
26-08-18-10 [GaugeReset@20] 吸收 Δg = Σ Re(col_mean) = +11.5673 | 新|g| = 6.1771
26-08-18-10 [Step  20] logΨ: mean=2.169-0.650j | min=-1.850-0.311j | max=2.988+0.577j
26-08-18-10 梯度监控 | raw=8.1328 | natural=0.4718 | clipped=0.4718(上限20.0)
26-08-18-10 原始规范坐标 G(Re Σrow_mean) = +11.9394 | 累计|g| = 6.1771
26-08-18-10 Ψ矩阵条件数 cond(Ψ) = 2.20e+01
26-08-18-10 Loss=-2.403027 | E0=-1.01334063+0.00193322j | E1=-0.91262450-0.00508912j|E2=-0.47867138+0.00207887j|E3=0.00160961-0.00408143j
26-08-18-10 #-----------------------------------------#
26-08-18-10 [Step  21] logΨ: mean=2.514-0.607j | min=-2.193+1.710j | max=3.294+0.663j
26-08-18-10 梯度监控 | raw=9.3064 | natural=0.4633 | clipped=0.4633(上限20.0)
26-08-18-10 原始规范坐标 G(Re Σrow_mean) = +12.2460 | 累计|g| = 6.1771
26-08-18-10 Ψ矩阵条件数 cond(Ψ) = 2.23e+01
26-08-18-10 Loss=-2.425693 | E0=-1.00746152+0.00155245j | E1=-0.92240919-0.00376664j|E2=-0.49151794-0.00464420j|E3=-0.00430452+0.00736417j
26-08-18-10 #-----------------------------------------#
26-08-18-10 [Step  22] logΨ: mean=2.942-0.835j | min=-1.661-1.752j | max=3.702+0.651j
26-08-18-10 梯度监控 | raw=11.4443 | natural=0.4197 | clipped=0.4197(上限20.0)
26-08-18-10 原始规范坐标 G(Re Σrow_mean) = +12.6574 | 累计|g| = 6.1771
26-08-18-10 Ψ矩阵条件数 cond(Ψ) = 2.19e+01
26-08-18-10 Loss=-2.478421 | E0=-1.00975364+0.00154839j | E1=-0.93321593+0.00146825j|E2=-0.51185512-0.00351819j|E3=-0.02359648+0.00166945j
26-08-18-10 #-----------------------------------------#
26-08-18-10 [Step  23] logΨ: mean=3.296-0.622j | min=-1.317-2.802j | max=4.033+0.603j
26-08-18-10 梯度监控 | raw=11.0916 | natural=0.4250 | clipped=0.4250(上限20.0)
26-08-18-10 原始规范坐标 G(Re Σrow_mean) = +12.9549 | 累计|g| = 6.1771
26-08-18-10 Ψ矩阵条件数 cond(Ψ) = 1.65e+01
26-08-18-10 Loss=-2.492346 | E0=-1.01784264-0.00156079j | E1=-0.93752437+0.00020369j|E2=-0.51084770+0.00036465j|E3=-0.02613179-0.00263362j
26-08-18-10 #-----------------------------------------#
26-08-18-10 [Step  24] logΨ: mean=3.750-0.775j | min=-2.530+0.648j | max=4.503+0.546j
26-08-18-10 梯度监控 | raw=12.7493 | natural=0.4310 | clipped=0.4310(上限20.0)
26-08-18-10 原始规范坐标 G(Re Σrow_mean) = +13.4241 | 累计|g| = 6.1771
26-08-18-10 Ψ矩阵条件数 cond(Ψ) = 2.72e+01
26-08-18-10 Loss=-2.505241 | E0=-1.02004643-0.00018328j | E1=-0.93527517-0.00246095j|E2=-0.52212314-0.00449272j|E3=-0.02779592+0.00817532j
26-08-18-10 #-----------------------------------------#
26-08-18-10 [Step  25] logΨ: mean=4.098-0.741j | min=-1.936+1.349j | max=4.746+0.649j
26-08-18-10 梯度监控 | raw=16.2015 | natural=0.3746 | clipped=0.3746(上限20.0)
26-08-18-10 原始规范坐标 G(Re Σrow_mean) = +13.7492 | 累计|g| = 6.1771
26-08-18-10 Ψ矩阵条件数 cond(Ψ) = 1.44e+01
26-08-18-10 Loss=-2.559564 | E0=-1.02242335+0.00037778j | E1=-0.94292697-0.00328792j|E2=-0.54358424+0.00174208j|E3=-0.05062922-0.00478038j
26-08-18-10 #-----------------------------------------#
26-08-18-10 [Step  26] logΨ: mean=4.315-0.646j | min=-0.289+0.217j | max=4.995+0.262j
26-08-18-10 梯度监控 | raw=18.8686 | natural=0.2917 | clipped=0.2917(上限20.0)
26-08-18-10 原始规范坐标 G(Re Σrow_mean) = +13.9341 | 累计|g| = 6.1771
26-08-18-10 Ψ矩阵条件数 cond(Ψ) = 1.41e+01
26-08-18-10 Loss=-2.572197 | E0=-1.02913597-0.00107496j | E1=-0.94208290-0.00269817j|E2=-0.54569648+0.00186456j|E3=-0.05528153-0.00379519j
26-08-18-10 #-----------------------------------------#
26-08-18-10 [Step  27] logΨ: mean=4.394-0.658j | min=-1.337-1.594j | max=5.086+0.371j
26-08-18-10 梯度监控 | raw=21.4345 | natural=0.5083 | clipped=0.5083(上限20.0)
26-08-18-10 原始规范坐标 G(Re Σrow_mean) = +14.0532 | 累计|g| = 6.1771
26-08-18-10 Ψ矩阵条件数 cond(Ψ) = 1.90e+01
26-08-18-10 Loss=-2.598004 | E0=-1.03414236-0.00023347j | E1=-0.94750806-0.00116813j|E2=-0.55019977+0.01094912j|E3=-0.06615406-0.00743239j
26-08-18-10 #-----------------------------------------#
26-08-18-10 [Step  28] logΨ: mean=4.573-0.808j | min=-0.153-2.328j | max=5.264+0.420j
26-08-18-10 梯度监控 | raw=22.5303 | natural=0.3852 | clipped=0.3852(上限20.0)
26-08-18-10 原始规范坐标 G(Re Σrow_mean) = +14.3613 | 累计|g| = 6.1771
26-08-18-10 Ψ矩阵条件数 cond(Ψ) = 1.12e+01
26-08-18-10 Loss=-2.608599 | E0=-1.03468688-0.00089906j | E1=-0.94867816+0.00179833j|E2=-0.55870733+0.00584615j|E3=-0.06652622-0.00134812j
26-08-18-10 #-----------------------------------------#
26-08-18-10 [Step  29] logΨ: mean=4.744-0.672j | min=0.331+2.432j | max=5.434+0.503j
26-08-18-10 梯度监控 | raw=29.0088 | natural=0.3334 | clipped=0.3334(上限20.0)
26-08-18-10 原始规范坐标 G(Re Σrow_mean) = +14.5455 | 累计|g| = 6.1771
26-08-18-10 Ψ矩阵条件数 cond(Ψ) = 1.84e+01
26-08-18-10 Loss=-2.627278 | E0=-1.03005955-0.00125605j | E1=-0.94955970+0.00171324j|E2=-0.57114046-0.00284067j|E3=-0.07651817+0.00309739j
26-08-18-10 #-----------------------------------------#
26-08-18-10 [GaugeReset@30] 吸收 Δg = Σ Re(col_mean) = +14.5455 | 新|g| = 7.8672
26-08-18-10 [Step  30] logΨ: mean=2.046+0.763j | min=-2.546+0.537j | max=2.733+2.945j
26-08-18-10 梯度监控 | raw=36.3829 | natural=0.2855 | clipped=0.2855(上限20.0)
26-08-18-10 原始规范坐标 G(Re Σrow_mean) = +14.8275 | 累计|g| = 7.8672
26-08-18-10 Ψ矩阵条件数 cond(Ψ) = 5.09e+01
26-08-18-10 Loss=-2.642310 | E0=-1.03807655-0.00039604j | E1=-0.95246519+0.00083415j|E2=-0.56840832+0.00094591j|E3=-0.08336019+0.00480901j
26-08-18-10 #-----------------------------------------#
26-08-18-10 [Step  31] logΨ: mean=2.278+0.607j | min=-2.337+0.509j | max=3.005+2.912j
26-08-18-10 梯度监控 | raw=41.6191 | natural=0.2222 | clipped=0.2222(上限20.0)
26-08-18-10 原始规范坐标 G(Re Σrow_mean) = +15.0472 | 累计|g| = 7.8672
26-08-18-10 Ψ矩阵条件数 cond(Ψ) = 2.24e+01
26-08-18-10 Loss=-2.654975 | E0=-1.04058051+0.00021645j | E1=-0.95214860+0.00191482j|E2=-0.56988120-0.00285730j|E3=-0.09236514+0.00022562j
26-08-18-10 #-----------------------------------------#
26-08-18-10 [Step  32] logΨ: mean=2.419+0.583j | min=-2.007-0.862j | max=3.222+2.960j
26-08-18-10 梯度监控 | raw=45.6746 | natural=0.2719 | clipped=0.2719(上限20.0)
26-08-18-10 原始规范坐标 G(Re Σrow_mean) = +15.2761 | 累计|g| = 7.8672
26-08-18-10 Ψ矩阵条件数 cond(Ψ) = 6.93e+01
26-08-18-10 Loss=-2.682742 | E0=-1.03870274-0.00080805j | E1=-0.95303092+0.00050901j|E2=-0.58639719+0.00402416j|E3=-0.10461136+0.00078731j
26-08-18-10 #-----------------------------------------#
26-08-18-10 [Step  33] logΨ: mean=2.651+0.743j | min=-1.132-0.513j | max=3.465+2.981j
26-08-18-10 梯度监控 | raw=51.7139 | natural=0.1948 | clipped=0.1948(上限20.0)
26-08-18-10 原始规范坐标 G(Re Σrow_mean) = +15.5073 | 累计|g| = 7.8672
26-08-18-10 Ψ矩阵条件数 cond(Ψ) = 1.86e+01
26-08-18-10 Loss=-2.701607 | E0=-1.04200092-0.00018692j | E1=-0.95366327+0.00169782j|E2=-0.57956596-0.00073077j|E3=-0.12637658+0.00676223j
26-08-18-10 #-----------------------------------------#
26-08-18-10 [Step  34] logΨ: mean=2.829+0.377j | min=-3.762+1.518j | max=3.710+2.916j
26-08-18-10 梯度监控 | raw=51.1346 | natural=0.2453 | clipped=0.2453(上限20.0)
26-08-18-10 原始规范坐标 G(Re Σrow_mean) = +15.5924 | 累计|g| = 7.8672
26-08-18-10 Ψ矩阵条件数 cond(Ψ) = 1.69e+01
26-08-18-10 Loss=-2.691641 | E0=-1.04042603-0.00315000j | E1=-0.95366148-0.00503479j|E2=-0.57834276-0.00174549j|E3=-0.11921074-0.00532259j
26-08-18-10 #-----------------------------------------#
26-08-18-10 [Step  35] logΨ: mean=2.991+0.799j | min=-1.799-1.515j | max=3.854+2.972j
26-08-18-10 梯度监控 | raw=66.1129 | natural=0.3296 | clipped=0.3296(上限20.0)
26-08-18-10 原始规范坐标 G(Re Σrow_mean) = +15.8980 | 累计|g| = 7.8672
26-08-18-10 Ψ矩阵条件数 cond(Ψ) = 1.25e+01
26-08-18-10 Loss=-2.749262 | E0=-1.03538493-0.00067597j | E1=-0.95288391-0.00019122j|E2=-0.59305170-0.00288514j|E3=-0.16794173+0.00329936j
26-08-18-10 #-----------------------------------------#
26-08-18-10 [Step  36] logΨ: mean=3.128+0.853j | min=-0.879+0.786j | max=3.987+2.962j
26-08-18-10 梯度监控 | raw=68.5939 | natural=0.1946 | clipped=0.1946(上限20.0)
26-08-18-10 原始规范坐标 G(Re Σrow_mean) = +16.0469 | 累计|g| = 7.8672
26-08-18-10 Ψ矩阵条件数 cond(Ψ) = 2.02e+01
26-08-18-10 Loss=-2.754326 | E0=-1.04369984-0.00256889j | E1=-0.95290267-0.00152728j|E2=-0.59548682-0.00051216j|E3=-0.16223662-0.00301428j
26-08-18-10 #-----------------------------------------#
26-08-18-10 [Step  37] logΨ: mean=3.378+0.754j | min=-1.401-1.465j | max=4.250+2.964j
26-08-18-10 梯度监控 | raw=72.4550 | natural=0.1814 | clipped=0.1814(上限20.0)
26-08-18-10 原始规范坐标 G(Re Σrow_mean) = +16.2772 | 累计|g| = 7.8672
26-08-18-10 Ψ矩阵条件数 cond(Ψ) = 1.03e+01
26-08-18-10 Loss=-2.767373 | E0=-1.04125793-0.00260224j | E1=-0.95408393-0.00020144j|E2=-0.59259134-0.00099552j|E3=-0.17944024-0.00062575j
26-08-18-10 #-----------------------------------------#
26-08-18-10 [Step  38] logΨ: mean=3.475+0.782j | min=-0.896+3.002j | max=4.376+2.981j
26-08-18-10 梯度监控 | raw=79.4094 | natural=0.1661 | clipped=0.1661(上限20.0)
26-08-18-10 原始规范坐标 G(Re Σrow_mean) = +16.4292 | 累计|g| = 7.8672
26-08-18-10 Ψ矩阵条件数 cond(Ψ) = 2.59e+01
26-08-18-10 Loss=-2.787375 | E0=-1.04447927+0.00170997j | E1=-0.95511343+0.00230224j|E2=-0.59499129+0.00060235j|E3=-0.19279137-0.00240371j
26-08-18-10 #-----------------------------------------#
26-08-18-10 [Step  39] logΨ: mean=3.652+0.738j | min=-1.774-0.632j | max=4.594+2.908j
26-08-18-10 梯度监控 | raw=85.1215 | natural=0.2572 | clipped=0.2572(上限20.0)
26-08-18-10 原始规范坐标 G(Re Σrow_mean) = +16.6149 | 累计|g| = 7.8672
26-08-18-10 Ψ矩阵条件数 cond(Ψ) = 1.76e+01
26-08-18-10 Loss=-2.800912 | E0=-1.03264429-0.00194573j | E1=-0.95419748-0.00106830j|E2=-0.59599924+0.00299115j|E3=-0.21807055+0.00036468j
26-08-18-10 #-----------------------------------------#
26-08-18-10 [保存] Step 39 → pickle 文件已更新 (40 条记录)
26-08-18-10 [GaugeReset@40] 吸收 Δg = Σ Re(col_mean) = +16.6149 | 新|g| = 8.9587
26-08-18-10 [Step  40] logΨ: mean=1.853+0.703j | min=-1.800-3.118j | max=2.688+2.680j
26-08-18-10 梯度监控 | raw=84.0212 | natural=0.1704 | clipped=0.1704(上限20.0)
26-08-18-10 原始规范坐标 G(Re Σrow_mean) = +16.8939 | 累计|g| = 8.9587
26-08-18-10 Ψ矩阵条件数 cond(Ψ) = 5.95e+01
26-08-18-10 Loss=-2.852732 | E0=-1.04652626-0.00212888j | E1=-0.95656464+0.00038634j|E2=-0.60273615-0.00154168j|E3=-0.24690469+0.00540708j
26-08-18-10 #-----------------------------------------#
26-08-18-10 [Step  41] logΨ: mean=1.896+0.819j | min=-2.701-0.639j | max=2.794+2.716j
26-08-18-10 梯度监控 | raw=91.0838 | natural=0.1763 | clipped=0.1763(上限20.0)
26-08-18-10 原始规范坐标 G(Re Σrow_mean) = +16.9981 | 累计|g| = 8.9587
26-08-18-10 Ψ矩阵条件数 cond(Ψ) = 2.69e+01
26-08-18-10 Loss=-2.849740 | E0=-1.04562148-0.00249185j | E1=-0.95493905+0.00207080j|E2=-0.59520708-0.00125533j|E3=-0.25397235+0.00010002j
26-08-18-10 #-----------------------------------------#
26-08-18-10 [Step  42] logΨ: mean=1.966+0.623j | min=-2.139-3.066j | max=2.923+2.714j
26-08-18-10 梯度监控 | raw=86.1853 | natural=0.1142 | clipped=0.1142(上限20.0)
26-08-18-10 原始规范坐标 G(Re Σrow_mean) = +16.9516 | 累计|g| = 8.9587
26-08-18-10 Ψ矩阵条件数 cond(Ψ) = 1.34e+01
26-08-18-10 Loss=-2.827014 | E0=-1.04331573-0.00168736j | E1=-0.95615157+0.00063165j|E2=-0.60201202-0.00133284j|E3=-0.22553446-0.00587965j
26-08-18-10 #-----------------------------------------#
26-08-18-10 [Step  43] logΨ: mean=2.269+1.026j | min=-1.685+0.069j | max=3.103+2.752j
26-08-18-10 梯度监控 | raw=89.6672 | natural=0.2049 | clipped=0.2049(上限20.0)
26-08-18-10 原始规范坐标 G(Re Σrow_mean) = +17.3551 | 累计|g| = 8.9587
26-08-18-10 Ψ矩阵条件数 cond(Ψ) = 1.36e+01
26-08-18-10 Loss=-2.891892 | E0=-1.04442582+0.00536492j | E1=-0.95516761-0.00088185j|E2=-0.60314621+0.00005106j|E3=-0.28915284+0.00040278j
26-08-18-10 #-----------------------------------------#
26-08-18-10 [Step  44] logΨ: mean=2.255+0.769j | min=-2.629+1.409j | max=3.123+2.639j
26-08-18-10 梯度监控 | raw=93.1706 | natural=0.1894 | clipped=0.1894(上限20.0)
26-08-18-10 原始规范坐标 G(Re Σrow_mean) = +17.3354 | 累计|g| = 8.9587
26-08-18-10 Ψ矩阵条件数 cond(Ψ) = 1.41e+01
26-08-18-10 Loss=-2.899689 | E0=-1.04718348-0.00098287j | E1=-0.95540667-0.00055121j|E2=-0.60181051-0.00059433j|E3=-0.29528865-0.00275020j
26-08-18-10 #-----------------------------------------#
26-08-18-10 [Step  45] logΨ: mean=2.557+0.631j | min=-1.757-0.041j | max=3.252+2.638j
26-08-18-10 梯度监控 | raw=87.0885 | natural=0.0970 | clipped=0.0970(上限20.0)
26-08-18-10 原始规范坐标 G(Re Σrow_mean) = +17.7033 | 累计|g| = 8.9587
26-08-18-10 Ψ矩阵条件数 cond(Ψ) = 1.66e+01
26-08-18-10 Loss=-2.963251 | E0=-1.04600321-0.00113188j | E1=-0.95559540-0.00135362j|E2=-0.60379556+0.00165320j|E3=-0.35785707+0.00410650j
26-08-18-10 #-----------------------------------------#
26-08-18-10 [Step  46] logΨ: mean=2.631+0.650j | min=-4.046-0.056j | max=3.463+2.597j
26-08-18-10 梯度监控 | raw=89.0473 | natural=0.3223 | clipped=0.3223(上限20.0)
26-08-18-10 原始规范坐标 G(Re Σrow_mean) = +17.8060 | 累计|g| = 8.9587
26-08-18-10 Ψ矩阵条件数 cond(Ψ) = 1.60e+01
26-08-18-10 Loss=-2.938381 | E0=-1.04205077+0.00048359j | E1=-0.95657676+0.00261241j|E2=-0.60951137+0.00121278j|E3=-0.33024245-0.00253025j
26-08-18-10 #-----------------------------------------#
26-08-18-10 [Step  47] logΨ: mean=2.751+0.398j | min=-1.953+3.097j | max=3.539+2.643j
26-08-18-10 梯度监控 | raw=87.3933 | natural=0.2383 | clipped=0.2383(上限20.0)
26-08-18-10 原始规范坐标 G(Re Σrow_mean) = +17.9169 | 累计|g| = 8.9587
26-08-18-10 Ψ矩阵条件数 cond(Ψ) = 2.97e+01
26-08-18-10 Loss=-2.968489 | E0=-1.04485951-0.00254698j | E1=-0.95399765-0.00058655j|E2=-0.60609210-0.00052837j|E3=-0.36354006-0.00135379j
26-08-18-10 #-----------------------------------------#
26-08-18-10 [Step  48] logΨ: mean=3.127+0.475j | min=-2.312+0.042j | max=3.873+2.649j
26-08-18-10 梯度监控 | raw=75.6106 | natural=0.3538 | clipped=0.3538(上限20.0)
26-08-18-10 原始规范坐标 G(Re Σrow_mean) = +18.3122 | 累计|g| = 8.9587
26-08-18-10 Ψ矩阵条件数 cond(Ψ) = 3.30e+01
26-08-18-10 Loss=-2.999754 | E0=-1.03967310-0.01183339j | E1=-0.95679273+0.00120798j|E2=-0.61791702-0.00784908j|E3=-0.38537068+0.01088485j
26-08-18-10 #-----------------------------------------#
26-08-18-10 [Step  49] logΨ: mean=3.087+0.524j | min=-2.358-3.030j | max=3.844+2.736j
26-08-18-10 梯度监控 | raw=86.1877 | natural=0.1566 | clipped=0.1566(上限20.0)
26-08-18-10 原始规范坐标 G(Re Σrow_mean) = +18.1818 | 累计|g| = 8.9587
26-08-18-10 Ψ矩阵条件数 cond(Ψ) = 1.56e+01
26-08-18-10 Loss=-2.993286 | E0=-1.04514067-0.00083864j | E1=-0.95377543+0.00110254j|E2=-0.61284610+0.00236021j|E3=-0.38152421+0.00080719j
26-08-18-10 #-----------------------------------------#
26-08-18-10 [GaugeReset@50] 吸收 Δg = Σ Re(col_mean) = +18.1818 | 新|g| = 9.7863
26-08-18-10 [Step  50] logΨ: mean=1.662+0.247j | min=-3.377-2.820j | max=2.462+2.335j
26-08-18-10 梯度监控 | raw=86.7150 | natural=0.1499 | clipped=0.1499(上限20.0)
26-08-18-10 原始规范坐标 G(Re Σrow_mean) = +18.2791 | 累计|g| = 9.7863
26-08-18-10 Ψ矩阵条件数 cond(Ψ) = 1.79e+01
26-08-18-10 Loss=-2.988679 | E0=-1.04311761+0.00122078j | E1=-0.95674159+0.00008226j|E2=-0.61855118+0.00045924j|E3=-0.37026873-0.00206573j
26-08-18-10 #-----------------------------------------#
26-08-18-10 [Step  51] logΨ: mean=1.946+0.278j | min=-4.113-2.834j | max=2.515+2.349j
26-08-18-10 梯度监控 | raw=72.1605 | natural=0.1317 | clipped=0.1317(上限20.0)
26-08-18-10 原始规范坐标 G(Re Σrow_mean) = +18.6727 | 累计|g| = 9.7863
26-08-18-10 Ψ矩阵条件数 cond(Ψ) = 1.80e+01
26-08-18-10 Loss=-3.065367 | E0=-1.04453693+0.00250803j | E1=-0.95607870+0.00003095j|E2=-0.62128728+0.00011618j|E3=-0.44346415+0.00051995j
26-08-18-10 #-----------------------------------------#
26-08-18-10 [Step  52] logΨ: mean=2.037+0.489j | min=-2.721-3.086j | max=2.587+2.372j
26-08-18-10 梯度监控 | raw=79.0890 | natural=0.1359 | clipped=0.1359(上限20.0)
26-08-18-10 原始规范坐标 G(Re Σrow_mean) = +18.7626 | 累计|g| = 9.7863
26-08-18-10 Ψ矩阵条件数 cond(Ψ) = 1.79e+01
26-08-18-10 Loss=-3.065084 | E0=-1.04676573+0.00734117j | E1=-0.95515762-0.00066335j|E2=-0.61613883-0.00177685j|E3=-0.44702207+0.00279269j
26-08-18-10 #-----------------------------------------#
26-08-18-10 [Step  53] logΨ: mean=2.158+0.612j | min=-2.530+2.796j | max=2.678+2.367j
26-08-18-10 梯度监控 | raw=67.5739 | natural=0.1221 | clipped=0.1221(上限20.0)
26-08-18-10 原始规范坐标 G(Re Σrow_mean) = +18.8441 | 累计|g| = 9.7863
26-08-18-10 Ψ矩阵条件数 cond(Ψ) = 1.83e+01
26-08-18-10 Loss=-3.078868 | E0=-1.04827436+0.00215371j | E1=-0.95527036-0.00040961j|E2=-0.62466809-0.00136074j|E3=-0.45065531+0.00051877j
26-08-18-10 #-----------------------------------------#
26-08-18-10 [Step  54] logΨ: mean=2.090+0.510j | min=-3.499+0.534j | max=2.737+2.385j
26-08-18-10 梯度监控 | raw=67.5296 | natural=0.0919 | clipped=0.0919(上限20.0)
26-08-18-10 原始规范坐标 G(Re Σrow_mean) = +18.6528 | 累计|g| = 9.7863
26-08-18-10 Ψ矩阵条件数 cond(Ψ) = 5.57e+01
26-08-18-10 Loss=-3.053352 | E0=-1.04649914-0.00044278j | E1=-0.95637773+0.00005266j|E2=-0.62394859+0.00005505j|E3=-0.42652634-0.00089041j
26-08-18-10 #-----------------------------------------#
26-08-18-10 [Step  55] logΨ: mean=2.371+0.583j | min=-2.542-1.525j | max=2.878+2.354j
26-08-18-10 梯度监控 | raw=58.9222 | natural=0.2057 | clipped=0.2057(上限20.0)
26-08-18-10 原始规范坐标 G(Re Σrow_mean) = +18.9371 | 累计|g| = 9.7863
26-08-18-10 Ψ矩阵条件数 cond(Ψ) = 2.01e+01
26-08-18-10 Loss=-3.086429 | E0=-1.04637695-0.00035922j | E1=-0.95553139+0.00102689j|E2=-0.61847880-0.00003867j|E3=-0.46604211+0.00188330j
26-08-18-10 #-----------------------------------------#
26-08-18-10 [Step  56] logΨ: mean=2.474+0.651j | min=-1.734+3.022j | max=2.923+2.361j
26-08-18-10 梯度监控 | raw=60.8060 | natural=0.0926 | clipped=0.0926(上限20.0)
26-08-18-10 原始规范坐标 G(Re Σrow_mean) = +19.0902 | 累计|g| = 9.7863
26-08-18-10 Ψ矩阵条件数 cond(Ψ) = 2.03e+01
26-08-18-10 Loss=-3.104863 | E0=-1.04917049-0.00010630j | E1=-0.95515131-0.00034622j|E2=-0.62628660-0.00123038j|E3=-0.47425491+0.00136704j
26-08-18-10 #-----------------------------------------#
26-08-18-10 [Step  57] logΨ: mean=2.593+0.680j | min=-3.955-0.545j | max=3.030+2.320j
26-08-18-10 梯度监控 | raw=46.7935 | natural=0.1075 | clipped=0.1075(上限20.0)
26-08-18-10 原始规范坐标 G(Re Σrow_mean) = +19.1009 | 累计|g| = 9.7863
26-08-18-10 Ψ矩阵条件数 cond(Ψ) = 2.01e+01
26-08-18-10 Loss=-3.116925 | E0=-1.04493144-0.00008008j | E1=-0.95607852-0.00047683j|E2=-0.62741552+0.00087821j|E3=-0.48849931-0.00404210j
26-08-18-10 #-----------------------------------------#
26-08-18-10 [Step  58] logΨ: mean=2.580+0.710j | min=-3.646-0.657j | max=3.056+2.342j
26-08-18-10 梯度监控 | raw=42.7397 | natural=0.2166 | clipped=0.2166(上限20.0)
26-08-18-10 原始规范坐标 G(Re Σrow_mean) = +19.0748 | 累计|g| = 9.7863
26-08-18-10 Ψ矩阵条件数 cond(Ψ) = 3.79e+01
26-08-18-10 Loss=-3.119298 | E0=-1.04622358+0.00117642j | E1=-0.95564140+0.00057299j|E2=-0.63583064-0.00455216j|E3=-0.48160275+0.00006963j
26-08-18-10 #-----------------------------------------#
26-08-18-10 [Step  59] logΨ: mean=2.791+0.977j | min=-3.277-0.861j | max=3.238+2.405j
26-08-18-10 梯度监控 | raw=36.8973 | natural=0.2739 | clipped=0.2739(上限20.0)
26-08-18-10 原始规范坐标 G(Re Σrow_mean) = +19.1477 | 累计|g| = 9.7863
26-08-18-10 Ψ矩阵条件数 cond(Ψ) = 2.05e+01
26-08-18-10 Loss=-3.119752 | E0=-1.04272438-0.00215834j | E1=-0.95523045-0.00001799j|E2=-0.63958653+0.00027119j|E3=-0.48221070+0.00187231j
26-08-18-10 #-----------------------------------------#
26-08-18-10 [保存] Step 59 → pickle 文件已更新 (60 条记录)
26-08-18-10 [GaugeReset@60] 吸收 Δg = Σ Re(col_mean) = +19.1477 | 新|g| = 10.2714
26-08-18-10 [Step  60] logΨ: mean=1.992+1.535j | min=-4.610+0.167j | max=2.331+2.245j
26-08-18-10 梯度监控 | raw=23.8254 | natural=0.1678 | clipped=0.1678(上限20.0)
26-08-18-10 原始规范坐标 G(Re Σrow_mean) = +19.3575 | 累计|g| = 10.2714
26-08-18-10 Ψ矩阵条件数 cond(Ψ) = 2.05e+01
26-08-18-10 Loss=-3.147964 | E0=-1.04494178+0.00002328j | E1=-0.95382027-0.00027081j|E2=-0.64043356-0.00441370j|E3=-0.50876801+0.00350966j
26-08-18-10 #-----------------------------------------#
26-08-18-10 [Step  61] logΨ: mean=2.070+0.966j | min=-2.644+2.316j | max=2.387+2.232j
26-08-18-10 梯度监控 | raw=29.6700 | natural=0.1028 | clipped=0.1028(上限20.0)
26-08-18-10 原始规范坐标 G(Re Σrow_mean) = +19.3899 | 累计|g| = 10.2714
26-08-18-10 Ψ矩阵条件数 cond(Ψ) = 2.05e+01
26-08-18-10 Loss=-3.151264 | E0=-1.04795890-0.00092018j | E1=-0.95484691+0.00043817j|E2=-0.63436852-0.00002142j|E3=-0.51409014+0.00265513j
26-08-18-10 #-----------------------------------------#
26-08-18-10 [Step  62] logΨ: mean=1.928+1.399j | min=-3.685-0.330j | max=2.402+2.289j
26-08-18-10 梯度监控 | raw=54.0116 | natural=0.1184 | clipped=0.1184(上限20.0)
26-08-18-10 原始规范坐标 G(Re Σrow_mean) = +19.2682 | 累计|g| = 10.2714
26-08-18-10 Ψ矩阵条件数 cond(Ψ) = 2.06e+01
26-08-18-10 Loss=-3.129767 | E0=-1.05156958+0.00127390j | E1=-0.95710041+0.00126389j|E2=-0.63281077+0.00161502j|E3=-0.48828673-0.00335230j
26-08-18-10 #-----------------------------------------#
26-08-18-10 [Step  63] logΨ: mean=2.188+0.712j | min=-2.623+2.653j | max=2.468+2.289j
26-08-18-10 梯度监控 | raw=24.8446 | natural=0.1409 | clipped=0.1409(上限20.0)
26-08-18-10 原始规范坐标 G(Re Σrow_mean) = +19.4691 | 累计|g| = 10.2714
26-08-18-10 Ψ矩阵条件数 cond(Ψ) = 2.10e+01
26-08-18-10 Loss=-3.160325 | E0=-1.04592997-0.00068634j | E1=-0.95468910-0.00100942j|E2=-0.64023564-0.00034091j|E3=-0.51947055+0.00267679j
26-08-18-10 #-----------------------------------------#
26-08-18-10 [Step  64] logΨ: mean=2.209+0.171j | min=-3.450+2.375j | max=2.571+2.314j
26-08-18-10 梯度监控 | raw=32.6257 | natural=0.1803 | clipped=0.1803(上限20.0)
26-08-18-10 原始规范坐标 G(Re Σrow_mean) = +19.4288 | 累计|g| = 10.2714
26-08-18-10 Ψ矩阵条件数 cond(Ψ) = 2.08e+01
26-08-18-10 Loss=-3.143875 | E0=-1.04232648-0.00095400j | E1=-0.95577044-0.00109136j|E2=-0.63423504-0.00341918j|E3=-0.51154341-0.00184881j
26-08-18-10 #-----------------------------------------#
26-08-18-10 [Step  65] logΨ: mean=2.259+0.427j | min=-3.213+0.329j | max=2.644+2.261j
26-08-18-10 梯度监控 | raw=19.7109 | natural=0.1763 | clipped=0.1763(上限20.0)
26-08-18-10 原始规范坐标 G(Re Σrow_mean) = +19.4426 | 累计|g| = 10.2714
26-08-18-10 Ψ矩阵条件数 cond(Ψ) = 2.16e+01
26-08-18-10 Loss=-3.159929 | E0=-1.04533788-0.00109726j | E1=-0.95883956+0.00249430j|E2=-0.64143301+0.00318200j|E3=-0.51431840+0.00330281j
26-08-18-10 #-----------------------------------------#
26-08-18-10 [Step  66] logΨ: mean=0.457+0.344j | min=-5.788+2.345j | max=0.763+2.434j
26-08-18-10 梯度监控 | raw=16.2757 | natural=1.7852 | clipped=1.7852(上限20.0)
26-08-18-10 原始规范坐标 G(Re Σrow_mean) = +17.5584 | 累计|g| = 10.2714
26-08-18-10 Ψ矩阵条件数 cond(Ψ) = 1.68e+01
26-08-18-10 Loss=-3.181169 | E0=-1.05744368-0.01637221j | E1=-0.95838332+0.00091069j|E2=-0.64539926-0.00051249j|E3=-0.51994319-0.00212430j
26-08-18-10 #-----------------------------------------#
26-08-18-10 [Step  67] logΨ: mean=0.686+0.807j | min=-4.089+2.985j | max=1.021+2.431j
26-08-18-10 梯度监控 | raw=35.8874 | natural=0.1026 | clipped=0.1026(上限20.0)
26-08-18-10 原始规范坐标 G(Re Σrow_mean) = +17.6630 | 累计|g| = 10.2714
26-08-18-10 Ψ矩阵条件数 cond(Ψ) = 1.73e+01
26-08-18-10 Loss=-3.104597 | E0=-1.03837095-0.00120371j | E1=-0.95308262+0.00078501j|E2=-0.64332839+0.00028886j|E3=-0.46981532-0.00199356j
26-08-18-10 #-----------------------------------------#
26-08-18-10 [Step  68] logΨ: mean=0.787+0.818j | min=-3.946+0.198j | max=1.109+2.689j
26-08-18-10 梯度监控 | raw=25.7957 | natural=0.1316 | clipped=0.1316(上限20.0)
26-08-18-10 原始规范坐标 G(Re Σrow_mean) = +17.7280 | 累计|g| = 10.2714
26-08-18-10 Ψ矩阵条件数 cond(Ψ) = 3.32e+01
26-08-18-10 Loss=-3.133417 | E0=-1.04011334+0.00201297j | E1=-0.95554601+0.00019503j|E2=-0.64624338-0.00052038j|E3=-0.49151413-0.00207195j
26-08-18-10 #-----------------------------------------#
26-08-18-10 [Step  69] logΨ: mean=1.060+0.326j | min=-4.058-0.381j | max=1.338+2.597j
26-08-18-10 梯度监控 | raw=15.9496 | natural=0.1071 | clipped=0.1071(上限20.0)
26-08-18-10 原始规范坐标 G(Re Σrow_mean) = +17.9688 | 累计|g| = 10.2714
26-08-18-10 Ψ矩阵条件数 cond(Ψ) = 1.72e+01
26-08-18-10 Loss=-3.160777 | E0=-1.04382214-0.00098187j | E1=-0.95552709-0.00057706j|E2=-0.65015700+0.00052472j|E3=-0.51127080+0.00613952j
26-08-18-10 #-----------------------------------------#
26-08-18-10 [GaugeReset@70] 吸收 Δg = Σ Re(col_mean) = +17.9688 | 新|g| = 10.1890
26-08-18-10 [Step  70] logΨ: mean=2.339-0.010j | min=-3.063+1.325j | max=2.761+2.236j
26-08-18-10 梯度监控 | raw=21.1519 | natural=0.4572 | clipped=0.4572(上限20.0)
26-08-18-10 原始规范坐标 G(Re Σrow_mean) = +17.9226 | 累计|g| = 10.1890
26-08-18-10 Ψ矩阵条件数 cond(Ψ) = 4.10e+01
26-08-18-10 Loss=-3.132881 | E0=-1.04408539-0.00141611j | E1=-0.95525905-0.00106730j|E2=-0.63250970+0.00543086j|E3=-0.50102692+0.00034942j
26-08-18-10 #-----------------------------------------#
26-08-18-10 [Step  71] logΨ: mean=2.948-0.061j | min=-2.619+1.804j | max=3.090+2.182j
26-08-18-10 梯度监控 | raw=7.2964 | natural=0.0744 | clipped=0.0744(上限20.0)
26-08-18-10 原始规范坐标 G(Re Σrow_mean) = +18.5136 | 累计|g| = 10.1890
26-08-18-10 Ψ矩阵条件数 cond(Ψ) = 2.72e+01
26-08-18-10 Loss=-3.190127 | E0=-1.04665255-0.00069117j | E1=-0.95269107+0.00040117j|E2=-0.65288561-0.00191347j|E3=-0.53789762+0.00701081j
26-08-18-10 #-----------------------------------------#
26-08-18-10 [Step  72] logΨ: mean=2.993+0.431j | min=-1.655-2.353j | max=3.234+2.124j
26-08-18-10 梯度监控 | raw=11.4743 | natural=0.2252 | clipped=0.2252(上限20.0)
26-08-18-10 原始规范坐标 G(Re Σrow_mean) = +18.5138 | 累计|g| = 10.1890
26-08-18-10 Ψ矩阵条件数 cond(Ψ) = 2.86e+01
26-08-18-10 Loss=-3.180978 | E0=-1.04639631-0.00086827j | E1=-0.95511750-0.00012841j|E2=-0.65567672+0.00182339j|E3=-0.52378771+0.00653912j
26-08-18-10 #-----------------------------------------#
26-08-18-10 [Step  73] logΨ: mean=3.195+0.309j | min=-0.922+2.228j | max=3.413+2.026j
26-08-18-10 梯度监控 | raw=9.2228 | natural=0.0802 | clipped=0.0802(上限20.0)
26-08-18-10 原始规范坐标 G(Re Σrow_mean) = +18.6603 | 累计|g| = 10.1890
26-08-18-10 Ψ矩阵条件数 cond(Ψ) = 3.00e+01
26-08-18-10 Loss=-3.175033 | E0=-1.04178614+0.00042445j | E1=-0.95428984+0.00043761j|E2=-0.65168670-0.00107661j|E3=-0.52727008-0.00281204j
26-08-18-10 #-----------------------------------------#
26-08-18-10 [Step  74] logΨ: mean=3.359+0.250j | min=-1.865-2.459j | max=3.636+2.021j
26-08-18-10 梯度监控 | raw=14.9165 | natural=0.1497 | clipped=0.1497(上限20.0)
26-08-18-10 原始规范坐标 G(Re Σrow_mean) = +18.8267 | 累计|g| = 10.1890
26-08-18-10 Ψ矩阵条件数 cond(Ψ) = 3.35e+01
26-08-18-10 Loss=-3.173628 | E0=-1.04480651-0.00024911j | E1=-0.95338618+0.00059510j|E2=-0.64876436+0.00053068j|E3=-0.52667110-0.00452416j
26-08-18-10 #-----------------------------------------#
26-08-18-10 [Step  75] logΨ: mean=3.574+0.685j | min=-1.051-2.689j | max=3.788+1.930j
26-08-18-10 梯度监控 | raw=8.8084 | natural=0.1148 | clipped=0.1148(上限20.0)
26-08-18-10 原始规范坐标 G(Re Σrow_mean) = +19.0307 | 累计|g| = 10.1890
26-08-18-10 Ψ矩阵条件数 cond(Ψ) = 3.32e+01
26-08-18-10 Loss=-3.189739 | E0=-1.04655646-0.00031280j | E1=-0.95467852-0.00114017j|E2=-0.65329131-0.00012711j|E3=-0.53521316+0.00118786j
26-08-18-10 #-----------------------------------------#
26-08-18-10 [Step  76] logΨ: mean=3.701+0.176j | min=-0.689-1.509j | max=3.914+1.850j
26-08-18-10 梯度监控 | raw=8.3064 | natural=0.1499 | clipped=0.1499(上限20.0)
26-08-18-10 原始规范坐标 G(Re Σrow_mean) = +19.0924 | 累计|g| = 10.1890
26-08-18-10 Ψ矩阵条件数 cond(Ψ) = 2.96e+01
26-08-18-10 Loss=-3.191204 | E0=-1.04463755+0.00018398j | E1=-0.95505091-0.00081939j|E2=-0.65564978+0.00048218j|E3=-0.53586531-0.00087975j
26-08-18-10 #-----------------------------------------#
26-08-18-10 [Step  77] logΨ: mean=3.907+0.156j | min=-0.606+2.026j | max=4.055+1.833j
26-08-18-10 梯度监控 | raw=6.5365 | natural=0.0670 | clipped=0.0670(上限20.0)
26-08-18-10 原始规范坐标 G(Re Σrow_mean) = +19.2635 | 累计|g| = 10.1890
26-08-18-10 Ψ矩阵条件数 cond(Ψ) = 2.63e+01
26-08-18-10 Loss=-3.198446 | E0=-1.04840727-0.00031860j | E1=-0.95659356+0.00083750j|E2=-0.65271646-0.00122011j|E3=-0.54072915+0.00326500j
26-08-18-10 #-----------------------------------------#
26-08-18-10 [Step  78] logΨ: mean=3.965+0.075j | min=-0.906-3.010j | max=4.207+1.761j
26-08-18-10 梯度监控 | raw=12.2554 | natural=0.1166 | clipped=0.1166(上限20.0)
26-08-18-10 原始规范坐标 G(Re Σrow_mean) = +19.3150 | 累计|g| = 10.1890
26-08-18-10 Ψ矩阵条件数 cond(Ψ) = 2.69e+01
26-08-18-10 Loss=-3.197084 | E0=-1.04666607-0.00028490j | E1=-0.95487993-0.00230725j|E2=-0.65882526+0.00116787j|E3=-0.53671301-0.00064435j
26-08-18-10 #-----------------------------------------#
26-08-18-10 [Step  79] logΨ: mean=4.164-0.142j | min=0.036-0.747j | max=4.336+1.702j
26-08-18-10 梯度监控 | raw=2.8232 | natural=0.1044 | clipped=0.1044(上限20.0)
26-08-18-10 原始规范坐标 G(Re Σrow_mean) = +19.3820 | 累计|g| = 10.1890
26-08-18-10 Ψ矩阵条件数 cond(Ψ) = 2.67e+01
26-08-18-10 Loss=-3.196814 | E0=-1.04567725-0.00048899j | E1=-0.95390454-0.00002166j|E2=-0.65680979+0.00035892j|E3=-0.54042257+0.00403873j
26-08-18-10 #-----------------------------------------#
26-08-18-10 [保存] Step 79 → pickle 文件已更新 (80 条记录)
26-08-18-10 [GaugeReset@80] 吸收 Δg = Σ Re(col_mean) = +19.3820 | 新|g| = 10.5633
26-08-18-10 [Step  80] logΨ: mean=2.853-0.212j | min=-1.648-0.518j | max=3.049+1.835j
26-08-18-10 梯度监控 | raw=6.4466 | natural=0.0984 | clipped=0.0984(上限20.0)
26-08-18-10 原始规范坐标 G(Re Σrow_mean) = +19.4693 | 累计|g| = 10.5633
26-08-18-10 Ψ矩阵条件数 cond(Ψ) = 3.09e+01
26-08-18-10 Loss=-3.194225 | E0=-1.04402483-0.00004413j | E1=-0.95664316-0.00049000j|E2=-0.65234888+0.00028025j|E3=-0.54120781+0.00073146j
26-08-18-10 #-----------------------------------------#
26-08-18-10 [Step  81] logΨ: mean=2.985-0.223j | min=-1.586-0.360j | max=3.239+1.676j
26-08-18-10 梯度监控 | raw=8.5810 | natural=0.2194 | clipped=0.2194(上限20.0)
26-08-18-10 原始规范坐标 G(Re Σrow_mean) = +19.6046 | 累计|g| = 10.5633
26-08-18-10 Ψ矩阵条件数 cond(Ψ) = 3.04e+01
26-08-18-10 Loss=-3.198296 | E0=-1.04770956-0.00038107j | E1=-0.95746828+0.00249429j|E2=-0.65697696+0.00042874j|E3=-0.53614086-0.00206273j
26-08-18-10 #-----------------------------------------#
26-08-18-10 [Step  82] logΨ: mean=3.134+0.305j | min=-0.831+1.944j | max=3.276+1.673j
26-08-18-10 梯度监控 | raw=4.7263 | natural=0.0656 | clipped=0.0656(上限20.0)
26-08-18-10 原始规范坐标 G(Re Σrow_mean) = +19.7714 | 累计|g| = 10.5633
26-08-18-10 Ψ矩阵条件数 cond(Ψ) = 4.35e+01
26-08-18-10 Loss=-3.204553 | E0=-1.04842236-0.00104689j | E1=-0.95695770+0.00009709j|E2=-0.65369874-0.00101681j|E3=-0.54547382+0.00233227j
26-08-18-10 #-----------------------------------------#
26-08-18-10 [Step  83] logΨ: mean=3.213-0.046j | min=-0.794+2.478j | max=3.345+1.673j
26-08-18-10 梯度监控 | raw=2.7686 | natural=0.0481 | clipped=0.0481(上限20.0)
26-08-18-10 原始规范坐标 G(Re Σrow_mean) = +19.8404 | 累计|g| = 10.5633
26-08-18-10 Ψ矩阵条件数 cond(Ψ) = 3.20e+01
26-08-18-10 Loss=-3.204338 | E0=-1.04816217+0.00017192j | E1=-0.95274255-0.00088103j|E2=-0.65925231+0.00068544j|E3=-0.54418082+0.00187129j
26-08-18-10 #-----------------------------------------#
26-08-18-10 [Step  84] logΨ: mean=3.314-0.423j | min=-1.253-1.722j | max=3.478+1.648j
26-08-18-10 梯度监控 | raw=5.3968 | natural=0.0750 | clipped=0.0750(上限20.0)
26-08-18-10 原始规范坐标 G(Re Σrow_mean) = +19.9578 | 累计|g| = 10.5633
26-08-18-10 Ψ矩阵条件数 cond(Ψ) = 3.27e+01
26-08-18-10 Loss=-3.205020 | E0=-1.04566265-0.00046785j | E1=-0.95223706-0.00038095j|E2=-0.65976830-0.00027465j|E3=-0.54735234-0.00143812j
26-08-18-10 #-----------------------------------------#
26-08-18-10 [Step  85] logΨ: mean=3.405-0.273j | min=-1.345-0.464j | max=3.712+1.422j
26-08-18-10 梯度监控 | raw=7.0484 | natural=0.1540 | clipped=0.1540(上限20.0)
26-08-18-10 原始规范坐标 G(Re Σrow_mean) = +20.0661 | 累计|g| = 10.5633
26-08-18-10 Ψ矩阵条件数 cond(Ψ) = 3.31e+01
26-08-18-10 Loss=-3.198724 | E0=-1.04484034-0.00207312j | E1=-0.95926159+0.00351694j|E2=-0.65275062-0.00111577j|E3=-0.54187149-0.00270826j
26-08-18-10 #-----------------------------------------#
26-08-18-10 [Step  86] logΨ: mean=3.720-0.152j | min=-0.598+2.170j | max=3.838+1.367j
26-08-18-10 梯度监控 | raw=1.6159 | natural=0.0980 | clipped=0.0980(上限20.0)
26-08-18-10 原始规范坐标 G(Re Σrow_mean) = +20.3249 | 累计|g| = 10.5633
26-08-18-10 Ψ矩阵条件数 cond(Ψ) = 3.32e+01
26-08-18-10 Loss=-3.209989 | E0=-1.05075123-0.00059577j | E1=-0.95621979-0.00028043j|E2=-0.65830090+0.00002182j|E3=-0.54471681+0.00129873j
26-08-18-10 #-----------------------------------------#
26-08-18-10 [Step  87] logΨ: mean=3.702-0.275j | min=-1.909+1.712j | max=3.822+1.311j
26-08-18-10 梯度监控 | raw=6.5057 | natural=0.0978 | clipped=0.0978(上限20.0)
26-08-18-10 原始规范坐标 G(Re Σrow_mean) = +20.2584 | 累计|g| = 10.5633
26-08-18-10 Ψ矩阵条件数 cond(Ψ) = 3.06e+01
26-08-18-10 Loss=-3.203081 | E0=-1.04845157-0.00062096j | E1=-0.95248170-0.00100579j|E2=-0.66080117+0.00003905j|E3=-0.54134626+0.00113219j
26-08-18-10 #-----------------------------------------#
26-08-18-10 [Step  88] logΨ: mean=3.789+0.061j | min=-2.166+1.144j | max=3.912+1.212j
26-08-18-10 梯度监控 | raw=3.5718 | natural=0.0646 | clipped=0.0646(上限20.0)
26-08-18-10 原始规范坐标 G(Re Σrow_mean) = +20.3355 | 累计|g| = 10.5633
26-08-18-10 Ψ矩阵条件数 cond(Ψ) = 2.60e+01
26-08-18-10 Loss=-3.206841 | E0=-1.04863799-0.00037155j | E1=-0.95406462-0.00132221j|E2=-0.65961886+0.00008391j|E3=-0.54451942-0.00002154j
26-08-18-10 #-----------------------------------------#
26-08-18-10 [Step  89] logΨ: mean=3.708-0.118j | min=-1.341+2.446j | max=3.834+1.063j
26-08-18-10 梯度监控 | raw=2.3852 | natural=0.2883 | clipped=0.2883(上限20.0)
26-08-18-10 原始规范坐标 G(Re Σrow_mean) = +20.1939 | 累计|g| = 10.5633
26-08-18-10 Ψ矩阵条件数 cond(Ψ) = 2.93e+01
26-08-18-10 Loss=-3.209309 | E0=-1.04478529+0.00003185j | E1=-0.95253708-0.00081148j|E2=-0.66450763-0.00182669j|E3=-0.54747884+0.00194366j
26-08-18-10 #-----------------------------------------#
26-08-18-10 [GaugeReset@90] 吸收 Δg = Σ Re(col_mean) = +20.1939 | 新|g| = 10.8790
26-08-18-10 [Step  90] logΨ: mean=2.994+0.216j | min=-3.046-1.377j | max=3.106+1.443j
26-08-18-10 梯度监控 | raw=1.5963 | natural=0.0708 | clipped=0.0708(上限20.0)
26-08-18-10 原始规范坐标 G(Re Σrow_mean) = +20.2891 | 累计|g| = 10.8790
26-08-18-10 Ψ矩阵条件数 cond(Ψ) = 2.89e+01
26-08-18-10 Loss=-3.209441 | E0=-1.04449473-0.00015429j | E1=-0.95392915-0.00164940j|E2=-0.66122868-0.00021667j|E3=-0.54978822-0.00059332j
26-08-18-10 #-----------------------------------------#
26-08-18-10 [Step  91] logΨ: mean=3.161+0.255j | min=-1.630-1.275j | max=3.201+1.311j
26-08-18-10 梯度监控 | raw=0.4353 | natural=0.0544 | clipped=0.0544(上限20.0)
26-08-18-10 原始规范坐标 G(Re Σrow_mean) = +20.4208 | 累计|g| = 10.8790
26-08-18-10 Ψ矩阵条件数 cond(Ψ) = 3.65e+01
26-08-18-10 Loss=-3.208645 | E0=-1.04536890+0.00013585j | E1=-0.95385332-0.00166919j|E2=-0.66119425-0.00000440j|E3=-0.54822889+0.00001317j
26-08-18-10 #-----------------------------------------#
26-08-18-10 [Step  92] logΨ: mean=3.086+0.077j | min=-1.721+1.740j | max=3.227+1.298j
26-08-18-10 梯度监控 | raw=2.2508 | natural=0.0688 | clipped=0.0688(上限20.0)
26-08-18-10 原始规范坐标 G(Re Σrow_mean) = +20.3211 | 累计|g| = 10.8790
26-08-18-10 Ψ矩阵条件数 cond(Ψ) = 3.50e+01
26-08-18-10 Loss=-3.215813 | E0=-1.04508551+0.00039763j | E1=-0.95701204-0.00380278j|E2=-0.66601756-0.00074111j|E3=-0.54769786+0.00076719j
26-08-18-10 #-----------------------------------------#
26-08-18-10 [Step  93] logΨ: mean=3.045-0.271j | min=-2.943+1.652j | max=3.233+1.322j
26-08-18-10 梯度监控 | raw=1.6516 | natural=0.1050 | clipped=0.1050(上限20.0)
26-08-18-10 原始规范坐标 G(Re Σrow_mean) = +20.2680 | 累计|g| = 10.8790
26-08-18-10 Ψ矩阵条件数 cond(Ψ) = 1.87e+01
26-08-18-10 Loss=-3.207889 | E0=-1.04559733+0.00004252j | E1=-0.95140305-0.00128458j|E2=-0.66472988-0.00036023j|E3=-0.54615834+0.00083502j
26-08-18-10 #-----------------------------------------#
26-08-18-10 [Step  94] logΨ: mean=3.227-0.152j | min=-1.864-0.981j | max=3.333+1.451j
26-08-18-10 梯度监控 | raw=2.2566 | natural=0.0477 | clipped=0.0477(上限20.0)
26-08-18-10 原始规范坐标 G(Re Σrow_mean) = +20.4189 | 累计|g| = 10.8790
26-08-18-10 Ψ矩阵条件数 cond(Ψ) = 1.86e+01
26-08-18-10 Loss=-3.208053 | E0=-1.04493378-0.00005548j | E1=-0.95156114-0.00114254j|E2=-0.66301051+0.00034686j|E3=-0.54854785+0.00102067j
26-08-18-10 #-----------------------------------------#
26-08-18-10 [Step  95] logΨ: mean=3.033-0.170j | min=-1.781-1.824j | max=3.206+1.507j
26-08-18-10 梯度监控 | raw=1.7887 | natural=0.1190 | clipped=0.1190(上限20.0)
26-08-18-10 原始规范坐标 G(Re Σrow_mean) = +20.3283 | 累计|g| = 10.8790
26-08-18-10 Ψ矩阵条件数 cond(Ψ) = 3.22e+01
26-08-18-10 Loss=-3.212325 | E0=-1.04487050+0.00053209j | E1=-0.95734452+0.00034292j|E2=-0.66127241+0.00117374j|E3=-0.54883778-0.00026664j
26-08-18-10 #-----------------------------------------#
26-08-18-10 [Step  96] logΨ: mean=3.044-0.153j | min=-1.942-0.260j | max=3.267+1.569j
26-08-18-10 梯度监控 | raw=10.5068 | natural=0.1572 | clipped=0.1572(上限20.0)
26-08-18-10 原始规范坐标 G(Re Σrow_mean) = +20.2853 | 累计|g| = 10.8790
26-08-18-10 Ψ矩阵条件数 cond(Ψ) = 3.09e+01
26-08-18-10 Loss=-3.209139 | E0=-1.04452894-0.00040768j | E1=-0.95846885+0.00111660j|E2=-0.66213599-0.00000980j|E3=-0.54400477+0.00038341j
26-08-18-10 #-----------------------------------------#
26-08-18-10 [Step  97] logΨ: mean=3.182+0.074j | min=-4.994-2.473j | max=3.410+1.555j
26-08-18-10 梯度监控 | raw=2.8806 | natural=0.1095 | clipped=0.1095(上限20.0)
26-08-18-10 原始规范坐标 G(Re Σrow_mean) = +20.3818 | 累计|g| = 10.8790
26-08-18-10 Ψ矩阵条件数 cond(Ψ) = 3.00e+01
26-08-18-10 Loss=-3.204397 | E0=-1.04411613+0.00041224j | E1=-0.95212605-0.00003804j|E2=-0.65976849-0.00121497j|E3=-0.54838677-0.00008654j
26-08-18-10 #-----------------------------------------#
26-08-18-10 [Step  98] logΨ: mean=3.357+0.025j | min=-0.865-1.570j | max=3.496+1.542j
26-08-18-10 梯度监控 | raw=4.4495 | natural=0.0610 | clipped=0.0610(上限20.0)
26-08-18-10 原始规范坐标 G(Re Σrow_mean) = +20.5145 | 累计|g| = 10.8790
26-08-18-10 Ψ矩阵条件数 cond(Ψ) = 2.98e+01
26-08-18-10 Loss=-3.208591 | E0=-1.04596859-0.00007482j | E1=-0.95378106-0.00054830j|E2=-0.66198026-0.00080595j|E3=-0.54686119-0.00084025j
26-08-18-10 #-----------------------------------------#
26-08-18-10 [Step  99] logΨ: mean=3.351-0.061j | min=-1.888-1.591j | max=3.473+1.539j
26-08-18-10 梯度监控 | raw=1.8306 | natural=0.0886 | clipped=0.0886(上限20.0)
26-08-18-10 原始规范坐标 G(Re Σrow_mean) = +20.6196 | 累计|g| = 10.8790
26-08-18-10 Ψ矩阵条件数 cond(Ψ) = 3.05e+01
26-08-18-10 Loss=-3.207744 | E0=-1.04473622-0.00005780j | E1=-0.95447129-0.00056741j|E2=-0.66027737+0.00034969j|E3=-0.54825887+0.00075512j
26-08-18-10 #-----------------------------------------#
26-08-18-10 [保存] Step 99 → pickle 文件已更新 (100 条记录)
26-08-18-10 [GaugeReset@100] 吸收 Δg = Σ Re(col_mean) = +20.6196 | 新|g| = 11.0589
26-08-18-10 [Step 100] logΨ: mean=3.091-0.122j | min=-2.617+2.498j | max=3.228+1.671j
26-08-18-10 梯度监控 | raw=1.9638 | natural=0.0351 | clipped=0.0351(上限20.0)
26-08-18-10 原始规范坐标 G(Re Σrow_mean) = +20.6851 | 累计|g| = 11.0589
26-08-18-10 Ψ矩阵条件数 cond(Ψ) = 3.64e+01
26-08-18-10 Loss=-3.204699 | E0=-1.04483923+0.00150311j | E1=-0.95082437-0.00001999j|E2=-0.66230235+0.00000081j|E3=-0.54673274-0.00118367j
26-08-18-10 #-----------------------------------------#
26-08-18-10 [Step 101] logΨ: mean=3.115-0.105j | min=-1.986+1.547j | max=3.263+1.647j
26-08-18-10 梯度监控 | raw=1.9296 | natural=0.1111 | clipped=0.1111(上限20.0)
26-08-18-10 原始规范坐标 G(Re Σrow_mean) = +20.6801 | 累计|g| = 11.0589
26-08-18-10 Ψ矩阵条件数 cond(Ψ) = 3.70e+01
26-08-18-10 Loss=-3.212737 | E0=-1.04609403-0.00005748j | E1=-0.96048773+0.00161958j|E2=-0.65945550+0.00068904j|E3=-0.54669934+0.00050377j
26-08-18-10 #-----------------------------------------#
26-08-18-10 [Step 102] logΨ: mean=3.246-0.096j | min=-0.821+0.906j | max=3.347+1.612j
26-08-18-10 梯度监控 | raw=2.0126 | natural=0.0511 | clipped=0.0511(上限20.0)
26-08-18-10 原始规范坐标 G(Re Σrow_mean) = +20.8019 | 累计|g| = 11.0589
26-08-18-10 Ψ矩阵条件数 cond(Ψ) = 3.69e+01
26-08-18-10 Loss=-3.209797 | E0=-1.04605701-0.00030222j | E1=-0.95331047+0.00020076j|E2=-0.66231538-0.00032356j|E3=-0.54811447-0.00141405j
26-08-18-10 #-----------------------------------------#
26-08-18-10 [Step 103] logΨ: mean=3.315+0.201j | min=-4.720-0.615j | max=3.563+1.687j
26-08-18-10 梯度监控 | raw=4.5188 | natural=0.1290 | clipped=0.1290(上限20.0)
26-08-18-10 原始规范坐标 G(Re Σrow_mean) = +20.8469 | 累计|g| = 11.0589
26-08-18-10 Ψ矩阵条件数 cond(Ψ) = 3.76e+01
26-08-18-10 Loss=-3.209836 | E0=-1.04087505+0.00133481j | E1=-0.95595121-0.00039678j|E2=-0.66367405-0.00118445j|E3=-0.54933581+0.00082649j
26-08-18-10 #-----------------------------------------#
26-08-18-10 [Step 104] logΨ: mean=3.566+0.244j | min=-1.841-0.525j | max=3.671+1.793j
26-08-18-10 梯度监控 | raw=1.3772 | natural=0.0536 | clipped=0.0536(上限20.0)
26-08-18-10 原始规范坐标 G(Re Σrow_mean) = +21.0500 | 累计|g| = 11.0589
26-08-18-10 Ψ矩阵条件数 cond(Ψ) = 3.82e+01
26-08-18-10 Loss=-3.207213 | E0=-1.04827602-0.00033974j | E1=-0.95077745-0.00119466j|E2=-0.66118960-0.00013929j|E3=-0.54696956-0.00156169j
26-08-18-10 #-----------------------------------------#
26-08-18-10 [Step 105] logΨ: mean=3.303+0.363j | min=-3.009+1.136j | max=3.670+1.824j
26-08-18-10 梯度监控 | raw=5.4077 | natural=0.0924 | clipped=0.0924(上限20.0)
26-08-18-10 原始规范坐标 G(Re Σrow_mean) = +20.8367 | 累计|g| = 11.0589
26-08-18-10 Ψ矩阵条件数 cond(Ψ) = 3.79e+01
26-08-18-10 Loss=-3.202665 | E0=-1.04005626+0.00140076j | E1=-0.95765343+0.00232216j|E2=-0.66028484+0.00081134j|E3=-0.54467067+0.00846250j
26-08-18-10 #-----------------------------------------#
26-08-18-10 [Step 106] logΨ: mean=3.617+0.773j | min=-2.326+1.918j | max=4.023+2.102j
26-08-18-10 梯度监控 | raw=5.1766 | natural=0.2651 | clipped=0.2651(上限20.0)
26-08-18-10 原始规范坐标 G(Re Σrow_mean) = +20.9617 | 累计|g| = 11.0589
26-08-18-10 Ψ矩阵条件数 cond(Ψ) = 3.57e+01
26-08-18-10 Loss=-3.197830 | E0=-1.03538704+0.00115150j | E1=-0.95167888+0.00147166j|E2=-0.66170529+0.00076184j|E3=-0.54905898+0.00703407j
26-08-18-10 #-----------------------------------------#
26-08-18-10 [Step 107] logΨ: mean=3.873+0.118j | min=-1.040-1.003j | max=4.114+1.725j
26-08-18-10 梯度监控 | raw=3.9585 | natural=0.0445 | clipped=0.0445(上限20.0)
26-08-18-10 原始规范坐标 G(Re Σrow_mean) = +21.2126 | 累计|g| = 11.0589
26-08-18-10 Ψ矩阵条件数 cond(Ψ) = 3.03e+01
26-08-18-10 Loss=-3.208949 | E0=-1.04562403+0.00048749j | E1=-0.95688312-0.00155430j|E2=-0.66338100-0.00119690j|E3=-0.54306130+0.00048413j
26-08-18-10 #-----------------------------------------#
26-08-18-10 [Step 108] logΨ: mean=3.682+0.476j | min=-1.751-0.628j | max=3.807+1.508j
26-08-18-10 梯度监控 | raw=5.1060 | natural=0.2207 | clipped=0.2207(上限20.0)
26-08-18-10 原始规范坐标 G(Re Σrow_mean) = +21.0742 | 累计|g| = 11.0589
26-08-18-10 Ψ矩阵条件数 cond(Ψ) = 3.00e+01
26-08-18-10 Loss=-3.211282 | E0=-1.04616351-0.00019343j | E1=-0.95091092-0.00188910j|E2=-0.66689388-0.00265950j|E3=-0.54731381-0.00054765j
26-08-18-10 #-----------------------------------------#
26-08-18-10 [Step 109] logΨ: mean=3.217+0.129j | min=-1.735-1.763j | max=3.356+1.446j
26-08-18-10 梯度监控 | raw=4.3849 | natural=0.1943 | clipped=0.1943(上限20.0)
26-08-18-10 原始规范坐标 G(Re Σrow_mean) = +20.6918 | 累计|g| = 11.0589
26-08-18-10 Ψ矩阵条件数 cond(Ψ) = 2.84e+01
26-08-18-10 Loss=-3.211793 | E0=-1.04693127-0.00024700j | E1=-0.95344818-0.00081507j|E2=-0.66672059-0.00052779j|E3=-0.54469325-0.00132500j
26-08-18-10 #-----------------------------------------#
26-08-18-10 [GaugeReset@110] 吸收 Δg = Σ Re(col_mean) = +20.6918 | 新|g| = 11.0698
26-08-18-11 [Step 110] logΨ: mean=3.231-0.001j | min=-0.995+1.899j | max=3.289+1.445j
26-08-18-11 梯度监控 | raw=0.3657 | natural=0.0112 | clipped=0.0112(上限20.0)
26-08-18-11 原始规范坐标 G(Re Σrow_mean) = +20.7490 | 累计|g| = 11.0698
26-08-18-11 Ψ矩阵条件数 cond(Ψ) = 3.08e+01
26-08-18-11 Loss=-3.211062 | E0=-1.04704762-0.00021138j | E1=-0.95249499-0.00209773j|E2=-0.66420609-0.00127929j|E3=-0.54731347+0.00034900j
26-08-18-11 #-----------------------------------------#
26-08-18-11 [Step 111] logΨ: mean=3.245-0.119j | min=-1.075+1.010j | max=3.293+1.419j
26-08-18-11 梯度监控 | raw=4.6568 | natural=0.0059 | clipped=0.0059(上限20.0)
26-08-18-11 原始规范坐标 G(Re Σrow_mean) = +20.7560 | 累计|g| = 11.0698
26-08-18-11 Ψ矩阵条件数 cond(Ψ) = 3.06e+01
26-08-18-11 Loss=-3.208647 | E0=-1.04563812-0.00026730j | E1=-0.95122978-0.00231326j|E2=-0.66462954-0.00131294j|E3=-0.54714977-0.00004230j
26-08-18-11 #-----------------------------------------#
26-08-18-11 [Step 112] logΨ: mean=3.247-0.182j | min=-0.224+0.175j | max=3.302+1.409j
26-08-18-11 梯度监控 | raw=0.3839 | natural=0.0035 | clipped=0.0035(上限20.0)
26-08-18-11 原始规范坐标 G(Re Σrow_mean) = +20.7451 | 累计|g| = 11.0698
26-08-18-11 Ψ矩阵条件数 cond(Ψ) = 3.06e+01
26-08-18-11 Loss=-3.211226 | E0=-1.04707799-0.00030436j | E1=-0.95190638-0.00218065j|E2=-0.66460104-0.00108894j|E3=-0.54764048-0.00036877j
26-08-18-11 #-----------------------------------------#
26-08-18-11 [Step 113] logΨ: mean=3.256-0.170j | min=-3.208+0.543j | max=3.522+1.603j
26-08-18-11 梯度监控 | raw=7.5528 | natural=0.5199 | clipped=0.5199(上限20.0)
26-08-18-11 原始规范坐标 G(Re Σrow_mean) = +20.7864 | 累计|g| = 11.0698
26-08-18-11 Ψ矩阵条件数 cond(Ψ) = 2.80e+01
26-08-18-11 Loss=-3.199765 | E0=-1.04268019+0.00041554j | E1=-0.94949390-0.00077873j|E2=-0.65850654+0.00106511j|E3=-0.54908394-0.00021482j
26-08-18-11 #-----------------------------------------#
26-08-18-11 [Step 114] logΨ: mean=3.446-0.043j | min=-2.365-2.379j | max=3.573+1.695j
26-08-18-11 梯度监控 | raw=6.0899 | natural=0.0741 | clipped=0.0741(上限20.0)
26-08-18-11 原始规范坐标 G(Re Σrow_mean) = +20.8942 | 累计|g| = 11.0698
26-08-18-11 Ψ矩阵条件数 cond(Ψ) = 2.75e+01
26-08-18-11 Loss=-3.192287 | E0=-1.04529380-0.00013957j | E1=-0.94653001-0.00134212j|E2=-0.66397546-0.00034273j|E3=-0.53648780-0.00158357j
26-08-18-11 #-----------------------------------------#
26-08-18-11 [Step 115] logΨ: mean=3.515-0.069j | min=-1.416-2.246j | max=3.695+1.694j
26-08-18-11 梯度监控 | raw=3.4872 | natural=0.0636 | clipped=0.0636(上限20.0)
26-08-18-11 原始规范坐标 G(Re Σrow_mean) = +20.9556 | 累计|g| = 11.0698
26-08-18-11 Ψ矩阵条件数 cond(Ψ) = 2.75e+01
26-08-18-11 Loss=-3.197538 | E0=-1.04410822+0.00014511j | E1=-0.95131566+0.00078196j|E2=-0.65963980-0.00016735j|E3=-0.54247439+0.00012443j
26-08-18-11 #-----------------------------------------#
26-08-18-11 [Step 116] logΨ: mean=3.240+0.181j | min=-2.842-0.954j | max=3.562+1.694j
26-08-18-11 梯度监控 | raw=5.8463 | natural=0.2116 | clipped=0.2116(上限20.0)
26-08-18-11 原始规范坐标 G(Re Σrow_mean) = +20.7201 | 累计|g| = 11.0698
26-08-18-11 Ψ矩阵条件数 cond(Ψ) = 2.60e+01
26-08-18-11 Loss=-3.199984 | E0=-1.04372305+0.00004989j | E1=-0.95183002+0.00163655j|E2=-0.66539603+0.00062950j|E3=-0.53903510+0.00064404j
26-08-18-11 #-----------------------------------------#
26-08-18-11 [Step 117] logΨ: mean=3.264-0.285j | min=-4.229-0.205j | max=3.609+1.514j
26-08-18-11 梯度监控 | raw=5.4973 | natural=0.0799 | clipped=0.0799(上限20.0)
26-08-18-11 原始规范坐标 G(Re Σrow_mean) = +20.6854 | 累计|g| = 11.0698
26-08-18-11 Ψ矩阵条件数 cond(Ψ) = 2.74e+01
26-08-18-11 Loss=-3.188294 | E0=-1.04551830+0.00050361j | E1=-0.94209450+0.00252528j|E2=-0.65953802+0.00183316j|E3=-0.54114278-0.00008630j
26-08-18-11 #-----------------------------------------#
26-08-18-11 [Step 118] logΨ: mean=3.503-0.416j | min=-3.494-0.956j | max=3.748+1.516j
26-08-18-11 梯度监控 | raw=4.2999 | natural=0.0926 | clipped=0.0926(上限20.0)
26-08-18-11 原始规范坐标 G(Re Σrow_mean) = +20.9279 | 累计|g| = 11.0698
26-08-18-11 Ψ矩阵条件数 cond(Ψ) = 2.80e+01
26-08-18-11 Loss=-3.199521 | E0=-1.04735613+0.00001229j | E1=-0.95181873+0.00245140j|E2=-0.66014562-0.00097162j|E3=-0.54020034+0.00015333j
26-08-18-11 #-----------------------------------------#
26-08-18-11 [Step 119] logΨ: mean=3.530-0.312j | min=-1.675+1.714j | max=3.689+1.491j
26-08-18-11 梯度监控 | raw=2.9693 | natural=0.0326 | clipped=0.0326(上限20.0)
26-08-18-11 原始规范坐标 G(Re Σrow_mean) = +20.9798 | 累计|g| = 11.0698
26-08-18-11 Ψ矩阵条件数 cond(Ψ) = 2.81e+01
26-08-18-11 Loss=-3.204091 | E0=-1.04603537-0.00011507j | E1=-0.95281527+0.00076559j|E2=-0.66290528+0.00052501j|E3=-0.54233465-0.00040332j
26-08-18-11 #-----------------------------------------#
26-08-18-11 [保存] Step 119 → pickle 文件已更新 (120 条记录)
26-08-18-11 [GaugeReset@120] 吸收 Δg = Σ Re(col_mean) = +20.9798 | 新|g| = 11.1563
26-08-18-11 [Step 120] logΨ: mean=3.469+0.014j | min=-0.534+1.576j | max=3.575+1.560j
26-08-18-11 梯度监控 | raw=0.9352 | natural=0.0294 | clipped=0.0294(上限20.0)
26-08-18-11 原始规范坐标 G(Re Σrow_mean) = +21.0901 | 累计|g| = 11.1563
26-08-18-11 Ψ矩阵条件数 cond(Ψ) = 2.95e+01
26-08-18-11 Loss=-3.208807 | E0=-1.04625827-0.00009956j | E1=-0.95337148-0.00070204j|E2=-0.66069154+0.00003963j|E3=-0.54848573-0.00010798j
26-08-18-11 #-----------------------------------------#
26-08-18-11 [Step 121] logΨ: mean=3.573-0.478j | min=-3.063-1.474j | max=3.725+1.276j
26-08-18-11 梯度监控 | raw=2.7638 | natural=0.0761 | clipped=0.0761(上限20.0)
26-08-18-11 原始规范坐标 G(Re Σrow_mean) = +21.1071 | 累计|g| = 11.1563
26-08-18-11 Ψ矩阵条件数 cond(Ψ) = 3.17e+01
26-08-18-11 Loss=-3.199342 | E0=-1.04627767+0.00002512j | E1=-0.94541417-0.00059238j|E2=-0.66321922+0.00002678j|E3=-0.54443089+0.00013336j
26-08-18-11 #-----------------------------------------#
26-08-18-11 [Step 122] logΨ: mean=3.578-0.561j | min=-1.682-1.016j | max=3.824+1.288j
26-08-18-11 梯度监控 | raw=5.1486 | natural=0.0750 | clipped=0.0750(上限20.0)
26-08-18-11 原始规范坐标 G(Re Σrow_mean) = +21.1069 | 累计|g| = 11.1563
26-08-18-11 Ψ矩阵条件数 cond(Ψ) = 3.31e+01
26-08-18-11 Loss=-3.198432 | E0=-1.04026320+0.00015995j | E1=-0.94928633+0.00003121j|E2=-0.66053785-0.00030443j|E3=-0.54834445-0.00031004j
26-08-18-11 #-----------------------------------------#
26-08-18-11 [Step 123] logΨ: mean=3.870-0.669j | min=-1.545-1.967j | max=4.014+1.010j
26-08-18-11 梯度监控 | raw=1.0259 | natural=0.0303 | clipped=0.0303(上限20.0)
26-08-18-11 原始规范坐标 G(Re Σrow_mean) = +21.2439 | 累计|g| = 11.1563
26-08-18-11 Ψ矩阵条件数 cond(Ψ) = 3.62e+01
26-08-18-11 Loss=-3.207691 | E0=-1.04304265+0.00002724j | E1=-0.95246826-0.00119133j|E2=-0.66006385-0.00083275j|E3=-0.55211641+0.00010475j
26-08-18-11 #-----------------------------------------#
26-08-18-11 [Step 124] logΨ: mean=3.758-0.484j | min=-0.080-1.698j | max=3.907+1.147j
26-08-18-11 梯度监控 | raw=3.3212 | natural=0.0258 | clipped=0.0258(上限20.0)
26-08-18-11 原始规范坐标 G(Re Σrow_mean) = +21.1894 | 累计|g| = 11.1563
26-08-18-11 Ψ矩阵条件数 cond(Ψ) = 3.48e+01
26-08-18-11 Loss=-3.200579 | E0=-1.04401929-0.00006620j | E1=-0.94550975+0.00027162j|E2=-0.66333536+0.00054239j|E3=-0.54771479+0.00015401j
26-08-18-11 #-----------------------------------------#
26-08-18-11 [Step 125] logΨ: mean=3.332-0.936j | min=-2.414-1.588j | max=3.380+0.642j
26-08-18-11 梯度监控 | raw=2.4282 | natural=0.2400 | clipped=0.2400(上限20.0)
26-08-18-11 原始规范坐标 G(Re Σrow_mean) = +20.9193 | 累计|g| = 11.1563
26-08-18-11 Ψ矩阵条件数 cond(Ψ) = 3.07e+01
26-08-18-11 Loss=-3.205228 | E0=-1.04674391+0.00007958j | E1=-0.94817548-0.00383034j|E2=-0.66216188+0.00024677j|E3=-0.54814676+0.00041507j
26-08-18-11 #-----------------------------------------#
26-08-18-11 [Step 126] logΨ: mean=3.339-0.579j | min=-3.063-3.072j | max=3.605+0.975j
26-08-18-11 梯度监控 | raw=13.1570 | natural=0.5336 | clipped=0.5336(上限20.0)
26-08-18-11 原始规范坐标 G(Re Σrow_mean) = +20.9978 | 累计|g| = 11.1563
26-08-18-11 Ψ矩阵条件数 cond(Ψ) = 2.91e+01
26-08-18-11 Loss=-3.183916 | E0=-1.04553327-0.00031586j | E1=-0.93992955+0.00151547j|E2=-0.65891773+0.00446522j|E3=-0.53953537+0.00337037j
26-08-18-11 #-----------------------------------------#
26-08-18-11 [Step 127] logΨ: mean=3.298-0.178j | min=-3.369-1.143j | max=3.407+1.330j
26-08-18-11 梯度监控 | raw=8.5824 | natural=0.1750 | clipped=0.1750(上限20.0)
26-08-18-11 原始规范坐标 G(Re Σrow_mean) = +21.0999 | 累计|g| = 11.1563
26-08-18-11 Ψ矩阵条件数 cond(Ψ) = 3.04e+01
26-08-18-11 Loss=-3.200557 | E0=-1.04623616-0.00064284j | E1=-0.95219956+0.00143381j|E2=-0.66341096+0.00225027j|E3=-0.53870986-0.00321185j
26-08-18-11 #-----------------------------------------#
26-08-18-11 [Step 128] logΨ: mean=3.319+0.027j | min=-1.603+1.871j | max=3.497+1.272j
26-08-18-11 梯度监控 | raw=2.9049 | natural=0.0699 | clipped=0.0699(上限20.0)
26-08-18-11 原始规范坐标 G(Re Σrow_mean) = +21.0841 | 累计|g| = 11.1563
26-08-18-11 Ψ矩阵条件数 cond(Ψ) = 3.15e+01
26-08-18-11 Loss=-3.203195 | E0=-1.04669933+0.00043087j | E1=-0.95744199-0.00052600j|E2=-0.65735424-0.00100646j|E3=-0.54169895+0.00201375j
26-08-18-11 #-----------------------------------------#
26-08-18-11 [Step 129] logΨ: mean=3.330-0.133j | min=-1.251-2.446j | max=3.500+1.357j
26-08-18-11 梯度监控 | raw=11.4100 | natural=0.0395 | clipped=0.0395(上限20.0)
26-08-18-11 原始规范坐标 G(Re Σrow_mean) = +21.1129 | 累计|g| = 11.1563
26-08-18-11 Ψ矩阵条件数 cond(Ψ) = 3.02e+01
26-08-18-11 Loss=-3.205512 | E0=-1.04472969+0.00067520j | E1=-0.95261829-0.00185463j|E2=-0.66172441-0.00107311j|E3=-0.54643983+0.00659029j
26-08-18-11 #-----------------------------------------#
26-08-18-11 [GaugeReset@130] 吸收 Δg = Σ Re(col_mean) = +21.1129 | 新|g| = 11.2233
26-08-18-11 [Step 130] logΨ: mean=4.074-0.213j | min=-0.540+1.222j | max=4.225+1.106j
26-08-18-11 梯度监控 | raw=1.0846 | natural=0.1649 | clipped=0.1649(上限20.0)
26-08-18-11 原始规范坐标 G(Re Σrow_mean) = +21.4881 | 累计|g| = 11.2233
26-08-18-11 Ψ矩阵条件数 cond(Ψ) = 4.74e+01
26-08-18-11 Loss=-3.205964 | E0=-1.04785590-0.00001386j | E1=-0.95407249-0.00106271j|E2=-0.66153581-0.00148416j|E3=-0.54249934-0.00177384j
26-08-18-11 #-----------------------------------------#
26-08-18-11 [Step 131] logΨ: mean=4.174-0.660j | min=-0.358+1.047j | max=4.246+1.008j
26-08-18-11 梯度监控 | raw=5.7576 | natural=0.0179 | clipped=0.0179(上限20.0)
26-08-18-11 原始规范坐标 G(Re Σrow_mean) = +21.6248 | 累计|g| = 11.2233
26-08-18-11 Ψ矩阵条件数 cond(Ψ) = 4.89e+01
26-08-18-11 Loss=-3.196826 | E0=-1.04660805-0.00021959j | E1=-0.94730431-0.00164260j|E2=-0.66328861-0.00096912j|E3=-0.53962550-0.00186276j
26-08-18-11 #-----------------------------------------#
26-08-18-11 [Step 132] logΨ: mean=4.211-0.266j | min=-0.379+0.565j | max=4.332+1.187j
26-08-18-11 梯度监控 | raw=16.8345 | natural=0.1195 | clipped=0.1195(上限20.0)
26-08-18-11 原始规范坐标 G(Re Σrow_mean) = +21.6131 | 累计|g| = 11.2233
26-08-18-11 Ψ矩阵条件数 cond(Ψ) = 4.72e+01
26-08-18-11 Loss=-3.184497 | E0=-1.04673275+0.00001339j | E1=-0.94108756-0.00146642j|E2=-0.66335641-0.00103354j|E3=-0.53331987-0.00110631j
26-08-18-11 #-----------------------------------------#
26-08-18-11 [Step 133] logΨ: mean=4.227-0.268j | min=0.576-1.925j | max=4.407+1.091j
26-08-18-11 梯度监控 | raw=22.4318 | natural=0.0488 | clipped=0.0488(上限20.0)
26-08-18-11 原始规范坐标 G(Re Σrow_mean) = +21.5487 | 累计|g| = 11.2233
26-08-18-11 Ψ矩阵条件数 cond(Ψ) = 5.24e+01
26-08-18-11 Loss=-3.181270 | E0=-1.04501408-0.00035243j | E1=-0.93173268-0.00088230j|E2=-0.66354320+0.00006036j|E3=-0.54097964+0.00074129j
26-08-18-11 #-----------------------------------------#
26-08-18-11 [Step 134] logΨ: mean=4.291-0.259j | min=0.366-3.059j | max=4.339+1.067j
26-08-18-11 梯度监控 | raw=5.3547 | natural=0.0092 | clipped=0.0092(上限20.0)
26-08-18-11 原始规范坐标 G(Re Σrow_mean) = +21.6353 | 累计|g| = 11.2233
26-08-18-11 Ψ矩阵条件数 cond(Ψ) = 5.27e+01
26-08-18-11 Loss=-3.197641 | E0=-1.04531089-0.00030210j | E1=-0.94636254-0.00175120j|E2=-0.66339112-0.00104241j|E3=-0.54257672-0.00201337j
26-08-18-11 #-----------------------------------------#
26-08-18-11 [Step 135] logΨ: mean=4.324-0.082j | min=0.466+2.506j | max=4.360+1.086j
26-08-18-11 梯度监控 | raw=1.6402 | natural=0.0058 | clipped=0.0058(上限20.0)
26-08-18-11 原始规范坐标 G(Re Σrow_mean) = +21.6625 | 累计|g| = 11.2233
26-08-18-11 Ψ矩阵条件数 cond(Ψ) = 5.57e+01
26-08-18-11 Loss=-3.200918 | E0=-1.04593722-0.00025033j | E1=-0.94817732-0.00192282j|E2=-0.66272163-0.00110002j|E3=-0.54408178-0.00188488j
26-08-18-11 #-----------------------------------------#
26-08-18-11 [Step 136] logΨ: mean=4.010+0.109j | min=-0.730-2.496j | max=4.144+1.280j
26-08-18-11 梯度监控 | raw=16.4542 | natural=0.0852 | clipped=0.0852(上限20.0)
26-08-18-11 原始规范坐标 G(Re Σrow_mean) = +21.4511 | 累计|g| = 11.2233
26-08-18-11 Ψ矩阵条件数 cond(Ψ) = 4.70e+01
26-08-18-11 Loss=-3.196481 | E0=-1.04361015+0.00009355j | E1=-0.94436501+0.00059631j|E2=-0.66256994-0.00126524j|E3=-0.54593576+0.00130390j
26-08-18-11 #-----------------------------------------#
26-08-18-11 [Step 137] logΨ: mean=3.974+0.211j | min=-0.432-0.255j | max=4.151+1.406j
26-08-18-11 梯度监控 | raw=11.8166 | natural=0.0440 | clipped=0.0440(上限20.0)
26-08-18-11 原始规范坐标 G(Re Σrow_mean) = +21.4135 | 累计|g| = 11.2233
26-08-18-11 Ψ矩阵条件数 cond(Ψ) = 4.47e+01
26-08-18-11 Loss=-3.187600 | E0=-1.04658039+0.00021988j | E1=-0.93031409-0.00165308j|E2=-0.66424459+0.00288267j|E3=-0.54646073+0.00116345j
26-08-18-11 #-----------------------------------------#
26-08-18-11 [Step 138] logΨ: mean=3.981+0.131j | min=0.473-0.952j | max=4.118+1.408j
26-08-18-11 梯度监控 | raw=10.5935 | natural=0.0138 | clipped=0.0138(上限20.0)
26-08-18-11 原始规范坐标 G(Re Σrow_mean) = +21.4424 | 累计|g| = 11.2233
26-08-18-11 Ψ矩阵条件数 cond(Ψ) = 4.43e+01
26-08-18-11 Loss=-3.204568 | E0=-1.04542259+0.00025541j | E1=-0.94902743-0.00111504j|E2=-0.66081953+0.00024333j|E3=-0.54929872+0.00252596j
26-08-18-11 #-----------------------------------------#
26-08-18-11 [Step 139] logΨ: mean=3.978+0.098j | min=-0.855+1.560j | max=4.202+1.425j
26-08-18-11 梯度监控 | raw=6.0941 | natural=0.0375 | clipped=0.0375(上限20.0)
26-08-18-11 原始规范坐标 G(Re Σrow_mean) = +21.3835 | 累计|g| = 11.2233
26-08-18-11 Ψ矩阵条件数 cond(Ψ) = 4.39e+01
26-08-18-11 Loss=-3.198146 | E0=-1.04482705+0.00001588j | E1=-0.94744397-0.00013093j|E2=-0.65879646+0.00174734j|E3=-0.54707856+0.00045214j
26-08-18-11 #-----------------------------------------#
26-08-18-11 [保存] Step 139 → pickle 文件已更新 (140 条记录)
26-08-18-11 [GaugeReset@140] 吸收 Δg = Σ Re(col_mean) = +21.3835 | 新|g| = 11.3756
26-08-18-11 [Step 140] logΨ: mean=4.371+0.555j | min=-1.668-0.782j | max=4.557+1.691j
26-08-18-11 梯度监控 | raw=26.3726 | natural=0.8331 | clipped=0.8331(上限20.0)
26-08-18-11 原始规范坐标 G(Re Σrow_mean) = +21.8918 | 累计|g| = 11.3756
26-08-18-11 Ψ矩阵条件数 cond(Ψ) = 3.24e+01
26-08-18-11 Loss=-3.167268 | E0=-1.04528768+0.00030980j | E1=-0.93368532+0.00969529j|E2=-0.64312132+0.01280792j|E3=-0.54517407+0.00166818j
26-08-18-11 #-----------------------------------------#
26-08-18-11 [Step 141] logΨ: mean=4.254+0.491j | min=-1.663-0.707j | max=4.456+1.400j
26-08-18-11 梯度监控 | raw=10.3971 | natural=0.0626 | clipped=0.0626(上限20.0)
26-08-18-11 原始规范坐标 G(Re Σrow_mean) = +21.9111 | 累计|g| = 11.3756
26-08-18-11 Ψ矩阵条件数 cond(Ψ) = 3.18e+01
26-08-18-11 Loss=-3.183677 | E0=-1.04617613-0.00191878j | E1=-0.94385326+0.00010986j|E2=-0.65725841+0.00698636j|E3=-0.53638967+0.00251018j
26-08-18-11 #-----------------------------------------#
26-08-18-11 [Step 142] logΨ: mean=4.074+0.310j | min=0.472-2.707j | max=4.206+1.322j
26-08-18-11 梯度监控 | raw=3.3949 | natural=0.0352 | clipped=0.0352(上限20.0)
26-08-18-11 原始规范坐标 G(Re Σrow_mean) = +21.9300 | 累计|g| = 11.3756
26-08-18-11 Ψ矩阵条件数 cond(Ψ) = 2.87e+01
26-08-18-11 Loss=-3.190396 | E0=-1.04714584-0.00002666j | E1=-0.94194936-0.00166577j|E2=-0.66031559+0.00261084j|E3=-0.54098501+0.00081170j
26-08-18-11 #-----------------------------------------#
26-08-18-11 [Step 143] logΨ: mean=4.047+0.121j | min=-2.725-1.281j | max=4.270+1.377j
26-08-18-11 梯度监控 | raw=15.0923 | natural=0.1876 | clipped=0.1876(上限20.0)
26-08-18-11 原始规范坐标 G(Re Σrow_mean) = +21.9952 | 累计|g| = 11.3756
26-08-18-11 Ψ矩阵条件数 cond(Ψ) = 2.69e+01
26-08-18-11 Loss=-3.204799 | E0=-1.04954883+0.00035302j | E1=-0.95968902+0.00845947j|E2=-0.65681043+0.00820203j|E3=-0.53875037+0.00163703j
26-08-18-11 #-----------------------------------------#
26-08-18-11 [Step 144] logΨ: mean=4.055-0.058j | min=-0.164+1.303j | max=4.172+1.351j
26-08-18-11 梯度监控 | raw=3.0127 | natural=0.0346 | clipped=0.0346(上限20.0)
26-08-18-11 原始规范坐标 G(Re Σrow_mean) = +22.0614 | 累计|g| = 11.3756
26-08-18-11 Ψ矩阵条件数 cond(Ψ) = 2.62e+01
26-08-18-11 Loss=-3.208033 | E0=-1.04530830-0.00006944j | E1=-0.95302316+0.00009154j|E2=-0.66091864-0.00233779j|E3=-0.54878258-0.00056004j
26-08-18-11 #-----------------------------------------#
26-08-18-11 [Step 145] logΨ: mean=3.949-0.186j | min=-2.165+2.180j | max=4.078+1.406j
26-08-18-11 梯度监控 | raw=5.2248 | natural=0.0344 | clipped=0.0344(上限20.0)
26-08-18-11 原始规范坐标 G(Re Σrow_mean) = +21.9736 | 累计|g| = 11.3756
26-08-18-11 Ψ矩阵条件数 cond(Ψ) = 2.59e+01
26-08-18-11 Loss=-3.204268 | E0=-1.04595007-0.00014960j | E1=-0.95224055-0.00197488j|E2=-0.66161426-0.00238652j|E3=-0.54446350-0.00066034j
26-08-18-11 #-----------------------------------------#
26-08-18-11 [Step 146] logΨ: mean=3.952-0.563j | min=-1.608+1.531j | max=4.026+1.342j
26-08-18-11 梯度监控 | raw=1.0182 | natural=0.0397 | clipped=0.0397(上限20.0)
26-08-18-11 原始规范坐标 G(Re Σrow_mean) = +21.9390 | 累计|g| = 11.3756
26-08-18-11 Ψ矩阵条件数 cond(Ψ) = 2.63e+01
26-08-18-11 Loss=-3.204919 | E0=-1.04693123-0.00017938j | E1=-0.95365126+0.00109419j|E2=-0.65777211-0.00425388j|E3=-0.54656435-0.00014174j
26-08-18-11 #-----------------------------------------#
26-08-18-11 [Step 147] logΨ: mean=3.798-0.294j | min=-3.082-0.580j | max=3.953+1.932j
26-08-18-11 梯度监控 | raw=4.5676 | natural=0.2022 | clipped=0.2022(上限20.0)
26-08-18-11 原始规范坐标 G(Re Σrow_mean) = +21.8305 | 累计|g| = 11.3756
26-08-18-11 Ψ矩阵条件数 cond(Ψ) = 2.62e+01
26-08-18-11 Loss=-3.203063 | E0=-1.04335234+0.00001378j | E1=-0.95424440+0.00177364j|E2=-0.66145518+0.00130559j|E3=-0.54401100+0.00050752j
26-08-18-11 #-----------------------------------------#
26-08-18-11 [Step 148] logΨ: mean=3.785-0.169j | min=-1.024-0.790j | max=3.893+2.185j
26-08-18-11 梯度监控 | raw=1.4392 | natural=0.0160 | clipped=0.0160(上限20.0)
26-08-18-11 原始规范坐标 G(Re Σrow_mean) = +21.8593 | 累计|g| = 11.3756
26-08-18-11 Ψ矩阵条件数 cond(Ψ) = 2.69e+01
26-08-18-11 Loss=-3.206270 | E0=-1.04808364-0.00012504j | E1=-0.95333688-0.00211399j|E2=-0.65948131-0.00104282j|E3=-0.54536858+0.00006708j
26-08-18-11 #-----------------------------------------#
26-08-18-11 [Step 149] logΨ: mean=3.520+0.011j | min=-1.853+2.344j | max=3.770+2.434j
26-08-18-11 梯度监控 | raw=4.6310 | natural=0.2196 | clipped=0.2196(上限20.0)
26-08-18-11 原始规范坐标 G(Re Σrow_mean) = +21.6150 | 累计|g| = 11.3756
26-08-18-11 Ψ矩阵条件数 cond(Ψ) = 3.93e+01
26-08-18-11 Loss=-3.207076 | E0=-1.04481431+0.00023851j | E1=-0.95584709-0.00077374j|E2=-0.66321512+0.00314055j|E3=-0.54319956-0.00044375j
26-08-18-11 #-----------------------------------------#
26-08-18-11 [GaugeReset@150] 吸收 Δg = Σ Re(col_mean) = +21.6150 | 新|g| = 11.4809
26-08-18-11 [Step 150] logΨ: mean=3.173-1.150j | min=-0.719+1.144j | max=3.248+1.062j
26-08-18-11 梯度监控 | raw=2.1008 | natural=0.0730 | clipped=0.0730(上限20.0)
26-08-18-11 原始规范坐标 G(Re Σrow_mean) = +21.6309 | 累计|g| = 11.4809
26-08-18-11 Ψ矩阵条件数 cond(Ψ) = 3.03e+01
26-08-18-11 Loss=-3.208344 | E0=-1.04575940-0.00010137j | E1=-0.95396347-0.00003997j|E2=-0.66216062-0.00071428j|E3=-0.54646063+0.00033183j
26-08-18-11 #-----------------------------------------#
26-08-18-11 [Step 151] logΨ: mean=3.250-1.052j | min=-2.687-1.811j | max=3.387+1.103j
26-08-18-11 梯度监控 | raw=2.4178 | natural=0.1159 | clipped=0.1159(上限20.0)
26-08-18-11 原始规范坐标 G(Re Σrow_mean) = +21.6887 | 累计|g| = 11.4809
26-08-18-11 Ψ矩阵条件数 cond(Ψ) = 3.34e+01
26-08-18-11 Loss=-3.206105 | E0=-1.04401034+0.00010000j | E1=-0.95071581-0.00073381j|E2=-0.66242067-0.00047464j|E3=-0.54895791-0.00067862j
26-08-18-11 #-----------------------------------------#
26-08-18-11 [Step 152] logΨ: mean=3.267-0.995j | min=-1.112-1.709j | max=3.359+1.164j
26-08-18-11 梯度监控 | raw=2.0158 | natural=0.0297 | clipped=0.0297(上限20.0)
26-08-18-11 原始规范坐标 G(Re Σrow_mean) = +21.7186 | 累计|g| = 11.4809
26-08-18-11 Ψ矩阵条件数 cond(Ψ) = 3.29e+01
26-08-18-11 Loss=-3.210408 | E0=-1.04361034+0.00008868j | E1=-0.95566239+0.00049544j|E2=-0.66086580-0.00134452j|E3=-0.55026915+0.00012014j
26-08-18-11 #-----------------------------------------#
26-08-18-11 [Step 153] logΨ: mean=3.238-0.877j | min=-1.593-2.338j | max=3.388+1.247j
26-08-18-11 梯度监控 | raw=2.7968 | natural=0.1201 | clipped=0.1201(上限20.0)
26-08-18-11 原始规范坐标 G(Re Σrow_mean) = +21.6581 | 累计|g| = 11.4809
26-08-18-11 Ψ矩阵条件数 cond(Ψ) = 2.97e+01
26-08-18-11 Loss=-3.208776 | E0=-1.04430842+0.00035761j | E1=-0.95359628-0.00184958j|E2=-0.66071160+0.00072768j|E3=-0.55015992+0.00016893j
26-08-18-11 #-----------------------------------------#
26-08-18-11 [Step 154] logΨ: mean=3.146-0.646j | min=-2.396+1.437j | max=3.457+1.252j
26-08-18-11 梯度监控 | raw=2.9259 | natural=0.0439 | clipped=0.0439(上限20.0)
26-08-18-11 原始规范坐标 G(Re Σrow_mean) = +21.5226 | 累计|g| = 11.4809
26-08-18-11 Ψ矩阵条件数 cond(Ψ) = 3.88e+01
26-08-18-11 Loss=-3.209120 | E0=-1.04617812+0.00026951j | E1=-0.95958939+0.00288363j|E2=-0.65631120+0.00193204j|E3=-0.54704131+0.00048530j
26-08-18-11 #-----------------------------------------#
26-08-18-11 [Step 155] logΨ: mean=3.096-0.270j | min=-3.494-1.644j | max=3.356+1.274j
26-08-18-11 梯度监控 | raw=4.7064 | natural=0.0642 | clipped=0.0642(上限20.0)
26-08-18-11 原始规范坐标 G(Re Σrow_mean) = +21.4869 | 累计|g| = 11.4809
26-08-18-11 Ψ矩阵条件数 cond(Ψ) = 2.85e+01
26-08-18-11 Loss=-3.207893 | E0=-1.04426843+0.00017494j | E1=-0.95225505+0.00054043j|E2=-0.66249892+0.00112830j|E3=-0.54887088+0.00012263j
26-08-18-11 #-----------------------------------------#
26-08-18-11 [Step 156] logΨ: mean=3.053-0.282j | min=-2.497+1.338j | max=3.158+1.222j
26-08-18-11 梯度监控 | raw=1.8373 | natural=0.0587 | clipped=0.0587(上限20.0)
26-08-18-11 原始规范坐标 G(Re Σrow_mean) = +21.5362 | 累计|g| = 11.4809
26-08-18-11 Ψ矩阵条件数 cond(Ψ) = 2.66e+01
26-08-18-11 Loss=-3.216030 | E0=-1.04692495-0.00017318j | E1=-0.95673938+0.00013275j|E2=-0.66548210+0.00075777j|E3=-0.54688337+0.00003223j
26-08-18-11 #-----------------------------------------#
26-08-18-11 [Step 157] logΨ: mean=2.696-0.276j | min=-2.280-1.122j | max=2.902+1.274j
26-08-18-11 梯度监控 | raw=2.6167 | natural=0.1207 | clipped=0.1207(上限20.0)
26-08-18-11 原始规范坐标 G(Re Σrow_mean) = +21.2428 | 累计|g| = 11.4809
26-08-18-11 Ψ矩阵条件数 cond(Ψ) = 2.48e+01
26-08-18-11 Loss=-3.213131 | E0=-1.04466404+0.00005498j | E1=-0.95657059+0.00017660j|E2=-0.66539921+0.00039822j|E3=-0.54649756-0.00032759j
26-08-18-11 #-----------------------------------------#
26-08-18-11 [Step 158] logΨ: mean=2.693-0.023j | min=-2.770+1.461j | max=2.853+1.331j
26-08-18-11 梯度监控 | raw=1.7439 | natural=0.0208 | clipped=0.0208(上限20.0)
26-08-18-11 原始规范坐标 G(Re Σrow_mean) = +21.2717 | 累计|g| = 11.4809
26-08-18-11 Ψ矩阵条件数 cond(Ψ) = 2.46e+01
26-08-18-11 Loss=-3.217070 | E0=-1.04488388+0.00011320j | E1=-0.95893321+0.00149343j|E2=-0.66399165-0.00146304j|E3=-0.54926132-0.00001776j
26-08-18-11 #-----------------------------------------#
26-08-18-11 [Step 159] logΨ: mean=2.642+0.218j | min=-3.697+2.244j | max=2.904+1.426j
26-08-18-11 梯度监控 | raw=6.3566 | natural=0.0705 | clipped=0.0705(上限20.0)
26-08-18-11 原始规范坐标 G(Re Σrow_mean) = +21.1978 | 累计|g| = 11.4809
26-08-18-11 Ψ矩阵条件数 cond(Ψ) = 2.40e+01
26-08-18-11 Loss=-3.205993 | E0=-1.04109945-0.00010603j | E1=-0.95306049-0.00003571j|E2=-0.66426316-0.00027112j|E3=-0.54756993-0.00092550j
26-08-18-11 #-----------------------------------------#
26-08-18-11 [保存] Step 159 → pickle 文件已更新 (160 条记录)
26-08-18-11 [GaugeReset@160] 吸收 Δg = Σ Re(col_mean) = +21.1978 | 新|g| = 11.2850
26-08-18-11 [Step 160] logΨ: mean=3.175+0.255j | min=-2.625+1.307j | max=3.531+1.388j
26-08-18-11 梯度监控 | raw=2.7603 | natural=0.0805 | clipped=0.0805(上限20.0)
26-08-18-11 原始规范坐标 G(Re Σrow_mean) = +21.2426 | 累计|g| = 11.2850
26-08-18-11 Ψ矩阵条件数 cond(Ψ) = 2.57e+01
26-08-18-11 Loss=-3.216487 | E0=-1.04162395+0.00037036j | E1=-0.95789172+0.00186209j|E2=-0.66404888-0.00198672j|E3=-0.55292240-0.00018317j
26-08-18-11 #-----------------------------------------#
26-08-18-11 [Step 161] logΨ: mean=3.495+0.111j | min=-0.995+2.316j | max=3.593+1.360j
26-08-18-11 梯度监控 | raw=2.6117 | natural=0.0531 | clipped=0.0531(上限20.0)
26-08-18-11 原始规范坐标 G(Re Σrow_mean) = +21.4589 | 累计|g| = 11.2850
26-08-18-11 Ψ矩阵条件数 cond(Ψ) = 3.48e+01
26-08-18-11 Loss=-3.211410 | E0=-1.04769418+0.00006532j | E1=-0.95421076-0.00061183j|E2=-0.66322731+0.00038248j|E3=-0.54627746+0.00007136j
26-08-18-11 #-----------------------------------------#
26-08-18-11 [Step 162] logΨ: mean=3.635-0.051j | min=-0.897-0.786j | max=3.729+1.391j
26-08-18-11 梯度监控 | raw=2.5247 | natural=0.0467 | clipped=0.0467(上限20.0)
26-08-18-11 原始规范坐标 G(Re Σrow_mean) = +21.4684 | 累计|g| = 11.2850
26-08-18-11 Ψ矩阵条件数 cond(Ψ) = 2.43e+01
26-08-18-11 Loss=-3.211568 | E0=-1.04703174-0.00009959j | E1=-0.95517058-0.00016268j|E2=-0.66306503-0.00027250j|E3=-0.54630037-0.00012196j
26-08-18-11 #-----------------------------------------#
26-08-18-11 [Step 163] logΨ: mean=3.668+0.109j | min=-0.941-0.695j | max=3.746+1.481j
26-08-18-11 梯度监控 | raw=0.3608 | natural=0.0278 | clipped=0.0278(上限20.0)
26-08-18-11 原始规范坐标 G(Re Σrow_mean) = +21.5096 | 累计|g| = 11.2850
26-08-18-11 Ψ矩阵条件数 cond(Ψ) = 2.58e+01
26-08-18-11 Loss=-3.211588 | E0=-1.04775521-0.00004662j | E1=-0.95372290-0.00118623j|E2=-0.66327232-0.00004705j|E3=-0.54683757-0.00017561j
26-08-18-11 #-----------------------------------------#
26-08-18-11 [Step 164] logΨ: mean=3.679+0.036j | min=-1.174-0.928j | max=3.758+1.523j
26-08-18-11 梯度监控 | raw=2.3328 | natural=0.0172 | clipped=0.0172(上限20.0)
26-08-18-11 原始规范坐标 G(Re Σrow_mean) = +21.5213 | 累计|g| = 11.2850
26-08-18-11 Ψ矩阵条件数 cond(Ψ) = 2.50e+01
26-08-18-11 Loss=-3.207503 | E0=-1.04826679-0.00011017j | E1=-0.95369417-0.00057778j|E2=-0.66156503-0.00018841j|E3=-0.54397715-0.00014035j
26-08-18-11 #-----------------------------------------#
26-08-18-11 [Step 165] logΨ: mean=2.390+0.087j | min=-2.180-1.283j | max=2.505+1.421j
26-08-18-11 梯度监控 | raw=7.4826 | natural=0.3585 | clipped=0.3585(上限20.0)
26-08-18-11 原始规范坐标 G(Re Σrow_mean) = +20.8060 | 累计|g| = 11.2850
26-08-18-11 Ψ矩阵条件数 cond(Ψ) = 2.85e+01
26-08-18-11 Loss=-3.223003 | E0=-1.04414534+0.00005127j | E1=-0.95329918-0.00107030j|E2=-0.67802269-0.00588737j|E3=-0.54753594+0.00034275j
26-08-18-11 #-----------------------------------------#
26-08-18-11 [Step 166] logΨ: mean=2.091-0.252j | min=-2.668-0.360j | max=2.291+0.890j
26-08-18-11 梯度监控 | raw=25.9794 | natural=0.1201 | clipped=0.1201(上限20.0)
26-08-18-11 原始规范坐标 G(Re Σrow_mean) = +20.4724 | 累计|g| = 11.2850
26-08-18-11 Ψ矩阵条件数 cond(Ψ) = 3.22e+01
26-08-18-11 Loss=-3.172859 | E0=-1.04604371-0.00367978j | E1=-0.94957442+0.00117219j|E2=-0.66128264-0.00101363j|E3=-0.51595853+0.00315025j
26-08-18-11 #-----------------------------------------#
26-08-18-11 [Step 167] logΨ: mean=1.767-0.483j | min=-2.439-1.168j | max=2.177+0.710j
26-08-18-11 梯度监控 | raw=35.9841 | natural=0.1217 | clipped=0.1217(上限20.0)
26-08-18-11 原始规范坐标 G(Re Σrow_mean) = +20.0665 | 累计|g| = 11.2850
26-08-18-11 Ψ矩阵条件数 cond(Ψ) = 3.50e+01
26-08-18-11 Loss=-3.102995 | E0=-1.03880691+0.00015233j | E1=-0.93689716+0.00377898j|E2=-0.65223467-0.00206529j|E3=-0.47505638-0.00397062j
26-08-18-11 #-----------------------------------------#
26-08-18-11 [Step 168] logΨ: mean=1.591-0.967j | min=-3.145-1.935j | max=2.085+0.493j
26-08-18-11 梯度监控 | raw=36.6905 | natural=0.1567 | clipped=0.1567(上限20.0)
26-08-18-11 原始规范坐标 G(Re Σrow_mean) = +19.8176 | 累计|g| = 11.2850
26-08-18-11 Ψ矩阵条件数 cond(Ψ) = 3.36e+01
26-08-18-11 Loss=-3.082246 | E0=-1.04099354+0.00026099j | E1=-0.92832828+0.00046941j|E2=-0.65050974-0.00291844j|E3=-0.46241438-0.00448256j
26-08-18-11 #-----------------------------------------#
26-08-18-11 [Step 169] logΨ: mean=1.812-0.872j | min=-2.288-1.190j | max=2.104+0.469j
26-08-18-11 梯度监控 | raw=21.9510 | natural=0.0444 | clipped=0.0444(上限20.0)
26-08-18-11 原始规范坐标 G(Re Σrow_mean) = +20.0577 | 累计|g| = 11.2850
26-08-18-11 Ψ矩阵条件数 cond(Ψ) = 3.33e+01
26-08-18-11 Loss=-3.157374 | E0=-1.04383906-0.00009547j | E1=-0.94793716-0.00160656j|E2=-0.65485835-0.00037562j|E3=-0.51073944+0.00482616j
26-08-18-11 #-----------------------------------------#
26-08-18-11 [GaugeReset@170] 吸收 Δg = Σ Re(col_mean) = +20.0577 | 新|g| = 10.7952
26-08-18-11 [Step 170] logΨ: mean=3.142-0.564j | min=-1.665+0.934j | max=3.271+0.736j
26-08-18-11 梯度监控 | raw=8.8342 | natural=0.0195 | clipped=0.0195(上限20.0)
26-08-18-11 原始规范坐标 G(Re Σrow_mean) = +20.2431 | 累计|g| = 10.7952
26-08-18-11 Ψ矩阵条件数 cond(Ψ) = 2.59e+01
26-08-18-11 Loss=-3.193543 | E0=-1.04371138+0.00013893j | E1=-0.95187045-0.00320552j|E2=-0.66038716+0.00073506j|E3=-0.53757411+0.00495943j
26-08-18-11 #-----------------------------------------#
26-08-18-11 [Step 171] logΨ: mean=2.774-1.205j | min=-2.894-1.084j | max=3.103+0.283j
26-08-18-11 梯度监控 | raw=20.1960 | natural=0.3392 | clipped=0.3392(上限20.0)
26-08-18-11 原始规范坐标 G(Re Σrow_mean) = +19.8476 | 累计|g| = 10.7952
26-08-18-11 Ψ矩阵条件数 cond(Ψ) = 3.05e+01
26-08-18-11 Loss=-3.156828 | E0=-1.04716410-0.00368554j | E1=-0.94607294-0.00191631j|E2=-0.65497232-0.00046152j|E3=-0.50861907-0.00322500j
26-08-18-11 #-----------------------------------------#
26-08-18-11 [Step 172] logΨ: mean=2.792-0.778j | min=-2.246-3.083j | max=3.152+0.345j
26-08-18-11 梯度监控 | raw=21.4464 | natural=0.0315 | clipped=0.0315(上限20.0)
26-08-18-11 原始规范坐标 G(Re Σrow_mean) = +19.8484 | 累计|g| = 10.7952
26-08-18-11 Ψ矩阵条件数 cond(Ψ) = 3.16e+01
26-08-18-11 Loss=-3.148870 | E0=-1.04182226-0.00036006j | E1=-0.94531492-0.00216842j|E2=-0.65513810+0.00058478j|E3=-0.50659503-0.00378877j
26-08-18-11 #-----------------------------------------#
26-08-18-11 [Step 173] logΨ: mean=3.134-0.826j | min=-2.584-1.044j | max=3.419+0.363j
26-08-18-11 梯度监控 | raw=17.0654 | natural=0.1118 | clipped=0.1118(上限20.0)
26-08-18-11 原始规范坐标 G(Re Σrow_mean) = +20.1439 | 累计|g| = 10.7952
26-08-18-11 Ψ矩阵条件数 cond(Ψ) = 3.66e+01
26-08-18-11 Loss=-3.169773 | E0=-1.04212991-0.00016747j | E1=-0.95142667-0.00122824j|E2=-0.65805665-0.00056247j|E3=-0.51815998-0.00189734j
26-08-18-11 #-----------------------------------------#
26-08-18-11 [Step 174] logΨ: mean=2.768-0.851j | min=-4.133+2.559j | max=3.114+0.361j
26-08-18-11 梯度监控 | raw=20.7541 | natural=0.2247 | clipped=0.2247(上限20.0)
26-08-18-11 原始规范坐标 G(Re Σrow_mean) = +19.8224 | 累计|g| = 10.7952
26-08-18-11 Ψ矩阵条件数 cond(Ψ) = 2.98e+01
26-08-18-11 Loss=-3.161738 | E0=-1.04299067+0.00058502j | E1=-0.94555663-0.00272343j|E2=-0.65779432+0.00096247j|E3=-0.51539598+0.00058949j
26-08-18-11 #-----------------------------------------#
26-08-18-11 [Step 175] logΨ: mean=2.357-0.711j | min=-3.516+2.219j | max=2.768+0.431j
26-08-18-11 梯度监控 | raw=23.2239 | natural=0.3977 | clipped=0.3977(上限20.0)
26-08-18-11 原始规范坐标 G(Re Σrow_mean) = +19.6111 | 累计|g| = 10.7952
26-08-18-11 Ψ矩阵条件数 cond(Ψ) = 2.90e+01
26-08-18-11 Loss=-3.178494 | E0=-1.04307075+0.00097043j | E1=-0.95515461+0.00117759j|E2=-0.66915945+0.00543842j|E3=-0.51110895-0.00734498j
26-08-18-11 #-----------------------------------------#
26-08-18-11 [Step 176] logΨ: mean=2.504-0.822j | min=-2.324+2.622j | max=2.803+0.459j
26-08-18-11 梯度监控 | raw=22.1239 | natural=0.1254 | clipped=0.1254(上限20.0)
26-08-18-11 原始规范坐标 G(Re Σrow_mean) = +19.7780 | 累计|g| = 10.7952
26-08-18-11 Ψ矩阵条件数 cond(Ψ) = 2.88e+01
26-08-18-11 Loss=-3.188044 | E0=-1.04401132+0.00035480j | E1=-0.95991791+0.00206431j|E2=-0.66390674-0.00100913j|E3=-0.52020849-0.00180985j
26-08-18-11 #-----------------------------------------#
26-08-18-11 [Step 177] logΨ: mean=2.566-1.041j | min=-2.953-2.396j | max=2.887+0.438j
26-08-18-11 梯度监控 | raw=20.0337 | natural=0.0498 | clipped=0.0498(上限20.0)
26-08-18-11 原始规范坐标 G(Re Σrow_mean) = +19.8363 | 累计|g| = 10.7952
26-08-18-11 Ψ矩阵条件数 cond(Ψ) = 2.82e+01
26-08-18-11 Loss=-3.182635 | E0=-1.04569213+0.00069407j | E1=-0.95500110+0.00022611j|E2=-0.65887562+0.00059297j|E3=-0.52306582+0.00024669j
26-08-18-11 #-----------------------------------------#
26-08-18-11 [Step 178] logΨ: mean=2.589-1.008j | min=-2.805+3.086j | max=2.835+0.388j
26-08-18-11 梯度监控 | raw=13.1263 | natural=0.1553 | clipped=0.1553(上限20.0)
26-08-18-11 原始规范坐标 G(Re Σrow_mean) = +19.8934 | 累计|g| = 10.7952
26-08-18-11 Ψ矩阵条件数 cond(Ψ) = 2.20e+01
26-08-18-11 Loss=-3.190266 | E0=-1.04347951+0.00069056j | E1=-0.95382604-0.00002515j|E2=-0.66018917+0.00005904j|E3=-0.53277082-0.00123436j
26-08-18-11 #-----------------------------------------#
26-08-18-11 [Step 179] logΨ: mean=2.574-0.794j | min=-1.908-2.915j | max=2.805+0.379j
26-08-18-11 梯度监控 | raw=12.3031 | natural=0.0862 | clipped=0.0862(上限20.0)
26-08-18-11 原始规范坐标 G(Re Σrow_mean) = +19.8775 | 累计|g| = 10.7952
26-08-18-11 Ψ矩阵条件数 cond(Ψ) = 2.96e+01
26-08-18-11 Loss=-3.198889 | E0=-1.04359169+0.00078682j | E1=-0.95836216-0.00024491j|E2=-0.66287632-0.00106961j|E3=-0.53405852-0.00342229j
26-08-18-11 #-----------------------------------------#
26-08-18-11 [保存] Step 179 → pickle 文件已更新 (180 条记录)
26-08-18-11 [GaugeReset@180] 吸收 Δg = Σ Re(col_mean) = +19.8775 | 新|g| = 10.6103
26-08-18-11 [Step 180] logΨ: mean=2.700+0.249j | min=-1.702+1.219j | max=2.973+1.381j
26-08-18-11 梯度监控 | raw=12.3745 | natural=0.0247 | clipped=0.0247(上限20.0)
26-08-18-11 原始规范坐标 G(Re Σrow_mean) = +19.7982 | 累计|g| = 10.6103
26-08-18-11 Ψ矩阵条件数 cond(Ψ) = 2.75e+01
26-08-18-11 Loss=-3.190272 | E0=-1.04145056+0.00045773j | E1=-0.95642660-0.00076413j|E2=-0.66020852+0.00093739j|E3=-0.53218593-0.00391170j
26-08-18-11 #-----------------------------------------#
26-08-18-11 [Step 181] logΨ: mean=3.287+0.348j | min=-3.164+0.627j | max=3.446+1.447j
26-08-18-11 梯度监控 | raw=5.2044 | natural=0.1146 | clipped=0.1146(上限20.0)
26-08-18-11 原始规范坐标 G(Re Σrow_mean) = +20.3659 | 累计|g| = 10.6103
26-08-18-11 Ψ矩阵条件数 cond(Ψ) = 2.82e+01
26-08-18-11 Loss=-3.211147 | E0=-1.04669094+0.00024603j | E1=-0.95462271+0.00113615j|E2=-0.66419425+0.00058943j|E3=-0.54563901+0.00346654j
26-08-18-11 #-----------------------------------------#
26-08-18-11 [Step 182] logΨ: mean=3.265-0.079j | min=-1.885-0.120j | max=3.372+1.388j
26-08-18-11 梯度监控 | raw=1.7570 | natural=0.0405 | clipped=0.0405(上限20.0)
26-08-18-11 原始规范坐标 G(Re Σrow_mean) = +20.3464 | 累计|g| = 10.6103
26-08-18-11 Ψ矩阵条件数 cond(Ψ) = 2.77e+01
26-08-18-11 Loss=-3.216101 | E0=-1.04899863-0.00018427j | E1=-0.95779298-0.00016216j|E2=-0.66200359-0.00004060j|E3=-0.54730590+0.00174443j
26-08-18-11 #-----------------------------------------#
26-08-18-11 [Step 183] logΨ: mean=3.007-0.338j | min=-2.456-2.953j | max=3.263+1.311j
26-08-18-11 梯度监控 | raw=6.5518 | natural=0.2322 | clipped=0.2322(上限20.0)
26-08-18-11 原始规范坐标 G(Re Σrow_mean) = +20.1740 | 累计|g| = 10.6103
26-08-18-11 Ψ矩阵条件数 cond(Ψ) = 2.76e+01
26-08-18-11 Loss=-3.205921 | E0=-1.04845448+0.00018439j | E1=-0.95580612+0.00016793j|E2=-0.66358064-0.00012834j|E3=-0.53808003+0.00250412j
26-08-18-11 #-----------------------------------------#
26-08-18-11 [Step 184] logΨ: mean=3.139-0.177j | min=-1.971+1.027j | max=3.320+1.355j
26-08-18-11 梯度监控 | raw=4.8041 | natural=0.0942 | clipped=0.0942(上限20.0)
26-08-18-11 原始规范坐标 G(Re Σrow_mean) = +20.2943 | 累计|g| = 10.6103
26-08-18-11 Ψ矩阵条件数 cond(Ψ) = 2.72e+01
26-08-18-11 Loss=-3.218099 | E0=-1.04475810+0.00007334j | E1=-0.95795136+0.00019777j|E2=-0.66660766-0.00204803j|E3=-0.54878140+0.00185698j
26-08-18-11 #-----------------------------------------#
26-08-18-11 [Step 185] logΨ: mean=3.243-0.049j | min=-1.997-1.027j | max=3.474+1.383j
26-08-18-11 梯度监控 | raw=3.0140 | natural=0.0854 | clipped=0.0854(上限20.0)
26-08-18-11 原始规范坐标 G(Re Σrow_mean) = +20.3878 | 累计|g| = 10.6103
26-08-18-11 Ψ矩阵条件数 cond(Ψ) = 2.72e+01
26-08-18-11 Loss=-3.210545 | E0=-1.04910814+0.00017335j | E1=-0.95751799-0.00052429j|E2=-0.66319717-0.00008286j|E3=-0.54072164-0.00042234j
26-08-18-11 #-----------------------------------------#
26-08-18-11 [Step 186] logΨ: mean=3.394-0.208j | min=-0.367+2.400j | max=3.494+1.375j
26-08-18-11 梯度监控 | raw=3.4313 | natural=0.0336 | clipped=0.0336(上限20.0)
26-08-18-11 原始规范坐标 G(Re Σrow_mean) = +20.5106 | 累计|g| = 10.6103
26-08-18-11 Ψ矩阵条件数 cond(Ψ) = 2.69e+01
26-08-18-11 Loss=-3.214999 | E0=-1.04531017+0.00041519j | E1=-0.95759594-0.00014451j|E2=-0.66200574-0.00032244j|E3=-0.55008686+0.00128824j
26-08-18-11 #-----------------------------------------#
26-08-18-11 [Step 187] logΨ: mean=3.345+0.286j | min=-2.277-0.814j | max=3.606+1.447j
26-08-18-11 梯度监控 | raw=3.6262 | natural=0.1008 | clipped=0.1008(上限20.0)
26-08-18-11 原始规范坐标 G(Re Σrow_mean) = +20.4471 | 累计|g| = 10.6103
26-08-18-11 Ψ矩阵条件数 cond(Ψ) = 2.61e+01
26-08-18-11 Loss=-3.203677 | E0=-1.04312711+0.00035548j | E1=-0.95516648+0.00109843j|E2=-0.66174394-0.00008611j|E3=-0.54363937-0.00098727j
26-08-18-11 #-----------------------------------------#
26-08-18-11 [Step 188] logΨ: mean=3.457+0.601j | min=-2.382+0.238j | max=3.726+1.481j
26-08-18-11 梯度监控 | raw=6.6184 | natural=0.0830 | clipped=0.0830(上限20.0)
26-08-18-11 原始规范坐标 G(Re Σrow_mean) = +20.5303 | 累计|g| = 10.6103
26-08-18-11 Ψ矩阵条件数 cond(Ψ) = 2.54e+01
26-08-18-11 Loss=-3.207453 | E0=-1.04414794+0.00037593j | E1=-0.95566942+0.00080276j|E2=-0.66065052-0.00027358j|E3=-0.54698552+0.00062526j
26-08-18-11 #-----------------------------------------#
26-08-18-11 [Step 189] logΨ: mean=2.885+0.799j | min=-4.814+0.204j | max=3.139+1.452j
26-08-18-11 梯度监控 | raw=5.3786 | natural=0.3244 | clipped=0.3244(上限20.0)
26-08-18-11 原始规范坐标 G(Re Σrow_mean) = +19.9844 | 累计|g| = 10.6103
26-08-18-11 Ψ矩阵条件数 cond(Ψ) = 2.07e+01
26-08-18-11 Loss=-3.214440 | E0=-1.04591514+0.00030245j | E1=-0.95242043+0.00024703j|E2=-0.66984056-0.00103307j|E3=-0.54626377+0.00131163j
26-08-18-11 #-----------------------------------------#
26-08-18-11 [GaugeReset@190] 吸收 Δg = Σ Re(col_mean) = +19.9844 | 新|g| = 10.6867
26-08-18-11 [Step 190] logΨ: mean=2.769-0.537j | min=-2.803-0.780j | max=2.897+0.685j
26-08-18-11 梯度监控 | raw=1.9535 | natural=0.2986 | clipped=0.2986(上限20.0)
26-08-18-11 原始规范坐标 G(Re Σrow_mean) = +20.0572 | 累计|g| = 10.6867
26-08-18-11 Ψ矩阵条件数 cond(Ψ) = 4.59e+01
26-08-18-11 Loss=-3.215002 | E0=-1.04632490-0.00430926j | E1=-0.95780025-0.00123641j|E2=-0.66248721+0.00031082j|E3=-0.54838956+0.00063764j
26-08-18-11 #-----------------------------------------#
26-08-18-11 [Step 191] logΨ: mean=2.764-0.594j | min=-0.829-1.640j | max=2.894+0.685j
26-08-18-11 梯度监控 | raw=6.8847 | natural=0.0376 | clipped=0.0376(上限20.0)
26-08-18-11 原始规范坐标 G(Re Σrow_mean) = +20.0715 | 累计|g| = 10.6867
26-08-18-11 Ψ矩阵条件数 cond(Ψ) = 3.98e+01
26-08-18-11 Loss=-3.204674 | E0=-1.04481789+0.00019354j | E1=-0.95597324-0.00099302j|E2=-0.66281344-0.00068930j|E3=-0.54106969+0.00130577j
26-08-18-11 #-----------------------------------------#
26-08-18-11 [Step 192] logΨ: mean=2.701-0.270j | min=-2.678-2.305j | max=2.887+0.717j
26-08-18-11 梯度监控 | raw=4.5209 | natural=0.3225 | clipped=0.3225(上限20.0)
26-08-18-11 原始规范坐标 G(Re Σrow_mean) = +19.9372 | 累计|g| = 10.6867
26-08-18-11 Ψ矩阵条件数 cond(Ψ) = 3.70e+01
26-08-18-11 Loss=-3.201058 | E0=-1.04484677-0.00034311j | E1=-0.95658681-0.00019242j|E2=-0.65611448+0.00468655j|E3=-0.54350952-0.00046479j
26-08-18-11 #-----------------------------------------#
26-08-18-11 [Step 193] logΨ: mean=3.175-0.031j | min=-2.367-0.285j | max=3.293+0.672j
26-08-18-11 梯度监控 | raw=6.0285 | natural=0.0666 | clipped=0.0666(上限20.0)
26-08-18-11 原始规范坐标 G(Re Σrow_mean) = +20.3630 | 累计|g| = 10.6867
26-08-18-11 Ψ矩阵条件数 cond(Ψ) = 1.52e+01
26-08-18-11 Loss=-3.208765 | E0=-1.04643402-0.00042228j | E1=-0.95704430+0.00021228j|E2=-0.66370262+0.00044435j|E3=-0.54158358+0.00091602j
26-08-18-11 #-----------------------------------------#
26-08-18-11 [Step 194] logΨ: mean=3.106-0.356j | min=-1.546+1.924j | max=3.334+0.646j
26-08-18-11 梯度监控 | raw=11.1226 | natural=0.0284 | clipped=0.0284(上限20.0)
26-08-18-11 原始规范坐标 G(Re Σrow_mean) = +20.2976 | 累计|g| = 10.6867
26-08-18-11 Ψ矩阵条件数 cond(Ψ) = 3.41e+01
26-08-18-11 Loss=-3.199321 | E0=-1.04638077-0.00005181j | E1=-0.95685341-0.00013079j|E2=-0.66136346-0.00001581j|E3=-0.53472369-0.00060657j
26-08-18-11 #-----------------------------------------#
26-08-18-11 [Step 195] logΨ: mean=3.525-0.576j | min=-2.266+2.851j | max=3.679+0.578j
26-08-18-11 梯度监控 | raw=1.9700 | natural=0.0654 | clipped=0.0654(上限20.0)
26-08-18-11 原始规范坐标 G(Re Σrow_mean) = +20.6907 | 累计|g| = 10.6867
26-08-18-11 Ψ矩阵条件数 cond(Ψ) = 3.40e+01
26-08-18-11 Loss=-3.212175 | E0=-1.04514183-0.00092205j | E1=-0.95683146-0.00007520j|E2=-0.66185230-0.00128232j|E3=-0.54834978+0.00224118j
26-08-18-11 #-----------------------------------------#
26-08-18-11 [Step 196] logΨ: mean=3.553-1.125j | min=-1.263+0.617j | max=3.775+0.602j
26-08-18-11 梯度监控 | raw=3.9548 | natural=0.0362 | clipped=0.0362(上限20.0)
26-08-18-11 原始规范坐标 G(Re Σrow_mean) = +20.7001 | 累计|g| = 10.6867
26-08-18-11 Ψ矩阵条件数 cond(Ψ) = 3.25e+01
26-08-18-11 Loss=-3.214700 | E0=-1.04734277-0.00012094j | E1=-0.95607740+0.00022137j|E2=-0.66466544+0.00300104j|E3=-0.54661406+0.00227502j
26-08-18-11 #-----------------------------------------#
26-08-18-11 [Step 197] logΨ: mean=3.543-0.917j | min=-1.450-1.053j | max=3.858+0.735j
26-08-18-11 梯度监控 | raw=15.8854 | natural=0.1041 | clipped=0.1041(上限20.0)
26-08-18-11 原始规范坐标 G(Re Σrow_mean) = +20.6706 | 累计|g| = 10.6867
26-08-18-11 Ψ矩阵条件数 cond(Ψ) = 3.03e+01
26-08-18-11 Loss=-3.209977 | E0=-1.04466131+0.00034711j | E1=-0.95936285+0.00033375j|E2=-0.66715116-0.00143309j|E3=-0.53880182-0.00071796j
26-08-18-11 #-----------------------------------------#
26-08-18-11 [Step 198] logΨ: mean=2.825-0.900j | min=-3.465-2.502j | max=3.074+0.764j
26-08-18-11 梯度监控 | raw=6.1021 | natural=0.3630 | clipped=0.3630(上限20.0)
26-08-18-11 原始规范坐标 G(Re Σrow_mean) = +20.0001 | 累计|g| = 10.6867
26-08-18-11 Ψ矩阵条件数 cond(Ψ) = 2.71e+01
26-08-18-11 Loss=-3.219290 | E0=-1.04341726+0.00029696j | E1=-0.95468672-0.00094168j|E2=-0.67464606-0.00248159j|E3=-0.54654029-0.00063822j
26-08-18-11 #-----------------------------------------#
26-08-18-11 [Step 199] logΨ: mean=2.951-1.216j | min=-1.487+2.772j | max=3.169+0.778j
26-08-18-11 梯度监控 | raw=5.4815 | natural=0.0281 | clipped=0.0281(上限20.0)
26-08-18-11 原始规范坐标 G(Re Σrow_mean) = +20.0833 | 累计|g| = 10.6867
26-08-18-11 Ψ矩阵条件数 cond(Ψ) = 2.70e+01
26-08-18-11 Loss=-3.202516 | E0=-1.04399178+0.00014006j | E1=-0.95756763+0.00079123j|E2=-0.66192026-0.00097588j|E3=-0.53903633-0.00071046j
26-08-18-11 #-----------------------------------------#
26-08-18-11 [保存] Step 199 → pickle 文件已更新 (200 条记录)
26-08-18-11 [GaugeReset@200] 吸收 Δg = Σ Re(col_mean) = +20.0833 | 新|g| = 10.7263
26-08-18-11 [Step 200] logΨ: mean=2.158-0.559j | min=-5.922-0.058j | max=2.558+1.463j
26-08-18-11 梯度监控 | raw=6.2993 | natural=0.1823 | clipped=0.1823(上限20.0)
26-08-18-11 原始规范坐标 G(Re Σrow_mean) = +19.4196 | 累计|g| = 10.7263
26-08-18-11 Ψ矩阵条件数 cond(Ψ) = 2.02e+01
26-08-18-11 Loss=-3.212237 | E0=-1.04638370+0.00378942j | E1=-0.95757940+0.00010092j|E2=-0.66382189+0.00164811j|E3=-0.54445152+0.00013130j
26-08-18-11 #-----------------------------------------#
26-08-18-11 [Step 201] logΨ: mean=2.393-0.467j | min=-2.114-0.559j | max=2.593+1.493j
26-08-18-11 梯度监控 | raw=2.0437 | natural=0.0231 | clipped=0.0231(上限20.0)
26-08-18-11 原始规范坐标 G(Re Σrow_mean) = +19.6161 | 累计|g| = 10.7263
26-08-18-11 Ψ矩阵条件数 cond(Ψ) = 2.02e+01
26-08-18-11 Loss=-3.221913 | E0=-1.04601495+0.00042990j | E1=-0.95785962+0.00128204j|E2=-0.66641515+0.00304401j|E3=-0.55162291+0.00037680j
26-08-18-11 #-----------------------------------------#
26-08-18-11 [Step 202] logΨ: mean=2.530-0.304j | min=-1.060+1.683j | max=2.591+1.463j
26-08-18-11 梯度监控 | raw=0.8395 | natural=0.0038 | clipped=0.0038(上限20.0)
26-08-18-11 原始规范坐标 G(Re Σrow_mean) = +19.7581 | 累计|g| = 10.7263
26-08-18-11 Ψ矩阵条件数 cond(Ψ) = 2.02e+01
26-08-18-11 Loss=-3.217744 | E0=-1.04670775+0.00030251j | E1=-0.95780664+0.00035263j|E2=-0.66292365-0.00013941j|E3=-0.55030633+0.00028017j
26-08-18-11 #-----------------------------------------#
26-08-18-11 [Step 203] logΨ: mean=2.511-0.338j | min=-3.217-1.749j | max=2.619+1.423j
26-08-18-11 梯度监控 | raw=2.5233 | natural=0.0679 | clipped=0.0679(上限20.0)
26-08-18-11 原始规范坐标 G(Re Σrow_mean) = +19.7658 | 累计|g| = 10.7263
26-08-18-11 Ψ矩阵条件数 cond(Ψ) = 1.90e+01
26-08-18-11 Loss=-3.215759 | E0=-1.04555616+0.00044812j | E1=-0.95807900-0.00005989j|E2=-0.66387764-0.00071892j|E3=-0.54824634+0.00014245j
26-08-18-11 #-----------------------------------------#
26-08-18-11 [Step 204] logΨ: mean=2.486-0.225j | min=-1.544+2.932j | max=2.564+1.461j
26-08-18-11 梯度监控 | raw=0.8693 | natural=0.0241 | clipped=0.0241(上限20.0)
26-08-18-11 原始规范坐标 G(Re Σrow_mean) = +19.7393 | 累计|g| = 10.7263
26-08-18-11 Ψ矩阵条件数 cond(Ψ) = 1.86e+01
26-08-18-11 Loss=-3.214982 | E0=-1.04698435+0.00021758j | E1=-0.95739888-0.00005628j|E2=-0.66325962-0.00026718j|E3=-0.54733958+0.00055086j
26-08-18-11 #-----------------------------------------#
26-08-18-11 [Step 205] logΨ: mean=2.192-0.562j | min=-2.772+2.111j | max=2.345+1.315j
26-08-18-11 梯度监控 | raw=4.9861 | natural=0.2339 | clipped=0.2339(上限20.0)
26-08-18-11 原始规范坐标 G(Re Σrow_mean) = +19.4347 | 累计|g| = 10.7263
26-08-18-11 Ψ矩阵条件数 cond(Ψ) = 1.92e+01
26-08-18-11 Loss=-3.216235 | E0=-1.04404173-0.00002917j | E1=-0.95723275+0.00031254j|E2=-0.66873519-0.00157487j|E3=-0.54622536+0.00081882j
26-08-18-11 #-----------------------------------------#
26-08-18-11 [Step 206] logΨ: mean=2.123-0.625j | min=-3.382-1.169j | max=2.302+1.273j
26-08-18-11 梯度监控 | raw=1.2714 | natural=0.0851 | clipped=0.0851(上限20.0)
26-08-18-11 原始规范坐标 G(Re Σrow_mean) = +19.3356 | 累计|g| = 10.7263
26-08-18-11 Ψ矩阵条件数 cond(Ψ) = 1.86e+01
26-08-18-11 Loss=-3.213511 | E0=-1.04453408-0.00021273j | E1=-0.95626302+0.00052301j|E2=-0.66252216-0.00103908j|E3=-0.55019136+0.00253871j
26-08-18-11 #-----------------------------------------#
26-08-18-11 [Step 207] logΨ: mean=2.160-0.874j | min=-2.539-2.311j | max=2.382+1.270j
26-08-18-11 梯度监控 | raw=4.5476 | natural=0.0604 | clipped=0.0604(上限20.0)
26-08-18-11 原始规范坐标 G(Re Σrow_mean) = +19.3803 | 累计|g| = 10.7263
26-08-18-11 Ψ矩阵条件数 cond(Ψ) = 1.82e+01
26-08-18-11 Loss=-3.206311 | E0=-1.04672432+0.00071305j | E1=-0.95696480-0.00000169j|E2=-0.65831909-0.00037764j|E3=-0.54430299+0.00006852j
26-08-18-11 #-----------------------------------------#
26-08-18-12 [Step 208] logΨ: mean=2.134-1.263j | min=-3.538-2.218j | max=2.394+1.099j
26-08-18-12 梯度监控 | raw=5.8009 | natural=0.0646 | clipped=0.0646(上限20.0)
26-08-18-12 原始规范坐标 G(Re Σrow_mean) = +19.3402 | 累计|g| = 10.7263
26-08-18-12 Ψ矩阵条件数 cond(Ψ) = 1.76e+01
26-08-18-12 Loss=-3.209420 | E0=-1.04397223+0.00094255j | E1=-0.95788060-0.00105591j|E2=-0.66127323+0.00002876j|E3=-0.54629383-0.00300716j
26-08-18-12 #-----------------------------------------#
26-08-18-12 [Step 209] logΨ: mean=2.200-1.080j | min=-2.404+1.027j | max=2.456+1.067j
26-08-18-12 梯度监控 | raw=3.5688 | natural=0.0682 | clipped=0.0682(上限20.0)
26-08-18-12 原始规范坐标 G(Re Σrow_mean) = +19.4429 | 累计|g| = 10.7263
26-08-18-12 Ψ矩阵条件数 cond(Ψ) = 1.71e+01
26-08-18-12 Loss=-3.215559 | E0=-1.04997541+0.00054954j | E1=-0.95908432-0.00082872j|E2=-0.66258775+0.00001465j|E3=-0.54391166+0.00000984j
26-08-18-12 #-----------------------------------------#
26-08-18-12 [GaugeReset@210] 吸收 Δg = Σ Re(col_mean) = +19.4429 | 新|g| = 10.4221
26-08-18-12 [Step 210] logΨ: mean=3.140-0.743j | min=-4.621-1.324j | max=3.382+0.993j
26-08-18-12 梯度监控 | raw=2.4830 | natural=0.0863 | clipped=0.0863(上限20.0)
26-08-18-12 原始规范坐标 G(Re Σrow_mean) = +19.7335 | 累计|g| = 10.4221
26-08-18-12 Ψ矩阵条件数 cond(Ψ) = 2.76e+01
26-08-18-12 Loss=-3.205249 | E0=-1.04568464+0.00026115j | E1=-0.95682602+0.00124046j|E2=-0.66003387-0.00027375j|E3=-0.54270429-0.00136518j
26-08-18-12 #-----------------------------------------#
26-08-18-12 [Step 211] logΨ: mean=3.348-0.943j | min=-0.853-1.743j | max=3.486+0.912j
26-08-18-12 梯度监控 | raw=1.4544 | natural=0.0242 | clipped=0.0242(上限20.0)
26-08-18-12 原始规范坐标 G(Re Σrow_mean) = +19.8985 | 累计|g| = 10.4221
26-08-18-12 Ψ矩阵条件数 cond(Ψ) = 1.99e+01
26-08-18-12 Loss=-3.215304 | E0=-1.04224543+0.00081753j | E1=-0.95683442-0.00038080j|E2=-0.66372488-0.00027176j|E3=-0.55249899-0.00096923j
26-08-18-12 #-----------------------------------------#
26-08-18-12 [Step 212] logΨ: mean=3.448-0.677j | min=-1.088+2.759j | max=3.615+0.977j
26-08-18-12 梯度监控 | raw=1.9296 | natural=0.0878 | clipped=0.0878(上限20.0)
26-08-18-12 原始规范坐标 G(Re Σrow_mean) = +19.9775 | 累计|g| = 10.4221
26-08-18-12 Ψ矩阵条件数 cond(Ψ) = 1.97e+01
26-08-18-12 Loss=-3.211065 | E0=-1.04752711+0.00051638j | E1=-0.95667290-0.00023261j|E2=-0.66390149-0.00106405j|E3=-0.54296339-0.00063935j
26-08-18-12 #-----------------------------------------#
26-08-18-12 [Step 213] logΨ: mean=3.263-0.407j | min=-3.142-1.423j | max=3.806+0.877j
26-08-18-12 梯度监控 | raw=2.6073 | natural=0.1420 | clipped=0.1420(上限20.0)
26-08-18-12 原始规范坐标 G(Re Σrow_mean) = +19.8016 | 累计|g| = 10.4221
26-08-18-12 Ψ矩阵条件数 cond(Ψ) = 1.91e+01
26-08-18-12 Loss=-3.210035 | E0=-1.03797902+0.00108684j | E1=-0.95805777+0.00190963j|E2=-0.66019751-0.00018131j|E3=-0.55380085+0.00023463j
26-08-18-12 #-----------------------------------------#
26-08-18-12 [Step 214] logΨ: mean=3.386-0.366j | min=-3.857+3.053j | max=3.623+0.960j
26-08-18-12 梯度监控 | raw=17.0194 | natural=0.1138 | clipped=0.1138(上限20.0)
26-08-18-12 原始规范坐标 G(Re Σrow_mean) = +19.9559 | 累计|g| = 10.4221
26-08-18-12 Ψ矩阵条件数 cond(Ψ) = 2.63e+01
26-08-18-12 Loss=-3.213916 | E0=-1.04753656+0.00034843j | E1=-0.95969582+0.00001862j|E2=-0.66366428+0.00120139j|E3=-0.54301889-0.00046133j
26-08-18-12 #-----------------------------------------#
26-08-18-12 [Step 215] logΨ: mean=2.786-1.087j | min=-2.535-0.503j | max=3.085+1.028j
26-08-18-12 梯度监控 | raw=4.6362 | natural=0.4501 | clipped=0.4501(上限20.0)
26-08-18-12 原始规范坐标 G(Re Σrow_mean) = +19.1140 | 累计|g| = 10.4221
26-08-18-12 Ψ矩阵条件数 cond(Ψ) = 1.65e+01
26-08-18-12 Loss=-3.205935 | E0=-1.04720739+0.00027781j | E1=-0.95666344-0.00031859j|E2=-0.65933428+0.00607471j|E3=-0.54273033-0.00059346j
26-08-18-12 #-----------------------------------------#
26-08-18-12 [Step 216] logΨ: mean=3.105-1.285j | min=-2.342-1.855j | max=3.170+1.069j
26-08-18-12 梯度监控 | raw=0.4484 | natural=0.0355 | clipped=0.0355(上限20.0)
26-08-18-12 原始规范坐标 G(Re Σrow_mean) = +19.3614 | 累计|g| = 10.4221
26-08-18-12 Ψ矩阵条件数 cond(Ψ) = 1.69e+01
26-08-18-12 Loss=-3.216276 | E0=-1.04745708+0.00011089j | E1=-0.95902983+0.00058854j|E2=-0.66553877-0.00306202j|E3=-0.54425006-0.00022291j
26-08-18-12 #-----------------------------------------#
26-08-18-12 [Step 217] logΨ: mean=2.682-1.154j | min=-3.068+1.661j | max=3.017+0.979j
26-08-18-12 梯度监控 | raw=8.7275 | natural=0.1959 | clipped=0.1959(上限20.0)
26-08-18-12 原始规范坐标 G(Re Σrow_mean) = +18.9305 | 累计|g| = 10.4221
26-08-18-12 Ψ矩阵条件数 cond(Ψ) = 1.66e+01
26-08-18-12 Loss=-3.205433 | E0=-1.04845923-0.00085957j | E1=-0.95708097+0.00039926j|E2=-0.66080658+0.00466056j|E3=-0.53908631-0.00152957j
26-08-18-12 #-----------------------------------------#
26-08-18-12 [Step 218] logΨ: mean=2.878-1.221j | min=-2.571+1.380j | max=3.111+1.015j
26-08-18-12 梯度监控 | raw=2.0096 | natural=0.0604 | clipped=0.0604(上限20.0)
26-08-18-12 原始规范坐标 G(Re Σrow_mean) = +19.1200 | 累计|g| = 10.4221
26-08-18-12 Ψ矩阵条件数 cond(Ψ) = 1.65e+01
26-08-18-12 Loss=-3.209844 | E0=-1.04775317-0.00018022j | E1=-0.96108978+0.00029317j|E2=-0.65928637+0.00190622j|E3=-0.54171491+0.00023769j
26-08-18-12 #-----------------------------------------#
26-08-18-12 [Step 219] logΨ: mean=2.786-1.125j | min=-2.717+1.875j | max=3.115+1.008j
26-08-18-12 梯度监控 | raw=1.8664 | natural=0.1502 | clipped=0.1502(上限20.0)
26-08-18-12 原始规范坐标 G(Re Σrow_mean) = +19.0706 | 累计|g| = 10.4221
26-08-18-12 Ψ矩阵条件数 cond(Ψ) = 1.59e+01
26-08-18-12 Loss=-3.206723 | E0=-1.04517486+0.00050535j | E1=-0.95369615-0.00063259j|E2=-0.66360079+0.00017481j|E3=-0.54425125-0.00171119j
26-08-18-12 #-----------------------------------------#
26-08-18-12 [保存] Step 219 → pickle 文件已更新 (220 条记录)
26-08-18-12 [GaugeReset@220] 吸收 Δg = Σ Re(col_mean) = +19.0706 | 新|g| = 10.2516
26-08-18-12 [Step 220] logΨ: mean=3.112-1.714j | min=-2.013+3.069j | max=3.832+0.654j
26-08-18-12 梯度监控 | raw=558.7618 | natural=0.6038 | clipped=0.6038(上限20.0)
26-08-18-12 原始规范坐标 G(Re Σrow_mean) = +19.0712 | 累计|g| = 10.2516
26-08-18-12 Ψ矩阵条件数 cond(Ψ) = 1.86e+01
26-08-18-12 Loss=-2.897513 | E0=-1.04871300-0.01269784j | E1=-0.94728153-0.00150701j|E2=-0.66417831-0.00175253j|E3=-0.23733997+0.03746483j
26-08-18-12 #-----------------------------------------#
26-08-18-12 [Step 221] logΨ: mean=1.948+0.089j | min=-3.227-0.694j | max=2.462+0.383j
26-08-18-12 梯度监控 | raw=991.9712 | natural=0.3359 | clipped=0.3359(上限20.0)
26-08-18-12 原始规范坐标 G(Re Σrow_mean) = +16.7805 | 累计|g| = 10.2516
26-08-18-12 Ψ矩阵条件数 cond(Ψ) = 1.41e+01
26-08-18-12 Loss=-2.211294 | E0=-1.03319968-0.00657085j | E1=-0.93450828-0.00232271j|E2=-0.66086294+0.00016001j|E3=0.41727660+0.03757342j
26-08-18-12 #-----------------------------------------#
26-08-18-12 [Step 222] logΨ: mean=1.953+0.083j | min=-2.583-2.480j | max=2.344+0.431j
26-08-18-12 梯度监控 | raw=989.1807 | natural=0.2021 | clipped=0.2021(上限20.0)
26-08-18-12 原始规范坐标 G(Re Σrow_mean) = +16.7464 | 累计|g| = 10.2516
26-08-18-12 Ψ矩阵条件数 cond(Ψ) = 1.33e+01
26-08-18-12 Loss=-2.182964 | E0=-1.02105203+0.00281555j | E1=-0.94027399-0.00433718j|E2=-0.66114560+0.00340669j|E3=0.43950751+0.02605296j
26-08-18-12 #-----------------------------------------#
26-08-18-12 [Step 223] logΨ: mean=1.646-0.264j | min=-3.836+2.328j | max=2.098+0.340j
26-08-18-12 梯度监控 | raw=1003.5106 | natural=0.1813 | clipped=0.1813(上限20.0)
26-08-18-12 原始规范坐标 G(Re Σrow_mean) = +16.4346 | 累计|g| = 10.2516
26-08-18-12 Ψ矩阵条件数 cond(Ψ) = 2.82e+01
26-08-18-12 Loss=-2.148064 | E0=-1.02130526-0.00044110j | E1=-0.93253938+0.00471715j|E2=-0.65659916-0.00069502j|E3=0.46237968+0.01053689j
26-08-18-12 #-----------------------------------------#
26-08-18-12 [Step 224] logΨ: mean=1.575-0.086j | min=-3.240+0.442j | max=1.836+0.416j
26-08-18-12 梯度监控 | raw=1000.5814 | natural=0.1672 | clipped=0.1672(上限20.0)
26-08-18-12 原始规范坐标 G(Re Σrow_mean) = +16.5033 | 累计|g| = 10.2516
26-08-18-12 Ψ矩阵条件数 cond(Ψ) = 2.96e+01
26-08-18-12 Loss=-2.211149 | E0=-1.01999033+0.00264863j | E1=-0.94354709-0.00151986j|E2=-0.66149657+0.00204482j|E3=0.41388454+0.00337549j
26-08-18-12 #-----------------------------------------#
26-08-18-12 [Step 225] logΨ: mean=1.407+0.098j | min=-3.925+1.814j | max=1.704+2.551j
26-08-18-12 梯度监控 | raw=1014.1033 | natural=0.1154 | clipped=0.1154(上限20.0)
26-08-18-12 原始规范坐标 G(Re Σrow_mean) = +16.3759 | 累计|g| = 10.2516
26-08-18-12 Ψ矩阵条件数 cond(Ψ) = 2.88e+01
26-08-18-12 Loss=-2.215470 | E0=-1.02392615+0.00141137j | E1=-0.93965122+0.00138781j|E2=-0.65936699+0.00240989j|E3=0.40747422-0.01004264j
26-08-18-12 #-----------------------------------------#
26-08-18-12 [Step 226] logΨ: mean=1.174-0.333j | min=-4.733+2.079j | max=1.720+2.546j
26-08-18-12 梯度监控 | raw=1002.7076 | natural=0.1424 | clipped=0.1424(上限20.0)
26-08-18-12 原始规范坐标 G(Re Σrow_mean) = +16.3494 | 累计|g| = 10.2516
26-08-18-12 Ψ矩阵条件数 cond(Ψ) = 2.87e+01
26-08-18-12 Loss=-2.375123 | E0=-1.02487870+0.00071616j | E1=-0.94203132+0.00287081j|E2=-0.65940151-0.00180396j|E3=0.25118894+0.01165794j
26-08-18-12 #-----------------------------------------#
26-08-18-12 [Step 227] logΨ: mean=1.233-0.641j | min=-3.787+0.330j | max=1.928+2.522j
26-08-18-12 梯度监控 | raw=1002.0139 | natural=0.1486 | clipped=0.1486(上限20.0)
26-08-18-12 原始规范坐标 G(Re Σrow_mean) = +16.3081 | 累计|g| = 10.2516
26-08-18-12 Ψ矩阵条件数 cond(Ψ) = 1.27e+01
26-08-18-12 Loss=-2.311065 | E0=-1.02239358-0.00086219j | E1=-0.94732052+0.00489793j|E2=-0.65823139-0.00005708j|E3=0.31688065-0.01393747j
26-08-18-12 #-----------------------------------------#
26-08-18-12 [Step 228] logΨ: mean=1.511-0.350j | min=-3.466+0.741j | max=2.022+2.531j
26-08-18-12 梯度监控 | raw=924.2485 | natural=0.1021 | clipped=0.1021(上限20.0)
26-08-18-12 原始规范坐标 G(Re Σrow_mean) = +17.0182 | 累计|g| = 10.2516
26-08-18-12 Ψ矩阵条件数 cond(Ψ) = 1.28e+01
26-08-18-12 Loss=-2.602725 | E0=-1.02555346+0.00225392j | E1=-0.94818542-0.00249945j|E2=-0.66127370-0.00023707j|E3=0.03228798-0.01460003j
26-08-18-12 #-----------------------------------------#
26-08-18-12 [Step 229] logΨ: mean=1.191-0.281j | min=-4.232+0.209j | max=1.930+2.511j
26-08-18-12 梯度监控 | raw=872.6700 | natural=0.1271 | clipped=0.1271(上限20.0)
26-08-18-12 原始规范坐标 G(Re Σrow_mean) = +16.6750 | 累计|g| = 10.2516
26-08-18-12 Ψ矩阵条件数 cond(Ψ) = 1.26e+01
26-08-18-12 Loss=-2.615632 | E0=-1.03431277+0.00216491j | E1=-0.94882773+0.00020170j|E2=-0.65691640+0.00090303j|E3=0.02442498-0.00911667j
26-08-18-12 #-----------------------------------------#
26-08-18-12 [GaugeReset@230] 吸收 Δg = Σ Re(col_mean) = +16.6750 | 新|g| = 9.6065
26-08-18-12 [Step 230] logΨ: mean=4.088+0.357j | min=-0.011+1.054j | max=4.455+2.865j
26-08-18-12 梯度监控 | raw=579.6138 | natural=0.0722 | clipped=0.0722(上限20.0)
26-08-18-12 原始规范坐标 G(Re Σrow_mean) = +17.5338 | 累计|g| = 9.6065
26-08-18-12 Ψ矩阵条件数 cond(Ψ) = 2.61e+01
26-08-18-12 Loss=-2.894696 | E0=-1.03447732+0.00154811j | E1=-0.95487487-0.00030138j|E2=-0.66298184+0.00011234j|E3=-0.24236161-0.01009046j
26-08-18-12 #-----------------------------------------#
26-08-18-12 [Step 231] logΨ: mean=4.114+0.621j | min=-0.237+1.772j | max=4.598+2.915j
26-08-18-12 梯度监控 | raw=612.7036 | natural=0.0837 | clipped=0.0837(上限20.0)
26-08-18-12 原始规范坐标 G(Re Σrow_mean) = +17.4986 | 累计|g| = 9.6065
26-08-18-12 Ψ矩阵条件数 cond(Ψ) = 1.01e+01
26-08-18-12 Loss=-2.872896 | E0=-1.03440517+0.00236608j | E1=-0.95308396+0.00163493j|E2=-0.66287528-0.00062226j|E3=-0.22253118-0.01174693j
26-08-18-12 #-----------------------------------------#
26-08-18-12 [Step 232] logΨ: mean=4.374+0.885j | min=-0.445+0.520j | max=4.832+2.998j
26-08-18-12 梯度监控 | raw=408.6199 | natural=0.1178 | clipped=0.1178(上限20.0)
26-08-18-12 原始规范坐标 G(Re Σrow_mean) = +17.9073 | 累计|g| = 9.6065
26-08-18-12 Ψ矩阵条件数 cond(Ψ) = 8.17e+00
26-08-18-12 Loss=-2.981177 | E0=-1.03728369-0.00019958j | E1=-0.95552690-0.00054439j|E2=-0.66203449+0.00011609j|E3=-0.32633230+0.00041336j
26-08-18-12 #-----------------------------------------#
26-08-18-12 [Step 233] logΨ: mean=4.484+1.187j | min=-0.792+0.375j | max=4.907+3.072j
26-08-18-12 梯度监控 | raw=215.5586 | natural=0.0728 | clipped=0.0728(上限20.0)
26-08-18-12 原始规范坐标 G(Re Σrow_mean) = +18.0653 | 累计|g| = 9.6065
26-08-18-12 Ψ矩阵条件数 cond(Ψ) = 8.00e+00
26-08-18-12 Loss=-3.076294 | E0=-1.03942403+0.00079198j | E1=-0.95510100+0.00057969j|E2=-0.66398354+0.00004293j|E3=-0.41778536+0.00887013j
26-08-18-12 #-----------------------------------------#
26-08-18-12 [Step 234] logΨ: mean=4.657+1.715j | min=-0.687+0.335j | max=5.015+3.051j
26-08-18-12 梯度监控 | raw=202.4194 | natural=0.0706 | clipped=0.0706(上限20.0)
26-08-18-12 原始规范坐标 G(Re Σrow_mean) = +18.3089 | 累计|g| = 9.6065
26-08-18-12 Ψ矩阵条件数 cond(Ψ) = 7.99e+00
26-08-18-12 Loss=-3.097041 | E0=-1.04183377-0.00089329j | E1=-0.95543508-0.00013793j|E2=-0.66280161+0.00124990j|E3=-0.43697069+0.00018260j
26-08-18-12 #-----------------------------------------#
26-08-18-12 [Step 235] logΨ: mean=4.411-1.846j | min=-1.745-2.183j | max=4.863+0.135j
26-08-18-12 梯度监控 | raw=176.2757 | natural=0.2929 | clipped=0.2929(上限20.0)
26-08-18-12 原始规范坐标 G(Re Σrow_mean) = +18.0311 | 累计|g| = 9.6065
26-08-18-12 Ψ矩阵条件数 cond(Ψ) = 7.90e+00
26-08-18-12 Loss=-3.113831 | E0=-1.04391402+0.00455413j | E1=-0.95560801-0.00063104j|E2=-0.66498668-0.00165068j|E3=-0.44932208-0.00125200j
26-08-18-12 #-----------------------------------------#
26-08-18-12 [Step 236] logΨ: mean=4.683-2.105j | min=-1.765-1.584j | max=5.042+0.142j
26-08-18-12 梯度监控 | raw=132.8017 | natural=0.0937 | clipped=0.0937(上限20.0)
26-08-18-12 原始规范坐标 G(Re Σrow_mean) = +18.3529 | 累计|g| = 9.6065
26-08-18-12 Ψ矩阵条件数 cond(Ψ) = 7.71e+00
26-08-18-12 Loss=-3.139030 | E0=-1.04807130-0.00049747j | E1=-0.95494707+0.00108730j|E2=-0.66183122-0.00044141j|E3=-0.47418048-0.00496319j
26-08-18-12 #-----------------------------------------#
26-08-18-12 [Step 237] logΨ: mean=5.162-2.183j | min=0.018-1.131j | max=5.378+0.131j
26-08-18-12 梯度监控 | raw=26.7423 | natural=0.0707 | clipped=0.0707(上限20.0)
26-08-18-12 原始规范坐标 G(Re Σrow_mean) = +18.8283 | 累计|g| = 9.6065
26-08-18-12 Ψ矩阵条件数 cond(Ψ) = 8.05e+00
26-08-18-12 Loss=-3.190772 | E0=-1.04411483-0.00125288j | E1=-0.95801097+0.00115959j|E2=-0.66506749-0.00161583j|E3=-0.52357858+0.00229162j
26-08-18-12 #-----------------------------------------#
26-08-18-12 [Step 238] logΨ: mean=5.399-1.732j | min=0.643-0.495j | max=5.569+0.109j
26-08-18-12 梯度监控 | raw=67.8200 | natural=0.0627 | clipped=0.0627(上限20.0)
26-08-18-12 原始规范坐标 G(Re Σrow_mean) = +19.0410 | 累计|g| = 9.6065
26-08-18-12 Ψ矩阵条件数 cond(Ψ) = 7.91e+00
26-08-18-12 Loss=-3.184206 | E0=-1.04873308+0.00027445j | E1=-0.95641526+0.00025194j|E2=-0.66171300+0.00053125j|E3=-0.51734451-0.01072287j
26-08-18-12 #-----------------------------------------#
26-08-18-12 [Step 239] logΨ: mean=5.415-1.652j | min=-0.562+0.801j | max=5.694+0.040j
26-08-18-12 梯度监控 | raw=41.3036 | natural=0.0871 | clipped=0.0871(上限20.0)
26-08-18-12 原始规范坐标 G(Re Σrow_mean) = +19.0318 | 累计|g| = 9.6065
26-08-18-12 Ψ矩阵条件数 cond(Ψ) = 8.22e+00
26-08-18-12 Loss=-3.186041 | E0=-1.04657418-0.00038790j | E1=-0.95693874-0.00088138j|E2=-0.66032564+0.00027186j|E3=-0.52220289-0.00544635j
26-08-18-12 #-----------------------------------------#
26-08-18-12 [保存] Step 239 → pickle 文件已更新 (240 条记录)
26-08-18-12 [GaugeReset@240] 吸收 Δg = Σ Re(col_mean) = +19.0318 | 新|g| = 10.3184
26-08-18-12 [Step 240] logΨ: mean=2.207-0.156j | min=-3.271+0.065j | max=2.525+1.569j
26-08-18-12 梯度监控 | raw=54.3020 | natural=0.7151 | clipped=0.7151(上限20.0)
26-08-18-12 原始规范坐标 G(Re Σrow_mean) = +19.1157 | 累计|g| = 10.3184
26-08-18-12 Ψ矩阵条件数 cond(Ψ) = 1.49e+01
26-08-18-12 Loss=-3.189986 | E0=-1.06139287+0.01082139j | E1=-0.95710750-0.00076411j|E2=-0.65656124+0.00593075j|E3=-0.51492434-0.00011854j
26-08-18-12 #-----------------------------------------#
26-08-18-12 [Step 241] logΨ: mean=2.258-0.363j | min=-1.278+1.184j | max=2.623+1.459j
26-08-18-12 梯度监控 | raw=92.7210 | natural=0.0762 | clipped=0.0762(上限20.0)
26-08-18-12 原始规范坐标 G(Re Σrow_mean) = +18.8846 | 累计|g| = 10.3184
26-08-18-12 Ψ矩阵条件数 cond(Ψ) = 1.46e+01
26-08-18-12 Loss=-2.984518 | E0=-1.02795779+0.00291205j | E1=-0.94980726-0.00094232j|E2=-0.66293838+0.00000555j|E3=-0.34381428-0.00774049j
26-08-18-12 #-----------------------------------------#
26-08-18-12 [Step 242] logΨ: mean=2.220-0.284j | min=-1.787-2.168j | max=2.677+1.411j
26-08-18-12 梯度监控 | raw=87.4286 | natural=0.0773 | clipped=0.0773(上限20.0)
26-08-18-12 原始规范坐标 G(Re Σrow_mean) = +18.7438 | 累计|g| = 10.3184
26-08-18-12 Ψ矩阵条件数 cond(Ψ) = 1.44e+01
26-08-18-12 Loss=-2.971679 | E0=-1.02645490+0.00207504j | E1=-0.94623128+0.00133928j|E2=-0.66333534-0.00070440j|E3=-0.33565792+0.00260040j
26-08-18-12 #-----------------------------------------#
26-08-18-12 [Step 243] logΨ: mean=2.202-0.237j | min=-2.252+2.118j | max=2.708+1.412j
26-08-18-12 梯度监控 | raw=79.2800 | natural=0.0783 | clipped=0.0783(上限20.0)
26-08-18-12 原始规范坐标 G(Re Σrow_mean) = +18.7010 | 累计|g| = 10.3184
26-08-18-12 Ψ矩阵条件数 cond(Ψ) = 1.40e+01
26-08-18-12 Loss=-3.007620 | E0=-1.02785851+0.00382692j | E1=-0.95360055+0.00005351j|E2=-0.66314454+0.00031952j|E3=-0.36301653+0.00375682j
26-08-18-12 #-----------------------------------------#
26-08-18-12 [Step 244] logΨ: mean=2.301-0.420j | min=-2.823-0.650j | max=2.788+1.372j
26-08-18-12 梯度监控 | raw=60.4192 | natural=0.0785 | clipped=0.0785(上限20.0)
26-08-18-12 原始规范坐标 G(Re Σrow_mean) = +18.7853 | 累计|g| = 10.3184
26-08-18-12 Ψ矩阵条件数 cond(Ψ) = 1.38e+01
26-08-18-12 Loss=-3.055003 | E0=-1.03009879+0.00330930j | E1=-0.95463364-0.00065134j|E2=-0.66314476+0.00094833j|E3=-0.40712600+0.00753256j
26-08-18-12 #-----------------------------------------#
26-08-18-12 [Step 245] logΨ: mean=2.685-0.116j | min=-2.873+1.009j | max=2.926+1.545j
26-08-18-12 梯度监控 | raw=24.4974 | natural=0.0728 | clipped=0.0728(上限20.0)
26-08-18-12 原始规范坐标 G(Re Σrow_mean) = +19.2233 | 累计|g| = 10.3184
26-08-18-12 Ψ矩阵条件数 cond(Ψ) = 1.69e+01
26-08-18-12 Loss=-3.158130 | E0=-1.03734276+0.00152758j | E1=-0.95481050-0.00120746j|E2=-0.66230360+0.00031860j|E3=-0.50367294-0.00034874j
26-08-18-12 #-----------------------------------------#
26-08-18-12 [Step 246] logΨ: mean=3.025-0.149j | min=-2.141+1.988j | max=3.352+1.290j
26-08-18-12 梯度监控 | raw=34.9102 | natural=0.0853 | clipped=0.0853(上限20.0)
26-08-18-12 原始规范坐标 G(Re Σrow_mean) = +19.5569 | 累计|g| = 10.3184
26-08-18-12 Ψ矩阵条件数 cond(Ψ) = 2.45e+01
26-08-18-12 Loss=-3.128149 | E0=-1.02938297-0.00294853j | E1=-0.95574903-0.00073169j|E2=-0.66410651+0.00021657j|E3=-0.47891054+0.00184284j
26-08-18-12 #-----------------------------------------#
26-08-18-12 [Step 247] logΨ: mean=3.240-0.095j | min=-1.239-0.939j | max=3.572+0.971j
26-08-18-12 梯度监控 | raw=41.2936 | natural=0.0813 | clipped=0.0813(上限20.0)
26-08-18-12 原始规范坐标 G(Re Σrow_mean) = +19.7576 | 累计|g| = 10.3184
26-08-18-12 Ψ矩阵条件数 cond(Ψ) = 3.53e+01
26-08-18-12 Loss=-3.139183 | E0=-1.03419943-0.00434592j | E1=-0.95485342+0.00001841j|E2=-0.66549047+0.00030655j|E3=-0.48464012-0.00078963j
26-08-18-12 #-----------------------------------------#
26-08-18-12 [Step 248] logΨ: mean=3.305-0.317j | min=-1.054+0.587j | max=3.597+0.921j
26-08-18-12 梯度监控 | raw=40.1151 | natural=0.0380 | clipped=0.0380(上限20.0)
26-08-18-12 原始规范坐标 G(Re Σrow_mean) = +19.8243 | 累计|g| = 10.3184
26-08-18-12 Ψ矩阵条件数 cond(Ψ) = 1.70e+01
26-08-18-12 Loss=-3.150115 | E0=-1.03612331+0.00102288j | E1=-0.95728597-0.00133673j|E2=-0.66298399+0.00021074j|E3=-0.49372179+0.00098189j
26-08-18-12 #-----------------------------------------#
26-08-18-12 [Step 249] logΨ: mean=3.016-0.623j | min=-2.794+3.135j | max=3.397+0.749j
26-08-18-12 梯度监控 | raw=27.3434 | natural=0.3363 | clipped=0.3363(上限20.0)
26-08-18-12 原始规范坐标 G(Re Σrow_mean) = +19.2009 | 累计|g| = 10.3184
26-08-18-12 Ψ矩阵条件数 cond(Ψ) = 1.77e+01
26-08-18-12 Loss=-3.173701 | E0=-1.03821320+0.00124572j | E1=-0.95455583+0.00012004j|E2=-0.67104428-0.00310729j|E3=-0.50988786+0.00527834j
26-08-18-12 #-----------------------------------------#
26-08-18-12 [GaugeReset@250] 吸收 Δg = Σ Re(col_mean) = +19.2009 | 新|g| = 10.2290
26-08-18-12 [Step 250] logΨ: mean=2.287-0.473j | min=-3.860-3.081j | max=2.720+1.222j
26-08-18-12 梯度监控 | raw=14.3549 | natural=0.2845 | clipped=0.2845(上限20.0)
26-08-18-12 原始规范坐标 G(Re Σrow_mean) = +18.7006 | 累计|g| = 10.2290
26-08-18-12 Ψ矩阵条件数 cond(Ψ) = 2.45e+01
26-08-18-12 Loss=-3.181355 | E0=-1.03862097+0.00095050j | E1=-0.95268167-0.00056506j|E2=-0.67327266-0.00217427j|E3=-0.51677937+0.00312650j
26-08-18-12 #-----------------------------------------#
26-08-18-12 [Step 251] logΨ: mean=2.379+0.100j | min=-3.564-0.632j | max=2.652+1.448j
26-08-18-12 梯度监控 | raw=9.4789 | natural=0.1897 | clipped=0.1897(上限20.0)
26-08-18-12 原始规范坐标 G(Re Σrow_mean) = +18.7965 | 累计|g| = 10.2290
26-08-18-12 Ψ矩阵条件数 cond(Ψ) = 2.30e+01
26-08-18-12 Loss=-3.196343 | E0=-1.04175749+0.00396470j | E1=-0.95555955-0.00108270j|E2=-0.66892867+0.00003704j|E3=-0.53009741-0.00039441j
26-08-18-12 #-----------------------------------------#
26-08-18-12 [Step 252] logΨ: mean=2.482-0.134j | min=-2.221+2.605j | max=2.755+1.447j
26-08-18-12 梯度监控 | raw=13.4466 | natural=0.0896 | clipped=0.0896(上限20.0)
26-08-18-12 原始规范坐标 G(Re Σrow_mean) = +18.8803 | 累计|g| = 10.2290
26-08-18-12 Ψ矩阵条件数 cond(Ψ) = 2.33e+01
26-08-18-12 Loss=-3.184218 | E0=-1.04096892+0.00044115j | E1=-0.95399917+0.00011171j|E2=-0.66229795+0.00005766j|E3=-0.52695213-0.00198386j
26-08-18-12 #-----------------------------------------#
26-08-18-12 [Step 253] logΨ: mean=2.334-0.321j | min=-3.261+2.103j | max=2.753+1.459j
26-08-18-12 梯度监控 | raw=8.6237 | natural=0.1046 | clipped=0.1046(上限20.0)
26-08-18-12 原始规范坐标 G(Re Σrow_mean) = +18.7235 | 累计|g| = 10.2290
26-08-18-12 Ψ矩阵条件数 cond(Ψ) = 2.35e+01
26-08-18-12 Loss=-3.178582 | E0=-1.04184979+0.00154702j | E1=-0.95329383+0.00076957j|E2=-0.66181597+0.00025735j|E3=-0.52162239+0.00181126j
26-08-18-12 #-----------------------------------------#
26-08-18-12 [Step 254] logΨ: mean=2.461+0.461j | min=-2.631-0.077j | max=2.725+1.696j
26-08-18-12 梯度监控 | raw=6.7096 | natural=0.2906 | clipped=0.2906(上限20.0)
26-08-18-12 原始规范坐标 G(Re Σrow_mean) = +18.8814 | 累计|g| = 10.2290
26-08-18-12 Ψ矩阵条件数 cond(Ψ) = 2.37e+01
26-08-18-12 Loss=-3.195078 | E0=-1.04609817+0.00104204j | E1=-0.95435545+0.00087100j|E2=-0.65978362+0.00204810j|E3=-0.53484115+0.00013908j
26-08-18-12 #-----------------------------------------#
26-08-18-12 [Step 255] logΨ: mean=2.430+0.506j | min=-4.565-1.044j | max=2.649+1.828j
26-08-18-12 梯度监控 | raw=6.4882 | natural=0.1303 | clipped=0.1303(上限20.0)
26-08-18-12 原始规范坐标 G(Re Σrow_mean) = +18.8209 | 累计|g| = 10.2290
26-08-18-12 Ψ矩阵条件数 cond(Ψ) = 4.27e+01
26-08-18-12 Loss=-3.202805 | E0=-1.04471491+0.00050255j | E1=-0.95655153+0.00024313j|E2=-0.66285341-0.00166534j|E3=-0.53868531-0.00150089j
26-08-18-12 #-----------------------------------------#
26-08-18-12 [Step 256] logΨ: mean=2.559+0.710j | min=-2.945-1.881j | max=2.749+1.850j
26-08-18-12 梯度监控 | raw=2.9557 | natural=0.0661 | clipped=0.0661(上限20.0)
26-08-18-12 原始规范坐标 G(Re Σrow_mean) = +18.9017 | 累计|g| = 10.2290
26-08-18-12 Ψ矩阵条件数 cond(Ψ) = 2.35e+01
26-08-18-12 Loss=-3.208429 | E0=-1.04418949+0.00002657j | E1=-0.95890207-0.00007417j|E2=-0.66606821-0.00117411j|E3=-0.53926881-0.00136430j
26-08-18-12 #-----------------------------------------#
26-08-18-12 [Step 257] logΨ: mean=2.384+0.491j | min=-1.577+1.743j | max=2.667+1.881j
26-08-18-12 梯度监控 | raw=8.2403 | natural=0.0610 | clipped=0.0610(上限20.0)
26-08-18-12 原始规范坐标 G(Re Σrow_mean) = +18.7410 | 累计|g| = 10.2290
26-08-18-12 Ψ矩阵条件数 cond(Ψ) = 2.35e+01
26-08-18-12 Loss=-3.201449 | E0=-1.04471061+0.00068026j | E1=-0.95449867+0.00063817j|E2=-0.66738853+0.00108326j|E3=-0.53485094-0.00101121j
26-08-18-12 #-----------------------------------------#
26-08-18-12 [Step 258] logΨ: mean=2.539+0.630j | min=-2.309-1.355j | max=2.717+1.992j
26-08-18-12 梯度监控 | raw=2.0650 | natural=0.0538 | clipped=0.0538(上限20.0)
26-08-18-12 原始规范坐标 G(Re Σrow_mean) = +18.9255 | 累计|g| = 10.2290
26-08-18-12 Ψ矩阵条件数 cond(Ψ) = 2.44e+01
26-08-18-12 Loss=-3.208856 | E0=-1.04395683-0.00035555j | E1=-0.95768192+0.00065223j|E2=-0.66411590-0.00024453j|E3=-0.54310147-0.00138923j
26-08-18-12 #-----------------------------------------#
26-08-18-12 [Step 259] logΨ: mean=2.300+0.859j | min=-3.569-1.167j | max=2.702+2.021j
26-08-18-12 梯度监控 | raw=6.7511 | natural=0.1082 | clipped=0.1082(上限20.0)
26-08-18-12 原始规范坐标 G(Re Σrow_mean) = +18.6620 | 累计|g| = 10.2290
26-08-18-12 Ψ矩阵条件数 cond(Ψ) = 2.47e+01
26-08-18-12 Loss=-3.193843 | E0=-1.04075634+0.00121934j | E1=-0.95732124+0.00014796j|E2=-0.66306072+0.00037180j|E3=-0.53270486+0.00462136j
26-08-18-12 #-----------------------------------------#
26-08-18-12 [保存] Step 259 → pickle 文件已更新 (260 条记录)
26-08-18-12 [GaugeReset@260] 吸收 Δg = Σ Re(col_mean) = +18.6620 | 新|g| = 9.9611
26-08-18-12 [Step 260] logΨ: mean=3.147+0.030j | min=-0.934-1.342j | max=3.322+1.429j
26-08-18-12 梯度监控 | raw=7.7221 | natural=0.0519 | clipped=0.0519(上限20.0)
26-08-18-12 原始规范坐标 G(Re Σrow_mean) = +18.9828 | 累计|g| = 9.9611
26-08-18-12 Ψ矩阵条件数 cond(Ψ) = 2.39e+01
26-08-18-12 Loss=-3.204067 | E0=-1.04420138-0.00004671j | E1=-0.95578991+0.00054876j|E2=-0.66093404-0.00063098j|E3=-0.54314159-0.00199057j
26-08-18-12 #-----------------------------------------#
26-08-18-12 [Step 261] logΨ: mean=2.870+0.052j | min=-3.349-0.903j | max=3.109+1.483j
26-08-18-12 梯度监控 | raw=4.2332 | natural=0.1653 | clipped=0.1653(上限20.0)
26-08-18-12 原始规范坐标 G(Re Σrow_mean) = +18.6953 | 累计|g| = 9.9611
26-08-18-12 Ψ矩阵条件数 cond(Ψ) = 2.34e+01
26-08-18-12 Loss=-3.212388 | E0=-1.04582207+0.00074675j | E1=-0.95545939-0.00001521j|E2=-0.66883632+0.00041612j|E3=-0.54226991+0.00010655j
26-08-18-12 #-----------------------------------------#
26-08-18-12 [Step 262] logΨ: mean=2.882+0.208j | min=-2.193-1.398j | max=3.121+1.457j
26-08-18-12 梯度监控 | raw=608.0715 | natural=0.0731 | clipped=0.0731(上限20.0)
26-08-18-12 原始规范坐标 G(Re Σrow_mean) = +18.4685 | 累计|g| = 9.9611
26-08-18-12 Ψ矩阵条件数 cond(Ψ) = 2.39e+01
26-08-18-12 Loss=-3.020026 | E0=-1.02613416+0.00251017j | E1=-0.94897791+0.00101532j|E2=-0.66075250-0.00064219j|E3=-0.38416156-0.01969041j
26-08-18-12 #-----------------------------------------#
26-08-18-12 [Step 263] logΨ: mean=2.466-0.212j | min=-3.287-0.315j | max=2.931+1.509j
26-08-18-12 梯度监控 | raw=559.4722 | natural=0.3463 | clipped=0.3463(上限20.0)
26-08-18-12 原始规范坐标 G(Re Σrow_mean) = +18.1021 | 累计|g| = 9.9611
26-08-18-12 Ψ矩阵条件数 cond(Ψ) = 2.79e+01
26-08-18-12 Loss=-3.017280 | E0=-1.04195325-0.01822625j | E1=-0.95230842-0.00466119j|E2=-0.66451884+0.00085776j|E3=-0.35849931+0.01906216j
26-08-18-12 #-----------------------------------------#
26-08-18-12 [Step 264] logΨ: mean=2.835-0.267j | min=-2.292+1.663j | max=3.032+1.527j
26-08-18-12 梯度监控 | raw=333.4629 | natural=0.0496 | clipped=0.0496(上限20.0)
26-08-18-12 原始规范坐标 G(Re Σrow_mean) = +18.5183 | 累计|g| = 9.9611
26-08-18-12 Ψ矩阵条件数 cond(Ψ) = 2.68e+01
26-08-18-12 Loss=-3.117596 | E0=-1.03326956+0.00211824j | E1=-0.95503254+0.00090991j|E2=-0.66209104-0.00078283j|E3=-0.46720299-0.01131961j
26-08-18-12 #-----------------------------------------#
26-08-18-12 [Step 265] logΨ: mean=2.721-0.089j | min=-4.318-0.787j | max=3.063+1.549j
26-08-18-12 梯度监控 | raw=346.0491 | natural=0.1253 | clipped=0.1253(上限20.0)
26-08-18-12 原始规范坐标 G(Re Σrow_mean) = +18.4315 | 累计|g| = 9.9611
26-08-18-12 Ψ矩阵条件数 cond(Ψ) = 2.77e+01
26-08-18-12 Loss=-3.102280 | E0=-1.03343973+0.00123934j | E1=-0.94932592-0.00032024j|E2=-0.66442671-0.00051966j|E3=-0.45508811+0.00089005j
26-08-18-12 #-----------------------------------------#
26-08-18-12 [Step 266] logΨ: mean=3.005+0.041j | min=-4.135-0.646j | max=3.235+1.684j
26-08-18-12 梯度监控 | raw=224.8296 | natural=0.3423 | clipped=0.3423(上限20.0)
26-08-18-12 原始规范坐标 G(Re Σrow_mean) = +18.6435 | 累计|g| = 9.9611
26-08-18-12 Ψ矩阵条件数 cond(Ψ) = 2.76e+01
26-08-18-12 Loss=-3.150076 | E0=-1.03429985+0.00113621j | E1=-0.95487363+0.00102091j|E2=-0.66359080+0.00313042j|E3=-0.49731202-0.00409098j
26-08-18-12 #-----------------------------------------#
26-08-18-12 [Step 267] logΨ: mean=3.127+0.087j | min=-3.064-2.144j | max=3.443+1.761j
26-08-18-12 梯度监控 | raw=307.9298 | natural=0.0847 | clipped=0.0847(上限20.0)
26-08-18-12 原始规范坐标 G(Re Σrow_mean) = +18.7230 | 累计|g| = 9.9611
26-08-18-12 Ψ矩阵条件数 cond(Ψ) = 3.01e+01
26-08-18-12 Loss=-3.109193 | E0=-1.03193855-0.00003200j | E1=-0.95280265-0.00028665j|E2=-0.66196295+0.00001582j|E3=-0.46248882+0.00547177j
26-08-18-12 #-----------------------------------------#
26-08-18-12 [Step 268] logΨ: mean=3.409-0.096j | min=-0.654-1.108j | max=3.591+1.761j
26-08-18-12 梯度监控 | raw=189.8928 | natural=0.0347 | clipped=0.0347(上限20.0)
26-08-18-12 原始规范坐标 G(Re Σrow_mean) = +18.9688 | 累计|g| = 9.9611
26-08-18-12 Ψ矩阵条件数 cond(Ψ) = 2.99e+01
26-08-18-12 Loss=-3.158358 | E0=-1.03578181-0.00039528j | E1=-0.95618386+0.00010210j|E2=-0.66299675-0.00038369j|E3=-0.50339532+0.00136004j
26-08-18-12 #-----------------------------------------#
26-08-18-12 [Step 269] logΨ: mean=3.339+0.176j | min=-2.069+2.136j | max=3.633+1.802j
26-08-18-12 梯度监控 | raw=164.4919 | natural=0.0677 | clipped=0.0677(上限20.0)
26-08-18-12 原始规范坐标 G(Re Σrow_mean) = +18.9190 | 累计|g| = 9.9611
26-08-18-12 Ψ矩阵条件数 cond(Ψ) = 3.08e+01
26-08-18-12 Loss=-3.157899 | E0=-1.03476970-0.00065136j | E1=-0.95565246+0.00065662j|E2=-0.66304884-0.00065874j|E3=-0.50442803+0.00569763j
26-08-18-12 #-----------------------------------------#
26-08-18-12 [GaugeReset@270] 吸收 Δg = Σ Re(col_mean) = +18.9190 | 新|g| = 10.1514
26-08-18-12 [Step 270] logΨ: mean=3.342+0.080j | min=-2.341+0.823j | max=3.465+1.344j
26-08-18-12 梯度监控 | raw=44.7988 | natural=0.0728 | clipped=0.0728(上限20.0)
26-08-18-12 原始规范坐标 G(Re Σrow_mean) = +19.1455 | 累计|g| = 10.1514
26-08-18-12 Ψ矩阵条件数 cond(Ψ) = 1.82e+01
26-08-18-12 Loss=-3.199986 | E0=-1.04177015+0.00027404j | E1=-0.95693178-0.00016215j|E2=-0.66095503+0.00010983j|E3=-0.54032935-0.00380937j
26-08-18-12 #-----------------------------------------#
26-08-18-12 [Step 271] logΨ: mean=3.583+0.163j | min=-0.972+1.792j | max=3.676+1.323j
26-08-18-12 梯度监控 | raw=29.9086 | natural=0.0222 | clipped=0.0222(上限20.0)
26-08-18-12 原始规范坐标 G(Re Σrow_mean) = +19.3199 | 累计|g| = 10.1514
26-08-18-12 Ψ矩阵条件数 cond(Ψ) = 1.89e+01
26-08-18-12 Loss=-3.206391 | E0=-1.04105741-0.00141392j | E1=-0.95704607-0.00020658j|E2=-0.66332430-0.00010556j|E3=-0.54496314-0.00203355j
26-08-18-12 #-----------------------------------------#
26-08-18-12 [Step 272] logΨ: mean=3.565+0.107j | min=-1.414+1.431j | max=3.679+1.355j
26-08-18-12 梯度监控 | raw=36.7607 | natural=0.0108 | clipped=0.0108(上限20.0)
26-08-18-12 原始规范坐标 G(Re Σrow_mean) = +19.3102 | 累计|g| = 10.1514
26-08-18-12 Ψ矩阵条件数 cond(Ψ) = 1.87e+01
26-08-18-12 Loss=-3.207197 | E0=-1.04366739-0.00002461j | E1=-0.95843802-0.00108067j|E2=-0.66319037+0.00050625j|E3=-0.54190106-0.00063674j
26-08-18-12 #-----------------------------------------#
26-08-18-12 [Step 273] logΨ: mean=3.470-0.189j | min=-1.640+1.391j | max=3.728+1.432j
26-08-18-12 梯度监控 | raw=57.7395 | natural=0.0978 | clipped=0.0978(上限20.0)
26-08-18-12 原始规范坐标 G(Re Σrow_mean) = +19.2319 | 累计|g| = 10.1514
26-08-18-12 Ψ矩阵条件数 cond(Ψ) = 1.89e+01
26-08-18-12 Loss=-3.194597 | E0=-1.04165550-0.00076331j | E1=-0.95465724+0.00109289j|E2=-0.66295177-0.00198365j|E3=-0.53533209+0.00278542j
26-08-18-12 #-----------------------------------------#
26-08-18-12 [Step 274] logΨ: mean=3.628-0.540j | min=-0.744+2.737j | max=3.742+1.436j
26-08-18-12 梯度监控 | raw=10.9703 | natural=0.0325 | clipped=0.0325(上限20.0)
26-08-18-12 原始规范坐标 G(Re Σrow_mean) = +19.3734 | 累计|g| = 10.1514
26-08-18-12 Ψ矩阵条件数 cond(Ψ) = 1.89e+01
26-08-18-12 Loss=-3.210636 | E0=-1.04329920+0.00051980j | E1=-0.95672882+0.00003422j|E2=-0.66327600-0.00007267j|E3=-0.54733157-0.00107554j
26-08-18-12 #-----------------------------------------#
26-08-18-12 [Step 275] logΨ: mean=3.640-0.565j | min=-0.837+2.071j | max=3.808+1.375j
26-08-18-12 梯度监控 | raw=12.4977 | natural=0.0609 | clipped=0.0609(上限20.0)
26-08-18-12 原始规范坐标 G(Re Σrow_mean) = +19.3353 | 累计|g| = 10.1514
26-08-18-12 Ψ矩阵条件数 cond(Ψ) = 1.86e+01
26-08-18-12 Loss=-3.210873 | E0=-1.04290791+0.00003584j | E1=-0.95551397+0.00103384j|E2=-0.66373997-0.00019697j|E3=-0.54871147+0.00032978j
26-08-18-12 #-----------------------------------------#
26-08-18-12 [Step 276] logΨ: mean=3.581-0.356j | min=-1.150-1.687j | max=3.718+1.438j
26-08-18-12 梯度监控 | raw=15.8488 | natural=0.0622 | clipped=0.0622(上限20.0)
26-08-18-12 原始规范坐标 G(Re Σrow_mean) = +19.3176 | 累计|g| = 10.1514
26-08-18-12 Ψ矩阵条件数 cond(Ψ) = 1.84e+01
26-08-18-12 Loss=-3.211646 | E0=-1.04526028-0.00004424j | E1=-0.95855475-0.00069647j|E2=-0.66460358-0.00032148j|E3=-0.54322713+0.00078397j
26-08-18-12 #-----------------------------------------#
26-08-18-12 [Step 277] logΨ: mean=3.531-0.436j | min=-0.358+0.019j | max=3.797+1.384j
26-08-18-12 梯度监控 | raw=8.4982 | natural=0.0785 | clipped=0.0785(上限20.0)
26-08-18-12 原始规范坐标 G(Re Σrow_mean) = +19.2028 | 累计|g| = 10.1514
26-08-18-12 Ψ矩阵条件数 cond(Ψ) = 1.81e+01
26-08-18-12 Loss=-3.215702 | E0=-1.04360017-0.00016603j | E1=-0.95679882+0.00074606j|E2=-0.66492114-0.00069540j|E3=-0.55038181-0.00023443j
26-08-18-12 #-----------------------------------------#
26-08-18-12 [Step 278] logΨ: mean=3.583-0.415j | min=-4.001-1.211j | max=3.805+1.397j
26-08-18-12 梯度监控 | raw=8.3228 | natural=0.3207 | clipped=0.3207(上限20.0)
26-08-18-12 原始规范坐标 G(Re Σrow_mean) = +19.4435 | 累计|g| = 10.1514
26-08-18-12 Ψ矩阵条件数 cond(Ψ) = 1.93e+01
26-08-18-12 Loss=-3.209489 | E0=-1.04166605+0.00016017j | E1=-0.95604232-0.00102204j|E2=-0.66288548+0.00525988j|E3=-0.54889536-0.00039538j
26-08-18-12 #-----------------------------------------#
26-08-18-12 [Step 279] logΨ: mean=3.685-0.496j | min=-1.592-2.635j | max=3.804+1.290j
26-08-18-12 梯度监控 | raw=6.6068 | natural=0.0397 | clipped=0.0397(上限20.0)
26-08-18-12 原始规范坐标 G(Re Σrow_mean) = +19.4959 | 累计|g| = 10.1514
26-08-18-12 Ψ矩阵条件数 cond(Ψ) = 1.82e+01
26-08-18-12 Loss=-3.210003 | E0=-1.04509119-0.00009571j | E1=-0.95701255-0.00036136j|E2=-0.66200317-0.00032539j|E3=-0.54589563+0.00043995j
26-08-18-12 #-----------------------------------------#
26-08-18-12 [保存] Step 279 → pickle 文件已更新 (280 条记录)
26-08-18-12 [GaugeReset@280] 吸收 Δg = Σ Re(col_mean) = +19.4959 | 新|g| = 10.3740
26-08-18-12 [Step 280] logΨ: mean=3.099+0.030j | min=-1.999-1.376j | max=3.193+1.752j
26-08-18-12 梯度监控 | raw=5.7293 | natural=0.0099 | clipped=0.0099(上限20.0)
26-08-18-12 原始规范坐标 G(Re Σrow_mean) = +19.4813 | 累计|g| = 10.3740
26-08-18-12 Ψ矩阵条件数 cond(Ψ) = 2.43e+01
26-08-18-12 Loss=-3.215993 | E0=-1.04541055-0.00037644j | E1=-0.95823644+0.00022238j|E2=-0.66441058+0.00010427j|E3=-0.54793494+0.00071933j
26-08-18-12 #-----------------------------------------#
26-08-18-12 [Step 281] logΨ: mean=2.971-0.139j | min=-3.945+2.155j | max=3.198+1.736j
26-08-18-12 梯度监控 | raw=6.1413 | natural=0.0464 | clipped=0.0464(上限20.0)
26-08-18-12 原始规范坐标 G(Re Σrow_mean) = +19.3419 | 累计|g| = 10.3740
26-08-18-12 Ψ矩阵条件数 cond(Ψ) = 2.37e+01
26-08-18-12 Loss=-3.214640 | E0=-1.04876206-0.00001207j | E1=-0.95774737+0.00019906j|E2=-0.66258358-0.00017913j|E3=-0.54554667+0.00082951j
26-08-18-12 #-----------------------------------------#
26-08-18-12 [Step 282] logΨ: mean=2.469-0.258j | min=-3.177+1.514j | max=2.790+1.945j
26-08-18-12 梯度监控 | raw=11.8806 | natural=0.2827 | clipped=0.2827(上限20.0)
26-08-18-12 原始规范坐标 G(Re Σrow_mean) = +19.3005 | 累计|g| = 10.3740
26-08-18-12 Ψ矩阵条件数 cond(Ψ) = 2.88e+01
26-08-18-12 Loss=-3.214724 | E0=-1.04414545-0.00019561j | E1=-0.95706657-0.00234096j|E2=-0.66650278+0.00461035j|E3=-0.54700881+0.00200625j
26-08-18-12 #-----------------------------------------#
26-08-18-12 [Step 283] logΨ: mean=2.253-0.771j | min=-3.325-2.175j | max=2.437+1.565j
26-08-18-12 梯度监控 | raw=16.8832 | natural=0.0777 | clipped=0.0777(上限20.0)
26-08-18-12 原始规范坐标 G(Re Σrow_mean) = +19.0378 | 累计|g| = 10.3740
26-08-18-12 Ψ矩阵条件数 cond(Ψ) = 1.99e+01
26-08-18-12 Loss=-3.190404 | E0=-1.04715230-0.00258024j | E1=-0.95593090+0.00019800j|E2=-0.66318929-0.00110640j|E3=-0.52413196-0.00142921j
26-08-18-12 #-----------------------------------------#
26-08-18-12 [Step 284] logΨ: mean=1.998+0.265j | min=-2.583+2.654j | max=2.184+2.215j
26-08-18-12 梯度监控 | raw=17.1316 | natural=0.1088 | clipped=0.1088(上限20.0)
26-08-18-12 原始规范坐标 G(Re Σrow_mean) = +18.6853 | 累计|g| = 10.3740
26-08-18-12 Ψ矩阵条件数 cond(Ψ) = 1.82e+01
26-08-18-12 Loss=-3.195240 | E0=-1.04506091+0.00472315j | E1=-0.95884345+0.00075651j|E2=-0.66383422-0.00003837j|E3=-0.52750118-0.00011895j
26-08-18-12 #-----------------------------------------#
26-08-18-12 [Step 285] logΨ: mean=2.064+0.399j | min=-3.604+2.505j | max=2.292+2.291j
26-08-18-12 梯度监控 | raw=9.5867 | natural=0.0952 | clipped=0.0952(上限20.0)
26-08-18-12 原始规范坐标 G(Re Σrow_mean) = +18.7776 | 累计|g| = 10.3740
26-08-18-12 Ψ矩阵条件数 cond(Ψ) = 1.83e+01
26-08-18-12 Loss=-3.201149 | E0=-1.04362754+0.00156655j | E1=-0.95670170-0.00068775j|E2=-0.66483768-0.00033692j|E3=-0.53598158-0.00069532j
26-08-18-12 #-----------------------------------------#
26-08-18-12 [Step 286] logΨ: mean=2.241+0.542j | min=-1.809-0.885j | max=2.280+2.218j
26-08-18-12 梯度监控 | raw=1.3313 | natural=0.0166 | clipped=0.0166(上限20.0)
26-08-18-12 原始规范坐标 G(Re Σrow_mean) = +18.9164 | 累计|g| = 10.3740
26-08-18-12 Ψ矩阵条件数 cond(Ψ) = 1.81e+01
26-08-18-12 Loss=-3.210566 | E0=-1.04647919+0.00033850j | E1=-0.95588711-0.00022948j|E2=-0.66518047-0.00088412j|E3=-0.54301896+0.00019909j
26-08-18-12 #-----------------------------------------#
26-08-18-12 [Step 287] logΨ: mean=2.196+0.491j | min=-3.063-0.856j | max=2.353+2.199j
26-08-18-12 梯度监控 | raw=8.2755 | natural=0.0743 | clipped=0.0743(上限20.0)
26-08-18-12 原始规范坐标 G(Re Σrow_mean) = +18.8015 | 累计|g| = 10.3740
26-08-18-12 Ψ矩阵条件数 cond(Ψ) = 1.87e+01
26-08-18-12 Loss=-3.205938 | E0=-1.04594629+0.00045517j | E1=-0.95581930-0.00001098j|E2=-0.66273544-0.00031705j|E3=-0.54143696-0.00105405j
26-08-18-12 #-----------------------------------------#
26-08-18-12 [Step 288] logΨ: mean=2.235+0.605j | min=-3.970-0.986j | max=2.320+2.194j
26-08-18-12 梯度监控 | raw=1.4834 | natural=0.0603 | clipped=0.0603(上限20.0)
26-08-18-12 原始规范坐标 G(Re Σrow_mean) = +18.8292 | 累计|g| = 10.3740
26-08-18-12 Ψ矩阵条件数 cond(Ψ) = 1.83e+01
26-08-18-12 Loss=-3.207598 | E0=-1.04788946+0.00041540j | E1=-0.95571435+0.00047118j|E2=-0.66187717-0.00103179j|E3=-0.54211717-0.00166145j
26-08-18-12 #-----------------------------------------#
26-08-18-12 [Step 289] logΨ: mean=1.956+0.919j | min=-3.117+2.966j | max=2.277+2.341j
26-08-18-12 梯度监控 | raw=197.5784 | natural=0.2374 | clipped=0.2374(上限20.0)
26-08-18-12 原始规范坐标 G(Re Σrow_mean) = +18.4360 | 累计|g| = 10.3740
26-08-18-12 Ψ矩阵条件数 cond(Ψ) = 1.65e+01
26-08-18-12 Loss=-3.101437 | E0=-1.03465732-0.00659086j | E1=-0.95575413+0.00280625j|E2=-0.65877968-0.00032404j|E3=-0.45224596+0.00597870j
26-08-18-12 #-----------------------------------------#
26-08-18-12 [GaugeReset@290] 吸收 Δg = Σ Re(col_mean) = +18.4360 | 新|g| = 9.8661
26-08-18-12 [Step 290] logΨ: mean=2.986+0.352j | min=-1.273+1.359j | max=3.191+1.637j
26-08-18-12 梯度监控 | raw=63.3336 | natural=0.1375 | clipped=0.1375(上限20.0)
26-08-18-12 原始规范坐标 G(Re Σrow_mean) = +18.4433 | 累计|g| = 9.8661
26-08-18-12 Ψ矩阵条件数 cond(Ψ) = 1.31e+01
26-08-18-12 Loss=-3.189377 | E0=-1.04146335-0.00012299j | E1=-0.95488773-0.00106388j|E2=-0.66543915+0.00338632j|E3=-0.52758701-0.00263477j
26-08-18-12 #-----------------------------------------#
26-08-18-12 [Step 291] logΨ: mean=3.188+0.215j | min=-1.377-1.734j | max=3.316+1.659j
26-08-18-12 梯度监控 | raw=56.2670 | natural=0.0299 | clipped=0.0299(上限20.0)
26-08-18-12 原始规范坐标 G(Re Σrow_mean) = +18.6629 | 累计|g| = 9.8661
26-08-18-12 Ψ矩阵条件数 cond(Ψ) = 1.38e+01
26-08-18-12 Loss=-3.190311 | E0=-1.04150599+0.00074051j | E1=-0.95172136-0.00135982j|E2=-0.66360607+0.00000697j|E3=-0.53347799-0.00250562j
26-08-18-12 #-----------------------------------------#
26-08-18-12 [Step 292] logΨ: mean=3.264-0.140j | min=-2.106+1.776j | max=3.434+1.636j
26-08-18-12 梯度监控 | raw=44.9261 | natural=0.0623 | clipped=0.0623(上限20.0)
26-08-18-12 原始规范坐标 G(Re Σrow_mean) = +18.7011 | 累计|g| = 9.8661
26-08-18-12 Ψ矩阵条件数 cond(Ψ) = 1.39e+01
26-08-18-12 Loss=-3.193424 | E0=-1.04329521+0.00035258j | E1=-0.95441200-0.00172336j|E2=-0.66321605+0.00025133j|E3=-0.53250093-0.00172385j
26-08-18-12 #-----------------------------------------#
26-08-18-12 [Step 293] logΨ: mean=3.199-0.543j | min=-3.917+0.958j | max=3.383+1.527j
26-08-18-12 梯度监控 | raw=30.3566 | natural=0.0985 | clipped=0.0985(上限20.0)
26-08-18-12 原始规范坐标 G(Re Σrow_mean) = +18.5999 | 累计|g| = 9.8661
26-08-18-12 Ψ矩阵条件数 cond(Ψ) = 1.43e+01
26-08-18-12 Loss=-3.201155 | E0=-1.04284721+0.00022001j | E1=-0.95604937-0.00189098j|E2=-0.66231178-0.00089758j|E3=-0.53994686-0.00127203j
26-08-18-12 #-----------------------------------------#
26-08-18-12 [Step 294] logΨ: mean=2.898-0.408j | min=-2.813+1.384j | max=3.204+1.476j
26-08-18-12 梯度监控 | raw=20.3782 | natural=0.1667 | clipped=0.1667(上限20.0)
26-08-18-12 原始规范坐标 G(Re Σrow_mean) = +18.2033 | 累计|g| = 9.8661
26-08-18-12 Ψ矩阵条件数 cond(Ψ) = 1.49e+01
26-08-18-12 Loss=-3.207582 | E0=-1.04313730+0.00053863j | E1=-0.95575477-0.00307540j|E2=-0.66773503-0.00121462j|E3=-0.54095498+0.00101983j
26-08-18-12 #-----------------------------------------#
26-08-18-12 [Step 295] logΨ: mean=3.167-0.218j | min=-1.713+2.793j | max=3.319+1.458j
26-08-18-12 梯度监控 | raw=22.0762 | natural=0.0729 | clipped=0.0729(上限20.0)
26-08-18-12 原始规范坐标 G(Re Σrow_mean) = +18.4352 | 累计|g| = 9.8661
26-08-18-12 Ψ矩阵条件数 cond(Ψ) = 1.50e+01
26-08-18-12 Loss=-3.211079 | E0=-1.04316612-0.00016212j | E1=-0.95909731+0.00029614j|E2=-0.66690002-0.00048890j|E3=-0.54191509+0.00138522j
26-08-18-12 #-----------------------------------------#
26-08-18-12 [Step 296] logΨ: mean=3.474-0.192j | min=-0.904+1.830j | max=3.504+1.490j
26-08-18-12 梯度监控 | raw=2.0254 | natural=0.0133 | clipped=0.0133(上限20.0)
26-08-18-12 原始规范坐标 G(Re Σrow_mean) = +18.6228 | 累计|g| = 9.8661
26-08-18-12 Ψ矩阵条件数 cond(Ψ) = 1.64e+01
26-08-18-12 Loss=-3.217668 | E0=-1.04460630+0.00067530j | E1=-0.95691607-0.00043927j|E2=-0.66359036-0.00029196j|E3=-0.55255573-0.00184264j
26-08-18-12 #-----------------------------------------#
26-08-18-12 [Step 297] logΨ: mean=3.471-0.111j | min=-2.051-1.488j | max=3.618+1.404j
26-08-18-12 梯度监控 | raw=18.4903 | natural=0.0590 | clipped=0.0590(上限20.0)
26-08-18-12 原始规范坐标 G(Re Σrow_mean) = +18.5226 | 累计|g| = 9.8661
26-08-18-12 Ψ矩阵条件数 cond(Ψ) = 1.63e+01
26-08-18-12 Loss=-3.202934 | E0=-1.04460796-0.00065764j | E1=-0.95463158+0.00058517j|E2=-0.66035194-0.00035534j|E3=-0.54334245+0.00280428j
26-08-18-12 #-----------------------------------------#
26-08-18-12 [Step 298] logΨ: mean=3.584+0.011j | min=-2.253-1.753j | max=3.740+1.395j
26-08-18-12 梯度监控 | raw=1.8494 | natural=0.1056 | clipped=0.1056(上限20.0)
26-08-18-12 原始规范坐标 G(Re Σrow_mean) = +18.6727 | 累计|g| = 9.8661
26-08-18-12 Ψ矩阵条件数 cond(Ψ) = 1.59e+01
26-08-18-12 Loss=-3.213004 | E0=-1.04222080+0.00054793j | E1=-0.95610940-0.00054745j|E2=-0.66335108-0.00019381j|E3=-0.55132278-0.00148486j
26-08-18-12 #-----------------------------------------#
26-08-18-12 [Step 299] logΨ: mean=3.639-0.179j | min=-1.542+0.684j | max=3.829+1.303j
26-08-18-12 梯度监控 | raw=6.4245 | natural=0.0952 | clipped=0.0952(上限20.0)
26-08-18-12 原始规范坐标 G(Re Σrow_mean) = +18.7033 | 累计|g| = 9.8661
26-08-18-12 Ψ矩阵条件数 cond(Ψ) = 1.50e+01
26-08-18-12 Loss=-3.209663 | E0=-1.04618874-0.00134958j | E1=-0.95625131-0.00008035j|E2=-0.66049513-0.00075485j|E3=-0.54672800+0.00032946j
26-08-18-12 #-----------------------------------------#
26-08-18-12 [保存] Step 299 → pickle 文件已更新 (300 条记录)
26-08-18-12 [GaugeReset@300] 吸收 Δg = Σ Re(col_mean) = +18.7033 | 新|g| = 9.9605
26-08-18-12 训练耗时：197.66 秒
26-08-18-12 
============================================================
26-08-18-12 训练完成!
26-08-18-12 ============================================================
26-08-18-12 [保存] 训练结束，pickle 最终写入 300 条记录 → ./data/26-09-08-18-09_history_natural_gradient_H2_molecule_K4.pkl
26-08-18-14 Loss 曲线已保存: ./日志/[Loss]26-09-08-18-09_loss_curve_gauge_reset_min120.png
26-08-18-14 logΨ mean 曲线已保存: ./日志/[logPsi]26-09-08-18-09_logPsi_mean_curve_gauge_reset_min120.png
26-08-18-14 Loss 曲线已保存: ./日志/[Loss]26-09-08-18-09_loss_curve_gauge_reset_min120.png
