26-28-11-30 
============================================================
26-28-11-30 开始多链 NES-VMC 训练 | P8: 双侧一致列规范 + 周期性 gauge reset
26-28-11-30 超参数配置:
N_CHAINS =16
N_SAMPLES_PER_CHAIN =200
SWEEP_SIZE = 20
N_ITER = 300
Natural_Grad = True
clip_norm = 20.0
per_param_clip = 1.0
lr = 0.1
qgt_diag_shift = 0.1
RESET_PERIOD = 10
SAVE_INTERVAL = 20
26-28-11-30 ============================================================
26-28-11-30 精确CAS基准：基态=-1.05434745 Ha | 1激发=-0.95790573 Ha|2激发=-0.66895227 Ha|3激发=-0.55140192 Ha|
26-28-11-30 理论 Loss 上限：-3.23260738 
26-28-11-30 超参：clip_norm=20.0, per_param_clip=1.0, lr=0.1, QGT diag_shift=0.1, RESET_PERIOD=10
26-28-11-30 [Step   0] logΨ: mean=0.622-0.137j | min=-1.566+0.230j | max=1.204+2.181j
26-28-11-30 梯度监控 | raw=1.9865 | per_param=0.0719 |  natural=0.7921 | clipped=0.7921(上限20.0)
26-28-11-30 原始规范坐标 G(Re Σrow_mean) = -0.3168 | 累计|g| = 0.0000
26-28-11-30 Ψ矩阵条件数 cond(Ψ) = 8.76e+00
26-28-11-30 Loss=-0.687549 | E0=-0.65644238+0.00928192j | E1=-0.40155272-0.00017989j|E2=-0.13863875-0.00805518j|E3=0.50908487+0.00011387j
26-28-11-30 #-----------------------------------------#
26-28-11-30 [Step   1] logΨ: mean=1.006-0.253j | min=-1.442-3.119j | max=1.634+2.136j
26-28-11-30 梯度监控 | raw=2.0263 | per_param=0.0733 |  natural=0.8107 | clipped=0.8107(上限20.0)
26-28-11-30 原始规范坐标 G(Re Σrow_mean) = +0.0160 | 累计|g| = 0.0000
26-28-11-30 Ψ矩阵条件数 cond(Ψ) = 9.11e+00
26-28-11-30 Loss=-0.819549 | E0=-0.68272580-0.00110897j | E1=-0.45225945+0.00558003j|E2=-0.16585774-0.00202299j|E3=0.48129363-0.00016578j
26-28-11-30 #-----------------------------------------#
26-28-11-30 [Step   2] logΨ: mean=1.406-0.171j | min=-0.988-1.257j | max=2.061+2.131j
26-28-11-30 梯度监控 | raw=1.7788 | per_param=0.0644 |  natural=0.7847 | clipped=0.7847(上限20.0)
26-28-11-30 原始规范坐标 G(Re Σrow_mean) = +0.3454 | 累计|g| = 0.0000
26-28-11-30 Ψ矩阵条件数 cond(Ψ) = 1.00e+01
26-28-11-30 Loss=-1.002272 | E0=-0.71207310-0.00048721j | E1=-0.51106098+0.00582323j|E2=-0.21630813-0.00419767j|E3=0.43716995+0.00002941j
26-28-11-30 #-----------------------------------------#
26-28-11-30 [Step   3] logΨ: mean=1.840-0.194j | min=-0.416-0.108j | max=2.541+2.087j
26-28-11-30 梯度监控 | raw=1.6357 | per_param=0.0592 |  natural=0.7957 | clipped=0.7957(上限20.0)
26-28-11-30 原始规范坐标 G(Re Σrow_mean) = +0.7032 | 累计|g| = 0.0000
26-28-11-30 Ψ矩阵条件数 cond(Ψ) = 9.19e+00
26-28-11-30 Loss=-1.186964 | E0=-0.74614817+0.00339140j | E1=-0.56513400-0.00118010j|E2=-0.26901984-0.00681530j|E3=0.39333762+0.00160707j
26-28-11-30 #-----------------------------------------#
26-28-11-30 [Step   4] logΨ: mean=2.299-0.049j | min=-0.521+0.159j | max=3.022+2.042j
26-28-11-30 梯度监控 | raw=1.6192 | per_param=0.0586 |  natural=0.7920 | clipped=0.7920(上限20.0)
26-28-11-30 原始规范坐标 G(Re Σrow_mean) = +1.0885 | 累计|g| = 0.0000
26-28-11-30 Ψ矩阵条件数 cond(Ψ) = 9.30e+00
26-28-11-30 Loss=-1.366681 | E0=-0.77932370+0.00546690j | E1=-0.61507021-0.00487009j|E2=-0.32202585-0.00671148j|E3=0.34973923+0.00181595j
26-28-11-30 #-----------------------------------------#
26-28-11-30 [Step   5] logΨ: mean=2.746-0.057j | min=0.328-2.528j | max=3.485+1.998j
26-28-11-30 梯度监控 | raw=1.3899 | per_param=0.0503 |  natural=0.7696 | clipped=0.7696(上限20.0)
26-28-11-30 原始规范坐标 G(Re Σrow_mean) = +1.4699 | 累计|g| = 0.0000
26-28-11-30 Ψ矩阵条件数 cond(Ψ) = 6.86e+00
26-28-11-30 Loss=-1.481709 | E0=-0.82024836-0.00039065j | E1=-0.64901563-0.00858848j|E2=-0.35058489+0.00350876j|E3=0.33813951+0.00156088j
26-28-11-30 #-----------------------------------------#
26-28-11-30 [Step   6] logΨ: mean=3.176-0.059j | min=0.514-2.588j | max=3.934+1.955j
26-28-11-30 梯度监控 | raw=1.3489 | per_param=0.0488 |  natural=0.7404 | clipped=0.7404(上限20.0)
26-28-11-30 原始规范坐标 G(Re Σrow_mean) = +1.8549 | 累计|g| = 0.0000
26-28-11-30 Ψ矩阵条件数 cond(Ψ) = 8.85e+00
26-28-11-30 Loss=-1.590291 | E0=-0.84952917+0.00327589j | E1=-0.67715082-0.00437685j|E2=-0.37661078-0.00103522j|E3=0.31299939+0.00218253j
26-28-11-30 #-----------------------------------------#
26-28-11-30 [Step   7] logΨ: mean=3.671+0.018j | min=0.672+0.512j | max=4.387+1.914j
26-28-11-30 梯度监控 | raw=1.4266 | per_param=0.0516 |  natural=0.7234 | clipped=0.7234(上限20.0)
26-28-11-30 原始规范坐标 G(Re Σrow_mean) = +2.2687 | 累计|g| = 0.0000
26-28-11-30 Ψ矩阵条件数 cond(Ψ) = 1.07e+01
26-28-11-30 Loss=-1.743837 | E0=-0.88880824+0.00018435j | E1=-0.70655636+0.00468398j|E2=-0.41540504-0.00095786j|E3=0.26693304-0.00084719j
26-28-11-30 #-----------------------------------------#
26-28-11-30 [Step   8] logΨ: mean=4.119+0.130j | min=1.396+2.124j | max=4.828+2.213j
26-28-11-30 梯度监控 | raw=1.2729 | per_param=0.0461 |  natural=0.6784 | clipped=0.6784(上限20.0)
26-28-11-30 原始规范坐标 G(Re Σrow_mean) = +2.6541 | 累计|g| = 0.0000
26-28-11-30 Ψ矩阵条件数 cond(Ψ) = 8.50e+00
26-28-11-30 Loss=-1.826002 | E0=-0.91152866+0.00128860j | E1=-0.73238148+0.00396306j|E2=-0.42960605-0.00003421j|E3=0.24751424-0.00030346j
26-28-11-30 #-----------------------------------------#
26-28-11-30 [Step   9] logΨ: mean=4.632+0.063j | min=0.993+0.441j | max=5.320+2.047j
26-28-11-30 梯度监控 | raw=1.2407 | per_param=0.0449 |  natural=0.6599 | clipped=0.6599(上限20.0)
26-28-11-30 原始规范坐标 G(Re Σrow_mean) = +3.0749 | 累计|g| = 0.0000
26-28-11-30 Ψ矩阵条件数 cond(Ψ) = 8.95e+00
26-28-11-30 Loss=-1.968015 | E0=-0.92982307+0.00365838j | E1=-0.76114568-0.00212805j|E2=-0.47076011-0.00099422j|E3=0.19371371-0.00325615j
26-28-11-30 #-----------------------------------------#
26-28-11-30 [GaugeReset@10] 吸收 Δg = Σ Re(col_mean) = +3.0749 | 新|g| = 2.1026
26-28-11-30 [Step  10] logΨ: mean=1.981+0.085j | min=-1.248+2.870j | max=2.766+0.208j
26-28-11-30 梯度监控 | raw=1.3087 | per_param=0.0473 |  natural=0.6222 | clipped=0.6222(上限20.0)
26-28-11-30 原始规范坐标 G(Re Σrow_mean) = +3.4515 | 累计|g| = 2.1026
26-28-11-30 Ψ矩阵条件数 cond(Ψ) = 8.24e+00
26-28-11-30 Loss=-2.023338 | E0=-0.94942941-0.00133782j | E1=-0.77033935+0.00320145j|E2=-0.49303701+0.00150584j|E3=0.18946779-0.00034197j
26-28-11-30 #-----------------------------------------#
26-28-11-30 [Step  11] logΨ: mean=2.490+0.191j | min=-0.898+0.291j | max=3.278+0.174j
26-28-11-30 梯度监控 | raw=1.2399 | per_param=0.0449 |  natural=0.5932 | clipped=0.5932(上限20.0)
26-28-11-30 原始规范坐标 G(Re Σrow_mean) = +3.8517 | 累计|g| = 2.1026
26-28-11-30 Ψ矩阵条件数 cond(Ψ) = 3.76e+01
26-28-11-30 Loss=-2.131794 | E0=-0.96480531-0.00054041j | E1=-0.80232990+0.00153050j|E2=-0.51093414+0.00079554j|E3=0.14627519-0.00376328j
26-28-11-30 #-----------------------------------------#
26-28-11-30 [Step  12] logΨ: mean=2.951+0.114j | min=-0.978-1.300j | max=3.774+0.141j
26-28-11-30 梯度监控 | raw=1.2868 | per_param=0.0466 |  natural=0.5556 | clipped=0.5556(上限20.0)
26-28-11-30 原始规范坐标 G(Re Σrow_mean) = +4.2428 | 累计|g| = 2.1026
26-28-11-30 Ψ矩阵条件数 cond(Ψ) = 1.08e+01
26-28-11-30 Loss=-2.219965 | E0=-0.98259389+0.00281464j | E1=-0.81665410+0.00398517j|E2=-0.53188182-0.00267558j|E3=0.11116439-0.00236230j
26-28-11-30 #-----------------------------------------#
26-28-11-30 [Step  13] logΨ: mean=3.457-0.016j | min=-0.112+0.673j | max=4.301+0.118j
26-28-11-30 梯度监控 | raw=1.3673 | per_param=0.0495 |  natural=0.5559 | clipped=0.5559(上限20.0)
26-28-11-30 原始规范坐标 G(Re Σrow_mean) = +4.6428 | 累计|g| = 2.1026
26-28-11-30 Ψ矩阵条件数 cond(Ψ) = 1.02e+01
26-28-11-30 Loss=-2.292134 | E0=-0.99265002+0.00040472j | E1=-0.84161028+0.00680603j|E2=-0.53777945-0.00033129j|E3=0.07990547-0.00398456j
26-28-11-30 #-----------------------------------------#
26-28-11-30 [Step  14] logΨ: mean=3.948+0.065j | min=0.587+2.237j | max=4.840+0.105j
26-28-11-30 梯度监控 | raw=1.4066 | per_param=0.0509 |  natural=0.5423 | clipped=0.5423(上限20.0)
26-28-11-30 原始规范坐标 G(Re Σrow_mean) = +5.0571 | 累计|g| = 2.1026
26-28-11-30 Ψ矩阵条件数 cond(Ψ) = 1.16e+01
26-28-11-30 Loss=-2.333085 | E0=-0.99862131-0.00077437j | E1=-0.84097304-0.00293389j|E2=-0.54347952+0.00608051j|E3=0.04998902-0.00370404j
26-28-11-30 #-----------------------------------------#
26-28-11-30 [Step  15] logΨ: mean=4.441-0.062j | min=0.363+0.759j | max=5.315+0.092j
26-28-11-30 梯度监控 | raw=1.4616 | per_param=0.0529 |  natural=0.4873 | clipped=0.4873(上限20.0)
26-28-11-30 原始规范坐标 G(Re Σrow_mean) = +5.4377 | 累计|g| = 2.1026
26-28-11-30 Ψ矩阵条件数 cond(Ψ) = 1.20e+01
26-28-11-30 Loss=-2.422282 | E0=-1.00869269+0.00100289j | E1=-0.86393535-0.00354455j|E2=-0.56320046+0.00235789j|E3=0.01354639+0.00059257j
26-28-11-30 #-----------------------------------------#
26-28-11-30 [Step  16] logΨ: mean=4.965-0.092j | min=0.492-1.208j | max=5.855+0.097j
26-28-11-30 梯度监控 | raw=1.5974 | per_param=0.0578 |  natural=0.4965 | clipped=0.4965(上限20.0)
26-28-11-30 原始规范坐标 G(Re Σrow_mean) = +5.8656 | 累计|g| = 2.1026
26-28-11-30 Ψ矩阵条件数 cond(Ψ) = 1.14e+01
26-28-11-30 Loss=-2.490359 | E0=-1.01624787+0.00009885j | E1=-0.87478753+0.00663551j|E2=-0.56822274-0.00123002j|E3=-0.03110037-0.00046204j
26-28-11-30 #-----------------------------------------#
26-28-11-30 [Step  17] logΨ: mean=5.396-0.185j | min=1.895+1.808j | max=6.258+0.083j
26-28-11-30 梯度监控 | raw=1.5240 | per_param=0.0551 |  natural=0.4052 | clipped=0.4052(上限20.0)
26-28-11-30 原始规范坐标 G(Re Σrow_mean) = +6.1832 | 累计|g| = 2.1026
26-28-11-30 Ψ矩阵条件数 cond(Ψ) = 8.79e+00
26-28-11-30 Loss=-2.560001 | E0=-1.02327979+0.00138753j | E1=-0.89165840+0.00535681j|E2=-0.58305193+0.00001394j|E3=-0.06201071-0.00443885j
26-28-11-30 #-----------------------------------------#
26-28-11-30 [Step  18] logΨ: mean=5.888-0.446j | min=1.713+2.759j | max=6.741+0.108j
26-28-11-30 梯度监控 | raw=1.7322 | per_param=0.0627 |  natural=0.4318 | clipped=0.4318(上限20.0)
26-28-11-30 原始规范坐标 G(Re Σrow_mean) = +6.5529 | 累计|g| = 2.1026
26-28-11-30 Ψ矩阵条件数 cond(Ψ) = 1.66e+01
26-28-11-30 Loss=-2.610138 | E0=-1.02297276+0.00106002j | E1=-0.90243659-0.00196221j|E2=-0.58852448+0.00144014j|E3=-0.09620389+0.00408655j
26-28-11-30 #-----------------------------------------#
26-28-11-31 [Step  19] logΨ: mean=6.456-0.572j | min=1.770-1.312j | max=7.278+0.142j
26-28-11-31 梯度监控 | raw=1.7886 | per_param=0.0647 |  natural=0.4301 | clipped=0.4301(上限20.0)
26-28-11-31 原始规范坐标 G(Re Σrow_mean) = +6.9760 | 累计|g| = 2.1026
26-28-11-31 Ψ矩阵条件数 cond(Ψ) = 1.78e+01
26-28-11-31 Loss=-2.663619 | E0=-1.03222790-0.00138107j | E1=-0.90560529+0.00205017j|E2=-0.59139697+0.00233062j|E3=-0.13438883-0.00362935j
26-28-11-31 #-----------------------------------------#
26-28-11-31 [保存] Step 19 → pickle 文件已更新 (20 条记录)
26-28-11-31 [GaugeReset@20] 吸收 Δg = Σ Re(col_mean) = +6.9760 | 新|g| = 3.8854
26-28-11-31 [Step  20] logΨ: mean=3.015+0.857j | min=-1.172+2.525j | max=3.869+2.724j
26-28-11-31 梯度监控 | raw=1.8407 | per_param=0.0666 |  natural=0.3904 | clipped=0.3904(上限20.0)
26-28-11-31 原始规范坐标 G(Re Σrow_mean) = +7.3329 | 累计|g| = 3.8854
26-28-11-31 Ψ矩阵条件数 cond(Ψ) = 9.47e+00
26-28-11-31 Loss=-2.687478 | E0=-1.03027083+0.00078875j | E1=-0.90973992+0.00115282j|E2=-0.59350255+0.00062338j|E3=-0.15396442-0.00284925j
26-28-11-31 #-----------------------------------------#
26-28-11-31 [Step  21] logΨ: mean=3.502+0.788j | min=-0.928-1.528j | max=4.329+2.760j
26-28-11-31 梯度监控 | raw=1.9098 | per_param=0.0691 |  natural=0.3534 | clipped=0.3534(上限20.0)
26-28-11-31 原始规范坐标 G(Re Σrow_mean) = +7.6723 | 累计|g| = 3.8854
26-28-11-31 Ψ矩阵条件数 cond(Ψ) = 1.12e+01
26-28-11-31 Loss=-2.734300 | E0=-1.03572378-0.00040761j | E1=-0.91742883+0.00603860j|E2=-0.59694487-0.00361580j|E3=-0.18420249-0.00186932j
26-28-11-31 #-----------------------------------------#
26-28-11-31 [Step  22] logΨ: mean=3.946+0.753j | min=-0.590+0.434j | max=4.742+2.797j
26-28-11-31 梯度监控 | raw=1.9260 | per_param=0.0697 |  natural=0.3243 | clipped=0.3243(上限20.0)
26-28-11-31 原始规范坐标 G(Re Σrow_mean) = +7.9793 | 累计|g| = 3.8854
26-28-11-31 Ψ矩阵条件数 cond(Ψ) = 2.33e+01
26-28-11-31 Loss=-2.780543 | E0=-1.03857890+0.00229281j | E1=-0.92372047+0.00442681j|E2=-0.60361035-0.00298898j|E3=-0.21463303-0.00090121j
26-28-11-31 #-----------------------------------------#
26-28-11-31 [Step  23] logΨ: mean=4.443+1.036j | min=-0.940-0.871j | max=5.186+2.871j
26-28-11-31 梯度监控 | raw=2.0466 | per_param=0.0740 |  natural=0.3166 | clipped=0.3166(上限20.0)
26-28-11-31 原始规范坐标 G(Re Σrow_mean) = +8.3238 | 累计|g| = 3.8854
26-28-11-31 Ψ矩阵条件数 cond(Ψ) = 1.18e+01
26-28-11-31 Loss=-2.829747 | E0=-1.03815603+0.00117375j | E1=-0.92752267+0.00298729j|E2=-0.60761154-0.00249910j|E3=-0.25645682+0.00034706j
26-28-11-31 #-----------------------------------------#
26-28-11-31 [Step  24] logΨ: mean=4.948+1.134j | min=1.083-0.332j | max=5.594+2.916j
26-28-11-31 梯度监控 | raw=1.8979 | per_param=0.0687 |  natural=0.2836 | clipped=0.2836(上限20.0)
26-28-11-31 原始规范坐标 G(Re Σrow_mean) = +8.6623 | 累计|g| = 3.8854
26-28-11-31 Ψ矩阵条件数 cond(Ψ) = 1.57e+01
26-28-11-31 Loss=-2.895445 | E0=-1.04473998-0.00090957j | E1=-0.93403840+0.00032829j|E2=-0.61588137-0.00163332j|E3=-0.30078528+0.00142454j
26-28-11-31 #-----------------------------------------#
26-28-11-31 [Step  25] logΨ: mean=5.270+1.048j | min=0.296-1.728j | max=5.987+2.962j
26-28-11-31 梯度监控 | raw=2.2625 | per_param=0.0819 |  natural=0.2674 | clipped=0.2674(上限20.0)
26-28-11-31 原始规范坐标 G(Re Σrow_mean) = +8.9038 | 累计|g| = 3.8854
26-28-11-31 Ψ矩阵条件数 cond(Ψ) = 1.25e+01
26-28-11-31 Loss=-2.877405 | E0=-1.04349725+0.00069303j | E1=-0.93171318-0.00279797j|E2=-0.61254781+0.00212407j|E3=-0.28964718-0.00239126j
26-28-11-31 #-----------------------------------------#
26-28-11-31 [Step  26] logΨ: mean=5.841+1.123j | min=1.009+0.875j | max=6.420+3.011j
26-28-11-31 梯度监控 | raw=1.9933 | per_param=0.0721 |  natural=0.2611 | clipped=0.2611(上限20.0)
26-28-11-31 原始规范坐标 G(Re Σrow_mean) = +9.2843 | 累计|g| = 3.8854
26-28-11-31 Ψ矩阵条件数 cond(Ψ) = 1.27e+01
26-28-11-31 Loss=-2.956576 | E0=-1.04324258-0.00140621j | E1=-0.93519253-0.00187071j|E2=-0.61609714-0.00172027j|E3=-0.36204374+0.00273034j
26-28-11-31 #-----------------------------------------#
26-28-11-31 [Step  27] logΨ: mean=6.468-1.013j | min=1.288-0.879j | max=7.058+0.030j
26-28-11-31 梯度监控 | raw=2.0780 | per_param=0.0752 |  natural=0.3350 | clipped=0.3350(上限20.0)
26-28-11-31 原始规范坐标 G(Re Σrow_mean) = +9.7715 | 累计|g| = 3.8854
26-28-11-31 Ψ矩阵条件数 cond(Ψ) = 1.31e+01
26-28-11-31 Loss=-2.962287 | E0=-1.04360151+0.00053375j | E1=-0.93818432-0.00098588j|E2=-0.62051238-0.00106214j|E3=-0.35998902+0.00225474j
26-28-11-31 #-----------------------------------------#
26-28-11-31 [Step  28] logΨ: mean=7.084-1.210j | min=2.690-1.884j | max=7.581+0.215j
26-28-11-31 梯度监控 | raw=1.8271 | per_param=0.0661 |  natural=0.2725 | clipped=0.2725(上限20.0)
26-28-11-31 原始规范坐标 G(Re Σrow_mean) = +10.1939 | 累计|g| = 3.8854
26-28-11-31 Ψ矩阵条件数 cond(Ψ) = 1.60e+01
26-28-11-31 Loss=-3.005459 | E0=-1.04318196+0.00033024j | E1=-0.94181886-0.00348552j|E2=-0.62865286-0.00001788j|E3=-0.39180512+0.00466323j
26-28-11-31 #-----------------------------------------#
26-28-11-31 [Step  29] logΨ: mean=7.237-1.016j | min=2.903+2.940j | max=7.705+0.218j
26-28-11-31 梯度监控 | raw=1.7178 | per_param=0.0621 |  natural=0.2307 | clipped=0.2307(上限20.0)
26-28-11-31 原始规范坐标 G(Re Σrow_mean) = +10.2231 | 累计|g| = 3.8854
26-28-11-31 Ψ矩阵条件数 cond(Ψ) = 1.45e+01
26-28-11-31 Loss=-3.027924 | E0=-1.04796236+0.00001946j | E1=-0.94515832+0.00022809j|E2=-0.63440603-0.00014263j|E3=-0.40039688+0.00036814j
26-28-11-31 #-----------------------------------------#
26-28-11-31 [GaugeReset@30] 吸收 Δg = Σ Re(col_mean) = +10.2231 | 新|g| = 5.6108
26-28-11-31 [Step  30] logΨ: mean=4.477+0.847j | min=-0.846+0.636j | max=4.940+2.422j
26-28-11-31 梯度监控 | raw=1.6939 | per_param=0.0613 |  natural=0.2375 | clipped=0.2375(上限20.0)
26-28-11-31 原始规范坐标 G(Re Σrow_mean) = +10.6022 | 累计|g| = 5.6108
26-28-11-31 Ψ矩阵条件数 cond(Ψ) = 1.49e+01
26-28-11-31 Loss=-3.041953 | E0=-1.04784395-0.00103864j | E1=-0.94285786+0.00144310j|E2=-0.63224748-0.00068297j|E3=-0.41900348-0.00228547j
26-28-11-31 #-----------------------------------------#
26-28-11-31 [Step  31] logΨ: mean=5.003+1.164j | min=0.533-0.665j | max=5.340+2.625j
26-28-11-31 梯度监控 | raw=1.4157 | per_param=0.0512 |  natural=0.2185 | clipped=0.2185(上限20.0)
26-28-11-31 原始规范坐标 G(Re Σrow_mean) = +10.9332 | 累计|g| = 5.6108
26-28-11-31 Ψ矩阵条件数 cond(Ψ) = 4.02e+01
26-28-11-31 Loss=-3.088798 | E0=-1.04519124-0.00149943j | E1=-0.94637438-0.00077812j|E2=-0.63916224+0.00154864j|E3=-0.45807004+0.00394542j
26-28-11-31 #-----------------------------------------#
26-28-11-31 [Step  32] logΨ: mean=5.645+1.583j | min=-0.204+0.329j | max=6.081+3.105j
26-28-11-31 梯度监控 | raw=1.5721 | per_param=0.0569 |  natural=0.2694 | clipped=0.2694(上限20.0)
26-28-11-31 原始规范坐标 G(Re Σrow_mean) = +11.4976 | 累计|g| = 5.6108
26-28-11-31 Ψ矩阵条件数 cond(Ψ) = 1.27e+01
26-28-11-31 Loss=-3.067239 | E0=-1.04548116-0.00117826j | E1=-0.94606716+0.00191479j|E2=-0.63419112-0.00127818j|E3=-0.44149972+0.00241093j
26-28-11-31 #-----------------------------------------#
26-28-11-31 [Step  33] logΨ: mean=6.618-1.005j | min=-0.036+0.661j | max=6.954+0.557j
26-28-11-31 梯度监控 | raw=1.3537 | per_param=0.0490 |  natural=0.2363 | clipped=0.2363(上限20.0)
26-28-11-31 原始规范坐标 G(Re Σrow_mean) = +12.3006 | 累计|g| = 5.6108
26-28-11-31 Ψ矩阵条件数 cond(Ψ) = 1.53e+01
26-28-11-31 Loss=-3.100406 | E0=-1.04573713-0.00057721j | E1=-0.94685882+0.00001662j|E2=-0.63805850-0.00035191j|E3=-0.46975173+0.00277312j
26-28-11-31 #-----------------------------------------#
26-28-11-31 [Step  34] logΨ: mean=7.493+0.385j | min=3.177-2.081j | max=7.795+1.665j
26-28-11-31 梯度监控 | raw=1.0896 | per_param=0.0394 |  natural=0.1865 | clipped=0.1865(上限20.0)
26-28-11-31 原始规范坐标 G(Re Σrow_mean) = +13.0537 | 累计|g| = 5.6108
26-28-11-31 Ψ矩阵条件数 cond(Ψ) = 1.96e+01
26-28-11-31 Loss=-3.115104 | E0=-1.04807730-0.00173135j | E1=-0.94989046-0.00036377j|E2=-0.64387630-0.00105478j|E3=-0.47325978-0.00101314j
26-28-11-31 #-----------------------------------------#
26-28-11-31 [Step  35] logΨ: mean=7.871-0.253j | min=3.710-1.676j | max=8.145+1.446j
26-28-11-31 梯度监控 | raw=1.1683 | per_param=0.0423 |  natural=0.1543 | clipped=0.1543(上限20.0)
26-28-11-31 原始规范坐标 G(Re Σrow_mean) = +13.3597 | 累计|g| = 5.6108
26-28-11-31 Ψ矩阵条件数 cond(Ψ) = 1.95e+01
26-28-11-31 Loss=-3.120940 | E0=-1.04757074-0.00085737j | E1=-0.95015567-0.00138553j|E2=-0.64485293+0.00010489j|E3=-0.47836092-0.00033418j
26-28-11-31 #-----------------------------------------#
26-28-11-31 [Step  36] logΨ: mean=8.079-0.434j | min=2.340+0.315j | max=8.353+1.167j
26-28-11-31 梯度监控 | raw=0.9032 | per_param=0.0327 |  natural=0.1674 | clipped=0.1674(上限20.0)
26-28-11-31 原始规范坐标 G(Re Σrow_mean) = +13.4896 | 累计|g| = 5.6108
26-28-11-31 Ψ矩阵条件数 cond(Ψ) = 4.49e+01
26-28-11-31 Loss=-3.130024 | E0=-1.04845659-0.00089043j | E1=-0.95047438+0.00154939j|E2=-0.64495954-0.00119874j|E3=-0.48613365-0.00069655j
26-28-11-31 #-----------------------------------------#
26-28-11-31 [Step  37] logΨ: mean=7.834-0.680j | min=2.447-1.934j | max=8.131+0.337j
26-28-11-31 梯度监控 | raw=1.1122 | per_param=0.0402 |  natural=0.2040 | clipped=0.2040(上限20.0)
26-28-11-31 原始规范坐标 G(Re Σrow_mean) = +13.1398 | 累计|g| = 5.6108
26-28-11-31 Ψ矩阵条件数 cond(Ψ) = 2.38e+01
26-28-11-31 Loss=-3.124222 | E0=-1.04865911-0.00154638j | E1=-0.94792297-0.00076197j|E2=-0.64274530-0.00058564j|E3=-0.48489471-0.00101522j
26-28-11-31 #-----------------------------------------#
26-28-11-31 [Step  38] logΨ: mean=7.027+0.679j | min=2.522+2.921j | max=7.229+3.019j
26-28-11-31 梯度监控 | raw=0.7486 | per_param=0.0271 |  natural=0.2041 | clipped=0.2041(上限20.0)
26-28-11-31 原始规范坐标 G(Re Σrow_mean) = +12.2179 | 累计|g| = 5.6108
26-28-11-31 Ψ矩阵条件数 cond(Ψ) = 2.01e+01
26-28-11-31 Loss=-3.148478 | E0=-1.04564695+0.00048352j | E1=-0.95117240+0.00033158j|E2=-0.64900627-0.00071972j|E3=-0.50265285+0.00104285j
26-28-11-31 #-----------------------------------------#
26-28-11-31 [Step  39] logΨ: mean=6.264-1.286j | min=-0.138+1.185j | max=6.477+0.321j
26-28-11-31 梯度监控 | raw=0.8295 | per_param=0.0300 |  natural=0.2181 | clipped=0.2181(上限20.0)
26-28-11-31 原始规范坐标 G(Re Σrow_mean) = +11.3660 | 累计|g| = 5.6108
26-28-11-31 Ψ矩阵条件数 cond(Ψ) = 2.55e+01
26-28-11-31 Loss=-3.150238 | E0=-1.04566543+0.00076251j | E1=-0.95024490+0.00070754j|E2=-0.64918738+0.00149325j|E3=-0.50514026+0.00159603j
26-28-11-31 #-----------------------------------------#
26-28-11-31 [保存] Step 39 → pickle 文件已更新 (40 条记录)
26-28-11-31 [GaugeReset@40] 吸收 Δg = Σ Re(col_mean) = +11.3660 | 新|g| = 7.2337
26-28-11-31 [Step  40] logΨ: mean=4.660+0.258j | min=-0.082-1.541j | max=4.835+1.877j
26-28-11-31 梯度监控 | raw=0.7087 | per_param=0.0256 |  natural=0.1555 | clipped=0.1555(上限20.0)
26-28-11-31 原始规范坐标 G(Re Σrow_mean) = +10.8078 | 累计|g| = 7.2337
26-28-11-31 Ψ矩阵条件数 cond(Ψ) = 2.87e+01
26-28-11-31 Loss=-3.161470 | E0=-1.04781261-0.00108966j | E1=-0.95020584-0.00047072j|E2=-0.64984449-0.00020304j|E3=-0.51360693-0.00057909j
26-28-11-31 #-----------------------------------------#
26-28-11-31 [Step  41] logΨ: mean=4.835+0.194j | min=0.471+0.600j | max=5.049+1.923j
26-28-11-31 梯度监控 | raw=0.7408 | per_param=0.0268 |  natural=0.1860 | clipped=0.1860(上限20.0)
26-28-11-31 原始规范坐标 G(Re Σrow_mean) = +10.9704 | 累计|g| = 7.2337
26-28-11-31 Ψ矩阵条件数 cond(Ψ) = 2.63e+01
26-28-11-31 Loss=-3.153813 | E0=-1.04577114+0.00033315j | E1=-0.95196228+0.00054368j|E2=-0.65022886-0.00075080j|E3=-0.50585120+0.00104877j
26-28-11-31 #-----------------------------------------#
26-28-11-31 [Step  42] logΨ: mean=4.392+0.864j | min=-1.531+2.328j | max=4.641+2.061j
26-28-11-31 梯度监控 | raw=0.9695 | per_param=0.0351 |  natural=0.1983 | clipped=0.1983(上限20.0)
26-28-11-31 原始规范坐标 G(Re Σrow_mean) = +10.4550 | 累计|g| = 7.2337
26-28-11-31 Ψ矩阵条件数 cond(Ψ) = 3.15e+01
26-28-11-31 Loss=-3.152349 | E0=-1.04647124+0.00093315j | E1=-0.94761313+0.00217474j|E2=-0.65148596+0.00054220j|E3=-0.50677821+0.00064917j
26-28-11-31 #-----------------------------------------#
26-28-11-31 [Step  43] logΨ: mean=4.722+0.243j | min=0.124-1.455j | max=4.834+2.156j
26-28-11-31 梯度监控 | raw=0.3406 | per_param=0.0123 |  natural=0.1210 | clipped=0.1210(上限20.0)
26-28-11-31 原始规范坐标 G(Re Σrow_mean) = +10.7260 | 累计|g| = 7.2337
26-28-11-31 Ψ矩阵条件数 cond(Ψ) = 3.14e+01
26-28-11-31 Loss=-3.176150 | E0=-1.04768026-0.00094755j | E1=-0.95203085+0.00003555j|E2=-0.65433589+0.00059460j|E3=-0.52210336+0.00001395j
26-28-11-31 #-----------------------------------------#
26-28-11-31 [Step  44] logΨ: mean=4.808+0.350j | min=-0.141+1.980j | max=4.923+2.255j
26-28-11-31 梯度监控 | raw=0.3850 | per_param=0.0139 |  natural=0.0933 | clipped=0.0933(上限20.0)
26-28-11-31 原始规范坐标 G(Re Σrow_mean) = +10.8054 | 累计|g| = 7.2337
26-28-11-31 Ψ矩阵条件数 cond(Ψ) = 3.14e+01
26-28-11-31 Loss=-3.174406 | E0=-1.04783704-0.00038164j | E1=-0.95203834-0.00020977j|E2=-0.65476898+0.00010012j|E3=-0.51976150-0.00032771j
26-28-11-31 #-----------------------------------------#
26-28-11-31 [Step  45] logΨ: mean=4.331+0.374j | min=-1.256-1.423j | max=4.491+2.252j
26-28-11-31 梯度监控 | raw=0.5271 | per_param=0.0191 |  natural=0.1161 | clipped=0.1161(上限20.0)
26-28-11-31 原始规范坐标 G(Re Σrow_mean) = +10.3192 | 累计|g| = 7.2337
26-28-11-31 Ψ矩阵条件数 cond(Ψ) = 3.44e+01
26-28-11-31 Loss=-3.169520 | E0=-1.04641908-0.00139282j | E1=-0.95181972+0.00017050j|E2=-0.65286146-0.00093652j|E3=-0.51841996-0.00087396j
26-28-11-31 #-----------------------------------------#
26-28-11-31 [Step  46] logΨ: mean=4.564+0.810j | min=-0.461+2.583j | max=4.746+2.206j
26-28-11-31 梯度监控 | raw=0.4619 | per_param=0.0167 |  natural=0.1499 | clipped=0.1499(上限20.0)
26-28-11-31 原始规范坐标 G(Re Σrow_mean) = +10.6069 | 累计|g| = 7.2337
26-28-11-31 Ψ矩阵条件数 cond(Ψ) = 3.49e+01
26-28-11-31 Loss=-3.168672 | E0=-1.04942240+0.00006611j | E1=-0.95199151-0.00002467j|E2=-0.65128948-0.00186594j|E3=-0.51596879-0.00017965j
26-28-11-31 #-----------------------------------------#
26-28-11-31 [Step  47] logΨ: mean=4.715+0.210j | min=-0.904+2.172j | max=4.816+2.260j
26-28-11-31 梯度监控 | raw=0.2702 | per_param=0.0098 |  natural=0.1232 | clipped=0.1232(上限20.0)
26-28-11-31 原始规范坐标 G(Re Σrow_mean) = +10.7460 | 累计|g| = 7.2337
26-28-11-31 Ψ矩阵条件数 cond(Ψ) = 3.20e+01
26-28-11-31 Loss=-3.179721 | E0=-1.04811888-0.00043772j | E1=-0.95201807-0.00029460j|E2=-0.65436685+0.00033498j|E3=-0.52521687+0.00023454j
26-28-11-31 #-----------------------------------------#
26-28-11-31 [Step  48] logΨ: mean=5.115+0.941j | min=-1.392-0.453j | max=5.254+2.302j
26-28-11-31 梯度监控 | raw=0.6190 | per_param=0.0224 |  natural=0.2063 | clipped=0.2063(上限20.0)
26-28-11-31 原始规范坐标 G(Re Σrow_mean) = +11.1770 | 累计|g| = 7.2337
26-28-11-31 Ψ矩阵条件数 cond(Ψ) = 2.50e+01
26-28-11-31 Loss=-3.176711 | E0=-1.04614651+0.00345748j | E1=-0.95261618+0.00007265j|E2=-0.65449487+0.00026821j|E3=-0.52345329+0.00122838j
26-28-11-31 #-----------------------------------------#
26-28-11-31 [Step  49] logΨ: mean=4.755+0.195j | min=-0.863-0.719j | max=4.911+2.143j
26-28-11-31 梯度监控 | raw=0.9141 | per_param=0.0331 |  natural=0.1382 | clipped=0.1382(上限20.0)
26-28-11-31 原始规范坐标 G(Re Σrow_mean) = +10.7565 | 累计|g| = 7.2337
26-28-11-31 Ψ矩阵条件数 cond(Ψ) = 2.84e+01
26-28-11-31 Loss=-3.169244 | E0=-1.04842808-0.00080170j | E1=-0.94646140-0.00013260j|E2=-0.65293749+0.00028023j|E3=-0.52141701-0.00037039j
26-28-11-31 #-----------------------------------------#
26-28-11-31 [GaugeReset@50] 吸收 Δg = Σ Re(col_mean) = +10.7565 | 新|g| = 7.0435
26-28-11-31 [Step  50] logΨ: mean=5.052-0.153j | min=0.203-1.750j | max=5.160+1.866j
26-28-11-31 梯度监控 | raw=0.4374 | per_param=0.0158 |  natural=0.1113 | clipped=0.1113(上限20.0)
26-28-11-31 原始规范坐标 G(Re Σrow_mean) = +10.4192 | 累计|g| = 7.0435
26-28-11-31 Ψ矩阵条件数 cond(Ψ) = 2.96e+01
26-28-11-31 Loss=-3.179529 | E0=-1.04700015-0.00043065j | E1=-0.95003909-0.00016084j|E2=-0.65519306+0.00097478j|E3=-0.52729647-0.00027584j
26-28-11-31 #-----------------------------------------#
26-28-11-31 [Step  51] logΨ: mean=4.898-0.271j | min=0.569-0.164j | max=4.988+1.872j
26-28-11-31 梯度监控 | raw=0.8798 | per_param=0.0318 |  natural=0.1101 | clipped=0.1101(上限20.0)
26-28-11-31 原始规范坐标 G(Re Σrow_mean) = +10.1805 | 累计|g| = 7.0435
26-28-11-31 Ψ矩阵条件数 cond(Ψ) = 3.27e+01
26-28-11-31 Loss=-3.178342 | E0=-1.04606990-0.00092944j | E1=-0.94756546-0.00073803j|E2=-0.65571010+0.00148202j|E3=-0.52899634-0.00023016j
26-28-11-31 #-----------------------------------------#
26-28-11-31 [Step  52] logΨ: mean=4.618+0.119j | min=0.503+2.276j | max=4.770+1.912j
26-28-11-31 梯度监控 | raw=0.5898 | per_param=0.0213 |  natural=0.1075 | clipped=0.1075(上限20.0)
26-28-11-31 原始规范坐标 G(Re Σrow_mean) = +9.9311 | 累计|g| = 7.0435
26-28-11-31 Ψ矩阵条件数 cond(Ψ) = 3.37e+01
26-28-11-31 Loss=-3.176249 | E0=-1.04684994-0.00071207j | E1=-0.95199288+0.00015333j|E2=-0.65352467-0.00145413j|E3=-0.52388104-0.00041573j
26-28-11-31 #-----------------------------------------#
26-28-11-31 [Step  53] logΨ: mean=4.605+0.697j | min=-0.432-2.910j | max=4.682+2.072j
26-28-11-31 梯度监控 | raw=0.4749 | per_param=0.0172 |  natural=0.1569 | clipped=0.1569(上限20.0)
26-28-11-31 原始规范坐标 G(Re Σrow_mean) = +9.8534 | 累计|g| = 7.0435
26-28-11-31 Ψ矩阵条件数 cond(Ψ) = 3.30e+01
26-28-11-31 Loss=-3.183973 | E0=-1.04524591+0.00129355j | E1=-0.95174424+0.00035676j|E2=-0.65681543+0.00019967j|E3=-0.53016699+0.00022082j
26-28-11-31 #-----------------------------------------#
26-28-11-31 [Step  54] logΨ: mean=4.568+0.207j | min=-0.639-1.332j | max=4.666+2.050j
26-28-11-31 梯度监控 | raw=0.6444 | per_param=0.0233 |  natural=0.1047 | clipped=0.1047(上限20.0)
26-28-11-31 原始规范坐标 G(Re Σrow_mean) = +9.8097 | 累计|g| = 7.0435
26-28-11-31 Ψ矩阵条件数 cond(Ψ) = 3.41e+01
26-28-11-31 Loss=-3.181296 | E0=-1.04582985-0.00137613j | E1=-0.95049211-0.00012960j|E2=-0.65487081-0.00028527j|E3=-0.53010318-0.00002086j
26-28-11-31 #-----------------------------------------#
26-28-11-31 [Step  55] logΨ: mean=4.477+0.701j | min=0.275+0.221j | max=4.522+2.220j
26-28-11-31 梯度监控 | raw=0.1371 | per_param=0.0050 |  natural=0.0631 | clipped=0.0631(上限20.0)
26-28-11-31 原始规范坐标 G(Re Σrow_mean) = +9.6962 | 累计|g| = 7.0435
26-28-11-31 Ψ矩阵条件数 cond(Ψ) = 3.59e+01
26-28-11-31 Loss=-3.186954 | E0=-1.04563801-0.00026000j | E1=-0.95139977-0.00027396j|E2=-0.65680555+0.00100721j|E3=-0.53311046+0.00012664j
26-28-11-31 #-----------------------------------------#
26-28-11-31 [Step  56] logΨ: mean=3.894+1.772j | min=-2.099+1.957j | max=3.996+2.634j
26-28-11-31 梯度监控 | raw=0.3839 | per_param=0.0139 |  natural=0.1555 | clipped=0.1555(上限20.0)
26-28-11-31 原始规范坐标 G(Re Σrow_mean) = +9.1531 | 累计|g| = 7.0435
26-28-11-31 Ψ矩阵条件数 cond(Ψ) = 4.03e+01
26-28-11-31 Loss=-3.182721 | E0=-1.04661599+0.00186389j | E1=-0.95163857+0.00002722j|E2=-0.65563810-0.00003903j|E3=-0.52882837+0.00033749j
26-28-11-31 #-----------------------------------------#
26-28-11-31 [Step  57] logΨ: mean=3.900+1.065j | min=-1.846-1.680j | max=4.005+2.531j
26-28-11-31 梯度监控 | raw=1.2942 | per_param=0.0468 |  natural=0.0941 | clipped=0.0941(上限20.0)
26-28-11-31 原始规范坐标 G(Re Σrow_mean) = +9.1839 | 累计|g| = 7.0435
26-28-11-31 Ψ矩阵条件数 cond(Ψ) = 3.87e+01
26-28-11-31 Loss=-3.182775 | E0=-1.04856802-0.00109567j | E1=-0.95041172-0.00010614j|E2=-0.65342562+0.00036735j|E3=-0.53036938+0.00016220j
26-28-11-31 #-----------------------------------------#
26-28-11-31 [Step  58] logΨ: mean=3.950+0.945j | min=-0.220+0.370j | max=4.059+2.456j
26-28-11-31 梯度监控 | raw=3.4900 | per_param=0.1263 |  natural=0.0579 | clipped=0.0579(上限20.0)
26-28-11-31 原始规范坐标 G(Re Σrow_mean) = +9.2013 | 累计|g| = 7.0435
26-28-11-31 Ψ矩阵条件数 cond(Ψ) = 3.65e+01
26-28-11-31 Loss=-3.177339 | E0=-1.04553102-0.00062410j | E1=-0.94796192-0.00124019j|E2=-0.65120531+0.00143643j|E3=-0.53264027+0.00028774j
26-28-11-31 #-----------------------------------------#
26-28-11-31 [Step  59] logΨ: mean=4.143+1.225j | min=-1.958-2.714j | max=4.262+2.856j
26-28-11-31 梯度监控 | raw=1.5597 | per_param=0.0564 |  natural=0.2643 | clipped=0.2643(上限20.0)
26-28-11-31 原始规范坐标 G(Re Σrow_mean) = +9.3828 | 累计|g| = 7.0435
26-28-11-31 Ψ矩阵条件数 cond(Ψ) = 3.26e+01
26-28-11-31 Loss=-3.179292 | E0=-1.04545489+0.00412280j | E1=-0.95131614+0.00000256j|E2=-0.65376006-0.00002756j|E3=-0.52876058+0.00066700j
26-28-11-31 #-----------------------------------------#
26-28-11-31 [保存] Step 59 → pickle 文件已更新 (60 条记录)
26-28-11-31 [GaugeReset@60] 吸收 Δg = Σ Re(col_mean) = +9.3828 | 新|g| = 6.9761
26-28-11-31 [Step  60] logΨ: mean=5.066+0.499j | min=0.643+3.056j | max=5.132+2.083j
26-28-11-31 梯度监控 | raw=0.6445 | per_param=0.0233 |  natural=0.0878 | clipped=0.0878(上限20.0)
26-28-11-31 原始规范坐标 G(Re Σrow_mean) = +8.8953 | 累计|g| = 6.9761
26-28-11-31 Ψ矩阵条件数 cond(Ψ) = 2.85e+01
26-28-11-31 Loss=-3.184668 | E0=-1.04627908-0.00059035j | E1=-0.95161450+0.00057376j|E2=-0.65477951+0.00039010j|E3=-0.53199503-0.00006845j
26-28-11-31 #-----------------------------------------#
26-28-11-31 [Step  61] logΨ: mean=4.986+0.019j | min=-1.621-1.813j | max=5.085+1.954j
26-28-11-31 梯度监控 | raw=3.3476 | per_param=0.1211 |  natural=0.0801 | clipped=0.0801(上限20.0)
26-28-11-31 原始规范坐标 G(Re Σrow_mean) = +8.8879 | 累计|g| = 6.9761
26-28-11-31 Ψ矩阵条件数 cond(Ψ) = 2.64e+01
26-28-11-31 Loss=-3.174682 | E0=-1.04693213-0.00110035j | E1=-0.94737756-0.00070019j|E2=-0.65006395+0.00037370j|E3=-0.53030877-0.00004894j
26-28-11-31 #-----------------------------------------#
26-28-11-31 [Step  62] logΨ: mean=5.053+0.099j | min=0.798+2.904j | max=5.122+1.923j
26-28-11-31 梯度监控 | raw=0.2817 | per_param=0.0102 |  natural=0.0553 | clipped=0.0553(上限20.0)
26-28-11-31 原始规范坐标 G(Re Σrow_mean) = +8.9594 | 累计|g| = 6.9761
26-28-11-31 Ψ矩阵条件数 cond(Ψ) = 2.54e+01
26-28-11-31 Loss=-3.186476 | E0=-1.04678106-0.00016566j | E1=-0.95288746+0.00079012j|E2=-0.65485815-0.00032770j|E3=-0.53194889-0.00025010j
26-28-11-31 #-----------------------------------------#
26-28-11-31 [Step  63] logΨ: mean=5.044+0.217j | min=1.069-2.588j | max=5.128+1.832j
26-28-11-31 梯度监控 | raw=1.3962 | per_param=0.0505 |  natural=0.0559 | clipped=0.0559(上限20.0)
26-28-11-31 原始规范坐标 G(Re Σrow_mean) = +8.9632 | 累计|g| = 6.9761
26-28-11-31 Ψ矩阵条件数 cond(Ψ) = 2.46e+01
26-28-11-31 Loss=-3.183956 | E0=-1.04538992-0.00012170j | E1=-0.95109367-0.00017365j|E2=-0.65500005+0.00028875j|E3=-0.53247215-0.00026729j
26-28-11-31 #-----------------------------------------#
26-28-11-31 [Step  64] logΨ: mean=5.096-0.235j | min=-0.787+1.923j | max=5.260+1.799j
26-28-11-31 梯度监控 | raw=4.6729 | per_param=0.1691 |  natural=0.1429 | clipped=0.1429(上限20.0)
26-28-11-31 原始规范坐标 G(Re Σrow_mean) = +9.0593 | 累计|g| = 6.9761
26-28-11-31 Ψ矩阵条件数 cond(Ψ) = 2.32e+01
26-28-11-31 Loss=-3.171778 | E0=-1.04730615-0.00083894j | E1=-0.95127221+0.00068632j|E2=-0.64263555-0.00159277j|E3=-0.53056394-0.00019977j
26-28-11-31 #-----------------------------------------#
26-28-11-31 [Step  65] logΨ: mean=5.310-0.110j | min=0.024-1.918j | max=5.383+1.777j
26-28-11-31 梯度监控 | raw=0.4399 | per_param=0.0159 |  natural=0.0911 | clipped=0.0911(上限20.0)
26-28-11-31 原始规范坐标 G(Re Σrow_mean) = +9.2079 | 累计|g| = 6.9761
26-28-11-31 Ψ矩阵条件数 cond(Ψ) = 2.23e+01
26-28-11-31 Loss=-3.184198 | E0=-1.04564718-0.00065554j | E1=-0.95267501+0.00037785j|E2=-0.65314490+0.00007614j|E3=-0.53273059-0.00032998j
26-28-11-31 #-----------------------------------------#
26-28-11-31 [Step  66] logΨ: mean=5.227+0.011j | min=0.319+2.963j | max=5.363+1.995j
26-28-11-31 梯度监控 | raw=0.6238 | per_param=0.0226 |  natural=0.1733 | clipped=0.1733(上限20.0)
26-28-11-31 原始规范坐标 G(Re Σrow_mean) = +9.2200 | 累计|g| = 6.9761
26-28-11-31 Ψ矩阵条件数 cond(Ψ) = 1.96e+01
26-28-11-31 Loss=-3.184834 | E0=-1.04740568+0.00238610j | E1=-0.95308857+0.00059616j|E2=-0.65393537-0.00053979j|E3=-0.53040389-0.00013365j
26-28-11-31 #-----------------------------------------#
26-28-11-31 [Step  67] logΨ: mean=5.244+0.598j | min=-0.187+1.819j | max=5.338+1.942j
26-28-11-31 梯度监控 | raw=2.7612 | per_param=0.0999 |  natural=0.0635 | clipped=0.0635(上限20.0)
26-28-11-31 原始规范坐标 G(Re Σrow_mean) = +9.2315 | 累计|g| = 6.9761
26-28-11-31 Ψ矩阵条件数 cond(Ψ) = 1.92e+01
26-28-11-31 Loss=-3.184354 | E0=-1.04579111-0.00030057j | E1=-0.95142303-0.00011655j|E2=-0.65407622+0.00009783j|E3=-0.53306316-0.00008159j
26-28-11-31 #-----------------------------------------#
26-28-11-31 [Step  68] logΨ: mean=5.176+0.043j | min=-1.975-0.808j | max=5.249+2.061j
26-28-11-31 梯度监控 | raw=1.3984 | per_param=0.0506 |  natural=0.0947 | clipped=0.0947(上限20.0)
26-28-11-31 原始规范坐标 G(Re Σrow_mean) = +9.2143 | 累计|g| = 6.9761
26-28-11-31 Ψ矩阵条件数 cond(Ψ) = 1.75e+01
26-28-11-31 Loss=-3.188030 | E0=-1.04825697+0.00040154j | E1=-0.95212847+0.00011809j|E2=-0.65437896-0.00024319j|E3=-0.53326592-0.00012899j
26-28-11-31 #-----------------------------------------#
26-28-11-31 [Step  69] logΨ: mean=5.208+0.433j | min=1.120-0.452j | max=5.316+2.077j
26-28-11-31 梯度监控 | raw=0.2284 | per_param=0.0083 |  natural=0.0747 | clipped=0.0747(上限20.0)
26-28-11-31 原始规范坐标 G(Re Σrow_mean) = +9.2257 | 累计|g| = 6.9761
26-28-11-31 Ψ矩阵条件数 cond(Ψ) = 1.78e+01
26-28-11-31 Loss=-3.185251 | E0=-1.04448372-0.00067880j | E1=-0.95238694-0.00033220j|E2=-0.65621799+0.00018984j|E3=-0.53216190+0.00012212j
26-28-11-31 #-----------------------------------------#
26-28-11-31 [GaugeReset@70] 吸收 Δg = Σ Re(col_mean) = +9.2257 | 新|g| = 6.9996
26-28-11-31 [Step  70] logΨ: mean=5.362+0.093j | min=-1.212-1.308j | max=5.509+2.097j
26-28-11-31 梯度监控 | raw=1.2869 | per_param=0.0466 |  natural=0.0775 | clipped=0.0775(上限20.0)
26-28-11-31 原始规范坐标 G(Re Σrow_mean) = +9.2206 | 累计|g| = 6.9996
26-28-11-31 Ψ矩阵条件数 cond(Ψ) = 1.80e+01
26-28-11-31 Loss=-3.184608 | E0=-1.04531736-0.00071834j | E1=-0.95245895-0.00067565j|E2=-0.65456042-0.00030611j|E3=-0.53227142+0.00000691j
26-28-11-31 #-----------------------------------------#
26-28-11-31 [Step  71] logΨ: mean=5.149-0.071j | min=0.850-3.107j | max=5.299+2.051j
26-28-11-31 梯度监控 | raw=0.9901 | per_param=0.0358 |  natural=0.0799 | clipped=0.0799(上限20.0)
26-28-11-31 原始规范坐标 G(Re Σrow_mean) = +9.0120 | 累计|g| = 6.9996
26-28-11-31 Ψ矩阵条件数 cond(Ψ) = 1.80e+01
26-28-11-31 Loss=-3.186660 | E0=-1.04603365-0.00072353j | E1=-0.95148752+0.00061581j|E2=-0.65492118-0.00099436j|E3=-0.53421765-0.00028541j
26-28-11-31 #-----------------------------------------#
26-28-11-31 [Step  72] logΨ: mean=5.305+0.666j | min=1.125+0.858j | max=5.356+2.035j
26-28-11-31 梯度监控 | raw=0.5881 | per_param=0.0213 |  natural=0.0500 | clipped=0.0500(上限20.0)
26-28-11-31 原始规范坐标 G(Re Σrow_mean) = +9.1181 | 累计|g| = 6.9996
26-28-11-31 Ψ矩阵条件数 cond(Ψ) = 1.84e+01
26-28-11-31 Loss=-3.187605 | E0=-1.04566930-0.00045568j | E1=-0.95198535-0.00001360j|E2=-0.65615259+0.00033724j|E3=-0.53379788-0.00004417j
26-28-11-31 #-----------------------------------------#
26-28-11-31 [Step  73] logΨ: mean=5.362+0.565j | min=1.134-3.024j | max=5.496+2.049j
26-28-11-31 梯度监控 | raw=0.7136 | per_param=0.0258 |  natural=0.1021 | clipped=0.1021(上限20.0)
26-28-11-31 原始规范坐标 G(Re Σrow_mean) = +9.1702 | 累计|g| = 6.9996
26-28-11-31 Ψ矩阵条件数 cond(Ψ) = 1.68e+01
26-28-11-31 Loss=-3.185180 | E0=-1.04669143-0.00047880j | E1=-0.95251804+0.00015451j|E2=-0.65432044-0.00063871j|E3=-0.53164996-0.00029580j
26-28-11-31 #-----------------------------------------#
26-28-11-31 [Step  74] logΨ: mean=5.273+0.605j | min=0.788-3.106j | max=5.370+1.982j
26-28-11-31 梯度监控 | raw=1.2534 | per_param=0.0453 |  natural=0.0461 | clipped=0.0461(上限20.0)
26-28-11-31 原始规范坐标 G(Re Σrow_mean) = +9.0866 | 累计|g| = 6.9996
26-28-11-31 Ψ矩阵条件数 cond(Ψ) = 1.63e+01
26-28-11-31 Loss=-3.188262 | E0=-1.04652507-0.00049622j | E1=-0.95291284+0.00060405j|E2=-0.65435318-0.00029362j|E3=-0.53447117-0.00006636j
26-28-11-31 #-----------------------------------------#
26-28-11-31 [Step  75] logΨ: mean=5.344+0.349j | min=1.168+1.354j | max=5.456+1.973j
26-28-11-31 梯度监控 | raw=0.6255 | per_param=0.0226 |  natural=0.0531 | clipped=0.0531(上限20.0)
26-28-11-31 原始规范坐标 G(Re Σrow_mean) = +9.1408 | 累计|g| = 6.9996
26-28-11-31 Ψ矩阵条件数 cond(Ψ) = 1.67e+01
26-28-11-31 Loss=-3.188395 | E0=-1.04587413-0.00073776j | E1=-0.95218812+0.00017778j|E2=-0.65637073-0.00031709j|E3=-0.53396235+0.00007055j
26-28-11-31 #-----------------------------------------#
26-28-11-31 [Step  76] logΨ: mean=5.394+1.313j | min=-0.065-2.852j | max=5.487+2.695j
26-28-11-31 梯度监控 | raw=1.8672 | per_param=0.0676 |  natural=0.3030 | clipped=0.3030(上限20.0)
26-28-11-31 原始规范坐标 G(Re Σrow_mean) = +9.1635 | 累计|g| = 6.9996
26-28-11-31 Ψ矩阵条件数 cond(Ψ) = 1.42e+01
26-28-11-31 Loss=-3.187278 | E0=-1.04763654+0.00547653j | E1=-0.95216316+0.00061960j|E2=-0.65487207-0.00026432j|E3=-0.53260652+0.00104827j
26-28-11-31 #-----------------------------------------#
26-28-11-31 [Step  77] logΨ: mean=5.431+0.785j | min=0.829-2.689j | max=5.517+2.666j
26-28-11-31 梯度监控 | raw=0.7064 | per_param=0.0256 |  natural=0.0554 | clipped=0.0554(上限20.0)
26-28-11-31 原始规范坐标 G(Re Σrow_mean) = +9.1401 | 累计|g| = 6.9996
26-28-11-31 Ψ矩阵条件数 cond(Ψ) = 1.43e+01
26-28-11-31 Loss=-3.186835 | E0=-1.04511974-0.00061339j | E1=-0.95266638+0.00018397j|E2=-0.65606915+0.00003360j|E3=-0.53297980+0.00009660j
26-28-11-31 #-----------------------------------------#
26-28-11-31 [Step  78] logΨ: mean=5.486+0.966j | min=0.910-1.187j | max=5.546+2.575j
26-28-11-31 梯度监控 | raw=3.3317 | per_param=0.1205 |  natural=0.0543 | clipped=0.0543(上限20.0)
26-28-11-31 原始规范坐标 G(Re Σrow_mean) = +9.1584 | 累计|g| = 6.9996
26-28-11-31 Ψ矩阵条件数 cond(Ψ) = 1.39e+01
26-28-11-31 Loss=-3.184851 | E0=-1.04575183+0.00004971j | E1=-0.95164309+0.00037165j|E2=-0.65462616-0.00014986j|E3=-0.53282955-0.00007200j
26-28-11-31 #-----------------------------------------#
26-28-11-31 [Step  79] logΨ: mean=5.547+0.920j | min=0.070-1.055j | max=5.615+2.556j
26-28-11-31 梯度监控 | raw=1.3899 | per_param=0.0503 |  natural=0.0400 | clipped=0.0400(上限20.0)
26-28-11-31 原始规范坐标 G(Re Σrow_mean) = +9.1716 | 累计|g| = 6.9996
26-28-11-31 Ψ矩阵条件数 cond(Ψ) = 1.40e+01
26-28-11-31 Loss=-3.188478 | E0=-1.04536920-0.00037794j | E1=-0.95219208+0.00005943j|E2=-0.65664741-0.00005333j|E3=-0.53426942-0.00006345j
26-28-11-31 #-----------------------------------------#
26-28-11-31 [保存] Step 79 → pickle 文件已更新 (80 条记录)
26-28-11-31 [GaugeReset@80] 吸收 Δg = Σ Re(col_mean) = +9.1716 | 新|g| = 7.2229
26-28-11-31 [Step  80] logΨ: mean=5.649+1.003j | min=0.164+1.743j | max=5.740+2.210j
26-28-11-31 梯度监控 | raw=1.6640 | per_param=0.0602 |  natural=0.0637 | clipped=0.0637(上限20.0)
26-28-11-31 原始规范坐标 G(Re Σrow_mean) = +9.1719 | 累计|g| = 7.2229
26-28-11-31 Ψ矩阵条件数 cond(Ψ) = 1.38e+01
26-28-11-31 Loss=-3.186737 | E0=-1.04606654-0.00005561j | E1=-0.95213198+0.00087926j|E2=-0.65574327-0.00103660j|E3=-0.53279509-0.00005805j
26-28-11-31 #-----------------------------------------#
26-28-11-31 [Step  81] logΨ: mean=5.733+1.287j | min=0.976+0.074j | max=5.837+2.199j
26-28-11-31 梯度监控 | raw=1.9141 | per_param=0.0693 |  natural=0.0478 | clipped=0.0478(上限20.0)
26-28-11-31 原始规范坐标 G(Re Σrow_mean) = +9.2105 | 累计|g| = 7.2229
26-28-11-31 Ψ矩阵条件数 cond(Ψ) = 1.40e+01
26-28-11-31 Loss=-3.187452 | E0=-1.04571760-0.00054400j | E1=-0.95164093+0.00012148j|E2=-0.65591174-0.00004865j|E3=-0.53418210-0.00015557j
26-28-11-31 #-----------------------------------------#
26-28-11-31 [Step  82] logΨ: mean=5.875+1.112j | min=1.384-1.918j | max=5.933+2.182j
26-28-11-31 梯度监控 | raw=0.1709 | per_param=0.0062 |  natural=0.0414 | clipped=0.0414(上限20.0)
26-28-11-31 原始规范坐标 G(Re Σrow_mean) = +9.2768 | 累计|g| = 7.2229
26-28-11-31 Ψ矩阵条件数 cond(Ψ) = 1.40e+01
26-28-11-31 Loss=-3.189602 | E0=-1.04689083-0.00042123j | E1=-0.95221874-0.00002569j|E2=-0.65710838+0.00016706j|E3=-0.53338412+0.00014464j
26-28-11-31 #-----------------------------------------#
26-28-11-31 [Step  83] logΨ: mean=5.982+1.065j | min=1.150+2.828j | max=6.028+2.115j
26-28-11-31 梯度监控 | raw=2.0288 | per_param=0.0734 |  natural=0.0297 | clipped=0.0297(上限20.0)
26-28-11-31 原始规范坐标 G(Re Σrow_mean) = +9.3287 | 累计|g| = 7.2229
26-28-11-31 Ψ矩阵条件数 cond(Ψ) = 1.42e+01
26-28-11-31 Loss=-3.187948 | E0=-1.04596255-0.00054460j | E1=-0.95177797-0.00048228j|E2=-0.65596343+0.00041070j|E3=-0.53424374+0.00025454j
26-28-11-31 #-----------------------------------------#
26-28-11-31 [Step  84] logΨ: mean=5.857+0.506j | min=-0.415-1.152j | max=5.941+2.094j
26-28-11-31 梯度监控 | raw=0.7222 | per_param=0.0261 |  natural=0.0514 | clipped=0.0514(上限20.0)
26-28-11-31 原始规范坐标 G(Re Σrow_mean) = +9.2295 | 累计|g| = 7.2229
26-28-11-31 Ψ矩阵条件数 cond(Ψ) = 1.42e+01
26-28-11-31 Loss=-3.187423 | E0=-1.04570729-0.00003148j | E1=-0.95173891-0.00002161j|E2=-0.65667131-0.00010266j|E3=-0.53330555-0.00014791j
26-28-11-31 #-----------------------------------------#
26-28-11-31 [Step  85] logΨ: mean=5.992+0.040j | min=1.365-1.956j | max=6.040+2.070j
26-28-11-31 梯度监控 | raw=0.2776 | per_param=0.0100 |  natural=0.0299 | clipped=0.0299(上限20.0)
26-28-11-31 原始规范坐标 G(Re Σrow_mean) = +9.2994 | 累计|g| = 7.2229
26-28-11-31 Ψ矩阵条件数 cond(Ψ) = 1.43e+01
26-28-11-31 Loss=-3.189652 | E0=-1.04687102-0.00033950j | E1=-0.95213689-0.00012204j|E2=-0.65687518+0.00004730j|E3=-0.53376915+0.00011499j
26-28-11-31 #-----------------------------------------#
26-28-11-31 [Step  86] logΨ: mean=6.087-0.050j | min=1.387-1.938j | max=6.131+2.061j
26-28-11-31 梯度监控 | raw=0.1462 | per_param=0.0053 |  natural=0.0247 | clipped=0.0247(上限20.0)
26-28-11-31 原始规范坐标 G(Re Σrow_mean) = +9.3450 | 累计|g| = 7.2229
26-28-11-31 Ψ矩阵条件数 cond(Ψ) = 1.45e+01
26-28-11-31 Loss=-3.189294 | E0=-1.04601891-0.00031036j | E1=-0.95247719+0.00008020j|E2=-0.65687205-0.00014586j|E3=-0.53392596+0.00020666j
26-28-11-31 #-----------------------------------------#
26-28-11-31 [Step  87] logΨ: mean=6.062+0.419j | min=1.538+0.846j | max=6.151+2.042j
26-28-11-31 梯度监控 | raw=0.2623 | per_param=0.0095 |  natural=0.0456 | clipped=0.0456(上限20.0)
26-28-11-31 原始规范坐标 G(Re Σrow_mean) = +9.3238 | 累计|g| = 7.2229
26-28-11-31 Ψ矩阵条件数 cond(Ψ) = 1.44e+01
26-28-11-31 Loss=-3.187942 | E0=-1.04528733-0.00004677j | E1=-0.95238375-0.00053192j|E2=-0.65680476-0.00029135j|E3=-0.53346622-0.00001789j
26-28-11-31 #-----------------------------------------#
26-28-11-31 [Step  88] logΨ: mean=6.045+1.021j | min=1.921+0.480j | max=6.150+1.990j
26-28-11-31 梯度监控 | raw=0.7930 | per_param=0.0287 |  natural=0.0469 | clipped=0.0469(上限20.0)
26-28-11-31 原始规范坐标 G(Re Σrow_mean) = +9.3237 | 累计|g| = 7.2229
26-28-11-31 Ψ矩阵条件数 cond(Ψ) = 1.42e+01
26-28-11-31 Loss=-3.188413 | E0=-1.04693052-0.00032307j | E1=-0.95162477-0.00075717j|E2=-0.65666825+0.00000011j|E3=-0.53318966+0.00002757j
26-28-11-31 #-----------------------------------------#
26-28-11-31 [Step  89] logΨ: mean=6.066+0.593j | min=-0.170+1.550j | max=6.206+1.980j
26-28-11-31 梯度监控 | raw=2.5900 | per_param=0.0937 |  natural=0.0560 | clipped=0.0560(上限20.0)
26-28-11-31 原始规范坐标 G(Re Σrow_mean) = +9.2985 | 累计|g| = 7.2229
26-28-11-31 Ψ矩阵条件数 cond(Ψ) = 1.44e+01
26-28-11-31 Loss=-3.186522 | E0=-1.04476331-0.00046168j | E1=-0.95094162-0.00024897j|E2=-0.65671618+0.00003805j|E3=-0.53410058-0.00002797j
26-28-11-31 #-----------------------------------------#
26-28-11-31 [GaugeReset@90] 吸收 Δg = Σ Re(col_mean) = +9.2985 | 新|g| = 7.2902
26-28-11-31 [Step  90] logΨ: mean=6.017+0.371j | min=0.497-1.531j | max=6.138+2.045j
26-28-11-31 梯度监控 | raw=3.4219 | per_param=0.1238 |  natural=0.0511 | clipped=0.0511(上限20.0)
26-28-11-31 原始规范坐标 G(Re Σrow_mean) = +9.3075 | 累计|g| = 7.2902
26-28-11-31 Ψ矩阵条件数 cond(Ψ) = 1.40e+01
26-28-11-31 Loss=-3.187083 | E0=-1.04504532-0.00031654j | E1=-0.95119846-0.00077936j|E2=-0.65703465+0.00037981j|E3=-0.53380445-0.00007462j
26-28-11-31 #-----------------------------------------#
26-28-11-31 [Step  91] logΨ: mean=5.997+0.729j | min=1.602-2.494j | max=6.054+1.985j
26-28-11-31 梯度监控 | raw=0.2232 | per_param=0.0081 |  natural=0.0311 | clipped=0.0311(上限20.0)
26-28-11-31 原始规范坐标 G(Re Σrow_mean) = +9.3070 | 累计|g| = 7.2902
26-28-11-31 Ψ矩阵条件数 cond(Ψ) = 1.41e+01
26-28-11-31 Loss=-3.189535 | E0=-1.04636928-0.00011728j | E1=-0.95236355+0.00012691j|E2=-0.65695154+0.00021936j|E3=-0.53385070-0.00002859j
26-28-11-31 #-----------------------------------------#
26-28-11-31 [Step  92] logΨ: mean=5.908+1.054j | min=2.281-0.326j | max=6.036+2.023j
26-28-11-31 梯度监控 | raw=0.2078 | per_param=0.0075 |  natural=0.0511 | clipped=0.0511(上限20.0)
26-28-11-31 原始规范坐标 G(Re Σrow_mean) = +9.2445 | 累计|g| = 7.2902
26-28-11-31 Ψ矩阵条件数 cond(Ψ) = 1.41e+01
26-28-11-31 Loss=-3.189494 | E0=-1.04543571-0.00006892j | E1=-0.95221090+0.00027143j|E2=-0.65772266-0.00005820j|E3=-0.53412432-0.00013593j
26-28-11-31 #-----------------------------------------#
26-28-11-31 [Step  93] logΨ: mean=6.037+0.596j | min=2.447+1.670j | max=6.067+1.970j
26-28-11-31 梯度监控 | raw=0.0285 | per_param=0.0010 |  natural=0.0433 | clipped=0.0433(上限20.0)
26-28-11-31 原始规范坐标 G(Re Σrow_mean) = +9.3016 | 累计|g| = 7.2902
26-28-11-31 Ψ矩阵条件数 cond(Ψ) = 1.41e+01
26-28-11-31 Loss=-3.189737 | E0=-1.04593293+0.00048055j | E1=-0.95253109-0.00013042j|E2=-0.65745559+0.00000085j|E3=-0.53381694-0.00009831j
26-28-11-31 #-----------------------------------------#
26-28-11-31 [Step  94] logΨ: mean=6.067+0.502j | min=0.406-1.299j | max=6.131+2.001j
26-28-11-31 梯度监控 | raw=0.6753 | per_param=0.0244 |  natural=0.0353 | clipped=0.0353(上限20.0)
26-28-11-31 原始规范坐标 G(Re Σrow_mean) = +9.2886 | 累计|g| = 7.2902
26-28-11-31 Ψ矩阵条件数 cond(Ψ) = 1.39e+01
26-28-11-31 Loss=-3.189793 | E0=-1.04652087-0.00248532j | E1=-0.95204462+0.00001699j|E2=-0.65708301-0.00014849j|E3=-0.53414479+0.00011983j
26-28-11-31 #-----------------------------------------#
26-28-11-31 [Step  95] logΨ: mean=6.031+0.444j | min=1.563+2.794j | max=6.112+1.993j
26-28-11-31 梯度监控 | raw=1.4710 | per_param=0.0532 |  natural=0.0248 | clipped=0.0248(上限20.0)
26-28-11-31 原始规范坐标 G(Re Σrow_mean) = +9.2751 | 累计|g| = 7.2902
26-28-11-31 Ψ矩阵条件数 cond(Ψ) = 1.39e+01
26-28-11-31 Loss=-3.188624 | E0=-1.04632973+0.00053838j | E1=-0.95127445+0.00074783j|E2=-0.65647609-0.00020408j|E3=-0.53454338-0.00008776j
26-28-11-31 #-----------------------------------------#
26-28-11-31 [Step  96] logΨ: mean=6.072+0.708j | min=1.280-1.795j | max=6.177+2.024j
26-28-11-31 梯度监控 | raw=0.4966 | per_param=0.0180 |  natural=0.0366 | clipped=0.0366(上限20.0)
26-28-11-31 原始规范坐标 G(Re Σrow_mean) = +9.2845 | 累计|g| = 7.2902
26-28-11-31 Ψ矩阵条件数 cond(Ψ) = 1.41e+01
26-28-11-31 Loss=-3.189683 | E0=-1.04650236-0.00047542j | E1=-0.95209231-0.00001835j|E2=-0.65719069+0.00027323j|E3=-0.53389721-0.00000974j
26-28-11-31 #-----------------------------------------#
26-28-11-31 [Step  97] logΨ: mean=6.069+0.393j | min=1.200-3.089j | max=6.117+2.060j
26-28-11-31 梯度监控 | raw=1.6083 | per_param=0.0582 |  natural=0.0330 | clipped=0.0330(上限20.0)
26-28-11-31 原始规范坐标 G(Re Σrow_mean) = +9.2611 | 累计|g| = 7.2902
26-28-11-31 Ψ矩阵条件数 cond(Ψ) = 1.40e+01
26-28-11-31 Loss=-3.188218 | E0=-1.04518473+0.00009601j | E1=-0.95212265+0.00033100j|E2=-0.65674445-0.00019788j|E3=-0.53416601-0.00001346j
26-28-11-31 #-----------------------------------------#
26-28-11-31 [Step  98] logΨ: mean=6.095+0.890j | min=2.300+2.813j | max=6.127+2.073j
26-28-11-31 梯度监控 | raw=0.7121 | per_param=0.0258 |  natural=0.0362 | clipped=0.0362(上限20.0)
26-28-11-31 原始规范坐标 G(Re Σrow_mean) = +9.2673 | 累计|g| = 7.2902
26-28-11-31 Ψ矩阵条件数 cond(Ψ) = 1.37e+01
26-28-11-31 Loss=-3.187617 | E0=-1.04587230+0.00060873j | E1=-0.95163923+0.00043884j|E2=-0.65646234-0.00030878j|E3=-0.53364271-0.00013153j
26-28-11-31 #-----------------------------------------#
26-28-11-31 [Step  99] logΨ: mean=6.130+1.185j | min=1.280-1.735j | max=6.208+2.103j
26-28-11-31 梯度监控 | raw=0.5193 | per_param=0.0188 |  natural=0.0309 | clipped=0.0309(上限20.0)
26-28-11-31 原始规范坐标 G(Re Σrow_mean) = +9.2783 | 累计|g| = 7.2902
26-28-11-31 Ψ矩阵条件数 cond(Ψ) = 1.39e+01
26-28-11-31 Loss=-3.189167 | E0=-1.04676484-0.00031974j | E1=-0.95191860+0.00016977j|E2=-0.65656415+0.00008877j|E3=-0.53391948+0.00010612j
26-28-11-31 #-----------------------------------------#
26-28-11-31 [保存] Step 99 → pickle 文件已更新 (100 条记录)
26-28-11-31 [GaugeReset@100] 吸收 Δg = Σ Re(col_mean) = +9.2783 | 新|g| = 7.3331
26-28-11-31 [Step 100] logΨ: mean=6.127+0.966j | min=1.891-0.596j | max=6.230+1.937j
26-28-11-31 梯度监控 | raw=1.6366 | per_param=0.0592 |  natural=0.0562 | clipped=0.0562(上限20.0)
26-28-11-31 原始规范坐标 G(Re Σrow_mean) = +9.2752 | 累计|g| = 7.3331
26-28-11-31 Ψ矩阵条件数 cond(Ψ) = 1.33e+01
26-28-11-31 Loss=-3.187724 | E0=-1.04620339+0.00029823j | E1=-0.95160460-0.00040502j|E2=-0.65567652+0.00070294j|E3=-0.53423935-0.00001935j
26-28-11-31 #-----------------------------------------#
26-28-11-31 [Step 101] logΨ: mean=6.047+0.569j | min=0.612+2.022j | max=6.172+1.892j
26-28-11-31 梯度监控 | raw=2.0017 | per_param=0.0724 |  natural=0.0357 | clipped=0.0357(上限20.0)
26-28-11-31 原始规范坐标 G(Re Σrow_mean) = +9.2534 | 累计|g| = 7.3331
26-28-11-31 Ψ矩阵条件数 cond(Ψ) = 1.31e+01
26-28-11-31 Loss=-3.189047 | E0=-1.04613132+0.00032511j | E1=-0.95201089-0.00066476j|E2=-0.65613856+0.00065990j|E3=-0.53476669-0.00000007j
26-28-11-31 #-----------------------------------------#
26-28-11-31 [Step 102] logΨ: mean=6.120+0.266j | min=1.712-1.643j | max=6.182+1.819j
26-28-11-31 梯度监控 | raw=0.8592 | per_param=0.0311 |  natural=0.0451 | clipped=0.0451(上限20.0)
26-28-11-31 原始规范坐标 G(Re Σrow_mean) = +9.3004 | 累计|g| = 7.3331
26-28-11-31 Ψ矩阵条件数 cond(Ψ) = 1.29e+01
26-28-11-31 Loss=-3.187304 | E0=-1.04516007+0.00019479j | E1=-0.95184933+0.00016756j|E2=-0.65624460-0.00007848j|E3=-0.53405045-0.00006492j
26-28-11-31 #-----------------------------------------#
26-28-11-31 [Step 103] logΨ: mean=5.989+0.435j | min=-0.812+2.505j | max=6.128+1.750j
26-28-11-31 梯度监控 | raw=2.6874 | per_param=0.0972 |  natural=0.0483 | clipped=0.0483(上限20.0)
26-28-11-31 原始规范坐标 G(Re Σrow_mean) = +9.2273 | 累计|g| = 7.3331
26-28-11-31 Ψ矩阵条件数 cond(Ψ) = 1.27e+01
26-28-11-31 Loss=-3.188748 | E0=-1.04566285-0.00107089j | E1=-0.95230992-0.00134195j|E2=-0.65643930+0.00005889j|E3=-0.53433621+0.00005635j
26-28-11-31 #-----------------------------------------#
26-28-11-31 [Step 104] logΨ: mean=5.980+0.366j | min=1.314-1.401j | max=6.079+1.765j
26-28-11-31 梯度监控 | raw=2.2650 | per_param=0.0819 |  natural=0.0548 | clipped=0.0548(上限20.0)
26-28-11-31 原始规范坐标 G(Re Σrow_mean) = +9.2079 | 累计|g| = 7.3331
26-28-11-31 Ψ矩阵条件数 cond(Ψ) = 1.27e+01
26-28-11-31 Loss=-3.189816 | E0=-1.04571549+0.00057961j | E1=-0.95206313+0.00026220j|E2=-0.65749237+0.00038341j|E3=-0.53454531-0.00004628j
26-28-11-31 #-----------------------------------------#
26-28-11-31 [Step 105] logΨ: mean=5.953+0.088j | min=2.352+2.634j | max=6.048+1.752j
26-28-11-31 梯度监控 | raw=0.5696 | per_param=0.0206 |  natural=0.0335 | clipped=0.0335(上限20.0)
26-28-11-31 原始规范坐标 G(Re Σrow_mean) = +9.1958 | 累计|g| = 7.3331
26-28-11-31 Ψ矩阵条件数 cond(Ψ) = 1.27e+01
26-28-11-31 Loss=-3.188618 | E0=-1.04442339+0.00003624j | E1=-0.95229352+0.00039908j|E2=-0.65761917+0.00000099j|E3=-0.53428161-0.00006658j
26-28-11-31 #-----------------------------------------#
26-28-11-31 [Step 106] logΨ: mean=5.937+0.032j | min=-0.415-1.354j | max=6.100+1.755j
26-28-11-31 梯度监控 | raw=2.3943 | per_param=0.0866 |  natural=0.0644 | clipped=0.0644(上限20.0)
26-28-11-31 原始规范坐标 G(Re Σrow_mean) = +9.1520 | 累计|g| = 7.3331
26-28-11-31 Ψ矩阵条件数 cond(Ψ) = 1.28e+01
26-28-11-31 Loss=-3.184085 | E0=-1.04351757-0.00408767j | E1=-0.95123716-0.00051229j|E2=-0.65567383-0.00044216j|E3=-0.53365627-0.00002099j
26-28-11-31 #-----------------------------------------#
26-28-11-31 [Step 107] logΨ: mean=6.028+0.400j | min=2.132+2.626j | max=6.071+1.774j
26-28-11-31 梯度监控 | raw=0.4283 | per_param=0.0155 |  natural=0.0199 | clipped=0.0199(上限20.0)
26-28-11-31 原始规范坐标 G(Re Σrow_mean) = +9.2159 | 累计|g| = 7.3331
26-28-11-31 Ψ矩阵条件数 cond(Ψ) = 1.28e+01
26-28-11-31 Loss=-3.188647 | E0=-1.04502855+0.00099062j | E1=-0.95200802+0.00044471j|E2=-0.65691393-0.00023895j|E3=-0.53469614-0.00008577j
26-28-11-31 #-----------------------------------------#
26-28-11-32 [Step 108] logΨ: mean=5.985+0.837j | min=1.979-0.508j | max=6.035+1.797j
26-28-11-32 梯度监控 | raw=0.4320 | per_param=0.0156 |  natural=0.0224 | clipped=0.0224(上限20.0)
26-28-11-32 原始规范坐标 G(Re Σrow_mean) = +9.1941 | 累计|g| = 7.3331
26-28-11-32 Ψ矩阵条件数 cond(Ψ) = 1.27e+01
26-28-11-32 Loss=-3.189364 | E0=-1.04548234+0.00121151j | E1=-0.95203583+0.00046538j|E2=-0.65702875-0.00020077j|E3=-0.53481754-0.00005219j
26-28-11-32 #-----------------------------------------#
26-28-11-32 [Step 109] logΨ: mean=5.991+0.929j | min=-0.596+2.458j | max=6.070+1.760j
26-28-11-32 梯度监控 | raw=4.8766 | per_param=0.1764 |  natural=0.0428 | clipped=0.0428(上限20.0)
26-28-11-32 原始规范坐标 G(Re Σrow_mean) = +9.1754 | 累计|g| = 7.3331
26-28-11-32 Ψ矩阵条件数 cond(Ψ) = 1.26e+01
26-28-11-32 Loss=-3.186647 | E0=-1.04545030-0.00053719j | E1=-0.95136220-0.00017458j|E2=-0.65596340+0.00012148j|E3=-0.53387137-0.00012389j
26-28-11-32 #-----------------------------------------#
26-28-11-32 [GaugeReset@110] 吸收 Δg = Σ Re(col_mean) = +9.1754 | 新|g| = 7.2877
26-28-11-32 [Step 110] logΨ: mean=6.081+0.695j | min=0.614-1.392j | max=6.242+1.856j
26-28-11-32 梯度监控 | raw=6.3532 | per_param=0.2299 |  natural=0.0430 | clipped=0.0430(上限20.0)
26-28-11-32 原始规范坐标 G(Re Σrow_mean) = +9.1501 | 累计|g| = 7.2877
26-28-11-32 Ψ矩阵条件数 cond(Ψ) = 1.29e+01
26-28-11-32 Loss=-3.186908 | E0=-1.04425757-0.00163466j | E1=-0.95085812-0.00025184j|E2=-0.65646460+0.00021508j|E3=-0.53532810+0.00025642j
26-28-11-32 #-----------------------------------------#
26-28-11-32 [Step 111] logΨ: mean=6.112+0.446j | min=1.098+2.998j | max=6.212+1.774j
26-28-11-32 梯度监控 | raw=3.2981 | per_param=0.1193 |  natural=0.0340 | clipped=0.0340(上限20.0)
26-28-11-32 原始规范坐标 G(Re Σrow_mean) = +9.1741 | 累计|g| = 7.2877
26-28-11-32 Ψ矩阵条件数 cond(Ψ) = 1.27e+01
26-28-11-32 Loss=-3.185743 | E0=-1.04512129-0.00248077j | E1=-0.95115685+0.00056498j|E2=-0.65526926-0.00061048j|E3=-0.53419532-0.00021139j
26-28-11-32 #-----------------------------------------#
26-28-11-32 [Step 112] logΨ: mean=6.190+0.251j | min=1.422+1.537j | max=6.265+1.741j
26-28-11-32 梯度监控 | raw=0.2846 | per_param=0.0103 |  natural=0.0357 | clipped=0.0357(上限20.0)
26-28-11-32 原始规范坐标 G(Re Σrow_mean) = +9.1907 | 累计|g| = 7.2877
26-28-11-32 Ψ矩阵条件数 cond(Ψ) = 1.29e+01
26-28-11-32 Loss=-3.189809 | E0=-1.04573345+0.00042110j | E1=-0.95239577+0.00006740j|E2=-0.65752293+0.00009199j|E3=-0.53415637-0.00004782j
26-28-11-32 #-----------------------------------------#
26-28-11-32 [Step 113] logΨ: mean=6.260+0.732j | min=1.428-1.573j | max=6.333+1.773j
26-28-11-32 梯度监控 | raw=1.1104 | per_param=0.0402 |  natural=0.0289 | clipped=0.0289(上限20.0)
26-28-11-32 原始规范坐标 G(Re Σrow_mean) = +9.2201 | 累计|g| = 7.2877
26-28-11-32 Ψ矩阵条件数 cond(Ψ) = 1.31e+01
26-28-11-32 Loss=-3.188154 | E0=-1.04550177-0.00153995j | E1=-0.95161193+0.00057051j|E2=-0.65686387-0.00031893j|E3=-0.53417669-0.00025650j
26-28-11-32 #-----------------------------------------#
26-28-11-32 [Step 114] logΨ: mean=6.346+0.824j | min=1.436+1.588j | max=6.402+1.794j
26-28-11-32 梯度监控 | raw=0.6622 | per_param=0.0240 |  natural=0.0353 | clipped=0.0353(上限20.0)
26-28-11-32 原始规范坐标 G(Re Σrow_mean) = +9.2473 | 累计|g| = 7.2877
26-28-11-32 Ψ矩阵条件数 cond(Ψ) = 1.33e+01
26-28-11-32 Loss=-3.188950 | E0=-1.04656089+0.00053066j | E1=-0.95175687+0.00040943j|E2=-0.65700585-0.00026061j|E3=-0.53362661-0.00009518j
26-28-11-32 #-----------------------------------------#
26-28-11-32 [Step 115] logΨ: mean=6.295+0.633j | min=-0.134-0.923j | max=6.365+1.821j
26-28-11-32 梯度监控 | raw=1.1350 | per_param=0.0411 |  natural=0.0440 | clipped=0.0440(上限20.0)
26-28-11-32 原始规范坐标 G(Re Σrow_mean) = +9.2119 | 累计|g| = 7.2877
26-28-11-32 Ψ矩阵条件数 cond(Ψ) = 1.31e+01
26-28-11-32 Loss=-3.187764 | E0=-1.04585866+0.00125037j | E1=-0.95144066+0.00051520j|E2=-0.65618762-0.00029306j|E3=-0.53427677+0.00009572j
26-28-11-32 #-----------------------------------------#
26-28-11-32 [Step 116] logΨ: mean=6.223+0.427j | min=1.313+2.278j | max=6.331+1.717j
26-28-11-32 梯度监控 | raw=4.7511 | per_param=0.1719 |  natural=0.0396 | clipped=0.0396(上限20.0)
26-28-11-32 原始规范坐标 G(Re Σrow_mean) = +9.1834 | 累计|g| = 7.2877
26-28-11-32 Ψ矩阵条件数 cond(Ψ) = 1.28e+01
26-28-11-32 Loss=-3.185682 | E0=-1.04457309-0.00204171j | E1=-0.95099707-0.00050801j|E2=-0.65512630+0.00068652j|E3=-0.53498512-0.00003539j
26-28-11-32 #-----------------------------------------#
26-28-11-32 [Step 117] logΨ: mean=6.333+0.347j | min=0.238-1.379j | max=6.430+1.726j
26-28-11-32 梯度监控 | raw=1.4909 | per_param=0.0539 |  natural=0.0335 | clipped=0.0335(上限20.0)
26-28-11-32 原始规范坐标 G(Re Σrow_mean) = +9.2254 | 累计|g| = 7.2877
26-28-11-32 Ψ矩阵条件数 cond(Ψ) = 1.29e+01
26-28-11-32 Loss=-3.187884 | E0=-1.04571955+0.00002639j | E1=-0.95142158-0.00013778j|E2=-0.65606653-0.00017584j|E3=-0.53467599+0.00001151j
26-28-11-32 #-----------------------------------------#
26-28-11-32 [Step 118] logΨ: mean=6.327+0.093j | min=1.982-2.071j | max=6.375+1.717j
26-28-11-32 梯度监控 | raw=0.2516 | per_param=0.0091 |  natural=0.0235 | clipped=0.0235(上限20.0)
26-28-11-32 原始规范坐标 G(Re Σrow_mean) = +9.2222 | 累计|g| = 7.2877
26-28-11-32 Ψ矩阵条件数 cond(Ψ) = 1.28e+01
26-28-11-32 Loss=-3.189970 | E0=-1.04570591+0.00084123j | E1=-0.95223523-0.00033199j|E2=-0.65734772+0.00019302j|E3=-0.53468106-0.00007324j
26-28-11-32 #-----------------------------------------#
26-28-11-32 [Step 119] logΨ: mean=6.248+0.027j | min=1.828+1.020j | max=6.330+1.642j
26-28-11-32 梯度监控 | raw=1.2200 | per_param=0.0441 |  natural=0.0362 | clipped=0.0362(上限20.0)
26-28-11-32 原始规范坐标 G(Re Σrow_mean) = +9.1959 | 累计|g| = 7.2877
26-28-11-32 Ψ矩阵条件数 cond(Ψ) = 1.26e+01
26-28-11-32 Loss=-3.187964 | E0=-1.04582484+0.00085337j | E1=-0.95162143-0.00076311j|E2=-0.65618092+0.00047150j|E3=-0.53433705-0.00002358j
26-28-11-32 #-----------------------------------------#
26-28-11-32 [保存] Step 119 → pickle 文件已更新 (120 条记录)
26-28-11-32 [GaugeReset@120] 吸收 Δg = Σ Re(col_mean) = +9.1959 | 新|g| = 7.2946
26-28-11-32 [Step 120] logΨ: mean=6.276-0.124j | min=2.379+3.097j | max=6.351+1.737j
26-28-11-32 梯度监控 | raw=0.9890 | per_param=0.0358 |  natural=0.0327 | clipped=0.0327(上限20.0)
26-28-11-32 原始规范坐标 G(Re Σrow_mean) = +9.2135 | 累计|g| = 7.2946
26-28-11-32 Ψ矩阵条件数 cond(Ψ) = 1.25e+01
26-28-11-32 Loss=-3.188345 | E0=-1.04478450+0.00087325j | E1=-0.95203611-0.00047682j|E2=-0.65678426+0.00013431j|E3=-0.53474059-0.00025867j
26-28-11-32 #-----------------------------------------#
26-28-11-32 [Step 121] logΨ: mean=6.221+0.024j | min=1.861+2.279j | max=6.296+1.748j
26-28-11-32 梯度监控 | raw=1.9891 | per_param=0.0720 |  natural=0.0316 | clipped=0.0316(上限20.0)
26-28-11-32 原始规范坐标 G(Re Σrow_mean) = +9.1741 | 累计|g| = 7.2946
26-28-11-32 Ψ矩阵条件数 cond(Ψ) = 1.24e+01
26-28-11-32 Loss=-3.186351 | E0=-1.04407811+0.00016883j | E1=-0.95115005+0.00012027j|E2=-0.65580805+0.00005540j|E3=-0.53531476+0.00006147j
26-28-11-32 #-----------------------------------------#
26-28-11-32 [Step 122] logΨ: mean=6.113+0.239j | min=0.417+1.260j | max=6.235+1.651j
26-28-11-32 梯度监控 | raw=1.0534 | per_param=0.0381 |  natural=0.0376 | clipped=0.0376(上限20.0)
26-28-11-32 原始规范坐标 G(Re Σrow_mean) = +9.1260 | 累计|g| = 7.2946
26-28-11-32 Ψ矩阵条件数 cond(Ψ) = 1.21e+01
26-28-11-32 Loss=-3.189075 | E0=-1.04607875+0.00054935j | E1=-0.95174838+0.00006371j|E2=-0.65673030-0.00003339j|E3=-0.53451803+0.00009784j
26-28-11-32 #-----------------------------------------#
26-28-11-32 [Step 123] logΨ: mean=6.124+0.227j | min=-0.918+2.159j | max=6.224+1.567j
26-28-11-32 梯度监控 | raw=2.9548 | per_param=0.1069 |  natural=0.0537 | clipped=0.0537(上限20.0)
26-28-11-32 原始规范坐标 G(Re Σrow_mean) = +9.1164 | 累计|g| = 7.2946
26-28-11-32 Ψ矩阵条件数 cond(Ψ) = 1.19e+01
26-28-11-32 Loss=-3.185233 | E0=-1.04508570-0.00216188j | E1=-0.95142822+0.00023402j|E2=-0.65503685-0.00034746j|E3=-0.53368175+0.00000503j
26-28-11-32 #-----------------------------------------#
26-28-11-32 [Step 124] logΨ: mean=6.233+0.078j | min=1.729+1.305j | max=6.274+1.605j
26-28-11-32 梯度监控 | raw=1.0986 | per_param=0.0397 |  natural=0.0252 | clipped=0.0252(上限20.0)
26-28-11-32 原始规范坐标 G(Re Σrow_mean) = +9.1489 | 累计|g| = 7.2946
26-28-11-32 Ψ矩阵条件数 cond(Ψ) = 1.19e+01
26-28-11-32 Loss=-3.189094 | E0=-1.04648067+0.00078583j | E1=-0.95171017+0.00050740j|E2=-0.65657045-0.00024055j|E3=-0.53433261-0.00006898j
26-28-11-32 #-----------------------------------------#
26-28-11-32 [Step 125] logΨ: mean=6.088+0.017j | min=0.266-1.728j | max=6.183+1.521j
26-28-11-32 梯度监控 | raw=0.7325 | per_param=0.0265 |  natural=0.0521 | clipped=0.0521(上限20.0)
26-28-11-32 原始规范坐标 G(Re Σrow_mean) = +9.0756 | 累计|g| = 7.2946
26-28-11-32 Ψ矩阵条件数 cond(Ψ) = 1.16e+01
26-28-11-32 Loss=-3.188504 | E0=-1.04498604+0.00110838j | E1=-0.95204900-0.00055860j|E2=-0.65673394+0.00025258j|E3=-0.53473539+0.00007884j
26-28-11-32 #-----------------------------------------#
26-28-11-32 [Step 126] logΨ: mean=6.165+0.093j | min=1.689-1.864j | max=6.230+1.503j
26-28-11-32 梯度监控 | raw=0.7605 | per_param=0.0275 |  natural=0.0326 | clipped=0.0326(上限20.0)
26-28-11-32 原始规范坐标 G(Re Σrow_mean) = +9.0896 | 累计|g| = 7.2946
26-28-11-32 Ψ矩阵条件数 cond(Ψ) = 1.19e+01
26-28-11-32 Loss=-3.188825 | E0=-1.04503387-0.00013124j | E1=-0.95246953-0.00034315j|E2=-0.65724255+0.00010521j|E3=-0.53407905-0.00002786j
26-28-11-32 #-----------------------------------------#
26-28-11-32 [Step 127] logΨ: mean=6.238+0.267j | min=1.425-0.129j | max=6.333+1.527j
26-28-11-32 梯度监控 | raw=5.7828 | per_param=0.2092 |  natural=0.0630 | clipped=0.0630(上限20.0)
26-28-11-32 原始规范坐标 G(Re Σrow_mean) = +9.0840 | 累计|g| = 7.2946
26-28-11-32 Ψ矩阵条件数 cond(Ψ) = 1.21e+01
26-28-11-32 Loss=-3.186127 | E0=-1.04472575-0.00024617j | E1=-0.95086595-0.00052855j|E2=-0.65617180+0.00053287j|E3=-0.53436357+0.00012799j
26-28-11-32 #-----------------------------------------#
26-28-11-32 [Step 128] logΨ: mean=6.208+0.327j | min=1.808+0.522j | max=6.283+1.552j
26-28-11-32 梯度监控 | raw=1.0461 | per_param=0.0378 |  natural=0.0260 | clipped=0.0260(上限20.0)
26-28-11-32 原始规范坐标 G(Re Σrow_mean) = +9.0746 | 累计|g| = 7.2946
26-28-11-32 Ψ矩阵条件数 cond(Ψ) = 1.20e+01
26-28-11-32 Loss=-3.188989 | E0=-1.04573833-0.00060748j | E1=-0.95171057+0.00007259j|E2=-0.65727559+0.00005408j|E3=-0.53426499+0.00005334j
26-28-11-32 #-----------------------------------------#
26-28-11-32 [Step 129] logΨ: mean=6.207+0.271j | min=2.096-1.221j | max=6.261+1.544j
26-28-11-32 梯度监控 | raw=0.3349 | per_param=0.0121 |  natural=0.0076 | clipped=0.0076(上限20.0)
26-28-11-32 原始规范坐标 G(Re Σrow_mean) = +9.0780 | 累计|g| = 7.2946
26-28-11-32 Ψ矩阵条件数 cond(Ψ) = 1.21e+01
26-28-11-32 Loss=-3.190449 | E0=-1.04664709+0.00050924j | E1=-0.95223929-0.00003396j|E2=-0.65695013+0.00017318j|E3=-0.53461280+0.00006592j
26-28-11-32 #-----------------------------------------#
26-28-11-32 [GaugeReset@130] 吸收 Δg = Σ Re(col_mean) = +9.0780 | 新|g| = 7.2825
26-28-11-32 [Step 130] logΨ: mean=6.249+0.106j | min=1.765+0.490j | max=6.319+1.531j
26-28-11-32 梯度监控 | raw=1.2088 | per_param=0.0437 |  natural=0.0347 | clipped=0.0347(上限20.0)
26-28-11-32 原始规范坐标 G(Re Σrow_mean) = +9.0523 | 累计|g| = 7.2825
26-28-11-32 Ψ矩阵条件数 cond(Ψ) = 1.17e+01
26-28-11-32 Loss=-3.189039 | E0=-1.04573805+0.00059680j | E1=-0.95159138+0.00011579j|E2=-0.65706611+0.00002565j|E3=-0.53464313-0.00007977j
26-28-11-32 #-----------------------------------------#
26-28-11-32 [Step 131] logΨ: mean=6.307-0.412j | min=1.814-1.794j | max=6.394+1.538j
26-28-11-32 梯度监控 | raw=2.4452 | per_param=0.0885 |  natural=0.0284 | clipped=0.0284(上限20.0)
26-28-11-32 原始规范坐标 G(Re Σrow_mean) = +9.0505 | 累计|g| = 7.2825
26-28-11-32 Ψ矩阵条件数 cond(Ψ) = 1.20e+01
26-28-11-32 Loss=-3.186197 | E0=-1.04362900-0.00070103j | E1=-0.95234393-0.00013218j|E2=-0.65572462-0.00008728j|E3=-0.53449982+0.00005545j
26-28-11-32 #-----------------------------------------#
26-28-11-32 [Step 132] logΨ: mean=6.320-0.064j | min=2.648-2.174j | max=6.370+1.500j
26-28-11-32 梯度监控 | raw=1.2479 | per_param=0.0451 |  natural=0.0300 | clipped=0.0300(上限20.0)
26-28-11-32 原始规范坐标 G(Re Σrow_mean) = +9.0529 | 累计|g| = 7.2825
26-28-11-32 Ψ矩阵条件数 cond(Ψ) = 1.19e+01
26-28-11-32 Loss=-3.188298 | E0=-1.04471935-0.00041932j | E1=-0.95237914-0.00008268j|E2=-0.65725191+0.00002021j|E3=-0.53394757-0.00014810j
26-28-11-32 #-----------------------------------------#
26-28-11-32 [Step 133] logΨ: mean=6.184-0.437j | min=1.720+0.601j | max=6.304+1.396j
26-28-11-32 梯度监控 | raw=4.7445 | per_param=0.1716 |  natural=0.0417 | clipped=0.0417(上限20.0)
26-28-11-32 原始规范坐标 G(Re Σrow_mean) = +8.9967 | 累计|g| = 7.2825
26-28-11-32 Ψ矩阵条件数 cond(Ψ) = 1.15e+01
26-28-11-32 Loss=-3.183015 | E0=-1.04297400-0.00169661j | E1=-0.94898563-0.00037385j|E2=-0.65664096+0.00004574j|E3=-0.53441411-0.00008663j
26-28-11-32 #-----------------------------------------#
26-28-11-32 [Step 134] logΨ: mean=6.241-0.288j | min=2.246+2.621j | max=6.290+1.381j
26-28-11-32 梯度监控 | raw=0.7054 | per_param=0.0255 |  natural=0.0158 | clipped=0.0158(上限20.0)
26-28-11-32 原始规范坐标 G(Re Σrow_mean) = +9.0350 | 累计|g| = 7.2825
26-28-11-32 Ψ矩阵条件数 cond(Ψ) = 1.16e+01
26-28-11-32 Loss=-3.189680 | E0=-1.04621104+0.00053311j | E1=-0.95231405+0.00002500j|E2=-0.65689866-0.00000577j|E3=-0.53425595-0.00031662j
26-28-11-32 #-----------------------------------------#
26-28-11-32 [Step 135] logΨ: mean=6.134-0.162j | min=1.575-1.287j | max=6.350+1.443j
26-28-11-32 梯度监控 | raw=3.4195 | per_param=0.1237 |  natural=0.0453 | clipped=0.0453(上限20.0)
26-28-11-32 原始规范坐标 G(Re Σrow_mean) = +8.9298 | 累计|g| = 7.2825
26-28-11-32 Ψ矩阵条件数 cond(Ψ) = 1.19e+01
26-28-11-32 Loss=-3.186754 | E0=-1.04544834-0.00000470j | E1=-0.95059888+0.00072510j|E2=-0.65720975-0.00089321j|E3=-0.53349707-0.00007610j
26-28-11-32 #-----------------------------------------#
26-28-11-32 [Step 136] logΨ: mean=6.295+0.360j | min=0.643+1.619j | max=6.370+1.496j
26-28-11-32 梯度监控 | raw=0.6040 | per_param=0.0219 |  natural=0.0305 | clipped=0.0305(上限20.0)
26-28-11-32 原始规范坐标 G(Re Σrow_mean) = +8.9885 | 累计|g| = 7.2825
26-28-11-32 Ψ矩阵条件数 cond(Ψ) = 1.22e+01
26-28-11-32 Loss=-3.189750 | E0=-1.04650768+0.00041809j | E1=-0.95213002+0.00025305j|E2=-0.65677113-0.00010151j|E3=-0.53434071+0.00019971j
26-28-11-32 #-----------------------------------------#
26-28-11-32 [Step 137] logΨ: mean=6.254+0.263j | min=2.055-2.835j | max=6.318+1.491j
26-28-11-32 梯度监控 | raw=0.7176 | per_param=0.0260 |  natural=0.0263 | clipped=0.0263(上限20.0)
26-28-11-32 原始规范坐标 G(Re Σrow_mean) = +8.9650 | 累计|g| = 7.2825
26-28-11-32 Ψ矩阵条件数 cond(Ψ) = 1.22e+01
26-28-11-32 Loss=-3.189430 | E0=-1.04632807-0.00007093j | E1=-0.95203677-0.00035866j|E2=-0.65724666+0.00032245j|E3=-0.53381879-0.00010835j
26-28-11-32 #-----------------------------------------#
26-28-11-32 [Step 138] logΨ: mean=6.261-0.095j | min=1.487+1.340j | max=6.377+1.528j
26-28-11-32 梯度监控 | raw=2.6678 | per_param=0.0965 |  natural=0.0187 | clipped=0.0187(上限20.0)
26-28-11-32 原始规范坐标 G(Re Σrow_mean) = +8.9400 | 累计|g| = 7.2825
26-28-11-32 Ψ矩阵条件数 cond(Ψ) = 1.25e+01
26-28-11-32 Loss=-3.190542 | E0=-1.04642030+0.00011116j | E1=-0.95198774-0.00091083j|E2=-0.65787280+0.00053384j|E3=-0.53426166-0.00004645j
26-28-11-32 #-----------------------------------------#
26-28-11-32 [Step 139] logΨ: mean=6.296-0.527j | min=1.843-2.806j | max=6.349+1.463j
26-28-11-32 梯度监控 | raw=1.0641 | per_param=0.0385 |  natural=0.0374 | clipped=0.0374(上限20.0)
26-28-11-32 原始规范坐标 G(Re Σrow_mean) = +8.9825 | 累计|g| = 7.2825
26-28-11-32 Ψ矩阵条件数 cond(Ψ) = 1.22e+01
26-28-11-32 Loss=-3.189607 | E0=-1.04608690+0.00035545j | E1=-0.95176051-0.00015851j|E2=-0.65716502+0.00016592j|E3=-0.53459446-0.00000212j
26-28-11-32 #-----------------------------------------#
26-28-11-32 [保存] Step 139 → pickle 文件已更新 (140 条记录)
26-28-11-32 [GaugeReset@140] 吸收 Δg = Σ Re(col_mean) = +8.9825 | 新|g| = 7.2750
26-28-11-32 [Step 140] logΨ: mean=6.322+0.153j | min=1.734-1.356j | max=6.396+1.503j
26-28-11-32 梯度监控 | raw=2.8945 | per_param=0.1047 |  natural=0.0393 | clipped=0.0393(上限20.0)
26-28-11-32 原始规范坐标 G(Re Σrow_mean) = +8.9296 | 累计|g| = 7.2750
26-28-11-32 Ψ矩阵条件数 cond(Ψ) = 1.20e+01
26-28-11-32 Loss=-3.187458 | E0=-1.04643028+0.00279262j | E1=-0.95124359+0.00072102j|E2=-0.65608322-0.00048911j|E3=-0.53370072+0.00020878j
26-28-11-32 #-----------------------------------------#
26-28-11-32 [Step 141] logΨ: mean=6.286+0.330j | min=0.461+1.417j | max=6.341+1.515j
26-28-11-32 梯度监控 | raw=1.6713 | per_param=0.0605 |  natural=0.0203 | clipped=0.0203(上限20.0)
26-28-11-32 原始规范坐标 G(Re Σrow_mean) = +8.9109 | 累计|g| = 7.2750
26-28-11-32 Ψ矩阵条件数 cond(Ψ) = 1.19e+01
26-28-11-32 Loss=-3.187474 | E0=-1.04485987+0.00065871j | E1=-0.95204343+0.00023448j|E2=-0.65662758-0.00013227j|E3=-0.53394345-0.00009554j
26-28-11-32 #-----------------------------------------#
26-28-11-32 [Step 142] logΨ: mean=6.333-0.193j | min=1.534+1.911j | max=6.397+1.515j
26-28-11-32 梯度监控 | raw=1.0064 | per_param=0.0364 |  natural=0.0228 | clipped=0.0228(上限20.0)
26-28-11-32 原始规范坐标 G(Re Σrow_mean) = +8.9049 | 累计|g| = 7.2750
26-28-11-32 Ψ矩阵条件数 cond(Ψ) = 1.22e+01
26-28-11-32 Loss=-3.188264 | E0=-1.04456146+0.00102972j | E1=-0.95233337-0.00011040j|E2=-0.65697636+0.00020818j|E3=-0.53439242-0.00013437j
26-28-11-32 #-----------------------------------------#
26-28-11-32 [Step 143] logΨ: mean=6.327-0.464j | min=1.526-1.246j | max=6.471+1.518j
26-28-11-32 梯度监控 | raw=1.7040 | per_param=0.0617 |  natural=0.0354 | clipped=0.0354(上限20.0)
26-28-11-32 原始规范坐标 G(Re Σrow_mean) = +8.8588 | 累计|g| = 7.2750
26-28-11-32 Ψ矩阵条件数 cond(Ψ) = 1.25e+01
26-28-11-32 Loss=-3.187535 | E0=-1.04394835-0.00000355j | E1=-0.95202712-0.00011996j|E2=-0.65745581-0.00022931j|E3=-0.53410379-0.00027959j
26-28-11-32 #-----------------------------------------#
26-28-11-32 [Step 144] logΨ: mean=6.420-0.051j | min=0.892-1.510j | max=6.541+1.561j
26-28-11-32 梯度监控 | raw=4.3786 | per_param=0.1584 |  natural=0.0348 | clipped=0.0348(上限20.0)
26-28-11-32 原始规范坐标 G(Re Σrow_mean) = +8.8795 | 累计|g| = 7.2750
26-28-11-32 Ψ矩阵条件数 cond(Ψ) = 1.27e+01
26-28-11-32 Loss=-3.182328 | E0=-1.04284247-0.00221061j | E1=-0.94908819+0.00017883j|E2=-0.65608237-0.00016839j|E3=-0.53431511-0.00035229j
26-28-11-32 #-----------------------------------------#
26-28-11-32 [Step 145] logΨ: mean=6.617-0.360j | min=1.826-1.679j | max=6.686+1.589j
26-28-11-32 梯度监控 | raw=8.2297 | per_param=0.2977 |  natural=0.0329 | clipped=0.0329(上限20.0)
26-28-11-32 原始规范坐标 G(Re Σrow_mean) = +8.9613 | 累计|g| = 7.2750
26-28-11-32 Ψ矩阵条件数 cond(Ψ) = 1.29e+01
26-28-11-32 Loss=-3.185004 | E0=-1.04520364-0.00072757j | E1=-0.94959101+0.00078688j|E2=-0.65655107-0.00064803j|E3=-0.53365823-0.00030370j
26-28-11-32 #-----------------------------------------#
26-28-11-32 [Step 146] logΨ: mean=6.498-0.542j | min=0.891-1.504j | max=6.616+1.582j
26-28-11-32 梯度监控 | raw=5.8849 | per_param=0.2129 |  natural=0.0385 | clipped=0.0385(上限20.0)
26-28-11-32 原始规范坐标 G(Re Σrow_mean) = +8.8702 | 累计|g| = 7.2750
26-28-11-32 Ψ矩阵条件数 cond(Ψ) = 1.29e+01
26-28-11-32 Loss=-3.186606 | E0=-1.04547542-0.00015486j | E1=-0.95084679-0.00073389j|E2=-0.65658905+0.00044030j|E3=-0.53369443-0.00003109j
26-28-11-32 #-----------------------------------------#
26-28-11-32 [Step 147] logΨ: mean=6.488-0.379j | min=2.269+2.717j | max=6.584+1.624j
26-28-11-32 梯度监控 | raw=2.4099 | per_param=0.0872 |  natural=0.0368 | clipped=0.0368(上限20.0)
26-28-11-32 原始规范坐标 G(Re Σrow_mean) = +8.8475 | 累计|g| = 7.2750
26-28-11-32 Ψ矩阵条件数 cond(Ψ) = 1.26e+01
26-28-11-32 Loss=-3.187862 | E0=-1.04422282-0.00074925j | E1=-0.95058146-0.00088338j|E2=-0.65723655+0.00066244j|E3=-0.53582114+0.00028207j
26-28-11-32 #-----------------------------------------#
26-28-11-32 [Step 148] logΨ: mean=6.522-0.487j | min=2.704-2.040j | max=6.569+1.599j
26-28-11-32 梯度监控 | raw=0.5318 | per_param=0.0192 |  natural=0.0136 | clipped=0.0136(上限20.0)
26-28-11-32 原始规范坐标 G(Re Σrow_mean) = +8.8653 | 累计|g| = 7.2750
26-28-11-32 Ψ矩阵条件数 cond(Ψ) = 1.25e+01
26-28-11-32 Loss=-3.189496 | E0=-1.04561326-0.00024822j | E1=-0.95233233+0.00006994j|E2=-0.65712725+0.00006909j|E3=-0.53442323-0.00025909j
26-28-11-32 #-----------------------------------------#
26-28-11-32 [Step 149] logΨ: mean=6.595-0.286j | min=1.041+1.664j | max=6.706+1.579j
26-28-11-32 梯度监控 | raw=4.1013 | per_param=0.1484 |  natural=0.0375 | clipped=0.0375(上限20.0)
26-28-11-32 原始规范坐标 G(Re Σrow_mean) = +8.8770 | 累计|g| = 7.2750
26-28-11-32 Ψ矩阵条件数 cond(Ψ) = 1.27e+01
26-28-11-32 Loss=-3.186437 | E0=-1.04474752-0.00207316j | E1=-0.95027521+0.00032107j|E2=-0.65728296-0.00026801j|E3=-0.53413166-0.00029561j
26-28-11-32 #-----------------------------------------#
26-28-11-32 [GaugeReset@150] 吸收 Δg = Σ Re(col_mean) = +8.8770 | 新|g| = 7.2914
26-28-11-32 [Step 150] logΨ: mean=6.640-0.108j | min=0.959-1.457j | max=6.692+1.593j
26-28-11-32 梯度监控 | raw=4.8500 | per_param=0.1755 |  natural=0.0418 | clipped=0.0418(上限20.0)
26-28-11-32 原始规范坐标 G(Re Σrow_mean) = +8.8410 | 累计|g| = 7.2914
26-28-11-32 Ψ矩阵条件数 cond(Ψ) = 1.23e+01
26-28-11-32 Loss=-3.187511 | E0=-1.04639877+0.00060920j | E1=-0.95068252+0.00072595j|E2=-0.65646485-0.00050966j|E3=-0.53396476+0.00004618j
26-28-11-32 #-----------------------------------------#
26-28-11-32 [Step 151] logΨ: mean=6.620+0.086j | min=0.192+1.921j | max=6.701+1.558j
26-28-11-32 梯度监控 | raw=5.4056 | per_param=0.1956 |  natural=0.0272 | clipped=0.0272(上限20.0)
26-28-11-32 原始规范坐标 G(Re Σrow_mean) = +8.8330 | 累计|g| = 7.2914
26-28-11-32 Ψ矩阵条件数 cond(Ψ) = 1.20e+01
26-28-11-32 Loss=-3.183680 | E0=-1.04389797+0.00306744j | E1=-0.95023620-0.00040255j|E2=-0.65593226+0.00057027j|E3=-0.53361365-0.00045020j
26-28-11-32 #-----------------------------------------#
26-28-11-32 [Step 152] logΨ: mean=6.683+0.322j | min=0.621-1.465j | max=6.797+1.590j
26-28-11-32 梯度监控 | raw=11.8546 | per_param=0.4289 |  natural=0.0241 | clipped=0.0241(上限20.0)
26-28-11-32 原始规范坐标 G(Re Σrow_mean) = +8.8453 | 累计|g| = 7.2914
26-28-11-32 Ψ矩阵条件数 cond(Ψ) = 1.23e+01
26-28-11-32 Loss=-3.171423 | E0=-1.03499314-0.00152117j | E1=-0.94985721+0.00190685j|E2=-0.65348027-0.00125360j|E3=-0.53309249-0.00038874j
26-28-11-32 #-----------------------------------------#
26-28-11-32 [Step 153] logΨ: mean=7.006+0.224j | min=0.264+0.432j | max=7.128+1.764j
26-28-11-32 梯度监控 | raw=16.6050 | per_param=0.6007 |  natural=0.0812 | clipped=0.0812(上限20.0)
26-28-11-32 原始规范坐标 G(Re Σrow_mean) = +8.9901 | 累计|g| = 7.2914
26-28-11-32 Ψ矩阵条件数 cond(Ψ) = 1.23e+01
26-28-11-32 Loss=-3.167020 | E0=-1.02834096-0.00359649j | E1=-0.94975443-0.00021763j|E2=-0.65653601-0.00010020j|E3=-0.53238833-0.00084874j
26-28-11-32 #-----------------------------------------#
26-28-11-32 [Step 154] logΨ: mean=7.029-0.189j | min=2.731+0.161j | max=7.138+1.737j
26-28-11-32 梯度监控 | raw=13.6943 | per_param=0.4954 |  natural=0.0206 | clipped=0.0206(上限20.0)
26-28-11-32 原始规范坐标 G(Re Σrow_mean) = +9.0079 | 累计|g| = 7.2914
26-28-11-32 Ψ矩阵条件数 cond(Ψ) = 1.22e+01
26-28-11-32 Loss=-3.166309 | E0=-1.03091203-0.00638557j | E1=-0.94855991-0.00011484j|E2=-0.65459901+0.00011250j|E3=-0.53223788-0.00021233j
26-28-11-32 #-----------------------------------------#
26-28-11-32 [Step 155] logΨ: mean=7.050-0.045j | min=1.173-0.789j | max=7.178+1.764j
26-28-11-32 梯度监控 | raw=6.6964 | per_param=0.2423 |  natural=0.0324 | clipped=0.0324(上限20.0)
26-28-11-32 原始规范坐标 G(Re Σrow_mean) = +8.9869 | 累计|g| = 7.2914
26-28-11-32 Ψ矩阵条件数 cond(Ψ) = 1.35e+01
26-28-11-32 Loss=-3.179918 | E0=-1.03927895-0.00228809j | E1=-0.95011444+0.00031473j|E2=-0.65656334-0.00029211j|E3=-0.53396112+0.00011878j
26-28-11-32 #-----------------------------------------#
26-28-11-32 [Step 156] logΨ: mean=7.008-0.073j | min=0.646-0.358j | max=7.080+1.765j
26-28-11-32 梯度监控 | raw=4.3334 | per_param=0.1568 |  natural=0.0317 | clipped=0.0317(上限20.0)
26-28-11-32 原始规范坐标 G(Re Σrow_mean) = +8.9543 | 累计|g| = 7.2914
26-28-11-32 Ψ矩阵条件数 cond(Ψ) = 1.24e+01
26-28-11-32 Loss=-3.185855 | E0=-1.04372746+0.00063832j | E1=-0.95088656+0.00046263j|E2=-0.65659094+0.00007382j|E3=-0.53465010-0.00018616j
26-28-11-32 #-----------------------------------------#
26-28-11-32 [Step 157] logΨ: mean=6.958+0.024j | min=2.704+0.312j | max=7.021+1.717j
26-28-11-32 梯度监控 | raw=0.6444 | per_param=0.0233 |  natural=0.0317 | clipped=0.0317(上限20.0)
26-28-11-32 原始规范坐标 G(Re Σrow_mean) = +8.9269 | 累计|g| = 7.2914
26-28-11-32 Ψ矩阵条件数 cond(Ψ) = 1.24e+01
26-28-11-32 Loss=-3.191472 | E0=-1.04756621+0.00226148j | E1=-0.95251706+0.00026318j|E2=-0.65699551-0.00033679j|E3=-0.53439288-0.00011434j
26-28-11-32 #-----------------------------------------#
26-28-11-32 [Step 158] logΨ: mean=6.849-0.197j | min=2.509-1.455j | max=6.965+1.621j
26-28-11-32 梯度监控 | raw=10.5229 | per_param=0.3807 |  natural=0.0346 | clipped=0.0346(上限20.0)
26-28-11-32 原始规范坐标 G(Re Σrow_mean) = +8.8643 | 累计|g| = 7.2914
26-28-11-32 Ψ矩阵条件数 cond(Ψ) = 1.23e+01
26-28-11-32 Loss=-3.181284 | E0=-1.04494008+0.00438099j | E1=-0.94831800+0.00124187j|E2=-0.65472003-0.00017045j|E3=-0.53330624-0.00053285j
26-28-11-32 #-----------------------------------------#
26-28-11-32 [Step 159] logΨ: mean=6.846-0.288j | min=2.479-1.958j | max=6.942+1.599j
26-28-11-32 梯度监控 | raw=16.7103 | per_param=0.6046 |  natural=0.0227 | clipped=0.0227(上限20.0)
26-28-11-32 原始规范坐标 G(Re Σrow_mean) = +8.8634 | 累计|g| = 7.2914
26-28-11-32 Ψ矩阵条件数 cond(Ψ) = 1.23e+01
26-28-11-32 Loss=-3.170580 | E0=-1.03533093+0.00197219j | E1=-0.94924608+0.00146693j|E2=-0.65446890-0.00055252j|E3=-0.53153415-0.00076223j
26-28-11-32 #-----------------------------------------#
26-28-11-32 [保存] Step 159 → pickle 文件已更新 (160 条记录)
26-28-11-32 [GaugeReset@160] 吸收 Δg = Σ Re(col_mean) = +8.8634 | 新|g| = 7.3749
26-28-11-32 [Step 160] logΨ: mean=6.896-0.405j | min=1.156+0.828j | max=7.009+1.580j
26-28-11-32 梯度监控 | raw=10.2908 | per_param=0.3723 |  natural=0.0324 | clipped=0.0324(上限20.0)
26-28-11-32 原始规范坐标 G(Re Σrow_mean) = +8.8544 | 累计|g| = 7.3749
26-28-11-32 Ψ矩阵条件数 cond(Ψ) = 1.26e+01
26-28-11-32 Loss=-3.179352 | E0=-1.04165833+0.00193723j | E1=-0.94916341+0.00096323j|E2=-0.65519757-0.00024810j|E3=-0.53333295+0.00003069j
26-28-11-32 #-----------------------------------------#
26-28-11-32 [Step 161] logΨ: mean=6.850-0.065j | min=1.224+2.532j | max=6.968+1.572j
26-28-11-32 梯度监控 | raw=20.7449 | per_param=0.7505 |  natural=0.0246 | clipped=0.0246(上限20.0)
26-28-11-32 原始规范坐标 G(Re Σrow_mean) = +8.8461 | 累计|g| = 7.3749
26-28-11-32 Ψ矩阵条件数 cond(Ψ) = 1.23e+01
26-28-11-32 Loss=-3.159572 | E0=-1.02836287-0.00172466j | E1=-0.94687399+0.00112641j|E2=-0.65237914-0.00073426j|E3=-0.53195580+0.00010351j
26-28-11-32 #-----------------------------------------#
26-28-11-32 [Step 162] logΨ: mean=6.887+0.053j | min=1.849-2.046j | max=7.046+1.601j
26-28-11-32 梯度监控 | raw=19.9288 | per_param=0.7210 |  natural=0.0286 | clipped=0.0286(上限20.0)
26-28-11-32 原始规范坐标 G(Re Σrow_mean) = +8.8454 | 累计|g| = 7.3749
26-28-11-32 Ψ矩阵条件数 cond(Ψ) = 1.25e+01
26-28-11-32 Loss=-3.159535 | E0=-1.02618427-0.00225870j | E1=-0.94755403-0.00063271j|E2=-0.65419677+0.00078712j|E3=-0.53160039-0.00052889j
26-28-11-32 #-----------------------------------------#
26-28-11-32 [Step 163] logΨ: mean=6.881+0.078j | min=1.263-0.625j | max=6.964+1.596j
26-28-11-32 梯度监控 | raw=6.5839 | per_param=0.2382 |  natural=0.0267 | clipped=0.0267(上限20.0)
26-28-11-32 原始规范坐标 G(Re Σrow_mean) = +8.8309 | 累计|g| = 7.3749
26-28-11-32 Ψ矩阵条件数 cond(Ψ) = 1.26e+01
26-28-11-32 Loss=-3.183481 | E0=-1.04387903+0.00118023j | E1=-0.94982628+0.00031959j|E2=-0.65570915-0.00004448j|E3=-0.53406695-0.00008606j
26-28-11-32 #-----------------------------------------#
26-28-11-32 [Step 164] logΨ: mean=6.759-0.135j | min=1.551+1.125j | max=6.906+1.585j
26-28-11-32 梯度监控 | raw=14.3015 | per_param=0.5174 |  natural=0.0237 | clipped=0.0237(上限20.0)
26-28-11-32 原始规范坐标 G(Re Σrow_mean) = +8.7529 | 累计|g| = 7.3749
26-28-11-32 Ψ矩阵条件数 cond(Ψ) = 1.25e+01
26-28-11-32 Loss=-3.167692 | E0=-1.03045143-0.00340752j | E1=-0.95127813+0.00086703j|E2=-0.65309974-0.00082685j|E3=-0.53286295+0.00026621j
26-28-11-32 #-----------------------------------------#
26-28-11-32 [Step 165] logΨ: mean=6.741+0.141j | min=0.830-1.542j | max=6.932+1.621j
26-28-11-32 梯度监控 | raw=15.7541 | per_param=0.5700 |  natural=0.0305 | clipped=0.0305(上限20.0)
26-28-11-32 原始规范坐标 G(Re Σrow_mean) = +8.7456 | 累计|g| = 7.3749
26-28-11-32 Ψ矩阵条件数 cond(Ψ) = 1.24e+01
26-28-11-32 Loss=-3.164241 | E0=-1.02856777-0.00456660j | E1=-0.94905227+0.00040050j|E2=-0.65272835-0.00024290j|E3=-0.53389279+0.00071009j
26-28-11-32 #-----------------------------------------#
26-28-11-32 [Step 166] logΨ: mean=6.728+0.427j | min=1.069-1.457j | max=6.837+1.629j
26-28-11-32 梯度监控 | raw=4.8088 | per_param=0.1740 |  natural=0.0264 | clipped=0.0264(上限20.0)
26-28-11-32 原始规范坐标 G(Re Σrow_mean) = +8.7136 | 累计|g| = 7.3749
26-28-11-32 Ψ矩阵条件数 cond(Ψ) = 1.25e+01
26-28-11-32 Loss=-3.185447 | E0=-1.04258439-0.00034549j | E1=-0.95180578-0.00034568j|E2=-0.65707566+0.00011416j|E3=-0.53398079-0.00004341j
26-28-11-32 #-----------------------------------------#
26-28-11-32 [Step 167] logΨ: mean=6.772+0.374j | min=3.347-0.700j | max=6.819+1.638j
26-28-11-32 梯度监控 | raw=2.0277 | per_param=0.0734 |  natural=0.0076 | clipped=0.0076(上限20.0)
26-28-11-32 原始规范坐标 G(Re Σrow_mean) = +8.7450 | 累计|g| = 7.3749
26-28-11-32 Ψ矩阵条件数 cond(Ψ) = 1.25e+01
26-28-11-32 Loss=-3.189721 | E0=-1.04723727+0.00121112j | E1=-0.95154928+0.00000428j|E2=-0.65587662+0.00021647j|E3=-0.53505737-0.00006438j
26-28-11-32 #-----------------------------------------#
26-28-11-32 [Step 168] logΨ: mean=6.785+0.247j | min=2.741+1.215j | max=6.818+1.634j
26-28-11-32 梯度监控 | raw=0.6714 | per_param=0.0243 |  natural=0.0160 | clipped=0.0160(上限20.0)
26-28-11-32 原始规范坐标 G(Re Σrow_mean) = +8.7486 | 累计|g| = 7.3749
26-28-11-32 Ψ矩阵条件数 cond(Ψ) = 1.25e+01
26-28-11-32 Loss=-3.191351 | E0=-1.04934897+0.00143183j | E1=-0.95174280+0.00013373j|E2=-0.65654830+0.00018806j|E3=-0.53371073-0.00012586j
26-28-11-32 #-----------------------------------------#
26-28-11-32 [Step 169] logΨ: mean=6.743+0.179j | min=2.903-0.417j | max=6.814+1.645j
26-28-11-32 梯度监控 | raw=3.1285 | per_param=0.1132 |  natural=0.0127 | clipped=0.0127(上限20.0)
26-28-11-32 原始规范坐标 G(Re Σrow_mean) = +8.7241 | 累计|g| = 7.3749
26-28-11-32 Ψ矩阵条件数 cond(Ψ) = 1.25e+01
26-28-11-32 Loss=-3.185999 | E0=-1.04429318-0.00036095j | E1=-0.95199224+0.00023730j|E2=-0.65580819+0.00011916j|E3=-0.53390509+0.00004366j
26-28-11-32 #-----------------------------------------#
26-28-11-32 [GaugeReset@170] 吸收 Δg = Σ Re(col_mean) = +8.7241 | 新|g| = 7.4039
26-28-11-32 [Step 170] logΨ: mean=6.958+0.253j | min=1.936-1.759j | max=7.049+1.584j
26-28-11-32 梯度监控 | raw=7.6572 | per_param=0.2770 |  natural=0.0240 | clipped=0.0240(上限20.0)
26-28-11-32 原始规范坐标 G(Re Σrow_mean) = +8.7479 | 累计|g| = 7.4039
26-28-11-32 Ψ矩阵条件数 cond(Ψ) = 1.26e+01
26-28-11-32 Loss=-3.179830 | E0=-1.04130259-0.00128369j | E1=-0.95042421-0.00020942j|E2=-0.65568851+0.00035951j|E3=-0.53241442-0.00045450j
26-28-11-32 #-----------------------------------------#
26-28-11-32 [Step 171] logΨ: mean=7.017-0.076j | min=2.848-0.507j | max=7.066+1.580j
26-28-11-32 梯度监控 | raw=3.1908 | per_param=0.1154 |  natural=0.0079 | clipped=0.0079(上限20.0)
26-28-11-32 原始规范坐标 G(Re Σrow_mean) = +8.7953 | 累计|g| = 7.4039
26-28-11-32 Ψ矩阵条件数 cond(Ψ) = 1.26e+01
26-28-11-32 Loss=-3.190150 | E0=-1.04749547+0.00088593j | E1=-0.95164947+0.00019048j|E2=-0.65595769+0.00004998j|E3=-0.53504711-0.00009110j
26-28-11-32 #-----------------------------------------#
26-28-11-32 [Step 172] logΨ: mean=6.998-0.271j | min=1.327+1.309j | max=7.082+1.580j
26-28-11-32 梯度监控 | raw=14.4701 | per_param=0.5235 |  natural=0.0148 | clipped=0.0148(上限20.0)
26-28-11-32 原始规范坐标 G(Re Σrow_mean) = +8.7839 | 累计|g| = 7.4039
26-28-11-32 Ψ矩阵条件数 cond(Ψ) = 1.26e+01
26-28-11-32 Loss=-3.187151 | E0=-1.04662043+0.00033471j | E1=-0.95033348+0.00079228j|E2=-0.65537009-0.00035877j|E3=-0.53482718-0.00000081j
26-28-11-32 #-----------------------------------------#
26-28-11-32 [Step 173] logΨ: mean=6.906-0.225j | min=2.851+2.560j | max=7.016+1.527j
26-28-11-32 梯度监控 | raw=3.0937 | per_param=0.1119 |  natural=0.0251 | clipped=0.0251(上限20.0)
26-28-11-32 原始规范坐标 G(Re Σrow_mean) = +8.7245 | 累计|g| = 7.4039
26-28-11-32 Ψ矩阵条件数 cond(Ψ) = 1.26e+01
26-28-11-32 Loss=-3.186098 | E0=-1.04381301-0.00103022j | E1=-0.95257200-0.00020511j|E2=-0.65657172-0.00017348j|E3=-0.53314147-0.00027232j
26-28-11-32 #-----------------------------------------#
26-28-11-32 [Step 174] logΨ: mean=6.854+0.078j | min=1.195+1.377j | max=6.995+1.532j
26-28-11-32 梯度监控 | raw=21.2365 | per_param=0.7683 |  natural=0.0286 | clipped=0.0286(上限20.0)
26-28-11-32 原始规范坐标 G(Re Σrow_mean) = +8.6879 | 累计|g| = 7.4039
26-28-11-32 Ψ矩阵条件数 cond(Ψ) = 1.24e+01
26-28-11-32 Loss=-3.186519 | E0=-1.04664932+0.00000846j | E1=-0.94917119+0.00083528j|E2=-0.65574188-0.00038314j|E3=-0.53495626+0.00036489j
26-28-11-32 #-----------------------------------------#
26-28-11-32 [Step 175] logΨ: mean=6.872+0.063j | min=1.903-0.308j | max=6.979+1.493j
26-28-11-32 梯度监控 | raw=4.7395 | per_param=0.1715 |  natural=0.0228 | clipped=0.0228(上限20.0)
26-28-11-32 原始规范坐标 G(Re Σrow_mean) = +8.7196 | 累计|g| = 7.4039
26-28-11-32 Ψ矩阵条件数 cond(Ψ) = 1.24e+01
26-28-11-32 Loss=-3.186183 | E0=-1.04428415-0.00132448j | E1=-0.95130411+0.00062861j|E2=-0.65663019-0.00041565j|E3=-0.53396458+0.00020330j
26-28-11-32 #-----------------------------------------#
26-28-11-32 [Step 176] logΨ: mean=6.854-0.024j | min=1.325+1.516j | max=6.930+1.481j
26-28-11-32 梯度监控 | raw=1.1533 | per_param=0.0417 |  natural=0.0205 | clipped=0.0205(上限20.0)
26-28-11-32 原始规范坐标 G(Re Σrow_mean) = +8.7101 | 累计|g| = 7.4039
26-28-11-32 Ψ矩阵条件数 cond(Ψ) = 1.24e+01
26-28-11-32 Loss=-3.190778 | E0=-1.04619945+0.00014866j | E1=-0.95207997-0.00008591j|E2=-0.65701424+0.00007699j|E3=-0.53548390+0.00022425j
26-28-11-32 #-----------------------------------------#
26-28-11-32 [Step 177] logΨ: mean=6.892+0.438j | min=1.578+1.336j | max=7.013+1.486j
26-28-11-32 梯度监控 | raw=1.9333 | per_param=0.0699 |  natural=0.0438 | clipped=0.0438(上限20.0)
26-28-11-32 原始规范坐标 G(Re Σrow_mean) = +8.6919 | 累计|g| = 7.4039
26-28-11-32 Ψ矩阵条件数 cond(Ψ) = 1.26e+01
26-28-11-32 Loss=-3.189701 | E0=-1.04536183+0.00015291j | E1=-0.95284851-0.00056435j|E2=-0.65788841-0.00028569j|E3=-0.53360175-0.00010446j
26-28-11-32 #-----------------------------------------#
26-28-11-32 [Step 178] logΨ: mean=6.897+0.577j | min=2.885+1.024j | max=6.956+1.483j
26-28-11-32 梯度监控 | raw=0.3668 | per_param=0.0133 |  natural=0.0229 | clipped=0.0229(上限20.0)
26-28-11-32 原始规范坐标 G(Re Σrow_mean) = +8.6895 | 累计|g| = 7.4039
26-28-11-32 Ψ矩阵条件数 cond(Ψ) = 1.25e+01
26-28-11-32 Loss=-3.190977 | E0=-1.04700863+0.00018520j | E1=-0.95199233+0.00019039j|E2=-0.65724959+0.00015171j|E3=-0.53472614+0.00010953j
26-28-11-32 #-----------------------------------------#
26-28-11-32 [Step 179] logΨ: mean=6.875+0.175j | min=1.185+1.487j | max=6.935+1.458j
26-28-11-32 梯度监控 | raw=3.0134 | per_param=0.1090 |  natural=0.0306 | clipped=0.0306(上限20.0)
26-28-11-32 原始规范坐标 G(Re Σrow_mean) = +8.6729 | 累计|g| = 7.4039
26-28-11-32 Ψ矩阵条件数 cond(Ψ) = 1.25e+01
26-28-11-32 Loss=-3.187629 | E0=-1.04539544+0.00194728j | E1=-0.95187184+0.00076074j|E2=-0.65649854-0.00033157j|E3=-0.53386347+0.00004146j
26-28-11-32 #-----------------------------------------#
26-28-11-32 [保存] Step 179 → pickle 文件已更新 (180 条记录)
26-28-11-32 [GaugeReset@180] 吸收 Δg = Σ Re(col_mean) = +8.6729 | 新|g| = 7.3362
26-28-11-32 [Step 180] logΨ: mean=6.949+0.010j | min=2.068-1.602j | max=7.033+1.605j
26-28-11-32 梯度监控 | raw=7.3255 | per_param=0.2650 |  natural=0.0221 | clipped=0.0221(上限20.0)
26-28-11-32 原始规范坐标 G(Re Σrow_mean) = +8.6665 | 累计|g| = 7.3362
26-28-11-32 Ψ矩阵条件数 cond(Ψ) = 1.27e+01
26-28-11-32 Loss=-3.180995 | E0=-1.04114262-0.00056242j | E1=-0.95023268-0.00051429j|E2=-0.65615701+0.00037120j|E3=-0.53346304+0.00013608j
26-28-11-32 #-----------------------------------------#
26-28-11-32 [Step 181] logΨ: mean=6.903-0.053j | min=2.351-3.109j | max=7.002+1.514j
26-28-11-32 梯度监控 | raw=5.0729 | per_param=0.1835 |  natural=0.0258 | clipped=0.0258(上限20.0)
26-28-11-32 原始规范坐标 G(Re Σrow_mean) = +8.6716 | 累计|g| = 7.3362
26-28-11-32 Ψ矩阵条件数 cond(Ψ) = 1.26e+01
26-28-11-32 Loss=-3.186883 | E0=-1.04431068+0.00048397j | E1=-0.95089112-0.00021331j|E2=-0.65725173+0.00015073j|E3=-0.53442913+0.00004335j
26-28-11-32 #-----------------------------------------#
26-28-11-32 [Step 182] logΨ: mean=6.933+0.136j | min=1.683-1.608j | max=7.010+1.540j
26-28-11-32 梯度监控 | raw=5.4292 | per_param=0.1964 |  natural=0.0125 | clipped=0.0125(上限20.0)
26-28-11-32 原始规范坐标 G(Re Σrow_mean) = +8.6863 | 累计|g| = 7.3362
26-28-11-32 Ψ矩阵条件数 cond(Ψ) = 1.26e+01
26-28-11-32 Loss=-3.187713 | E0=-1.04628350+0.00107485j | E1=-0.95149530+0.00059329j|E2=-0.65673320-0.00021054j|E3=-0.53320080-0.00012733j
26-28-11-32 #-----------------------------------------#
26-28-11-32 [Step 183] logΨ: mean=6.955-0.097j | min=0.871+1.542j | max=7.047+1.564j
26-28-11-32 梯度监控 | raw=6.4694 | per_param=0.2341 |  natural=0.0122 | clipped=0.0122(上限20.0)
26-28-11-32 原始规范坐标 G(Re Σrow_mean) = +8.7134 | 累计|g| = 7.3362
26-28-11-32 Ψ矩阵条件数 cond(Ψ) = 1.26e+01
26-28-11-32 Loss=-3.180139 | E0=-1.03882158-0.00312629j | E1=-0.95203610+0.00011525j|E2=-0.65587703+0.00006064j|E3=-0.53340389-0.00033188j
26-28-11-32 #-----------------------------------------#
26-28-11-32 [Step 184] logΨ: mean=6.957-0.483j | min=2.940-2.024j | max=7.017+1.562j
26-28-11-32 梯度监控 | raw=2.9472 | per_param=0.1066 |  natural=0.0161 | clipped=0.0161(上限20.0)
26-28-11-32 原始规范坐标 G(Re Σrow_mean) = +8.7073 | 累计|g| = 7.3362
26-28-11-32 Ψ矩阵条件数 cond(Ψ) = 1.25e+01
26-28-11-32 Loss=-3.186515 | E0=-1.04465517-0.00047830j | E1=-0.95204285-0.00000652j|E2=-0.65648542+0.00021632j|E3=-0.53333128-0.00027494j
26-28-11-32 #-----------------------------------------#
26-28-11-32 [Step 185] logΨ: mean=7.000-0.666j | min=2.900-1.834j | max=7.059+1.559j
26-28-11-32 梯度监控 | raw=2.1185 | per_param=0.0766 |  natural=0.0183 | clipped=0.0183(上限20.0)
26-28-11-32 原始规范坐标 G(Re Σrow_mean) = +8.7194 | 累计|g| = 7.3362
26-28-11-32 Ψ矩阵条件数 cond(Ψ) = 1.25e+01
26-28-11-32 Loss=-3.187650 | E0=-1.04456620-0.00101641j | E1=-0.95208606+0.00025092j|E2=-0.65715179+0.00007431j|E3=-0.53384597+0.00009259j
26-28-11-32 #-----------------------------------------#
26-28-11-32 [Step 186] logΨ: mean=6.973-0.780j | min=2.340+0.634j | max=7.074+1.578j
26-28-11-32 梯度监控 | raw=7.4094 | per_param=0.2681 |  natural=0.0286 | clipped=0.0286(上限20.0)
26-28-11-32 原始规范坐标 G(Re Σrow_mean) = +8.7181 | 累计|g| = 7.3362
26-28-11-32 Ψ矩阵条件数 cond(Ψ) = 1.22e+01
26-28-11-32 Loss=-3.185460 | E0=-1.04483037-0.00089978j | E1=-0.95111382-0.00047692j|E2=-0.65559587+0.00054694j|E3=-0.53391958+0.00006600j
26-28-11-32 #-----------------------------------------#
26-28-11-32 [Step 187] logΨ: mean=6.997-0.598j | min=1.421+1.625j | max=7.045+1.586j
26-28-11-32 梯度监控 | raw=3.9441 | per_param=0.1427 |  natural=0.0107 | clipped=0.0107(上限20.0)
26-28-11-32 原始规范坐标 G(Re Σrow_mean) = +8.7345 | 累计|g| = 7.3362
26-28-11-32 Ψ矩阵条件数 cond(Ψ) = 1.22e+01
26-28-11-32 Loss=-3.188782 | E0=-1.04689714+0.00096351j | E1=-0.95110622+0.00065816j|E2=-0.65624015-0.00019926j|E3=-0.53453870-0.00014436j
26-28-11-32 #-----------------------------------------#
26-28-11-32 [Step 188] logΨ: mean=6.946-0.616j | min=2.229+2.851j | max=7.009+1.594j
26-28-11-32 梯度监控 | raw=5.0114 | per_param=0.1813 |  natural=0.0236 | clipped=0.0236(上限20.0)
26-28-11-32 原始规范坐标 G(Re Σrow_mean) = +8.6901 | 累计|g| = 7.3362
26-28-11-32 Ψ矩阵条件数 cond(Ψ) = 1.22e+01
26-28-11-32 Loss=-3.189621 | E0=-1.04797741+0.00104264j | E1=-0.95121764+0.00024904j|E2=-0.65694575+0.00001220j|E3=-0.53348018-0.00017156j
26-28-11-32 #-----------------------------------------#
26-28-11-32 [Step 189] logΨ: mean=7.034-0.199j | min=2.186-1.523j | max=7.095+1.602j
26-28-11-32 梯度监控 | raw=1.6550 | per_param=0.0599 |  natural=0.0179 | clipped=0.0179(上限20.0)
26-28-11-32 原始规范坐标 G(Re Σrow_mean) = +8.7035 | 累计|g| = 7.3362
26-28-11-32 Ψ矩阵条件数 cond(Ψ) = 1.25e+01
26-28-11-32 Loss=-3.187590 | E0=-1.04463809+0.00015225j | E1=-0.95169212+0.00010783j|E2=-0.65633500+0.00014954j|E3=-0.53492444-0.00025960j
26-28-11-32 #-----------------------------------------#
26-28-11-32 [GaugeReset@190] 吸收 Δg = Σ Re(col_mean) = +8.7035 | 新|g| = 7.3895
26-28-11-32 [Step 190] logΨ: mean=6.886-0.113j | min=2.247-2.382j | max=7.008+1.537j
26-28-11-32 梯度监控 | raw=5.1498 | per_param=0.1863 |  natural=0.0220 | clipped=0.0220(上限20.0)
26-28-11-32 原始规范坐标 G(Re Σrow_mean) = +8.6391 | 累计|g| = 7.3895
26-28-11-32 Ψ矩阵条件数 cond(Ψ) = 1.25e+01
26-28-11-32 Loss=-3.186479 | E0=-1.04463826-0.00077953j | E1=-0.95089305+0.00001135j|E2=-0.65654746+0.00015139j|E3=-0.53440053+0.00019429j
26-28-11-32 #-----------------------------------------#
26-28-11-32 [Step 191] logΨ: mean=6.951-0.280j | min=0.752+1.227j | max=7.061+1.557j
26-28-11-32 梯度监控 | raw=4.8215 | per_param=0.1744 |  natural=0.0346 | clipped=0.0346(上限20.0)
26-28-11-32 原始规范坐标 G(Re Σrow_mean) = +8.6422 | 累计|g| = 7.3895
26-28-11-32 Ψ矩阵条件数 cond(Ψ) = 1.28e+01
26-28-11-32 Loss=-3.186473 | E0=-1.04544128-0.00008095j | E1=-0.95102327+0.00005589j|E2=-0.65639791+0.00004296j|E3=-0.53361054-0.00026598j
26-28-11-32 #-----------------------------------------#
26-28-11-32 [Step 192] logΨ: mean=7.084-0.266j | min=2.134-2.091j | max=7.159+1.564j
26-28-11-32 梯度监控 | raw=15.5430 | per_param=0.5623 |  natural=0.0299 | clipped=0.0299(上限20.0)
26-28-11-32 原始规范坐标 G(Re Σrow_mean) = +8.7396 | 累计|g| = 7.3895
26-28-11-32 Ψ矩阵条件数 cond(Ψ) = 1.25e+01
26-28-11-32 Loss=-3.188073 | E0=-1.04610210+0.00023939j | E1=-0.95022603+0.00038177j|E2=-0.65570449-0.00013961j|E3=-0.53604010+0.00018241j
26-28-11-32 #-----------------------------------------#
26-28-11-32 [Step 193] logΨ: mean=6.995+0.073j | min=1.212+1.400j | max=7.086+1.542j
26-28-11-32 梯度监控 | raw=1.5857 | per_param=0.0574 |  natural=0.0165 | clipped=0.0165(上限20.0)
26-28-11-32 原始规范坐标 G(Re Σrow_mean) = +8.6833 | 累计|g| = 7.3895
26-28-11-32 Ψ矩阵条件数 cond(Ψ) = 1.26e+01
26-28-11-32 Loss=-3.189491 | E0=-1.04609771-0.00024430j | E1=-0.95192928+0.00015140j|E2=-0.65717128+0.00006701j|E3=-0.53429247-0.00003031j
26-28-11-32 #-----------------------------------------#
26-28-11-32 [Step 194] logΨ: mean=7.051+0.185j | min=1.871-1.093j | max=7.125+1.563j
26-28-11-32 梯度监控 | raw=1.5095 | per_param=0.0546 |  natural=0.0243 | clipped=0.0243(上限20.0)
26-28-11-32 原始规范坐标 G(Re Σrow_mean) = +8.6834 | 累计|g| = 7.3895
26-28-11-32 Ψ矩阵条件数 cond(Ψ) = 1.29e+01
26-28-11-32 Loss=-3.190539 | E0=-1.04479631+0.00045317j | E1=-0.95211464+0.00018632j|E2=-0.65697311-0.00005423j|E3=-0.53665458-0.00002459j
26-28-11-32 #-----------------------------------------#
26-28-11-32 [Step 195] logΨ: mean=7.075-0.249j | min=-0.155+3.107j | max=7.211+1.642j
26-28-11-32 梯度监控 | raw=13.5644 | per_param=0.4907 |  natural=0.0573 | clipped=0.0573(上限20.0)
26-28-11-32 原始规范坐标 G(Re Σrow_mean) = +8.7013 | 累计|g| = 7.3895
26-28-11-32 Ψ矩阵条件数 cond(Ψ) = 1.31e+01
26-28-11-32 Loss=-3.177245 | E0=-1.03748986-0.00003061j | E1=-0.95059273-0.00074151j|E2=-0.65531623+0.00076793j|E3=-0.53384576-0.00003128j
26-28-11-32 #-----------------------------------------#
26-28-11-32 [Step 196] logΨ: mean=7.076+0.025j | min=2.699-0.634j | max=7.190+1.602j
26-28-11-32 梯度监控 | raw=7.8441 | per_param=0.2838 |  natural=0.0186 | clipped=0.0186(上限20.0)
26-28-11-32 原始规范坐标 G(Re Σrow_mean) = +8.7175 | 累计|g| = 7.3895
26-28-11-32 Ψ矩阵条件数 cond(Ψ) = 1.31e+01
26-28-11-32 Loss=-3.184250 | E0=-1.04188693-0.00134720j | E1=-0.95087806-0.00073232j|E2=-0.65605729-0.00007078j|E3=-0.53542788+0.00097779j
26-28-11-32 #-----------------------------------------#
26-28-11-32 [Step 197] logΨ: mean=7.070-0.172j | min=1.516-2.179j | max=7.221+1.572j
26-28-11-32 梯度监控 | raw=10.2125 | per_param=0.3695 |  natural=0.0265 | clipped=0.0265(上限20.0)
26-28-11-32 原始规范坐标 G(Re Σrow_mean) = +8.6797 | 累计|g| = 7.3895
26-28-11-32 Ψ矩阵条件数 cond(Ψ) = 1.31e+01
26-28-11-32 Loss=-3.174266 | E0=-1.03665703-0.00530731j | E1=-0.95152104+0.00081525j|E2=-0.65507337-0.00033625j|E3=-0.53101501-0.00074853j
26-28-11-32 #-----------------------------------------#
26-28-11-33 [Step 198] logΨ: mean=7.344-0.359j | min=2.244-1.560j | max=7.402+1.601j
26-28-11-33 梯度监控 | raw=7.0035 | per_param=0.2534 |  natural=0.0229 | clipped=0.0229(上限20.0)
26-28-11-33 原始规范坐标 G(Re Σrow_mean) = +8.8162 | 累计|g| = 7.3895
26-28-11-33 Ψ矩阵条件数 cond(Ψ) = 1.33e+01
26-28-11-33 Loss=-3.187751 | E0=-1.04660284+0.00271771j | E1=-0.94972397+0.00024117j|E2=-0.65606678+0.00001711j|E3=-0.53535737-0.00018774j
26-28-11-33 #-----------------------------------------#
26-28-11-33 [Step 199] logΨ: mean=7.336-0.449j | min=3.216-1.985j | max=7.368+1.598j
26-28-11-33 梯度监控 | raw=0.0200 | per_param=0.0007 |  natural=0.0290 | clipped=0.0290(上限20.0)
26-28-11-33 原始规范坐标 G(Re Σrow_mean) = +8.8135 | 累计|g| = 7.3895
26-28-11-33 Ψ矩阵条件数 cond(Ψ) = 1.32e+01
26-28-11-33 Loss=-3.190334 | E0=-1.04689208+0.00223822j | E1=-0.95170527+0.00015007j|E2=-0.65687904+0.00010707j|E3=-0.53485734+0.00005608j
26-28-11-33 #-----------------------------------------#
26-28-11-33 [保存] Step 199 → pickle 文件已更新 (200 条记录)
26-28-11-33 [GaugeReset@200] 吸收 Δg = Σ Re(col_mean) = +8.8135 | 新|g| = 7.4462
26-28-11-33 【Step 200】per-param 梯度范数超限，已裁剪：scale=0.2879 | 裁剪后 per_param=1.0000
26-28-11-33 [Step 200] logΨ: mean=7.021-0.550j | min=2.674-0.817j | max=7.223+1.570j
26-28-11-33 梯度监控 | raw=27.6405 | per_param=1.0000 |  natural=0.0103 | clipped=0.0103(上限20.0)
26-28-11-33 原始规范坐标 G(Re Σrow_mean) = +8.6816 | 累计|g| = 7.4462
26-28-11-33 Ψ矩阵条件数 cond(Ψ) = 1.30e+01
26-28-11-33 Loss=-3.081446 | E0=-0.98071972+0.00191263j | E1=-0.92675378+0.00182233j|E2=-0.64990982+0.00038971j|E3=-0.52406257-0.00152864j
26-28-11-33 #-----------------------------------------#
26-28-11-33 【Step 201】per-param 梯度范数超限，已裁剪：scale=0.3768 | 裁剪后 per_param=1.0000
26-28-11-33 [Step 201] logΨ: mean=7.052-0.557j | min=1.937+0.660j | max=7.203+1.571j
26-28-11-33 梯度监控 | raw=27.6405 | per_param=1.0000 |  natural=0.0132 | clipped=0.0132(上限20.0)
26-28-11-33 原始规范坐标 G(Re Σrow_mean) = +8.6905 | 累计|g| = 7.4462
26-28-11-33 Ψ矩阵条件数 cond(Ψ) = 1.24e+02
26-28-11-33 Loss=-3.112162 | E0=-0.99549419+0.00152972j | E1=-0.93596404-0.00156295j|E2=-0.65023255+0.00089572j|E3=-0.53047078+0.00200247j
26-28-11-33 #-----------------------------------------#
26-28-11-33 【Step 202】per-param 梯度范数超限，已裁剪：scale=0.7436 | 裁剪后 per_param=1.0000
26-28-11-33 [Step 202] logΨ: mean=6.954-0.205j | min=1.539+1.688j | max=7.101+1.486j
26-28-11-33 梯度监控 | raw=27.6405 | per_param=1.0000 |  natural=0.0290 | clipped=0.0290(上限20.0)
26-28-11-33 原始规范坐标 G(Re Σrow_mean) = +8.6350 | 累计|g| = 7.4462
26-28-11-33 Ψ矩阵条件数 cond(Ψ) = 1.29e+01
26-28-11-33 Loss=-3.156399 | E0=-1.02949976+0.00657935j | E1=-0.94368757+0.00433011j|E2=-0.65315072-0.00180795j|E3=-0.53006134-0.00076867j
26-28-11-33 #-----------------------------------------#
26-28-11-33 【Step 203】per-param 梯度范数超限，已裁剪：scale=0.4795 | 裁剪后 per_param=1.0000
26-28-11-33 [Step 203] logΨ: mean=6.910-0.010j | min=2.822+1.088j | max=7.056+1.479j
26-28-11-33 梯度监控 | raw=27.6405 | per_param=1.0000 |  natural=0.0152 | clipped=0.0152(上限20.0)
26-28-11-33 原始规范坐标 G(Re Σrow_mean) = +8.6192 | 累计|g| = 7.4462
26-28-11-33 Ψ矩阵条件数 cond(Ψ) = 1.27e+01
26-28-11-33 Loss=-3.129908 | E0=-1.01096284+0.00242979j | E1=-0.93840242-0.00057729j|E2=-0.65013584+0.00043431j|E3=-0.53040685+0.00081799j
26-28-11-33 #-----------------------------------------#
26-28-11-33 【Step 204】per-param 梯度范数超限，已裁剪：scale=0.7262 | 裁剪后 per_param=1.0000
26-28-11-33 [Step 204] logΨ: mean=6.838-0.277j | min=1.290-0.085j | max=6.958+1.432j
26-28-11-33 梯度监控 | raw=27.6405 | per_param=1.0000 |  natural=0.0210 | clipped=0.0210(上限20.0)
26-28-11-33 原始规范坐标 G(Re Σrow_mean) = +8.5947 | 累计|g| = 7.4462
26-28-11-33 Ψ矩阵条件数 cond(Ψ) = 1.24e+01
26-28-11-33 Loss=-3.154512 | E0=-1.02998916+0.00538782j | E1=-0.94233264+0.00020268j|E2=-0.65139739+0.00028455j|E3=-0.53079322-0.00056612j
26-28-11-33 #-----------------------------------------#
26-28-11-33 【Step 205】per-param 梯度范数超限，已裁剪：scale=0.5613 | 裁剪后 per_param=1.0000
26-28-11-33 [Step 205] logΨ: mean=6.803-0.758j | min=1.254-1.983j | max=6.947+1.421j
26-28-11-33 梯度监控 | raw=27.6405 | per_param=1.0000 |  natural=0.0111 | clipped=0.0111(上限20.0)
26-28-11-33 原始规范坐标 G(Re Σrow_mean) = +8.5657 | 累计|g| = 7.4462
26-28-11-33 Ψ矩阵条件数 cond(Ψ) = 1.25e+01
26-28-11-33 Loss=-3.137647 | E0=-1.00996834+0.00263448j | E1=-0.94433158-0.00170864j|E2=-0.65467038+0.00089511j|E3=-0.52867639-0.00053214j
26-28-11-33 #-----------------------------------------#
26-28-11-33 [Step 206] logΨ: mean=6.854-0.864j | min=1.717+2.045j | max=6.975+1.391j
26-28-11-33 梯度监控 | raw=24.9935 | per_param=0.9042 |  natural=0.0276 | clipped=0.0276(上限20.0)
26-28-11-33 原始规范坐标 G(Re Σrow_mean) = +8.5214 | 累计|g| = 7.4462
26-28-11-33 Ψ矩阵条件数 cond(Ψ) = 1.28e+01
26-28-11-33 Loss=-3.164612 | E0=-1.03259962+0.00178417j | E1=-0.94551693-0.00037819j|E2=-0.65219910+0.00063005j|E3=-0.53429671+0.00194562j
26-28-11-33 #-----------------------------------------#
26-28-11-33 【Step 207】per-param 梯度范数超限，已裁剪：scale=0.7040 | 裁剪后 per_param=1.0000
26-28-11-33 [Step 207] logΨ: mean=6.770-0.633j | min=2.547-2.282j | max=6.903+1.380j
26-28-11-33 梯度监控 | raw=27.6405 | per_param=1.0000 |  natural=0.0135 | clipped=0.0135(上限20.0)
26-28-11-33 原始规范坐标 G(Re Σrow_mean) = +8.4926 | 累计|g| = 7.4462
26-28-11-33 Ψ矩阵条件数 cond(Ψ) = 1.26e+01
26-28-11-33 Loss=-3.143687 | E0=-1.02220763+0.00140206j | E1=-0.93933719-0.00051398j|E2=-0.65210107+0.00057279j|E3=-0.53004131-0.00070259j
26-28-11-33 #-----------------------------------------#
26-28-11-33 【Step 208】per-param 梯度范数超限，已裁剪：scale=0.6522 | 裁剪后 per_param=1.0000
26-28-11-33 [Step 208] logΨ: mean=6.683-0.085j | min=1.754+2.206j | max=6.843+1.364j
26-28-11-33 梯度监控 | raw=27.6405 | per_param=1.0000 |  natural=0.0139 | clipped=0.0139(上限20.0)
26-28-11-33 原始规范坐标 G(Re Σrow_mean) = +8.4491 | 累计|g| = 7.4462
26-28-11-33 Ψ矩阵条件数 cond(Ψ) = 1.25e+01
26-28-11-33 Loss=-3.133598 | E0=-1.00510512-0.00334849j | E1=-0.94353436+0.00009498j|E2=-0.65460919-0.00032867j|E3=-0.53034961+0.00144600j
26-28-11-33 #-----------------------------------------#
26-28-11-33 [Step 209] logΨ: mean=6.748+0.307j | min=-0.466+1.701j | max=6.883+1.408j
26-28-11-33 梯度监控 | raw=23.2941 | per_param=0.8428 |  natural=0.0185 | clipped=0.0185(上限20.0)
26-28-11-33 原始规范坐标 G(Re Σrow_mean) = +8.4347 | 累计|g| = 7.4462
26-28-11-33 Ψ矩阵条件数 cond(Ψ) = 1.28e+01
26-28-11-33 Loss=-3.166349 | E0=-1.03549290+0.00214348j | E1=-0.94507189+0.00143045j|E2=-0.65448375-0.00052085j|E3=-0.53130066-0.00037815j
26-28-11-33 #-----------------------------------------#
26-28-11-33 [GaugeReset@210] 吸收 Δg = Σ Re(col_mean) = +8.4347 | 新|g| = 7.4126
26-28-11-33 【Step 210】per-param 梯度范数超限，已裁剪：scale=0.5789 | 裁剪后 per_param=1.0000
26-28-11-33 [Step 210] logΨ: mean=6.949+0.069j | min=2.243+0.783j | max=7.172+1.348j
26-28-11-33 梯度监控 | raw=27.6405 | per_param=1.0000 |  natural=0.0173 | clipped=0.0173(上限20.0)
26-28-11-33 原始规范坐标 G(Re Σrow_mean) = +8.3813 | 累计|g| = 7.4126
26-28-11-33 Ψ矩阵条件数 cond(Ψ) = 1.23e+01
26-28-11-33 Loss=-3.125328 | E0=-1.00393369-0.00472315j | E1=-0.93900352-0.00318416j|E2=-0.65303747+0.00075612j|E3=-0.52935341+0.00163805j
26-28-11-33 #-----------------------------------------#
26-28-11-33 [Step 211] logΨ: mean=7.100+0.569j | min=2.261+1.584j | max=7.223+1.366j
26-28-11-33 梯度监控 | raw=22.6437 | per_param=0.8192 |  natural=0.0340 | clipped=0.0340(上限20.0)
26-28-11-33 原始规范坐标 G(Re Σrow_mean) = +8.4376 | 累计|g| = 7.4126
26-28-11-33 Ψ矩阵条件数 cond(Ψ) = 1.27e+01
26-28-11-33 Loss=-3.169794 | E0=-1.03579278-0.00030344j | E1=-0.94586732-0.00104626j|E2=-0.65412598+0.00045889j|E3=-0.53400779+0.00169269j
26-28-11-33 #-----------------------------------------#
26-28-11-33 [Step 212] logΨ: mean=7.179+0.278j | min=2.775+1.238j | max=7.214+1.364j
26-28-11-33 梯度监控 | raw=3.7752 | per_param=0.1366 |  natural=0.0156 | clipped=0.0156(上限20.0)
26-28-11-33 原始规范坐标 G(Re Σrow_mean) = +8.4601 | 累计|g| = 7.4126
26-28-11-33 Ψ矩阵条件数 cond(Ψ) = 1.28e+01
26-28-11-33 Loss=-3.189674 | E0=-1.04870242+0.00316582j | E1=-0.95083835+0.00024082j|E2=-0.65628415+0.00005518j|E3=-0.53384916-0.00021714j
26-28-11-33 #-----------------------------------------#
26-28-11-33 [Step 213] logΨ: mean=7.115-0.284j | min=2.750-0.638j | max=7.208+1.406j
26-28-11-33 梯度监控 | raw=13.7644 | per_param=0.4980 |  natural=0.0221 | clipped=0.0221(上限20.0)
26-28-11-33 原始规范坐标 G(Re Σrow_mean) = +8.4526 | 累计|g| = 7.4126
26-28-11-33 Ψ矩阵条件数 cond(Ψ) = 1.25e+01
26-28-11-33 Loss=-3.181292 | E0=-1.04477911+0.00173155j | E1=-0.94834367+0.00053109j|E2=-0.65511810-0.00020070j|E3=-0.53305067-0.00024681j
26-28-11-33 #-----------------------------------------#
26-28-11-33 [Step 214] logΨ: mean=7.132-0.588j | min=2.894-2.032j | max=7.203+1.419j
26-28-11-33 梯度监控 | raw=5.6763 | per_param=0.2054 |  natural=0.0110 | clipped=0.0110(上限20.0)
26-28-11-33 原始规范坐标 G(Re Σrow_mean) = +8.4727 | 累计|g| = 7.4126
26-28-11-33 Ψ矩阵条件数 cond(Ψ) = 1.25e+01
26-28-11-33 Loss=-3.186328 | E0=-1.04610451+0.00145902j | E1=-0.95099635+0.00051577j|E2=-0.65517603-0.00008770j|E3=-0.53405119+0.00021295j
26-28-11-33 #-----------------------------------------#
26-28-11-33 [Step 215] logΨ: mean=7.053-0.138j | min=1.887-2.109j | max=7.135+1.366j
26-28-11-33 梯度监控 | raw=8.0852 | per_param=0.2925 |  natural=0.0196 | clipped=0.0196(上限20.0)
26-28-11-33 原始规范坐标 G(Re Σrow_mean) = +8.3464 | 累计|g| = 7.4126
26-28-11-33 Ψ矩阵条件数 cond(Ψ) = 3.10e+01
26-28-11-33 Loss=-3.179803 | E0=-1.04097253-0.00009224j | E1=-0.95062572+0.00048820j|E2=-0.65553349-0.00013923j|E3=-0.53267095-0.00022770j
26-28-11-33 #-----------------------------------------#
26-28-11-33 【Step 216】per-param 梯度范数超限，已裁剪：scale=0.8124 | 裁剪后 per_param=1.0000
26-28-11-33 [Step 216] logΨ: mean=6.990-0.171j | min=2.787+1.012j | max=7.076+1.336j
26-28-11-33 梯度监控 | raw=27.6405 | per_param=1.0000 |  natural=0.0156 | clipped=0.0156(上限20.0)
26-28-11-33 原始规范坐标 G(Re Σrow_mean) = +8.3393 | 累计|g| = 7.4126
26-28-11-33 Ψ矩阵条件数 cond(Ψ) = 1.27e+01
26-28-11-33 Loss=-3.173785 | E0=-1.04908768+0.00194014j | E1=-0.93443812+0.00043761j|E2=-0.65496076-0.00030735j|E3=-0.53529818+0.00009279j
26-28-11-33 #-----------------------------------------#
26-28-11-33 【Step 217】per-param 梯度范数超限，已裁剪：scale=0.9439 | 裁剪后 per_param=1.0000
26-28-11-33 [Step 217] logΨ: mean=6.845+0.088j | min=2.662+0.952j | max=6.958+1.281j
26-28-11-33 梯度监控 | raw=27.6405 | per_param=1.0000 |  natural=0.0265 | clipped=0.0265(上限20.0)
26-28-11-33 原始规范坐标 G(Re Σrow_mean) = +8.3027 | 累计|g| = 7.4126
26-28-11-33 Ψ矩阵条件数 cond(Ψ) = 1.23e+01
26-28-11-33 Loss=-3.171538 | E0=-1.04376083-0.00006881j | E1=-0.93822833-0.00027982j|E2=-0.65651772+0.00019296j|E3=-0.53303082-0.00009509j
26-28-11-33 #-----------------------------------------#
26-28-11-33 【Step 218】per-param 梯度范数超限，已裁剪：scale=0.8389 | 裁剪后 per_param=1.0000
26-28-11-33 [Step 218] logΨ: mean=6.656-0.099j | min=0.441-2.579j | max=6.874+1.228j
26-28-11-33 梯度监控 | raw=27.6405 | per_param=1.0000 |  natural=0.0279 | clipped=0.0279(上限20.0)
26-28-11-33 原始规范坐标 G(Re Σrow_mean) = +8.2257 | 累计|g| = 7.4126
26-28-11-33 Ψ矩阵条件数 cond(Ψ) = 1.20e+01
26-28-11-33 Loss=-3.160624 | E0=-1.03256894-0.00373211j | E1=-0.94087965-0.00047083j|E2=-0.65501836-0.00036409j|E3=-0.53215690-0.00010474j
26-28-11-33 #-----------------------------------------#
26-28-11-33 [Step 219] logΨ: mean=6.678-0.236j | min=1.822-0.384j | max=6.778+1.150j
26-28-11-33 梯度监控 | raw=23.0345 | per_param=0.8334 |  natural=0.0265 | clipped=0.0265(上限20.0)
26-28-11-33 原始规范坐标 G(Re Σrow_mean) = +8.2886 | 累计|g| = 7.4126
26-28-11-33 Ψ矩阵条件数 cond(Ψ) = 1.16e+01
26-28-11-33 Loss=-3.183566 | E0=-1.04882564+0.00124566j | E1=-0.94511363-0.00002842j|E2=-0.65571325+0.00005601j|E3=-0.53391310-0.00016940j
26-28-11-33 #-----------------------------------------#
26-28-11-33 [保存] Step 219 → pickle 文件已更新 (220 条记录)
26-28-11-33 [GaugeReset@220] 吸收 Δg = Σ Re(col_mean) = +8.2886 | 新|g| = 7.3576
26-28-11-33 [Step 220] logΨ: mean=6.883+0.232j | min=1.441-2.163j | max=7.013+1.224j
26-28-11-33 梯度监控 | raw=6.4956 | per_param=0.2350 |  natural=0.0411 | clipped=0.0411(上限20.0)
26-28-11-33 原始规范坐标 G(Re Σrow_mean) = +8.3100 | 累计|g| = 7.3576
26-28-11-33 Ψ矩阵条件数 cond(Ψ) = 1.21e+01
26-28-11-33 Loss=-3.180683 | E0=-1.04166084-0.00081561j | E1=-0.95068937-0.00020883j|E2=-0.65477367+0.00010840j|E3=-0.53355912-0.00034553j
26-28-11-33 #-----------------------------------------#
26-28-11-33 [Step 221] logΨ: mean=6.867-0.088j | min=2.541-0.561j | max=6.995+1.189j
26-28-11-33 梯度监控 | raw=9.6648 | per_param=0.3497 |  natural=0.0191 | clipped=0.0191(上限20.0)
26-28-11-33 原始规范坐标 G(Re Σrow_mean) = +8.3208 | 累计|g| = 7.3576
26-28-11-33 Ψ矩阵条件数 cond(Ψ) = 1.20e+01
26-28-11-33 Loss=-3.184777 | E0=-1.04318383-0.00093741j | E1=-0.95058733+0.00024905j|E2=-0.65642118-0.00025833j|E3=-0.53458503+0.00020901j
26-28-11-33 #-----------------------------------------#
26-28-11-33 [Step 222] logΨ: mean=6.974-0.098j | min=2.495-0.579j | max=7.035+1.186j
26-28-11-33 梯度监控 | raw=4.1857 | per_param=0.1514 |  natural=0.0115 | clipped=0.0115(上限20.0)
26-28-11-33 原始规范坐标 G(Re Σrow_mean) = +8.4045 | 累计|g| = 7.3576
26-28-11-33 Ψ矩阵条件数 cond(Ψ) = 1.19e+01
26-28-11-33 Loss=-3.185801 | E0=-1.04555784-0.00037127j | E1=-0.95175379+0.00039831j|E2=-0.65618354-0.00018834j|E3=-0.53230604-0.00062398j
26-28-11-33 #-----------------------------------------#
26-28-11-33 [Step 223] logΨ: mean=6.999+0.221j | min=2.824-0.500j | max=7.057+1.181j
26-28-11-33 梯度监控 | raw=13.3738 | per_param=0.4838 |  natural=0.0087 | clipped=0.0087(上限20.0)
26-28-11-33 原始规范坐标 G(Re Σrow_mean) = +8.4326 | 累计|g| = 7.3576
26-28-11-33 Ψ矩阵条件数 cond(Ψ) = 1.19e+01
26-28-11-33 Loss=-3.189190 | E0=-1.04791643+0.00070436j | E1=-0.95047067+0.00043401j|E2=-0.65639629-0.00024763j|E3=-0.53440619-0.00001382j
26-28-11-33 #-----------------------------------------#
26-28-11-33 [Step 224] logΨ: mean=7.002+0.004j | min=1.689-1.978j | max=7.114+1.211j
26-28-11-33 梯度监控 | raw=5.4234 | per_param=0.1962 |  natural=0.0236 | clipped=0.0236(上限20.0)
26-28-11-33 原始规范坐标 G(Re Σrow_mean) = +8.4092 | 累计|g| = 7.3576
26-28-11-33 Ψ矩阵条件数 cond(Ψ) = 1.22e+01
26-28-11-33 Loss=-3.191021 | E0=-1.04655843+0.00049704j | E1=-0.95147732-0.00045303j|E2=-0.65768279+0.00018673j|E3=-0.53530242+0.00021485j
26-28-11-33 #-----------------------------------------#
26-28-11-33 [Step 225] logΨ: mean=6.964-0.187j | min=2.687+1.034j | max=7.018+1.252j
26-28-11-33 梯度监控 | raw=5.2887 | per_param=0.1913 |  natural=0.0309 | clipped=0.0309(上限20.0)
26-28-11-33 原始规范坐标 G(Re Σrow_mean) = +8.4015 | 累计|g| = 7.3576
26-28-11-33 Ψ矩阵条件数 cond(Ψ) = 1.20e+01
26-28-11-33 Loss=-3.189022 | E0=-1.04600834+0.00017538j | E1=-0.95042615+0.00000573j|E2=-0.65702238+0.00002972j|E3=-0.53556468+0.00033404j
26-28-11-33 #-----------------------------------------#
26-28-11-33 [Step 226] logΨ: mean=6.984-0.626j | min=3.838-1.914j | max=7.004+1.276j
26-28-11-33 梯度监控 | raw=0.0301 | per_param=0.0011 |  natural=0.0059 | clipped=0.0059(上限20.0)
26-28-11-33 原始规范坐标 G(Re Σrow_mean) = +8.4148 | 累计|g| = 7.3576
26-28-11-33 Ψ矩阵条件数 cond(Ψ) = 1.20e+01
26-28-11-33 Loss=-3.190892 | E0=-1.04803478+0.00051233j | E1=-0.95209574+0.00014498j|E2=-0.65701591+0.00002906j|E3=-0.53374522-0.00024108j
26-28-11-33 #-----------------------------------------#
26-28-11-33 [Step 227] logΨ: mean=6.748-0.579j | min=1.041-1.846j | max=6.860+1.219j
26-28-11-33 梯度监控 | raw=23.2164 | per_param=0.8399 |  natural=0.0352 | clipped=0.0352(上限20.0)
26-28-11-33 原始规范坐标 G(Re Σrow_mean) = +8.3541 | 累计|g| = 7.3576
26-28-11-33 Ψ矩阵条件数 cond(Ψ) = 1.13e+01
26-28-11-33 Loss=-3.183301 | E0=-1.04697323+0.00050801j | E1=-0.94498245+0.00010120j|E2=-0.65625409+0.00001034j|E3=-0.53509101+0.00033939j
26-28-11-33 #-----------------------------------------#
26-28-11-33 [Step 228] logΨ: mean=6.627-0.221j | min=1.013+1.159j | max=6.734+1.188j
26-28-11-33 梯度监控 | raw=4.3229 | per_param=0.1564 |  natural=0.0341 | clipped=0.0341(上限20.0)
26-28-11-33 原始规范坐标 G(Re Σrow_mean) = +8.2889 | 累计|g| = 7.3576
26-28-11-33 Ψ矩阵条件数 cond(Ψ) = 1.11e+01
26-28-11-33 Loss=-3.183751 | E0=-1.04292032-0.00230486j | E1=-0.95139088+0.00017931j|E2=-0.65590749-0.00009345j|E3=-0.53353210-0.00014951j
26-28-11-33 #-----------------------------------------#
26-28-11-33 [Step 229] logΨ: mean=6.684-0.200j | min=1.162-1.863j | max=6.820+1.205j
26-28-11-33 梯度监控 | raw=10.5356 | per_param=0.3812 |  natural=0.0260 | clipped=0.0260(上限20.0)
26-28-11-33 原始规范坐标 G(Re Σrow_mean) = +8.2891 | 累计|g| = 7.3576
26-28-11-33 Ψ矩阵条件数 cond(Ψ) = 1.15e+01
26-28-11-33 Loss=-3.183356 | E0=-1.04432974-0.00179187j | E1=-0.94863547+0.00034501j|E2=-0.65675813-0.00020846j|E3=-0.53363291+0.00020162j
26-28-11-33 #-----------------------------------------#
26-28-11-33 [GaugeReset@230] 吸收 Δg = Σ Re(col_mean) = +8.2891 | 新|g| = 7.2769
26-28-11-33 [Step 230] logΨ: mean=6.853-0.451j | min=1.110-1.821j | max=6.899+1.320j
26-28-11-33 梯度监控 | raw=4.0771 | per_param=0.1475 |  natural=0.0352 | clipped=0.0352(上限20.0)
26-28-11-33 原始规范坐标 G(Re Σrow_mean) = +8.3578 | 累计|g| = 7.2769
26-28-11-33 Ψ矩阵条件数 cond(Ψ) = 1.19e+01
26-28-11-33 Loss=-3.188689 | E0=-1.04681507+0.00048422j | E1=-0.95082914+0.00017083j|E2=-0.65681516-0.00015372j|E3=-0.53422944+0.00009443j
26-28-11-33 #-----------------------------------------#
26-28-11-33 [Step 231] logΨ: mean=6.715-0.190j | min=2.373+0.201j | max=6.820+1.285j
26-28-11-33 梯度监控 | raw=19.1216 | per_param=0.6918 |  natural=0.0347 | clipped=0.0347(上限20.0)
26-28-11-33 原始规范坐标 G(Re Σrow_mean) = +8.2881 | 累计|g| = 7.2769
26-28-11-33 Ψ矩阵条件数 cond(Ψ) = 1.16e+01
26-28-11-33 Loss=-3.169085 | E0=-1.03439155-0.00036190j | E1=-0.94742023-0.00026170j|E2=-0.65423709+0.00041025j|E3=-0.53303571-0.00059331j
26-28-11-33 #-----------------------------------------#
26-28-11-33 [Step 232] logΨ: mean=6.828+0.173j | min=2.093+0.623j | max=6.920+1.311j
26-28-11-33 梯度监控 | raw=10.3451 | per_param=0.3743 |  natural=0.0299 | clipped=0.0299(上限20.0)
26-28-11-33 原始规范坐标 G(Re Σrow_mean) = +8.3272 | 累计|g| = 7.2769
26-28-11-33 Ψ矩阵条件数 cond(Ψ) = 1.19e+01
26-28-11-33 Loss=-3.182008 | E0=-1.03945364+0.00143075j | E1=-0.95055515-0.00062031j|E2=-0.65736411+0.00054053j|E3=-0.53463481-0.00044030j
26-28-11-33 #-----------------------------------------#
26-28-11-33 [Step 233] logΨ: mean=6.802+0.010j | min=1.924+0.611j | max=6.896+1.294j
26-28-11-33 梯度监控 | raw=9.0537 | per_param=0.3276 |  natural=0.0291 | clipped=0.0291(上限20.0)
26-28-11-33 原始规范坐标 G(Re Σrow_mean) = +8.3479 | 累计|g| = 7.2769
26-28-11-33 Ψ矩阵条件数 cond(Ψ) = 1.16e+01
26-28-11-33 Loss=-3.185974 | E0=-1.04666703+0.00271844j | E1=-0.95032288+0.00067649j|E2=-0.65563990-0.00041583j|E3=-0.53334440-0.00000334j
26-28-11-33 #-----------------------------------------#
26-28-11-33 [Step 234] logΨ: mean=6.899+0.408j | min=2.331+2.073j | max=6.969+1.309j
26-28-11-33 梯度监控 | raw=2.7863 | per_param=0.1008 |  natural=0.0146 | clipped=0.0146(上限20.0)
26-28-11-33 原始规范坐标 G(Re Σrow_mean) = +8.3636 | 累计|g| = 7.2769
26-28-11-33 Ψ矩阵条件数 cond(Ψ) = 1.19e+01
26-28-11-33 Loss=-3.188123 | E0=-1.04593519+0.00262324j | E1=-0.95174886+0.00005971j|E2=-0.65672645+0.00006526j|E3=-0.53371253-0.00033447j
26-28-11-33 #-----------------------------------------#
26-28-11-33 [Step 235] logΨ: mean=6.977+0.329j | min=1.521-2.380j | max=7.083+1.344j
26-28-11-33 梯度监控 | raw=17.0279 | per_param=0.6160 |  natural=0.0172 | clipped=0.0172(上限20.0)
26-28-11-33 原始规范坐标 G(Re Σrow_mean) = +8.3912 | 累计|g| = 7.2769
26-28-11-33 Ψ矩阵条件数 cond(Ψ) = 1.22e+01
26-28-11-33 Loss=-3.177693 | E0=-1.03927176-0.00209758j | E1=-0.94919028+0.00054544j|E2=-0.65513972-0.00041774j|E3=-0.53409107-0.00004804j
26-28-11-33 #-----------------------------------------#
26-28-11-33 [Step 236] logΨ: mean=7.014+0.147j | min=2.053-2.672j | max=7.061+1.345j
26-28-11-33 梯度监控 | raw=5.1741 | per_param=0.1872 |  natural=0.0072 | clipped=0.0072(上限20.0)
26-28-11-33 原始规范坐标 G(Re Σrow_mean) = +8.4243 | 累计|g| = 7.2769
26-28-11-33 Ψ矩阵条件数 cond(Ψ) = 1.22e+01
26-28-11-33 Loss=-3.191587 | E0=-1.04695534+0.00275411j | E1=-0.95146786-0.00062485j|E2=-0.65772069+0.00050961j|E3=-0.53544274+0.00003796j
26-28-11-33 #-----------------------------------------#
26-28-11-33 [Step 237] logΨ: mean=6.780-0.427j | min=1.787-2.757j | max=6.939+1.294j
26-28-11-33 梯度监控 | raw=11.9824 | per_param=0.4335 |  natural=0.0387 | clipped=0.0387(上限20.0)
26-28-11-33 原始规范坐标 G(Re Σrow_mean) = +8.3182 | 累计|g| = 7.2769
26-28-11-33 Ψ矩阵条件数 cond(Ψ) = 1.17e+01
26-28-11-33 Loss=-3.183349 | E0=-1.04081199-0.00087185j | E1=-0.95122374-0.00107816j|E2=-0.65769853+0.00061220j|E3=-0.53361490+0.00030536j
26-28-11-33 #-----------------------------------------#
26-28-11-33 [Step 238] logΨ: mean=6.943-0.192j | min=1.331+1.331j | max=6.999+1.323j
26-28-11-33 梯度监控 | raw=5.9187 | per_param=0.2141 |  natural=0.0159 | clipped=0.0159(上限20.0)
26-28-11-33 原始规范坐标 G(Re Σrow_mean) = +8.3876 | 累计|g| = 7.2769
26-28-11-33 Ψ矩阵条件数 cond(Ψ) = 1.21e+01
26-28-11-33 Loss=-3.182374 | E0=-1.04007002-0.00114659j | E1=-0.95171946-0.00019724j|E2=-0.65674664+0.00014039j|E3=-0.53383784-0.00042454j
26-28-11-33 #-----------------------------------------#
26-28-11-33 [Step 239] logΨ: mean=6.941-0.210j | min=1.869+0.815j | max=6.979+1.328j
26-28-11-33 梯度监控 | raw=0.8166 | per_param=0.0295 |  natural=0.0061 | clipped=0.0061(上限20.0)
26-28-11-33 原始规范坐标 G(Re Σrow_mean) = +8.3810 | 累计|g| = 7.2769
26-28-11-33 Ψ矩阵条件数 cond(Ψ) = 1.21e+01
26-28-11-33 Loss=-3.191330 | E0=-1.04823888+0.00243414j | E1=-0.95225294+0.00029607j|E2=-0.65687847-0.00020682j|E3=-0.53395967+0.00020813j
26-28-11-33 #-----------------------------------------#
26-28-11-33 [保存] Step 239 → pickle 文件已更新 (240 条记录)
26-28-11-33 [GaugeReset@240] 吸收 Δg = Σ Re(col_mean) = +8.3810 | 新|g| = 7.3391
26-28-11-33 [Step 240] logΨ: mean=6.832+0.240j | min=1.395+1.279j | max=6.924+1.223j
26-28-11-33 梯度监控 | raw=8.6714 | per_param=0.3137 |  natural=0.0092 | clipped=0.0092(上限20.0)
26-28-11-33 原始规范坐标 G(Re Σrow_mean) = +8.3811 | 累计|g| = 7.3391
26-28-11-33 Ψ矩阵条件数 cond(Ψ) = 1.20e+01
26-28-11-33 Loss=-3.187217 | E0=-1.04622358+0.00134197j | E1=-0.95040073+0.00009997j|E2=-0.65634602+0.00004302j|E3=-0.53424630-0.00015193j
26-28-11-33 #-----------------------------------------#
26-28-11-33 [Step 241] logΨ: mean=6.737-0.179j | min=0.472-1.245j | max=6.833+1.138j
26-28-11-33 梯度监控 | raw=13.5896 | per_param=0.4917 |  natural=0.0292 | clipped=0.0292(上限20.0)
26-28-11-33 原始规范坐标 G(Re Σrow_mean) = +8.3656 | 累计|g| = 7.3391
26-28-11-33 Ψ矩阵条件数 cond(Ψ) = 1.16e+01
26-28-11-33 Loss=-3.188932 | E0=-1.04620348+0.00173514j | E1=-0.95024170-0.00016632j|E2=-0.65707490+0.00001512j|E3=-0.53541207+0.00005257j
26-28-11-33 #-----------------------------------------#
26-28-11-33 [Step 242] logΨ: mean=6.677-0.351j | min=1.192+1.249j | max=6.783+1.126j
26-28-11-33 梯度监控 | raw=1.7826 | per_param=0.0645 |  natural=0.0143 | clipped=0.0143(上限20.0)
26-28-11-33 原始规范坐标 G(Re Σrow_mean) = +8.3122 | 累计|g| = 7.3391
26-28-11-33 Ψ矩阵条件数 cond(Ψ) = 1.16e+01
26-28-11-33 Loss=-3.190846 | E0=-1.04603679+0.00130264j | E1=-0.95204311+0.00016303j|E2=-0.65699552-0.00001426j|E3=-0.53577030+0.00052534j
26-28-11-33 #-----------------------------------------#
26-28-11-33 [Step 243] logΨ: mean=6.769-0.301j | min=3.145+2.156j | max=6.804+1.127j
26-28-11-33 梯度监控 | raw=2.3456 | per_param=0.0849 |  natural=0.0043 | clipped=0.0043(上限20.0)
26-28-11-33 原始规范坐标 G(Re Σrow_mean) = +8.3872 | 累计|g| = 7.3391
26-28-11-33 Ψ矩阵条件数 cond(Ψ) = 1.15e+01
26-28-11-33 Loss=-3.190396 | E0=-1.04623211+0.00149392j | E1=-0.95175933+0.00013187j|E2=-0.65699180-0.00004329j|E3=-0.53541312-0.00003348j
26-28-11-33 #-----------------------------------------#
26-28-11-33 [Step 244] logΨ: mean=6.676-0.184j | min=2.404-2.198j | max=6.738+1.145j
26-28-11-33 梯度监控 | raw=2.8415 | per_param=0.1028 |  natural=0.0329 | clipped=0.0329(上限20.0)
26-28-11-33 原始规范坐标 G(Re Σrow_mean) = +8.3122 | 累计|g| = 7.3391
26-28-11-33 Ψ矩阵条件数 cond(Ψ) = 1.15e+01
26-28-11-33 Loss=-3.190462 | E0=-1.04716460+0.00148432j | E1=-0.95196593+0.00013180j|E2=-0.65733852-0.00007912j|E3=-0.53399323+0.00029525j
26-28-11-33 #-----------------------------------------#
26-28-11-33 【Step 245】per-param 梯度范数超限，已裁剪：scale=0.2811 | 裁剪后 per_param=1.0000
26-28-11-33 [Step 245] logΨ: mean=6.516+0.014j | min=2.146-1.786j | max=6.763+1.162j
26-28-11-33 梯度监控 | raw=27.6405 | per_param=1.0000 |  natural=0.0097 | clipped=0.0097(上限20.0)
26-28-11-33 原始规范坐标 G(Re Σrow_mean) = +8.2234 | 累计|g| = 7.3391
26-28-11-33 Ψ矩阵条件数 cond(Ψ) = 1.16e+01
26-28-11-33 Loss=-3.069106 | E0=-0.98049240-0.00567265j | E1=-0.91594945+0.00473058j|E2=-0.64569975-0.00322127j|E3=-0.52696488+0.00006882j
26-28-11-33 #-----------------------------------------#
26-28-11-33 【Step 246】per-param 梯度范数超限，已裁剪：scale=0.2902 | 裁剪后 per_param=1.0000
26-28-11-33 [Step 246] logΨ: mean=6.528-0.115j | min=0.857-0.576j | max=6.758+1.176j
26-28-11-33 梯度监控 | raw=27.6405 | per_param=1.0000 |  natural=0.0101 | clipped=0.0101(上限20.0)
26-28-11-33 原始规范坐标 G(Re Σrow_mean) = +8.2357 | 累计|g| = 7.3391
26-28-11-33 Ψ矩阵条件数 cond(Ψ) = 1.30e+01
26-28-11-33 Loss=-3.072606 | E0=-0.98553822-0.00183095j | E1=-0.91746945-0.00546458j|E2=-0.64417483+0.00117270j|E3=-0.52542313+0.00091619j
26-28-11-33 #-----------------------------------------#
26-28-11-33 【Step 247】per-param 梯度范数超限，已裁剪：scale=0.3889 | 裁剪后 per_param=1.0000
26-28-11-33 [Step 247] logΨ: mean=6.587-0.299j | min=0.509-1.220j | max=6.754+1.193j
26-28-11-33 梯度监控 | raw=27.6405 | per_param=1.0000 |  natural=0.0098 | clipped=0.0098(上限20.0)
26-28-11-33 原始规范坐标 G(Re Σrow_mean) = +8.2772 | 累计|g| = 7.3391
26-28-11-33 Ψ矩阵条件数 cond(Ψ) = 1.15e+01
26-28-11-33 Loss=-3.105308 | E0=-0.99659767+0.00150877j | E1=-0.93093559+0.00087681j|E2=-0.64867222+0.00052434j|E3=-0.52910229-0.00187577j
26-28-11-33 #-----------------------------------------#
26-28-11-33 【Step 248】per-param 梯度范数超限，已裁剪：scale=0.3635 | 裁剪后 per_param=1.0000
26-28-11-33 [Step 248] logΨ: mean=7.036-0.034j | min=0.738-0.235j | max=7.240+1.812j
26-28-11-33 梯度监控 | raw=27.6405 | per_param=1.0000 |  natural=0.0976 | clipped=0.0976(上限20.0)
26-28-11-33 原始规范坐标 G(Re Σrow_mean) = +8.3718 | 累计|g| = 7.3391
26-28-11-33 Ψ矩阵条件数 cond(Ψ) = 1.33e+01
26-28-11-33 Loss=-3.090971 | E0=-0.98962821-0.00037543j | E1=-0.92673568+0.00162525j|E2=-0.64641855-0.00061005j|E3=-0.52818883+0.00047019j
26-28-11-33 #-----------------------------------------#
26-28-11-33 【Step 249】per-param 梯度范数超限，已裁剪：scale=0.3464 | 裁剪后 per_param=1.0000
26-28-11-33 [Step 249] logΨ: mean=6.998+0.085j | min=2.044-0.913j | max=7.242+1.824j
26-28-11-33 梯度监控 | raw=27.6405 | per_param=1.0000 |  natural=0.0063 | clipped=0.0063(上限20.0)
26-28-11-33 原始规范坐标 G(Re Σrow_mean) = +8.3558 | 累计|g| = 7.3391
26-28-11-33 Ψ矩阵条件数 cond(Ψ) = 5.48e+01
26-28-11-33 Loss=-3.092878 | E0=-0.98842786+0.00019086j | E1=-0.92848325-0.00824970j|E2=-0.64903845+0.00243691j|E3=-0.52692802-0.00123514j
26-28-11-33 #-----------------------------------------#
26-28-11-33 [GaugeReset@250] 吸收 Δg = Σ Re(col_mean) = +8.3558 | 新|g| = 7.3058
26-28-11-33 【Step 250】per-param 梯度范数超限，已裁剪：scale=0.5347 | 裁剪后 per_param=1.0000
26-28-11-33 [Step 250] logΨ: mean=7.173+0.302j | min=2.220-1.575j | max=7.310+1.759j
26-28-11-33 梯度监控 | raw=27.6405 | per_param=1.0000 |  natural=0.0118 | clipped=0.0118(上限20.0)
26-28-11-33 原始规范坐标 G(Re Σrow_mean) = +8.4349 | 累计|g| = 7.3058
26-28-11-33 Ψ矩阵条件数 cond(Ψ) = 1.32e+01
26-28-11-33 Loss=-3.126564 | E0=-1.00459402+0.00018961j | E1=-0.94116568+0.00033237j|E2=-0.65149267-0.00014608j|E3=-0.52931162-0.00034742j
26-28-11-33 #-----------------------------------------#
26-28-11-33 [Step 251] logΨ: mean=7.185+0.198j | min=3.760+3.102j | max=7.273+1.741j
26-28-11-33 梯度监控 | raw=22.5173 | per_param=0.8146 |  natural=0.0137 | clipped=0.0137(上限20.0)
26-28-11-33 原始规范坐标 G(Re Σrow_mean) = +8.4366 | 累计|g| = 7.3058
26-28-11-33 Ψ矩阵条件数 cond(Ψ) = 1.33e+01
26-28-11-33 Loss=-3.164346 | E0=-1.03189156+0.00768884j | E1=-0.94681049+0.00013614j|E2=-0.65303985+0.00026704j|E3=-0.53260431-0.00066924j
26-28-11-33 #-----------------------------------------#
26-28-11-33 [Step 252] logΨ: mean=7.124+0.404j | min=3.086-1.645j | max=7.262+1.756j
26-28-11-33 梯度监控 | raw=20.7304 | per_param=0.7500 |  natural=0.0211 | clipped=0.0211(上限20.0)
26-28-11-33 原始规范坐标 G(Re Σrow_mean) = +8.4015 | 累计|g| = 7.3058
26-28-11-33 Ψ矩阵条件数 cond(Ψ) = 1.32e+01
26-28-11-33 Loss=-3.164257 | E0=-1.03032570+0.00436735j | E1=-0.94738847+0.00133521j|E2=-0.65482813-0.00056421j|E3=-0.53171519+0.00007498j
26-28-11-33 #-----------------------------------------#
26-28-11-33 【Step 253】per-param 梯度范数超限，已裁剪：scale=0.7194 | 裁剪后 per_param=1.0000
26-28-11-33 [Step 253] logΨ: mean=7.152+0.180j | min=1.316-2.690j | max=7.330+1.770j
26-28-11-33 梯度监控 | raw=27.6405 | per_param=1.0000 |  natural=0.0218 | clipped=0.0218(上限20.0)
26-28-11-33 原始规范坐标 G(Re Σrow_mean) = +8.4168 | 累计|g| = 7.3058
26-28-11-33 Ψ矩阵条件数 cond(Ψ) = 1.34e+01
26-28-11-33 Loss=-3.139713 | E0=-1.01404059-0.00325941j | E1=-0.94193113-0.00001176j|E2=-0.65239596-0.00037215j|E3=-0.53134485+0.00004903j
26-28-11-33 #-----------------------------------------#
26-28-11-33 [Step 254] logΨ: mean=7.316-0.344j | min=1.461+2.155j | max=7.433+1.815j
26-28-11-33 梯度监控 | raw=23.5621 | per_param=0.8524 |  natural=0.0265 | clipped=0.0265(上限20.0)
26-28-11-33 原始规范坐标 G(Re Σrow_mean) = +8.4930 | 累计|g| = 7.3058
26-28-11-33 Ψ矩阵条件数 cond(Ψ) = 1.37e+01
26-28-11-33 Loss=-3.164773 | E0=-1.03206646+0.00183517j | E1=-0.94580450-0.00099002j|E2=-0.65412523+0.00077701j|E3=-0.53277727+0.00060181j
26-28-11-33 #-----------------------------------------#
26-28-11-33 [Step 255] logΨ: mean=7.359-0.124j | min=2.883-2.097j | max=7.447+1.837j
26-28-11-33 梯度监控 | raw=16.5235 | per_param=0.5978 |  natural=0.0091 | clipped=0.0091(上限20.0)
26-28-11-33 原始规范坐标 G(Re Σrow_mean) = +8.5324 | 累计|g| = 7.3058
26-28-11-33 Ψ矩阵条件数 cond(Ψ) = 1.37e+01
26-28-11-33 Loss=-3.168932 | E0=-1.03217333+0.00062578j | E1=-0.94866006+0.00057957j|E2=-0.65413069-0.00027255j|E3=-0.53396784+0.00007294j
26-28-11-33 #-----------------------------------------#
26-28-11-33 [Step 256] logΨ: mean=7.241+0.147j | min=1.581+1.739j | max=7.387+1.749j
26-28-11-33 梯度监控 | raw=15.8982 | per_param=0.5752 |  natural=0.0331 | clipped=0.0331(上限20.0)
26-28-11-33 原始规范坐标 G(Re Σrow_mean) = +8.4681 | 累计|g| = 7.3058
26-28-11-33 Ψ矩阵条件数 cond(Ψ) = 1.36e+01
26-28-11-33 Loss=-3.169433 | E0=-1.03384328-0.00025913j | E1=-0.94866883+0.00095247j|E2=-0.65369432-0.00070682j|E3=-0.53322707-0.00014347j
26-28-11-33 #-----------------------------------------#
26-28-11-33 [Step 257] logΨ: mean=7.317+0.577j | min=1.903-1.144j | max=7.408+1.762j
26-28-11-33 梯度监控 | raw=14.4057 | per_param=0.5212 |  natural=0.0189 | clipped=0.0189(上限20.0)
26-28-11-33 原始规范坐标 G(Re Σrow_mean) = +8.5395 | 累计|g| = 7.3058
26-28-11-33 Ψ矩阵条件数 cond(Ψ) = 1.34e+01
26-28-11-33 Loss=-3.174304 | E0=-1.03660397-0.00064998j | E1=-0.94912837+0.00104770j|E2=-0.65591459-0.00074866j|E3=-0.53265672-0.00021255j
26-28-11-33 #-----------------------------------------#
26-28-11-33 [Step 258] logΨ: mean=7.370+0.225j | min=2.017+2.138j | max=7.480+1.776j
26-28-11-33 梯度监控 | raw=9.5599 | per_param=0.3459 |  natural=0.0282 | clipped=0.0282(上限20.0)
26-28-11-33 原始规范坐标 G(Re Σrow_mean) = +8.5318 | 累计|g| = 7.3058
26-28-11-33 Ψ矩阵条件数 cond(Ψ) = 1.36e+01
26-28-11-33 Loss=-3.183544 | E0=-1.04345960+0.00270619j | E1=-0.95046299+0.00127176j|E2=-0.65600418-0.00098271j|E3=-0.53361745-0.00007102j
26-28-11-33 #-----------------------------------------#
26-28-11-33 [Step 259] logΨ: mean=7.483+0.091j | min=1.595+2.159j | max=7.600+1.754j
26-28-11-33 梯度监控 | raw=10.9689 | per_param=0.3968 |  natural=0.0304 | clipped=0.0304(上限20.0)
26-28-11-33 原始规范坐标 G(Re Σrow_mean) = +8.5768 | 累计|g| = 7.3058
26-28-11-33 Ψ矩阵条件数 cond(Ψ) = 1.37e+01
26-28-11-33 Loss=-3.179405 | E0=-1.03772149-0.00177690j | E1=-0.95143209+0.00008077j|E2=-0.65695332-0.00048477j|E3=-0.53329786-0.00037088j
26-28-11-33 #-----------------------------------------#
26-28-11-33 [保存] Step 259 → pickle 文件已更新 (260 条记录)
26-28-11-33 [GaugeReset@260] 吸收 Δg = Σ Re(col_mean) = +8.5768 | 新|g| = 7.4486
26-28-11-33 [Step 260] logΨ: mean=7.227+0.073j | min=0.685-0.213j | max=7.358+1.570j
26-28-11-33 梯度监控 | raw=5.4280 | per_param=0.1964 |  natural=0.0139 | clipped=0.0139(上限20.0)
26-28-11-33 原始规范坐标 G(Re Σrow_mean) = +8.5542 | 累计|g| = 7.4486
26-28-11-33 Ψ矩阵条件数 cond(Ψ) = 1.36e+01
26-28-11-33 Loss=-3.184870 | E0=-1.04120948-0.00017447j | E1=-0.95160428-0.00010766j|E2=-0.65691873-0.00032954j|E3=-0.53513735+0.00046999j
26-28-11-33 #-----------------------------------------#
26-28-11-33 [Step 261] logΨ: mean=7.288-0.049j | min=1.805-1.233j | max=7.394+1.582j
26-28-11-33 梯度监控 | raw=7.0188 | per_param=0.2539 |  natural=0.0138 | clipped=0.0138(上限20.0)
26-28-11-33 原始规范坐标 G(Re Σrow_mean) = +8.5603 | 累计|g| = 7.4486
26-28-11-33 Ψ矩阵条件数 cond(Ψ) = 1.39e+01
26-28-11-33 Loss=-3.180749 | E0=-1.04063033-0.00348346j | E1=-0.95123041-0.00043762j|E2=-0.65567475+0.00032246j|E3=-0.53321342+0.00097277j
26-28-11-33 #-----------------------------------------#
26-28-11-33 [Step 262] logΨ: mean=7.157-0.370j | min=1.353-1.478j | max=7.314+1.443j
26-28-11-33 梯度监控 | raw=14.3158 | per_param=0.5179 |  natural=0.0444 | clipped=0.0444(上限20.0)
26-28-11-33 原始规范坐标 G(Re Σrow_mean) = +8.4876 | 累计|g| = 7.4486
26-28-11-33 Ψ矩阵条件数 cond(Ψ) = 1.37e+01
26-28-11-33 Loss=-3.180752 | E0=-1.04243214-0.00212277j | E1=-0.95086582-0.00077931j|E2=-0.65495442+0.00027606j|E3=-0.53249976-0.00003414j
26-28-11-33 #-----------------------------------------#
26-28-11-33 [Step 263] logΨ: mean=7.162+0.081j | min=0.570-0.507j | max=7.267+1.422j
26-28-11-33 梯度监控 | raw=2.1844 | per_param=0.0790 |  natural=0.0295 | clipped=0.0295(上限20.0)
26-28-11-33 原始规范坐标 G(Re Σrow_mean) = +8.4548 | 累计|g| = 7.4486
26-28-11-33 Ψ矩阵条件数 cond(Ψ) = 1.36e+01
26-28-11-33 Loss=-3.189584 | E0=-1.04667341+0.00204147j | E1=-0.95229054+0.00056392j|E2=-0.65715309-0.00009386j|E3=-0.53346690+0.00008482j
26-28-11-33 #-----------------------------------------#
26-28-11-33 [Step 264] logΨ: mean=7.065-0.049j | min=1.554-1.869j | max=7.209+1.308j
26-28-11-33 梯度监控 | raw=3.7479 | per_param=0.1356 |  natural=0.0257 | clipped=0.0257(上限20.0)
26-28-11-33 原始规范坐标 G(Re Σrow_mean) = +8.4384 | 累计|g| = 7.4486
26-28-11-33 Ψ矩阵条件数 cond(Ψ) = 1.34e+01
26-28-11-33 Loss=-3.189405 | E0=-1.04552737+0.00090962j | E1=-0.95135983-0.00037402j|E2=-0.65751987+0.00000897j|E3=-0.53499764+0.00021412j
26-28-11-33 #-----------------------------------------#
26-28-11-33 [Step 265] logΨ: mean=7.076-0.180j | min=1.797-2.377j | max=7.214+1.256j
26-28-11-33 梯度监控 | raw=8.3486 | per_param=0.3020 |  natural=0.0193 | clipped=0.0193(上限20.0)
26-28-11-33 原始规范坐标 G(Re Σrow_mean) = +8.4549 | 累计|g| = 7.4486
26-28-11-33 Ψ矩阵条件数 cond(Ψ) = 1.34e+01
26-28-11-33 Loss=-3.183886 | E0=-1.04247189-0.00437843j | E1=-0.95096338+0.00016392j|E2=-0.65624634-0.00037936j|E3=-0.53420399-0.00022731j
26-28-11-33 #-----------------------------------------#
26-28-11-33 [Step 266] logΨ: mean=7.099-0.254j | min=0.553+1.391j | max=7.190+1.215j
26-28-11-33 梯度监控 | raw=9.5095 | per_param=0.3440 |  natural=0.0107 | clipped=0.0107(上限20.0)
26-28-11-33 原始规范坐标 G(Re Σrow_mean) = +8.4814 | 累计|g| = 7.4486
26-28-11-33 Ψ矩阵条件数 cond(Ψ) = 1.34e+01
26-28-11-33 Loss=-3.185864 | E0=-1.04563719-0.00170548j | E1=-0.95107098-0.00051039j|E2=-0.65575838+0.00031682j|E3=-0.53339711-0.00012191j
26-28-11-33 #-----------------------------------------#
26-28-11-33 [Step 267] logΨ: mean=7.144-0.305j | min=2.983+0.949j | max=7.183+1.264j
26-28-11-33 梯度监控 | raw=0.9414 | per_param=0.0341 |  natural=0.0194 | clipped=0.0194(上限20.0)
26-28-11-33 原始规范坐标 G(Re Σrow_mean) = +8.5065 | 累计|g| = 7.4486
26-28-11-33 Ψ矩阵条件数 cond(Ψ) = 1.32e+01
26-28-11-33 Loss=-3.189898 | E0=-1.04615298+0.00117768j | E1=-0.95200001+0.00000328j|E2=-0.65677582-0.00001792j|E3=-0.53496915+0.00039324j
26-28-11-33 #-----------------------------------------#
26-28-11-33 [Step 268] logΨ: mean=7.107-0.279j | min=1.284-2.157j | max=7.164+1.264j
26-28-11-33 梯度监控 | raw=0.9806 | per_param=0.0355 |  natural=0.0063 | clipped=0.0063(上限20.0)
26-28-11-33 原始规范坐标 G(Re Σrow_mean) = +8.4876 | 累计|g| = 7.4486
26-28-11-33 Ψ矩阵条件数 cond(Ψ) = 1.32e+01
26-28-11-33 Loss=-3.191197 | E0=-1.04664149+0.00097117j | E1=-0.95243059-0.00019578j|E2=-0.65701909+0.00007688j|E3=-0.53510611-0.00021652j
26-28-11-33 #-----------------------------------------#
26-28-11-33 [Step 269] logΨ: mean=7.120-0.155j | min=2.673-2.554j | max=7.188+1.241j
26-28-11-33 梯度监控 | raw=11.4574 | per_param=0.4145 |  natural=0.0138 | clipped=0.0138(上限20.0)
26-28-11-33 原始规范坐标 G(Re Σrow_mean) = +8.4940 | 累计|g| = 7.4486
26-28-11-33 Ψ矩阵条件数 cond(Ψ) = 1.32e+01
26-28-11-33 Loss=-3.189481 | E0=-1.04713375+0.00060284j | E1=-0.94986708+0.00023812j|E2=-0.65761871-0.00024651j|E3=-0.53486103+0.00041642j
26-28-11-33 #-----------------------------------------#
26-28-11-33 [GaugeReset@270] 吸收 Δg = Σ Re(col_mean) = +8.4940 | 新|g| = 7.4012
26-28-11-33 [Step 270] logΨ: mean=7.099+0.159j | min=1.557-1.887j | max=7.171+1.295j
26-28-11-33 梯度监控 | raw=6.0558 | per_param=0.2191 |  natural=0.0266 | clipped=0.0266(上限20.0)
26-28-11-33 原始规范坐标 G(Re Σrow_mean) = +8.4407 | 累计|g| = 7.4012
26-28-11-33 Ψ矩阵条件数 cond(Ψ) = 1.28e+01
26-28-11-33 Loss=-3.189670 | E0=-1.04605571+0.00150905j | E1=-0.95114185+0.00034521j|E2=-0.65701446-0.00023040j|E3=-0.53545798-0.00049292j
26-28-11-33 #-----------------------------------------#
26-28-11-33 [Step 271] logΨ: mean=7.010+0.358j | min=1.997+0.231j | max=7.168+1.226j
26-28-11-33 梯度监控 | raw=24.9383 | per_param=0.9022 |  natural=0.0430 | clipped=0.0430(上限20.0)
26-28-11-33 原始规范坐标 G(Re Σrow_mean) = +8.3876 | 累计|g| = 7.4012
26-28-11-33 Ψ矩阵条件数 cond(Ψ) = 1.26e+01
26-28-11-33 Loss=-3.175664 | E0=-1.03711913-0.00351515j | E1=-0.94900092+0.00131676j|E2=-0.65405474-0.00093123j|E3=-0.53548914+0.00074947j
26-28-11-33 #-----------------------------------------#
26-28-11-33 [Step 272] logΨ: mean=6.986+0.099j | min=2.710+1.027j | max=7.081+1.194j
26-28-11-33 梯度监控 | raw=3.6210 | per_param=0.1310 |  natural=0.0297 | clipped=0.0297(上限20.0)
26-28-11-33 原始规范坐标 G(Re Σrow_mean) = +8.3530 | 累计|g| = 7.4012
26-28-11-33 Ψ矩阵条件数 cond(Ψ) = 1.19e+02
26-28-11-33 Loss=-3.186460 | E0=-1.04318450-0.00099135j | E1=-0.95227659-0.00006778j|E2=-0.65733551+0.00004277j|E3=-0.53366314+0.00045378j
26-28-11-33 #-----------------------------------------#
26-28-11-33 [Step 273] logΨ: mean=6.927-0.331j | min=1.824+0.714j | max=7.026+1.151j
26-28-11-33 梯度监控 | raw=8.0972 | per_param=0.2929 |  natural=0.0163 | clipped=0.0163(上限20.0)
26-28-11-33 原始规范坐标 G(Re Σrow_mean) = +8.3187 | 累计|g| = 7.4012
26-28-11-33 Ψ矩阵条件数 cond(Ψ) = 1.26e+01
26-28-11-33 Loss=-3.179511 | E0=-1.03904600-0.00419340j | E1=-0.95202909+0.00007740j|E2=-0.65567281-0.00013959j|E3=-0.53276344-0.00048611j
26-28-11-33 #-----------------------------------------#
26-28-11-33 [Step 274] logΨ: mean=6.981-0.453j | min=2.745-2.305j | max=7.036+1.186j
26-28-11-33 梯度监控 | raw=0.9120 | per_param=0.0330 |  natural=0.0181 | clipped=0.0181(上限20.0)
26-28-11-33 原始规范坐标 G(Re Σrow_mean) = +8.3285 | 累计|g| = 7.4012
26-28-11-33 Ψ矩阵条件数 cond(Ψ) = 1.24e+01
26-28-11-33 Loss=-3.191649 | E0=-1.04768881+0.00210641j | E1=-0.95208504+0.00014510j|E2=-0.65752667-0.00019685j|E3=-0.53434889-0.00041596j
26-28-11-33 #-----------------------------------------#
26-28-11-33 [Step 275] logΨ: mean=6.999-0.699j | min=2.968+3.078j | max=7.061+1.145j
26-28-11-33 梯度监控 | raw=6.2543 | per_param=0.2263 |  natural=0.0157 | clipped=0.0157(上限20.0)
26-28-11-33 原始规范坐标 G(Re Σrow_mean) = +8.3599 | 累计|g| = 7.4012
26-28-11-33 Ψ矩阵条件数 cond(Ψ) = 1.22e+01
26-28-11-33 Loss=-3.184213 | E0=-1.04412902+0.00270560j | E1=-0.95033282-0.00011686j|E2=-0.65597161+0.00026224j|E3=-0.53377912-0.00010093j
26-28-11-33 #-----------------------------------------#
26-28-11-33 [Step 276] logΨ: mean=7.071-0.517j | min=1.887+1.944j | max=7.144+1.163j
26-28-11-33 梯度监控 | raw=4.1302 | per_param=0.1494 |  natural=0.0115 | clipped=0.0115(上限20.0)
26-28-11-33 原始规范坐标 G(Re Σrow_mean) = +8.3661 | 累计|g| = 7.4012
26-28-11-33 Ψ矩阵条件数 cond(Ψ) = 1.26e+01
26-28-11-33 Loss=-3.187257 | E0=-1.04353143+0.00259408j | E1=-0.95234489-0.00002048j|E2=-0.65713416+0.00018268j|E3=-0.53424631-0.00044574j
26-28-11-33 #-----------------------------------------#
26-28-11-33 [Step 277] logΨ: mean=7.044-0.759j | min=2.744+3.135j | max=7.125+1.152j
26-28-11-33 梯度监控 | raw=4.3735 | per_param=0.1582 |  natural=0.0098 | clipped=0.0098(上限20.0)
26-28-11-33 原始规范坐标 G(Re Σrow_mean) = +8.3584 | 累计|g| = 7.4012
26-28-11-33 Ψ矩阵条件数 cond(Ψ) = 1.26e+01
26-28-11-33 Loss=-3.188112 | E0=-1.04501472+0.00212893j | E1=-0.95131632+0.00004435j|E2=-0.65709381+0.00000439j|E3=-0.53468721+0.00001150j
26-28-11-33 #-----------------------------------------#
26-28-11-33 [Step 278] logΨ: mean=6.886-0.920j | min=2.382+3.090j | max=6.998+1.126j
26-28-11-33 梯度监控 | raw=13.4023 | per_param=0.4849 |  natural=0.0278 | clipped=0.0278(上限20.0)
26-28-11-33 原始规范坐标 G(Re Σrow_mean) = +8.2966 | 累计|g| = 7.4012
26-28-11-33 Ψ矩阵条件数 cond(Ψ) = 1.22e+01
26-28-11-33 Loss=-3.177425 | E0=-1.03737836-0.00276391j | E1=-0.95022839+0.00027497j|E2=-0.65685449-0.00041817j|E3=-0.53296359-0.00078938j
26-28-11-33 #-----------------------------------------#
26-28-11-33 [Step 279] logΨ: mean=6.814-0.967j | min=2.517-2.198j | max=6.934+1.104j
26-28-11-33 梯度监控 | raw=8.2042 | per_param=0.2968 |  natural=0.0280 | clipped=0.0280(上限20.0)
26-28-11-33 原始规范坐标 G(Re Σrow_mean) = +8.2411 | 累计|g| = 7.4012
26-28-11-33 Ψ矩阵条件数 cond(Ψ) = 1.22e+01
26-28-11-33 Loss=-3.179044 | E0=-1.03893689-0.00360574j | E1=-0.95131954+0.00003806j|E2=-0.65640683-0.00014854j|E3=-0.53238083-0.00018902j
26-28-11-33 #-----------------------------------------#
26-28-11-33 [保存] Step 279 → pickle 文件已更新 (280 条记录)
26-28-11-33 [GaugeReset@280] 吸收 Δg = Σ Re(col_mean) = +8.2411 | 新|g| = 7.2966
26-28-11-33 [Step 280] logΨ: mean=7.001-0.492j | min=1.881-2.377j | max=7.095+1.257j
26-28-11-33 梯度监控 | raw=13.6097 | per_param=0.4924 |  natural=0.0220 | clipped=0.0220(上限20.0)
26-28-11-33 原始规范坐标 G(Re Σrow_mean) = +8.2197 | 累计|g| = 7.2966
26-28-11-33 Ψ矩阵条件数 cond(Ψ) = 1.20e+01
26-28-11-33 Loss=-3.182537 | E0=-1.04295176-0.00059286j | E1=-0.94903679+0.00028756j|E2=-0.65656889-0.00017095j|E3=-0.53397989-0.00049674j
26-28-11-33 #-----------------------------------------#
26-28-11-33 [Step 281] logΨ: mean=6.748-0.779j | min=2.464+0.111j | max=6.894+1.197j
26-28-11-33 梯度监控 | raw=16.7555 | per_param=0.6062 |  natural=0.0335 | clipped=0.0335(上限20.0)
26-28-11-33 原始规范坐标 G(Re Σrow_mean) = +8.1460 | 累计|g| = 7.2966
26-28-11-33 Ψ矩阵条件数 cond(Ψ) = 1.13e+01
26-28-11-33 Loss=-3.186916 | E0=-1.04539752+0.00043460j | E1=-0.94856284-0.00014759j|E2=-0.65767191+0.00016067j|E3=-0.53528346+0.00061682j
26-28-11-33 #-----------------------------------------#
26-28-11-33 [Step 282] logΨ: mean=6.681-0.263j | min=1.498+0.781j | max=6.796+1.177j
26-28-11-33 梯度监控 | raw=11.6363 | per_param=0.4210 |  natural=0.0220 | clipped=0.0220(上限20.0)
26-28-11-33 原始规范坐标 G(Re Σrow_mean) = +8.1501 | 累计|g| = 7.2966
26-28-11-33 Ψ矩阵条件数 cond(Ψ) = 1.10e+01
26-28-11-33 Loss=-3.188775 | E0=-1.04759081+0.00132307j | E1=-0.94998195-0.00075474j|E2=-0.65701416+0.00062168j|E3=-0.53418797+0.00029424j
26-28-11-33 #-----------------------------------------#
26-28-11-33 [Step 283] logΨ: mean=6.783-0.100j | min=0.513-1.241j | max=6.901+1.207j
26-28-11-33 梯度监控 | raw=8.6196 | per_param=0.3118 |  natural=0.0228 | clipped=0.0228(上限20.0)
26-28-11-33 原始规范坐标 G(Re Σrow_mean) = +8.1880 | 累计|g| = 7.2966
26-28-11-33 Ψ矩阵条件数 cond(Ψ) = 1.13e+01
26-28-11-33 Loss=-3.185983 | E0=-1.04426195+0.00012649j | E1=-0.95082312-0.00061392j|E2=-0.65594630+0.00036861j|E3=-0.53495191+0.00017096j
26-28-11-33 #-----------------------------------------#
26-28-11-33 [Step 284] logΨ: mean=6.820-0.040j | min=1.926+0.082j | max=6.880+1.212j
26-28-11-33 梯度监控 | raw=9.0525 | per_param=0.3275 |  natural=0.0184 | clipped=0.0184(上限20.0)
26-28-11-33 原始规范坐标 G(Re Σrow_mean) = +8.1939 | 累计|g| = 7.2966
26-28-11-33 Ψ矩阵条件数 cond(Ψ) = 1.13e+01
26-28-11-33 Loss=-3.189472 | E0=-1.04727319+0.00087339j | E1=-0.95148040+0.00065323j|E2=-0.65687778-0.00046761j|E3=-0.53384056+0.00027204j
26-28-11-33 #-----------------------------------------#
26-28-11-33 [Step 285] logΨ: mean=6.820-0.375j | min=2.302+1.545j | max=6.941+1.187j
26-28-11-33 梯度监控 | raw=4.7092 | per_param=0.1704 |  natural=0.0337 | clipped=0.0337(上限20.0)
26-28-11-33 原始规范坐标 G(Re Σrow_mean) = +8.1383 | 累计|g| = 7.2966
26-28-11-33 Ψ矩阵条件数 cond(Ψ) = 1.16e+01
26-28-11-33 Loss=-3.186793 | E0=-1.04455277-0.00084444j | E1=-0.95194185+0.00025954j|E2=-0.65649823-0.00005494j|E3=-0.53380004-0.00012385j
26-28-11-33 #-----------------------------------------#
26-28-11-33 [Step 286] logΨ: mean=7.002-0.911j | min=2.084+2.027j | max=7.048+1.213j
26-28-11-33 梯度监控 | raw=7.3498 | per_param=0.2659 |  natural=0.0133 | clipped=0.0133(上限20.0)
26-28-11-33 原始规范坐标 G(Re Σrow_mean) = +8.2219 | 累计|g| = 7.2966
26-28-11-33 Ψ矩阵条件数 cond(Ψ) = 1.19e+01
26-28-11-33 Loss=-3.189156 | E0=-1.04626189+0.00137694j | E1=-0.95094970+0.00025319j|E2=-0.65738507-0.00022874j|E3=-0.53455906-0.00035350j
26-28-11-33 #-----------------------------------------#
26-28-11-34 [Step 287] logΨ: mean=7.033-0.789j | min=1.591-2.278j | max=7.132+1.248j
26-28-11-34 梯度监控 | raw=5.5920 | per_param=0.2023 |  natural=0.0299 | clipped=0.0299(上限20.0)
26-28-11-34 原始规范坐标 G(Re Σrow_mean) = +8.2035 | 累计|g| = 7.2966
26-28-11-34 Ψ矩阵条件数 cond(Ψ) = 1.23e+01
26-28-11-34 Loss=-3.185595 | E0=-1.04460444-0.00242238j | E1=-0.95149941+0.00041237j|E2=-0.65657264-0.00032894j|E3=-0.53291823-0.00045314j
26-28-11-34 #-----------------------------------------#
26-28-11-34 [Step 288] logΨ: mean=7.056-0.454j | min=2.779-2.230j | max=7.127+1.280j
26-28-11-34 梯度监控 | raw=5.4727 | per_param=0.1980 |  natural=0.0199 | clipped=0.0199(上限20.0)
26-28-11-34 原始规范坐标 G(Re Σrow_mean) = +8.2048 | 累计|g| = 7.2966
26-28-11-34 Ψ矩阵条件数 cond(Ψ) = 1.22e+01
26-28-11-34 Loss=-3.187908 | E0=-1.04662334+0.00089189j | E1=-0.94990655+0.00044443j|E2=-0.65677797-0.00045983j|E3=-0.53460037+0.00018537j
26-28-11-34 #-----------------------------------------#
26-28-11-34 [Step 289] logΨ: mean=7.103+0.062j | min=2.690+1.116j | max=7.159+1.311j
26-28-11-34 梯度监控 | raw=7.1272 | per_param=0.2579 |  natural=0.0176 | clipped=0.0176(上限20.0)
26-28-11-34 原始规范坐标 G(Re Σrow_mean) = +8.2274 | 累计|g| = 7.2966
26-28-11-34 Ψ矩阵条件数 cond(Ψ) = 1.21e+01
26-28-11-34 Loss=-3.186237 | E0=-1.04593730+0.00311066j | E1=-0.94875451-0.00012043j|E2=-0.65640043+0.00015107j|E3=-0.53514470-0.00026807j
26-28-11-34 #-----------------------------------------#
26-28-11-34 [GaugeReset@290] 吸收 Δg = Σ Re(col_mean) = +8.2274 | 新|g| = 7.3190
26-28-11-34 [Step 290] logΨ: mean=7.164+0.055j | min=2.146+2.009j | max=7.284+1.253j
26-28-11-34 梯度监控 | raw=17.5128 | per_param=0.6336 |  natural=0.0246 | clipped=0.0246(上限20.0)
26-28-11-34 原始规范坐标 G(Re Σrow_mean) = +8.2398 | 累计|g| = 7.3190
26-28-11-34 Ψ矩阵条件数 cond(Ψ) = 1.23e+01
26-28-11-34 Loss=-3.176454 | E0=-1.04087879-0.00318063j | E1=-0.94544185+0.00056866j|E2=-0.65578990-0.00060401j|E3=-0.53434337+0.00057229j
26-28-11-34 #-----------------------------------------#
26-28-11-34 [Step 291] logΨ: mean=7.193-0.100j | min=1.322-1.882j | max=7.274+1.233j
26-28-11-34 梯度监控 | raw=6.2389 | per_param=0.2257 |  natural=0.0140 | clipped=0.0140(上限20.0)
26-28-11-34 原始规范坐标 G(Re Σrow_mean) = +8.2578 | 累计|g| = 7.3190
26-28-11-34 Ψ矩阵条件数 cond(Ψ) = 1.23e+01
26-28-11-34 Loss=-3.186504 | E0=-1.04532575+0.00024151j | E1=-0.95030591+0.00074661j|E2=-0.65634741-0.00055867j|E3=-0.53452447+0.00029717j
26-28-11-34 #-----------------------------------------#
26-28-11-34 [Step 292] logΨ: mean=7.315-0.347j | min=2.199-1.137j | max=7.426+1.231j
26-28-11-34 梯度监控 | raw=12.7670 | per_param=0.4619 |  natural=0.0237 | clipped=0.0237(上限20.0)
26-28-11-34 原始规范坐标 G(Re Σrow_mean) = +8.3070 | 累计|g| = 7.3190
26-28-11-34 Ψ矩阵条件数 cond(Ψ) = 1.25e+01
26-28-11-34 Loss=-3.177516 | E0=-1.03942319-0.00619055j | E1=-0.94861895-0.00013594j|E2=-0.65633428-0.00021167j|E3=-0.53313937-0.00082287j
26-28-11-34 #-----------------------------------------#
26-28-11-34 [Step 293] logΨ: mean=7.378-0.211j | min=1.534+0.696j | max=7.501+1.272j
26-28-11-34 梯度监控 | raw=9.2724 | per_param=0.3355 |  natural=0.0225 | clipped=0.0225(上限20.0)
26-28-11-34 原始规范坐标 G(Re Σrow_mean) = +8.3186 | 累计|g| = 7.3190
26-28-11-34 Ψ矩阵条件数 cond(Ψ) = 1.28e+01
26-28-11-34 Loss=-3.179444 | E0=-1.03857291-0.00758106j | E1=-0.95112664-0.00036349j|E2=-0.65675913+0.00007895j|E3=-0.53298528-0.00125120j
26-28-11-34 #-----------------------------------------#
26-28-11-34 [Step 294] logΨ: mean=7.239-0.772j | min=1.730-1.832j | max=7.439+1.239j
26-28-11-34 梯度监控 | raw=7.4543 | per_param=0.2697 |  natural=0.0268 | clipped=0.0268(上限20.0)
26-28-11-34 原始规范坐标 G(Re Σrow_mean) = +8.2206 | 累计|g| = 7.3190
26-28-11-34 Ψ矩阵条件数 cond(Ψ) = 1.28e+01
26-28-11-34 Loss=-3.187175 | E0=-1.04179135-0.00497285j | E1=-0.95241739+0.00062519j|E2=-0.65834750+0.00012549j|E3=-0.53461898-0.00022097j
26-28-11-34 #-----------------------------------------#
26-28-11-34 [Step 295] logΨ: mean=6.645-0.695j | min=0.551+0.584j | max=6.690+1.063j
26-28-11-34 梯度监控 | raw=1.3959 | per_param=0.0505 |  natural=0.0561 | clipped=0.0561(上限20.0)
26-28-11-34 原始规范坐标 G(Re Σrow_mean) = +7.5105 | 累计|g| = 7.3190
26-28-11-34 Ψ矩阵条件数 cond(Ψ) = 1.37e+01
26-28-11-34 Loss=-3.190147 | E0=-1.04603920-0.00105953j | E1=-0.95203291-0.00005331j|E2=-0.65716326-0.00003528j|E3=-0.53491170-0.00024792j
26-28-11-34 #-----------------------------------------#
26-28-11-34 【Step 296】per-param 梯度范数超限，已裁剪：scale=0.2582 | 裁剪后 per_param=1.0000
26-28-11-34 [Step 296] logΨ: mean=6.568-0.475j | min=2.108+0.046j | max=6.727+1.065j
26-28-11-34 梯度监控 | raw=27.6405 | per_param=1.0000 |  natural=0.0032 | clipped=0.0032(上限20.0)
26-28-11-34 原始规范坐标 G(Re Σrow_mean) = +7.2615 | 累计|g| = 7.3190
26-28-11-34 Ψ矩阵条件数 cond(Ψ) = 1.37e+01
26-28-11-34 Loss=-2.797177 | E0=-1.04896089+0.00101367j | E1=-0.67727294+0.00514507j|E2=-0.56083543-0.00470190j|E3=-0.51010769+0.00089625j
26-28-11-34 #-----------------------------------------#
26-28-11-34 【Step 297】per-param 梯度范数超限，已裁剪：scale=0.2026 | 裁剪后 per_param=1.0000
26-28-11-34 [Step 297] logΨ: mean=6.533-0.035j | min=-0.055-0.593j | max=6.760+1.073j
26-28-11-34 梯度监控 | raw=27.6405 | per_param=1.0000 |  natural=0.0062 | clipped=0.0062(上限20.0)
26-28-11-34 原始规范坐标 G(Re Σrow_mean) = +7.1792 | 累计|g| = 7.3190
26-28-11-34 Ψ矩阵条件数 cond(Ψ) = 1.37e+01
26-28-11-34 Loss=-2.660879 | E0=-1.04824428-0.00110648j | E1=-0.67300111+0.00639693j|E2=-0.53733683-0.00047092j|E3=-0.40229723-0.00440252j
26-28-11-34 #-----------------------------------------#
26-28-11-34 【Step 298】per-param 梯度范数超限，已裁剪：scale=0.1945 | 裁剪后 per_param=1.0000
26-28-11-34 [Step 298] logΨ: mean=6.569+0.330j | min=1.708+2.692j | max=6.779+1.083j
26-28-11-34 梯度监控 | raw=27.6405 | per_param=1.0000 |  natural=0.0054 | clipped=0.0054(上限20.0)
26-28-11-34 原始规范坐标 G(Re Σrow_mean) = +7.1757 | 累计|g| = 7.3190
26-28-11-34 Ψ矩阵条件数 cond(Ψ) = 1.36e+01
26-28-11-34 Loss=-2.643012 | E0=-1.04969766+0.00095375j | E1=-0.69660885+0.02214970j|E2=-0.53741637-0.00085727j|E3=-0.35928947-0.01738396j
26-28-11-34 #-----------------------------------------#
26-28-11-34 【Step 299】per-param 梯度范数超限，已裁剪：scale=0.1479 | 裁剪后 per_param=1.0000
26-28-11-34 [Step 299] logΨ: mean=6.366+0.546j | min=1.438-2.094j | max=6.788+1.084j
26-28-11-34 梯度监控 | raw=27.6405 | per_param=1.0000 |  natural=0.0035 | clipped=0.0035(上限20.0)
26-28-11-34 原始规范坐标 G(Re Σrow_mean) = +6.9408 | 累计|g| = 7.3190
26-28-11-34 Ψ矩阵条件数 cond(Ψ) = 8.57e+01
26-28-11-34 Loss=-2.299282 | E0=-1.04675221-0.00311258j | E1=-0.66229084-0.00023415j|E2=-0.53450474-0.00040324j|E3=-0.05573446-0.00035581j
26-28-11-34 #-----------------------------------------#
26-28-11-34 [保存] Step 299 → pickle 文件已更新 (300 条记录)
26-28-11-34 [GaugeReset@300] 吸收 Δg = Σ Re(col_mean) = +6.9408 | 新|g| = 6.4425
26-28-11-34 训练耗时：208.63 秒
26-28-11-34 
============================================================
26-28-11-34 训练完成!
26-28-11-34 ============================================================
26-28-11-34 [保存] 训练结束，pickle 最终写入 300 条记录 → ./data/26-09-28-11-30_history_natural_gradient_H2_molecule_K4.pkl
