26-17-02-57 
============================================================
26-17-02-57 开始多链 NES-VMC 训练 | P8: 双侧一致列规范 + 周期性 gauge reset
26-17-02-57 超参数配置:

N_CHAINS =16

N_SAMPLES_PER_CHAIN =400

SWEEP_SIZE = 20

N_ITER = 300

Natural_Grad = True

clip_norm = 20.0

lr = 0.1

qgt_diag_shift = 0.1

RESET_PERIOD = 10
       
SAVE_INTERVAL = 20
26-17-02-57 ============================================================
26-17-02-57 精确CAS基准：基态=-1.05434745 Ha | 1激发=-0.95790573 Ha|2激发=-0.66895227 Ha|3激发=-0.55140192 Ha|
26-17-02-57 理论 Loss 上限：-3.23260738 
26-17-02-57 超参：clip_norm=20.0, lr=0.1, QGT diag_shift=0.1, RESET_PERIOD=10
26-17-02-58 [Step   0] logΨ: mean=1.406+0.080j | min=-1.605+1.308j | max=2.629+1.996j
26-17-02-58 梯度监控 | raw=3.8741 | per_param=0.1164 |  natural=1.0164 | clipped=1.0164(上限20.0)
26-17-02-58 原始规范坐标 G(Re Σrow_mean) = +1.3697 | 累计|g| = 0.0000
26-17-02-58 Ψ矩阵条件数 cond(Ψ) = 7.44e+00
26-17-02-58 Loss=0.600787 | E0=-0.57964716 | E1=-0.00537354|E2=0.09118599|E3=0.92596783
26-17-02-58 #-----------------------------------------#
26-17-02-58 [Step   1] logΨ: mean=1.794+0.061j | min=-2.428+1.096j | max=2.996+1.725j
26-17-02-58 梯度监控 | raw=3.7251 | per_param=0.1119 |  natural=1.0320 | clipped=1.0320(上限20.0)
26-17-02-58 原始规范坐标 G(Re Σrow_mean) = +1.7179 | 累计|g| = 0.0000
26-17-02-58 Ψ矩阵条件数 cond(Ψ) = 9.26e+00
26-17-02-58 Loss=0.356225 | E0=-0.65248150 | E1=-0.11360855|E2=0.04494426|E3=0.81029969
26-17-02-58 #-----------------------------------------#
26-17-02-58 [Step   2] logΨ: mean=2.287+0.048j | min=-0.858-0.196j | max=3.465+1.699j
26-17-02-58 梯度监控 | raw=3.3799 | per_param=0.1015 |  natural=1.0207 | clipped=1.0207(上限20.0)
26-17-02-58 原始规范坐标 G(Re Σrow_mean) = +2.1241 | 累计|g| = 0.0000
26-17-02-58 Ψ矩阵条件数 cond(Ψ) = 1.58e+01
26-17-02-58 Loss=0.082453 | E0=-0.73296843 | E1=-0.24169146|E2=0.01482042|E3=0.69295083
26-17-02-58 #-----------------------------------------#
26-17-02-58 [Step   3] logΨ: mean=2.833+0.116j | min=-0.186+2.051j | max=3.986+1.752j
26-17-02-58 梯度监控 | raw=3.3296 | per_param=0.1000 |  natural=1.0186 | clipped=1.0186(上限20.0)
26-17-02-58 原始规范坐标 G(Re Σrow_mean) = +2.5741 | 累计|g| = 0.0000
26-17-02-58 Ψ矩阵条件数 cond(Ψ) = 1.13e+01
26-17-02-58 Loss=-0.162967 | E0=-0.78696627 | E1=-0.34785426|E2=-0.01207578|E3=0.57127069
26-17-02-58 #-----------------------------------------#
26-17-02-58 [Step   4] logΨ: mean=3.451+0.081j | min=-0.480+1.213j | max=4.608+1.728j
26-17-02-58 梯度监控 | raw=3.1024 | per_param=0.0932 |  natural=1.0261 | clipped=1.0261(上限20.0)
26-17-02-58 原始规范坐标 G(Re Σrow_mean) = +3.0699 | 累计|g| = 0.0000
26-17-02-58 Ψ矩阵条件数 cond(Ψ) = 1.52e+01
26-17-02-58 Loss=-0.412611 | E0=-0.83814687 | E1=-0.45764158|E2=-0.04167869|E3=0.44437029
26-17-02-58 #-----------------------------------------#
26-17-02-58 [Step   5] logΨ: mean=4.106+0.048j | min=0.501+1.485j | max=5.256+1.719j
26-17-02-58 梯度监控 | raw=3.0969 | per_param=0.0930 |  natural=1.0204 | clipped=1.0204(上限20.0)
26-17-02-58 原始规范坐标 G(Re Σrow_mean) = +3.6290 | 累计|g| = 0.0000
26-17-02-58 Ψ矩阵条件数 cond(Ψ) = 2.70e+01
26-17-02-58 Loss=-0.669599 | E0=-0.87656165 | E1=-0.56131241|E2=-0.09044898|E3=0.33152405
26-17-02-58 #-----------------------------------------#
26-17-02-58 [Step   6] logΨ: mean=4.802+0.124j | min=1.836+3.140j | max=5.913+1.723j
26-17-02-58 梯度监控 | raw=3.3610 | per_param=0.1010 |  natural=0.9725 | clipped=0.9725(上限20.0)
26-17-02-58 原始规范坐标 G(Re Σrow_mean) = +4.1844 | 累计|g| = 0.0000
26-17-02-58 Ψ矩阵条件数 cond(Ψ) = 8.88e+00
26-17-02-58 Loss=-0.836561 | E0=-0.90143275 | E1=-0.63512071|E2=-0.12874244|E3=0.25584455
26-17-02-58 #-----------------------------------------#
26-17-02-58 [Step   7] logΨ: mean=5.573+0.166j | min=1.713+0.537j | max=6.683+1.907j
26-17-02-58 梯度监控 | raw=3.2509 | per_param=0.0977 |  natural=0.9642 | clipped=0.9642(上限20.0)
26-17-02-58 原始规范坐标 G(Re Σrow_mean) = +4.8275 | 累计|g| = 0.0000
26-17-02-58 Ψ矩阵条件数 cond(Ψ) = 1.62e+01
26-17-02-58 Loss=-1.102021 | E0=-0.92827906 | E1=-0.70243968|E2=-0.20911481|E3=0.18088632
26-17-02-58 #-----------------------------------------#
26-17-02-59 [Step   8] logΨ: mean=6.374+0.170j | min=2.050-1.137j | max=7.490+1.938j
26-17-02-59 梯度监控 | raw=3.4279 | per_param=0.1030 |  natural=0.9400 | clipped=0.9400(上限20.0)
26-17-02-59 原始规范坐标 G(Re Σrow_mean) = +5.4966 | 累计|g| = 0.0000
26-17-02-59 Ψ矩阵条件数 cond(Ψ) = 9.99e+00
26-17-02-59 Loss=-1.283192 | E0=-0.94584203 | E1=-0.76716416|E2=-0.26634126|E3=0.13700333
26-17-02-59 #-----------------------------------------#
26-17-02-59 [Step   9] logΨ: mean=7.152+0.157j | min=2.355-2.081j | max=8.276+1.964j
26-17-02-59 梯度监控 | raw=3.4495 | per_param=0.1036 |  natural=0.9135 | clipped=0.9135(上限20.0)
26-17-02-59 原始规范坐标 G(Re Σrow_mean) = +6.1520 | 累计|g| = 0.0000
26-17-02-59 Ψ矩阵条件数 cond(Ψ) = 2.21e+01
26-17-02-59 Loss=-1.448279 | E0=-0.96411961 | E1=-0.81732391|E2=-0.32953230|E3=0.10762261
26-17-02-59 #-----------------------------------------#
26-17-02-59 [GaugeReset@10] 吸收 Δg = Σ Re(col_mean) = +6.1520 | 新|g| = 3.3399
26-17-02-59 [Step  10] logΨ: mean=1.847+0.172j | min=-2.689+2.584j | max=2.968+2.982j
26-17-02-59 梯度监控 | raw=3.5959 | per_param=0.1080 |  natural=0.9340 | clipped=0.9340(上限20.0)
26-17-02-59 原始规范坐标 G(Re Σrow_mean) = +6.8722 | 累计|g| = 3.3399
26-17-02-59 Ψ矩阵条件数 cond(Ψ) = 2.62e+01
26-17-02-59 Loss=-1.590946 | E0=-0.97502832 | E1=-0.85271025|E2=-0.38270143|E3=0.08485448
26-17-02-59 #-----------------------------------------#
26-17-02-59 [Step  11] logΨ: mean=2.736+0.171j | min=-1.619+0.867j | max=3.777+0.035j
26-17-02-59 梯度监控 | raw=3.6152 | per_param=0.1086 |  natural=0.8300 | clipped=0.8300(上限20.0)
26-17-02-59 原始规范坐标 G(Re Σrow_mean) = +7.6104 | 累计|g| = 3.3399
26-17-02-59 Ψ矩阵条件数 cond(Ψ) = 6.93e+01
26-17-02-59 Loss=-1.760170 | E0=-0.98759449 | E1=-0.88608954|E2=-0.43225047|E3=0.06372133
26-17-02-59 #-----------------------------------------#
26-17-02-59 [Step  12] logΨ: mean=3.563+0.199j | min=-1.045-0.427j | max=4.579+0.040j
26-17-02-59 梯度监控 | raw=3.7906 | per_param=0.1139 |  natural=0.7834 | clipped=0.7834(上限20.0)
26-17-02-59 原始规范坐标 G(Re Σrow_mean) = +8.3430 | 累计|g| = 3.3399
26-17-02-59 Ψ矩阵条件数 cond(Ψ) = 1.74e+01
26-17-02-59 Loss=-1.897449 | E0=-0.99829765 | E1=-0.90941723|E2=-0.46943395|E3=0.04757846
26-17-02-59 #-----------------------------------------#
26-17-02-59 [Step  13] logΨ: mean=4.327+0.082j | min=-0.728+2.408j | max=5.334+0.122j
26-17-02-59 梯度监控 | raw=3.9496 | per_param=0.1187 |  natural=0.7440 | clipped=0.7440(上限20.0)
26-17-02-59 原始规范坐标 G(Re Σrow_mean) = +8.9911 | 累计|g| = 3.3399
26-17-02-59 Ψ矩阵条件数 cond(Ψ) = 1.29e+01
26-17-02-59 Loss=-1.990789 | E0=-1.01041192 | E1=-0.92441902|E2=-0.49029195|E3=0.03193470
26-17-02-59 #-----------------------------------------#
26-17-02-59 [Step  14] logΨ: mean=5.074+0.185j | min=-0.084-3.126j | max=5.999+0.092j
26-17-02-59 梯度监控 | raw=4.1538 | per_param=0.1248 |  natural=0.6573 | clipped=0.6573(上限20.0)
26-17-02-59 原始规范坐标 G(Re Σrow_mean) = +9.6586 | 累计|g| = 3.3399
26-17-02-59 Ψ矩阵条件数 cond(Ψ) = 1.26e+01
26-17-02-59 Loss=-2.105410 | E0=-1.01792239 | E1=-0.93730654|E2=-0.51915569|E3=0.02063892
26-17-02-59 #-----------------------------------------#
26-17-02-59 [Step  15] logΨ: mean=5.710-0.107j | min=0.823-1.976j | max=6.648+0.211j
26-17-02-59 梯度监控 | raw=4.5748 | per_param=0.1374 |  natural=0.6515 | clipped=0.6515(上限20.0)
26-17-02-59 原始规范坐标 G(Re Σrow_mean) = +10.2411 | 累计|g| = 3.3399
26-17-02-59 Ψ矩阵条件数 cond(Ψ) = 9.78e+00
26-17-02-59 Loss=-2.178981 | E0=-1.02678164 | E1=-0.94391608|E2=-0.53240573|E3=0.00096355
26-17-02-59 #-----------------------------------------#
26-17-02-59 [Step  16] logΨ: mean=6.364-0.130j | min=2.211-0.329j | max=7.267+0.206j
26-17-02-59 梯度监控 | raw=5.4589 | per_param=0.1640 |  natural=0.6182 | clipped=0.6182(上限20.0)
26-17-02-59 原始规范坐标 G(Re Σrow_mean) = +10.8289 | 累计|g| = 3.3399
26-17-02-59 Ψ矩阵条件数 cond(Ψ) = 1.13e+01
26-17-02-59 Loss=-2.245103 | E0=-1.03184364 | E1=-0.94888576|E2=-0.54620926|E3=-0.01319565
26-17-02-59 #-----------------------------------------#
26-17-02-59 [Step  17] logΨ: mean=6.945-0.247j | min=1.751+1.176j | max=7.802+0.330j
26-17-02-59 梯度监控 | raw=5.9904 | per_param=0.1800 |  natural=0.5463 | clipped=0.5463(上限20.0)
26-17-02-59 原始规范坐标 G(Re Σrow_mean) = +11.3698 | 累计|g| = 3.3399
26-17-02-59 Ψ矩阵条件数 cond(Ψ) = 1.54e+01
26-17-02-59 Loss=-2.306191 | E0=-1.03725598 | E1=-0.95251316|E2=-0.55690330|E3=-0.02644966
26-17-02-59 #-----------------------------------------#
26-17-02-59 [Step  18] logΨ: mean=7.371-0.137j | min=2.201+0.217j | max=8.210+0.431j
26-17-02-59 梯度监控 | raw=6.6290 | per_param=0.1992 |  natural=0.5421 | clipped=0.5421(上限20.0)
26-17-02-59 原始规范坐标 G(Re Σrow_mean) = +11.7677 | 累计|g| = 3.3399
26-17-02-59 Ψ矩阵条件数 cond(Ψ) = 1.37e+01
26-17-02-59 Loss=-2.360719 | E0=-1.04062574 | E1=-0.95414809|E2=-0.56318106|E3=-0.04895551
26-17-02-59 #-----------------------------------------#
26-17-02-59 [Step  19] logΨ: mean=7.853-0.542j | min=2.524+0.993j | max=8.667+0.538j
26-17-02-59 梯度监控 | raw=7.5824 | per_param=0.2278 |  natural=0.5880 | clipped=0.5880(上限20.0)
26-17-02-59 原始规范坐标 G(Re Σrow_mean) = +12.2116 | 累计|g| = 3.3399
26-17-02-59 Ψ矩阵条件数 cond(Ψ) = 1.86e+01
26-17-02-59 Loss=-2.392862 | E0=-1.04259409 | E1=-0.95517483|E2=-0.56960276|E3=-0.06510124
26-17-02-59 #-----------------------------------------#
26-17-02-59 [保存] Step 19 → pickle 文件已更新 (20 条记录)
26-17-02-59 [GaugeReset@20] 吸收 Δg = Σ Re(col_mean) = +12.2116 | 新|g| = 6.5707
26-17-02-59 [Step  20] logΨ: mean=2.198-0.259j | min=-2.382+0.346j | max=2.985+0.295j
26-17-02-59 梯度监控 | raw=8.6121 | per_param=0.2587 |  natural=0.4417 | clipped=0.4417(上限20.0)
26-17-02-59 原始规范坐标 G(Re Σrow_mean) = +12.5775 | 累计|g| = 6.5707
26-17-02-59 Ψ矩阵条件数 cond(Ψ) = 1.21e+01
26-17-02-59 Loss=-2.437891 | E0=-1.04509693 | E1=-0.95598653|E2=-0.57426205|E3=-0.08002639
26-17-02-59 #-----------------------------------------#
26-17-02-59 [Step  21] logΨ: mean=2.679-0.173j | min=-3.976+1.970j | max=3.467+0.318j
26-17-02-59 梯度监控 | raw=9.9914 | per_param=0.3002 |  natural=0.4877 | clipped=0.4877(上限20.0)
26-17-02-59 原始规范坐标 G(Re Σrow_mean) = +13.0097 | 累计|g| = 6.5707
26-17-02-59 Ψ矩阵条件数 cond(Ψ) = 1.58e+01
26-17-02-59 Loss=-2.458693 | E0=-1.04786514 | E1=-0.95619607|E2=-0.57781363|E3=-0.09799472
26-17-02-59 #-----------------------------------------#
26-17-02-59 [Step  22] logΨ: mean=3.137-0.184j | min=-1.505-2.119j | max=3.886+0.262j
26-17-02-59 梯度监控 | raw=11.1240 | per_param=0.3342 |  natural=0.4247 | clipped=0.4247(上限20.0)
26-17-02-59 原始规范坐标 G(Re Σrow_mean) = +13.4900 | 累计|g| = 6.5707
26-17-02-59 Ψ矩阵条件数 cond(Ψ) = 2.85e+01
26-17-02-59 Loss=-2.501252 | E0=-1.04978687 | E1=-0.95671552|E2=-0.58268349|E3=-0.11405214
26-17-02-59 #-----------------------------------------#
26-17-02-59 [Step  23] logΨ: mean=3.480-0.124j | min=-0.840+2.979j | max=4.178+0.157j
26-17-02-59 梯度监控 | raw=13.4986 | per_param=0.4055 |  natural=0.3963 | clipped=0.3963(上限20.0)
26-17-02-59 原始规范坐标 G(Re Σrow_mean) = +13.8232 | 累计|g| = 6.5707
26-17-02-59 Ψ矩阵条件数 cond(Ψ) = 2.67e+01
26-17-02-59 Loss=-2.542978 | E0=-1.04941675 | E1=-0.95700319|E2=-0.58512386|E3=-0.13835281
26-17-02-59 #-----------------------------------------#
26-17-02-59 [Step  24] logΨ: mean=3.749-0.187j | min=-1.465-3.031j | max=4.440+0.181j
26-17-02-59 梯度监控 | raw=16.1676 | per_param=0.4857 |  natural=0.4197 | clipped=0.4197(上限20.0)
26-17-02-59 原始规范坐标 G(Re Σrow_mean) = +14.1139 | 累计|g| = 6.5707
26-17-02-59 Ψ矩阵条件数 cond(Ψ) = 3.50e+01
26-17-02-59 Loss=-2.548972 | E0=-1.04945772 | E1=-0.95673370|E2=-0.58759636|E3=-0.14072486
26-17-02-59 #-----------------------------------------#
26-17-02-59 [Step  25] logΨ: mean=4.053-0.299j | min=-1.245-1.394j | max=4.718+0.142j
26-17-02-59 梯度监控 | raw=18.9890 | per_param=0.5705 |  natural=0.3025 | clipped=0.3025(上限20.0)
26-17-02-59 原始规范坐标 G(Re Σrow_mean) = +14.4303 | 累计|g| = 6.5707
26-17-02-59 Ψ矩阵条件数 cond(Ψ) = 1.10e+01
26-17-02-59 Loss=-2.582002 | E0=-1.05026141 | E1=-0.95710533|E2=-0.59032351|E3=-0.15827568
26-17-02-59 #-----------------------------------------#
26-17-02-59 [Step  26] logΨ: mean=4.353+0.290j | min=-0.818-2.368j | max=4.993+0.090j
26-17-02-59 梯度监控 | raw=20.4050 | per_param=0.6130 |  natural=0.2799 | clipped=0.2799(上限20.0)
26-17-02-59 原始规范坐标 G(Re Σrow_mean) = +14.7117 | 累计|g| = 6.5707
26-17-02-59 Ψ矩阵条件数 cond(Ψ) = 1.12e+01
26-17-02-59 Loss=-2.591677 | E0=-1.05042026 | E1=-0.95676899|E2=-0.59232570|E3=-0.17560909
26-17-02-59 #-----------------------------------------#
26-17-02-59 [Step  27] logΨ: mean=4.530+0.281j | min=-1.096-0.649j | max=5.162+0.062j
26-17-02-59 梯度监控 | raw=22.7605 | per_param=0.6838 |  natural=0.2509 | clipped=0.2509(上限20.0)
26-17-02-59 原始规范坐标 G(Re Σrow_mean) = +14.8543 | 累计|g| = 6.5707
26-17-02-59 Ψ矩阵条件数 cond(Ψ) = 3.27e+01
26-17-02-59 Loss=-2.614465 | E0=-1.05085671 | E1=-0.95675975|E2=-0.59473761|E3=-0.19232155
26-17-02-59 #-----------------------------------------#
26-17-02-59 [Step  28] logΨ: mean=4.983+0.203j | min=-1.593+1.895j | max=5.623+2.941j
26-17-02-59 梯度监控 | raw=29.5151 | per_param=0.8867 |  natural=0.3299 | clipped=0.3299(上限20.0)
26-17-02-59 原始规范坐标 G(Re Σrow_mean) = +15.3776 | 累计|g| = 6.5707
26-17-02-59 Ψ矩阵条件数 cond(Ψ) = 1.22e+01
26-17-02-59 Loss=-2.633307 | E0=-1.05150363 | E1=-0.95658275|E2=-0.59696566|E3=-0.20792384
26-17-02-59 #-----------------------------------------#
26-17-02-59 [Step  29] logΨ: mean=5.011+0.261j | min=-0.114-2.804j | max=5.673+2.943j
26-17-02-59 梯度监控 | raw=32.6657 | per_param=0.9813 |  natural=0.3526 | clipped=0.3526(上限20.0)
26-17-02-59 原始规范坐标 G(Re Σrow_mean) = +15.4321 | 累计|g| = 6.5707
26-17-02-59 Ψ矩阵条件数 cond(Ψ) = 1.05e+01
26-17-02-59 Loss=-2.639065 | E0=-1.05086407 | E1=-0.95621432|E2=-0.59891489|E3=-0.22431740
26-17-02-59 #-----------------------------------------#
26-17-02-59 [GaugeReset@30] 吸收 Δg = Σ Re(col_mean) = +15.4321 | 新|g| = 8.3209
26-17-02-59 [Step  30] logΨ: mean=2.026+0.681j | min=-3.162-1.450j | max=2.698+2.809j
26-17-02-59 梯度监控 | raw=38.3903 | per_param=1.1533 |  natural=0.2374 | clipped=0.2374(上限20.0)
26-17-02-59 原始规范坐标 G(Re Σrow_mean) = +15.6242 | 累计|g| = 8.3209
26-17-02-59 Ψ矩阵条件数 cond(Ψ) = 2.37e+01
26-17-02-59 Loss=-2.658266 | E0=-1.05077907 | E1=-0.95593294|E2=-0.60074213|E3=-0.24675698
26-17-02-59 #-----------------------------------------#
26-17-02-59 [Step  31] logΨ: mean=2.231+0.569j | min=-2.768-2.383j | max=2.927+2.796j
26-17-02-59 梯度监控 | raw=41.9021 | per_param=1.2588 |  natural=0.2307 | clipped=0.2307(上限20.0)
26-17-02-59 原始规范坐标 G(Re Σrow_mean) = +15.8454 | 累计|g| = 8.3209
26-17-02-59 Ψ矩阵条件数 cond(Ψ) = 1.16e+01
26-17-02-59 Loss=-2.666295 | E0=-1.05091196 | E1=-0.95569375|E2=-0.60267208|E3=-0.25313921
26-17-02-59 #-----------------------------------------#
26-17-02-59 [Step  32] logΨ: mean=2.382+0.671j | min=-2.580-3.043j | max=3.092+2.824j
26-17-02-59 梯度监控 | raw=52.1453 | per_param=1.5666 |  natural=0.2150 | clipped=0.2150(上限20.0)
26-17-02-59 原始规范坐标 G(Re Σrow_mean) = +16.0688 | 累计|g| = 8.3209
26-17-02-59 Ψ矩阵条件数 cond(Ψ) = 3.62e+01
26-17-02-59 Loss=-2.691788 | E0=-1.05059659 | E1=-0.95545664|E2=-0.60421615|E3=-0.28131882
26-17-02-59 #-----------------------------------------#
26-17-02-59 [Step  33] logΨ: mean=2.557+0.512j | min=-4.014-0.746j | max=3.343+2.711j
26-17-02-59 梯度监控 | raw=55.2823 | per_param=1.6608 |  natural=0.2328 | clipped=0.2328(上限20.0)
26-17-02-59 原始规范坐标 G(Re Σrow_mean) = +16.2171 | 累计|g| = 8.3209
26-17-02-59 Ψ矩阵条件数 cond(Ψ) = 1.02e+01
26-17-02-59 Loss=-2.688720 | E0=-1.05009325 | E1=-0.95537181|E2=-0.60514608|E3=-0.30595091
26-17-02-59 #-----------------------------------------#
26-17-02-59 [Step  34] logΨ: mean=2.655+0.546j | min=-2.128+0.847j | max=3.476+2.715j
26-17-02-59 梯度监控 | raw=62.3605 | per_param=1.8734 |  natural=0.2458 | clipped=0.2458(上限20.0)
26-17-02-59 原始规范坐标 G(Re Σrow_mean) = +16.3608 | 累计|g| = 8.3209
26-17-02-59 Ψ矩阵条件数 cond(Ψ) = 1.04e+01
26-17-02-59 Loss=-2.721953 | E0=-1.05009724 | E1=-0.95510979|E2=-0.60740677|E3=-0.34547574
26-17-02-59 #-----------------------------------------#
26-17-02-59 [Step  35] logΨ: mean=2.902+0.687j | min=-2.007-1.613j | max=3.732+2.725j
26-17-02-59 梯度监控 | raw=69.6816 | per_param=2.0934 |  natural=0.2509 | clipped=0.2509(上限20.0)
26-17-02-59 原始规范坐标 G(Re Σrow_mean) = +16.6426 | 累计|g| = 8.3209
26-17-02-59 Ψ矩阵条件数 cond(Ψ) = 1.13e+01
26-17-02-59 Loss=-2.741285 | E0=-1.04986512 | E1=-0.95496426|E2=-0.60965760|E3=-0.36830802
26-17-02-59 #-----------------------------------------#
26-17-02-59 [Step  36] logΨ: mean=3.022+0.606j | min=-4.610+2.516j | max=3.874+2.723j
26-17-02-59 梯度监控 | raw=74.7396 | per_param=2.2453 |  natural=0.1859 | clipped=0.1859(上限20.0)
26-17-02-59 原始规范坐标 G(Re Σrow_mean) = +16.7815 | 累计|g| = 8.3209
26-17-02-59 Ψ矩阵条件数 cond(Ψ) = 1.03e+01
26-17-02-59 Loss=-2.758891 | E0=-1.04929150 | E1=-0.95478545|E2=-0.61265491|E3=-0.38561124
26-17-02-59 #-----------------------------------------#
26-17-03-00 [Step  37] logΨ: mean=3.217+0.554j | min=-2.420-2.251j | max=4.133+2.706j
26-17-03-00 梯度监控 | raw=74.3116 | per_param=2.2325 |  natural=0.2909 | clipped=0.2909(上限20.0)
26-17-03-00 原始规范坐标 G(Re Σrow_mean) = +16.9776 | 累计|g| = 8.3209
26-17-03-00 Ψ矩阵条件数 cond(Ψ) = 2.48e+01
26-17-03-00 Loss=-2.766826 | E0=-1.04943567 | E1=-0.95449608|E2=-0.61446378|E3=-0.41585844
26-17-03-00 #-----------------------------------------#
26-17-03-00 [Step  38] logΨ: mean=3.463+0.718j | min=-1.280-3.118j | max=4.324+2.677j
26-17-03-00 梯度监控 | raw=87.5463 | per_param=2.6301 |  natural=0.1408 | clipped=0.1408(上限20.0)
26-17-03-00 原始规范坐标 G(Re Σrow_mean) = +17.3005 | 累计|g| = 8.3209
26-17-03-00 Ψ矩阵条件数 cond(Ψ) = 1.21e+01
26-17-03-00 Loss=-2.809205 | E0=-1.04896554 | E1=-0.95439218|E2=-0.61755244|E3=-0.44289257
26-17-03-00 #-----------------------------------------#
26-17-03-00 [Step  39] logΨ: mean=3.607+0.663j | min=-1.450-0.496j | max=4.494+2.745j
26-17-03-00 梯度监控 | raw=84.5168 | per_param=2.5391 |  natural=0.2404 | clipped=0.2404(上限20.0)
26-17-03-00 原始规范坐标 G(Re Σrow_mean) = +17.3809 | 累计|g| = 8.3209
26-17-03-00 Ψ矩阵条件数 cond(Ψ) = 2.34e+01
26-17-03-00 Loss=-2.815742 | E0=-1.04903584 | E1=-0.95428606|E2=-0.62043008|E3=-0.45414530
26-17-03-00 #-----------------------------------------#
26-17-03-00 [保存] Step 39 → pickle 文件已更新 (40 条记录)
26-17-03-00 [GaugeReset@40] 吸收 Δg = Σ Re(col_mean) = +17.3809 | 新|g| = 9.3772
26-17-03-00 [Step  40] logΨ: mean=1.782+0.595j | min=-3.964-0.002j | max=2.650+2.532j
26-17-03-00 梯度监控 | raw=84.5498 | per_param=2.5401 |  natural=0.1227 | clipped=0.1227(上限20.0)
26-17-03-00 原始规范坐标 G(Re Σrow_mean) = +17.5435 | 累计|g| = 9.3772
26-17-03-00 Ψ矩阵条件数 cond(Ψ) = 2.99e+01
26-17-03-00 Loss=-2.848543 | E0=-1.04879078 | E1=-0.95423713|E2=-0.62312681|E3=-0.47003232
26-17-03-00 #-----------------------------------------#
26-17-03-00 [Step  41] logΨ: mean=1.874+0.549j | min=-2.745-0.599j | max=2.787+2.571j
26-17-03-00 梯度监控 | raw=83.7398 | per_param=2.5157 |  natural=0.1977 | clipped=0.1977(上限20.0)
26-17-03-00 原始规范坐标 G(Re Σrow_mean) = +17.6215 | 累计|g| = 9.3772
26-17-03-00 Ψ矩阵条件数 cond(Ψ) = 4.59e+01
26-17-03-00 Loss=-2.840531 | E0=-1.04934358 | E1=-0.95435206|E2=-0.62618185|E3=-0.47783393
26-17-03-00 #-----------------------------------------#
26-17-03-00 [Step  42] logΨ: mean=2.121+0.672j | min=-3.444+1.264j | max=2.978+2.598j
26-17-03-00 梯度监控 | raw=85.6511 | per_param=2.5731 |  natural=0.2349 | clipped=0.2349(上限20.0)
26-17-03-00 原始规范坐标 G(Re Σrow_mean) = +17.9148 | 累计|g| = 9.3772
26-17-03-00 Ψ矩阵条件数 cond(Ψ) = 3.93e+01
26-17-03-00 Loss=-2.882183 | E0=-1.04857417 | E1=-0.95418846|E2=-0.62900245|E3=-0.49644245
26-17-03-00 #-----------------------------------------#
26-17-03-00 [Step  43] logΨ: mean=2.264+0.702j | min=-2.409+1.753j | max=3.096+2.586j
26-17-03-00 梯度监控 | raw=85.3175 | per_param=2.5631 |  natural=0.1418 | clipped=0.1418(上限20.0)
26-17-03-00 原始规范坐标 G(Re Σrow_mean) = +18.0921 | 累计|g| = 9.3772
26-17-03-00 Ψ矩阵条件数 cond(Ψ) = 2.32e+01
26-17-03-00 Loss=-2.908300 | E0=-1.04881092 | E1=-0.95404952|E2=-0.63258885|E3=-0.50657058
26-17-03-00 #-----------------------------------------#
26-17-03-00 [Step  44] logΨ: mean=2.375+0.734j | min=-3.643+2.105j | max=3.240+2.580j
26-17-03-00 梯度监控 | raw=82.6061 | per_param=2.4817 |  natural=0.2121 | clipped=0.2121(上限20.0)
26-17-03-00 原始规范坐标 G(Re Σrow_mean) = +18.2278 | 累计|g| = 9.3772
26-17-03-00 Ψ矩阵条件数 cond(Ψ) = 2.30e+01
26-17-03-00 Loss=-2.915970 | E0=-1.04861979 | E1=-0.95422019|E2=-0.63517387|E3=-0.51492442
26-17-03-00 #-----------------------------------------#
26-17-03-00 [Step  45] logΨ: mean=2.668+0.462j | min=-4.024-2.128j | max=3.528+2.130j
26-17-03-00 梯度监控 | raw=78.1500 | per_param=2.3478 |  natural=0.4183 | clipped=0.4183(上限20.0)
26-17-03-00 原始规范坐标 G(Re Σrow_mean) = +18.4323 | 累计|g| = 9.3772
26-17-03-00 Ψ矩阵条件数 cond(Ψ) = 1.67e+01
26-17-03-00 Loss=-2.923342 | E0=-1.04867725 | E1=-0.95397185|E2=-0.63775099|E3=-0.51508192
26-17-03-00 #-----------------------------------------#
26-17-03-00 [Step  46] logΨ: mean=2.869+0.554j | min=-3.169-0.904j | max=3.605+2.131j
26-17-03-00 梯度监控 | raw=74.3066 | per_param=2.2323 |  natural=0.1444 | clipped=0.1444(上限20.0)
26-17-03-00 原始规范坐标 G(Re Σrow_mean) = +18.7149 | 累计|g| = 9.3772
26-17-03-00 Ψ矩阵条件数 cond(Ψ) = 1.65e+01
26-17-03-00 Loss=-2.971230 | E0=-1.04825136 | E1=-0.95383081|E2=-0.64244208|E3=-0.52922387
26-17-03-00 #-----------------------------------------#
26-17-03-00 [Step  47] logΨ: mean=3.117+0.580j | min=-2.205-2.939j | max=3.783+2.145j
26-17-03-00 梯度监控 | raw=70.4545 | per_param=2.1166 |  natural=0.1234 | clipped=0.1234(上限20.0)
26-17-03-00 原始规范坐标 G(Re Σrow_mean) = +18.9952 | 累计|g| = 9.3772
26-17-03-00 Ψ矩阵条件数 cond(Ψ) = 1.62e+01
26-17-03-00 Loss=-3.003704 | E0=-1.04811126 | E1=-0.95384983|E2=-0.64530129|E3=-0.53561506
26-17-03-00 #-----------------------------------------#
26-17-03-00 [Step  48] logΨ: mean=3.033+0.287j | min=-2.966-0.337j | max=3.821+2.062j
26-17-03-00 梯度监控 | raw=72.3601 | per_param=2.1738 |  natural=0.1719 | clipped=0.1719(上限20.0)
26-17-03-00 原始规范坐标 G(Re Σrow_mean) = +18.8193 | 累计|g| = 9.3772
26-17-03-00 Ψ矩阵条件数 cond(Ψ) = 1.62e+01
26-17-03-00 Loss=-2.980301 | E0=-1.04812298 | E1=-0.95359005|E2=-0.64533160|E3=-0.53224357
26-17-03-00 #-----------------------------------------#
26-17-03-00 [Step  49] logΨ: mean=3.142+0.390j | min=-3.243-0.680j | max=3.872+2.098j
26-17-03-00 梯度监控 | raw=68.0431 | per_param=2.0442 |  natural=0.1085 | clipped=0.1085(上限20.0)
26-17-03-00 原始规范坐标 G(Re Σrow_mean) = +18.9092 | 累计|g| = 9.3772
26-17-03-00 Ψ矩阵条件数 cond(Ψ) = 1.58e+01
26-17-03-00 Loss=-3.002568 | E0=-1.04800793 | E1=-0.95365578|E2=-0.64799458|E3=-0.53710021
26-17-03-00 #-----------------------------------------#
26-17-03-00 [GaugeReset@50] 吸收 Δg = Σ Re(col_mean) = +18.9092 | 新|g| = 10.2820
26-17-03-00 [Step  50] logΨ: mean=1.769+0.604j | min=-4.526+2.291j | max=2.459+2.144j
26-17-03-00 梯度监控 | raw=60.9516 | per_param=1.8311 |  natural=0.1282 | clipped=0.1282(上限20.0)
26-17-03-00 原始规范坐标 G(Re Σrow_mean) = +19.0581 | 累计|g| = 10.2820
26-17-03-00 Ψ矩阵条件数 cond(Ψ) = 1.65e+01
26-17-03-00 Loss=-3.024448 | E0=-1.04773337 | E1=-0.95355815|E2=-0.64986665|E3=-0.54003844
26-17-03-00 #-----------------------------------------#
26-17-03-00 [Step  51] logΨ: mean=1.787+0.551j | min=-4.549+2.494j | max=2.420+2.262j
26-17-03-00 梯度监控 | raw=58.6687 | per_param=1.7625 |  natural=0.2791 | clipped=0.2791(上限20.0)
26-17-03-00 原始规范坐标 G(Re Σrow_mean) = +19.0468 | 累计|g| = 10.2820
26-17-03-00 Ψ矩阵条件数 cond(Ψ) = 1.76e+01
26-17-03-00 Loss=-3.043373 | E0=-1.04777849 | E1=-0.95354911|E2=-0.65245414|E3=-0.54370816
26-17-03-00 #-----------------------------------------#
26-17-03-00 [Step  52] logΨ: mean=1.855+0.697j | min=-5.093-0.560j | max=2.510+2.275j
26-17-03-00 梯度监控 | raw=54.6906 | per_param=1.6430 |  natural=0.1233 | clipped=0.1233(上限20.0)
26-17-03-00 原始规范坐标 G(Re Σrow_mean) = +19.0765 | 累计|g| = 10.2820
26-17-03-00 Ψ矩阵条件数 cond(Ψ) = 1.75e+01
26-17-03-00 Loss=-3.045362 | E0=-1.04782365 | E1=-0.95361233|E2=-0.65399780|E3=-0.54479907
26-17-03-00 #-----------------------------------------#
26-17-03-00 [Step  53] logΨ: mean=2.048+0.399j | min=-5.694-2.333j | max=2.721+2.289j
26-17-03-00 梯度监控 | raw=52.3128 | per_param=1.5716 |  natural=0.1382 | clipped=0.1382(上限20.0)
26-17-03-00 原始规范坐标 G(Re Σrow_mean) = +19.2031 | 累计|g| = 10.2820
26-17-03-00 Ψ矩阵条件数 cond(Ψ) = 1.75e+01
26-17-03-00 Loss=-3.049294 | E0=-1.04765779 | E1=-0.95353722|E2=-0.65469367|E3=-0.54455265
26-17-03-00 #-----------------------------------------#
26-17-03-00 [Step  54] logΨ: mean=2.188+0.701j | min=-3.297+1.466j | max=2.740+2.291j
26-17-03-00 梯度监控 | raw=46.6363 | per_param=1.4011 |  natural=0.1061 | clipped=0.1061(上限20.0)
26-17-03-00 原始规范坐标 G(Re Σrow_mean) = +19.3636 | 累计|g| = 10.2820
26-17-03-00 Ψ矩阵条件数 cond(Ψ) = 1.73e+01
26-17-03-00 Loss=-3.087179 | E0=-1.04757032 | E1=-0.95356220|E2=-0.65665238|E3=-0.54715946
26-17-03-00 #-----------------------------------------#
26-17-03-00 [Step  55] logΨ: mean=2.317+0.655j | min=-4.499+0.119j | max=2.788+2.273j
26-17-03-00 梯度监控 | raw=36.8042 | per_param=1.1057 |  natural=0.1073 | clipped=0.1073(上限20.0)
26-17-03-00 原始规范坐标 G(Re Σrow_mean) = +19.4691 | 累计|g| = 10.2820
26-17-03-00 Ψ矩阵条件数 cond(Ψ) = 2.58e+01
26-17-03-00 Loss=-3.110581 | E0=-1.04735776 | E1=-0.95351743|E2=-0.65818603|E3=-0.54947048
26-17-03-00 #-----------------------------------------#
26-17-03-00 [Step  56] logΨ: mean=2.304+0.559j | min=-3.583-0.163j | max=2.868+2.281j
26-17-03-00 梯度监控 | raw=44.4914 | per_param=1.3366 |  natural=0.0958 | clipped=0.0958(上限20.0)
26-17-03-00 原始规范坐标 G(Re Σrow_mean) = +19.3984 | 累计|g| = 10.2820
26-17-03-00 Ψ矩阵条件数 cond(Ψ) = 1.72e+01
26-17-03-00 Loss=-3.088159 | E0=-1.04733328 | E1=-0.95352532|E2=-0.65788742|E3=-0.54875170
26-17-03-00 #-----------------------------------------#
26-17-03-00 [Step  57] logΨ: mean=2.570+0.519j | min=-2.580-2.488j | max=2.992+2.397j
26-17-03-00 梯度监控 | raw=36.7180 | per_param=1.1031 |  natural=0.3241 | clipped=0.3241(上限20.0)
26-17-03-00 原始规范坐标 G(Re Σrow_mean) = +19.7028 | 累计|g| = 10.2820
26-17-03-00 Ψ矩阵条件数 cond(Ψ) = 1.72e+01
26-17-03-00 Loss=-3.124980 | E0=-1.04719442 | E1=-0.95356062|E2=-0.65938286|E3=-0.55227245
26-17-03-00 #-----------------------------------------#
26-17-03-00 [Step  58] logΨ: mean=2.675+0.688j | min=-3.404-2.764j | max=3.046+2.378j
26-17-03-00 梯度监控 | raw=30.4892 | per_param=0.9160 |  natural=0.0865 | clipped=0.0865(上限20.0)
26-17-03-00 原始规范坐标 G(Re Σrow_mean) = +19.7821 | 累计|g| = 10.2820
26-17-03-00 Ψ矩阵条件数 cond(Ψ) = 1.74e+01
26-17-03-00 Loss=-3.142898 | E0=-1.04704324 | E1=-0.95364207|E2=-0.65986633|E3=-0.55247804
26-17-03-00 #-----------------------------------------#
26-17-03-00 [Step  59] logΨ: mean=2.759+0.898j | min=-2.126-2.803j | max=3.130+2.395j
26-17-03-00 梯度监控 | raw=30.2037 | per_param=0.9074 |  natural=0.0999 | clipped=0.0999(上限20.0)
26-17-03-00 原始规范坐标 G(Re Σrow_mean) = +19.7973 | 累计|g| = 10.2820
26-17-03-00 Ψ矩阵条件数 cond(Ψ) = 1.74e+01
26-17-03-00 Loss=-3.141747 | E0=-1.04698217 | E1=-0.95366848|E2=-0.65985211|E3=-0.55189999
26-17-03-00 #-----------------------------------------#
26-17-03-00 [保存] Step 59 → pickle 文件已更新 (60 条记录)
26-17-03-00 [GaugeReset@60] 吸收 Δg = Σ Re(col_mean) = +19.7973 | 新|g| = 10.6752
26-17-03-00 [Step  60] logΨ: mean=2.056+0.071j | min=-4.215-0.883j | max=2.466+1.993j
26-17-03-00 梯度监控 | raw=29.3331 | per_param=0.8812 |  natural=0.4112 | clipped=0.4112(上限20.0)
26-17-03-00 原始规范坐标 G(Re Σrow_mean) = +19.8890 | 累计|g| = 10.6752
26-17-03-00 Ψ矩阵条件数 cond(Ψ) = 5.46e+01
26-17-03-00 Loss=-3.141484 | E0=-1.04723369 | E1=-0.95334649|E2=-0.66029907|E3=-0.55133210
26-17-03-00 #-----------------------------------------#
26-17-03-00 [Step  61] logΨ: mean=2.224+0.680j | min=-3.836-2.684j | max=2.584+1.981j
26-17-03-00 梯度监控 | raw=24.4400 | per_param=0.7342 |  natural=0.1203 | clipped=0.1203(上限20.0)
26-17-03-00 原始规范坐标 G(Re Σrow_mean) = +19.9813 | 累计|g| = 10.6752
26-17-03-00 Ψ矩阵条件数 cond(Ψ) = 2.04e+01
26-17-03-00 Loss=-3.150986 | E0=-1.04699696 | E1=-0.95330222|E2=-0.66066610|E3=-0.55120344
26-17-03-00 #-----------------------------------------#
26-17-03-00 [Step  62] logΨ: mean=2.192+0.378j | min=-6.167+2.877j | max=2.607+1.992j
26-17-03-00 梯度监控 | raw=25.0994 | per_param=0.7540 |  natural=0.3591 | clipped=0.3591(上限20.0)
26-17-03-00 原始规范坐标 G(Re Σrow_mean) = +19.9210 | 累计|g| = 10.6752
26-17-03-00 Ψ矩阵条件数 cond(Ψ) = 2.07e+01
26-17-03-00 Loss=-3.142464 | E0=-1.04697172 | E1=-0.95307561|E2=-0.66150328|E3=-0.55054025
26-17-03-00 #-----------------------------------------#
26-17-03-00 [Step  63] logΨ: mean=2.348+0.644j | min=-5.253+1.967j | max=2.704+2.012j
26-17-03-00 梯度监控 | raw=24.4299 | per_param=0.7339 |  natural=0.0854 | clipped=0.0854(上限20.0)
26-17-03-00 原始规范坐标 G(Re Σrow_mean) = +20.0492 | 累计|g| = 10.6752
26-17-03-00 Ψ矩阵条件数 cond(Ψ) = 2.07e+01
26-17-03-00 Loss=-3.157349 | E0=-1.04676054 | E1=-0.95313772|E2=-0.66145650|E3=-0.55103644
26-17-03-00 #-----------------------------------------#
26-17-03-00 [Step  64] logΨ: mean=2.438+0.769j | min=-3.653-0.349j | max=2.696+2.022j
26-17-03-00 梯度监控 | raw=14.4442 | per_param=0.4339 |  natural=0.1128 | clipped=0.1128(上限20.0)
26-17-03-00 原始规范坐标 G(Re Σrow_mean) = +20.1149 | 累计|g| = 10.6752
26-17-03-00 Ψ矩阵条件数 cond(Ψ) = 2.03e+01
26-17-03-00 Loss=-3.178530 | E0=-1.04666557 | E1=-0.95324711|E2=-0.66196340|E3=-0.55150119
26-17-03-00 #-----------------------------------------#
26-17-03-00 [Step  65] logΨ: mean=2.470+0.283j | min=-2.812+2.050j | max=2.782+2.011j
26-17-03-00 梯度监控 | raw=17.6143 | per_param=0.5292 |  natural=0.1135 | clipped=0.1135(上限20.0)
26-17-03-00 原始规范坐标 G(Re Σrow_mean) = +20.0767 | 累计|g| = 10.6752
26-17-03-00 Ψ矩阵条件数 cond(Ψ) = 2.04e+01
26-17-03-00 Loss=-3.170231 | E0=-1.04653917 | E1=-0.95336720|E2=-0.66197114|E3=-0.55117175
26-17-03-00 #-----------------------------------------#
26-17-03-00 [Step  66] logΨ: mean=2.484+0.453j | min=-3.151+2.778j | max=2.800+2.059j
26-17-03-00 梯度监控 | raw=18.1154 | per_param=0.5442 |  natural=0.1169 | clipped=0.1169(上限20.0)
26-17-03-00 原始规范坐标 G(Re Σrow_mean) = +20.0787 | 累计|g| = 10.6752
26-17-03-00 Ψ矩阵条件数 cond(Ψ) = 2.03e+01
26-17-03-00 Loss=-3.174938 | E0=-1.04641354 | E1=-0.95355365|E2=-0.66212587|E3=-0.55142786
26-17-03-00 #-----------------------------------------#
26-17-03-00 [Step  67] logΨ: mean=2.573+1.156j | min=-2.870+2.970j | max=2.842+2.068j
26-17-03-00 梯度监控 | raw=15.0892 | per_param=0.4533 |  natural=0.1069 | clipped=0.1069(上限20.0)
26-17-03-00 原始规范坐标 G(Re Σrow_mean) = +20.1367 | 累计|g| = 10.6752
26-17-03-00 Ψ矩阵条件数 cond(Ψ) = 1.99e+01
26-17-03-00 Loss=-3.182899 | E0=-1.04638268 | E1=-0.95337972|E2=-0.66242061|E3=-0.55138174
26-17-03-00 #-----------------------------------------#
26-17-03-01 [Step  68] logΨ: mean=2.589+0.646j | min=-2.674+2.513j | max=2.908+2.156j
26-17-03-01 梯度监控 | raw=13.6947 | per_param=0.4114 |  natural=0.1644 | clipped=0.1644(上限20.0)
26-17-03-01 原始规范坐标 G(Re Σrow_mean) = +20.1251 | 累计|g| = 10.6752
26-17-03-01 Ψ矩阵条件数 cond(Ψ) = 2.00e+01
26-17-03-01 Loss=-3.180659 | E0=-1.04633307 | E1=-0.95323000|E2=-0.66253095|E3=-0.55134580
26-17-03-01 #-----------------------------------------#
26-17-03-01 [Step  69] logΨ: mean=2.751+0.247j | min=-3.658+2.573j | max=2.999+2.118j
26-17-03-01 梯度监控 | raw=11.1627 | per_param=0.3353 |  natural=0.1240 | clipped=0.1240(上限20.0)
26-17-03-01 原始规范坐标 G(Re Σrow_mean) = +20.2376 | 累计|g| = 10.6752
26-17-03-01 Ψ矩阵条件数 cond(Ψ) = 2.50e+01
26-17-03-01 Loss=-3.185946 | E0=-1.04619402 | E1=-0.95327629|E2=-0.66248679|E3=-0.55140998
26-17-03-01 #-----------------------------------------#
26-17-03-01 [GaugeReset@70] 吸收 Δg = Σ Re(col_mean) = +20.2376 | 新|g| = 10.8765
26-17-03-01 [Step  70] logΨ: mean=2.402+0.177j | min=-3.241+1.733j | max=2.617+1.662j
26-17-03-01 梯度监控 | raw=11.2433 | per_param=0.3378 |  natural=0.1179 | clipped=0.1179(上限20.0)
26-17-03-01 原始规范坐标 G(Re Σrow_mean) = +20.3126 | 累计|g| = 10.8765
26-17-03-01 Ψ矩阵条件数 cond(Ψ) = 2.60e+01
26-17-03-01 Loss=-3.194170 | E0=-1.04610149 | E1=-0.95349367|E2=-0.66263262|E3=-0.55140291
26-17-03-01 #-----------------------------------------#
26-17-03-01 [Step  71] logΨ: mean=2.499+0.299j | min=-3.098+2.168j | max=2.706+1.745j
26-17-03-01 梯度监控 | raw=8.5548 | per_param=0.2570 |  natural=0.1008 | clipped=0.1008(上限20.0)
26-17-03-01 原始规范坐标 G(Re Σrow_mean) = +20.3804 | 累计|g| = 10.8765
26-17-03-01 Ψ矩阵条件数 cond(Ψ) = 2.58e+01
26-17-03-01 Loss=-3.193648 | E0=-1.04607291 | E1=-0.95333753|E2=-0.66247387|E3=-0.55129294
26-17-03-01 #-----------------------------------------#
26-17-03-01 [Step  72] logΨ: mean=2.612+0.096j | min=-3.267+1.545j | max=2.786+1.732j
26-17-03-01 梯度监控 | raw=5.6283 | per_param=0.1691 |  natural=0.1018 | clipped=0.1018(上限20.0)
26-17-03-01 原始规范坐标 G(Re Σrow_mean) = +20.4745 | 累计|g| = 10.8765
26-17-03-01 Ψ矩阵条件数 cond(Ψ) = 4.75e+01
26-17-03-01 Loss=-3.199873 | E0=-1.04592913 | E1=-0.95355476|E2=-0.66255947|E3=-0.55137592
26-17-03-01 #-----------------------------------------#
26-17-03-01 [Step  73] logΨ: mean=2.620-0.164j | min=-5.108+0.356j | max=2.877+1.748j
26-17-03-01 梯度监控 | raw=9.2511 | per_param=0.2779 |  natural=0.1224 | clipped=0.1224(上限20.0)
26-17-03-01 原始规范坐标 G(Re Σrow_mean) = +20.4652 | 累计|g| = 10.8765
26-17-03-01 Ψ矩阵条件数 cond(Ψ) = 2.62e+01
26-17-03-01 Loss=-3.193444 | E0=-1.04592253 | E1=-0.95373807|E2=-0.66261637|E3=-0.55107018
26-17-03-01 #-----------------------------------------#
26-17-03-01 [Step  74] logΨ: mean=2.661+0.101j | min=-2.338+2.502j | max=2.835+1.876j
26-17-03-01 梯度监控 | raw=6.9273 | per_param=0.2081 |  natural=0.1181 | clipped=0.1181(上限20.0)
26-17-03-01 原始规范坐标 G(Re Σrow_mean) = +20.5050 | 累计|g| = 10.8765
26-17-03-01 Ψ矩阵条件数 cond(Ψ) = 2.57e+01
26-17-03-01 Loss=-3.203880 | E0=-1.04593755 | E1=-0.95376397|E2=-0.66280342|E3=-0.55121054
26-17-03-01 #-----------------------------------------#
26-17-03-01 [Step  75] logΨ: mean=2.840+0.409j | min=-5.818+0.333j | max=3.052+1.887j
26-17-03-01 梯度监控 | raw=5.5915 | per_param=0.1680 |  natural=0.3638 | clipped=0.3638(上限20.0)
26-17-03-01 原始规范坐标 G(Re Σrow_mean) = +20.7006 | 累计|g| = 10.8765
26-17-03-01 Ψ矩阵条件数 cond(Ψ) = 2.79e+01
26-17-03-01 Loss=-3.193823 | E0=-1.04572543 | E1=-0.95283363|E2=-0.66336647|E3=-0.55055216
26-17-03-01 #-----------------------------------------#
26-17-03-01 [Step  76] logΨ: mean=2.843+0.039j | min=-2.788+2.205j | max=3.060+1.899j
26-17-03-01 梯度监控 | raw=9.1166 | per_param=0.2739 |  natural=0.2435 | clipped=0.2435(上限20.0)
26-17-03-01 原始规范坐标 G(Re Σrow_mean) = +20.6871 | 累计|g| = 10.8765
26-17-03-01 Ψ矩阵条件数 cond(Ψ) = 2.89e+01
26-17-03-01 Loss=-3.199026 | E0=-1.04563693 | E1=-0.95280645|E2=-0.66340740|E3=-0.55027661
26-17-03-01 #-----------------------------------------#
26-17-03-01 [Step  77] logΨ: mean=2.829+0.038j | min=-2.857+0.520j | max=3.063+1.979j
26-17-03-01 梯度监控 | raw=7.6838 | per_param=0.2308 |  natural=0.1528 | clipped=0.1528(上限20.0)
26-17-03-01 原始规范坐标 G(Re Σrow_mean) = +20.6706 | 累计|g| = 10.8765
26-17-03-01 Ψ矩阵条件数 cond(Ψ) = 2.91e+01
26-17-03-01 Loss=-3.201557 | E0=-1.04559516 | E1=-0.95304737|E2=-0.66345678|E3=-0.55023009
26-17-03-01 #-----------------------------------------#
26-17-03-01 [Step  78] logΨ: mean=2.786+0.855j | min=-3.785-0.228j | max=3.047+1.959j
26-17-03-01 梯度监控 | raw=5.9312 | per_param=0.1782 |  natural=0.1145 | clipped=0.1145(上限20.0)
26-17-03-01 原始规范坐标 G(Re Σrow_mean) = +20.6044 | 累计|g| = 10.8765
26-17-03-01 Ψ矩阵条件数 cond(Ψ) = 2.82e+01
26-17-03-01 Loss=-3.197711 | E0=-1.04561037 | E1=-0.95321824|E2=-0.66327198|E3=-0.55020652
26-17-03-01 #-----------------------------------------#
26-17-03-01 [Step  79] logΨ: mean=2.883+0.035j | min=-3.137-1.296j | max=3.115+1.952j
26-17-03-01 梯度监控 | raw=10.8804 | per_param=0.3269 |  natural=0.1011 | clipped=0.1011(上限20.0)
26-17-03-01 原始规范坐标 G(Re Σrow_mean) = +20.7002 | 累计|g| = 10.8765
26-17-03-01 Ψ矩阵条件数 cond(Ψ) = 2.76e+01
26-17-03-01 Loss=-3.201849 | E0=-1.04544397 | E1=-0.95342198|E2=-0.66317835|E3=-0.55042292
26-17-03-01 #-----------------------------------------#
26-17-03-01 [保存] Step 79 → pickle 文件已更新 (80 条记录)
26-17-03-01 [GaugeReset@80] 吸收 Δg = Σ Re(col_mean) = +20.7002 | 新|g| = 11.0927
26-17-03-01 [Step  80] logΨ: mean=2.613-0.673j | min=-2.090+1.488j | max=2.742+1.298j
26-17-03-01 梯度监控 | raw=5.5593 | per_param=0.1670 |  natural=0.0821 | clipped=0.0821(上限20.0)
26-17-03-01 原始规范坐标 G(Re Σrow_mean) = +20.8846 | 累计|g| = 11.0927
26-17-03-01 Ψ矩阵条件数 cond(Ψ) = 3.48e+01
26-17-03-01 Loss=-3.208979 | E0=-1.04539044 | E1=-0.95362054|E2=-0.66351894|E3=-0.55056935
26-17-03-01 #-----------------------------------------#
26-17-03-01 [Step  81] logΨ: mean=2.589-0.631j | min=-4.343-1.168j | max=2.777+1.282j
26-17-03-01 梯度监控 | raw=10.7562 | per_param=0.3231 |  natural=0.0874 | clipped=0.0874(上限20.0)
26-17-03-01 原始规范坐标 G(Re Σrow_mean) = +20.8829 | 累计|g| = 11.0927
26-17-03-01 Ψ矩阵条件数 cond(Ψ) = 3.36e+01
26-17-03-01 Loss=-3.208504 | E0=-1.04537098 | E1=-0.95386153|E2=-0.66369323|E3=-0.55046845
26-17-03-01 #-----------------------------------------#
26-17-03-01 [Step  82] logΨ: mean=2.472-0.100j | min=-3.543+2.206j | max=2.671+1.609j
26-17-03-01 梯度监控 | raw=7.0010 | per_param=0.2103 |  natural=0.1447 | clipped=0.1447(上限20.0)
26-17-03-01 原始规范坐标 G(Re Σrow_mean) = +20.7482 | 累计|g| = 11.0927
26-17-03-01 Ψ矩阵条件数 cond(Ψ) = 3.26e+01
26-17-03-01 Loss=-3.208091 | E0=-1.04549881 | E1=-0.95369945|E2=-0.66362684|E3=-0.55068853
26-17-03-01 #-----------------------------------------#
26-17-03-01 [Step  83] logΨ: mean=2.534+0.445j | min=-3.437-1.516j | max=2.728+1.642j
26-17-03-01 梯度监控 | raw=2.9740 | per_param=0.0893 |  natural=0.1582 | clipped=0.1582(上限20.0)
26-17-03-01 原始规范坐标 G(Re Σrow_mean) = +20.7899 | 累计|g| = 11.0927
26-17-03-01 Ψ矩阵条件数 cond(Ψ) = 3.30e+01
26-17-03-01 Loss=-3.209532 | E0=-1.04545260 | E1=-0.95337575|E2=-0.66394275|E3=-0.55045668
26-17-03-01 #-----------------------------------------#
26-17-03-01 [Step  84] logΨ: mean=2.732+0.630j | min=-3.267+1.434j | max=2.852+1.616j
26-17-03-01 梯度监控 | raw=4.8363 | per_param=0.1453 |  natural=0.0605 | clipped=0.0605(上限20.0)
26-17-03-01 原始规范坐标 G(Re Σrow_mean) = +20.9639 | 累计|g| = 11.0927
26-17-03-01 Ψ矩阵条件数 cond(Ψ) = 3.31e+01
26-17-03-01 Loss=-3.207356 | E0=-1.04535361 | E1=-0.95350446|E2=-0.66378656|E3=-0.55058190
26-17-03-01 #-----------------------------------------#
26-17-03-01 [Step  85] logΨ: mean=2.849+0.238j | min=-3.936-2.254j | max=2.962+1.639j
26-17-03-01 梯度监控 | raw=2.4580 | per_param=0.0738 |  natural=0.0626 | clipped=0.0626(上限20.0)
26-17-03-01 原始规范坐标 G(Re Σrow_mean) = +21.0387 | 累计|g| = 11.0927
26-17-03-01 Ψ矩阵条件数 cond(Ψ) = 3.26e+01
26-17-03-01 Loss=-3.210496 | E0=-1.04528660 | E1=-0.95355944|E2=-0.66394203|E3=-0.55059646
26-17-03-01 #-----------------------------------------#
26-17-03-01 [Step  86] logΨ: mean=2.744-0.165j | min=-3.349-0.397j | max=2.924+1.640j
26-17-03-01 梯度监控 | raw=7.3779 | per_param=0.2216 |  natural=0.1064 | clipped=0.1064(上限20.0)
26-17-03-01 原始规范坐标 G(Re Σrow_mean) = +20.9382 | 累计|g| = 11.0927
26-17-03-01 Ψ矩阵条件数 cond(Ψ) = 3.19e+01
26-17-03-01 Loss=-3.204484 | E0=-1.04533167 | E1=-0.95365206|E2=-0.66380302|E3=-0.55050874
26-17-03-01 #-----------------------------------------#
26-17-03-01 [Step  87] logΨ: mean=2.806-0.098j | min=-3.208+1.655j | max=2.949+1.653j
26-17-03-01 梯度监控 | raw=2.6975 | per_param=0.0810 |  natural=0.0625 | clipped=0.0625(上限20.0)
26-17-03-01 原始规范坐标 G(Re Σrow_mean) = +20.9977 | 累计|g| = 11.0927
26-17-03-01 Ψ矩阵条件数 cond(Ψ) = 4.75e+01
26-17-03-01 Loss=-3.208394 | E0=-1.04527462 | E1=-0.95388680|E2=-0.66361960|E3=-0.55064422
26-17-03-01 #-----------------------------------------#
26-17-03-01 [Step  88] logΨ: mean=2.977-0.075j | min=-2.738-1.660j | max=3.108+1.774j
26-17-03-01 梯度监控 | raw=2.7827 | per_param=0.0836 |  natural=0.0842 | clipped=0.0842(上限20.0)
26-17-03-01 原始规范坐标 G(Re Σrow_mean) = +21.1635 | 累计|g| = 11.0927
26-17-03-01 Ψ矩阵条件数 cond(Ψ) = 3.32e+01
26-17-03-01 Loss=-3.212353 | E0=-1.04522491 | E1=-0.95410428|E2=-0.66373241|E3=-0.55052473
26-17-03-01 #-----------------------------------------#
26-17-03-01 [Step  89] logΨ: mean=3.024-0.125j | min=-2.101-0.816j | max=3.108+1.777j
26-17-03-01 梯度监控 | raw=2.3160 | per_param=0.0696 |  natural=0.0448 | clipped=0.0448(上限20.0)
26-17-03-01 原始规范坐标 G(Re Σrow_mean) = +21.1929 | 累计|g| = 11.0927
26-17-03-01 Ψ矩阵条件数 cond(Ψ) = 3.26e+01
26-17-03-01 Loss=-3.213375 | E0=-1.04519657 | E1=-0.95424000|E2=-0.66372928|E3=-0.55055933
26-17-03-01 #-----------------------------------------#
26-17-03-01 [GaugeReset@90] 吸收 Δg = Σ Re(col_mean) = +21.1929 | 新|g| = 11.3427
26-17-03-01 [Step  90] logΨ: mean=2.440-0.403j | min=-4.205+0.773j | max=2.627+1.260j
26-17-03-01 梯度监控 | raw=5.2948 | per_param=0.1591 |  natural=0.0932 | clipped=0.0932(上限20.0)
26-17-03-01 原始规范坐标 G(Re Σrow_mean) = +21.0876 | 累计|g| = 11.3427
26-17-03-01 Ψ矩阵条件数 cond(Ψ) = 3.54e+01
26-17-03-01 Loss=-3.207407 | E0=-1.04525103 | E1=-0.95428140|E2=-0.66357473|E3=-0.55043847
26-17-03-01 #-----------------------------------------#
26-17-03-01 [Step  91] logΨ: mean=2.541-0.549j | min=-4.582+0.917j | max=2.715+1.255j
26-17-03-01 梯度监控 | raw=2.9332 | per_param=0.0881 |  natural=0.1008 | clipped=0.1008(上限20.0)
26-17-03-01 原始规范坐标 G(Re Σrow_mean) = +21.1943 | 累计|g| = 11.3427
26-17-03-01 Ψ矩阵条件数 cond(Ψ) = 3.61e+01
26-17-03-01 Loss=-3.208639 | E0=-1.04514725 | E1=-0.95443375|E2=-0.66351445|E3=-0.55049525
26-17-03-01 #-----------------------------------------#
26-17-03-01 [Step  92] logΨ: mean=2.875-0.390j | min=-2.527+1.123j | max=3.034+1.101j
26-17-03-01 梯度监控 | raw=4.6374 | per_param=0.1393 |  natural=0.0860 | clipped=0.0860(上限20.0)
26-17-03-01 原始规范坐标 G(Re Σrow_mean) = +21.4952 | 累计|g| = 11.3427
26-17-03-01 Ψ矩阵条件数 cond(Ψ) = 3.72e+01
26-17-03-01 Loss=-3.209572 | E0=-1.04504296 | E1=-0.95447953|E2=-0.66362905|E3=-0.55054794
26-17-03-01 #-----------------------------------------#
26-17-03-01 [Step  93] logΨ: mean=3.012-0.144j | min=-2.413+1.131j | max=3.128+1.122j
26-17-03-01 梯度监控 | raw=4.8406 | per_param=0.1454 |  natural=0.0583 | clipped=0.0583(上限20.0)
26-17-03-01 原始规范坐标 G(Re Σrow_mean) = +21.5895 | 累计|g| = 11.3427
26-17-03-01 Ψ矩阵条件数 cond(Ψ) = 3.69e+01
26-17-03-01 Loss=-3.209796 | E0=-1.04509084 | E1=-0.95446611|E2=-0.66330398|E3=-0.55042095
26-17-03-01 #-----------------------------------------#
26-17-03-01 [Step  94] logΨ: mean=3.070+0.055j | min=-3.004+1.511j | max=3.201+1.110j
26-17-03-01 梯度监控 | raw=3.5258 | per_param=0.1059 |  natural=0.0390 | clipped=0.0390(上限20.0)
26-17-03-01 原始规范坐标 G(Re Σrow_mean) = +21.6174 | 累计|g| = 11.3427
26-17-03-01 Ψ矩阵条件数 cond(Ψ) = 2.11e+01
26-17-03-01 Loss=-3.212686 | E0=-1.04506487 | E1=-0.95447324|E2=-0.66343738|E3=-0.55043361
26-17-03-01 #-----------------------------------------#
26-17-03-01 [Step  95] logΨ: mean=2.988-0.039j | min=-2.718-2.136j | max=3.177+1.118j
26-17-03-01 梯度监控 | raw=6.8924 | per_param=0.2071 |  natural=0.1240 | clipped=0.1240(上限20.0)
26-17-03-01 原始规范坐标 G(Re Σrow_mean) = +21.5957 | 累计|g| = 11.3427
26-17-03-01 Ψ矩阵条件数 cond(Ψ) = 3.83e+01
26-17-03-01 Loss=-3.210723 | E0=-1.04502156 | E1=-0.95484759|E2=-0.66335795|E3=-0.55019089
26-17-03-01 #-----------------------------------------#
26-17-03-01 [Step  96] logΨ: mean=3.018+0.359j | min=-2.352-2.271j | max=3.141+1.096j
26-17-03-01 梯度监控 | raw=1.9359 | per_param=0.0582 |  natural=0.0732 | clipped=0.0732(上限20.0)
26-17-03-01 原始规范坐标 G(Re Σrow_mean) = +21.6719 | 累计|g| = 11.3427
26-17-03-01 Ψ矩阵条件数 cond(Ψ) = 3.91e+01
26-17-03-01 Loss=-3.214295 | E0=-1.04501004 | E1=-0.95514620|E2=-0.66329050|E3=-0.55014898
26-17-03-01 #-----------------------------------------#
26-17-03-02 [Step  97] logΨ: mean=3.041+0.126j | min=-1.376-1.639j | max=3.161+1.100j
26-17-03-02 梯度监控 | raw=3.7468 | per_param=0.1126 |  natural=0.0446 | clipped=0.0446(上限20.0)
26-17-03-02 原始规范坐标 G(Re Σrow_mean) = +21.6914 | 累计|g| = 11.3427
26-17-03-02 Ψ矩阵条件数 cond(Ψ) = 4.00e+01
26-17-03-02 Loss=-3.210855 | E0=-1.04503241 | E1=-0.95524253|E2=-0.66317100|E3=-0.55018937
26-17-03-02 #-----------------------------------------#
26-17-03-02 [Step  98] logΨ: mean=3.109-0.156j | min=-2.581+1.121j | max=3.282+1.125j
26-17-03-02 梯度监控 | raw=3.6058 | per_param=0.1083 |  natural=0.0700 | clipped=0.0700(上限20.0)
26-17-03-02 原始规范坐标 G(Re Σrow_mean) = +21.7101 | 累计|g| = 11.3427
26-17-03-02 Ψ矩阵条件数 cond(Ψ) = 3.96e+01
26-17-03-02 Loss=-3.211830 | E0=-1.04509580 | E1=-0.95500937|E2=-0.66335322|E3=-0.55005918
26-17-03-02 #-----------------------------------------#
26-17-03-02 [Step  99] logΨ: mean=3.034-0.419j | min=-2.618+1.270j | max=3.184+1.116j
26-17-03-02 梯度监控 | raw=1.7785 | per_param=0.0534 |  natural=0.0846 | clipped=0.0846(上限20.0)
26-17-03-02 原始规范坐标 G(Re Σrow_mean) = +21.6657 | 累计|g| = 11.3427
26-17-03-02 Ψ矩阵条件数 cond(Ψ) = 3.90e+01
26-17-03-02 Loss=-3.215679 | E0=-1.04507461 | E1=-0.95540632|E2=-0.66343953|E3=-0.55006785
26-17-03-02 #-----------------------------------------#
26-17-03-02 [保存] Step 99 → pickle 文件已更新 (100 条记录)
26-17-03-02 [GaugeReset@100] 吸收 Δg = Σ Re(col_mean) = +21.6657 | 新|g| = 11.5744
26-17-03-02 [Step 100] logΨ: mean=2.558-0.442j | min=-2.106-2.095j | max=2.738+1.119j
26-17-03-02 梯度监控 | raw=2.9961 | per_param=0.0900 |  natural=0.0879 | clipped=0.0879(上限20.0)
26-17-03-02 原始规范坐标 G(Re Σrow_mean) = +21.6503 | 累计|g| = 11.5744
26-17-03-02 Ψ矩阵条件数 cond(Ψ) = 4.15e+01
26-17-03-02 Loss=-3.213179 | E0=-1.04506749 | E1=-0.95545948|E2=-0.66401087|E3=-0.55007539
26-17-03-02 #-----------------------------------------#
26-17-03-02 [Step 101] logΨ: mean=2.556-0.814j | min=-4.148+2.105j | max=2.781+1.134j
26-17-03-02 梯度监控 | raw=5.0371 | per_param=0.1513 |  natural=0.0572 | clipped=0.0572(上限20.0)
26-17-03-02 原始规范坐标 G(Re Σrow_mean) = +21.6251 | 累计|g| = 11.5744
26-17-03-02 Ψ矩阵条件数 cond(Ψ) = 4.13e+01
26-17-03-02 Loss=-3.212509 | E0=-1.04507521 | E1=-0.95550289|E2=-0.66379624|E3=-0.55008440
26-17-03-02 #-----------------------------------------#
26-17-03-02 [Step 102] logΨ: mean=2.761-0.235j | min=-2.432+1.307j | max=2.951+1.137j
26-17-03-02 梯度监控 | raw=0.9740 | per_param=0.0293 |  natural=0.0633 | clipped=0.0633(上限20.0)
26-17-03-02 原始规范坐标 G(Re Σrow_mean) = +21.7937 | 累计|g| = 11.5744
26-17-03-02 Ψ矩阵条件数 cond(Ψ) = 4.23e+01
26-17-03-02 Loss=-3.209583 | E0=-1.04503205 | E1=-0.95533125|E2=-0.66372506|E3=-0.55013107
26-17-03-02 #-----------------------------------------#
26-17-03-02 [Step 103] logΨ: mean=3.047-0.090j | min=-3.256+1.096j | max=3.194+1.317j
26-17-03-02 梯度监控 | raw=10.2701 | per_param=0.3085 |  natural=0.1104 | clipped=0.1104(上限20.0)
26-17-03-02 原始规范坐标 G(Re Σrow_mean) = +22.1026 | 累计|g| = 11.5744
26-17-03-02 Ψ矩阵条件数 cond(Ψ) = 4.46e+01
26-17-03-02 Loss=-3.210650 | E0=-1.04491458 | E1=-0.95546668|E2=-0.66371299|E3=-0.55005996
26-17-03-02 #-----------------------------------------#
26-17-03-02 [Step 104] logΨ: mean=3.001-0.495j | min=-2.791+1.919j | max=3.107+1.304j
26-17-03-02 梯度监控 | raw=3.8947 | per_param=0.1170 |  natural=0.0791 | clipped=0.0791(上限20.0)
26-17-03-02 原始规范坐标 G(Re Σrow_mean) = +22.1017 | 累计|g| = 11.5744
26-17-03-02 Ψ矩阵条件数 cond(Ψ) = 4.70e+01
26-17-03-02 Loss=-3.214841 | E0=-1.04499485 | E1=-0.95579798|E2=-0.66369021|E3=-0.55012017
26-17-03-02 #-----------------------------------------#
26-17-03-02 [Step 105] logΨ: mean=2.917-0.732j | min=-2.885+1.176j | max=3.081+1.344j
26-17-03-02 梯度监控 | raw=1.4142 | per_param=0.0425 |  natural=0.0842 | clipped=0.0842(上限20.0)
26-17-03-02 原始规范坐标 G(Re Σrow_mean) = +22.0108 | 累计|g| = 11.5744
26-17-03-02 Ψ矩阵条件数 cond(Ψ) = 4.52e+01
26-17-03-02 Loss=-3.213674 | E0=-1.04501744 | E1=-0.95579320|E2=-0.66357657|E3=-0.55017482
26-17-03-02 #-----------------------------------------#
26-17-03-02 [Step 106] logΨ: mean=2.762-0.405j | min=-3.609+1.384j | max=3.011+1.352j
26-17-03-02 梯度监控 | raw=3.1394 | per_param=0.0943 |  natural=0.1357 | clipped=0.1357(上限20.0)
26-17-03-02 原始规范坐标 G(Re Σrow_mean) = +21.9126 | 累计|g| = 11.5744
26-17-03-02 Ψ矩阵条件数 cond(Ψ) = 4.32e+01
26-17-03-02 Loss=-3.218025 | E0=-1.04505114 | E1=-0.95601311|E2=-0.66344028|E3=-0.54999721
26-17-03-02 #-----------------------------------------#
26-17-03-02 [Step 107] logΨ: mean=2.921-0.325j | min=-0.785+1.637j | max=2.970+1.360j
26-17-03-02 梯度监控 | raw=1.4246 | per_param=0.0428 |  natural=0.0143 | clipped=0.0143(上限20.0)
26-17-03-02 原始规范坐标 G(Re Σrow_mean) = +22.0746 | 累计|g| = 11.5744
26-17-03-02 Ψ矩阵条件数 cond(Ψ) = 4.14e+01
26-17-03-02 Loss=-3.213910 | E0=-1.04499278 | E1=-0.95617110|E2=-0.66344681|E3=-0.55015586
26-17-03-02 #-----------------------------------------#
26-17-03-02 [Step 108] logΨ: mean=2.933-0.018j | min=-2.929+1.252j | max=3.115+1.339j
26-17-03-02 梯度监控 | raw=4.2745 | per_param=0.1284 |  natural=0.0872 | clipped=0.0872(上限20.0)
26-17-03-02 原始规范坐标 G(Re Σrow_mean) = +22.1000 | 累计|g| = 11.5744
26-17-03-02 Ψ矩阵条件数 cond(Ψ) = 4.26e+01
26-17-03-02 Loss=-3.211966 | E0=-1.04499023 | E1=-0.95619733|E2=-0.66341099|E3=-0.55022579
26-17-03-02 #-----------------------------------------#
26-17-03-02 [Step 109] logΨ: mean=2.842-0.486j | min=-5.749-2.775j | max=3.133+1.319j
26-17-03-02 梯度监控 | raw=5.8056 | per_param=0.1744 |  natural=0.1357 | clipped=0.1357(上限20.0)
26-17-03-02 原始规范坐标 G(Re Σrow_mean) = +22.0766 | 累计|g| = 11.5744
26-17-03-02 Ψ矩阵条件数 cond(Ψ) = 4.00e+01
26-17-03-02 Loss=-3.211497 | E0=-1.04512764 | E1=-0.95621985|E2=-0.66338281|E3=-0.55019167
26-17-03-02 #-----------------------------------------#
26-17-03-02 [GaugeReset@110] 吸收 Δg = Σ Re(col_mean) = +22.0766 | 新|g| = 11.7943
26-17-03-02 [Step 110] logΨ: mean=2.652-1.006j | min=-2.476+1.098j | max=2.725+0.918j
26-17-03-02 梯度监控 | raw=1.2214 | per_param=0.0367 |  natural=0.0251 | clipped=0.0251(上限20.0)
26-17-03-02 原始规范坐标 G(Re Σrow_mean) = +22.2947 | 累计|g| = 11.7943
26-17-03-02 Ψ矩阵条件数 cond(Ψ) = 4.85e+01
26-17-03-02 Loss=-3.213885 | E0=-1.04500798 | E1=-0.95617078|E2=-0.66342141|E3=-0.55023334
26-17-03-02 #-----------------------------------------#
26-17-03-02 [Step 111] logΨ: mean=3.019-1.178j | min=-2.987-1.646j | max=3.274+0.624j
26-17-03-02 梯度监控 | raw=3.6538 | per_param=0.1098 |  natural=0.1000 | clipped=0.1000(上限20.0)
26-17-03-02 原始规范坐标 G(Re Σrow_mean) = +22.6427 | 累计|g| = 11.7943
26-17-03-02 Ψ矩阵条件数 cond(Ψ) = 5.43e+01
26-17-03-02 Loss=-3.213746 | E0=-1.04482076 | E1=-0.95622432|E2=-0.66355070|E3=-0.55019991
26-17-03-02 #-----------------------------------------#
26-17-03-02 [Step 112] logΨ: mean=3.042-1.321j | min=-3.443-2.173j | max=3.283+0.498j
26-17-03-02 梯度监控 | raw=6.1733 | per_param=0.1855 |  natural=0.0948 | clipped=0.0948(上限20.0)
26-17-03-02 原始规范坐标 G(Re Σrow_mean) = +22.6940 | 累计|g| = 11.7943
26-17-03-02 Ψ矩阵条件数 cond(Ψ) = 5.21e+01
26-17-03-02 Loss=-3.217260 | E0=-1.04487456 | E1=-0.95684966|E2=-0.66355591|E3=-0.55016931
26-17-03-02 #-----------------------------------------#
26-17-03-02 [Step 113] logΨ: mean=3.157-1.376j | min=-4.468-2.625j | max=3.283+0.513j
26-17-03-02 梯度监控 | raw=7.0740 | per_param=0.2125 |  natural=0.0458 | clipped=0.0458(上限20.0)
26-17-03-02 原始规范坐标 G(Re Σrow_mean) = +22.8366 | 累计|g| = 11.7943
26-17-03-02 Ψ矩阵条件数 cond(Ψ) = 5.28e+01
26-17-03-02 Loss=-3.213356 | E0=-1.04495087 | E1=-0.95684376|E2=-0.66352775|E3=-0.55022664
26-17-03-02 #-----------------------------------------#
26-17-03-02 [Step 114] logΨ: mean=3.297-1.384j | min=-2.659-2.547j | max=3.492+0.383j
26-17-03-02 梯度监控 | raw=6.1689 | per_param=0.1853 |  natural=0.0617 | clipped=0.0617(上限20.0)
26-17-03-02 原始规范坐标 G(Re Σrow_mean) = +22.8869 | 累计|g| = 11.7943
26-17-03-02 Ψ矩阵条件数 cond(Ψ) = 6.24e+01
26-17-03-02 Loss=-3.212366 | E0=-1.04496934 | E1=-0.95628322|E2=-0.66351583|E3=-0.55009497
26-17-03-02 #-----------------------------------------#
26-17-03-02 [Step 115] logΨ: mean=3.310-1.361j | min=-2.406+1.992j | max=3.450+0.453j
26-17-03-02 梯度监控 | raw=5.4399 | per_param=0.1634 |  natural=0.0505 | clipped=0.0505(上限20.0)
26-17-03-02 原始规范坐标 G(Re Σrow_mean) = +22.9326 | 累计|g| = 11.7943
26-17-03-02 Ψ矩阵条件数 cond(Ψ) = 3.91e+01
26-17-03-02 Loss=-3.214475 | E0=-1.04491668 | E1=-0.95655774|E2=-0.66360875|E3=-0.55013140
26-17-03-02 #-----------------------------------------#
26-17-03-02 [Step 116] logΨ: mean=3.330-1.175j | min=-2.715+0.653j | max=3.486+0.450j
26-17-03-02 梯度监控 | raw=2.9490 | per_param=0.0886 |  natural=0.0499 | clipped=0.0499(上限20.0)
26-17-03-02 原始规范坐标 G(Re Σrow_mean) = +22.9739 | 累计|g| = 11.7943
26-17-03-02 Ψ矩阵条件数 cond(Ψ) = 5.45e+01
26-17-03-02 Loss=-3.216694 | E0=-1.04494144 | E1=-0.95674781|E2=-0.66355479|E3=-0.55033936
26-17-03-02 #-----------------------------------------#
26-17-03-02 [Step 117] logΨ: mean=3.201-0.700j | min=-2.137+0.450j | max=3.459+0.493j
26-17-03-02 梯度监控 | raw=5.9552 | per_param=0.1789 |  natural=0.0556 | clipped=0.0556(上限20.0)
26-17-03-02 原始规范坐标 G(Re Σrow_mean) = +22.8798 | 累计|g| = 11.7943
26-17-03-02 Ψ矩阵条件数 cond(Ψ) = 4.80e+01
26-17-03-02 Loss=-3.215001 | E0=-1.04503128 | E1=-0.95674296|E2=-0.66356221|E3=-0.55020364
26-17-03-02 #-----------------------------------------#
26-17-03-02 [Step 118] logΨ: mean=3.701+1.086j | min=-4.837+1.073j | max=3.840+2.901j
26-17-03-02 梯度监控 | raw=5.2954 | per_param=0.1591 |  natural=0.3230 | clipped=0.3230(上限20.0)
26-17-03-02 原始规范坐标 G(Re Σrow_mean) = +23.5048 | 累计|g| = 11.7943
26-17-03-02 Ψ矩阵条件数 cond(Ψ) = 4.37e+01
26-17-03-02 Loss=-3.211387 | E0=-1.04466959 | E1=-0.95629597|E2=-0.66443175|E3=-0.55015941
26-17-03-02 #-----------------------------------------#
26-17-03-02 [Step 119] logΨ: mean=3.536+1.440j | min=-2.175-2.895j | max=3.715+2.869j
26-17-03-02 梯度监控 | raw=32.2166 | per_param=0.9679 |  natural=0.0767 | clipped=0.0767(上限20.0)
26-17-03-02 原始规范坐标 G(Re Σrow_mean) = +23.3685 | 累计|g| = 11.7943
26-17-03-02 Ψ矩阵条件数 cond(Ψ) = 4.13e+01
26-17-03-02 Loss=-3.211305 | E0=-1.04480892 | E1=-0.95671848|E2=-0.66441837|E3=-0.54998886
26-17-03-02 #-----------------------------------------#
26-17-03-02 [保存] Step 119 → pickle 文件已更新 (120 条记录)
26-17-03-02 [GaugeReset@120] 吸收 Δg = Σ Re(col_mean) = +23.3685 | 新|g| = 12.3901
26-17-03-02 [Step 120] logΨ: mean=2.162-1.282j | min=-4.170+2.269j | max=2.390+0.916j
26-17-03-02 梯度监控 | raw=28.6959 | per_param=0.8621 |  natural=0.0696 | clipped=0.0696(上限20.0)
26-17-03-02 原始规范坐标 G(Re Σrow_mean) = +23.2954 | 累计|g| = 12.3901
26-17-03-02 Ψ矩阵条件数 cond(Ψ) = 4.35e+01
26-17-03-02 Loss=-3.212952 | E0=-1.04486008 | E1=-0.95703256|E2=-0.66424975|E3=-0.55007223
26-17-03-02 #-----------------------------------------#
26-17-03-02 [Step 121] logΨ: mean=2.275-1.457j | min=-3.748+1.889j | max=2.462+1.046j
26-17-03-02 梯度监控 | raw=21.4970 | per_param=0.6458 |  natural=0.0508 | clipped=0.0508(上限20.0)
26-17-03-02 原始规范坐标 G(Re Σrow_mean) = +23.4254 | 累计|g| = 12.3901
26-17-03-02 Ψ矩阵条件数 cond(Ψ) = 4.11e+01
26-17-03-02 Loss=-3.210894 | E0=-1.04486533 | E1=-0.95696928|E2=-0.66406300|E3=-0.55011463
26-17-03-02 #-----------------------------------------#
26-17-03-02 [Step 122] logΨ: mean=2.327-1.215j | min=-4.380-2.181j | max=2.501+1.093j
26-17-03-02 梯度监控 | raw=24.0804 | per_param=0.7234 |  natural=0.0541 | clipped=0.0541(上限20.0)
26-17-03-02 原始规范坐标 G(Re Σrow_mean) = +23.5337 | 累计|g| = 12.3901
26-17-03-02 Ψ矩阵条件数 cond(Ψ) = 3.73e+01
26-17-03-02 Loss=-3.213643 | E0=-1.04489901 | E1=-0.95695879|E2=-0.66388119|E3=-0.54991964
26-17-03-02 #-----------------------------------------#
26-17-03-02 [Step 123] logΨ: mean=2.819-1.214j | min=-2.425+1.135j | max=2.930+1.235j
26-17-03-02 梯度监控 | raw=13.8995 | per_param=0.4176 |  natural=0.0649 | clipped=0.0649(上限20.0)
26-17-03-02 原始规范坐标 G(Re Σrow_mean) = +23.9254 | 累计|g| = 12.3901
26-17-03-02 Ψ矩阵条件数 cond(Ψ) = 4.20e+01
26-17-03-02 Loss=-3.213257 | E0=-1.04488124 | E1=-0.95624355|E2=-0.66344177|E3=-0.55023398
26-17-03-02 #-----------------------------------------#
26-17-03-02 [Step 124] logΨ: mean=2.948-0.816j | min=-2.261-1.864j | max=3.188+1.350j
26-17-03-02 梯度监控 | raw=12.1683 | per_param=0.3656 |  natural=0.0911 | clipped=0.0911(上限20.0)
26-17-03-02 原始规范坐标 G(Re Σrow_mean) = +24.0041 | 累计|g| = 12.3901
26-17-03-02 Ψ矩阵条件数 cond(Ψ) = 4.13e+01
26-17-03-02 Loss=-3.210747 | E0=-1.04496359 | E1=-0.95620857|E2=-0.66344920|E3=-0.55000490
26-17-03-02 #-----------------------------------------#
26-17-03-02 [Step 125] logΨ: mean=2.968-0.413j | min=-3.659-0.253j | max=3.181+1.440j
26-17-03-02 梯度监控 | raw=17.0689 | per_param=0.5128 |  natural=0.0463 | clipped=0.0463(上限20.0)
26-17-03-02 原始规范坐标 G(Re Σrow_mean) = +24.0575 | 累计|g| = 12.3901
26-17-03-02 Ψ矩阵条件数 cond(Ψ) = 3.62e+01
26-17-03-02 Loss=-3.212502 | E0=-1.04496461 | E1=-0.95628054|E2=-0.66352962|E3=-0.55005359
26-17-03-02 #-----------------------------------------#
26-17-03-02 [Step 126] logΨ: mean=3.141-0.178j | min=-4.108-1.395j | max=3.319+1.411j
26-17-03-02 梯度监控 | raw=9.6849 | per_param=0.2910 |  natural=0.0518 | clipped=0.0518(上限20.0)
26-17-03-02 原始规范坐标 G(Re Σrow_mean) = +24.2583 | 累计|g| = 12.3901
26-17-03-02 Ψ矩阵条件数 cond(Ψ) = 3.89e+01
26-17-03-02 Loss=-3.212276 | E0=-1.04499703 | E1=-0.95616391|E2=-0.66344293|E3=-0.54991788
26-17-03-02 #-----------------------------------------#
26-17-03-03 [Step 127] logΨ: mean=3.242-0.154j | min=-3.087-1.010j | max=3.356+1.481j
26-17-03-03 梯度监控 | raw=5.8784 | per_param=0.1766 |  natural=0.0407 | clipped=0.0407(上限20.0)
26-17-03-03 原始规范坐标 G(Re Σrow_mean) = +24.3918 | 累计|g| = 12.3901
26-17-03-03 Ψ矩阵条件数 cond(Ψ) = 3.93e+01
26-17-03-03 Loss=-3.214089 | E0=-1.04494321 | E1=-0.95631007|E2=-0.66338403|E3=-0.55010115
26-17-03-03 #-----------------------------------------#
26-17-03-03 [Step 128] logΨ: mean=3.394-0.143j | min=-1.487-0.965j | max=3.491+1.403j
26-17-03-03 梯度监控 | raw=2.1969 | per_param=0.0660 |  natural=0.0459 | clipped=0.0459(上限20.0)
26-17-03-03 原始规范坐标 G(Re Σrow_mean) = +24.5672 | 累计|g| = 12.3901
26-17-03-03 Ψ矩阵条件数 cond(Ψ) = 3.87e+01
26-17-03-03 Loss=-3.214929 | E0=-1.04486136 | E1=-0.95646720|E2=-0.66345392|E3=-0.54923262
26-17-03-03 #-----------------------------------------#
26-17-03-03 [Step 129] logΨ: mean=3.694-0.480j | min=-2.693+1.227j | max=3.885+1.160j
26-17-03-03 梯度监控 | raw=19.2418 | per_param=0.5781 |  natural=0.0951 | clipped=0.0951(上限20.0)
26-17-03-03 原始规范坐标 G(Re Σrow_mean) = +24.7764 | 累计|g| = 12.3901
26-17-03-03 Ψ矩阵条件数 cond(Ψ) = 4.15e+01
26-17-03-03 Loss=-3.212481 | E0=-1.04492823 | E1=-0.95591323|E2=-0.66326778|E3=-0.54899129
26-17-03-03 #-----------------------------------------#
26-17-03-03 [GaugeReset@130] 吸收 Δg = Σ Re(col_mean) = +24.7764 | 新|g| = 13.1251
26-17-03-03 [Step 130] logΨ: mean=2.296-1.404j | min=-3.209+0.670j | max=2.440+0.633j
26-17-03-03 梯度监控 | raw=38.2444 | per_param=1.1489 |  natural=0.0524 | clipped=0.0524(上限20.0)
26-17-03-03 原始规范坐标 G(Re Σrow_mean) = +24.9014 | 累计|g| = 13.1251
26-17-03-03 Ψ矩阵条件数 cond(Ψ) = 3.59e+01
26-17-03-03 Loss=-3.208319 | E0=-1.04485722 | E1=-0.95599944|E2=-0.66348311|E3=-0.54820923
26-17-03-03 #-----------------------------------------#
26-17-03-03 [Step 131] logΨ: mean=2.055-1.676j | min=-4.007+0.427j | max=2.195+0.595j
26-17-03-03 梯度监控 | raw=21.4182 | per_param=0.6434 |  natural=0.0672 | clipped=0.0672(上限20.0)
26-17-03-03 原始规范坐标 G(Re Σrow_mean) = +24.6549 | 累计|g| = 13.1251
26-17-03-03 Ψ矩阵条件数 cond(Ψ) = 3.47e+01
26-17-03-03 Loss=-3.213635 | E0=-1.04483771 | E1=-0.95635340|E2=-0.66352340|E3=-0.54840643
26-17-03-03 #-----------------------------------------#
26-17-03-03 [Step 132] logΨ: mean=1.983-1.229j | min=-4.782+2.224j | max=2.153+0.530j
26-17-03-03 梯度监控 | raw=21.8629 | per_param=0.6568 |  natural=0.0605 | clipped=0.0605(上限20.0)
26-17-03-03 原始规范坐标 G(Re Σrow_mean) = +24.6678 | 累计|g| = 13.1251
26-17-03-03 Ψ矩阵条件数 cond(Ψ) = 3.21e+01
26-17-03-03 Loss=-3.212826 | E0=-1.04477990 | E1=-0.95633771|E2=-0.66361882|E3=-0.54787168
26-17-03-03 #-----------------------------------------#
26-17-03-03 [Step 133] logΨ: mean=2.136-0.469j | min=-3.376+1.707j | max=2.254+0.572j
26-17-03-03 梯度监控 | raw=19.1170 | per_param=0.5743 |  natural=0.0720 | clipped=0.0720(上限20.0)
26-17-03-03 原始规范坐标 G(Re Σrow_mean) = +24.7499 | 累计|g| = 13.1251
26-17-03-03 Ψ矩阵条件数 cond(Ψ) = 3.34e+01
26-17-03-03 Loss=-3.211583 | E0=-1.04480896 | E1=-0.95626238|E2=-0.66354251|E3=-0.54804305
26-17-03-03 #-----------------------------------------#
26-17-03-03 [Step 134] logΨ: mean=2.081-1.015j | min=-2.881-2.353j | max=2.287+0.667j
26-17-03-03 梯度监控 | raw=42.3895 | per_param=1.2735 |  natural=0.0599 | clipped=0.0599(上限20.0)
26-17-03-03 原始规范坐标 G(Re Σrow_mean) = +24.6652 | 累计|g| = 13.1251
26-17-03-03 Ψ矩阵条件数 cond(Ψ) = 3.29e+01
26-17-03-03 Loss=-3.210915 | E0=-1.04481622 | E1=-0.95640363|E2=-0.66348770|E3=-0.54816684
26-17-03-03 #-----------------------------------------#
26-17-03-03 [Step 135] logΨ: mean=2.098-1.048j | min=-4.975-0.700j | max=2.332+0.827j
26-17-03-03 梯度监控 | raw=32.2786 | per_param=0.9697 |  natural=0.0699 | clipped=0.0699(上限20.0)
26-17-03-03 原始规范坐标 G(Re Σrow_mean) = +24.6381 | 累计|g| = 13.1251
26-17-03-03 Ψ矩阵条件数 cond(Ψ) = 3.33e+01
26-17-03-03 Loss=-3.216370 | E0=-1.04478684 | E1=-0.95642888|E2=-0.66353330|E3=-0.54830484
26-17-03-03 #-----------------------------------------#
26-17-03-03 [Step 136] logΨ: mean=2.204-0.534j | min=-3.113+0.918j | max=2.353+0.872j
26-17-03-03 梯度监控 | raw=20.5727 | per_param=0.6180 |  natural=0.0593 | clipped=0.0593(上限20.0)
26-17-03-03 原始规范坐标 G(Re Σrow_mean) = +24.7423 | 累计|g| = 13.1251
26-17-03-03 Ψ矩阵条件数 cond(Ψ) = 3.37e+01
26-17-03-03 Loss=-3.214126 | E0=-1.04483810 | E1=-0.95656736|E2=-0.66346621|E3=-0.54909417
26-17-03-03 #-----------------------------------------#
26-17-03-03 [Step 137] logΨ: mean=2.267-0.360j | min=-3.156+0.652j | max=2.381+0.760j
26-17-03-03 梯度监控 | raw=9.5337 | per_param=0.2864 |  natural=0.0232 | clipped=0.0232(上限20.0)
26-17-03-03 原始规范坐标 G(Re Σrow_mean) = +24.8123 | 累计|g| = 13.1251
26-17-03-03 Ψ矩阵条件数 cond(Ψ) = 3.41e+01
26-17-03-03 Loss=-3.213840 | E0=-1.04481462 | E1=-0.95644812|E2=-0.66346184|E3=-0.54930210
26-17-03-03 #-----------------------------------------#
26-17-03-03 [Step 138] logΨ: mean=2.203-0.672j | min=-3.112-2.325j | max=2.358+0.773j
26-17-03-03 梯度监控 | raw=5.1689 | per_param=0.1553 |  natural=0.0378 | clipped=0.0378(上限20.0)
26-17-03-03 原始规范坐标 G(Re Σrow_mean) = +24.7915 | 累计|g| = 13.1251
26-17-03-03 Ψ矩阵条件数 cond(Ψ) = 3.36e+01
26-17-03-03 Loss=-3.215222 | E0=-1.04482391 | E1=-0.95656725|E2=-0.66353105|E3=-0.54929567
26-17-03-03 #-----------------------------------------#
26-17-03-03 [Step 139] logΨ: mean=2.148-0.741j | min=-3.879+0.919j | max=2.274+0.752j
26-17-03-03 梯度监控 | raw=11.0670 | per_param=0.3325 |  natural=0.0279 | clipped=0.0279(上限20.0)
26-17-03-03 原始规范坐标 G(Re Σrow_mean) = +24.7834 | 累计|g| = 13.1251
26-17-03-03 Ψ矩阵条件数 cond(Ψ) = 3.36e+01
26-17-03-03 Loss=-3.213855 | E0=-1.04480041 | E1=-0.95662870|E2=-0.66367011|E3=-0.54947189
26-17-03-03 #-----------------------------------------#
26-17-03-03 [保存] Step 139 → pickle 文件已更新 (140 条记录)
26-17-03-03 [GaugeReset@140] 吸收 Δg = Σ Re(col_mean) = +24.7834 | 新|g| = 13.1095
26-17-03-03 [Step 140] logΨ: mean=2.086-0.822j | min=-4.832-2.107j | max=2.194+0.791j
26-17-03-03 梯度监控 | raw=7.0935 | per_param=0.2131 |  natural=0.0315 | clipped=0.0315(上限20.0)
26-17-03-03 原始规范坐标 G(Re Σrow_mean) = +24.8308 | 累计|g| = 13.1095
26-17-03-03 Ψ矩阵条件数 cond(Ψ) = 3.44e+01
26-17-03-03 Loss=-3.213876 | E0=-1.04478862 | E1=-0.95682633|E2=-0.66387957|E3=-0.54904808
26-17-03-03 #-----------------------------------------#
26-17-03-03 [Step 141] logΨ: mean=2.044-0.705j | min=-3.762-2.384j | max=2.176+0.757j
26-17-03-03 梯度监控 | raw=18.6842 | per_param=0.5613 |  natural=0.0415 | clipped=0.0415(上限20.0)
26-17-03-03 原始规范坐标 G(Re Σrow_mean) = +24.8849 | 累计|g| = 13.1095
26-17-03-03 Ψ矩阵条件数 cond(Ψ) = 3.50e+01
26-17-03-03 Loss=-3.215400 | E0=-1.04477386 | E1=-0.95687218|E2=-0.66396669|E3=-0.54888529
26-17-03-03 #-----------------------------------------#
26-17-03-03 [Step 142] logΨ: mean=2.064-0.720j | min=-3.653+1.355j | max=2.270+0.721j
26-17-03-03 梯度监控 | raw=28.1440 | per_param=0.8455 |  natural=0.0620 | clipped=0.0620(上限20.0)
26-17-03-03 原始规范坐标 G(Re Σrow_mean) = +24.9201 | 累计|g| = 13.1095
26-17-03-03 Ψ矩阵条件数 cond(Ψ) = 3.58e+01
26-17-03-03 Loss=-3.214487 | E0=-1.04478126 | E1=-0.95654097|E2=-0.66399153|E3=-0.54888377
26-17-03-03 #-----------------------------------------#
26-17-03-03 [Step 143] logΨ: mean=2.113-1.087j | min=-3.042-2.318j | max=2.322+0.763j
26-17-03-03 梯度监控 | raw=44.7761 | per_param=1.3452 |  natural=0.0423 | clipped=0.0423(上限20.0)
26-17-03-03 原始规范坐标 G(Re Σrow_mean) = +25.0104 | 累计|g| = 13.1095
26-17-03-03 Ψ矩阵条件数 cond(Ψ) = 3.71e+01
26-17-03-03 Loss=-3.215996 | E0=-1.04479792 | E1=-0.95653164|E2=-0.66396034|E3=-0.54887006
26-17-03-03 #-----------------------------------------#
26-17-03-03 [Step 144] logΨ: mean=2.207-1.143j | min=-3.964+1.704j | max=2.359+0.807j
26-17-03-03 梯度监控 | raw=39.1466 | per_param=1.1760 |  natural=0.0296 | clipped=0.0296(上限20.0)
26-17-03-03 原始规范坐标 G(Re Σrow_mean) = +25.1251 | 累计|g| = 13.1095
26-17-03-03 Ψ矩阵条件数 cond(Ψ) = 4.34e+01
26-17-03-03 Loss=-3.213292 | E0=-1.04477265 | E1=-0.95662914|E2=-0.66398009|E3=-0.54898652
26-17-03-03 #-----------------------------------------#
26-17-03-03 [Step 145] logΨ: mean=2.085-0.579j | min=-4.726+1.187j | max=2.241+0.840j
26-17-03-03 梯度监控 | raw=53.2021 | per_param=1.5983 |  natural=0.0441 | clipped=0.0441(上限20.0)
26-17-03-03 原始规范坐标 G(Re Σrow_mean) = +25.0117 | 累计|g| = 13.1095
26-17-03-03 Ψ矩阵条件数 cond(Ψ) = 3.60e+01
26-17-03-03 Loss=-3.214159 | E0=-1.04477813 | E1=-0.95696828|E2=-0.66397263|E3=-0.54914223
26-17-03-03 #-----------------------------------------#
26-17-03-03 [Step 146] logΨ: mean=2.063-0.514j | min=-3.339-2.294j | max=2.249+0.832j
26-17-03-03 梯度监控 | raw=34.2402 | per_param=1.0286 |  natural=0.0482 | clipped=0.0482(上限20.0)
26-17-03-03 原始规范坐标 G(Re Σrow_mean) = +24.9509 | 累计|g| = 13.1095
26-17-03-03 Ψ矩阵条件数 cond(Ψ) = 3.59e+01
26-17-03-03 Loss=-3.214065 | E0=-1.04479121 | E1=-0.95700297|E2=-0.66406900|E3=-0.54914212
26-17-03-03 #-----------------------------------------#
26-17-03-03 [Step 147] logΨ: mean=2.107-0.397j | min=-4.345+1.988j | max=2.319+0.856j
26-17-03-03 梯度监控 | raw=63.9729 | per_param=1.9219 |  natural=0.0449 | clipped=0.0449(上限20.0)
26-17-03-03 原始规范坐标 G(Re Σrow_mean) = +24.9899 | 累计|g| = 13.1095
26-17-03-03 Ψ矩阵条件数 cond(Ψ) = 3.56e+01
26-17-03-03 Loss=-3.214363 | E0=-1.04483068 | E1=-0.95692399|E2=-0.66393567|E3=-0.54923030
26-17-03-03 #-----------------------------------------#
26-17-03-03 [Step 148] logΨ: mean=2.273-0.343j | min=-4.352-2.529j | max=2.478+0.850j
26-17-03-03 梯度监控 | raw=22.7152 | per_param=0.6824 |  natural=0.0563 | clipped=0.0563(上限20.0)
26-17-03-03 原始规范坐标 G(Re Σrow_mean) = +25.1037 | 累计|g| = 13.1095
26-17-03-03 Ψ矩阵条件数 cond(Ψ) = 3.70e+01
26-17-03-03 Loss=-3.216468 | E0=-1.04479621 | E1=-0.95698475|E2=-0.66387910|E3=-0.54924302
26-17-03-03 #-----------------------------------------#
26-17-03-03 [Step 149] logΨ: mean=2.259-0.513j | min=-4.093+0.842j | max=2.339+0.840j
26-17-03-03 梯度监控 | raw=10.3209 | per_param=0.3101 |  natural=0.0213 | clipped=0.0213(上限20.0)
26-17-03-03 原始规范坐标 G(Re Σrow_mean) = +25.1490 | 累计|g| = 13.1095
26-17-03-03 Ψ矩阵条件数 cond(Ψ) = 3.64e+01
26-17-03-03 Loss=-3.214775 | E0=-1.04475869 | E1=-0.95729801|E2=-0.66397263|E3=-0.54938420
26-17-03-03 #-----------------------------------------#
26-17-03-03 [GaugeReset@150] 吸收 Δg = Σ Re(col_mean) = +25.1490 | 新|g| = 13.2695
26-17-03-03 [Step 150] logΨ: mean=1.886-0.449j | min=-3.751-2.076j | max=2.004+1.108j
26-17-03-03 梯度监控 | raw=28.7645 | per_param=0.8641 |  natural=0.0426 | clipped=0.0426(上限20.0)
26-17-03-03 原始规范坐标 G(Re Σrow_mean) = +25.1988 | 累计|g| = 13.2695
26-17-03-03 Ψ矩阵条件数 cond(Ψ) = 3.61e+01
26-17-03-03 Loss=-3.214163 | E0=-1.04474603 | E1=-0.95734922|E2=-0.66412987|E3=-0.54939969
26-17-03-03 #-----------------------------------------#
26-17-03-03 [Step 151] logΨ: mean=1.978-0.689j | min=-3.686-2.311j | max=2.143+1.045j
26-17-03-03 梯度监控 | raw=18.8057 | per_param=0.5650 |  natural=0.0367 | clipped=0.0367(上限20.0)
26-17-03-03 原始规范坐标 G(Re Σrow_mean) = +25.2450 | 累计|g| = 13.2695
26-17-03-03 Ψ矩阵条件数 cond(Ψ) = 3.70e+01
26-17-03-03 Loss=-3.213923 | E0=-1.04476581 | E1=-0.95730655|E2=-0.66415352|E3=-0.54955467
26-17-03-03 #-----------------------------------------#
26-17-03-03 [Step 152] logΨ: mean=2.324-0.919j | min=-3.545-2.423j | max=2.415+1.084j
26-17-03-03 梯度监控 | raw=23.8687 | per_param=0.7171 |  natural=0.3249 | clipped=0.3249(上限20.0)
26-17-03-03 原始规范坐标 G(Re Σrow_mean) = +25.0056 | 累计|g| = 13.2695
26-17-03-03 Ψ矩阵条件数 cond(Ψ) = 2.92e+01
26-17-03-03 Loss=-3.216450 | E0=-1.04472627 | E1=-0.95572657|E2=-0.66313474|E3=-0.54688235
26-17-03-03 #-----------------------------------------#
26-17-03-03 [Step 153] logΨ: mean=2.244-0.828j | min=-3.363+1.305j | max=2.409+1.150j
26-17-03-03 梯度监控 | raw=60.5153 | per_param=1.8180 |  natural=0.0810 | clipped=0.0810(上限20.0)
26-17-03-03 原始规范坐标 G(Re Σrow_mean) = +25.0027 | 累计|g| = 13.2695
26-17-03-03 Ψ矩阵条件数 cond(Ψ) = 2.88e+01
26-17-03-03 Loss=-3.185991 | E0=-1.04473441 | E1=-0.95601236|E2=-0.66309325|E3=-0.54711099
26-17-03-03 #-----------------------------------------#
26-17-03-03 [Step 154] logΨ: mean=2.274-1.057j | min=-3.223-2.572j | max=2.506+1.152j
26-17-03-03 梯度监控 | raw=74.9044 | per_param=2.2503 |  natural=0.0555 | clipped=0.0555(上限20.0)
26-17-03-03 原始规范坐标 G(Re Σrow_mean) = +25.0877 | 累计|g| = 13.2695
26-17-03-03 Ψ矩阵条件数 cond(Ψ) = 2.90e+01
26-17-03-03 Loss=-3.191540 | E0=-1.04475926 | E1=-0.95599592|E2=-0.66317407|E3=-0.54736889
26-17-03-03 #-----------------------------------------#
26-17-03-04 [Step 155] logΨ: mean=3.126-0.956j | min=-3.545+0.501j | max=3.272+1.464j
26-17-03-04 梯度监控 | raw=44.1804 | per_param=1.3273 |  natural=0.2660 | clipped=0.2660(上限20.0)
26-17-03-04 原始规范坐标 G(Re Σrow_mean) = +25.9433 | 累计|g| = 13.2695
26-17-03-04 Ψ矩阵条件数 cond(Ψ) = 2.93e+01
26-17-03-04 Loss=-3.200280 | E0=-1.04470599 | E1=-0.95638275|E2=-0.66336030|E3=-0.54762060
26-17-03-04 #-----------------------------------------#
26-17-03-04 [Step 156] logΨ: mean=3.038-0.309j | min=-3.581-1.008j | max=3.219+1.429j
26-17-03-04 梯度监控 | raw=59.6190 | per_param=1.7911 |  natural=0.0318 | clipped=0.0318(上限20.0)
26-17-03-04 原始规范坐标 G(Re Σrow_mean) = +25.9688 | 累计|g| = 13.2695
26-17-03-04 Ψ矩阵条件数 cond(Ψ) = 3.11e+01
26-17-03-04 Loss=-3.204097 | E0=-1.04469508 | E1=-0.95676184|E2=-0.66337348|E3=-0.54785160
26-17-03-04 #-----------------------------------------#
26-17-03-04 [Step 157] logΨ: mean=2.893+0.113j | min=-1.888-1.600j | max=3.069+1.443j
26-17-03-04 梯度监控 | raw=85.3778 | per_param=2.5649 |  natural=0.0380 | clipped=0.0380(上限20.0)
26-17-03-04 原始规范坐标 G(Re Σrow_mean) = +25.8573 | 累计|g| = 13.2695
26-17-03-04 Ψ矩阵条件数 cond(Ψ) = 3.05e+01
26-17-03-04 Loss=-3.202542 | E0=-1.04469150 | E1=-0.95690395|E2=-0.66338479|E3=-0.54817215
26-17-03-04 #-----------------------------------------#
26-17-03-04 [Step 158] logΨ: mean=2.851+0.196j | min=-2.958+1.446j | max=3.038+1.295j
26-17-03-04 梯度监控 | raw=51.3003 | per_param=1.5412 |  natural=0.0568 | clipped=0.0568(上限20.0)
26-17-03-04 原始规范坐标 G(Re Σrow_mean) = +25.7714 | 累计|g| = 13.2695
26-17-03-04 Ψ矩阵条件数 cond(Ψ) = 3.00e+01
26-17-03-04 Loss=-3.208090 | E0=-1.04468900 | E1=-0.95698784|E2=-0.66340249|E3=-0.54843149
26-17-03-04 #-----------------------------------------#
26-17-03-04 [Step 159] logΨ: mean=2.496+0.116j | min=-3.373-2.649j | max=2.625+1.660j
26-17-03-04 梯度监控 | raw=17.5465 | per_param=0.5271 |  natural=0.1670 | clipped=0.1670(上限20.0)
26-17-03-04 原始规范坐标 G(Re Σrow_mean) = +25.7690 | 累计|g| = 13.2695
26-17-03-04 Ψ矩阵条件数 cond(Ψ) = 3.56e+01
26-17-03-04 Loss=-3.211817 | E0=-1.04478390 | E1=-0.95704819|E2=-0.66523838|E3=-0.55243442
26-17-03-04 #-----------------------------------------#
26-17-03-04 [保存] Step 159 → pickle 文件已更新 (160 条记录)
26-17-03-04 [GaugeReset@160] 吸收 Δg = Σ Re(col_mean) = +25.7690 | 新|g| = 13.7280
26-17-03-04 【Step 160 告警】梯度异常！nan=False, raw_grad_norm=203.51
26-17-03-04 [Step 160] logΨ: mean=2.126-1.170j | min=-4.856-0.319j | max=2.457+0.496j
26-17-03-04 梯度监控 | raw=203.5140 | per_param=6.1140 |  natural=0.0658 | clipped=0.0658(上限20.0)
26-17-03-04 原始规范坐标 G(Re Σrow_mean) = +26.0331 | 累计|g| = 13.7280
26-17-03-04 Ψ矩阵条件数 cond(Ψ) = 8.45e+01
26-17-03-04 Loss=-3.193213 | E0=-1.04501823 | E1=-0.95698858|E2=-0.66487935|E3=-0.55157190
26-17-03-04 #-----------------------------------------#
26-17-03-04 【Step 161 告警】梯度异常！nan=False, raw_grad_norm=142.06
26-17-03-04 [Step 161] logΨ: mean=2.356-0.642j | min=-3.508-2.041j | max=2.557+0.451j
26-17-03-04 梯度监控 | raw=142.0611 | per_param=4.2678 |  natural=0.0430 | clipped=0.0430(上限20.0)
26-17-03-04 原始规范坐标 G(Re Σrow_mean) = +26.2410 | 累计|g| = 13.7280
26-17-03-04 Ψ矩阵条件数 cond(Ψ) = 4.25e+01
26-17-03-04 Loss=-3.206383 | E0=-1.04492705 | E1=-0.95693272|E2=-0.66470678|E3=-0.55170822
26-17-03-04 #-----------------------------------------#
26-17-03-04 【Step 162 告警】梯度异常！nan=False, raw_grad_norm=165.59
26-17-03-04 [Step 162] logΨ: mean=2.352-0.833j | min=-3.728+0.562j | max=2.544+0.401j
26-17-03-04 梯度监控 | raw=165.5939 | per_param=4.9748 |  natural=0.0349 | clipped=0.0349(上限20.0)
26-17-03-04 原始规范坐标 G(Re Σrow_mean) = +26.2088 | 累计|g| = 13.7280
26-17-03-04 Ψ矩阵条件数 cond(Ψ) = 4.16e+01
26-17-03-04 Loss=-3.208198 | E0=-1.04494658 | E1=-0.95704300|E2=-0.66457717|E3=-0.55163471
26-17-03-04 #-----------------------------------------#
26-17-03-04 [Step 163] logΨ: mean=2.097-1.443j | min=-3.084-2.963j | max=2.255+0.377j
26-17-03-04 梯度监控 | raw=80.9485 | per_param=2.4319 |  natural=0.2297 | clipped=0.2297(上限20.0)
26-17-03-04 原始规范坐标 G(Re Σrow_mean) = +25.8978 | 累计|g| = 13.7280
26-17-03-04 Ψ矩阵条件数 cond(Ψ) = 4.36e+01
26-17-03-04 Loss=-3.213520 | E0=-1.04511593 | E1=-0.95582114|E2=-0.66470229|E3=-0.55147652
26-17-03-04 #-----------------------------------------#
26-17-03-04 【Step 164 告警】梯度异常！nan=False, raw_grad_norm=100.17
26-17-03-04 [Step 164] logΨ: mean=2.338-0.849j | min=-5.994-0.033j | max=2.558+0.608j
26-17-03-04 梯度监控 | raw=100.1691 | per_param=3.0093 |  natural=0.0721 | clipped=0.0721(上限20.0)
26-17-03-04 原始规范坐标 G(Re Σrow_mean) = +26.0442 | 累计|g| = 13.7280
26-17-03-04 Ψ矩阵条件数 cond(Ψ) = 4.26e+01
26-17-03-04 Loss=-3.203461 | E0=-1.04515346 | E1=-0.95589920|E2=-0.66442771|E3=-0.55131028
26-17-03-04 #-----------------------------------------#
26-17-03-04 [Step 165] logΨ: mean=2.534-0.934j | min=-4.632+2.324j | max=2.699+0.583j
26-17-03-04 梯度监控 | raw=64.8809 | per_param=1.9492 |  natural=0.0650 | clipped=0.0650(上限20.0)
26-17-03-04 原始规范坐标 G(Re Σrow_mean) = +26.1919 | 累计|g| = 13.7280
26-17-03-04 Ψ矩阵条件数 cond(Ψ) = 4.14e+01
26-17-03-04 Loss=-3.211108 | E0=-1.04516213 | E1=-0.95591026|E2=-0.66433783|E3=-0.55137130
26-17-03-04 #-----------------------------------------#
26-17-03-04 [Step 166] logΨ: mean=2.716-1.191j | min=-1.525-1.768j | max=2.777+0.616j
26-17-03-04 梯度监控 | raw=32.3535 | per_param=0.9720 |  natural=0.0224 | clipped=0.0224(上限20.0)
26-17-03-04 原始规范坐标 G(Re Σrow_mean) = +26.3737 | 累计|g| = 13.7280
26-17-03-04 Ψ矩阵条件数 cond(Ψ) = 4.19e+01
26-17-03-04 Loss=-3.213543 | E0=-1.04515677 | E1=-0.95597577|E2=-0.66422680|E3=-0.55143831
26-17-03-04 #-----------------------------------------#
26-17-03-04 [Step 167] logΨ: mean=2.792-0.990j | min=-3.439+0.921j | max=3.030+0.783j
26-17-03-04 梯度监控 | raw=87.0746 | per_param=2.6159 |  natural=0.0691 | clipped=0.0691(上限20.0)
26-17-03-04 原始规范坐标 G(Re Σrow_mean) = +26.4061 | 累计|g| = 13.7280
26-17-03-04 Ψ矩阵条件数 cond(Ψ) = 4.25e+01
26-17-03-04 Loss=-3.203759 | E0=-1.04523529 | E1=-0.95599869|E2=-0.66410087|E3=-0.55131207
26-17-03-04 #-----------------------------------------#
26-17-03-04 【Step 168 告警】梯度异常！nan=False, raw_grad_norm=109.68
26-17-03-04 [Step 168] logΨ: mean=2.635-0.961j | min=-3.066+1.607j | max=2.932+0.753j
26-17-03-04 梯度监控 | raw=109.6822 | per_param=3.2951 |  natural=0.0309 | clipped=0.0309(上限20.0)
26-17-03-04 原始规范坐标 G(Re Σrow_mean) = +26.2388 | 累计|g| = 13.7280
26-17-03-04 Ψ矩阵条件数 cond(Ψ) = 6.80e+01
26-17-03-04 Loss=-3.200599 | E0=-1.04530598 | E1=-0.95614421|E2=-0.66403042|E3=-0.55117775
26-17-03-04 #-----------------------------------------#
26-17-03-04 [Step 169] logΨ: mean=2.907-0.951j | min=-3.355-2.035j | max=3.016+0.787j
26-17-03-04 梯度监控 | raw=23.7189 | per_param=0.7126 |  natural=0.0347 | clipped=0.0347(上限20.0)
26-17-03-04 原始规范坐标 G(Re Σrow_mean) = +26.5324 | 累计|g| = 13.7280
26-17-03-04 Ψ矩阵条件数 cond(Ψ) = 4.27e+01
26-17-03-04 Loss=-3.213889 | E0=-1.04511683 | E1=-0.95629277|E2=-0.66407650|E3=-0.55150838
26-17-03-04 #-----------------------------------------#
26-17-03-04 [GaugeReset@170] 吸收 Δg = Σ Re(col_mean) = +26.5324 | 新|g| = 14.0455
26-17-03-04 [Step 170] logΨ: mean=3.021+0.272j | min=-4.848+3.074j | max=3.222+1.483j
26-17-03-04 梯度监控 | raw=64.8262 | per_param=1.9475 |  natural=0.3115 | clipped=0.3115(上限20.0)
26-17-03-04 原始规范坐标 G(Re Σrow_mean) = +27.3319 | 累计|g| = 14.0455
26-17-03-04 Ψ矩阵条件数 cond(Ψ) = 3.76e+01
26-17-03-04 Loss=-3.207320 | E0=-1.04520500 | E1=-0.95653260|E2=-0.66425390|E3=-0.55049996
26-17-03-04 #-----------------------------------------#
26-17-03-04 [Step 171] logΨ: mean=2.986+0.013j | min=-2.460-1.686j | max=3.153+1.479j
26-17-03-04 梯度监控 | raw=40.3939 | per_param=1.2135 |  natural=0.0219 | clipped=0.0219(上限20.0)
26-17-03-04 原始规范坐标 G(Re Σrow_mean) = +27.3058 | 累计|g| = 14.0455
26-17-03-04 Ψ矩阵条件数 cond(Ψ) = 3.76e+01
26-17-03-04 Loss=-3.212024 | E0=-1.04524626 | E1=-0.95659337|E2=-0.66420902|E3=-0.55051479
26-17-03-04 #-----------------------------------------#
26-17-03-04 [Step 172] logΨ: mean=3.056+0.429j | min=-3.444+1.382j | max=3.220+1.491j
26-17-03-04 梯度监控 | raw=32.8288 | per_param=0.9862 |  natural=0.0504 | clipped=0.0504(上限20.0)
26-17-03-04 原始规范坐标 G(Re Σrow_mean) = +27.3528 | 累计|g| = 14.0455
26-17-03-04 Ψ矩阵条件数 cond(Ψ) = 3.74e+01
26-17-03-04 Loss=-3.214787 | E0=-1.04522228 | E1=-0.95674524|E2=-0.66417774|E3=-0.55053533
26-17-03-04 #-----------------------------------------#
26-17-03-04 [Step 173] logΨ: mean=3.356+0.228j | min=-2.675-1.089j | max=3.585+1.459j
26-17-03-04 梯度监控 | raw=36.4459 | per_param=1.0949 |  natural=0.0565 | clipped=0.0565(上限20.0)
26-17-03-04 原始规范坐标 G(Re Σrow_mean) = +27.6090 | 累计|g| = 14.0455
26-17-03-04 Ψ矩阵条件数 cond(Ψ) = 3.80e+01
26-17-03-04 Loss=-3.210230 | E0=-1.04516626 | E1=-0.95674332|E2=-0.66407277|E3=-0.55062221
26-17-03-04 #-----------------------------------------#
26-17-03-04 [Step 174] logΨ: mean=3.500+0.246j | min=-1.649+1.501j | max=3.650+1.660j
26-17-03-04 梯度监控 | raw=30.5404 | per_param=0.9175 |  natural=0.0523 | clipped=0.0523(上限20.0)
26-17-03-04 原始规范坐标 G(Re Σrow_mean) = +27.8221 | 累计|g| = 14.0455
26-17-03-04 Ψ矩阵条件数 cond(Ψ) = 3.88e+01
26-17-03-04 Loss=-3.213473 | E0=-1.04520446 | E1=-0.95688036|E2=-0.66411106|E3=-0.55049408
26-17-03-04 #-----------------------------------------#
26-17-03-04 [Step 175] logΨ: mean=3.558-0.295j | min=-1.174-1.576j | max=3.707+1.624j
26-17-03-04 梯度监控 | raw=24.2734 | per_param=0.7292 |  natural=0.0216 | clipped=0.0216(上限20.0)
26-17-03-04 原始规范坐标 G(Re Σrow_mean) = +27.9202 | 累计|g| = 14.0455
26-17-03-04 Ψ矩阵条件数 cond(Ψ) = 4.54e+01
26-17-03-04 Loss=-3.214687 | E0=-1.04510491 | E1=-0.95695371|E2=-0.66408278|E3=-0.55059661
26-17-03-04 #-----------------------------------------#
26-17-03-04 [Step 176] logΨ: mean=3.622-0.082j | min=-1.798+1.661j | max=3.766+1.614j
26-17-03-04 梯度监控 | raw=21.2804 | per_param=0.6393 |  natural=0.0155 | clipped=0.0155(上限20.0)
26-17-03-04 原始规范坐标 G(Re Σrow_mean) = +27.9986 | 累计|g| = 14.0455
26-17-03-04 Ψ矩阵条件数 cond(Ψ) = 4.09e+01
26-17-03-04 Loss=-3.215215 | E0=-1.04509003 | E1=-0.95701866|E2=-0.66405394|E3=-0.55066612
26-17-03-04 #-----------------------------------------#
26-17-03-04 [Step 177] logΨ: mean=3.703-0.026j | min=-2.761+1.625j | max=3.907+1.679j
26-17-03-04 梯度监控 | raw=24.6715 | per_param=0.7412 |  natural=0.0328 | clipped=0.0328(上限20.0)
26-17-03-04 原始规范坐标 G(Re Σrow_mean) = +28.0144 | 累计|g| = 14.0455
26-17-03-04 Ψ矩阵条件数 cond(Ψ) = 4.10e+01
26-17-03-04 Loss=-3.215496 | E0=-1.04516146 | E1=-0.95702225|E2=-0.66394629|E3=-0.55039513
26-17-03-04 #-----------------------------------------#
26-17-03-04 [Step 178] logΨ: mean=3.875+0.852j | min=-4.273-2.803j | max=4.077+1.810j
26-17-03-04 梯度监控 | raw=23.0155 | per_param=0.6914 |  natural=0.0444 | clipped=0.0444(上限20.0)
26-17-03-04 原始规范坐标 G(Re Σrow_mean) = +28.2177 | 累计|g| = 14.0455
26-17-03-04 Ψ矩阵条件数 cond(Ψ) = 4.26e+01
26-17-03-04 Loss=-3.212711 | E0=-1.04510287 | E1=-0.95704082|E2=-0.66390692|E3=-0.55050864
26-17-03-04 #-----------------------------------------#
26-17-03-04 [Step 179] logΨ: mean=3.929+0.379j | min=-1.563+1.741j | max=4.119+1.780j
26-17-03-04 梯度监控 | raw=16.7735 | per_param=0.5039 |  natural=0.0367 | clipped=0.0367(上限20.0)
26-17-03-04 原始规范坐标 G(Re Σrow_mean) = +28.2752 | 累计|g| = 14.0455
26-17-03-04 Ψ矩阵条件数 cond(Ψ) = 4.33e+01
26-17-03-04 Loss=-3.215398 | E0=-1.04504258 | E1=-0.95700893|E2=-0.66390976|E3=-0.55056666
26-17-03-04 #-----------------------------------------#
26-17-03-04 [保存] Step 179 → pickle 文件已更新 (180 条记录)
26-17-03-04 [GaugeReset@180] 吸收 Δg = Σ Re(col_mean) = +28.2752 | 新|g| = 14.9321
26-17-03-04 [Step 180] logΨ: mean=2.190-1.045j | min=-3.255+0.827j | max=2.375+0.792j
26-17-03-04 梯度监控 | raw=26.4170 | per_param=0.7936 |  natural=0.0235 | clipped=0.0235(上限20.0)
26-17-03-04 原始规范坐标 G(Re Σrow_mean) = +28.3725 | 累计|g| = 14.9321
26-17-03-04 Ψ矩阵条件数 cond(Ψ) = 4.97e+01
26-17-03-04 Loss=-3.215517 | E0=-1.04503835 | E1=-0.95705637|E2=-0.66399831|E3=-0.55047492
26-17-03-04 #-----------------------------------------#
26-17-03-04 [Step 181] logΨ: mean=2.149-1.193j | min=-4.873-0.066j | max=2.379+0.817j
26-17-03-04 梯度监控 | raw=47.1058 | per_param=1.4152 |  natural=0.0298 | clipped=0.0298(上限20.0)
26-17-03-04 原始规范坐标 G(Re Σrow_mean) = +28.3920 | 累计|g| = 14.9321
26-17-03-04 Ψ矩阵条件数 cond(Ψ) = 5.28e+01
26-17-03-04 Loss=-3.216020 | E0=-1.04506283 | E1=-0.95731819|E2=-0.66407312|E3=-0.55027018
26-17-03-04 #-----------------------------------------#
26-17-03-04 [Step 182] logΨ: mean=2.657-0.792j | min=-2.882-2.255j | max=2.826+0.708j
26-17-03-04 梯度监控 | raw=34.1068 | per_param=1.0246 |  natural=0.0505 | clipped=0.0505(上限20.0)
26-17-03-04 原始规范坐标 G(Re Σrow_mean) = +28.9095 | 累计|g| = 14.9321
26-17-03-04 Ψ矩阵条件数 cond(Ψ) = 5.71e+01
26-17-03-04 Loss=-3.215564 | E0=-1.04503534 | E1=-0.95708443|E2=-0.66414190|E3=-0.55074646
26-17-03-04 #-----------------------------------------#
26-17-03-04 [Step 183] logΨ: mean=2.760-0.705j | min=-2.137+1.896j | max=2.927+0.977j
26-17-03-04 梯度监控 | raw=89.2303 | per_param=2.6807 |  natural=0.0473 | clipped=0.0473(上限20.0)
26-17-03-04 原始规范坐标 G(Re Σrow_mean) = +28.9878 | 累计|g| = 14.9321
26-17-03-04 Ψ矩阵条件数 cond(Ψ) = 7.97e+01
26-17-03-04 Loss=-3.214896 | E0=-1.04501436 | E1=-0.95713758|E2=-0.66410687|E3=-0.55061206
26-17-03-04 #-----------------------------------------#
26-17-03-04 [Step 184] logΨ: mean=3.163-0.787j | min=-2.342-0.607j | max=3.405+1.011j
26-17-03-04 梯度监控 | raw=35.0432 | per_param=1.0528 |  natural=0.2584 | clipped=0.2584(上限20.0)
26-17-03-04 原始规范坐标 G(Re Σrow_mean) = +29.2448 | 累计|g| = 14.9321
26-17-03-04 Ψ矩阵条件数 cond(Ψ) = 4.36e+01
26-17-03-04 Loss=-3.214894 | E0=-1.04509848 | E1=-0.95682090|E2=-0.66458442|E3=-0.54637699
26-17-03-04 #-----------------------------------------#
26-17-03-05 【Step 185 告警】梯度异常！nan=False, raw_grad_norm=387.01
26-17-03-05 [Step 185] logΨ: mean=3.200-0.015j | min=-2.850-1.888j | max=3.388+1.161j
26-17-03-05 梯度监控 | raw=387.0130 | per_param=11.6267 |  natural=0.0356 | clipped=0.0356(上限20.0)
26-17-03-05 原始规范坐标 G(Re Σrow_mean) = +29.3572 | 累计|g| = 14.9321
26-17-03-05 Ψ矩阵条件数 cond(Ψ) = 4.47e+01
26-17-03-05 Loss=-3.195299 | E0=-1.04482022 | E1=-0.95693637|E2=-0.66448382|E3=-0.54696763
26-17-03-05 #-----------------------------------------#
26-17-03-05 【Step 186 告警】梯度异常！nan=False, raw_grad_norm=507.19
26-17-03-05 [Step 186] logΨ: mean=3.307+0.093j | min=-1.853-1.788j | max=3.568+1.294j
26-17-03-05 梯度监控 | raw=507.1926 | per_param=15.2371 |  natural=0.0405 | clipped=0.0405(上限20.0)
26-17-03-05 原始规范坐标 G(Re Σrow_mean) = +29.4483 | 累计|g| = 14.9321
26-17-03-05 Ψ矩阵条件数 cond(Ψ) = 4.52e+01
26-17-03-05 Loss=-3.196113 | E0=-1.04471893 | E1=-0.95697081|E2=-0.66440887|E3=-0.54778937
26-17-03-05 #-----------------------------------------#
26-17-03-05 【Step 187 告警】梯度异常！nan=False, raw_grad_norm=328.30
26-17-03-05 [Step 187] logΨ: mean=3.626+0.091j | min=-1.627-1.914j | max=3.828+1.165j
26-17-03-05 梯度监控 | raw=328.2969 | per_param=9.8627 |  natural=0.0398 | clipped=0.0398(上限20.0)
26-17-03-05 原始规范坐标 G(Re Σrow_mean) = +29.7365 | 累计|g| = 14.9321
26-17-03-05 Ψ矩阵条件数 cond(Ψ) = 4.39e+01
26-17-03-05 Loss=-3.207360 | E0=-1.04448405 | E1=-0.95704070|E2=-0.66426905|E3=-0.54821655
26-17-03-05 #-----------------------------------------#
26-17-03-05 【Step 188 告警】梯度异常！nan=False, raw_grad_norm=127.10
26-17-03-05 [Step 188] logΨ: mean=3.630-0.277j | min=-1.650+2.263j | max=3.765+1.216j
26-17-03-05 梯度监控 | raw=127.0962 | per_param=3.8182 |  natural=0.0414 | clipped=0.0414(上限20.0)
26-17-03-05 原始规范坐标 G(Re Σrow_mean) = +29.7688 | 累计|g| = 14.9321
26-17-03-05 Ψ矩阵条件数 cond(Ψ) = 4.48e+01
26-17-03-05 Loss=-3.212623 | E0=-1.04472788 | E1=-0.95714525|E2=-0.66428674|E3=-0.54857518
26-17-03-05 #-----------------------------------------#
26-17-03-05 【Step 189 告警】梯度异常！nan=False, raw_grad_norm=196.85
26-17-03-05 [Step 189] logΨ: mean=3.802-0.362j | min=-2.304+2.378j | max=3.997+1.214j
26-17-03-05 梯度监控 | raw=196.8463 | per_param=5.9137 |  natural=0.0350 | clipped=0.0350(上限20.0)
26-17-03-05 原始规范坐标 G(Re Σrow_mean) = +29.9690 | 累计|g| = 14.9321
26-17-03-05 Ψ矩阵条件数 cond(Ψ) = 4.66e+01
26-17-03-05 Loss=-3.212431 | E0=-1.04426059 | E1=-0.95708298|E2=-0.66425713|E3=-0.54943588
26-17-03-05 #-----------------------------------------#
26-17-03-05 [GaugeReset@190] 吸收 Δg = Σ Re(col_mean) = +29.9690 | 新|g| = 15.7218
26-17-03-05 [Step 190] logΨ: mean=2.465-0.403j | min=-4.252-1.237j | max=2.584+1.071j
26-17-03-05 梯度监控 | raw=74.9316 | per_param=2.2511 |  natural=0.0496 | clipped=0.0496(上限20.0)
26-17-03-05 原始规范坐标 G(Re Σrow_mean) = +30.3493 | 累计|g| = 15.7218
26-17-03-05 Ψ矩阵条件数 cond(Ψ) = 5.47e+01
26-17-03-05 Loss=-3.213483 | E0=-1.04505741 | E1=-0.95699593|E2=-0.66423458|E3=-0.54831408
26-17-03-05 #-----------------------------------------#
26-17-03-05 【Step 191 告警】梯度异常！nan=False, raw_grad_norm=250.49
26-17-03-05 [Step 191] logΨ: mean=2.806+0.034j | min=-3.678+0.663j | max=2.971+1.466j
26-17-03-05 梯度监控 | raw=250.4868 | per_param=7.5251 |  natural=0.0715 | clipped=0.0715(上限20.0)
26-17-03-05 原始规范坐标 G(Re Σrow_mean) = +30.6388 | 累计|g| = 15.7218
26-17-03-05 Ψ矩阵条件数 cond(Ψ) = 5.41e+01
26-17-03-05 Loss=-3.210406 | E0=-1.04528239 | E1=-0.95700696|E2=-0.66411528|E3=-0.54828601
26-17-03-05 #-----------------------------------------#
26-17-03-05 【Step 192 告警】梯度异常！nan=False, raw_grad_norm=110.51
26-17-03-05 [Step 192] logΨ: mean=2.885+0.275j | min=-2.069-2.464j | max=2.998+1.655j
26-17-03-05 梯度监控 | raw=110.5055 | per_param=3.3198 |  natural=0.0255 | clipped=0.0255(上限20.0)
26-17-03-05 原始规范坐标 G(Re Σrow_mean) = +30.7691 | 累计|g| = 15.7218
26-17-03-05 Ψ矩阵条件数 cond(Ψ) = 5.74e+01
26-17-03-05 Loss=-3.213833 | E0=-1.04580240 | E1=-0.95710478|E2=-0.66411276|E3=-0.54763763
26-17-03-05 #-----------------------------------------#
26-17-03-05 【Step 193 告警】梯度异常！nan=False, raw_grad_norm=173.40
26-17-03-05 [Step 193] logΨ: mean=2.953+0.594j | min=-2.680+1.600j | max=3.056+1.617j
26-17-03-05 梯度监控 | raw=173.3986 | per_param=5.2093 |  natural=0.0248 | clipped=0.0248(上限20.0)
26-17-03-05 原始规范坐标 G(Re Σrow_mean) = +30.8415 | 累计|g| = 15.7218
26-17-03-05 Ψ矩阵条件数 cond(Ψ) = 5.86e+01
26-17-03-05 Loss=-3.211937 | E0=-1.04490988 | E1=-0.95708695|E2=-0.66399114|E3=-0.54876413
26-17-03-05 #-----------------------------------------#
26-17-03-05 【Step 194 告警】梯度异常！nan=False, raw_grad_norm=137.08
26-17-03-05 [Step 194] logΨ: mean=3.352+0.124j | min=-2.534+3.018j | max=3.564+1.791j
26-17-03-05 梯度监控 | raw=137.0810 | per_param=4.1182 |  natural=0.0593 | clipped=0.0593(上限20.0)
26-17-03-05 原始规范坐标 G(Re Σrow_mean) = +31.2711 | 累计|g| = 15.7218
26-17-03-05 Ψ矩阵条件数 cond(Ψ) = 6.43e+01
26-17-03-05 Loss=-3.213562 | E0=-1.04464549 | E1=-0.95692350|E2=-0.66432829|E3=-0.54994642
26-17-03-05 #-----------------------------------------#
26-17-03-05 【Step 195 告警】梯度异常！nan=False, raw_grad_norm=173.05
26-17-03-05 [Step 195] logΨ: mean=4.063+0.296j | min=-1.337+0.344j | max=4.240+2.059j
26-17-03-05 梯度监控 | raw=173.0455 | per_param=5.1986 |  natural=0.0466 | clipped=0.0466(上限20.0)
26-17-03-05 原始规范坐标 G(Re Σrow_mean) = +31.9654 | 累计|g| = 15.7218
26-17-03-05 Ψ矩阵条件数 cond(Ψ) = 7.00e+01
26-17-03-05 Loss=-3.213716 | E0=-1.04268406 | E1=-0.95684950|E2=-0.66414524|E3=-0.55059752
26-17-03-05 #-----------------------------------------#
26-17-03-05 【Step 196 告警】梯度异常！nan=False, raw_grad_norm=281.69
26-17-03-05 [Step 196] logΨ: mean=3.959-0.034j | min=-1.883+1.935j | max=4.149+1.813j
26-17-03-05 梯度监控 | raw=281.6922 | per_param=8.4626 |  natural=0.0375 | clipped=0.0375(上限20.0)
26-17-03-05 原始规范坐标 G(Re Σrow_mean) = +31.8673 | 累计|g| = 15.7218
26-17-03-05 Ψ矩阵条件数 cond(Ψ) = 6.85e+01
26-17-03-05 Loss=-3.216840 | E0=-1.04416584 | E1=-0.95699273|E2=-0.66417199|E3=-0.55344212
26-17-03-05 #-----------------------------------------#
26-17-03-05 【Step 197 告警】梯度异常！nan=False, raw_grad_norm=203.76
26-17-03-05 [Step 197] logΨ: mean=4.062-0.242j | min=-0.990-1.677j | max=4.197+1.744j
26-17-03-05 梯度监控 | raw=203.7577 | per_param=6.1213 |  natural=0.0270 | clipped=0.0270(上限20.0)
26-17-03-05 原始规范坐标 G(Re Σrow_mean) = +31.9960 | 累计|g| = 15.7218
26-17-03-05 Ψ矩阵条件数 cond(Ψ) = 7.07e+01
26-17-03-05 Loss=-3.214067 | E0=-1.04308092 | E1=-0.95699355|E2=-0.66415997|E3=-0.55458193
26-17-03-05 #-----------------------------------------#
26-17-03-05 【Step 198 告警】梯度异常！nan=False, raw_grad_norm=117.02
26-17-03-05 [Step 198] logΨ: mean=4.206-0.421j | min=-0.730-2.444j | max=4.343+1.654j
26-17-03-05 梯度监控 | raw=117.0216 | per_param=3.5156 |  natural=0.0253 | clipped=0.0253(上限20.0)
26-17-03-05 原始规范坐标 G(Re Σrow_mean) = +32.1111 | 累计|g| = 15.7218
26-17-03-05 Ψ矩阵条件数 cond(Ψ) = 7.00e+01
26-17-03-05 Loss=-3.214580 | E0=-1.04887243 | E1=-0.95721566|E2=-0.66410273|E3=-0.54993199
26-17-03-05 #-----------------------------------------#
26-17-03-05 【Step 199 告警】梯度异常！nan=False, raw_grad_norm=237.81
26-17-03-05 [Step 199] logΨ: mean=4.344-0.329j | min=-2.779-1.156j | max=4.527+1.518j
26-17-03-05 梯度监控 | raw=237.8121 | per_param=7.1444 |  natural=0.0269 | clipped=0.0269(上限20.0)
26-17-03-05 原始规范坐标 G(Re Σrow_mean) = +32.2478 | 累计|g| = 15.7218
26-17-03-05 Ψ矩阵条件数 cond(Ψ) = 7.15e+01
26-17-03-05 Loss=-3.214677 | E0=-1.04683664 | E1=-0.95725140|E2=-0.66409654|E3=-0.55005047
26-17-03-05 #-----------------------------------------#
26-17-03-05 [保存] Step 199 → pickle 文件已更新 (200 条记录)
26-17-03-05 [GaugeReset@200] 吸收 Δg = Σ Re(col_mean) = +32.2478 | 新|g| = 16.7297
26-17-03-05 【Step 200 告警】梯度异常！nan=False, raw_grad_norm=110.49
26-17-03-05 [Step 200] logΨ: mean=1.883+0.297j | min=-3.351+1.788j | max=2.066+1.716j
26-17-03-05 梯度监控 | raw=110.4904 | per_param=3.3194 |  natural=0.0354 | clipped=0.0354(上限20.0)
26-17-03-05 原始规范坐标 G(Re Σrow_mean) = +32.1111 | 累计|g| = 16.7297
26-17-03-05 Ψ矩阵条件数 cond(Ψ) = 6.59e+01
26-17-03-05 Loss=-3.217437 | E0=-1.04513834 | E1=-0.95752493|E2=-0.66413449|E3=-0.55019280
26-17-03-05 #-----------------------------------------#
26-17-03-05 【Step 201 告警】梯度异常！nan=False, raw_grad_norm=129.34
26-17-03-05 [Step 201] logΨ: mean=2.033-0.116j | min=-3.259-1.383j | max=2.189+1.693j
26-17-03-05 梯度监控 | raw=129.3366 | per_param=3.8855 |  natural=0.0322 | clipped=0.0322(上限20.0)
26-17-03-05 原始规范坐标 G(Re Σrow_mean) = +32.2767 | 累计|g| = 16.7297
26-17-03-05 Ψ矩阵条件数 cond(Ψ) = 6.81e+01
26-17-03-05 Loss=-3.215996 | E0=-1.04364033 | E1=-0.95742667|E2=-0.66408535|E3=-0.55082150
26-17-03-05 #-----------------------------------------#
26-17-03-05 【Step 202 告警】梯度异常！nan=False, raw_grad_norm=387.04
26-17-03-05 [Step 202] logΨ: mean=-0.588+1.264j | min=-6.532+2.843j | max=-0.395+2.837j
26-17-03-05 梯度监控 | raw=387.0408 | per_param=11.6275 |  natural=0.3884 | clipped=0.3884(上限20.0)
26-17-03-05 原始规范坐标 G(Re Σrow_mean) = +29.7821 | 累计|g| = 16.7297
26-17-03-05 Ψ矩阵条件数 cond(Ψ) = 6.36e+01
26-17-03-05 Loss=-3.215509 | E0=-1.04508604 | E1=-0.95323195|E2=-0.66676164|E3=-0.55496113
26-17-03-05 #-----------------------------------------#
26-17-03-05 【Step 203 告警】梯度异常！nan=False, raw_grad_norm=1545.18
26-17-03-05 [Step 203] logΨ: mean=-0.903-1.049j | min=-6.642+0.392j | max=-0.481+0.214j
26-17-03-05 梯度监控 | raw=1545.1805 | per_param=46.4204 |  natural=0.0633 | clipped=0.0633(上限20.0)
26-17-03-05 原始规范坐标 G(Re Σrow_mean) = +29.3790 | 累计|g| = 16.7297
26-17-03-05 Ψ矩阵条件数 cond(Ψ) = 6.26e+01
26-17-03-05 Loss=-3.097213 | E0=-1.04470762 | E1=-0.95394565|E2=-0.66588261|E3=-0.55073706
26-17-03-05 #-----------------------------------------#
26-17-03-05 【Step 204 告警】梯度异常！nan=False, raw_grad_norm=1201.93
26-17-03-05 [Step 204] logΨ: mean=-0.522-1.018j | min=-5.815+1.855j | max=-0.147+0.496j
26-17-03-05 梯度监控 | raw=1201.9327 | per_param=36.1086 |  natural=0.0794 | clipped=0.0794(上限20.0)
26-17-03-05 原始规范坐标 G(Re Σrow_mean) = +29.7613 | 累计|g| = 16.7297
26-17-03-05 Ψ矩阵条件数 cond(Ψ) = 6.48e+01
26-17-03-05 Loss=-3.123742 | E0=-1.04568193 | E1=-0.95400887|E2=-0.66550337|E3=-0.55070642
26-17-03-05 #-----------------------------------------#
26-17-03-05 【Step 205 告警】梯度异常！nan=False, raw_grad_norm=1233.08
26-17-03-05 [Step 205] logΨ: mean=-0.182-0.878j | min=-8.842+0.182j | max=0.189+0.693j
26-17-03-05 梯度监控 | raw=1233.0810 | per_param=37.0443 |  natural=0.0689 | clipped=0.0689(上限20.0)
26-17-03-05 原始规范坐标 G(Re Σrow_mean) = +30.0541 | 累计|g| = 16.7297
26-17-03-05 Ψ矩阵条件数 cond(Ψ) = 6.45e+01
26-17-03-05 Loss=-3.138043 | E0=-1.04518387 | E1=-0.95442500|E2=-0.66520388|E3=-0.55171023
26-17-03-05 #-----------------------------------------#
26-17-03-05 【Step 206 告警】梯度异常！nan=False, raw_grad_norm=821.25
26-17-03-05 [Step 206] logΨ: mean=-0.046-1.088j | min=-4.833-1.580j | max=0.238+0.880j
26-17-03-05 梯度监控 | raw=821.2545 | per_param=24.6722 |  natural=0.0353 | clipped=0.0353(上限20.0)
26-17-03-05 原始规范坐标 G(Re Σrow_mean) = +30.1813 | 累计|g| = 16.7297
26-17-03-05 Ψ矩阵条件数 cond(Ψ) = 6.41e+01
26-17-03-05 Loss=-3.165088 | E0=-1.04580565 | E1=-0.95451004|E2=-0.66508972|E3=-0.55205020
26-17-03-05 #-----------------------------------------#
26-17-03-05 【Step 207 告警】梯度异常！nan=False, raw_grad_norm=924.90
26-17-03-05 [Step 207] logΨ: mean=0.005-0.630j | min=-5.842-1.855j | max=0.364+0.871j
26-17-03-05 梯度监控 | raw=924.8967 | per_param=27.7858 |  natural=0.0620 | clipped=0.0620(上限20.0)
26-17-03-05 原始规范坐标 G(Re Σrow_mean) = +30.2123 | 累计|g| = 16.7297
26-17-03-05 Ψ矩阵条件数 cond(Ψ) = 6.53e+01
26-17-03-05 Loss=-3.155181 | E0=-1.04589653 | E1=-0.95475029|E2=-0.66488847|E3=-0.55101057
26-17-03-05 #-----------------------------------------#
26-17-03-05 【Step 208 告警】梯度异常！nan=False, raw_grad_norm=798.21
26-17-03-05 [Step 208] logΨ: mean=0.298-0.688j | min=-5.390-2.736j | max=0.558+0.889j
26-17-03-05 梯度监控 | raw=798.2118 | per_param=23.9799 |  natural=0.0511 | clipped=0.0511(上限20.0)
26-17-03-05 原始规范坐标 G(Re Σrow_mean) = +30.5280 | 累计|g| = 16.7297
26-17-03-05 Ψ矩阵条件数 cond(Ψ) = 6.77e+01
26-17-03-05 Loss=-3.171305 | E0=-1.04647690 | E1=-0.95504788|E2=-0.66475485|E3=-0.55145635
26-17-03-05 #-----------------------------------------#
26-17-03-05 【Step 209 告警】梯度异常！nan=False, raw_grad_norm=784.99
26-17-03-05 [Step 209] logΨ: mean=0.244-0.769j | min=-5.111-1.497j | max=0.505+0.884j
26-17-03-05 梯度监控 | raw=784.9884 | per_param=23.5827 |  natural=0.0214 | clipped=0.0214(上限20.0)
26-17-03-05 原始规范坐标 G(Re Σrow_mean) = +30.4650 | 累计|g| = 16.7297
26-17-03-05 Ψ矩阵条件数 cond(Ψ) = 7.88e+01
26-17-03-05 Loss=-3.173434 | E0=-1.04510026 | E1=-0.95533956|E2=-0.66458802|E3=-0.55260651
26-17-03-05 #-----------------------------------------#
26-17-03-05 [GaugeReset@210] 吸收 Δg = Σ Re(col_mean) = +30.4650 | 新|g| = 15.8925
26-17-03-05 【Step 210 告警】梯度异常！nan=False, raw_grad_norm=640.69
26-17-03-05 [Step 210] logΨ: mean=2.039+0.117j | min=-3.278-1.475j | max=2.296+1.606j
26-17-03-05 梯度监控 | raw=640.6852 | per_param=19.2475 |  natural=0.0331 | clipped=0.0331(上限20.0)
26-17-03-05 原始规范坐标 G(Re Σrow_mean) = +30.4461 | 累计|g| = 15.8925
26-17-03-05 Ψ矩阵条件数 cond(Ψ) = 5.38e+01
26-17-03-05 Loss=-3.188134 | E0=-1.04581890 | E1=-0.95561271|E2=-0.66453194|E3=-0.55221376
26-17-03-05 #-----------------------------------------#
26-17-03-05 【Step 211 告警】梯度异常！nan=False, raw_grad_norm=545.22
26-17-03-05 [Step 211] logΨ: mean=2.242+0.320j | min=-4.355+1.934j | max=2.502+1.739j
26-17-03-05 梯度监控 | raw=545.2151 | per_param=16.3794 |  natural=0.0335 | clipped=0.0335(上限20.0)
26-17-03-05 原始规范坐标 G(Re Σrow_mean) = +30.6169 | 累计|g| = 15.8925
26-17-03-05 Ψ矩阵条件数 cond(Ψ) = 5.26e+01
26-17-03-05 Loss=-3.187911 | E0=-1.04552051 | E1=-0.95586113|E2=-0.66443039|E3=-0.55175613
26-17-03-05 #-----------------------------------------#
26-17-03-05 【Step 212 告警】梯度异常！nan=False, raw_grad_norm=458.58
26-17-03-05 [Step 212] logΨ: mean=2.646-0.102j | min=-2.476+1.687j | max=2.924+1.565j
26-17-03-05 梯度监控 | raw=458.5841 | per_param=13.7768 |  natural=0.0515 | clipped=0.0515(上限20.0)
26-17-03-05 原始规范坐标 G(Re Σrow_mean) = +30.9822 | 累计|g| = 15.8925
26-17-03-05 Ψ矩阵条件数 cond(Ψ) = 5.28e+01
26-17-03-05 Loss=-3.192995 | E0=-1.04647635 | E1=-0.95616912|E2=-0.66430916|E3=-0.55129165
26-17-03-05 #-----------------------------------------#
26-17-03-05 【Step 213 告警】梯度异常！nan=False, raw_grad_norm=355.96
26-17-03-05 [Step 213] logΨ: mean=3.062+0.326j | min=-2.859-0.289j | max=3.279+2.157j
26-17-03-05 梯度监控 | raw=355.9642 | per_param=10.6939 |  natural=0.0517 | clipped=0.0517(上限20.0)
26-17-03-05 原始规范坐标 G(Re Σrow_mean) = +31.4280 | 累计|g| = 15.8925
26-17-03-05 Ψ矩阵条件数 cond(Ψ) = 5.50e+01
26-17-03-05 Loss=-3.199028 | E0=-1.04484069 | E1=-0.95607799|E2=-0.66436373|E3=-0.55282556
26-17-03-05 #-----------------------------------------#
26-17-03-05 【Step 214 告警】梯度异常！nan=False, raw_grad_norm=737.38
26-17-03-06 [Step 214] logΨ: mean=3.576+1.316j | min=-3.020+3.055j | max=3.954+2.524j
26-17-03-06 梯度监控 | raw=737.3825 | per_param=22.1525 |  natural=0.0486 | clipped=0.0486(上限20.0)
26-17-03-06 原始规范坐标 G(Re Σrow_mean) = +31.8654 | 累计|g| = 15.8925
26-17-03-06 Ψ矩阵条件数 cond(Ψ) = 5.50e+01
26-17-03-06 Loss=-3.179123 | E0=-1.04223653 | E1=-0.95591995|E2=-0.66425976|E3=-0.55720815
26-17-03-06 #-----------------------------------------#
26-17-03-06 【Step 215 告警】梯度异常！nan=False, raw_grad_norm=335.16
26-17-03-06 [Step 215] logΨ: mean=3.784+0.869j | min=-3.038-0.122j | max=3.976+2.479j
26-17-03-06 梯度监控 | raw=335.1564 | per_param=10.0688 |  natural=0.0219 | clipped=0.0219(上限20.0)
26-17-03-06 原始规范坐标 G(Re Σrow_mean) = +32.0450 | 累计|g| = 15.8925
26-17-03-06 Ψ矩阵条件数 cond(Ψ) = 5.39e+01
26-17-03-06 Loss=-3.202862 | E0=-1.04694906 | E1=-0.95615198|E2=-0.66417924|E3=-0.55139412
26-17-03-06 #-----------------------------------------#
26-17-03-06 【Step 216 告警】梯度异常！nan=False, raw_grad_norm=378.36
26-17-03-06 [Step 216] logΨ: mean=3.751+0.438j | min=-1.467-0.100j | max=3.916+2.424j
26-17-03-06 梯度监控 | raw=378.3636 | per_param=11.3668 |  natural=0.0279 | clipped=0.0279(上限20.0)
26-17-03-06 原始规范坐标 G(Re Σrow_mean) = +32.0169 | 累计|g| = 15.8925
26-17-03-06 Ψ矩阵条件数 cond(Ψ) = 5.33e+01
26-17-03-06 Loss=-3.204554 | E0=-1.04535191 | E1=-0.95639047|E2=-0.66413072|E3=-0.55403379
26-17-03-06 #-----------------------------------------#
26-17-03-06 【Step 217 告警】梯度异常！nan=False, raw_grad_norm=505.67
26-17-03-06 [Step 217] logΨ: mean=3.803+0.759j | min=-1.863-2.401j | max=4.057+2.301j
26-17-03-06 梯度监控 | raw=505.6675 | per_param=15.1913 |  natural=0.0330 | clipped=0.0330(上限20.0)
26-17-03-06 原始规范坐标 G(Re Σrow_mean) = +32.0105 | 累计|g| = 15.8925
26-17-03-06 Ψ矩阵条件数 cond(Ψ) = 5.23e+01
26-17-03-06 Loss=-3.198649 | E0=-1.04460746 | E1=-0.95665418|E2=-0.66404849|E3=-0.55513179
26-17-03-06 #-----------------------------------------#
26-17-03-06 【Step 218 告警】梯度异常！nan=False, raw_grad_norm=284.84
26-17-03-06 [Step 218] logΨ: mean=4.316+0.839j | min=-3.393+2.500j | max=4.500+2.349j
26-17-03-06 梯度监控 | raw=284.8381 | per_param=8.5571 |  natural=0.0356 | clipped=0.0356(上限20.0)
26-17-03-06 原始规范坐标 G(Re Σrow_mean) = +32.4977 | 累计|g| = 15.8925
26-17-03-06 Ψ矩阵条件数 cond(Ψ) = 5.28e+01
26-17-03-06 Loss=-3.206970 | E0=-1.04620773 | E1=-0.95688168|E2=-0.66401043|E3=-0.55316280
26-17-03-06 #-----------------------------------------#
26-17-03-06 【Step 219 告警】梯度异常！nan=False, raw_grad_norm=233.73
26-17-03-06 [Step 219] logΨ: mean=4.400+0.451j | min=-1.510+2.241j | max=4.595+2.307j
26-17-03-06 梯度监控 | raw=233.7342 | per_param=7.0219 |  natural=0.0358 | clipped=0.0358(上限20.0)
26-17-03-06 原始规范坐标 G(Re Σrow_mean) = +32.5439 | 累计|g| = 15.8925
26-17-03-06 Ψ矩阵条件数 cond(Ψ) = 5.20e+01
26-17-03-06 Loss=-3.207436 | E0=-1.04934978 | E1=-0.95696439|E2=-0.66397034|E3=-0.54919513
26-17-03-06 #-----------------------------------------#
26-17-03-06 [保存] Step 219 → pickle 文件已更新 (220 条记录)
26-17-03-06 [GaugeReset@220] 吸收 Δg = Σ Re(col_mean) = +32.5439 | 新|g| = 16.8482
26-17-03-06 【Step 220 告警】梯度异常！nan=False, raw_grad_norm=128.33
26-17-03-06 [Step 220] logΨ: mean=2.524+0.371j | min=-2.668+2.672j | max=2.673+2.060j
26-17-03-06 梯度监控 | raw=128.3262 | per_param=3.8552 |  natural=0.0264 | clipped=0.0264(上限20.0)
26-17-03-06 原始规范坐标 G(Re Σrow_mean) = +32.7340 | 累计|g| = 16.8482
26-17-03-06 Ψ矩阵条件数 cond(Ψ) = 6.08e+01
26-17-03-06 Loss=-3.212632 | E0=-1.04016519 | E1=-0.95700199|E2=-0.66398497|E3=-0.55757694
26-17-03-06 #-----------------------------------------#
26-17-03-06 【Step 221 告警】梯度异常！nan=False, raw_grad_norm=198.85
26-17-03-06 [Step 221] logΨ: mean=0.747+1.028j | min=-5.559+3.045j | max=1.006+2.766j
26-17-03-06 梯度监控 | raw=198.8495 | per_param=5.9739 |  natural=0.2699 | clipped=0.2699(上限20.0)
26-17-03-06 原始规范坐标 G(Re Σrow_mean) = +31.0796 | 累计|g| = 16.8482
26-17-03-06 Ψ矩阵条件数 cond(Ψ) = 5.84e+01
26-17-03-06 Loss=-3.207924 | E0=-1.04435809 | E1=-0.95862740|E2=-0.66318002|E3=-0.55389006
26-17-03-06 #-----------------------------------------#
26-17-03-06 【Step 222 告警】梯度异常！nan=False, raw_grad_norm=559.62
26-17-03-06 [Step 222] logΨ: mean=0.953+1.047j | min=-4.521-2.015j | max=1.213+2.763j
26-17-03-06 梯度监控 | raw=559.6164 | per_param=16.8120 |  natural=0.0356 | clipped=0.0356(上限20.0)
26-17-03-06 原始规范坐标 G(Re Σrow_mean) = +31.2816 | 累计|g| = 16.8482
26-17-03-06 Ψ矩阵条件数 cond(Ψ) = 5.92e+01
26-17-03-06 Loss=-3.196246 | E0=-1.04371246 | E1=-0.95863001|E2=-0.66330301|E3=-0.55531277
26-17-03-06 #-----------------------------------------#
26-17-03-06 【Step 223 告警】梯度异常！nan=False, raw_grad_norm=309.48
26-17-03-06 [Step 223] logΨ: mean=1.212+0.866j | min=-5.182-0.636j | max=1.355+2.737j
26-17-03-06 梯度监控 | raw=309.4770 | per_param=9.2973 |  natural=0.0261 | clipped=0.0261(上限20.0)
26-17-03-06 原始规范坐标 G(Re Σrow_mean) = +31.5401 | 累计|g| = 16.8482
26-17-03-06 Ψ矩阵条件数 cond(Ψ) = 6.00e+01
26-17-03-06 Loss=-3.208533 | E0=-1.04460393 | E1=-0.95860312|E2=-0.66337307|E3=-0.55427293
26-17-03-06 #-----------------------------------------#
26-17-03-06 【Step 224 告警】梯度异常！nan=False, raw_grad_norm=353.34
26-17-03-06 [Step 224] logΨ: mean=1.802-1.167j | min=-4.511-0.906j | max=2.035+0.013j
26-17-03-06 梯度监控 | raw=353.3431 | per_param=10.6152 |  natural=0.0554 | clipped=0.0554(上限20.0)
26-17-03-06 原始规范坐标 G(Re Σrow_mean) = +32.0586 | 累计|g| = 16.8482
26-17-03-06 Ψ矩阵条件数 cond(Ψ) = 6.10e+01
26-17-03-06 Loss=-3.206107 | E0=-1.04278600 | E1=-0.95826195|E2=-0.66336585|E3=-0.55786095
26-17-03-06 #-----------------------------------------#
26-17-03-06 【Step 225 告警】梯度异常！nan=False, raw_grad_norm=373.14
26-17-03-06 [Step 225] logΨ: mean=1.941+0.818j | min=-4.757+0.086j | max=2.119+3.085j
26-17-03-06 梯度监控 | raw=373.1389 | per_param=11.2099 |  natural=0.0325 | clipped=0.0325(上限20.0)
26-17-03-06 原始规范坐标 G(Re Σrow_mean) = +32.1810 | 累计|g| = 16.8482
26-17-03-06 Ψ矩阵条件数 cond(Ψ) = 6.07e+01
26-17-03-06 Loss=-3.207556 | E0=-1.04795661 | E1=-0.95836788|E2=-0.66349841|E3=-0.54894004
26-17-03-06 #-----------------------------------------#
26-17-03-06 【Step 226 告警】梯度异常！nan=False, raw_grad_norm=261.05
26-17-03-06 [Step 226] logΨ: mean=0.497-0.092j | min=-6.222-2.372j | max=0.692+1.994j
26-17-03-06 梯度监控 | raw=261.0498 | per_param=7.8425 |  natural=0.2003 | clipped=0.2003(上限20.0)
26-17-03-06 原始规范坐标 G(Re Σrow_mean) = +30.7869 | 累计|g| = 16.8482
26-17-03-06 Ψ矩阵条件数 cond(Ψ) = 5.77e+01
26-17-03-06 Loss=-3.209021 | E0=-1.04664446 | E1=-0.95841296|E2=-0.66344266|E3=-0.55162307
26-17-03-06 #-----------------------------------------#
26-17-03-06 【Step 227 告警】梯度异常！nan=False, raw_grad_norm=303.46
26-17-03-06 [Step 227] logΨ: mean=0.960+0.021j | min=-4.760+1.612j | max=1.171+1.720j
26-17-03-06 梯度监控 | raw=303.4610 | per_param=9.1166 |  natural=0.0451 | clipped=0.0451(上限20.0)
26-17-03-06 原始规范坐标 G(Re Σrow_mean) = +31.2240 | 累计|g| = 16.8482
26-17-03-06 Ψ矩阵条件数 cond(Ψ) = 5.85e+01
26-17-03-06 Loss=-3.205823 | E0=-1.04555559 | E1=-0.95846212|E2=-0.66349286|E3=-0.55192029
26-17-03-06 #-----------------------------------------#
26-17-03-06 【Step 228 告警】梯度异常！nan=False, raw_grad_norm=282.70
26-17-03-06 [Step 228] logΨ: mean=1.177+0.310j | min=-4.753+2.920j | max=1.407+1.575j
26-17-03-06 梯度监控 | raw=282.7004 | per_param=8.4929 |  natural=0.0355 | clipped=0.0355(上限20.0)
26-17-03-06 原始规范坐标 G(Re Σrow_mean) = +31.4024 | 累计|g| = 16.8482
26-17-03-06 Ψ矩阵条件数 cond(Ψ) = 5.82e+01
26-17-03-06 Loss=-3.206138 | E0=-1.04641350 | E1=-0.95843233|E2=-0.66355079|E3=-0.55055835
26-17-03-06 #-----------------------------------------#
26-17-03-06 【Step 229 告警】梯度异常！nan=False, raw_grad_norm=246.10
26-17-03-06 [Step 229] logΨ: mean=1.554+0.180j | min=-3.948-1.699j | max=1.750+1.445j
26-17-03-06 梯度监控 | raw=246.1036 | per_param=7.3935 |  natural=0.0287 | clipped=0.0287(上限20.0)
26-17-03-06 原始规范坐标 G(Re Σrow_mean) = +31.7488 | 累计|g| = 16.8482
26-17-03-06 Ψ矩阵条件数 cond(Ψ) = 5.86e+01
26-17-03-06 Loss=-3.209707 | E0=-1.04314018 | E1=-0.95830161|E2=-0.66362623|E3=-0.55362950
26-17-03-06 #-----------------------------------------#
26-17-03-06 [GaugeReset@230] 吸收 Δg = Σ Re(col_mean) = +31.7488 | 新|g| = 16.3438
26-17-03-06 【Step 230 告警】梯度异常！nan=False, raw_grad_norm=148.67
26-17-03-06 [Step 230] logΨ: mean=2.498+0.246j | min=-4.820-1.292j | max=2.645+1.602j
26-17-03-06 梯度监控 | raw=148.6719 | per_param=4.4664 |  natural=0.0284 | clipped=0.0284(上限20.0)
26-17-03-06 原始规范坐标 G(Re Σrow_mean) = +31.9270 | 累计|g| = 16.3438
26-17-03-06 Ψ矩阵条件数 cond(Ψ) = 5.75e+01
26-17-03-06 Loss=-3.212900 | E0=-1.04622524 | E1=-0.95839300|E2=-0.66378706|E3=-0.54996483
26-17-03-06 #-----------------------------------------#
26-17-03-06 【Step 231 告警】梯度异常！nan=False, raw_grad_norm=215.97
26-17-03-06 [Step 231] logΨ: mean=2.794+0.060j | min=-2.640-1.604j | max=2.999+1.585j
26-17-03-06 梯度监控 | raw=215.9671 | per_param=6.4881 |  natural=0.0388 | clipped=0.0388(上限20.0)
26-17-03-06 原始规范坐标 G(Re Σrow_mean) = +32.2196 | 累计|g| = 16.3438
26-17-03-06 Ψ矩阵条件数 cond(Ψ) = 5.95e+01
26-17-03-06 Loss=-3.214970 | E0=-1.04393169 | E1=-0.95821984|E2=-0.66382424|E3=-0.55186003
26-17-03-06 #-----------------------------------------#
26-17-03-06 【Step 232 告警】梯度异常！nan=False, raw_grad_norm=166.96
26-17-03-06 [Step 232] logΨ: mean=2.985-0.068j | min=-2.032+1.350j | max=3.143+1.362j
26-17-03-06 梯度监控 | raw=166.9579 | per_param=5.0158 |  natural=0.0209 | clipped=0.0209(上限20.0)
26-17-03-06 原始规范坐标 G(Re Σrow_mean) = +32.3887 | 累计|g| = 16.3438
26-17-03-06 Ψ矩阵条件数 cond(Ψ) = 5.85e+01
26-17-03-06 Loss=-3.215253 | E0=-1.04753122 | E1=-0.95818512|E2=-0.66381566|E3=-0.54823743
26-17-03-06 #-----------------------------------------#
26-17-03-06 【Step 233 告警】梯度异常！nan=False, raw_grad_norm=152.04
26-17-03-06 [Step 233] logΨ: mean=3.269+0.455j | min=-3.520-2.468j | max=3.443+1.461j
26-17-03-06 梯度监控 | raw=152.0353 | per_param=4.5675 |  natural=0.0378 | clipped=0.0378(上限20.0)
26-17-03-06 原始规范坐标 G(Re Σrow_mean) = +32.6882 | 累计|g| = 16.3438
26-17-03-06 Ψ矩阵条件数 cond(Ψ) = 6.05e+01
26-17-03-06 Loss=-3.213451 | E0=-1.04321959 | E1=-0.95795357|E2=-0.66376739|E3=-0.55028184
26-17-03-06 #-----------------------------------------#
26-17-03-06 【Step 234 告警】梯度异常！nan=False, raw_grad_norm=215.45
26-17-03-06 [Step 234] logΨ: mean=3.315-0.141j | min=-2.605+1.056j | max=3.529+1.080j
26-17-03-06 梯度监控 | raw=215.4521 | per_param=6.4726 |  natural=0.0379 | clipped=0.0379(上限20.0)
26-17-03-06 原始规范坐标 G(Re Σrow_mean) = +32.6490 | 累计|g| = 16.3438
26-17-03-06 Ψ矩阵条件数 cond(Ψ) = 5.75e+01
26-17-03-06 Loss=-3.215697 | E0=-1.05113247 | E1=-0.95823211|E2=-0.66376701|E3=-0.54900360
26-17-03-06 #-----------------------------------------#
26-17-03-06 [Step 235] logΨ: mean=3.547-0.085j | min=-1.818-1.981j | max=3.676+1.190j
26-17-03-06 梯度监控 | raw=90.6664 | per_param=2.7238 |  natural=0.0309 | clipped=0.0309(上限20.0)
26-17-03-06 原始规范坐标 G(Re Σrow_mean) = +32.8964 | 累计|g| = 16.3438
26-17-03-06 Ψ矩阵条件数 cond(Ψ) = 6.09e+01
26-17-03-06 Loss=-3.220936 | E0=-1.04862039 | E1=-0.95815762|E2=-0.66381472|E3=-0.55731042
26-17-03-06 #-----------------------------------------#
26-17-03-06 [Step 236] logΨ: mean=4.015-0.176j | min=-1.343+1.252j | max=4.104+1.120j
26-17-03-06 梯度监控 | raw=94.1474 | per_param=2.8284 |  natural=0.0349 | clipped=0.0349(上限20.0)
26-17-03-06 原始规范坐标 G(Re Σrow_mean) = +33.3853 | 累计|g| = 16.3438
26-17-03-06 Ψ矩阵条件数 cond(Ψ) = 6.21e+01
26-17-03-06 Loss=-3.214494 | E0=-1.03018392 | E1=-0.95696947|E2=-0.66334653|E3=-0.56907478
26-17-03-06 #-----------------------------------------#
26-17-03-06 【Step 237 告警】梯度异常！nan=False, raw_grad_norm=243.61
26-17-03-06 [Step 237] logΨ: mean=3.975-0.411j | min=-0.597+1.115j | max=4.209+1.142j
26-17-03-06 梯度监控 | raw=243.6130 | per_param=7.3186 |  natural=0.0251 | clipped=0.0251(上限20.0)
26-17-03-06 原始规范坐标 G(Re Σrow_mean) = +33.3478 | 累计|g| = 16.3438
26-17-03-06 Ψ矩阵条件数 cond(Ψ) = 6.17e+01
26-17-03-06 Loss=-3.210734 | E0=-1.02139515 | E1=-0.95717630|E2=-0.66340244|E3=-0.55679030
26-17-03-06 #-----------------------------------------#
26-17-03-06 【Step 238 告警】梯度异常！nan=False, raw_grad_norm=138.67
26-17-03-06 [Step 238] logΨ: mean=1.903-1.199j | min=-3.955+0.516j | max=2.073+0.558j
26-17-03-06 梯度监控 | raw=138.6680 | per_param=4.1659 |  natural=0.2312 | clipped=0.2312(上限20.0)
26-17-03-06 原始规范坐标 G(Re Σrow_mean) = +31.3540 | 累计|g| = 16.3438
26-17-03-06 Ψ矩阵条件数 cond(Ψ) = 5.96e+01
26-17-03-06 Loss=-3.221283 | E0=-1.04467410 | E1=-0.95866963|E2=-0.66303500|E3=-0.55162863
26-17-03-06 #-----------------------------------------#
26-17-03-06 【Step 239 告警】梯度异常！nan=False, raw_grad_norm=228.05
26-17-03-06 [Step 239] logΨ: mean=2.460-2.022j | min=-3.149-2.983j | max=2.618+0.157j
26-17-03-06 梯度监控 | raw=228.0511 | per_param=6.8511 |  natural=0.0469 | clipped=0.0469(上限20.0)
26-17-03-06 原始规范坐标 G(Re Σrow_mean) = +31.8926 | 累计|g| = 16.3438
26-17-03-06 Ψ矩阵条件数 cond(Ψ) = 5.98e+01
26-17-03-06 Loss=-3.208341 | E0=-1.04915663 | E1=-0.95835341|E2=-0.66318493|E3=-0.54490908
26-17-03-06 #-----------------------------------------#
26-17-03-06 [保存] Step 239 → pickle 文件已更新 (240 条记录)
26-17-03-06 [GaugeReset@240] 吸收 Δg = Σ Re(col_mean) = +31.8926 | 新|g| = 16.4233
26-17-03-06 【Step 240 告警】梯度异常！nan=False, raw_grad_norm=157.93
26-17-03-06 [Step 240] logΨ: mean=3.040-0.414j | min=-2.682+2.763j | max=3.169+1.431j
26-17-03-06 梯度监控 | raw=157.9268 | per_param=4.7445 |  natural=0.0560 | clipped=0.0560(上限20.0)
26-17-03-06 原始规范坐标 G(Re Σrow_mean) = +32.5502 | 累计|g| = 16.4233
26-17-03-06 Ψ矩阵条件数 cond(Ψ) = 6.07e+01
26-17-03-06 Loss=-3.210926 | E0=-1.04175294 | E1=-0.95806412|E2=-0.66317680|E3=-0.55984581
26-17-03-06 #-----------------------------------------#
26-17-03-06 [Step 241] logΨ: mean=3.180+0.395j | min=-1.962+1.542j | max=3.263+1.495j
26-17-03-06 梯度监控 | raw=76.2447 | per_param=2.2905 |  natural=0.0133 | clipped=0.0133(上限20.0)
26-17-03-06 原始规范坐标 G(Re Σrow_mean) = +32.7066 | 累计|g| = 16.4233
26-17-03-06 Ψ矩阵条件数 cond(Ψ) = 6.03e+01
26-17-03-06 Loss=-3.211662 | E0=-1.04658978 | E1=-0.95827565|E2=-0.66355497|E3=-0.55168288
26-17-03-06 #-----------------------------------------#
26-17-03-06 【Step 242 告警】梯度异常！nan=False, raw_grad_norm=221.06
26-17-03-06 [Step 242] logΨ: mean=3.658+0.474j | min=-2.927+3.079j | max=3.822+1.432j
26-17-03-06 梯度监控 | raw=221.0627 | per_param=6.6412 |  natural=0.0289 | clipped=0.0289(上限20.0)
26-17-03-06 原始规范坐标 G(Re Σrow_mean) = +33.1887 | 累计|g| = 16.4233
26-17-03-06 Ψ矩阵条件数 cond(Ψ) = 6.29e+01
26-17-03-06 Loss=-3.209084 | E0=-1.04343034 | E1=-0.95781961|E2=-0.66353129|E3=-0.55265809
26-17-03-06 #-----------------------------------------#
26-17-03-06 [Step 243] logΨ: mean=3.983+0.346j | min=-3.471+2.179j | max=4.106+1.382j
26-17-03-06 梯度监控 | raw=62.2778 | per_param=1.8710 |  natural=0.0356 | clipped=0.0356(上限20.0)
26-17-03-06 原始规范坐标 G(Re Σrow_mean) = +33.4138 | 累计|g| = 16.4233
26-17-03-06 Ψ矩阵条件数 cond(Ψ) = 6.02e+01
26-17-03-06 Loss=-3.224331 | E0=-1.05952211 | E1=-0.95776742|E2=-0.66439174|E3=-0.55019867
26-17-03-06 #-----------------------------------------#
26-17-03-07 【Step 244 告警】梯度异常！nan=False, raw_grad_norm=198.84
26-17-03-07 [Step 244] logΨ: mean=4.435+0.402j | min=-0.597-1.045j | max=4.608+1.635j
26-17-03-07 梯度监控 | raw=198.8438 | per_param=5.9737 |  natural=0.0317 | clipped=0.0317(上限20.0)
26-17-03-07 原始规范坐标 G(Re Σrow_mean) = +33.8162 | 累计|g| = 16.4233
26-17-03-07 Ψ矩阵条件数 cond(Ψ) = 5.94e+01
26-17-03-07 Loss=-3.179627 | E0=-1.05405974 | E1=-0.95712420|E2=-0.66398083|E3=-0.55572470
26-17-03-07 #-----------------------------------------#
26-17-03-07 【Step 245 告警】梯度异常！nan=False, raw_grad_norm=164.65
26-17-03-07 [Step 245] logΨ: mean=4.486+0.224j | min=-1.702+2.232j | max=4.623+1.702j
26-17-03-07 梯度监控 | raw=164.6493 | per_param=4.9464 |  natural=0.0200 | clipped=0.0200(上限20.0)
26-17-03-07 原始规范坐标 G(Re Σrow_mean) = +33.8608 | 累计|g| = 16.4233
26-17-03-07 Ψ矩阵条件数 cond(Ψ) = 5.93e+01
26-17-03-07 Loss=-3.203797 | E0=-1.08142182 | E1=-0.95529527|E2=-0.66402588|E3=-0.56395095
26-17-03-07 #-----------------------------------------#
26-17-03-07 【Step 246 告警】梯度异常！nan=False, raw_grad_norm=161.81
26-17-03-07 [Step 246] logΨ: mean=4.476+0.190j | min=-1.194+1.742j | max=4.641+1.672j
26-17-03-07 梯度监控 | raw=161.8093 | per_param=4.8611 |  natural=0.0284 | clipped=0.0284(上限20.0)
26-17-03-07 原始规范坐标 G(Re Σrow_mean) = +33.8607 | 累计|g| = 16.4233
26-17-03-07 Ψ矩阵条件数 cond(Ψ) = 5.90e+01
26-17-03-07 Loss=-3.216047 | E0=-1.04646237 | E1=-0.95480151|E2=-0.66400495|E3=-0.55633033
26-17-03-07 #-----------------------------------------#
26-17-03-07 【Step 247 告警】梯度异常！nan=False, raw_grad_norm=181.31
26-17-03-07 [Step 247] logΨ: mean=4.516-0.393j | min=-1.736-0.426j | max=4.694+1.633j
26-17-03-07 梯度监控 | raw=181.3119 | per_param=5.4470 |  natural=0.0341 | clipped=0.0341(上限20.0)
26-17-03-07 原始规范坐标 G(Re Σrow_mean) = +33.8962 | 累计|g| = 16.4233
26-17-03-07 Ψ矩阵条件数 cond(Ψ) = 5.94e+01
26-17-03-07 Loss=-3.210932 | E0=-1.01592567 | E1=-0.95564119|E2=-0.66336973|E3=-0.57035125
26-17-03-07 #-----------------------------------------#
26-17-03-07 【Step 248 告警】梯度异常！nan=False, raw_grad_norm=146.68
26-17-03-07 [Step 248] logΨ: mean=4.625-0.048j | min=-1.024-1.627j | max=4.783+1.536j
26-17-03-07 梯度监控 | raw=146.6756 | per_param=4.4064 |  natural=0.0211 | clipped=0.0211(上限20.0)
26-17-03-07 原始规范坐标 G(Re Σrow_mean) = +34.0022 | 累计|g| = 16.4233
26-17-03-07 Ψ矩阵条件数 cond(Ψ) = 5.93e+01
26-17-03-07 Loss=-3.221692 | E0=-1.01360046 | E1=-0.95242810|E2=-0.66337384|E3=-0.48332190
26-17-03-07 #-----------------------------------------#
26-17-03-07 【Step 249 告警】梯度异常！nan=False, raw_grad_norm=143.70
26-17-03-07 [Step 249] logΨ: mean=4.674-0.063j | min=-0.558+0.286j | max=4.819+1.370j
26-17-03-07 梯度监控 | raw=143.7017 | per_param=4.3171 |  natural=0.0430 | clipped=0.0430(上限20.0)
26-17-03-07 原始规范坐标 G(Re Σrow_mean) = +34.0263 | 累计|g| = 16.4233
26-17-03-07 Ψ矩阵条件数 cond(Ψ) = 5.81e+01
26-17-03-07 Loss=-3.174915 | E0=-1.04184264 | E1=-0.95112572|E2=-0.66402148|E3=-0.55330991
26-17-03-07 #-----------------------------------------#
26-17-03-07 [GaugeReset@250] 吸收 Δg = Σ Re(col_mean) = +34.0263 | 新|g| = 17.4353
26-17-03-07 【Step 250 告警】梯度异常！nan=False, raw_grad_norm=154.47
26-17-03-07 [Step 250] logΨ: mean=2.639-0.263j | min=-3.370+1.294j | max=2.809+1.468j
26-17-03-07 梯度监控 | raw=154.4746 | per_param=4.6407 |  natural=0.0367 | clipped=0.0367(上限20.0)
26-17-03-07 原始规范坐标 G(Re Σrow_mean) = +34.1530 | 累计|g| = 17.4353
26-17-03-07 Ψ矩阵条件数 cond(Ψ) = 6.54e+01
26-17-03-07 Loss=-3.235914 | E0=-1.02732171 | E1=-0.94471949|E2=-0.66424401|E3=-0.58002055
26-17-03-07 #-----------------------------------------#
26-17-03-07 [Step 251] logΨ: mean=2.855-0.314j | min=-2.592-1.455j | max=2.955+1.561j
26-17-03-07 梯度监控 | raw=60.5711 | per_param=1.8197 |  natural=0.0358 | clipped=0.0358(上限20.0)
26-17-03-07 原始规范坐标 G(Re Σrow_mean) = +34.3674 | 累计|g| = 17.4353
26-17-03-07 Ψ矩阵条件数 cond(Ψ) = 6.39e+01
26-17-03-07 Loss=-3.244100 | E0=-1.04811788 | E1=-0.95816220|E2=-0.66291518|E3=-0.43564227
26-17-03-07 #-----------------------------------------#
