26-28-13-37 
============================================================
26-28-13-37 开始多链 NES-VMC 训练 | P8: 双侧一致列规范 + 周期性 gauge reset
26-28-13-37 超参数配置:
N_CHAINS =16
N_SAMPLES_PER_CHAIN =200
SWEEP_SIZE = 20
N_ITER = 300
Natural_Grad = True
clip_norm = 20.0
per_param_clip = 0.5
lr = 0.1
qgt_diag_shift = 0.1
RESET_PERIOD = 10
SAVE_INTERVAL = 20
26-28-13-37 ============================================================
26-28-13-37 精确CAS基准：基态=-1.05434745 Ha | 1激发=-0.95790573 Ha|2激发=-0.66895227 Ha|3激发=-0.55140192 Ha|
26-28-13-37 理论 Loss 上限：-3.23260738 
26-28-13-37 超参：clip_norm=20.0, per_param_clip=0.5, lr=0.1, QGT diag_shift=0.1, RESET_PERIOD=10
26-28-13-38 [Step   0] logΨ: mean=0.622-0.137j | min=-1.566+0.230j | max=1.204+2.181j
26-28-13-38 梯度监控 | raw=1.9865 | per_param=0.0719 |  natural=0.7921 | clipped=0.7921(上限20.0)
26-28-13-38 原始规范坐标 G(Re Σrow_mean) = -0.3168 | 累计|g| = 0.0000
26-28-13-38 Ψ矩阵条件数 cond(Ψ) = 8.76e+00
26-28-13-38 Loss=-0.687549 | E0=-0.65644238+0.00928192j | E1=-0.40155272-0.00017989j|E2=-0.13863875-0.00805518j|E3=0.50908487+0.00011387j
26-28-13-38 #-----------------------------------------#
26-28-13-38 [Step   1] logΨ: mean=1.006-0.253j | min=-1.442-3.119j | max=1.634+2.136j
26-28-13-38 梯度监控 | raw=2.0263 | per_param=0.0733 |  natural=0.8107 | clipped=0.8107(上限20.0)
26-28-13-38 原始规范坐标 G(Re Σrow_mean) = +0.0160 | 累计|g| = 0.0000
26-28-13-38 Ψ矩阵条件数 cond(Ψ) = 9.11e+00
26-28-13-38 Loss=-0.819549 | E0=-0.68272580-0.00110897j | E1=-0.45225945+0.00558003j|E2=-0.16585774-0.00202299j|E3=0.48129363-0.00016578j
26-28-13-38 #-----------------------------------------#
26-28-13-38 [Step   2] logΨ: mean=1.406-0.171j | min=-0.988-1.257j | max=2.061+2.131j
26-28-13-38 梯度监控 | raw=1.7788 | per_param=0.0644 |  natural=0.7847 | clipped=0.7847(上限20.0)
26-28-13-38 原始规范坐标 G(Re Σrow_mean) = +0.3454 | 累计|g| = 0.0000
26-28-13-38 Ψ矩阵条件数 cond(Ψ) = 1.00e+01
26-28-13-38 Loss=-1.002272 | E0=-0.71207310-0.00048721j | E1=-0.51106098+0.00582323j|E2=-0.21630813-0.00419767j|E3=0.43716995+0.00002941j
26-28-13-38 #-----------------------------------------#
26-28-13-38 [Step   3] logΨ: mean=1.840-0.194j | min=-0.416-0.108j | max=2.541+2.087j
26-28-13-38 梯度监控 | raw=1.6357 | per_param=0.0592 |  natural=0.7957 | clipped=0.7957(上限20.0)
26-28-13-38 原始规范坐标 G(Re Σrow_mean) = +0.7032 | 累计|g| = 0.0000
26-28-13-38 Ψ矩阵条件数 cond(Ψ) = 9.19e+00
26-28-13-38 Loss=-1.186964 | E0=-0.74614817+0.00339140j | E1=-0.56513400-0.00118010j|E2=-0.26901984-0.00681530j|E3=0.39333762+0.00160707j
26-28-13-38 #-----------------------------------------#
26-28-13-38 [Step   4] logΨ: mean=2.299-0.049j | min=-0.521+0.159j | max=3.022+2.042j
26-28-13-38 梯度监控 | raw=1.6192 | per_param=0.0586 |  natural=0.7920 | clipped=0.7920(上限20.0)
26-28-13-38 原始规范坐标 G(Re Σrow_mean) = +1.0885 | 累计|g| = 0.0000
26-28-13-38 Ψ矩阵条件数 cond(Ψ) = 9.30e+00
26-28-13-38 Loss=-1.366681 | E0=-0.77932370+0.00546690j | E1=-0.61507021-0.00487009j|E2=-0.32202585-0.00671148j|E3=0.34973923+0.00181595j
26-28-13-38 #-----------------------------------------#
26-28-13-38 [Step   5] logΨ: mean=2.746-0.057j | min=0.328-2.528j | max=3.485+1.998j
26-28-13-38 梯度监控 | raw=1.3899 | per_param=0.0503 |  natural=0.7696 | clipped=0.7696(上限20.0)
26-28-13-38 原始规范坐标 G(Re Σrow_mean) = +1.4699 | 累计|g| = 0.0000
26-28-13-38 Ψ矩阵条件数 cond(Ψ) = 6.86e+00
26-28-13-38 Loss=-1.481709 | E0=-0.82024836-0.00039065j | E1=-0.64901563-0.00858848j|E2=-0.35058489+0.00350876j|E3=0.33813951+0.00156088j
26-28-13-38 #-----------------------------------------#
26-28-13-38 [Step   6] logΨ: mean=3.176-0.059j | min=0.514-2.588j | max=3.934+1.955j
26-28-13-38 梯度监控 | raw=1.3489 | per_param=0.0488 |  natural=0.7404 | clipped=0.7404(上限20.0)
26-28-13-38 原始规范坐标 G(Re Σrow_mean) = +1.8549 | 累计|g| = 0.0000
26-28-13-38 Ψ矩阵条件数 cond(Ψ) = 8.85e+00
26-28-13-38 Loss=-1.590291 | E0=-0.84952917+0.00327589j | E1=-0.67715082-0.00437685j|E2=-0.37661078-0.00103522j|E3=0.31299939+0.00218253j
26-28-13-38 #-----------------------------------------#
26-28-13-38 [Step   7] logΨ: mean=3.671+0.018j | min=0.672+0.512j | max=4.387+1.914j
26-28-13-38 梯度监控 | raw=1.4266 | per_param=0.0516 |  natural=0.7234 | clipped=0.7234(上限20.0)
26-28-13-38 原始规范坐标 G(Re Σrow_mean) = +2.2687 | 累计|g| = 0.0000
26-28-13-38 Ψ矩阵条件数 cond(Ψ) = 1.07e+01
26-28-13-38 Loss=-1.743837 | E0=-0.88880824+0.00018435j | E1=-0.70655636+0.00468398j|E2=-0.41540504-0.00095786j|E3=0.26693304-0.00084719j
26-28-13-38 #-----------------------------------------#
26-28-13-38 [Step   8] logΨ: mean=4.119+0.130j | min=1.396+2.124j | max=4.828+2.213j
26-28-13-38 梯度监控 | raw=1.2729 | per_param=0.0461 |  natural=0.6784 | clipped=0.6784(上限20.0)
26-28-13-38 原始规范坐标 G(Re Σrow_mean) = +2.6541 | 累计|g| = 0.0000
26-28-13-38 Ψ矩阵条件数 cond(Ψ) = 8.50e+00
26-28-13-38 Loss=-1.826002 | E0=-0.91152866+0.00128860j | E1=-0.73238148+0.00396306j|E2=-0.42960605-0.00003421j|E3=0.24751424-0.00030346j
26-28-13-38 #-----------------------------------------#
26-28-13-38 [Step   9] logΨ: mean=4.632+0.063j | min=0.993+0.441j | max=5.320+2.047j
26-28-13-38 梯度监控 | raw=1.2407 | per_param=0.0449 |  natural=0.6599 | clipped=0.6599(上限20.0)
26-28-13-38 原始规范坐标 G(Re Σrow_mean) = +3.0749 | 累计|g| = 0.0000
26-28-13-38 Ψ矩阵条件数 cond(Ψ) = 8.95e+00
26-28-13-38 Loss=-1.968015 | E0=-0.92982307+0.00365838j | E1=-0.76114568-0.00212805j|E2=-0.47076011-0.00099422j|E3=0.19371371-0.00325615j
26-28-13-38 #-----------------------------------------#
26-28-13-38 [GaugeReset@10] 吸收 Δg = Σ Re(col_mean) = +3.0749 | 新|g| = 2.1026
26-28-13-38 [Step  10] logΨ: mean=1.981+0.085j | min=-1.248+2.870j | max=2.766+0.208j
26-28-13-38 梯度监控 | raw=1.3087 | per_param=0.0473 |  natural=0.6222 | clipped=0.6222(上限20.0)
26-28-13-38 原始规范坐标 G(Re Σrow_mean) = +3.4515 | 累计|g| = 2.1026
26-28-13-38 Ψ矩阵条件数 cond(Ψ) = 8.24e+00
26-28-13-38 Loss=-2.023338 | E0=-0.94942941-0.00133782j | E1=-0.77033935+0.00320145j|E2=-0.49303701+0.00150584j|E3=0.18946779-0.00034197j
26-28-13-38 #-----------------------------------------#
26-28-13-38 [Step  11] logΨ: mean=2.490+0.191j | min=-0.898+0.291j | max=3.278+0.174j
26-28-13-38 梯度监控 | raw=1.2399 | per_param=0.0449 |  natural=0.5932 | clipped=0.5932(上限20.0)
26-28-13-38 原始规范坐标 G(Re Σrow_mean) = +3.8517 | 累计|g| = 2.1026
26-28-13-38 Ψ矩阵条件数 cond(Ψ) = 3.76e+01
26-28-13-38 Loss=-2.131794 | E0=-0.96480531-0.00054041j | E1=-0.80232990+0.00153050j|E2=-0.51093414+0.00079554j|E3=0.14627519-0.00376328j
26-28-13-38 #-----------------------------------------#
26-28-13-38 [Step  12] logΨ: mean=2.951+0.114j | min=-0.978-1.300j | max=3.774+0.141j
26-28-13-38 梯度监控 | raw=1.2868 | per_param=0.0466 |  natural=0.5556 | clipped=0.5556(上限20.0)
26-28-13-38 原始规范坐标 G(Re Σrow_mean) = +4.2428 | 累计|g| = 2.1026
26-28-13-38 Ψ矩阵条件数 cond(Ψ) = 1.08e+01
26-28-13-38 Loss=-2.219965 | E0=-0.98259389+0.00281464j | E1=-0.81665410+0.00398517j|E2=-0.53188182-0.00267558j|E3=0.11116439-0.00236230j
26-28-13-38 #-----------------------------------------#
26-28-13-38 [Step  13] logΨ: mean=3.457-0.016j | min=-0.112+0.673j | max=4.301+0.118j
26-28-13-38 梯度监控 | raw=1.3673 | per_param=0.0495 |  natural=0.5559 | clipped=0.5559(上限20.0)
26-28-13-38 原始规范坐标 G(Re Σrow_mean) = +4.6428 | 累计|g| = 2.1026
26-28-13-38 Ψ矩阵条件数 cond(Ψ) = 1.02e+01
26-28-13-38 Loss=-2.292134 | E0=-0.99265002+0.00040472j | E1=-0.84161028+0.00680603j|E2=-0.53777945-0.00033129j|E3=0.07990547-0.00398456j
26-28-13-38 #-----------------------------------------#
26-28-13-38 [Step  14] logΨ: mean=3.948+0.065j | min=0.587+2.237j | max=4.840+0.105j
26-28-13-38 梯度监控 | raw=1.4066 | per_param=0.0509 |  natural=0.5423 | clipped=0.5423(上限20.0)
26-28-13-38 原始规范坐标 G(Re Σrow_mean) = +5.0571 | 累计|g| = 2.1026
26-28-13-38 Ψ矩阵条件数 cond(Ψ) = 1.16e+01
26-28-13-38 Loss=-2.333085 | E0=-0.99862131-0.00077437j | E1=-0.84097304-0.00293389j|E2=-0.54347952+0.00608051j|E3=0.04998902-0.00370404j
26-28-13-38 #-----------------------------------------#
26-28-13-38 [Step  15] logΨ: mean=4.441-0.062j | min=0.363+0.759j | max=5.315+0.092j
26-28-13-38 梯度监控 | raw=1.4616 | per_param=0.0529 |  natural=0.4873 | clipped=0.4873(上限20.0)
26-28-13-38 原始规范坐标 G(Re Σrow_mean) = +5.4377 | 累计|g| = 2.1026
26-28-13-38 Ψ矩阵条件数 cond(Ψ) = 1.20e+01
26-28-13-38 Loss=-2.422282 | E0=-1.00869269+0.00100289j | E1=-0.86393535-0.00354455j|E2=-0.56320046+0.00235789j|E3=0.01354639+0.00059257j
26-28-13-38 #-----------------------------------------#
26-28-13-38 [Step  16] logΨ: mean=4.965-0.092j | min=0.492-1.208j | max=5.855+0.097j
26-28-13-38 梯度监控 | raw=1.5974 | per_param=0.0578 |  natural=0.4965 | clipped=0.4965(上限20.0)
26-28-13-38 原始规范坐标 G(Re Σrow_mean) = +5.8656 | 累计|g| = 2.1026
26-28-13-38 Ψ矩阵条件数 cond(Ψ) = 1.14e+01
26-28-13-38 Loss=-2.490359 | E0=-1.01624787+0.00009885j | E1=-0.87478753+0.00663551j|E2=-0.56822274-0.00123002j|E3=-0.03110037-0.00046204j
26-28-13-38 #-----------------------------------------#
26-28-13-38 [Step  17] logΨ: mean=5.396-0.185j | min=1.895+1.808j | max=6.258+0.083j
26-28-13-38 梯度监控 | raw=1.5240 | per_param=0.0551 |  natural=0.4052 | clipped=0.4052(上限20.0)
26-28-13-38 原始规范坐标 G(Re Σrow_mean) = +6.1832 | 累计|g| = 2.1026
26-28-13-38 Ψ矩阵条件数 cond(Ψ) = 8.79e+00
26-28-13-38 Loss=-2.560001 | E0=-1.02327979+0.00138753j | E1=-0.89165840+0.00535681j|E2=-0.58305193+0.00001394j|E3=-0.06201071-0.00443885j
26-28-13-38 #-----------------------------------------#
26-28-13-38 [Step  18] logΨ: mean=5.888-0.446j | min=1.713+2.759j | max=6.741+0.108j
26-28-13-38 梯度监控 | raw=1.7322 | per_param=0.0627 |  natural=0.4318 | clipped=0.4318(上限20.0)
26-28-13-38 原始规范坐标 G(Re Σrow_mean) = +6.5529 | 累计|g| = 2.1026
26-28-13-38 Ψ矩阵条件数 cond(Ψ) = 1.66e+01
26-28-13-38 Loss=-2.610138 | E0=-1.02297276+0.00106002j | E1=-0.90243659-0.00196221j|E2=-0.58852448+0.00144014j|E3=-0.09620389+0.00408655j
26-28-13-38 #-----------------------------------------#
26-28-13-38 [Step  19] logΨ: mean=6.456-0.572j | min=1.770-1.312j | max=7.278+0.142j
26-28-13-38 梯度监控 | raw=1.7886 | per_param=0.0647 |  natural=0.4301 | clipped=0.4301(上限20.0)
26-28-13-38 原始规范坐标 G(Re Σrow_mean) = +6.9760 | 累计|g| = 2.1026
26-28-13-38 Ψ矩阵条件数 cond(Ψ) = 1.78e+01
26-28-13-38 Loss=-2.663619 | E0=-1.03222790-0.00138107j | E1=-0.90560529+0.00205017j|E2=-0.59139697+0.00233062j|E3=-0.13438883-0.00362935j
26-28-13-38 #-----------------------------------------#
26-28-13-38 [保存] Step 19 → pickle 文件已更新 (20 条记录)
26-28-13-38 [GaugeReset@20] 吸收 Δg = Σ Re(col_mean) = +6.9760 | 新|g| = 3.8854
26-28-13-38 [Step  20] logΨ: mean=3.015+0.857j | min=-1.172+2.525j | max=3.869+2.724j
26-28-13-38 梯度监控 | raw=1.8407 | per_param=0.0666 |  natural=0.3904 | clipped=0.3904(上限20.0)
26-28-13-38 原始规范坐标 G(Re Σrow_mean) = +7.3329 | 累计|g| = 3.8854
26-28-13-38 Ψ矩阵条件数 cond(Ψ) = 9.47e+00
26-28-13-38 Loss=-2.687478 | E0=-1.03027083+0.00078875j | E1=-0.90973992+0.00115282j|E2=-0.59350255+0.00062338j|E3=-0.15396442-0.00284925j
26-28-13-38 #-----------------------------------------#
26-28-13-38 [Step  21] logΨ: mean=3.502+0.788j | min=-0.928-1.528j | max=4.329+2.760j
26-28-13-38 梯度监控 | raw=1.9098 | per_param=0.0691 |  natural=0.3534 | clipped=0.3534(上限20.0)
26-28-13-38 原始规范坐标 G(Re Σrow_mean) = +7.6723 | 累计|g| = 3.8854
26-28-13-38 Ψ矩阵条件数 cond(Ψ) = 1.12e+01
26-28-13-38 Loss=-2.734300 | E0=-1.03572378-0.00040761j | E1=-0.91742883+0.00603860j|E2=-0.59694487-0.00361580j|E3=-0.18420249-0.00186932j
26-28-13-38 #-----------------------------------------#
26-28-13-38 [Step  22] logΨ: mean=3.946+0.753j | min=-0.590+0.434j | max=4.742+2.797j
26-28-13-38 梯度监控 | raw=1.9260 | per_param=0.0697 |  natural=0.3243 | clipped=0.3243(上限20.0)
26-28-13-38 原始规范坐标 G(Re Σrow_mean) = +7.9793 | 累计|g| = 3.8854
26-28-13-38 Ψ矩阵条件数 cond(Ψ) = 2.33e+01
26-28-13-38 Loss=-2.780543 | E0=-1.03857890+0.00229281j | E1=-0.92372047+0.00442681j|E2=-0.60361035-0.00298898j|E3=-0.21463303-0.00090121j
26-28-13-38 #-----------------------------------------#
26-28-13-38 [Step  23] logΨ: mean=4.443+1.036j | min=-0.940-0.871j | max=5.186+2.871j
26-28-13-38 梯度监控 | raw=2.0466 | per_param=0.0740 |  natural=0.3166 | clipped=0.3166(上限20.0)
26-28-13-38 原始规范坐标 G(Re Σrow_mean) = +8.3238 | 累计|g| = 3.8854
26-28-13-38 Ψ矩阵条件数 cond(Ψ) = 1.18e+01
26-28-13-38 Loss=-2.829747 | E0=-1.03815603+0.00117375j | E1=-0.92752267+0.00298729j|E2=-0.60761154-0.00249910j|E3=-0.25645682+0.00034706j
26-28-13-38 #-----------------------------------------#
26-28-13-38 [Step  24] logΨ: mean=4.948+1.134j | min=1.083-0.332j | max=5.594+2.916j
26-28-13-38 梯度监控 | raw=1.8979 | per_param=0.0687 |  natural=0.2836 | clipped=0.2836(上限20.0)
26-28-13-38 原始规范坐标 G(Re Σrow_mean) = +8.6623 | 累计|g| = 3.8854
26-28-13-38 Ψ矩阵条件数 cond(Ψ) = 1.57e+01
26-28-13-38 Loss=-2.895445 | E0=-1.04473998-0.00090957j | E1=-0.93403840+0.00032829j|E2=-0.61588137-0.00163332j|E3=-0.30078528+0.00142454j
26-28-13-38 #-----------------------------------------#
26-28-13-38 [Step  25] logΨ: mean=5.270+1.048j | min=0.296-1.728j | max=5.987+2.962j
26-28-13-38 梯度监控 | raw=2.2625 | per_param=0.0819 |  natural=0.2674 | clipped=0.2674(上限20.0)
26-28-13-38 原始规范坐标 G(Re Σrow_mean) = +8.9038 | 累计|g| = 3.8854
26-28-13-38 Ψ矩阵条件数 cond(Ψ) = 1.25e+01
26-28-13-38 Loss=-2.877405 | E0=-1.04349725+0.00069303j | E1=-0.93171318-0.00279797j|E2=-0.61254781+0.00212407j|E3=-0.28964718-0.00239126j
26-28-13-38 #-----------------------------------------#
26-28-13-38 [Step  26] logΨ: mean=5.841+1.123j | min=1.009+0.875j | max=6.420+3.011j
26-28-13-38 梯度监控 | raw=1.9933 | per_param=0.0721 |  natural=0.2611 | clipped=0.2611(上限20.0)
26-28-13-38 原始规范坐标 G(Re Σrow_mean) = +9.2843 | 累计|g| = 3.8854
26-28-13-38 Ψ矩阵条件数 cond(Ψ) = 1.27e+01
26-28-13-38 Loss=-2.956576 | E0=-1.04324258-0.00140621j | E1=-0.93519253-0.00187071j|E2=-0.61609714-0.00172027j|E3=-0.36204374+0.00273034j
26-28-13-38 #-----------------------------------------#
26-28-13-38 [Step  27] logΨ: mean=6.468-1.013j | min=1.288-0.879j | max=7.058+0.030j
26-28-13-38 梯度监控 | raw=2.0780 | per_param=0.0752 |  natural=0.3350 | clipped=0.3350(上限20.0)
26-28-13-38 原始规范坐标 G(Re Σrow_mean) = +9.7715 | 累计|g| = 3.8854
26-28-13-38 Ψ矩阵条件数 cond(Ψ) = 1.31e+01
26-28-13-38 Loss=-2.962287 | E0=-1.04360151+0.00053375j | E1=-0.93818432-0.00098588j|E2=-0.62051238-0.00106214j|E3=-0.35998902+0.00225474j
26-28-13-38 #-----------------------------------------#
26-28-13-38 [Step  28] logΨ: mean=7.084-1.210j | min=2.690-1.884j | max=7.581+0.215j
26-28-13-38 梯度监控 | raw=1.8271 | per_param=0.0661 |  natural=0.2725 | clipped=0.2725(上限20.0)
26-28-13-38 原始规范坐标 G(Re Σrow_mean) = +10.1939 | 累计|g| = 3.8854
26-28-13-38 Ψ矩阵条件数 cond(Ψ) = 1.60e+01
26-28-13-38 Loss=-3.005459 | E0=-1.04318196+0.00033024j | E1=-0.94181886-0.00348552j|E2=-0.62865286-0.00001788j|E3=-0.39180512+0.00466323j
26-28-13-38 #-----------------------------------------#
26-28-13-38 [Step  29] logΨ: mean=7.237-1.016j | min=2.903+2.940j | max=7.705+0.218j
26-28-13-38 梯度监控 | raw=1.7178 | per_param=0.0621 |  natural=0.2307 | clipped=0.2307(上限20.0)
26-28-13-38 原始规范坐标 G(Re Σrow_mean) = +10.2231 | 累计|g| = 3.8854
26-28-13-38 Ψ矩阵条件数 cond(Ψ) = 1.45e+01
26-28-13-38 Loss=-3.027924 | E0=-1.04796236+0.00001946j | E1=-0.94515832+0.00022809j|E2=-0.63440603-0.00014263j|E3=-0.40039688+0.00036814j
26-28-13-38 #-----------------------------------------#
26-28-13-38 [GaugeReset@30] 吸收 Δg = Σ Re(col_mean) = +10.2231 | 新|g| = 5.6108
26-28-13-38 [Step  30] logΨ: mean=4.477+0.847j | min=-0.846+0.636j | max=4.940+2.422j
26-28-13-38 梯度监控 | raw=1.6939 | per_param=0.0613 |  natural=0.2375 | clipped=0.2375(上限20.0)
26-28-13-38 原始规范坐标 G(Re Σrow_mean) = +10.6022 | 累计|g| = 5.6108
26-28-13-38 Ψ矩阵条件数 cond(Ψ) = 1.49e+01
26-28-13-38 Loss=-3.041953 | E0=-1.04784395-0.00103864j | E1=-0.94285786+0.00144310j|E2=-0.63224748-0.00068297j|E3=-0.41900348-0.00228547j
26-28-13-38 #-----------------------------------------#
26-28-13-38 [Step  31] logΨ: mean=5.003+1.164j | min=0.533-0.665j | max=5.340+2.625j
26-28-13-38 梯度监控 | raw=1.4157 | per_param=0.0512 |  natural=0.2185 | clipped=0.2185(上限20.0)
26-28-13-38 原始规范坐标 G(Re Σrow_mean) = +10.9332 | 累计|g| = 5.6108
26-28-13-38 Ψ矩阵条件数 cond(Ψ) = 4.02e+01
26-28-13-38 Loss=-3.088798 | E0=-1.04519124-0.00149943j | E1=-0.94637438-0.00077812j|E2=-0.63916224+0.00154864j|E3=-0.45807004+0.00394542j
26-28-13-38 #-----------------------------------------#
26-28-13-38 [Step  32] logΨ: mean=5.645+1.583j | min=-0.204+0.329j | max=6.081+3.105j
26-28-13-38 梯度监控 | raw=1.5721 | per_param=0.0569 |  natural=0.2694 | clipped=0.2694(上限20.0)
26-28-13-38 原始规范坐标 G(Re Σrow_mean) = +11.4976 | 累计|g| = 5.6108
26-28-13-38 Ψ矩阵条件数 cond(Ψ) = 1.27e+01
26-28-13-38 Loss=-3.067239 | E0=-1.04548116-0.00117826j | E1=-0.94606716+0.00191479j|E2=-0.63419112-0.00127818j|E3=-0.44149972+0.00241093j
26-28-13-38 #-----------------------------------------#
26-28-13-38 [Step  33] logΨ: mean=6.618-1.005j | min=-0.036+0.661j | max=6.954+0.557j
26-28-13-38 梯度监控 | raw=1.3537 | per_param=0.0490 |  natural=0.2363 | clipped=0.2363(上限20.0)
26-28-13-38 原始规范坐标 G(Re Σrow_mean) = +12.3006 | 累计|g| = 5.6108
26-28-13-38 Ψ矩阵条件数 cond(Ψ) = 1.53e+01
26-28-13-38 Loss=-3.100406 | E0=-1.04573713-0.00057721j | E1=-0.94685882+0.00001662j|E2=-0.63805850-0.00035191j|E3=-0.46975173+0.00277312j
26-28-13-38 #-----------------------------------------#
26-28-13-38 [Step  34] logΨ: mean=7.493+0.385j | min=3.177-2.081j | max=7.795+1.665j
26-28-13-38 梯度监控 | raw=1.0896 | per_param=0.0394 |  natural=0.1865 | clipped=0.1865(上限20.0)
26-28-13-38 原始规范坐标 G(Re Σrow_mean) = +13.0537 | 累计|g| = 5.6108
26-28-13-38 Ψ矩阵条件数 cond(Ψ) = 1.96e+01
26-28-13-38 Loss=-3.115104 | E0=-1.04807730-0.00173135j | E1=-0.94989046-0.00036377j|E2=-0.64387630-0.00105478j|E3=-0.47325978-0.00101314j
26-28-13-38 #-----------------------------------------#
26-28-13-38 [Step  35] logΨ: mean=7.871-0.253j | min=3.710-1.676j | max=8.145+1.446j
26-28-13-38 梯度监控 | raw=1.1683 | per_param=0.0423 |  natural=0.1543 | clipped=0.1543(上限20.0)
26-28-13-38 原始规范坐标 G(Re Σrow_mean) = +13.3597 | 累计|g| = 5.6108
26-28-13-38 Ψ矩阵条件数 cond(Ψ) = 1.95e+01
26-28-13-38 Loss=-3.120940 | E0=-1.04757074-0.00085737j | E1=-0.95015567-0.00138553j|E2=-0.64485293+0.00010489j|E3=-0.47836092-0.00033418j
26-28-13-38 #-----------------------------------------#
26-28-13-38 [Step  36] logΨ: mean=8.079-0.434j | min=2.340+0.315j | max=8.353+1.167j
26-28-13-38 梯度监控 | raw=0.9032 | per_param=0.0327 |  natural=0.1674 | clipped=0.1674(上限20.0)
26-28-13-38 原始规范坐标 G(Re Σrow_mean) = +13.4896 | 累计|g| = 5.6108
26-28-13-38 Ψ矩阵条件数 cond(Ψ) = 4.49e+01
26-28-13-38 Loss=-3.130024 | E0=-1.04845659-0.00089043j | E1=-0.95047438+0.00154939j|E2=-0.64495954-0.00119874j|E3=-0.48613365-0.00069655j
26-28-13-38 #-----------------------------------------#
26-28-13-38 [Step  37] logΨ: mean=7.834-0.680j | min=2.447-1.934j | max=8.131+0.337j
26-28-13-38 梯度监控 | raw=1.1122 | per_param=0.0402 |  natural=0.2040 | clipped=0.2040(上限20.0)
26-28-13-38 原始规范坐标 G(Re Σrow_mean) = +13.1398 | 累计|g| = 5.6108
26-28-13-38 Ψ矩阵条件数 cond(Ψ) = 2.38e+01
26-28-13-38 Loss=-3.124222 | E0=-1.04865911-0.00154638j | E1=-0.94792297-0.00076197j|E2=-0.64274530-0.00058564j|E3=-0.48489471-0.00101522j
26-28-13-38 #-----------------------------------------#
26-28-13-38 [Step  38] logΨ: mean=7.027+0.679j | min=2.522+2.921j | max=7.229+3.019j
26-28-13-38 梯度监控 | raw=0.7486 | per_param=0.0271 |  natural=0.2041 | clipped=0.2041(上限20.0)
26-28-13-38 原始规范坐标 G(Re Σrow_mean) = +12.2179 | 累计|g| = 5.6108
26-28-13-38 Ψ矩阵条件数 cond(Ψ) = 2.01e+01
26-28-13-38 Loss=-3.148478 | E0=-1.04564695+0.00048352j | E1=-0.95117240+0.00033158j|E2=-0.64900627-0.00071972j|E3=-0.50265285+0.00104285j
26-28-13-38 #-----------------------------------------#
26-28-13-38 [Step  39] logΨ: mean=6.264-1.286j | min=-0.138+1.185j | max=6.477+0.321j
26-28-13-38 梯度监控 | raw=0.8295 | per_param=0.0300 |  natural=0.2181 | clipped=0.2181(上限20.0)
26-28-13-38 原始规范坐标 G(Re Σrow_mean) = +11.3660 | 累计|g| = 5.6108
26-28-13-38 Ψ矩阵条件数 cond(Ψ) = 2.55e+01
26-28-13-38 Loss=-3.150238 | E0=-1.04566543+0.00076251j | E1=-0.95024490+0.00070754j|E2=-0.64918738+0.00149325j|E3=-0.50514026+0.00159603j
26-28-13-38 #-----------------------------------------#
26-28-13-38 [保存] Step 39 → pickle 文件已更新 (40 条记录)
26-28-13-38 [GaugeReset@40] 吸收 Δg = Σ Re(col_mean) = +11.3660 | 新|g| = 7.2337
26-28-13-38 [Step  40] logΨ: mean=4.660+0.258j | min=-0.082-1.541j | max=4.835+1.877j
26-28-13-38 梯度监控 | raw=0.7087 | per_param=0.0256 |  natural=0.1555 | clipped=0.1555(上限20.0)
26-28-13-38 原始规范坐标 G(Re Σrow_mean) = +10.8078 | 累计|g| = 7.2337
26-28-13-38 Ψ矩阵条件数 cond(Ψ) = 2.87e+01
26-28-13-38 Loss=-3.161470 | E0=-1.04781261-0.00108966j | E1=-0.95020584-0.00047072j|E2=-0.64984449-0.00020304j|E3=-0.51360693-0.00057909j
26-28-13-38 #-----------------------------------------#
26-28-13-38 [Step  41] logΨ: mean=4.835+0.194j | min=0.471+0.600j | max=5.049+1.923j
26-28-13-38 梯度监控 | raw=0.7408 | per_param=0.0268 |  natural=0.1860 | clipped=0.1860(上限20.0)
26-28-13-38 原始规范坐标 G(Re Σrow_mean) = +10.9704 | 累计|g| = 7.2337
26-28-13-38 Ψ矩阵条件数 cond(Ψ) = 2.63e+01
26-28-13-38 Loss=-3.153813 | E0=-1.04577114+0.00033315j | E1=-0.95196228+0.00054368j|E2=-0.65022886-0.00075080j|E3=-0.50585120+0.00104877j
26-28-13-38 #-----------------------------------------#
26-28-13-38 [Step  42] logΨ: mean=4.392+0.864j | min=-1.531+2.328j | max=4.641+2.061j
26-28-13-38 梯度监控 | raw=0.9695 | per_param=0.0351 |  natural=0.1983 | clipped=0.1983(上限20.0)
26-28-13-38 原始规范坐标 G(Re Σrow_mean) = +10.4550 | 累计|g| = 7.2337
26-28-13-38 Ψ矩阵条件数 cond(Ψ) = 3.15e+01
26-28-13-38 Loss=-3.152349 | E0=-1.04647124+0.00093315j | E1=-0.94761313+0.00217474j|E2=-0.65148596+0.00054220j|E3=-0.50677821+0.00064917j
26-28-13-38 #-----------------------------------------#
26-28-13-38 [Step  43] logΨ: mean=4.722+0.243j | min=0.124-1.455j | max=4.834+2.156j
26-28-13-38 梯度监控 | raw=0.3406 | per_param=0.0123 |  natural=0.1210 | clipped=0.1210(上限20.0)
26-28-13-38 原始规范坐标 G(Re Σrow_mean) = +10.7260 | 累计|g| = 7.2337
26-28-13-38 Ψ矩阵条件数 cond(Ψ) = 3.14e+01
26-28-13-38 Loss=-3.176150 | E0=-1.04768026-0.00094755j | E1=-0.95203085+0.00003555j|E2=-0.65433589+0.00059460j|E3=-0.52210336+0.00001395j
26-28-13-38 #-----------------------------------------#
26-28-13-38 [Step  44] logΨ: mean=4.808+0.350j | min=-0.141+1.980j | max=4.923+2.255j
26-28-13-38 梯度监控 | raw=0.3850 | per_param=0.0139 |  natural=0.0933 | clipped=0.0933(上限20.0)
26-28-13-38 原始规范坐标 G(Re Σrow_mean) = +10.8054 | 累计|g| = 7.2337
26-28-13-38 Ψ矩阵条件数 cond(Ψ) = 3.14e+01
26-28-13-38 Loss=-3.174406 | E0=-1.04783704-0.00038164j | E1=-0.95203834-0.00020977j|E2=-0.65476898+0.00010012j|E3=-0.51976150-0.00032771j
26-28-13-38 #-----------------------------------------#
26-28-13-38 [Step  45] logΨ: mean=4.331+0.374j | min=-1.256-1.423j | max=4.491+2.252j
26-28-13-38 梯度监控 | raw=0.5271 | per_param=0.0191 |  natural=0.1161 | clipped=0.1161(上限20.0)
26-28-13-38 原始规范坐标 G(Re Σrow_mean) = +10.3192 | 累计|g| = 7.2337
26-28-13-38 Ψ矩阵条件数 cond(Ψ) = 3.44e+01
26-28-13-38 Loss=-3.169520 | E0=-1.04641908-0.00139282j | E1=-0.95181972+0.00017050j|E2=-0.65286146-0.00093652j|E3=-0.51841996-0.00087396j
26-28-13-38 #-----------------------------------------#
26-28-13-38 [Step  46] logΨ: mean=4.564+0.810j | min=-0.461+2.583j | max=4.746+2.206j
26-28-13-38 梯度监控 | raw=0.4619 | per_param=0.0167 |  natural=0.1499 | clipped=0.1499(上限20.0)
26-28-13-38 原始规范坐标 G(Re Σrow_mean) = +10.6069 | 累计|g| = 7.2337
26-28-13-38 Ψ矩阵条件数 cond(Ψ) = 3.49e+01
26-28-13-38 Loss=-3.168672 | E0=-1.04942240+0.00006611j | E1=-0.95199151-0.00002467j|E2=-0.65128948-0.00186594j|E3=-0.51596879-0.00017965j
26-28-13-38 #-----------------------------------------#
26-28-13-38 [Step  47] logΨ: mean=4.715+0.210j | min=-0.904+2.172j | max=4.816+2.260j
26-28-13-38 梯度监控 | raw=0.2702 | per_param=0.0098 |  natural=0.1232 | clipped=0.1232(上限20.0)
26-28-13-38 原始规范坐标 G(Re Σrow_mean) = +10.7460 | 累计|g| = 7.2337
26-28-13-38 Ψ矩阵条件数 cond(Ψ) = 3.20e+01
26-28-13-38 Loss=-3.179721 | E0=-1.04811888-0.00043772j | E1=-0.95201807-0.00029460j|E2=-0.65436685+0.00033498j|E3=-0.52521687+0.00023454j
26-28-13-38 #-----------------------------------------#
26-28-13-38 [Step  48] logΨ: mean=5.115+0.941j | min=-1.392-0.453j | max=5.254+2.302j
26-28-13-38 梯度监控 | raw=0.6190 | per_param=0.0224 |  natural=0.2063 | clipped=0.2063(上限20.0)
26-28-13-38 原始规范坐标 G(Re Σrow_mean) = +11.1770 | 累计|g| = 7.2337
26-28-13-38 Ψ矩阵条件数 cond(Ψ) = 2.50e+01
26-28-13-38 Loss=-3.176711 | E0=-1.04614651+0.00345748j | E1=-0.95261618+0.00007265j|E2=-0.65449487+0.00026821j|E3=-0.52345329+0.00122838j
26-28-13-38 #-----------------------------------------#
26-28-13-38 [Step  49] logΨ: mean=4.755+0.195j | min=-0.863-0.719j | max=4.911+2.143j
26-28-13-38 梯度监控 | raw=0.9141 | per_param=0.0331 |  natural=0.1382 | clipped=0.1382(上限20.0)
26-28-13-38 原始规范坐标 G(Re Σrow_mean) = +10.7565 | 累计|g| = 7.2337
26-28-13-38 Ψ矩阵条件数 cond(Ψ) = 2.84e+01
26-28-13-38 Loss=-3.169244 | E0=-1.04842808-0.00080170j | E1=-0.94646140-0.00013260j|E2=-0.65293749+0.00028023j|E3=-0.52141701-0.00037039j
26-28-13-38 #-----------------------------------------#
26-28-13-38 [GaugeReset@50] 吸收 Δg = Σ Re(col_mean) = +10.7565 | 新|g| = 7.0435
26-28-13-38 [Step  50] logΨ: mean=5.052-0.153j | min=0.203-1.750j | max=5.160+1.866j
26-28-13-38 梯度监控 | raw=0.4374 | per_param=0.0158 |  natural=0.1113 | clipped=0.1113(上限20.0)
26-28-13-38 原始规范坐标 G(Re Σrow_mean) = +10.4192 | 累计|g| = 7.0435
26-28-13-38 Ψ矩阵条件数 cond(Ψ) = 2.96e+01
26-28-13-38 Loss=-3.179529 | E0=-1.04700015-0.00043065j | E1=-0.95003909-0.00016084j|E2=-0.65519306+0.00097478j|E3=-0.52729647-0.00027584j
26-28-13-38 #-----------------------------------------#
26-28-13-38 [Step  51] logΨ: mean=4.898-0.271j | min=0.569-0.164j | max=4.988+1.872j
26-28-13-38 梯度监控 | raw=0.8798 | per_param=0.0318 |  natural=0.1101 | clipped=0.1101(上限20.0)
26-28-13-38 原始规范坐标 G(Re Σrow_mean) = +10.1805 | 累计|g| = 7.0435
26-28-13-38 Ψ矩阵条件数 cond(Ψ) = 3.27e+01
26-28-13-38 Loss=-3.178342 | E0=-1.04606990-0.00092944j | E1=-0.94756546-0.00073803j|E2=-0.65571010+0.00148202j|E3=-0.52899634-0.00023016j
26-28-13-38 #-----------------------------------------#
26-28-13-38 [Step  52] logΨ: mean=4.618+0.119j | min=0.503+2.276j | max=4.770+1.912j
26-28-13-38 梯度监控 | raw=0.5898 | per_param=0.0213 |  natural=0.1075 | clipped=0.1075(上限20.0)
26-28-13-38 原始规范坐标 G(Re Σrow_mean) = +9.9311 | 累计|g| = 7.0435
26-28-13-38 Ψ矩阵条件数 cond(Ψ) = 3.37e+01
26-28-13-38 Loss=-3.176249 | E0=-1.04684994-0.00071207j | E1=-0.95199288+0.00015333j|E2=-0.65352467-0.00145413j|E3=-0.52388104-0.00041573j
26-28-13-38 #-----------------------------------------#
26-28-13-38 [Step  53] logΨ: mean=4.605+0.697j | min=-0.432-2.910j | max=4.682+2.072j
26-28-13-38 梯度监控 | raw=0.4749 | per_param=0.0172 |  natural=0.1569 | clipped=0.1569(上限20.0)
26-28-13-38 原始规范坐标 G(Re Σrow_mean) = +9.8534 | 累计|g| = 7.0435
26-28-13-38 Ψ矩阵条件数 cond(Ψ) = 3.30e+01
26-28-13-38 Loss=-3.183973 | E0=-1.04524591+0.00129355j | E1=-0.95174424+0.00035676j|E2=-0.65681543+0.00019967j|E3=-0.53016699+0.00022082j
26-28-13-38 #-----------------------------------------#
26-28-13-38 [Step  54] logΨ: mean=4.568+0.207j | min=-0.639-1.332j | max=4.666+2.050j
26-28-13-38 梯度监控 | raw=0.6444 | per_param=0.0233 |  natural=0.1047 | clipped=0.1047(上限20.0)
26-28-13-38 原始规范坐标 G(Re Σrow_mean) = +9.8097 | 累计|g| = 7.0435
26-28-13-38 Ψ矩阵条件数 cond(Ψ) = 3.41e+01
26-28-13-38 Loss=-3.181296 | E0=-1.04582985-0.00137613j | E1=-0.95049211-0.00012960j|E2=-0.65487081-0.00028527j|E3=-0.53010318-0.00002086j
26-28-13-38 #-----------------------------------------#
26-28-13-38 [Step  55] logΨ: mean=4.477+0.701j | min=0.275+0.221j | max=4.522+2.220j
26-28-13-38 梯度监控 | raw=0.1371 | per_param=0.0050 |  natural=0.0631 | clipped=0.0631(上限20.0)
26-28-13-38 原始规范坐标 G(Re Σrow_mean) = +9.6962 | 累计|g| = 7.0435
26-28-13-38 Ψ矩阵条件数 cond(Ψ) = 3.59e+01
26-28-13-38 Loss=-3.186954 | E0=-1.04563801-0.00026000j | E1=-0.95139977-0.00027396j|E2=-0.65680555+0.00100721j|E3=-0.53311046+0.00012664j
26-28-13-38 #-----------------------------------------#
26-28-13-38 [Step  56] logΨ: mean=3.894+1.772j | min=-2.099+1.957j | max=3.996+2.634j
26-28-13-38 梯度监控 | raw=0.3839 | per_param=0.0139 |  natural=0.1555 | clipped=0.1555(上限20.0)
26-28-13-38 原始规范坐标 G(Re Σrow_mean) = +9.1531 | 累计|g| = 7.0435
26-28-13-38 Ψ矩阵条件数 cond(Ψ) = 4.03e+01
26-28-13-38 Loss=-3.182721 | E0=-1.04661599+0.00186389j | E1=-0.95163857+0.00002722j|E2=-0.65563810-0.00003903j|E3=-0.52882837+0.00033749j
26-28-13-38 #-----------------------------------------#
26-28-13-38 [Step  57] logΨ: mean=3.900+1.065j | min=-1.846-1.680j | max=4.005+2.531j
26-28-13-38 梯度监控 | raw=1.2942 | per_param=0.0468 |  natural=0.0941 | clipped=0.0941(上限20.0)
26-28-13-38 原始规范坐标 G(Re Σrow_mean) = +9.1839 | 累计|g| = 7.0435
26-28-13-38 Ψ矩阵条件数 cond(Ψ) = 3.87e+01
26-28-13-38 Loss=-3.182775 | E0=-1.04856802-0.00109567j | E1=-0.95041172-0.00010614j|E2=-0.65342562+0.00036735j|E3=-0.53036938+0.00016220j
26-28-13-38 #-----------------------------------------#
26-28-13-38 [Step  58] logΨ: mean=3.950+0.945j | min=-0.220+0.370j | max=4.059+2.456j
26-28-13-38 梯度监控 | raw=3.4900 | per_param=0.1263 |  natural=0.0579 | clipped=0.0579(上限20.0)
26-28-13-38 原始规范坐标 G(Re Σrow_mean) = +9.2013 | 累计|g| = 7.0435
26-28-13-38 Ψ矩阵条件数 cond(Ψ) = 3.65e+01
26-28-13-38 Loss=-3.177339 | E0=-1.04553102-0.00062410j | E1=-0.94796192-0.00124019j|E2=-0.65120531+0.00143643j|E3=-0.53264027+0.00028774j
26-28-13-38 #-----------------------------------------#
26-28-13-38 [Step  59] logΨ: mean=4.143+1.225j | min=-1.958-2.714j | max=4.262+2.856j
26-28-13-38 梯度监控 | raw=1.5597 | per_param=0.0564 |  natural=0.2643 | clipped=0.2643(上限20.0)
26-28-13-38 原始规范坐标 G(Re Σrow_mean) = +9.3828 | 累计|g| = 7.0435
26-28-13-38 Ψ矩阵条件数 cond(Ψ) = 3.26e+01
26-28-13-38 Loss=-3.179292 | E0=-1.04545489+0.00412280j | E1=-0.95131614+0.00000256j|E2=-0.65376006-0.00002756j|E3=-0.52876058+0.00066700j
26-28-13-38 #-----------------------------------------#
26-28-13-38 [保存] Step 59 → pickle 文件已更新 (60 条记录)
26-28-13-38 [GaugeReset@60] 吸收 Δg = Σ Re(col_mean) = +9.3828 | 新|g| = 6.9761
26-28-13-38 [Step  60] logΨ: mean=5.066+0.499j | min=0.643+3.056j | max=5.132+2.083j
26-28-13-38 梯度监控 | raw=0.6445 | per_param=0.0233 |  natural=0.0878 | clipped=0.0878(上限20.0)
26-28-13-38 原始规范坐标 G(Re Σrow_mean) = +8.8953 | 累计|g| = 6.9761
26-28-13-38 Ψ矩阵条件数 cond(Ψ) = 2.85e+01
26-28-13-38 Loss=-3.184668 | E0=-1.04627908-0.00059035j | E1=-0.95161450+0.00057376j|E2=-0.65477951+0.00039010j|E3=-0.53199503-0.00006845j
26-28-13-38 #-----------------------------------------#
26-28-13-38 [Step  61] logΨ: mean=4.986+0.019j | min=-1.621-1.813j | max=5.085+1.954j
26-28-13-38 梯度监控 | raw=3.3476 | per_param=0.1211 |  natural=0.0801 | clipped=0.0801(上限20.0)
26-28-13-38 原始规范坐标 G(Re Σrow_mean) = +8.8879 | 累计|g| = 6.9761
26-28-13-38 Ψ矩阵条件数 cond(Ψ) = 2.64e+01
26-28-13-38 Loss=-3.174682 | E0=-1.04693213-0.00110035j | E1=-0.94737756-0.00070019j|E2=-0.65006395+0.00037370j|E3=-0.53030877-0.00004894j
26-28-13-38 #-----------------------------------------#
26-28-13-38 [Step  62] logΨ: mean=5.053+0.099j | min=0.798+2.904j | max=5.122+1.923j
26-28-13-38 梯度监控 | raw=0.2817 | per_param=0.0102 |  natural=0.0553 | clipped=0.0553(上限20.0)
26-28-13-38 原始规范坐标 G(Re Σrow_mean) = +8.9594 | 累计|g| = 6.9761
26-28-13-38 Ψ矩阵条件数 cond(Ψ) = 2.54e+01
26-28-13-38 Loss=-3.186476 | E0=-1.04678106-0.00016566j | E1=-0.95288746+0.00079012j|E2=-0.65485815-0.00032770j|E3=-0.53194889-0.00025010j
26-28-13-38 #-----------------------------------------#
26-28-13-38 [Step  63] logΨ: mean=5.044+0.217j | min=1.069-2.588j | max=5.128+1.832j
26-28-13-38 梯度监控 | raw=1.3962 | per_param=0.0505 |  natural=0.0559 | clipped=0.0559(上限20.0)
26-28-13-38 原始规范坐标 G(Re Σrow_mean) = +8.9632 | 累计|g| = 6.9761
26-28-13-38 Ψ矩阵条件数 cond(Ψ) = 2.46e+01
26-28-13-38 Loss=-3.183956 | E0=-1.04538992-0.00012170j | E1=-0.95109367-0.00017365j|E2=-0.65500005+0.00028875j|E3=-0.53247215-0.00026729j
26-28-13-38 #-----------------------------------------#
26-28-13-38 [Step  64] logΨ: mean=5.096-0.235j | min=-0.787+1.923j | max=5.260+1.799j
26-28-13-38 梯度监控 | raw=4.6729 | per_param=0.1691 |  natural=0.1429 | clipped=0.1429(上限20.0)
26-28-13-38 原始规范坐标 G(Re Σrow_mean) = +9.0593 | 累计|g| = 6.9761
26-28-13-38 Ψ矩阵条件数 cond(Ψ) = 2.32e+01
26-28-13-38 Loss=-3.171778 | E0=-1.04730615-0.00083894j | E1=-0.95127221+0.00068632j|E2=-0.64263555-0.00159277j|E3=-0.53056394-0.00019977j
26-28-13-38 #-----------------------------------------#
26-28-13-38 [Step  65] logΨ: mean=5.310-0.110j | min=0.024-1.918j | max=5.383+1.777j
26-28-13-38 梯度监控 | raw=0.4399 | per_param=0.0159 |  natural=0.0911 | clipped=0.0911(上限20.0)
26-28-13-38 原始规范坐标 G(Re Σrow_mean) = +9.2079 | 累计|g| = 6.9761
26-28-13-38 Ψ矩阵条件数 cond(Ψ) = 2.23e+01
26-28-13-38 Loss=-3.184198 | E0=-1.04564718-0.00065554j | E1=-0.95267501+0.00037785j|E2=-0.65314490+0.00007614j|E3=-0.53273059-0.00032998j
26-28-13-38 #-----------------------------------------#
26-28-13-38 [Step  66] logΨ: mean=5.227+0.011j | min=0.319+2.963j | max=5.363+1.995j
26-28-13-38 梯度监控 | raw=0.6238 | per_param=0.0226 |  natural=0.1733 | clipped=0.1733(上限20.0)
26-28-13-38 原始规范坐标 G(Re Σrow_mean) = +9.2200 | 累计|g| = 6.9761
26-28-13-38 Ψ矩阵条件数 cond(Ψ) = 1.96e+01
26-28-13-38 Loss=-3.184834 | E0=-1.04740568+0.00238610j | E1=-0.95308857+0.00059616j|E2=-0.65393537-0.00053979j|E3=-0.53040389-0.00013365j
26-28-13-38 #-----------------------------------------#
26-28-13-38 [Step  67] logΨ: mean=5.244+0.598j | min=-0.187+1.819j | max=5.338+1.942j
26-28-13-38 梯度监控 | raw=2.7612 | per_param=0.0999 |  natural=0.0635 | clipped=0.0635(上限20.0)
26-28-13-38 原始规范坐标 G(Re Σrow_mean) = +9.2315 | 累计|g| = 6.9761
26-28-13-38 Ψ矩阵条件数 cond(Ψ) = 1.92e+01
26-28-13-38 Loss=-3.184354 | E0=-1.04579111-0.00030057j | E1=-0.95142303-0.00011655j|E2=-0.65407622+0.00009783j|E3=-0.53306316-0.00008159j
26-28-13-38 #-----------------------------------------#
26-28-13-38 [Step  68] logΨ: mean=5.176+0.043j | min=-1.975-0.808j | max=5.249+2.061j
26-28-13-38 梯度监控 | raw=1.3984 | per_param=0.0506 |  natural=0.0947 | clipped=0.0947(上限20.0)
26-28-13-38 原始规范坐标 G(Re Σrow_mean) = +9.2143 | 累计|g| = 6.9761
26-28-13-38 Ψ矩阵条件数 cond(Ψ) = 1.75e+01
26-28-13-38 Loss=-3.188030 | E0=-1.04825697+0.00040154j | E1=-0.95212847+0.00011809j|E2=-0.65437896-0.00024319j|E3=-0.53326592-0.00012899j
26-28-13-38 #-----------------------------------------#
26-28-13-38 [Step  69] logΨ: mean=5.208+0.433j | min=1.120-0.452j | max=5.316+2.077j
26-28-13-38 梯度监控 | raw=0.2284 | per_param=0.0083 |  natural=0.0747 | clipped=0.0747(上限20.0)
26-28-13-38 原始规范坐标 G(Re Σrow_mean) = +9.2257 | 累计|g| = 6.9761
26-28-13-38 Ψ矩阵条件数 cond(Ψ) = 1.78e+01
26-28-13-38 Loss=-3.185251 | E0=-1.04448372-0.00067880j | E1=-0.95238694-0.00033220j|E2=-0.65621799+0.00018984j|E3=-0.53216190+0.00012212j
26-28-13-38 #-----------------------------------------#
26-28-13-38 [GaugeReset@70] 吸收 Δg = Σ Re(col_mean) = +9.2257 | 新|g| = 6.9996
26-28-13-38 [Step  70] logΨ: mean=5.362+0.093j | min=-1.212-1.308j | max=5.509+2.097j
26-28-13-38 梯度监控 | raw=1.2869 | per_param=0.0466 |  natural=0.0775 | clipped=0.0775(上限20.0)
26-28-13-38 原始规范坐标 G(Re Σrow_mean) = +9.2206 | 累计|g| = 6.9996
26-28-13-38 Ψ矩阵条件数 cond(Ψ) = 1.80e+01
26-28-13-38 Loss=-3.184608 | E0=-1.04531736-0.00071834j | E1=-0.95245895-0.00067565j|E2=-0.65456042-0.00030611j|E3=-0.53227142+0.00000691j
26-28-13-38 #-----------------------------------------#
26-28-13-38 [Step  71] logΨ: mean=5.149-0.071j | min=0.850-3.107j | max=5.299+2.051j
26-28-13-38 梯度监控 | raw=0.9901 | per_param=0.0358 |  natural=0.0799 | clipped=0.0799(上限20.0)
26-28-13-38 原始规范坐标 G(Re Σrow_mean) = +9.0120 | 累计|g| = 6.9996
26-28-13-38 Ψ矩阵条件数 cond(Ψ) = 1.80e+01
26-28-13-38 Loss=-3.186660 | E0=-1.04603365-0.00072353j | E1=-0.95148752+0.00061581j|E2=-0.65492118-0.00099436j|E3=-0.53421765-0.00028541j
26-28-13-38 #-----------------------------------------#
26-28-13-38 [Step  72] logΨ: mean=5.305+0.666j | min=1.125+0.858j | max=5.356+2.035j
26-28-13-38 梯度监控 | raw=0.5881 | per_param=0.0213 |  natural=0.0500 | clipped=0.0500(上限20.0)
26-28-13-38 原始规范坐标 G(Re Σrow_mean) = +9.1181 | 累计|g| = 6.9996
26-28-13-38 Ψ矩阵条件数 cond(Ψ) = 1.84e+01
26-28-13-38 Loss=-3.187605 | E0=-1.04566930-0.00045568j | E1=-0.95198535-0.00001360j|E2=-0.65615259+0.00033724j|E3=-0.53379788-0.00004417j
26-28-13-38 #-----------------------------------------#
26-28-13-38 [Step  73] logΨ: mean=5.362+0.565j | min=1.134-3.024j | max=5.496+2.049j
26-28-13-38 梯度监控 | raw=0.7136 | per_param=0.0258 |  natural=0.1021 | clipped=0.1021(上限20.0)
26-28-13-38 原始规范坐标 G(Re Σrow_mean) = +9.1702 | 累计|g| = 6.9996
26-28-13-38 Ψ矩阵条件数 cond(Ψ) = 1.68e+01
26-28-13-38 Loss=-3.185180 | E0=-1.04669143-0.00047880j | E1=-0.95251804+0.00015451j|E2=-0.65432044-0.00063871j|E3=-0.53164996-0.00029580j
26-28-13-38 #-----------------------------------------#
26-28-13-38 [Step  74] logΨ: mean=5.273+0.605j | min=0.788-3.106j | max=5.370+1.982j
26-28-13-38 梯度监控 | raw=1.2534 | per_param=0.0453 |  natural=0.0461 | clipped=0.0461(上限20.0)
26-28-13-38 原始规范坐标 G(Re Σrow_mean) = +9.0866 | 累计|g| = 6.9996
26-28-13-38 Ψ矩阵条件数 cond(Ψ) = 1.63e+01
26-28-13-38 Loss=-3.188262 | E0=-1.04652507-0.00049622j | E1=-0.95291284+0.00060405j|E2=-0.65435318-0.00029362j|E3=-0.53447117-0.00006636j
26-28-13-38 #-----------------------------------------#
26-28-13-38 [Step  75] logΨ: mean=5.344+0.349j | min=1.168+1.354j | max=5.456+1.973j
26-28-13-38 梯度监控 | raw=0.6255 | per_param=0.0226 |  natural=0.0531 | clipped=0.0531(上限20.0)
26-28-13-38 原始规范坐标 G(Re Σrow_mean) = +9.1408 | 累计|g| = 6.9996
26-28-13-38 Ψ矩阵条件数 cond(Ψ) = 1.67e+01
26-28-13-38 Loss=-3.188395 | E0=-1.04587413-0.00073776j | E1=-0.95218812+0.00017778j|E2=-0.65637073-0.00031709j|E3=-0.53396235+0.00007055j
26-28-13-38 #-----------------------------------------#
26-28-13-38 [Step  76] logΨ: mean=5.394+1.313j | min=-0.065-2.852j | max=5.487+2.695j
26-28-13-38 梯度监控 | raw=1.8672 | per_param=0.0676 |  natural=0.3030 | clipped=0.3030(上限20.0)
26-28-13-38 原始规范坐标 G(Re Σrow_mean) = +9.1635 | 累计|g| = 6.9996
26-28-13-38 Ψ矩阵条件数 cond(Ψ) = 1.42e+01
26-28-13-38 Loss=-3.187278 | E0=-1.04763654+0.00547653j | E1=-0.95216316+0.00061960j|E2=-0.65487207-0.00026432j|E3=-0.53260652+0.00104827j
26-28-13-38 #-----------------------------------------#
26-28-13-38 [Step  77] logΨ: mean=5.431+0.785j | min=0.829-2.689j | max=5.517+2.666j
26-28-13-38 梯度监控 | raw=0.7064 | per_param=0.0256 |  natural=0.0554 | clipped=0.0554(上限20.0)
26-28-13-38 原始规范坐标 G(Re Σrow_mean) = +9.1401 | 累计|g| = 6.9996
26-28-13-38 Ψ矩阵条件数 cond(Ψ) = 1.43e+01
26-28-13-38 Loss=-3.186835 | E0=-1.04511974-0.00061339j | E1=-0.95266638+0.00018397j|E2=-0.65606915+0.00003360j|E3=-0.53297980+0.00009660j
26-28-13-38 #-----------------------------------------#
26-28-13-38 [Step  78] logΨ: mean=5.486+0.966j | min=0.910-1.187j | max=5.546+2.575j
26-28-13-38 梯度监控 | raw=3.3317 | per_param=0.1205 |  natural=0.0543 | clipped=0.0543(上限20.0)
26-28-13-38 原始规范坐标 G(Re Σrow_mean) = +9.1584 | 累计|g| = 6.9996
26-28-13-38 Ψ矩阵条件数 cond(Ψ) = 1.39e+01
26-28-13-38 Loss=-3.184851 | E0=-1.04575183+0.00004971j | E1=-0.95164309+0.00037165j|E2=-0.65462616-0.00014986j|E3=-0.53282955-0.00007200j
26-28-13-38 #-----------------------------------------#
26-28-13-38 [Step  79] logΨ: mean=5.547+0.920j | min=0.070-1.055j | max=5.615+2.556j
26-28-13-38 梯度监控 | raw=1.3899 | per_param=0.0503 |  natural=0.0400 | clipped=0.0400(上限20.0)
26-28-13-38 原始规范坐标 G(Re Σrow_mean) = +9.1716 | 累计|g| = 6.9996
26-28-13-38 Ψ矩阵条件数 cond(Ψ) = 1.40e+01
26-28-13-38 Loss=-3.188478 | E0=-1.04536920-0.00037794j | E1=-0.95219208+0.00005943j|E2=-0.65664741-0.00005333j|E3=-0.53426942-0.00006345j
26-28-13-38 #-----------------------------------------#
26-28-13-38 [保存] Step 79 → pickle 文件已更新 (80 条记录)
26-28-13-38 [GaugeReset@80] 吸收 Δg = Σ Re(col_mean) = +9.1716 | 新|g| = 7.2229
26-28-13-38 [Step  80] logΨ: mean=5.649+1.003j | min=0.164+1.743j | max=5.740+2.210j
26-28-13-38 梯度监控 | raw=1.6640 | per_param=0.0602 |  natural=0.0637 | clipped=0.0637(上限20.0)
26-28-13-38 原始规范坐标 G(Re Σrow_mean) = +9.1719 | 累计|g| = 7.2229
26-28-13-38 Ψ矩阵条件数 cond(Ψ) = 1.38e+01
26-28-13-38 Loss=-3.186737 | E0=-1.04606654-0.00005561j | E1=-0.95213198+0.00087926j|E2=-0.65574327-0.00103660j|E3=-0.53279509-0.00005805j
26-28-13-38 #-----------------------------------------#
26-28-13-38 [Step  81] logΨ: mean=5.733+1.287j | min=0.976+0.074j | max=5.837+2.199j
26-28-13-38 梯度监控 | raw=1.9141 | per_param=0.0693 |  natural=0.0478 | clipped=0.0478(上限20.0)
26-28-13-38 原始规范坐标 G(Re Σrow_mean) = +9.2105 | 累计|g| = 7.2229
26-28-13-38 Ψ矩阵条件数 cond(Ψ) = 1.40e+01
26-28-13-38 Loss=-3.187452 | E0=-1.04571760-0.00054400j | E1=-0.95164093+0.00012148j|E2=-0.65591174-0.00004865j|E3=-0.53418210-0.00015557j
26-28-13-38 #-----------------------------------------#
26-28-13-38 [Step  82] logΨ: mean=5.875+1.112j | min=1.384-1.918j | max=5.933+2.182j
26-28-13-38 梯度监控 | raw=0.1709 | per_param=0.0062 |  natural=0.0414 | clipped=0.0414(上限20.0)
26-28-13-38 原始规范坐标 G(Re Σrow_mean) = +9.2768 | 累计|g| = 7.2229
26-28-13-38 Ψ矩阵条件数 cond(Ψ) = 1.40e+01
26-28-13-38 Loss=-3.189602 | E0=-1.04689083-0.00042123j | E1=-0.95221874-0.00002569j|E2=-0.65710838+0.00016706j|E3=-0.53338412+0.00014464j
26-28-13-38 #-----------------------------------------#
26-28-13-38 [Step  83] logΨ: mean=5.982+1.065j | min=1.150+2.828j | max=6.028+2.115j
26-28-13-38 梯度监控 | raw=2.0288 | per_param=0.0734 |  natural=0.0297 | clipped=0.0297(上限20.0)
26-28-13-38 原始规范坐标 G(Re Σrow_mean) = +9.3287 | 累计|g| = 7.2229
26-28-13-38 Ψ矩阵条件数 cond(Ψ) = 1.42e+01
26-28-13-38 Loss=-3.187948 | E0=-1.04596255-0.00054460j | E1=-0.95177797-0.00048228j|E2=-0.65596343+0.00041070j|E3=-0.53424374+0.00025454j
26-28-13-38 #-----------------------------------------#
26-28-13-38 [Step  84] logΨ: mean=5.857+0.506j | min=-0.415-1.152j | max=5.941+2.094j
26-28-13-38 梯度监控 | raw=0.7222 | per_param=0.0261 |  natural=0.0514 | clipped=0.0514(上限20.0)
26-28-13-38 原始规范坐标 G(Re Σrow_mean) = +9.2295 | 累计|g| = 7.2229
26-28-13-38 Ψ矩阵条件数 cond(Ψ) = 1.42e+01
26-28-13-38 Loss=-3.187423 | E0=-1.04570729-0.00003148j | E1=-0.95173891-0.00002161j|E2=-0.65667131-0.00010266j|E3=-0.53330555-0.00014791j
26-28-13-38 #-----------------------------------------#
26-28-13-38 [Step  85] logΨ: mean=5.992+0.040j | min=1.365-1.956j | max=6.040+2.070j
26-28-13-38 梯度监控 | raw=0.2776 | per_param=0.0100 |  natural=0.0299 | clipped=0.0299(上限20.0)
26-28-13-38 原始规范坐标 G(Re Σrow_mean) = +9.2994 | 累计|g| = 7.2229
26-28-13-38 Ψ矩阵条件数 cond(Ψ) = 1.43e+01
26-28-13-38 Loss=-3.189652 | E0=-1.04687102-0.00033950j | E1=-0.95213689-0.00012204j|E2=-0.65687518+0.00004730j|E3=-0.53376915+0.00011499j
26-28-13-38 #-----------------------------------------#
26-28-13-39 [Step  86] logΨ: mean=6.087-0.050j | min=1.387-1.938j | max=6.131+2.061j
26-28-13-39 梯度监控 | raw=0.1462 | per_param=0.0053 |  natural=0.0247 | clipped=0.0247(上限20.0)
26-28-13-39 原始规范坐标 G(Re Σrow_mean) = +9.3450 | 累计|g| = 7.2229
26-28-13-39 Ψ矩阵条件数 cond(Ψ) = 1.45e+01
26-28-13-39 Loss=-3.189294 | E0=-1.04601891-0.00031036j | E1=-0.95247719+0.00008020j|E2=-0.65687205-0.00014586j|E3=-0.53392596+0.00020666j
26-28-13-39 #-----------------------------------------#
26-28-13-39 [Step  87] logΨ: mean=6.062+0.419j | min=1.538+0.846j | max=6.151+2.042j
26-28-13-39 梯度监控 | raw=0.2623 | per_param=0.0095 |  natural=0.0456 | clipped=0.0456(上限20.0)
26-28-13-39 原始规范坐标 G(Re Σrow_mean) = +9.3238 | 累计|g| = 7.2229
26-28-13-39 Ψ矩阵条件数 cond(Ψ) = 1.44e+01
26-28-13-39 Loss=-3.187942 | E0=-1.04528733-0.00004677j | E1=-0.95238375-0.00053192j|E2=-0.65680476-0.00029135j|E3=-0.53346622-0.00001789j
26-28-13-39 #-----------------------------------------#
26-28-13-39 [Step  88] logΨ: mean=6.045+1.021j | min=1.921+0.480j | max=6.150+1.990j
26-28-13-39 梯度监控 | raw=0.7930 | per_param=0.0287 |  natural=0.0469 | clipped=0.0469(上限20.0)
26-28-13-39 原始规范坐标 G(Re Σrow_mean) = +9.3237 | 累计|g| = 7.2229
26-28-13-39 Ψ矩阵条件数 cond(Ψ) = 1.42e+01
26-28-13-39 Loss=-3.188413 | E0=-1.04693052-0.00032307j | E1=-0.95162477-0.00075717j|E2=-0.65666825+0.00000011j|E3=-0.53318966+0.00002757j
26-28-13-39 #-----------------------------------------#
26-28-13-39 [Step  89] logΨ: mean=6.066+0.593j | min=-0.170+1.550j | max=6.206+1.980j
26-28-13-39 梯度监控 | raw=2.5900 | per_param=0.0937 |  natural=0.0560 | clipped=0.0560(上限20.0)
26-28-13-39 原始规范坐标 G(Re Σrow_mean) = +9.2985 | 累计|g| = 7.2229
26-28-13-39 Ψ矩阵条件数 cond(Ψ) = 1.44e+01
26-28-13-39 Loss=-3.186522 | E0=-1.04476331-0.00046168j | E1=-0.95094162-0.00024897j|E2=-0.65671618+0.00003805j|E3=-0.53410058-0.00002797j
26-28-13-39 #-----------------------------------------#
26-28-13-39 [GaugeReset@90] 吸收 Δg = Σ Re(col_mean) = +9.2985 | 新|g| = 7.2902
26-28-13-39 [Step  90] logΨ: mean=6.017+0.371j | min=0.497-1.531j | max=6.138+2.045j
26-28-13-39 梯度监控 | raw=3.4219 | per_param=0.1238 |  natural=0.0511 | clipped=0.0511(上限20.0)
26-28-13-39 原始规范坐标 G(Re Σrow_mean) = +9.3075 | 累计|g| = 7.2902
26-28-13-39 Ψ矩阵条件数 cond(Ψ) = 1.40e+01
26-28-13-39 Loss=-3.187083 | E0=-1.04504532-0.00031654j | E1=-0.95119846-0.00077936j|E2=-0.65703465+0.00037981j|E3=-0.53380445-0.00007462j
26-28-13-39 #-----------------------------------------#
26-28-13-39 [Step  91] logΨ: mean=5.997+0.729j | min=1.602-2.494j | max=6.054+1.985j
26-28-13-39 梯度监控 | raw=0.2232 | per_param=0.0081 |  natural=0.0311 | clipped=0.0311(上限20.0)
26-28-13-39 原始规范坐标 G(Re Σrow_mean) = +9.3070 | 累计|g| = 7.2902
26-28-13-39 Ψ矩阵条件数 cond(Ψ) = 1.41e+01
26-28-13-39 Loss=-3.189535 | E0=-1.04636928-0.00011728j | E1=-0.95236355+0.00012691j|E2=-0.65695154+0.00021936j|E3=-0.53385070-0.00002859j
26-28-13-39 #-----------------------------------------#
26-28-13-39 [Step  92] logΨ: mean=5.908+1.054j | min=2.281-0.326j | max=6.036+2.023j
26-28-13-39 梯度监控 | raw=0.2078 | per_param=0.0075 |  natural=0.0511 | clipped=0.0511(上限20.0)
26-28-13-39 原始规范坐标 G(Re Σrow_mean) = +9.2445 | 累计|g| = 7.2902
26-28-13-39 Ψ矩阵条件数 cond(Ψ) = 1.41e+01
26-28-13-39 Loss=-3.189494 | E0=-1.04543571-0.00006892j | E1=-0.95221090+0.00027143j|E2=-0.65772266-0.00005820j|E3=-0.53412432-0.00013593j
26-28-13-39 #-----------------------------------------#
26-28-13-39 [Step  93] logΨ: mean=6.037+0.596j | min=2.447+1.670j | max=6.067+1.970j
26-28-13-39 梯度监控 | raw=0.0285 | per_param=0.0010 |  natural=0.0433 | clipped=0.0433(上限20.0)
26-28-13-39 原始规范坐标 G(Re Σrow_mean) = +9.3016 | 累计|g| = 7.2902
26-28-13-39 Ψ矩阵条件数 cond(Ψ) = 1.41e+01
26-28-13-39 Loss=-3.189737 | E0=-1.04593293+0.00048055j | E1=-0.95253109-0.00013042j|E2=-0.65745559+0.00000085j|E3=-0.53381694-0.00009831j
26-28-13-39 #-----------------------------------------#
26-28-13-39 [Step  94] logΨ: mean=6.067+0.502j | min=0.406-1.299j | max=6.131+2.001j
26-28-13-39 梯度监控 | raw=0.6753 | per_param=0.0244 |  natural=0.0353 | clipped=0.0353(上限20.0)
26-28-13-39 原始规范坐标 G(Re Σrow_mean) = +9.2886 | 累计|g| = 7.2902
26-28-13-39 Ψ矩阵条件数 cond(Ψ) = 1.39e+01
26-28-13-39 Loss=-3.189793 | E0=-1.04652087-0.00248532j | E1=-0.95204462+0.00001699j|E2=-0.65708301-0.00014849j|E3=-0.53414479+0.00011983j
26-28-13-39 #-----------------------------------------#
26-28-13-39 [Step  95] logΨ: mean=6.031+0.444j | min=1.563+2.794j | max=6.112+1.993j
26-28-13-39 梯度监控 | raw=1.4710 | per_param=0.0532 |  natural=0.0248 | clipped=0.0248(上限20.0)
26-28-13-39 原始规范坐标 G(Re Σrow_mean) = +9.2751 | 累计|g| = 7.2902
26-28-13-39 Ψ矩阵条件数 cond(Ψ) = 1.39e+01
26-28-13-39 Loss=-3.188624 | E0=-1.04632973+0.00053838j | E1=-0.95127445+0.00074783j|E2=-0.65647609-0.00020408j|E3=-0.53454338-0.00008776j
26-28-13-39 #-----------------------------------------#
26-28-13-39 [Step  96] logΨ: mean=6.072+0.708j | min=1.280-1.795j | max=6.177+2.024j
26-28-13-39 梯度监控 | raw=0.4966 | per_param=0.0180 |  natural=0.0366 | clipped=0.0366(上限20.0)
26-28-13-39 原始规范坐标 G(Re Σrow_mean) = +9.2845 | 累计|g| = 7.2902
26-28-13-39 Ψ矩阵条件数 cond(Ψ) = 1.41e+01
26-28-13-39 Loss=-3.189683 | E0=-1.04650236-0.00047542j | E1=-0.95209231-0.00001835j|E2=-0.65719069+0.00027323j|E3=-0.53389721-0.00000974j
26-28-13-39 #-----------------------------------------#
26-28-13-39 [Step  97] logΨ: mean=6.069+0.393j | min=1.200-3.089j | max=6.117+2.060j
26-28-13-39 梯度监控 | raw=1.6083 | per_param=0.0582 |  natural=0.0330 | clipped=0.0330(上限20.0)
26-28-13-39 原始规范坐标 G(Re Σrow_mean) = +9.2611 | 累计|g| = 7.2902
26-28-13-39 Ψ矩阵条件数 cond(Ψ) = 1.40e+01
26-28-13-39 Loss=-3.188218 | E0=-1.04518473+0.00009601j | E1=-0.95212265+0.00033100j|E2=-0.65674445-0.00019788j|E3=-0.53416601-0.00001346j
26-28-13-39 #-----------------------------------------#
26-28-13-39 [Step  98] logΨ: mean=6.095+0.890j | min=2.300+2.813j | max=6.127+2.073j
26-28-13-39 梯度监控 | raw=0.7121 | per_param=0.0258 |  natural=0.0362 | clipped=0.0362(上限20.0)
26-28-13-39 原始规范坐标 G(Re Σrow_mean) = +9.2673 | 累计|g| = 7.2902
26-28-13-39 Ψ矩阵条件数 cond(Ψ) = 1.37e+01
26-28-13-39 Loss=-3.187617 | E0=-1.04587230+0.00060873j | E1=-0.95163923+0.00043884j|E2=-0.65646234-0.00030878j|E3=-0.53364271-0.00013153j
26-28-13-39 #-----------------------------------------#
26-28-13-39 [Step  99] logΨ: mean=6.130+1.185j | min=1.280-1.735j | max=6.208+2.103j
26-28-13-39 梯度监控 | raw=0.5193 | per_param=0.0188 |  natural=0.0309 | clipped=0.0309(上限20.0)
26-28-13-39 原始规范坐标 G(Re Σrow_mean) = +9.2783 | 累计|g| = 7.2902
26-28-13-39 Ψ矩阵条件数 cond(Ψ) = 1.39e+01
26-28-13-39 Loss=-3.189167 | E0=-1.04676484-0.00031974j | E1=-0.95191860+0.00016977j|E2=-0.65656415+0.00008877j|E3=-0.53391948+0.00010612j
26-28-13-39 #-----------------------------------------#
26-28-13-39 [保存] Step 99 → pickle 文件已更新 (100 条记录)
26-28-13-39 [GaugeReset@100] 吸收 Δg = Σ Re(col_mean) = +9.2783 | 新|g| = 7.3331
26-28-13-39 [Step 100] logΨ: mean=6.127+0.966j | min=1.891-0.596j | max=6.230+1.937j
26-28-13-39 梯度监控 | raw=1.6366 | per_param=0.0592 |  natural=0.0562 | clipped=0.0562(上限20.0)
26-28-13-39 原始规范坐标 G(Re Σrow_mean) = +9.2752 | 累计|g| = 7.3331
26-28-13-39 Ψ矩阵条件数 cond(Ψ) = 1.33e+01
26-28-13-39 Loss=-3.187724 | E0=-1.04620339+0.00029823j | E1=-0.95160460-0.00040502j|E2=-0.65567652+0.00070294j|E3=-0.53423935-0.00001935j
26-28-13-39 #-----------------------------------------#
26-28-13-39 [Step 101] logΨ: mean=6.047+0.569j | min=0.612+2.022j | max=6.172+1.892j
26-28-13-39 梯度监控 | raw=2.0017 | per_param=0.0724 |  natural=0.0357 | clipped=0.0357(上限20.0)
26-28-13-39 原始规范坐标 G(Re Σrow_mean) = +9.2534 | 累计|g| = 7.3331
26-28-13-39 Ψ矩阵条件数 cond(Ψ) = 1.31e+01
26-28-13-39 Loss=-3.189047 | E0=-1.04613132+0.00032511j | E1=-0.95201089-0.00066476j|E2=-0.65613856+0.00065990j|E3=-0.53476669-0.00000007j
26-28-13-39 #-----------------------------------------#
26-28-13-39 [Step 102] logΨ: mean=6.120+0.266j | min=1.712-1.643j | max=6.182+1.819j
26-28-13-39 梯度监控 | raw=0.8592 | per_param=0.0311 |  natural=0.0451 | clipped=0.0451(上限20.0)
26-28-13-39 原始规范坐标 G(Re Σrow_mean) = +9.3004 | 累计|g| = 7.3331
26-28-13-39 Ψ矩阵条件数 cond(Ψ) = 1.29e+01
26-28-13-39 Loss=-3.187304 | E0=-1.04516007+0.00019479j | E1=-0.95184933+0.00016756j|E2=-0.65624460-0.00007848j|E3=-0.53405045-0.00006492j
26-28-13-39 #-----------------------------------------#
26-28-13-39 [Step 103] logΨ: mean=5.989+0.435j | min=-0.812+2.505j | max=6.128+1.750j
26-28-13-39 梯度监控 | raw=2.6874 | per_param=0.0972 |  natural=0.0483 | clipped=0.0483(上限20.0)
26-28-13-39 原始规范坐标 G(Re Σrow_mean) = +9.2273 | 累计|g| = 7.3331
26-28-13-39 Ψ矩阵条件数 cond(Ψ) = 1.27e+01
26-28-13-39 Loss=-3.188748 | E0=-1.04566285-0.00107089j | E1=-0.95230992-0.00134195j|E2=-0.65643930+0.00005889j|E3=-0.53433621+0.00005635j
26-28-13-39 #-----------------------------------------#
26-28-13-39 [Step 104] logΨ: mean=5.980+0.366j | min=1.314-1.401j | max=6.079+1.765j
26-28-13-39 梯度监控 | raw=2.2650 | per_param=0.0819 |  natural=0.0548 | clipped=0.0548(上限20.0)
26-28-13-39 原始规范坐标 G(Re Σrow_mean) = +9.2079 | 累计|g| = 7.3331
26-28-13-39 Ψ矩阵条件数 cond(Ψ) = 1.27e+01
26-28-13-39 Loss=-3.189816 | E0=-1.04571549+0.00057961j | E1=-0.95206313+0.00026220j|E2=-0.65749237+0.00038341j|E3=-0.53454531-0.00004628j
26-28-13-39 #-----------------------------------------#
26-28-13-39 [Step 105] logΨ: mean=5.953+0.088j | min=2.352+2.634j | max=6.048+1.752j
26-28-13-39 梯度监控 | raw=0.5696 | per_param=0.0206 |  natural=0.0335 | clipped=0.0335(上限20.0)
26-28-13-39 原始规范坐标 G(Re Σrow_mean) = +9.1958 | 累计|g| = 7.3331
26-28-13-39 Ψ矩阵条件数 cond(Ψ) = 1.27e+01
26-28-13-39 Loss=-3.188618 | E0=-1.04442339+0.00003624j | E1=-0.95229352+0.00039908j|E2=-0.65761917+0.00000099j|E3=-0.53428161-0.00006658j
26-28-13-39 #-----------------------------------------#
26-28-13-39 [Step 106] logΨ: mean=5.937+0.032j | min=-0.415-1.354j | max=6.100+1.755j
26-28-13-39 梯度监控 | raw=2.3943 | per_param=0.0866 |  natural=0.0644 | clipped=0.0644(上限20.0)
26-28-13-39 原始规范坐标 G(Re Σrow_mean) = +9.1520 | 累计|g| = 7.3331
26-28-13-39 Ψ矩阵条件数 cond(Ψ) = 1.28e+01
26-28-13-39 Loss=-3.184085 | E0=-1.04351757-0.00408767j | E1=-0.95123716-0.00051229j|E2=-0.65567383-0.00044216j|E3=-0.53365627-0.00002099j
26-28-13-39 #-----------------------------------------#
26-28-13-39 [Step 107] logΨ: mean=6.028+0.400j | min=2.132+2.626j | max=6.071+1.774j
26-28-13-39 梯度监控 | raw=0.4283 | per_param=0.0155 |  natural=0.0199 | clipped=0.0199(上限20.0)
26-28-13-39 原始规范坐标 G(Re Σrow_mean) = +9.2159 | 累计|g| = 7.3331
26-28-13-39 Ψ矩阵条件数 cond(Ψ) = 1.28e+01
26-28-13-39 Loss=-3.188647 | E0=-1.04502855+0.00099062j | E1=-0.95200802+0.00044471j|E2=-0.65691393-0.00023895j|E3=-0.53469614-0.00008577j
26-28-13-39 #-----------------------------------------#
26-28-13-39 [Step 108] logΨ: mean=5.985+0.837j | min=1.979-0.508j | max=6.035+1.797j
26-28-13-39 梯度监控 | raw=0.4320 | per_param=0.0156 |  natural=0.0224 | clipped=0.0224(上限20.0)
26-28-13-39 原始规范坐标 G(Re Σrow_mean) = +9.1941 | 累计|g| = 7.3331
26-28-13-39 Ψ矩阵条件数 cond(Ψ) = 1.27e+01
26-28-13-39 Loss=-3.189364 | E0=-1.04548234+0.00121151j | E1=-0.95203583+0.00046538j|E2=-0.65702875-0.00020077j|E3=-0.53481754-0.00005219j
26-28-13-39 #-----------------------------------------#
26-28-13-39 [Step 109] logΨ: mean=5.991+0.929j | min=-0.596+2.458j | max=6.070+1.760j
26-28-13-39 梯度监控 | raw=4.8766 | per_param=0.1764 |  natural=0.0428 | clipped=0.0428(上限20.0)
26-28-13-39 原始规范坐标 G(Re Σrow_mean) = +9.1754 | 累计|g| = 7.3331
26-28-13-39 Ψ矩阵条件数 cond(Ψ) = 1.26e+01
26-28-13-39 Loss=-3.186647 | E0=-1.04545030-0.00053719j | E1=-0.95136220-0.00017458j|E2=-0.65596340+0.00012148j|E3=-0.53387137-0.00012389j
26-28-13-39 #-----------------------------------------#
26-28-13-39 [GaugeReset@110] 吸收 Δg = Σ Re(col_mean) = +9.1754 | 新|g| = 7.2877
26-28-13-39 [Step 110] logΨ: mean=6.081+0.695j | min=0.614-1.392j | max=6.242+1.856j
26-28-13-39 梯度监控 | raw=6.3532 | per_param=0.2299 |  natural=0.0430 | clipped=0.0430(上限20.0)
26-28-13-39 原始规范坐标 G(Re Σrow_mean) = +9.1501 | 累计|g| = 7.2877
26-28-13-39 Ψ矩阵条件数 cond(Ψ) = 1.29e+01
26-28-13-39 Loss=-3.186908 | E0=-1.04425757-0.00163466j | E1=-0.95085812-0.00025184j|E2=-0.65646460+0.00021508j|E3=-0.53532810+0.00025642j
26-28-13-39 #-----------------------------------------#
26-28-13-39 [Step 111] logΨ: mean=6.112+0.446j | min=1.098+2.998j | max=6.212+1.774j
26-28-13-39 梯度监控 | raw=3.2981 | per_param=0.1193 |  natural=0.0340 | clipped=0.0340(上限20.0)
26-28-13-39 原始规范坐标 G(Re Σrow_mean) = +9.1741 | 累计|g| = 7.2877
26-28-13-39 Ψ矩阵条件数 cond(Ψ) = 1.27e+01
26-28-13-39 Loss=-3.185743 | E0=-1.04512129-0.00248077j | E1=-0.95115685+0.00056498j|E2=-0.65526926-0.00061048j|E3=-0.53419532-0.00021139j
26-28-13-39 #-----------------------------------------#
26-28-13-39 [Step 112] logΨ: mean=6.190+0.251j | min=1.422+1.537j | max=6.265+1.741j
26-28-13-39 梯度监控 | raw=0.2846 | per_param=0.0103 |  natural=0.0357 | clipped=0.0357(上限20.0)
26-28-13-39 原始规范坐标 G(Re Σrow_mean) = +9.1907 | 累计|g| = 7.2877
26-28-13-39 Ψ矩阵条件数 cond(Ψ) = 1.29e+01
26-28-13-39 Loss=-3.189809 | E0=-1.04573345+0.00042110j | E1=-0.95239577+0.00006740j|E2=-0.65752293+0.00009199j|E3=-0.53415637-0.00004782j
26-28-13-39 #-----------------------------------------#
26-28-13-39 [Step 113] logΨ: mean=6.260+0.732j | min=1.428-1.573j | max=6.333+1.773j
26-28-13-39 梯度监控 | raw=1.1104 | per_param=0.0402 |  natural=0.0289 | clipped=0.0289(上限20.0)
26-28-13-39 原始规范坐标 G(Re Σrow_mean) = +9.2201 | 累计|g| = 7.2877
26-28-13-39 Ψ矩阵条件数 cond(Ψ) = 1.31e+01
26-28-13-39 Loss=-3.188154 | E0=-1.04550177-0.00153995j | E1=-0.95161193+0.00057051j|E2=-0.65686387-0.00031893j|E3=-0.53417669-0.00025650j
26-28-13-39 #-----------------------------------------#
26-28-13-39 [Step 114] logΨ: mean=6.346+0.824j | min=1.436+1.588j | max=6.402+1.794j
26-28-13-39 梯度监控 | raw=0.6622 | per_param=0.0240 |  natural=0.0353 | clipped=0.0353(上限20.0)
26-28-13-39 原始规范坐标 G(Re Σrow_mean) = +9.2473 | 累计|g| = 7.2877
26-28-13-39 Ψ矩阵条件数 cond(Ψ) = 1.33e+01
26-28-13-39 Loss=-3.188950 | E0=-1.04656089+0.00053066j | E1=-0.95175687+0.00040943j|E2=-0.65700585-0.00026061j|E3=-0.53362661-0.00009518j
26-28-13-39 #-----------------------------------------#
26-28-13-39 [Step 115] logΨ: mean=6.295+0.633j | min=-0.134-0.923j | max=6.365+1.821j
26-28-13-39 梯度监控 | raw=1.1350 | per_param=0.0411 |  natural=0.0440 | clipped=0.0440(上限20.0)
26-28-13-39 原始规范坐标 G(Re Σrow_mean) = +9.2119 | 累计|g| = 7.2877
26-28-13-39 Ψ矩阵条件数 cond(Ψ) = 1.31e+01
26-28-13-39 Loss=-3.187764 | E0=-1.04585866+0.00125037j | E1=-0.95144066+0.00051520j|E2=-0.65618762-0.00029306j|E3=-0.53427677+0.00009572j
26-28-13-39 #-----------------------------------------#
26-28-13-39 [Step 116] logΨ: mean=6.223+0.427j | min=1.313+2.278j | max=6.331+1.717j
26-28-13-39 梯度监控 | raw=4.7511 | per_param=0.1719 |  natural=0.0396 | clipped=0.0396(上限20.0)
26-28-13-39 原始规范坐标 G(Re Σrow_mean) = +9.1834 | 累计|g| = 7.2877
26-28-13-39 Ψ矩阵条件数 cond(Ψ) = 1.28e+01
26-28-13-39 Loss=-3.185682 | E0=-1.04457309-0.00204171j | E1=-0.95099707-0.00050801j|E2=-0.65512630+0.00068652j|E3=-0.53498512-0.00003539j
26-28-13-39 #-----------------------------------------#
26-28-13-39 [Step 117] logΨ: mean=6.333+0.347j | min=0.238-1.379j | max=6.430+1.726j
26-28-13-39 梯度监控 | raw=1.4909 | per_param=0.0539 |  natural=0.0335 | clipped=0.0335(上限20.0)
26-28-13-39 原始规范坐标 G(Re Σrow_mean) = +9.2254 | 累计|g| = 7.2877
26-28-13-39 Ψ矩阵条件数 cond(Ψ) = 1.29e+01
26-28-13-39 Loss=-3.187884 | E0=-1.04571955+0.00002639j | E1=-0.95142158-0.00013778j|E2=-0.65606653-0.00017584j|E3=-0.53467599+0.00001151j
26-28-13-39 #-----------------------------------------#
26-28-13-39 [Step 118] logΨ: mean=6.327+0.093j | min=1.982-2.071j | max=6.375+1.717j
26-28-13-39 梯度监控 | raw=0.2516 | per_param=0.0091 |  natural=0.0235 | clipped=0.0235(上限20.0)
26-28-13-39 原始规范坐标 G(Re Σrow_mean) = +9.2222 | 累计|g| = 7.2877
26-28-13-39 Ψ矩阵条件数 cond(Ψ) = 1.28e+01
26-28-13-39 Loss=-3.189970 | E0=-1.04570591+0.00084123j | E1=-0.95223523-0.00033199j|E2=-0.65734772+0.00019302j|E3=-0.53468106-0.00007324j
26-28-13-39 #-----------------------------------------#
26-28-13-39 [Step 119] logΨ: mean=6.248+0.027j | min=1.828+1.020j | max=6.330+1.642j
26-28-13-39 梯度监控 | raw=1.2200 | per_param=0.0441 |  natural=0.0362 | clipped=0.0362(上限20.0)
26-28-13-39 原始规范坐标 G(Re Σrow_mean) = +9.1959 | 累计|g| = 7.2877
26-28-13-39 Ψ矩阵条件数 cond(Ψ) = 1.26e+01
26-28-13-39 Loss=-3.187964 | E0=-1.04582484+0.00085337j | E1=-0.95162143-0.00076311j|E2=-0.65618092+0.00047150j|E3=-0.53433705-0.00002358j
26-28-13-39 #-----------------------------------------#
26-28-13-39 [保存] Step 119 → pickle 文件已更新 (120 条记录)
26-28-13-39 [GaugeReset@120] 吸收 Δg = Σ Re(col_mean) = +9.1959 | 新|g| = 7.2946
26-28-13-39 [Step 120] logΨ: mean=6.276-0.124j | min=2.379+3.097j | max=6.351+1.737j
26-28-13-39 梯度监控 | raw=0.9890 | per_param=0.0358 |  natural=0.0327 | clipped=0.0327(上限20.0)
26-28-13-39 原始规范坐标 G(Re Σrow_mean) = +9.2135 | 累计|g| = 7.2946
26-28-13-39 Ψ矩阵条件数 cond(Ψ) = 1.25e+01
26-28-13-39 Loss=-3.188345 | E0=-1.04478450+0.00087325j | E1=-0.95203611-0.00047682j|E2=-0.65678426+0.00013431j|E3=-0.53474059-0.00025867j
26-28-13-39 #-----------------------------------------#
26-28-13-39 [Step 121] logΨ: mean=6.221+0.024j | min=1.861+2.279j | max=6.296+1.748j
26-28-13-39 梯度监控 | raw=1.9891 | per_param=0.0720 |  natural=0.0316 | clipped=0.0316(上限20.0)
26-28-13-39 原始规范坐标 G(Re Σrow_mean) = +9.1741 | 累计|g| = 7.2946
26-28-13-39 Ψ矩阵条件数 cond(Ψ) = 1.24e+01
26-28-13-39 Loss=-3.186351 | E0=-1.04407811+0.00016883j | E1=-0.95115005+0.00012027j|E2=-0.65580805+0.00005540j|E3=-0.53531476+0.00006147j
26-28-13-39 #-----------------------------------------#
26-28-13-39 [Step 122] logΨ: mean=6.113+0.239j | min=0.417+1.260j | max=6.235+1.651j
26-28-13-39 梯度监控 | raw=1.0534 | per_param=0.0381 |  natural=0.0376 | clipped=0.0376(上限20.0)
26-28-13-39 原始规范坐标 G(Re Σrow_mean) = +9.1260 | 累计|g| = 7.2946
26-28-13-39 Ψ矩阵条件数 cond(Ψ) = 1.21e+01
26-28-13-39 Loss=-3.189075 | E0=-1.04607875+0.00054935j | E1=-0.95174838+0.00006371j|E2=-0.65673030-0.00003339j|E3=-0.53451803+0.00009784j
26-28-13-39 #-----------------------------------------#
26-28-13-39 [Step 123] logΨ: mean=6.124+0.227j | min=-0.918+2.159j | max=6.224+1.567j
26-28-13-39 梯度监控 | raw=2.9548 | per_param=0.1069 |  natural=0.0537 | clipped=0.0537(上限20.0)
26-28-13-39 原始规范坐标 G(Re Σrow_mean) = +9.1164 | 累计|g| = 7.2946
26-28-13-39 Ψ矩阵条件数 cond(Ψ) = 1.19e+01
26-28-13-39 Loss=-3.185233 | E0=-1.04508570-0.00216188j | E1=-0.95142822+0.00023402j|E2=-0.65503685-0.00034746j|E3=-0.53368175+0.00000503j
26-28-13-39 #-----------------------------------------#
26-28-13-39 [Step 124] logΨ: mean=6.233+0.078j | min=1.729+1.305j | max=6.274+1.605j
26-28-13-39 梯度监控 | raw=1.0986 | per_param=0.0397 |  natural=0.0252 | clipped=0.0252(上限20.0)
26-28-13-39 原始规范坐标 G(Re Σrow_mean) = +9.1489 | 累计|g| = 7.2946
26-28-13-39 Ψ矩阵条件数 cond(Ψ) = 1.19e+01
26-28-13-39 Loss=-3.189094 | E0=-1.04648067+0.00078583j | E1=-0.95171017+0.00050740j|E2=-0.65657045-0.00024055j|E3=-0.53433261-0.00006898j
26-28-13-39 #-----------------------------------------#
26-28-13-39 [Step 125] logΨ: mean=6.088+0.017j | min=0.266-1.728j | max=6.183+1.521j
26-28-13-39 梯度监控 | raw=0.7325 | per_param=0.0265 |  natural=0.0521 | clipped=0.0521(上限20.0)
26-28-13-39 原始规范坐标 G(Re Σrow_mean) = +9.0756 | 累计|g| = 7.2946
26-28-13-39 Ψ矩阵条件数 cond(Ψ) = 1.16e+01
26-28-13-39 Loss=-3.188504 | E0=-1.04498604+0.00110838j | E1=-0.95204900-0.00055860j|E2=-0.65673394+0.00025258j|E3=-0.53473539+0.00007884j
26-28-13-39 #-----------------------------------------#
26-28-13-39 [Step 126] logΨ: mean=6.165+0.093j | min=1.689-1.864j | max=6.230+1.503j
26-28-13-39 梯度监控 | raw=0.7605 | per_param=0.0275 |  natural=0.0326 | clipped=0.0326(上限20.0)
26-28-13-39 原始规范坐标 G(Re Σrow_mean) = +9.0896 | 累计|g| = 7.2946
26-28-13-39 Ψ矩阵条件数 cond(Ψ) = 1.19e+01
26-28-13-39 Loss=-3.188825 | E0=-1.04503387-0.00013124j | E1=-0.95246953-0.00034315j|E2=-0.65724255+0.00010521j|E3=-0.53407905-0.00002786j
26-28-13-39 #-----------------------------------------#
26-28-13-39 [Step 127] logΨ: mean=6.238+0.267j | min=1.425-0.129j | max=6.333+1.527j
26-28-13-39 梯度监控 | raw=5.7828 | per_param=0.2092 |  natural=0.0630 | clipped=0.0630(上限20.0)
26-28-13-39 原始规范坐标 G(Re Σrow_mean) = +9.0840 | 累计|g| = 7.2946
26-28-13-39 Ψ矩阵条件数 cond(Ψ) = 1.21e+01
26-28-13-39 Loss=-3.186127 | E0=-1.04472575-0.00024617j | E1=-0.95086595-0.00052855j|E2=-0.65617180+0.00053287j|E3=-0.53436357+0.00012799j
26-28-13-39 #-----------------------------------------#
26-28-13-39 [Step 128] logΨ: mean=6.208+0.327j | min=1.808+0.522j | max=6.283+1.552j
26-28-13-39 梯度监控 | raw=1.0461 | per_param=0.0378 |  natural=0.0260 | clipped=0.0260(上限20.0)
26-28-13-39 原始规范坐标 G(Re Σrow_mean) = +9.0746 | 累计|g| = 7.2946
26-28-13-39 Ψ矩阵条件数 cond(Ψ) = 1.20e+01
26-28-13-39 Loss=-3.188989 | E0=-1.04573833-0.00060748j | E1=-0.95171057+0.00007259j|E2=-0.65727559+0.00005408j|E3=-0.53426499+0.00005334j
26-28-13-39 #-----------------------------------------#
26-28-13-39 [Step 129] logΨ: mean=6.207+0.271j | min=2.096-1.221j | max=6.261+1.544j
26-28-13-39 梯度监控 | raw=0.3349 | per_param=0.0121 |  natural=0.0076 | clipped=0.0076(上限20.0)
26-28-13-39 原始规范坐标 G(Re Σrow_mean) = +9.0780 | 累计|g| = 7.2946
26-28-13-39 Ψ矩阵条件数 cond(Ψ) = 1.21e+01
26-28-13-39 Loss=-3.190449 | E0=-1.04664709+0.00050924j | E1=-0.95223929-0.00003396j|E2=-0.65695013+0.00017318j|E3=-0.53461280+0.00006592j
26-28-13-39 #-----------------------------------------#
26-28-13-39 [GaugeReset@130] 吸收 Δg = Σ Re(col_mean) = +9.0780 | 新|g| = 7.2825
26-28-13-39 [Step 130] logΨ: mean=6.249+0.106j | min=1.765+0.490j | max=6.319+1.531j
26-28-13-39 梯度监控 | raw=1.2088 | per_param=0.0437 |  natural=0.0347 | clipped=0.0347(上限20.0)
26-28-13-39 原始规范坐标 G(Re Σrow_mean) = +9.0523 | 累计|g| = 7.2825
26-28-13-39 Ψ矩阵条件数 cond(Ψ) = 1.17e+01
26-28-13-39 Loss=-3.189039 | E0=-1.04573805+0.00059680j | E1=-0.95159138+0.00011579j|E2=-0.65706611+0.00002565j|E3=-0.53464313-0.00007977j
26-28-13-39 #-----------------------------------------#
26-28-13-39 [Step 131] logΨ: mean=6.307-0.412j | min=1.814-1.794j | max=6.394+1.538j
26-28-13-39 梯度监控 | raw=2.4452 | per_param=0.0885 |  natural=0.0284 | clipped=0.0284(上限20.0)
26-28-13-39 原始规范坐标 G(Re Σrow_mean) = +9.0505 | 累计|g| = 7.2825
26-28-13-39 Ψ矩阵条件数 cond(Ψ) = 1.20e+01
26-28-13-39 Loss=-3.186197 | E0=-1.04362900-0.00070103j | E1=-0.95234393-0.00013218j|E2=-0.65572462-0.00008728j|E3=-0.53449982+0.00005545j
26-28-13-39 #-----------------------------------------#
26-28-13-39 [Step 132] logΨ: mean=6.320-0.064j | min=2.648-2.174j | max=6.370+1.500j
26-28-13-39 梯度监控 | raw=1.2479 | per_param=0.0451 |  natural=0.0300 | clipped=0.0300(上限20.0)
26-28-13-39 原始规范坐标 G(Re Σrow_mean) = +9.0529 | 累计|g| = 7.2825
26-28-13-39 Ψ矩阵条件数 cond(Ψ) = 1.19e+01
26-28-13-39 Loss=-3.188298 | E0=-1.04471935-0.00041932j | E1=-0.95237914-0.00008268j|E2=-0.65725191+0.00002021j|E3=-0.53394757-0.00014810j
26-28-13-39 #-----------------------------------------#
26-28-13-39 [Step 133] logΨ: mean=6.184-0.437j | min=1.720+0.601j | max=6.304+1.396j
26-28-13-39 梯度监控 | raw=4.7445 | per_param=0.1716 |  natural=0.0417 | clipped=0.0417(上限20.0)
26-28-13-39 原始规范坐标 G(Re Σrow_mean) = +8.9967 | 累计|g| = 7.2825
26-28-13-39 Ψ矩阵条件数 cond(Ψ) = 1.15e+01
26-28-13-39 Loss=-3.183015 | E0=-1.04297400-0.00169661j | E1=-0.94898563-0.00037385j|E2=-0.65664096+0.00004574j|E3=-0.53441411-0.00008663j
26-28-13-39 #-----------------------------------------#
26-28-13-39 [Step 134] logΨ: mean=6.241-0.288j | min=2.246+2.621j | max=6.290+1.381j
26-28-13-39 梯度监控 | raw=0.7054 | per_param=0.0255 |  natural=0.0158 | clipped=0.0158(上限20.0)
26-28-13-39 原始规范坐标 G(Re Σrow_mean) = +9.0350 | 累计|g| = 7.2825
26-28-13-39 Ψ矩阵条件数 cond(Ψ) = 1.16e+01
26-28-13-39 Loss=-3.189680 | E0=-1.04621104+0.00053311j | E1=-0.95231405+0.00002500j|E2=-0.65689866-0.00000577j|E3=-0.53425595-0.00031662j
26-28-13-39 #-----------------------------------------#
26-28-13-39 [Step 135] logΨ: mean=6.134-0.162j | min=1.575-1.287j | max=6.350+1.443j
26-28-13-39 梯度监控 | raw=3.4195 | per_param=0.1237 |  natural=0.0453 | clipped=0.0453(上限20.0)
26-28-13-39 原始规范坐标 G(Re Σrow_mean) = +8.9298 | 累计|g| = 7.2825
26-28-13-39 Ψ矩阵条件数 cond(Ψ) = 1.19e+01
26-28-13-39 Loss=-3.186754 | E0=-1.04544834-0.00000470j | E1=-0.95059888+0.00072510j|E2=-0.65720975-0.00089321j|E3=-0.53349707-0.00007610j
26-28-13-39 #-----------------------------------------#
26-28-13-39 [Step 136] logΨ: mean=6.295+0.360j | min=0.643+1.619j | max=6.370+1.496j
26-28-13-39 梯度监控 | raw=0.6040 | per_param=0.0219 |  natural=0.0305 | clipped=0.0305(上限20.0)
26-28-13-39 原始规范坐标 G(Re Σrow_mean) = +8.9885 | 累计|g| = 7.2825
26-28-13-39 Ψ矩阵条件数 cond(Ψ) = 1.22e+01
26-28-13-39 Loss=-3.189750 | E0=-1.04650768+0.00041809j | E1=-0.95213002+0.00025305j|E2=-0.65677113-0.00010151j|E3=-0.53434071+0.00019971j
26-28-13-39 #-----------------------------------------#
26-28-13-39 [Step 137] logΨ: mean=6.254+0.263j | min=2.055-2.835j | max=6.318+1.491j
26-28-13-39 梯度监控 | raw=0.7176 | per_param=0.0260 |  natural=0.0263 | clipped=0.0263(上限20.0)
26-28-13-39 原始规范坐标 G(Re Σrow_mean) = +8.9650 | 累计|g| = 7.2825
26-28-13-39 Ψ矩阵条件数 cond(Ψ) = 1.22e+01
26-28-13-39 Loss=-3.189430 | E0=-1.04632807-0.00007093j | E1=-0.95203677-0.00035866j|E2=-0.65724666+0.00032245j|E3=-0.53381879-0.00010835j
26-28-13-39 #-----------------------------------------#
26-28-13-39 [Step 138] logΨ: mean=6.261-0.095j | min=1.487+1.340j | max=6.377+1.528j
26-28-13-39 梯度监控 | raw=2.6678 | per_param=0.0965 |  natural=0.0187 | clipped=0.0187(上限20.0)
26-28-13-39 原始规范坐标 G(Re Σrow_mean) = +8.9400 | 累计|g| = 7.2825
26-28-13-39 Ψ矩阵条件数 cond(Ψ) = 1.25e+01
26-28-13-39 Loss=-3.190542 | E0=-1.04642030+0.00011116j | E1=-0.95198774-0.00091083j|E2=-0.65787280+0.00053384j|E3=-0.53426166-0.00004645j
26-28-13-39 #-----------------------------------------#
26-28-13-39 [Step 139] logΨ: mean=6.296-0.527j | min=1.843-2.806j | max=6.349+1.463j
26-28-13-39 梯度监控 | raw=1.0641 | per_param=0.0385 |  natural=0.0374 | clipped=0.0374(上限20.0)
26-28-13-39 原始规范坐标 G(Re Σrow_mean) = +8.9825 | 累计|g| = 7.2825
26-28-13-39 Ψ矩阵条件数 cond(Ψ) = 1.22e+01
26-28-13-39 Loss=-3.189607 | E0=-1.04608690+0.00035545j | E1=-0.95176051-0.00015851j|E2=-0.65716502+0.00016592j|E3=-0.53459446-0.00000212j
26-28-13-39 #-----------------------------------------#
26-28-13-39 [保存] Step 139 → pickle 文件已更新 (140 条记录)
26-28-13-39 [GaugeReset@140] 吸收 Δg = Σ Re(col_mean) = +8.9825 | 新|g| = 7.2750
26-28-13-39 [Step 140] logΨ: mean=6.322+0.153j | min=1.734-1.356j | max=6.396+1.503j
26-28-13-39 梯度监控 | raw=2.8945 | per_param=0.1047 |  natural=0.0393 | clipped=0.0393(上限20.0)
26-28-13-39 原始规范坐标 G(Re Σrow_mean) = +8.9296 | 累计|g| = 7.2750
26-28-13-39 Ψ矩阵条件数 cond(Ψ) = 1.20e+01
26-28-13-39 Loss=-3.187458 | E0=-1.04643028+0.00279262j | E1=-0.95124359+0.00072102j|E2=-0.65608322-0.00048911j|E3=-0.53370072+0.00020878j
26-28-13-39 #-----------------------------------------#
26-28-13-39 [Step 141] logΨ: mean=6.286+0.330j | min=0.461+1.417j | max=6.341+1.515j
26-28-13-39 梯度监控 | raw=1.6713 | per_param=0.0605 |  natural=0.0203 | clipped=0.0203(上限20.0)
26-28-13-39 原始规范坐标 G(Re Σrow_mean) = +8.9109 | 累计|g| = 7.2750
26-28-13-39 Ψ矩阵条件数 cond(Ψ) = 1.19e+01
26-28-13-39 Loss=-3.187474 | E0=-1.04485987+0.00065871j | E1=-0.95204343+0.00023448j|E2=-0.65662758-0.00013227j|E3=-0.53394345-0.00009554j
26-28-13-39 #-----------------------------------------#
26-28-13-39 [Step 142] logΨ: mean=6.333-0.193j | min=1.534+1.911j | max=6.397+1.515j
26-28-13-39 梯度监控 | raw=1.0064 | per_param=0.0364 |  natural=0.0228 | clipped=0.0228(上限20.0)
26-28-13-39 原始规范坐标 G(Re Σrow_mean) = +8.9049 | 累计|g| = 7.2750
26-28-13-39 Ψ矩阵条件数 cond(Ψ) = 1.22e+01
26-28-13-39 Loss=-3.188264 | E0=-1.04456146+0.00102972j | E1=-0.95233337-0.00011040j|E2=-0.65697636+0.00020818j|E3=-0.53439242-0.00013437j
26-28-13-39 #-----------------------------------------#
26-28-13-39 [Step 143] logΨ: mean=6.327-0.464j | min=1.526-1.246j | max=6.471+1.518j
26-28-13-39 梯度监控 | raw=1.7040 | per_param=0.0617 |  natural=0.0354 | clipped=0.0354(上限20.0)
26-28-13-39 原始规范坐标 G(Re Σrow_mean) = +8.8588 | 累计|g| = 7.2750
26-28-13-39 Ψ矩阵条件数 cond(Ψ) = 1.25e+01
26-28-13-39 Loss=-3.187535 | E0=-1.04394835-0.00000355j | E1=-0.95202712-0.00011996j|E2=-0.65745581-0.00022931j|E3=-0.53410379-0.00027959j
26-28-13-39 #-----------------------------------------#
26-28-13-39 [Step 144] logΨ: mean=6.420-0.051j | min=0.892-1.510j | max=6.541+1.561j
26-28-13-39 梯度监控 | raw=4.3786 | per_param=0.1584 |  natural=0.0348 | clipped=0.0348(上限20.0)
26-28-13-39 原始规范坐标 G(Re Σrow_mean) = +8.8795 | 累计|g| = 7.2750
26-28-13-39 Ψ矩阵条件数 cond(Ψ) = 1.27e+01
26-28-13-39 Loss=-3.182328 | E0=-1.04284247-0.00221061j | E1=-0.94908819+0.00017883j|E2=-0.65608237-0.00016839j|E3=-0.53431511-0.00035229j
26-28-13-39 #-----------------------------------------#
26-28-13-39 [Step 145] logΨ: mean=6.617-0.360j | min=1.826-1.679j | max=6.686+1.589j
26-28-13-39 梯度监控 | raw=8.2297 | per_param=0.2977 |  natural=0.0329 | clipped=0.0329(上限20.0)
26-28-13-39 原始规范坐标 G(Re Σrow_mean) = +8.9613 | 累计|g| = 7.2750
26-28-13-39 Ψ矩阵条件数 cond(Ψ) = 1.29e+01
26-28-13-39 Loss=-3.185004 | E0=-1.04520364-0.00072757j | E1=-0.94959101+0.00078688j|E2=-0.65655107-0.00064803j|E3=-0.53365823-0.00030370j
26-28-13-39 #-----------------------------------------#
26-28-13-39 [Step 146] logΨ: mean=6.498-0.542j | min=0.891-1.504j | max=6.616+1.582j
26-28-13-39 梯度监控 | raw=5.8849 | per_param=0.2129 |  natural=0.0385 | clipped=0.0385(上限20.0)
26-28-13-39 原始规范坐标 G(Re Σrow_mean) = +8.8702 | 累计|g| = 7.2750
26-28-13-39 Ψ矩阵条件数 cond(Ψ) = 1.29e+01
26-28-13-39 Loss=-3.186606 | E0=-1.04547542-0.00015486j | E1=-0.95084679-0.00073389j|E2=-0.65658905+0.00044030j|E3=-0.53369443-0.00003109j
26-28-13-39 #-----------------------------------------#
26-28-13-39 [Step 147] logΨ: mean=6.488-0.379j | min=2.269+2.717j | max=6.584+1.624j
26-28-13-39 梯度监控 | raw=2.4099 | per_param=0.0872 |  natural=0.0368 | clipped=0.0368(上限20.0)
26-28-13-39 原始规范坐标 G(Re Σrow_mean) = +8.8475 | 累计|g| = 7.2750
26-28-13-39 Ψ矩阵条件数 cond(Ψ) = 1.26e+01
26-28-13-39 Loss=-3.187862 | E0=-1.04422282-0.00074925j | E1=-0.95058146-0.00088338j|E2=-0.65723655+0.00066244j|E3=-0.53582114+0.00028207j
26-28-13-39 #-----------------------------------------#
26-28-13-39 [Step 148] logΨ: mean=6.522-0.487j | min=2.704-2.040j | max=6.569+1.599j
26-28-13-39 梯度监控 | raw=0.5318 | per_param=0.0192 |  natural=0.0136 | clipped=0.0136(上限20.0)
26-28-13-39 原始规范坐标 G(Re Σrow_mean) = +8.8653 | 累计|g| = 7.2750
26-28-13-39 Ψ矩阵条件数 cond(Ψ) = 1.25e+01
26-28-13-39 Loss=-3.189496 | E0=-1.04561326-0.00024822j | E1=-0.95233233+0.00006994j|E2=-0.65712725+0.00006909j|E3=-0.53442323-0.00025909j
26-28-13-39 #-----------------------------------------#
26-28-13-39 [Step 149] logΨ: mean=6.595-0.286j | min=1.041+1.664j | max=6.706+1.579j
26-28-13-39 梯度监控 | raw=4.1013 | per_param=0.1484 |  natural=0.0375 | clipped=0.0375(上限20.0)
26-28-13-39 原始规范坐标 G(Re Σrow_mean) = +8.8770 | 累计|g| = 7.2750
26-28-13-39 Ψ矩阵条件数 cond(Ψ) = 1.27e+01
26-28-13-39 Loss=-3.186437 | E0=-1.04474752-0.00207316j | E1=-0.95027521+0.00032107j|E2=-0.65728296-0.00026801j|E3=-0.53413166-0.00029561j
26-28-13-39 #-----------------------------------------#
26-28-13-39 [GaugeReset@150] 吸收 Δg = Σ Re(col_mean) = +8.8770 | 新|g| = 7.2914
26-28-13-39 [Step 150] logΨ: mean=6.640-0.108j | min=0.959-1.457j | max=6.692+1.593j
26-28-13-39 梯度监控 | raw=4.8500 | per_param=0.1755 |  natural=0.0418 | clipped=0.0418(上限20.0)
26-28-13-39 原始规范坐标 G(Re Σrow_mean) = +8.8410 | 累计|g| = 7.2914
26-28-13-39 Ψ矩阵条件数 cond(Ψ) = 1.23e+01
26-28-13-39 Loss=-3.187511 | E0=-1.04639877+0.00060920j | E1=-0.95068252+0.00072595j|E2=-0.65646485-0.00050966j|E3=-0.53396476+0.00004618j
26-28-13-39 #-----------------------------------------#
26-28-13-39 [Step 151] logΨ: mean=6.620+0.086j | min=0.192+1.921j | max=6.701+1.558j
26-28-13-39 梯度监控 | raw=5.4056 | per_param=0.1956 |  natural=0.0272 | clipped=0.0272(上限20.0)
26-28-13-39 原始规范坐标 G(Re Σrow_mean) = +8.8330 | 累计|g| = 7.2914
26-28-13-39 Ψ矩阵条件数 cond(Ψ) = 1.20e+01
26-28-13-39 Loss=-3.183680 | E0=-1.04389797+0.00306744j | E1=-0.95023620-0.00040255j|E2=-0.65593226+0.00057027j|E3=-0.53361365-0.00045020j
26-28-13-39 #-----------------------------------------#
26-28-13-39 [Step 152] logΨ: mean=6.683+0.322j | min=0.621-1.465j | max=6.797+1.590j
26-28-13-39 梯度监控 | raw=11.8546 | per_param=0.4289 |  natural=0.0241 | clipped=0.0241(上限20.0)
26-28-13-39 原始规范坐标 G(Re Σrow_mean) = +8.8453 | 累计|g| = 7.2914
26-28-13-39 Ψ矩阵条件数 cond(Ψ) = 1.23e+01
26-28-13-39 Loss=-3.171423 | E0=-1.03499314-0.00152117j | E1=-0.94985721+0.00190685j|E2=-0.65348027-0.00125360j|E3=-0.53309249-0.00038874j
26-28-13-39 #-----------------------------------------#
26-28-13-39 【Step 153】per-param 梯度范数超限，已裁剪：scale=0.8323 | 裁剪后 per_param=0.5000
26-28-13-39 [Step 153] logΨ: mean=6.948+0.193j | min=0.257+0.432j | max=7.069+1.733j
26-28-13-39 梯度监控 | raw=13.8203 | per_param=0.5000 |  natural=0.0676 | clipped=0.0676(上限20.0)
26-28-13-39 原始规范坐标 G(Re Σrow_mean) = +8.9630 | 累计|g| = 7.2914
26-28-13-39 Ψ矩阵条件数 cond(Ψ) = 1.23e+01
26-28-13-39 Loss=-3.167020 | E0=-1.02834096-0.00359649j | E1=-0.94975443-0.00021763j|E2=-0.65653601-0.00010020j|E3=-0.53238833-0.00084874j
26-28-13-39 #-----------------------------------------#
26-28-13-39 【Step 154】per-param 梯度范数超限，已裁剪：scale=0.8231 | 裁剪后 per_param=0.5000
26-28-13-39 [Step 154] logΨ: mean=6.968-0.115j | min=2.354+1.007j | max=7.094+1.716j
26-28-13-39 梯度监控 | raw=13.8203 | per_param=0.5000 |  natural=0.0221 | clipped=0.0221(上限20.0)
26-28-13-39 原始规范坐标 G(Re Σrow_mean) = +8.9888 | 累计|g| = 7.2914
26-28-13-39 Ψ矩阵条件数 cond(Ψ) = 1.21e+01
26-28-13-39 Loss=-3.160139 | E0=-1.02696419-0.00776646j | E1=-0.94764827-0.00041636j|E2=-0.65384984-0.00000988j|E3=-0.53167644-0.00046666j
26-28-13-39 #-----------------------------------------#
26-28-13-39 [Step 155] logΨ: mean=7.097-0.077j | min=1.190-0.838j | max=7.170+1.724j
26-28-13-39 梯度监控 | raw=2.6969 | per_param=0.0976 |  natural=0.0256 | clipped=0.0256(上限20.0)
26-28-13-39 原始规范坐标 G(Re Σrow_mean) = +9.0106 | 累计|g| = 7.2914
26-28-13-39 Ψ矩阵条件数 cond(Ψ) = 1.34e+01
26-28-13-39 Loss=-3.186383 | E0=-1.04397979+0.00147868j | E1=-0.95102397+0.00077770j|E2=-0.65508555-0.00029571j|E3=-0.53629344+0.00039363j
26-28-13-39 #-----------------------------------------#
26-28-13-39 [Step 156] logΨ: mean=6.969-0.114j | min=0.631-0.351j | max=7.074+1.611j
26-28-13-39 梯度监控 | raw=8.2913 | per_param=0.3000 |  natural=0.0321 | clipped=0.0321(上限20.0)
26-28-13-39 原始规范坐标 G(Re Σrow_mean) = +8.9566 | 累计|g| = 7.2914
26-28-13-39 Ψ矩阵条件数 cond(Ψ) = 1.21e+01
26-28-13-39 Loss=-3.187271 | E0=-1.04451836+0.00127560j | E1=-0.94976454-0.00002306j|E2=-0.65683234-0.00002766j|E3=-0.53615597+0.00018553j
26-28-13-39 #-----------------------------------------#
26-28-13-39 [Step 157] logΨ: mean=6.944+0.117j | min=2.731+0.170j | max=7.011+1.566j
26-28-13-39 梯度监控 | raw=0.5591 | per_param=0.0202 |  natural=0.0318 | clipped=0.0318(上限20.0)
26-28-13-39 原始规范坐标 G(Re Σrow_mean) = +8.9427 | 累计|g| = 7.2914
26-28-13-39 Ψ矩阵条件数 cond(Ψ) = 1.20e+01
26-28-13-39 Loss=-3.191421 | E0=-1.04649111+0.00233120j | E1=-0.95248004+0.00031046j|E2=-0.65693576-0.00031475j|E3=-0.53551411-0.00008860j
26-28-13-39 #-----------------------------------------#
26-28-13-39 【Step 158】per-param 梯度范数超限，已裁剪：scale=0.6078 | 裁剪后 per_param=0.5000
26-28-13-39 [Step 158] logΨ: mean=6.898+0.129j | min=2.697+0.136j | max=7.019+1.559j
26-28-13-39 梯度监控 | raw=13.8203 | per_param=0.5000 |  natural=0.0189 | clipped=0.0189(上限20.0)
26-28-13-39 原始规范坐标 G(Re Σrow_mean) = +8.9194 | 累计|g| = 7.2914
26-28-13-39 Ψ矩阵条件数 cond(Ψ) = 1.19e+01
26-28-13-39 Loss=-3.158775 | E0=-1.03112382+0.00148209j | E1=-0.94340642+0.00020090j|E2=-0.65170142+0.00028794j|E3=-0.53254363-0.00050024j
26-28-13-39 #-----------------------------------------#
26-28-13-39 【Step 159】per-param 梯度范数超限，已裁剪：scale=0.4825 | 裁剪后 per_param=0.5000
26-28-13-39 [Step 159] logΨ: mean=6.842-0.103j | min=2.178-2.084j | max=6.982+1.503j
26-28-13-39 梯度监控 | raw=13.8203 | per_param=0.5000 |  natural=0.0119 | clipped=0.0119(上限20.0)
26-28-13-39 原始规范坐标 G(Re Σrow_mean) = +8.8813 | 累计|g| = 7.2914
26-28-13-39 Ψ矩阵条件数 cond(Ψ) = 1.19e+01
26-28-13-39 Loss=-3.150679 | E0=-1.02043574-0.00099061j | E1=-0.94546348-0.00105099j|E2=-0.65380954+0.00095772j|E3=-0.53097021-0.00044767j
26-28-13-39 #-----------------------------------------#
26-28-13-39 [保存] Step 159 → pickle 文件已更新 (160 条记录)
26-28-13-39 [GaugeReset@160] 吸收 Δg = Σ Re(col_mean) = +8.8813 | 新|g| = 7.3500
26-28-13-39 [Step 160] logΨ: mean=6.872-0.273j | min=1.184+0.606j | max=6.972+1.350j
26-28-13-39 梯度监控 | raw=13.6169 | per_param=0.4926 |  natural=0.0335 | clipped=0.0335(上限20.0)
26-28-13-39 原始规范坐标 G(Re Σrow_mean) = +8.9070 | 累计|g| = 7.3500
26-28-13-39 Ψ矩阵条件数 cond(Ψ) = 1.19e+01
26-28-13-39 Loss=-3.173425 | E0=-1.03731700+0.00196346j | E1=-0.94847533+0.00009759j|E2=-0.65528205+0.00018996j|E3=-0.53235042-0.00059797j
26-28-13-39 #-----------------------------------------#
26-28-13-39 【Step 161】per-param 梯度范数超限，已裁剪：scale=0.5358 | 裁剪后 per_param=0.5000
26-28-13-39 [Step 161] logΨ: mean=6.888-0.242j | min=1.390+1.311j | max=7.016+1.378j
26-28-13-39 梯度监控 | raw=13.8203 | per_param=0.5000 |  natural=0.0078 | clipped=0.0078(上限20.0)
26-28-13-39 原始规范坐标 G(Re Σrow_mean) = +8.9021 | 累计|g| = 7.3500
26-28-13-39 Ψ矩阵条件数 cond(Ψ) = 1.21e+01
26-28-13-39 Loss=-3.153020 | E0=-1.01824663-0.00189334j | E1=-0.94888198+0.00039685j|E2=-0.65416765-0.00045075j|E3=-0.53172335-0.00101411j
26-28-13-39 #-----------------------------------------#
26-28-13-39 【Step 162】per-param 梯度范数超限，已裁剪：scale=0.6093 | 裁剪后 per_param=0.5000
26-28-13-39 [Step 162] logΨ: mean=6.845-0.191j | min=1.326+2.097j | max=7.027+1.409j
26-28-13-39 梯度监控 | raw=13.8203 | per_param=0.5000 |  natural=0.0189 | clipped=0.0189(上限20.0)
26-28-13-39 原始规范坐标 G(Re Σrow_mean) = +8.8465 | 累计|g| = 7.3500
26-28-13-39 Ψ矩阵条件数 cond(Ψ) = 1.23e+01
26-28-13-39 Loss=-3.158396 | E0=-1.02117770-0.00286727j | E1=-0.94883946-0.00045967j|E2=-0.65552948+0.00030814j|E3=-0.53284926+0.00038281j
26-28-13-39 #-----------------------------------------#
26-28-13-39 [Step 163] logΨ: mean=6.962+0.009j | min=0.877-1.470j | max=7.005+1.400j
26-28-13-39 梯度监控 | raw=6.3445 | per_param=0.2295 |  natural=0.0088 | clipped=0.0088(上限20.0)
26-28-13-39 原始规范坐标 G(Re Σrow_mean) = +8.9242 | 累计|g| = 7.3500
26-28-13-39 Ψ矩阵条件数 cond(Ψ) = 1.23e+01
26-28-13-39 Loss=-3.190964 | E0=-1.04990168+0.00306908j | E1=-0.95057839+0.00045635j|E2=-0.65652663-0.00021876j|E3=-0.53395770-0.00012346j
26-28-13-39 #-----------------------------------------#
26-28-13-39 [Step 164] logΨ: mean=6.804-0.366j | min=-0.083+0.787j | max=6.918+1.416j
26-28-13-39 梯度监控 | raw=4.8953 | per_param=0.1771 |  natural=0.0345 | clipped=0.0345(上限20.0)
26-28-13-39 原始规范坐标 G(Re Σrow_mean) = +8.8214 | 累计|g| = 7.3500
26-28-13-39 Ψ矩阵条件数 cond(Ψ) = 1.23e+01
26-28-13-39 Loss=-3.187089 | E0=-1.04568999+0.00087582j | E1=-0.95114230+0.00042176j|E2=-0.65591012-0.00039138j|E3=-0.53434671+0.00091833j
26-28-13-39 #-----------------------------------------#
26-28-13-39 [Step 165] logΨ: mean=6.714+0.125j | min=1.066+1.518j | max=6.843+1.448j
26-28-13-39 梯度监控 | raw=7.1077 | per_param=0.2571 |  natural=0.0348 | clipped=0.0348(上限20.0)
26-28-13-39 原始规范坐标 G(Re Σrow_mean) = +8.7557 | 累计|g| = 7.3500
26-28-13-39 Ψ矩阵条件数 cond(Ψ) = 1.23e+01
26-28-13-39 Loss=-3.184507 | E0=-1.04370293+0.00072449j | E1=-0.95116317-0.00037909j|E2=-0.65636538-0.00023966j|E3=-0.53327542+0.00003779j
26-28-13-39 #-----------------------------------------#
26-28-13-39 [Step 166] logΨ: mean=6.663-0.019j | min=0.587-1.953j | max=6.861+1.464j
26-28-13-39 梯度监控 | raw=10.8792 | per_param=0.3936 |  natural=0.0307 | clipped=0.0307(上限20.0)
26-28-13-39 原始规范坐标 G(Re Σrow_mean) = +8.6730 | 累计|g| = 7.3500
26-28-13-39 Ψ矩阵条件数 cond(Ψ) = 1.27e+01
26-28-13-39 Loss=-3.176851 | E0=-1.03336968-0.00279277j | E1=-0.95300924-0.00013409j|E2=-0.65699027-0.00014264j|E3=-0.53348181+0.00051700j
26-28-13-39 #-----------------------------------------#
26-28-13-39 【Step 167】per-param 梯度范数超限，已裁剪：scale=0.8144 | 裁剪后 per_param=0.5000
26-28-13-39 [Step 167] logΨ: mean=6.761-0.325j | min=2.221-2.334j | max=6.881+1.371j
26-28-13-39 梯度监控 | raw=13.8203 | per_param=0.5000 |  natural=0.0256 | clipped=0.0256(上限20.0)
26-28-13-39 原始规范坐标 G(Re Σrow_mean) = +8.7604 | 累计|g| = 7.3500
26-28-13-39 Ψ矩阵条件数 cond(Ψ) = 1.23e+01
26-28-13-39 Loss=-3.178070 | E0=-1.03712201-0.00172081j | E1=-0.94948831-0.00027923j|E2=-0.65630926-0.00017369j|E3=-0.53515036+0.00040572j
26-28-13-39 #-----------------------------------------#
26-28-13-39 [Step 168] logΨ: mean=6.782-0.411j | min=2.710+1.150j | max=6.843+1.366j
26-28-13-39 梯度监控 | raw=1.3401 | per_param=0.0485 |  natural=0.0338 | clipped=0.0338(上限20.0)
26-28-13-39 原始规范坐标 G(Re Σrow_mean) = +8.7609 | 累计|g| = 7.3500
26-28-13-39 Ψ矩阵条件数 cond(Ψ) = 1.23e+01
26-28-13-39 Loss=-3.189244 | E0=-1.04671932+0.00122486j | E1=-0.95168088+0.00003784j|E2=-0.65700314-0.00008213j|E3=-0.53384108-0.00016349j
26-28-13-39 #-----------------------------------------#
26-28-13-39 [Step 169] logΨ: mean=6.785+0.055j | min=2.319+1.200j | max=6.828+1.387j
26-28-13-39 梯度监控 | raw=3.8405 | per_param=0.1389 |  natural=0.0179 | clipped=0.0179(上限20.0)
26-28-13-39 原始规范坐标 G(Re Σrow_mean) = +8.7722 | 累计|g| = 7.3500
26-28-13-39 Ψ矩阵条件数 cond(Ψ) = 1.24e+01
26-28-13-39 Loss=-3.191298 | E0=-1.04886234+0.00136483j | E1=-0.95121067+0.00008320j|E2=-0.65706584+0.00007777j|E3=-0.53415887+0.00006251j
26-28-13-39 #-----------------------------------------#
26-28-13-39 [GaugeReset@170] 吸收 Δg = Σ Re(col_mean) = +8.7722 | 新|g| = 7.3633
26-28-13-39 [Step 170] logΨ: mean=6.843-0.441j | min=-0.534-1.317j | max=6.903+1.362j
26-28-13-39 梯度监控 | raw=3.0035 | per_param=0.1087 |  natural=0.0181 | clipped=0.0181(上限20.0)
26-28-13-39 原始规范坐标 G(Re Σrow_mean) = +8.7503 | 累计|g| = 7.3633
26-28-13-39 Ψ矩阵条件数 cond(Ψ) = 1.21e+01
26-28-13-39 Loss=-3.186869 | E0=-1.04576975+0.00019923j | E1=-0.95182170-0.00007177j|E2=-0.65592880+0.00019028j|E3=-0.53334886-0.00017680j
26-28-13-39 #-----------------------------------------#
26-28-13-39 [Step 171] logΨ: mean=6.745-0.566j | min=0.905-1.626j | max=6.935+1.395j
26-28-13-39 梯度监控 | raw=7.5198 | per_param=0.2721 |  natural=0.0291 | clipped=0.0291(上限20.0)
26-28-13-39 原始规范坐标 G(Re Σrow_mean) = +8.6530 | 累计|g| = 7.3633
26-28-13-39 Ψ矩阵条件数 cond(Ψ) = 1.25e+01
26-28-13-39 Loss=-3.178095 | E0=-1.03767424-0.00299928j | E1=-0.95186805-0.00089714j|E2=-0.65618490+0.00036097j|E3=-0.53236800-0.00039465j
26-28-13-39 #-----------------------------------------#
26-28-13-39 [Step 172] logΨ: mean=6.776-0.449j | min=0.570-0.681j | max=6.856+1.411j
26-28-13-39 梯度监控 | raw=1.0536 | per_param=0.0381 |  natural=0.0227 | clipped=0.0227(上限20.0)
26-28-13-39 原始规范坐标 G(Re Σrow_mean) = +8.6543 | 累计|g| = 7.3633
26-28-13-39 Ψ矩阵条件数 cond(Ψ) = 1.25e+01
26-28-13-39 Loss=-3.191736 | E0=-1.04612949+0.00052691j | E1=-0.95255583+0.00019093j|E2=-0.65715655+0.00014642j|E3=-0.53589374+0.00035896j
26-28-13-39 #-----------------------------------------#
26-28-13-39 [Step 173] logΨ: mean=6.824+0.026j | min=1.668+1.274j | max=6.953+1.435j
26-28-13-39 梯度监控 | raw=6.9335 | per_param=0.2508 |  natural=0.0314 | clipped=0.0314(上限20.0)
26-28-13-39 原始规范坐标 G(Re Σrow_mean) = +8.6706 | 累计|g| = 7.3633
26-28-13-39 Ψ矩阵条件数 cond(Ψ) = 1.14e+01
26-28-13-39 Loss=-3.188497 | E0=-1.04537864-0.00011844j | E1=-0.95127061-0.00022327j|E2=-0.65658562-0.00046510j|E3=-0.53526195+0.00046360j
26-28-13-39 #-----------------------------------------#
26-28-13-39 [Step 174] logΨ: mean=6.877+0.473j | min=1.135+1.269j | max=6.933+1.443j
26-28-13-39 梯度监控 | raw=1.8401 | per_param=0.0666 |  natural=0.0089 | clipped=0.0089(上限20.0)
26-28-13-39 原始规范坐标 G(Re Σrow_mean) = +8.6952 | 累计|g| = 7.3633
26-28-13-39 Ψ矩阵条件数 cond(Ψ) = 1.28e+01
26-28-13-39 Loss=-3.190738 | E0=-1.04712994+0.00061849j | E1=-0.95194691+0.00034535j|E2=-0.65679652+0.00001363j|E3=-0.53486471-0.00006892j
26-28-13-39 #-----------------------------------------#
26-28-13-40 [Step 175] logΨ: mean=6.849+0.302j | min=2.360-3.007j | max=7.000+1.459j
26-28-13-40 梯度监控 | raw=6.5919 | per_param=0.2385 |  natural=0.0340 | clipped=0.0340(上限20.0)
26-28-13-40 原始规范坐标 G(Re Σrow_mean) = +8.6702 | 累计|g| = 7.3633
26-28-13-40 Ψ矩阵条件数 cond(Ψ) = 1.27e+01
26-28-13-40 Loss=-3.189545 | E0=-1.04610038-0.00084855j | E1=-0.95163372-0.00029909j|E2=-0.65843539+0.00084154j|E3=-0.53337538+0.00032092j
26-28-13-40 #-----------------------------------------#
26-28-13-40 [Step 176] logΨ: mean=6.843+0.067j | min=2.543+0.322j | max=6.916+1.386j
26-28-13-40 梯度监控 | raw=2.0083 | per_param=0.0727 |  natural=0.0216 | clipped=0.0216(上限20.0)
26-28-13-40 原始规范坐标 G(Re Σrow_mean) = +8.7060 | 累计|g| = 7.3633
26-28-13-40 Ψ矩阵条件数 cond(Ψ) = 1.24e+01
26-28-13-40 Loss=-3.191020 | E0=-1.04657984+0.00038093j | E1=-0.95170103-0.00006710j|E2=-0.65700080-0.00011965j|E3=-0.53573862+0.00023292j
26-28-13-40 #-----------------------------------------#
26-28-13-40 【Step 177】per-param 梯度范数超限，已裁剪：scale=0.8112 | 裁剪后 per_param=0.5000
26-28-13-40 [Step 177] logΨ: mean=6.864-0.010j | min=2.041+1.557j | max=6.992+1.402j
26-28-13-40 梯度监控 | raw=13.8203 | per_param=0.5000 |  natural=0.0275 | clipped=0.0275(上限20.0)
26-28-13-40 原始规范坐标 G(Re Σrow_mean) = +8.7008 | 累计|g| = 7.3633
26-28-13-40 Ψ矩阵条件数 cond(Ψ) = 1.26e+01
26-28-13-40 Loss=-3.182184 | E0=-1.04369605-0.00100517j | E1=-0.94748633-0.00040360j|E2=-0.65605378+0.00038180j|E3=-0.53494762+0.00016233j
26-28-13-40 #-----------------------------------------#
26-28-13-40 [Step 178] logΨ: mean=6.967-0.286j | min=2.697-0.850j | max=7.086+1.377j
26-28-13-40 梯度监控 | raw=7.1983 | per_param=0.2604 |  natural=0.0283 | clipped=0.0283(上限20.0)
26-28-13-40 原始规范坐标 G(Re Σrow_mean) = +8.7529 | 累计|g| = 7.3633
26-28-13-40 Ψ矩阵条件数 cond(Ψ) = 1.26e+01
26-28-13-40 Loss=-3.183311 | E0=-1.04256988-0.00221921j | E1=-0.95044055+0.00062871j|E2=-0.65652901-0.00013693j|E3=-0.53377121-0.00005552j
26-28-13-40 #-----------------------------------------#
26-28-13-40 [Step 179] logΨ: mean=7.010-0.195j | min=2.734-1.102j | max=7.037+1.375j
26-28-13-40 梯度监控 | raw=0.9289 | per_param=0.0336 |  natural=0.0162 | clipped=0.0162(上限20.0)
26-28-13-40 原始规范坐标 G(Re Σrow_mean) = +8.7699 | 累计|g| = 7.3633
26-28-13-40 Ψ矩阵条件数 cond(Ψ) = 1.25e+01
26-28-13-40 Loss=-3.189724 | E0=-1.04718199+0.00072923j | E1=-0.95191702+0.00007751j|E2=-0.65628528-0.00009604j|E3=-0.53433985-0.00005721j
26-28-13-40 #-----------------------------------------#
26-28-13-40 [保存] Step 179 → pickle 文件已更新 (180 条记录)
26-28-13-40 [GaugeReset@180] 吸收 Δg = Σ Re(col_mean) = +8.7699 | 新|g| = 7.3841
26-28-13-40 [Step 180] logΨ: mean=6.958-0.394j | min=1.607-1.942j | max=7.031+1.317j
26-28-13-40 梯度监控 | raw=2.1199 | per_param=0.0767 |  natural=0.0178 | clipped=0.0178(上限20.0)
26-28-13-40 原始规范坐标 G(Re Σrow_mean) = +8.7407 | 累计|g| = 7.3841
26-28-13-40 Ψ矩阵条件数 cond(Ψ) = 1.24e+01
26-28-13-40 Loss=-3.191398 | E0=-1.04723938+0.00038300j | E1=-0.95195040-0.00010309j|E2=-0.65794225-0.00011116j|E3=-0.53426637-0.00002298j
26-28-13-40 #-----------------------------------------#
26-28-13-40 [Step 181] logΨ: mean=6.999-0.469j | min=2.411+0.423j | max=7.055+1.353j
26-28-13-40 梯度监控 | raw=4.0247 | per_param=0.1456 |  natural=0.0329 | clipped=0.0329(上限20.0)
26-28-13-40 原始规范坐标 G(Re Σrow_mean) = +8.7601 | 累计|g| = 7.3841
26-28-13-40 Ψ矩阵条件数 cond(Ψ) = 1.22e+01
26-28-13-40 Loss=-3.187955 | E0=-1.04674915+0.00046961j | E1=-0.95016761+0.00040034j|E2=-0.65632032-0.00023228j|E3=-0.53471828-0.00001144j
26-28-13-40 #-----------------------------------------#
26-28-13-40 [Step 182] logΨ: mean=6.866-0.058j | min=2.191-2.839j | max=6.938+1.208j
26-28-13-40 梯度监控 | raw=6.4654 | per_param=0.2339 |  natural=0.0352 | clipped=0.0352(上限20.0)
26-28-13-40 原始规范坐标 G(Re Σrow_mean) = +8.7319 | 累计|g| = 7.3841
26-28-13-40 Ψ矩阵条件数 cond(Ψ) = 1.17e+01
26-28-13-40 Loss=-3.184264 | E0=-1.04546361+0.00306332j | E1=-0.95122019+0.00091729j|E2=-0.65486112-0.00048953j|E3=-0.53271956-0.00067446j
26-28-13-40 #-----------------------------------------#
26-28-13-40 [Step 183] logΨ: mean=6.845+0.443j | min=0.783+1.276j | max=6.957+1.243j
26-28-13-40 梯度监控 | raw=7.3484 | per_param=0.2659 |  natural=0.0189 | clipped=0.0189(上限20.0)
26-28-13-40 原始规范坐标 G(Re Σrow_mean) = +8.7044 | 累计|g| = 7.3841
26-28-13-40 Ψ矩阵条件数 cond(Ψ) = 1.18e+01
26-28-13-40 Loss=-3.181555 | E0=-1.04014023-0.00018933j | E1=-0.95207366+0.00059604j|E2=-0.65612018-0.00000855j|E3=-0.53322133-0.00004994j
26-28-13-40 #-----------------------------------------#
26-28-13-40 [Step 184] logΨ: mean=7.734+1.664j | min=0.811+0.700j | max=7.822+2.504j
26-28-13-40 梯度监控 | raw=8.1526 | per_param=0.2949 |  natural=0.2296 | clipped=0.2296(上限20.0)
26-28-13-40 原始规范坐标 G(Re Σrow_mean) = +8.9862 | 累计|g| = 7.3841
26-28-13-40 Ψ矩阵条件数 cond(Ψ) = 1.45e+01
26-28-13-40 Loss=-3.173871 | E0=-1.03310917+0.00336652j | E1=-0.95134086-0.00001378j|E2=-0.65622119-0.00003905j|E3=-0.53319946+0.00036989j
26-28-13-40 #-----------------------------------------#
26-28-13-40 [Step 185] logΨ: mean=7.659+1.492j | min=2.745-1.431j | max=7.764+2.494j
26-28-13-40 梯度监控 | raw=9.3610 | per_param=0.3387 |  natural=0.0180 | clipped=0.0180(上限20.0)
26-28-13-40 原始规范坐标 G(Re Σrow_mean) = +8.9511 | 累计|g| = 7.3841
26-28-13-40 Ψ矩阵条件数 cond(Ψ) = 1.46e+01
26-28-13-40 Loss=-3.179525 | E0=-1.03745109-0.00343805j | E1=-0.95090712-0.00115591j|E2=-0.65687063+0.00067777j|E3=-0.53429654-0.00008262j
26-28-13-40 #-----------------------------------------#
26-28-13-40 [Step 186] logΨ: mean=7.703+1.105j | min=2.525+1.909j | max=7.773+2.491j
26-28-13-40 梯度监控 | raw=5.8416 | per_param=0.2113 |  natural=0.0098 | clipped=0.0098(上限20.0)
26-28-13-40 原始规范坐标 G(Re Σrow_mean) = +8.9883 | 累计|g| = 7.3841
26-28-13-40 Ψ矩阵条件数 cond(Ψ) = 1.46e+01
26-28-13-40 Loss=-3.187760 | E0=-1.04699016+0.00165558j | E1=-0.95112957-0.00029852j|E2=-0.65535521+0.00020006j|E3=-0.53428469+0.00043465j
26-28-13-40 #-----------------------------------------#
26-28-13-40 [Step 187] logΨ: mean=7.679+0.843j | min=1.992-0.735j | max=7.749+2.462j
26-28-13-40 梯度监控 | raw=3.2997 | per_param=0.1194 |  natural=0.0201 | clipped=0.0201(上限20.0)
26-28-13-40 原始规范坐标 G(Re Σrow_mean) = +8.9522 | 累计|g| = 7.3841
26-28-13-40 Ψ矩阵条件数 cond(Ψ) = 1.48e+01
26-28-13-40 Loss=-3.186820 | E0=-1.04619453+0.00141976j | E1=-0.95157586-0.00018401j|E2=-0.65527984+0.00006531j|E3=-0.53376992-0.00028302j
26-28-13-40 #-----------------------------------------#
26-28-13-40 [Step 188] logΨ: mean=7.650+0.675j | min=2.279-1.903j | max=7.714+2.458j
26-28-13-40 梯度监控 | raw=3.7899 | per_param=0.1371 |  natural=0.0107 | clipped=0.0107(上限20.0)
26-28-13-40 原始规范坐标 G(Re Σrow_mean) = +8.9406 | 累计|g| = 7.3841
26-28-13-40 Ψ矩阵条件数 cond(Ψ) = 1.50e+02
26-28-13-40 Loss=-3.191457 | E0=-1.04717565+0.00222796j | E1=-0.95172672-0.00030349j|E2=-0.65762376+0.00032744j|E3=-0.53493102+0.00005473j
26-28-13-40 #-----------------------------------------#
26-28-13-40 [Step 189] logΨ: mean=7.576+0.572j | min=3.539-0.920j | max=7.694+2.444j
26-28-13-40 梯度监控 | raw=11.3991 | per_param=0.4124 |  natural=0.0211 | clipped=0.0211(上限20.0)
26-28-13-40 原始规范坐标 G(Re Σrow_mean) = +8.8878 | 累计|g| = 7.3841
26-28-13-40 Ψ矩阵条件数 cond(Ψ) = 1.49e+01
26-28-13-40 Loss=-3.174875 | E0=-1.03654801-0.00451562j | E1=-0.95097728+0.00023987j|E2=-0.65422465-0.00024070j|E3=-0.53312491-0.00007985j
26-28-13-40 #-----------------------------------------#
26-28-13-40 [GaugeReset@190] 吸收 Δg = Σ Re(col_mean) = +8.8878 | 新|g| = 7.4802
26-28-13-40 【Step 190】per-param 梯度范数超限，已裁剪：scale=0.8620 | 裁剪后 per_param=0.5000
26-28-13-40 [Step 190] logΨ: mean=7.477-0.160j | min=3.398-2.031j | max=7.615+2.036j
26-28-13-40 梯度监控 | raw=13.8203 | per_param=0.5000 |  natural=0.0258 | clipped=0.0258(上限20.0)
26-28-13-40 原始规范坐标 G(Re Σrow_mean) = +8.8933 | 累计|g| = 7.4802
26-28-13-40 Ψ矩阵条件数 cond(Ψ) = 1.44e+01
26-28-13-40 Loss=-3.178078 | E0=-1.03880634-0.00286765j | E1=-0.94791082-0.00096038j|E2=-0.65598264+0.00065286j|E3=-0.53537840-0.00000945j
26-28-13-40 #-----------------------------------------#
26-28-13-40 【Step 191】per-param 梯度范数超限，已裁剪：scale=0.8275 | 裁剪后 per_param=0.5000
26-28-13-40 [Step 191] logΨ: mean=7.448+0.639j | min=1.877+1.947j | max=7.614+1.862j
26-28-13-40 梯度监控 | raw=13.8203 | per_param=0.5000 |  natural=0.0336 | clipped=0.0336(上限20.0)
26-28-13-40 原始规范坐标 G(Re Σrow_mean) = +8.8485 | 累计|g| = 7.4802
26-28-13-40 Ψ矩阵条件数 cond(Ψ) = 1.44e+01
26-28-13-40 Loss=-3.186754 | E0=-1.04631923+0.00157595j | E1=-0.95004031+0.00021415j|E2=-0.65674065-0.00027718j|E3=-0.53365395-0.00055114j
26-28-13-40 #-----------------------------------------#
26-28-13-40 [Step 192] logΨ: mean=7.466+0.468j | min=3.273-0.152j | max=7.563+1.854j
26-28-13-40 梯度监控 | raw=3.1307 | per_param=0.1133 |  natural=0.0121 | clipped=0.0121(上限20.0)
26-28-13-40 原始规范坐标 G(Re Σrow_mean) = +8.8564 | 累计|g| = 7.4802
26-28-13-40 Ψ矩阵条件数 cond(Ψ) = 1.45e+01
26-28-13-40 Loss=-3.188654 | E0=-1.04436453-0.00001507j | E1=-0.95182575+0.00047141j|E2=-0.65716171-0.00038648j|E3=-0.53530199+0.00014606j
26-28-13-40 #-----------------------------------------#
26-28-13-40 [Step 193] logΨ: mean=7.488+0.008j | min=2.689-3.101j | max=7.565+1.736j
26-28-13-40 梯度监控 | raw=3.9250 | per_param=0.1420 |  natural=0.0332 | clipped=0.0332(上限20.0)
26-28-13-40 原始规范坐标 G(Re Σrow_mean) = +8.8598 | 累计|g| = 7.4802
26-28-13-40 Ψ矩阵条件数 cond(Ψ) = 1.45e+01
26-28-13-40 Loss=-3.187315 | E0=-1.04611189+0.00077279j | E1=-0.95136811+0.00005370j|E2=-0.65615860-0.00006274j|E3=-0.53367621-0.00033254j
26-28-13-40 #-----------------------------------------#
26-28-13-40 [Step 194] logΨ: mean=7.529+0.094j | min=3.401+0.750j | max=7.605+1.752j
26-28-13-40 梯度监控 | raw=3.1647 | per_param=0.1145 |  natural=0.0173 | clipped=0.0173(上限20.0)
26-28-13-40 原始规范坐标 G(Re Σrow_mean) = +8.8843 | 累计|g| = 7.4802
26-28-13-40 Ψ矩阵条件数 cond(Ψ) = 1.44e+01
26-28-13-40 Loss=-3.188574 | E0=-1.04518024+0.00014497j | E1=-0.95116721-0.00006578j|E2=-0.65728831+0.00005508j|E3=-0.53493805-0.00005599j
26-28-13-40 #-----------------------------------------#
26-28-13-40 [Step 195] logΨ: mean=7.359-0.430j | min=0.176-1.817j | max=7.563+1.335j
26-28-13-40 梯度监控 | raw=10.6519 | per_param=0.3854 |  natural=0.0480 | clipped=0.0480(上限20.0)
26-28-13-40 原始规范坐标 G(Re Σrow_mean) = +8.8309 | 累计|g| = 7.4802
26-28-13-40 Ψ矩阵条件数 cond(Ψ) = 1.40e+01
26-28-13-40 Loss=-3.182443 | E0=-1.04155267-0.00328729j | E1=-0.94948184-0.00197919j|E2=-0.65558502+0.00144735j|E3=-0.53582303+0.00018746j
26-28-13-40 #-----------------------------------------#
26-28-13-40 [Step 196] logΨ: mean=7.540-0.684j | min=3.401+1.100j | max=7.586+1.328j
26-28-13-40 梯度监控 | raw=0.6622 | per_param=0.0240 |  natural=0.0246 | clipped=0.0246(上限20.0)
26-28-13-40 原始规范坐标 G(Re Σrow_mean) = +8.9111 | 累计|g| = 7.4802
26-28-13-40 Ψ矩阵条件数 cond(Ψ) = 1.40e+01
26-28-13-40 Loss=-3.189604 | E0=-1.04632257+0.00046524j | E1=-0.95218163-0.00004909j|E2=-0.65694120-0.00000375j|E3=-0.53415830-0.00006738j
26-28-13-40 #-----------------------------------------#
26-28-13-40 [Step 197] logΨ: mean=7.404-0.806j | min=0.819+1.436j | max=7.522+1.222j
26-28-13-40 梯度监控 | raw=4.1790 | per_param=0.1512 |  natural=0.0289 | clipped=0.0289(上限20.0)
26-28-13-40 原始规范坐标 G(Re Σrow_mean) = +8.8315 | 累计|g| = 7.4802
26-28-13-40 Ψ矩阵条件数 cond(Ψ) = 1.39e+01
26-28-13-40 Loss=-3.187321 | E0=-1.04458567-0.00085071j | E1=-0.95099850-0.00006408j|E2=-0.65711523+0.00014715j|E3=-0.53462116-0.00038681j
26-28-13-40 #-----------------------------------------#
26-28-13-40 [Step 198] logΨ: mean=7.369-0.480j | min=2.633-2.646j | max=7.492+1.212j
26-28-13-40 梯度监控 | raw=4.9355 | per_param=0.1786 |  natural=0.0145 | clipped=0.0145(上限20.0)
26-28-13-40 原始规范坐标 G(Re Σrow_mean) = +8.8320 | 累计|g| = 7.4802
26-28-13-40 Ψ矩阵条件数 cond(Ψ) = 1.39e+01
26-28-13-40 Loss=-3.190627 | E0=-1.04507450-0.00028759j | E1=-0.95185126-0.00003296j|E2=-0.65783939+0.00006953j|E3=-0.53586154+0.00018879j
26-28-13-40 #-----------------------------------------#
26-28-13-40 [Step 199] logΨ: mean=7.437-0.441j | min=3.272-2.191j | max=7.482+1.184j
26-28-13-40 梯度监控 | raw=1.8782 | per_param=0.0680 |  natural=0.0305 | clipped=0.0305(上限20.0)
26-28-13-40 原始规范坐标 G(Re Σrow_mean) = +8.8626 | 累计|g| = 7.4802
26-28-13-40 Ψ矩阵条件数 cond(Ψ) = 1.39e+01
26-28-13-40 Loss=-3.188335 | E0=-1.04578054-0.00011556j | E1=-0.95166441+0.00021159j|E2=-0.65665583-0.00011550j|E3=-0.53423447-0.00019710j
26-28-13-40 #-----------------------------------------#
26-28-13-40 [保存] Step 199 → pickle 文件已更新 (200 条记录)
26-28-13-40 [GaugeReset@200] 吸收 Δg = Σ Re(col_mean) = +8.8626 | 新|g| = 7.4443
26-28-13-40 [Step 200] logΨ: mean=7.350-0.387j | min=1.477-1.950j | max=7.499+1.423j
26-28-13-40 梯度监控 | raw=5.4484 | per_param=0.1971 |  natural=0.0268 | clipped=0.0268(上限20.0)
26-28-13-40 原始规范坐标 G(Re Σrow_mean) = +8.7594 | 累计|g| = 7.4443
26-28-13-40 Ψ矩阵条件数 cond(Ψ) = 1.42e+01
26-28-13-40 Loss=-3.185872 | E0=-1.04539342-0.00172258j | E1=-0.95029271+0.00115851j|E2=-0.65693130-0.00089324j|E3=-0.53325421-0.00041437j
26-28-13-40 #-----------------------------------------#
26-28-13-40 [Step 201] logΨ: mean=7.401+0.044j | min=2.914-1.836j | max=7.484+1.468j
26-28-13-40 梯度监控 | raw=8.4274 | per_param=0.3049 |  natural=0.0216 | clipped=0.0216(上限20.0)
26-28-13-40 原始规范坐标 G(Re Σrow_mean) = +8.7944 | 累计|g| = 7.4443
26-28-13-40 Ψ矩阵条件数 cond(Ψ) = 1.41e+01
26-28-13-40 Loss=-3.187902 | E0=-1.04657206+0.00028788j | E1=-0.94991129-0.00022892j|E2=-0.65697984+0.00011860j|E3=-0.53443893+0.00007030j
26-28-13-40 #-----------------------------------------#
26-28-13-40 [Step 202] logΨ: mean=7.395+0.389j | min=1.780+1.572j | max=7.492+1.460j
26-28-13-40 梯度监控 | raw=9.9697 | per_param=0.3607 |  natural=0.0220 | clipped=0.0220(上限20.0)
26-28-13-40 原始规范坐标 G(Re Σrow_mean) = +8.8015 | 累计|g| = 7.4443
26-28-13-40 Ψ矩阵条件数 cond(Ψ) = 1.40e+01
26-28-13-40 Loss=-3.188153 | E0=-1.04675209-0.00015574j | E1=-0.95006627-0.00011787j|E2=-0.65720505+0.00025084j|E3=-0.53412952+0.00002180j
26-28-13-40 #-----------------------------------------#
26-28-13-40 [Step 203] logΨ: mean=7.422-0.198j | min=1.944-1.846j | max=7.529+1.467j
26-28-13-40 梯度监控 | raw=6.3103 | per_param=0.2283 |  natural=0.0237 | clipped=0.0237(上限20.0)
26-28-13-40 原始规范坐标 G(Re Σrow_mean) = +8.8117 | 累计|g| = 7.4443
26-28-13-40 Ψ矩阵条件数 cond(Ψ) = 6.40e+01
26-28-13-40 Loss=-3.188141 | E0=-1.04587035-0.00113153j | E1=-0.95127155+0.00006631j|E2=-0.65669829-0.00004353j|E3=-0.53430090+0.00013537j
26-28-13-40 #-----------------------------------------#
26-28-13-40 [Step 204] logΨ: mean=7.408-0.246j | min=1.752+1.478j | max=7.471+1.436j
26-28-13-40 梯度监控 | raw=2.8688 | per_param=0.1038 |  natural=0.0252 | clipped=0.0252(上限20.0)
26-28-13-40 原始规范坐标 G(Re Σrow_mean) = +8.8237 | 累计|g| = 7.4443
26-28-13-40 Ψ矩阵条件数 cond(Ψ) = 1.38e+01
26-28-13-40 Loss=-3.189328 | E0=-1.04710516+0.00027442j | E1=-0.95155601-0.00002869j|E2=-0.65639449+0.00004482j|E3=-0.53427233+0.00015529j
26-28-13-40 #-----------------------------------------#
26-28-13-40 [Step 205] logΨ: mean=7.429-0.288j | min=2.519-2.333j | max=7.462+1.436j
26-28-13-40 梯度监控 | raw=1.7904 | per_param=0.0648 |  natural=0.0063 | clipped=0.0063(上限20.0)
26-28-13-40 原始规范坐标 G(Re Σrow_mean) = +8.8329 | 累计|g| = 7.4443
26-28-13-40 Ψ矩阵条件数 cond(Ψ) = 1.38e+01
26-28-13-40 Loss=-3.190353 | E0=-1.04731650+0.00362448j | E1=-0.95207870-0.00005065j|E2=-0.65692502-0.00005599j|E3=-0.53403273-0.00024330j
26-28-13-40 #-----------------------------------------#
26-28-13-40 [Step 206] logΨ: mean=7.363+0.122j | min=2.108+1.417j | max=7.445+1.400j
26-28-13-40 梯度监控 | raw=1.7869 | per_param=0.0646 |  natural=0.0288 | clipped=0.0288(上限20.0)
26-28-13-40 原始规范坐标 G(Re Σrow_mean) = +8.7683 | 累计|g| = 7.4443
26-28-13-40 Ψ矩阵条件数 cond(Ψ) = 1.37e+01
26-28-13-40 Loss=-3.189683 | E0=-1.04799535+0.00355312j | E1=-0.95173970+0.00021986j|E2=-0.65663580+0.00000294j|E3=-0.53331230-0.00030747j
26-28-13-40 #-----------------------------------------#
26-28-13-40 [Step 207] logΨ: mean=7.306-0.204j | min=1.130+1.452j | max=7.387+1.390j
26-28-13-40 梯度监控 | raw=8.6802 | per_param=0.3140 |  natural=0.0135 | clipped=0.0135(上限20.0)
26-28-13-40 原始规范坐标 G(Re Σrow_mean) = +8.7697 | 累计|g| = 7.4443
26-28-13-40 Ψ矩阵条件数 cond(Ψ) = 1.36e+01
26-28-13-40 Loss=-3.183711 | E0=-1.04369177+0.00028629j | E1=-0.94933073+0.00012917j|E2=-0.65640200+0.00016822j|E3=-0.53428658+0.00012030j
26-28-13-40 #-----------------------------------------#
26-28-13-40 [Step 208] logΨ: mean=7.236+0.379j | min=0.970-2.068j | max=7.327+1.368j
26-28-13-40 梯度监控 | raw=5.8206 | per_param=0.2106 |  natural=0.0200 | clipped=0.0200(上限20.0)
26-28-13-40 原始规范坐标 G(Re Σrow_mean) = +8.7226 | 累计|g| = 7.4443
26-28-13-40 Ψ矩阵条件数 cond(Ψ) = 1.36e+01
26-28-13-40 Loss=-3.183754 | E0=-1.04043998-0.00163584j | E1=-0.95222180-0.00009155j|E2=-0.65685099+0.00013742j|E3=-0.53424165-0.00002195j
26-28-13-40 #-----------------------------------------#
26-28-13-40 [Step 209] logΨ: mean=7.182-0.096j | min=2.607-1.508j | max=7.265+1.345j
26-28-13-40 梯度监控 | raw=7.4602 | per_param=0.2699 |  natural=0.0183 | clipped=0.0183(上限20.0)
26-28-13-40 原始规范坐标 G(Re Σrow_mean) = +8.7045 | 累计|g| = 7.4443
26-28-13-40 Ψ矩阵条件数 cond(Ψ) = 1.34e+01
26-28-13-40 Loss=-3.183130 | E0=-1.04192085-0.00095154j | E1=-0.95067961+0.00055245j|E2=-0.65590530-0.00042698j|E3=-0.53462397-0.00028289j
26-28-13-40 #-----------------------------------------#
26-28-13-40 [GaugeReset@210] 吸收 Δg = Σ Re(col_mean) = +8.7045 | 新|g| = 7.3680
26-28-13-40 [Step 210] logΨ: mean=7.334-0.032j | min=1.829-1.098j | max=7.455+1.510j
26-28-13-40 梯度监控 | raw=8.9315 | per_param=0.3231 |  natural=0.0260 | clipped=0.0260(上限20.0)
26-28-13-40 原始规范坐标 G(Re Σrow_mean) = +8.6647 | 累计|g| = 7.3680
26-28-13-40 Ψ矩阵条件数 cond(Ψ) = 1.38e+01
26-28-13-40 Loss=-3.185689 | E0=-1.04584477+0.00066527j | E1=-0.94985003-0.00091302j|E2=-0.65708638+0.00063290j|E3=-0.53290797-0.00021330j
26-28-13-40 #-----------------------------------------#
26-28-13-40 【Step 211】per-param 梯度范数超限，已裁剪：scale=0.9859 | 裁剪后 per_param=0.5000
26-28-13-40 [Step 211] logΨ: mean=7.181+0.106j | min=2.081-2.044j | max=7.329+1.453j
26-28-13-40 梯度监控 | raw=13.8203 | per_param=0.5000 |  natural=0.0276 | clipped=0.0276(上限20.0)
26-28-13-40 原始规范坐标 G(Re Σrow_mean) = +8.6101 | 累计|g| = 7.3680
26-28-13-40 Ψ矩阵条件数 cond(Ψ) = 1.34e+01
26-28-13-40 Loss=-3.185353 | E0=-1.04267951-0.00142342j | E1=-0.94978921-0.00034385j|E2=-0.65793699+0.00053872j|E3=-0.53494772-0.00005086j
26-28-13-40 #-----------------------------------------#
26-28-13-40 [Step 212] logΨ: mean=7.211+0.036j | min=2.743-2.558j | max=7.341+1.471j
26-28-13-40 梯度监控 | raw=12.8330 | per_param=0.4643 |  natural=0.0154 | clipped=0.0154(上限20.0)
26-28-13-40 原始规范坐标 G(Re Σrow_mean) = +8.6435 | 累计|g| = 7.3680
26-28-13-40 Ψ矩阵条件数 cond(Ψ) = 1.34e+01
26-28-13-40 Loss=-3.178110 | E0=-1.03819463-0.00624721j | E1=-0.95075253+0.00030109j|E2=-0.65614337-0.00023574j|E3=-0.53301982-0.00045262j
26-28-13-40 #-----------------------------------------#
26-28-13-40 [Step 213] logΨ: mean=7.154+0.164j | min=0.584-1.480j | max=7.286+1.466j
26-28-13-40 梯度监控 | raw=5.6962 | per_param=0.2061 |  natural=0.0324 | clipped=0.0324(上限20.0)
26-28-13-40 原始规范坐标 G(Re Σrow_mean) = +8.5584 | 累计|g| = 7.3680
26-28-13-40 Ψ矩阵条件数 cond(Ψ) = 1.35e+01
26-28-13-40 Loss=-3.187597 | E0=-1.04565573+0.00000037j | E1=-0.95167411-0.00099016j|E2=-0.65559756+0.00075775j|E3=-0.53466978-0.00007551j
26-28-13-40 #-----------------------------------------#
26-28-13-40 [Step 214] logΨ: mean=7.160+0.496j | min=2.125-2.941j | max=7.288+1.437j
26-28-13-40 梯度监控 | raw=9.8503 | per_param=0.3564 |  natural=0.0185 | clipped=0.0185(上限20.0)
26-28-13-40 原始规范坐标 G(Re Σrow_mean) = +8.5725 | 累计|g| = 7.3680
26-28-13-40 Ψ矩阵条件数 cond(Ψ) = 1.35e+01
26-28-13-40 Loss=-3.187351 | E0=-1.04558650-0.00159194j | E1=-0.95137243+0.00031010j|E2=-0.65699301-0.00004346j|E3=-0.53339918+0.00005895j
26-28-13-40 #-----------------------------------------#
26-28-13-40 [Step 215] logΨ: mean=7.141-0.075j | min=2.349-1.738j | max=7.264+1.486j
26-28-13-40 梯度监控 | raw=5.2222 | per_param=0.1889 |  natural=0.0350 | clipped=0.0350(上限20.0)
26-28-13-40 原始规范坐标 G(Re Σrow_mean) = +8.5613 | 累计|g| = 7.3680
26-28-13-40 Ψ矩阵条件数 cond(Ψ) = 2.84e+01
26-28-13-40 Loss=-3.191061 | E0=-1.04592784+0.00014842j | E1=-0.95272686-0.00032184j|E2=-0.65825500-0.00003376j|E3=-0.53415119+0.00011289j
26-28-13-40 #-----------------------------------------#
26-28-13-40 [Step 216] logΨ: mean=7.183-0.053j | min=2.809-2.975j | max=7.272+1.500j
26-28-13-40 梯度监控 | raw=1.1542 | per_param=0.0418 |  natural=0.0336 | clipped=0.0336(上限20.0)
26-28-13-40 原始规范坐标 G(Re Σrow_mean) = +8.5798 | 累计|g| = 7.3680
26-28-13-40 Ψ矩阵条件数 cond(Ψ) = 1.32e+01
26-28-13-40 Loss=-3.191241 | E0=-1.04637384+0.00085649j | E1=-0.95228566-0.00025799j|E2=-0.65795789+0.00026599j|E3=-0.53462350-0.00005017j
26-28-13-40 #-----------------------------------------#
26-28-13-40 【Step 217】per-param 梯度范数超限，已裁剪：scale=0.3459 | 裁剪后 per_param=0.5000
26-28-13-40 [Step 217] logΨ: mean=7.127-0.199j | min=2.755-2.977j | max=7.268+1.508j
26-28-13-40 梯度监控 | raw=13.8203 | per_param=0.5000 |  natural=0.0068 | clipped=0.0068(上限20.0)
26-28-13-40 原始规范坐标 G(Re Σrow_mean) = +8.5674 | 累计|g| = 7.3680
26-28-13-40 Ψ矩阵条件数 cond(Ψ) = 1.32e+01
26-28-13-40 Loss=-3.144408 | E0=-1.01246253-0.00123671j | E1=-0.94536480-0.00217550j|E2=-0.65374750+0.00116652j|E3=-0.53283295-0.00047939j
26-28-13-40 #-----------------------------------------#
26-28-13-40 【Step 218】per-param 梯度范数超限，已裁剪：scale=0.5140 | 裁剪后 per_param=0.5000
26-28-13-40 [Step 218] logΨ: mean=7.088-0.139j | min=1.918+1.521j | max=7.225+1.515j
26-28-13-40 梯度监控 | raw=13.8203 | per_param=0.5000 |  natural=0.0149 | clipped=0.0149(上限20.0)
26-28-13-40 原始规范坐标 G(Re Σrow_mean) = +8.5528 | 累计|g| = 7.3680
26-28-13-40 Ψ矩阵条件数 cond(Ψ) = 1.31e+01
26-28-13-40 Loss=-3.160969 | E0=-1.02758443+0.00092103j | E1=-0.94653524+0.00170249j|E2=-0.65399770-0.00109263j|E3=-0.53285136+0.00057966j
26-28-13-40 #-----------------------------------------#
26-28-13-40 【Step 219】per-param 梯度范数超限，已裁剪：scale=0.2548 | 裁剪后 per_param=0.5000
26-28-13-40 [Step 219] logΨ: mean=7.035+0.034j | min=2.237-2.861j | max=7.218+1.512j
26-28-13-40 梯度监控 | raw=13.8203 | per_param=0.5000 |  natural=0.0039 | clipped=0.0039(上限20.0)
26-28-13-40 原始规范坐标 G(Re Σrow_mean) = +8.5264 | 累计|g| = 7.3680
26-28-13-40 Ψ矩阵条件数 cond(Ψ) = 1.31e+01
26-28-13-40 Loss=-3.124696 | E0=-0.99811191-0.00826623j | E1=-0.94295197-0.00246267j|E2=-0.65243381+0.00028890j|E3=-0.53119853-0.00122451j
26-28-13-40 #-----------------------------------------#
26-28-13-40 [保存] Step 219 → pickle 文件已更新 (220 条记录)
26-28-13-40 [GaugeReset@220] 吸收 Δg = Σ Re(col_mean) = +8.5264 | 新|g| = 7.3257
26-28-13-40 【Step 220】per-param 梯度范数超限，已裁剪：scale=0.3587 | 裁剪后 per_param=0.5000
26-28-13-40 [Step 220] logΨ: mean=7.181+0.318j | min=1.023+1.150j | max=7.405+1.508j
26-28-13-40 梯度监控 | raw=13.8203 | per_param=0.5000 |  natural=0.0119 | clipped=0.0119(上限20.0)
26-28-13-40 原始规范坐标 G(Re Σrow_mean) = +8.4870 | 累计|g| = 7.3257
26-28-13-40 Ψ矩阵条件数 cond(Ψ) = 1.32e+01
26-28-13-40 Loss=-3.144605 | E0=-1.01048819-0.00465300j | E1=-0.94803257-0.00212892j|E2=-0.65548734+0.00071806j|E3=-0.53059735-0.00057663j
26-28-13-40 #-----------------------------------------#
26-28-13-40 【Step 221】per-param 梯度范数超限，已裁剪：scale=0.6452 | 裁剪后 per_param=0.5000
26-28-13-40 [Step 221] logΨ: mean=7.303-0.565j | min=2.187+1.567j | max=7.441+1.491j
26-28-13-40 梯度监控 | raw=13.8203 | per_param=0.5000 |  natural=0.0257 | clipped=0.0257(上限20.0)
26-28-13-40 原始规范坐标 G(Re Σrow_mean) = +8.5378 | 累计|g| = 7.3257
26-28-13-40 Ψ矩阵条件数 cond(Ψ) = 1.34e+01
26-28-13-40 Loss=-3.165318 | E0=-1.03247467+0.00268921j | E1=-0.94721870-0.00126979j|E2=-0.65362345+0.00117978j|E3=-0.53200074-0.00100184j
26-28-13-40 #-----------------------------------------#
26-28-13-40 [Step 222] logΨ: mean=7.406-0.551j | min=3.150-0.982j | max=7.450+1.511j
26-28-13-40 梯度监控 | raw=4.2601 | per_param=0.1541 |  natural=0.0122 | clipped=0.0122(上限20.0)
26-28-13-40 原始规范坐标 G(Re Σrow_mean) = +8.6066 | 累计|g| = 7.3257
26-28-13-40 Ψ矩阵条件数 cond(Ψ) = 1.34e+01
26-28-13-40 Loss=-3.186032 | E0=-1.04480391+0.00722856j | E1=-0.95065969-0.00012008j|E2=-0.65578846+0.00030410j|E3=-0.53477970-0.00066587j
26-28-13-40 #-----------------------------------------#
26-28-13-40 【Step 223】per-param 梯度范数超限，已裁剪：scale=0.9850 | 裁剪后 per_param=0.5000
26-28-13-40 [Step 223] logΨ: mean=7.410-0.106j | min=1.914+1.550j | max=7.522+1.566j
26-28-13-40 梯度监控 | raw=13.8203 | per_param=0.5000 |  natural=0.0184 | clipped=0.0184(上限20.0)
26-28-13-40 原始规范坐标 G(Re Σrow_mean) = +8.5920 | 累计|g| = 7.3257
26-28-13-40 Ψ矩阵条件数 cond(Ψ) = 1.37e+01
26-28-13-40 Loss=-3.176700 | E0=-1.03768010+0.00211460j | E1=-0.94954517+0.00042606j|E2=-0.65633255-0.00045432j|E3=-0.53314221-0.00051609j
26-28-13-40 #-----------------------------------------#
26-28-13-40 【Step 224】per-param 梯度范数超限，已裁剪：scale=0.8182 | 裁剪后 per_param=0.5000
26-28-13-40 [Step 224] logΨ: mean=7.368-0.403j | min=2.582+0.617j | max=7.501+1.566j
26-28-13-40 梯度监控 | raw=13.8203 | per_param=0.5000 |  natural=0.0118 | clipped=0.0118(上限20.0)
26-28-13-40 原始规范坐标 G(Re Σrow_mean) = +8.5683 | 累计|g| = 7.3257
26-28-13-40 Ψ矩阵条件数 cond(Ψ) = 1.37e+01
26-28-13-40 Loss=-3.170777 | E0=-1.03183647-0.00268717j | E1=-0.95015894-0.00010255j|E2=-0.65580804-0.00004805j|E3=-0.53297377-0.00047637j
26-28-13-40 #-----------------------------------------#
26-28-13-40 【Step 225】per-param 梯度范数超限，已裁剪：scale=0.7699 | 裁剪后 per_param=0.5000
26-28-13-40 [Step 225] logΨ: mean=7.264+0.218j | min=1.968-2.448j | max=7.441+1.602j
26-28-13-40 梯度监控 | raw=13.8203 | per_param=0.5000 |  natural=0.0307 | clipped=0.0307(上限20.0)
26-28-13-40 原始规范坐标 G(Re Σrow_mean) = +8.5169 | 累计|g| = 7.3257
26-28-13-40 Ψ矩阵条件数 cond(Ψ) = 1.35e+01
26-28-13-40 Loss=-3.168555 | E0=-1.03247984-0.00502790j | E1=-0.94883877-0.00181070j|E2=-0.65445404+0.00094007j|E3=-0.53278268+0.00089300j
26-28-13-40 #-----------------------------------------#
26-28-13-40 [Step 226] logΨ: mean=7.400+0.341j | min=4.105-1.595j | max=7.431+1.604j
26-28-13-40 梯度监控 | raw=0.3491 | per_param=0.0126 |  natural=0.0061 | clipped=0.0061(上限20.0)
26-28-13-40 原始规范坐标 G(Re Σrow_mean) = +8.5785 | 累计|g| = 7.3257
26-28-13-40 Ψ矩阵条件数 cond(Ψ) = 1.36e+01
26-28-13-40 Loss=-3.190664 | E0=-1.04708228+0.00477096j | E1=-0.95211996-0.00003726j|E2=-0.65693457+0.00004082j|E3=-0.53452721-0.00011634j
26-28-13-40 #-----------------------------------------#
26-28-13-40 [Step 227] logΨ: mean=7.333-0.170j | min=2.315+0.827j | max=7.423+1.596j
26-28-13-40 梯度监控 | raw=5.2984 | per_param=0.1917 |  natural=0.0107 | clipped=0.0107(上限20.0)
26-28-13-40 原始规范坐标 G(Re Σrow_mean) = +8.5484 | 累计|g| = 7.3257
26-28-13-40 Ψ矩阵条件数 cond(Ψ) = 1.36e+01
26-28-13-40 Loss=-3.190087 | E0=-1.04652010+0.00387208j | E1=-0.95144870-0.00035279j|E2=-0.65689297+0.00048257j|E3=-0.53522566-0.00001033j
26-28-13-40 #-----------------------------------------#
26-28-13-40 [Step 228] logΨ: mean=7.196-0.333j | min=1.331-1.301j | max=7.373+1.576j
26-28-13-40 梯度监控 | raw=9.7674 | per_param=0.3534 |  natural=0.0333 | clipped=0.0333(上限20.0)
26-28-13-40 原始规范坐标 G(Re Σrow_mean) = +8.4561 | 累计|g| = 7.3257
26-28-13-40 Ψ矩阵条件数 cond(Ψ) = 1.36e+01
26-28-13-40 Loss=-3.183736 | E0=-1.04175775-0.00003229j | E1=-0.95088205+0.00033923j|E2=-0.65628454-0.00007846j|E3=-0.53481183+0.00011771j
26-28-13-40 #-----------------------------------------#
26-28-13-40 [Step 229] logΨ: mean=7.321-0.098j | min=0.994+1.269j | max=7.412+1.573j
26-28-13-40 梯度监控 | raw=3.5820 | per_param=0.1296 |  natural=0.0379 | clipped=0.0379(上限20.0)
26-28-13-40 原始规范坐标 G(Re Σrow_mean) = +8.5070 | 累计|g| = 7.3257
26-28-13-40 Ψ矩阵条件数 cond(Ψ) = 1.35e+01
26-28-13-40 Loss=-3.186884 | E0=-1.04582704+0.00078043j | E1=-0.95140151-0.00011877j|E2=-0.65648704+0.00026986j|E3=-0.53316835+0.00042036j
26-28-13-40 #-----------------------------------------#
26-28-13-40 [GaugeReset@230] 吸收 Δg = Σ Re(col_mean) = +8.5070 | 新|g| = 7.3940
26-28-13-40 [Step 230] logΨ: mean=7.317-0.045j | min=2.580-0.957j | max=7.447+1.460j
26-28-13-40 梯度监控 | raw=11.1183 | per_param=0.4022 |  natural=0.0186 | clipped=0.0186(上限20.0)
26-28-13-40 原始规范坐标 G(Re Σrow_mean) = +8.5152 | 累计|g| = 7.3940
26-28-13-40 Ψ矩阵条件数 cond(Ψ) = 1.32e+01
26-28-13-40 Loss=-3.178633 | E0=-1.03886756-0.00577262j | E1=-0.94950869+0.00023650j|E2=-0.65675419-0.00018656j|E3=-0.53350258-0.00005540j
26-28-13-40 #-----------------------------------------#
26-28-13-40 [Step 231] logΨ: mean=7.341+0.244j | min=1.650-1.763j | max=7.399+1.395j
26-28-13-40 梯度监控 | raw=6.7110 | per_param=0.2428 |  natural=0.0153 | clipped=0.0153(上限20.0)
26-28-13-40 原始规范坐标 G(Re Σrow_mean) = +8.5571 | 累计|g| = 7.3940
26-28-13-40 Ψ矩阵条件数 cond(Ψ) = 1.30e+01
26-28-13-40 Loss=-3.188285 | E0=-1.04735014+0.00202449j | E1=-0.95063282-0.00026501j|E2=-0.65658818+0.00026013j|E3=-0.53371373-0.00024884j
26-28-13-40 #-----------------------------------------#
26-28-13-40 [Step 232] logΨ: mean=7.324+0.174j | min=2.837-1.064j | max=7.371+1.400j
26-28-13-40 梯度监控 | raw=2.4950 | per_param=0.0903 |  natural=0.0073 | clipped=0.0073(上限20.0)
26-28-13-40 原始规范坐标 G(Re Σrow_mean) = +8.5512 | 累计|g| = 7.3940
26-28-13-40 Ψ矩阵条件数 cond(Ψ) = 1.30e+01
26-28-13-40 Loss=-3.191015 | E0=-1.04631793+0.00198480j | E1=-0.95200680+0.00014185j|E2=-0.65743366-0.00036544j|E3=-0.53525655+0.00007577j
26-28-13-40 #-----------------------------------------#
26-28-13-40 【Step 233】per-param 梯度范数超限，已裁剪：scale=0.7138 | 裁剪后 per_param=0.5000
26-28-13-40 [Step 233] logΨ: mean=7.333-0.264j | min=2.892-3.028j | max=7.412+1.386j
26-28-13-40 梯度监控 | raw=13.8203 | per_param=0.5000 |  natural=0.0147 | clipped=0.0147(上限20.0)
26-28-13-40 原始规范坐标 G(Re Σrow_mean) = +8.5637 | 累计|g| = 7.3940
26-28-13-40 Ψ矩阵条件数 cond(Ψ) = 1.29e+01
26-28-13-40 Loss=-3.184803 | E0=-1.04562940+0.00013558j | E1=-0.94874868-0.00071885j|E2=-0.65645405+0.00054105j|E3=-0.53397078+0.00069672j
26-28-13-40 #-----------------------------------------#
26-28-13-40 [Step 234] logΨ: mean=7.390-0.374j | min=2.606+0.188j | max=7.435+1.389j
26-28-13-40 梯度监控 | raw=1.9512 | per_param=0.0706 |  natural=0.0195 | clipped=0.0195(上限20.0)
26-28-13-40 原始规范坐标 G(Re Σrow_mean) = +8.5810 | 累计|g| = 7.3940
26-28-13-40 Ψ矩阵条件数 cond(Ψ) = 1.29e+01
26-28-13-40 Loss=-3.190402 | E0=-1.04758120+0.00265356j | E1=-0.95197733-0.00019937j|E2=-0.65704996+0.00031845j|E3=-0.53379319-0.00017344j
26-28-13-40 #-----------------------------------------#
26-28-13-40 [Step 235] logΨ: mean=7.397-0.300j | min=2.719+1.986j | max=7.428+1.377j
26-28-13-40 梯度监控 | raw=1.9930 | per_param=0.0721 |  natural=0.0062 | clipped=0.0062(上限20.0)
26-28-13-40 原始规范坐标 G(Re Σrow_mean) = +8.5837 | 累计|g| = 7.3940
26-28-13-40 Ψ矩阵条件数 cond(Ψ) = 1.29e+01
26-28-13-40 Loss=-3.192782 | E0=-1.04992492+0.00686450j | E1=-0.95170970+0.00013371j|E2=-0.65677494-0.00015483j|E3=-0.53437254-0.00041719j
26-28-13-40 #-----------------------------------------#
26-28-13-40 【Step 236】per-param 梯度范数超限，已裁剪：scale=0.9282 | 裁剪后 per_param=0.5000
26-28-13-40 [Step 236] logΨ: mean=7.263-0.294j | min=2.749-2.528j | max=7.351+1.339j
26-28-13-40 梯度监控 | raw=13.8203 | per_param=0.5000 |  natural=0.0191 | clipped=0.0191(上限20.0)
26-28-13-40 原始规范坐标 G(Re Σrow_mean) = +8.5311 | 累计|g| = 7.3940
26-28-13-40 Ψ矩阵条件数 cond(Ψ) = 1.26e+01
26-28-13-40 Loss=-3.176340 | E0=-1.03751592+0.00137892j | E1=-0.94942545-0.00064662j|E2=-0.65601025+0.00050472j|E3=-0.53338843-0.00018523j
26-28-13-40 #-----------------------------------------#
26-28-13-40 [Step 237] logΨ: mean=7.220-0.562j | min=2.460-2.507j | max=7.308+1.309j
26-28-13-40 梯度监控 | raw=10.5697 | per_param=0.3824 |  natural=0.0117 | clipped=0.0117(上限20.0)
26-28-13-40 原始规范坐标 G(Re Σrow_mean) = +8.5027 | 累计|g| = 7.3940
26-28-13-40 Ψ矩阵条件数 cond(Ψ) = 1.26e+01
26-28-13-40 Loss=-3.177723 | E0=-1.03695141+0.00061242j | E1=-0.95113289+0.00001908j|E2=-0.65566495+0.00019212j|E3=-0.53397378-0.00044057j
26-28-13-40 #-----------------------------------------#
26-28-13-40 [Step 238] logΨ: mean=7.271-0.096j | min=2.745-2.443j | max=7.309+1.313j
26-28-13-40 梯度监控 | raw=5.3824 | per_param=0.1947 |  natural=0.0060 | clipped=0.0060(上限20.0)
26-28-13-40 原始规范坐标 G(Re Σrow_mean) = +8.5410 | 累计|g| = 7.3940
26-28-13-40 Ψ矩阵条件数 cond(Ψ) = 1.26e+01
26-28-13-40 Loss=-3.186663 | E0=-1.04483189+0.00209587j | E1=-0.95086896-0.00007262j|E2=-0.65667590+0.00010181j|E3=-0.53428578+0.00031439j
26-28-13-40 #-----------------------------------------#
26-28-13-40 [Step 239] logΨ: mean=7.239+0.034j | min=3.111+0.992j | max=7.307+1.318j
26-28-13-40 梯度监控 | raw=5.3404 | per_param=0.1932 |  natural=0.0141 | clipped=0.0141(上限20.0)
26-28-13-40 原始规范坐标 G(Re Σrow_mean) = +8.5211 | 累计|g| = 7.3940
26-28-13-40 Ψ矩阵条件数 cond(Ψ) = 1.24e+01
26-28-13-40 Loss=-3.185604 | E0=-1.04384658+0.00158848j | E1=-0.95145623+0.00005645j|E2=-0.65631104-0.00011505j|E3=-0.53399035-0.00024629j
26-28-13-40 #-----------------------------------------#
26-28-13-40 [保存] Step 239 → pickle 文件已更新 (240 条记录)
26-28-13-40 [GaugeReset@240] 吸收 Δg = Σ Re(col_mean) = +8.5211 | 新|g| = 7.3895
26-28-13-40 【Step 240】per-param 梯度范数超限，已裁剪：scale=0.5869 | 裁剪后 per_param=0.5000
26-28-13-40 [Step 240] logΨ: mean=7.174-0.256j | min=0.879+0.050j | max=7.353+1.360j
26-28-13-40 梯度监控 | raw=13.8203 | per_param=0.5000 |  natural=0.0113 | clipped=0.0113(上限20.0)
26-28-13-40 原始规范坐标 G(Re Σrow_mean) = +8.4646 | 累计|g| = 7.3895
26-28-13-40 Ψ矩阵条件数 cond(Ψ) = 1.28e+01
26-28-13-40 Loss=-3.171937 | E0=-1.03532972-0.00374038j | E1=-0.94763872+0.00118684j|E2=-0.65589860-0.00077370j|E3=-0.53306947+0.00029933j
26-28-13-40 #-----------------------------------------#
26-28-13-40 [Step 241] logΨ: mean=7.305-0.412j | min=3.102-2.115j | max=7.328+1.354j
26-28-13-40 梯度监控 | raw=0.9111 | per_param=0.0330 |  natural=0.0188 | clipped=0.0188(上限20.0)
26-28-13-40 原始规范坐标 G(Re Σrow_mean) = +8.5417 | 累计|g| = 7.3895
26-28-13-40 Ψ矩阵条件数 cond(Ψ) = 1.27e+01
26-28-13-40 Loss=-3.191457 | E0=-1.04898724+0.00332668j | E1=-0.95197381+0.00044411j|E2=-0.65666537-0.00032943j|E3=-0.53383020-0.00028142j
26-28-13-40 #-----------------------------------------#
26-28-13-40 【Step 242】per-param 梯度范数超限，已裁剪：scale=0.8744 | 裁剪后 per_param=0.5000
26-28-13-40 [Step 242] logΨ: mean=7.272-0.371j | min=2.513-2.465j | max=7.340+1.385j
26-28-13-40 梯度监控 | raw=13.8203 | per_param=0.5000 |  natural=0.0114 | clipped=0.0114(上限20.0)
26-28-13-40 原始规范坐标 G(Re Σrow_mean) = +8.5232 | 累计|g| = 7.3895
26-28-13-40 Ψ矩阵条件数 cond(Ψ) = 1.27e+01
26-28-13-40 Loss=-3.176807 | E0=-1.03850019+0.00612334j | E1=-0.94974223-0.00004695j|E2=-0.65624561+0.00011223j|E3=-0.53231856-0.00113766j
26-28-13-40 #-----------------------------------------#
26-28-13-40 【Step 243】per-param 梯度范数超限，已裁剪：scale=0.4802 | 裁剪后 per_param=0.5000
26-28-13-40 [Step 243] logΨ: mean=7.224-0.553j | min=2.936-2.450j | max=7.336+1.399j
26-28-13-40 梯度监控 | raw=13.8203 | per_param=0.5000 |  natural=0.0046 | clipped=0.0046(上限20.0)
26-28-13-40 原始规范坐标 G(Re Σrow_mean) = +8.5010 | 累计|g| = 7.3895
26-28-13-40 Ψ矩阵条件数 cond(Ψ) = 1.27e+01
26-28-13-40 Loss=-3.155871 | E0=-1.02088087-0.00046150j | E1=-0.94816739-0.00036315j|E2=-0.65463970+0.00031739j|E3=-0.53218304-0.00008485j
26-28-13-40 #-----------------------------------------#
26-28-13-40 【Step 244】per-param 梯度范数超限，已裁剪：scale=0.6199 | 裁剪后 per_param=0.5000
26-28-13-40 [Step 244] logΨ: mean=7.172-0.273j | min=2.436+0.719j | max=7.289+1.401j
26-28-13-40 梯度监控 | raw=13.8203 | per_param=0.5000 |  natural=0.0100 | clipped=0.0100(上限20.0)
26-28-13-40 原始规范坐标 G(Re Σrow_mean) = +8.4713 | 累计|g| = 7.3895
26-28-13-40 Ψ矩阵条件数 cond(Ψ) = 1.26e+01
26-28-13-40 Loss=-3.167049 | E0=-1.02986016+0.00171789j | E1=-0.94905875+0.00067931j|E2=-0.65537259-0.00046576j|E3=-0.53275709-0.00069147j
26-28-13-40 #-----------------------------------------#
26-28-13-40 [Step 245] logΨ: mean=7.093-0.067j | min=1.585-1.732j | max=7.242+1.402j
26-28-13-40 梯度监控 | raw=7.6258 | per_param=0.2759 |  natural=0.0132 | clipped=0.0132(上限20.0)
26-28-13-40 原始规范坐标 G(Re Σrow_mean) = +8.4189 | 累计|g| = 7.3895
26-28-13-40 Ψ矩阵条件数 cond(Ψ) = 1.26e+01
26-28-13-40 Loss=-3.185866 | E0=-1.04463335+0.00363054j | E1=-0.95081063+0.00068248j|E2=-0.65556448-0.00043195j|E3=-0.53485803+0.00089743j
26-28-13-40 #-----------------------------------------#
26-28-13-40 【Step 246】per-param 梯度范数超限，已裁剪：scale=0.4227 | 裁剪后 per_param=0.5000
26-28-13-40 [Step 246] logΨ: mean=6.985-0.391j | min=1.725-1.297j | max=7.214+1.352j
26-28-13-40 梯度监控 | raw=13.8203 | per_param=0.5000 |  natural=0.0152 | clipped=0.0152(上限20.0)
26-28-13-40 原始规范坐标 G(Re Σrow_mean) = +8.3810 | 累计|g| = 7.3895
26-28-13-40 Ψ矩阵条件数 cond(Ψ) = 5.00e+01
26-28-13-40 Loss=-3.147238 | E0=-1.01383251-0.00895798j | E1=-0.94595331-0.00049757j|E2=-0.65428884-0.00006261j|E3=-0.53316372+0.00323163j
26-28-13-40 #-----------------------------------------#
26-28-13-40 【Step 247】per-param 梯度范数超限，已裁剪：scale=0.5101 | 裁剪后 per_param=0.5000
26-28-13-40 [Step 247] logΨ: mean=7.009-0.316j | min=0.603+1.307j | max=7.189+1.340j
26-28-13-40 梯度监控 | raw=13.8203 | per_param=0.5000 |  natural=0.0064 | clipped=0.0064(上限20.0)
26-28-13-40 原始规范坐标 G(Re Σrow_mean) = +8.3960 | 累计|g| = 7.3895
26-28-13-40 Ψ矩阵条件数 cond(Ψ) = 1.25e+01
26-28-13-40 Loss=-3.156960 | E0=-1.01951353-0.00511925j | E1=-0.94995553-0.00080809j|E2=-0.65599334+0.00028076j|E3=-0.53149806+0.00038723j
26-28-13-40 #-----------------------------------------#
26-28-13-40 【Step 248】per-param 梯度范数超限，已裁剪：scale=0.5749 | 裁剪后 per_param=0.5000
26-28-13-40 [Step 248] logΨ: mean=7.078-0.372j | min=2.011+0.654j | max=7.209+1.371j
26-28-13-40 梯度监控 | raw=13.8203 | per_param=0.5000 |  natural=0.0124 | clipped=0.0124(上限20.0)
26-28-13-40 原始规范坐标 G(Re Σrow_mean) = +8.4268 | 累计|g| = 7.3895
26-28-13-40 Ψ矩阵条件数 cond(Ψ) = 1.25e+01
26-28-13-40 Loss=-3.160433 | E0=-1.02470935-0.00338269j | E1=-0.94881245+0.00044315j|E2=-0.65453982-0.00049884j|E3=-0.53237177+0.00009367j
26-28-13-40 #-----------------------------------------#
26-28-13-40 [Step 249] logΨ: mean=7.068-0.561j | min=1.893-1.736j | max=7.239+1.409j
26-28-13-40 梯度监控 | raw=8.3288 | per_param=0.3013 |  natural=0.0215 | clipped=0.0215(上限20.0)
26-28-13-40 原始规范坐标 G(Re Σrow_mean) = +8.3693 | 累计|g| = 7.3895
26-28-13-40 Ψ矩阵条件数 cond(Ψ) = 1.28e+01
26-28-13-40 Loss=-3.185038 | E0=-1.04091490+0.00136149j | E1=-0.95184255-0.00044222j|E2=-0.65792258+0.00033833j|E3=-0.53435832+0.00031134j
26-28-13-40 #-----------------------------------------#
26-28-13-40 [GaugeReset@250] 吸收 Δg = Σ Re(col_mean) = +8.3693 | 新|g| = 7.3846
26-28-13-40 [Step 250] logΨ: mean=7.362-0.461j | min=2.310-1.640j | max=7.446+1.365j
26-28-13-40 梯度监控 | raw=8.4827 | per_param=0.3069 |  natural=0.0111 | clipped=0.0111(上限20.0)
26-28-13-40 原始规范坐标 G(Re Σrow_mean) = +8.4365 | 累计|g| = 7.3846
26-28-13-40 Ψ矩阵条件数 cond(Ψ) = 1.30e+01
26-28-13-40 Loss=-3.183353 | E0=-1.04202149+0.00132881j | E1=-0.95122097-0.00032462j|E2=-0.65667889+0.00028009j|E3=-0.53343115-0.00040087j
26-28-13-40 #-----------------------------------------#
26-28-13-40 [Step 251] logΨ: mean=7.377-0.349j | min=0.100-1.565j | max=7.450+1.364j
26-28-13-40 梯度监控 | raw=4.8186 | per_param=0.1743 |  natural=0.0036 | clipped=0.0036(上限20.0)
26-28-13-40 原始规范坐标 G(Re Σrow_mean) = +8.4469 | 累计|g| = 7.3846
26-28-13-40 Ψ矩阵条件数 cond(Ψ) = 1.30e+01
26-28-13-40 Loss=-3.188637 | E0=-1.04712804+0.00255274j | E1=-0.95183616+0.00000316j|E2=-0.65642857+0.00019367j|E3=-0.53324472-0.00054974j
26-28-13-40 #-----------------------------------------#
26-28-13-40 [Step 252] logΨ: mean=7.203-0.573j | min=2.337-2.359j | max=7.365+1.307j
26-28-13-40 梯度监控 | raw=12.4276 | per_param=0.4496 |  natural=0.0266 | clipped=0.0266(上限20.0)
26-28-13-40 原始规范坐标 G(Re Σrow_mean) = +8.3327 | 累计|g| = 7.3846
26-28-13-40 Ψ矩阵条件数 cond(Ψ) = 1.30e+01
26-28-13-40 Loss=-3.174779 | E0=-1.03415379-0.00402873j | E1=-0.95205632+0.00003907j|E2=-0.65617772-0.00007695j|E3=-0.53239144+0.00004670j
26-28-13-40 #-----------------------------------------#
26-28-13-40 【Step 253】per-param 梯度范数超限，已裁剪：scale=0.8906 | 裁剪后 per_param=0.5000
26-28-13-40 [Step 253] logΨ: mean=7.254-0.510j | min=3.191+0.687j | max=7.345+1.291j
26-28-13-40 梯度监控 | raw=13.8203 | per_param=0.5000 |  natural=0.0136 | clipped=0.0136(上限20.0)
26-28-13-40 原始规范坐标 G(Re Σrow_mean) = +8.3917 | 累计|g| = 7.3846
26-28-13-40 Ψ矩阵条件数 cond(Ψ) = 1.28e+01
26-28-13-40 Loss=-3.178657 | E0=-1.03987469-0.00207240j | E1=-0.94853812-0.00011745j|E2=-0.65591876+0.00002381j|E3=-0.53432585+0.00052862j
26-28-13-40 #-----------------------------------------#
26-28-13-40 [Step 254] logΨ: mean=7.382-0.269j | min=2.070+1.986j | max=7.426+1.325j
26-28-13-40 梯度监控 | raw=5.2330 | per_param=0.1893 |  natural=0.0125 | clipped=0.0125(上限20.0)
26-28-13-40 原始规范坐标 G(Re Σrow_mean) = +8.4416 | 累计|g| = 7.3846
26-28-13-40 Ψ矩阵条件数 cond(Ψ) = 1.31e+01
26-28-13-40 Loss=-3.189918 | E0=-1.04787222+0.00241884j | E1=-0.95067289-0.00126165j|E2=-0.65696004+0.00119205j|E3=-0.53441328-0.00033830j
26-28-13-40 #-----------------------------------------#
26-28-13-40 [Step 255] logΨ: mean=7.308-0.174j | min=3.126-2.146j | max=7.366+1.309j
26-28-13-40 梯度监控 | raw=1.7883 | per_param=0.0647 |  natural=0.0177 | clipped=0.0177(上限20.0)
26-28-13-40 原始规范坐标 G(Re Σrow_mean) = +8.3909 | 累计|g| = 7.3846
26-28-13-40 Ψ矩阵条件数 cond(Ψ) = 1.30e+01
26-28-13-40 Loss=-3.188696 | E0=-1.04598612+0.00069963j | E1=-0.95180742+0.00005790j|E2=-0.65669737-0.00002166j|E3=-0.53420531+0.00013614j
26-28-13-40 #-----------------------------------------#
26-28-13-40 [Step 256] logΨ: mean=7.311+0.060j | min=3.224+1.602j | max=7.363+1.320j
26-28-13-40 梯度监控 | raw=1.1782 | per_param=0.0426 |  natural=0.0042 | clipped=0.0042(上限20.0)
26-28-13-40 原始规范坐标 G(Re Σrow_mean) = +8.3918 | 累计|g| = 7.3846
26-28-13-40 Ψ矩阵条件数 cond(Ψ) = 1.30e+01
26-28-13-40 Loss=-3.191522 | E0=-1.04698553+0.00122467j | E1=-0.95194437+0.00011337j|E2=-0.65690566-0.00003963j|E3=-0.53568654+0.00068967j
26-28-13-40 #-----------------------------------------#
26-28-13-40 [Step 257] logΨ: mean=7.234-0.183j | min=2.739-2.681j | max=7.309+1.330j
26-28-13-40 梯度监控 | raw=5.3426 | per_param=0.1933 |  natural=0.0168 | clipped=0.0168(上限20.0)
26-28-13-40 原始规范坐标 G(Re Σrow_mean) = +8.3516 | 累计|g| = 7.3846
26-28-13-40 Ψ矩阵条件数 cond(Ψ) = 1.30e+01
26-28-13-40 Loss=-3.187280 | E0=-1.04537048+0.00061780j | E1=-0.95150147-0.00054439j|E2=-0.65678550+0.00037591j|E3=-0.53362266-0.00035529j
26-28-13-40 #-----------------------------------------#
26-28-13-40 [Step 258] logΨ: mean=7.203-0.692j | min=3.025+1.035j | max=7.282+1.363j
26-28-13-40 梯度监控 | raw=1.0205 | per_param=0.0369 |  natural=0.0157 | clipped=0.0157(上限20.0)
26-28-13-40 原始规范坐标 G(Re Σrow_mean) = +8.3114 | 累计|g| = 7.3846
26-28-13-40 Ψ矩阵条件数 cond(Ψ) = 1.30e+01
26-28-13-40 Loss=-3.190735 | E0=-1.04691350+0.00148600j | E1=-0.95209330+0.00006379j|E2=-0.65759312+0.00003306j|E3=-0.53413536-0.00014609j
26-28-13-40 #-----------------------------------------#
26-28-13-40 [Step 259] logΨ: mean=7.267-0.573j | min=2.174-1.645j | max=7.346+1.373j
26-28-13-40 梯度监控 | raw=4.1490 | per_param=0.1501 |  natural=0.0197 | clipped=0.0197(上限20.0)
26-28-13-40 原始规范坐标 G(Re Σrow_mean) = +8.3218 | 累计|g| = 7.3846
26-28-13-40 Ψ矩阵条件数 cond(Ψ) = 1.33e+01
26-28-13-40 Loss=-3.187775 | E0=-1.04532735+0.00021689j | E1=-0.95171693-0.00040540j|E2=-0.65725905+0.00034452j|E3=-0.53347206-0.00072005j
26-28-13-40 #-----------------------------------------#
26-28-13-40 [保存] Step 259 → pickle 文件已更新 (260 条记录)
26-28-13-40 [GaugeReset@260] 吸收 Δg = Σ Re(col_mean) = +8.3218 | 新|g| = 7.3790
26-28-13-40 [Step 260] logΨ: mean=7.204-0.475j | min=2.026-1.893j | max=7.327+1.266j
26-28-13-40 梯度监控 | raw=10.4533 | per_param=0.3782 |  natural=0.0299 | clipped=0.0299(上限20.0)
26-28-13-40 原始规范坐标 G(Re Σrow_mean) = +8.2859 | 累计|g| = 7.3790
26-28-13-40 Ψ矩阵条件数 cond(Ψ) = 1.29e+01
26-28-13-40 Loss=-3.182234 | E0=-1.04371330-0.00206266j | E1=-0.95034203-0.00204965j|E2=-0.65462531+0.00143596j|E3=-0.53355351-0.00025003j
26-28-13-40 #-----------------------------------------#
26-28-13-40 [Step 261] logΨ: mean=7.232-0.925j | min=2.987+0.993j | max=7.290+1.336j
26-28-13-40 梯度监控 | raw=3.9125 | per_param=0.1415 |  natural=0.0217 | clipped=0.0217(上限20.0)
26-28-13-40 原始规范坐标 G(Re Σrow_mean) = +8.2836 | 累计|g| = 7.3790
26-28-13-40 Ψ矩阵条件数 cond(Ψ) = 1.27e+01
26-28-13-40 Loss=-3.189978 | E0=-1.04719900+0.00098551j | E1=-0.95159320+0.00031356j|E2=-0.65665067-0.00014391j|E3=-0.53453514+0.00039401j
26-28-13-40 #-----------------------------------------#
26-28-13-40 【Step 262】per-param 梯度范数超限，已裁剪：scale=0.6340 | 裁剪后 per_param=0.5000
26-28-13-40 [Step 262] logΨ: mean=7.144-0.777j | min=2.427-2.750j | max=7.275+1.333j
26-28-13-40 梯度监控 | raw=13.8203 | per_param=0.5000 |  natural=0.0088 | clipped=0.0088(上限20.0)
26-28-13-40 原始规范坐标 G(Re Σrow_mean) = +8.2565 | 累计|g| = 7.3790
26-28-13-40 Ψ矩阵条件数 cond(Ψ) = 1.27e+01
26-28-13-40 Loss=-3.162716 | E0=-1.02808188-0.00437207j | E1=-0.94705013-0.00170222j|E2=-0.65439222+0.00089766j|E3=-0.53319168-0.00034900j
26-28-13-40 #-----------------------------------------#
26-28-13-40 【Step 263】per-param 梯度范数超限，已裁剪：scale=0.9024 | 裁剪后 per_param=0.5000
26-28-13-40 [Step 263] logΨ: mean=7.112-0.082j | min=1.424-1.890j | max=7.240+1.316j
26-28-13-40 梯度监控 | raw=13.8203 | per_param=0.5000 |  natural=0.0206 | clipped=0.0206(上限20.0)
26-28-13-40 原始规范坐标 G(Re Σrow_mean) = +8.2217 | 累计|g| = 7.3790
26-28-13-40 Ψ矩阵条件数 cond(Ψ) = 1.26e+01
26-28-13-40 Loss=-3.173894 | E0=-1.03434630-0.00162808j | E1=-0.94966665-0.00037592j|E2=-0.65629114+0.00030203j|E3=-0.53359034-0.00059803j
26-28-13-40 #-----------------------------------------#
26-28-13-41 【Step 264】per-param 梯度范数超限，已裁剪：scale=0.5753 | 裁剪后 per_param=0.5000
26-28-13-41 [Step 264] logΨ: mean=7.099-0.036j | min=2.809+1.167j | max=7.253+1.321j
26-28-13-41 梯度监控 | raw=13.8203 | per_param=0.5000 |  natural=0.0127 | clipped=0.0127(上限20.0)
26-28-13-41 原始规范坐标 G(Re Σrow_mean) = +8.2031 | 累计|g| = 7.3790
26-28-13-41 Ψ矩阵条件数 cond(Ψ) = 1.26e+01
26-28-13-41 Loss=-3.182880 | E0=-1.04103109-0.00003181j | E1=-0.94999882+0.00091658j|E2=-0.65684239-0.00040400j|E3=-0.53500762+0.00081163j
26-28-13-41 #-----------------------------------------#
26-28-13-41 [Step 265] logΨ: mean=7.144+0.224j | min=1.656-2.643j | max=7.249+1.312j
26-28-13-41 梯度监控 | raw=13.1256 | per_param=0.4749 |  natural=0.0131 | clipped=0.0131(上限20.0)
26-28-13-41 原始规范坐标 G(Re Σrow_mean) = +8.2506 | 累计|g| = 7.3790
26-28-13-41 Ψ矩阵条件数 cond(Ψ) = 1.27e+01
26-28-13-41 Loss=-3.177842 | E0=-1.03776343-0.00256801j | E1=-0.94968328+0.00005858j|E2=-0.65579308+0.00011092j|E3=-0.53460182+0.00058885j
26-28-13-41 #-----------------------------------------#
26-28-13-41 [Step 266] logΨ: mean=7.202+0.357j | min=3.115+1.571j | max=7.243+1.315j
26-28-13-41 梯度监控 | raw=1.1681 | per_param=0.0423 |  natural=0.0054 | clipped=0.0054(上限20.0)
26-28-13-41 原始规范坐标 G(Re Σrow_mean) = +8.2791 | 累计|g| = 7.3790
26-28-13-41 Ψ矩阵条件数 cond(Ψ) = 1.27e+01
26-28-13-41 Loss=-3.190306 | E0=-1.04652219+0.00380097j | E1=-0.95179870+0.00004947j|E2=-0.65691319+0.00004586j|E3=-0.53507228-0.00003055j
26-28-13-41 #-----------------------------------------#
26-28-13-41 [Step 267] logΨ: mean=7.104-0.217j | min=2.800+1.129j | max=7.227+1.283j
26-28-13-41 梯度监控 | raw=5.2524 | per_param=0.1900 |  natural=0.0167 | clipped=0.0167(上限20.0)
26-28-13-41 原始规范坐标 G(Re Σrow_mean) = +8.2286 | 累计|g| = 7.3790
26-28-13-41 Ψ矩阵条件数 cond(Ψ) = 1.27e+01
26-28-13-41 Loss=-3.188207 | E0=-1.04550042+0.00139346j | E1=-0.95138294+0.00063228j|E2=-0.65709931-0.00053954j|E3=-0.53422475+0.00026331j
26-28-13-41 #-----------------------------------------#
26-28-13-41 [Step 268] logΨ: mean=7.115-0.504j | min=-0.932+1.522j | max=7.198+1.252j
26-28-13-41 梯度监控 | raw=3.7044 | per_param=0.1340 |  natural=0.0120 | clipped=0.0120(上限20.0)
26-28-13-41 原始规范坐标 G(Re Σrow_mean) = +8.2398 | 累计|g| = 7.3790
26-28-13-41 Ψ矩阵条件数 cond(Ψ) = 1.27e+01
26-28-13-41 Loss=-3.188391 | E0=-1.04507228+0.00112669j | E1=-0.95154742+0.00005525j|E2=-0.65659100-0.00010666j|E3=-0.53518050+0.00034131j
26-28-13-41 #-----------------------------------------#
26-28-13-41 [Step 269] logΨ: mean=7.163-0.953j | min=2.530-0.895j | max=7.229+1.252j
26-28-13-41 梯度监控 | raw=6.5717 | per_param=0.2378 |  natural=0.0085 | clipped=0.0085(上限20.0)
26-28-13-41 原始规范坐标 G(Re Σrow_mean) = +8.2798 | 累计|g| = 7.3790
26-28-13-41 Ψ矩阵条件数 cond(Ψ) = 1.26e+01
26-28-13-41 Loss=-3.188931 | E0=-1.04813361+0.00214156j | E1=-0.95071628-0.00040520j|E2=-0.65651254+0.00039413j|E3=-0.53356841+0.00018363j
26-28-13-41 #-----------------------------------------#
26-28-13-41 [GaugeReset@270] 吸收 Δg = Σ Re(col_mean) = +8.2798 | 新|g| = 7.3586
26-28-13-41 【Step 270】per-param 梯度范数超限，已裁剪：scale=0.7305 | 裁剪后 per_param=0.5000
26-28-13-41 [Step 270] logΨ: mean=7.207-0.951j | min=3.276-1.384j | max=7.270+1.262j
26-28-13-41 梯度监控 | raw=13.8203 | per_param=0.5000 |  natural=0.0043 | clipped=0.0043(上限20.0)
26-28-13-41 原始规范坐标 G(Re Σrow_mean) = +8.2908 | 累计|g| = 7.3586
26-28-13-41 Ψ矩阵条件数 cond(Ψ) = 1.27e+01
26-28-13-41 Loss=-3.186431 | E0=-1.04600504+0.00114301j | E1=-0.94983521+0.00026483j|E2=-0.65631173-0.00017713j|E3=-0.53427869-0.00048761j
26-28-13-41 #-----------------------------------------#
26-28-13-41 [Step 271] logΨ: mean=7.306-0.630j | min=2.256-1.604j | max=7.362+1.288j
26-28-13-41 梯度监控 | raw=9.1340 | per_param=0.3305 |  natural=0.0184 | clipped=0.0184(上限20.0)
26-28-13-41 原始规范坐标 G(Re Σrow_mean) = +8.3245 | 累计|g| = 7.3586
26-28-13-41 Ψ矩阵条件数 cond(Ψ) = 1.29e+01
26-28-13-41 Loss=-3.186985 | E0=-1.04584465+0.00072227j | E1=-0.95104790-0.00003559j|E2=-0.65636373+0.00005631j|E3=-0.53372850-0.00044302j
26-28-13-41 #-----------------------------------------#
26-28-13-41 [Step 272] logΨ: mean=7.402-0.342j | min=2.294+1.545j | max=7.483+1.318j
26-28-13-41 梯度监控 | raw=5.6199 | per_param=0.2033 |  natural=0.0146 | clipped=0.0146(上限20.0)
26-28-13-41 原始规范坐标 G(Re Σrow_mean) = +8.3615 | 累计|g| = 7.3586
26-28-13-41 Ψ矩阵条件数 cond(Ψ) = 1.31e+01
26-28-13-41 Loss=-3.187244 | E0=-1.04451459-0.00088340j | E1=-0.95176792+0.00046644j|E2=-0.65650089-0.00034146j|E3=-0.53446071-0.00022410j
26-28-13-41 #-----------------------------------------#
26-28-13-41 [Step 273] logΨ: mean=7.467+0.175j | min=2.099-2.197j | max=7.553+1.331j
26-28-13-41 梯度监控 | raw=6.5221 | per_param=0.2360 |  natural=0.0107 | clipped=0.0107(上限20.0)
26-28-13-41 原始规范坐标 G(Re Σrow_mean) = +8.3834 | 累计|g| = 7.3586
26-28-13-41 Ψ矩阵条件数 cond(Ψ) = 1.34e+01
26-28-13-41 Loss=-3.188605 | E0=-1.04607817-0.00130665j | E1=-0.95204943+0.00010350j|E2=-0.65723601-0.00004795j|E3=-0.53324106+0.00011230j
26-28-13-41 #-----------------------------------------#
26-28-13-41 [Step 274] logΨ: mean=7.461-0.319j | min=1.508-2.213j | max=7.521+1.291j
26-28-13-41 梯度监控 | raw=3.2887 | per_param=0.1190 |  natural=0.0169 | clipped=0.0169(上限20.0)
26-28-13-41 原始规范坐标 G(Re Σrow_mean) = +8.3751 | 累计|g| = 7.3586
26-28-13-41 Ψ矩阵条件数 cond(Ψ) = 1.34e+01
26-28-13-41 Loss=-3.188003 | E0=-1.04471472-0.00077788j | E1=-0.95163758+0.00034873j|E2=-0.65650303-0.00013131j|E3=-0.53514760-0.00008417j
26-28-13-41 #-----------------------------------------#
26-28-13-41 [Step 275] logΨ: mean=7.488-0.322j | min=2.060-2.183j | max=7.530+1.282j
26-28-13-41 梯度监控 | raw=6.2530 | per_param=0.2262 |  natural=0.0056 | clipped=0.0056(上限20.0)
26-28-13-41 原始规范坐标 G(Re Σrow_mean) = +8.3908 | 累计|g| = 7.3586
26-28-13-41 Ψ矩阵条件数 cond(Ψ) = 1.34e+01
26-28-13-41 Loss=-3.189668 | E0=-1.04692636+0.00088010j | E1=-0.95121905-0.00039248j|E2=-0.65713742+0.00044930j|E3=-0.53438532-0.00007384j
26-28-13-41 #-----------------------------------------#
26-28-13-41 [Step 276] logΨ: mean=7.441-0.645j | min=3.265-0.951j | max=7.517+1.278j
26-28-13-41 梯度监控 | raw=1.2249 | per_param=0.0443 |  natural=0.0074 | clipped=0.0074(上限20.0)
26-28-13-41 原始规范坐标 G(Re Σrow_mean) = +8.3618 | 累计|g| = 7.3586
26-28-13-41 Ψ矩阵条件数 cond(Ψ) = 1.34e+01
26-28-13-41 Loss=-3.190275 | E0=-1.04594148+0.00018081j | E1=-0.95207444+0.00009890j|E2=-0.65713077-0.00004794j|E3=-0.53512851+0.00009047j
26-28-13-41 #-----------------------------------------#
26-28-13-41 [Step 277] logΨ: mean=7.350-0.762j | min=2.633-0.254j | max=7.431+1.246j
26-28-13-41 梯度监控 | raw=13.0857 | per_param=0.4734 |  natural=0.0401 | clipped=0.0401(上限20.0)
26-28-13-41 原始规范坐标 G(Re Σrow_mean) = +8.3028 | 累计|g| = 7.3586
26-28-13-41 Ψ矩阵条件数 cond(Ψ) = 1.32e+01
26-28-13-41 Loss=-3.188629 | E0=-1.04635752+0.00062446j | E1=-0.95054131-0.00023963j|E2=-0.65740441+0.00018939j|E3=-0.53432539+0.00014507j
26-28-13-41 #-----------------------------------------#
26-28-13-41 【Step 278】per-param 梯度范数超限，已裁剪：scale=0.8005 | 裁剪后 per_param=0.5000
26-28-13-41 [Step 278] logΨ: mean=7.339-0.408j | min=3.003-1.925j | max=7.423+1.261j
26-28-13-41 梯度监控 | raw=13.8203 | per_param=0.5000 |  natural=0.0119 | clipped=0.0119(上限20.0)
26-28-13-41 原始规范坐标 G(Re Σrow_mean) = +8.3143 | 累计|g| = 7.3586
26-28-13-41 Ψ矩阵条件数 cond(Ψ) = 1.31e+01
26-28-13-41 Loss=-3.174333 | E0=-1.03712965+0.00524648j | E1=-0.94846209+0.00017983j|E2=-0.65506517-0.00013401j|E3=-0.53367632-0.00003024j
26-28-13-41 #-----------------------------------------#
26-28-13-41 【Step 279】per-param 梯度范数超限，已裁剪：scale=0.6112 | 裁剪后 per_param=0.5000
26-28-13-41 [Step 279] logΨ: mean=7.252-0.475j | min=2.969-2.115j | max=7.386+1.204j
26-28-13-41 梯度监控 | raw=13.8203 | per_param=0.5000 |  natural=0.0194 | clipped=0.0194(上限20.0)
26-28-13-41 原始规范坐标 G(Re Σrow_mean) = +8.2535 | 累计|g| = 7.3586
26-28-13-41 Ψ矩阵条件数 cond(Ψ) = 1.31e+01
26-28-13-41 Loss=-3.164035 | E0=-1.02749422-0.00086848j | E1=-0.94848309+0.00115516j|E2=-0.65540708-0.00067503j|E3=-0.53265094+0.00030878j
26-28-13-41 #-----------------------------------------#
26-28-13-41 [保存] Step 279 → pickle 文件已更新 (280 条记录)
26-28-13-41 [GaugeReset@280] 吸收 Δg = Σ Re(col_mean) = +8.2535 | 新|g| = 7.3009
26-28-13-41 【Step 280】per-param 梯度范数超限，已裁剪：scale=0.5609 | 裁剪后 per_param=0.5000
26-28-13-41 [Step 280] logΨ: mean=7.292-0.658j | min=2.908+1.710j | max=7.412+1.337j
26-28-13-41 梯度监控 | raw=13.8203 | per_param=0.5000 |  natural=0.0165 | clipped=0.0165(上限20.0)
26-28-13-41 原始规范坐标 G(Re Σrow_mean) = +8.2687 | 累计|g| = 7.3009
26-28-13-41 Ψ矩阵条件数 cond(Ψ) = 1.30e+01
26-28-13-41 Loss=-3.162604 | E0=-1.03123481+0.00044432j | E1=-0.94360579-0.00041830j|E2=-0.65398044+0.00047144j|E3=-0.53378333-0.00021652j
26-28-13-41 #-----------------------------------------#
26-28-13-41 【Step 281】per-param 梯度范数超限，已裁剪：scale=0.4836 | 裁剪后 per_param=0.5000
26-28-13-41 [Step 281] logΨ: mean=7.216-0.764j | min=1.938+1.328j | max=7.378+1.320j
26-28-13-41 梯度监控 | raw=13.8203 | per_param=0.5000 |  natural=0.0106 | clipped=0.0106(上限20.0)
26-28-13-41 原始规范坐标 G(Re Σrow_mean) = +8.2395 | 累计|g| = 7.3009
26-28-13-41 Ψ矩阵条件数 cond(Ψ) = 1.19e+01
26-28-13-41 Loss=-3.168888 | E0=-1.03374911+0.00112372j | E1=-0.94528214+0.00067844j|E2=-0.65603996-0.00081461j|E3=-0.53381667-0.00043541j
26-28-13-41 #-----------------------------------------#
26-28-13-41 【Step 282】per-param 梯度范数超限，已裁剪：scale=0.6439 | 裁剪后 per_param=0.5000
26-28-13-41 [Step 282] logΨ: mean=7.239-0.938j | min=0.834+0.028j | max=7.372+1.230j
26-28-13-41 梯度监控 | raw=13.8203 | per_param=0.5000 |  natural=0.0151 | clipped=0.0151(上限20.0)
26-28-13-41 原始规范坐标 G(Re Σrow_mean) = +8.2588 | 累计|g| = 7.3009
26-28-13-41 Ψ矩阵条件数 cond(Ψ) = 1.28e+01
26-28-13-41 Loss=-3.166006 | E0=-1.02952055-0.00287718j | E1=-0.94788327-0.00020828j|E2=-0.65534025+0.00015430j|E3=-0.53326242+0.00038129j
26-28-13-41 #-----------------------------------------#
26-28-13-41 【Step 283】per-param 梯度范数超限，已裁剪：scale=0.9362 | 裁剪后 per_param=0.5000
26-28-13-41 [Step 283] logΨ: mean=7.213-1.220j | min=1.484+0.897j | max=7.313+1.231j
26-28-13-41 梯度监控 | raw=13.8203 | per_param=0.5000 |  natural=0.0220 | clipped=0.0220(上限20.0)
26-28-13-41 原始规范坐标 G(Re Σrow_mean) = +8.2592 | 累计|g| = 7.3009
26-28-13-41 Ψ矩阵条件数 cond(Ψ) = 1.26e+01
26-28-13-41 Loss=-3.173340 | E0=-1.03564023-0.00029329j | E1=-0.94838316+0.00019854j|E2=-0.65540709-0.00008497j|E3=-0.53390986+0.00011257j
26-28-13-41 #-----------------------------------------#
26-28-13-41 【Step 284】per-param 梯度范数超限，已裁剪：scale=0.4862 | 裁剪后 per_param=0.5000
26-28-13-41 [Step 284] logΨ: mean=7.117-1.099j | min=2.325+0.243j | max=7.259+1.221j
26-28-13-41 梯度监控 | raw=13.8203 | per_param=0.5000 |  natural=0.0145 | clipped=0.0145(上限20.0)
26-28-13-41 原始规范坐标 G(Re Σrow_mean) = +8.2250 | 累计|g| = 7.3009
26-28-13-41 Ψ矩阵条件数 cond(Ψ) = 1.24e+01
26-28-13-41 Loss=-3.167548 | E0=-1.03203213-0.00432379j | E1=-0.94737283-0.00008681j|E2=-0.65529674-0.00015744j|E3=-0.53284592+0.00025336j
26-28-13-41 #-----------------------------------------#
26-28-13-41 【Step 285】per-param 梯度范数超限，已裁剪：scale=0.6808 | 裁剪后 per_param=0.5000
26-28-13-41 [Step 285] logΨ: mean=7.179-0.706j | min=2.072-1.028j | max=7.313+1.222j
26-28-13-41 梯度监控 | raw=13.8203 | per_param=0.5000 |  natural=0.0115 | clipped=0.0115(上限20.0)
26-28-13-41 原始规范坐标 G(Re Σrow_mean) = +8.2390 | 累计|g| = 7.3009
26-28-13-41 Ψ矩阵条件数 cond(Ψ) = 1.27e+01
26-28-13-41 Loss=-3.164504 | E0=-1.02919906-0.00694880j | E1=-0.94872956+0.00030356j|E2=-0.65441035-0.00025779j|E3=-0.53216497-0.00011314j
26-28-13-41 #-----------------------------------------#
26-28-13-41 [Step 286] logΨ: mean=7.270-0.701j | min=2.254+0.339j | max=7.332+1.232j
26-28-13-41 梯度监控 | raw=9.1761 | per_param=0.3320 |  natural=0.0078 | clipped=0.0078(上限20.0)
26-28-13-41 原始规范坐标 G(Re Σrow_mean) = +8.3005 | 累计|g| = 7.3009
26-28-13-41 Ψ矩阵条件数 cond(Ψ) = 1.20e+01
26-28-13-41 Loss=-3.179365 | E0=-1.03957616-0.00043772j | E1=-0.94986884+0.00081106j|E2=-0.65556781-0.00044272j|E3=-0.53435255-0.00014936j
26-28-13-41 #-----------------------------------------#
26-28-13-41 [Step 287] logΨ: mean=7.248-0.750j | min=3.040-2.267j | max=7.319+1.203j
26-28-13-41 梯度监控 | raw=3.7187 | per_param=0.1345 |  natural=0.0172 | clipped=0.0172(上限20.0)
26-28-13-41 原始规范坐标 G(Re Σrow_mean) = +8.2770 | 累计|g| = 7.3009
26-28-13-41 Ψ矩阵条件数 cond(Ψ) = 1.26e+01
26-28-13-41 Loss=-3.187112 | E0=-1.04494316+0.00221492j | E1=-0.95158444+0.00055910j|E2=-0.65669063-0.00025197j|E3=-0.53389365+0.00001710j
26-28-13-41 #-----------------------------------------#
26-28-13-41 【Step 288】per-param 梯度范数超限，已裁剪：scale=0.6214 | 裁剪后 per_param=0.5000
26-28-13-41 [Step 288] logΨ: mean=7.150-0.492j | min=2.978+0.872j | max=7.256+1.202j
26-28-13-41 梯度监控 | raw=13.8203 | per_param=0.5000 |  natural=0.0122 | clipped=0.0122(上限20.0)
26-28-13-41 原始规范坐标 G(Re Σrow_mean) = +8.2410 | 累计|g| = 7.3009
26-28-13-41 Ψ矩阵条件数 cond(Ψ) = 1.24e+01
26-28-13-41 Loss=-3.182860 | E0=-1.04553266+0.00205051j | E1=-0.94515247+0.00001263j|E2=-0.65688675+0.00006374j|E3=-0.53528826+0.00076998j
26-28-13-41 #-----------------------------------------#
26-28-13-41 [Step 289] logΨ: mean=7.063-0.433j | min=1.924+0.451j | max=7.161+1.197j
26-28-13-41 梯度监控 | raw=12.0626 | per_param=0.4364 |  natural=0.0265 | clipped=0.0265(上限20.0)
26-28-13-41 原始规范坐标 G(Re Σrow_mean) = +8.2041 | 累计|g| = 7.3009
26-28-13-41 Ψ矩阵条件数 cond(Ψ) = 1.21e+01
26-28-13-41 Loss=-3.183059 | E0=-1.04409772+0.00171214j | E1=-0.94804440-0.00009657j|E2=-0.65614409-0.00015743j|E3=-0.53477264-0.00035336j
26-28-13-41 #-----------------------------------------#
26-28-13-41 [GaugeReset@290] 吸收 Δg = Σ Re(col_mean) = +8.2041 | 新|g| = 7.2929
26-28-13-41 [Step 290] logΨ: mean=7.247-0.613j | min=2.134-1.037j | max=7.304+1.217j
26-28-13-41 梯度监控 | raw=12.8942 | per_param=0.4665 |  natural=0.0236 | clipped=0.0236(上限20.0)
26-28-13-41 原始规范坐标 G(Re Σrow_mean) = +8.2325 | 累计|g| = 7.2929
26-28-13-41 Ψ矩阵条件数 cond(Ψ) = 1.26e+01
26-28-13-41 Loss=-3.186916 | E0=-1.04563204+0.00295682j | E1=-0.94954583+0.00035807j|E2=-0.65686352-0.00015939j|E3=-0.53487453-0.00020244j
26-28-13-41 #-----------------------------------------#
26-28-13-41 【Step 291】per-param 梯度范数超限，已裁剪：scale=0.8551 | 裁剪后 per_param=0.5000
26-28-13-41 [Step 291] logΨ: mean=7.154-0.753j | min=3.025-3.077j | max=7.229+1.186j
26-28-13-41 梯度监控 | raw=13.8203 | per_param=0.5000 |  natural=0.0167 | clipped=0.0167(上限20.0)
26-28-13-41 原始规范坐标 G(Re Σrow_mean) = +8.2136 | 累计|g| = 7.2929
26-28-13-41 Ψ矩阵条件数 cond(Ψ) = 1.23e+01
26-28-13-41 Loss=-3.187242 | E0=-1.04494840+0.00232585j | E1=-0.94920237-0.00032413j|E2=-0.65679100+0.00019345j|E3=-0.53630061-0.00003685j
26-28-13-41 #-----------------------------------------#
26-28-13-41 [Step 292] logΨ: mean=7.171-0.167j | min=2.242+1.100j | max=7.213+1.184j
26-28-13-41 梯度监控 | raw=3.9428 | per_param=0.1426 |  natural=0.0051 | clipped=0.0051(上限20.0)
26-28-13-41 原始规范坐标 G(Re Σrow_mean) = +8.2269 | 累计|g| = 7.2929
26-28-13-41 Ψ矩阵条件数 cond(Ψ) = 1.24e+01
26-28-13-41 Loss=-3.188209 | E0=-1.04571258+0.00101859j | E1=-0.95214093-0.00025150j|E2=-0.65622391+0.00019043j|E3=-0.53413113-0.00052048j
26-28-13-41 #-----------------------------------------#
26-28-13-41 [Step 293] logΨ: mean=7.175-0.022j | min=2.523+1.255j | max=7.211+1.189j
26-28-13-41 梯度监控 | raw=5.7315 | per_param=0.2074 |  natural=0.0051 | clipped=0.0051(上限20.0)
26-28-13-41 原始规范坐标 G(Re Σrow_mean) = +8.2339 | 累计|g| = 7.2929
26-28-13-41 Ψ矩阵条件数 cond(Ψ) = 1.24e+01
26-28-13-41 Loss=-3.189502 | E0=-1.04722624+0.00185435j | E1=-0.95165020+0.00017940j|E2=-0.65661599-0.00001704j|E3=-0.53400999+0.00001900j
26-28-13-41 #-----------------------------------------#
26-28-13-41 [Step 294] logΨ: mean=7.179-0.440j | min=1.335+1.236j | max=7.244+1.195j
26-28-13-41 梯度监控 | raw=5.6680 | per_param=0.2051 |  natural=0.0097 | clipped=0.0097(上限20.0)
26-28-13-41 原始规范坐标 G(Re Σrow_mean) = +8.2402 | 累计|g| = 7.2929
26-28-13-41 Ψ矩阵条件数 cond(Ψ) = 1.23e+01
26-28-13-41 Loss=-3.189104 | E0=-1.04477450+0.00090456j | E1=-0.95166302+0.00046054j|E2=-0.65650492-0.00038621j|E3=-0.53616165+0.00069007j
26-28-13-41 #-----------------------------------------#
26-28-13-41 [Step 295] logΨ: mean=4.594-1.105j | min=0.059-1.678j | max=4.701+0.197j
26-28-13-41 梯度监控 | raw=9.3711 | per_param=0.3390 |  natural=0.6628 | clipped=0.6628(上限20.0)
26-28-13-41 原始规范坐标 G(Re Σrow_mean) = +7.4478 | 累计|g| = 7.2929
26-28-13-41 Ψ矩阵条件数 cond(Ψ) = 1.12e+01
26-28-13-41 Loss=-3.170076 | E0=-1.02925283+0.00541004j | E1=-0.95131492+0.00084077j|E2=-0.65722581-0.00050632j|E3=-0.53228204+0.00030568j
26-28-13-41 #-----------------------------------------#
26-28-13-41 【Step 296】per-param 梯度范数超限，已裁剪：scale=0.1876 | 裁剪后 per_param=0.5000
26-28-13-41 [Step 296] logΨ: mean=4.363-0.899j | min=-1.435+0.839j | max=4.753+0.195j
26-28-13-41 梯度监控 | raw=13.8203 | per_param=0.5000 |  natural=0.0223 | clipped=0.0223(上限20.0)
26-28-13-41 原始规范坐标 G(Re Σrow_mean) = +7.3475 | 累计|g| = 7.2929
26-28-13-41 Ψ矩阵条件数 cond(Ψ) = 1.12e+01
26-28-13-41 Loss=-2.653513 | E0=-0.97060974-0.00136015j | E1=-0.74933364-0.00032845j|E2=-0.57249956-0.00173348j|E3=-0.36107040-0.00954584j
26-28-13-41 #-----------------------------------------#
26-28-13-41 【Step 297】per-param 梯度范数超限，已裁剪：scale=0.2040 | 裁剪后 per_param=0.5000
26-28-13-41 [Step 297] logΨ: mean=4.421-0.967j | min=0.102-2.914j | max=4.795+0.212j
26-28-13-41 梯度监控 | raw=13.8203 | per_param=0.5000 |  natural=0.0150 | clipped=0.0150(上限20.0)
26-28-13-41 原始规范坐标 G(Re Σrow_mean) = +7.3810 | 累计|g| = 7.2929
26-28-13-41 Ψ矩阵条件数 cond(Ψ) = 1.17e+01
26-28-13-41 Loss=-2.735843 | E0=-0.97040306+0.00033788j | E1=-0.76534619-0.00386620j|E2=-0.57899253+0.00170668j|E3=-0.42110161-0.00353571j
26-28-13-41 #-----------------------------------------#
26-28-13-41 【Step 298】per-param 梯度范数超限，已裁剪：scale=0.2060 | 裁剪后 per_param=0.5000
26-28-13-41 [Step 298] logΨ: mean=4.526-1.202j | min=-0.950+1.644j | max=4.876+0.220j
26-28-13-41 梯度监控 | raw=13.8203 | per_param=0.5000 |  natural=0.0417 | clipped=0.0417(上限20.0)
26-28-13-41 原始规范坐标 G(Re Σrow_mean) = +7.4407 | 累计|g| = 7.2929
26-28-13-41 Ψ矩阵条件数 cond(Ψ) = 1.17e+01
26-28-13-41 Loss=-2.770392 | E0=-0.97144688+0.00170473j | E1=-0.76904711-0.00282884j|E2=-0.58635774-0.00319533j|E3=-0.44354017+0.00088338j
26-28-13-41 #-----------------------------------------#
26-28-13-41 【Step 299】per-param 梯度范数超限，已裁剪：scale=0.3006 | 裁剪后 per_param=0.5000
26-28-13-41 [Step 299] logΨ: mean=4.603-1.139j | min=0.570-3.106j | max=4.852+0.139j
26-28-13-41 梯度监控 | raw=13.8203 | per_param=0.5000 |  natural=0.0286 | clipped=0.0286(上限20.0)
26-28-13-41 原始规范坐标 G(Re Σrow_mean) = +7.4360 | 累计|g| = 7.2929
26-28-13-41 Ψ矩阵条件数 cond(Ψ) = 1.98e+01
26-28-13-41 Loss=-2.927399 | E0=-0.97137268-0.00221063j | E1=-0.83168906+0.00834103j|E2=-0.62082510-0.00330148j|E3=-0.50351253+0.00447779j
26-28-13-41 #-----------------------------------------#
26-28-13-41 [保存] Step 299 → pickle 文件已更新 (300 条记录)
26-28-13-41 [GaugeReset@300] 吸收 Δg = Σ Re(col_mean) = +7.4360 | 新|g| = 7.0876
26-28-13-41 训练耗时：207.56 秒
26-28-13-41 
============================================================
26-28-13-41 训练完成!
26-28-13-41 ============================================================
26-28-13-41 [保存] 训练结束，pickle 最终写入 300 条记录 → ./data/26-09-28-13-37_history_natural_gradient_H2_molecule_K4.pkl
