26-14-21-39 
============================================================
26-14-21-39 开始多链 NES-VMC | P8 双侧列规范 + gauge reset + 动态单向分段冻结
26-14-21-39 ============================================================
26-14-21-39 精确CAS基准：E0=-1.05434745 | E1=-0.95790573 | E2=-0.66895227 | E3=-0.55140192 Ha
26-14-21-39 总变分参数 P = 1108（每能级 277）
26-14-21-39 示例动态冻结事件（可用 freeze_ctrl.freeze_cols 任意更改）：{}
26-14-21-53 
============================================================
26-14-21-53 开始多链 NES-VMC | P8 双侧列规范 + gauge reset + 动态单向分段冻结
26-14-21-53 ============================================================
26-14-21-53 精确CAS基准：E0=-1.05434745 | E1=-0.95790573 | E2=-0.66895227 | E3=-0.55140192 Ha
26-14-21-53 总变分参数 P = 1108（每能级 277）
26-14-21-53 示例动态冻结事件（可用 freeze_ctrl.freeze_cols 任意更改）：{}
26-14-21-53 [Step   0] logΨ: mean=1.047-0.028j
26-14-21-53 梯度监控 | raw=3.7715 | natural=1.0026 | clipped=1.0026(上限20.0) | t_grad=2167ms t_qgt=576ms
26-14-21-53 冻结状态 | frozen_set=[] | P_a/P=1108/1108 | QGT=1227664 | 本轮实际训练参数=1108
26-14-21-53 Ψ矩阵条件数 cond(Ψ) = 1.09e+01 | 累计|g| = 0.0000
26-14-21-53 Loss=0.891533 | E0=-0.46477758 | E1=0.04976835|E2=0.19577370|E3=1.02866740
26-14-21-53 误差(Ha): e0=5.90e-01 | e1=1.01e+00 | e2=8.65e-01 | e3=1.58e+00
26-14-21-53 #-----------------------------------------#
26-14-21-53 [Step   1] logΨ: mean=1.388+0.059j
26-14-21-53 梯度监控 | raw=3.8033 | natural=1.0381 | clipped=1.0381(上限20.0) | t_grad=1ms t_qgt=7ms
26-14-21-53 冻结状态 | frozen_set=[] | P_a/P=1108/1108 | QGT=1227664 | 本轮实际训练参数=1108
26-14-21-53 Ψ矩阵条件数 cond(Ψ) = 8.07e+00 | 累计|g| = 0.0000
26-14-21-53 Loss=0.656437 | E0=-0.55989385 | E1=0.00025852|E2=0.09634187|E3=0.94338758
26-14-21-53 误差(Ha): e0=4.94e-01 | e1=9.58e-01 | e2=7.65e-01 | e3=1.49e+00
26-14-21-53 #-----------------------------------------#
26-14-21-53 [Step   2] logΨ: mean=1.817-0.018j
26-14-21-53 梯度监控 | raw=3.8530 | natural=1.0237 | clipped=1.0237(上限20.0) | t_grad=0ms t_qgt=5ms
26-14-21-53 冻结状态 | frozen_set=[] | P_a/P=1108/1108 | QGT=1227664 | 本轮实际训练参数=1108
26-14-21-53 Ψ矩阵条件数 cond(Ψ) = 8.54e+00 | 累计|g| = 0.0000
26-14-21-53 Loss=0.380926 | E0=-0.66670858 | E1=-0.10173849|E2=0.04836366|E3=0.83479815
26-14-21-53 误差(Ha): e0=3.88e-01 | e1=8.56e-01 | e2=7.17e-01 | e3=1.39e+00
26-14-21-53 #-----------------------------------------#
26-14-21-53 [Step   3] logΨ: mean=2.289+0.148j
26-14-21-53 梯度监控 | raw=3.4601 | natural=1.0319 | clipped=1.0319(上限20.0) | t_grad=1ms t_qgt=4ms
26-14-21-53 冻结状态 | frozen_set=[] | P_a/P=1108/1108 | QGT=1227664 | 本轮实际训练参数=1108
26-14-21-53 Ψ矩阵条件数 cond(Ψ) = 1.10e+01 | 累计|g| = 0.0000
26-14-21-53 Loss=0.137307 | E0=-0.72354124 | E1=-0.21990135|E2=0.01831948|E3=0.71327469
26-14-21-53 误差(Ha): e0=3.31e-01 | e1=7.38e-01 | e2=6.87e-01 | e3=1.26e+00
26-14-21-53 #-----------------------------------------#
26-14-21-53 [Step   4] logΨ: mean=2.852+0.070j
26-14-21-53 梯度监控 | raw=3.1091 | natural=1.0151 | clipped=1.0151(上限20.0) | t_grad=1ms t_qgt=3ms
26-14-21-53 冻结状态 | frozen_set=[] | P_a/P=1108/1108 | QGT=1227664 | 本轮实际训练参数=1108
26-14-21-53 Ψ矩阵条件数 cond(Ψ) = 9.71e+00 | 累计|g| = 0.0000
26-14-21-53 Loss=-0.183703 | E0=-0.79583020 | E1=-0.34679726|E2=-0.01511765|E3=0.56397139
26-14-21-53 误差(Ha): e0=2.59e-01 | e1=6.11e-01 | e2=6.54e-01 | e3=1.12e+00
26-14-21-53 #-----------------------------------------#
26-14-21-53 [Step   5] logΨ: mean=3.445+0.028j
26-14-21-53 梯度监控 | raw=3.0908 | natural=0.9650 | clipped=0.9650(上限20.0) | t_grad=0ms t_qgt=4ms
26-14-21-53 冻结状态 | frozen_set=[] | P_a/P=1108/1108 | QGT=1227664 | 本轮实际训练参数=1108
26-14-21-53 Ψ矩阵条件数 cond(Ψ) = 8.07e+00 | 累计|g| = 0.0000
26-14-21-53 Loss=-0.445526 | E0=-0.84310714 | E1=-0.47171634|E2=-0.04311227|E3=0.44958853
26-14-21-53 误差(Ha): e0=2.11e-01 | e1=4.86e-01 | e2=6.26e-01 | e3=1.00e+00
26-14-21-53 #-----------------------------------------#
26-14-21-53 [Step   6] logΨ: mean=4.074+0.126j
26-14-21-53 梯度监控 | raw=3.1196 | natural=1.0155 | clipped=1.0155(上限20.0) | t_grad=0ms t_qgt=3ms
26-14-21-53 冻结状态 | frozen_set=[] | P_a/P=1108/1108 | QGT=1227664 | 本轮实际训练参数=1108
26-14-21-53 Ψ矩阵条件数 cond(Ψ) = 7.75e+00 | 累计|g| = 0.0000
26-14-21-53 Loss=-0.642241 | E0=-0.87263913 | E1=-0.56031011|E2=-0.07774756|E3=0.32850565
26-14-21-53 误差(Ha): e0=1.82e-01 | e1=3.98e-01 | e2=5.91e-01 | e3=8.80e-01
26-14-21-53 #-----------------------------------------#
26-14-21-53 [Step   7] logΨ: mean=4.815+0.073j
26-14-21-53 梯度监控 | raw=2.8642 | natural=0.9944 | clipped=0.9944(上限20.0) | t_grad=0ms t_qgt=3ms
26-14-21-53 冻结状态 | frozen_set=[] | P_a/P=1108/1108 | QGT=1227664 | 本轮实际训练参数=1108
26-14-21-53 Ψ矩阵条件数 cond(Ψ) = 1.40e+01 | 累计|g| = 0.0000
26-14-21-53 Loss=-0.865551 | E0=-0.90120171 | E1=-0.63574956|E2=-0.12673962|E3=0.24232273
26-14-21-53 误差(Ha): e0=1.53e-01 | e1=3.22e-01 | e2=5.42e-01 | e3=7.94e-01
26-14-21-53 #-----------------------------------------#
26-14-21-53 [Step   8] logΨ: mean=5.594+0.080j
26-14-21-53 梯度监控 | raw=3.2795 | natural=0.9640 | clipped=0.9640(上限20.0) | t_grad=1ms t_qgt=4ms
26-14-21-53 冻结状态 | frozen_set=[] | P_a/P=1108/1108 | QGT=1227664 | 本轮实际训练参数=1108
26-14-21-53 Ψ矩阵条件数 cond(Ψ) = 1.05e+01 | 累计|g| = 0.0000
26-14-21-53 Loss=-1.093217 | E0=-0.92631654 | E1=-0.69920379|E2=-0.20280250|E3=0.18392323
26-14-21-53 误差(Ha): e0=1.28e-01 | e1=2.59e-01 | e2=4.66e-01 | e3=7.35e-01
26-14-21-53 #-----------------------------------------#
26-14-21-53 [Step   9] logΨ: mean=6.329+0.085j
26-14-21-53 梯度监控 | raw=3.2402 | natural=0.9379 | clipped=0.9379(上限20.0) | t_grad=0ms t_qgt=4ms
26-14-21-53 冻结状态 | frozen_set=[] | P_a/P=1108/1108 | QGT=1227664 | 本轮实际训练参数=1108
26-14-21-53 Ψ矩阵条件数 cond(Ψ) = 9.78e+00 | 累计|g| = 0.0000
26-14-21-53 Loss=-1.260134 | E0=-0.94369972 | E1=-0.76014779|E2=-0.25776709|E3=0.13365403
26-14-21-53 误差(Ha): e0=1.11e-01 | e1=1.98e-01 | e2=4.11e-01 | e3=6.85e-01
26-14-21-53 #-----------------------------------------#
26-14-21-53 [GaugeReset@10] 吸收 Δg = Σ Re(col_mean) = +5.4100 | 新|g| = 2.9666
26-14-21-53 [Step  10] logΨ: mean=1.741+0.400j
26-14-21-53 梯度监控 | raw=3.5056 | natural=0.9153 | clipped=0.9153(上限20.0) | t_grad=2006ms t_qgt=404ms
26-14-21-53 冻结状态 | frozen_set=[] | P_a/P=1108/1108 | QGT=1227664 | 本轮实际训练参数=1108
26-14-21-53 Ψ矩阵条件数 cond(Ψ) = 2.78e+01 | 累计|g| = 2.9666
26-14-21-53 Loss=-1.425535 | E0=-0.96065110 | E1=-0.80942219|E2=-0.32570447|E3=0.10554570
26-14-21-53 误差(Ha): e0=9.37e-02 | e1=1.48e-01 | e2=3.43e-01 | e3=6.57e-01
26-14-21-53 #-----------------------------------------#
26-14-21-53 [Step  11] logΨ: mean=2.604+0.409j
26-14-21-53 梯度监控 | raw=3.7380 | natural=0.8277 | clipped=0.8277(上限20.0) | t_grad=1ms t_qgt=4ms
26-14-21-53 冻结状态 | frozen_set=[] | P_a/P=1108/1108 | QGT=1227664 | 本轮实际训练参数=1108
26-14-21-53 Ψ矩阵条件数 cond(Ψ) = 9.91e+00 | 累计|g| = 2.9666
26-14-21-53 Loss=-1.672823 | E0=-0.97954256 | E1=-0.85870943|E2=-0.39702231|E3=0.08554148
26-14-21-53 误差(Ha): e0=7.48e-02 | e1=9.92e-02 | e2=2.72e-01 | e3=6.37e-01
26-14-21-53 #-----------------------------------------#
26-14-21-53 [Step  12] logΨ: mean=3.329+0.500j
26-14-21-53 梯度监控 | raw=3.2410 | natural=0.7800 | clipped=0.7800(上限20.0) | t_grad=1ms t_qgt=4ms
26-14-21-53 冻结状态 | frozen_set=[] | P_a/P=1108/1108 | QGT=1227664 | 本轮实际训练参数=1108
26-14-21-53 Ψ矩阵条件数 cond(Ψ) = 1.33e+01 | 累计|g| = 2.9666
26-14-21-53 Loss=-1.820585 | E0=-0.98997933 | E1=-0.88990066|E2=-0.43444446|E3=0.05853785
26-14-21-53 误差(Ha): e0=6.44e-02 | e1=6.80e-02 | e2=2.35e-01 | e3=6.10e-01
26-14-21-53 #-----------------------------------------#
26-14-21-53 [Step  13] logΨ: mean=4.062+0.316j
26-14-21-53 梯度监控 | raw=3.7166 | natural=0.8145 | clipped=0.8145(上限20.0) | t_grad=1ms t_qgt=3ms
26-14-21-53 冻结状态 | frozen_set=[] | P_a/P=1108/1108 | QGT=1227664 | 本轮实际训练参数=1108
26-14-21-53 Ψ矩阵条件数 cond(Ψ) = 6.81e+00 | 累计|g| = 2.9666
26-14-21-53 Loss=-1.868459 | E0=-1.00104971 | E1=-0.90667028|E2=-0.45999182|E3=0.04845047
26-14-21-53 误差(Ha): e0=5.33e-02 | e1=5.12e-02 | e2=2.09e-01 | e3=6.00e-01
26-14-21-53 #-----------------------------------------#
26-14-21-53 [Step  14] logΨ: mean=4.829+0.122j
26-14-21-53 梯度监控 | raw=4.3891 | natural=0.7383 | clipped=0.7383(上限20.0) | t_grad=1ms t_qgt=5ms
26-14-21-53 冻结状态 | frozen_set=[] | P_a/P=1108/1108 | QGT=1227664 | 本轮实际训练参数=1108
26-14-21-53 Ψ矩阵条件数 cond(Ψ) = 8.52e+00 | 累计|g| = 2.9666
26-14-21-53 Loss=-1.961602 | E0=-1.00661138 | E1=-0.92310110|E2=-0.49430188|E3=0.03399858
26-14-21-53 误差(Ha): e0=4.77e-02 | e1=3.48e-02 | e2=1.75e-01 | e3=5.85e-01
26-14-21-53 #-----------------------------------------#
26-14-21-53 [Step  15] logΨ: mean=5.568+0.188j
26-14-21-53 梯度监控 | raw=4.3164 | natural=0.7156 | clipped=0.7156(上限20.0) | t_grad=1ms t_qgt=5ms
26-14-21-53 冻结状态 | frozen_set=[] | P_a/P=1108/1108 | QGT=1227664 | 本轮实际训练参数=1108
26-14-21-53 Ψ矩阵条件数 cond(Ψ) = 1.65e+01 | 累计|g| = 2.9666
26-14-21-53 Loss=-2.075026 | E0=-1.02061099 | E1=-0.93504831|E2=-0.51197594|E3=0.01634878
26-14-21-53 误差(Ha): e0=3.37e-02 | e1=2.29e-02 | e2=1.57e-01 | e3=5.68e-01
26-14-21-53 #-----------------------------------------#
26-14-21-53 [Step  16] logΨ: mean=6.219-0.030j
26-14-21-53 梯度监控 | raw=5.2945 | natural=0.6325 | clipped=0.6325(上限20.0) | t_grad=1ms t_qgt=3ms
26-14-21-53 冻结状态 | frozen_set=[] | P_a/P=1108/1108 | QGT=1227664 | 本轮实际训练参数=1108
26-14-21-53 Ψ矩阵条件数 cond(Ψ) = 2.58e+01 | 累计|g| = 2.9666
26-14-21-53 Loss=-2.171164 | E0=-1.02560503 | E1=-0.94542079|E2=-0.53684951|E3=0.00071768
26-14-21-53 误差(Ha): e0=2.87e-02 | e1=1.25e-02 | e2=1.32e-01 | e3=5.52e-01
26-14-21-53 #-----------------------------------------#
26-14-21-54 [Step  17] logΨ: mean=6.791-0.074j
26-14-21-54 梯度监控 | raw=5.7885 | natural=0.6541 | clipped=0.6541(上限20.0) | t_grad=0ms t_qgt=3ms
26-14-21-54 冻结状态 | frozen_set=[] | P_a/P=1108/1108 | QGT=1227664 | 本轮实际训练参数=1108
26-14-21-54 Ψ矩阵条件数 cond(Ψ) = 1.59e+01 | 累计|g| = 2.9666
26-14-21-54 Loss=-2.232579 | E0=-1.02875032 | E1=-0.94905823|E2=-0.54734674|E3=-0.01995406
26-14-21-54 误差(Ha): e0=2.56e-02 | e1=8.85e-03 | e2=1.22e-01 | e3=5.31e-01
26-14-21-54 #-----------------------------------------#
26-14-21-54 [Step  18] logΨ: mean=7.379-0.351j
26-14-21-54 梯度监控 | raw=6.0020 | natural=0.5267 | clipped=0.5267(上限20.0) | t_grad=1ms t_qgt=4ms
26-14-21-54 冻结状态 | frozen_set=[] | P_a/P=1108/1108 | QGT=1227664 | 本轮实际训练参数=1108
26-14-21-54 Ψ矩阵条件数 cond(Ψ) = 1.44e+01 | 累计|g| = 2.9666
26-14-21-54 Loss=-2.320219 | E0=-1.03862745 | E1=-0.95167719|E2=-0.55442527|E3=-0.03680729
26-14-21-54 误差(Ha): e0=1.57e-02 | e1=6.23e-03 | e2=1.15e-01 | e3=5.15e-01
26-14-21-54 #-----------------------------------------#
26-14-21-54 [Step  19] logΨ: mean=7.955-0.253j
26-14-21-54 梯度监控 | raw=7.0540 | natural=0.5966 | clipped=0.5966(上限20.0) | t_grad=1ms t_qgt=4ms
26-14-21-54 冻结状态 | frozen_set=[] | P_a/P=1108/1108 | QGT=1227664 | 本轮实际训练参数=1108
26-14-21-54 Ψ矩阵条件数 cond(Ψ) = 1.44e+01 | 累计|g| = 2.9666
26-14-21-54 Loss=-2.318922 | E0=-1.03998108 | E1=-0.95310033|E2=-0.56230590|E3=-0.05040536
26-14-21-54 误差(Ha): e0=1.44e-02 | e1=4.81e-03 | e2=1.07e-01 | e3=5.01e-01
26-14-21-54 #-----------------------------------------#
26-14-21-54 [保存] Step 19 → pickle 已更新 (20 条记录)
26-14-21-54 [GaugeReset@20] 吸收 Δg = Σ Re(col_mean) = +11.5673 | 新|g| = 6.1771
26-14-21-54 [Step  20] logΨ: mean=2.169-0.650j
26-14-21-54 梯度监控 | raw=8.1328 | natural=0.4718 | clipped=0.4718(上限20.0) | t_grad=1ms t_qgt=3ms
26-14-21-54 冻结状态 | frozen_set=[] | P_a/P=1108/1108 | QGT=1227664 | 本轮实际训练参数=1108
26-14-21-54 Ψ矩阵条件数 cond(Ψ) = 2.20e+01 | 累计|g| = 6.1771
26-14-21-54 Loss=-2.403027 | E0=-1.04460721 | E1=-0.95495993|E2=-0.56890363|E3=-0.07672724
26-14-21-54 误差(Ha): e0=9.74e-03 | e1=2.95e-03 | e2=1.00e-01 | e3=4.75e-01
26-14-21-54 #-----------------------------------------#
26-14-21-54 [Step  21] logΨ: mean=2.514-0.607j
26-14-21-54 梯度监控 | raw=9.3064 | natural=0.4633 | clipped=0.4633(上限20.0) | t_grad=1ms t_qgt=4ms
26-14-21-54 冻结状态 | frozen_set=[] | P_a/P=1108/1108 | QGT=1227664 | 本轮实际训练参数=1108
26-14-21-54 Ψ矩阵条件数 cond(Ψ) = 2.23e+01 | 累计|g| = 6.1771
26-14-21-54 Loss=-2.425693 | E0=-1.04536665 | E1=-0.95567340|E2=-0.57549742|E3=-0.08945173
26-14-21-54 误差(Ha): e0=8.98e-03 | e1=2.23e-03 | e2=9.35e-02 | e3=4.62e-01
26-14-21-54 #-----------------------------------------#
26-14-21-54 【Step 22 达到化学精度】indices=[0]
26-14-21-54 [Step  22] logΨ: mean=2.942-0.835j
26-14-21-54 梯度监控 | raw=11.4443 | natural=0.4197 | clipped=0.4197(上限20.0) | t_grad=1ms t_qgt=3ms
26-14-21-54 冻结状态 | frozen_set=[] | P_a/P=1108/1108 | QGT=1227664 | 本轮实际训练参数=1108
26-14-21-54 Ψ矩阵条件数 cond(Ψ) = 2.19e+01 | 累计|g| = 6.1771
26-14-21-54 Loss=-2.478421 | E0=-1.04558490 | E1=-0.95642282|E2=-0.57747508|E3=-0.11252824
26-14-21-54 误差(Ha): e0=8.76e-03 | e1=1.48e-03 | e2=9.15e-02 | e3=4.39e-01
26-14-21-54 #-----------------------------------------#
26-14-21-54 [Step  23] logΨ: mean=3.296-0.622j
26-14-21-54 梯度监控 | raw=11.0916 | natural=0.4250 | clipped=0.4250(上限20.0) | t_grad=1ms t_qgt=3ms
26-14-21-54 冻结状态 | frozen_set=[] | P_a/P=1108/1108 | QGT=1227664 | 本轮实际训练参数=1108
26-14-21-54 Ψ矩阵条件数 cond(Ψ) = 1.65e+01 | 累计|g| = 6.1771
26-14-21-54 Loss=-2.492346 | E0=-1.04662845 | E1=-0.95604094|E2=-0.58069985|E3=-0.13265529
26-14-21-54 误差(Ha): e0=7.72e-03 | e1=1.86e-03 | e2=8.83e-02 | e3=4.19e-01
26-14-21-54 #-----------------------------------------#
26-14-21-54 【Step 24 达到化学精度】indices=[1]
26-14-21-54 [Step  24] logΨ: mean=3.750-0.775j
26-14-21-54 梯度监控 | raw=12.7493 | natural=0.4310 | clipped=0.4310(上限20.0) | t_grad=1ms t_qgt=3ms
26-14-21-54 冻结状态 | frozen_set=[] | P_a/P=1108/1108 | QGT=1227664 | 本轮实际训练参数=1108
26-14-21-54 Ψ矩阵条件数 cond(Ψ) = 2.72e+01 | 累计|g| = 6.1771
26-14-21-54 Loss=-2.505241 | E0=-1.04797296 | E1=-0.95632695|E2=-0.58471000|E3=-0.15588528
26-14-21-54 误差(Ha): e0=6.37e-03 | e1=1.58e-03 | e2=8.42e-02 | e3=3.96e-01
26-14-21-54 #-----------------------------------------#
26-14-21-54 【Step 25 达到化学精度】indices=[1]
26-14-21-54 [Step  25] logΨ: mean=4.098-0.741j
26-14-21-54 梯度监控 | raw=16.2015 | natural=0.3746 | clipped=0.3746(上限20.0) | t_grad=1ms t_qgt=2ms
26-14-21-54 冻结状态 | frozen_set=[] | P_a/P=1108/1108 | QGT=1227664 | 本轮实际训练参数=1108
26-14-21-54 Ψ矩阵条件数 cond(Ψ) = 1.44e+01 | 累计|g| = 6.1771
26-14-21-54 Loss=-2.559564 | E0=-1.04732131 | E1=-0.95632303|E2=-0.58766113|E3=-0.17018654
26-14-21-54 误差(Ha): e0=7.03e-03 | e1=1.58e-03 | e2=8.13e-02 | e3=3.81e-01
26-14-21-54 #-----------------------------------------#
26-14-21-54 [Step  26] logΨ: mean=4.315-0.646j
26-14-21-54 梯度监控 | raw=18.8686 | natural=0.2917 | clipped=0.2917(上限20.0) | t_grad=1ms t_qgt=5ms
26-14-21-54 冻结状态 | frozen_set=[] | P_a/P=1108/1108 | QGT=1227664 | 本轮实际训练参数=1108
26-14-21-54 Ψ矩阵条件数 cond(Ψ) = 1.41e+01 | 累计|g| = 6.1771
26-14-21-54 Loss=-2.572197 | E0=-1.04865232 | E1=-0.95607391|E2=-0.58753127|E3=-0.19607779
26-14-21-54 误差(Ha): e0=5.70e-03 | e1=1.83e-03 | e2=8.14e-02 | e3=3.55e-01
26-14-21-54 #-----------------------------------------#
26-14-21-54 [Step  27] logΨ: mean=4.394-0.658j
26-14-21-54 梯度监控 | raw=21.4345 | natural=0.5083 | clipped=0.5083(上限20.0) | t_grad=0ms t_qgt=3ms
26-14-21-54 冻结状态 | frozen_set=[] | P_a/P=1108/1108 | QGT=1227664 | 本轮实际训练参数=1108
26-14-21-54 Ψ矩阵条件数 cond(Ψ) = 1.90e+01 | 累计|g| = 6.1771
26-14-21-54 Loss=-2.598004 | E0=-1.04916493 | E1=-0.95611720|E2=-0.59323127|E3=-0.20175100
26-14-21-54 误差(Ha): e0=5.18e-03 | e1=1.79e-03 | e2=7.57e-02 | e3=3.50e-01
26-14-21-54 #-----------------------------------------#
26-14-21-54 [Step  28] logΨ: mean=4.573-0.808j
26-14-21-54 梯度监控 | raw=22.5303 | natural=0.3852 | clipped=0.3852(上限20.0) | t_grad=0ms t_qgt=4ms
26-14-21-54 冻结状态 | frozen_set=[] | P_a/P=1108/1108 | QGT=1227664 | 本轮实际训练参数=1108
26-14-21-54 Ψ矩阵条件数 cond(Ψ) = 1.12e+01 | 累计|g| = 6.1771
26-14-21-54 Loss=-2.608599 | E0=-1.04818968 | E1=-0.95620391|E2=-0.59489017|E3=-0.21513880
26-14-21-54 误差(Ha): e0=6.16e-03 | e1=1.70e-03 | e2=7.41e-02 | e3=3.36e-01
26-14-21-54 #-----------------------------------------#
26-14-21-54 [Step  29] logΨ: mean=4.744-0.672j
26-14-21-54 梯度监控 | raw=29.0088 | natural=0.3334 | clipped=0.3334(上限20.0) | t_grad=0ms t_qgt=4ms
26-14-21-54 冻结状态 | frozen_set=[] | P_a/P=1108/1108 | QGT=1227664 | 本轮实际训练参数=1108
26-14-21-54 Ψ矩阵条件数 cond(Ψ) = 1.84e+01 | 累计|g| = 6.1771
26-14-21-54 Loss=-2.627278 | E0=-1.04749313 | E1=-0.95629802|E2=-0.59693765|E3=-0.21624090
26-14-21-54 误差(Ha): e0=6.85e-03 | e1=1.61e-03 | e2=7.20e-02 | e3=3.35e-01
26-14-21-54 #-----------------------------------------#
26-14-21-54 [GaugeReset@30] 吸收 Δg = Σ Re(col_mean) = +14.5455 | 新|g| = 7.8672
26-14-21-54 [Step  30] logΨ: mean=2.046+0.763j
26-14-21-54 梯度监控 | raw=36.3829 | natural=0.2855 | clipped=0.2855(上限20.0) | t_grad=1ms t_qgt=3ms
26-14-21-54 冻结状态 | frozen_set=[] | P_a/P=1108/1108 | QGT=1227664 | 本轮实际训练参数=1108
26-14-21-54 Ψ矩阵条件数 cond(Ψ) = 5.09e+01 | 累计|g| = 7.8672
26-14-21-54 Loss=-2.642310 | E0=-1.04920905 | E1=-0.95616833|E2=-0.59875034|E3=-0.23737463
26-14-21-54 误差(Ha): e0=5.14e-03 | e1=1.74e-03 | e2=7.02e-02 | e3=3.14e-01
26-14-21-54 #-----------------------------------------#
26-14-21-54 [Step  31] logΨ: mean=2.278+0.607j
26-14-21-54 梯度监控 | raw=41.6191 | natural=0.2222 | clipped=0.2222(上限20.0) | t_grad=0ms t_qgt=4ms
26-14-21-54 冻结状态 | frozen_set=[] | P_a/P=1108/1108 | QGT=1227664 | 本轮实际训练参数=1108
26-14-21-54 Ψ矩阵条件数 cond(Ψ) = 2.24e+01 | 累计|g| = 7.8672
26-14-21-54 Loss=-2.654975 | E0=-1.04924674 | E1=-0.95578659|E2=-0.59994463|E3=-0.26672299
26-14-21-54 误差(Ha): e0=5.10e-03 | e1=2.12e-03 | e2=6.90e-02 | e3=2.85e-01
26-14-21-54 #-----------------------------------------#
26-14-21-54 [Step  32] logΨ: mean=2.419+0.583j
26-14-21-54 梯度监控 | raw=45.6746 | natural=0.2719 | clipped=0.2719(上限20.0) | t_grad=0ms t_qgt=3ms
26-14-21-54 冻结状态 | frozen_set=[] | P_a/P=1108/1108 | QGT=1227664 | 本轮实际训练参数=1108
26-14-21-54 Ψ矩阵条件数 cond(Ψ) = 6.93e+01 | 累计|g| = 7.8672
26-14-21-54 Loss=-2.682742 | E0=-1.04825686 | E1=-0.95581442|E2=-0.60275887|E3=-0.29367563
26-14-21-54 误差(Ha): e0=6.09e-03 | e1=2.09e-03 | e2=6.62e-02 | e3=2.58e-01
26-14-21-54 #-----------------------------------------#
26-14-21-54 [Step  33] logΨ: mean=2.651+0.743j
26-14-21-54 梯度监控 | raw=51.7139 | natural=0.1948 | clipped=0.1948(上限20.0) | t_grad=1ms t_qgt=2ms
26-14-21-54 冻结状态 | frozen_set=[] | P_a/P=1108/1108 | QGT=1227664 | 本轮实际训练参数=1108
26-14-21-54 Ψ矩阵条件数 cond(Ψ) = 1.86e+01 | 累计|g| = 7.8672
26-14-21-54 Loss=-2.701607 | E0=-1.04827407 | E1=-0.95582184|E2=-0.60413143|E3=-0.31827939
26-14-21-54 误差(Ha): e0=6.07e-03 | e1=2.08e-03 | e2=6.48e-02 | e3=2.33e-01
26-14-21-54 #-----------------------------------------#
26-14-21-54 [Step  34] logΨ: mean=2.829+0.377j
26-14-21-54 梯度监控 | raw=51.1346 | natural=0.2453 | clipped=0.2453(上限20.0) | t_grad=1ms t_qgt=5ms
26-14-21-54 冻结状态 | frozen_set=[] | P_a/P=1108/1108 | QGT=1227664 | 本轮实际训练参数=1108
26-14-21-54 Ψ矩阵条件数 cond(Ψ) = 1.69e+01 | 累计|g| = 7.8672
26-14-21-54 Loss=-2.691641 | E0=-1.04894427 | E1=-0.95535692|E2=-0.60639071|E3=-0.34232390
26-14-21-54 误差(Ha): e0=5.40e-03 | e1=2.55e-03 | e2=6.26e-02 | e3=2.09e-01
26-14-21-54 #-----------------------------------------#
26-14-21-54 [Step  35] logΨ: mean=2.991+0.799j
26-14-21-54 梯度监控 | raw=66.1129 | natural=0.3296 | clipped=0.3296(上限20.0) | t_grad=1ms t_qgt=4ms
26-14-21-54 冻结状态 | frozen_set=[] | P_a/P=1108/1108 | QGT=1227664 | 本轮实际训练参数=1108
26-14-21-54 Ψ矩阵条件数 cond(Ψ) = 1.25e+01 | 累计|g| = 7.8672
26-14-21-54 Loss=-2.749262 | E0=-1.04760795 | E1=-0.95530333|E2=-0.61036694|E3=-0.36784698
26-14-21-54 误差(Ha): e0=6.74e-03 | e1=2.60e-03 | e2=5.86e-02 | e3=1.84e-01
26-14-21-54 #-----------------------------------------#
26-14-21-54 [Step  36] logΨ: mean=3.128+0.853j
26-14-21-54 梯度监控 | raw=68.5939 | natural=0.1946 | clipped=0.1946(上限20.0) | t_grad=1ms t_qgt=3ms
26-14-21-54 冻结状态 | frozen_set=[] | P_a/P=1108/1108 | QGT=1227664 | 本轮实际训练参数=1108
26-14-21-54 Ψ矩阵条件数 cond(Ψ) = 2.02e+01 | 累计|g| = 7.8672
26-14-21-54 Loss=-2.754326 | E0=-1.04790782 | E1=-0.95498509|E2=-0.61267733|E3=-0.37876107
26-14-21-54 误差(Ha): e0=6.44e-03 | e1=2.92e-03 | e2=5.63e-02 | e3=1.73e-01
26-14-21-54 #-----------------------------------------#
26-14-21-54 [Step  37] logΨ: mean=3.378+0.754j
26-14-21-54 梯度监控 | raw=72.4550 | natural=0.1814 | clipped=0.1814(上限20.0) | t_grad=1ms t_qgt=5ms
26-14-21-54 冻结状态 | frozen_set=[] | P_a/P=1108/1108 | QGT=1227664 | 本轮实际训练参数=1108
26-14-21-54 Ψ矩阵条件数 cond(Ψ) = 1.03e+01 | 累计|g| = 7.8672
26-14-21-54 Loss=-2.767373 | E0=-1.04788386 | E1=-0.95490829|E2=-0.61322074|E3=-0.40826669
26-14-21-54 误差(Ha): e0=6.46e-03 | e1=3.00e-03 | e2=5.57e-02 | e3=1.43e-01
26-14-21-54 #-----------------------------------------#
26-14-21-54 [Step  38] logΨ: mean=3.475+0.782j
26-14-21-54 梯度监控 | raw=79.4094 | natural=0.1661 | clipped=0.1661(上限20.0) | t_grad=1ms t_qgt=4ms
26-14-21-54 冻结状态 | frozen_set=[] | P_a/P=1108/1108 | QGT=1227664 | 本轮实际训练参数=1108
26-14-21-54 Ψ矩阵条件数 cond(Ψ) = 2.59e+01 | 累计|g| = 7.8672
26-14-21-54 Loss=-2.787375 | E0=-1.04810903 | E1=-0.95502907|E2=-0.61621354|E3=-0.42690461
26-14-21-54 误差(Ha): e0=6.24e-03 | e1=2.88e-03 | e2=5.27e-02 | e3=1.24e-01
26-14-21-54 #-----------------------------------------#
26-14-21-54 [Step  39] logΨ: mean=3.652+0.738j
26-14-21-54 梯度监控 | raw=85.1215 | natural=0.2572 | clipped=0.2572(上限20.0) | t_grad=1ms t_qgt=4ms
26-14-21-54 冻结状态 | frozen_set=[] | P_a/P=1108/1108 | QGT=1227664 | 本轮实际训练参数=1108
26-14-21-54 Ψ矩阵条件数 cond(Ψ) = 1.76e+01 | 累计|g| = 7.8672
26-14-21-54 Loss=-2.800912 | E0=-1.04757419 | E1=-0.95464967|E2=-0.61854713|E3=-0.44752393
26-14-21-54 误差(Ha): e0=6.77e-03 | e1=3.26e-03 | e2=5.04e-02 | e3=1.04e-01
26-14-21-54 #-----------------------------------------#
26-14-21-54 [保存] Step 39 → pickle 已更新 (40 条记录)
26-14-21-54 [GaugeReset@40] 吸收 Δg = Σ Re(col_mean) = +16.6149 | 新|g| = 8.9587
26-14-21-54 [Step  40] logΨ: mean=1.853+0.703j
26-14-21-54 梯度监控 | raw=84.0212 | natural=0.1704 | clipped=0.1704(上限20.0) | t_grad=0ms t_qgt=3ms
26-14-21-54 冻结状态 | frozen_set=[] | P_a/P=1108/1108 | QGT=1227664 | 本轮实际训练参数=1108
26-14-21-54 Ψ矩阵条件数 cond(Ψ) = 5.95e+01 | 累计|g| = 8.9587
26-14-21-54 Loss=-2.852732 | E0=-1.04814292 | E1=-0.95456916|E2=-0.62344881|E3=-0.47077607
26-14-21-54 误差(Ha): e0=6.20e-03 | e1=3.34e-03 | e2=4.55e-02 | e3=8.06e-02
26-14-21-54 #-----------------------------------------#
26-14-21-54 [Step  41] logΨ: mean=1.896+0.819j
26-14-21-54 梯度监控 | raw=91.0838 | natural=0.1763 | clipped=0.1763(上限20.0) | t_grad=1ms t_qgt=4ms
26-14-21-54 冻结状态 | frozen_set=[] | P_a/P=1108/1108 | QGT=1227664 | 本轮实际训练参数=1108
26-14-21-54 Ψ矩阵条件数 cond(Ψ) = 2.69e+01 | 累计|g| = 8.9587
26-14-21-54 Loss=-2.849740 | E0=-1.04761914 | E1=-0.95462966|E2=-0.62377251|E3=-0.47840530
26-14-21-54 误差(Ha): e0=6.73e-03 | e1=3.28e-03 | e2=4.52e-02 | e3=7.30e-02
26-14-21-54 #-----------------------------------------#
26-14-21-54 [Step  42] logΨ: mean=1.966+0.623j
26-14-21-54 梯度监控 | raw=86.1853 | natural=0.1142 | clipped=0.1142(上限20.0) | t_grad=1ms t_qgt=3ms
26-14-21-54 冻结状态 | frozen_set=[] | P_a/P=1108/1108 | QGT=1227664 | 本轮实际训练参数=1108
26-14-21-54 Ψ矩阵条件数 cond(Ψ) = 1.34e+01 | 累计|g| = 8.9587
26-14-21-54 Loss=-2.827014 | E0=-1.04736790 | E1=-0.95447135|E2=-0.62535893|E3=-0.48137109
26-14-21-54 误差(Ha): e0=6.98e-03 | e1=3.43e-03 | e2=4.36e-02 | e3=7.00e-02
26-14-21-54 #-----------------------------------------#
26-14-21-54 [Step  43] logΨ: mean=2.269+1.026j
26-14-21-54 梯度监控 | raw=89.6672 | natural=0.2049 | clipped=0.2049(上限20.0) | t_grad=0ms t_qgt=4ms
26-14-21-54 冻结状态 | frozen_set=[] | P_a/P=1108/1108 | QGT=1227664 | 本轮实际训练参数=1108
26-14-21-54 Ψ矩阵条件数 cond(Ψ) = 1.36e+01 | 累计|g| = 8.9587
26-14-21-54 Loss=-2.891892 | E0=-1.04746471 | E1=-0.95431912|E2=-0.62924875|E3=-0.50195956
26-14-21-54 误差(Ha): e0=6.88e-03 | e1=3.59e-03 | e2=3.97e-02 | e3=4.94e-02
26-14-21-54 #-----------------------------------------#
26-14-21-54 [Step  44] logΨ: mean=2.255+0.769j
26-14-21-54 梯度监控 | raw=93.1706 | natural=0.1894 | clipped=0.1894(上限20.0) | t_grad=1ms t_qgt=3ms
26-14-21-54 冻结状态 | frozen_set=[] | P_a/P=1108/1108 | QGT=1227664 | 本轮实际训练参数=1108
26-14-21-54 Ψ矩阵条件数 cond(Ψ) = 1.41e+01 | 累计|g| = 8.9587
26-14-21-54 Loss=-2.899689 | E0=-1.04713288 | E1=-0.95430182|E2=-0.63144240|E3=-0.51004010
26-14-21-54 误差(Ha): e0=7.21e-03 | e1=3.60e-03 | e2=3.75e-02 | e3=4.14e-02
26-14-21-54 #-----------------------------------------#
26-14-21-54 [Step  45] logΨ: mean=2.557+0.631j
26-14-21-54 梯度监控 | raw=87.0885 | natural=0.0970 | clipped=0.0970(上限20.0) | t_grad=1ms t_qgt=3ms
26-14-21-54 冻结状态 | frozen_set=[] | P_a/P=1108/1108 | QGT=1227664 | 本轮实际训练参数=1108
26-14-21-54 Ψ矩阵条件数 cond(Ψ) = 1.66e+01 | 累计|g| = 8.9587
26-14-21-54 Loss=-2.963251 | E0=-1.04738542 | E1=-0.95410642|E2=-0.63649453|E3=-0.52296737
26-14-21-54 误差(Ha): e0=6.96e-03 | e1=3.80e-03 | e2=3.25e-02 | e3=2.84e-02
26-14-21-54 #-----------------------------------------#
26-14-21-54 [Step  46] logΨ: mean=2.631+0.650j
26-14-21-54 梯度监控 | raw=89.0473 | natural=0.3223 | clipped=0.3223(上限20.0) | t_grad=0ms t_qgt=3ms
26-14-21-54 冻结状态 | frozen_set=[] | P_a/P=1108/1108 | QGT=1227664 | 本轮实际训练参数=1108
26-14-21-54 Ψ矩阵条件数 cond(Ψ) = 1.60e+01 | 累计|g| = 8.9587
26-14-21-54 Loss=-2.938381 | E0=-1.04733010 | E1=-0.95374390|E2=-0.63828922|E3=-0.52363208
26-14-21-54 误差(Ha): e0=7.02e-03 | e1=4.16e-03 | e2=3.07e-02 | e3=2.78e-02
26-14-21-54 #-----------------------------------------#
26-14-21-54 [Step  47] logΨ: mean=2.751+0.398j
26-14-21-54 梯度监控 | raw=87.3933 | natural=0.2383 | clipped=0.2383(上限20.0) | t_grad=0ms t_qgt=5ms
26-14-21-54 冻结状态 | frozen_set=[] | P_a/P=1108/1108 | QGT=1227664 | 本轮实际训练参数=1108
26-14-21-54 Ψ矩阵条件数 cond(Ψ) = 2.97e+01 | 累计|g| = 8.9587
26-14-21-54 Loss=-2.968489 | E0=-1.04686678 | E1=-0.95357813|E2=-0.64223571|E3=-0.53257428
26-14-21-54 误差(Ha): e0=7.48e-03 | e1=4.33e-03 | e2=2.67e-02 | e3=1.88e-02
26-14-21-54 #-----------------------------------------#
26-14-21-54 [Step  48] logΨ: mean=3.127+0.475j
26-14-21-54 梯度监控 | raw=75.6106 | natural=0.3538 | clipped=0.3538(上限20.0) | t_grad=1ms t_qgt=3ms
26-14-21-54 冻结状态 | frozen_set=[] | P_a/P=1108/1108 | QGT=1227664 | 本轮实际训练参数=1108
26-14-21-54 Ψ矩阵条件数 cond(Ψ) = 3.30e+01 | 累计|g| = 8.9587
26-14-21-54 Loss=-2.999754 | E0=-1.04640576 | E1=-0.95323276|E2=-0.64306863|E3=-0.53433873
26-14-21-54 误差(Ha): e0=7.94e-03 | e1=4.67e-03 | e2=2.59e-02 | e3=1.71e-02
26-14-21-54 #-----------------------------------------#
26-14-21-54 [Step  49] logΨ: mean=3.087+0.524j
26-14-21-54 梯度监控 | raw=86.1877 | natural=0.1566 | clipped=0.1566(上限20.0) | t_grad=1ms t_qgt=4ms
26-14-21-54 冻结状态 | frozen_set=[] | P_a/P=1108/1108 | QGT=1227664 | 本轮实际训练参数=1108
26-14-21-54 Ψ矩阵条件数 cond(Ψ) = 1.56e+01 | 累计|g| = 8.9587
26-14-21-54 Loss=-2.993286 | E0=-1.04681687 | E1=-0.95325223|E2=-0.64593179|E3=-0.53717603
26-14-21-54 误差(Ha): e0=7.53e-03 | e1=4.65e-03 | e2=2.30e-02 | e3=1.42e-02
26-14-21-54 #-----------------------------------------#
26-14-21-54 [GaugeReset@50] 吸收 Δg = Σ Re(col_mean) = +18.1818 | 新|g| = 9.7863
26-14-21-54 [Step  50] logΨ: mean=1.662+0.247j
26-14-21-54 梯度监控 | raw=86.7150 | natural=0.1499 | clipped=0.1499(上限20.0) | t_grad=1ms t_qgt=4ms
26-14-21-54 冻结状态 | frozen_set=[] | P_a/P=1108/1108 | QGT=1227664 | 本轮实际训练参数=1108
26-14-21-54 Ψ矩阵条件数 cond(Ψ) = 1.79e+01 | 累计|g| = 9.7863
26-14-21-54 Loss=-2.988679 | E0=-1.04700576 | E1=-0.95320687|E2=-0.64671726|E3=-0.53544905
26-14-21-54 误差(Ha): e0=7.34e-03 | e1=4.70e-03 | e2=2.22e-02 | e3=1.60e-02
26-14-21-54 #-----------------------------------------#
26-14-21-54 [Step  51] logΨ: mean=1.946+0.278j
26-14-21-54 梯度监控 | raw=72.1605 | natural=0.1317 | clipped=0.1317(上限20.0) | t_grad=1ms t_qgt=3ms
26-14-21-54 冻结状态 | frozen_set=[] | P_a/P=1108/1108 | QGT=1227664 | 本轮实际训练参数=1108
26-14-21-54 Ψ矩阵条件数 cond(Ψ) = 1.80e+01 | 累计|g| = 9.7863
26-14-21-54 Loss=-3.065367 | E0=-1.04655269 | E1=-0.95316918|E2=-0.65061421|E3=-0.54447833
26-14-21-54 误差(Ha): e0=7.79e-03 | e1=4.74e-03 | e2=1.83e-02 | e3=6.92e-03
26-14-21-54 #-----------------------------------------#
26-14-21-54 [Step  52] logΨ: mean=2.037+0.489j
26-14-21-54 梯度监控 | raw=79.0890 | natural=0.1359 | clipped=0.1359(上限20.0) | t_grad=0ms t_qgt=4ms
26-14-21-54 冻结状态 | frozen_set=[] | P_a/P=1108/1108 | QGT=1227664 | 本轮实际训练参数=1108
26-14-21-54 Ψ矩阵条件数 cond(Ψ) = 1.79e+01 | 累计|g| = 9.7863
26-14-21-54 Loss=-3.065084 | E0=-1.04677449 | E1=-0.95310766|E2=-0.65129756|E3=-0.54492313
26-14-21-54 误差(Ha): e0=7.57e-03 | e1=4.80e-03 | e2=1.77e-02 | e3=6.48e-03
26-14-21-54 #-----------------------------------------#
26-14-21-54 [Step  53] logΨ: mean=2.158+0.612j
26-14-21-54 梯度监控 | raw=67.5739 | natural=0.1221 | clipped=0.1221(上限20.0) | t_grad=0ms t_qgt=4ms
26-14-21-54 冻结状态 | frozen_set=[] | P_a/P=1108/1108 | QGT=1227664 | 本轮实际训练参数=1108
26-14-21-54 Ψ矩阵条件数 cond(Ψ) = 1.83e+01 | 累计|g| = 9.7863
26-14-21-54 Loss=-3.078868 | E0=-1.04682788 | E1=-0.95289381|E2=-0.65257819|E3=-0.54578663
26-14-21-54 误差(Ha): e0=7.52e-03 | e1=5.01e-03 | e2=1.64e-02 | e3=5.62e-03
26-14-21-54 #-----------------------------------------#
26-14-21-54 [Step  54] logΨ: mean=2.090+0.510j
26-14-21-54 梯度监控 | raw=67.5296 | natural=0.0919 | clipped=0.0919(上限20.0) | t_grad=1ms t_qgt=4ms
26-14-21-54 冻结状态 | frozen_set=[] | P_a/P=1108/1108 | QGT=1227664 | 本轮实际训练参数=1108
26-14-21-54 Ψ矩阵条件数 cond(Ψ) = 5.57e+01 | 累计|g| = 9.7863
26-14-21-54 Loss=-3.053352 | E0=-1.04708545 | E1=-0.95301865|E2=-0.65244580|E3=-0.54349054
26-14-21-54 误差(Ha): e0=7.26e-03 | e1=4.89e-03 | e2=1.65e-02 | e3=7.91e-03
26-14-21-54 #-----------------------------------------#
26-14-21-54 [Step  55] logΨ: mean=2.371+0.583j
26-14-21-54 梯度监控 | raw=58.9222 | natural=0.2057 | clipped=0.2057(上限20.0) | t_grad=1ms t_qgt=4ms
26-14-21-54 冻结状态 | frozen_set=[] | P_a/P=1108/1108 | QGT=1227664 | 本轮实际训练参数=1108
26-14-21-54 Ψ矩阵条件数 cond(Ψ) = 2.01e+01 | 累计|g| = 9.7863
26-14-21-54 Loss=-3.086429 | E0=-1.04658616 | E1=-0.95294377|E2=-0.65463827|E3=-0.54632602
26-14-21-54 误差(Ha): e0=7.76e-03 | e1=4.96e-03 | e2=1.43e-02 | e3=5.08e-03
26-14-21-54 #-----------------------------------------#
26-14-21-54 [Step  56] logΨ: mean=2.474+0.651j
26-14-21-54 梯度监控 | raw=60.8060 | natural=0.0926 | clipped=0.0926(上限20.0) | t_grad=0ms t_qgt=3ms
26-14-21-54 冻结状态 | frozen_set=[] | P_a/P=1108/1108 | QGT=1227664 | 本轮实际训练参数=1108
26-14-21-54 Ψ矩阵条件数 cond(Ψ) = 2.03e+01 | 累计|g| = 9.7863
26-14-21-54 Loss=-3.104863 | E0=-1.04686482 | E1=-0.95313487|E2=-0.65561615|E3=-0.54717008
26-14-21-54 误差(Ha): e0=7.48e-03 | e1=4.77e-03 | e2=1.33e-02 | e3=4.23e-03
26-14-21-54 #-----------------------------------------#
26-14-21-54 [Step  57] logΨ: mean=2.593+0.680j
26-14-21-54 梯度监控 | raw=46.7935 | natural=0.1075 | clipped=0.1075(上限20.0) | t_grad=0ms t_qgt=3ms
26-14-21-54 冻结状态 | frozen_set=[] | P_a/P=1108/1108 | QGT=1227664 | 本轮实际训练参数=1108
26-14-21-54 Ψ矩阵条件数 cond(Ψ) = 2.01e+01 | 累计|g| = 9.7863
26-14-21-54 Loss=-3.116925 | E0=-1.04669925 | E1=-0.95299398|E2=-0.65617378|E3=-0.54803193
26-14-21-54 误差(Ha): e0=7.65e-03 | e1=4.91e-03 | e2=1.28e-02 | e3=3.37e-03
26-14-21-54 #-----------------------------------------#
26-14-21-54 [Step  58] logΨ: mean=2.580+0.710j
26-14-21-54 梯度监控 | raw=42.7397 | natural=0.2166 | clipped=0.2166(上限20.0) | t_grad=0ms t_qgt=3ms
26-14-21-54 冻结状态 | frozen_set=[] | P_a/P=1108/1108 | QGT=1227664 | 本轮实际训练参数=1108
26-14-21-54 Ψ矩阵条件数 cond(Ψ) = 3.79e+01 | 累计|g| = 9.7863
26-14-21-54 Loss=-3.119298 | E0=-1.04663913 | E1=-0.95314783|E2=-0.65691530|E3=-0.54724513
26-14-21-54 误差(Ha): e0=7.71e-03 | e1=4.76e-03 | e2=1.20e-02 | e3=4.16e-03
26-14-21-54 #-----------------------------------------#
26-14-21-54 [Step  59] logΨ: mean=2.791+0.977j
26-14-21-54 梯度监控 | raw=36.8973 | natural=0.2739 | clipped=0.2739(上限20.0) | t_grad=1ms t_qgt=4ms
26-14-21-54 冻结状态 | frozen_set=[] | P_a/P=1108/1108 | QGT=1227664 | 本轮实际训练参数=1108
26-14-21-54 Ψ矩阵条件数 cond(Ψ) = 2.05e+01 | 累计|g| = 9.7863
26-14-21-54 Loss=-3.119752 | E0=-1.04674150 | E1=-0.95315465|E2=-0.65763427|E3=-0.54790259
26-14-21-54 误差(Ha): e0=7.61e-03 | e1=4.75e-03 | e2=1.13e-02 | e3=3.50e-03
26-14-21-54 #-----------------------------------------#
26-14-21-54 [保存] Step 59 → pickle 已更新 (60 条记录)
26-14-21-54 [GaugeReset@60] 吸收 Δg = Σ Re(col_mean) = +19.1477 | 新|g| = 10.2714
26-14-21-54 [Step  60] logΨ: mean=1.992+1.535j
26-14-21-54 梯度监控 | raw=23.8254 | natural=0.1678 | clipped=0.1678(上限20.0) | t_grad=0ms t_qgt=3ms
26-14-21-54 冻结状态 | frozen_set=[] | P_a/P=1108/1108 | QGT=1227664 | 本轮实际训练参数=1108
26-14-21-54 Ψ矩阵条件数 cond(Ψ) = 2.05e+01 | 累计|g| = 10.2714
26-14-21-54 Loss=-3.147964 | E0=-1.04651266 | E1=-0.95320482|E2=-0.65839641|E3=-0.54886432
26-14-21-54 误差(Ha): e0=7.83e-03 | e1=4.70e-03 | e2=1.06e-02 | e3=2.54e-03
26-14-21-54 #-----------------------------------------#
26-14-21-54 [Step  61] logΨ: mean=2.070+0.966j
26-14-21-54 梯度监控 | raw=29.6700 | natural=0.1028 | clipped=0.1028(上限20.0) | t_grad=1ms t_qgt=5ms
26-14-21-54 冻结状态 | frozen_set=[] | P_a/P=1108/1108 | QGT=1227664 | 本轮实际训练参数=1108
26-14-21-54 Ψ矩阵条件数 cond(Ψ) = 2.05e+01 | 累计|g| = 10.2714
26-14-21-54 Loss=-3.151264 | E0=-1.04640565 | E1=-0.95326480|E2=-0.65842272|E3=-0.54932706
26-14-21-54 误差(Ha): e0=7.94e-03 | e1=4.64e-03 | e2=1.05e-02 | e3=2.07e-03
26-14-21-54 #-----------------------------------------#
26-14-21-54 [Step  62] logΨ: mean=1.928+1.399j
26-14-21-54 梯度监控 | raw=54.0116 | natural=0.1184 | clipped=0.1184(上限20.0) | t_grad=0ms t_qgt=4ms
26-14-21-54 冻结状态 | frozen_set=[] | P_a/P=1108/1108 | QGT=1227664 | 本轮实际训练参数=1108
26-14-21-54 Ψ矩阵条件数 cond(Ψ) = 2.06e+01 | 累计|g| = 10.2714
26-14-21-54 Loss=-3.129767 | E0=-1.04649951 | E1=-0.95354292|E2=-0.65759677|E3=-0.54845521
26-14-21-54 误差(Ha): e0=7.85e-03 | e1=4.36e-03 | e2=1.14e-02 | e3=2.95e-03
26-14-21-54 #-----------------------------------------#
26-14-21-54 [Step  63] logΨ: mean=2.188+0.712j
26-14-21-54 梯度监控 | raw=24.8446 | natural=0.1409 | clipped=0.1409(上限20.0) | t_grad=1ms t_qgt=4ms
26-14-21-54 冻结状态 | frozen_set=[] | P_a/P=1108/1108 | QGT=1227664 | 本轮实际训练参数=1108
26-14-21-54 Ψ矩阵条件数 cond(Ψ) = 2.10e+01 | 累计|g| = 10.2714
26-14-21-54 Loss=-3.160325 | E0=-1.04624228 | E1=-0.95357640|E2=-0.65830777|E3=-0.54961107
26-14-21-54 误差(Ha): e0=8.11e-03 | e1=4.33e-03 | e2=1.06e-02 | e3=1.79e-03
26-14-21-54 #-----------------------------------------#
26-14-21-54 [Step  64] logΨ: mean=2.209+0.171j
26-14-21-54 梯度监控 | raw=32.6257 | natural=0.1803 | clipped=0.1803(上限20.0) | t_grad=0ms t_qgt=4ms
26-14-21-54 冻结状态 | frozen_set=[] | P_a/P=1108/1108 | QGT=1227664 | 本轮实际训练参数=1108
26-14-21-54 Ψ矩阵条件数 cond(Ψ) = 2.08e+01 | 累计|g| = 10.2714
26-14-21-54 Loss=-3.143875 | E0=-1.04613080 | E1=-0.95364212|E2=-0.65795407|E3=-0.54924848
26-14-21-54 误差(Ha): e0=8.22e-03 | e1=4.26e-03 | e2=1.10e-02 | e3=2.15e-03
26-14-21-54 #-----------------------------------------#
26-14-21-54 [Step  65] logΨ: mean=2.259+0.427j
26-14-21-54 梯度监控 | raw=19.7109 | natural=0.1763 | clipped=0.1763(上限20.0) | t_grad=0ms t_qgt=2ms
26-14-21-54 冻结状态 | frozen_set=[] | P_a/P=1108/1108 | QGT=1227664 | 本轮实际训练参数=1108
26-14-21-54 Ψ矩阵条件数 cond(Ψ) = 2.16e+01 | 累计|g| = 10.2714
26-14-21-54 Loss=-3.159929 | E0=-1.04615166 | E1=-0.95368807|E2=-0.65890739|E3=-0.54962868
26-14-21-54 误差(Ha): e0=8.20e-03 | e1=4.22e-03 | e2=1.00e-02 | e3=1.77e-03
26-14-21-54 #-----------------------------------------#
26-14-21-54 [Step  66] logΨ: mean=0.457+0.344j
26-14-21-54 梯度监控 | raw=16.2757 | natural=1.7852 | clipped=1.7852(上限20.0) | t_grad=0ms t_qgt=4ms
26-14-21-54 冻结状态 | frozen_set=[] | P_a/P=1108/1108 | QGT=1227664 | 本轮实际训练参数=1108
26-14-21-54 Ψ矩阵条件数 cond(Ψ) = 1.68e+01 | 累计|g| = 10.2714
26-14-21-54 Loss=-3.181169 | E0=-1.04556969 | E1=-0.95320226|E2=-0.65915253|E3=-0.55525659
26-14-21-54 误差(Ha): e0=8.78e-03 | e1=4.70e-03 | e2=9.80e-03 | e3=3.85e-03
26-14-21-54 #-----------------------------------------#
26-14-21-54 【Step 67 达到化学精度】indices=[1]
26-14-21-54 [Step  67] logΨ: mean=0.686+0.807j
26-14-21-54 梯度监控 | raw=35.8874 | natural=0.1026 | clipped=0.1026(上限20.0) | t_grad=0ms t_qgt=4ms
26-14-21-54 冻结状态 | frozen_set=[] | P_a/P=1108/1108 | QGT=1227664 | 本轮实际训练参数=1108
26-14-21-54 Ψ矩阵条件数 cond(Ψ) = 1.73e+01 | 累计|g| = 10.2714
26-14-21-54 Loss=-3.104597 | E0=-1.04543459 | E1=-0.95318468|E2=-0.65873807|E3=-0.55295493
26-14-21-54 误差(Ha): e0=8.91e-03 | e1=4.72e-03 | e2=1.02e-02 | e3=1.55e-03
26-14-21-54 #-----------------------------------------#
26-14-21-54 [Step  68] logΨ: mean=0.787+0.818j
26-14-21-54 梯度监控 | raw=25.7957 | natural=0.1316 | clipped=0.1316(上限20.0) | t_grad=1ms t_qgt=3ms
26-14-21-54 冻结状态 | frozen_set=[] | P_a/P=1108/1108 | QGT=1227664 | 本轮实际训练参数=1108
26-14-21-54 Ψ矩阵条件数 cond(Ψ) = 3.32e+01 | 累计|g| = 10.2714
26-14-21-54 Loss=-3.133417 | E0=-1.04583320 | E1=-0.95323566|E2=-0.65869208|E3=-0.55316479
26-14-21-54 误差(Ha): e0=8.51e-03 | e1=4.67e-03 | e2=1.03e-02 | e3=1.76e-03
26-14-21-54 #-----------------------------------------#
26-14-21-54 [Step  69] logΨ: mean=1.060+0.326j
26-14-21-54 梯度监控 | raw=15.9496 | natural=0.1071 | clipped=0.1071(上限20.0) | t_grad=1ms t_qgt=3ms
26-14-21-54 冻结状态 | frozen_set=[] | P_a/P=1108/1108 | QGT=1227664 | 本轮实际训练参数=1108
26-14-21-54 Ψ矩阵条件数 cond(Ψ) = 1.72e+01 | 累计|g| = 10.2714
26-14-21-54 Loss=-3.160777 | E0=-1.04582045 | E1=-0.95329550|E2=-0.65879285|E3=-0.55348435
26-14-21-54 误差(Ha): e0=8.53e-03 | e1=4.61e-03 | e2=1.02e-02 | e3=2.08e-03
26-14-21-54 #-----------------------------------------#
26-14-21-54 [GaugeReset@70] 吸收 Δg = Σ Re(col_mean) = +17.9688 | 新|g| = 10.1890
26-14-21-54 【Step 70 达到化学精度】indices=[3]
26-14-21-54 [Freeze-dynamic] 列 3 冻结（frozen_set=[3]）
26-14-21-54 【Step 70 触发了冻结事件】indices=[3]
26-14-21-54 [重建@70] frozen_set=[3] | P_a/P = 831/1108 | 重建耗时 0.08s（含编译，一次性）
26-14-21-54 [Step  70] logΨ: mean=2.339-0.010j
26-14-21-54 梯度监控 | raw=21.1519 | natural=0.4572 | clipped=0.4572(上限20.0) | t_grad=0ms t_qgt=4ms
26-14-21-54 冻结状态 | frozen_set=[3] | P_a/P=1108/1108 | QGT=1227664 | 本轮实际训练参数=1108
26-14-21-54 Ψ矩阵条件数 cond(Ψ) = 4.10e+01 | 累计|g| = 10.1890
26-14-21-54 Loss=-3.132881 | E0=-1.04600054 | E1=-0.95299315|E2=-0.65945605|E3=-0.55115041
26-14-21-54 误差(Ha): e0=8.35e-03 | e1=4.91e-03 | e2=9.50e-03 | e3=2.52e-04
26-14-21-54 #-----------------------------------------#
26-14-21-54 【Step 71 达到化学精度】indices=[3]
26-14-21-54 [Step  71] logΨ: mean=2.844-0.075j
26-14-21-54 梯度监控 | raw=6.6823 | natural=0.0758 | clipped=0.0758(上限20.0) | t_grad=1945ms t_qgt=631ms
26-14-21-54 冻结状态 | frozen_set=[3] | P_a/P=831/1108 | QGT=690561 | 本轮实际训练参数=831
26-14-21-54 Ψ矩阵条件数 cond(Ψ) = 2.60e+01 | 累计|g| = 10.1890
26-14-21-54 Loss=-3.190127 | E0=-1.04579751 | E1=-0.95294004|E2=-0.65944251|E3=-0.55167593
26-14-21-54 误差(Ha): e0=8.55e-03 | e1=4.97e-03 | e2=9.51e-03 | e3=2.74e-04
26-14-21-54 #-----------------------------------------#
26-14-21-54 【Step 72 达到化学精度】indices=[3]
26-14-21-54 [Step  72] logΨ: mean=2.866+0.418j
26-14-21-54 梯度监控 | raw=8.1631 | natural=0.2264 | clipped=0.2264(上限20.0) | t_grad=0ms t_qgt=3ms
26-14-21-54 冻结状态 | frozen_set=[3] | P_a/P=831/1108 | QGT=690561 | 本轮实际训练参数=831
26-14-21-54 Ψ矩阵条件数 cond(Ψ) = 2.67e+01 | 累计|g| = 10.1890
26-14-21-54 Loss=-3.182253 | E0=-1.04582090 | E1=-0.95307272|E2=-0.65967221|E3=-0.55137396
26-14-21-54 误差(Ha): e0=8.53e-03 | e1=4.83e-03 | e2=9.28e-03 | e3=2.80e-05
26-14-21-54 #-----------------------------------------#
26-14-21-54 【Step 73 达到化学精度】indices=[3]
26-14-21-54 [Step  73] logΨ: mean=2.980+0.379j
26-14-21-54 梯度监控 | raw=12.5945 | natural=0.1428 | clipped=0.1428(上限20.0) | t_grad=0ms t_qgt=2ms
26-14-21-54 冻结状态 | frozen_set=[3] | P_a/P=831/1108 | QGT=690561 | 本轮实际训练参数=831
26-14-21-54 Ψ矩阵条件数 cond(Ψ) = 2.91e+01 | 累计|g| = 10.1890
26-14-21-54 Loss=-3.166549 | E0=-1.04557975 | E1=-0.95334814|E2=-0.65937969|E3=-0.55096849
26-14-21-54 误差(Ha): e0=8.77e-03 | e1=4.56e-03 | e2=9.57e-03 | e3=4.33e-04
26-14-21-54 #-----------------------------------------#
26-14-21-54 【Step 74 达到化学精度】indices=[3]
26-14-21-54 [Step  74] logΨ: mean=3.184+0.335j
26-14-21-54 梯度监控 | raw=16.8433 | natural=0.3327 | clipped=0.3327(上限20.0) | t_grad=1ms t_qgt=3ms
26-14-21-54 冻结状态 | frozen_set=[3] | P_a/P=831/1108 | QGT=690561 | 本轮实际训练参数=831
26-14-21-54 Ψ矩阵条件数 cond(Ψ) = 3.14e+01 | 累计|g| = 10.1890
26-14-21-54 Loss=-3.168825 | E0=-1.04592713 | E1=-0.95337717|E2=-0.65944458|E3=-0.55111192
26-14-21-54 误差(Ha): e0=8.42e-03 | e1=4.53e-03 | e2=9.51e-03 | e3=2.90e-04
26-14-21-54 #-----------------------------------------#
26-14-21-54 【Step 75 达到化学精度】indices=[3]
26-14-21-54 【Step 75 触发了冻结事件】indices=[3]
26-14-21-54 [Step  75] logΨ: mean=3.264-0.005j
26-14-21-54 梯度监控 | raw=5.2949 | natural=0.5157 | clipped=0.5157(上限20.0) | t_grad=1ms t_qgt=2ms
26-14-21-54 冻结状态 | frozen_set=[3] | P_a/P=831/1108 | QGT=690561 | 本轮实际训练参数=831
26-14-21-54 Ψ矩阵条件数 cond(Ψ) = 3.57e+01 | 累计|g| = 10.1890
26-14-21-54 Loss=-3.204349 | E0=-1.04592850 | E1=-0.95387016|E2=-0.66041881|E3=-0.54991537
26-14-21-54 误差(Ha): e0=8.42e-03 | e1=4.04e-03 | e2=8.53e-03 | e3=1.49e-03
26-14-21-54 #-----------------------------------------#
26-14-21-54 [Step  76] logΨ: mean=3.407-0.219j
26-14-21-54 梯度监控 | raw=5.9225 | natural=0.0974 | clipped=0.0974(上限20.0) | t_grad=0ms t_qgt=3ms
26-14-21-54 冻结状态 | frozen_set=[3] | P_a/P=831/1108 | QGT=690561 | 本轮实际训练参数=831
26-14-21-54 Ψ矩阵条件数 cond(Ψ) = 3.53e+01 | 累计|g| = 10.1890
26-14-21-54 Loss=-3.188725 | E0=-1.04580415 | E1=-0.95432504|E2=-0.66007561|E3=-0.54975385
26-14-21-54 误差(Ha): e0=8.54e-03 | e1=3.58e-03 | e2=8.88e-03 | e3=1.65e-03
26-14-21-54 #-----------------------------------------#
26-14-21-54 [Step  77] logΨ: mean=3.520-0.087j
26-14-21-54 梯度监控 | raw=3.6317 | natural=0.1391 | clipped=0.1391(上限20.0) | t_grad=0ms t_qgt=2ms
26-14-21-54 冻结状态 | frozen_set=[3] | P_a/P=831/1108 | QGT=690561 | 本轮实际训练参数=831
26-14-21-54 Ψ矩阵条件数 cond(Ψ) = 3.26e+01 | 累计|g| = 10.1890
26-14-21-54 Loss=-3.195043 | E0=-1.04585665 | E1=-0.95418917|E2=-0.66018637|E3=-0.54968428
26-14-21-54 误差(Ha): e0=8.49e-03 | e1=3.72e-03 | e2=8.77e-03 | e3=1.72e-03
26-14-21-54 #-----------------------------------------#
26-14-21-54 [Step  78] logΨ: mean=3.517-0.155j
26-14-21-54 梯度监控 | raw=7.2324 | natural=0.1075 | clipped=0.1075(上限20.0) | t_grad=1ms t_qgt=3ms
26-14-21-54 冻结状态 | frozen_set=[3] | P_a/P=831/1108 | QGT=690561 | 本轮实际训练参数=831
26-14-21-54 Ψ矩阵条件数 cond(Ψ) = 3.08e+01 | 累计|g| = 10.1890
26-14-21-54 Loss=-3.186762 | E0=-1.04587457 | E1=-0.95426276|E2=-0.66005588|E3=-0.54934657
26-14-21-54 误差(Ha): e0=8.47e-03 | e1=3.64e-03 | e2=8.90e-03 | e3=2.06e-03
26-14-21-54 #-----------------------------------------#
26-14-21-54 【Step 79 达到化学精度】indices=[3]
26-14-21-54 [Step  79] logΨ: mean=3.663-0.469j
26-14-21-54 梯度监控 | raw=6.0514 | natural=0.1338 | clipped=0.1338(上限20.0) | t_grad=1ms t_qgt=3ms
26-14-21-54 冻结状态 | frozen_set=[3] | P_a/P=831/1108 | QGT=690561 | 本轮实际训练参数=831
26-14-21-54 Ψ矩阵条件数 cond(Ψ) = 2.97e+01 | 累计|g| = 10.1890
26-14-21-54 Loss=-3.194905 | E0=-1.04567758 | E1=-0.95438204|E2=-0.66018993|E3=-0.54995973
26-14-21-54 误差(Ha): e0=8.67e-03 | e1=3.52e-03 | e2=8.76e-03 | e3=1.44e-03
26-14-21-54 #-----------------------------------------#
26-14-21-54 [保存] Step 79 → pickle 已更新 (80 条记录)
26-14-21-54 [GaugeReset@80] 吸收 Δg = Σ Re(col_mean) = +18.7849 | 新|g| = 10.2966
26-14-21-54 【Step 80 达到化学精度】indices=[3]
26-14-21-54 [Step  80] logΨ: mean=2.941-0.515j
26-14-21-54 梯度监控 | raw=2.6045 | natural=0.0553 | clipped=0.0553(上限20.0) | t_grad=1ms t_qgt=3ms
26-14-21-54 冻结状态 | frozen_set=[3] | P_a/P=831/1108 | QGT=690561 | 本轮实际训练参数=831
26-14-21-54 Ψ矩阵条件数 cond(Ψ) = 2.86e+01 | 累计|g| = 10.2966
26-14-21-54 Loss=-3.195272 | E0=-1.04560675 | E1=-0.95422668|E2=-0.65977155|E3=-0.54992262
26-14-21-54 误差(Ha): e0=8.74e-03 | e1=3.68e-03 | e2=9.18e-03 | e3=1.48e-03
26-14-21-54 #-----------------------------------------#
26-14-21-54 【Step 81 达到化学精度】indices=[3]
26-14-21-54 [Step  81] logΨ: mean=2.992-0.259j
26-14-21-54 梯度监控 | raw=6.7803 | natural=0.1014 | clipped=0.1014(上限20.0) | t_grad=0ms t_qgt=2ms
26-14-21-54 冻结状态 | frozen_set=[3] | P_a/P=831/1108 | QGT=690561 | 本轮实际训练参数=831
26-14-21-54 Ψ矩阵条件数 cond(Ψ) = 2.99e+01 | 累计|g| = 10.2966
26-14-21-54 Loss=-3.199425 | E0=-1.04565130 | E1=-0.95422966|E2=-0.65999372|E3=-0.54984990
26-14-21-54 误差(Ha): e0=8.70e-03 | e1=3.68e-03 | e2=8.96e-03 | e3=1.55e-03
26-14-21-54 #-----------------------------------------#
26-14-21-54 [Step  82] logΨ: mean=2.984+0.116j
26-14-21-54 梯度监控 | raw=4.3161 | natural=0.0730 | clipped=0.0730(上限20.0) | t_grad=1ms t_qgt=4ms
26-14-21-54 冻结状态 | frozen_set=[3] | P_a/P=831/1108 | QGT=690561 | 本轮实际训练参数=831
26-14-21-54 Ψ矩阵条件数 cond(Ψ) = 2.91e+01 | 累计|g| = 10.2966
26-14-21-54 Loss=-3.196128 | E0=-1.04563997 | E1=-0.95476144|E2=-0.65990685|E3=-0.54972971
26-14-21-54 误差(Ha): e0=8.71e-03 | e1=3.14e-03 | e2=9.05e-03 | e3=1.67e-03
26-14-21-54 #-----------------------------------------#
26-14-21-54 【Step 83 达到化学精度】indices=[3]
26-14-21-54 [Step  83] logΨ: mean=3.124-0.073j
26-14-21-54 梯度监控 | raw=2.2660 | natural=0.0949 | clipped=0.0949(上限20.0) | t_grad=0ms t_qgt=4ms
26-14-21-54 冻结状态 | frozen_set=[3] | P_a/P=831/1108 | QGT=690561 | 本轮实际训练参数=831
26-14-21-54 Ψ矩阵条件数 cond(Ψ) = 2.93e+01 | 累计|g| = 10.2966
26-14-21-54 Loss=-3.200602 | E0=-1.04556811 | E1=-0.95475612|E2=-0.65989259|E3=-0.54985958
26-14-21-54 误差(Ha): e0=8.78e-03 | e1=3.15e-03 | e2=9.06e-03 | e3=1.54e-03
26-14-21-54 #-----------------------------------------#
26-14-21-54 [Step  84] logΨ: mean=3.104+0.017j
26-14-21-54 梯度监控 | raw=3.2807 | natural=0.1124 | clipped=0.1124(上限20.0) | t_grad=0ms t_qgt=3ms
26-14-21-54 冻结状态 | frozen_set=[3] | P_a/P=831/1108 | QGT=690561 | 本轮实际训练参数=831
26-14-21-54 Ψ矩阵条件数 cond(Ψ) = 2.96e+01 | 累计|g| = 10.2966
26-14-21-54 Loss=-3.200707 | E0=-1.04550464 | E1=-0.95492368|E2=-0.65995360|E3=-0.54978997
26-14-21-54 误差(Ha): e0=8.84e-03 | e1=2.98e-03 | e2=9.00e-03 | e3=1.61e-03
26-14-21-54 #-----------------------------------------#
26-14-21-54 [Step  85] logΨ: mean=3.137-0.161j
26-14-21-54 梯度监控 | raw=5.2196 | natural=0.1024 | clipped=0.1024(上限20.0) | t_grad=1ms t_qgt=4ms
26-14-21-54 冻结状态 | frozen_set=[3] | P_a/P=831/1108 | QGT=690561 | 本轮实际训练参数=831
26-14-21-54 Ψ矩阵条件数 cond(Ψ) = 2.98e+01 | 累计|g| = 10.2966
26-14-21-54 Loss=-3.198046 | E0=-1.04548462 | E1=-0.95479490|E2=-0.65973161|E3=-0.54975353
26-14-21-54 误差(Ha): e0=8.86e-03 | e1=3.11e-03 | e2=9.22e-03 | e3=1.65e-03
26-14-21-54 #-----------------------------------------#
26-14-21-54 【Step 86 达到化学精度】indices=[3]
26-14-21-54 【Step 86 触发了冻结事件】indices=[3]
26-14-21-54 [Step  86] logΨ: mean=2.429+0.705j
26-14-21-54 梯度监控 | raw=2.1163 | natural=0.4015 | clipped=0.4015(上限20.0) | t_grad=1ms t_qgt=3ms
26-14-21-54 冻结状态 | frozen_set=[3] | P_a/P=831/1108 | QGT=690561 | 本轮实际训练参数=831
26-14-21-54 Ψ矩阵条件数 cond(Ψ) = 2.44e+01 | 累计|g| = 10.2966
26-14-21-54 Loss=-3.198406 | E0=-1.04627406 | E1=-0.95445510|E2=-0.66203895|E3=-0.55169381
26-14-21-54 误差(Ha): e0=8.07e-03 | e1=3.45e-03 | e2=6.91e-03 | e3=2.92e-04
26-14-21-54 #-----------------------------------------#
26-14-21-54 【Step 87 达到化学精度】indices=[3]
26-14-21-54 [Step  87] logΨ: mean=2.462+0.767j
26-14-21-54 梯度监控 | raw=5.1405 | natural=0.1865 | clipped=0.1865(上限20.0) | t_grad=1ms t_qgt=3ms
26-14-21-54 冻结状态 | frozen_set=[3] | P_a/P=831/1108 | QGT=690561 | 本轮实际训练参数=831
26-14-21-54 Ψ矩阵条件数 cond(Ψ) = 2.43e+01 | 累计|g| = 10.2966
26-14-21-54 Loss=-3.177427 | E0=-1.04599352 | E1=-0.95448562|E2=-0.66159124|E3=-0.55094908
26-14-21-54 误差(Ha): e0=8.35e-03 | e1=3.42e-03 | e2=7.36e-03 | e3=4.53e-04
26-14-21-54 #-----------------------------------------#
26-14-21-54 【Step 88 达到化学精度】indices=[3]
26-14-21-54 [Step  88] logΨ: mean=2.472+0.669j
26-14-21-54 梯度监控 | raw=8.2392 | natural=0.1260 | clipped=0.1260(上限20.0) | t_grad=0ms t_qgt=4ms
26-14-21-54 冻结状态 | frozen_set=[3] | P_a/P=831/1108 | QGT=690561 | 本轮实际训练参数=831
26-14-21-54 Ψ矩阵条件数 cond(Ψ) = 2.28e+01 | 累计|g| = 10.2966
26-14-21-54 Loss=-3.158506 | E0=-1.04538348 | E1=-0.95408141|E2=-0.66127210|E3=-0.55044587
26-14-21-54 误差(Ha): e0=8.96e-03 | e1=3.82e-03 | e2=7.68e-03 | e3=9.56e-04
26-14-21-54 #-----------------------------------------#
26-14-21-54 【Step 89 达到化学精度】indices=[3]
26-14-21-54 [Step  89] logΨ: mean=2.607+0.183j
26-14-21-54 梯度监控 | raw=9.0212 | natural=0.0612 | clipped=0.0612(上限20.0) | t_grad=1ms t_qgt=3ms
26-14-21-54 冻结状态 | frozen_set=[3] | P_a/P=831/1108 | QGT=690561 | 本轮实际训练参数=831
26-14-21-54 Ψ矩阵条件数 cond(Ψ) = 2.23e+01 | 累计|g| = 10.2966
26-14-21-54 Loss=-3.171292 | E0=-1.04582835 | E1=-0.95433136|E2=-0.66135834|E3=-0.55046820
26-14-21-54 误差(Ha): e0=8.52e-03 | e1=3.57e-03 | e2=7.59e-03 | e3=9.34e-04
26-14-21-54 #-----------------------------------------#
26-14-21-54 [GaugeReset@90] 吸收 Δg = Σ Re(col_mean) = +18.6468 | 新|g| = 10.0916
26-14-21-54 【Step 90 达到化学精度】indices=[3]
26-14-21-54 [Step  90] logΨ: mean=2.985-0.158j
26-14-21-54 梯度监控 | raw=3.1771 | natural=0.1100 | clipped=0.1100(上限20.0) | t_grad=1ms t_qgt=2ms
26-14-21-54 冻结状态 | frozen_set=[3] | P_a/P=831/1108 | QGT=690561 | 本轮实际训练参数=831
26-14-21-54 Ψ矩阵条件数 cond(Ψ) = 2.59e+01 | 累计|g| = 10.0916
26-14-21-54 Loss=-3.199180 | E0=-1.04594778 | E1=-0.95442484|E2=-0.66169640|E3=-0.55096323
26-14-21-54 误差(Ha): e0=8.40e-03 | e1=3.48e-03 | e2=7.26e-03 | e3=4.39e-04
26-14-21-54 #-----------------------------------------#
26-14-21-54 【Step 91 达到化学精度】indices=[3]
26-14-21-54 【Step 91 触发了冻结事件】indices=[3]
26-14-21-54 [Step  91] logΨ: mean=3.110-0.218j
26-14-21-54 梯度监控 | raw=5.9325 | natural=0.0355 | clipped=0.0355(上限20.0) | t_grad=0ms t_qgt=3ms
26-14-21-54 冻结状态 | frozen_set=[3] | P_a/P=831/1108 | QGT=690561 | 本轮实际训练参数=831
26-14-21-54 Ψ矩阵条件数 cond(Ψ) = 2.53e+01 | 累计|g| = 10.0916
26-14-21-54 Loss=-3.192347 | E0=-1.04583222 | E1=-0.95451487|E2=-0.66108969|E3=-0.55060831
26-14-21-54 误差(Ha): e0=8.52e-03 | e1=3.39e-03 | e2=7.86e-03 | e3=7.94e-04
26-14-21-54 #-----------------------------------------#
26-14-21-54 【Step 92 达到化学精度】indices=[3]
26-14-21-54 [Step  92] logΨ: mean=3.318-0.572j
26-14-21-54 梯度监控 | raw=1.2374 | natural=0.0690 | clipped=0.0690(上限20.0) | t_grad=1ms t_qgt=2ms
26-14-21-54 冻结状态 | frozen_set=[3] | P_a/P=831/1108 | QGT=690561 | 本轮实际训练参数=831
26-14-21-54 Ψ矩阵条件数 cond(Ψ) = 2.62e+01 | 累计|g| = 10.0916
26-14-21-54 Loss=-3.203494 | E0=-1.04596316 | E1=-0.95515774|E2=-0.66010761|E3=-0.55079597
26-14-21-54 误差(Ha): e0=8.38e-03 | e1=2.75e-03 | e2=8.84e-03 | e3=6.06e-04
26-14-21-54 #-----------------------------------------#
26-14-21-54 【Step 93 达到化学精度】indices=[3]
26-14-21-54 [Step  93] logΨ: mean=3.279-0.888j
26-14-21-54 梯度监控 | raw=5.2670 | natural=0.0588 | clipped=0.0588(上限20.0) | t_grad=1ms t_qgt=4ms
26-14-21-54 冻结状态 | frozen_set=[3] | P_a/P=831/1108 | QGT=690561 | 本轮实际训练参数=831
26-14-21-54 Ψ矩阵条件数 cond(Ψ) = 2.58e+01 | 累计|g| = 10.0916
26-14-21-54 Loss=-3.193324 | E0=-1.04600808 | E1=-0.95502195|E2=-0.65994834|E3=-0.55034232
26-14-21-54 误差(Ha): e0=8.34e-03 | e1=2.88e-03 | e2=9.00e-03 | e3=1.06e-03
26-14-21-54 #-----------------------------------------#
26-14-21-54 【Step 94 达到化学精度】indices=[3]
26-14-21-54 [Step  94] logΨ: mean=3.369-1.020j
26-14-21-54 梯度监控 | raw=6.5837 | natural=0.1410 | clipped=0.1410(上限20.0) | t_grad=0ms t_qgt=3ms
26-14-21-54 冻结状态 | frozen_set=[3] | P_a/P=831/1108 | QGT=690561 | 本轮实际训练参数=831
26-14-21-54 Ψ矩阵条件数 cond(Ψ) = 2.64e+01 | 累计|g| = 10.0916
26-14-21-54 Loss=-3.195702 | E0=-1.04579997 | E1=-0.95480146|E2=-0.66103557|E3=-0.55034962
26-14-21-54 误差(Ha): e0=8.55e-03 | e1=3.10e-03 | e2=7.92e-03 | e3=1.05e-03
26-14-21-54 #-----------------------------------------#
26-14-21-54 【Step 95 达到化学精度】indices=[3]
26-14-21-54 [Step  95] logΨ: mean=3.428-0.497j
26-14-21-54 梯度监控 | raw=1.5938 | natural=0.4241 | clipped=0.4241(上限20.0) | t_grad=1ms t_qgt=2ms
26-14-21-54 冻结状态 | frozen_set=[3] | P_a/P=831/1108 | QGT=690561 | 本轮实际训练参数=831
26-14-21-54 Ψ矩阵条件数 cond(Ψ) = 2.50e+01 | 累计|g| = 10.0916
26-14-21-54 Loss=-3.206385 | E0=-1.04611010 | E1=-0.95480970|E2=-0.66096015|E3=-0.55034843
26-14-21-54 误差(Ha): e0=8.24e-03 | e1=3.10e-03 | e2=7.99e-03 | e3=1.05e-03
26-14-21-54 #-----------------------------------------#
26-14-21-54 【Step 96 达到化学精度】indices=[3]
26-14-21-54 【Step 96 触发了冻结事件】indices=[3]
26-14-21-54 [Step  96] logΨ: mean=3.532-0.405j
26-14-21-54 梯度监控 | raw=3.5350 | natural=0.0723 | clipped=0.0723(上限20.0) | t_grad=1ms t_qgt=2ms
26-14-21-54 冻结状态 | frozen_set=[3] | P_a/P=831/1108 | QGT=690561 | 本轮实际训练参数=831
26-14-21-54 Ψ矩阵条件数 cond(Ψ) = 2.47e+01 | 累计|g| = 10.0916
26-14-21-54 Loss=-3.200813 | E0=-1.04606123 | E1=-0.95471648|E2=-0.66068771|E3=-0.55019635
26-14-21-54 误差(Ha): e0=8.29e-03 | e1=3.19e-03 | e2=8.26e-03 | e3=1.21e-03
26-14-21-54 #-----------------------------------------#
26-14-21-55 【Step 97 达到化学精度】indices=[3]
26-14-21-55 [Step  97] logΨ: mean=3.430+0.030j
26-14-21-55 梯度监控 | raw=8.3156 | natural=0.0618 | clipped=0.0618(上限20.0) | t_grad=0ms t_qgt=2ms
26-14-21-55 冻结状态 | frozen_set=[3] | P_a/P=831/1108 | QGT=690561 | 本轮实际训练参数=831
26-14-21-55 Ψ矩阵条件数 cond(Ψ) = 2.44e+01 | 累计|g| = 10.0916
26-14-21-55 Loss=-3.186970 | E0=-1.04599904 | E1=-0.95470264|E2=-0.66065412|E3=-0.54982509
26-14-21-55 误差(Ha): e0=8.35e-03 | e1=3.20e-03 | e2=8.30e-03 | e3=1.58e-03
26-14-21-55 #-----------------------------------------#
26-14-21-55 【Step 98 达到化学精度】indices=[3]
26-14-21-55 [Step  98] logΨ: mean=3.530-0.275j
26-14-21-55 梯度监控 | raw=2.7707 | natural=0.0288 | clipped=0.0288(上限20.0) | t_grad=1ms t_qgt=2ms
26-14-21-55 冻结状态 | frozen_set=[3] | P_a/P=831/1108 | QGT=690561 | 本轮实际训练参数=831
26-14-21-55 Ψ矩阵条件数 cond(Ψ) = 2.41e+01 | 累计|g| = 10.0916
26-14-21-55 Loss=-3.202614 | E0=-1.04609921 | E1=-0.95474717|E2=-0.66053762|E3=-0.54995777
26-14-21-55 误差(Ha): e0=8.25e-03 | e1=3.16e-03 | e2=8.41e-03 | e3=1.44e-03
26-14-21-55 #-----------------------------------------#
26-14-21-55 [Step  99] logΨ: mean=3.635-0.153j
26-14-21-55 梯度监控 | raw=3.0681 | natural=0.1067 | clipped=0.1067(上限20.0) | t_grad=1ms t_qgt=3ms
26-14-21-55 冻结状态 | frozen_set=[3] | P_a/P=831/1108 | QGT=690561 | 本轮实际训练参数=831
26-14-21-55 Ψ矩阵条件数 cond(Ψ) = 1.77e+01 | 累计|g| = 10.0916
26-14-21-55 Loss=-3.196154 | E0=-1.04586046 | E1=-0.95475697|E2=-0.66058761|E3=-0.54921165
26-14-21-55 误差(Ha): e0=8.49e-03 | e1=3.15e-03 | e2=8.36e-03 | e3=2.19e-03
26-14-21-55 #-----------------------------------------#
26-14-21-55 [保存] Step 99 → pickle 已更新 (100 条记录)
26-14-21-55 [GaugeReset@100] 吸收 Δg = Σ Re(col_mean) = +19.1251 | 新|g| = 10.3057
26-14-21-55 [Step 100] logΨ: mean=3.120+0.571j
26-14-21-55 梯度监控 | raw=1.8873 | natural=0.1563 | clipped=0.1563(上限20.0) | t_grad=1ms t_qgt=2ms
26-14-21-55 冻结状态 | frozen_set=[3] | P_a/P=831/1108 | QGT=690561 | 本轮实际训练参数=831
26-14-21-55 Ψ矩阵条件数 cond(Ψ) = 2.12e+01 | 累计|g| = 10.3057
26-14-21-55 Loss=-3.202195 | E0=-1.04605100 | E1=-0.95476872|E2=-0.66174276|E3=-0.54905131
26-14-21-55 误差(Ha): e0=8.30e-03 | e1=3.14e-03 | e2=7.21e-03 | e3=2.35e-03
26-14-21-55 #-----------------------------------------#
26-14-21-55 [Step 101] logΨ: mean=3.150+0.584j
26-14-21-55 梯度监控 | raw=1.8942 | natural=0.1023 | clipped=0.1023(上限20.0) | t_grad=1ms t_qgt=3ms
26-14-21-55 冻结状态 | frozen_set=[3] | P_a/P=831/1108 | QGT=690561 | 本轮实际训练参数=831
26-14-21-55 Ψ矩阵条件数 cond(Ψ) = 2.13e+01 | 累计|g| = 10.3057
26-14-21-55 Loss=-3.204141 | E0=-1.04591483 | E1=-0.95467055|E2=-0.66155539|E3=-0.54920719
26-14-21-55 误差(Ha): e0=8.43e-03 | e1=3.24e-03 | e2=7.40e-03 | e3=2.19e-03
26-14-21-55 #-----------------------------------------#
26-14-21-55 [Step 102] logΨ: mean=3.191+0.298j
26-14-21-55 梯度监控 | raw=1.8523 | natural=0.0875 | clipped=0.0875(上限20.0) | t_grad=1ms t_qgt=3ms
26-14-21-55 冻结状态 | frozen_set=[3] | P_a/P=831/1108 | QGT=690561 | 本轮实际训练参数=831
26-14-21-55 Ψ矩阵条件数 cond(Ψ) = 2.12e+01 | 累计|g| = 10.3057
26-14-21-55 Loss=-3.203703 | E0=-1.04583883 | E1=-0.95471846|E2=-0.66136528|E3=-0.54924034
26-14-21-55 误差(Ha): e0=8.51e-03 | e1=3.19e-03 | e2=7.59e-03 | e3=2.16e-03
26-14-21-55 #-----------------------------------------#
26-14-21-55 【Step 103 达到化学精度】indices=[3]
26-14-21-55 [Step 103] logΨ: mean=3.206-0.038j
26-14-21-55 梯度监控 | raw=3.7778 | natural=0.0878 | clipped=0.0878(上限20.0) | t_grad=1ms t_qgt=2ms
26-14-21-55 冻结状态 | frozen_set=[3] | P_a/P=831/1108 | QGT=690561 | 本轮实际训练参数=831
26-14-21-55 Ψ矩阵条件数 cond(Ψ) = 2.83e+01 | 累计|g| = 10.3057
26-14-21-55 Loss=-3.201841 | E0=-1.04571986 | E1=-0.95447684|E2=-0.66115165|E3=-0.55068519
26-14-21-55 误差(Ha): e0=8.63e-03 | e1=3.43e-03 | e2=7.80e-03 | e3=7.17e-04
26-14-21-55 #-----------------------------------------#
26-14-21-55 [Step 104] logΨ: mean=3.422-0.025j
26-14-21-55 梯度监控 | raw=1.8296 | natural=0.0860 | clipped=0.0860(上限20.0) | t_grad=0ms t_qgt=3ms
26-14-21-55 冻结状态 | frozen_set=[3] | P_a/P=831/1108 | QGT=690561 | 本轮实际训练参数=831
26-14-21-55 Ψ矩阵条件数 cond(Ψ) = 2.27e+01 | 累计|g| = 10.3057
26-14-21-55 Loss=-3.202730 | E0=-1.04564812 | E1=-0.95423635|E2=-0.66086583|E3=-0.54909411
26-14-21-55 误差(Ha): e0=8.70e-03 | e1=3.67e-03 | e2=8.09e-03 | e3=2.31e-03
26-14-21-55 #-----------------------------------------#
26-14-21-55 [Step 105] logΨ: mean=3.304+0.027j
26-14-21-55 梯度监控 | raw=3.6147 | natural=0.4281 | clipped=0.4281(上限20.0) | t_grad=1ms t_qgt=3ms
26-14-21-55 冻结状态 | frozen_set=[3] | P_a/P=831/1108 | QGT=690561 | 本轮实际训练参数=831
26-14-21-55 Ψ矩阵条件数 cond(Ψ) = 2.52e+01 | 累计|g| = 10.3057
26-14-21-55 Loss=-3.194728 | E0=-1.04581899 | E1=-0.95415252|E2=-0.66110319|E3=-0.54896252
26-14-21-55 误差(Ha): e0=8.53e-03 | e1=3.75e-03 | e2=7.85e-03 | e3=2.44e-03
26-14-21-55 #-----------------------------------------#
26-14-21-55 [Step 106] logΨ: mean=3.306+0.146j
26-14-21-55 梯度监控 | raw=1.6946 | natural=0.1117 | clipped=0.1117(上限20.0) | t_grad=1ms t_qgt=3ms
26-14-21-55 冻结状态 | frozen_set=[3] | P_a/P=831/1108 | QGT=690561 | 本轮实际训练参数=831
26-14-21-55 Ψ矩阵条件数 cond(Ψ) = 2.50e+01 | 累计|g| = 10.3057
26-14-21-55 Loss=-3.196902 | E0=-1.04580080 | E1=-0.95413147|E2=-0.66091792|E3=-0.54893433
26-14-21-55 误差(Ha): e0=8.55e-03 | e1=3.77e-03 | e2=8.03e-03 | e3=2.47e-03
26-14-21-55 #-----------------------------------------#
26-14-21-55 [Step 107] logΨ: mean=3.396-0.185j
26-14-21-55 梯度监控 | raw=1.3674 | natural=0.0398 | clipped=0.0398(上限20.0) | t_grad=1ms t_qgt=2ms
26-14-21-55 冻结状态 | frozen_set=[3] | P_a/P=831/1108 | QGT=690561 | 本轮实际训练参数=831
26-14-21-55 Ψ矩阵条件数 cond(Ψ) = 2.53e+01 | 累计|g| = 10.3057
26-14-21-55 Loss=-3.199946 | E0=-1.04583359 | E1=-0.95412457|E2=-0.66047936|E3=-0.54912269
26-14-21-55 误差(Ha): e0=8.51e-03 | e1=3.78e-03 | e2=8.47e-03 | e3=2.28e-03
26-14-21-55 #-----------------------------------------#
26-14-21-55 [Step 108] logΨ: mean=3.598-0.455j
26-14-21-55 梯度监控 | raw=1.1067 | natural=0.1836 | clipped=0.1836(上限20.0) | t_grad=0ms t_qgt=2ms
26-14-21-55 冻结状态 | frozen_set=[3] | P_a/P=831/1108 | QGT=690561 | 本轮实际训练参数=831
26-14-21-55 Ψ矩阵条件数 cond(Ψ) = 2.31e+01 | 累计|g| = 10.3057
26-14-21-55 Loss=-3.211667 | E0=-1.04575939 | E1=-0.95454478|E2=-0.66176902|E3=-0.54800517
26-14-21-55 误差(Ha): e0=8.59e-03 | e1=3.36e-03 | e2=7.18e-03 | e3=3.40e-03
26-14-21-55 #-----------------------------------------#
26-14-21-55 [Step 109] logΨ: mean=3.630-0.255j
26-14-21-55 梯度监控 | raw=0.9598 | natural=0.0490 | clipped=0.0490(上限20.0) | t_grad=1ms t_qgt=3ms
26-14-21-55 冻结状态 | frozen_set=[3] | P_a/P=831/1108 | QGT=690561 | 本轮实际训练参数=831
26-14-21-55 Ψ矩阵条件数 cond(Ψ) = 2.24e+01 | 累计|g| = 10.3057
26-14-21-55 Loss=-3.208338 | E0=-1.04569402 | E1=-0.95458036|E2=-0.66211108|E3=-0.54747615
26-14-21-55 误差(Ha): e0=8.65e-03 | e1=3.33e-03 | e2=6.84e-03 | e3=3.93e-03
26-14-21-55 #-----------------------------------------#
26-14-21-55 [GaugeReset@110] 吸收 Δg = Σ Re(col_mean) = +19.4866 | 新|g| = 10.4253
26-14-21-55 [Step 110] logΨ: mean=3.117-0.557j
26-14-21-55 梯度监控 | raw=1.0097 | natural=0.0661 | clipped=0.0661(上限20.0) | t_grad=1ms t_qgt=3ms
26-14-21-55 冻结状态 | frozen_set=[3] | P_a/P=831/1108 | QGT=690561 | 本轮实际训练参数=831
26-14-21-55 Ψ矩阵条件数 cond(Ψ) = 2.60e+01 | 累计|g| = 10.4253
26-14-21-55 Loss=-3.201813 | E0=-1.04531928 | E1=-0.95557082|E2=-0.66191267|E3=-0.54611499
26-14-21-55 误差(Ha): e0=9.03e-03 | e1=2.33e-03 | e2=7.04e-03 | e3=5.29e-03
26-14-21-55 #-----------------------------------------#
26-14-21-55 [Step 111] logΨ: mean=3.070-0.200j
26-14-21-55 梯度监控 | raw=2.3117 | natural=0.1218 | clipped=0.1218(上限20.0) | t_grad=1ms t_qgt=3ms
26-14-21-55 冻结状态 | frozen_set=[3] | P_a/P=831/1108 | QGT=690561 | 本轮实际训练参数=831
26-14-21-55 Ψ矩阵条件数 cond(Ψ) = 2.40e+01 | 累计|g| = 10.4253
26-14-21-55 Loss=-3.197741 | E0=-1.04535866 | E1=-0.95531133|E2=-0.66176264|E3=-0.54617133
26-14-21-55 误差(Ha): e0=8.99e-03 | e1=2.59e-03 | e2=7.19e-03 | e3=5.23e-03
26-14-21-55 #-----------------------------------------#
26-14-21-55 [Step 112] logΨ: mean=3.074-0.157j
26-14-21-55 梯度监控 | raw=2.3082 | natural=0.0455 | clipped=0.0455(上限20.0) | t_grad=1ms t_qgt=3ms
26-14-21-55 冻结状态 | frozen_set=[3] | P_a/P=831/1108 | QGT=690561 | 本轮实际训练参数=831
26-14-21-55 Ψ矩阵条件数 cond(Ψ) = 2.44e+01 | 累计|g| = 10.4253
26-14-21-55 Loss=-3.199775 | E0=-1.04532556 | E1=-0.95543626|E2=-0.66160309|E3=-0.54640031
26-14-21-55 误差(Ha): e0=9.02e-03 | e1=2.47e-03 | e2=7.35e-03 | e3=5.00e-03
26-14-21-55 #-----------------------------------------#
26-14-21-55 [Step 113] logΨ: mean=2.949+0.085j
26-14-21-55 梯度监控 | raw=2.9339 | natural=0.1243 | clipped=0.1243(上限20.0) | t_grad=1ms t_qgt=2ms
26-14-21-55 冻结状态 | frozen_set=[3] | P_a/P=831/1108 | QGT=690561 | 本轮实际训练参数=831
26-14-21-55 Ψ矩阵条件数 cond(Ψ) = 2.37e+01 | 累计|g| = 10.4253
26-14-21-55 Loss=-3.199844 | E0=-1.04538243 | E1=-0.95529805|E2=-0.66147350|E3=-0.54654917
26-14-21-55 误差(Ha): e0=8.97e-03 | e1=2.61e-03 | e2=7.48e-03 | e3=4.85e-03
26-14-21-55 #-----------------------------------------#
26-14-21-55 [Step 114] logΨ: mean=3.095+0.045j
26-14-21-55 梯度监控 | raw=1.3514 | natural=0.0322 | clipped=0.0322(上限20.0) | t_grad=1ms t_qgt=3ms
26-14-21-55 冻结状态 | frozen_set=[3] | P_a/P=831/1108 | QGT=690561 | 本轮实际训练参数=831
26-14-21-55 Ψ矩阵条件数 cond(Ψ) = 2.34e+01 | 累计|g| = 10.4253
26-14-21-55 Loss=-3.204141 | E0=-1.04537026 | E1=-0.95511370|E2=-0.66116206|E3=-0.54700089
26-14-21-55 误差(Ha): e0=8.98e-03 | e1=2.79e-03 | e2=7.79e-03 | e3=4.40e-03
26-14-21-55 #-----------------------------------------#
26-14-21-55 [Step 115] logΨ: mean=3.062+0.202j
26-14-21-55 梯度监控 | raw=1.2052 | natural=0.0571 | clipped=0.0571(上限20.0) | t_grad=0ms t_qgt=3ms
26-14-21-55 冻结状态 | frozen_set=[3] | P_a/P=831/1108 | QGT=690561 | 本轮实际训练参数=831
26-14-21-55 Ψ矩阵条件数 cond(Ψ) = 2.25e+01 | 累计|g| = 10.4253
26-14-21-55 Loss=-3.201733 | E0=-1.04523450 | E1=-0.95500704|E2=-0.66097322|E3=-0.54700516
26-14-21-55 误差(Ha): e0=9.11e-03 | e1=2.90e-03 | e2=7.98e-03 | e3=4.40e-03
26-14-21-55 #-----------------------------------------#
26-14-21-55 [Step 116] logΨ: mean=3.053+0.003j
26-14-21-55 梯度监控 | raw=1.3687 | natural=0.0718 | clipped=0.0718(上限20.0) | t_grad=0ms t_qgt=4ms
26-14-21-55 冻结状态 | frozen_set=[3] | P_a/P=831/1108 | QGT=690561 | 本轮实际训练参数=831
26-14-21-55 Ψ矩阵条件数 cond(Ψ) = 2.29e+01 | 累计|g| = 10.4253
26-14-21-55 Loss=-3.211260 | E0=-1.04528833 | E1=-0.95497888|E2=-0.66069647|E3=-0.54720110
26-14-21-55 误差(Ha): e0=9.06e-03 | e1=2.93e-03 | e2=8.26e-03 | e3=4.20e-03
26-14-21-55 #-----------------------------------------#
26-14-21-55 [Step 117] logΨ: mean=3.086+0.675j
26-14-21-55 梯度监控 | raw=2.1061 | natural=0.0525 | clipped=0.0525(上限20.0) | t_grad=0ms t_qgt=5ms
26-14-21-55 冻结状态 | frozen_set=[3] | P_a/P=831/1108 | QGT=690561 | 本轮实际训练参数=831
26-14-21-55 Ψ矩阵条件数 cond(Ψ) = 2.26e+01 | 累计|g| = 10.4253
26-14-21-55 Loss=-3.206439 | E0=-1.04536922 | E1=-0.95500235|E2=-0.66060344|E3=-0.54726705
26-14-21-55 误差(Ha): e0=8.98e-03 | e1=2.90e-03 | e2=8.35e-03 | e3=4.13e-03
26-14-21-55 #-----------------------------------------#
26-14-21-55 [Step 118] logΨ: mean=3.185+0.550j
26-14-21-55 梯度监控 | raw=1.8399 | natural=0.0342 | clipped=0.0342(上限20.0) | t_grad=0ms t_qgt=4ms
26-14-21-55 冻结状态 | frozen_set=[3] | P_a/P=831/1108 | QGT=690561 | 本轮实际训练参数=831
26-14-21-55 Ψ矩阵条件数 cond(Ψ) = 2.25e+01 | 累计|g| = 10.4253
26-14-21-55 Loss=-3.204518 | E0=-1.04523908 | E1=-0.95486023|E2=-0.66046399|E3=-0.54755656
26-14-21-55 误差(Ha): e0=9.11e-03 | e1=3.05e-03 | e2=8.49e-03 | e3=3.85e-03
26-14-21-55 #-----------------------------------------#
26-14-21-55 [Step 119] logΨ: mean=3.292+0.387j
26-14-21-55 梯度监控 | raw=0.2709 | natural=0.0028 | clipped=0.0028(上限20.0) | t_grad=0ms t_qgt=2ms
26-14-21-55 冻结状态 | frozen_set=[3] | P_a/P=831/1108 | QGT=690561 | 本轮实际训练参数=831
26-14-21-55 Ψ矩阵条件数 cond(Ψ) = 2.28e+01 | 累计|g| = 10.4253
26-14-21-55 Loss=-3.207083 | E0=-1.04524374 | E1=-0.95480165|E2=-0.66047727|E3=-0.54753089
26-14-21-55 误差(Ha): e0=9.10e-03 | e1=3.10e-03 | e2=8.48e-03 | e3=3.87e-03
26-14-21-55 #-----------------------------------------#
26-14-21-55 [保存] Step 119 → pickle 已更新 (120 条记录)
26-14-21-55 [GaugeReset@120] 吸收 Δg = Σ Re(col_mean) = +19.5030 | 新|g| = 10.4830
26-14-21-55 [Step 120] logΨ: mean=3.241+0.330j
26-14-21-55 梯度监控 | raw=1.3863 | natural=0.0384 | clipped=0.0384(上限20.0) | t_grad=1ms t_qgt=3ms
26-14-21-55 冻结状态 | frozen_set=[3] | P_a/P=831/1108 | QGT=690561 | 本轮实际训练参数=831
26-14-21-55 Ψ矩阵条件数 cond(Ψ) = 2.41e+01 | 累计|g| = 10.4830
26-14-21-55 Loss=-3.206097 | E0=-1.04527750 | E1=-0.95436870|E2=-0.66039356|E3=-0.54784717
26-14-21-55 误差(Ha): e0=9.07e-03 | e1=3.54e-03 | e2=8.56e-03 | e3=3.55e-03
26-14-21-55 #-----------------------------------------#
26-14-21-55 [Step 121] logΨ: mean=3.145+0.156j
26-14-21-55 梯度监控 | raw=1.7324 | natural=0.1347 | clipped=0.1347(上限20.0) | t_grad=1ms t_qgt=4ms
26-14-21-55 冻结状态 | frozen_set=[3] | P_a/P=831/1108 | QGT=690561 | 本轮实际训练参数=831
26-14-21-55 Ψ矩阵条件数 cond(Ψ) = 2.26e+01 | 累计|g| = 10.4830
26-14-21-55 Loss=-3.201648 | E0=-1.04529116 | E1=-0.95423235|E2=-0.66080722|E3=-0.54793825
26-14-21-55 误差(Ha): e0=9.06e-03 | e1=3.67e-03 | e2=8.15e-03 | e3=3.46e-03
26-14-21-55 #-----------------------------------------#
26-14-21-55 [Step 122] logΨ: mean=3.237+0.192j
26-14-21-55 梯度监控 | raw=0.9321 | natural=0.0707 | clipped=0.0707(上限20.0) | t_grad=0ms t_qgt=3ms
26-14-21-55 冻结状态 | frozen_set=[3] | P_a/P=831/1108 | QGT=690561 | 本轮实际训练参数=831
26-14-21-55 Ψ矩阵条件数 cond(Ψ) = 2.16e+01 | 累计|g| = 10.4830
26-14-21-55 Loss=-3.202431 | E0=-1.04532791 | E1=-0.95353183|E2=-0.66016147|E3=-0.54673653
26-14-21-55 误差(Ha): e0=9.02e-03 | e1=4.37e-03 | e2=8.79e-03 | e3=4.67e-03
26-14-21-55 #-----------------------------------------#
26-14-21-55 [Step 123] logΨ: mean=3.346-0.070j
26-14-21-55 梯度监控 | raw=4.5212 | natural=0.4699 | clipped=0.4699(上限20.0) | t_grad=0ms t_qgt=2ms
26-14-21-55 冻结状态 | frozen_set=[3] | P_a/P=831/1108 | QGT=690561 | 本轮实际训练参数=831
26-14-21-55 Ψ矩阵条件数 cond(Ψ) = 1.55e+01 | 累计|g| = 10.4830
26-14-21-55 Loss=-3.209221 | E0=-1.04538988 | E1=-0.95348225|E2=-0.66060296|E3=-0.54548265
26-14-21-55 误差(Ha): e0=8.96e-03 | e1=4.42e-03 | e2=8.35e-03 | e3=5.92e-03
26-14-21-55 #-----------------------------------------#
26-14-21-55 [Step 124] logΨ: mean=3.397-0.059j
26-14-21-55 梯度监控 | raw=1.1661 | natural=0.0485 | clipped=0.0485(上限20.0) | t_grad=1ms t_qgt=3ms
26-14-21-55 冻结状态 | frozen_set=[3] | P_a/P=831/1108 | QGT=690561 | 本轮实际训练参数=831
26-14-21-55 Ψ矩阵条件数 cond(Ψ) = 1.64e+01 | 累计|g| = 10.4830
26-14-21-55 Loss=-3.202999 | E0=-1.04535324 | E1=-0.95360876|E2=-0.66048403|E3=-0.54600087
26-14-21-55 误差(Ha): e0=8.99e-03 | e1=4.30e-03 | e2=8.47e-03 | e3=5.40e-03
26-14-21-55 #-----------------------------------------#
26-14-21-55 [Step 125] logΨ: mean=3.436-0.144j
26-14-21-55 梯度监控 | raw=1.8682 | natural=0.0299 | clipped=0.0299(上限20.0) | t_grad=1ms t_qgt=3ms
26-14-21-55 冻结状态 | frozen_set=[3] | P_a/P=831/1108 | QGT=690561 | 本轮实际训练参数=831
26-14-21-55 Ψ矩阵条件数 cond(Ψ) = 1.64e+01 | 累计|g| = 10.4830
26-14-21-55 Loss=-3.201208 | E0=-1.04530363 | E1=-0.95364443|E2=-0.66046619|E3=-0.54631642
26-14-21-55 误差(Ha): e0=9.04e-03 | e1=4.26e-03 | e2=8.49e-03 | e3=5.09e-03
26-14-21-55 #-----------------------------------------#
26-14-21-55 [Step 126] logΨ: mean=3.373-0.377j
26-14-21-55 梯度监控 | raw=0.2979 | natural=0.0734 | clipped=0.0734(上限20.0) | t_grad=1ms t_qgt=2ms
26-14-21-55 冻结状态 | frozen_set=[3] | P_a/P=831/1108 | QGT=690561 | 本轮实际训练参数=831
26-14-21-55 Ψ矩阵条件数 cond(Ψ) = 1.67e+01 | 累计|g| = 10.4830
26-14-21-55 Loss=-3.200302 | E0=-1.04539385 | E1=-0.95384466|E2=-0.66070967|E3=-0.54616050
26-14-21-55 误差(Ha): e0=8.95e-03 | e1=4.06e-03 | e2=8.24e-03 | e3=5.24e-03
26-14-21-55 #-----------------------------------------#
26-14-21-55 [Step 127] logΨ: mean=3.391-0.412j
26-14-21-55 梯度监控 | raw=1.6515 | natural=0.0432 | clipped=0.0432(上限20.0) | t_grad=1ms t_qgt=3ms
26-14-21-55 冻结状态 | frozen_set=[3] | P_a/P=831/1108 | QGT=690561 | 本轮实际训练参数=831
26-14-21-55 Ψ矩阵条件数 cond(Ψ) = 1.70e+01 | 累计|g| = 10.4830
26-14-21-55 Loss=-3.204294 | E0=-1.04533101 | E1=-0.95371789|E2=-0.66049131|E3=-0.54645937
26-14-21-55 误差(Ha): e0=9.02e-03 | e1=4.19e-03 | e2=8.46e-03 | e3=4.94e-03
26-14-21-55 #-----------------------------------------#
26-14-21-55 [Step 128] logΨ: mean=3.477-0.543j
26-14-21-55 梯度监控 | raw=0.8737 | natural=0.0510 | clipped=0.0510(上限20.0) | t_grad=0ms t_qgt=2ms
26-14-21-55 冻结状态 | frozen_set=[3] | P_a/P=831/1108 | QGT=690561 | 本轮实际训练参数=831
26-14-21-55 Ψ矩阵条件数 cond(Ψ) = 1.80e+01 | 累计|g| = 10.4830
26-14-21-55 Loss=-3.204152 | E0=-1.04526259 | E1=-0.95354044|E2=-0.66029638|E3=-0.54681627
26-14-21-55 误差(Ha): e0=9.08e-03 | e1=4.37e-03 | e2=8.66e-03 | e3=4.59e-03
26-14-21-55 #-----------------------------------------#
26-14-21-55 [Step 129] logΨ: mean=3.539-0.417j
26-14-21-55 梯度监控 | raw=0.2187 | natural=0.0074 | clipped=0.0074(上限20.0) | t_grad=0ms t_qgt=4ms
26-14-21-55 冻结状态 | frozen_set=[3] | P_a/P=831/1108 | QGT=690561 | 本轮实际训练参数=831
26-14-21-55 Ψ矩阵条件数 cond(Ψ) = 1.76e+01 | 累计|g| = 10.4830
26-14-21-55 Loss=-3.205498 | E0=-1.04520110 | E1=-0.95359279|E2=-0.66024435|E3=-0.54686809
26-14-21-55 误差(Ha): e0=9.15e-03 | e1=4.31e-03 | e2=8.71e-03 | e3=4.53e-03
26-14-21-55 #-----------------------------------------#
26-14-21-55 [GaugeReset@130] 吸收 Δg = Σ Re(col_mean) = +19.5842 | 新|g| = 10.5177
26-14-21-55 [Step 130] logΨ: mean=3.583-0.397j
26-14-21-55 梯度监控 | raw=0.1457 | natural=0.0350 | clipped=0.0350(上限20.0) | t_grad=1ms t_qgt=3ms
26-14-21-55 冻结状态 | frozen_set=[3] | P_a/P=831/1108 | QGT=690561 | 本轮实际训练参数=831
26-14-21-55 Ψ矩阵条件数 cond(Ψ) = 1.88e+01 | 累计|g| = 10.5177
26-14-21-55 Loss=-3.203702 | E0=-1.04515125 | E1=-0.95345707|E2=-0.66006685|E3=-0.54566161
26-14-21-55 误差(Ha): e0=9.20e-03 | e1=4.45e-03 | e2=8.89e-03 | e3=5.74e-03
26-14-21-55 #-----------------------------------------#
26-14-21-55 [Step 131] logΨ: mean=3.331-0.197j
26-14-21-55 梯度监控 | raw=0.8165 | natural=0.0466 | clipped=0.0466(上限20.0) | t_grad=1ms t_qgt=2ms
26-14-21-55 冻结状态 | frozen_set=[3] | P_a/P=831/1108 | QGT=690561 | 本轮实际训练参数=831
26-14-21-55 Ψ矩阵条件数 cond(Ψ) = 1.77e+01 | 累计|g| = 10.5177
26-14-21-55 Loss=-3.203260 | E0=-1.04524489 | E1=-0.95360430|E2=-0.66033198|E3=-0.54562655
26-14-21-55 误差(Ha): e0=9.10e-03 | e1=4.30e-03 | e2=8.62e-03 | e3=5.78e-03
26-14-21-55 #-----------------------------------------#
26-14-21-55 [Step 132] logΨ: mean=3.278-0.084j
26-14-21-55 梯度监控 | raw=2.1470 | natural=0.0896 | clipped=0.0896(上限20.0) | t_grad=1ms t_qgt=2ms
26-14-21-55 冻结状态 | frozen_set=[3] | P_a/P=831/1108 | QGT=690561 | 本轮实际训练参数=831
26-14-21-55 Ψ矩阵条件数 cond(Ψ) = 2.25e+01 | 累计|g| = 10.5177
26-14-21-55 Loss=-3.213783 | E0=-1.04525841 | E1=-0.95350183|E2=-0.65967483|E3=-0.54573973
26-14-21-55 误差(Ha): e0=9.09e-03 | e1=4.40e-03 | e2=9.28e-03 | e3=5.66e-03
26-14-21-55 #-----------------------------------------#
26-14-21-55 [Step 133] logΨ: mean=3.376+0.381j
26-14-21-55 梯度监控 | raw=3.2044 | natural=0.0420 | clipped=0.0420(上限20.0) | t_grad=1ms t_qgt=2ms
26-14-21-55 冻结状态 | frozen_set=[3] | P_a/P=831/1108 | QGT=690561 | 本轮实际训练参数=831
26-14-21-55 Ψ矩阵条件数 cond(Ψ) = 1.89e+01 | 累计|g| = 10.5177
26-14-21-55 Loss=-3.209165 | E0=-1.04523832 | E1=-0.95328151|E2=-0.65958578|E3=-0.54604597
26-14-21-55 误差(Ha): e0=9.11e-03 | e1=4.62e-03 | e2=9.37e-03 | e3=5.36e-03
26-14-21-55 #-----------------------------------------#
26-14-21-55 [Step 134] logΨ: mean=3.350+0.231j
26-14-21-55 梯度监控 | raw=0.8966 | natural=0.0496 | clipped=0.0496(上限20.0) | t_grad=1ms t_qgt=3ms
26-14-21-55 冻结状态 | frozen_set=[3] | P_a/P=831/1108 | QGT=690561 | 本轮实际训练参数=831
26-14-21-55 Ψ矩阵条件数 cond(Ψ) = 1.93e+01 | 累计|g| = 10.5177
26-14-21-55 Loss=-3.204829 | E0=-1.04521606 | E1=-0.95339502|E2=-0.65971186|E3=-0.54642647
26-14-21-55 误差(Ha): e0=9.13e-03 | e1=4.51e-03 | e2=9.24e-03 | e3=4.98e-03
26-14-21-55 #-----------------------------------------#
26-14-21-55 [Step 135] logΨ: mean=3.217+0.203j
26-14-21-55 梯度监控 | raw=1.3406 | natural=0.1561 | clipped=0.1561(上限20.0) | t_grad=1ms t_qgt=3ms
26-14-21-55 冻结状态 | frozen_set=[3] | P_a/P=831/1108 | QGT=690561 | 本轮实际训练参数=831
26-14-21-55 Ψ矩阵条件数 cond(Ψ) = 2.14e+01 | 累计|g| = 10.5177
26-14-21-55 Loss=-3.206254 | E0=-1.04506085 | E1=-0.95395687|E2=-0.66095042|E3=-0.54690216
26-14-21-55 误差(Ha): e0=9.29e-03 | e1=3.95e-03 | e2=8.00e-03 | e3=4.50e-03
26-14-21-55 #-----------------------------------------#
26-14-21-55 [Step 136] logΨ: mean=3.130+0.415j
26-14-21-55 梯度监控 | raw=4.8022 | natural=0.0822 | clipped=0.0822(上限20.0) | t_grad=0ms t_qgt=3ms
26-14-21-55 冻结状态 | frozen_set=[3] | P_a/P=831/1108 | QGT=690561 | 本轮实际训练参数=831
26-14-21-55 Ψ矩阵条件数 cond(Ψ) = 2.00e+01 | 累计|g| = 10.5177
26-14-21-55 Loss=-3.190151 | E0=-1.04511866 | E1=-0.95381030|E2=-0.66079900|E3=-0.54697152
26-14-21-55 误差(Ha): e0=9.23e-03 | e1=4.10e-03 | e2=8.15e-03 | e3=4.43e-03
26-14-21-55 #-----------------------------------------#
26-14-21-55 [Step 137] logΨ: mean=3.294+0.763j
26-14-21-55 梯度监控 | raw=1.6685 | natural=0.0863 | clipped=0.0863(上限20.0) | t_grad=1ms t_qgt=3ms
26-14-21-55 冻结状态 | frozen_set=[3] | P_a/P=831/1108 | QGT=690561 | 本轮实际训练参数=831
26-14-21-55 Ψ矩阵条件数 cond(Ψ) = 1.97e+01 | 累计|g| = 10.5177
26-14-21-55 Loss=-3.200267 | E0=-1.04507817 | E1=-0.95392520|E2=-0.66069544|E3=-0.54711348
26-14-21-55 误差(Ha): e0=9.27e-03 | e1=3.98e-03 | e2=8.26e-03 | e3=4.29e-03
26-14-21-55 #-----------------------------------------#
26-14-21-55 [Step 138] logΨ: mean=3.189+0.534j
26-14-21-55 梯度监控 | raw=1.8938 | natural=0.0641 | clipped=0.0641(上限20.0) | t_grad=1ms t_qgt=2ms
26-14-21-55 冻结状态 | frozen_set=[3] | P_a/P=831/1108 | QGT=690561 | 本轮实际训练参数=831
26-14-21-55 Ψ矩阵条件数 cond(Ψ) = 2.57e+01 | 累计|g| = 10.5177
26-14-21-55 Loss=-3.200099 | E0=-1.04504888 | E1=-0.95411357|E2=-0.66072881|E3=-0.54725036
26-14-21-55 误差(Ha): e0=9.30e-03 | e1=3.79e-03 | e2=8.22e-03 | e3=4.15e-03
26-14-21-55 #-----------------------------------------#
26-14-21-55 [Step 139] logΨ: mean=3.271+0.309j
26-14-21-55 梯度监控 | raw=0.2848 | natural=0.1218 | clipped=0.1218(上限20.0) | t_grad=0ms t_qgt=2ms
26-14-21-55 冻结状态 | frozen_set=[3] | P_a/P=831/1108 | QGT=690561 | 本轮实际训练参数=831
26-14-21-55 Ψ矩阵条件数 cond(Ψ) = 1.93e+01 | 累计|g| = 10.5177
26-14-21-55 Loss=-3.206543 | E0=-1.04494215 | E1=-0.95514689|E2=-0.66076890|E3=-0.54688231
26-14-21-55 误差(Ha): e0=9.41e-03 | e1=2.76e-03 | e2=8.18e-03 | e3=4.52e-03
26-14-21-55 #-----------------------------------------#
26-14-21-55 [保存] Step 139 → pickle 已更新 (140 条记录)
26-14-21-55 [GaugeReset@140] 吸收 Δg = Σ Re(col_mean) = +19.5679 | 新|g| = 10.5132
26-14-21-55 [Step 140] logΨ: mean=3.792+0.164j
26-14-21-55 梯度监控 | raw=1.7982 | natural=0.4712 | clipped=0.4712(上限20.0) | t_grad=1ms t_qgt=4ms
26-14-21-55 冻结状态 | frozen_set=[3] | P_a/P=831/1108 | QGT=690561 | 本轮实际训练参数=831
26-14-21-55 Ψ矩阵条件数 cond(Ψ) = 1.39e+01 | 累计|g| = 10.5132
26-14-21-55 Loss=-3.215913 | E0=-1.04605562 | E1=-0.94975741|E2=-0.66358227|E3=-0.54804199
26-14-21-55 误差(Ha): e0=8.29e-03 | e1=8.15e-03 | e2=5.37e-03 | e3=3.36e-03
26-14-21-55 #-----------------------------------------#
26-14-21-55 [Step 141] logΨ: mean=3.627+0.180j
26-14-21-55 梯度监控 | raw=13.0851 | natural=0.1332 | clipped=0.1332(上限20.0) | t_grad=1ms t_qgt=3ms
26-14-21-55 冻结状态 | frozen_set=[3] | P_a/P=831/1108 | QGT=690561 | 本轮实际训练参数=831
26-14-21-55 Ψ矩阵条件数 cond(Ψ) = 1.37e+01 | 累计|g| = 10.5132
26-14-21-55 Loss=-3.133603 | E0=-1.04542513 | E1=-0.95103886|E2=-0.66276261|E3=-0.54328322
26-14-21-55 误差(Ha): e0=8.92e-03 | e1=6.87e-03 | e2=6.19e-03 | e3=8.12e-03
26-14-21-55 #-----------------------------------------#
26-14-21-55 [Step 142] logΨ: mean=3.607+0.089j
26-14-21-55 梯度监控 | raw=11.7563 | natural=0.0470 | clipped=0.0470(上限20.0) | t_grad=1ms t_qgt=4ms
26-14-21-55 冻结状态 | frozen_set=[3] | P_a/P=831/1108 | QGT=690561 | 本轮实际训练参数=831
26-14-21-55 Ψ矩阵条件数 cond(Ψ) = 1.42e+01 | 累计|g| = 10.5132
26-14-21-55 Loss=-3.136752 | E0=-1.04539640 | E1=-0.95127039|E2=-0.66230327|E3=-0.54325682
26-14-21-55 误差(Ha): e0=8.95e-03 | e1=6.64e-03 | e2=6.65e-03 | e3=8.15e-03
26-14-21-55 #-----------------------------------------#
26-14-21-55 [Step 143] logΨ: mean=3.441+0.410j
26-14-21-55 梯度监控 | raw=12.7382 | natural=0.0988 | clipped=0.0988(上限20.0) | t_grad=1ms t_qgt=3ms
26-14-21-55 冻结状态 | frozen_set=[3] | P_a/P=831/1108 | QGT=690561 | 本轮实际训练参数=831
26-14-21-55 Ψ矩阵条件数 cond(Ψ) = 1.49e+01 | 累计|g| = 10.5132
26-14-21-55 Loss=-3.132775 | E0=-1.04556957 | E1=-0.95148261|E2=-0.66197129|E3=-0.54417352
26-14-21-55 误差(Ha): e0=8.78e-03 | e1=6.42e-03 | e2=6.98e-03 | e3=7.23e-03
26-14-21-55 #-----------------------------------------#
26-14-21-55 [Step 144] logΨ: mean=3.701+0.423j
26-14-21-55 梯度监控 | raw=9.1969 | natural=0.0355 | clipped=0.0355(上限20.0) | t_grad=0ms t_qgt=2ms
26-14-21-55 冻结状态 | frozen_set=[3] | P_a/P=831/1108 | QGT=690561 | 本轮实际训练参数=831
26-14-21-55 Ψ矩阵条件数 cond(Ψ) = 1.54e+01 | 累计|g| = 10.5132
26-14-21-55 Loss=-3.157173 | E0=-1.04563548 | E1=-0.95152215|E2=-0.66173956|E3=-0.54671510
26-14-21-55 误差(Ha): e0=8.71e-03 | e1=6.38e-03 | e2=7.21e-03 | e3=4.69e-03
26-14-21-55 #-----------------------------------------#
26-14-21-55 [Step 145] logΨ: mean=3.716-0.030j
26-14-21-55 梯度监控 | raw=5.1509 | natural=0.1562 | clipped=0.1562(上限20.0) | t_grad=0ms t_qgt=4ms
26-14-21-55 冻结状态 | frozen_set=[3] | P_a/P=831/1108 | QGT=690561 | 本轮实际训练参数=831
26-14-21-55 Ψ矩阵条件数 cond(Ψ) = 1.13e+01 | 累计|g| = 10.5132
26-14-21-55 Loss=-3.185486 | E0=-1.04585538 | E1=-0.95318979|E2=-0.66354779|E3=-0.54883219
26-14-21-55 误差(Ha): e0=8.49e-03 | e1=4.72e-03 | e2=5.40e-03 | e3=2.57e-03
26-14-21-55 #-----------------------------------------#
26-14-21-55 [Step 146] logΨ: mean=3.712+0.258j
26-14-21-55 梯度监控 | raw=3.6992 | natural=0.0315 | clipped=0.0315(上限20.0) | t_grad=0ms t_qgt=4ms
26-14-21-55 冻结状态 | frozen_set=[3] | P_a/P=831/1108 | QGT=690561 | 本轮实际训练参数=831
26-14-21-55 Ψ矩阵条件数 cond(Ψ) = 1.54e+01 | 累计|g| = 10.5132
26-14-21-55 Loss=-3.179944 | E0=-1.04592713 | E1=-0.95320805|E2=-0.66305737|E3=-0.54918789
26-14-21-55 误差(Ha): e0=8.42e-03 | e1=4.70e-03 | e2=5.89e-03 | e3=2.21e-03
26-14-21-55 #-----------------------------------------#
26-14-21-55 [Step 147] logΨ: mean=3.712+0.393j
26-14-21-55 梯度监控 | raw=5.7052 | natural=0.0314 | clipped=0.0314(上限20.0) | t_grad=1ms t_qgt=2ms
26-14-21-55 冻结状态 | frozen_set=[3] | P_a/P=831/1108 | QGT=690561 | 本轮实际训练参数=831
26-14-21-55 Ψ矩阵条件数 cond(Ψ) = 1.60e+01 | 累计|g| = 10.5132
26-14-21-55 Loss=-3.177012 | E0=-1.04581265 | E1=-0.95310369|E2=-0.66251757|E3=-0.54879570
26-14-21-55 误差(Ha): e0=8.53e-03 | e1=4.80e-03 | e2=6.43e-03 | e3=2.61e-03
26-14-21-55 #-----------------------------------------#
26-14-21-55 [Step 148] logΨ: mean=3.636+0.096j
26-14-21-55 梯度监控 | raw=12.2692 | natural=0.0436 | clipped=0.0436(上限20.0) | t_grad=1ms t_qgt=3ms
26-14-21-55 冻结状态 | frozen_set=[3] | P_a/P=831/1108 | QGT=690561 | 本轮实际训练参数=831
26-14-21-55 Ψ矩阵条件数 cond(Ψ) = 1.67e+01 | 累计|g| = 10.5132
26-14-21-55 Loss=-3.145010 | E0=-1.04589948 | E1=-0.95286829|E2=-0.66291629|E3=-0.54713946
26-14-21-55 误差(Ha): e0=8.45e-03 | e1=5.04e-03 | e2=6.04e-03 | e3=4.26e-03
26-14-21-55 #-----------------------------------------#
26-14-21-55 [Step 149] logΨ: mean=3.713-0.234j
26-14-21-55 梯度监控 | raw=4.3905 | natural=0.0785 | clipped=0.0785(上限20.0) | t_grad=1ms t_qgt=4ms
26-14-21-55 冻结状态 | frozen_set=[3] | P_a/P=831/1108 | QGT=690561 | 本轮实际训练参数=831
26-14-21-55 Ψ矩阵条件数 cond(Ψ) = 1.71e+01 | 累计|g| = 10.5132
26-14-21-55 Loss=-3.184633 | E0=-1.04575249 | E1=-0.95307044|E2=-0.66276665|E3=-0.54932067
26-14-21-55 误差(Ha): e0=8.59e-03 | e1=4.84e-03 | e2=6.19e-03 | e3=2.08e-03
26-14-21-55 #-----------------------------------------#
26-14-21-55 [GaugeReset@150] 吸收 Δg = Σ Re(col_mean) = +19.5695 | 新|g| = 10.5340
26-14-21-55 [Step 150] logΨ: mean=3.764-0.734j
26-14-21-55 梯度监控 | raw=6.5414 | natural=0.0853 | clipped=0.0853(上限20.0) | t_grad=1ms t_qgt=3ms
26-14-21-55 冻结状态 | frozen_set=[3] | P_a/P=831/1108 | QGT=690561 | 本轮实际训练参数=831
26-14-21-55 Ψ矩阵条件数 cond(Ψ) = 1.79e+01 | 累计|g| = 10.5340
26-14-21-55 Loss=-3.175480 | E0=-1.04586141 | E1=-0.95296301|E2=-0.66224641|E3=-0.54943471
26-14-21-55 误差(Ha): e0=8.49e-03 | e1=4.94e-03 | e2=6.71e-03 | e3=1.97e-03
26-14-21-55 #-----------------------------------------#
26-14-21-55 [Step 151] logΨ: mean=3.771-0.498j
26-14-21-55 梯度监控 | raw=7.8601 | natural=0.0451 | clipped=0.0451(上限20.0) | t_grad=0ms t_qgt=2ms
26-14-21-55 冻结状态 | frozen_set=[3] | P_a/P=831/1108 | QGT=690561 | 本轮实际训练参数=831
26-14-21-55 Ψ矩阵条件数 cond(Ψ) = 1.77e+01 | 累计|g| = 10.5340
26-14-21-55 Loss=-3.174694 | E0=-1.04571034 | E1=-0.95311053|E2=-0.66194801|E3=-0.54942819
26-14-21-55 误差(Ha): e0=8.64e-03 | e1=4.80e-03 | e2=7.00e-03 | e3=1.97e-03
26-14-21-55 #-----------------------------------------#
26-14-21-55 【Step 152 达到化学精度】indices=[3]
26-14-21-55 [Step 152] logΨ: mean=4.254-0.620j
26-14-21-55 梯度监控 | raw=1.6341 | natural=0.0687 | clipped=0.0687(上限20.0) | t_grad=1ms t_qgt=2ms
26-14-21-55 冻结状态 | frozen_set=[3] | P_a/P=831/1108 | QGT=690561 | 本轮实际训练参数=831
26-14-21-55 Ψ矩阵条件数 cond(Ψ) = 1.77e+01 | 累计|g| = 10.5340
26-14-21-55 Loss=-3.201809 | E0=-1.04567565 | E1=-0.95117748|E2=-0.66075028|E3=-0.54990733
26-14-21-55 误差(Ha): e0=8.67e-03 | e1=6.73e-03 | e2=8.20e-03 | e3=1.49e-03
26-14-21-55 #-----------------------------------------#
26-14-21-55 [Step 153] logΨ: mean=3.954-0.846j
26-14-21-55 梯度监控 | raw=4.2210 | natural=0.1080 | clipped=0.1080(上限20.0) | t_grad=1ms t_qgt=3ms
26-14-21-55 冻结状态 | frozen_set=[3] | P_a/P=831/1108 | QGT=690561 | 本轮实际训练参数=831
26-14-21-55 Ψ矩阵条件数 cond(Ψ) = 1.99e+01 | 累计|g| = 10.5340
26-14-21-55 Loss=-3.189875 | E0=-1.04581193 | E1=-0.95127971|E2=-0.66068870|E3=-0.54954600
26-14-21-55 误差(Ha): e0=8.54e-03 | e1=6.63e-03 | e2=8.26e-03 | e3=1.86e-03
26-14-21-55 #-----------------------------------------#
26-14-21-55 [Step 154] logΨ: mean=3.838-0.831j
26-14-21-55 梯度监控 | raw=3.8462 | natural=0.0897 | clipped=0.0897(上限20.0) | t_grad=0ms t_qgt=3ms
26-14-21-55 冻结状态 | frozen_set=[3] | P_a/P=831/1108 | QGT=690561 | 本轮实际训练参数=831
26-14-21-55 Ψ矩阵条件数 cond(Ψ) = 2.00e+01 | 累计|g| = 10.5340
26-14-21-55 Loss=-3.190620 | E0=-1.04583006 | E1=-0.95168027|E2=-0.66077136|E3=-0.54925052
26-14-21-55 误差(Ha): e0=8.52e-03 | e1=6.23e-03 | e2=8.18e-03 | e3=2.15e-03
26-14-21-55 #-----------------------------------------#
26-14-21-55 [Step 155] logΨ: mean=3.884-0.654j
26-14-21-55 梯度监控 | raw=3.0172 | natural=0.1059 | clipped=0.1059(上限20.0) | t_grad=0ms t_qgt=3ms
26-14-21-55 冻结状态 | frozen_set=[3] | P_a/P=831/1108 | QGT=690561 | 本轮实际训练参数=831
26-14-21-55 Ψ矩阵条件数 cond(Ψ) = 2.14e+01 | 累计|g| = 10.5340
26-14-21-55 Loss=-3.190805 | E0=-1.04577121 | E1=-0.95143157|E2=-0.66052814|E3=-0.54942206
26-14-21-55 误差(Ha): e0=8.58e-03 | e1=6.47e-03 | e2=8.42e-03 | e3=1.98e-03
26-14-21-55 #-----------------------------------------#
26-14-21-55 [Step 156] logΨ: mean=4.013-0.638j
26-14-21-55 梯度监控 | raw=3.0228 | natural=0.0691 | clipped=0.0691(上限20.0) | t_grad=0ms t_qgt=4ms
26-14-21-55 冻结状态 | frozen_set=[3] | P_a/P=831/1108 | QGT=690561 | 本轮实际训练参数=831
26-14-21-55 Ψ矩阵条件数 cond(Ψ) = 2.18e+01 | 累计|g| = 10.5340
26-14-21-55 Loss=-3.192426 | E0=-1.04566022 | E1=-0.95117664|E2=-0.66028959|E3=-0.54945029
26-14-21-55 误差(Ha): e0=8.69e-03 | e1=6.73e-03 | e2=8.66e-03 | e3=1.95e-03
26-14-21-55 #-----------------------------------------#
26-14-21-55 【Step 157 达到化学精度】indices=[3]
26-14-21-55 【Step 157 触发了冻结事件】indices=[3]
26-14-21-55 [Step 157] logΨ: mean=3.854-0.622j
26-14-21-55 梯度监控 | raw=5.7805 | natural=0.1923 | clipped=0.1923(上限20.0) | t_grad=1ms t_qgt=2ms
26-14-21-55 冻结状态 | frozen_set=[3] | P_a/P=831/1108 | QGT=690561 | 本轮实际训练参数=831
26-14-21-55 Ψ矩阵条件数 cond(Ψ) = 2.54e+01 | 累计|g| = 10.5340
26-14-21-55 Loss=-3.197005 | E0=-1.04563280 | E1=-0.95176987|E2=-0.66030712|E3=-0.55022023
26-14-21-55 误差(Ha): e0=8.71e-03 | e1=6.14e-03 | e2=8.65e-03 | e3=1.18e-03
26-14-21-55 #-----------------------------------------#
26-14-21-55 【Step 158 达到化学精度】indices=[3]
26-14-21-55 [Step 158] logΨ: mean=3.935-0.490j
26-14-21-55 梯度监控 | raw=4.0501 | natural=0.0357 | clipped=0.0357(上限20.0) | t_grad=1ms t_qgt=3ms
26-14-21-55 冻结状态 | frozen_set=[3] | P_a/P=831/1108 | QGT=690561 | 本轮实际训练参数=831
26-14-21-55 Ψ矩阵条件数 cond(Ψ) = 2.63e+01 | 累计|g| = 10.5340
26-14-21-55 Loss=-3.199239 | E0=-1.04554405 | E1=-0.95196804|E2=-0.66044007|E3=-0.55054804
26-14-21-55 误差(Ha): e0=8.80e-03 | e1=5.94e-03 | e2=8.51e-03 | e3=8.54e-04
26-14-21-55 #-----------------------------------------#
26-14-21-55 【Step 159 达到化学精度】indices=[3]
26-14-21-55 [Step 159] logΨ: mean=3.781-0.427j
26-14-21-55 梯度监控 | raw=4.3878 | natural=0.1144 | clipped=0.1144(上限20.0) | t_grad=1ms t_qgt=4ms
26-14-21-55 冻结状态 | frozen_set=[3] | P_a/P=831/1108 | QGT=690561 | 本轮实际训练参数=831
26-14-21-55 Ψ矩阵条件数 cond(Ψ) = 2.74e+01 | 累计|g| = 10.5340
26-14-21-55 Loss=-3.203876 | E0=-1.04553603 | E1=-0.95227751|E2=-0.66053059|E3=-0.55044723
26-14-21-55 误差(Ha): e0=8.81e-03 | e1=5.63e-03 | e2=8.42e-03 | e3=9.55e-04
26-14-21-55 #-----------------------------------------#
26-14-21-55 [保存] Step 159 → pickle 已更新 (160 条记录)
26-14-21-55 [GaugeReset@160] 吸收 Δg = Σ Re(col_mean) = +19.5824 | 新|g| = 10.5707
26-14-21-55 【Step 160 达到化学精度】indices=[3]
26-14-21-55 [Step 160] logΨ: mean=4.000-0.749j
26-14-21-55 梯度监控 | raw=0.9714 | natural=0.0432 | clipped=0.0432(上限20.0) | t_grad=0ms t_qgt=4ms
26-14-21-55 冻结状态 | frozen_set=[3] | P_a/P=831/1108 | QGT=690561 | 本轮实际训练参数=831
26-14-21-55 Ψ矩阵条件数 cond(Ψ) = 2.37e+01 | 累计|g| = 10.5707
26-14-21-55 Loss=-3.206592 | E0=-1.04544895 | E1=-0.95219145|E2=-0.66013444|E3=-0.55061626
26-14-21-55 误差(Ha): e0=8.90e-03 | e1=5.71e-03 | e2=8.82e-03 | e3=7.86e-04
26-14-21-55 #-----------------------------------------#
26-14-21-55 【Step 161 达到化学精度】indices=[3]
26-14-21-55 [Step 161] logΨ: mean=4.058-0.895j
26-14-21-55 梯度监控 | raw=1.8878 | natural=0.0906 | clipped=0.0906(上限20.0) | t_grad=1ms t_qgt=4ms
26-14-21-55 冻结状态 | frozen_set=[3] | P_a/P=831/1108 | QGT=690561 | 本轮实际训练参数=831
26-14-21-55 Ψ矩阵条件数 cond(Ψ) = 2.25e+01 | 累计|g| = 10.5707
26-14-21-55 Loss=-3.202262 | E0=-1.04533537 | E1=-0.95239950|E2=-0.65980563|E3=-0.55057238
26-14-21-55 误差(Ha): e0=9.01e-03 | e1=5.51e-03 | e2=9.15e-03 | e3=8.30e-04
26-14-21-55 #-----------------------------------------#
26-14-21-55 【Step 162 达到化学精度】indices=[3]
26-14-21-55 【Step 162 触发了冻结事件】indices=[3]
26-14-21-55 [Step 162] logΨ: mean=4.112-0.966j
26-14-21-55 梯度监控 | raw=3.4729 | natural=0.0988 | clipped=0.0988(上限20.0) | t_grad=1ms t_qgt=3ms
26-14-21-55 冻结状态 | frozen_set=[3] | P_a/P=831/1108 | QGT=690561 | 本轮实际训练参数=831
26-14-21-55 Ψ矩阵条件数 cond(Ψ) = 2.33e+01 | 累计|g| = 10.5707
26-14-21-55 Loss=-3.195276 | E0=-1.04531632 | E1=-0.95208182|E2=-0.65965610|E3=-0.55040307
26-14-21-55 误差(Ha): e0=9.03e-03 | e1=5.82e-03 | e2=9.30e-03 | e3=9.99e-04
26-14-21-55 #-----------------------------------------#
26-14-21-55 【Step 163 达到化学精度】indices=[3]
26-14-21-55 [Step 163] logΨ: mean=4.025-1.414j
26-14-21-55 梯度监控 | raw=3.5287 | natural=0.0518 | clipped=0.0518(上限20.0) | t_grad=1ms t_qgt=3ms
26-14-21-55 冻结状态 | frozen_set=[3] | P_a/P=831/1108 | QGT=690561 | 本轮实际训练参数=831
26-14-21-55 Ψ矩阵条件数 cond(Ψ) = 2.39e+01 | 累计|g| = 10.5707
26-14-21-55 Loss=-3.202665 | E0=-1.04538922 | E1=-0.95205108|E2=-0.65961351|E3=-0.55037711
26-14-21-55 误差(Ha): e0=8.96e-03 | e1=5.85e-03 | e2=9.34e-03 | e3=1.02e-03
26-14-21-55 #-----------------------------------------#
26-14-21-55 【Step 164 达到化学精度】indices=[3]
26-14-21-55 [Step 164] logΨ: mean=4.083-1.551j
26-14-21-55 梯度监控 | raw=1.6509 | natural=0.0703 | clipped=0.0703(上限20.0) | t_grad=1ms t_qgt=3ms
26-14-21-55 冻结状态 | frozen_set=[3] | P_a/P=831/1108 | QGT=690561 | 本轮实际训练参数=831
26-14-21-55 Ψ矩阵条件数 cond(Ψ) = 2.52e+01 | 累计|g| = 10.5707
26-14-21-55 Loss=-3.203126 | E0=-1.04519244 | E1=-0.95251344|E2=-0.65987667|E3=-0.55037268
26-14-21-55 误差(Ha): e0=9.16e-03 | e1=5.39e-03 | e2=9.08e-03 | e3=1.03e-03
26-14-21-55 #-----------------------------------------#
26-14-21-55 【Step 165 达到化学精度】indices=[3]
26-14-21-55 [Step 165] logΨ: mean=4.129-1.693j
26-14-21-55 梯度监控 | raw=0.9013 | natural=0.0616 | clipped=0.0616(上限20.0) | t_grad=1ms t_qgt=3ms
26-14-21-55 冻结状态 | frozen_set=[3] | P_a/P=831/1108 | QGT=690561 | 本轮实际训练参数=831
26-14-21-55 Ψ矩阵条件数 cond(Ψ) = 2.63e+01 | 累计|g| = 10.5707
26-14-21-55 Loss=-3.206042 | E0=-1.04519564 | E1=-0.95245817|E2=-0.65990666|E3=-0.55023243
26-14-21-55 误差(Ha): e0=9.15e-03 | e1=5.45e-03 | e2=9.05e-03 | e3=1.17e-03
26-14-21-55 #-----------------------------------------#
26-14-21-55 【Step 166 达到化学精度】indices=[3]
26-14-21-55 [Step 166] logΨ: mean=4.203-1.667j
26-14-21-55 梯度监控 | raw=4.9096 | natural=0.0508 | clipped=0.0508(上限20.0) | t_grad=0ms t_qgt=6ms
26-14-21-55 冻结状态 | frozen_set=[3] | P_a/P=831/1108 | QGT=690561 | 本轮实际训练参数=831
26-14-21-55 Ψ矩阵条件数 cond(Ψ) = 2.77e+01 | 累计|g| = 10.5707
26-14-21-55 Loss=-3.201819 | E0=-1.04511125 | E1=-0.95238147|E2=-0.65975287|E3=-0.55031808
26-14-21-55 误差(Ha): e0=9.24e-03 | e1=5.52e-03 | e2=9.20e-03 | e3=1.08e-03
26-14-21-55 #-----------------------------------------#
26-14-21-55 【Step 167 达到化学精度】indices=[3]
26-14-21-55 【Step 167 触发了冻结事件】indices=[3]
26-14-21-55 [Step 167] logΨ: mean=3.982-1.497j
26-14-21-55 梯度监控 | raw=4.4730 | natural=0.1901 | clipped=0.1901(上限20.0) | t_grad=0ms t_qgt=3ms
26-14-21-55 冻结状态 | frozen_set=[3] | P_a/P=831/1108 | QGT=690561 | 本轮实际训练参数=831
26-14-21-55 Ψ矩阵条件数 cond(Ψ) = 3.12e+01 | 累计|g| = 10.5707
26-14-21-55 Loss=-3.202439 | E0=-1.04525458 | E1=-0.95228416|E2=-0.65967385|E3=-0.55005051
26-14-21-55 误差(Ha): e0=9.09e-03 | e1=5.62e-03 | e2=9.28e-03 | e3=1.35e-03
26-14-21-55 #-----------------------------------------#
26-14-21-55 【Step 168 达到化学精度】indices=[3]
26-14-21-55 [Step 168] logΨ: mean=4.266-1.677j
26-14-21-55 梯度监控 | raw=2.2245 | natural=0.0790 | clipped=0.0790(上限20.0) | t_grad=1ms t_qgt=5ms
26-14-21-55 冻结状态 | frozen_set=[3] | P_a/P=831/1108 | QGT=690561 | 本轮实际训练参数=831
26-14-21-55 Ψ矩阵条件数 cond(Ψ) = 3.08e+01 | 累计|g| = 10.5707
26-14-21-55 Loss=-3.197652 | E0=-1.04503000 | E1=-0.95240602|E2=-0.65977576|E3=-0.55009053
26-14-21-55 误差(Ha): e0=9.32e-03 | e1=5.50e-03 | e2=9.18e-03 | e3=1.31e-03
26-14-21-55 #-----------------------------------------#
26-14-21-55 【Step 169 达到化学精度】indices=[3]
26-14-21-55 [Step 169] logΨ: mean=4.151-1.323j
26-14-21-55 梯度监控 | raw=1.4941 | natural=0.0765 | clipped=0.0765(上限20.0) | t_grad=0ms t_qgt=3ms
26-14-21-55 冻结状态 | frozen_set=[3] | P_a/P=831/1108 | QGT=690561 | 本轮实际训练参数=831
26-14-21-55 Ψ矩阵条件数 cond(Ψ) = 3.06e+01 | 累计|g| = 10.5707
26-14-21-55 Loss=-3.206372 | E0=-1.04509877 | E1=-0.95250696|E2=-0.65972857|E3=-0.54998481
26-14-21-55 误差(Ha): e0=9.25e-03 | e1=5.40e-03 | e2=9.22e-03 | e3=1.42e-03
26-14-21-55 #-----------------------------------------#
26-14-21-55 [GaugeReset@170] 吸收 Δg = Σ Re(col_mean) = +19.7849 | 新|g| = 10.6184
26-14-21-55 【Step 170 达到化学精度】indices=[3]
26-14-21-55 [Step 170] logΨ: mean=3.941-0.525j
26-14-21-55 梯度监控 | raw=1.7222 | natural=0.0579 | clipped=0.0579(上限20.0) | t_grad=0ms t_qgt=5ms
26-14-21-55 冻结状态 | frozen_set=[3] | P_a/P=831/1108 | QGT=690561 | 本轮实际训练参数=831
26-14-21-55 Ψ矩阵条件数 cond(Ψ) = 2.83e+01 | 累计|g| = 10.6184
26-14-21-55 Loss=-3.202475 | E0=-1.04505292 | E1=-0.95259735|E2=-0.65967162|E3=-0.54992000
26-14-21-55 误差(Ha): e0=9.29e-03 | e1=5.31e-03 | e2=9.28e-03 | e3=1.48e-03
26-14-21-55 #-----------------------------------------#
26-14-21-55 【Step 171 达到化学精度】indices=[3]
26-14-21-55 [Step 171] logΨ: mean=3.678-0.292j
26-14-21-55 梯度监控 | raw=2.4708 | natural=0.0602 | clipped=0.0602(上限20.0) | t_grad=1ms t_qgt=3ms
26-14-21-55 冻结状态 | frozen_set=[3] | P_a/P=831/1108 | QGT=690561 | 本轮实际训练参数=831
26-14-21-55 Ψ矩阵条件数 cond(Ψ) = 5.14e+01 | 累计|g| = 10.6184
26-14-21-55 Loss=-3.205043 | E0=-1.04509399 | E1=-0.95276297|E2=-0.65981711|E3=-0.54993388
26-14-21-55 误差(Ha): e0=9.25e-03 | e1=5.14e-03 | e2=9.14e-03 | e3=1.47e-03
26-14-21-55 #-----------------------------------------#
26-14-21-55 【Step 172 达到化学精度】indices=[3]
26-14-21-55 【Step 172 触发了冻结事件】indices=[3]
26-14-21-55 [Step 172] logΨ: mean=3.696-0.622j
26-14-21-55 梯度监控 | raw=2.0835 | natural=0.0707 | clipped=0.0707(上限20.0) | t_grad=1ms t_qgt=6ms
26-14-21-55 冻结状态 | frozen_set=[3] | P_a/P=831/1108 | QGT=690561 | 本轮实际训练参数=831
26-14-21-55 Ψ矩阵条件数 cond(Ψ) = 2.91e+01 | 累计|g| = 10.6184
26-14-21-55 Loss=-3.203707 | E0=-1.04499845 | E1=-0.95279720|E2=-0.66023599|E3=-0.54986778
26-14-21-55 误差(Ha): e0=9.35e-03 | e1=5.11e-03 | e2=8.72e-03 | e3=1.53e-03
26-14-21-55 #-----------------------------------------#
26-14-21-55 【Step 173 达到化学精度】indices=[3]
26-14-21-55 [Step 173] logΨ: mean=3.732-0.522j
26-14-21-55 梯度监控 | raw=1.6083 | natural=0.0278 | clipped=0.0278(上限20.0) | t_grad=1ms t_qgt=3ms
26-14-21-55 冻结状态 | frozen_set=[3] | P_a/P=831/1108 | QGT=690561 | 本轮实际训练参数=831
26-14-21-55 Ψ矩阵条件数 cond(Ψ) = 3.03e+01 | 累计|g| = 10.6184
26-14-21-55 Loss=-3.206645 | E0=-1.04496241 | E1=-0.95290608|E2=-0.66017458|E3=-0.54998274
26-14-21-55 误差(Ha): e0=9.39e-03 | e1=5.00e-03 | e2=8.78e-03 | e3=1.42e-03
26-14-21-55 #-----------------------------------------#
26-14-21-55 【Step 174 达到化学精度】indices=[3]
26-14-21-55 [Step 174] logΨ: mean=3.732-0.219j
26-14-21-55 梯度监控 | raw=4.3439 | natural=0.0794 | clipped=0.0794(上限20.0) | t_grad=1ms t_qgt=8ms
26-14-21-55 冻结状态 | frozen_set=[3] | P_a/P=831/1108 | QGT=690561 | 本轮实际训练参数=831
26-14-21-55 Ψ矩阵条件数 cond(Ψ) = 3.16e+01 | 累计|g| = 10.6184
26-14-21-55 Loss=-3.203660 | E0=-1.04498422 | E1=-0.95279278|E2=-0.65987413|E3=-0.54991279
26-14-21-55 误差(Ha): e0=9.36e-03 | e1=5.11e-03 | e2=9.08e-03 | e3=1.49e-03
26-14-21-55 #-----------------------------------------#
26-14-21-55 【Step 175 达到化学精度】indices=[3]
26-14-21-55 [Step 175] logΨ: mean=3.847-0.024j
26-14-21-55 梯度监控 | raw=1.8136 | natural=0.0170 | clipped=0.0170(上限20.0) | t_grad=1ms t_qgt=4ms
26-14-21-55 冻结状态 | frozen_set=[3] | P_a/P=831/1108 | QGT=690561 | 本轮实际训练参数=831
26-14-21-55 Ψ矩阵条件数 cond(Ψ) = 3.23e+01 | 累计|g| = 10.6184
26-14-21-55 Loss=-3.202371 | E0=-1.04492593 | E1=-0.95285799|E2=-0.65979039|E3=-0.55000493
26-14-21-55 误差(Ha): e0=9.42e-03 | e1=5.05e-03 | e2=9.16e-03 | e3=1.40e-03
26-14-21-55 #-----------------------------------------#
26-14-21-55 【Step 176 达到化学精度】indices=[3]
26-14-21-55 [Step 176] logΨ: mean=3.748-0.184j
26-14-21-55 梯度监控 | raw=2.9654 | natural=0.0869 | clipped=0.0869(上限20.0) | t_grad=0ms t_qgt=4ms
26-14-21-55 冻结状态 | frozen_set=[3] | P_a/P=831/1108 | QGT=690561 | 本轮实际训练参数=831
26-14-21-55 Ψ矩阵条件数 cond(Ψ) = 3.53e+01 | 累计|g| = 10.6184
26-14-21-55 Loss=-3.207290 | E0=-1.04495928 | E1=-0.95302676|E2=-0.66094586|E3=-0.54991842
26-14-21-55 误差(Ha): e0=9.39e-03 | e1=4.88e-03 | e2=8.01e-03 | e3=1.48e-03
26-14-21-55 #-----------------------------------------#
26-14-21-55 【Step 177 达到化学精度】indices=[3]
26-14-21-55 【Step 177 触发了冻结事件】indices=[3]
26-14-21-55 [Step 177] logΨ: mean=3.597-0.044j
26-14-21-55 梯度监控 | raw=5.0626 | natural=0.0410 | clipped=0.0410(上限20.0) | t_grad=1ms t_qgt=4ms
26-14-21-55 冻结状态 | frozen_set=[3] | P_a/P=831/1108 | QGT=690561 | 本轮实际训练参数=831
26-14-21-55 Ψ矩阵条件数 cond(Ψ) = 3.49e+01 | 累计|g| = 10.6184
26-14-21-55 Loss=-3.195847 | E0=-1.04498549 | E1=-0.95315601|E2=-0.66117788|E3=-0.54991891
26-14-21-55 误差(Ha): e0=9.36e-03 | e1=4.75e-03 | e2=7.77e-03 | e3=1.48e-03
26-14-21-55 #-----------------------------------------#
26-14-21-55 【Step 178 达到化学精度】indices=[3]
26-14-21-55 [Step 178] logΨ: mean=3.701+0.100j
26-14-21-55 梯度监控 | raw=1.0738 | natural=0.0225 | clipped=0.0225(上限20.0) | t_grad=0ms t_qgt=3ms
26-14-21-55 冻结状态 | frozen_set=[3] | P_a/P=831/1108 | QGT=690561 | 本轮实际训练参数=831
26-14-21-55 Ψ矩阵条件数 cond(Ψ) = 3.54e+01 | 累计|g| = 10.6184
26-14-21-55 Loss=-3.207638 | E0=-1.04488421 | E1=-0.95321469|E2=-0.66100072|E3=-0.55011057
26-14-21-55 误差(Ha): e0=9.46e-03 | e1=4.69e-03 | e2=7.95e-03 | e3=1.29e-03
26-14-21-55 #-----------------------------------------#
26-14-21-55 [Step 179] logΨ: mean=3.852+0.219j
26-14-21-55 梯度监控 | raw=1.6462 | natural=0.0607 | clipped=0.0607(上限20.0) | t_grad=0ms t_qgt=3ms
26-14-21-55 冻结状态 | frozen_set=[3] | P_a/P=831/1108 | QGT=690561 | 本轮实际训练参数=831
26-14-21-55 Ψ矩阵条件数 cond(Ψ) = 3.85e+01 | 累计|g| = 10.6184
26-14-21-55 Loss=-3.202168 | E0=-1.04478327 | E1=-0.95313603|E2=-0.66076469|E3=-0.54921892
26-14-21-55 误差(Ha): e0=9.56e-03 | e1=4.77e-03 | e2=8.19e-03 | e3=2.18e-03
26-14-21-55 #-----------------------------------------#
26-14-21-55 [保存] Step 179 → pickle 已更新 (180 条记录)
26-14-21-55 [GaugeReset@180] 吸收 Δg = Σ Re(col_mean) = +19.8573 | 新|g| = 10.6744
26-14-21-55 [Step 180] logΨ: mean=3.897-0.223j
26-14-21-55 梯度监控 | raw=0.8535 | natural=0.0442 | clipped=0.0442(上限20.0) | t_grad=0ms t_qgt=4ms
26-14-21-55 冻结状态 | frozen_set=[3] | P_a/P=831/1108 | QGT=690561 | 本轮实际训练参数=831
26-14-21-55 Ψ矩阵条件数 cond(Ψ) = 2.74e+01 | 累计|g| = 10.6744
26-14-21-55 Loss=-3.210770 | E0=-1.04469822 | E1=-0.95326460|E2=-0.66078434|E3=-0.54747844
26-14-21-55 误差(Ha): e0=9.65e-03 | e1=4.64e-03 | e2=8.17e-03 | e3=3.92e-03
26-14-21-55 #-----------------------------------------#
26-14-21-55 [Step 181] logΨ: mean=3.975-0.228j
26-14-21-55 梯度监控 | raw=0.0188 | natural=0.0014 | clipped=0.0014(上限20.0) | t_grad=0ms t_qgt=1ms
26-14-21-55 冻结状态 | frozen_set=[3] | P_a/P=831/1108 | QGT=690561 | 本轮实际训练参数=831
26-14-21-55 Ψ矩阵条件数 cond(Ψ) = 2.75e+01 | 累计|g| = 10.6744
26-14-21-55 Loss=-3.205932 | E0=-1.04462276 | E1=-0.95336282|E2=-0.66076607|E3=-0.54749147
26-14-21-55 误差(Ha): e0=9.72e-03 | e1=4.54e-03 | e2=8.19e-03 | e3=3.91e-03
26-14-21-55 #-----------------------------------------#
26-14-21-55 [Step 182] logΨ: mean=3.995-0.175j
26-14-21-55 梯度监控 | raw=0.8877 | natural=0.0618 | clipped=0.0618(上限20.0) | t_grad=1ms t_qgt=4ms
26-14-21-55 冻结状态 | frozen_set=[3] | P_a/P=831/1108 | QGT=690561 | 本轮实际训练参数=831
26-14-21-55 Ψ矩阵条件数 cond(Ψ) = 2.93e+01 | 累计|g| = 10.6744
26-14-21-55 Loss=-3.208925 | E0=-1.04471676 | E1=-0.95296115|E2=-0.66080570|E3=-0.54740186
26-14-21-55 误差(Ha): e0=9.63e-03 | e1=4.94e-03 | e2=8.15e-03 | e3=4.00e-03
26-14-21-55 #-----------------------------------------#
26-14-21-55 [Step 183] logΨ: mean=3.828-0.144j
26-14-21-55 梯度监控 | raw=3.6441 | natural=0.0492 | clipped=0.0492(上限20.0) | t_grad=0ms t_qgt=2ms
26-14-21-55 冻结状态 | frozen_set=[3] | P_a/P=831/1108 | QGT=690561 | 本轮实际训练参数=831
26-14-21-55 Ψ矩阵条件数 cond(Ψ) = 2.74e+01 | 累计|g| = 10.6744
26-14-21-55 Loss=-3.200895 | E0=-1.04474296 | E1=-0.95286988|E2=-0.66079652|E3=-0.54772215
26-14-21-55 误差(Ha): e0=9.60e-03 | e1=5.04e-03 | e2=8.16e-03 | e3=3.68e-03
26-14-21-55 #-----------------------------------------#
26-14-21-56 [Step 184] logΨ: mean=3.447-0.120j
26-14-21-56 梯度监控 | raw=4.3642 | natural=0.4644 | clipped=0.4644(上限20.0) | t_grad=0ms t_qgt=4ms
26-14-21-56 冻结状态 | frozen_set=[3] | P_a/P=831/1108 | QGT=690561 | 本轮实际训练参数=831
26-14-21-56 Ψ矩阵条件数 cond(Ψ) = 2.15e+01 | 累计|g| = 10.6744
26-14-21-56 Loss=-3.220894 | E0=-1.04465517 | E1=-0.95343104|E2=-0.66100204|E3=-0.54777548
26-14-21-56 误差(Ha): e0=9.69e-03 | e1=4.47e-03 | e2=7.95e-03 | e3=3.63e-03
26-14-21-56 #-----------------------------------------#
26-14-21-56 [Step 185] logΨ: mean=3.260-0.021j
26-14-21-56 梯度监控 | raw=3.7360 | natural=0.3073 | clipped=0.3073(上限20.0) | t_grad=0ms t_qgt=3ms
26-14-21-56 冻结状态 | frozen_set=[3] | P_a/P=831/1108 | QGT=690561 | 本轮实际训练参数=831
26-14-21-56 Ψ矩阵条件数 cond(Ψ) = 2.11e+01 | 累计|g| = 10.6744
26-14-21-56 Loss=-3.194103 | E0=-1.04466939 | E1=-0.95315326|E2=-0.66097746|E3=-0.54817844
26-14-21-56 误差(Ha): e0=9.68e-03 | e1=4.75e-03 | e2=7.97e-03 | e3=3.22e-03
26-14-21-56 #-----------------------------------------#
26-14-21-56 [Step 186] logΨ: mean=3.314+0.105j
26-14-21-56 梯度监控 | raw=0.7584 | natural=0.0503 | clipped=0.0503(上限20.0) | t_grad=1ms t_qgt=1ms
26-14-21-56 冻结状态 | frozen_set=[3] | P_a/P=831/1108 | QGT=690561 | 本轮实际训练参数=831
26-14-21-56 Ψ矩阵条件数 cond(Ψ) = 2.01e+01 | 累计|g| = 10.6744
26-14-21-56 Loss=-3.210572 | E0=-1.04463331 | E1=-0.95339127|E2=-0.66120520|E3=-0.54838754
26-14-21-56 误差(Ha): e0=9.71e-03 | e1=4.51e-03 | e2=7.75e-03 | e3=3.01e-03
26-14-21-56 #-----------------------------------------#
26-14-21-56 [Step 187] logΨ: mean=3.302+0.136j
26-14-21-56 梯度监控 | raw=1.8223 | natural=0.0693 | clipped=0.0693(上限20.0) | t_grad=1ms t_qgt=4ms
26-14-21-56 冻结状态 | frozen_set=[3] | P_a/P=831/1108 | QGT=690561 | 本轮实际训练参数=831
26-14-21-56 Ψ矩阵条件数 cond(Ψ) = 2.16e+01 | 累计|g| = 10.6744
26-14-21-56 Loss=-3.203801 | E0=-1.04457714 | E1=-0.95349374|E2=-0.66100010|E3=-0.54832388
26-14-21-56 误差(Ha): e0=9.77e-03 | e1=4.41e-03 | e2=7.95e-03 | e3=3.08e-03
26-14-21-56 #-----------------------------------------#
26-14-21-56 [Step 188] logΨ: mean=3.436+0.229j
26-14-21-56 梯度监控 | raw=1.1454 | natural=0.0523 | clipped=0.0523(上限20.0) | t_grad=0ms t_qgt=3ms
26-14-21-56 冻结状态 | frozen_set=[3] | P_a/P=831/1108 | QGT=690561 | 本轮实际训练参数=831
26-14-21-56 Ψ矩阵条件数 cond(Ψ) = 2.03e+01 | 累计|g| = 10.6744
26-14-21-56 Loss=-3.205616 | E0=-1.04455625 | E1=-0.95321779|E2=-0.66076747|E3=-0.54814357
26-14-21-56 误差(Ha): e0=9.79e-03 | e1=4.69e-03 | e2=8.18e-03 | e3=3.26e-03
26-14-21-56 #-----------------------------------------#
26-14-21-56 [Step 189] logΨ: mean=3.389+0.272j
26-14-21-56 梯度监控 | raw=1.2960 | natural=0.0534 | clipped=0.0534(上限20.0) | t_grad=0ms t_qgt=3ms
26-14-21-56 冻结状态 | frozen_set=[3] | P_a/P=831/1108 | QGT=690561 | 本轮实际训练参数=831
26-14-21-56 Ψ矩阵条件数 cond(Ψ) = 1.97e+01 | 累计|g| = 10.6744
26-14-21-56 Loss=-3.201840 | E0=-1.04458801 | E1=-0.95308216|E2=-0.66072512|E3=-0.54789105
26-14-21-56 误差(Ha): e0=9.76e-03 | e1=4.82e-03 | e2=8.23e-03 | e3=3.51e-03
26-14-21-56 #-----------------------------------------#
26-14-21-56 [GaugeReset@190] 吸收 Δg = Σ Re(col_mean) = +19.4311 | 新|g| = 10.4704
26-14-21-56 [Step 190] logΨ: mean=3.894+0.436j
26-14-21-56 梯度监控 | raw=0.8818 | natural=0.0374 | clipped=0.0374(上限20.0) | t_grad=1ms t_qgt=3ms
26-14-21-56 冻结状态 | frozen_set=[3] | P_a/P=831/1108 | QGT=690561 | 本轮实际训练参数=831
26-14-21-56 Ψ矩阵条件数 cond(Ψ) = 2.14e+01 | 累计|g| = 10.4704
26-14-21-56 Loss=-3.207019 | E0=-1.04450319 | E1=-0.95292237|E2=-0.66029680|E3=-0.54781999
26-14-21-56 误差(Ha): e0=9.84e-03 | e1=4.98e-03 | e2=8.66e-03 | e3=3.58e-03
26-14-21-56 #-----------------------------------------#
26-14-21-56 [Step 191] logΨ: mean=3.948+0.153j
26-14-21-56 梯度监控 | raw=0.8906 | natural=0.0149 | clipped=0.0149(上限20.0) | t_grad=1ms t_qgt=2ms
26-14-21-56 冻结状态 | frozen_set=[3] | P_a/P=831/1108 | QGT=690561 | 本轮实际训练参数=831
26-14-21-56 Ψ矩阵条件数 cond(Ψ) = 2.13e+01 | 累计|g| = 10.4704
26-14-21-56 Loss=-3.206583 | E0=-1.04441459 | E1=-0.95293183|E2=-0.66015472|E3=-0.54799723
26-14-21-56 误差(Ha): e0=9.93e-03 | e1=4.97e-03 | e2=8.80e-03 | e3=3.40e-03
26-14-21-56 #-----------------------------------------#
26-14-21-56 [Step 192] logΨ: mean=4.126-0.085j
26-14-21-56 梯度监控 | raw=1.5603 | natural=0.1011 | clipped=0.1011(上限20.0) | t_grad=1ms t_qgt=3ms
26-14-21-56 冻结状态 | frozen_set=[3] | P_a/P=831/1108 | QGT=690561 | 本轮实际训练参数=831
26-14-21-56 Ψ矩阵条件数 cond(Ψ) = 2.28e+01 | 累计|g| = 10.4704
26-14-21-56 Loss=-3.199868 | E0=-1.04443235 | E1=-0.95269084|E2=-0.65993858|E3=-0.54813881
26-14-21-56 误差(Ha): e0=9.92e-03 | e1=5.21e-03 | e2=9.01e-03 | e3=3.26e-03
26-14-21-56 #-----------------------------------------#
26-14-21-56 [Step 193] logΨ: mean=4.195-0.376j
26-14-21-56 梯度监控 | raw=1.1231 | natural=0.0869 | clipped=0.0869(上限20.0) | t_grad=1ms t_qgt=3ms
26-14-21-56 冻结状态 | frozen_set=[3] | P_a/P=831/1108 | QGT=690561 | 本轮实际训练参数=831
26-14-21-56 Ψ矩阵条件数 cond(Ψ) = 2.51e+01 | 累计|g| = 10.4704
26-14-21-56 Loss=-3.204184 | E0=-1.04424763 | E1=-0.95291558|E2=-0.65960440|E3=-0.54709359
26-14-21-56 误差(Ha): e0=1.01e-02 | e1=4.99e-03 | e2=9.35e-03 | e3=4.31e-03
26-14-21-56 #-----------------------------------------#
26-14-21-56 [Step 194] logΨ: mean=4.117-0.765j
26-14-21-56 梯度监控 | raw=1.1933 | natural=0.0748 | clipped=0.0748(上限20.0) | t_grad=0ms t_qgt=3ms
26-14-21-56 冻结状态 | frozen_set=[3] | P_a/P=831/1108 | QGT=690561 | 本轮实际训练参数=831
26-14-21-56 Ψ矩阵条件数 cond(Ψ) = 2.09e+01 | 累计|g| = 10.4704
26-14-21-56 Loss=-3.209316 | E0=-1.04424155 | E1=-0.95311614|E2=-0.65975051|E3=-0.54651495
26-14-21-56 误差(Ha): e0=1.01e-02 | e1=4.79e-03 | e2=9.20e-03 | e3=4.89e-03
26-14-21-56 #-----------------------------------------#
26-14-21-56 [Step 195] logΨ: mean=4.263-0.524j
26-14-21-56 梯度监控 | raw=0.4386 | natural=0.0370 | clipped=0.0370(上限20.0) | t_grad=0ms t_qgt=3ms
26-14-21-56 冻结状态 | frozen_set=[3] | P_a/P=831/1108 | QGT=690561 | 本轮实际训练参数=831
26-14-21-56 Ψ矩阵条件数 cond(Ψ) = 1.88e+01 | 累计|g| = 10.4704
26-14-21-56 Loss=-3.201911 | E0=-1.04431226 | E1=-0.95277773|E2=-0.65954970|E3=-0.54645857
26-14-21-56 误差(Ha): e0=1.00e-02 | e1=5.13e-03 | e2=9.40e-03 | e3=4.94e-03
26-14-21-56 #-----------------------------------------#
26-14-21-56 [Step 196] logΨ: mean=4.200-0.583j
26-14-21-56 梯度监控 | raw=2.0118 | natural=0.1080 | clipped=0.1080(上限20.0) | t_grad=0ms t_qgt=2ms
26-14-21-56 冻结状态 | frozen_set=[3] | P_a/P=831/1108 | QGT=690561 | 本轮实际训练参数=831
26-14-21-56 Ψ矩阵条件数 cond(Ψ) = 2.06e+01 | 累计|g| = 10.4704
26-14-21-56 Loss=-3.195063 | E0=-1.04435336 | E1=-0.95289739|E2=-0.65957131|E3=-0.54660862
26-14-21-56 误差(Ha): e0=9.99e-03 | e1=5.01e-03 | e2=9.38e-03 | e3=4.79e-03
26-14-21-56 #-----------------------------------------#
26-14-21-56 [Step 197] logΨ: mean=4.117-0.598j
26-14-21-56 梯度监控 | raw=3.5467 | natural=0.0626 | clipped=0.0626(上限20.0) | t_grad=0ms t_qgt=2ms
26-14-21-56 冻结状态 | frozen_set=[3] | P_a/P=831/1108 | QGT=690561 | 本轮实际训练参数=831
26-14-21-56 Ψ矩阵条件数 cond(Ψ) = 2.24e+01 | 累计|g| = 10.4704
26-14-21-56 Loss=-3.199432 | E0=-1.04437051 | E1=-0.95289591|E2=-0.65970452|E3=-0.54689409
26-14-21-56 误差(Ha): e0=9.98e-03 | e1=5.01e-03 | e2=9.25e-03 | e3=4.51e-03
26-14-21-56 #-----------------------------------------#
26-14-21-56 [Step 198] logΨ: mean=4.063-0.423j
26-14-21-56 梯度监控 | raw=2.0267 | natural=0.0912 | clipped=0.0912(上限20.0) | t_grad=0ms t_qgt=3ms
26-14-21-56 冻结状态 | frozen_set=[3] | P_a/P=831/1108 | QGT=690561 | 本轮实际训练参数=831
26-14-21-56 Ψ矩阵条件数 cond(Ψ) = 2.35e+01 | 累计|g| = 10.4704
26-14-21-56 Loss=-3.197689 | E0=-1.04431375 | E1=-0.95298790|E2=-0.65991251|E3=-0.54723037
26-14-21-56 误差(Ha): e0=1.00e-02 | e1=4.92e-03 | e2=9.04e-03 | e3=4.17e-03
26-14-21-56 #-----------------------------------------#
26-14-21-56 [Step 199] logΨ: mean=4.142-0.223j
26-14-21-56 梯度监控 | raw=0.0536 | natural=0.0072 | clipped=0.0072(上限20.0) | t_grad=0ms t_qgt=3ms
26-14-21-56 冻结状态 | frozen_set=[3] | P_a/P=831/1108 | QGT=690561 | 本轮实际训练参数=831
26-14-21-56 Ψ矩阵条件数 cond(Ψ) = 2.42e+01 | 累计|g| = 10.4704
26-14-21-56 Loss=-3.203802 | E0=-1.04431344 | E1=-0.95296125|E2=-0.65992545|E3=-0.54729448
26-14-21-56 误差(Ha): e0=1.00e-02 | e1=4.94e-03 | e2=9.03e-03 | e3=4.11e-03
26-14-21-56 #-----------------------------------------#
26-14-21-56 [保存] Step 199 → pickle 已更新 (200 条记录)
26-14-21-56 [GaugeReset@200] 吸收 Δg = Σ Re(col_mean) = +19.6403 | 新|g| = 10.5799
26-14-21-56 [Step 200] logΨ: mean=3.656-0.392j
26-14-21-56 梯度监控 | raw=1.4933 | natural=0.1164 | clipped=0.1164(上限20.0) | t_grad=0ms t_qgt=2ms
26-14-21-56 冻结状态 | frozen_set=[3] | P_a/P=831/1108 | QGT=690561 | 本轮实际训练参数=831
26-14-21-56 Ψ矩阵条件数 cond(Ψ) = 2.47e+01 | 累计|g| = 10.5799
26-14-21-56 Loss=-3.210431 | E0=-1.04440830 | E1=-0.95309715|E2=-0.66012439|E3=-0.54695751
26-14-21-56 误差(Ha): e0=9.94e-03 | e1=4.81e-03 | e2=8.83e-03 | e3=4.44e-03
26-14-21-56 #-----------------------------------------#
26-14-21-56 [Step 201] logΨ: mean=3.619-0.247j
26-14-21-56 梯度监控 | raw=1.7029 | natural=0.0441 | clipped=0.0441(上限20.0) | t_grad=1ms t_qgt=3ms
26-14-21-56 冻结状态 | frozen_set=[3] | P_a/P=831/1108 | QGT=690561 | 本轮实际训练参数=831
26-14-21-56 Ψ矩阵条件数 cond(Ψ) = 2.41e+01 | 累计|g| = 10.5799
26-14-21-56 Loss=-3.205250 | E0=-1.04438568 | E1=-0.95340241|E2=-0.66026611|E3=-0.54708565
26-14-21-56 误差(Ha): e0=9.96e-03 | e1=4.50e-03 | e2=8.69e-03 | e3=4.32e-03
26-14-21-56 #-----------------------------------------#
26-14-21-56 [Step 202] logΨ: mean=3.727-0.324j
26-14-21-56 梯度监控 | raw=0.4521 | natural=0.0020 | clipped=0.0020(上限20.0) | t_grad=0ms t_qgt=3ms
26-14-21-56 冻结状态 | frozen_set=[3] | P_a/P=831/1108 | QGT=690561 | 本轮实际训练参数=831
26-14-21-56 Ψ矩阵条件数 cond(Ψ) = 2.43e+01 | 累计|g| = 10.5799
26-14-21-56 Loss=-3.204642 | E0=-1.04427500 | E1=-0.95339908|E2=-0.66026916|E3=-0.54722785
26-14-21-56 误差(Ha): e0=1.01e-02 | e1=4.51e-03 | e2=8.68e-03 | e3=4.17e-03
26-14-21-56 #-----------------------------------------#
26-14-21-56 [Step 203] logΨ: mean=3.492-0.187j
26-14-21-56 梯度监控 | raw=2.7796 | natural=0.0251 | clipped=0.0251(上限20.0) | t_grad=1ms t_qgt=3ms
26-14-21-56 冻结状态 | frozen_set=[3] | P_a/P=831/1108 | QGT=690561 | 本轮实际训练参数=831
26-14-21-56 Ψ矩阵条件数 cond(Ψ) = 2.55e+01 | 累计|g| = 10.5799
26-14-21-56 Loss=-3.205561 | E0=-1.04443727 | E1=-0.95333994|E2=-0.66031669|E3=-0.54732707
26-14-21-56 误差(Ha): e0=9.91e-03 | e1=4.57e-03 | e2=8.64e-03 | e3=4.07e-03
26-14-21-56 #-----------------------------------------#
26-14-21-56 [Step 204] logΨ: mean=3.769-0.410j
26-14-21-56 梯度监控 | raw=0.9160 | natural=0.0757 | clipped=0.0757(上限20.0) | t_grad=1ms t_qgt=2ms
26-14-21-56 冻结状态 | frozen_set=[3] | P_a/P=831/1108 | QGT=690561 | 本轮实际训练参数=831
26-14-21-56 Ψ矩阵条件数 cond(Ψ) = 2.07e+01 | 累计|g| = 10.5799
26-14-21-56 Loss=-3.206341 | E0=-1.04439860 | E1=-0.95281125|E2=-0.66027768|E3=-0.54635135
26-14-21-56 误差(Ha): e0=9.95e-03 | e1=5.09e-03 | e2=8.67e-03 | e3=5.05e-03
26-14-21-56 #-----------------------------------------#
26-14-21-56 [Step 205] logΨ: mean=3.886-0.516j
26-14-21-56 梯度监控 | raw=1.0691 | natural=0.0540 | clipped=0.0540(上限20.0) | t_grad=0ms t_qgt=3ms
26-14-21-56 冻结状态 | frozen_set=[3] | P_a/P=831/1108 | QGT=690561 | 本轮实际训练参数=831
26-14-21-56 Ψ矩阵条件数 cond(Ψ) = 2.23e+01 | 累计|g| = 10.5799
26-14-21-56 Loss=-3.203467 | E0=-1.04436577 | E1=-0.95282874|E2=-0.65992697|E3=-0.54638698
26-14-21-56 误差(Ha): e0=9.98e-03 | e1=5.08e-03 | e2=9.03e-03 | e3=5.01e-03
26-14-21-56 #-----------------------------------------#
26-14-21-56 [Step 206] logΨ: mean=3.871-0.426j
26-14-21-56 梯度监控 | raw=0.9747 | natural=0.0180 | clipped=0.0180(上限20.0) | t_grad=0ms t_qgt=3ms
26-14-21-56 冻结状态 | frozen_set=[3] | P_a/P=831/1108 | QGT=690561 | 本轮实际训练参数=831
26-14-21-56 Ψ矩阵条件数 cond(Ψ) = 2.34e+01 | 累计|g| = 10.5799
26-14-21-56 Loss=-3.203248 | E0=-1.04436804 | E1=-0.95279425|E2=-0.65986457|E3=-0.54669265
26-14-21-56 误差(Ha): e0=9.98e-03 | e1=5.11e-03 | e2=9.09e-03 | e3=4.71e-03
26-14-21-56 #-----------------------------------------#
26-14-21-56 [Step 207] logΨ: mean=3.748-0.387j
26-14-21-56 梯度监控 | raw=3.2350 | natural=0.0132 | clipped=0.0132(上限20.0) | t_grad=0ms t_qgt=2ms
26-14-21-56 冻结状态 | frozen_set=[3] | P_a/P=831/1108 | QGT=690561 | 本轮实际训练参数=831
26-14-21-56 Ψ矩阵条件数 cond(Ψ) = 2.37e+01 | 累计|g| = 10.5799
26-14-21-56 Loss=-3.204002 | E0=-1.04435448 | E1=-0.95279527|E2=-0.66001864|E3=-0.54681945
26-14-21-56 误差(Ha): e0=9.99e-03 | e1=5.11e-03 | e2=8.93e-03 | e3=4.58e-03
26-14-21-56 #-----------------------------------------#
26-14-21-56 [Step 208] logΨ: mean=3.631-0.456j
26-14-21-56 梯度监控 | raw=4.8177 | natural=0.2096 | clipped=0.2096(上限20.0) | t_grad=0ms t_qgt=3ms
26-14-21-56 冻结状态 | frozen_set=[3] | P_a/P=831/1108 | QGT=690561 | 本轮实际训练参数=831
26-14-21-56 Ψ矩阵条件数 cond(Ψ) = 1.75e+01 | 累计|g| = 10.5799
26-14-21-56 Loss=-3.210293 | E0=-1.04425915 | E1=-0.95350163|E2=-0.66588870|E3=-0.54635362
26-14-21-56 误差(Ha): e0=1.01e-02 | e1=4.40e-03 | e2=3.06e-03 | e3=5.05e-03
26-14-21-56 #-----------------------------------------#
26-14-21-56 [Step 209] logΨ: mean=3.699-0.724j
26-14-21-56 梯度监控 | raw=5.7583 | natural=0.5319 | clipped=0.5319(上限20.0) | t_grad=0ms t_qgt=2ms
26-14-21-56 冻结状态 | frozen_set=[3] | P_a/P=831/1108 | QGT=690561 | 本轮实际训练参数=831
26-14-21-56 Ψ矩阵条件数 cond(Ψ) = 2.14e+01 | 累计|g| = 10.5799
26-14-21-56 Loss=-3.164922 | E0=-1.04464763 | E1=-0.95267320|E2=-0.66439880|E3=-0.54468762
26-14-21-56 误差(Ha): e0=9.70e-03 | e1=5.23e-03 | e2=4.55e-03 | e3=6.71e-03
26-14-21-56 #-----------------------------------------#
26-14-21-56 [GaugeReset@210] 吸收 Δg = Σ Re(col_mean) = +19.1387 | 新|g| = 10.3004
26-14-21-56 [Step 210] logΨ: mean=4.303+0.074j
26-14-21-56 梯度监控 | raw=3.3818 | natural=0.0808 | clipped=0.0808(上限20.0) | t_grad=0ms t_qgt=3ms
26-14-21-56 冻结状态 | frozen_set=[3] | P_a/P=831/1108 | QGT=690561 | 本轮实际训练参数=831
26-14-21-56 Ψ矩阵条件数 cond(Ψ) = 2.36e+01 | 累计|g| = 10.3004
26-14-21-56 Loss=-3.191769 | E0=-1.04469720 | E1=-0.95231971|E2=-0.66375562|E3=-0.54559894
26-14-21-56 误差(Ha): e0=9.65e-03 | e1=5.59e-03 | e2=5.20e-03 | e3=5.80e-03
26-14-21-56 #-----------------------------------------#
26-14-21-56 [Step 211] logΨ: mean=4.216+0.133j
26-14-21-56 梯度监控 | raw=2.4754 | natural=0.0514 | clipped=0.0514(上限20.0) | t_grad=0ms t_qgt=2ms
26-14-21-56 冻结状态 | frozen_set=[3] | P_a/P=831/1108 | QGT=690561 | 本轮实际训练参数=831
26-14-21-56 Ψ矩阵条件数 cond(Ψ) = 2.54e+01 | 累计|g| = 10.3004
26-14-21-56 Loss=-3.204765 | E0=-1.04464549 | E1=-0.95235326|E2=-0.66334330|E3=-0.54610771
26-14-21-56 误差(Ha): e0=9.70e-03 | e1=5.55e-03 | e2=5.61e-03 | e3=5.29e-03
26-14-21-56 #-----------------------------------------#
26-14-21-56 [Step 212] logΨ: mean=4.202+0.067j
26-14-21-56 梯度监控 | raw=4.2017 | natural=0.4598 | clipped=0.4598(上限20.0) | t_grad=1ms t_qgt=3ms
26-14-21-56 冻结状态 | frozen_set=[3] | P_a/P=831/1108 | QGT=690561 | 本轮实际训练参数=831
26-14-21-56 Ψ矩阵条件数 cond(Ψ) = 2.17e+01 | 累计|g| = 10.3004
26-14-21-56 Loss=-3.204659 | E0=-1.04494097 | E1=-0.95175028|E2=-0.66334805|E3=-0.54603509
26-14-21-56 误差(Ha): e0=9.41e-03 | e1=6.16e-03 | e2=5.60e-03 | e3=5.37e-03
26-14-21-56 #-----------------------------------------#
26-14-21-56 [Step 213] logΨ: mean=4.155+0.191j
26-14-21-56 梯度监控 | raw=3.4193 | natural=0.1156 | clipped=0.1156(上限20.0) | t_grad=0ms t_qgt=3ms
26-14-21-56 冻结状态 | frozen_set=[3] | P_a/P=831/1108 | QGT=690561 | 本轮实际训练参数=831
26-14-21-56 Ψ矩阵条件数 cond(Ψ) = 2.39e+01 | 累计|g| = 10.3004
26-14-21-56 Loss=-3.206721 | E0=-1.04493341 | E1=-0.95200493|E2=-0.66286647|E3=-0.54632100
26-14-21-56 误差(Ha): e0=9.41e-03 | e1=5.90e-03 | e2=6.09e-03 | e3=5.08e-03
26-14-21-56 #-----------------------------------------#
26-14-21-56 [Step 214] logΨ: mean=4.271+0.419j
26-14-21-56 梯度监控 | raw=2.1626 | natural=0.0903 | clipped=0.0903(上限20.0) | t_grad=0ms t_qgt=3ms
26-14-21-56 冻结状态 | frozen_set=[3] | P_a/P=831/1108 | QGT=690561 | 本轮实际训练参数=831
26-14-21-56 Ψ矩阵条件数 cond(Ψ) = 2.73e+01 | 累计|g| = 10.3004
26-14-21-56 Loss=-3.202969 | E0=-1.04487693 | E1=-0.95255206|E2=-0.66410793|E3=-0.54676317
26-14-21-56 误差(Ha): e0=9.47e-03 | e1=5.35e-03 | e2=4.84e-03 | e3=4.64e-03
26-14-21-56 #-----------------------------------------#
26-14-21-56 [Step 215] logΨ: mean=4.123+1.004j
26-14-21-56 梯度监控 | raw=2.7131 | natural=0.1422 | clipped=0.1422(上限20.0) | t_grad=1ms t_qgt=4ms
26-14-21-56 冻结状态 | frozen_set=[3] | P_a/P=831/1108 | QGT=690561 | 本轮实际训练参数=831
26-14-21-56 Ψ矩阵条件数 cond(Ψ) = 3.09e+01 | 累计|g| = 10.3004
26-14-21-56 Loss=-3.186432 | E0=-1.04487834 | E1=-0.95235579|E2=-0.66404547|E3=-0.54685397
26-14-21-56 误差(Ha): e0=9.47e-03 | e1=5.55e-03 | e2=4.91e-03 | e3=4.55e-03
26-14-21-56 #-----------------------------------------#
26-14-21-56 【Step 216 达到化学精度】indices=[3]
26-14-21-56 [Step 216] logΨ: mean=4.808+1.045j
26-14-21-56 梯度监控 | raw=3.3119 | natural=0.3318 | clipped=0.3318(上限20.0) | t_grad=1ms t_qgt=3ms
26-14-21-56 冻结状态 | frozen_set=[3] | P_a/P=831/1108 | QGT=690561 | 本轮实际训练参数=831
26-14-21-56 Ψ矩阵条件数 cond(Ψ) = 2.55e+01 | 累计|g| = 10.3004
26-14-21-56 Loss=-3.214061 | E0=-1.04483298 | E1=-0.95267245|E2=-0.66289582|E3=-0.55010133
26-14-21-56 误差(Ha): e0=9.51e-03 | e1=5.23e-03 | e2=6.06e-03 | e3=1.30e-03
26-14-21-56 #-----------------------------------------#
26-14-21-56 【Step 217 达到化学精度】indices=[3]
26-14-21-56 [Step 217] logΨ: mean=4.874+1.090j
26-14-21-56 梯度监控 | raw=1.8831 | natural=0.0234 | clipped=0.0234(上限20.0) | t_grad=0ms t_qgt=6ms
26-14-21-56 冻结状态 | frozen_set=[3] | P_a/P=831/1108 | QGT=690561 | 本轮实际训练参数=831
26-14-21-56 Ψ矩阵条件数 cond(Ψ) = 2.57e+01 | 累计|g| = 10.3004
26-14-21-56 Loss=-3.209721 | E0=-1.04480306 | E1=-0.95265281|E2=-0.66304517|E3=-0.55016294
26-14-21-56 误差(Ha): e0=9.54e-03 | e1=5.25e-03 | e2=5.91e-03 | e3=1.24e-03
26-14-21-56 #-----------------------------------------#
26-14-21-56 【Step 218 达到化学精度】indices=[3]
26-14-21-56 [Step 218] logΨ: mean=4.906+0.585j
26-14-21-56 梯度监控 | raw=13.6995 | natural=0.2230 | clipped=0.2230(上限20.0) | t_grad=1ms t_qgt=4ms
26-14-21-56 冻结状态 | frozen_set=[3] | P_a/P=831/1108 | QGT=690561 | 本轮实际训练参数=831
26-14-21-56 Ψ矩阵条件数 cond(Ψ) = 2.59e+01 | 累计|g| = 10.3004
26-14-21-56 Loss=-3.200311 | E0=-1.04484253 | E1=-0.95291339|E2=-0.66495352|E3=-0.55003782
26-14-21-56 误差(Ha): e0=9.50e-03 | e1=4.99e-03 | e2=4.00e-03 | e3=1.36e-03
26-14-21-56 #-----------------------------------------#
26-14-21-56 [Step 219] logΨ: mean=5.066+0.734j
26-14-21-56 梯度监控 | raw=8.0804 | natural=0.0854 | clipped=0.0854(上限20.0) | t_grad=1ms t_qgt=4ms
26-14-21-56 冻结状态 | frozen_set=[3] | P_a/P=831/1108 | QGT=690561 | 本轮实际训练参数=831
26-14-21-56 Ψ矩阵条件数 cond(Ψ) = 2.09e+01 | 累计|g| = 10.3004
26-14-21-56 Loss=-3.196061 | E0=-1.04481899 | E1=-0.95279086|E2=-0.66438243|E3=-0.54959487
26-14-21-56 误差(Ha): e0=9.53e-03 | e1=5.11e-03 | e2=4.57e-03 | e3=1.81e-03
26-14-21-56 #-----------------------------------------#
26-14-21-56 [保存] Step 219 → pickle 已更新 (220 条记录)
26-14-21-56 [GaugeReset@220] 吸收 Δg = Σ Re(col_mean) = +19.9268 | 新|g| = 10.7456
26-14-21-56 [Step 220] logΨ: mean=4.223+0.334j
26-14-21-56 梯度监控 | raw=0.9441 | natural=0.0313 | clipped=0.0313(上限20.0) | t_grad=0ms t_qgt=3ms
26-14-21-56 冻结状态 | frozen_set=[3] | P_a/P=831/1108 | QGT=690561 | 本轮实际训练参数=831
26-14-21-56 Ψ矩阵条件数 cond(Ψ) = 2.47e+01 | 累计|g| = 10.7456
26-14-21-56 Loss=-3.207535 | E0=-1.04485233 | E1=-0.95273761|E2=-0.66519067|E3=-0.54948635
26-14-21-56 误差(Ha): e0=9.50e-03 | e1=5.17e-03 | e2=3.76e-03 | e3=1.92e-03
26-14-21-56 #-----------------------------------------#
26-14-21-56 【Step 221 达到化学精度】indices=[3]
26-14-21-56 【Step 221 触发了冻结事件】indices=[3]
26-14-21-56 [Step 221] logΨ: mean=4.083+0.497j
26-14-21-56 梯度监控 | raw=8.6969 | natural=0.1734 | clipped=0.1734(上限20.0) | t_grad=1ms t_qgt=7ms
26-14-21-56 冻结状态 | frozen_set=[3] | P_a/P=831/1108 | QGT=690561 | 本轮实际训练参数=831
26-14-21-56 Ψ矩阵条件数 cond(Ψ) = 2.39e+01 | 累计|g| = 10.7456
26-14-21-56 Loss=-3.213163 | E0=-1.04499654 | E1=-0.95275338|E2=-0.66486047|E3=-0.55002685
26-14-21-56 误差(Ha): e0=9.35e-03 | e1=5.15e-03 | e2=4.09e-03 | e3=1.38e-03
26-14-21-56 #-----------------------------------------#
26-14-21-56 【Step 222 达到化学精度】indices=[3]
26-14-21-56 [Step 222] logΨ: mean=4.514+0.523j
26-14-21-56 梯度监控 | raw=12.7609 | natural=0.1457 | clipped=0.1457(上限20.0) | t_grad=0ms t_qgt=5ms
26-14-21-56 冻结状态 | frozen_set=[3] | P_a/P=831/1108 | QGT=690561 | 本轮实际训练参数=831
26-14-21-56 Ψ矩阵条件数 cond(Ψ) = 2.42e+01 | 累计|g| = 10.7456
26-14-21-56 Loss=-3.197030 | E0=-1.04518049 | E1=-0.95223405|E2=-0.66403782|E3=-0.55057432
26-14-21-56 误差(Ha): e0=9.17e-03 | e1=5.67e-03 | e2=4.91e-03 | e3=8.28e-04
26-14-21-56 #-----------------------------------------#
26-14-21-56 [Step 223] logΨ: mean=3.822+0.389j
26-14-21-56 梯度监控 | raw=11.9721 | natural=0.2204 | clipped=0.2204(上限20.0) | t_grad=0ms t_qgt=4ms
26-14-21-56 冻结状态 | frozen_set=[3] | P_a/P=831/1108 | QGT=690561 | 本轮实际训练参数=831
26-14-21-56 Ψ矩阵条件数 cond(Ψ) = 2.59e+01 | 累计|g| = 10.7456
26-14-21-56 Loss=-3.176964 | E0=-1.04509447 | E1=-0.95214459|E2=-0.66385951|E3=-0.54964060
26-14-21-56 误差(Ha): e0=9.25e-03 | e1=5.76e-03 | e2=5.09e-03 | e3=1.76e-03
26-14-21-56 #-----------------------------------------#
26-14-21-56 [Step 224] logΨ: mean=4.216+0.050j
26-14-21-56 梯度监控 | raw=1.8443 | natural=0.0618 | clipped=0.0618(上限20.0) | t_grad=1ms t_qgt=4ms
26-14-21-56 冻结状态 | frozen_set=[3] | P_a/P=831/1108 | QGT=690561 | 本轮实际训练参数=831
26-14-21-56 Ψ矩阵条件数 cond(Ψ) = 2.54e+01 | 累计|g| = 10.7456
26-14-21-56 Loss=-3.194692 | E0=-1.04517171 | E1=-0.95193761|E2=-0.66297324|E3=-0.54980136
26-14-21-56 误差(Ha): e0=9.18e-03 | e1=5.97e-03 | e2=5.98e-03 | e3=1.60e-03
26-14-21-56 #-----------------------------------------#
26-14-21-56 【Step 225 达到化学精度】indices=[3]
26-14-21-56 [Step 225] logΨ: mean=3.640-0.238j
26-14-21-56 梯度监控 | raw=17.2977 | natural=0.2624 | clipped=0.2624(上限20.0) | t_grad=0ms t_qgt=4ms
26-14-21-56 冻结状态 | frozen_set=[3] | P_a/P=831/1108 | QGT=690561 | 本轮实际训练参数=831
26-14-21-56 Ψ矩阵条件数 cond(Ψ) = 2.56e+01 | 累计|g| = 10.7456
26-14-21-56 Loss=-3.194815 | E0=-1.04508762 | E1=-0.95244699|E2=-0.66318387|E3=-0.54986252
26-14-21-56 误差(Ha): e0=9.26e-03 | e1=5.46e-03 | e2=5.77e-03 | e3=1.54e-03
26-14-21-56 #-----------------------------------------#
26-14-21-56 【Step 226 达到化学精度】indices=[3]
26-14-21-56 [Step 226] logΨ: mean=3.877+0.024j
26-14-21-56 梯度监控 | raw=2.0972 | natural=0.0359 | clipped=0.0359(上限20.0) | t_grad=1ms t_qgt=4ms
26-14-21-56 冻结状态 | frozen_set=[3] | P_a/P=831/1108 | QGT=690561 | 本轮实际训练参数=831
26-14-21-56 Ψ矩阵条件数 cond(Ψ) = 2.91e+01 | 累计|g| = 10.7456
26-14-21-56 Loss=-3.195642 | E0=-1.04509903 | E1=-0.95202978|E2=-0.66258523|E3=-0.54992810
26-14-21-56 误差(Ha): e0=9.25e-03 | e1=5.88e-03 | e2=6.37e-03 | e3=1.47e-03
26-14-21-56 #-----------------------------------------#
26-14-21-56 【Step 227 达到化学精度】indices=[3]
26-14-21-56 [Step 227] logΨ: mean=3.923-0.202j
26-14-21-56 梯度监控 | raw=4.2881 | natural=0.3742 | clipped=0.3742(上限20.0) | t_grad=1ms t_qgt=2ms
26-14-21-56 冻结状态 | frozen_set=[3] | P_a/P=831/1108 | QGT=690561 | 本轮实际训练参数=831
26-14-21-56 Ψ矩阵条件数 cond(Ψ) = 2.86e+01 | 累计|g| = 10.7456
26-14-21-56 Loss=-3.217041 | E0=-1.04500011 | E1=-0.95225670|E2=-0.66247326|E3=-0.55171597
26-14-21-56 误差(Ha): e0=9.35e-03 | e1=5.65e-03 | e2=6.48e-03 | e3=3.14e-04
26-14-21-56 #-----------------------------------------#
26-14-21-56 【Step 228 达到化学精度】indices=[3]
26-14-21-56 【Step 228 触发了冻结事件】indices=[3]
26-14-21-56 [Step 228] logΨ: mean=3.905-0.237j
26-14-21-56 梯度监控 | raw=5.9046 | natural=0.0575 | clipped=0.0575(上限20.0) | t_grad=0ms t_qgt=3ms
26-14-21-56 冻结状态 | frozen_set=[3] | P_a/P=831/1108 | QGT=690561 | 本轮实际训练参数=831
26-14-21-56 Ψ矩阵条件数 cond(Ψ) = 2.41e+01 | 累计|g| = 10.7456
26-14-21-56 Loss=-3.209646 | E0=-1.04522385 | E1=-0.95241498|E2=-0.66273598|E3=-0.55247244
26-14-21-56 误差(Ha): e0=9.12e-03 | e1=5.49e-03 | e2=6.22e-03 | e3=1.07e-03
26-14-21-56 #-----------------------------------------#
26-14-21-56 [Step 229] logΨ: mean=3.532+0.201j
26-14-21-56 梯度监控 | raw=2.8787 | natural=0.2783 | clipped=0.2783(上限20.0) | t_grad=0ms t_qgt=2ms
26-14-21-56 冻结状态 | frozen_set=[3] | P_a/P=831/1108 | QGT=690561 | 本轮实际训练参数=831
26-14-21-56 Ψ矩阵条件数 cond(Ψ) = 2.83e+01 | 累计|g| = 10.7456
26-14-21-56 Loss=-3.221700 | E0=-1.04510720 | E1=-0.95277836|E2=-0.66371355|E3=-0.54930696
26-14-21-56 误差(Ha): e0=9.24e-03 | e1=5.13e-03 | e2=5.24e-03 | e3=2.09e-03
26-14-21-56 #-----------------------------------------#
26-14-21-56 [GaugeReset@230] 吸收 Δg = Σ Re(col_mean) = +19.6152 | 新|g| = 10.5008
26-14-21-56 【Step 230 达到化学精度】indices=[3]
26-14-21-56 [Step 230] logΨ: mean=4.136-0.085j
26-14-21-56 梯度监控 | raw=0.3381 | natural=0.0779 | clipped=0.0779(上限20.0) | t_grad=0ms t_qgt=3ms
26-14-21-56 冻结状态 | frozen_set=[3] | P_a/P=831/1108 | QGT=690561 | 本轮实际训练参数=831
26-14-21-56 Ψ矩阵条件数 cond(Ψ) = 3.07e+01 | 累计|g| = 10.5008
26-14-21-56 Loss=-3.210975 | E0=-1.04522556 | E1=-0.95255102|E2=-0.66354595|E3=-0.55034541
26-14-21-56 误差(Ha): e0=9.12e-03 | e1=5.35e-03 | e2=5.41e-03 | e3=1.06e-03
26-14-21-56 #-----------------------------------------#
26-14-21-56 [Step 231] logΨ: mean=5.828-0.678j
26-14-21-56 梯度监控 | raw=10.2515 | natural=0.9075 | clipped=0.9075(上限20.0) | t_grad=1ms t_qgt=3ms
26-14-21-56 冻结状态 | frozen_set=[3] | P_a/P=831/1108 | QGT=690561 | 本轮实际训练参数=831
26-14-21-56 Ψ矩阵条件数 cond(Ψ) = 2.48e+01 | 累计|g| = 10.5008
26-14-21-56 Loss=-3.152872 | E0=-1.04605994 | E1=-0.94836265|E2=-0.67142394|E3=-0.53933210
26-14-21-56 误差(Ha): e0=8.29e-03 | e1=9.54e-03 | e2=2.47e-03 | e3=1.21e-02
26-14-21-56 #-----------------------------------------#
26-14-21-56 [Step 232] logΨ: mean=5.560-0.999j
26-14-21-56 梯度监控 | raw=146.1245 | natural=0.1923 | clipped=0.1923(上限20.0) | t_grad=0ms t_qgt=3ms
26-14-21-56 冻结状态 | frozen_set=[3] | P_a/P=831/1108 | QGT=690561 | 本轮实际训练参数=831
26-14-21-56 Ψ矩阵条件数 cond(Ψ) = 4.55e+01 | 累计|g| = 10.5008
26-14-21-56 Loss=-2.958491 | E0=-1.04423260 | E1=-0.94836904|E2=-0.66677162|E3=-0.51994103
26-14-21-56 误差(Ha): e0=1.01e-02 | e1=9.54e-03 | e2=2.18e-03 | e3=3.15e-02
26-14-21-56 #-----------------------------------------#
26-14-21-56 [Step 233] logΨ: mean=5.558-0.985j
26-14-21-56 梯度监控 | raw=118.6368 | natural=0.0742 | clipped=0.0742(上限20.0) | t_grad=0ms t_qgt=4ms
26-14-21-56 冻结状态 | frozen_set=[3] | P_a/P=831/1108 | QGT=690561 | 本轮实际训练参数=831
26-14-21-56 Ψ矩阵条件数 cond(Ψ) = 1.97e+01 | 累计|g| = 10.5008
26-14-21-56 Loss=-2.984563 | E0=-1.04469311 | E1=-0.94841958|E2=-0.66592759|E3=-0.52797023
26-14-21-56 误差(Ha): e0=9.65e-03 | e1=9.49e-03 | e2=3.02e-03 | e3=2.34e-02
26-14-21-56 #-----------------------------------------#
26-14-21-56 [Step 234] logΨ: mean=5.749-1.251j
26-14-21-56 梯度监控 | raw=42.3827 | natural=0.0619 | clipped=0.0619(上限20.0) | t_grad=1ms t_qgt=5ms
26-14-21-56 冻结状态 | frozen_set=[3] | P_a/P=831/1108 | QGT=690561 | 本轮实际训练参数=831
26-14-21-56 Ψ矩阵条件数 cond(Ψ) = 2.25e+01 | 累计|g| = 10.5008
26-14-21-56 Loss=-3.134704 | E0=-1.04554689 | E1=-0.94863691|E2=-0.66580381|E3=-0.54155782
26-14-21-56 误差(Ha): e0=8.80e-03 | e1=9.27e-03 | e2=3.15e-03 | e3=9.84e-03
26-14-21-56 #-----------------------------------------#
26-14-21-56 [Step 235] logΨ: mean=5.678-1.364j
26-14-21-56 梯度监控 | raw=34.6570 | natural=0.2910 | clipped=0.2910(上限20.0) | t_grad=1ms t_qgt=6ms
26-14-21-56 冻结状态 | frozen_set=[3] | P_a/P=831/1108 | QGT=690561 | 本轮实际训练参数=831
26-14-21-56 Ψ矩阵条件数 cond(Ψ) = 1.60e+01 | 累计|g| = 10.5008
26-14-21-56 Loss=-3.154726 | E0=-1.04587135 | E1=-0.94920028|E2=-0.66503501|E3=-0.54431061
26-14-21-56 误差(Ha): e0=8.48e-03 | e1=8.71e-03 | e2=3.92e-03 | e3=7.09e-03
26-14-21-56 #-----------------------------------------#
26-14-21-56 [Step 236] logΨ: mean=5.490-0.910j
26-14-21-56 梯度监控 | raw=49.2468 | natural=0.1112 | clipped=0.1112(上限20.0) | t_grad=0ms t_qgt=2ms
26-14-21-56 冻结状态 | frozen_set=[3] | P_a/P=831/1108 | QGT=690561 | 本轮实际训练参数=831
26-14-21-56 Ψ矩阵条件数 cond(Ψ) = 1.62e+01 | 累计|g| = 10.5008
26-14-21-56 Loss=-3.122943 | E0=-1.04583161 | E1=-0.94949210|E2=-0.66463085|E3=-0.54419719
26-14-21-56 误差(Ha): e0=8.52e-03 | e1=8.41e-03 | e2=4.32e-03 | e3=7.20e-03
26-14-21-56 #-----------------------------------------#
26-14-21-56 [Step 237] logΨ: mean=5.383-1.457j
26-14-21-56 梯度监控 | raw=35.5553 | natural=0.1800 | clipped=0.1800(上限20.0) | t_grad=0ms t_qgt=1ms
26-14-21-56 冻结状态 | frozen_set=[3] | P_a/P=831/1108 | QGT=690561 | 本轮实际训练参数=831
26-14-21-56 Ψ矩阵条件数 cond(Ψ) = 1.73e+01 | 累计|g| = 10.5008
26-14-21-56 Loss=-3.135701 | E0=-1.04577836 | E1=-0.94911539|E2=-0.66364644|E3=-0.54521949
26-14-21-56 误差(Ha): e0=8.57e-03 | e1=8.79e-03 | e2=5.31e-03 | e3=6.18e-03
26-14-21-56 #-----------------------------------------#
26-14-21-56 [Step 238] logΨ: mean=5.360-1.660j
26-14-21-56 梯度监控 | raw=2.0407 | natural=0.0557 | clipped=0.0557(上限20.0) | t_grad=1ms t_qgt=2ms
26-14-21-56 冻结状态 | frozen_set=[3] | P_a/P=831/1108 | QGT=690561 | 本轮实际训练参数=831
26-14-21-56 Ψ矩阵条件数 cond(Ψ) = 1.87e+01 | 累计|g| = 10.5008
26-14-21-56 Loss=-3.200638 | E0=-1.04568038 | E1=-0.94981852|E2=-0.66333261|E3=-0.54651455
26-14-21-56 误差(Ha): e0=8.67e-03 | e1=8.09e-03 | e2=5.62e-03 | e3=4.89e-03
26-14-21-56 #-----------------------------------------#
26-14-21-56 [Step 239] logΨ: mean=5.309-1.272j
26-14-21-56 梯度监控 | raw=6.1206 | natural=0.1304 | clipped=0.1304(上限20.0) | t_grad=0ms t_qgt=3ms
26-14-21-56 冻结状态 | frozen_set=[3] | P_a/P=831/1108 | QGT=690561 | 本轮实际训练参数=831
26-14-21-56 Ψ矩阵条件数 cond(Ψ) = 3.35e+01 | 累计|g| = 10.5008
26-14-21-56 Loss=-3.197350 | E0=-1.04559783 | E1=-0.95008781|E2=-0.66235559|E3=-0.54725278
26-14-21-56 误差(Ha): e0=8.75e-03 | e1=7.82e-03 | e2=6.60e-03 | e3=4.15e-03
26-14-21-56 #-----------------------------------------#
26-14-21-56 [保存] Step 239 → pickle 已更新 (240 条记录)
26-14-21-56 [GaugeReset@240] 吸收 Δg = Σ Re(col_mean) = +20.3138 | 新|g| = 10.8303
26-14-21-56 [Step 240] logΨ: mean=4.400-0.136j
26-14-21-56 梯度监控 | raw=10.8155 | natural=0.1369 | clipped=0.1369(上限20.0) | t_grad=0ms t_qgt=4ms
26-14-21-56 冻结状态 | frozen_set=[3] | P_a/P=831/1108 | QGT=690561 | 本轮实际训练参数=831
26-14-21-56 Ψ矩阵条件数 cond(Ψ) = 2.25e+01 | 累计|g| = 10.8303
26-14-21-56 Loss=-3.179672 | E0=-1.04563393 | E1=-0.95000426|E2=-0.66212439|E3=-0.54681311
26-14-21-56 误差(Ha): e0=8.71e-03 | e1=7.90e-03 | e2=6.83e-03 | e3=4.59e-03
26-14-21-56 #-----------------------------------------#
26-14-21-56 [Step 241] logΨ: mean=4.531+0.195j
26-14-21-56 梯度监控 | raw=8.5293 | natural=0.0907 | clipped=0.0907(上限20.0) | t_grad=1ms t_qgt=2ms
26-14-21-56 冻结状态 | frozen_set=[3] | P_a/P=831/1108 | QGT=690561 | 本轮实际训练参数=831
26-14-21-56 Ψ矩阵条件数 cond(Ψ) = 2.17e+01 | 累计|g| = 10.8303
26-14-21-56 Loss=-3.196330 | E0=-1.04569216 | E1=-0.95033403|E2=-0.66166903|E3=-0.54687492
26-14-21-56 误差(Ha): e0=8.66e-03 | e1=7.57e-03 | e2=7.28e-03 | e3=4.53e-03
26-14-21-56 #-----------------------------------------#
26-14-21-56 [Step 242] logΨ: mean=4.665+0.465j
26-14-21-56 梯度监控 | raw=5.0647 | natural=0.1065 | clipped=0.1065(上限20.0) | t_grad=0ms t_qgt=2ms
26-14-21-56 冻结状态 | frozen_set=[3] | P_a/P=831/1108 | QGT=690561 | 本轮实际训练参数=831
26-14-21-56 Ψ矩阵条件数 cond(Ψ) = 2.00e+01 | 累计|g| = 10.8303
26-14-21-56 Loss=-3.199703 | E0=-1.04566445 | E1=-0.95082109|E2=-0.66144725|E3=-0.54713827
26-14-21-56 误差(Ha): e0=8.68e-03 | e1=7.08e-03 | e2=7.51e-03 | e3=4.26e-03
26-14-21-56 #-----------------------------------------#
26-14-21-56 [Step 243] logΨ: mean=4.426+0.416j
26-14-21-56 梯度监控 | raw=3.8049 | natural=0.0799 | clipped=0.0799(上限20.0) | t_grad=1ms t_qgt=4ms
26-14-21-56 冻结状态 | frozen_set=[3] | P_a/P=831/1108 | QGT=690561 | 本轮实际训练参数=831
26-14-21-56 Ψ矩阵条件数 cond(Ψ) = 3.31e+01 | 累计|g| = 10.8303
26-14-21-56 Loss=-3.208784 | E0=-1.04562544 | E1=-0.95116483|E2=-0.66207517|E3=-0.54734864
26-14-21-56 误差(Ha): e0=8.72e-03 | e1=6.74e-03 | e2=6.88e-03 | e3=4.05e-03
26-14-21-56 #-----------------------------------------#
26-14-21-56 [Step 244] logΨ: mean=4.346+1.149j
26-14-21-56 梯度监控 | raw=2.4257 | natural=0.1067 | clipped=0.1067(上限20.0) | t_grad=1ms t_qgt=3ms
26-14-21-56 冻结状态 | frozen_set=[3] | P_a/P=831/1108 | QGT=690561 | 本轮实际训练参数=831
26-14-21-56 Ψ矩阵条件数 cond(Ψ) = 2.38e+01 | 累计|g| = 10.8303
26-14-21-56 Loss=-3.207202 | E0=-1.04557310 | E1=-0.95126315|E2=-0.66177364|E3=-0.54792546
26-14-21-56 误差(Ha): e0=8.77e-03 | e1=6.64e-03 | e2=7.18e-03 | e3=3.48e-03
26-14-21-56 #-----------------------------------------#
26-14-21-56 [Step 245] logΨ: mean=4.105+1.149j
26-14-21-56 梯度监控 | raw=4.0767 | natural=0.0749 | clipped=0.0749(上限20.0) | t_grad=0ms t_qgt=4ms
26-14-21-56 冻结状态 | frozen_set=[3] | P_a/P=831/1108 | QGT=690561 | 本轮实际训练参数=831
26-14-21-56 Ψ矩阵条件数 cond(Ψ) = 2.44e+01 | 累计|g| = 10.8303
26-14-21-56 Loss=-3.203606 | E0=-1.04557457 | E1=-0.95156276|E2=-0.66191263|E3=-0.54799516
26-14-21-56 误差(Ha): e0=8.77e-03 | e1=6.34e-03 | e2=7.04e-03 | e3=3.41e-03
26-14-21-56 #-----------------------------------------#
26-14-21-56 [Step 246] logΨ: mean=4.178+0.961j
26-14-21-56 梯度监控 | raw=2.2934 | natural=0.0905 | clipped=0.0905(上限20.0) | t_grad=0ms t_qgt=3ms
26-14-21-56 冻结状态 | frozen_set=[3] | P_a/P=831/1108 | QGT=690561 | 本轮实际训练参数=831
26-14-21-56 Ψ矩阵条件数 cond(Ψ) = 2.96e+01 | 累计|g| = 10.8303
26-14-21-56 Loss=-3.204762 | E0=-1.04553468 | E1=-0.95163931|E2=-0.66141111|E3=-0.54873562
26-14-21-56 误差(Ha): e0=8.81e-03 | e1=6.27e-03 | e2=7.54e-03 | e3=2.67e-03
26-14-21-56 #-----------------------------------------#
26-14-21-56 [Step 247] logΨ: mean=4.128+0.643j
26-14-21-56 梯度监控 | raw=0.8220 | natural=0.0739 | clipped=0.0739(上限20.0) | t_grad=1ms t_qgt=3ms
26-14-21-56 冻结状态 | frozen_set=[3] | P_a/P=831/1108 | QGT=690561 | 本轮实际训练参数=831
26-14-21-56 Ψ矩阵条件数 cond(Ψ) = 3.41e+01 | 累计|g| = 10.8303
26-14-21-56 Loss=-3.208203 | E0=-1.04536344 | E1=-0.95171845|E2=-0.66121217|E3=-0.54920500
26-14-21-56 误差(Ha): e0=8.98e-03 | e1=6.19e-03 | e2=7.74e-03 | e3=2.20e-03
26-14-21-56 #-----------------------------------------#
26-14-21-56 [Step 248] logΨ: mean=3.943+0.736j
26-14-21-56 梯度监控 | raw=7.3794 | natural=0.0730 | clipped=0.0730(上限20.0) | t_grad=1ms t_qgt=2ms
26-14-21-56 冻结状态 | frozen_set=[3] | P_a/P=831/1108 | QGT=690561 | 本轮实际训练参数=831
26-14-21-56 Ψ矩阵条件数 cond(Ψ) = 3.36e+01 | 累计|g| = 10.8303
26-14-21-56 Loss=-3.199275 | E0=-1.04535920 | E1=-0.95194655|E2=-0.66120048|E3=-0.54935717
26-14-21-56 误差(Ha): e0=8.99e-03 | e1=5.96e-03 | e2=7.75e-03 | e3=2.04e-03
26-14-21-56 #-----------------------------------------#
26-14-21-56 [Step 249] logΨ: mean=4.003+0.451j
26-14-21-56 梯度监控 | raw=1.4468 | natural=0.0192 | clipped=0.0192(上限20.0) | t_grad=1ms t_qgt=3ms
26-14-21-56 冻结状态 | frozen_set=[3] | P_a/P=831/1108 | QGT=690561 | 本轮实际训练参数=831
26-14-21-56 Ψ矩阵条件数 cond(Ψ) = 3.54e+01 | 累计|g| = 10.8303
26-14-21-56 Loss=-3.204702 | E0=-1.04534812 | E1=-0.95193402|E2=-0.66102471|E3=-0.54939352
26-14-21-56 误差(Ha): e0=9.00e-03 | e1=5.97e-03 | e2=7.93e-03 | e3=2.01e-03
26-14-21-56 #-----------------------------------------#
26-14-21-56 [GaugeReset@250] 吸收 Δg = Σ Re(col_mean) = +20.1815 | 新|g| = 10.7874
26-14-21-56 [Step 250] logΨ: mean=4.145-0.227j
26-14-21-56 梯度监控 | raw=5.2514 | natural=0.0916 | clipped=0.0916(上限20.0) | t_grad=0ms t_qgt=3ms
26-14-21-56 冻结状态 | frozen_set=[3] | P_a/P=831/1108 | QGT=690561 | 本轮实际训练参数=831
26-14-21-56 Ψ矩阵条件数 cond(Ψ) = 2.05e+01 | 累计|g| = 10.7874
26-14-21-56 Loss=-3.200358 | E0=-1.04532091 | E1=-0.95172098|E2=-0.66071380|E3=-0.54928717
26-14-21-56 误差(Ha): e0=9.03e-03 | e1=6.18e-03 | e2=8.24e-03 | e3=2.11e-03
26-14-21-56 #-----------------------------------------#
26-14-21-56 [Step 251] logΨ: mean=4.135-0.002j
26-14-21-56 梯度监控 | raw=2.9409 | natural=0.0186 | clipped=0.0186(上限20.0) | t_grad=1ms t_qgt=4ms
26-14-21-56 冻结状态 | frozen_set=[3] | P_a/P=831/1108 | QGT=690561 | 本轮实际训练参数=831
26-14-21-56 Ψ矩阵条件数 cond(Ψ) = 3.51e+01 | 累计|g| = 10.7874
26-14-21-56 Loss=-3.207613 | E0=-1.04527571 | E1=-0.95166805|E2=-0.66060946|E3=-0.54926508
26-14-21-56 误差(Ha): e0=9.07e-03 | e1=6.24e-03 | e2=8.34e-03 | e3=2.14e-03
26-14-21-56 #-----------------------------------------#
26-14-21-56 【Step 252 达到化学精度】indices=[3]
26-14-21-56 [Step 252] logΨ: mean=4.215-0.202j
26-14-21-56 梯度监控 | raw=3.3591 | natural=0.0697 | clipped=0.0697(上限20.0) | t_grad=0ms t_qgt=2ms
26-14-21-56 冻结状态 | frozen_set=[3] | P_a/P=831/1108 | QGT=690561 | 本轮实际训练参数=831
26-14-21-56 Ψ矩阵条件数 cond(Ψ) = 3.91e+01 | 累计|g| = 10.7874
26-14-21-56 Loss=-3.212232 | E0=-1.04534840 | E1=-0.95145514|E2=-0.66038199|E3=-0.54989889
26-14-21-56 误差(Ha): e0=9.00e-03 | e1=6.45e-03 | e2=8.57e-03 | e3=1.50e-03
26-14-21-56 #-----------------------------------------#
26-14-21-56 【Step 253 达到化学精度】indices=[3]
26-14-21-56 [Step 253] logΨ: mean=4.248-0.358j
26-14-21-56 梯度监控 | raw=1.1452 | natural=0.0202 | clipped=0.0202(上限20.0) | t_grad=1ms t_qgt=4ms
26-14-21-56 冻结状态 | frozen_set=[3] | P_a/P=831/1108 | QGT=690561 | 本轮实际训练参数=831
26-14-21-56 Ψ矩阵条件数 cond(Ψ) = 4.07e+01 | 累计|g| = 10.7874
26-14-21-56 Loss=-3.206714 | E0=-1.04542808 | E1=-0.95134677|E2=-0.66036512|E3=-0.55026901
26-14-21-56 误差(Ha): e0=8.92e-03 | e1=6.56e-03 | e2=8.59e-03 | e3=1.13e-03
26-14-21-56 #-----------------------------------------#
26-14-21-56 【Step 254 达到化学精度】indices=[3]
26-14-21-56 [Step 254] logΨ: mean=3.895+0.016j
26-14-21-56 梯度监控 | raw=2.0518 | natural=0.1782 | clipped=0.1782(上限20.0) | t_grad=1ms t_qgt=3ms
26-14-21-56 冻结状态 | frozen_set=[3] | P_a/P=831/1108 | QGT=690561 | 本轮实际训练参数=831
26-14-21-56 Ψ矩阵条件数 cond(Ψ) = 3.39e+01 | 累计|g| = 10.7874
26-14-21-56 Loss=-3.206053 | E0=-1.04540346 | E1=-0.95154168|E2=-0.66124678|E3=-0.55010487
26-14-21-56 误差(Ha): e0=8.94e-03 | e1=6.36e-03 | e2=7.71e-03 | e3=1.30e-03
26-14-21-56 #-----------------------------------------#
26-14-21-56 【Step 255 达到化学精度】indices=[3]
26-14-21-56 【Step 255 触发了冻结事件】indices=[3]
26-14-21-56 [Step 255] logΨ: mean=4.214+0.012j
26-14-21-56 梯度监控 | raw=10.2413 | natural=0.3476 | clipped=0.3476(上限20.0) | t_grad=0ms t_qgt=4ms
26-14-21-56 冻结状态 | frozen_set=[3] | P_a/P=831/1108 | QGT=690561 | 本轮实际训练参数=831
26-14-21-56 Ψ矩阵条件数 cond(Ψ) = 2.66e+01 | 累计|g| = 10.7874
26-14-21-56 Loss=-3.211391 | E0=-1.04544692 | E1=-0.95140187|E2=-0.66176186|E3=-0.55120286
26-14-21-56 误差(Ha): e0=8.90e-03 | e1=6.50e-03 | e2=7.19e-03 | e3=1.99e-04
26-14-21-56 #-----------------------------------------#
26-14-21-56 【Step 256 达到化学精度】indices=[3]
26-14-21-56 [Step 256] logΨ: mean=4.215+0.255j
26-14-21-56 梯度监控 | raw=8.8064 | natural=0.0123 | clipped=0.0123(上限20.0) | t_grad=0ms t_qgt=3ms
26-14-21-56 冻结状态 | frozen_set=[3] | P_a/P=831/1108 | QGT=690561 | 本轮实际训练参数=831
26-14-21-56 Ψ矩阵条件数 cond(Ψ) = 2.81e+01 | 累计|g| = 10.7874
26-14-21-56 Loss=-3.203217 | E0=-1.04545845 | E1=-0.95136680|E2=-0.66152631|E3=-0.55116434
26-14-21-56 误差(Ha): e0=8.89e-03 | e1=6.54e-03 | e2=7.43e-03 | e3=2.38e-04
26-14-21-56 #-----------------------------------------#
26-14-21-56 【Step 257 达到化学精度】indices=[3]
26-14-21-56 [Step 257] logΨ: mean=4.342+0.532j
26-14-21-56 梯度监控 | raw=1.5265 | natural=0.0474 | clipped=0.0474(上限20.0) | t_grad=1ms t_qgt=4ms
26-14-21-56 冻结状态 | frozen_set=[3] | P_a/P=831/1108 | QGT=690561 | 本轮实际训练参数=831
26-14-21-56 Ψ矩阵条件数 cond(Ψ) = 3.08e+01 | 累计|g| = 10.7874
26-14-21-56 Loss=-3.205350 | E0=-1.04535262 | E1=-0.95128371|E2=-0.66139932|E3=-0.55110187
26-14-21-56 误差(Ha): e0=8.99e-03 | e1=6.62e-03 | e2=7.55e-03 | e3=3.00e-04
26-14-21-56 #-----------------------------------------#
26-14-21-56 【Step 258 达到化学精度】indices=[3]
26-14-21-56 [Step 258] logΨ: mean=4.103+0.590j
26-14-21-56 梯度监控 | raw=10.3116 | natural=0.1793 | clipped=0.1793(上限20.0) | t_grad=1ms t_qgt=3ms
26-14-21-56 冻结状态 | frozen_set=[3] | P_a/P=831/1108 | QGT=690561 | 本轮实际训练参数=831
26-14-21-56 Ψ矩阵条件数 cond(Ψ) = 2.50e+01 | 累计|g| = 10.7874
26-14-21-56 Loss=-3.203928 | E0=-1.04542300 | E1=-0.95149809|E2=-0.66138887|E3=-0.55092842
26-14-21-56 误差(Ha): e0=8.92e-03 | e1=6.41e-03 | e2=7.56e-03 | e3=4.74e-04
26-14-21-56 #-----------------------------------------#
26-14-21-56 【Step 259 达到化学精度】indices=[3]
26-14-21-56 [Step 259] logΨ: mean=4.180+0.555j
26-14-21-56 梯度监控 | raw=1.6664 | natural=0.0377 | clipped=0.0377(上限20.0) | t_grad=1ms t_qgt=1ms
26-14-21-56 冻结状态 | frozen_set=[3] | P_a/P=831/1108 | QGT=690561 | 本轮实际训练参数=831
26-14-21-56 Ψ矩阵条件数 cond(Ψ) = 2.38e+01 | 累计|g| = 10.7874
26-14-21-56 Loss=-3.207967 | E0=-1.04534762 | E1=-0.95180696|E2=-0.66112889|E3=-0.55125344
26-14-21-56 误差(Ha): e0=9.00e-03 | e1=6.10e-03 | e2=7.82e-03 | e3=1.48e-04
26-14-21-56 #-----------------------------------------#
26-14-21-56 [保存] Step 259 → pickle 已更新 (260 条记录)
26-14-21-56 [GaugeReset@260] 吸收 Δg = Σ Re(col_mean) = +20.1931 | 新|g| = 10.7821
26-14-21-56 【Step 260 达到化学精度】indices=[3]
26-14-21-56 【Step 260 触发了冻结事件】indices=[3]
26-14-21-56 [Step 260] logΨ: mean=4.167+0.358j
26-14-21-56 梯度监控 | raw=1.6115 | natural=0.0716 | clipped=0.0716(上限20.0) | t_grad=0ms t_qgt=3ms
26-14-21-56 冻结状态 | frozen_set=[3] | P_a/P=831/1108 | QGT=690561 | 本轮实际训练参数=831
26-14-21-56 Ψ矩阵条件数 cond(Ψ) = 2.99e+01 | 累计|g| = 10.7821
26-14-21-56 Loss=-3.205147 | E0=-1.04539479 | E1=-0.95159073|E2=-0.66097486|E3=-0.55110613
26-14-21-56 误差(Ha): e0=8.95e-03 | e1=6.32e-03 | e2=7.98e-03 | e3=2.96e-04
26-14-21-56 #-----------------------------------------#
26-14-21-56 【Step 261 达到化学精度】indices=[3]
26-14-21-56 [Step 261] logΨ: mean=4.017+0.486j
26-14-21-56 梯度监控 | raw=4.8367 | natural=0.1776 | clipped=0.1776(上限20.0) | t_grad=1ms t_qgt=2ms
26-14-21-56 冻结状态 | frozen_set=[3] | P_a/P=831/1108 | QGT=690561 | 本轮实际训练参数=831
26-14-21-56 Ψ矩阵条件数 cond(Ψ) = 2.72e+01 | 累计|g| = 10.7821
26-14-21-56 Loss=-3.208682 | E0=-1.04544346 | E1=-0.95164115|E2=-0.66131666|E3=-0.55086548
26-14-21-56 误差(Ha): e0=8.90e-03 | e1=6.26e-03 | e2=7.64e-03 | e3=5.36e-04
26-14-21-56 #-----------------------------------------#
26-14-21-56 【Step 262 达到化学精度】indices=[3]
26-14-21-56 [Step 262] logΨ: mean=3.816+0.577j
26-14-21-56 梯度监控 | raw=4.7433 | natural=0.0936 | clipped=0.0936(上限20.0) | t_grad=2ms t_qgt=2ms
26-14-21-56 冻结状态 | frozen_set=[3] | P_a/P=831/1108 | QGT=690561 | 本轮实际训练参数=831
26-14-21-56 Ψ矩阵条件数 cond(Ψ) = 2.78e+01 | 累计|g| = 10.7821
26-14-21-56 Loss=-3.200887 | E0=-1.04553270 | E1=-0.95186641|E2=-0.66119513|E3=-0.55073348
26-14-21-56 误差(Ha): e0=8.81e-03 | e1=6.04e-03 | e2=7.76e-03 | e3=6.68e-04
26-14-21-56 #-----------------------------------------#
26-14-21-56 【Step 263 达到化学精度】indices=[3]
26-14-21-56 [Step 263] logΨ: mean=4.167+0.234j
26-14-21-56 梯度监控 | raw=1.8232 | natural=0.0200 | clipped=0.0200(上限20.0) | t_grad=0ms t_qgt=4ms
26-14-21-56 冻结状态 | frozen_set=[3] | P_a/P=831/1108 | QGT=690561 | 本轮实际训练参数=831
26-14-21-56 Ψ矩阵条件数 cond(Ψ) = 3.09e+01 | 累计|g| = 10.7821
26-14-21-56 Loss=-3.204608 | E0=-1.04529527 | E1=-0.95167756|E2=-0.66124309|E3=-0.55097549
26-14-21-56 误差(Ha): e0=9.05e-03 | e1=6.23e-03 | e2=7.71e-03 | e3=4.26e-04
26-14-21-56 #-----------------------------------------#
26-14-21-56 【Step 264 达到化学精度】indices=[3]
26-14-21-56 [Step 264] logΨ: mean=4.276+0.346j
26-14-21-56 梯度监控 | raw=6.8305 | natural=0.0364 | clipped=0.0364(上限20.0) | t_grad=1ms t_qgt=5ms
26-14-21-56 冻结状态 | frozen_set=[3] | P_a/P=831/1108 | QGT=690561 | 本轮实际训练参数=831
26-14-21-56 Ψ矩阵条件数 cond(Ψ) = 3.20e+01 | 累计|g| = 10.7821
26-14-21-56 Loss=-3.205346 | E0=-1.04513847 | E1=-0.95181454|E2=-0.66091738|E3=-0.54982164
26-14-21-56 误差(Ha): e0=9.21e-03 | e1=6.09e-03 | e2=8.03e-03 | e3=1.58e-03
26-14-21-56 #-----------------------------------------#
26-14-21-56 【Step 265 达到化学精度】indices=[3]
26-14-21-56 【Step 265 触发了冻结事件】indices=[3]
26-14-21-56 [Step 265] logΨ: mean=4.227+0.591j
26-14-21-56 梯度监控 | raw=4.8727 | natural=0.0461 | clipped=0.0461(上限20.0) | t_grad=1ms t_qgt=4ms
26-14-21-56 冻结状态 | frozen_set=[3] | P_a/P=831/1108 | QGT=690561 | 本轮实际训练参数=831
26-14-21-56 Ψ矩阵条件数 cond(Ψ) = 3.02e+01 | 累计|g| = 10.7821
26-14-21-56 Loss=-3.219136 | E0=-1.04511572 | E1=-0.95184775|E2=-0.66119577|E3=-0.55001654
26-14-21-56 误差(Ha): e0=9.23e-03 | e1=6.06e-03 | e2=7.76e-03 | e3=1.39e-03
26-14-21-56 #-----------------------------------------#
26-14-21-56 【Step 266 达到化学精度】indices=[3]
26-14-21-56 [Step 266] logΨ: mean=4.237+0.565j
26-14-21-56 梯度监控 | raw=1.5338 | natural=0.1567 | clipped=0.1567(上限20.0) | t_grad=0ms t_qgt=3ms
26-14-21-56 冻结状态 | frozen_set=[3] | P_a/P=831/1108 | QGT=690561 | 本轮实际训练参数=831
26-14-21-56 Ψ矩阵条件数 cond(Ψ) = 3.07e+01 | 累计|g| = 10.7821
26-14-21-56 Loss=-3.207139 | E0=-1.04508012 | E1=-0.95177123|E2=-0.66148086|E3=-0.55026107
26-14-21-56 误差(Ha): e0=9.27e-03 | e1=6.13e-03 | e2=7.47e-03 | e3=1.14e-03
26-14-21-56 #-----------------------------------------#
26-14-21-56 【Step 267 达到化学精度】indices=[3]
26-14-21-56 [Step 267] logΨ: mean=3.075+1.080j
26-14-21-56 梯度监控 | raw=7.6164 | natural=0.4669 | clipped=0.4669(上限20.0) | t_grad=0ms t_qgt=4ms
26-14-21-56 冻结状态 | frozen_set=[3] | P_a/P=831/1108 | QGT=690561 | 本轮实际训练参数=831
26-14-21-56 Ψ矩阵条件数 cond(Ψ) = 2.79e+01 | 累计|g| = 10.7821
26-14-21-56 Loss=-3.196912 | E0=-1.04526527 | E1=-0.95138805|E2=-0.66293712|E3=-0.55031358
26-14-21-56 误差(Ha): e0=9.08e-03 | e1=6.52e-03 | e2=6.02e-03 | e3=1.09e-03
26-14-21-56 #-----------------------------------------#
26-14-21-57 [Step 268] logΨ: mean=5.036+0.991j
26-14-21-57 梯度监控 | raw=3.6135 | natural=1.6203 | clipped=1.6203(上限20.0) | t_grad=1ms t_qgt=2ms
26-14-21-57 冻结状态 | frozen_set=[3] | P_a/P=831/1108 | QGT=690561 | 本轮实际训练参数=831
26-14-21-57 Ψ矩阵条件数 cond(Ψ) = 4.29e+01 | 累计|g| = 10.7821
26-14-21-57 Loss=-3.191052 | E0=-1.04475156 | E1=-0.94726249|E2=-0.66208191|E3=-0.53778727
26-14-21-57 误差(Ha): e0=9.60e-03 | e1=1.06e-02 | e2=6.87e-03 | e3=1.36e-02
26-14-21-57 #-----------------------------------------#
26-14-21-57 [Step 269] logΨ: mean=4.788+0.594j
26-14-21-57 梯度监控 | raw=8.1303 | natural=0.1807 | clipped=0.1807(上限20.0) | t_grad=1ms t_qgt=3ms
26-14-21-57 冻结状态 | frozen_set=[3] | P_a/P=831/1108 | QGT=690561 | 本轮实际训练参数=831
26-14-21-57 Ψ矩阵条件数 cond(Ψ) = 3.62e+01 | 累计|g| = 10.7821
26-14-21-57 Loss=-3.134532 | E0=-1.04477080 | E1=-0.94804602|E2=-0.66273140|E3=-0.53741800
26-14-21-57 误差(Ha): e0=9.58e-03 | e1=9.86e-03 | e2=6.22e-03 | e3=1.40e-02
26-14-21-57 #-----------------------------------------#
26-14-21-57 [GaugeReset@270] 吸收 Δg = Σ Re(col_mean) = +20.4338 | 新|g| = 10.9446
26-14-21-57 [Step 270] logΨ: mean=4.632+0.600j
26-14-21-57 梯度监控 | raw=1.3545 | natural=0.1325 | clipped=0.1325(上限20.0) | t_grad=0ms t_qgt=2ms
26-14-21-57 冻结状态 | frozen_set=[3] | P_a/P=831/1108 | QGT=690561 | 本轮实际训练参数=831
26-14-21-57 Ψ矩阵条件数 cond(Ψ) = 2.03e+01 | 累计|g| = 10.9446
26-14-21-57 Loss=-3.186824 | E0=-1.04462527 | E1=-0.94826574|E2=-0.66232445|E3=-0.53897114
26-14-21-57 误差(Ha): e0=9.72e-03 | e1=9.64e-03 | e2=6.63e-03 | e3=1.24e-02
26-14-21-57 #-----------------------------------------#
26-14-21-57 [Step 271] logΨ: mean=4.474+0.703j
26-14-21-57 梯度监控 | raw=2.8248 | natural=0.1303 | clipped=0.1303(上限20.0) | t_grad=0ms t_qgt=3ms
26-14-21-57 冻结状态 | frozen_set=[3] | P_a/P=831/1108 | QGT=690561 | 本轮实际训练参数=831
26-14-21-57 Ψ矩阵条件数 cond(Ψ) = 2.09e+01 | 累计|g| = 10.9446
26-14-21-57 Loss=-3.188579 | E0=-1.04461570 | E1=-0.94874954|E2=-0.66325546|E3=-0.53956781
26-14-21-57 误差(Ha): e0=9.73e-03 | e1=9.16e-03 | e2=5.70e-03 | e3=1.18e-02
26-14-21-57 #-----------------------------------------#
26-14-21-57 [Step 272] logΨ: mean=4.128+0.765j
26-14-21-57 梯度监控 | raw=2.5455 | natural=0.3373 | clipped=0.3373(上限20.0) | t_grad=1ms t_qgt=3ms
26-14-21-57 冻结状态 | frozen_set=[3] | P_a/P=831/1108 | QGT=690561 | 本轮实际训练参数=831
26-14-21-57 Ψ矩阵条件数 cond(Ψ) = 1.82e+01 | 累计|g| = 10.9446
26-14-21-57 Loss=-3.192474 | E0=-1.04458556 | E1=-0.94884228|E2=-0.66405737|E3=-0.54068006
26-14-21-57 误差(Ha): e0=9.76e-03 | e1=9.06e-03 | e2=4.89e-03 | e3=1.07e-02
26-14-21-57 #-----------------------------------------#
26-14-21-57 [Step 273] logΨ: mean=4.050+0.858j
26-14-21-57 梯度监控 | raw=3.4121 | natural=0.0620 | clipped=0.0620(上限20.0) | t_grad=1ms t_qgt=3ms
26-14-21-57 冻结状态 | frozen_set=[3] | P_a/P=831/1108 | QGT=690561 | 本轮实际训练参数=831
26-14-21-57 Ψ矩阵条件数 cond(Ψ) = 1.83e+01 | 累计|g| = 10.9446
26-14-21-57 Loss=-3.184285 | E0=-1.04458994 | E1=-0.94880834|E2=-0.66357844|E3=-0.54108200
26-14-21-57 误差(Ha): e0=9.76e-03 | e1=9.10e-03 | e2=5.37e-03 | e3=1.03e-02
26-14-21-57 #-----------------------------------------#
26-14-21-57 [Step 274] logΨ: mean=4.055+1.003j
26-14-21-57 梯度监控 | raw=1.1440 | natural=0.1157 | clipped=0.1157(上限20.0) | t_grad=1ms t_qgt=3ms
26-14-21-57 冻结状态 | frozen_set=[3] | P_a/P=831/1108 | QGT=690561 | 本轮实际训练参数=831
26-14-21-57 Ψ矩阵条件数 cond(Ψ) = 1.96e+01 | 累计|g| = 10.9446
26-14-21-57 Loss=-3.196199 | E0=-1.04451659 | E1=-0.94895504|E2=-0.66442775|E3=-0.54194820
26-14-21-57 误差(Ha): e0=9.83e-03 | e1=8.95e-03 | e2=4.52e-03 | e3=9.45e-03
26-14-21-57 #-----------------------------------------#
26-14-21-57 [Step 275] logΨ: mean=3.970+0.804j
26-14-21-57 梯度监控 | raw=2.9168 | natural=0.1380 | clipped=0.1380(上限20.0) | t_grad=0ms t_qgt=2ms
26-14-21-57 冻结状态 | frozen_set=[3] | P_a/P=831/1108 | QGT=690561 | 本轮实际训练参数=831
26-14-21-57 Ψ矩阵条件数 cond(Ψ) = 1.80e+01 | 累计|g| = 10.9446
26-14-21-57 Loss=-3.188887 | E0=-1.04447659 | E1=-0.94940505|E2=-0.66401886|E3=-0.54272257
26-14-21-57 误差(Ha): e0=9.87e-03 | e1=8.50e-03 | e2=4.93e-03 | e3=8.68e-03
26-14-21-57 #-----------------------------------------#
26-14-21-57 [Step 276] logΨ: mean=3.718+1.027j
26-14-21-57 梯度监控 | raw=5.1650 | natural=0.0995 | clipped=0.0995(上限20.0) | t_grad=0ms t_qgt=3ms
26-14-21-57 冻结状态 | frozen_set=[3] | P_a/P=831/1108 | QGT=690561 | 本轮实际训练参数=831
26-14-21-57 Ψ矩阵条件数 cond(Ψ) = 1.72e+01 | 累计|g| = 10.9446
26-14-21-57 Loss=-3.202667 | E0=-1.04444451 | E1=-0.94988217|E2=-0.66382535|E3=-0.54328519
26-14-21-57 误差(Ha): e0=9.90e-03 | e1=8.02e-03 | e2=5.13e-03 | e3=8.12e-03
26-14-21-57 #-----------------------------------------#
26-14-21-57 [Step 277] logΨ: mean=3.641+1.161j
26-14-21-57 梯度监控 | raw=2.8435 | natural=0.1860 | clipped=0.1860(上限20.0) | t_grad=1ms t_qgt=4ms
26-14-21-57 冻结状态 | frozen_set=[3] | P_a/P=831/1108 | QGT=690561 | 本轮实际训练参数=831
26-14-21-57 Ψ矩阵条件数 cond(Ψ) = 1.56e+01 | 累计|g| = 10.9446
26-14-21-57 Loss=-3.204021 | E0=-1.04440927 | E1=-0.95005573|E2=-0.66351679|E3=-0.54400574
26-14-21-57 误差(Ha): e0=9.94e-03 | e1=7.85e-03 | e2=5.44e-03 | e3=7.40e-03
26-14-21-57 #-----------------------------------------#
26-14-21-57 [Step 278] logΨ: mean=3.832+1.202j
26-14-21-57 梯度监控 | raw=1.5346 | natural=0.1123 | clipped=0.1123(上限20.0) | t_grad=1ms t_qgt=3ms
26-14-21-57 冻结状态 | frozen_set=[3] | P_a/P=831/1108 | QGT=690561 | 本轮实际训练参数=831
26-14-21-57 Ψ矩阵条件数 cond(Ψ) = 1.31e+01 | 累计|g| = 10.9446
26-14-21-57 Loss=-3.196943 | E0=-1.04444081 | E1=-0.95086835|E2=-0.66312469|E3=-0.54463926
26-14-21-57 误差(Ha): e0=9.91e-03 | e1=7.04e-03 | e2=5.83e-03 | e3=6.76e-03
26-14-21-57 #-----------------------------------------#
26-14-21-57 [Step 279] logΨ: mean=3.791+1.121j
26-14-21-57 梯度监控 | raw=1.1023 | natural=0.0796 | clipped=0.0796(上限20.0) | t_grad=0ms t_qgt=3ms
26-14-21-57 冻结状态 | frozen_set=[3] | P_a/P=831/1108 | QGT=690561 | 本轮实际训练参数=831
26-14-21-57 Ψ矩阵条件数 cond(Ψ) = 1.37e+01 | 累计|g| = 10.9446
26-14-21-57 Loss=-3.201087 | E0=-1.04449636 | E1=-0.95092896|E2=-0.66264696|E3=-0.54463856
26-14-21-57 误差(Ha): e0=9.85e-03 | e1=6.98e-03 | e2=6.31e-03 | e3=6.76e-03
26-14-21-57 #-----------------------------------------#
26-14-21-57 [保存] Step 279 → pickle 已更新 (280 条记录)
26-14-21-57 [GaugeReset@280] 吸收 Δg = Σ Re(col_mean) = +20.1786 | 新|g| = 10.8571
26-14-21-57 [Step 280] logΨ: mean=3.840+0.820j
26-14-21-57 梯度监控 | raw=0.6888 | natural=0.0349 | clipped=0.0349(上限20.0) | t_grad=3ms t_qgt=4ms
26-14-21-57 冻结状态 | frozen_set=[3] | P_a/P=831/1108 | QGT=690561 | 本轮实际训练参数=831
26-14-21-57 Ψ矩阵条件数 cond(Ψ) = 2.02e+01 | 累计|g| = 10.8571
26-14-21-57 Loss=-3.206955 | E0=-1.04443625 | E1=-0.95254354|E2=-0.66256820|E3=-0.54455843
26-14-21-57 误差(Ha): e0=9.91e-03 | e1=5.36e-03 | e2=6.38e-03 | e3=6.84e-03
26-14-21-57 #-----------------------------------------#
26-14-21-57 [Step 281] logΨ: mean=4.022+0.681j
26-14-21-57 梯度监控 | raw=1.3597 | natural=0.0879 | clipped=0.0879(上限20.0) | t_grad=0ms t_qgt=3ms
26-14-21-57 冻结状态 | frozen_set=[3] | P_a/P=831/1108 | QGT=690561 | 本轮实际训练参数=831
26-14-21-57 Ψ矩阵条件数 cond(Ψ) = 1.37e+01 | 累计|g| = 10.8571
26-14-21-57 Loss=-3.207400 | E0=-1.04441180 | E1=-0.95245590|E2=-0.66248745|E3=-0.54410438
26-14-21-57 误差(Ha): e0=9.94e-03 | e1=5.45e-03 | e2=6.46e-03 | e3=7.30e-03
26-14-21-57 #-----------------------------------------#
26-14-21-57 [Step 282] logΨ: mean=4.108+0.428j
26-14-21-57 梯度监控 | raw=3.4435 | natural=0.0981 | clipped=0.0981(上限20.0) | t_grad=0ms t_qgt=3ms
26-14-21-57 冻结状态 | frozen_set=[3] | P_a/P=831/1108 | QGT=690561 | 本轮实际训练参数=831
26-14-21-57 Ψ矩阵条件数 cond(Ψ) = 2.10e+01 | 累计|g| = 10.8571
26-14-21-57 Loss=-3.195924 | E0=-1.04443137 | E1=-0.95226937|E2=-0.66231615|E3=-0.54450489
26-14-21-57 误差(Ha): e0=9.92e-03 | e1=5.64e-03 | e2=6.64e-03 | e3=6.90e-03
26-14-21-57 #-----------------------------------------#
26-14-21-57 [Step 283] logΨ: mean=4.043+0.289j
26-14-21-57 梯度监控 | raw=1.8803 | natural=0.1843 | clipped=0.1843(上限20.0) | t_grad=1ms t_qgt=4ms
26-14-21-57 冻结状态 | frozen_set=[3] | P_a/P=831/1108 | QGT=690561 | 本轮实际训练参数=831
26-14-21-57 Ψ矩阵条件数 cond(Ψ) = 1.31e+01 | 累计|g| = 10.8571
26-14-21-57 Loss=-3.207166 | E0=-1.04439253 | E1=-0.95233662|E2=-0.66237689|E3=-0.54532807
26-14-21-57 误差(Ha): e0=9.95e-03 | e1=5.57e-03 | e2=6.58e-03 | e3=6.07e-03
26-14-21-57 #-----------------------------------------#
26-14-21-57 [Step 284] logΨ: mean=4.125+0.413j
26-14-21-57 梯度监控 | raw=3.8944 | natural=0.0539 | clipped=0.0539(上限20.0) | t_grad=0ms t_qgt=2ms
26-14-21-57 冻结状态 | frozen_set=[3] | P_a/P=831/1108 | QGT=690561 | 本轮实际训练参数=831
26-14-21-57 Ψ矩阵条件数 cond(Ψ) = 1.32e+01 | 累计|g| = 10.8571
26-14-21-57 Loss=-3.196440 | E0=-1.04435997 | E1=-0.95209369|E2=-0.66227256|E3=-0.54561754
26-14-21-57 误差(Ha): e0=9.99e-03 | e1=5.81e-03 | e2=6.68e-03 | e3=5.78e-03
26-14-21-57 #-----------------------------------------#
26-14-21-57 [Step 285] logΨ: mean=4.022+0.426j
26-14-21-57 梯度监控 | raw=3.5288 | natural=0.1284 | clipped=0.1284(上限20.0) | t_grad=0ms t_qgt=3ms
26-14-21-57 冻结状态 | frozen_set=[3] | P_a/P=831/1108 | QGT=690561 | 本轮实际训练参数=831
26-14-21-57 Ψ矩阵条件数 cond(Ψ) = 1.43e+01 | 累计|g| = 10.8571
26-14-21-57 Loss=-3.201194 | E0=-1.04447287 | E1=-0.95228298|E2=-0.66201813|E3=-0.54601840
26-14-21-57 误差(Ha): e0=9.87e-03 | e1=5.62e-03 | e2=6.93e-03 | e3=5.38e-03
26-14-21-57 #-----------------------------------------#
26-14-21-57 [Step 286] logΨ: mean=3.708+0.192j
26-14-21-57 梯度监控 | raw=4.8758 | natural=0.1666 | clipped=0.1666(上限20.0) | t_grad=0ms t_qgt=2ms
26-14-21-57 冻结状态 | frozen_set=[3] | P_a/P=831/1108 | QGT=690561 | 本轮实际训练参数=831
26-14-21-57 Ψ矩阵条件数 cond(Ψ) = 1.46e+01 | 累计|g| = 10.8571
26-14-21-57 Loss=-3.207095 | E0=-1.04446531 | E1=-0.95237435|E2=-0.66215749|E3=-0.54666004
26-14-21-57 误差(Ha): e0=9.88e-03 | e1=5.53e-03 | e2=6.79e-03 | e3=4.74e-03
26-14-21-57 #-----------------------------------------#
26-14-21-57 [Step 287] logΨ: mean=3.945+0.139j
26-14-21-57 梯度监控 | raw=1.0470 | natural=0.0411 | clipped=0.0411(上限20.0) | t_grad=0ms t_qgt=3ms
26-14-21-57 冻结状态 | frozen_set=[3] | P_a/P=831/1108 | QGT=690561 | 本轮实际训练参数=831
26-14-21-57 Ψ矩阵条件数 cond(Ψ) = 1.39e+01 | 累计|g| = 10.8571
26-14-21-57 Loss=-3.203623 | E0=-1.04443486 | E1=-0.95232629|E2=-0.66208939|E3=-0.54701627
26-14-21-57 误差(Ha): e0=9.91e-03 | e1=5.58e-03 | e2=6.86e-03 | e3=4.39e-03
26-14-21-57 #-----------------------------------------#
26-14-21-57 [Step 288] logΨ: mean=3.795+0.245j
26-14-21-57 梯度监控 | raw=4.1970 | natural=0.1234 | clipped=0.1234(上限20.0) | t_grad=1ms t_qgt=4ms
26-14-21-57 冻结状态 | frozen_set=[3] | P_a/P=831/1108 | QGT=690561 | 本轮实际训练参数=831
26-14-21-57 Ψ矩阵条件数 cond(Ψ) = 1.41e+01 | 累计|g| = 10.8571
26-14-21-57 Loss=-3.208438 | E0=-1.04452878 | E1=-0.95239538|E2=-0.66234717|E3=-0.54704808
26-14-21-57 误差(Ha): e0=9.82e-03 | e1=5.51e-03 | e2=6.61e-03 | e3=4.35e-03
26-14-21-57 #-----------------------------------------#
26-14-21-57 [Step 289] logΨ: mean=4.181+0.498j
26-14-21-57 梯度监控 | raw=2.1453 | natural=0.1190 | clipped=0.1190(上限20.0) | t_grad=1ms t_qgt=3ms
26-14-21-57 冻结状态 | frozen_set=[3] | P_a/P=831/1108 | QGT=690561 | 本轮实际训练参数=831
26-14-21-57 Ψ矩阵条件数 cond(Ψ) = 1.34e+01 | 累计|g| = 10.8571
26-14-21-57 Loss=-3.200900 | E0=-1.04444824 | E1=-0.95214628|E2=-0.66252021|E3=-0.54668983
26-14-21-57 误差(Ha): e0=9.90e-03 | e1=5.76e-03 | e2=6.43e-03 | e3=4.71e-03
26-14-21-57 #-----------------------------------------#
26-14-21-57 [GaugeReset@290] 吸收 Δg = Σ Re(col_mean) = +20.1483 | 新|g| = 10.8930
26-14-21-57 [Step 290] logΨ: mean=4.299+0.398j
26-14-21-57 梯度监控 | raw=0.2098 | natural=0.0963 | clipped=0.0963(上限20.0) | t_grad=0ms t_qgt=4ms
26-14-21-57 冻结状态 | frozen_set=[3] | P_a/P=831/1108 | QGT=690561 | 本轮实际训练参数=831
26-14-21-57 Ψ矩阵条件数 cond(Ψ) = 1.73e+01 | 累计|g| = 10.8930
26-14-21-57 Loss=-3.205924 | E0=-1.04446992 | E1=-0.95203811|E2=-0.66256415|E3=-0.54714252
26-14-21-57 误差(Ha): e0=9.88e-03 | e1=5.87e-03 | e2=6.39e-03 | e3=4.26e-03
26-14-21-57 #-----------------------------------------#
26-14-21-57 [Step 291] logΨ: mean=4.433+0.412j
26-14-21-57 梯度监控 | raw=2.6283 | natural=0.1639 | clipped=0.1639(上限20.0) | t_grad=1ms t_qgt=3ms
26-14-21-57 冻结状态 | frozen_set=[3] | P_a/P=831/1108 | QGT=690561 | 本轮实际训练参数=831
26-14-21-57 Ψ矩阵条件数 cond(Ψ) = 1.72e+01 | 累计|g| = 10.8930
26-14-21-57 Loss=-3.201105 | E0=-1.04450061 | E1=-0.95172668|E2=-0.66327225|E3=-0.54740166
26-14-21-57 误差(Ha): e0=9.85e-03 | e1=6.18e-03 | e2=5.68e-03 | e3=4.00e-03
26-14-21-57 #-----------------------------------------#
26-14-21-57 [Step 292] logΨ: mean=4.275+0.251j
26-14-21-57 梯度监控 | raw=1.8299 | natural=0.0319 | clipped=0.0319(上限20.0) | t_grad=0ms t_qgt=3ms
26-14-21-57 冻结状态 | frozen_set=[3] | P_a/P=831/1108 | QGT=690561 | 本轮实际训练参数=831
26-14-21-57 Ψ矩阵条件数 cond(Ψ) = 1.90e+01 | 累计|g| = 10.8930
26-14-21-57 Loss=-3.205717 | E0=-1.04456398 | E1=-0.95171672|E2=-0.66315047|E3=-0.54756014
26-14-21-57 误差(Ha): e0=9.78e-03 | e1=6.19e-03 | e2=5.80e-03 | e3=3.84e-03
26-14-21-57 #-----------------------------------------#
26-14-21-57 [Step 293] logΨ: mean=4.583+0.266j
26-14-21-57 梯度监控 | raw=4.9383 | natural=0.0762 | clipped=0.0762(上限20.0) | t_grad=0ms t_qgt=1ms
26-14-21-57 冻结状态 | frozen_set=[3] | P_a/P=831/1108 | QGT=690561 | 本轮实际训练参数=831
26-14-21-57 Ψ矩阵条件数 cond(Ψ) = 1.74e+01 | 累计|g| = 10.8930
26-14-21-57 Loss=-3.199899 | E0=-1.04448315 | E1=-0.95179693|E2=-0.66280351|E3=-0.54776573
26-14-21-57 误差(Ha): e0=9.86e-03 | e1=6.11e-03 | e2=6.15e-03 | e3=3.64e-03
26-14-21-57 #-----------------------------------------#
26-14-21-57 [Step 294] logΨ: mean=4.793+0.122j
26-14-21-57 梯度监控 | raw=3.0124 | natural=0.0937 | clipped=0.0937(上限20.0) | t_grad=0ms t_qgt=2ms
26-14-21-57 冻结状态 | frozen_set=[3] | P_a/P=831/1108 | QGT=690561 | 本轮实际训练参数=831
26-14-21-57 Ψ矩阵条件数 cond(Ψ) = 1.86e+01 | 累计|g| = 10.8930
26-14-21-57 Loss=-3.220183 | E0=-1.04454608 | E1=-0.95124663|E2=-0.66196589|E3=-0.54797093
26-14-21-57 误差(Ha): e0=9.80e-03 | e1=6.66e-03 | e2=6.99e-03 | e3=3.43e-03
26-14-21-57 #-----------------------------------------#
26-14-21-57 [Step 295] logΨ: mean=5.219-0.008j
26-14-21-57 梯度监控 | raw=3.0060 | natural=0.1342 | clipped=0.1342(上限20.0) | t_grad=0ms t_qgt=2ms
26-14-21-57 冻结状态 | frozen_set=[3] | P_a/P=831/1108 | QGT=690561 | 本轮实际训练参数=831
26-14-21-57 Ψ矩阵条件数 cond(Ψ) = 1.97e+01 | 累计|g| = 10.8930
26-14-21-57 Loss=-3.197849 | E0=-1.04458413 | E1=-0.95102241|E2=-0.66139162|E3=-0.54782680
26-14-21-57 误差(Ha): e0=9.76e-03 | e1=6.88e-03 | e2=7.56e-03 | e3=3.58e-03
26-14-21-57 #-----------------------------------------#
26-14-21-57 [Step 296] logΨ: mean=5.690-0.587j
26-14-21-57 梯度监控 | raw=5.9385 | natural=0.4187 | clipped=0.4187(上限20.0) | t_grad=1ms t_qgt=3ms
26-14-21-57 冻结状态 | frozen_set=[3] | P_a/P=831/1108 | QGT=690561 | 本轮实际训练参数=831
26-14-21-57 Ψ矩阵条件数 cond(Ψ) = 2.41e+01 | 累计|g| = 10.8930
26-14-21-57 Loss=-3.197610 | E0=-1.04483930 | E1=-0.95110442|E2=-0.66125452|E3=-0.54873785
26-14-21-57 误差(Ha): e0=9.51e-03 | e1=6.80e-03 | e2=7.70e-03 | e3=2.66e-03
26-14-21-57 #-----------------------------------------#
26-14-21-57 [Step 297] logΨ: mean=5.542-0.602j
26-14-21-57 梯度监控 | raw=4.4993 | natural=0.0998 | clipped=0.0998(上限20.0) | t_grad=1ms t_qgt=3ms
26-14-21-57 冻结状态 | frozen_set=[3] | P_a/P=831/1108 | QGT=690561 | 本轮实际训练参数=831
26-14-21-57 Ψ矩阵条件数 cond(Ψ) = 2.29e+01 | 累计|g| = 10.8930
26-14-21-57 Loss=-3.202411 | E0=-1.04494256 | E1=-0.95124309|E2=-0.66104191|E3=-0.54781177
26-14-21-57 误差(Ha): e0=9.40e-03 | e1=6.66e-03 | e2=7.91e-03 | e3=3.59e-03
26-14-21-57 #-----------------------------------------#
26-14-21-57 [Step 298] logΨ: mean=5.723-0.436j
26-14-21-57 梯度监控 | raw=3.6617 | natural=0.1373 | clipped=0.1373(上限20.0) | t_grad=1ms t_qgt=2ms
26-14-21-57 冻结状态 | frozen_set=[3] | P_a/P=831/1108 | QGT=690561 | 本轮实际训练参数=831
26-14-21-57 Ψ矩阵条件数 cond(Ψ) = 1.44e+01 | 累计|g| = 10.8930
26-14-21-57 Loss=-3.204755 | E0=-1.04484471 | E1=-0.95123254|E2=-0.66105962|E3=-0.54452008
26-14-21-57 误差(Ha): e0=9.50e-03 | e1=6.67e-03 | e2=7.89e-03 | e3=6.88e-03
26-14-21-57 #-----------------------------------------#
26-14-21-57 [Step 299] logΨ: mean=5.542-0.491j
26-14-21-57 梯度监控 | raw=2.1598 | natural=0.0830 | clipped=0.0830(上限20.0) | t_grad=0ms t_qgt=3ms
26-14-21-57 冻结状态 | frozen_set=[3] | P_a/P=831/1108 | QGT=690561 | 本轮实际训练参数=831
26-14-21-57 Ψ矩阵条件数 cond(Ψ) = 1.60e+01 | 累计|g| = 10.8930
26-14-21-57 Loss=-3.197487 | E0=-1.04476759 | E1=-0.95124904|E2=-0.66087860|E3=-0.54522833
26-14-21-57 误差(Ha): e0=9.58e-03 | e1=6.66e-03 | e2=8.07e-03 | e3=6.17e-03
26-14-21-57 #-----------------------------------------#
26-14-21-57 [保存] Step 299 → pickle 已更新 (300 条记录)
26-14-21-57 [GaugeReset@300] 吸收 Δg = Σ Re(col_mean) = +20.8792 | 新|g| = 11.2010
26-14-21-57 训练耗时：224.32 秒
26-14-21-57 [保存] 训练结束，pickle 最终写入 → ./data/26-09-14-21-39_history_frozen_dynamic_H2_molecule_K4.pkl
26-14-21-57 ============================================================
26-14-21-57 训练完成!
26-14-21-57 ============================================================
