26-30-17-35 
============================================================
26-30-17-35 开始多链 NES-VMC 训练 | 实参数 FFNN | 双侧一致列规范 + 周期性 gauge reset
26-30-17-35 超参数配置:
N_CHAINS =16
N_SAMPLES_PER_CHAIN =200
SWEEP_SIZE = 20
N_ITER = 300
Natural_Grad = True
clip_norm = 20.0
per_param_clip = 0.5
lr = 0.1
qgt_diag_shift = 0.1
RESET_PERIOD = 10
SAVE_INTERVAL = 20
26-30-17-35 ============================================================
26-30-17-35 精确CAS基准：基态=-1.05434745 Ha | 1激发=-0.95790573 Ha|2激发=-0.66895227 Ha|3激发=-0.55140192 Ha|
26-30-17-35 理论 Loss 上限：-3.23260738 
26-30-17-35 超参：clip_norm=20.0, per_param_clip=0.5, lr=0.1, QGT diag_shift=0.1, RESET_PERIOD=10
26-30-17-35 [Step   0] logΨ: mean=-0.019+0.080j | min=-2.662-1.957j | max=1.187+3.005j
26-30-17-35 梯度监控 | raw=2.2563 | per_param=0.0662 |  natural=2.8675 | clipped=2.8675(上限20.0)
26-30-17-35 原始规范坐标 G(Re Σrow_mean) = -0.4368 | 累计|g| = 0.0000
26-30-17-35 Ψ矩阵条件数 cond(Ψ) = 1.20e+01
26-30-17-35 Loss=0.840558 | E0=-0.50217863+0.00245968j | E1=-0.01837953+0.00398657j|E2=0.37769330-0.00445182j|E3=0.98342305-0.00248482j
26-30-17-35 #-----------------------------------------#
26-30-17-35 [Step   1] logΨ: mean=0.491-0.003j | min=-2.178-1.952j | max=1.596+0.823j
26-30-17-35 梯度监控 | raw=2.3920 | per_param=0.0702 |  natural=2.8777 | clipped=2.8777(上限20.0)
26-30-17-35 原始规范坐标 G(Re Σrow_mean) = +0.0226 | 累计|g| = 0.0000
26-30-17-35 Ψ矩阵条件数 cond(Ψ) = 1.14e+01
26-30-17-35 Loss=0.445511 | E0=-0.62267779-0.00332099j | E1=-0.10869589+0.00637663j|E2=0.29498230+0.00689118j|E3=0.88190227-0.01113974j
26-30-17-35 #-----------------------------------------#
26-30-17-35 [Step   2] logΨ: mean=1.080-0.109j | min=-1.494-2.646j | max=2.328+0.785j
26-30-17-35 梯度监控 | raw=2.5242 | per_param=0.0741 |  natural=2.7809 | clipped=2.7809(上限20.0)
26-30-17-35 原始规范坐标 G(Re Σrow_mean) = +0.5721 | 累计|g| = 0.0000
26-30-17-35 Ψ矩阵条件数 cond(Ψ) = 2.09e+01
26-30-17-35 Loss=-0.003860 | E0=-0.70345674+0.00411145j | E1=-0.22969816-0.00391129j|E2=0.15707205+0.00286822j|E3=0.77222239-0.00046587j
26-30-17-35 #-----------------------------------------#
26-30-17-35 [Step   3] logΨ: mean=1.838-0.181j | min=-1.273-1.933j | max=3.103+0.750j
26-30-17-35 梯度监控 | raw=2.6268 | per_param=0.0771 |  natural=2.6916 | clipped=2.6916(上限20.0)
26-30-17-35 原始规范坐标 G(Re Σrow_mean) = +1.2374 | 累计|g| = 0.0000
26-30-17-35 Ψ矩阵条件数 cond(Ψ) = 1.50e+01
26-30-17-35 Loss=-0.421267 | E0=-0.78656613-0.00005114j | E1=-0.37727339+0.00009705j|E2=0.07689481+0.00811252j|E3=0.66567799-0.00889603j
26-30-17-35 #-----------------------------------------#
26-30-17-35 [Step   4] logΨ: mean=2.700-0.295j | min=-1.417-1.025j | max=4.025+1.035j
26-30-17-35 梯度监控 | raw=2.5814 | per_param=0.0758 |  natural=2.5376 | clipped=2.5376(上限20.0)
26-30-17-35 原始规范坐标 G(Re Σrow_mean) = +2.0028 | 累计|g| = 0.0000
26-30-17-35 Ψ矩阵条件数 cond(Ψ) = 2.88e+01
26-30-17-35 Loss=-0.814983 | E0=-0.85639426-0.00209251j | E1=-0.50110918-0.00910711j|E2=-0.02687953+0.01024518j|E3=0.56939957+0.00553906j
26-30-17-35 #-----------------------------------------#
26-30-17-35 [Step   5] logΨ: mean=3.653-0.373j | min=-0.311-1.984j | max=5.003+1.027j
26-30-17-35 梯度监控 | raw=2.5053 | per_param=0.0736 |  natural=2.3956 | clipped=2.3956(上限20.0)
26-30-17-35 原始规范坐标 G(Re Σrow_mean) = +2.8706 | 累计|g| = 0.0000
26-30-17-35 Ψ矩阵条件数 cond(Ψ) = 1.76e+01
26-30-17-35 Loss=-1.105871 | E0=-0.88991461-0.00228539j | E1=-0.59680043+0.00390516j|E2=-0.11545560-0.00690060j|E3=0.49629944+0.00675927j
26-30-17-35 #-----------------------------------------#
26-30-17-35 [Step   6] logΨ: mean=4.695-0.397j | min=-0.012+1.941j | max=5.997+0.931j
26-30-17-35 梯度监控 | raw=2.1664 | per_param=0.0636 |  natural=2.2401 | clipped=2.2401(上限20.0)
26-30-17-35 原始规范坐标 G(Re Σrow_mean) = +3.7761 | 累计|g| = 0.0000
26-30-17-35 Ψ矩阵条件数 cond(Ψ) = 2.13e+01
26-30-17-35 Loss=-1.390164 | E0=-0.93527853-0.00004540j | E1=-0.68124242+0.00238514j|E2=-0.17695571-0.00453840j|E3=0.40331259+0.00586948j
26-30-17-35 #-----------------------------------------#
26-30-17-35 [Step   7] logΨ: mean=5.756-0.414j | min=1.249-0.529j | max=6.952+0.955j
26-30-17-35 梯度监控 | raw=1.7817 | per_param=0.0523 |  natural=2.0412 | clipped=2.0412(上限20.0)
26-30-17-35 原始规范坐标 G(Re Σrow_mean) = +4.7432 | 累计|g| = 0.0000
26-30-17-35 Ψ矩阵条件数 cond(Ψ) = 1.07e+01
26-30-17-35 Loss=-1.678599 | E0=-0.97089009-0.00008817j | E1=-0.75151114+0.00081357j|E2=-0.26642845+0.00250654j|E3=0.31023050-0.00764100j
26-30-17-35 #-----------------------------------------#
26-30-17-35 [Step   8] logΨ: mean=6.756-0.552j | min=2.259-1.267j | max=7.843+0.991j
26-30-17-35 梯度监控 | raw=1.4609 | per_param=0.0429 |  natural=1.8486 | clipped=1.8486(上限20.0)
26-30-17-35 原始规范坐标 G(Re Σrow_mean) = +5.6624 | 累计|g| = 0.0000
26-30-17-35 Ψ矩阵条件数 cond(Ψ) = 1.20e+01
26-30-17-35 Loss=-1.855847 | E0=-0.97548753+0.00425776j | E1=-0.81698591+0.00263716j|E2=-0.33459598+0.00039644j|E3=0.27122271+0.00343145j
26-30-17-35 #-----------------------------------------#
26-30-17-35 [Step   9] logΨ: mean=7.704-0.351j | min=2.401+2.231j | max=8.684+1.029j
26-30-17-35 梯度监控 | raw=1.2133 | per_param=0.0356 |  natural=1.6925 | clipped=1.6925(上限20.0)
26-30-17-35 原始规范坐标 G(Re Σrow_mean) = +6.5271 | 累计|g| = 0.0000
26-30-17-35 Ψ矩阵条件数 cond(Ψ) = 1.45e+01
26-30-17-35 Loss=-2.006295 | E0=-0.99399862+0.00131204j | E1=-0.83847732+0.00202498j|E2=-0.38890782-0.00436650j|E3=0.21508904-0.00802127j
26-30-17-35 #-----------------------------------------#
26-30-17-35 [GaugeReset@10] 吸收 Δg = Σ Re(col_mean) = +6.5271 | 新|g| = 3.3725
26-30-17-35 [Step  10] logΨ: mean=2.075+0.261j | min=-2.794+1.358j | max=3.016+1.809j
26-30-17-35 梯度监控 | raw=1.1239 | per_param=0.0330 |  natural=1.6368 | clipped=1.6368(上限20.0)
26-30-17-35 原始规范坐标 G(Re Σrow_mean) = +7.3621 | 累计|g| = 3.3725
26-30-17-35 Ψ矩阵条件数 cond(Ψ) = 1.40e+01
26-30-17-35 Loss=-2.114070 | E0=-1.01617981-0.00304930j | E1=-0.87346694+0.00059730j|E2=-0.41239569-0.00129013j|E3=0.18797241+0.00539719j
26-30-17-35 #-----------------------------------------#
26-30-17-35 [Step  11] logΨ: mean=2.864+0.346j | min=-3.871-0.875j | max=3.694+1.861j
26-30-17-35 梯度监控 | raw=1.0689 | per_param=0.0314 |  natural=1.3623 | clipped=1.3623(上限20.0)
26-30-17-35 原始规范坐标 G(Re Σrow_mean) = +8.1543 | 累计|g| = 3.3725
26-30-17-35 Ψ矩阵条件数 cond(Ψ) = 8.95e+01
26-30-17-35 Loss=-2.211397 | E0=-1.01992734+0.00323502j | E1=-0.88771050+0.00664396j|E2=-0.46053836-0.00498713j|E3=0.15677936-0.00262780j
26-30-17-35 #-----------------------------------------#
26-30-17-35 [Step  12] logΨ: mean=3.707+0.433j | min=-1.439+0.462j | max=4.469+1.884j
26-30-17-35 梯度监控 | raw=1.0302 | per_param=0.0302 |  natural=1.4100 | clipped=1.4100(上限20.0)
26-30-17-35 原始规范坐标 G(Re Σrow_mean) = +8.9093 | 累计|g| = 3.3725
26-30-17-35 Ψ矩阵条件数 cond(Ψ) = 3.77e+01
26-30-17-35 Loss=-2.257356 | E0=-1.02374186+0.00087047j | E1=-0.90761806-0.00103917j|E2=-0.47631822+0.00162727j|E3=0.15032169-0.00200914j
26-30-17-35 #-----------------------------------------#
26-30-17-35 [Step  13] logΨ: mean=4.379+0.418j | min=-0.507+2.379j | max=5.146+2.034j
26-30-17-35 梯度监控 | raw=1.3984 | per_param=0.0411 |  natural=1.2449 | clipped=1.2449(上限20.0)
26-30-17-35 原始规范坐标 G(Re Σrow_mean) = +9.5588 | 累计|g| = 3.3725
26-30-17-35 Ψ矩阵条件数 cond(Ψ) = 9.93e+01
26-30-17-35 Loss=-2.328157 | E0=-1.02675736-0.00002025j | E1=-0.92045457-0.00313665j|E2=-0.49142949-0.00171432j|E3=0.11048419+0.00024585j
26-30-17-35 #-----------------------------------------#
26-30-17-35 [Step  14] logΨ: mean=5.022+0.384j | min=0.136+1.817j | max=5.758+2.044j
26-30-17-35 梯度监控 | raw=1.7501 | per_param=0.0514 |  natural=1.1261 | clipped=1.1261(上限20.0)
26-30-17-35 原始规范坐标 G(Re Σrow_mean) = +10.1888 | 累计|g| = 3.3725
26-30-17-35 Ψ矩阵条件数 cond(Ψ) = 3.21e+01
26-30-17-35 Loss=-2.369172 | E0=-1.03127249+0.00080651j | E1=-0.92584656-0.00324893j|E2=-0.50823040-0.00163436j|E3=0.09617709+0.00369013j
26-30-17-35 #-----------------------------------------#
26-30-17-35 [Step  15] logΨ: mean=5.638+0.566j | min=0.659-2.211j | max=6.366+2.059j
26-30-17-35 梯度监控 | raw=2.0577 | per_param=0.0604 |  natural=1.2091 | clipped=1.2091(上限20.0)
26-30-17-35 原始规范坐标 G(Re Σrow_mean) = +10.8230 | 累计|g| = 3.3725
26-30-17-35 Ψ矩阵条件数 cond(Ψ) = 9.03e+01
26-30-17-35 Loss=-2.406958 | E0=-1.03079366-0.00239055j | E1=-0.93401469+0.00044183j|E2=-0.51973424+0.00096577j|E3=0.07758499-0.00509128j
26-30-17-35 #-----------------------------------------#
26-30-17-35 [Step  16] logΨ: mean=6.188+0.487j | min=1.435+1.937j | max=6.863+2.063j
26-30-17-35 梯度监控 | raw=2.4840 | per_param=0.0729 |  natural=0.9975 | clipped=0.9975(上限20.0)
26-30-17-35 原始规范坐标 G(Re Σrow_mean) = +11.3416 | 累计|g| = 3.3725
26-30-17-35 Ψ矩阵条件数 cond(Ψ) = 4.97e+01
26-30-17-35 Loss=-2.450935 | E0=-1.04349786-0.00166341j | E1=-0.93297935+0.00086330j|E2=-0.53384489-0.00600724j|E3=0.05938730+0.00090588j
26-30-17-35 #-----------------------------------------#
26-30-17-35 [Step  17] logΨ: mean=6.577+0.538j | min=2.079+1.916j | max=7.244+2.094j
26-30-17-35 梯度监控 | raw=3.0004 | per_param=0.0881 |  natural=0.7153 | clipped=0.7153(上限20.0)
26-30-17-35 原始规范坐标 G(Re Σrow_mean) = +11.7590 | 累计|g| = 3.3725
26-30-17-35 Ψ矩阵条件数 cond(Ψ) = 9.02e+01
26-30-17-35 Loss=-2.486663 | E0=-1.03781474+0.00055592j | E1=-0.93816348+0.00018216j|E2=-0.55693280+0.00041181j|E3=0.04624754-0.00024594j
26-30-17-35 #-----------------------------------------#
26-30-17-35 [Step  18] logΨ: mean=6.954+0.614j | min=2.403+2.925j | max=7.637+2.114j
26-30-17-35 梯度监控 | raw=3.5957 | per_param=0.1056 |  natural=0.7460 | clipped=0.7460(上限20.0)
26-30-17-35 原始规范坐标 G(Re Σrow_mean) = +12.1154 | 累计|g| = 3.3725
26-30-17-35 Ψ矩阵条件数 cond(Ψ) = 1.27e+02
26-30-17-35 Loss=-2.508518 | E0=-1.04434512-0.00207913j | E1=-0.93988486-0.00046886j|E2=-0.54239647+0.00149262j|E3=0.01810850+0.00261668j
26-30-17-35 #-----------------------------------------#
26-30-17-35 [Step  19] logΨ: mean=7.424+0.674j | min=1.525+0.133j | max=8.107+2.205j
26-30-17-35 梯度监控 | raw=4.0081 | per_param=0.1177 |  natural=0.8902 | clipped=0.8902(上限20.0)
26-30-17-35 原始规范坐标 G(Re Σrow_mean) = +12.6058 | 累计|g| = 3.3725
26-30-17-35 Ψ矩阵条件数 cond(Ψ) = 5.90e+01
26-30-17-35 Loss=-2.523735 | E0=-1.03979496-0.00006388j | E1=-0.94416284-0.00285671j|E2=-0.55673459+0.00807293j|E3=0.01695779-0.00038837j
26-30-17-35 #-----------------------------------------#
26-30-17-35 [保存] Step 19 → pickle 文件已更新 (20 条记录)
26-30-17-35 [GaugeReset@20] 吸收 Δg = Σ Re(col_mean) = +12.6058 | 新|g| = 6.3515
26-30-17-35 [Step  20] logΨ: mean=1.707+0.473j | min=-5.057-1.557j | max=2.377+1.579j
26-30-17-35 梯度监控 | raw=5.1753 | per_param=0.1520 |  natural=0.6947 | clipped=0.6947(上限20.0)
26-30-17-35 原始规范坐标 G(Re Σrow_mean) = +13.0203 | 累计|g| = 6.3515
26-30-17-35 Ψ矩阵条件数 cond(Ψ) = 7.18e+01
26-30-17-35 Loss=-2.571303 | E0=-1.04055161+0.00036229j | E1=-0.94577034-0.00083711j|E2=-0.56461620+0.00412360j|E3=-0.02036471+0.00479294j
26-30-17-35 #-----------------------------------------#
26-30-17-35 [Step  21] logΨ: mean=2.125+0.516j | min=-2.257-1.107j | max=2.822+1.597j
26-30-17-35 梯度监控 | raw=5.8829 | per_param=0.1727 |  natural=0.5942 | clipped=0.5942(上限20.0)
26-30-17-35 原始规范坐标 G(Re Σrow_mean) = +13.4320 | 累计|g| = 6.3515
26-30-17-35 Ψ矩阵条件数 cond(Ψ) = 7.68e+01
26-30-17-35 Loss=-2.595493 | E0=-1.04321318+0.00036730j | E1=-0.94368531+0.00050526j|E2=-0.57315995+0.00371971j|E3=-0.03543446-0.00007367j
26-30-17-35 #-----------------------------------------#
26-30-17-35 [Step  22] logΨ: mean=2.476+0.289j | min=-3.047+1.951j | max=3.221+1.544j
26-30-17-35 梯度监控 | raw=7.0520 | per_param=0.2071 |  natural=0.5627 | clipped=0.5627(上限20.0)
26-30-17-35 原始规范坐标 G(Re Σrow_mean) = +13.8259 | 累计|g| = 6.3515
26-30-17-35 Ψ矩阵条件数 cond(Ψ) = 3.56e+01
26-30-17-35 Loss=-2.627849 | E0=-1.04371445-0.00082602j | E1=-0.94824402+0.00103208j|E2=-0.57580447-0.00273630j|E3=-0.06008611-0.00474907j
26-30-17-35 #-----------------------------------------#
26-30-17-35 [Step  23] logΨ: mean=2.822+0.291j | min=-1.935+2.031j | max=3.647+1.556j
26-30-17-35 梯度监控 | raw=7.0888 | per_param=0.2081 |  natural=0.5754 | clipped=0.5754(上限20.0)
26-30-17-35 原始规范坐标 G(Re Σrow_mean) = +14.1192 | 累计|g| = 6.3515
26-30-17-35 Ψ矩阵条件数 cond(Ψ) = 5.47e+01
26-30-17-35 Loss=-2.650288 | E0=-1.04524122+0.00054749j | E1=-0.94894401-0.00199854j|E2=-0.57295640+0.00235429j|E3=-0.08314664+0.00101943j
26-30-17-35 #-----------------------------------------#
26-30-17-35 [Step  24] logΨ: mean=3.081+0.237j | min=-1.263+2.664j | max=3.924+1.575j
26-30-17-35 梯度监控 | raw=8.0034 | per_param=0.2350 |  natural=0.4531 | clipped=0.4531(上限20.0)
26-30-17-35 原始规范坐标 G(Re Σrow_mean) = +14.4543 | 累计|g| = 6.3515
26-30-17-35 Ψ矩阵条件数 cond(Ψ) = 4.59e+01
26-30-17-35 Loss=-2.699731 | E0=-1.04314059-0.00089995j | E1=-0.94924097+0.00114198j|E2=-0.58059321+0.00123785j|E3=-0.12675608+0.00160541j
26-30-17-35 #-----------------------------------------#
26-30-17-35 [Step  25] logΨ: mean=3.306+0.405j | min=-0.597+2.307j | max=4.127+1.629j
26-30-17-35 梯度监控 | raw=8.2357 | per_param=0.2418 |  natural=0.4572 | clipped=0.4572(上限20.0)
26-30-17-35 原始规范坐标 G(Re Σrow_mean) = +14.7201 | 累计|g| = 6.3515
26-30-17-35 Ψ矩阵条件数 cond(Ψ) = 5.97e+01
26-30-17-35 Loss=-2.748804 | E0=-1.04480900+0.00161806j | E1=-0.94975845-0.00123478j|E2=-0.59545372+0.00432529j|E3=-0.15878294+0.00066838j
26-30-17-35 #-----------------------------------------#
26-30-17-35 [Step  26] logΨ: mean=3.475+0.319j | min=-1.428+0.655j | max=4.349+1.632j
26-30-17-35 梯度监控 | raw=8.0165 | per_param=0.2354 |  natural=0.4536 | clipped=0.4536(上限20.0)
26-30-17-35 原始规范坐标 G(Re Σrow_mean) = +14.8943 | 累计|g| = 6.3515
26-30-17-35 Ψ矩阵条件数 cond(Ψ) = 1.01e+02
26-30-17-35 Loss=-2.759334 | E0=-1.04813380-0.00047229j | E1=-0.95136095-0.00193350j|E2=-0.59223178-0.00139829j|E3=-0.16760763-0.00012886j
26-30-17-35 #-----------------------------------------#
26-30-17-35 [Step  27] logΨ: mean=3.797+0.424j | min=-1.655+1.852j | max=4.631+1.653j
26-30-17-35 梯度监控 | raw=8.2665 | per_param=0.2427 |  natural=0.6047 | clipped=0.6047(上限20.0)
26-30-17-35 原始规范坐标 G(Re Σrow_mean) = +15.3251 | 累计|g| = 6.3515
26-30-17-35 Ψ矩阵条件数 cond(Ψ) = 5.70e+01
26-30-17-35 Loss=-2.826265 | E0=-1.05000614+0.00076909j | E1=-0.95092231-0.00003685j|E2=-0.58802460+0.00431531j|E3=-0.23731206+0.00303338j
26-30-17-35 #-----------------------------------------#
26-30-17-35 [Step  28] logΨ: mean=4.151+0.309j | min=-0.385+0.880j | max=4.895+1.667j
26-30-17-35 梯度监控 | raw=7.6561 | per_param=0.2248 |  natural=0.4458 | clipped=0.4458(上限20.0)
26-30-17-35 原始规范坐标 G(Re Σrow_mean) = +15.6933 | 累计|g| = 6.3515
26-30-17-35 Ψ矩阵条件数 cond(Ψ) = 4.65e+01
26-30-17-35 Loss=-2.884279 | E0=-1.04732600+0.00038424j | E1=-0.95140185+0.00007395j|E2=-0.59714010+0.00050546j|E3=-0.28841151+0.00230590j
26-30-17-35 #-----------------------------------------#
26-30-17-35 [Step  29] logΨ: mean=4.593+0.325j | min=-1.548+1.785j | max=5.289+1.689j
26-30-17-35 梯度监控 | raw=7.2806 | per_param=0.2138 |  natural=0.6274 | clipped=0.6274(上限20.0)
26-30-17-35 原始规范坐标 G(Re Σrow_mean) = +16.1319 | 累计|g| = 6.3515
26-30-17-35 Ψ矩阵条件数 cond(Ψ) = 7.78e+01
26-30-17-35 Loss=-2.914675 | E0=-1.04796735-0.00083599j | E1=-0.95143660-0.00174975j|E2=-0.59253159+0.00109436j|E3=-0.32273972+0.00204008j
26-30-17-35 #-----------------------------------------#
26-30-17-35 [GaugeReset@30] 吸收 Δg = Σ Re(col_mean) = +16.1319 | 新|g| = 8.1176
26-30-17-35 [Step  30] logΨ: mean=1.391+0.351j | min=-3.845-0.311j | max=2.011+1.620j
26-30-17-35 梯度监控 | raw=6.3732 | per_param=0.1871 |  natural=0.4958 | clipped=0.4958(上限20.0)
26-30-17-35 原始规范坐标 G(Re Σrow_mean) = +16.4654 | 累计|g| = 8.1176
26-30-17-35 Ψ矩阵条件数 cond(Ψ) = 4.64e+01
26-30-17-35 Loss=-2.965544 | E0=-1.04818451-0.00021187j | E1=-0.94803041-0.00057404j|E2=-0.59862781-0.00230896j|E3=-0.37070108+0.00397481j
26-30-17-35 #-----------------------------------------#
26-30-17-35 [Step  31] logΨ: mean=1.637+0.259j | min=-2.967-0.597j | max=2.189+1.638j
26-30-17-35 梯度监控 | raw=5.3463 | per_param=0.1570 |  natural=0.4329 | clipped=0.4329(上限20.0)
26-30-17-35 原始规范坐标 G(Re Σrow_mean) = +16.7025 | 累计|g| = 8.1176
26-30-17-35 Ψ矩阵条件数 cond(Ψ) = 4.62e+01
26-30-17-35 Loss=-2.999630 | E0=-1.04858879+0.00223992j | E1=-0.95223269-0.00019850j|E2=-0.61182026+0.00071037j|E3=-0.38698804+0.00138045j
26-30-17-35 #-----------------------------------------#
26-30-17-35 [Step  32] logΨ: mean=1.853+0.319j | min=-4.218+1.973j | max=2.410+1.672j
26-30-17-35 梯度监控 | raw=4.6264 | per_param=0.1358 |  natural=0.6160 | clipped=0.6160(上限20.0)
26-30-17-35 原始规范坐标 G(Re Σrow_mean) = +16.8938 | 累计|g| = 8.1176
26-30-17-35 Ψ矩阵条件数 cond(Ψ) = 4.64e+01
26-30-17-35 Loss=-3.015981 | E0=-1.04824293-0.00001957j | E1=-0.95000755-0.00138408j|E2=-0.61094946+0.00089386j|E3=-0.40678105+0.00210800j
26-30-17-35 #-----------------------------------------#
26-30-17-35 [Step  33] logΨ: mean=2.145+0.363j | min=-3.664+0.717j | max=2.736+1.655j
26-30-17-35 梯度监控 | raw=4.7045 | per_param=0.1381 |  natural=0.5484 | clipped=0.5484(上限20.0)
26-30-17-35 原始规范坐标 G(Re Σrow_mean) = +17.1258 | 累计|g| = 8.1176
26-30-17-35 Ψ矩阵条件数 cond(Ψ) = 4.50e+01
26-30-17-35 Loss=-3.017391 | E0=-1.04861364+0.00045879j | E1=-0.95030268-0.00226143j|E2=-0.60936484+0.00008670j|E3=-0.40910982-0.00148522j
26-30-17-35 #-----------------------------------------#
26-30-17-35 [Step  34] logΨ: mean=2.536-0.003j | min=-4.260+1.766j | max=2.936+1.663j
26-30-17-35 梯度监控 | raw=2.9686 | per_param=0.0872 |  natural=0.3200 | clipped=0.3200(上限20.0)
26-30-17-35 原始规范坐标 G(Re Σrow_mean) = +17.4472 | 累计|g| = 8.1176
26-30-17-35 Ψ矩阵条件数 cond(Ψ) = 5.98e+01
26-30-17-35 Loss=-3.076786 | E0=-1.04570431+0.00092689j | E1=-0.95600962+0.00051289j|E2=-0.61921010-0.00059142j|E3=-0.45586153+0.00176677j
26-30-17-35 #-----------------------------------------#
26-30-17-35 [Step  35] logΨ: mean=2.735-0.000j | min=-5.065+2.948j | max=3.102+1.701j
26-30-17-35 梯度监控 | raw=2.5682 | per_param=0.0754 |  natural=0.5442 | clipped=0.5442(上限20.0)
26-30-17-35 原始规范坐标 G(Re Σrow_mean) = +17.5938 | 累计|g| = 8.1176
26-30-17-35 Ψ矩阵条件数 cond(Ψ) = 4.35e+01
26-30-17-35 Loss=-3.089406 | E0=-1.05271234-0.00102988j | E1=-0.95212567-0.00102316j|E2=-0.62140171+0.00224267j|E3=-0.46316623-0.00050394j
26-30-17-35 #-----------------------------------------#
26-30-17-35 [Step  36] logΨ: mean=2.955+0.332j | min=-2.179-1.065j | max=3.250+1.704j
26-30-17-35 梯度监控 | raw=1.7626 | per_param=0.0518 |  natural=0.5822 | clipped=0.5822(上限20.0)
26-30-17-35 原始规范坐标 G(Re Σrow_mean) = +17.8297 | 累计|g| = 8.1176
26-30-17-35 Ψ矩阵条件数 cond(Ψ) = 8.67e+01
26-30-17-35 Loss=-3.114242 | E0=-1.05071170+0.00022479j | E1=-0.95345552+0.00088711j|E2=-0.63328162+0.00124167j|E3=-0.47679295+0.00059729j
26-30-17-35 #-----------------------------------------#
26-30-17-35 [Step  37] logΨ: mean=3.085+0.389j | min=-2.370-0.800j | max=3.371+1.768j
26-30-17-35 梯度监控 | raw=1.8275 | per_param=0.0537 |  natural=0.4817 | clipped=0.4817(上限20.0)
26-30-17-35 原始规范坐标 G(Re Σrow_mean) = +17.9106 | 累计|g| = 8.1176
26-30-17-35 Ψ矩阵条件数 cond(Ψ) = 4.21e+01
26-30-17-35 Loss=-3.118125 | E0=-1.04813872-0.00115438j | E1=-0.94986116-0.00012896j|E2=-0.62527958+0.00133857j|E3=-0.49484544+0.00401620j
26-30-17-35 #-----------------------------------------#
26-30-17-35 [Step  38] logΨ: mean=3.326+0.505j | min=-2.945-0.918j | max=3.530+1.765j
26-30-17-35 梯度监控 | raw=0.8387 | per_param=0.0246 |  natural=0.4982 | clipped=0.4982(上限20.0)
26-30-17-35 原始规范坐标 G(Re Σrow_mean) = +18.1033 | 累计|g| = 8.1176
26-30-17-35 Ψ矩阵条件数 cond(Ψ) = 4.27e+01
26-30-17-35 Loss=-3.143980 | E0=-1.04825454-0.00127485j | E1=-0.95640520+0.00118601j|E2=-0.64051337+0.00285259j|E3=-0.49880675+0.00278099j
26-30-17-35 #-----------------------------------------#
26-30-17-35 [Step  39] logΨ: mean=3.532+0.283j | min=-2.908+1.112j | max=3.749+1.806j
26-30-17-35 梯度监控 | raw=1.0173 | per_param=0.0299 |  natural=0.8154 | clipped=0.8154(上限20.0)
26-30-17-35 原始规范坐标 G(Re Σrow_mean) = +18.3304 | 累计|g| = 8.1176
26-30-17-35 Ψ矩阵条件数 cond(Ψ) = 3.96e+01
26-30-17-35 Loss=-3.141772 | E0=-1.04780958+0.00005392j | E1=-0.95201599+0.00144115j|E2=-0.63727129+0.00093046j|E3=-0.50467550-0.00114323j
26-30-17-35 #-----------------------------------------#
26-30-17-35 [保存] Step 39 → pickle 文件已更新 (40 条记录)
26-30-17-35 [GaugeReset@40] 吸收 Δg = Σ Re(col_mean) = +18.3304 | 新|g| = 9.2226
26-30-17-35 [Step  40] logΨ: mean=1.514+0.330j | min=-4.367+0.169j | max=1.654+1.809j
26-30-17-35 梯度监控 | raw=0.5941 | per_param=0.0174 |  natural=0.2714 | clipped=0.2714(上限20.0)
26-30-17-35 原始规范坐标 G(Re Σrow_mean) = +18.4580 | 累计|g| = 9.2226
26-30-17-35 Ψ矩阵条件数 cond(Ψ) = 4.12e+01
26-30-17-35 Loss=-3.156913 | E0=-1.04615412+0.00022655j | E1=-0.95558042+0.00139766j|E2=-0.64460492-0.00185865j|E3=-0.51057398+0.00370810j
26-30-17-35 #-----------------------------------------#
26-30-17-35 [Step  41] logΨ: mean=1.528+0.283j | min=-5.152+2.210j | max=1.711+1.734j
26-30-17-35 梯度监控 | raw=0.6197 | per_param=0.0182 |  natural=0.8393 | clipped=0.8393(上限20.0)
26-30-17-35 原始规范坐标 G(Re Σrow_mean) = +18.5048 | 累计|g| = 9.2226
26-30-17-35 Ψ矩阵条件数 cond(Ψ) = 4.29e+01
26-30-17-35 Loss=-3.155541 | E0=-1.04950796+0.00104067j | E1=-0.95373579-0.00088852j|E2=-0.64554564+0.00119849j|E3=-0.50675179-0.00007505j
26-30-17-35 #-----------------------------------------#
26-30-17-35 [Step  42] logΨ: mean=1.810+0.667j | min=-4.566-0.230j | max=1.974+1.815j
26-30-17-35 梯度监控 | raw=0.6757 | per_param=0.0198 |  natural=0.6047 | clipped=0.6047(上限20.0)
26-30-17-35 原始规范坐标 G(Re Σrow_mean) = +18.7218 | 累计|g| = 9.2226
26-30-17-35 Ψ矩阵条件数 cond(Ψ) = 4.02e+01
26-30-17-35 Loss=-3.150461 | E0=-1.04600966+0.00003453j | E1=-0.95143540-0.00020412j|E2=-0.64219953+0.00145160j|E3=-0.51081637+0.00118333j
26-30-17-35 #-----------------------------------------#
26-30-17-35 [Step  43] logΨ: mean=2.076+0.837j | min=-3.139+0.511j | max=2.249+1.864j
26-30-17-35 梯度监控 | raw=0.8642 | per_param=0.0254 |  natural=0.5381 | clipped=0.5381(上限20.0)
26-30-17-35 原始规范坐标 G(Re Σrow_mean) = +18.8494 | 累计|g| = 9.2226
26-30-17-35 Ψ矩阵条件数 cond(Ψ) = 3.92e+01
26-30-17-35 Loss=-3.149256 | E0=-1.04676929-0.00044352j | E1=-0.95338114-0.00007560j|E2=-0.64487056+0.00204419j|E3=-0.50423488-0.00162931j
26-30-17-35 #-----------------------------------------#
26-30-17-35 [Step  44] logΨ: mean=2.307+0.656j | min=-2.392+2.048j | max=2.435+1.811j
26-30-17-35 梯度监控 | raw=0.2334 | per_param=0.0069 |  natural=0.2504 | clipped=0.2504(上限20.0)
26-30-17-35 原始规范坐标 G(Re Σrow_mean) = +18.9892 | 累计|g| = 9.2226
26-30-17-35 Ψ矩阵条件数 cond(Ψ) = 5.17e+01
26-30-17-35 Loss=-3.166799 | E0=-1.04583831-0.00003741j | E1=-0.95546687-0.00077357j|E2=-0.64902310+0.00016750j|E3=-0.51647026+0.00199587j
26-30-17-35 #-----------------------------------------#
26-30-17-35 [Step  45] logΨ: mean=2.513+0.680j | min=-2.460-0.880j | max=2.613+1.763j
26-30-17-35 梯度监控 | raw=0.3963 | per_param=0.0116 |  natural=0.2820 | clipped=0.2820(上限20.0)
26-30-17-35 原始规范坐标 G(Re Σrow_mean) = +19.0792 | 累计|g| = 9.2226
26-30-17-35 Ψ矩阵条件数 cond(Ψ) = 3.88e+01
26-30-17-35 Loss=-3.166145 | E0=-1.04660177-0.00107854j | E1=-0.95272091+0.00154740j|E2=-0.65359068-0.00154195j|E3=-0.51323185-0.00135006j
26-30-17-35 #-----------------------------------------#
26-30-17-35 [Step  46] logΨ: mean=2.585+0.528j | min=-3.279-2.708j | max=2.670+1.777j
26-30-17-35 梯度监控 | raw=0.4524 | per_param=0.0133 |  natural=0.8942 | clipped=0.8942(上限20.0)
26-30-17-35 原始规范坐标 G(Re Σrow_mean) = +19.1515 | 累计|g| = 9.2226
26-30-17-35 Ψ矩阵条件数 cond(Ψ) = 3.57e+01
26-30-17-35 Loss=-3.171857 | E0=-1.04555364-0.00066151j | E1=-0.95435276+0.00042184j|E2=-0.64809798+0.00485475j|E3=-0.52385283+0.00319350j
26-30-17-35 #-----------------------------------------#
26-30-17-35 [Step  47] logΨ: mean=2.780+0.711j | min=-2.107+2.058j | max=2.927+1.639j
26-30-17-35 梯度监控 | raw=0.3775 | per_param=0.0111 |  natural=0.7590 | clipped=0.7590(上限20.0)
26-30-17-35 原始规范坐标 G(Re Σrow_mean) = +19.2908 | 累计|g| = 9.2226
26-30-17-35 Ψ矩阵条件数 cond(Ψ) = 3.79e+01
26-30-17-35 Loss=-3.162758 | E0=-1.04277311-0.00127105j | E1=-0.95135896-0.00075631j|E2=-0.65570766+0.00434048j|E3=-0.51291827-0.00666276j
26-30-17-35 #-----------------------------------------#
26-30-17-35 [Step  48] logΨ: mean=3.046+0.637j | min=-2.016+1.471j | max=3.151+1.611j
26-30-17-35 梯度监控 | raw=1.5899 | per_param=0.0467 |  natural=0.5516 | clipped=0.5516(上限20.0)
26-30-17-35 原始规范坐标 G(Re Σrow_mean) = +19.4618 | 累计|g| = 9.2226
26-30-17-35 Ψ矩阵条件数 cond(Ψ) = 3.60e+01
26-30-17-35 Loss=-3.173228 | E0=-1.04785978-0.00360475j | E1=-0.95289988-0.00076657j|E2=-0.65438527+0.00099615j|E3=-0.51808293+0.00030131j
26-30-17-35 #-----------------------------------------#
26-30-17-35 [Step  49] logΨ: mean=3.087+0.755j | min=-4.317+2.398j | max=3.182+1.878j
26-30-17-35 梯度监控 | raw=0.4134 | per_param=0.0121 |  natural=0.7070 | clipped=0.7070(上限20.0)
26-30-17-35 原始规范坐标 G(Re Σrow_mean) = +19.5703 | 累计|g| = 9.2226
26-30-17-35 Ψ矩阵条件数 cond(Ψ) = 4.08e+01
26-30-17-35 Loss=-3.166821 | E0=-1.04559734-0.00042024j | E1=-0.95128490+0.00201860j|E2=-0.65635225+0.00031582j|E3=-0.51358687+0.00512147j
26-30-17-35 #-----------------------------------------#
26-30-17-35 [GaugeReset@50] 吸收 Δg = Σ Re(col_mean) = +19.5703 | 新|g| = 9.8717
26-30-17-35 [Step  50] logΨ: mean=1.964+0.318j | min=-1.880+2.946j | max=1.984+1.751j
26-30-17-35 梯度监控 | raw=0.0299 | per_param=0.0009 |  natural=0.0871 | clipped=0.0871(上限20.0)
26-30-17-35 原始规范坐标 G(Re Σrow_mean) = +19.6408 | 累计|g| = 9.8717
26-30-17-35 Ψ矩阵条件数 cond(Ψ) = 4.34e+01
26-30-17-35 Loss=-3.179949 | E0=-1.04496274-0.00019956j | E1=-0.95228331+0.00130930j|E2=-0.65617918-0.00030780j|E3=-0.52652346+0.00307382j
26-30-17-35 #-----------------------------------------#
26-30-17-35 [Step  51] logΨ: mean=2.121+0.023j | min=-3.919-1.286j | max=2.215+1.635j
26-30-17-35 梯度监控 | raw=0.5863 | per_param=0.0172 |  natural=0.4410 | clipped=0.4410(上限20.0)
26-30-17-35 原始规范坐标 G(Re Σrow_mean) = +19.7219 | 累计|g| = 9.8717
26-30-17-35 Ψ矩阵条件数 cond(Ψ) = 4.49e+01
26-30-17-35 Loss=-3.171617 | E0=-1.04688695-0.00042491j | E1=-0.95158080-0.00001580j|E2=-0.65354703+0.00084623j|E3=-0.51960262-0.00279247j
26-30-17-35 #-----------------------------------------#
26-30-17-35 [Step  52] logΨ: mean=2.130+0.018j | min=-4.270+1.982j | max=2.249+1.775j
26-30-17-35 梯度监控 | raw=0.5435 | per_param=0.0160 |  natural=0.5859 | clipped=0.5859(上限20.0)
26-30-17-35 原始规范坐标 G(Re Σrow_mean) = +19.7763 | 累计|g| = 9.8717
26-30-17-35 Ψ矩阵条件数 cond(Ψ) = 5.07e+01
26-30-17-35 Loss=-3.176230 | E0=-1.04632507+0.00417130j | E1=-0.95246454-0.00101802j|E2=-0.65446487-0.00094857j|E3=-0.52297588+0.00284834j
26-30-17-35 #-----------------------------------------#
26-30-17-36 [Step  53] logΨ: mean=2.270+0.508j | min=-1.900+1.527j | max=2.344+1.735j
26-30-17-36 梯度监控 | raw=0.2276 | per_param=0.0067 |  natural=0.3051 | clipped=0.3051(上限20.0)
26-30-17-36 原始规范坐标 G(Re Σrow_mean) = +19.8427 | 累计|g| = 9.8717
26-30-17-36 Ψ矩阵条件数 cond(Ψ) = 4.89e+01
26-30-17-36 Loss=-3.174770 | E0=-1.04667662-0.00067497j | E1=-0.95322676+0.00082893j|E2=-0.64963607-0.00032514j|E3=-0.52523043-0.00150697j
26-30-17-36 #-----------------------------------------#
26-30-17-36 [Step  54] logΨ: mean=2.355+0.382j | min=-2.326+1.826j | max=2.442+1.727j
26-30-17-36 梯度监控 | raw=0.1539 | per_param=0.0045 |  natural=0.2318 | clipped=0.2318(上限20.0)
26-30-17-36 原始规范坐标 G(Re Σrow_mean) = +19.8616 | 累计|g| = 9.8717
26-30-17-36 Ψ矩阵条件数 cond(Ψ) = 4.63e+01
26-30-17-36 Loss=-3.177258 | E0=-1.04694399-0.00085726j | E1=-0.95183288+0.00109027j|E2=-0.65235332-0.00115582j|E3=-0.52612732+0.00163126j
26-30-17-36 #-----------------------------------------#
26-30-17-36 [Step  55] logΨ: mean=2.484+0.156j | min=-1.661+1.995j | max=2.530+1.676j
26-30-17-36 梯度监控 | raw=0.2151 | per_param=0.0063 |  natural=0.2314 | clipped=0.2314(上限20.0)
26-30-17-36 原始规范坐标 G(Re Σrow_mean) = +19.9270 | 累计|g| = 9.8717
26-30-17-36 Ψ矩阵条件数 cond(Ψ) = 4.33e+01
26-30-17-36 Loss=-3.175970 | E0=-1.04512703-0.00126373j | E1=-0.95041196+0.00059303j|E2=-0.65389978-0.00051475j|E3=-0.52653094+0.00051876j
26-30-17-36 #-----------------------------------------#
26-30-17-36 [Step  56] logΨ: mean=2.545-0.412j | min=-2.429+1.847j | max=2.640+1.634j
26-30-17-36 梯度监控 | raw=0.2008 | per_param=0.0059 |  natural=0.2849 | clipped=0.2849(上限20.0)
26-30-17-36 原始规范坐标 G(Re Σrow_mean) = +19.9203 | 累计|g| = 9.8717
26-30-17-36 Ψ矩阵条件数 cond(Ψ) = 4.08e+01
26-30-17-36 Loss=-3.173399 | E0=-1.04581271-0.00137585j | E1=-0.95417498-0.00157606j|E2=-0.64921253+0.00034219j|E3=-0.52419886-0.00016715j
26-30-17-36 #-----------------------------------------#
26-30-17-36 [Step  57] logΨ: mean=2.529+0.112j | min=-1.925-1.426j | max=2.597+1.683j
26-30-17-36 梯度监控 | raw=0.1406 | per_param=0.0041 |  natural=0.2673 | clipped=0.2673(上限20.0)
26-30-17-36 原始规范坐标 G(Re Σrow_mean) = +19.9589 | 累计|g| = 9.8717
26-30-17-36 Ψ矩阵条件数 cond(Ψ) = 4.03e+01
26-30-17-36 Loss=-3.181182 | E0=-1.04417773-0.00029775j | E1=-0.95520220-0.00070037j|E2=-0.65460191-0.00013127j|E3=-0.52719978+0.00173873j
26-30-17-36 #-----------------------------------------#
26-30-17-36 [Step  58] logΨ: mean=2.557+0.269j | min=-3.781-2.400j | max=2.689+1.640j
26-30-17-36 梯度监控 | raw=0.2022 | per_param=0.0059 |  natural=0.2460 | clipped=0.2460(上限20.0)
26-30-17-36 原始规范坐标 G(Re Σrow_mean) = +19.9946 | 累计|g| = 9.8717
26-30-17-36 Ψ矩阵条件数 cond(Ψ) = 4.10e+01
26-30-17-36 Loss=-3.175492 | E0=-1.04362127-0.00002798j | E1=-0.95847824+0.00063870j|E2=-0.65275539-0.00061616j|E3=-0.52063668-0.00114349j
26-30-17-36 #-----------------------------------------#
26-30-17-36 [Step  59] logΨ: mean=2.681+0.515j | min=-4.213+0.698j | max=2.759+1.585j
26-30-17-36 梯度监控 | raw=0.0825 | per_param=0.0024 |  natural=0.2147 | clipped=0.2147(上限20.0)
26-30-17-36 原始规范坐标 G(Re Σrow_mean) = +20.0719 | 累计|g| = 9.8717
26-30-17-36 Ψ矩阵条件数 cond(Ψ) = 3.98e+01
26-30-17-36 Loss=-3.176748 | E0=-1.04438582-0.00034572j | E1=-0.95383849-0.00065051j|E2=-0.65463684-0.00033208j|E3=-0.52388677+0.00049900j
26-30-17-36 #-----------------------------------------#
26-30-17-36 [保存] Step 59 → pickle 文件已更新 (60 条记录)
26-30-17-36 [GaugeReset@60] 吸收 Δg = Σ Re(col_mean) = +20.0719 | 新|g| = 10.1203
26-30-17-36 [Step  60] logΨ: mean=2.161+0.546j | min=-2.317+0.103j | max=2.252+1.648j
26-30-17-36 梯度监控 | raw=0.2385 | per_param=0.0070 |  natural=0.1380 | clipped=0.1380(上限20.0)
26-30-17-36 原始规范坐标 G(Re Σrow_mean) = +20.0756 | 累计|g| = 10.1203
26-30-17-36 Ψ矩阵条件数 cond(Ψ) = 3.88e+01
26-30-17-36 Loss=-3.176793 | E0=-1.04567520-0.00018419j | E1=-0.95670426-0.00125112j|E2=-0.64988362+0.00051021j|E3=-0.52452945+0.00138107j
26-30-17-36 #-----------------------------------------#
26-30-17-36 [Step  61] logΨ: mean=2.366+2.044j | min=-3.150-1.290j | max=2.469+2.717j
26-30-17-36 梯度监控 | raw=0.9966 | per_param=0.0293 |  natural=2.0305 | clipped=2.0305(上限20.0)
26-30-17-36 原始规范坐标 G(Re Σrow_mean) = +20.2526 | 累计|g| = 10.1203
26-30-17-36 Ψ矩阵条件数 cond(Ψ) = 3.94e+01
26-30-17-36 Loss=-3.168362 | E0=-1.04477627-0.00126092j | E1=-0.94894216+0.00014769j|E2=-0.65243338+0.01344224j|E3=-0.52220993+0.00041531j
26-30-17-36 #-----------------------------------------#
26-30-17-36 [Step  62] logΨ: mean=2.595+1.955j | min=-2.479-1.516j | max=2.677+2.754j
26-30-17-36 梯度监控 | raw=0.4131 | per_param=0.0121 |  natural=0.4200 | clipped=0.4200(上限20.0)
26-30-17-36 原始规范坐标 G(Re Σrow_mean) = +20.3153 | 累计|g| = 10.1203
26-30-17-36 Ψ矩阵条件数 cond(Ψ) = 4.05e+01
26-30-17-36 Loss=-3.165217 | E0=-1.04115985-0.00021581j | E1=-0.95365733-0.00064774j|E2=-0.65514655+0.00089760j|E3=-0.51525307+0.00004415j
26-30-17-36 #-----------------------------------------#
26-30-17-36 [Step  63] logΨ: mean=2.732+1.290j | min=-3.315+1.289j | max=2.776+2.731j
26-30-17-36 梯度监控 | raw=0.2081 | per_param=0.0061 |  natural=0.2140 | clipped=0.2140(上限20.0)
26-30-17-36 原始规范坐标 G(Re Σrow_mean) = +20.3845 | 累计|g| = 10.1203
26-30-17-36 Ψ矩阵条件数 cond(Ψ) = 4.00e+01
26-30-17-36 Loss=-3.174170 | E0=-1.04461316-0.00283434j | E1=-0.95350931+0.00040328j|E2=-0.65385311+0.00112114j|E3=-0.52219488+0.00197786j
26-30-17-36 #-----------------------------------------#
26-30-17-36 [Step  64] logΨ: mean=2.747+0.737j | min=-1.540-0.419j | max=2.782+2.744j
26-30-17-36 梯度监控 | raw=0.0579 | per_param=0.0017 |  natural=0.1156 | clipped=0.1156(上限20.0)
26-30-17-36 原始规范坐标 G(Re Σrow_mean) = +20.4001 | 累计|g| = 10.1203
26-30-17-36 Ψ矩阵条件数 cond(Ψ) = 4.00e+01
26-30-17-36 Loss=-3.176624 | E0=-1.04419121-0.00093432j | E1=-0.95304994+0.00076038j|E2=-0.65354293+0.00070679j|E3=-0.52583991+0.00028958j
26-30-17-36 #-----------------------------------------#
26-30-17-36 [Step  65] logΨ: mean=2.756+0.627j | min=-2.468+1.420j | max=2.816+2.658j
26-30-17-36 梯度监控 | raw=0.1930 | per_param=0.0057 |  natural=0.7545 | clipped=0.7545(上限20.0)
26-30-17-36 原始规范坐标 G(Re Σrow_mean) = +20.3352 | 累计|g| = 10.1203
26-30-17-36 Ψ矩阵条件数 cond(Ψ) = 4.14e+01
26-30-17-36 Loss=-3.178735 | E0=-1.04316676-0.00177225j | E1=-0.95382631+0.00074540j|E2=-0.65724188-0.00282269j|E3=-0.52450031+0.00064168j
26-30-17-36 #-----------------------------------------#
26-30-17-36 [Step  66] logΨ: mean=2.566+0.270j | min=-3.052-1.539j | max=2.633+2.016j
26-30-17-36 梯度监控 | raw=0.8466 | per_param=0.0249 |  natural=1.3210 | clipped=1.3210(上限20.0)
26-30-17-36 原始规范坐标 G(Re Σrow_mean) = +20.4431 | 累计|g| = 10.1203
26-30-17-36 Ψ矩阵条件数 cond(Ψ) = 4.47e+01
26-30-17-36 Loss=-3.174666 | E0=-1.04773884+0.00195057j | E1=-0.95133907-0.00303075j|E2=-0.65018689-0.01062174j|E3=-0.52540071+0.00073982j
26-30-17-36 #-----------------------------------------#
26-30-17-36 [Step  67] logΨ: mean=2.589+0.457j | min=-2.638-0.732j | max=2.691+1.998j
26-30-17-36 梯度监控 | raw=0.3148 | per_param=0.0092 |  natural=0.1775 | clipped=0.1775(上限20.0)
26-30-17-36 原始规范坐标 G(Re Σrow_mean) = +20.4522 | 累计|g| = 10.1203
26-30-17-36 Ψ矩阵条件数 cond(Ψ) = 4.44e+01
26-30-17-36 Loss=-3.173218 | E0=-1.04491846-0.00154383j | E1=-0.95176417+0.00050111j|E2=-0.65175534-0.00038945j|E3=-0.52478039+0.00099589j
26-30-17-36 #-----------------------------------------#
26-30-17-36 [Step  68] logΨ: mean=2.551+1.205j | min=-2.671-1.582j | max=2.715+2.428j
26-30-17-36 梯度监控 | raw=0.6399 | per_param=0.0188 |  natural=0.8550 | clipped=0.8550(上限20.0)
26-30-17-36 原始规范坐标 G(Re Σrow_mean) = +20.4283 | 累计|g| = 10.1203
26-30-17-36 Ψ矩阵条件数 cond(Ψ) = 4.87e+01
26-30-17-36 Loss=-3.180211 | E0=-1.04880668+0.00603654j | E1=-0.95473200+0.00081440j|E2=-0.65850797-0.00149502j|E3=-0.51816453+0.00991757j
26-30-17-36 #-----------------------------------------#
26-30-17-36 [Step  69] logΨ: mean=2.667+1.117j | min=-2.678-1.597j | max=2.784+2.439j
26-30-17-36 梯度监控 | raw=0.1452 | per_param=0.0043 |  natural=0.2210 | clipped=0.2210(上限20.0)
26-30-17-36 原始规范坐标 G(Re Σrow_mean) = +20.4890 | 累计|g| = 10.1203
26-30-17-36 Ψ矩阵条件数 cond(Ψ) = 4.84e+01
26-30-17-36 Loss=-3.176485 | E0=-1.04704687+0.00110091j | E1=-0.95285220+0.00145584j|E2=-0.65543307-0.00060791j|E3=-0.52115319+0.00054234j
26-30-17-36 #-----------------------------------------#
26-30-17-36 [GaugeReset@70] 吸收 Δg = Σ Re(col_mean) = +20.4890 | 新|g| = 10.3315
26-30-17-36 [Step  70] logΨ: mean=2.315+1.121j | min=-1.666-1.433j | max=2.414+2.513j
26-30-17-36 梯度监控 | raw=0.1664 | per_param=0.0049 |  natural=0.1384 | clipped=0.1384(上限20.0)
26-30-17-36 原始规范坐标 G(Re Σrow_mean) = +20.5393 | 累计|g| = 10.3315
26-30-17-36 Ψ矩阵条件数 cond(Ψ) = 4.80e+01
26-30-17-36 Loss=-3.176968 | E0=-1.04623877+0.00014060j | E1=-0.95471893-0.00097393j|E2=-0.65226528+0.00060712j|E3=-0.52374479+0.00042530j
26-30-17-36 #-----------------------------------------#
26-30-17-36 [Step  71] logΨ: mean=2.212+0.966j | min=-4.464+0.351j | max=2.297+2.328j
26-30-17-36 梯度监控 | raw=0.6993 | per_param=0.0205 |  natural=0.9231 | clipped=0.9231(上限20.0)
26-30-17-36 原始规范坐标 G(Re Σrow_mean) = +20.6082 | 累计|g| = 10.3315
26-30-17-36 Ψ矩阵条件数 cond(Ψ) = 4.46e+01
26-30-17-36 Loss=-3.182369 | E0=-1.04802525+0.00098374j | E1=-0.95513420+0.00119756j|E2=-0.65737239-0.00217692j|E3=-0.52183752-0.00040193j
26-30-17-36 #-----------------------------------------#
26-30-17-36 [Step  72] logΨ: mean=2.363+1.130j | min=-2.906+1.917j | max=2.410+2.318j
26-30-17-36 梯度监控 | raw=0.2766 | per_param=0.0081 |  natural=0.2443 | clipped=0.2443(上限20.0)
26-30-17-36 原始规范坐标 G(Re Σrow_mean) = +20.6845 | 累计|g| = 10.3315
26-30-17-36 Ψ矩阵条件数 cond(Ψ) = 4.45e+01
26-30-17-36 Loss=-3.173156 | E0=-1.04111276-0.00080660j | E1=-0.95271160+0.00018789j|E2=-0.65667187+0.00005829j|E3=-0.52265981+0.00127466j
26-30-17-36 #-----------------------------------------#
26-30-17-36 [Step  73] logΨ: mean=2.486+0.829j | min=-3.571+2.259j | max=2.534+2.241j
26-30-17-36 梯度监控 | raw=0.1960 | per_param=0.0058 |  natural=0.2656 | clipped=0.2656(上限20.0)
26-30-17-36 原始规范坐标 G(Re Σrow_mean) = +20.7094 | 累计|g| = 10.3315
26-30-17-36 Ψ矩阵条件数 cond(Ψ) = 4.51e+01
26-30-17-36 Loss=-3.173631 | E0=-1.04230962-0.00080284j | E1=-0.95609047-0.00053790j|E2=-0.65277911+0.00042343j|E3=-0.52245207-0.00107229j
26-30-17-36 #-----------------------------------------#
26-30-17-36 [Step  74] logΨ: mean=2.721+1.024j | min=-7.199+0.142j | max=2.793+2.194j
26-30-17-36 梯度监控 | raw=0.1915 | per_param=0.0056 |  natural=0.7406 | clipped=0.7406(上限20.0)
26-30-17-36 原始规范坐标 G(Re Σrow_mean) = +20.8184 | 累计|g| = 10.3315
26-30-17-36 Ψ矩阵条件数 cond(Ψ) = 4.44e+01
26-30-17-36 Loss=-3.171761 | E0=-1.04499897-0.00052870j | E1=-0.95427759-0.00031329j|E2=-0.65468315+0.00074943j|E3=-0.51780109+0.00085969j
26-30-17-36 #-----------------------------------------#
26-30-17-36 [Step  75] logΨ: mean=2.745+0.954j | min=-2.537+2.278j | max=2.810+2.226j
26-30-17-36 梯度监控 | raw=0.0969 | per_param=0.0028 |  natural=0.2213 | clipped=0.2213(上限20.0)
26-30-17-36 原始规范坐标 G(Re Σrow_mean) = +20.8495 | 累计|g| = 10.3315
26-30-17-36 Ψ矩阵条件数 cond(Ψ) = 4.41e+01
26-30-17-36 Loss=-3.177452 | E0=-1.04552939+0.00070097j | E1=-0.95394689+0.00073735j|E2=-0.65168410-0.00036469j|E3=-0.52629202+0.00002325j
26-30-17-36 #-----------------------------------------#
26-30-17-36 [Step  76] logΨ: mean=2.894+0.772j | min=-2.790+1.764j | max=2.920+2.126j
26-30-17-36 梯度监控 | raw=0.3101 | per_param=0.0091 |  natural=0.4955 | clipped=0.4955(上限20.0)
26-30-17-36 原始规范坐标 G(Re Σrow_mean) = +20.9320 | 累计|g| = 10.3315
26-30-17-36 Ψ矩阵条件数 cond(Ψ) = 4.59e+01
26-30-17-36 Loss=-3.174905 | E0=-1.04466380-0.00066147j | E1=-0.95176830-0.00036569j|E2=-0.65614043+0.00011339j|E3=-0.52233196-0.00284512j
26-30-17-36 #-----------------------------------------#
26-30-17-36 [Step  77] logΨ: mean=2.879+1.017j | min=-2.812-1.087j | max=2.959+2.206j
26-30-17-36 梯度监控 | raw=0.3728 | per_param=0.0109 |  natural=0.3710 | clipped=0.3710(上限20.0)
26-30-17-36 原始规范坐标 G(Re Σrow_mean) = +20.8952 | 累计|g| = 10.3315
26-30-17-36 Ψ矩阵条件数 cond(Ψ) = 4.46e+01
26-30-17-36 Loss=-3.173596 | E0=-1.04595842-0.00051910j | E1=-0.95430958+0.00069281j|E2=-0.64894984+0.00165581j|E3=-0.52437827+0.00114544j
26-30-17-36 #-----------------------------------------#
26-30-17-36 [Step  78] logΨ: mean=2.769+0.956j | min=-4.087+2.350j | max=2.900+2.143j
26-30-17-36 梯度监控 | raw=3.2062 | per_param=0.0941 |  natural=0.8666 | clipped=0.8666(上限20.0)
26-30-17-36 原始规范坐标 G(Re Σrow_mean) = +20.8482 | 累计|g| = 10.3315
26-30-17-36 Ψ矩阵条件数 cond(Ψ) = 4.80e+01
26-30-17-36 Loss=-3.185022 | E0=-1.04379155+0.00561686j | E1=-0.95665718+0.00269149j|E2=-0.66149875-0.00097326j|E3=-0.52307403-0.00337811j
26-30-17-36 #-----------------------------------------#
26-30-17-36 [Step  79] logΨ: mean=2.880+0.839j | min=-2.621-1.098j | max=2.909+1.983j
26-30-17-36 梯度监控 | raw=0.2458 | per_param=0.0072 |  natural=0.4408 | clipped=0.4408(上限20.0)
26-30-17-36 原始规范坐标 G(Re Σrow_mean) = +20.9313 | 累计|g| = 10.3315
26-30-17-36 Ψ矩阵条件数 cond(Ψ) = 5.00e+01
26-30-17-36 Loss=-3.181468 | E0=-1.04525473-0.00085337j | E1=-0.95302936+0.00012862j|E2=-0.65510740-0.00025822j|E3=-0.52807604-0.00347295j
26-30-17-36 #-----------------------------------------#
26-30-17-36 [保存] Step 79 → pickle 文件已更新 (80 条记录)
26-30-17-36 [GaugeReset@80] 吸收 Δg = Σ Re(col_mean) = +20.9313 | 新|g| = 10.5608
26-30-17-36 [Step  80] logΨ: mean=2.449+0.602j | min=-3.201-0.675j | max=2.533+2.107j
26-30-17-36 梯度监控 | raw=0.2251 | per_param=0.0066 |  natural=0.3872 | clipped=0.3872(上限20.0)
26-30-17-36 原始规范坐标 G(Re Σrow_mean) = +20.9285 | 累计|g| = 10.5608
26-30-17-36 Ψ矩阵条件数 cond(Ψ) = 4.57e+01
26-30-17-36 Loss=-3.181872 | E0=-1.04701117-0.00152699j | E1=-0.95342268+0.00273719j|E2=-0.65407187+0.00053656j|E3=-0.52736653-0.00093762j
26-30-17-36 #-----------------------------------------#
26-30-17-36 [Step  81] logΨ: mean=2.118+0.049j | min=-5.106+2.037j | max=2.301+1.937j
26-30-17-36 梯度监控 | raw=1.4092 | per_param=0.0414 |  natural=0.8809 | clipped=0.8809(上限20.0)
26-30-17-36 原始规范坐标 G(Re Σrow_mean) = +20.8058 | 累计|g| = 10.5608
26-30-17-36 Ψ矩阵条件数 cond(Ψ) = 5.18e+01
26-30-17-36 Loss=-3.199058 | E0=-1.06122847+0.00334102j | E1=-0.95132235+0.00118372j|E2=-0.65606093-0.00232257j|E3=-0.53044658-0.00195406j
26-30-17-36 #-----------------------------------------#
26-30-17-36 [Step  82] logΨ: mean=1.968-0.229j | min=-2.605+1.661j | max=2.059+1.857j
26-30-17-36 梯度监控 | raw=0.4464 | per_param=0.0131 |  natural=0.6158 | clipped=0.6158(上限20.0)
26-30-17-36 原始规范坐标 G(Re Σrow_mean) = +20.7441 | 累计|g| = 10.5608
26-30-17-36 Ψ矩阵条件数 cond(Ψ) = 5.74e+01
26-30-17-36 Loss=-3.190388 | E0=-1.05230663+0.00109285j | E1=-0.95171711-0.00022673j|E2=-0.65845731-0.00215116j|E3=-0.52790653+0.00053161j
26-30-17-36 #-----------------------------------------#
26-30-17-36 [Step  83] logΨ: mean=1.862-0.131j | min=-2.577-0.859j | max=1.974+1.931j
26-30-17-36 梯度监控 | raw=0.1536 | per_param=0.0045 |  natural=0.3817 | clipped=0.3817(上限20.0)
26-30-17-36 原始规范坐标 G(Re Σrow_mean) = +20.6911 | 累计|g| = 10.5608
26-30-17-36 Ψ矩阵条件数 cond(Ψ) = 5.76e+01
26-30-17-36 Loss=-3.185298 | E0=-1.04978016-0.00077268j | E1=-0.94903033+0.00066139j|E2=-0.65752095+0.00083835j|E3=-0.52896684-0.00054706j
26-30-17-36 #-----------------------------------------#
26-30-17-36 [Step  84] logΨ: mean=2.229+0.198j | min=-3.597-2.084j | max=2.370+2.392j
26-30-17-36 梯度监控 | raw=0.3074 | per_param=0.0090 |  natural=0.9773 | clipped=0.9773(上限20.0)
26-30-17-36 原始规范坐标 G(Re Σrow_mean) = +20.7928 | 累计|g| = 10.5608
26-30-17-36 Ψ矩阵条件数 cond(Ψ) = 3.41e+01
26-30-17-36 Loss=-3.175027 | E0=-1.04795142+0.00028326j | E1=-0.94839915+0.00078517j|E2=-0.65544567-0.00099159j|E3=-0.52323030+0.00637526j
26-30-17-36 #-----------------------------------------#
26-30-17-36 [Step  85] logΨ: mean=2.044+0.243j | min=-3.575+2.241j | max=2.177+2.356j
26-30-17-36 梯度监控 | raw=0.2894 | per_param=0.0085 |  natural=0.6381 | clipped=0.6381(上限20.0)
26-30-17-36 原始规范坐标 G(Re Σrow_mean) = +20.7664 | 累计|g| = 10.5608
26-30-17-36 Ψ矩阵条件数 cond(Ψ) = 6.71e+01
26-30-17-36 Loss=-3.190074 | E0=-1.05231283+0.00053572j | E1=-0.95100000+0.00064557j|E2=-0.65789617+0.00122994j|E3=-0.52886456-0.00162610j
26-30-17-36 #-----------------------------------------#
26-30-17-36 [Step  86] logΨ: mean=2.199+0.651j | min=-2.401-0.539j | max=2.277+2.350j
26-30-17-36 梯度监控 | raw=0.2064 | per_param=0.0061 |  natural=0.1744 | clipped=0.1744(上限20.0)
26-30-17-36 原始规范坐标 G(Re Σrow_mean) = +20.8700 | 累计|g| = 10.5608
26-30-17-36 Ψ矩阵条件数 cond(Ψ) = 6.54e+01
26-30-17-36 Loss=-3.182807 | E0=-1.04943152-0.00117583j | E1=-0.95101653+0.00046989j|E2=-0.65509526+0.00075227j|E3=-0.52726369+0.00033497j
26-30-17-36 #-----------------------------------------#
26-30-17-36 [Step  87] logΨ: mean=2.247+1.200j | min=-2.636-1.719j | max=2.320+2.345j
26-30-17-36 梯度监控 | raw=0.1822 | per_param=0.0053 |  natural=0.1721 | clipped=0.1721(上限20.0)
26-30-17-36 原始规范坐标 G(Re Σrow_mean) = +20.9113 | 累计|g| = 10.5608
26-30-17-36 Ψ矩阵条件数 cond(Ψ) = 6.42e+01
26-30-17-36 Loss=-3.184359 | E0=-1.04689723+0.00011754j | E1=-0.95464433+0.00076634j|E2=-0.65658797+0.00048393j|E3=-0.52622912-0.00058568j
26-30-17-36 #-----------------------------------------#
26-30-17-36 [Step  88] logΨ: mean=2.177+1.723j | min=-2.908-0.085j | max=2.267+2.761j
26-30-17-36 梯度监控 | raw=0.3074 | per_param=0.0090 |  natural=0.8661 | clipped=0.8661(上限20.0)
26-30-17-36 原始规范坐标 G(Re Σrow_mean) = +20.9290 | 累计|g| = 10.5608
26-30-17-36 Ψ矩阵条件数 cond(Ψ) = 7.65e+01
26-30-17-36 Loss=-3.180997 | E0=-1.04707810-0.00035808j | E1=-0.95065120-0.00052784j|E2=-0.65543363+0.00092058j|E3=-0.52783445+0.00693237j
26-30-17-36 #-----------------------------------------#
26-30-17-36 [Step  89] logΨ: mean=2.106+1.676j | min=-2.619-2.894j | max=2.191+2.637j
26-30-17-36 梯度监控 | raw=0.3471 | per_param=0.0102 |  natural=0.2381 | clipped=0.2381(上限20.0)
26-30-17-36 原始规范坐标 G(Re Σrow_mean) = +20.9406 | 累计|g| = 10.5608
26-30-17-36 Ψ矩阵条件数 cond(Ψ) = 7.59e+01
26-30-17-36 Loss=-3.185988 | E0=-1.04925629-0.00222989j | E1=-0.95862777+0.00042372j|E2=-0.64945505+0.00062772j|E3=-0.52864918-0.00059269j
26-30-17-36 #-----------------------------------------#
26-30-17-36 [GaugeReset@90] 吸收 Δg = Σ Re(col_mean) = +20.9406 | 新|g| = 10.5592
26-30-17-36 [Step  90] logΨ: mean=2.111+1.892j | min=-3.518+1.742j | max=2.209+2.790j
26-30-17-36 梯度监控 | raw=0.5003 | per_param=0.0147 |  natural=1.0005 | clipped=1.0005(上限20.0)
26-30-17-36 原始规范坐标 G(Re Σrow_mean) = +21.0227 | 累计|g| = 10.5592
26-30-17-36 Ψ矩阵条件数 cond(Ψ) = 8.39e+01
26-30-17-36 Loss=-3.177583 | E0=-1.05127261-0.00099032j | E1=-0.94899615-0.00197901j|E2=-0.65044667-0.00226051j|E3=-0.52686778+0.00484633j
26-30-17-36 #-----------------------------------------#
26-30-17-36 [Step  91] logΨ: mean=2.213+2.303j | min=-2.694-1.408j | max=2.275+2.772j
26-30-17-36 梯度监控 | raw=0.2039 | per_param=0.0060 |  natural=0.1579 | clipped=0.1579(上限20.0)
26-30-17-36 原始规范坐标 G(Re Σrow_mean) = +21.0725 | 累计|g| = 10.5592
26-30-17-36 Ψ矩阵条件数 cond(Ψ) = 8.18e+01
26-30-17-36 Loss=-3.184596 | E0=-1.05029917+0.00086992j | E1=-0.95218162+0.00072985j|E2=-0.65297917+0.00038025j|E3=-0.52913597-0.00012536j
26-30-17-36 #-----------------------------------------#
26-30-17-36 [Step  92] logΨ: mean=2.141+2.364j | min=-4.017-2.534j | max=2.300+2.914j
26-30-17-36 梯度监控 | raw=0.3562 | per_param=0.0105 |  natural=0.8118 | clipped=0.8118(上限20.0)
26-30-17-36 原始规范坐标 G(Re Σrow_mean) = +21.1103 | 累计|g| = 10.5592
26-30-17-36 Ψ矩阵条件数 cond(Ψ) = 9.19e+01
26-30-17-36 Loss=-3.182241 | E0=-1.05185323-0.00074002j | E1=-0.95495187+0.00094335j|E2=-0.65021325+0.00046454j|E3=-0.52522290+0.00745119j
26-30-17-36 #-----------------------------------------#
26-30-17-36 [Step  93] logΨ: mean=2.364+2.207j | min=-2.157+2.067j | max=2.411+2.925j
26-30-17-36 梯度监控 | raw=0.0733 | per_param=0.0022 |  natural=0.1475 | clipped=0.1475(上限20.0)
26-30-17-36 原始规范坐标 G(Re Σrow_mean) = +21.2185 | 累计|g| = 10.5592
26-30-17-36 Ψ矩阵条件数 cond(Ψ) = 9.01e+01
26-30-17-36 Loss=-3.183596 | E0=-1.04730253+0.00016034j | E1=-0.95563068+0.00074791j|E2=-0.65221504+0.00059484j|E3=-0.52844790+0.00045181j
26-30-17-36 #-----------------------------------------#
26-30-17-36 [Step  94] logΨ: mean=2.374+1.890j | min=-2.292-0.252j | max=2.409+2.915j
26-30-17-36 梯度监控 | raw=0.1866 | per_param=0.0055 |  natural=0.1811 | clipped=0.1811(上限20.0)
26-30-17-36 原始规范坐标 G(Re Σrow_mean) = +21.2499 | 累计|g| = 10.5592
26-30-17-36 Ψ矩阵条件数 cond(Ψ) = 8.67e+01
26-30-17-36 Loss=-3.184693 | E0=-1.04790162-0.00043500j | E1=-0.95370228+0.00046592j|E2=-0.65376149+0.00069177j|E3=-0.52932791-0.00020397j
26-30-17-36 #-----------------------------------------#
26-30-17-36 [Step  95] logΨ: mean=2.391+1.841j | min=-2.789+1.188j | max=2.486+3.082j
26-30-17-36 梯度监控 | raw=0.5558 | per_param=0.0163 |  natural=0.4990 | clipped=0.4990(上限20.0)
26-30-17-36 原始规范坐标 G(Re Σrow_mean) = +21.2114 | 累计|g| = 10.5592
26-30-17-36 Ψ矩阵条件数 cond(Ψ) = 9.48e+01
26-30-17-36 Loss=-3.173965 | E0=-1.03975256+0.00315781j | E1=-0.95561370-0.00152293j|E2=-0.65410096+0.00159299j|E3=-0.52449810+0.00102736j
26-30-17-36 #-----------------------------------------#
26-30-17-36 [Step  96] logΨ: mean=2.466+1.776j | min=-2.182-2.845j | max=2.529+3.063j
26-30-17-36 梯度监控 | raw=0.4785 | per_param=0.0140 |  natural=0.1478 | clipped=0.1478(上限20.0)
26-30-17-36 原始规范坐标 G(Re Σrow_mean) = +21.2616 | 累计|g| = 10.5592
26-30-17-36 Ψ矩阵条件数 cond(Ψ) = 9.51e+01
26-30-17-36 Loss=-3.179537 | E0=-1.04787925+0.00258988j | E1=-0.95223589+0.00027407j|E2=-0.65253958+0.00018987j|E3=-0.52688266-0.00035494j
26-30-17-36 #-----------------------------------------#
26-30-17-36 [Step  97] logΨ: mean=2.643+1.621j | min=-2.132-2.577j | max=2.681+3.072j
26-30-17-36 梯度监控 | raw=0.0978 | per_param=0.0029 |  natural=0.2108 | clipped=0.2108(上限20.0)
26-30-17-36 原始规范坐标 G(Re Σrow_mean) = +21.3140 | 累计|g| = 10.5592
26-30-17-36 Ψ矩阵条件数 cond(Ψ) = 9.57e+01
26-30-17-36 Loss=-3.182389 | E0=-1.04573608+0.00039784j | E1=-0.95585659+0.00043103j|E2=-0.65160968+0.00033155j|E3=-0.52918619+0.00045708j
26-30-17-36 #-----------------------------------------#
26-30-17-36 [Step  98] logΨ: mean=2.533+1.449j | min=-4.107-0.489j | max=2.714+3.024j
26-30-17-36 梯度监控 | raw=0.3893 | per_param=0.0114 |  natural=0.3978 | clipped=0.3978(上限20.0)
26-30-17-36 原始规范坐标 G(Re Σrow_mean) = +21.2550 | 累计|g| = 10.5592
26-30-17-36 Ψ矩阵条件数 cond(Ψ) = 8.72e+01
26-30-17-36 Loss=-3.188862 | E0=-1.05429914-0.00355330j | E1=-0.95336488+0.00183599j|E2=-0.65290731+0.00088102j|E3=-0.52829081-0.00103213j
26-30-17-36 #-----------------------------------------#
26-30-17-36 [Step  99] logΨ: mean=2.704+1.258j | min=-3.330+0.411j | max=2.754+3.014j
26-30-17-36 梯度监控 | raw=0.0790 | per_param=0.0023 |  natural=0.1260 | clipped=0.1260(上限20.0)
26-30-17-36 原始规范坐标 G(Re Σrow_mean) = +21.3532 | 累计|g| = 10.5592
26-30-17-36 Ψ矩阵条件数 cond(Ψ) = 8.58e+01
26-30-17-36 Loss=-3.184354 | E0=-1.04937303+0.00074323j | E1=-0.95541329+0.00147179j|E2=-0.65150509-0.00098360j|E3=-0.52806293+0.00008018j
26-30-17-36 #-----------------------------------------#
26-30-17-36 [保存] Step 99 → pickle 文件已更新 (100 条记录)
26-30-17-36 [GaugeReset@100] 吸收 Δg = Σ Re(col_mean) = +21.3532 | 新|g| = 10.7565
26-30-17-36 [Step 100] logΨ: mean=2.295+0.993j | min=-1.947-2.929j | max=2.375+2.853j
26-30-17-36 梯度监控 | raw=0.0352 | per_param=0.0010 |  natural=0.1139 | clipped=0.1139(上限20.0)
26-30-17-36 原始规范坐标 G(Re Σrow_mean) = +21.3532 | 累计|g| = 10.7565
26-30-17-36 Ψ矩阵条件数 cond(Ψ) = 8.07e+01
26-30-17-36 Loss=-3.186158 | E0=-1.04813813+0.00030845j | E1=-0.95545843+0.00118180j|E2=-0.65327251+0.00084791j|E3=-0.52928911-0.00001974j
26-30-17-36 #-----------------------------------------#
26-30-17-36 [Step 101] logΨ: mean=2.284+1.123j | min=-2.478-2.201j | max=2.348+2.811j
26-30-17-36 梯度监控 | raw=0.1935 | per_param=0.0057 |  natural=0.1690 | clipped=0.1690(上限20.0)
26-30-17-36 原始规范坐标 G(Re Σrow_mean) = +21.3806 | 累计|g| = 10.7565
26-30-17-36 Ψ矩阵条件数 cond(Ψ) = 8.04e+01
26-30-17-36 Loss=-3.183883 | E0=-1.04763304+0.00001031j | E1=-0.95336835-0.00009677j|E2=-0.65486220+0.00013032j|E3=-0.52801931-0.00016787j
26-30-17-36 #-----------------------------------------#
26-30-17-36 [Step 102] logΨ: mean=2.172+1.040j | min=-5.135-0.571j | max=2.320+2.840j
26-30-17-36 梯度监控 | raw=0.5528 | per_param=0.0162 |  natural=0.5703 | clipped=0.5703(上限20.0)
26-30-17-36 原始规范坐标 G(Re Σrow_mean) = +21.2650 | 累计|g| = 10.7565
26-30-17-36 Ψ矩阵条件数 cond(Ψ) = 8.69e+01
26-30-17-36 Loss=-3.181883 | E0=-1.04427260+0.00270653j | E1=-0.95179722+0.00064853j|E2=-0.66016613-0.00136201j|E3=-0.52564736+0.00110206j
26-30-17-36 #-----------------------------------------#
26-30-17-36 [Step 103] logΨ: mean=2.233+0.806j | min=-3.706+2.733j | max=2.303+2.823j
26-30-17-36 梯度监控 | raw=0.2170 | per_param=0.0064 |  natural=0.1195 | clipped=0.1195(上限20.0)
26-30-17-36 原始规范坐标 G(Re Σrow_mean) = +21.3153 | 累计|g| = 10.7565
26-30-17-36 Ψ矩阵条件数 cond(Ψ) = 8.76e+01
26-30-17-36 Loss=-3.185536 | E0=-1.04991694-0.00003721j | E1=-0.95160292-0.00136677j|E2=-0.65587821+0.00105680j|E3=-0.52813835+0.00011198j
26-30-17-36 #-----------------------------------------#
26-30-17-36 [Step 104] logΨ: mean=2.354+1.007j | min=-4.146-2.066j | max=2.411+2.834j
26-30-17-36 梯度监控 | raw=0.1221 | per_param=0.0036 |  natural=0.1989 | clipped=0.1989(上限20.0)
26-30-17-36 原始规范坐标 G(Re Σrow_mean) = +21.3359 | 累计|g| = 10.7565
26-30-17-36 Ψ矩阵条件数 cond(Ψ) = 8.72e+01
26-30-17-36 Loss=-3.184050 | E0=-1.04875800+0.00020534j | E1=-0.95777866+0.00153507j|E2=-0.64946525-0.00101827j|E3=-0.52804854-0.00027272j
26-30-17-36 #-----------------------------------------#
26-30-17-36 [Step 105] logΨ: mean=2.244+0.995j | min=-3.803+2.543j | max=2.390+2.697j
26-30-17-36 梯度监控 | raw=0.3509 | per_param=0.0103 |  natural=0.4808 | clipped=0.4808(上限20.0)
26-30-17-36 原始规范坐标 G(Re Σrow_mean) = +21.2999 | 累计|g| = 10.7565
26-30-17-36 Ψ矩阵条件数 cond(Ψ) = 8.70e+01
26-30-17-36 Loss=-3.187731 | E0=-1.05527330-0.00522107j | E1=-0.94767104-0.00036760j|E2=-0.65935939-0.00115071j|E3=-0.52542758+0.00242236j
26-30-17-36 #-----------------------------------------#
26-30-17-36 [Step 106] logΨ: mean=1.871+0.651j | min=-4.456+2.338j | max=2.059+2.452j
26-30-17-36 梯度监控 | raw=0.2550 | per_param=0.0075 |  natural=0.6006 | clipped=0.6006(上限20.0)
26-30-17-36 原始规范坐标 G(Re Σrow_mean) = +21.1363 | 累计|g| = 10.7565
26-30-17-36 Ψ矩阵条件数 cond(Ψ) = 8.80e+01
26-30-17-36 Loss=-3.191180 | E0=-1.05185045-0.00141191j | E1=-0.95034545-0.00071755j|E2=-0.66029083+0.00012131j|E3=-0.52869323-0.00152539j
26-30-17-36 #-----------------------------------------#
26-30-17-36 [Step 107] logΨ: mean=1.871+0.903j | min=-3.065+0.201j | max=1.969+2.536j
26-30-17-36 梯度监控 | raw=0.1633 | per_param=0.0048 |  natural=0.6332 | clipped=0.6332(上限20.0)
26-30-17-36 原始规范坐标 G(Re Σrow_mean) = +21.0625 | 累计|g| = 10.7565
26-30-17-36 Ψ矩阵条件数 cond(Ψ) = 1.02e+02
26-30-17-36 Loss=-3.188760 | E0=-1.04921692+0.00145420j | E1=-0.95002054+0.00100860j|E2=-0.66106458-0.00146456j|E3=-0.52845810+0.00101823j
26-30-17-36 #-----------------------------------------#
26-30-17-36 [Step 108] logΨ: mean=1.856+1.016j | min=-5.778+1.637j | max=1.895+2.462j
26-30-17-36 梯度监控 | raw=0.5521 | per_param=0.0162 |  natural=0.5081 | clipped=0.5081(上限20.0)
26-30-17-36 原始规范坐标 G(Re Σrow_mean) = +21.1634 | 累计|g| = 10.7565
26-30-17-36 Ψ矩阵条件数 cond(Ψ) = 1.04e+02
26-30-17-36 Loss=-3.186309 | E0=-1.04771247-0.00131990j | E1=-0.95296727-0.00099939j|E2=-0.65571692-0.00254762j|E3=-0.52991199+0.00028341j
26-30-17-36 #-----------------------------------------#
26-30-17-36 [Step 109] logΨ: mean=1.807+1.198j | min=-3.229+0.885j | max=1.875+2.449j
26-30-17-36 梯度监控 | raw=0.0780 | per_param=0.0023 |  natural=0.1361 | clipped=0.1361(上限20.0)
26-30-17-36 原始规范坐标 G(Re Σrow_mean) = +21.1454 | 累计|g| = 10.7565
26-30-17-36 Ψ矩阵条件数 cond(Ψ) = 1.05e+02
26-30-17-36 Loss=-3.186367 | E0=-1.04916670-0.00132880j | E1=-0.95393157+0.00022413j|E2=-0.65524356+0.00026724j|E3=-0.52802549+0.00055566j
26-30-17-36 #-----------------------------------------#
26-30-17-36 [GaugeReset@110] 吸收 Δg = Σ Re(col_mean) = +21.1454 | 新|g| = 10.6890
26-30-17-36 [Step 110] logΨ: mean=2.086+1.413j | min=-3.373-1.941j | max=2.134+2.606j
26-30-17-36 梯度监控 | raw=0.2832 | per_param=0.0083 |  natural=0.1065 | clipped=0.1065(上限20.0)
26-30-17-36 原始规范坐标 G(Re Σrow_mean) = +21.1807 | 累计|g| = 10.6890
26-30-17-36 Ψ矩阵条件数 cond(Ψ) = 8.91e+01
26-30-17-36 Loss=-3.185039 | E0=-1.04669081+0.00100823j | E1=-0.95607946+0.00061091j|E2=-0.65401249-0.00015394j|E3=-0.52825581-0.00127975j
26-30-17-36 #-----------------------------------------#
26-30-17-36 [Step 111] logΨ: mean=2.093+1.197j | min=-3.816+2.623j | max=2.160+2.581j
26-30-17-36 梯度监控 | raw=0.3836 | per_param=0.0113 |  natural=0.2692 | clipped=0.2692(上限20.0)
26-30-17-36 原始规范坐标 G(Re Σrow_mean) = +21.1406 | 累计|g| = 10.6890
26-30-17-36 Ψ矩阵条件数 cond(Ψ) = 1.04e+02
26-30-17-36 Loss=-3.184222 | E0=-1.04842105-0.00036429j | E1=-0.95164634+0.00059314j|E2=-0.65459620-0.00079105j|E3=-0.52955821-0.00128942j
26-30-17-36 #-----------------------------------------#
26-30-17-36 [Step 112] logΨ: mean=2.133+1.169j | min=-2.835+2.916j | max=2.164+2.572j
26-30-17-36 梯度监控 | raw=0.2416 | per_param=0.0071 |  natural=0.1398 | clipped=0.1398(上限20.0)
26-30-17-36 原始规范坐标 G(Re Σrow_mean) = +21.1675 | 累计|g| = 10.6890
26-30-17-36 Ψ矩阵条件数 cond(Ψ) = 1.00e+02
26-30-17-36 Loss=-3.186508 | E0=-1.04825478-0.00025379j | E1=-0.95442663+0.00072709j|E2=-0.65495392-0.00041835j|E3=-0.52887273-0.00054197j
26-30-17-36 #-----------------------------------------#
26-30-17-36 [Step 113] logΨ: mean=1.922+1.222j | min=-3.764-0.016j | max=2.011+2.618j
26-30-17-36 梯度监控 | raw=0.3758 | per_param=0.0110 |  natural=0.6629 | clipped=0.6629(上限20.0)
26-30-17-36 原始规范坐标 G(Re Σrow_mean) = +21.1522 | 累计|g| = 10.6890
26-30-17-36 Ψ矩阵条件数 cond(Ψ) = 1.21e+02
26-30-17-36 Loss=-3.185461 | E0=-1.04992562-0.00031951j | E1=-0.95313497+0.00051056j|E2=-0.65669632-0.00077201j|E3=-0.52570422+0.00614277j
26-30-17-36 #-----------------------------------------#
26-30-17-36 [Step 114] logΨ: mean=1.753+1.045j | min=-3.581+0.139j | max=1.902+2.734j
26-30-17-36 梯度监控 | raw=0.4605 | per_param=0.0135 |  natural=0.9572 | clipped=0.9572(上限20.0)
26-30-17-36 原始规范坐标 G(Re Σrow_mean) = +21.2568 | 累计|g| = 10.6890
26-30-17-36 Ψ矩阵条件数 cond(Ψ) = 1.45e+02
26-30-17-36 Loss=-3.188648 | E0=-1.04852317+0.00136794j | E1=-0.94795047-0.00390670j|E2=-0.66009223+0.00189271j|E3=-0.53208260+0.00410486j
26-30-17-36 #-----------------------------------------#
26-30-17-36 [Step 115] logΨ: mean=1.924+1.145j | min=-2.750-2.584j | max=2.016+2.720j
26-30-17-36 梯度监控 | raw=0.3519 | per_param=0.0103 |  natural=0.2534 | clipped=0.2534(上限20.0)
26-30-17-36 原始规范坐标 G(Re Σrow_mean) = +21.2923 | 累计|g| = 10.6890
26-30-17-36 Ψ矩阵条件数 cond(Ψ) = 1.42e+02
26-30-17-36 Loss=-3.184653 | E0=-1.04907078-0.00032907j | E1=-0.94968265-0.00061150j|E2=-0.65766443+0.00038892j|E3=-0.52823509+0.00019691j
26-30-17-36 #-----------------------------------------#
26-30-17-36 [Step 116] logΨ: mean=2.030+0.877j | min=-3.854-2.792j | max=2.166+2.726j
26-30-17-36 梯度监控 | raw=0.3506 | per_param=0.0103 |  natural=0.3745 | clipped=0.3745(上限20.0)
26-30-17-36 原始规范坐标 G(Re Σrow_mean) = +21.3665 | 累计|g| = 10.6890
26-30-17-36 Ψ矩阵条件数 cond(Ψ) = 1.24e+02
26-30-17-36 Loss=-3.180375 | E0=-1.05139158+0.00094418j | E1=-0.94957904-0.00344843j|E2=-0.65258904+0.00305909j|E3=-0.52681533-0.00090517j
26-30-17-36 #-----------------------------------------#
26-30-17-36 [Step 117] logΨ: mean=1.975+0.660j | min=-4.192+2.428j | max=2.183+2.716j
26-30-17-36 梯度监控 | raw=0.7859 | per_param=0.0231 |  natural=0.3343 | clipped=0.3343(上限20.0)
26-30-17-36 原始规范坐标 G(Re Σrow_mean) = +21.3178 | 累计|g| = 10.6890
26-30-17-36 Ψ矩阵条件数 cond(Ψ) = 1.22e+02
26-30-17-36 Loss=-3.186593 | E0=-1.05489650-0.00009909j | E1=-0.94987780-0.00121876j|E2=-0.65600415+0.00012330j|E3=-0.52581504-0.00064515j
26-30-17-36 #-----------------------------------------#
26-30-17-36 [Step 118] logΨ: mean=2.228+0.575j | min=-2.752+0.856j | max=2.331+2.760j
26-30-17-36 梯度监控 | raw=0.1684 | per_param=0.0049 |  natural=0.1767 | clipped=0.1767(上限20.0)
26-30-17-36 原始规范坐标 G(Re Σrow_mean) = +21.4411 | 累计|g| = 10.6890
26-30-17-36 Ψ矩阵条件数 cond(Ψ) = 1.16e+02
26-30-17-36 Loss=-3.185357 | E0=-1.04853009-0.00022918j | E1=-0.95066302-0.00038067j|E2=-0.65775999+0.00166413j|E3=-0.52840424-0.00016443j
26-30-17-36 #-----------------------------------------#
26-30-17-36 [Step 119] logΨ: mean=2.038+1.027j | min=-2.559-0.151j | max=2.106+2.813j
26-30-17-36 梯度监控 | raw=0.7404 | per_param=0.0217 |  natural=0.5427 | clipped=0.5427(上限20.0)
26-30-17-36 原始规范坐标 G(Re Σrow_mean) = +21.4271 | 累计|g| = 10.6890
26-30-17-36 Ψ矩阵条件数 cond(Ψ) = 1.22e+02
26-30-17-36 Loss=-3.199814 | E0=-1.05077722+0.00002198j | E1=-0.95940140+0.00106327j|E2=-0.66122299+0.00004866j|E3=-0.52841278-0.00095168j
26-30-17-36 #-----------------------------------------#
26-30-17-36 [保存] Step 119 → pickle 文件已更新 (120 条记录)
26-30-17-36 [GaugeReset@120] 吸收 Δg = Σ Re(col_mean) = +21.4271 | 新|g| = 10.8313
26-30-17-36 [Step 120] logΨ: mean=1.862+1.021j | min=-2.442-0.291j | max=1.904+2.682j
26-30-17-36 梯度监控 | raw=0.1953 | per_param=0.0057 |  natural=0.1585 | clipped=0.1585(上限20.0)
26-30-17-36 原始规范坐标 G(Re Σrow_mean) = +21.4600 | 累计|g| = 10.8313
26-30-17-36 Ψ矩阵条件数 cond(Ψ) = 1.31e+02
26-30-17-36 Loss=-3.185532 | E0=-1.04789079-0.00038168j | E1=-0.95322285+0.00024326j|E2=-0.65667949+0.00017846j|E3=-0.52773926-0.00085351j
26-30-17-36 #-----------------------------------------#
26-30-17-36 [Step 121] logΨ: mean=1.946+1.117j | min=-2.656+3.084j | max=1.999+2.668j
26-30-17-36 梯度监控 | raw=0.1696 | per_param=0.0050 |  natural=0.1570 | clipped=0.1570(上限20.0)
26-30-17-36 原始规范坐标 G(Re Σrow_mean) = +21.4588 | 累计|g| = 10.8313
26-30-17-36 Ψ矩阵条件数 cond(Ψ) = 1.27e+02
26-30-17-36 Loss=-3.183303 | E0=-1.04775573-0.00036060j | E1=-0.95316717+0.00012386j|E2=-0.65549485-0.00021300j|E3=-0.52688548-0.00042341j
26-30-17-36 #-----------------------------------------#
26-30-17-36 [Step 122] logΨ: mean=1.836+0.615j | min=-3.597-0.937j | max=1.928+2.653j
26-30-17-36 梯度监控 | raw=0.7168 | per_param=0.0210 |  natural=0.4294 | clipped=0.4294(上限20.0)
26-30-17-36 原始规范坐标 G(Re Σrow_mean) = +21.4426 | 累计|g| = 10.8313
26-30-17-36 Ψ矩阵条件数 cond(Ψ) = 1.05e+02
26-30-17-36 Loss=-3.189652 | E0=-1.05237049+0.00016678j | E1=-0.95439504-0.00063475j|E2=-0.65579053+0.00040167j|E3=-0.52709597+0.00094069j
26-30-17-36 #-----------------------------------------#
26-30-17-36 [Step 123] logΨ: mean=2.621-0.952j | min=-5.072-2.427j | max=2.716+0.074j
26-30-17-36 梯度监控 | raw=0.8372 | per_param=0.0246 |  natural=1.6976 | clipped=1.6976(上限20.0)
26-30-17-36 原始规范坐标 G(Re Σrow_mean) = +21.7763 | 累计|g| = 10.8313
26-30-17-36 Ψ矩阵条件数 cond(Ψ) = 2.36e+02
26-30-17-36 Loss=-3.172429 | E0=-1.05068709+0.00232125j | E1=-0.95590709+0.00004899j|E2=-0.65135314+0.00002117j|E3=-0.51448123+0.00752372j
26-30-17-36 #-----------------------------------------#
26-30-17-36 [Step 124] logΨ: mean=2.475+1.086j | min=-2.781+0.855j | max=2.582+3.011j
26-30-17-36 梯度监控 | raw=0.3126 | per_param=0.0092 |  natural=0.7878 | clipped=0.7878(上限20.0)
26-30-17-36 原始规范坐标 G(Re Σrow_mean) = +21.7822 | 累计|g| = 10.8313
26-30-17-36 Ψ矩阵条件数 cond(Ψ) = 2.04e+02
26-30-17-36 Loss=-3.190727 | E0=-1.04766594+0.00076946j | E1=-0.95643408+0.00201436j|E2=-0.65838158-0.00376182j|E3=-0.52824515+0.00017839j
26-30-17-36 #-----------------------------------------#
26-30-17-36 [Step 125] logΨ: mean=2.559+1.369j | min=-4.184+2.787j | max=2.628+3.046j
26-30-17-36 梯度监控 | raw=0.1667 | per_param=0.0049 |  natural=0.3059 | clipped=0.3059(上限20.0)
26-30-17-36 原始规范坐标 G(Re Σrow_mean) = +21.7816 | 累计|g| = 10.8313
26-30-17-36 Ψ矩阵条件数 cond(Ψ) = 2.24e+02
26-30-17-36 Loss=-3.185364 | E0=-1.04318345-0.00021574j | E1=-0.95603002+0.00081966j|E2=-0.65800404-0.00167245j|E3=-0.52814611+0.00105287j
26-30-17-36 #-----------------------------------------#
26-30-17-36 [Step 126] logΨ: mean=2.544+1.434j | min=-1.764-0.393j | max=2.644+3.040j
26-30-17-36 梯度监控 | raw=0.1431 | per_param=0.0042 |  natural=0.2080 | clipped=0.2080(上限20.0)
26-30-17-36 原始规范坐标 G(Re Σrow_mean) = +21.7881 | 累计|g| = 10.8313
26-30-17-36 Ψ矩阵条件数 cond(Ψ) = 2.19e+02
26-30-17-36 Loss=-3.181633 | E0=-1.04831630+0.00006120j | E1=-0.95600283-0.00021793j|E2=-0.65255272+0.00023430j|E3=-0.52476121+0.00063221j
26-30-17-36 #-----------------------------------------#
26-30-17-36 [Step 127] logΨ: mean=2.567+1.359j | min=-1.841+2.722j | max=2.633+2.983j
26-30-17-36 梯度监控 | raw=0.2513 | per_param=0.0074 |  natural=0.2047 | clipped=0.2047(上限20.0)
26-30-17-36 原始规范坐标 G(Re Σrow_mean) = +21.8208 | 累计|g| = 10.8313
26-30-17-36 Ψ矩阵条件数 cond(Ψ) = 2.04e+02
26-30-17-36 Loss=-3.183152 | E0=-1.04545270+0.00002802j | E1=-0.95571954-0.00008010j|E2=-0.65287597-0.00038773j|E3=-0.52910376+0.00023454j
26-30-17-36 #-----------------------------------------#
26-30-17-36 [Step 128] logΨ: mean=2.595+1.104j | min=-4.231-0.593j | max=2.665+2.965j
26-30-17-36 梯度监控 | raw=0.0869 | per_param=0.0026 |  natural=0.1193 | clipped=0.1193(上限20.0)
26-30-17-36 原始规范坐标 G(Re Σrow_mean) = +21.8258 | 累计|g| = 10.8313
26-30-17-36 Ψ矩阵条件数 cond(Ψ) = 1.99e+02
26-30-17-36 Loss=-3.184115 | E0=-1.04723332-0.00009888j | E1=-0.95269513-0.00065373j|E2=-0.65534488+0.00063549j|E3=-0.52884154+0.00039928j
26-30-17-36 #-----------------------------------------#
26-30-17-36 [Step 129] logΨ: mean=2.682+1.244j | min=-2.512-2.995j | max=2.746+2.992j
26-30-17-36 梯度监控 | raw=0.0685 | per_param=0.0020 |  natural=0.1339 | clipped=0.1339(上限20.0)
26-30-17-36 原始规范坐标 G(Re Σrow_mean) = +21.8255 | 累计|g| = 10.8313
26-30-17-36 Ψ矩阵条件数 cond(Ψ) = 1.94e+02
26-30-17-36 Loss=-3.183828 | E0=-1.04785521+0.00029219j | E1=-0.95621363-0.00001147j|E2=-0.65145565-0.00037218j|E3=-0.52830367+0.00017006j
26-30-17-36 #-----------------------------------------#
26-30-17-36 [GaugeReset@130] 吸收 Δg = Σ Re(col_mean) = +21.8255 | 新|g| = 11.0272
26-30-17-36 [Step 130] logΨ: mean=2.106+1.536j | min=-4.346+0.236j | max=2.273+2.980j
26-30-17-36 梯度监控 | raw=0.5053 | per_param=0.0148 |  natural=0.3086 | clipped=0.3086(上限20.0)
26-30-17-36 原始规范坐标 G(Re Σrow_mean) = +21.7971 | 累计|g| = 11.0272
26-30-17-36 Ψ矩阵条件数 cond(Ψ) = 1.56e+02
26-30-17-36 Loss=-3.180967 | E0=-1.04308799+0.00037172j | E1=-0.95507164+0.00081766j|E2=-0.65425889+0.00119453j|E3=-0.52854799+0.00002549j
26-30-17-36 #-----------------------------------------#
26-30-17-36 [Step 131] logΨ: mean=1.903+1.356j | min=-2.535+2.459j | max=2.017+2.716j
26-30-17-36 梯度监控 | raw=0.2088 | per_param=0.0061 |  natural=0.6761 | clipped=0.6761(上限20.0)
26-30-17-36 原始规范坐标 G(Re Σrow_mean) = +21.7007 | 累计|g| = 11.0272
26-30-17-36 Ψ矩阵条件数 cond(Ψ) = 1.37e+02
26-30-17-36 Loss=-3.190448 | E0=-1.04770173+0.00045513j | E1=-0.95057118-0.00029414j|E2=-0.66319867-0.00329513j|E3=-0.52897669-0.00007601j
26-30-17-36 #-----------------------------------------#
26-30-17-36 [Step 132] logΨ: mean=1.661+1.539j | min=-4.536+0.097j | max=1.786+3.011j
26-30-17-36 梯度监控 | raw=0.3874 | per_param=0.0114 |  natural=0.7946 | clipped=0.7946(上限20.0)
26-30-17-36 原始规范坐标 G(Re Σrow_mean) = +21.6760 | 累计|g| = 11.0272
26-30-17-36 Ψ矩阵条件数 cond(Ψ) = 2.17e+02
26-30-17-36 Loss=-3.183473 | E0=-1.04676827+0.00265322j | E1=-0.94793524-0.00348648j|E2=-0.65873500+0.00222327j|E3=-0.53003447+0.00048614j
26-30-17-36 #-----------------------------------------#
26-30-17-36 [Step 133] logΨ: mean=1.687+1.512j | min=-2.417-1.127j | max=1.784+2.946j
26-30-17-36 梯度监控 | raw=1.1523 | per_param=0.0338 |  natural=0.2486 | clipped=0.2486(上限20.0)
26-30-17-36 原始规范坐标 G(Re Σrow_mean) = +21.6542 | 累计|g| = 11.0272
26-30-17-36 Ψ矩阵条件数 cond(Ψ) = 4.50e+01
26-30-17-36 Loss=-3.184010 | E0=-1.04373459-0.00299508j | E1=-0.95696804-0.00070728j|E2=-0.65065832+0.00117208j|E3=-0.53264930+0.00014368j
26-30-17-36 #-----------------------------------------#
26-30-17-36 [Step 134] logΨ: mean=1.835+1.306j | min=-5.578-2.964j | max=1.962+2.819j
26-30-17-36 梯度监控 | raw=1.9641 | per_param=0.0577 |  natural=0.7415 | clipped=0.7415(上限20.0)
26-30-17-36 原始规范坐标 G(Re Σrow_mean) = +21.7272 | 累计|g| = 11.0272
26-30-17-36 Ψ矩阵条件数 cond(Ψ) = 1.50e+02
26-30-17-36 Loss=-3.176982 | E0=-1.04413748+0.00137552j | E1=-0.95025702+0.00162273j|E2=-0.64974231-0.00068968j|E3=-0.53284534-0.00066127j
26-30-17-36 #-----------------------------------------#
26-30-17-36 [Step 135] logΨ: mean=1.921+1.368j | min=-2.545-0.294j | max=1.994+2.789j
26-30-17-36 梯度监控 | raw=0.3531 | per_param=0.0104 |  natural=0.1807 | clipped=0.1807(上限20.0)
26-30-17-36 原始规范坐标 G(Re Σrow_mean) = +21.7643 | 累计|g| = 11.0272
26-30-17-36 Ψ矩阵条件数 cond(Ψ) = 1.48e+02
26-30-17-36 Loss=-3.184251 | E0=-1.04396703+0.00059434j | E1=-0.95359070+0.00040302j|E2=-0.65541015+0.00018570j|E3=-0.53128326-0.00017554j
26-30-17-36 #-----------------------------------------#
26-30-17-36 [Step 136] logΨ: mean=1.900+1.724j | min=-3.465-2.501j | max=2.026+2.798j
26-30-17-36 梯度监控 | raw=0.3013 | per_param=0.0088 |  natural=0.2263 | clipped=0.2263(上限20.0)
26-30-17-36 原始规范坐标 G(Re Σrow_mean) = +21.7630 | 累计|g| = 11.0272
26-30-17-36 Ψ矩阵条件数 cond(Ψ) = 1.48e+02
26-30-17-36 Loss=-3.181307 | E0=-1.04456390+0.00068963j | E1=-0.95463357+0.00068284j|E2=-0.65154048+0.00027487j|E3=-0.53056940-0.00012746j
26-30-17-36 #-----------------------------------------#
26-30-17-36 [Step 137] logΨ: mean=1.960+1.449j | min=-4.091+3.092j | max=2.069+2.785j
26-30-17-36 梯度监控 | raw=0.5130 | per_param=0.0151 |  natural=0.2141 | clipped=0.2141(上限20.0)
26-30-17-36 原始规范坐标 G(Re Σrow_mean) = +21.8048 | 累计|g| = 11.0272
26-30-17-36 Ψ矩阵条件数 cond(Ψ) = 1.42e+02
26-30-17-36 Loss=-3.184353 | E0=-1.04683183+0.00150463j | E1=-0.95174657+0.00086401j|E2=-0.65400595+0.00025617j|E3=-0.53176849-0.00063949j
26-30-17-36 #-----------------------------------------#
26-30-17-36 [Step 138] logΨ: mean=1.982+1.286j | min=-2.646-0.954j | max=2.064+2.738j
26-30-17-36 梯度监控 | raw=1.5164 | per_param=0.0445 |  natural=0.2829 | clipped=0.2829(上限20.0)
26-30-17-36 原始规范坐标 G(Re Σrow_mean) = +21.7728 | 累计|g| = 11.0272
26-30-17-36 Ψ矩阵条件数 cond(Ψ) = 1.47e+02
26-30-17-36 Loss=-3.184174 | E0=-1.04245962-0.00368495j | E1=-0.95349766+0.00069095j|E2=-0.65725077-0.00043842j|E3=-0.53096637-0.00072987j
26-30-17-36 #-----------------------------------------#
26-30-17-36 [Step 139] logΨ: mean=1.896+0.832j | min=-2.978+1.495j | max=1.996+2.707j
26-30-17-36 梯度监控 | raw=0.4645 | per_param=0.0136 |  natural=0.2792 | clipped=0.2792(上限20.0)
26-30-17-36 原始规范坐标 G(Re Σrow_mean) = +21.7317 | 累计|g| = 11.0272
26-30-17-36 Ψ矩阵条件数 cond(Ψ) = 1.58e+02
26-30-17-36 Loss=-3.189490 | E0=-1.04533994-0.00175743j | E1=-0.95393213+0.00076646j|E2=-0.65754366-0.00040117j|E3=-0.53267399+0.00080760j
26-30-17-36 #-----------------------------------------#
26-30-17-36 [保存] Step 139 → pickle 文件已更新 (140 条记录)
26-30-17-36 [GaugeReset@140] 吸收 Δg = Σ Re(col_mean) = +21.7317 | 新|g| = 10.9935
26-30-17-36 [Step 140] logΨ: mean=2.046+0.922j | min=-3.085-1.346j | max=2.144+2.879j
26-30-17-36 梯度监控 | raw=0.1122 | per_param=0.0033 |  natural=0.1600 | clipped=0.1600(上限20.0)
26-30-17-36 原始规范坐标 G(Re Σrow_mean) = +21.7587 | 累计|g| = 10.9935
26-30-17-36 Ψ矩阵条件数 cond(Ψ) = 1.25e+02
26-30-17-36 Loss=-3.186746 | E0=-1.04932453+0.00038998j | E1=-0.95113543-0.00000756j|E2=-0.65685069+0.00085161j|E3=-0.52943525-0.00072797j
26-30-17-36 #-----------------------------------------#
26-30-17-36 [Step 141] logΨ: mean=2.133+1.142j | min=-3.892+2.935j | max=2.175+2.860j
26-30-17-36 梯度监控 | raw=0.2865 | per_param=0.0084 |  natural=0.1870 | clipped=0.1870(上限20.0)
26-30-17-36 原始规范坐标 G(Re Σrow_mean) = +21.8024 | 累计|g| = 10.9935
26-30-17-36 Ψ矩阵条件数 cond(Ψ) = 1.69e+02
26-30-17-36 Loss=-3.186572 | E0=-1.04820612-0.00045015j | E1=-0.95416811+0.00012502j|E2=-0.65429287+0.00033001j|E3=-0.52990522-0.00029507j
26-30-17-36 #-----------------------------------------#
26-30-17-36 [Step 142] logΨ: mean=2.174+1.060j | min=-2.273-0.971j | max=2.247+2.881j
26-30-17-36 梯度监控 | raw=0.2266 | per_param=0.0067 |  natural=0.2104 | clipped=0.2104(上限20.0)
26-30-17-36 原始规范坐标 G(Re Σrow_mean) = +21.8095 | 累计|g| = 10.9935
26-30-17-36 Ψ矩阵条件数 cond(Ψ) = 1.72e+02
26-30-17-36 Loss=-3.186673 | E0=-1.04988420-0.00032903j | E1=-0.95436574+0.00054198j|E2=-0.65393579+0.00037501j|E3=-0.52848739-0.00062960j
26-30-17-36 #-----------------------------------------#
26-30-17-36 [Step 143] logΨ: mean=2.182+1.372j | min=-2.876+1.333j | max=2.269+2.893j
26-30-17-36 梯度监控 | raw=0.2772 | per_param=0.0081 |  natural=0.2118 | clipped=0.2118(上限20.0)
26-30-17-36 原始规范坐标 G(Re Σrow_mean) = +21.8097 | 累计|g| = 10.9935
26-30-17-36 Ψ矩阵条件数 cond(Ψ) = 1.18e+02
26-30-17-36 Loss=-3.188584 | E0=-1.04887092-0.00112607j | E1=-0.95309748+0.00068257j|E2=-0.65612258+0.00041684j|E3=-0.53049312+0.00009341j
26-30-17-36 #-----------------------------------------#
26-30-17-36 [Step 144] logΨ: mean=2.230+1.512j | min=-2.930+1.321j | max=2.321+2.867j
26-30-17-36 梯度监控 | raw=0.3134 | per_param=0.0092 |  natural=0.1591 | clipped=0.1591(上限20.0)
26-30-17-36 原始规范坐标 G(Re Σrow_mean) = +21.8169 | 累计|g| = 10.9935
26-30-17-36 Ψ矩阵条件数 cond(Ψ) = 1.61e+02
26-30-17-36 Loss=-3.184341 | E0=-1.04769723+0.00042389j | E1=-0.95312213+0.00030061j|E2=-0.65501906+0.00019734j|E3=-0.52850262-0.00045502j
26-30-17-36 #-----------------------------------------#
26-30-17-36 [Step 145] logΨ: mean=2.153+1.529j | min=-2.522+1.711j | max=2.250+2.859j
26-30-17-36 梯度监控 | raw=1.0251 | per_param=0.0301 |  natural=0.2753 | clipped=0.2753(上限20.0)
26-30-17-36 原始规范坐标 G(Re Σrow_mean) = +21.7770 | 累计|g| = 10.9935
26-30-17-36 Ψ矩阵条件数 cond(Ψ) = 1.64e+02
26-30-17-36 Loss=-3.191113 | E0=-1.05141249-0.00403115j | E1=-0.95474915-0.00111606j|E2=-0.65125037+0.00120771j|E3=-0.53370100-0.00019921j
26-30-17-36 #-----------------------------------------#
26-30-17-36 [Step 146] logΨ: mean=2.144+1.333j | min=-2.801-1.482j | max=2.246+2.848j
26-30-17-36 梯度监控 | raw=0.3623 | per_param=0.0106 |  natural=0.2025 | clipped=0.2025(上限20.0)
26-30-17-36 原始规范坐标 G(Re Σrow_mean) = +21.7896 | 累计|g| = 10.9935
26-30-17-36 Ψ矩阵条件数 cond(Ψ) = 1.65e+02
26-30-17-36 Loss=-3.190454 | E0=-1.04912422-0.00033212j | E1=-0.95425848+0.00055161j|E2=-0.65432691+0.00081231j|E3=-0.53274416-0.00080891j
26-30-17-36 #-----------------------------------------#
26-30-17-36 [Step 147] logΨ: mean=2.119+1.843j | min=-3.857-2.930j | max=2.271+2.838j
26-30-17-36 梯度监控 | raw=0.9164 | per_param=0.0269 |  natural=0.2510 | clipped=0.2510(上限20.0)
26-30-17-36 原始规范坐标 G(Re Σrow_mean) = +21.7858 | 累计|g| = 10.9935
26-30-17-36 Ψ矩阵条件数 cond(Ψ) = 1.68e+02
26-30-17-36 Loss=-3.187715 | E0=-1.05165456-0.00185424j | E1=-0.95034883+0.00172603j|E2=-0.65606712-0.00007251j|E3=-0.52964411-0.00000630j
26-30-17-36 #-----------------------------------------#
26-30-17-36 [Step 148] logΨ: mean=2.196+1.944j | min=-3.134+2.903j | max=2.343+2.822j
26-30-17-36 梯度监控 | raw=0.7010 | per_param=0.0206 |  natural=0.1988 | clipped=0.1988(上限20.0)
26-30-17-36 原始规范坐标 G(Re Σrow_mean) = +21.7814 | 累计|g| = 10.9935
26-30-17-36 Ψ矩阵条件数 cond(Ψ) = 1.64e+02
26-30-17-36 Loss=-3.189097 | E0=-1.05189831+0.00004724j | E1=-0.95095535-0.00094459j|E2=-0.65509158+0.00174182j|E3=-0.53115218-0.00047892j
26-30-17-36 #-----------------------------------------#
26-30-17-36 [Step 149] logΨ: mean=1.745-1.918j | min=-4.189-0.481j | max=1.867+0.176j
26-30-17-36 梯度监控 | raw=1.0834 | per_param=0.0318 |  natural=1.9455 | clipped=1.9455(上限20.0)
26-30-17-36 原始规范坐标 G(Re Σrow_mean) = +22.0524 | 累计|g| = 10.9935
26-30-17-36 Ψ矩阵条件数 cond(Ψ) = 3.84e+02
26-30-17-36 Loss=-3.202140 | E0=-1.05021286+0.00055929j | E1=-0.95770315-0.00080209j|E2=-0.65993846+0.00010406j|E3=-0.53428587+0.00996821j
26-30-17-36 #-----------------------------------------#
26-30-17-36 [GaugeReset@150] 吸收 Δg = Σ Re(col_mean) = +22.0524 | 新|g| = 11.1377
26-30-17-36 [Step 150] logΨ: mean=1.522-1.952j | min=-3.303+1.385j | max=1.714+0.133j
26-30-17-36 梯度监控 | raw=1.7091 | per_param=0.0502 |  natural=0.4173 | clipped=0.4173(上限20.0)
26-30-17-36 原始规范坐标 G(Re Σrow_mean) = +21.9742 | 累计|g| = 11.1377
26-30-17-36 Ψ矩阵条件数 cond(Ψ) = 3.48e+02
26-30-17-36 Loss=-3.161717 | E0=-1.02460124-0.00215908j | E1=-0.95875599-0.00028835j|E2=-0.64513997-0.00013807j|E3=-0.53321991-0.00071488j
26-30-17-36 #-----------------------------------------#
26-30-17-36 [Step 151] logΨ: mean=1.710-1.875j | min=-4.672+2.520j | max=1.768+0.053j
26-30-17-36 梯度监控 | raw=0.2923 | per_param=0.0086 |  natural=0.2302 | clipped=0.2302(上限20.0)
26-30-17-36 原始规范坐标 G(Re Σrow_mean) = +22.1227 | 累计|g| = 11.1377
26-30-17-36 Ψ矩阵条件数 cond(Ψ) = 3.52e+02
26-30-17-36 Loss=-3.190679 | E0=-1.04932535-0.00027855j | E1=-0.95320015+0.00043420j|E2=-0.65468574+0.00040447j|E3=-0.53346774-0.00021686j
26-30-17-36 #-----------------------------------------#
26-30-17-36 [Step 152] logΨ: mean=1.643+1.627j | min=-5.271-0.455j | max=1.834+2.983j
26-30-17-36 梯度监控 | raw=0.7701 | per_param=0.0226 |  natural=0.8614 | clipped=0.8614(上限20.0)
26-30-17-36 原始规范坐标 G(Re Σrow_mean) = +21.9891 | 累计|g| = 11.1377
26-30-17-36 Ψ矩阵条件数 cond(Ψ) = 1.96e+02
26-30-17-36 Loss=-3.177623 | E0=-1.04295504+0.00127634j | E1=-0.95098903-0.00061555j|E2=-0.65059881-0.00335241j|E3=-0.53308001-0.00150705j
26-30-17-36 #-----------------------------------------#
26-30-17-36 [Step 153] logΨ: mean=1.932+1.158j | min=-2.060-0.342j | max=1.976+2.966j
26-30-17-36 梯度监控 | raw=0.2063 | per_param=0.0061 |  natural=0.1561 | clipped=0.1561(上限20.0)
26-30-17-36 原始规范坐标 G(Re Σrow_mean) = +22.1235 | 累计|g| = 11.1377
26-30-17-36 Ψ矩阵条件数 cond(Ψ) = 1.85e+02
26-30-17-36 Loss=-3.187618 | E0=-1.05003539+0.00091557j | E1=-0.95392627-0.00009209j|E2=-0.65489627-0.00020707j|E3=-0.52876006+0.00021074j
26-30-17-36 #-----------------------------------------#
26-30-17-36 [Step 154] logΨ: mean=2.013+1.262j | min=-2.884-3.089j | max=2.075+2.969j
26-30-17-36 梯度监控 | raw=0.1806 | per_param=0.0053 |  natural=0.1610 | clipped=0.1610(上限20.0)
26-30-17-36 原始规范坐标 G(Re Σrow_mean) = +22.1454 | 累计|g| = 11.1377
26-30-17-36 Ψ矩阵条件数 cond(Ψ) = 1.77e+02
26-30-17-36 Loss=-3.187303 | E0=-1.05108837+0.00039395j | E1=-0.95168175+0.00031699j|E2=-0.65462171+0.00067273j|E3=-0.52991137+0.00028773j
26-30-17-36 #-----------------------------------------#
26-30-17-36 [Step 155] logΨ: mean=1.872+1.146j | min=-2.942-0.656j | max=1.969+2.904j
26-30-17-36 梯度监控 | raw=0.3961 | per_param=0.0116 |  natural=0.5011 | clipped=0.5011(上限20.0)
26-30-17-36 原始规范坐标 G(Re Σrow_mean) = +22.2159 | 累计|g| = 11.1377
26-30-17-36 Ψ矩阵条件数 cond(Ψ) = 2.16e+02
26-30-17-36 Loss=-3.187757 | E0=-1.04813880+0.00118107j | E1=-0.95384088+0.00008562j|E2=-0.65384711+0.00051756j|E3=-0.53192992+0.00045158j
26-30-17-36 #-----------------------------------------#
26-30-17-36 [Step 156] logΨ: mean=2.020+0.548j | min=-2.249-0.554j | max=2.115+2.904j
26-30-17-36 梯度监控 | raw=0.5150 | per_param=0.0151 |  natural=0.2515 | clipped=0.2515(上限20.0)
26-30-17-36 原始规范坐标 G(Re Σrow_mean) = +22.2212 | 累计|g| = 11.1377
26-30-17-36 Ψ矩阵条件数 cond(Ψ) = 1.92e+02
26-30-17-36 Loss=-3.183517 | E0=-1.05019997-0.00189527j | E1=-0.95448645+0.00102155j|E2=-0.64976139-0.00049859j|E3=-0.52906928+0.00078935j
26-30-17-36 #-----------------------------------------#
26-30-17-36 [Step 157] logΨ: mean=2.072+0.874j | min=-4.710+2.892j | max=2.153+2.883j
26-30-17-36 梯度监控 | raw=0.3135 | per_param=0.0092 |  natural=0.2046 | clipped=0.2046(上限20.0)
26-30-17-36 原始规范坐标 G(Re Σrow_mean) = +22.2270 | 累计|g| = 11.1377
26-30-17-36 Ψ矩阵条件数 cond(Ψ) = 1.76e+02
26-30-17-36 Loss=-3.187457 | E0=-1.05238172-0.00124888j | E1=-0.95117808+0.00034325j|E2=-0.65401955-0.00028850j|E3=-0.52987782+0.00010850j
26-30-17-36 #-----------------------------------------#
26-30-17-36 [Step 158] logΨ: mean=2.011+1.063j | min=-2.907+2.623j | max=2.133+2.823j
26-30-17-36 梯度监控 | raw=0.8391 | per_param=0.0246 |  natural=0.5633 | clipped=0.5633(上限20.0)
26-30-17-36 原始规范坐标 G(Re Σrow_mean) = +22.2241 | 累计|g| = 11.1377
26-30-17-36 Ψ矩阵条件数 cond(Ψ) = 1.65e+02
26-30-17-36 Loss=-3.185267 | E0=-1.05235094+0.00029788j | E1=-0.95395287-0.00136716j|E2=-0.65032021-0.00147370j|E3=-0.52864291-0.00023054j
26-30-17-36 #-----------------------------------------#
26-30-17-36 [Step 159] logΨ: mean=2.201+1.392j | min=-2.678-0.124j | max=2.244+2.878j
26-30-17-36 梯度监控 | raw=0.3494 | per_param=0.0103 |  natural=0.3831 | clipped=0.3831(上限20.0)
26-30-17-36 原始规范坐标 G(Re Σrow_mean) = +22.3270 | 累计|g| = 11.1377
26-30-17-36 Ψ矩阵条件数 cond(Ψ) = 1.56e+02
26-30-17-36 Loss=-3.189778 | E0=-1.05163737+0.00051813j | E1=-0.95492165-0.00015160j|E2=-0.65592505-0.00045768j|E3=-0.52729345+0.00004143j
26-30-17-36 #-----------------------------------------#
26-30-17-36 [保存] Step 159 → pickle 文件已更新 (160 条记录)
26-30-17-36 [GaugeReset@160] 吸收 Δg = Σ Re(col_mean) = +22.3270 | 新|g| = 11.2844
26-30-17-36 [Step 160] logΨ: mean=1.879+1.783j | min=-3.214+1.846j | max=1.985+2.993j
26-30-17-36 梯度监控 | raw=0.3170 | per_param=0.0093 |  natural=0.3775 | clipped=0.3775(上限20.0)
26-30-17-36 原始规范坐标 G(Re Σrow_mean) = +22.2439 | 累计|g| = 11.2844
26-30-17-36 Ψ矩阵条件数 cond(Ψ) = 1.93e+02
26-30-17-36 Loss=-3.183724 | E0=-1.05145210-0.00117560j | E1=-0.95273772-0.00110967j|E2=-0.65389581+0.00042791j|E3=-0.52563795-0.00176991j
26-30-17-36 #-----------------------------------------#
26-30-17-36 [Step 161] logΨ: mean=1.905+1.264j | min=-2.686-2.001j | max=1.955+2.970j
26-30-17-36 梯度监控 | raw=0.2808 | per_param=0.0082 |  natural=0.1912 | clipped=0.1912(上限20.0)
26-30-17-36 原始规范坐标 G(Re Σrow_mean) = +22.2779 | 累计|g| = 11.2844
26-30-17-36 Ψ矩阵条件数 cond(Ψ) = 1.91e+02
26-30-17-36 Loss=-3.188977 | E0=-1.05245317-0.00068148j | E1=-0.95226277+0.00006646j|E2=-0.65742602-0.00027743j|E3=-0.52683465+0.00106854j
26-30-17-36 #-----------------------------------------#
26-30-17-36 [Step 162] logΨ: mean=1.810+1.030j | min=-3.552+1.679j | max=1.920+2.943j
26-30-17-36 梯度监控 | raw=0.4419 | per_param=0.0130 |  natural=0.5063 | clipped=0.5063(上限20.0)
26-30-17-36 原始规范坐标 G(Re Σrow_mean) = +22.2590 | 累计|g| = 11.2844
26-30-17-36 Ψ矩阵条件数 cond(Ψ) = 1.90e+02
26-30-17-36 Loss=-3.197255 | E0=-1.05042000-0.00016395j | E1=-0.95603970-0.00026148j|E2=-0.66278445+0.00158797j|E3=-0.52801131+0.00051010j
26-30-17-36 #-----------------------------------------#
26-30-17-36 [Step 163] logΨ: mean=1.884+1.282j | min=-3.977+2.965j | max=1.945+2.871j
26-30-17-36 梯度监控 | raw=0.1369 | per_param=0.0040 |  natural=0.3297 | clipped=0.3297(上限20.0)
26-30-17-36 原始规范坐标 G(Re Σrow_mean) = +22.2897 | 累计|g| = 11.2844
26-30-17-36 Ψ矩阵条件数 cond(Ψ) = 1.98e+02
26-30-17-36 Loss=-3.187045 | E0=-1.04972313-0.00051974j | E1=-0.95340961+0.00013632j|E2=-0.65643586+0.00000091j|E3=-0.52747645-0.00136137j
26-30-17-36 #-----------------------------------------#
26-30-17-36 [Step 164] logΨ: mean=1.961-1.616j | min=-5.207+0.817j | max=2.087+0.100j
26-30-17-36 梯度监控 | raw=0.8055 | per_param=0.0237 |  natural=1.4901 | clipped=1.4901(上限20.0)
26-30-17-36 原始规范坐标 G(Re Σrow_mean) = +22.3164 | 累计|g| = 11.2844
26-30-17-36 Ψ矩阵条件数 cond(Ψ) = 4.97e+02
26-30-17-36 Loss=-3.188860 | E0=-1.05013782+0.00561920j | E1=-0.95419890+0.00051128j|E2=-0.65752110+0.00152386j|E3=-0.52700179+0.00403537j
26-30-17-36 #-----------------------------------------#
26-30-17-36 [Step 165] logΨ: mean=1.664-1.640j | min=-4.639-2.897j | max=1.762+0.077j
26-30-17-36 梯度监控 | raw=0.8607 | per_param=0.0253 |  natural=0.7819 | clipped=0.7819(上限20.0)
26-30-17-36 原始规范坐标 G(Re Σrow_mean) = +22.2726 | 累计|g| = 11.2844
26-30-17-36 Ψ矩阵条件数 cond(Ψ) = 6.37e+02
26-30-17-36 Loss=-3.189348 | E0=-1.05074776+0.00067506j | E1=-0.95644458-0.00063724j|E2=-0.65148777-0.00286283j|E3=-0.53066783+0.00123880j
26-30-17-36 #-----------------------------------------#
26-30-17-36 [Step 166] logΨ: mean=1.670-1.635j | min=-4.387+2.833j | max=1.822+0.029j
26-30-17-36 梯度监控 | raw=0.6510 | per_param=0.0191 |  natural=0.4739 | clipped=0.4739(上限20.0)
26-30-17-36 原始规范坐标 G(Re Σrow_mean) = +22.2904 | 累计|g| = 11.2844
26-30-17-36 Ψ矩阵条件数 cond(Ψ) = 1.10e+03
26-30-17-36 Loss=-3.185292 | E0=-1.04756903+0.00081317j | E1=-0.95381595-0.00015804j|E2=-0.65203971+0.00048947j|E3=-0.53186736-0.00295785j
26-30-17-36 #-----------------------------------------#
26-30-17-36 [Step 167] logΨ: mean=1.431-1.692j | min=-4.990+0.271j | max=1.488+0.231j
26-30-17-36 梯度监控 | raw=0.7690 | per_param=0.0226 |  natural=1.2998 | clipped=1.2998(上限20.0)
26-30-17-36 原始规范坐标 G(Re Σrow_mean) = +22.4712 | 累计|g| = 11.2844
26-30-17-36 Ψ矩阵条件数 cond(Ψ) = 8.19e+02
26-30-17-36 Loss=-3.201908 | E0=-1.05129974+0.00077059j | E1=-0.95649973+0.00020410j|E2=-0.65306389+0.00066040j|E3=-0.54104455+0.01110621j
26-30-17-36 #-----------------------------------------#
26-30-17-36 [Step 168] logΨ: mean=1.400-1.896j | min=-3.157-3.006j | max=1.492+0.190j
26-30-17-36 梯度监控 | raw=0.3482 | per_param=0.0102 |  natural=0.1890 | clipped=0.1890(上限20.0)
26-30-17-36 原始规范坐标 G(Re Σrow_mean) = +22.4730 | 累计|g| = 11.2844
26-30-17-36 Ψ矩阵条件数 cond(Ψ) = 7.19e+02
26-30-17-36 Loss=-3.188420 | E0=-1.04847165+0.00516602j | E1=-0.95452010-0.00066714j|E2=-0.65339791+0.00161699j|E3=-0.53203051+0.00031207j
26-30-17-36 #-----------------------------------------#
26-30-17-36 [Step 169] logΨ: mean=1.594-2.256j | min=-3.436-2.755j | max=1.637+0.153j
26-30-17-36 梯度监控 | raw=0.6618 | per_param=0.0194 |  natural=0.2709 | clipped=0.2709(上限20.0)
26-30-17-36 原始规范坐标 G(Re Σrow_mean) = +22.5503 | 累计|g| = 11.2844
26-30-17-36 Ψ矩阵条件数 cond(Ψ) = 1.64e+03
26-30-17-36 Loss=-3.190129 | E0=-1.04614435+0.00203803j | E1=-0.95489436+0.00050258j|E2=-0.65474994+0.00102249j|E3=-0.53434049-0.00010876j
26-30-17-36 #-----------------------------------------#
26-30-17-36 [GaugeReset@170] 吸收 Δg = Σ Re(col_mean) = +22.5503 | 新|g| = 11.3828
26-30-17-36 [Step 170] logΨ: mean=1.420-2.033j | min=-3.222-0.910j | max=1.535+0.079j
26-30-17-36 梯度监控 | raw=0.8958 | per_param=0.0263 |  natural=0.2158 | clipped=0.2158(上限20.0)
26-30-17-36 原始规范坐标 G(Re Σrow_mean) = +22.5518 | 累计|g| = 11.3828
26-30-17-36 Ψ矩阵条件数 cond(Ψ) = 5.91e+02
26-30-17-36 Loss=-3.183052 | E0=-1.04304347-0.00013853j | E1=-0.95532440+0.00096602j|E2=-0.65189063+0.00058772j|E3=-0.53279332+0.00036330j
26-30-17-36 #-----------------------------------------#
26-30-17-36 [Step 171] logΨ: mean=1.557-1.632j | min=-5.354-1.710j | max=1.653+0.072j
26-30-17-36 梯度监控 | raw=0.9954 | per_param=0.0292 |  natural=0.3307 | clipped=0.3307(上限20.0)
26-30-17-36 原始规范坐标 G(Re Σrow_mean) = +22.6120 | 累计|g| = 11.3828
26-30-17-36 Ψ矩阵条件数 cond(Ψ) = 5.87e+02
26-30-17-36 Loss=-3.184252 | E0=-1.04424205-0.00099542j | E1=-0.95350763+0.00131497j|E2=-0.65212710+0.00156771j|E3=-0.53437485+0.00036627j
26-30-17-36 #-----------------------------------------#
26-30-17-36 [Step 172] logΨ: mean=1.696-1.379j | min=-3.398+0.506j | max=1.770+0.062j
26-30-17-36 梯度监控 | raw=0.2022 | per_param=0.0059 |  natural=0.2076 | clipped=0.2076(上限20.0)
26-30-17-36 原始规范坐标 G(Re Σrow_mean) = +22.6359 | 累计|g| = 11.3828
26-30-17-36 Ψ矩阵条件数 cond(Ψ) = 4.98e+02
26-30-17-36 Loss=-3.188175 | E0=-1.04628597+0.00071665j | E1=-0.95660576+0.00101594j|E2=-0.65183486+0.00016764j|E3=-0.53344808+0.00046248j
26-30-17-36 #-----------------------------------------#
26-30-17-36 [Step 173] logΨ: mean=1.626-1.081j | min=-2.980+0.431j | max=1.705+0.067j
26-30-17-36 梯度监控 | raw=0.5097 | per_param=0.0150 |  natural=0.3264 | clipped=0.3264(上限20.0)
26-30-17-36 原始规范坐标 G(Re Σrow_mean) = +22.6081 | 累计|g| = 11.3828
26-30-17-36 Ψ矩阵条件数 cond(Ψ) = 6.23e+02
26-30-17-36 Loss=-3.188200 | E0=-1.04783391+0.00015145j | E1=-0.95661407+0.00120375j|E2=-0.65115393-0.00080129j|E3=-0.53259763+0.00033046j
26-30-17-36 #-----------------------------------------#
26-30-17-36 [Step 174] logΨ: mean=1.395-1.125j | min=-3.521+0.257j | max=1.488+0.007j
26-30-17-36 梯度监控 | raw=0.6998 | per_param=0.0205 |  natural=0.4771 | clipped=0.4771(上限20.0)
26-30-17-36 原始规范坐标 G(Re Σrow_mean) = +22.5478 | 累计|g| = 11.3828
26-30-17-36 Ψ矩阵条件数 cond(Ψ) = 7.73e+02
26-30-17-36 Loss=-3.188096 | E0=-1.04515179+0.00054103j | E1=-0.95253990+0.00043543j|E2=-0.65335505-0.00156059j|E3=-0.53704932+0.00091484j
26-30-17-36 #-----------------------------------------#
26-30-17-36 [Step 175] logΨ: mean=1.504+1.322j | min=-2.819-2.770j | max=1.559+3.137j
26-30-17-36 梯度监控 | raw=0.3151 | per_param=0.0093 |  natural=0.1731 | clipped=0.1731(上限20.0)
26-30-17-36 原始规范坐标 G(Re Σrow_mean) = +22.6141 | 累计|g| = 11.3828
26-30-17-36 Ψ矩阵条件数 cond(Ψ) = 6.75e+02
26-30-17-36 Loss=-3.189209 | E0=-1.04786804+0.00042022j | E1=-0.95422960+0.00097509j|E2=-0.65586701-0.00012326j|E3=-0.53124397-0.00039499j
26-30-17-36 #-----------------------------------------#
26-30-17-36 [Step 176] logΨ: mean=1.625-1.105j | min=-4.163+1.150j | max=1.731+0.005j
26-30-17-36 梯度监控 | raw=0.3183 | per_param=0.0093 |  natural=0.2377 | clipped=0.2377(上限20.0)
26-30-17-36 原始规范坐标 G(Re Σrow_mean) = +22.6496 | 累计|g| = 11.3828
26-30-17-36 Ψ矩阵条件数 cond(Ψ) = 6.07e+02
26-30-17-36 Loss=-3.182172 | E0=-1.04660988+0.00055953j | E1=-0.95202500+0.00043205j|E2=-0.65344566+0.00037404j|E3=-0.53009158-0.00011903j
26-30-17-36 #-----------------------------------------#
26-30-17-36 [Step 177] logΨ: mean=1.534-0.948j | min=-3.995+2.722j | max=1.696+0.018j
26-30-17-36 梯度监控 | raw=3.2148 | per_param=0.0944 |  natural=0.3404 | clipped=0.3404(上限20.0)
26-30-17-36 原始规范坐标 G(Re Σrow_mean) = +22.6779 | 累计|g| = 11.3828
26-30-17-36 Ψ矩阵条件数 cond(Ψ) = 7.09e+02
26-30-17-36 Loss=-3.179439 | E0=-1.03097638+0.00039690j | E1=-0.95587256-0.00016857j|E2=-0.65665491+0.00159025j|E3=-0.53593527+0.00004940j
26-30-17-36 #-----------------------------------------#
26-30-17-36 [Step 178] logΨ: mean=1.568-1.042j | min=-4.538+0.202j | max=1.742+0.003j
26-30-17-36 梯度监控 | raw=0.4896 | per_param=0.0144 |  natural=0.3869 | clipped=0.3869(上限20.0)
26-30-17-36 原始规范坐标 G(Re Σrow_mean) = +22.6710 | 累计|g| = 11.3828
26-30-17-36 Ψ矩阵条件数 cond(Ψ) = 6.98e+02
26-30-17-36 Loss=-3.175635 | E0=-1.04815486+0.00072232j | E1=-0.94864180-0.00171732j|E2=-0.65034326+0.00054323j|E3=-0.52849459-0.00012565j
26-30-17-36 #-----------------------------------------#
26-30-17-36 [Step 179] logΨ: mean=1.648+1.301j | min=-3.207+0.198j | max=1.682+3.120j
26-30-17-36 梯度监控 | raw=0.2501 | per_param=0.0073 |  natural=0.1121 | clipped=0.1121(上限20.0)
26-30-17-36 原始规范坐标 G(Re Σrow_mean) = +22.7859 | 累计|g| = 11.3828
26-30-17-36 Ψ矩阵条件数 cond(Ψ) = 6.80e+02
26-30-17-36 Loss=-3.187737 | E0=-1.04493901+0.00009758j | E1=-0.95606330+0.00068500j|E2=-0.65529768+0.00022258j|E3=-0.53143714-0.00045358j
26-30-17-36 #-----------------------------------------#
26-30-17-36 [保存] Step 179 → pickle 文件已更新 (180 条记录)
26-30-17-36 [GaugeReset@180] 吸收 Δg = Σ Re(col_mean) = +22.7859 | 新|g| = 11.5102
26-30-17-36 [Step 180] logΨ: mean=1.532-1.311j | min=-2.911-0.180j | max=1.646+0.019j
26-30-17-36 梯度监控 | raw=0.6025 | per_param=0.0177 |  natural=0.3357 | clipped=0.3357(上限20.0)
26-30-17-36 原始规范坐标 G(Re Σrow_mean) = +22.7278 | 累计|g| = 11.5102
26-30-17-36 Ψ矩阵条件数 cond(Ψ) = 5.35e+02
26-30-17-36 Loss=-3.181813 | E0=-1.04589338-0.00018959j | E1=-0.95356656+0.00019865j|E2=-0.65228452+0.00155888j|E3=-0.53006881-0.00060831j
26-30-17-36 #-----------------------------------------#
26-30-17-36 [Step 181] logΨ: mean=1.538-1.214j | min=-4.876-0.062j | max=1.662+0.015j
26-30-17-36 梯度监控 | raw=0.2986 | per_param=0.0088 |  natural=0.1471 | clipped=0.1471(上限20.0)
26-30-17-36 原始规范坐标 G(Re Σrow_mean) = +22.7415 | 累计|g| = 11.5102
26-30-17-36 Ψ矩阵条件数 cond(Ψ) = 5.42e+02
26-30-17-36 Loss=-3.186376 | E0=-1.04668589+0.00036777j | E1=-0.95472763+0.00088805j|E2=-0.65462495+0.00110381j|E3=-0.53033793-0.00114932j
26-30-17-36 #-----------------------------------------#
26-30-17-36 [Step 182] logΨ: mean=1.632+1.287j | min=-2.713-0.476j | max=1.737+3.140j
26-30-17-36 梯度监控 | raw=0.0695 | per_param=0.0020 |  natural=0.1546 | clipped=0.1546(上限20.0)
26-30-17-36 原始规范坐标 G(Re Σrow_mean) = +22.7681 | 累计|g| = 11.5102
26-30-17-36 Ψ矩阵条件数 cond(Ψ) = 4.93e+02
26-30-17-36 Loss=-3.185350 | E0=-1.04505599-0.00013462j | E1=-0.95372752+0.00038544j|E2=-0.65547753+0.00135690j|E3=-0.53108890-0.00038432j
26-30-17-36 #-----------------------------------------#
26-30-17-36 [Step 183] logΨ: mean=1.486+1.485j | min=-3.231+2.650j | max=1.582+3.051j
26-30-17-36 梯度监控 | raw=0.1850 | per_param=0.0054 |  natural=0.2697 | clipped=0.2697(上限20.0)
26-30-17-36 原始规范坐标 G(Re Σrow_mean) = +22.7118 | 累计|g| = 11.5102
26-30-17-36 Ψ矩阵条件数 cond(Ψ) = 5.14e+02
26-30-17-36 Loss=-3.187299 | E0=-1.04617595+0.00007389j | E1=-0.95393077+0.00014188j|E2=-0.65714315-0.00082195j|E3=-0.53004865-0.00046924j
26-30-17-36 #-----------------------------------------#
26-30-17-37 [Step 184] logΨ: mean=1.718+2.012j | min=-2.704-0.060j | max=1.740+3.059j
26-30-17-37 梯度监控 | raw=0.0819 | per_param=0.0024 |  natural=0.1206 | clipped=0.1206(上限20.0)
26-30-17-37 原始规范坐标 G(Re Σrow_mean) = +22.7757 | 累计|g| = 11.5102
26-30-17-37 Ψ矩阵条件数 cond(Ψ) = 4.15e+02
26-30-17-37 Loss=-3.186762 | E0=-1.04461498-0.00046598j | E1=-0.95417229+0.00081682j|E2=-0.65632552+0.00044091j|E3=-0.53164952-0.00066849j
26-30-17-37 #-----------------------------------------#
26-30-17-37 [Step 185] logΨ: mean=1.497+2.159j | min=-3.759+2.650j | max=1.670+3.028j
26-30-17-37 梯度监控 | raw=2.8384 | per_param=0.0833 |  natural=0.3929 | clipped=0.3929(上限20.0)
26-30-17-37 原始规范坐标 G(Re Σrow_mean) = +22.6760 | 累计|g| = 11.5102
26-30-17-37 Ψ矩阵条件数 cond(Ψ) = 5.22e+02
26-30-17-37 Loss=-3.166576 | E0=-1.02988584-0.00099263j | E1=-0.95167207+0.00019161j|E2=-0.65508020+0.00134808j|E3=-0.52993811+0.00135227j
26-30-17-37 #-----------------------------------------#
26-30-17-37 [Step 186] logΨ: mean=1.632+2.059j | min=-3.736-1.482j | max=1.746+3.045j
26-30-17-37 梯度监控 | raw=0.0915 | per_param=0.0027 |  natural=0.2071 | clipped=0.2071(上限20.0)
26-30-17-37 原始规范坐标 G(Re Σrow_mean) = +22.7405 | 累计|g| = 11.5102
26-30-17-37 Ψ矩阵条件数 cond(Ψ) = 4.82e+02
26-30-17-37 Loss=-3.187284 | E0=-1.04694042-0.00068463j | E1=-0.95132019-0.00005165j|E2=-0.65760635+0.00281632j|E3=-0.53141691-0.00007235j
26-30-17-37 #-----------------------------------------#
26-30-17-37 [Step 187] logΨ: mean=1.626+1.724j | min=-2.834+0.025j | max=1.674+3.064j
26-30-17-37 梯度监控 | raw=0.3068 | per_param=0.0090 |  natural=0.2052 | clipped=0.2052(上限20.0)
26-30-17-37 原始规范坐标 G(Re Σrow_mean) = +22.7691 | 累计|g| = 11.5102
26-30-17-37 Ψ矩阵条件数 cond(Ψ) = 4.33e+02
26-30-17-37 Loss=-3.186629 | E0=-1.04734019+0.00026381j | E1=-0.95192561+0.00040608j|E2=-0.65705264+0.00031828j|E3=-0.53031024-0.00046432j
26-30-17-37 #-----------------------------------------#
26-30-17-37 [Step 188] logΨ: mean=1.478+1.614j | min=-4.771+2.944j | max=1.608+3.072j
26-30-17-37 梯度监控 | raw=1.2399 | per_param=0.0364 |  natural=0.4021 | clipped=0.4021(上限20.0)
26-30-17-37 原始规范坐标 G(Re Σrow_mean) = +22.7738 | 累计|g| = 11.5102
26-30-17-37 Ψ矩阵条件数 cond(Ψ) = 4.57e+02
26-30-17-37 Loss=-3.183039 | E0=-1.04326052+0.00060517j | E1=-0.95282128+0.00050122j|E2=-0.65382696+0.00088496j|E3=-0.53313030-0.00047272j
26-30-17-37 #-----------------------------------------#
26-30-17-37 [Step 189] logΨ: mean=1.817+1.702j | min=-3.665-1.491j | max=1.858+3.126j
26-30-17-37 梯度监控 | raw=0.1143 | per_param=0.0034 |  natural=0.2047 | clipped=0.2047(上限20.0)
26-30-17-37 原始规范坐标 G(Re Σrow_mean) = +22.8539 | 累计|g| = 11.5102
26-30-17-37 Ψ矩阵条件数 cond(Ψ) = 3.73e+02
26-30-17-37 Loss=-3.186165 | E0=-1.04557519-0.00021133j | E1=-0.95293669+0.00058786j|E2=-0.65681382+0.00057536j|E3=-0.53083905-0.00009185j
26-30-17-37 #-----------------------------------------#
26-30-17-37 [GaugeReset@190] 吸收 Δg = Σ Re(col_mean) = +22.8539 | 新|g| = 11.5476
26-30-17-37 [Step 190] logΨ: mean=1.659-1.787j | min=-3.941+1.834j | max=1.716+0.024j
26-30-17-37 梯度监控 | raw=0.1617 | per_param=0.0047 |  natural=0.3549 | clipped=0.3549(上限20.0)
26-30-17-37 原始规范坐标 G(Re Σrow_mean) = +22.7945 | 累计|g| = 11.5476
26-30-17-37 Ψ矩阵条件数 cond(Ψ) = 4.20e+02
26-30-17-37 Loss=-3.187387 | E0=-1.04431612-0.00045495j | E1=-0.95740769-0.00004047j|E2=-0.65541603-0.00105767j|E3=-0.53024710+0.00052294j
26-30-17-37 #-----------------------------------------#
26-30-17-37 [Step 191] logΨ: mean=1.356+1.741j | min=-3.031+0.041j | max=1.444+3.031j
26-30-17-37 梯度监控 | raw=0.1391 | per_param=0.0041 |  natural=0.3129 | clipped=0.3129(上限20.0)
26-30-17-37 原始规范坐标 G(Re Σrow_mean) = +22.7053 | 累计|g| = 11.5476
26-30-17-37 Ψ矩阵条件数 cond(Ψ) = 5.41e+02
26-30-17-37 Loss=-3.190848 | E0=-1.04782540+0.00031319j | E1=-0.95272854-0.00051931j|E2=-0.65911831+0.00024299j|E3=-0.53117595-0.00015251j
26-30-17-37 #-----------------------------------------#
26-30-17-37 [Step 192] logΨ: mean=1.393+1.939j | min=-4.569-1.873j | max=1.501+3.014j
26-30-17-37 梯度监控 | raw=1.9671 | per_param=0.0578 |  natural=0.4456 | clipped=0.4456(上限20.0)
26-30-17-37 原始规范坐标 G(Re Σrow_mean) = +22.6827 | 累计|g| = 11.5476
26-30-17-37 Ψ矩阵条件数 cond(Ψ) = 3.68e+02
26-30-17-37 Loss=-3.181480 | E0=-1.04184368-0.00195505j | E1=-0.95208624-0.00159239j|E2=-0.65613441-0.00257909j|E3=-0.53141590+0.00012209j
26-30-17-37 #-----------------------------------------#
26-30-17-37 [Step 193] logΨ: mean=1.569+1.716j | min=-5.256-0.082j | max=1.662+3.077j
26-30-17-37 梯度监控 | raw=0.2013 | per_param=0.0059 |  natural=0.1691 | clipped=0.1691(上限20.0)
26-30-17-37 原始规范坐标 G(Re Σrow_mean) = +22.7209 | 累计|g| = 11.5476
26-30-17-37 Ψ矩阵条件数 cond(Ψ) = 3.52e+02
26-30-17-37 Loss=-3.187540 | E0=-1.04901345+0.00046105j | E1=-0.95562356-0.00013258j|E2=-0.65390984-0.00005799j|E3=-0.52899291-0.00025049j
26-30-17-37 #-----------------------------------------#
26-30-17-37 [Step 194] logΨ: mean=1.493+1.326j | min=-3.582-0.238j | max=1.519+2.985j
26-30-17-37 梯度监控 | raw=0.3529 | per_param=0.0104 |  natural=0.3996 | clipped=0.3996(上限20.0)
26-30-17-37 原始规范坐标 G(Re Σrow_mean) = +22.7864 | 累计|g| = 11.5476
26-30-17-37 Ψ矩阵条件数 cond(Ψ) = 3.85e+02
26-30-17-37 Loss=-3.189381 | E0=-1.04670863+0.00000148j | E1=-0.95474450+0.00015416j|E2=-0.65800188-0.00085676j|E3=-0.52992561-0.00018857j
26-30-17-37 #-----------------------------------------#
26-30-17-37 [Step 195] logΨ: mean=1.422+0.845j | min=-4.638+1.155j | max=1.500+2.943j
26-30-17-37 梯度监控 | raw=0.9713 | per_param=0.0285 |  natural=0.4782 | clipped=0.4782(上限20.0)
26-30-17-37 原始规范坐标 G(Re Σrow_mean) = +22.7265 | 累计|g| = 11.5476
26-30-17-37 Ψ矩阵条件数 cond(Ψ) = 5.39e+02
26-30-17-37 Loss=-3.182050 | E0=-1.04250724-0.00046225j | E1=-0.95699119-0.00049958j|E2=-0.65551588+0.00052617j|E3=-0.52703528-0.00271959j
26-30-17-37 #-----------------------------------------#
26-30-17-37 [Step 196] logΨ: mean=1.379+0.828j | min=-3.586+2.584j | max=1.485+2.942j
26-30-17-37 梯度监控 | raw=1.4161 | per_param=0.0416 |  natural=0.1860 | clipped=0.1860(上限20.0)
26-30-17-37 原始规范坐标 G(Re Σrow_mean) = +22.7014 | 累计|g| = 11.5476
26-30-17-37 Ψ矩阵条件数 cond(Ψ) = 6.00e+02
26-30-17-37 Loss=-3.191793 | E0=-1.05053075+0.00164197j | E1=-0.95381412-0.00010757j|E2=-0.65509936+0.00064163j|E3=-0.53234892-0.00028365j
26-30-17-37 #-----------------------------------------#
26-30-17-37 [Step 197] logΨ: mean=1.453+0.988j | min=-3.944-0.163j | max=1.533+2.964j
26-30-17-37 梯度监控 | raw=0.3496 | per_param=0.0103 |  natural=0.1407 | clipped=0.1407(上限20.0)
26-30-17-37 原始规范坐标 G(Re Σrow_mean) = +22.7210 | 累计|g| = 11.5476
26-30-17-37 Ψ矩阵条件数 cond(Ψ) = 6.17e+02
26-30-17-37 Loss=-3.187996 | E0=-1.04798183+0.00036569j | E1=-0.95409701+0.00074910j|E2=-0.65541230+0.00007601j|E3=-0.53050474-0.00071864j
26-30-17-37 #-----------------------------------------#
26-30-17-37 [Step 198] logΨ: mean=1.464+1.062j | min=-2.884-3.111j | max=1.513+2.969j
26-30-17-37 梯度监控 | raw=0.3523 | per_param=0.0103 |  natural=0.1378 | clipped=0.1378(上限20.0)
26-30-17-37 原始规范坐标 G(Re Σrow_mean) = +22.7373 | 累计|g| = 11.5476
26-30-17-37 Ψ矩阵条件数 cond(Ψ) = 6.02e+02
26-30-17-37 Loss=-3.192522 | E0=-1.05040905+0.00088023j | E1=-0.95448042+0.00023062j|E2=-0.65540364+0.00014393j|E3=-0.53222872-0.00066943j
26-30-17-37 #-----------------------------------------#
26-30-17-37 [Step 199] logΨ: mean=1.297+1.046j | min=-4.949-0.020j | max=1.365+3.037j
26-30-17-37 梯度监控 | raw=0.1260 | per_param=0.0037 |  natural=0.2948 | clipped=0.2948(上限20.0)
26-30-17-37 原始规范坐标 G(Re Σrow_mean) = +22.7316 | 累计|g| = 11.5476
26-30-17-37 Ψ矩阵条件数 cond(Ψ) = 9.68e+02
26-30-17-37 Loss=-3.192016 | E0=-1.04941497+0.00033167j | E1=-0.95548915+0.00112089j|E2=-0.65335952-0.00021814j|E3=-0.53375272+0.00020295j
26-30-17-37 #-----------------------------------------#
26-30-17-37 [保存] Step 199 → pickle 文件已更新 (200 条记录)
26-30-17-37 [GaugeReset@200] 吸收 Δg = Σ Re(col_mean) = +22.7316 | 新|g| = 11.4963
26-30-17-37 [Step 200] logΨ: mean=1.292+1.297j | min=-2.643-0.114j | max=1.365+3.106j
26-30-17-37 梯度监控 | raw=0.2262 | per_param=0.0066 |  natural=0.2477 | clipped=0.2477(上限20.0)
26-30-17-37 原始规范坐标 G(Re Σrow_mean) = +22.7433 | 累计|g| = 11.4963
26-30-17-37 Ψ矩阵条件数 cond(Ψ) = 6.11e+02
26-30-17-37 Loss=-3.193090 | E0=-1.04804454+0.00044491j | E1=-0.95625084-0.00006504j|E2=-0.65554513+0.00106784j|E3=-0.53324905-0.00062879j
26-30-17-37 #-----------------------------------------#
26-30-17-37 [Step 201] logΨ: mean=1.052+1.625j | min=-4.227-1.448j | max=1.184+3.050j
26-30-17-37 梯度监控 | raw=1.0842 | per_param=0.0318 |  natural=0.4139 | clipped=0.4139(上限20.0)
26-30-17-37 原始规范坐标 G(Re Σrow_mean) = +22.6549 | 累计|g| = 11.4963
26-30-17-37 Ψ矩阵条件数 cond(Ψ) = 7.35e+02
26-30-17-37 Loss=-3.191975 | E0=-1.04597862-0.00058836j | E1=-0.95173092-0.00016141j|E2=-0.66050178+0.00023072j|E3=-0.53376402+0.00022984j
26-30-17-37 #-----------------------------------------#
26-30-17-37 [Step 202] logΨ: mean=1.290+1.767j | min=-4.909+2.779j | max=1.360+3.058j
26-30-17-37 梯度监控 | raw=0.4336 | per_param=0.0127 |  natural=0.1677 | clipped=0.1677(上限20.0)
26-30-17-37 原始规范坐标 G(Re Σrow_mean) = +22.7066 | 累计|g| = 11.4963
26-30-17-37 Ψ矩阵条件数 cond(Ψ) = 5.06e+02
26-30-17-37 Loss=-3.188829 | E0=-1.04566964-0.00021536j | E1=-0.95646136+0.00155502j|E2=-0.65371256-0.00090677j|E3=-0.53298543-0.00039477j
26-30-17-37 #-----------------------------------------#
26-30-17-37 [Step 203] logΨ: mean=1.336+1.550j | min=-4.107-0.129j | max=1.378+3.011j
26-30-17-37 梯度监控 | raw=0.0731 | per_param=0.0021 |  natural=0.2977 | clipped=0.2977(上限20.0)
26-30-17-37 原始规范坐标 G(Re Σrow_mean) = +22.7006 | 累计|g| = 11.4963
26-30-17-37 Ψ矩阵条件数 cond(Ψ) = 4.25e+02
26-30-17-37 Loss=-3.193158 | E0=-1.04724941+0.00030713j | E1=-0.95502793+0.00100233j|E2=-0.65903951-0.00142154j|E3=-0.53184153-0.00034726j
26-30-17-37 #-----------------------------------------#
26-30-17-37 [Step 204] logΨ: mean=1.195+1.480j | min=-5.173-0.251j | max=1.371+2.983j
26-30-17-37 梯度监控 | raw=0.6770 | per_param=0.0199 |  natural=0.7023 | clipped=0.7023(上限20.0)
26-30-17-37 原始规范坐标 G(Re Σrow_mean) = +22.5385 | 累计|g| = 11.4963
26-30-17-37 Ψ矩阵条件数 cond(Ψ) = 4.43e+02
26-30-17-37 Loss=-3.183672 | E0=-1.04829987-0.00041008j | E1=-0.94182062-0.00015334j|E2=-0.66408788-0.00012853j|E3=-0.52946367-0.00364463j
26-30-17-37 #-----------------------------------------#
26-30-17-37 [Step 205] logΨ: mean=1.242+1.651j | min=-4.837-0.383j | max=1.339+2.916j
26-30-17-37 梯度监控 | raw=0.2662 | per_param=0.0078 |  natural=0.3049 | clipped=0.3049(上限20.0)
26-30-17-37 原始规范坐标 G(Re Σrow_mean) = +22.5416 | 累计|g| = 11.4963
26-30-17-37 Ψ矩阵条件数 cond(Ψ) = 4.09e+02
26-30-17-37 Loss=-3.191636 | E0=-1.04767303+0.00042145j | E1=-0.94975749-0.00031427j|E2=-0.66195242-0.00026062j|E3=-0.53225327-0.00049926j
26-30-17-37 #-----------------------------------------#
26-30-17-37 [Step 206] logΨ: mean=1.337+1.660j | min=-5.395-0.351j | max=1.398+2.906j
26-30-17-37 梯度监控 | raw=0.0961 | per_param=0.0028 |  natural=0.0916 | clipped=0.0916(上限20.0)
26-30-17-37 原始规范坐标 G(Re Σrow_mean) = +22.5558 | 累计|g| = 11.4963
26-30-17-37 Ψ矩阵条件数 cond(Ψ) = 4.30e+02
26-30-17-37 Loss=-3.191805 | E0=-1.04812787-0.00002024j | E1=-0.95765395+0.00011072j|E2=-0.65541632-0.00159609j|E3=-0.53060677-0.00054721j
26-30-17-37 #-----------------------------------------#
26-30-17-37 [Step 207] logΨ: mean=1.355+1.485j | min=-4.082+0.603j | max=1.439+2.950j
26-30-17-37 梯度监控 | raw=0.1488 | per_param=0.0044 |  natural=0.1782 | clipped=0.1782(上限20.0)
26-30-17-37 原始规范坐标 G(Re Σrow_mean) = +22.5490 | 累计|g| = 11.4963
26-30-17-37 Ψ矩阵条件数 cond(Ψ) = 3.60e+02
26-30-17-37 Loss=-3.190764 | E0=-1.04831544+0.00050416j | E1=-0.95419962-0.00017748j|E2=-0.65691500+0.00025648j|E3=-0.53133428-0.00044818j
26-30-17-37 #-----------------------------------------#
26-30-17-37 [Step 208] logΨ: mean=1.229+1.606j | min=-5.381-0.203j | max=1.330+2.760j
26-30-17-37 梯度监控 | raw=0.8520 | per_param=0.0250 |  natural=1.1036 | clipped=1.1036(上限20.0)
26-30-17-37 原始规范坐标 G(Re Σrow_mean) = +22.4681 | 累计|g| = 11.4963
26-30-17-37 Ψ矩阵条件数 cond(Ψ) = 2.21e+02
26-30-17-37 Loss=-3.194785 | E0=-1.04801572+0.00024933j | E1=-0.95943570+0.00022014j|E2=-0.65736470-0.00399284j|E3=-0.52996908-0.00055434j
26-30-17-37 #-----------------------------------------#
26-30-17-37 [Step 209] logΨ: mean=-0.001-1.612j | min=-7.848+0.545j | max=0.163+0.226j
26-30-17-37 梯度监控 | raw=4.7332 | per_param=0.1390 |  natural=2.9587 | clipped=2.9587(上限20.0)
26-30-17-37 原始规范坐标 G(Re Σrow_mean) = +22.2718 | 累计|g| = 11.4963
26-30-17-37 Ψ矩阵条件数 cond(Ψ) = 1.62e+03
26-30-17-37 Loss=-3.201997 | E0=-1.05602123-0.00227952j | E1=-0.95413818-0.00008457j|E2=-0.66185249+0.00029495j|E3=-0.52998493+0.00049783j
26-30-17-37 #-----------------------------------------#
26-30-17-37 [GaugeReset@210] 吸收 Δg = Σ Re(col_mean) = +22.2718 | 新|g| = 11.3171
26-30-17-37 [Step 210] logΨ: mean=0.519-1.710j | min=-5.827-0.106j | max=0.757+0.137j
26-30-17-37 梯度监控 | raw=6.6644 | per_param=0.1957 |  natural=0.5475 | clipped=0.5475(上限20.0)
26-30-17-37 原始规范坐标 G(Re Σrow_mean) = +22.1932 | 累计|g| = 11.3171
26-30-17-37 Ψ矩阵条件数 cond(Ψ) = 6.48e+02
26-30-17-37 Loss=-3.140989 | E0=-1.02893708-0.00005710j | E1=-0.95146515+0.00202142j|E2=-0.62277444-0.00132350j|E3=-0.53781207+0.00120687j
26-30-17-37 #-----------------------------------------#
26-30-17-37 [Step 211] logΨ: mean=0.788-1.096j | min=-5.671-2.876j | max=0.924+0.066j
26-30-17-37 梯度监控 | raw=2.5596 | per_param=0.0752 |  natural=0.3948 | clipped=0.3948(上限20.0)
26-30-17-37 原始规范坐标 G(Re Σrow_mean) = +22.3479 | 累计|g| = 11.3171
26-30-17-37 Ψ矩阵条件数 cond(Ψ) = 7.20e+02
26-30-17-37 Loss=-3.174062 | E0=-1.03648121+0.00014325j | E1=-0.95379338+0.00143104j|E2=-0.64363169-0.00339247j|E3=-0.54015530+0.00140219j
26-30-17-37 #-----------------------------------------#
26-30-17-37 [Step 212] logΨ: mean=0.770+1.342j | min=-4.579+2.590j | max=0.996+3.111j
26-30-17-37 梯度监控 | raw=2.2976 | per_param=0.0675 |  natural=0.5483 | clipped=0.5483(上限20.0)
26-30-17-37 原始规范坐标 G(Re Σrow_mean) = +22.3442 | 累计|g| = 11.3171
26-30-17-37 Ψ矩阵条件数 cond(Ψ) = 4.89e+02
26-30-17-37 Loss=-3.178635 | E0=-1.04313172+0.00071257j | E1=-0.95410448+0.00021402j|E2=-0.64371505-0.00066336j|E3=-0.53768377-0.00188116j
26-30-17-37 #-----------------------------------------#
26-30-17-37 [Step 213] logΨ: mean=0.833+1.183j | min=-5.004-0.407j | max=0.990+2.987j
26-30-17-37 梯度监控 | raw=1.7296 | per_param=0.0508 |  natural=0.5147 | clipped=0.5147(上限20.0)
26-30-17-37 原始规范坐标 G(Re Σrow_mean) = +22.4551 | 累计|g| = 11.3171
26-30-17-37 Ψ矩阵条件数 cond(Ψ) = 3.44e+02
26-30-17-37 Loss=-3.186009 | E0=-1.04062786-0.00070916j | E1=-0.95434265-0.00016161j|E2=-0.65080690-0.00282389j|E3=-0.54023187-0.00195045j
26-30-17-37 #-----------------------------------------#
26-30-17-37 [Step 214] logΨ: mean=1.027+1.110j | min=-4.477-1.819j | max=1.112+2.950j
26-30-17-37 梯度监控 | raw=1.1926 | per_param=0.0350 |  natural=0.4559 | clipped=0.4559(上限20.0)
26-30-17-37 原始规范坐标 G(Re Σrow_mean) = +22.6328 | 累计|g| = 11.3171
26-30-17-37 Ψ矩阵条件数 cond(Ψ) = 3.01e+02
26-30-17-37 Loss=-3.196186 | E0=-1.04560071+0.00012794j | E1=-0.95855493+0.00179629j|E2=-0.65432571+0.00197523j|E3=-0.53770449+0.00199051j
26-30-17-37 #-----------------------------------------#
26-30-17-37 [Step 215] logΨ: mean=0.994+1.315j | min=-5.794-2.659j | max=1.193+2.994j
26-30-17-37 梯度监控 | raw=1.6367 | per_param=0.0481 |  natural=0.4102 | clipped=0.4102(上限20.0)
26-30-17-37 原始规范坐标 G(Re Σrow_mean) = +22.5697 | 累计|g| = 11.3171
26-30-17-37 Ψ矩阵条件数 cond(Ψ) = 3.21e+02
26-30-17-37 Loss=-3.189951 | E0=-1.04919581+0.00093442j | E1=-0.95231609+0.00078877j|E2=-0.65363373-0.00109884j|E3=-0.53480575-0.00021992j
26-30-17-37 #-----------------------------------------#
26-30-17-37 [Step 216] logΨ: mean=1.220+1.871j | min=-4.222+3.084j | max=1.325+3.016j
26-30-17-37 梯度监控 | raw=0.7966 | per_param=0.0234 |  natural=0.2539 | clipped=0.2539(上限20.0)
26-30-17-37 原始规范坐标 G(Re Σrow_mean) = +22.6837 | 累计|g| = 11.3171
26-30-17-37 Ψ矩阵条件数 cond(Ψ) = 3.07e+02
26-30-17-37 Loss=-3.192671 | E0=-1.04645999+0.00093187j | E1=-0.95718617+0.00174120j|E2=-0.65346156-0.00133673j|E3=-0.53556373+0.00017364j
26-30-17-37 #-----------------------------------------#
26-30-17-37 [Step 217] logΨ: mean=1.116+1.846j | min=-3.791-0.767j | max=1.291+3.002j
26-30-17-37 梯度监控 | raw=2.8814 | per_param=0.0846 |  natural=0.3498 | clipped=0.3498(上限20.0)
26-30-17-37 原始规范坐标 G(Re Σrow_mean) = +22.6600 | 累计|g| = 11.3171
26-30-17-37 Ψ矩阵条件数 cond(Ψ) = 2.77e+02
26-30-17-37 Loss=-3.184527 | E0=-1.03980898+0.00062088j | E1=-0.95614731+0.00011554j|E2=-0.65353486+0.00085269j|E3=-0.53503615+0.00150479j
26-30-17-37 #-----------------------------------------#
26-30-17-37 [Step 218] logΨ: mean=1.114+1.817j | min=-5.954+1.501j | max=1.217+2.858j
26-30-17-37 梯度监控 | raw=0.5640 | per_param=0.0166 |  natural=0.8042 | clipped=0.8042(上限20.0)
26-30-17-37 原始规范坐标 G(Re Σrow_mean) = +22.6764 | 累计|g| = 11.3171
26-30-17-37 Ψ矩阵条件数 cond(Ψ) = 2.43e+02
26-30-17-37 Loss=-3.192768 | E0=-1.04656725+0.00043818j | E1=-0.95357168-0.00026730j|E2=-0.65380999-0.00147121j|E3=-0.53881949-0.00028637j
26-30-17-37 #-----------------------------------------#
26-30-17-37 [Step 219] logΨ: mean=1.085+1.738j | min=-5.941-2.437j | max=1.200+2.877j
26-30-17-37 梯度监控 | raw=0.5915 | per_param=0.0174 |  natural=0.2706 | clipped=0.2706(上限20.0)
26-30-17-37 原始规范坐标 G(Re Σrow_mean) = +22.6999 | 累计|g| = 11.3171
26-30-17-37 Ψ矩阵条件数 cond(Ψ) = 7.19e+01
26-30-17-37 Loss=-3.194446 | E0=-1.04668200-0.00039906j | E1=-0.95781432-0.00015583j|E2=-0.65709160+0.00038180j|E3=-0.53285854-0.00169687j
26-30-17-37 #-----------------------------------------#
26-30-17-37 [保存] Step 219 → pickle 文件已更新 (220 条记录)
26-30-17-37 [GaugeReset@220] 吸收 Δg = Σ Re(col_mean) = +22.6999 | 新|g| = 11.5173
26-30-17-37 [Step 220] logΨ: mean=0.726+1.772j | min=-4.565+2.175j | max=0.884+3.026j
26-30-17-37 梯度监控 | raw=1.5318 | per_param=0.0450 |  natural=0.5609 | clipped=0.5609(上限20.0)
26-30-17-37 原始规范坐标 G(Re Σrow_mean) = +22.7713 | 累计|g| = 11.5173
26-30-17-37 Ψ矩阵条件数 cond(Ψ) = 2.22e+02
26-30-17-37 Loss=-3.193086 | E0=-1.04144284+0.00006170j | E1=-0.95225097-0.00150993j|E2=-0.66020162+0.00026194j|E3=-0.53919063+0.00293644j
26-30-17-37 #-----------------------------------------#
26-30-17-37 [Step 221] logΨ: mean=0.639+1.456j | min=-3.737+0.108j | max=0.762+2.985j
26-30-17-37 梯度监控 | raw=11.9984 | per_param=0.3523 |  natural=0.3547 | clipped=0.3547(上限20.0)
26-30-17-37 原始规范坐标 G(Re Σrow_mean) = +22.7850 | 累计|g| = 11.5173
26-30-17-37 Ψ矩阵条件数 cond(Ψ) = 2.26e+02
26-30-17-37 Loss=-3.191640 | E0=-1.03960669+0.00636084j | E1=-0.95627251-0.00034408j|E2=-0.65926710+0.00018284j|E3=-0.53649373+0.00087507j
26-30-17-37 #-----------------------------------------#
26-30-17-37 [Step 222] logΨ: mean=0.785+1.521j | min=-5.110+2.802j | max=0.930+3.015j
26-30-17-37 梯度监控 | raw=1.0093 | per_param=0.0296 |  natural=0.3499 | clipped=0.3499(上限20.0)
26-30-17-37 原始规范坐标 G(Re Σrow_mean) = +22.8030 | 累计|g| = 11.5173
26-30-17-37 Ψ矩阵条件数 cond(Ψ) = 2.36e+02
26-30-17-37 Loss=-3.191278 | E0=-1.04922005+0.00053306j | E1=-0.95152584-0.00051431j|E2=-0.65292136+0.00022210j|E3=-0.53761067+0.00007549j
26-30-17-37 #-----------------------------------------#
26-30-17-37 [Step 223] logΨ: mean=0.397+1.416j | min=-4.472-0.491j | max=0.583+2.940j
26-30-17-37 梯度监控 | raw=1.1822 | per_param=0.0347 |  natural=0.4050 | clipped=0.4050(上限20.0)
26-30-17-37 原始规范坐标 G(Re Σrow_mean) = +22.7610 | 累计|g| = 11.5173
26-30-17-37 Ψ矩阵条件数 cond(Ψ) = 2.01e+02
26-30-17-37 Loss=-3.204213 | E0=-1.05285088+0.00068268j | E1=-0.95371220-0.00129207j|E2=-0.65989931-0.00068617j|E3=-0.53775067+0.00039152j
26-30-17-37 #-----------------------------------------#
26-30-17-37 [Step 224] logΨ: mean=0.507+1.550j | min=-4.499-0.590j | max=0.621+2.978j
26-30-17-37 梯度监控 | raw=0.4027 | per_param=0.0118 |  natural=0.2260 | clipped=0.2260(上限20.0)
26-30-17-37 原始规范坐标 G(Re Σrow_mean) = +22.8024 | 累计|g| = 11.5173
26-30-17-37 Ψ矩阵条件数 cond(Ψ) = 2.15e+02
26-30-17-37 Loss=-3.198409 | E0=-1.04609821+0.00040782j | E1=-0.95321355-0.00040428j|E2=-0.65940551+0.00030634j|E3=-0.53969157+0.00077860j
26-30-17-37 #-----------------------------------------#
26-30-17-37 [Step 225] logΨ: mean=0.530+1.175j | min=-5.528-2.939j | max=0.612+3.012j
26-30-17-37 梯度监控 | raw=0.3369 | per_param=0.0099 |  natural=0.3229 | clipped=0.3229(上限20.0)
26-30-17-37 原始规范坐标 G(Re Σrow_mean) = +22.8065 | 累计|g| = 11.5173
26-30-17-37 Ψ矩阵条件数 cond(Ψ) = 2.17e+02
26-30-17-37 Loss=-3.199486 | E0=-1.04736658+0.00028147j | E1=-0.95555752+0.00032425j|E2=-0.65548130+0.00023491j|E3=-0.54108071+0.00000712j
26-30-17-37 #-----------------------------------------#
26-30-17-37 [Step 226] logΨ: mean=0.603+1.372j | min=-6.601+1.820j | max=0.731+3.000j
26-30-17-37 梯度监控 | raw=0.5166 | per_param=0.0152 |  natural=0.3438 | clipped=0.3438(上限20.0)
26-30-17-37 原始规范坐标 G(Re Σrow_mean) = +22.8186 | 累计|g| = 11.5173
26-30-17-37 Ψ矩阵条件数 cond(Ψ) = 2.38e+02
26-30-17-37 Loss=-3.197265 | E0=-1.04671338+0.00037019j | E1=-0.95665677-0.00036627j|E2=-0.65886213-0.00000571j|E3=-0.53503267+0.00060473j
26-30-17-37 #-----------------------------------------#
26-30-17-37 [Step 227] logΨ: mean=0.622+1.236j | min=-4.156+0.525j | max=0.741+3.002j
26-30-17-37 梯度监控 | raw=1.1146 | per_param=0.0327 |  natural=0.3771 | clipped=0.3771(上限20.0)
26-30-17-37 原始规范坐标 G(Re Σrow_mean) = +22.8358 | 累计|g| = 11.5173
26-30-17-37 Ψ矩阵条件数 cond(Ψ) = 3.03e+02
26-30-17-37 Loss=-3.198292 | E0=-1.04617032-0.00034738j | E1=-0.95378158+0.00108490j|E2=-0.66372945-0.00188454j|E3=-0.53461044-0.00041427j
26-30-17-37 #-----------------------------------------#
26-30-17-37 [Step 228] logΨ: mean=0.376+1.187j | min=-5.849-0.659j | max=0.516+2.927j
26-30-17-37 梯度监控 | raw=1.6904 | per_param=0.0496 |  natural=0.4368 | clipped=0.4368(上限20.0)
26-30-17-37 原始规范坐标 G(Re Σrow_mean) = +22.7955 | 累计|g| = 11.5173
26-30-17-37 Ψ矩阵条件数 cond(Ψ) = 2.13e+02
26-30-17-37 Loss=-3.199004 | E0=-1.05003620+0.00043354j | E1=-0.95610002+0.00044313j|E2=-0.65396772-0.00128345j|E3=-0.53889981-0.00047550j
26-30-17-37 #-----------------------------------------#
26-30-17-37 [Step 229] logΨ: mean=0.471+1.689j | min=-3.861+2.747j | max=0.592+2.967j
26-30-17-37 梯度监控 | raw=0.8246 | per_param=0.0242 |  natural=0.3846 | clipped=0.3846(上限20.0)
26-30-17-37 原始规范坐标 G(Re Σrow_mean) = +22.8416 | 累计|g| = 11.5173
26-30-17-37 Ψ矩阵条件数 cond(Ψ) = 1.98e+02
26-30-17-37 Loss=-3.202762 | E0=-1.04863505-0.00017938j | E1=-0.95543701+0.00005789j|E2=-0.65658281-0.00037884j|E3=-0.54210686-0.00023613j
26-30-17-37 #-----------------------------------------#
26-30-17-37 [GaugeReset@230] 吸收 Δg = Σ Re(col_mean) = +22.8416 | 新|g| = 11.5922
26-30-17-37 [Step 230] logΨ: mean=0.310+1.191j | min=-5.840+0.065j | max=0.438+2.937j
26-30-17-37 梯度监控 | raw=0.7361 | per_param=0.0216 |  natural=0.3054 | clipped=0.3054(上限20.0)
26-30-17-37 原始规范坐标 G(Re Σrow_mean) = +22.9160 | 累计|g| = 11.5922
26-30-17-37 Ψ矩阵条件数 cond(Ψ) = 1.20e+02
26-30-17-37 Loss=-3.201624 | E0=-1.04907981+0.00061635j | E1=-0.95716312-0.00010067j|E2=-0.65626352-0.00043599j|E3=-0.53911779-0.00021378j
26-30-17-37 #-----------------------------------------#
26-30-17-37 [Step 231] logΨ: mean=0.172+0.946j | min=-6.682-0.615j | max=0.355+2.922j
26-30-17-37 梯度监控 | raw=0.8495 | per_param=0.0249 |  natural=0.3090 | clipped=0.3090(上限20.0)
26-30-17-37 原始规范坐标 G(Re Σrow_mean) = +22.8738 | 累计|g| = 11.5922
26-30-17-37 Ψ矩阵条件数 cond(Ψ) = 1.97e+02
26-30-17-37 Loss=-3.201595 | E0=-1.04892964-0.00041860j | E1=-0.95355028+0.00010574j|E2=-0.65882621-0.00031129j|E3=-0.54028858-0.00042739j
26-30-17-37 #-----------------------------------------#
26-30-17-37 [Step 232] logΨ: mean=0.304+1.230j | min=-7.286+2.707j | max=0.405+2.894j
26-30-17-37 梯度监控 | raw=0.8857 | per_param=0.0260 |  natural=0.2615 | clipped=0.2615(上限20.0)
26-30-17-37 原始规范坐标 G(Re Σrow_mean) = +22.9345 | 累计|g| = 11.5922
26-30-17-37 Ψ矩阵条件数 cond(Ψ) = 2.15e+02
26-30-17-37 Loss=-3.198412 | E0=-1.04903722-0.00102425j | E1=-0.95170530+0.00104821j|E2=-0.65545022-0.00122148j|E3=-0.54221889-0.00056495j
26-30-17-37 #-----------------------------------------#
26-30-17-37 [Step 233] logΨ: mean=0.243+1.150j | min=-6.018+2.488j | max=0.359+2.876j
26-30-17-37 梯度监控 | raw=0.7118 | per_param=0.0209 |  natural=0.2713 | clipped=0.2713(上限20.0)
26-30-17-37 原始规范坐标 G(Re Σrow_mean) = +22.9463 | 累计|g| = 11.5922
26-30-17-37 Ψ矩阵条件数 cond(Ψ) = 1.92e+02
26-30-17-37 Loss=-3.197749 | E0=-1.04740946+0.00019120j | E1=-0.95339703+0.00047834j|E2=-0.65558780-0.00042367j|E3=-0.54135427-0.00024611j
26-30-17-37 #-----------------------------------------#
26-30-17-37 [Step 234] logΨ: mean=0.148+1.324j | min=-4.534+1.273j | max=0.222+2.897j
26-30-17-37 梯度监控 | raw=2.1021 | per_param=0.0617 |  natural=0.3519 | clipped=0.3519(上限20.0)
26-30-17-37 原始规范坐标 G(Re Σrow_mean) = +23.0195 | 累计|g| = 11.5922
26-30-17-37 Ψ矩阵条件数 cond(Ψ) = 1.85e+02
26-30-17-37 Loss=-3.208570 | E0=-1.04598554-0.00007784j | E1=-0.95801754+0.00101616j|E2=-0.66022652+0.00086425j|E3=-0.54434056+0.00000312j
26-30-17-37 #-----------------------------------------#
26-30-17-37 [Step 235] logΨ: mean=0.284+1.356j | min=-3.929-0.085j | max=0.354+2.898j
26-30-17-37 梯度监控 | raw=1.2667 | per_param=0.0372 |  natural=0.1776 | clipped=0.1776(上限20.0)
26-30-17-37 原始规范坐标 G(Re Σrow_mean) = +23.0747 | 累计|g| = 11.5922
26-30-17-37 Ψ矩阵条件数 cond(Ψ) = 1.95e+02
26-30-17-37 Loss=-3.196083 | E0=-1.04354938-0.00023923j | E1=-0.95522965+0.00017053j|E2=-0.65754967-0.00001382j|E3=-0.53975395-0.00011207j
26-30-17-37 #-----------------------------------------#
26-30-17-37 [Step 236] logΨ: mean=0.063+1.155j | min=-4.495+3.045j | max=0.252+2.828j
26-30-17-37 梯度监控 | raw=0.9599 | per_param=0.0282 |  natural=0.4237 | clipped=0.4237(上限20.0)
26-30-17-37 原始规范坐标 G(Re Σrow_mean) = +22.9705 | 累计|g| = 11.5922
26-30-17-37 Ψ矩阵条件数 cond(Ψ) = 1.65e+02
26-30-17-37 Loss=-3.204696 | E0=-1.04953114-0.00024724j | E1=-0.95759733+0.00010448j|E2=-0.65425770-0.00049249j|E3=-0.54330958-0.00060390j
26-30-17-37 #-----------------------------------------#
26-30-17-37 [Step 237] logΨ: mean=-0.056+1.256j | min=-7.144+2.462j | max=0.210+2.854j
26-30-17-37 梯度监控 | raw=4.2179 | per_param=0.1238 |  natural=0.3972 | clipped=0.3972(上限20.0)
26-30-17-37 原始规范坐标 G(Re Σrow_mean) = +22.9371 | 累计|g| = 11.5922
26-30-17-37 Ψ矩阵条件数 cond(Ψ) = 1.73e+02
26-30-17-37 Loss=-3.188970 | E0=-1.04661844-0.00102068j | E1=-0.94997744+0.00017715j|E2=-0.65506296-0.00105693j|E3=-0.53731091+0.00017609j
26-30-17-37 #-----------------------------------------#
26-30-17-37 [Step 238] logΨ: mean=0.064+1.882j | min=-5.788-0.244j | max=0.150+2.891j
26-30-17-37 梯度监控 | raw=3.4741 | per_param=0.1020 |  natural=0.4255 | clipped=0.4255(上限20.0)
26-30-17-37 原始规范坐标 G(Re Σrow_mean) = +23.0137 | 累计|g| = 11.5922
26-30-17-37 Ψ矩阵条件数 cond(Ψ) = 1.84e+02
26-30-17-37 Loss=-3.198114 | E0=-1.04459190+0.00073259j | E1=-0.95311003+0.00049973j|E2=-0.65700863-0.00048159j|E3=-0.54340378+0.00015316j
26-30-17-37 #-----------------------------------------#
26-30-17-37 [Step 239] logΨ: mean=-0.707+1.898j | min=-6.677-1.444j | max=-0.575+2.653j
26-30-17-37 梯度监控 | raw=2.5749 | per_param=0.0756 |  natural=1.6128 | clipped=1.6128(上限20.0)
26-30-17-37 原始规范坐标 G(Re Σrow_mean) = +22.9162 | 累计|g| = 11.5922
26-30-17-37 Ψ矩阵条件数 cond(Ψ) = 1.71e+02
26-30-17-37 Loss=-3.194909 | E0=-1.04912043-0.00046109j | E1=-0.95236884-0.00038882j|E2=-0.64761716-0.00569969j|E3=-0.54580305-0.00029509j
26-30-17-37 #-----------------------------------------#
26-30-17-37 [保存] Step 239 → pickle 文件已更新 (240 条记录)
26-30-17-37 [GaugeReset@240] 吸收 Δg = Σ Re(col_mean) = +22.9162 | 新|g| = 11.6214
26-30-17-37 [Step 240] logΨ: mean=-0.716+1.727j | min=-8.735+3.020j | max=-0.478+2.702j
26-30-17-37 梯度监控 | raw=9.5186 | per_param=0.2795 |  natural=0.4662 | clipped=0.4662(上限20.0)
26-30-17-37 原始规范坐标 G(Re Σrow_mean) = +22.7619 | 累计|g| = 11.6214
26-30-17-37 Ψ矩阵条件数 cond(Ψ) = 1.39e+02
26-30-17-37 Loss=-3.170603 | E0=-1.04757304+0.00052047j | E1=-0.95511969-0.00020113j|E2=-0.66284716-0.00039232j|E3=-0.50506277+0.00049964j
26-30-17-37 #-----------------------------------------#
26-30-17-37 [Step 241] logΨ: mean=-0.657+0.977j | min=-6.586-0.376j | max=-0.400+2.721j
26-30-17-37 梯度监控 | raw=3.9850 | per_param=0.1170 |  natural=0.3283 | clipped=0.3283(上限20.0)
26-30-17-37 原始规范坐标 G(Re Σrow_mean) = +22.7941 | 累计|g| = 11.6214
26-30-17-37 Ψ矩阵条件数 cond(Ψ) = 1.46e+02
26-30-17-37 Loss=-3.184044 | E0=-1.04833672+0.00064654j | E1=-0.95540268-0.00057055j|E2=-0.66216291+0.00128409j|E3=-0.51814155+0.00069017j
26-30-17-37 #-----------------------------------------#
26-30-17-37 [Step 242] logΨ: mean=-0.510+0.710j | min=-5.526-0.470j | max=-0.392+2.751j
26-30-17-37 梯度监控 | raw=2.1966 | per_param=0.0645 |  natural=0.2697 | clipped=0.2697(上限20.0)
26-30-17-37 原始规范坐标 G(Re Σrow_mean) = +22.9272 | 累计|g| = 11.6214
26-30-17-37 Ψ矩阵条件数 cond(Ψ) = 1.52e+02
26-30-17-37 Loss=-3.198860 | E0=-1.04714768+0.00019839j | E1=-0.95712737+0.00045050j|E2=-0.66448596-0.00063321j|E3=-0.53009922-0.00067382j
26-30-17-37 #-----------------------------------------#
26-30-17-37 [Step 243] logΨ: mean=-0.489+0.851j | min=-5.474-0.654j | max=-0.271+2.822j
26-30-17-37 梯度监控 | raw=3.8546 | per_param=0.1132 |  natural=0.2949 | clipped=0.2949(上限20.0)
26-30-17-37 原始规范坐标 G(Re Σrow_mean) = +22.8250 | 累计|g| = 11.6214
26-30-17-37 Ψ矩阵条件数 cond(Ψ) = 1.59e+02
26-30-17-37 Loss=-3.188754 | E0=-1.04875691+0.00012078j | E1=-0.95744595+0.00047517j|E2=-0.65444504+0.00044069j|E3=-0.52810596+0.00139330j
26-30-17-37 #-----------------------------------------#
26-30-17-37 [Step 244] logΨ: mean=-0.312+1.135j | min=-5.155+0.060j | max=-0.222+2.871j
26-30-17-37 梯度监控 | raw=0.8181 | per_param=0.0240 |  natural=0.2842 | clipped=0.2842(上限20.0)
26-30-17-37 原始规范坐标 G(Re Σrow_mean) = +22.9707 | 累计|g| = 11.6214
26-30-17-37 Ψ矩阵条件数 cond(Ψ) = 1.56e+02
26-30-17-37 Loss=-3.198357 | E0=-1.04760197+0.00057699j | E1=-0.95506183-0.00042323j|E2=-0.66181350+0.00011871j|E3=-0.53387948-0.00007309j
26-30-17-37 #-----------------------------------------#
26-30-17-37 [Step 245] logΨ: mean=-0.285+1.511j | min=-5.632-0.250j | max=-0.168+2.883j
26-30-17-37 梯度监控 | raw=1.3635 | per_param=0.0400 |  natural=0.2277 | clipped=0.2277(上限20.0)
26-30-17-37 原始规范坐标 G(Re Σrow_mean) = +22.9646 | 累计|g| = 11.6214
26-30-17-37 Ψ矩阵条件数 cond(Ψ) = 1.49e+02
26-30-17-37 Loss=-3.196242 | E0=-1.04594108+0.00026613j | E1=-0.95480505-0.00027938j|E2=-0.65361890+0.00034030j|E3=-0.54187656+0.00032302j
26-30-17-37 #-----------------------------------------#
26-30-17-37 [Step 246] logΨ: mean=-0.333+1.801j | min=-5.121-2.041j | max=-0.158+2.881j
26-30-17-37 梯度监控 | raw=1.0510 | per_param=0.0309 |  natural=0.2695 | clipped=0.2695(上限20.0)
26-30-17-37 原始规范坐标 G(Re Σrow_mean) = +22.9260 | 累计|g| = 11.6214
26-30-17-37 Ψ矩阵条件数 cond(Ψ) = 1.46e+02
26-30-17-37 Loss=-3.203159 | E0=-1.04973383-0.00004784j | E1=-0.95685764-0.00037785j|E2=-0.66056172+0.00002375j|E3=-0.53600597-0.00005208j
26-30-17-37 #-----------------------------------------#
26-30-17-37 [Step 247] logΨ: mean=-0.592+1.430j | min=-6.983+3.130j | max=-0.266+2.904j
26-30-17-37 梯度监控 | raw=1.5386 | per_param=0.0452 |  natural=0.5252 | clipped=0.5252(上限20.0)
26-30-17-37 原始规范坐标 G(Re Σrow_mean) = +22.8511 | 累计|g| = 11.6214
26-30-17-37 Ψ矩阵条件数 cond(Ψ) = 1.50e+02
26-30-17-37 Loss=-3.198606 | E0=-1.04978990-0.00029906j | E1=-0.95064220+0.00058872j|E2=-0.66267994+0.00158341j|E3=-0.53549426-0.00007314j
26-30-17-37 #-----------------------------------------#
26-30-17-37 [Step 248] logΨ: mean=-0.353+1.316j | min=-6.408-0.249j | max=-0.234+2.926j
26-30-17-37 梯度监控 | raw=1.0811 | per_param=0.0317 |  natural=0.2470 | clipped=0.2470(上限20.0)
26-30-17-37 原始规范坐标 G(Re Σrow_mean) = +22.9583 | 累计|g| = 11.6214
26-30-17-37 Ψ矩阵条件数 cond(Ψ) = 1.52e+02
26-30-17-37 Loss=-3.200351 | E0=-1.04734937+0.00025521j | E1=-0.95520160+0.00050499j|E2=-0.65514969-0.00023023j|E3=-0.54265057+0.00017965j
26-30-17-37 #-----------------------------------------#
26-30-17-37 [Step 249] logΨ: mean=-0.515+1.933j | min=-6.773-0.071j | max=-0.330+2.902j
26-30-17-37 梯度监控 | raw=0.6507 | per_param=0.0191 |  natural=0.2949 | clipped=0.2949(上限20.0)
26-30-17-37 原始规范坐标 G(Re Σrow_mean) = +22.8822 | 累计|g| = 11.6214
26-30-17-37 Ψ矩阵条件数 cond(Ψ) = 1.49e+02
26-30-17-37 Loss=-3.198364 | E0=-1.04921750+0.00008423j | E1=-0.94612868-0.00069893j|E2=-0.65647389+0.00027641j|E3=-0.54654388+0.00090351j
26-30-17-37 #-----------------------------------------#
26-30-17-37 [GaugeReset@250] 吸收 Δg = Σ Re(col_mean) = +22.8822 | 新|g| = 11.6058
26-30-17-37 [Step 250] logΨ: mean=-0.642+1.940j | min=-6.127-0.426j | max=-0.546+2.828j
26-30-17-37 梯度监控 | raw=0.7741 | per_param=0.0227 |  natural=0.4124 | clipped=0.4124(上限20.0)
26-30-17-37 原始规范坐标 G(Re Σrow_mean) = +22.9492 | 累计|g| = 11.6058
26-30-17-37 Ψ矩阵条件数 cond(Ψ) = 1.66e+02
26-30-17-37 Loss=-3.207628 | E0=-1.04541915+0.00038785j | E1=-0.95358177+0.00010091j|E2=-0.66409349-0.00060621j|E3=-0.54453386-0.00024766j
26-30-17-37 #-----------------------------------------#
26-30-17-37 [Step 251] logΨ: mean=-0.538+2.218j | min=-5.559-2.628j | max=-0.484+2.831j
26-30-17-37 梯度监控 | raw=0.6793 | per_param=0.0199 |  natural=0.1067 | clipped=0.1067(上限20.0)
26-30-17-37 原始规范坐标 G(Re Σrow_mean) = +22.9988 | 累计|g| = 11.6058
26-30-17-37 Ψ矩阵条件数 cond(Ψ) = 1.62e+02
26-30-17-37 Loss=-3.205222 | E0=-1.04651117+0.00059594j | E1=-0.95468477+0.00019631j|E2=-0.66161021-0.00055680j|E3=-0.54241636+0.00002834j
26-30-17-37 #-----------------------------------------#
26-30-17-37 [Step 252] logΨ: mean=-0.444+1.917j | min=-4.814+0.447j | max=-0.381+2.861j
26-30-17-37 梯度监控 | raw=0.6738 | per_param=0.0198 |  natural=0.1526 | clipped=0.1526(上限20.0)
26-30-17-37 原始规范坐标 G(Re Σrow_mean) = +22.9989 | 累计|g| = 11.6058
26-30-17-37 Ψ矩阵条件数 cond(Ψ) = 1.62e+02
26-30-17-37 Loss=-3.203955 | E0=-1.04699782+0.00043795j | E1=-0.95546993+0.00032038j|E2=-0.66008220-0.00071164j|E3=-0.54140513+0.00030898j
26-30-17-37 #-----------------------------------------#
26-30-17-37 [Step 253] logΨ: mean=-0.482+1.410j | min=-6.313+2.922j | max=-0.345+2.860j
26-30-17-37 梯度监控 | raw=0.3895 | per_param=0.0114 |  natural=0.2454 | clipped=0.2454(上限20.0)
26-30-17-37 原始规范坐标 G(Re Σrow_mean) = +22.9764 | 累计|g| = 11.6058
26-30-17-37 Ψ矩阵条件数 cond(Ψ) = 1.66e+02
26-30-17-37 Loss=-3.202582 | E0=-1.04693925+0.00042435j | E1=-0.95591621+0.00022085j|E2=-0.65707560+0.00019588j|E3=-0.54265051-0.00077835j
26-30-17-37 #-----------------------------------------#
26-30-17-37 [Step 254] logΨ: mean=-0.454+1.287j | min=-7.515-0.664j | max=-0.242+2.829j
26-30-17-37 梯度监控 | raw=1.1964 | per_param=0.0351 |  natural=0.2578 | clipped=0.2578(上限20.0)
26-30-17-37 原始规范坐标 G(Re Σrow_mean) = +23.0201 | 累计|g| = 11.6058
26-30-17-37 Ψ矩阵条件数 cond(Ψ) = 1.54e+02
26-30-17-37 Loss=-3.203184 | E0=-1.05009044+0.00010700j | E1=-0.95314015-0.00011797j|E2=-0.66095091+0.00066155j|E3=-0.53900288+0.00023508j
26-30-17-37 #-----------------------------------------#
26-30-17-37 [Step 255] logΨ: mean=-0.349+1.078j | min=-5.457-0.269j | max=-0.237+2.809j
26-30-17-37 梯度监控 | raw=0.5074 | per_param=0.0149 |  natural=0.2153 | clipped=0.2153(上限20.0)
26-30-17-37 原始规范坐标 G(Re Σrow_mean) = +23.0548 | 累计|g| = 11.6058
26-30-17-37 Ψ矩阵条件数 cond(Ψ) = 1.53e+02
26-30-17-37 Loss=-3.201596 | E0=-1.04819903+0.00024961j | E1=-0.95322111+0.00029447j|E2=-0.65535419-0.00051246j|E3=-0.54482201-0.00004276j
26-30-17-37 #-----------------------------------------#
26-30-17-37 [Step 256] logΨ: mean=-0.353+0.619j | min=-5.882-0.402j | max=-0.198+2.809j
26-30-17-37 梯度监控 | raw=2.4280 | per_param=0.0713 |  natural=0.3676 | clipped=0.3676(上限20.0)
26-30-17-37 原始规范坐标 G(Re Σrow_mean) = +22.9972 | 累计|g| = 11.6058
26-30-17-37 Ψ矩阵条件数 cond(Ψ) = 1.63e+02
26-30-17-37 Loss=-3.198997 | E0=-1.04957660-0.00015008j | E1=-0.95098251-0.00086877j|E2=-0.65634354+0.00033243j|E3=-0.54209412+0.00004497j
26-30-17-37 #-----------------------------------------#
26-30-17-37 [Step 257] logΨ: mean=-0.246+0.838j | min=-6.325+0.296j | max=-0.100+2.831j
26-30-17-37 梯度监控 | raw=1.1830 | per_param=0.0347 |  natural=0.2627 | clipped=0.2627(上限20.0)
26-30-17-37 原始规范坐标 G(Re Σrow_mean) = +23.0586 | 累计|g| = 11.6058
26-30-17-37 Ψ矩阵条件数 cond(Ψ) = 1.67e+02
26-30-17-37 Loss=-3.199289 | E0=-1.04707095+0.00032384j | E1=-0.95156693+0.00067225j|E2=-0.65636400-0.00040364j|E3=-0.54428697-0.00059111j
26-30-17-37 #-----------------------------------------#
26-30-17-37 [Step 258] logΨ: mean=-0.403+0.880j | min=-6.543+2.768j | max=-0.240+2.857j
26-30-17-37 梯度监控 | raw=5.7790 | per_param=0.1697 |  natural=0.5521 | clipped=0.5521(上限20.0)
26-30-17-37 原始规范坐标 G(Re Σrow_mean) = +23.0323 | 累计|g| = 11.6058
26-30-17-37 Ψ矩阵条件数 cond(Ψ) = 1.49e+02
26-30-17-37 Loss=-3.192971 | E0=-1.04689621-0.00016779j | E1=-0.94993367-0.00226443j|E2=-0.65184680-0.00330041j|E3=-0.54429385+0.00106263j
26-30-17-37 #-----------------------------------------#
26-30-17-37 [Step 259] logΨ: mean=-0.598+1.240j | min=-6.857+2.583j | max=-0.443+2.836j
26-30-17-37 梯度监控 | raw=4.2797 | per_param=0.1257 |  natural=0.3888 | clipped=0.3888(上限20.0)
26-30-17-37 原始规范坐标 G(Re Σrow_mean) = +23.0711 | 累计|g| = 11.6058
26-30-17-37 Ψ矩阵条件数 cond(Ψ) = 1.55e+02
26-30-17-37 Loss=-3.207062 | E0=-1.04750108-0.00004150j | E1=-0.95673140+0.00008636j|E2=-0.66272669+0.00051835j|E3=-0.54010303-0.00212890j
26-30-17-37 #-----------------------------------------#
26-30-17-37 [保存] Step 259 → pickle 文件已更新 (260 条记录)
26-30-17-37 [GaugeReset@260] 吸收 Δg = Σ Re(col_mean) = +23.0711 | 新|g| = 11.6894
26-30-17-37 [Step 260] logΨ: mean=-0.873+1.563j | min=-6.733+2.865j | max=-0.694+2.784j
26-30-17-37 梯度监控 | raw=1.3030 | per_param=0.0383 |  natural=0.3130 | clipped=0.3130(上限20.0)
26-30-17-37 原始规范坐标 G(Re Σrow_mean) = +23.0764 | 累计|g| = 11.6894
26-30-17-37 Ψ矩阵条件数 cond(Ψ) = 1.36e+02
26-30-17-37 Loss=-3.211351 | E0=-1.05327261-0.00102205j | E1=-0.95491145-0.00054657j|E2=-0.65754809+0.00040978j|E3=-0.54561876-0.00007251j
26-30-17-37 #-----------------------------------------#
26-30-17-37 [Step 261] logΨ: mean=-0.745+1.382j | min=-7.239+2.582j | max=-0.565+2.792j
26-30-17-37 梯度监控 | raw=3.1825 | per_param=0.0934 |  natural=0.2907 | clipped=0.2907(上限20.0)
26-30-17-37 原始规范坐标 G(Re Σrow_mean) = +23.1021 | 累计|g| = 11.6894
26-30-17-37 Ψ矩阵条件数 cond(Ψ) = 1.35e+02
26-30-17-37 Loss=-3.197660 | E0=-1.04848186-0.00016716j | E1=-0.95531159+0.00020601j|E2=-0.65168234-0.00027619j|E3=-0.54218448-0.00051103j
26-30-17-37 #-----------------------------------------#
26-30-17-37 [Step 262] logΨ: mean=-0.614+1.442j | min=-7.917-0.455j | max=-0.466+2.813j
26-30-17-37 梯度监控 | raw=0.9953 | per_param=0.0292 |  natural=0.4071 | clipped=0.4071(上限20.0)
26-30-17-37 原始规范坐标 G(Re Σrow_mean) = +23.1054 | 累计|g| = 11.6894
26-30-17-37 Ψ矩阵条件数 cond(Ψ) = 1.51e+02
26-30-17-37 Loss=-3.205689 | E0=-1.04659055+0.00023636j | E1=-0.95310373+0.00021154j|E2=-0.66278013-0.00040052j|E3=-0.54321421+0.00101937j
26-30-17-37 #-----------------------------------------#
26-30-17-37 [Step 263] logΨ: mean=-0.425+1.176j | min=-5.250-0.595j | max=-0.252+2.823j
26-30-17-37 梯度监控 | raw=2.3332 | per_param=0.0685 |  natural=0.4099 | clipped=0.4099(上限20.0)
26-30-17-37 原始规范坐标 G(Re Σrow_mean) = +23.2132 | 累计|g| = 11.6894
26-30-17-37 Ψ矩阵条件数 cond(Ψ) = 1.62e+02
26-30-17-37 Loss=-3.191512 | E0=-1.04691722+0.00010927j | E1=-0.95358375-0.00029866j|E2=-0.64639906-0.00027206j|E3=-0.54461164-0.00004865j
26-30-17-37 #-----------------------------------------#
26-30-17-37 [Step 264] logΨ: mean=-0.303+0.753j | min=-5.183-0.407j | max=-0.222+2.853j
26-30-17-37 梯度监控 | raw=1.2568 | per_param=0.0369 |  natural=0.2853 | clipped=0.2853(上限20.0)
26-30-17-37 原始规范坐标 G(Re Σrow_mean) = +23.3128 | 累计|g| = 11.6894
26-30-17-37 Ψ矩阵条件数 cond(Ψ) = 1.74e+02
26-30-17-37 Loss=-3.202150 | E0=-1.04736319+0.00003698j | E1=-0.95374923+0.00000103j|E2=-0.65890626+0.00004997j|E3=-0.54213118-0.00095089j
26-30-17-37 #-----------------------------------------#
26-30-17-37 [Step 265] logΨ: mean=-0.524+0.805j | min=-5.261-0.298j | max=-0.400+2.845j
26-30-17-37 梯度监控 | raw=1.1462 | per_param=0.0337 |  natural=0.2441 | clipped=0.2441(上限20.0)
26-30-17-37 原始规范坐标 G(Re Σrow_mean) = +23.2749 | 累计|g| = 11.6894
26-30-17-37 Ψ矩阵条件数 cond(Ψ) = 1.56e+02
26-30-17-37 Loss=-3.204589 | E0=-1.05058483+0.00020601j | E1=-0.95297093-0.00070877j|E2=-0.66141836+0.00071343j|E3=-0.53961472-0.00016595j
26-30-17-37 #-----------------------------------------#
26-30-17-37 [Step 266] logΨ: mean=-0.271+1.196j | min=-5.402-1.759j | max=-0.169+2.857j
26-30-17-37 梯度监控 | raw=3.2576 | per_param=0.0956 |  natural=0.2963 | clipped=0.2963(上限20.0)
26-30-17-37 原始规范坐标 G(Re Σrow_mean) = +23.2694 | 累计|g| = 11.6894
26-30-17-37 Ψ矩阵条件数 cond(Ψ) = 1.79e+02
26-30-17-37 Loss=-3.193714 | E0=-1.04880677+0.00009595j | E1=-0.95295301-0.00048670j|E2=-0.65741927+0.00080506j|E3=-0.53453487-0.00072813j
26-30-17-37 #-----------------------------------------#
26-30-17-37 [Step 267] logΨ: mean=-0.504+1.828j | min=-7.665+2.959j | max=-0.322+2.811j
26-30-17-37 梯度监控 | raw=1.7074 | per_param=0.0501 |  natural=0.4931 | clipped=0.4931(上限20.0)
26-30-17-37 原始规范坐标 G(Re Σrow_mean) = +23.3146 | 累计|g| = 11.6894
26-30-17-37 Ψ矩阵条件数 cond(Ψ) = 1.58e+02
26-30-17-37 Loss=-3.206264 | E0=-1.04910935+0.00002178j | E1=-0.95401384+0.00031303j|E2=-0.65725677-0.00102540j|E3=-0.54588446+0.00011290j
26-30-17-37 #-----------------------------------------#
26-30-17-37 [Step 268] logΨ: mean=-0.428+1.514j | min=-6.308-0.042j | max=-0.298+2.799j
26-30-17-37 梯度监控 | raw=0.6234 | per_param=0.0183 |  natural=0.2467 | clipped=0.2467(上限20.0)
26-30-17-37 原始规范坐标 G(Re Σrow_mean) = +23.3540 | 累计|g| = 11.6894
26-30-17-37 Ψ矩阵条件数 cond(Ψ) = 1.60e+02
26-30-17-37 Loss=-3.203570 | E0=-1.04980976+0.00043863j | E1=-0.95394269+0.00023721j|E2=-0.66060131-0.00035835j|E3=-0.53921639-0.00019209j
26-30-17-37 #-----------------------------------------#
26-30-17-37 [Step 269] logΨ: mean=-0.539+1.372j | min=-6.811-0.140j | max=-0.441+2.818j
26-30-17-37 梯度监控 | raw=1.4396 | per_param=0.0423 |  natural=0.2945 | clipped=0.2945(上限20.0)
26-30-17-37 原始规范坐标 G(Re Σrow_mean) = +23.4174 | 累计|g| = 11.6894
26-30-17-37 Ψ矩阵条件数 cond(Ψ) = 1.58e+02
26-30-17-37 Loss=-3.215550 | E0=-1.04835634-0.00009578j | E1=-0.95764525-0.00058666j|E2=-0.66444158-0.00029529j|E3=-0.54510731+0.00038541j
26-30-17-37 #-----------------------------------------#
26-30-17-37 [GaugeReset@270] 吸收 Δg = Σ Re(col_mean) = +23.4174 | 新|g| = 11.8566
26-30-17-37 [Step 270] logΨ: mean=-1.096+1.148j | min=-7.367-0.503j | max=-0.910+2.812j
26-30-17-37 梯度监控 | raw=0.5823 | per_param=0.0171 |  natural=0.3223 | clipped=0.3223(上限20.0)
26-30-17-37 原始规范坐标 G(Re Σrow_mean) = +23.3125 | 累计|g| = 11.8566
26-30-17-37 Ψ矩阵条件数 cond(Ψ) = 1.34e+02
26-30-17-37 Loss=-3.209427 | E0=-1.05366148-0.00014932j | E1=-0.95298729+0.00008330j|E2=-0.65852078-0.00000975j|E3=-0.54425764+0.00015211j
26-30-17-37 #-----------------------------------------#
26-30-17-37 [Step 271] logΨ: mean=-0.929+1.546j | min=-5.335-2.533j | max=-0.798+2.844j
26-30-17-37 梯度监控 | raw=1.9192 | per_param=0.0563 |  natural=0.2409 | clipped=0.2409(上限20.0)
26-30-17-37 原始规范坐标 G(Re Σrow_mean) = +23.3725 | 累计|g| = 11.8566
26-30-17-37 Ψ矩阵条件数 cond(Ψ) = 1.43e+02
26-30-17-37 Loss=-3.204336 | E0=-1.04701532+0.00056269j | E1=-0.95304118-0.00027306j|E2=-0.65992606+0.00021327j|E3=-0.54435300+0.00038637j
26-30-17-37 #-----------------------------------------#
26-30-17-37 [Step 272] logΨ: mean=-0.882+1.615j | min=-6.996-0.033j | max=-0.708+2.845j
26-30-17-37 梯度监控 | raw=2.4711 | per_param=0.0726 |  natural=0.2252 | clipped=0.2252(上限20.0)
26-30-17-37 原始规范坐标 G(Re Σrow_mean) = +23.3627 | 累计|g| = 11.8566
26-30-17-37 Ψ矩阵条件数 cond(Ψ) = 1.47e+02
26-30-17-37 Loss=-3.198045 | E0=-1.04730612+0.00015420j | E1=-0.95307313-0.00010641j|E2=-0.65608003-0.00010049j|E3=-0.54158542-0.00025300j
26-30-17-37 #-----------------------------------------#
26-30-17-37 [Step 273] logΨ: mean=-0.741+2.021j | min=-6.082+2.884j | max=-0.657+2.879j
26-30-17-37 梯度监控 | raw=0.6604 | per_param=0.0194 |  natural=0.2054 | clipped=0.2054(上限20.0)
26-30-17-37 原始规范坐标 G(Re Σrow_mean) = +23.4420 | 累计|g| = 11.8566
26-30-17-37 Ψ矩阵条件数 cond(Ψ) = 1.53e+02
26-30-17-37 Loss=-3.209303 | E0=-1.04886008-0.00008673j | E1=-0.95613794+0.00050095j|E2=-0.66146666+0.00017181j|E3=-0.54283866+0.00004009j
26-30-17-37 #-----------------------------------------#
26-30-17-37 [Step 274] logΨ: mean=-0.838+1.961j | min=-5.640+1.969j | max=-0.705+2.910j
26-30-17-37 梯度监控 | raw=0.3243 | per_param=0.0095 |  natural=0.3524 | clipped=0.3524(上限20.0)
26-30-17-37 原始规范坐标 G(Re Σrow_mean) = +23.3791 | 累计|g| = 11.8566
26-30-17-37 Ψ矩阵条件数 cond(Ψ) = 1.55e+02
26-30-17-37 Loss=-3.204816 | E0=-1.04718002+0.00057025j | E1=-0.95413427+0.00006140j|E2=-0.65914809+0.00007793j|E3=-0.54435387+0.00009031j
26-30-17-37 #-----------------------------------------#
26-30-17-37 [Step 275] logΨ: mean=-0.836+1.992j | min=-6.722-0.175j | max=-0.687+2.899j
26-30-17-37 梯度监控 | raw=0.7450 | per_param=0.0219 |  natural=0.1886 | clipped=0.1886(上限20.0)
26-30-17-37 原始规范坐标 G(Re Σrow_mean) = +23.3921 | 累计|g| = 11.8566
26-30-17-37 Ψ矩阵条件数 cond(Ψ) = 1.24e+02
26-30-17-37 Loss=-3.206115 | E0=-1.05086955-0.00044355j | E1=-0.95304499+0.00015221j|E2=-0.65542981-0.00010605j|E3=-0.54677074+0.00000388j
26-30-17-37 #-----------------------------------------#
26-30-17-37 [Step 276] logΨ: mean=-0.723+1.605j | min=-5.511-0.444j | max=-0.659+2.896j
26-30-17-37 梯度监控 | raw=0.6640 | per_param=0.0195 |  natural=0.1491 | clipped=0.1491(上限20.0)
26-30-17-37 原始规范坐标 G(Re Σrow_mean) = +23.4842 | 累计|g| = 11.8566
26-30-17-37 Ψ矩阵条件数 cond(Ψ) = 1.58e+02
26-30-17-37 Loss=-3.206167 | E0=-1.04833612+0.00015275j | E1=-0.95435113+0.00013914j|E2=-0.65846931-0.00004775j|E3=-0.54501019+0.00002884j
26-30-17-37 #-----------------------------------------#
26-30-17-37 [Step 277] logΨ: mean=-0.792+1.759j | min=-5.856+3.006j | max=-0.641+2.903j
26-30-17-37 梯度监控 | raw=1.0524 | per_param=0.0309 |  natural=0.1870 | clipped=0.1870(上限20.0)
26-30-17-37 原始规范坐标 G(Re Σrow_mean) = +23.4074 | 累计|g| = 11.8566
26-30-17-37 Ψ矩阵条件数 cond(Ψ) = 1.53e+02
26-30-17-37 Loss=-3.206158 | E0=-1.04956559+0.00018871j | E1=-0.95309556-0.00041565j|E2=-0.65853801+0.00064793j|E3=-0.54495897-0.00006704j
26-30-17-37 #-----------------------------------------#
26-30-17-37 [Step 278] logΨ: mean=-0.655+1.589j | min=-7.660+2.863j | max=-0.513+2.904j
26-30-17-37 梯度监控 | raw=2.0710 | per_param=0.0608 |  natural=0.3249 | clipped=0.3249(上限20.0)
26-30-17-37 原始规范坐标 G(Re Σrow_mean) = +23.4162 | 累计|g| = 11.8566
26-30-17-37 Ψ矩阵条件数 cond(Ψ) = 1.48e+02
26-30-17-37 Loss=-3.196704 | E0=-1.04902088+0.00050739j | E1=-0.95549054+0.00046125j|E2=-0.64546449-0.00124352j|E3=-0.54672804+0.00015286j
26-30-17-37 #-----------------------------------------#
26-30-17-37 [Step 279] logΨ: mean=-0.655+1.454j | min=-6.341-0.278j | max=-0.515+2.907j
26-30-17-37 梯度监控 | raw=1.2504 | per_param=0.0367 |  natural=0.2146 | clipped=0.2146(上限20.0)
26-30-17-37 原始规范坐标 G(Re Σrow_mean) = +23.4783 | 累计|g| = 11.8566
26-30-17-37 Ψ矩阵条件数 cond(Ψ) = 1.56e+02
26-30-17-37 Loss=-3.211424 | E0=-1.05263620-0.00058767j | E1=-0.95947790+0.00061222j|E2=-0.65406888-0.00000840j|E3=-0.54524080+0.00006797j
26-30-17-37 #-----------------------------------------#
26-30-17-37 [保存] Step 279 → pickle 文件已更新 (280 条记录)
26-30-17-37 [GaugeReset@280] 吸收 Δg = Σ Re(col_mean) = +23.4783 | 新|g| = 11.8927
26-30-17-37 [Step 280] logΨ: mean=-1.286+1.240j | min=-5.940-0.334j | max=-1.095+2.784j
26-30-17-37 梯度监控 | raw=1.6857 | per_param=0.0495 |  natural=0.6558 | clipped=0.6558(上限20.0)
26-30-17-37 原始规范坐标 G(Re Σrow_mean) = +23.3920 | 累计|g| = 11.8927
26-30-17-37 Ψ矩阵条件数 cond(Ψ) = 1.62e+02
26-30-17-37 Loss=-3.208239 | E0=-1.05023394-0.00018731j | E1=-0.95639710+0.00021461j|E2=-0.65359425-0.00161135j|E3=-0.54801387-0.00046205j
26-30-17-37 #-----------------------------------------#
26-30-17-37 [Step 281] logΨ: mean=-1.150+1.081j | min=-7.521+2.698j | max=-0.967+2.809j
26-30-17-37 梯度监控 | raw=5.1765 | per_param=0.1520 |  natural=0.2746 | clipped=0.2746(上限20.0)
26-30-17-37 原始规范坐标 G(Re Σrow_mean) = +23.4043 | 累计|g| = 11.8927
26-30-17-37 Ψ矩阵条件数 cond(Ψ) = 1.74e+02
26-30-17-37 Loss=-3.198760 | E0=-1.04710065+0.00005519j | E1=-0.95352812+0.00031256j|E2=-0.65710289-0.00063580j|E3=-0.54102831-0.00073323j
26-30-17-37 #-----------------------------------------#
26-30-17-37 [Step 282] logΨ: mean=-1.167+1.143j | min=-7.457+1.896j | max=-0.923+2.850j
26-30-17-37 梯度监控 | raw=4.0732 | per_param=0.1196 |  natural=0.3138 | clipped=0.3138(上限20.0)
26-30-17-37 原始规范坐标 G(Re Σrow_mean) = +23.3721 | 累计|g| = 11.8927
26-30-17-37 Ψ矩阵条件数 cond(Ψ) = 1.75e+02
26-30-17-37 Loss=-3.196962 | E0=-1.04647057-0.00063038j | E1=-0.94924842-0.00041117j|E2=-0.65800908+0.00115649j|E3=-0.54323425+0.00063548j
26-30-17-37 #-----------------------------------------#
26-30-17-37 [Step 283] logΨ: mean=-0.922+1.625j | min=-6.821+2.941j | max=-0.798+2.857j
26-30-17-37 梯度监控 | raw=1.3074 | per_param=0.0384 |  natural=0.2333 | clipped=0.2333(上限20.0)
26-30-17-37 原始规范坐标 G(Re Σrow_mean) = +23.4568 | 累计|g| = 11.8927
26-30-17-37 Ψ矩阵条件数 cond(Ψ) = 1.93e+02
26-30-17-37 Loss=-3.204600 | E0=-1.04799330+0.00025384j | E1=-0.95515520-0.00012404j|E2=-0.65922388-0.00007474j|E3=-0.54222746-0.00002739j
26-30-17-37 #-----------------------------------------#
26-30-17-37 [Step 284] logΨ: mean=-0.865+1.236j | min=-5.911+2.884j | max=-0.772+2.866j
26-30-17-37 梯度监控 | raw=0.4336 | per_param=0.0127 |  natural=0.1775 | clipped=0.1775(上限20.0)
26-30-17-37 原始规范坐标 G(Re Σrow_mean) = +23.4888 | 累计|g| = 11.8927
26-30-17-37 Ψ矩阵条件数 cond(Ψ) = 1.89e+02
26-30-17-37 Loss=-3.207136 | E0=-1.04846053+0.00013420j | E1=-0.95547976-0.00008086j|E2=-0.65787635-0.00006962j|E3=-0.54531946-0.00013166j
26-30-17-37 #-----------------------------------------#
26-30-17-37 [Step 285] logΨ: mean=-0.847+1.170j | min=-7.906-0.428j | max=-0.754+2.861j
26-30-17-37 梯度监控 | raw=1.1137 | per_param=0.0327 |  natural=0.2161 | clipped=0.2161(上限20.0)
26-30-17-37 原始规范坐标 G(Re Σrow_mean) = +23.5305 | 累计|g| = 11.8927
26-30-17-37 Ψ矩阵条件数 cond(Ψ) = 1.96e+02
26-30-17-37 Loss=-3.208222 | E0=-1.04982176-0.00000090j | E1=-0.95686252+0.00074539j|E2=-0.65647060-0.00004267j|E3=-0.54506747-0.00021274j
26-30-17-37 #-----------------------------------------#
26-30-17-37 [Step 286] logΨ: mean=-0.858+1.509j | min=-5.346+2.898j | max=-0.726+2.882j
26-30-17-37 梯度监控 | raw=1.2174 | per_param=0.0357 |  natural=0.2065 | clipped=0.2065(上限20.0)
26-30-17-37 原始规范坐标 G(Re Σrow_mean) = +23.5086 | 累计|g| = 11.8927
26-30-17-37 Ψ矩阵条件数 cond(Ψ) = 1.96e+02
26-30-17-37 Loss=-3.203852 | E0=-1.04856186+0.00010187j | E1=-0.95619601+0.00059852j|E2=-0.65197351-0.00004603j|E3=-0.54712047-0.00018928j
26-30-17-37 #-----------------------------------------#
26-30-17-37 [Step 287] logΨ: mean=-0.843+1.898j | min=-7.008+2.825j | max=-0.754+2.891j
26-30-17-37 梯度监控 | raw=1.1860 | per_param=0.0348 |  natural=0.1590 | clipped=0.1590(上限20.0)
26-30-17-37 原始规范坐标 G(Re Σrow_mean) = +23.5548 | 累计|g| = 11.8927
26-30-17-37 Ψ矩阵条件数 cond(Ψ) = 2.00e+02
26-30-17-37 Loss=-3.205588 | E0=-1.04585806+0.00027380j | E1=-0.95385766-0.00020042j|E2=-0.65797601+0.00034058j|E3=-0.54789630+0.00022719j
26-30-17-37 #-----------------------------------------#
26-30-17-37 [Step 288] logΨ: mean=-0.812+1.219j | min=-6.612-0.224j | max=-0.744+2.852j
26-30-17-37 梯度监控 | raw=0.2525 | per_param=0.0074 |  natural=0.2000 | clipped=0.2000(上限20.0)
26-30-17-37 原始规范坐标 G(Re Σrow_mean) = +23.5840 | 累计|g| = 11.8927
26-30-17-37 Ψ矩阵条件数 cond(Ψ) = 1.93e+02
26-30-17-37 Loss=-3.209829 | E0=-1.04726491+0.00040007j | E1=-0.95481999+0.00013988j|E2=-0.66049013-0.00009780j|E3=-0.54725372+0.00013770j
26-30-17-37 #-----------------------------------------#
26-30-17-37 [Step 289] logΨ: mean=-1.374+1.202j | min=-6.829-0.434j | max=-1.240+2.702j
26-30-17-37 梯度监控 | raw=11.6584 | per_param=0.3423 |  natural=0.6574 | clipped=0.6574(上限20.0)
26-30-17-37 原始规范坐标 G(Re Σrow_mean) = +23.5459 | 累计|g| = 11.8927
26-30-17-37 Ψ矩阵条件数 cond(Ψ) = 2.15e+02
26-30-17-37 Loss=-3.202492 | E0=-1.04134001-0.00082663j | E1=-0.95514415-0.00096068j|E2=-0.65929711+0.00013775j|E3=-0.54671031-0.00046412j
26-30-17-37 #-----------------------------------------#
26-30-17-37 [GaugeReset@290] 吸收 Δg = Σ Re(col_mean) = +23.5459 | 新|g| = 11.9311
26-30-17-37 [Step 290] logΨ: mean=-1.409+1.549j | min=-8.488-1.460j | max=-1.183+2.688j
26-30-17-37 梯度监控 | raw=7.9863 | per_param=0.2345 |  natural=0.5302 | clipped=0.5302(上限20.0)
26-30-17-37 原始规范坐标 G(Re Σrow_mean) = +23.4334 | 累计|g| = 11.9311
26-30-17-37 Ψ矩阵条件数 cond(Ψ) = 3.29e+02
26-30-17-37 Loss=-3.199085 | E0=-1.05899375-0.00210422j | E1=-0.95383251-0.00076225j|E2=-0.65763132-0.00038071j|E3=-0.52862714-0.00062515j
26-30-17-37 #-----------------------------------------#
26-30-17-37 [Step 291] logΨ: mean=-1.325+1.487j | min=-7.881+3.042j | max=-1.031+2.706j
26-30-17-37 梯度监控 | raw=9.1603 | per_param=0.2690 |  natural=0.3289 | clipped=0.3289(上限20.0)
26-30-17-37 原始规范坐标 G(Re Σrow_mean) = +23.4405 | 累计|g| = 11.9311
26-30-17-37 Ψ矩阵条件数 cond(Ψ) = 3.67e+02
26-30-17-37 Loss=-3.188265 | E0=-1.05090501-0.00034429j | E1=-0.94839816+0.00084272j|E2=-0.64971286-0.00236839j|E3=-0.53924903+0.00015085j
26-30-17-37 #-----------------------------------------#
26-30-17-37 [Step 292] logΨ: mean=-1.222+1.621j | min=-5.815-0.012j | max=-1.044+2.755j
26-30-17-37 梯度监控 | raw=1.0246 | per_param=0.0301 |  natural=0.2213 | clipped=0.2213(上限20.0)
26-30-17-37 原始规范坐标 G(Re Σrow_mean) = +23.5564 | 累计|g| = 11.9311
26-30-17-37 Ψ矩阵条件数 cond(Ψ) = 2.28e+02
26-30-17-37 Loss=-3.206041 | E0=-1.04862027+0.00019229j | E1=-0.95155159+0.00016226j|E2=-0.66218817+0.00088968j|E3=-0.54368121+0.00001900j
26-30-17-37 #-----------------------------------------#
26-30-17-37 [Step 293] logΨ: mean=-1.073+1.631j | min=-6.396+2.700j | max=-0.924+2.783j
26-30-17-37 梯度监控 | raw=2.2802 | per_param=0.0669 |  natural=0.2046 | clipped=0.2046(上限20.0)
26-30-17-37 原始规范坐标 G(Re Σrow_mean) = +23.5781 | 累计|g| = 11.9311
26-30-17-37 Ψ矩阵条件数 cond(Ψ) = 2.18e+02
26-30-17-37 Loss=-3.203464 | E0=-1.04917000+0.00042213j | E1=-0.95272223+0.00054448j|E2=-0.66005145-0.00065269j|E3=-0.54152022-0.00020427j
26-30-17-37 #-----------------------------------------#
26-30-17-37 [Step 294] logΨ: mean=-0.961+1.153j | min=-5.225+3.027j | max=-0.873+2.799j
26-30-17-37 梯度监控 | raw=0.9320 | per_param=0.0274 |  natural=0.2051 | clipped=0.2051(上限20.0)
26-30-17-37 原始规范坐标 G(Re Σrow_mean) = +23.6226 | 累计|g| = 11.9311
26-30-17-37 Ψ矩阵条件数 cond(Ψ) = 2.23e+02
26-30-17-37 Loss=-3.206385 | E0=-1.04903296+0.00054597j | E1=-0.95590820+0.00050732j|E2=-0.65953921-0.00029769j|E3=-0.54190498+0.00007187j
26-30-17-37 #-----------------------------------------#
26-30-17-37 [Step 295] logΨ: mean=-1.091+1.405j | min=-5.458+0.418j | max=-1.002+2.822j
26-30-17-37 梯度监控 | raw=1.4935 | per_param=0.0439 |  natural=0.2267 | clipped=0.2267(上限20.0)
26-30-17-37 原始规范坐标 G(Re Σrow_mean) = +23.6476 | 累计|g| = 11.9311
26-30-17-37 Ψ矩阵条件数 cond(Ψ) = 2.13e+02
26-30-17-37 Loss=-3.211530 | E0=-1.04789207+0.00059571j | E1=-0.95492034-0.00009820j|E2=-0.66203964+0.00017271j|E3=-0.54667786-0.00003760j
26-30-17-37 #-----------------------------------------#
26-30-17-37 [Step 296] logΨ: mean=-1.019+1.537j | min=-9.063-0.217j | max=-0.900+2.810j
26-30-17-37 梯度监控 | raw=2.5589 | per_param=0.0751 |  natural=0.4226 | clipped=0.4226(上限20.0)
26-30-17-37 原始规范坐标 G(Re Σrow_mean) = +23.6954 | 累计|g| = 11.9311
26-30-17-37 Ψ矩阵条件数 cond(Ψ) = 2.12e+02
26-30-17-37 Loss=-3.203221 | E0=-1.04853731+0.00063346j | E1=-0.95283678-0.00092798j|E2=-0.65548129+0.00085937j|E3=-0.54636582-0.00006118j
26-30-17-37 #-----------------------------------------#
26-30-17-37 [Step 297] logΨ: mean=-1.176+1.315j | min=-9.369+0.210j | max=-0.941+2.797j
26-30-17-37 梯度监控 | raw=0.6677 | per_param=0.0196 |  natural=0.3322 | clipped=0.3322(上限20.0)
26-30-17-37 原始规范坐标 G(Re Σrow_mean) = +23.6307 | 累计|g| = 11.9311
26-30-17-37 Ψ矩阵条件数 cond(Ψ) = 2.02e+02
26-30-17-37 Loss=-3.204483 | E0=-1.04790849+0.00021095j | E1=-0.94746370-0.00145010j|E2=-0.66226613+0.00029798j|E3=-0.54684496-0.00013219j
26-30-17-37 #-----------------------------------------#
26-30-17-37 [Step 298] logΨ: mean=-1.162+1.185j | min=-6.179+1.460j | max=-0.931+2.826j
26-30-17-37 梯度监控 | raw=5.8353 | per_param=0.1713 |  natural=0.3264 | clipped=0.3264(上限20.0)
26-30-17-37 原始规范坐标 G(Re Σrow_mean) = +23.5377 | 累计|g| = 11.9311
26-30-17-37 Ψ矩阵条件数 cond(Ψ) = 2.15e+02
26-30-17-37 Loss=-3.199666 | E0=-1.04975738+0.00010911j | E1=-0.94998685-0.00066859j|E2=-0.66389717-0.00007115j|E3=-0.53602493-0.00572279j
26-30-17-37 #-----------------------------------------#
26-30-17-37 [Step 299] logΨ: mean=-1.056+0.736j | min=-6.507+2.685j | max=-0.944+2.819j
26-30-17-37 梯度监控 | raw=0.9910 | per_param=0.0291 |  natural=0.2502 | clipped=0.2502(上限20.0)
26-30-17-37 原始规范坐标 G(Re Σrow_mean) = +23.6512 | 累计|g| = 11.9311
26-30-17-37 Ψ矩阵条件数 cond(Ψ) = 1.98e+02
26-30-17-37 Loss=-3.207045 | E0=-1.05158006-0.00062324j | E1=-0.95232049+0.00015318j|E2=-0.65868711-0.00008009j|E3=-0.54445765-0.00106694j
26-30-17-37 #-----------------------------------------#
26-30-17-37 [保存] Step 299 → pickle 文件已更新 (300 条记录)
26-30-17-37 [GaugeReset@300] 吸收 Δg = Σ Re(col_mean) = +23.6512 | 新|g| = 11.9860
26-30-17-37 训练耗时：142.04 秒
26-30-17-37 
============================================================
26-30-17-37 训练完成!
26-30-17-37 ============================================================
26-30-17-37 [保存] 训练结束，pickle 最终写入 300 条记录 → ./data/26-09-30-17-35_history_natural_gradient_H2_molecule_K4_realFFNN.pkl
