26-15-20-17 
============================================================
26-15-20-17 开始多链 NES-VMC | 双侧列规范 + gauge reset + 化学精度连续达标动态追加冻结
26-15-20-17 ============================================================
26-15-20-17 精确CAS基准：E0=-1.05434745 | E1=-0.95790573 | E2=-0.66895227 | E3=-0.55140192 Ha
26-15-20-17 总变分参数 P = 1108（每能级 277）
26-15-20-17 冻结机制：能级连续 5 轮误差 < 0.0016 Ha → 冻结其主动列（OneWayFreezer 单向，永不恢复；后续能级达标继续追加）
26-15-20-17 [Step   0] logΨ: mean=1.047-0.028j
26-15-20-17 梯度监控 | raw=3.7715 | natural=1.0026 | clipped=1.0026(上限20.0) | t_grad=2317ms t_qgt=792ms
26-15-20-17 冻结状态 | frozen_set=[] | P_a/P=1108/1108 | QGT=1227664 | 本轮实际训练参数=1108
26-15-20-17 连续达标轮数 | j0=0/5 | j1=0/5 | j2=0/5 | j3=0/5
26-15-20-17 Ψ矩阵条件数 cond(Ψ) = 1.09e+01 | 累计|g| = 0.0000 | 有效walker n_valid = 3200
26-15-20-17 Loss=0.891533 | E0=-0.46477758 | E1=0.04976835|E2=0.19577370|E3=1.02866740
26-15-20-17 误差(Ha): e0=5.90e-01 | e1=1.01e+00 | e2=8.65e-01 | e3=1.58e+00
26-15-20-17 #-----------------------------------------#
26-15-20-17 [Step   1] logΨ: mean=1.388+0.059j
26-15-20-17 梯度监控 | raw=3.8033 | natural=1.0381 | clipped=1.0381(上限20.0) | t_grad=0ms t_qgt=4ms
26-15-20-17 冻结状态 | frozen_set=[] | P_a/P=1108/1108 | QGT=1227664 | 本轮实际训练参数=1108
26-15-20-17 连续达标轮数 | j0=0/5 | j1=0/5 | j2=0/5 | j3=0/5
26-15-20-17 Ψ矩阵条件数 cond(Ψ) = 8.07e+00 | 累计|g| = 0.0000 | 有效walker n_valid = 3200
26-15-20-17 Loss=0.656437 | E0=-0.55989385 | E1=0.00025852|E2=0.09634187|E3=0.94338758
26-15-20-17 误差(Ha): e0=4.94e-01 | e1=9.58e-01 | e2=7.65e-01 | e3=1.49e+00
26-15-20-17 #-----------------------------------------#
26-15-20-17 [Step   2] logΨ: mean=1.817-0.018j
26-15-20-17 梯度监控 | raw=3.8530 | natural=1.0237 | clipped=1.0237(上限20.0) | t_grad=1ms t_qgt=4ms
26-15-20-17 冻结状态 | frozen_set=[] | P_a/P=1108/1108 | QGT=1227664 | 本轮实际训练参数=1108
26-15-20-17 连续达标轮数 | j0=0/5 | j1=0/5 | j2=0/5 | j3=0/5
26-15-20-17 Ψ矩阵条件数 cond(Ψ) = 8.54e+00 | 累计|g| = 0.0000 | 有效walker n_valid = 3200
26-15-20-17 Loss=0.380926 | E0=-0.66670858 | E1=-0.10173849|E2=0.04836366|E3=0.83479815
26-15-20-17 误差(Ha): e0=3.88e-01 | e1=8.56e-01 | e2=7.17e-01 | e3=1.39e+00
26-15-20-17 #-----------------------------------------#
26-15-20-17 [Step   3] logΨ: mean=2.289+0.148j
26-15-20-17 梯度监控 | raw=3.4601 | natural=1.0319 | clipped=1.0319(上限20.0) | t_grad=0ms t_qgt=3ms
26-15-20-17 冻结状态 | frozen_set=[] | P_a/P=1108/1108 | QGT=1227664 | 本轮实际训练参数=1108
26-15-20-17 连续达标轮数 | j0=0/5 | j1=0/5 | j2=0/5 | j3=0/5
26-15-20-17 Ψ矩阵条件数 cond(Ψ) = 1.10e+01 | 累计|g| = 0.0000 | 有效walker n_valid = 3200
26-15-20-17 Loss=0.137307 | E0=-0.72354124 | E1=-0.21990135|E2=0.01831948|E3=0.71327469
26-15-20-17 误差(Ha): e0=3.31e-01 | e1=7.38e-01 | e2=6.87e-01 | e3=1.26e+00
26-15-20-17 #-----------------------------------------#
26-15-20-17 [Step   4] logΨ: mean=2.852+0.070j
26-15-20-17 梯度监控 | raw=3.1091 | natural=1.0151 | clipped=1.0151(上限20.0) | t_grad=1ms t_qgt=4ms
26-15-20-17 冻结状态 | frozen_set=[] | P_a/P=1108/1108 | QGT=1227664 | 本轮实际训练参数=1108
26-15-20-17 连续达标轮数 | j0=0/5 | j1=0/5 | j2=0/5 | j3=0/5
26-15-20-17 Ψ矩阵条件数 cond(Ψ) = 9.71e+00 | 累计|g| = 0.0000 | 有效walker n_valid = 3200
26-15-20-17 Loss=-0.183703 | E0=-0.79583020 | E1=-0.34679726|E2=-0.01511765|E3=0.56397139
26-15-20-17 误差(Ha): e0=2.59e-01 | e1=6.11e-01 | e2=6.54e-01 | e3=1.12e+00
26-15-20-17 #-----------------------------------------#
26-15-20-17 [Step   5] logΨ: mean=3.445+0.028j
26-15-20-17 梯度监控 | raw=3.0908 | natural=0.9650 | clipped=0.9650(上限20.0) | t_grad=1ms t_qgt=4ms
26-15-20-17 冻结状态 | frozen_set=[] | P_a/P=1108/1108 | QGT=1227664 | 本轮实际训练参数=1108
26-15-20-17 连续达标轮数 | j0=0/5 | j1=0/5 | j2=0/5 | j3=0/5
26-15-20-17 Ψ矩阵条件数 cond(Ψ) = 8.07e+00 | 累计|g| = 0.0000 | 有效walker n_valid = 3200
26-15-20-17 Loss=-0.445526 | E0=-0.84310714 | E1=-0.47171634|E2=-0.04311227|E3=0.44958853
26-15-20-17 误差(Ha): e0=2.11e-01 | e1=4.86e-01 | e2=6.26e-01 | e3=1.00e+00
26-15-20-17 #-----------------------------------------#
26-15-20-17 [Step   6] logΨ: mean=4.074+0.126j
26-15-20-17 梯度监控 | raw=3.1196 | natural=1.0155 | clipped=1.0155(上限20.0) | t_grad=0ms t_qgt=4ms
26-15-20-17 冻结状态 | frozen_set=[] | P_a/P=1108/1108 | QGT=1227664 | 本轮实际训练参数=1108
26-15-20-17 连续达标轮数 | j0=0/5 | j1=0/5 | j2=0/5 | j3=0/5
26-15-20-17 Ψ矩阵条件数 cond(Ψ) = 7.75e+00 | 累计|g| = 0.0000 | 有效walker n_valid = 3200
26-15-20-17 Loss=-0.642241 | E0=-0.87263913 | E1=-0.56031011|E2=-0.07774756|E3=0.32850565
26-15-20-17 误差(Ha): e0=1.82e-01 | e1=3.98e-01 | e2=5.91e-01 | e3=8.80e-01
26-15-20-17 #-----------------------------------------#
26-15-20-17 [Step   7] logΨ: mean=4.815+0.073j
26-15-20-17 梯度监控 | raw=2.8642 | natural=0.9944 | clipped=0.9944(上限20.0) | t_grad=0ms t_qgt=4ms
26-15-20-17 冻结状态 | frozen_set=[] | P_a/P=1108/1108 | QGT=1227664 | 本轮实际训练参数=1108
26-15-20-17 连续达标轮数 | j0=0/5 | j1=0/5 | j2=0/5 | j3=0/5
26-15-20-17 Ψ矩阵条件数 cond(Ψ) = 1.40e+01 | 累计|g| = 0.0000 | 有效walker n_valid = 3200
26-15-20-17 Loss=-0.865551 | E0=-0.90120171 | E1=-0.63574956|E2=-0.12673962|E3=0.24232273
26-15-20-17 误差(Ha): e0=1.53e-01 | e1=3.22e-01 | e2=5.42e-01 | e3=7.94e-01
26-15-20-17 #-----------------------------------------#
26-15-20-17 [Step   8] logΨ: mean=5.594+0.080j
26-15-20-17 梯度监控 | raw=3.2795 | natural=0.9640 | clipped=0.9640(上限20.0) | t_grad=1ms t_qgt=5ms
26-15-20-17 冻结状态 | frozen_set=[] | P_a/P=1108/1108 | QGT=1227664 | 本轮实际训练参数=1108
26-15-20-17 连续达标轮数 | j0=0/5 | j1=0/5 | j2=0/5 | j3=0/5
26-15-20-17 Ψ矩阵条件数 cond(Ψ) = 1.05e+01 | 累计|g| = 0.0000 | 有效walker n_valid = 3200
26-15-20-17 Loss=-1.093217 | E0=-0.92631654 | E1=-0.69920379|E2=-0.20280250|E3=0.18392323
26-15-20-17 误差(Ha): e0=1.28e-01 | e1=2.59e-01 | e2=4.66e-01 | e3=7.35e-01
26-15-20-17 #-----------------------------------------#
26-15-20-17 [Step   9] logΨ: mean=6.329+0.085j
26-15-20-17 梯度监控 | raw=3.2402 | natural=0.9379 | clipped=0.9379(上限20.0) | t_grad=0ms t_qgt=4ms
26-15-20-17 冻结状态 | frozen_set=[] | P_a/P=1108/1108 | QGT=1227664 | 本轮实际训练参数=1108
26-15-20-17 连续达标轮数 | j0=0/5 | j1=0/5 | j2=0/5 | j3=0/5
26-15-20-17 Ψ矩阵条件数 cond(Ψ) = 9.78e+00 | 累计|g| = 0.0000 | 有效walker n_valid = 3200
26-15-20-17 Loss=-1.260134 | E0=-0.94369972 | E1=-0.76014779|E2=-0.25776709|E3=0.13365403
26-15-20-17 误差(Ha): e0=1.11e-01 | e1=1.98e-01 | e2=4.11e-01 | e3=6.85e-01
26-15-20-17 #-----------------------------------------#
26-15-20-17 [GaugeReset@10] 吸收 Δg = Σ Re(col_mean) = +5.4100 | 新|g| = 2.9666
26-15-20-17 [Step  10] logΨ: mean=1.741+0.400j
26-15-20-17 梯度监控 | raw=3.5056 | natural=0.9153 | clipped=0.9153(上限20.0) | t_grad=1896ms t_qgt=364ms
26-15-20-17 冻结状态 | frozen_set=[] | P_a/P=1108/1108 | QGT=1227664 | 本轮实际训练参数=1108
26-15-20-17 连续达标轮数 | j0=0/5 | j1=0/5 | j2=0/5 | j3=0/5
26-15-20-17 Ψ矩阵条件数 cond(Ψ) = 2.78e+01 | 累计|g| = 2.9666 | 有效walker n_valid = 3200
26-15-20-17 Loss=-1.425535 | E0=-0.96065110 | E1=-0.80942219|E2=-0.32570447|E3=0.10554570
26-15-20-17 误差(Ha): e0=9.37e-02 | e1=1.48e-01 | e2=3.43e-01 | e3=6.57e-01
26-15-20-17 #-----------------------------------------#
26-15-20-17 [Step  11] logΨ: mean=2.604+0.409j
26-15-20-17 梯度监控 | raw=3.7380 | natural=0.8277 | clipped=0.8277(上限20.0) | t_grad=1ms t_qgt=3ms
26-15-20-17 冻结状态 | frozen_set=[] | P_a/P=1108/1108 | QGT=1227664 | 本轮实际训练参数=1108
26-15-20-17 连续达标轮数 | j0=0/5 | j1=0/5 | j2=0/5 | j3=0/5
26-15-20-17 Ψ矩阵条件数 cond(Ψ) = 9.91e+00 | 累计|g| = 2.9666 | 有效walker n_valid = 3200
26-15-20-17 Loss=-1.672823 | E0=-0.97954256 | E1=-0.85870943|E2=-0.39702231|E3=0.08554148
26-15-20-17 误差(Ha): e0=7.48e-02 | e1=9.92e-02 | e2=2.72e-01 | e3=6.37e-01
26-15-20-17 #-----------------------------------------#
26-15-20-17 [Step  12] logΨ: mean=3.329+0.500j
26-15-20-17 梯度监控 | raw=3.2410 | natural=0.7800 | clipped=0.7800(上限20.0) | t_grad=0ms t_qgt=4ms
26-15-20-17 冻结状态 | frozen_set=[] | P_a/P=1108/1108 | QGT=1227664 | 本轮实际训练参数=1108
26-15-20-17 连续达标轮数 | j0=0/5 | j1=0/5 | j2=0/5 | j3=0/5
26-15-20-17 Ψ矩阵条件数 cond(Ψ) = 1.33e+01 | 累计|g| = 2.9666 | 有效walker n_valid = 3200
26-15-20-17 Loss=-1.820585 | E0=-0.98997933 | E1=-0.88990066|E2=-0.43444446|E3=0.05853785
26-15-20-17 误差(Ha): e0=6.44e-02 | e1=6.80e-02 | e2=2.35e-01 | e3=6.10e-01
26-15-20-17 #-----------------------------------------#
26-15-20-17 [Step  13] logΨ: mean=4.062+0.316j
26-15-20-17 梯度监控 | raw=3.7166 | natural=0.8145 | clipped=0.8145(上限20.0) | t_grad=1ms t_qgt=3ms
26-15-20-17 冻结状态 | frozen_set=[] | P_a/P=1108/1108 | QGT=1227664 | 本轮实际训练参数=1108
26-15-20-17 连续达标轮数 | j0=0/5 | j1=0/5 | j2=0/5 | j3=0/5
26-15-20-17 Ψ矩阵条件数 cond(Ψ) = 6.81e+00 | 累计|g| = 2.9666 | 有效walker n_valid = 3200
26-15-20-17 Loss=-1.868459 | E0=-1.00104971 | E1=-0.90667028|E2=-0.45999182|E3=0.04845047
26-15-20-17 误差(Ha): e0=5.33e-02 | e1=5.12e-02 | e2=2.09e-01 | e3=6.00e-01
26-15-20-17 #-----------------------------------------#
26-15-20-17 [Step  14] logΨ: mean=4.829+0.122j
26-15-20-17 梯度监控 | raw=4.3891 | natural=0.7383 | clipped=0.7383(上限20.0) | t_grad=0ms t_qgt=3ms
26-15-20-17 冻结状态 | frozen_set=[] | P_a/P=1108/1108 | QGT=1227664 | 本轮实际训练参数=1108
26-15-20-17 连续达标轮数 | j0=0/5 | j1=0/5 | j2=0/5 | j3=0/5
26-15-20-17 Ψ矩阵条件数 cond(Ψ) = 8.52e+00 | 累计|g| = 2.9666 | 有效walker n_valid = 3200
26-15-20-17 Loss=-1.961602 | E0=-1.00661138 | E1=-0.92310110|E2=-0.49430188|E3=0.03399858
26-15-20-17 误差(Ha): e0=4.77e-02 | e1=3.48e-02 | e2=1.75e-01 | e3=5.85e-01
26-15-20-17 #-----------------------------------------#
26-15-20-17 [Step  15] logΨ: mean=5.568+0.188j
26-15-20-17 梯度监控 | raw=4.3164 | natural=0.7156 | clipped=0.7156(上限20.0) | t_grad=1ms t_qgt=3ms
26-15-20-17 冻结状态 | frozen_set=[] | P_a/P=1108/1108 | QGT=1227664 | 本轮实际训练参数=1108
26-15-20-17 连续达标轮数 | j0=0/5 | j1=0/5 | j2=0/5 | j3=0/5
26-15-20-17 Ψ矩阵条件数 cond(Ψ) = 1.65e+01 | 累计|g| = 2.9666 | 有效walker n_valid = 3200
26-15-20-17 Loss=-2.075026 | E0=-1.02061099 | E1=-0.93504831|E2=-0.51197594|E3=0.01634878
26-15-20-17 误差(Ha): e0=3.37e-02 | e1=2.29e-02 | e2=1.57e-01 | e3=5.68e-01
26-15-20-17 #-----------------------------------------#
26-15-20-17 [Step  16] logΨ: mean=6.219-0.030j
26-15-20-17 梯度监控 | raw=5.2945 | natural=0.6325 | clipped=0.6325(上限20.0) | t_grad=1ms t_qgt=3ms
26-15-20-17 冻结状态 | frozen_set=[] | P_a/P=1108/1108 | QGT=1227664 | 本轮实际训练参数=1108
26-15-20-17 连续达标轮数 | j0=0/5 | j1=0/5 | j2=0/5 | j3=0/5
26-15-20-17 Ψ矩阵条件数 cond(Ψ) = 2.58e+01 | 累计|g| = 2.9666 | 有效walker n_valid = 3200
26-15-20-17 Loss=-2.171164 | E0=-1.02560503 | E1=-0.94542079|E2=-0.53684951|E3=0.00071768
26-15-20-17 误差(Ha): e0=2.87e-02 | e1=1.25e-02 | e2=1.32e-01 | e3=5.52e-01
26-15-20-17 #-----------------------------------------#
26-15-20-17 [Step  17] logΨ: mean=6.791-0.074j
26-15-20-17 梯度监控 | raw=5.7885 | natural=0.6541 | clipped=0.6541(上限20.0) | t_grad=1ms t_qgt=3ms
26-15-20-17 冻结状态 | frozen_set=[] | P_a/P=1108/1108 | QGT=1227664 | 本轮实际训练参数=1108
26-15-20-17 连续达标轮数 | j0=0/5 | j1=0/5 | j2=0/5 | j3=0/5
26-15-20-17 Ψ矩阵条件数 cond(Ψ) = 1.59e+01 | 累计|g| = 2.9666 | 有效walker n_valid = 3200
26-15-20-17 Loss=-2.232579 | E0=-1.02875032 | E1=-0.94905823|E2=-0.54734674|E3=-0.01995406
26-15-20-17 误差(Ha): e0=2.56e-02 | e1=8.85e-03 | e2=1.22e-01 | e3=5.31e-01
26-15-20-17 #-----------------------------------------#
26-15-20-17 [Step  18] logΨ: mean=7.379-0.351j
26-15-20-17 梯度监控 | raw=6.0020 | natural=0.5267 | clipped=0.5267(上限20.0) | t_grad=0ms t_qgt=3ms
26-15-20-17 冻结状态 | frozen_set=[] | P_a/P=1108/1108 | QGT=1227664 | 本轮实际训练参数=1108
26-15-20-17 连续达标轮数 | j0=0/5 | j1=0/5 | j2=0/5 | j3=0/5
26-15-20-17 Ψ矩阵条件数 cond(Ψ) = 1.44e+01 | 累计|g| = 2.9666 | 有效walker n_valid = 3200
26-15-20-17 Loss=-2.320219 | E0=-1.03862745 | E1=-0.95167719|E2=-0.55442527|E3=-0.03680729
26-15-20-17 误差(Ha): e0=1.57e-02 | e1=6.23e-03 | e2=1.15e-01 | e3=5.15e-01
26-15-20-17 #-----------------------------------------#
26-15-20-17 [Step  19] logΨ: mean=7.955-0.253j
26-15-20-17 梯度监控 | raw=7.0540 | natural=0.5966 | clipped=0.5966(上限20.0) | t_grad=0ms t_qgt=3ms
26-15-20-17 冻结状态 | frozen_set=[] | P_a/P=1108/1108 | QGT=1227664 | 本轮实际训练参数=1108
26-15-20-17 连续达标轮数 | j0=0/5 | j1=0/5 | j2=0/5 | j3=0/5
26-15-20-17 Ψ矩阵条件数 cond(Ψ) = 1.44e+01 | 累计|g| = 2.9666 | 有效walker n_valid = 3200
26-15-20-17 Loss=-2.318922 | E0=-1.03998108 | E1=-0.95310033|E2=-0.56230590|E3=-0.05040536
26-15-20-17 误差(Ha): e0=1.44e-02 | e1=4.81e-03 | e2=1.07e-01 | e3=5.01e-01
26-15-20-17 #-----------------------------------------#
26-15-20-17 [保存] Step 19 → pickle 已更新 (20 条记录)
26-15-20-17 [GaugeReset@20] 吸收 Δg = Σ Re(col_mean) = +11.5673 | 新|g| = 6.1771
26-15-20-17 [Step  20] logΨ: mean=2.169-0.650j
26-15-20-17 梯度监控 | raw=8.1328 | natural=0.4718 | clipped=0.4718(上限20.0) | t_grad=0ms t_qgt=3ms
26-15-20-17 冻结状态 | frozen_set=[] | P_a/P=1108/1108 | QGT=1227664 | 本轮实际训练参数=1108
26-15-20-17 连续达标轮数 | j0=0/5 | j1=0/5 | j2=0/5 | j3=0/5
26-15-20-17 Ψ矩阵条件数 cond(Ψ) = 2.20e+01 | 累计|g| = 6.1771 | 有效walker n_valid = 3200
26-15-20-17 Loss=-2.403027 | E0=-1.04460721 | E1=-0.95495993|E2=-0.56890363|E3=-0.07672724
26-15-20-17 误差(Ha): e0=9.74e-03 | e1=2.95e-03 | e2=1.00e-01 | e3=4.75e-01
26-15-20-17 #-----------------------------------------#
26-15-20-17 [Step  21] logΨ: mean=2.514-0.607j
26-15-20-17 梯度监控 | raw=9.3064 | natural=0.4633 | clipped=0.4633(上限20.0) | t_grad=1ms t_qgt=3ms
26-15-20-17 冻结状态 | frozen_set=[] | P_a/P=1108/1108 | QGT=1227664 | 本轮实际训练参数=1108
26-15-20-17 连续达标轮数 | j0=0/5 | j1=0/5 | j2=0/5 | j3=0/5
26-15-20-17 Ψ矩阵条件数 cond(Ψ) = 2.23e+01 | 累计|g| = 6.1771 | 有效walker n_valid = 3200
26-15-20-17 Loss=-2.425693 | E0=-1.04536665 | E1=-0.95567340|E2=-0.57549742|E3=-0.08945173
26-15-20-17 误差(Ha): e0=8.98e-03 | e1=2.23e-03 | e2=9.35e-02 | e3=4.62e-01
26-15-20-17 #-----------------------------------------#
26-15-20-17 [Step  22] logΨ: mean=2.942-0.835j
26-15-20-17 梯度监控 | raw=11.4443 | natural=0.4197 | clipped=0.4197(上限20.0) | t_grad=0ms t_qgt=3ms
26-15-20-17 冻结状态 | frozen_set=[] | P_a/P=1108/1108 | QGT=1227664 | 本轮实际训练参数=1108
26-15-20-17 连续达标轮数 | j0=0/5 | j1=1/5 | j2=0/5 | j3=0/5
26-15-20-17 Ψ矩阵条件数 cond(Ψ) = 2.19e+01 | 累计|g| = 6.1771 | 有效walker n_valid = 3200
26-15-20-17 Loss=-2.478421 | E0=-1.04558490 | E1=-0.95642282|E2=-0.57747508|E3=-0.11252824
26-15-20-17 误差(Ha): e0=8.76e-03 | e1=1.48e-03 | e2=9.15e-02 | e3=4.39e-01
26-15-20-17 #-----------------------------------------#
26-15-20-17 [Step 23] 能级 1 连续达标中断（此前连续 1 轮）→ 计数清零
26-15-20-17 [Step  23] logΨ: mean=3.296-0.622j
26-15-20-17 梯度监控 | raw=11.0916 | natural=0.4250 | clipped=0.4250(上限20.0) | t_grad=0ms t_qgt=3ms
26-15-20-17 冻结状态 | frozen_set=[] | P_a/P=1108/1108 | QGT=1227664 | 本轮实际训练参数=1108
26-15-20-17 连续达标轮数 | j0=0/5 | j1=0/5 | j2=0/5 | j3=0/5
26-15-20-17 Ψ矩阵条件数 cond(Ψ) = 1.65e+01 | 累计|g| = 6.1771 | 有效walker n_valid = 3200
26-15-20-17 Loss=-2.492346 | E0=-1.04662845 | E1=-0.95604094|E2=-0.58069985|E3=-0.13265529
26-15-20-17 误差(Ha): e0=7.72e-03 | e1=1.86e-03 | e2=8.83e-02 | e3=4.19e-01
26-15-20-17 #-----------------------------------------#
26-15-20-17 [Step  24] logΨ: mean=3.750-0.775j
26-15-20-17 梯度监控 | raw=12.7493 | natural=0.4310 | clipped=0.4310(上限20.0) | t_grad=0ms t_qgt=2ms
26-15-20-17 冻结状态 | frozen_set=[] | P_a/P=1108/1108 | QGT=1227664 | 本轮实际训练参数=1108
26-15-20-17 连续达标轮数 | j0=0/5 | j1=1/5 | j2=0/5 | j3=0/5
26-15-20-17 Ψ矩阵条件数 cond(Ψ) = 2.72e+01 | 累计|g| = 6.1771 | 有效walker n_valid = 3200
26-15-20-17 Loss=-2.505241 | E0=-1.04797296 | E1=-0.95632695|E2=-0.58471000|E3=-0.15588528
26-15-20-17 误差(Ha): e0=6.37e-03 | e1=1.58e-03 | e2=8.42e-02 | e3=3.96e-01
26-15-20-17 #-----------------------------------------#
26-15-20-17 [Step  25] logΨ: mean=4.098-0.741j
26-15-20-17 梯度监控 | raw=16.2015 | natural=0.3746 | clipped=0.3746(上限20.0) | t_grad=0ms t_qgt=4ms
26-15-20-17 冻结状态 | frozen_set=[] | P_a/P=1108/1108 | QGT=1227664 | 本轮实际训练参数=1108
26-15-20-17 连续达标轮数 | j0=0/5 | j1=2/5 | j2=0/5 | j3=0/5
26-15-20-17 Ψ矩阵条件数 cond(Ψ) = 1.44e+01 | 累计|g| = 6.1771 | 有效walker n_valid = 3200
26-15-20-17 Loss=-2.559564 | E0=-1.04732131 | E1=-0.95632303|E2=-0.58766113|E3=-0.17018654
26-15-20-17 误差(Ha): e0=7.03e-03 | e1=1.58e-03 | e2=8.13e-02 | e3=3.81e-01
26-15-20-17 #-----------------------------------------#
26-15-20-17 [Step 26] 能级 1 连续达标中断（此前连续 2 轮）→ 计数清零
26-15-20-17 [Step  26] logΨ: mean=4.315-0.646j
26-15-20-17 梯度监控 | raw=18.8686 | natural=0.2917 | clipped=0.2917(上限20.0) | t_grad=0ms t_qgt=3ms
26-15-20-17 冻结状态 | frozen_set=[] | P_a/P=1108/1108 | QGT=1227664 | 本轮实际训练参数=1108
26-15-20-17 连续达标轮数 | j0=0/5 | j1=0/5 | j2=0/5 | j3=0/5
26-15-20-17 Ψ矩阵条件数 cond(Ψ) = 1.41e+01 | 累计|g| = 6.1771 | 有效walker n_valid = 3200
26-15-20-17 Loss=-2.572197 | E0=-1.04865232 | E1=-0.95607391|E2=-0.58753127|E3=-0.19607779
26-15-20-17 误差(Ha): e0=5.70e-03 | e1=1.83e-03 | e2=8.14e-02 | e3=3.55e-01
26-15-20-17 #-----------------------------------------#
26-15-20-17 [Step  27] logΨ: mean=4.394-0.658j
26-15-20-17 梯度监控 | raw=21.4345 | natural=0.5083 | clipped=0.5083(上限20.0) | t_grad=0ms t_qgt=3ms
26-15-20-17 冻结状态 | frozen_set=[] | P_a/P=1108/1108 | QGT=1227664 | 本轮实际训练参数=1108
26-15-20-17 连续达标轮数 | j0=0/5 | j1=0/5 | j2=0/5 | j3=0/5
26-15-20-17 Ψ矩阵条件数 cond(Ψ) = 1.90e+01 | 累计|g| = 6.1771 | 有效walker n_valid = 3200
26-15-20-17 Loss=-2.598004 | E0=-1.04916493 | E1=-0.95611720|E2=-0.59323127|E3=-0.20175100
26-15-20-17 误差(Ha): e0=5.18e-03 | e1=1.79e-03 | e2=7.57e-02 | e3=3.50e-01
26-15-20-17 #-----------------------------------------#
26-15-20-17 [Step  28] logΨ: mean=4.573-0.808j
26-15-20-17 梯度监控 | raw=22.5303 | natural=0.3852 | clipped=0.3852(上限20.0) | t_grad=1ms t_qgt=4ms
26-15-20-17 冻结状态 | frozen_set=[] | P_a/P=1108/1108 | QGT=1227664 | 本轮实际训练参数=1108
26-15-20-17 连续达标轮数 | j0=0/5 | j1=0/5 | j2=0/5 | j3=0/5
26-15-20-17 Ψ矩阵条件数 cond(Ψ) = 1.12e+01 | 累计|g| = 6.1771 | 有效walker n_valid = 3200
26-15-20-17 Loss=-2.608599 | E0=-1.04818968 | E1=-0.95620391|E2=-0.59489017|E3=-0.21513880
26-15-20-17 误差(Ha): e0=6.16e-03 | e1=1.70e-03 | e2=7.41e-02 | e3=3.36e-01
26-15-20-17 #-----------------------------------------#
26-15-20-17 [Step  29] logΨ: mean=4.744-0.672j
26-15-20-17 梯度监控 | raw=29.0088 | natural=0.3334 | clipped=0.3334(上限20.0) | t_grad=0ms t_qgt=3ms
26-15-20-17 冻结状态 | frozen_set=[] | P_a/P=1108/1108 | QGT=1227664 | 本轮实际训练参数=1108
26-15-20-17 连续达标轮数 | j0=0/5 | j1=0/5 | j2=0/5 | j3=0/5
26-15-20-17 Ψ矩阵条件数 cond(Ψ) = 1.84e+01 | 累计|g| = 6.1771 | 有效walker n_valid = 3200
26-15-20-17 Loss=-2.627278 | E0=-1.04749313 | E1=-0.95629802|E2=-0.59693765|E3=-0.21624090
26-15-20-17 误差(Ha): e0=6.85e-03 | e1=1.61e-03 | e2=7.20e-02 | e3=3.35e-01
26-15-20-17 #-----------------------------------------#
26-15-20-17 [GaugeReset@30] 吸收 Δg = Σ Re(col_mean) = +14.5455 | 新|g| = 7.8672
26-15-20-17 [Step  30] logΨ: mean=2.046+0.763j
26-15-20-17 梯度监控 | raw=36.3829 | natural=0.2855 | clipped=0.2855(上限20.0) | t_grad=1ms t_qgt=3ms
26-15-20-17 冻结状态 | frozen_set=[] | P_a/P=1108/1108 | QGT=1227664 | 本轮实际训练参数=1108
26-15-20-17 连续达标轮数 | j0=0/5 | j1=0/5 | j2=0/5 | j3=0/5
26-15-20-17 Ψ矩阵条件数 cond(Ψ) = 5.09e+01 | 累计|g| = 7.8672 | 有效walker n_valid = 3200
26-15-20-17 Loss=-2.642310 | E0=-1.04920905 | E1=-0.95616833|E2=-0.59875034|E3=-0.23737463
26-15-20-17 误差(Ha): e0=5.14e-03 | e1=1.74e-03 | e2=7.02e-02 | e3=3.14e-01
26-15-20-17 #-----------------------------------------#
26-15-20-17 [Step  31] logΨ: mean=2.278+0.607j
26-15-20-17 梯度监控 | raw=41.6191 | natural=0.2222 | clipped=0.2222(上限20.0) | t_grad=1ms t_qgt=3ms
26-15-20-17 冻结状态 | frozen_set=[] | P_a/P=1108/1108 | QGT=1227664 | 本轮实际训练参数=1108
26-15-20-17 连续达标轮数 | j0=0/5 | j1=0/5 | j2=0/5 | j3=0/5
26-15-20-17 Ψ矩阵条件数 cond(Ψ) = 2.24e+01 | 累计|g| = 7.8672 | 有效walker n_valid = 3200
26-15-20-17 Loss=-2.654975 | E0=-1.04924674 | E1=-0.95578659|E2=-0.59994463|E3=-0.26672299
26-15-20-17 误差(Ha): e0=5.10e-03 | e1=2.12e-03 | e2=6.90e-02 | e3=2.85e-01
26-15-20-17 #-----------------------------------------#
26-15-20-17 [Step  32] logΨ: mean=2.419+0.583j
26-15-20-17 梯度监控 | raw=45.6746 | natural=0.2719 | clipped=0.2719(上限20.0) | t_grad=0ms t_qgt=4ms
26-15-20-17 冻结状态 | frozen_set=[] | P_a/P=1108/1108 | QGT=1227664 | 本轮实际训练参数=1108
26-15-20-17 连续达标轮数 | j0=0/5 | j1=0/5 | j2=0/5 | j3=0/5
26-15-20-17 Ψ矩阵条件数 cond(Ψ) = 6.93e+01 | 累计|g| = 7.8672 | 有效walker n_valid = 3200
26-15-20-17 Loss=-2.682742 | E0=-1.04825686 | E1=-0.95581442|E2=-0.60275887|E3=-0.29367563
26-15-20-17 误差(Ha): e0=6.09e-03 | e1=2.09e-03 | e2=6.62e-02 | e3=2.58e-01
26-15-20-17 #-----------------------------------------#
26-15-20-17 [Step  33] logΨ: mean=2.651+0.743j
26-15-20-17 梯度监控 | raw=51.7139 | natural=0.1948 | clipped=0.1948(上限20.0) | t_grad=1ms t_qgt=3ms
26-15-20-17 冻结状态 | frozen_set=[] | P_a/P=1108/1108 | QGT=1227664 | 本轮实际训练参数=1108
26-15-20-17 连续达标轮数 | j0=0/5 | j1=0/5 | j2=0/5 | j3=0/5
26-15-20-17 Ψ矩阵条件数 cond(Ψ) = 1.86e+01 | 累计|g| = 7.8672 | 有效walker n_valid = 3200
26-15-20-17 Loss=-2.701607 | E0=-1.04827407 | E1=-0.95582184|E2=-0.60413143|E3=-0.31827939
26-15-20-17 误差(Ha): e0=6.07e-03 | e1=2.08e-03 | e2=6.48e-02 | e3=2.33e-01
26-15-20-17 #-----------------------------------------#
26-15-20-17 [Step  34] logΨ: mean=2.829+0.377j
26-15-20-17 梯度监控 | raw=51.1346 | natural=0.2453 | clipped=0.2453(上限20.0) | t_grad=1ms t_qgt=3ms
26-15-20-17 冻结状态 | frozen_set=[] | P_a/P=1108/1108 | QGT=1227664 | 本轮实际训练参数=1108
26-15-20-17 连续达标轮数 | j0=0/5 | j1=0/5 | j2=0/5 | j3=0/5
26-15-20-17 Ψ矩阵条件数 cond(Ψ) = 1.69e+01 | 累计|g| = 7.8672 | 有效walker n_valid = 3200
26-15-20-17 Loss=-2.691641 | E0=-1.04894427 | E1=-0.95535692|E2=-0.60639071|E3=-0.34232390
26-15-20-17 误差(Ha): e0=5.40e-03 | e1=2.55e-03 | e2=6.26e-02 | e3=2.09e-01
26-15-20-17 #-----------------------------------------#
26-15-20-17 [Step  35] logΨ: mean=2.991+0.799j
26-15-20-17 梯度监控 | raw=66.1129 | natural=0.3296 | clipped=0.3296(上限20.0) | t_grad=1ms t_qgt=3ms
26-15-20-17 冻结状态 | frozen_set=[] | P_a/P=1108/1108 | QGT=1227664 | 本轮实际训练参数=1108
26-15-20-17 连续达标轮数 | j0=0/5 | j1=0/5 | j2=0/5 | j3=0/5
26-15-20-17 Ψ矩阵条件数 cond(Ψ) = 1.25e+01 | 累计|g| = 7.8672 | 有效walker n_valid = 3200
26-15-20-17 Loss=-2.749262 | E0=-1.04760795 | E1=-0.95530333|E2=-0.61036694|E3=-0.36784698
26-15-20-17 误差(Ha): e0=6.74e-03 | e1=2.60e-03 | e2=5.86e-02 | e3=1.84e-01
26-15-20-17 #-----------------------------------------#
26-15-20-17 [Step  36] logΨ: mean=3.128+0.853j
26-15-20-17 梯度监控 | raw=68.5939 | natural=0.1946 | clipped=0.1946(上限20.0) | t_grad=1ms t_qgt=3ms
26-15-20-17 冻结状态 | frozen_set=[] | P_a/P=1108/1108 | QGT=1227664 | 本轮实际训练参数=1108
26-15-20-17 连续达标轮数 | j0=0/5 | j1=0/5 | j2=0/5 | j3=0/5
26-15-20-17 Ψ矩阵条件数 cond(Ψ) = 2.02e+01 | 累计|g| = 7.8672 | 有效walker n_valid = 3200
26-15-20-17 Loss=-2.754326 | E0=-1.04790782 | E1=-0.95498509|E2=-0.61267733|E3=-0.37876107
26-15-20-17 误差(Ha): e0=6.44e-03 | e1=2.92e-03 | e2=5.63e-02 | e3=1.73e-01
26-15-20-17 #-----------------------------------------#
26-15-20-17 [Step  37] logΨ: mean=3.378+0.754j
26-15-20-17 梯度监控 | raw=72.4550 | natural=0.1814 | clipped=0.1814(上限20.0) | t_grad=0ms t_qgt=4ms
26-15-20-17 冻结状态 | frozen_set=[] | P_a/P=1108/1108 | QGT=1227664 | 本轮实际训练参数=1108
26-15-20-17 连续达标轮数 | j0=0/5 | j1=0/5 | j2=0/5 | j3=0/5
26-15-20-17 Ψ矩阵条件数 cond(Ψ) = 1.03e+01 | 累计|g| = 7.8672 | 有效walker n_valid = 3200
26-15-20-17 Loss=-2.767373 | E0=-1.04788386 | E1=-0.95490829|E2=-0.61322074|E3=-0.40826669
26-15-20-17 误差(Ha): e0=6.46e-03 | e1=3.00e-03 | e2=5.57e-02 | e3=1.43e-01
26-15-20-17 #-----------------------------------------#
26-15-20-17 [Step  38] logΨ: mean=3.475+0.782j
26-15-20-17 梯度监控 | raw=79.4094 | natural=0.1661 | clipped=0.1661(上限20.0) | t_grad=1ms t_qgt=3ms
26-15-20-17 冻结状态 | frozen_set=[] | P_a/P=1108/1108 | QGT=1227664 | 本轮实际训练参数=1108
26-15-20-17 连续达标轮数 | j0=0/5 | j1=0/5 | j2=0/5 | j3=0/5
26-15-20-17 Ψ矩阵条件数 cond(Ψ) = 2.59e+01 | 累计|g| = 7.8672 | 有效walker n_valid = 3200
26-15-20-17 Loss=-2.787375 | E0=-1.04810903 | E1=-0.95502907|E2=-0.61621354|E3=-0.42690461
26-15-20-17 误差(Ha): e0=6.24e-03 | e1=2.88e-03 | e2=5.27e-02 | e3=1.24e-01
26-15-20-17 #-----------------------------------------#
26-15-20-17 [Step  39] logΨ: mean=3.652+0.738j
26-15-20-17 梯度监控 | raw=85.1215 | natural=0.2572 | clipped=0.2572(上限20.0) | t_grad=0ms t_qgt=4ms
26-15-20-17 冻结状态 | frozen_set=[] | P_a/P=1108/1108 | QGT=1227664 | 本轮实际训练参数=1108
26-15-20-17 连续达标轮数 | j0=0/5 | j1=0/5 | j2=0/5 | j3=0/5
26-15-20-17 Ψ矩阵条件数 cond(Ψ) = 1.76e+01 | 累计|g| = 7.8672 | 有效walker n_valid = 3200
26-15-20-17 Loss=-2.800912 | E0=-1.04757419 | E1=-0.95464967|E2=-0.61854713|E3=-0.44752393
26-15-20-17 误差(Ha): e0=6.77e-03 | e1=3.26e-03 | e2=5.04e-02 | e3=1.04e-01
26-15-20-17 #-----------------------------------------#
26-15-20-17 [保存] Step 39 → pickle 已更新 (40 条记录)
26-15-20-17 [GaugeReset@40] 吸收 Δg = Σ Re(col_mean) = +16.6149 | 新|g| = 8.9587
26-15-20-17 [Step  40] logΨ: mean=1.853+0.703j
26-15-20-17 梯度监控 | raw=84.0212 | natural=0.1704 | clipped=0.1704(上限20.0) | t_grad=0ms t_qgt=3ms
26-15-20-17 冻结状态 | frozen_set=[] | P_a/P=1108/1108 | QGT=1227664 | 本轮实际训练参数=1108
26-15-20-17 连续达标轮数 | j0=0/5 | j1=0/5 | j2=0/5 | j3=0/5
26-15-20-17 Ψ矩阵条件数 cond(Ψ) = 5.95e+01 | 累计|g| = 8.9587 | 有效walker n_valid = 3200
26-15-20-17 Loss=-2.852732 | E0=-1.04814292 | E1=-0.95456916|E2=-0.62344881|E3=-0.47077607
26-15-20-17 误差(Ha): e0=6.20e-03 | e1=3.34e-03 | e2=4.55e-02 | e3=8.06e-02
26-15-20-17 #-----------------------------------------#
26-15-20-17 [Step  41] logΨ: mean=1.896+0.819j
26-15-20-17 梯度监控 | raw=91.0838 | natural=0.1763 | clipped=0.1763(上限20.0) | t_grad=1ms t_qgt=4ms
26-15-20-17 冻结状态 | frozen_set=[] | P_a/P=1108/1108 | QGT=1227664 | 本轮实际训练参数=1108
26-15-20-17 连续达标轮数 | j0=0/5 | j1=0/5 | j2=0/5 | j3=0/5
26-15-20-17 Ψ矩阵条件数 cond(Ψ) = 2.69e+01 | 累计|g| = 8.9587 | 有效walker n_valid = 3200
26-15-20-17 Loss=-2.849740 | E0=-1.04761914 | E1=-0.95462966|E2=-0.62377251|E3=-0.47840530
26-15-20-17 误差(Ha): e0=6.73e-03 | e1=3.28e-03 | e2=4.52e-02 | e3=7.30e-02
26-15-20-17 #-----------------------------------------#
26-15-20-17 [Step  42] logΨ: mean=1.966+0.623j
26-15-20-17 梯度监控 | raw=86.1853 | natural=0.1142 | clipped=0.1142(上限20.0) | t_grad=1ms t_qgt=5ms
26-15-20-17 冻结状态 | frozen_set=[] | P_a/P=1108/1108 | QGT=1227664 | 本轮实际训练参数=1108
26-15-20-17 连续达标轮数 | j0=0/5 | j1=0/5 | j2=0/5 | j3=0/5
26-15-20-17 Ψ矩阵条件数 cond(Ψ) = 1.34e+01 | 累计|g| = 8.9587 | 有效walker n_valid = 3200
26-15-20-17 Loss=-2.827014 | E0=-1.04736790 | E1=-0.95447135|E2=-0.62535893|E3=-0.48137109
26-15-20-17 误差(Ha): e0=6.98e-03 | e1=3.43e-03 | e2=4.36e-02 | e3=7.00e-02
26-15-20-17 #-----------------------------------------#
26-15-20-17 [Step  43] logΨ: mean=2.269+1.026j
26-15-20-17 梯度监控 | raw=89.6672 | natural=0.2049 | clipped=0.2049(上限20.0) | t_grad=1ms t_qgt=4ms
26-15-20-17 冻结状态 | frozen_set=[] | P_a/P=1108/1108 | QGT=1227664 | 本轮实际训练参数=1108
26-15-20-17 连续达标轮数 | j0=0/5 | j1=0/5 | j2=0/5 | j3=0/5
26-15-20-17 Ψ矩阵条件数 cond(Ψ) = 1.36e+01 | 累计|g| = 8.9587 | 有效walker n_valid = 3200
26-15-20-17 Loss=-2.891892 | E0=-1.04746471 | E1=-0.95431912|E2=-0.62924875|E3=-0.50195956
26-15-20-17 误差(Ha): e0=6.88e-03 | e1=3.59e-03 | e2=3.97e-02 | e3=4.94e-02
26-15-20-17 #-----------------------------------------#
26-15-20-17 [Step  44] logΨ: mean=2.255+0.769j
26-15-20-17 梯度监控 | raw=93.1706 | natural=0.1894 | clipped=0.1894(上限20.0) | t_grad=0ms t_qgt=3ms
26-15-20-17 冻结状态 | frozen_set=[] | P_a/P=1108/1108 | QGT=1227664 | 本轮实际训练参数=1108
26-15-20-17 连续达标轮数 | j0=0/5 | j1=0/5 | j2=0/5 | j3=0/5
26-15-20-17 Ψ矩阵条件数 cond(Ψ) = 1.41e+01 | 累计|g| = 8.9587 | 有效walker n_valid = 3200
26-15-20-17 Loss=-2.899689 | E0=-1.04713288 | E1=-0.95430182|E2=-0.63144240|E3=-0.51004010
26-15-20-17 误差(Ha): e0=7.21e-03 | e1=3.60e-03 | e2=3.75e-02 | e3=4.14e-02
26-15-20-17 #-----------------------------------------#
26-15-20-17 [Step  45] logΨ: mean=2.557+0.631j
26-15-20-17 梯度监控 | raw=87.0885 | natural=0.0970 | clipped=0.0970(上限20.0) | t_grad=1ms t_qgt=3ms
26-15-20-17 冻结状态 | frozen_set=[] | P_a/P=1108/1108 | QGT=1227664 | 本轮实际训练参数=1108
26-15-20-17 连续达标轮数 | j0=0/5 | j1=0/5 | j2=0/5 | j3=0/5
26-15-20-17 Ψ矩阵条件数 cond(Ψ) = 1.66e+01 | 累计|g| = 8.9587 | 有效walker n_valid = 3200
26-15-20-17 Loss=-2.963251 | E0=-1.04738542 | E1=-0.95410642|E2=-0.63649453|E3=-0.52296737
26-15-20-17 误差(Ha): e0=6.96e-03 | e1=3.80e-03 | e2=3.25e-02 | e3=2.84e-02
26-15-20-17 #-----------------------------------------#
26-15-20-17 [Step  46] logΨ: mean=2.631+0.650j
26-15-20-17 梯度监控 | raw=89.0473 | natural=0.3223 | clipped=0.3223(上限20.0) | t_grad=1ms t_qgt=4ms
26-15-20-17 冻结状态 | frozen_set=[] | P_a/P=1108/1108 | QGT=1227664 | 本轮实际训练参数=1108
26-15-20-17 连续达标轮数 | j0=0/5 | j1=0/5 | j2=0/5 | j3=0/5
26-15-20-17 Ψ矩阵条件数 cond(Ψ) = 1.60e+01 | 累计|g| = 8.9587 | 有效walker n_valid = 3200
26-15-20-17 Loss=-2.938381 | E0=-1.04733010 | E1=-0.95374390|E2=-0.63828922|E3=-0.52363208
26-15-20-17 误差(Ha): e0=7.02e-03 | e1=4.16e-03 | e2=3.07e-02 | e3=2.78e-02
26-15-20-17 #-----------------------------------------#
26-15-20-17 [Step  47] logΨ: mean=2.751+0.398j
26-15-20-17 梯度监控 | raw=87.3933 | natural=0.2383 | clipped=0.2383(上限20.0) | t_grad=1ms t_qgt=3ms
26-15-20-17 冻结状态 | frozen_set=[] | P_a/P=1108/1108 | QGT=1227664 | 本轮实际训练参数=1108
26-15-20-17 连续达标轮数 | j0=0/5 | j1=0/5 | j2=0/5 | j3=0/5
26-15-20-17 Ψ矩阵条件数 cond(Ψ) = 2.97e+01 | 累计|g| = 8.9587 | 有效walker n_valid = 3200
26-15-20-17 Loss=-2.968489 | E0=-1.04686678 | E1=-0.95357813|E2=-0.64223571|E3=-0.53257428
26-15-20-17 误差(Ha): e0=7.48e-03 | e1=4.33e-03 | e2=2.67e-02 | e3=1.88e-02
26-15-20-17 #-----------------------------------------#
26-15-20-17 [Step  48] logΨ: mean=3.127+0.475j
26-15-20-17 梯度监控 | raw=75.6106 | natural=0.3538 | clipped=0.3538(上限20.0) | t_grad=1ms t_qgt=3ms
26-15-20-17 冻结状态 | frozen_set=[] | P_a/P=1108/1108 | QGT=1227664 | 本轮实际训练参数=1108
26-15-20-17 连续达标轮数 | j0=0/5 | j1=0/5 | j2=0/5 | j3=0/5
26-15-20-17 Ψ矩阵条件数 cond(Ψ) = 3.30e+01 | 累计|g| = 8.9587 | 有效walker n_valid = 3200
26-15-20-17 Loss=-2.999754 | E0=-1.04640576 | E1=-0.95323276|E2=-0.64306863|E3=-0.53433873
26-15-20-17 误差(Ha): e0=7.94e-03 | e1=4.67e-03 | e2=2.59e-02 | e3=1.71e-02
26-15-20-17 #-----------------------------------------#
26-15-20-17 [Step  49] logΨ: mean=3.087+0.524j
26-15-20-17 梯度监控 | raw=86.1877 | natural=0.1566 | clipped=0.1566(上限20.0) | t_grad=0ms t_qgt=3ms
26-15-20-17 冻结状态 | frozen_set=[] | P_a/P=1108/1108 | QGT=1227664 | 本轮实际训练参数=1108
26-15-20-17 连续达标轮数 | j0=0/5 | j1=0/5 | j2=0/5 | j3=0/5
26-15-20-17 Ψ矩阵条件数 cond(Ψ) = 1.56e+01 | 累计|g| = 8.9587 | 有效walker n_valid = 3200
26-15-20-17 Loss=-2.993286 | E0=-1.04681687 | E1=-0.95325223|E2=-0.64593179|E3=-0.53717603
26-15-20-17 误差(Ha): e0=7.53e-03 | e1=4.65e-03 | e2=2.30e-02 | e3=1.42e-02
26-15-20-17 #-----------------------------------------#
26-15-20-17 [GaugeReset@50] 吸收 Δg = Σ Re(col_mean) = +18.1818 | 新|g| = 9.7863
26-15-20-17 [Step  50] logΨ: mean=1.662+0.247j
26-15-20-17 梯度监控 | raw=86.7150 | natural=0.1499 | clipped=0.1499(上限20.0) | t_grad=0ms t_qgt=3ms
26-15-20-17 冻结状态 | frozen_set=[] | P_a/P=1108/1108 | QGT=1227664 | 本轮实际训练参数=1108
26-15-20-17 连续达标轮数 | j0=0/5 | j1=0/5 | j2=0/5 | j3=0/5
26-15-20-17 Ψ矩阵条件数 cond(Ψ) = 1.79e+01 | 累计|g| = 9.7863 | 有效walker n_valid = 3200
26-15-20-17 Loss=-2.988679 | E0=-1.04700576 | E1=-0.95320687|E2=-0.64671726|E3=-0.53544905
26-15-20-17 误差(Ha): e0=7.34e-03 | e1=4.70e-03 | e2=2.22e-02 | e3=1.60e-02
26-15-20-17 #-----------------------------------------#
26-15-20-17 [Step  51] logΨ: mean=1.946+0.278j
26-15-20-17 梯度监控 | raw=72.1605 | natural=0.1317 | clipped=0.1317(上限20.0) | t_grad=0ms t_qgt=3ms
26-15-20-17 冻结状态 | frozen_set=[] | P_a/P=1108/1108 | QGT=1227664 | 本轮实际训练参数=1108
26-15-20-17 连续达标轮数 | j0=0/5 | j1=0/5 | j2=0/5 | j3=0/5
26-15-20-17 Ψ矩阵条件数 cond(Ψ) = 1.80e+01 | 累计|g| = 9.7863 | 有效walker n_valid = 3200
26-15-20-17 Loss=-3.065367 | E0=-1.04655269 | E1=-0.95316918|E2=-0.65061421|E3=-0.54447833
26-15-20-17 误差(Ha): e0=7.79e-03 | e1=4.74e-03 | e2=1.83e-02 | e3=6.92e-03
26-15-20-17 #-----------------------------------------#
26-15-20-17 [Step  52] logΨ: mean=2.037+0.489j
26-15-20-17 梯度监控 | raw=79.0890 | natural=0.1359 | clipped=0.1359(上限20.0) | t_grad=0ms t_qgt=3ms
26-15-20-17 冻结状态 | frozen_set=[] | P_a/P=1108/1108 | QGT=1227664 | 本轮实际训练参数=1108
26-15-20-17 连续达标轮数 | j0=0/5 | j1=0/5 | j2=0/5 | j3=0/5
26-15-20-17 Ψ矩阵条件数 cond(Ψ) = 1.79e+01 | 累计|g| = 9.7863 | 有效walker n_valid = 3200
26-15-20-17 Loss=-3.065084 | E0=-1.04677449 | E1=-0.95310766|E2=-0.65129756|E3=-0.54492313
26-15-20-17 误差(Ha): e0=7.57e-03 | e1=4.80e-03 | e2=1.77e-02 | e3=6.48e-03
26-15-20-17 #-----------------------------------------#
26-15-20-17 [Step  53] logΨ: mean=2.158+0.612j
26-15-20-17 梯度监控 | raw=67.5739 | natural=0.1221 | clipped=0.1221(上限20.0) | t_grad=1ms t_qgt=3ms
26-15-20-17 冻结状态 | frozen_set=[] | P_a/P=1108/1108 | QGT=1227664 | 本轮实际训练参数=1108
26-15-20-17 连续达标轮数 | j0=0/5 | j1=0/5 | j2=0/5 | j3=0/5
26-15-20-17 Ψ矩阵条件数 cond(Ψ) = 1.83e+01 | 累计|g| = 9.7863 | 有效walker n_valid = 3200
26-15-20-17 Loss=-3.078868 | E0=-1.04682788 | E1=-0.95289381|E2=-0.65257819|E3=-0.54578663
26-15-20-17 误差(Ha): e0=7.52e-03 | e1=5.01e-03 | e2=1.64e-02 | e3=5.62e-03
26-15-20-17 #-----------------------------------------#
26-15-20-17 [Step  54] logΨ: mean=2.090+0.510j
26-15-20-17 梯度监控 | raw=67.5296 | natural=0.0919 | clipped=0.0919(上限20.0) | t_grad=1ms t_qgt=5ms
26-15-20-17 冻结状态 | frozen_set=[] | P_a/P=1108/1108 | QGT=1227664 | 本轮实际训练参数=1108
26-15-20-17 连续达标轮数 | j0=0/5 | j1=0/5 | j2=0/5 | j3=0/5
26-15-20-17 Ψ矩阵条件数 cond(Ψ) = 5.57e+01 | 累计|g| = 9.7863 | 有效walker n_valid = 3200
26-15-20-17 Loss=-3.053352 | E0=-1.04708545 | E1=-0.95301865|E2=-0.65244580|E3=-0.54349054
26-15-20-17 误差(Ha): e0=7.26e-03 | e1=4.89e-03 | e2=1.65e-02 | e3=7.91e-03
26-15-20-17 #-----------------------------------------#
26-15-20-17 [Step  55] logΨ: mean=2.371+0.583j
26-15-20-17 梯度监控 | raw=58.9222 | natural=0.2057 | clipped=0.2057(上限20.0) | t_grad=1ms t_qgt=3ms
26-15-20-17 冻结状态 | frozen_set=[] | P_a/P=1108/1108 | QGT=1227664 | 本轮实际训练参数=1108
26-15-20-17 连续达标轮数 | j0=0/5 | j1=0/5 | j2=0/5 | j3=0/5
26-15-20-17 Ψ矩阵条件数 cond(Ψ) = 2.01e+01 | 累计|g| = 9.7863 | 有效walker n_valid = 3200
26-15-20-17 Loss=-3.086429 | E0=-1.04658616 | E1=-0.95294377|E2=-0.65463827|E3=-0.54632602
26-15-20-17 误差(Ha): e0=7.76e-03 | e1=4.96e-03 | e2=1.43e-02 | e3=5.08e-03
26-15-20-17 #-----------------------------------------#
26-15-20-17 [Step  56] logΨ: mean=2.474+0.651j
26-15-20-17 梯度监控 | raw=60.8060 | natural=0.0926 | clipped=0.0926(上限20.0) | t_grad=0ms t_qgt=3ms
26-15-20-17 冻结状态 | frozen_set=[] | P_a/P=1108/1108 | QGT=1227664 | 本轮实际训练参数=1108
26-15-20-17 连续达标轮数 | j0=0/5 | j1=0/5 | j2=0/5 | j3=0/5
26-15-20-17 Ψ矩阵条件数 cond(Ψ) = 2.03e+01 | 累计|g| = 9.7863 | 有效walker n_valid = 3200
26-15-20-17 Loss=-3.104863 | E0=-1.04686482 | E1=-0.95313487|E2=-0.65561615|E3=-0.54717008
26-15-20-17 误差(Ha): e0=7.48e-03 | e1=4.77e-03 | e2=1.33e-02 | e3=4.23e-03
26-15-20-17 #-----------------------------------------#
26-15-20-17 [Step  57] logΨ: mean=2.593+0.680j
26-15-20-17 梯度监控 | raw=46.7935 | natural=0.1075 | clipped=0.1075(上限20.0) | t_grad=1ms t_qgt=3ms
26-15-20-17 冻结状态 | frozen_set=[] | P_a/P=1108/1108 | QGT=1227664 | 本轮实际训练参数=1108
26-15-20-17 连续达标轮数 | j0=0/5 | j1=0/5 | j2=0/5 | j3=0/5
26-15-20-17 Ψ矩阵条件数 cond(Ψ) = 2.01e+01 | 累计|g| = 9.7863 | 有效walker n_valid = 3200
26-15-20-17 Loss=-3.116925 | E0=-1.04669925 | E1=-0.95299398|E2=-0.65617378|E3=-0.54803193
26-15-20-17 误差(Ha): e0=7.65e-03 | e1=4.91e-03 | e2=1.28e-02 | e3=3.37e-03
26-15-20-17 #-----------------------------------------#
26-15-20-18 [Step  58] logΨ: mean=2.580+0.710j
26-15-20-18 梯度监控 | raw=42.7397 | natural=0.2166 | clipped=0.2166(上限20.0) | t_grad=1ms t_qgt=3ms
26-15-20-18 冻结状态 | frozen_set=[] | P_a/P=1108/1108 | QGT=1227664 | 本轮实际训练参数=1108
26-15-20-18 连续达标轮数 | j0=0/5 | j1=0/5 | j2=0/5 | j3=0/5
26-15-20-18 Ψ矩阵条件数 cond(Ψ) = 3.79e+01 | 累计|g| = 9.7863 | 有效walker n_valid = 3200
26-15-20-18 Loss=-3.119298 | E0=-1.04663913 | E1=-0.95314783|E2=-0.65691530|E3=-0.54724513
26-15-20-18 误差(Ha): e0=7.71e-03 | e1=4.76e-03 | e2=1.20e-02 | e3=4.16e-03
26-15-20-18 #-----------------------------------------#
26-15-20-18 [Step  59] logΨ: mean=2.791+0.977j
26-15-20-18 梯度监控 | raw=36.8973 | natural=0.2739 | clipped=0.2739(上限20.0) | t_grad=0ms t_qgt=3ms
26-15-20-18 冻结状态 | frozen_set=[] | P_a/P=1108/1108 | QGT=1227664 | 本轮实际训练参数=1108
26-15-20-18 连续达标轮数 | j0=0/5 | j1=0/5 | j2=0/5 | j3=0/5
26-15-20-18 Ψ矩阵条件数 cond(Ψ) = 2.05e+01 | 累计|g| = 9.7863 | 有效walker n_valid = 3200
26-15-20-18 Loss=-3.119752 | E0=-1.04674150 | E1=-0.95315465|E2=-0.65763427|E3=-0.54790259
26-15-20-18 误差(Ha): e0=7.61e-03 | e1=4.75e-03 | e2=1.13e-02 | e3=3.50e-03
26-15-20-18 #-----------------------------------------#
26-15-20-18 [保存] Step 59 → pickle 已更新 (60 条记录)
26-15-20-18 [GaugeReset@60] 吸收 Δg = Σ Re(col_mean) = +19.1477 | 新|g| = 10.2714
26-15-20-18 [Step  60] logΨ: mean=1.992+1.535j
26-15-20-18 梯度监控 | raw=23.8254 | natural=0.1678 | clipped=0.1678(上限20.0) | t_grad=0ms t_qgt=3ms
26-15-20-18 冻结状态 | frozen_set=[] | P_a/P=1108/1108 | QGT=1227664 | 本轮实际训练参数=1108
26-15-20-18 连续达标轮数 | j0=0/5 | j1=0/5 | j2=0/5 | j3=0/5
26-15-20-18 Ψ矩阵条件数 cond(Ψ) = 2.05e+01 | 累计|g| = 10.2714 | 有效walker n_valid = 3200
26-15-20-18 Loss=-3.147964 | E0=-1.04651266 | E1=-0.95320482|E2=-0.65839641|E3=-0.54886432
26-15-20-18 误差(Ha): e0=7.83e-03 | e1=4.70e-03 | e2=1.06e-02 | e3=2.54e-03
26-15-20-18 #-----------------------------------------#
26-15-20-18 [Step  61] logΨ: mean=2.070+0.966j
26-15-20-18 梯度监控 | raw=29.6700 | natural=0.1028 | clipped=0.1028(上限20.0) | t_grad=1ms t_qgt=4ms
26-15-20-18 冻结状态 | frozen_set=[] | P_a/P=1108/1108 | QGT=1227664 | 本轮实际训练参数=1108
26-15-20-18 连续达标轮数 | j0=0/5 | j1=0/5 | j2=0/5 | j3=0/5
26-15-20-18 Ψ矩阵条件数 cond(Ψ) = 2.05e+01 | 累计|g| = 10.2714 | 有效walker n_valid = 3200
26-15-20-18 Loss=-3.151264 | E0=-1.04640565 | E1=-0.95326480|E2=-0.65842272|E3=-0.54932706
26-15-20-18 误差(Ha): e0=7.94e-03 | e1=4.64e-03 | e2=1.05e-02 | e3=2.07e-03
26-15-20-18 #-----------------------------------------#
26-15-20-18 [Step  62] logΨ: mean=1.928+1.399j
26-15-20-18 梯度监控 | raw=54.0116 | natural=0.1184 | clipped=0.1184(上限20.0) | t_grad=1ms t_qgt=3ms
26-15-20-18 冻结状态 | frozen_set=[] | P_a/P=1108/1108 | QGT=1227664 | 本轮实际训练参数=1108
26-15-20-18 连续达标轮数 | j0=0/5 | j1=0/5 | j2=0/5 | j3=0/5
26-15-20-18 Ψ矩阵条件数 cond(Ψ) = 2.06e+01 | 累计|g| = 10.2714 | 有效walker n_valid = 3200
26-15-20-18 Loss=-3.129767 | E0=-1.04649951 | E1=-0.95354292|E2=-0.65759677|E3=-0.54845521
26-15-20-18 误差(Ha): e0=7.85e-03 | e1=4.36e-03 | e2=1.14e-02 | e3=2.95e-03
26-15-20-18 #-----------------------------------------#
26-15-20-18 [Step  63] logΨ: mean=2.188+0.712j
26-15-20-18 梯度监控 | raw=24.8446 | natural=0.1409 | clipped=0.1409(上限20.0) | t_grad=0ms t_qgt=3ms
26-15-20-18 冻结状态 | frozen_set=[] | P_a/P=1108/1108 | QGT=1227664 | 本轮实际训练参数=1108
26-15-20-18 连续达标轮数 | j0=0/5 | j1=0/5 | j2=0/5 | j3=0/5
26-15-20-18 Ψ矩阵条件数 cond(Ψ) = 2.10e+01 | 累计|g| = 10.2714 | 有效walker n_valid = 3200
26-15-20-18 Loss=-3.160325 | E0=-1.04624228 | E1=-0.95357640|E2=-0.65830777|E3=-0.54961107
26-15-20-18 误差(Ha): e0=8.11e-03 | e1=4.33e-03 | e2=1.06e-02 | e3=1.79e-03
26-15-20-18 #-----------------------------------------#
26-15-20-18 [Step  64] logΨ: mean=2.209+0.171j
26-15-20-18 梯度监控 | raw=32.6257 | natural=0.1803 | clipped=0.1803(上限20.0) | t_grad=1ms t_qgt=4ms
26-15-20-18 冻结状态 | frozen_set=[] | P_a/P=1108/1108 | QGT=1227664 | 本轮实际训练参数=1108
26-15-20-18 连续达标轮数 | j0=0/5 | j1=0/5 | j2=0/5 | j3=0/5
26-15-20-18 Ψ矩阵条件数 cond(Ψ) = 2.08e+01 | 累计|g| = 10.2714 | 有效walker n_valid = 3200
26-15-20-18 Loss=-3.143875 | E0=-1.04613080 | E1=-0.95364212|E2=-0.65795407|E3=-0.54924848
26-15-20-18 误差(Ha): e0=8.22e-03 | e1=4.26e-03 | e2=1.10e-02 | e3=2.15e-03
26-15-20-18 #-----------------------------------------#
26-15-20-18 [Step  65] logΨ: mean=2.259+0.427j
26-15-20-18 梯度监控 | raw=19.7109 | natural=0.1763 | clipped=0.1763(上限20.0) | t_grad=1ms t_qgt=3ms
26-15-20-18 冻结状态 | frozen_set=[] | P_a/P=1108/1108 | QGT=1227664 | 本轮实际训练参数=1108
26-15-20-18 连续达标轮数 | j0=0/5 | j1=0/5 | j2=0/5 | j3=0/5
26-15-20-18 Ψ矩阵条件数 cond(Ψ) = 2.16e+01 | 累计|g| = 10.2714 | 有效walker n_valid = 3200
26-15-20-18 Loss=-3.159929 | E0=-1.04615166 | E1=-0.95368807|E2=-0.65890739|E3=-0.54962868
26-15-20-18 误差(Ha): e0=8.20e-03 | e1=4.22e-03 | e2=1.00e-02 | e3=1.77e-03
26-15-20-18 #-----------------------------------------#
26-15-20-18 [Step  66] logΨ: mean=0.457+0.344j
26-15-20-18 梯度监控 | raw=16.2757 | natural=1.7852 | clipped=1.7852(上限20.0) | t_grad=0ms t_qgt=3ms
26-15-20-18 冻结状态 | frozen_set=[] | P_a/P=1108/1108 | QGT=1227664 | 本轮实际训练参数=1108
26-15-20-18 连续达标轮数 | j0=0/5 | j1=0/5 | j2=0/5 | j3=0/5
26-15-20-18 Ψ矩阵条件数 cond(Ψ) = 1.68e+01 | 累计|g| = 10.2714 | 有效walker n_valid = 3200
26-15-20-18 Loss=-3.181169 | E0=-1.04556969 | E1=-0.95320226|E2=-0.65915253|E3=-0.55525659
26-15-20-18 误差(Ha): e0=8.78e-03 | e1=4.70e-03 | e2=9.80e-03 | e3=3.85e-03
26-15-20-18 #-----------------------------------------#
26-15-20-18 [Step  67] logΨ: mean=0.686+0.807j
26-15-20-18 梯度监控 | raw=35.8874 | natural=0.1026 | clipped=0.1026(上限20.0) | t_grad=1ms t_qgt=3ms
26-15-20-18 冻结状态 | frozen_set=[] | P_a/P=1108/1108 | QGT=1227664 | 本轮实际训练参数=1108
26-15-20-18 连续达标轮数 | j0=0/5 | j1=0/5 | j2=0/5 | j3=1/5
26-15-20-18 Ψ矩阵条件数 cond(Ψ) = 1.73e+01 | 累计|g| = 10.2714 | 有效walker n_valid = 3200
26-15-20-18 Loss=-3.104597 | E0=-1.04543459 | E1=-0.95318468|E2=-0.65873807|E3=-0.55295493
26-15-20-18 误差(Ha): e0=8.91e-03 | e1=4.72e-03 | e2=1.02e-02 | e3=1.55e-03
26-15-20-18 #-----------------------------------------#
26-15-20-18 [Step 68] 能级 3 连续达标中断（此前连续 1 轮）→ 计数清零
26-15-20-18 [Step  68] logΨ: mean=0.787+0.818j
26-15-20-18 梯度监控 | raw=25.7957 | natural=0.1316 | clipped=0.1316(上限20.0) | t_grad=1ms t_qgt=4ms
26-15-20-18 冻结状态 | frozen_set=[] | P_a/P=1108/1108 | QGT=1227664 | 本轮实际训练参数=1108
26-15-20-18 连续达标轮数 | j0=0/5 | j1=0/5 | j2=0/5 | j3=0/5
26-15-20-18 Ψ矩阵条件数 cond(Ψ) = 3.32e+01 | 累计|g| = 10.2714 | 有效walker n_valid = 3200
26-15-20-18 Loss=-3.133417 | E0=-1.04583320 | E1=-0.95323566|E2=-0.65869208|E3=-0.55316479
26-15-20-18 误差(Ha): e0=8.51e-03 | e1=4.67e-03 | e2=1.03e-02 | e3=1.76e-03
26-15-20-18 #-----------------------------------------#
26-15-20-18 [Step  69] logΨ: mean=1.060+0.326j
26-15-20-18 梯度监控 | raw=15.9496 | natural=0.1071 | clipped=0.1071(上限20.0) | t_grad=1ms t_qgt=3ms
26-15-20-18 冻结状态 | frozen_set=[] | P_a/P=1108/1108 | QGT=1227664 | 本轮实际训练参数=1108
26-15-20-18 连续达标轮数 | j0=0/5 | j1=0/5 | j2=0/5 | j3=0/5
26-15-20-18 Ψ矩阵条件数 cond(Ψ) = 1.72e+01 | 累计|g| = 10.2714 | 有效walker n_valid = 3200
26-15-20-18 Loss=-3.160777 | E0=-1.04582045 | E1=-0.95329550|E2=-0.65879285|E3=-0.55348435
26-15-20-18 误差(Ha): e0=8.53e-03 | e1=4.61e-03 | e2=1.02e-02 | e3=2.08e-03
26-15-20-18 #-----------------------------------------#
26-15-20-18 [GaugeReset@70] 吸收 Δg = Σ Re(col_mean) = +17.9688 | 新|g| = 10.1890
26-15-20-18 [Step  70] logΨ: mean=2.339-0.010j
26-15-20-18 梯度监控 | raw=21.1519 | natural=0.4572 | clipped=0.4572(上限20.0) | t_grad=0ms t_qgt=3ms
26-15-20-18 冻结状态 | frozen_set=[] | P_a/P=1108/1108 | QGT=1227664 | 本轮实际训练参数=1108
26-15-20-18 连续达标轮数 | j0=0/5 | j1=0/5 | j2=0/5 | j3=1/5
26-15-20-18 Ψ矩阵条件数 cond(Ψ) = 4.10e+01 | 累计|g| = 10.1890 | 有效walker n_valid = 3200
26-15-20-18 Loss=-3.132881 | E0=-1.04600054 | E1=-0.95299315|E2=-0.65945605|E3=-0.55115041
26-15-20-18 误差(Ha): e0=8.35e-03 | e1=4.91e-03 | e2=9.50e-03 | e3=2.52e-04
26-15-20-18 #-----------------------------------------#
26-15-20-18 [Step  71] logΨ: mean=2.948-0.061j
26-15-20-18 梯度监控 | raw=7.2964 | natural=0.0744 | clipped=0.0744(上限20.0) | t_grad=0ms t_qgt=3ms
26-15-20-18 冻结状态 | frozen_set=[] | P_a/P=1108/1108 | QGT=1227664 | 本轮实际训练参数=1108
26-15-20-18 连续达标轮数 | j0=0/5 | j1=0/5 | j2=0/5 | j3=2/5
26-15-20-18 Ψ矩阵条件数 cond(Ψ) = 2.72e+01 | 累计|g| = 10.1890 | 有效walker n_valid = 3200
26-15-20-18 Loss=-3.190127 | E0=-1.04579307 | E1=-0.95267819|E2=-0.65965179|E3=-0.55167209
26-15-20-18 误差(Ha): e0=8.55e-03 | e1=5.23e-03 | e2=9.30e-03 | e3=2.70e-04
26-15-20-18 #-----------------------------------------#
26-15-20-18 [Step  72] logΨ: mean=2.993+0.431j
26-15-20-18 梯度监控 | raw=11.4743 | natural=0.2252 | clipped=0.2252(上限20.0) | t_grad=1ms t_qgt=3ms
26-15-20-18 冻结状态 | frozen_set=[] | P_a/P=1108/1108 | QGT=1227664 | 本轮实际训练参数=1108
26-15-20-18 连续达标轮数 | j0=0/5 | j1=0/5 | j2=0/5 | j3=3/5
26-15-20-18 Ψ矩阵条件数 cond(Ψ) = 2.86e+01 | 累计|g| = 10.1890 | 有效walker n_valid = 3200
26-15-20-18 Loss=-3.180978 | E0=-1.04575872 | E1=-0.95257220|E2=-0.66018212|E3=-0.55114075
26-15-20-18 误差(Ha): e0=8.59e-03 | e1=5.33e-03 | e2=8.77e-03 | e3=2.61e-04
26-15-20-18 #-----------------------------------------#
26-15-20-18 [Step  73] logΨ: mean=3.195+0.309j
26-15-20-18 梯度监控 | raw=9.2228 | natural=0.0802 | clipped=0.0802(上限20.0) | t_grad=1ms t_qgt=3ms
26-15-20-18 冻结状态 | frozen_set=[] | P_a/P=1108/1108 | QGT=1227664 | 本轮实际训练参数=1108
26-15-20-18 连续达标轮数 | j0=0/5 | j1=0/5 | j2=0/5 | j3=4/5
26-15-20-18 Ψ矩阵条件数 cond(Ψ) = 3.00e+01 | 累计|g| = 10.1890 | 有效walker n_valid = 3200
26-15-20-18 Loss=-3.175033 | E0=-1.04570563 | E1=-0.95292430|E2=-0.65989952|E3=-0.55098281
26-15-20-18 误差(Ha): e0=8.64e-03 | e1=4.98e-03 | e2=9.05e-03 | e3=4.19e-04
26-15-20-18 #-----------------------------------------#
26-15-20-18 【Step 74 冻结】能级 3 连续 5 轮达到化学精度（误差 4.08e-04 Ha）→ 冻结列 3（OneWayFreezer 单向冻结，不再恢复）
26-15-20-18 触发了重构参数事件...
26-15-20-18 [重建@74] frozen_set=[3] | P_a/P = 831/1108 | 重建耗时 0.04s（含编译，一次性）
26-15-20-18 [Step  74] logΨ: mean=3.359+0.250j
26-15-20-18 梯度监控 | raw=14.9165 | natural=0.1497 | clipped=0.1497(上限20.0) | t_grad=0ms t_qgt=3ms
26-15-20-18 冻结状态 | frozen_set=[3] | P_a/P=1108/1108 | QGT=1227664 | 本轮实际训练参数=1108
26-15-20-18 连续达标轮数 | j0=0/5 | j1=0/5 | j2=0/5 | j3=0/5(已冻结)
26-15-20-18 Ψ矩阵条件数 cond(Ψ) = 3.35e+01 | 累计|g| = 10.1890 | 有效walker n_valid = 3200
26-15-20-18 Loss=-3.173628 | E0=-1.04578584 | E1=-0.95270675|E2=-0.66013123|E3=-0.55099393
26-15-20-18 误差(Ha): e0=8.56e-03 | e1=5.20e-03 | e2=8.82e-03 | e3=4.08e-04
26-15-20-18 #-----------------------------------------#
26-15-20-18 [Step  75] logΨ: mean=3.537+0.712j
26-15-20-18 梯度监控 | raw=7.9139 | natural=0.1221 | clipped=0.1221(上限20.0) | t_grad=1995ms t_qgt=637ms
26-15-20-18 冻结状态 | frozen_set=[3] | P_a/P=831/1108 | QGT=690561 | 本轮实际训练参数=831
26-15-20-18 连续达标轮数 | j0=0/5 | j1=0/5 | j2=0/5 | j3=0/5(已冻结)
26-15-20-18 Ψ矩阵条件数 cond(Ψ) = 3.28e+01 | 累计|g| = 10.1890 | 有效walker n_valid = 3200
26-15-20-18 Loss=-3.189739 | E0=-1.04569668 | E1=-0.95280656|E2=-0.66010737|E3=-0.55121016
26-15-20-18 误差(Ha): e0=8.65e-03 | e1=5.10e-03 | e2=8.84e-03 | e3=1.92e-04
26-15-20-18 #-----------------------------------------#
26-15-20-18 [Step  76] logΨ: mean=3.650+0.237j
26-15-20-18 梯度监控 | raw=7.4776 | natural=0.1516 | clipped=0.1516(上限20.0) | t_grad=1ms t_qgt=4ms
26-15-20-18 冻结状态 | frozen_set=[3] | P_a/P=831/1108 | QGT=690561 | 本轮实际训练参数=831
26-15-20-18 连续达标轮数 | j0=0/5 | j1=0/5 | j2=0/5 | j3=0/5(已冻结)
26-15-20-18 Ψ矩阵条件数 cond(Ψ) = 3.04e+01 | 累计|g| = 10.1890 | 有效walker n_valid = 3200
26-15-20-18 Loss=-3.191009 | E0=-1.04549066 | E1=-0.95303470|E2=-0.66004202|E3=-0.55115644
26-15-20-18 误差(Ha): e0=8.86e-03 | e1=4.87e-03 | e2=8.91e-03 | e3=2.45e-04
26-15-20-18 #-----------------------------------------#
26-15-20-18 [Step  77] logΨ: mean=3.851+0.193j
26-15-20-18 梯度监控 | raw=3.1128 | natural=0.0733 | clipped=0.0733(上限20.0) | t_grad=0ms t_qgt=2ms
26-15-20-18 冻结状态 | frozen_set=[3] | P_a/P=831/1108 | QGT=690561 | 本轮实际训练参数=831
26-15-20-18 连续达标轮数 | j0=0/5 | j1=0/5 | j2=0/5 | j3=0/5(已冻结)
26-15-20-18 Ψ矩阵条件数 cond(Ψ) = 2.67e+01 | 累计|g| = 10.1890 | 有效walker n_valid = 3200
26-15-20-18 Loss=-3.199210 | E0=-1.04555070 | E1=-0.95286120|E2=-0.66009398|E3=-0.55095062
26-15-20-18 误差(Ha): e0=8.80e-03 | e1=5.04e-03 | e2=8.86e-03 | e3=4.51e-04
26-15-20-18 #-----------------------------------------#
26-15-20-18 [Step  78] logΨ: mean=3.858+0.140j
26-15-20-18 梯度监控 | raw=8.9554 | natural=0.1098 | clipped=0.1098(上限20.0) | t_grad=0ms t_qgt=4ms
26-15-20-18 冻结状态 | frozen_set=[3] | P_a/P=831/1108 | QGT=690561 | 本轮实际训练参数=831
26-15-20-18 连续达标轮数 | j0=0/5 | j1=0/5 | j2=0/5 | j3=0/5(已冻结)
26-15-20-18 Ψ矩阵条件数 cond(Ψ) = 2.75e+01 | 累计|g| = 10.1890 | 有效walker n_valid = 3200
26-15-20-18 Loss=-3.200800 | E0=-1.04556958 | E1=-0.95303900|E2=-0.66046348|E3=-0.55068710
26-15-20-18 误差(Ha): e0=8.78e-03 | e1=4.87e-03 | e2=8.49e-03 | e3=7.15e-04
26-15-20-18 #-----------------------------------------#
26-15-20-18 [Step  79] logΨ: mean=4.020+0.004j
26-15-20-18 梯度监控 | raw=3.1589 | natural=0.1176 | clipped=0.1176(上限20.0) | t_grad=0ms t_qgt=2ms
26-15-20-18 冻结状态 | frozen_set=[3] | P_a/P=831/1108 | QGT=690561 | 本轮实际训练参数=831
26-15-20-18 连续达标轮数 | j0=0/5 | j1=0/5 | j2=0/5 | j3=0/5(已冻结)
26-15-20-18 Ψ矩阵条件数 cond(Ψ) = 2.65e+01 | 累计|g| = 10.1890 | 有效walker n_valid = 3200
26-15-20-18 Loss=-3.196425 | E0=-1.04560859 | E1=-0.95248950|E2=-0.66045232|E3=-0.55175445
26-15-20-18 误差(Ha): e0=8.74e-03 | e1=5.42e-03 | e2=8.50e-03 | e3=3.53e-04
26-15-20-18 #-----------------------------------------#
26-15-20-18 [保存] Step 79 → pickle 已更新 (80 条记录)
26-15-20-18 [GaugeReset@80] 吸收 Δg = Σ Re(col_mean) = +19.2680 | 新|g| = 10.5199
26-15-20-18 [Step  80] logΨ: mean=2.715+0.054j
26-15-20-18 梯度监控 | raw=5.6176 | natural=0.0879 | clipped=0.0879(上限20.0) | t_grad=1ms t_qgt=3ms
26-15-20-18 冻结状态 | frozen_set=[3] | P_a/P=831/1108 | QGT=690561 | 本轮实际训练参数=831
26-15-20-18 连续达标轮数 | j0=0/5 | j1=0/5 | j2=0/5 | j3=0/5(已冻结)
26-15-20-18 Ψ矩阵条件数 cond(Ψ) = 2.97e+01 | 累计|g| = 10.5199 | 有效walker n_valid = 3200
26-15-20-18 Loss=-3.187136 | E0=-1.04567242 | E1=-0.95264776|E2=-0.66009216|E3=-0.55147405
26-15-20-18 误差(Ha): e0=8.68e-03 | e1=5.26e-03 | e2=8.86e-03 | e3=7.21e-05
26-15-20-18 #-----------------------------------------#
26-15-20-18 [Step  81] logΨ: mean=2.829+0.387j
26-15-20-18 梯度监控 | raw=4.5132 | natural=0.1099 | clipped=0.1099(上限20.0) | t_grad=1ms t_qgt=2ms
26-15-20-18 冻结状态 | frozen_set=[3] | P_a/P=831/1108 | QGT=690561 | 本轮实际训练参数=831
26-15-20-18 连续达标轮数 | j0=0/5 | j1=0/5 | j2=0/5 | j3=0/5(已冻结)
26-15-20-18 Ψ矩阵条件数 cond(Ψ) = 2.93e+01 | 累计|g| = 10.5199 | 有效walker n_valid = 3200
26-15-20-18 Loss=-3.197708 | E0=-1.04563908 | E1=-0.95283254|E2=-0.66017498|E3=-0.55140723
26-15-20-18 误差(Ha): e0=8.71e-03 | e1=5.07e-03 | e2=8.78e-03 | e3=5.30e-06
26-15-20-18 #-----------------------------------------#
26-15-20-18 [Step  82] logΨ: mean=2.879+0.807j
26-15-20-18 梯度监控 | raw=4.2106 | natural=0.0898 | clipped=0.0898(上限20.0) | t_grad=0ms t_qgt=2ms
26-15-20-18 冻结状态 | frozen_set=[3] | P_a/P=831/1108 | QGT=690561 | 本轮实际训练参数=831
26-15-20-18 连续达标轮数 | j0=0/5 | j1=0/5 | j2=0/5 | j3=0/5(已冻结)
26-15-20-18 Ψ矩阵条件数 cond(Ψ) = 4.09e+01 | 累计|g| = 10.5199 | 有效walker n_valid = 3200
26-15-20-18 Loss=-3.201755 | E0=-1.04554234 | E1=-0.95266871|E2=-0.66046401|E3=-0.55131291
26-15-20-18 误差(Ha): e0=8.81e-03 | e1=5.24e-03 | e2=8.49e-03 | e3=8.90e-05
26-15-20-18 #-----------------------------------------#
26-15-20-18 [Step  83] logΨ: mean=2.989+0.418j
26-15-20-18 梯度监控 | raw=4.5012 | natural=0.0646 | clipped=0.0646(上限20.0) | t_grad=0ms t_qgt=3ms
26-15-20-18 冻结状态 | frozen_set=[3] | P_a/P=831/1108 | QGT=690561 | 本轮实际训练参数=831
26-15-20-18 连续达标轮数 | j0=0/5 | j1=0/5 | j2=0/5 | j3=0/5(已冻结)
26-15-20-18 Ψ矩阵条件数 cond(Ψ) = 3.04e+01 | 累计|g| = 10.5199 | 有效walker n_valid = 3200
26-15-20-18 Loss=-3.203328 | E0=-1.04543269 | E1=-0.95274597|E2=-0.66042378|E3=-0.55152384
26-15-20-18 误差(Ha): e0=8.91e-03 | e1=5.16e-03 | e2=8.53e-03 | e3=1.22e-04
26-15-20-18 #-----------------------------------------#
26-15-20-18 [Step  84] logΨ: mean=3.120+0.045j
26-15-20-18 梯度监控 | raw=2.9293 | natural=0.0538 | clipped=0.0538(上限20.0) | t_grad=1ms t_qgt=3ms
26-15-20-18 冻结状态 | frozen_set=[3] | P_a/P=831/1108 | QGT=690561 | 本轮实际训练参数=831
26-15-20-18 连续达标轮数 | j0=0/5 | j1=0/5 | j2=0/5 | j3=0/5(已冻结)
26-15-20-18 Ψ矩阵条件数 cond(Ψ) = 3.06e+01 | 累计|g| = 10.5199 | 有效walker n_valid = 3200
26-15-20-18 Loss=-3.205787 | E0=-1.04546609 | E1=-0.95269403|E2=-0.66025075|E3=-0.55126936
26-15-20-18 误差(Ha): e0=8.88e-03 | e1=5.21e-03 | e2=8.70e-03 | e3=1.33e-04
26-15-20-18 #-----------------------------------------#
26-15-20-18 [Step  85] logΨ: mean=2.882+0.121j
26-15-20-18 梯度监控 | raw=9.2878 | natural=0.1577 | clipped=0.1577(上限20.0) | t_grad=1ms t_qgt=3ms
26-15-20-18 冻结状态 | frozen_set=[3] | P_a/P=831/1108 | QGT=690561 | 本轮实际训练参数=831
26-15-20-18 连续达标轮数 | j0=0/5 | j1=0/5 | j2=0/5 | j3=0/5(已冻结)
26-15-20-18 Ψ矩阵条件数 cond(Ψ) = 2.94e+01 | 累计|g| = 10.5199 | 有效walker n_valid = 3200
26-15-20-18 Loss=-3.196544 | E0=-1.04566997 | E1=-0.95398695|E2=-0.65953330|E3=-0.55107815
26-15-20-18 误差(Ha): e0=8.68e-03 | e1=3.92e-03 | e2=9.42e-03 | e3=3.24e-04
26-15-20-18 #-----------------------------------------#
26-15-20-18 [Step  86] logΨ: mean=2.793-0.091j
26-15-20-18 梯度监控 | raw=5.3110 | natural=0.4936 | clipped=0.4936(上限20.0) | t_grad=0ms t_qgt=2ms
26-15-20-18 冻结状态 | frozen_set=[3] | P_a/P=831/1108 | QGT=690561 | 本轮实际训练参数=831
26-15-20-18 连续达标轮数 | j0=0/5 | j1=0/5 | j2=0/5 | j3=0/5(已冻结)
26-15-20-18 Ψ矩阵条件数 cond(Ψ) = 3.16e+01 | 累计|g| = 10.5199 | 有效walker n_valid = 3200
26-15-20-18 Loss=-3.186569 | E0=-1.04561373 | E1=-0.95419732|E2=-0.65988452|E3=-0.55084266
26-15-20-18 误差(Ha): e0=8.73e-03 | e1=3.71e-03 | e2=9.07e-03 | e3=5.59e-04
26-15-20-18 #-----------------------------------------#
26-15-20-18 [Step  87] logΨ: mean=2.924+0.123j
26-15-20-18 梯度监控 | raw=2.6178 | natural=0.0830 | clipped=0.0830(上限20.0) | t_grad=1ms t_qgt=3ms
26-15-20-18 冻结状态 | frozen_set=[3] | P_a/P=831/1108 | QGT=690561 | 本轮实际训练参数=831
26-15-20-18 连续达标轮数 | j0=0/5 | j1=0/5 | j2=0/5 | j3=0/5(已冻结)
26-15-20-18 Ψ矩阵条件数 cond(Ψ) = 3.02e+01 | 累计|g| = 10.5199 | 有效walker n_valid = 3200
26-15-20-18 Loss=-3.200386 | E0=-1.04564224 | E1=-0.95413850|E2=-0.66011624|E3=-0.55079370
26-15-20-18 误差(Ha): e0=8.71e-03 | e1=3.77e-03 | e2=8.84e-03 | e3=6.08e-04
26-15-20-18 #-----------------------------------------#
26-15-20-18 [Step  88] logΨ: mean=3.038+0.075j
26-15-20-18 梯度监控 | raw=2.9979 | natural=0.0308 | clipped=0.0308(上限20.0) | t_grad=0ms t_qgt=2ms
26-15-20-18 冻结状态 | frozen_set=[3] | P_a/P=831/1108 | QGT=690561 | 本轮实际训练参数=831
26-15-20-18 连续达标轮数 | j0=0/5 | j1=0/5 | j2=0/5 | j3=0/5(已冻结)
26-15-20-18 Ψ矩阵条件数 cond(Ψ) = 3.70e+01 | 累计|g| = 10.5199 | 有效walker n_valid = 3200
26-15-20-18 Loss=-3.204371 | E0=-1.04545938 | E1=-0.95411951|E2=-0.65997617|E3=-0.55084005
26-15-20-18 误差(Ha): e0=8.89e-03 | e1=3.79e-03 | e2=8.98e-03 | e3=5.62e-04
26-15-20-18 #-----------------------------------------#
26-15-20-18 [Step  89] logΨ: mean=2.948-0.282j
26-15-20-18 梯度监控 | raw=0.9530 | natural=0.2434 | clipped=0.2434(上限20.0) | t_grad=1ms t_qgt=3ms
26-15-20-18 冻结状态 | frozen_set=[3] | P_a/P=831/1108 | QGT=690561 | 本轮实际训练参数=831
26-15-20-18 连续达标轮数 | j0=0/5 | j1=0/5 | j2=0/5 | j3=0/5(已冻结)
26-15-20-18 Ψ矩阵条件数 cond(Ψ) = 2.85e+01 | 累计|g| = 10.5199 | 有效walker n_valid = 3200
26-15-20-18 Loss=-3.211698 | E0=-1.04544376 | E1=-0.95446169|E2=-0.66150703|E3=-0.55058533
26-15-20-18 误差(Ha): e0=8.90e-03 | e1=3.44e-03 | e2=7.45e-03 | e3=8.17e-04
26-15-20-18 #-----------------------------------------#
26-15-20-18 [GaugeReset@90] 吸收 Δg = Σ Re(col_mean) = +19.4001 | 新|g| = 10.4597
26-15-20-18 [Step  90] logΨ: mean=2.858-0.013j
26-15-20-18 梯度监控 | raw=1.3603 | natural=0.2694 | clipped=0.2694(上限20.0) | t_grad=0ms t_qgt=3ms
26-15-20-18 冻结状态 | frozen_set=[3] | P_a/P=831/1108 | QGT=690561 | 本轮实际训练参数=831
26-15-20-18 连续达标轮数 | j0=0/5 | j1=0/5 | j2=0/5 | j3=0/5(已冻结)
26-15-20-18 Ψ矩阵条件数 cond(Ψ) = 3.00e+01 | 累计|g| = 10.4597 | 有效walker n_valid = 3200
26-15-20-18 Loss=-3.211606 | E0=-1.04523032 | E1=-0.95551519|E2=-0.66196182|E3=-0.54907871
26-15-20-18 误差(Ha): e0=9.12e-03 | e1=2.39e-03 | e2=6.99e-03 | e3=2.32e-03
26-15-20-18 #-----------------------------------------#
26-15-20-18 [Step  91] logΨ: mean=2.797+0.201j
26-15-20-18 梯度监控 | raw=4.0693 | natural=0.0621 | clipped=0.0621(上限20.0) | t_grad=1ms t_qgt=2ms
26-15-20-18 冻结状态 | frozen_set=[3] | P_a/P=831/1108 | QGT=690561 | 本轮实际训练参数=831
26-15-20-18 连续达标轮数 | j0=0/5 | j1=0/5 | j2=0/5 | j3=0/5(已冻结)
26-15-20-18 Ψ矩阵条件数 cond(Ψ) = 3.01e+01 | 累计|g| = 10.4597 | 有效walker n_valid = 3200
26-15-20-18 Loss=-3.203069 | E0=-1.04522180 | E1=-0.95602887|E2=-0.66195107|E3=-0.54908867
26-15-20-18 误差(Ha): e0=9.13e-03 | e1=1.88e-03 | e2=7.00e-03 | e3=2.31e-03
26-15-20-18 #-----------------------------------------#
26-15-20-18 [Step  92] logΨ: mean=2.777+0.526j
26-15-20-18 梯度监控 | raw=1.3935 | natural=0.0956 | clipped=0.0956(上限20.0) | t_grad=1ms t_qgt=2ms
26-15-20-18 冻结状态 | frozen_set=[3] | P_a/P=831/1108 | QGT=690561 | 本轮实际训练参数=831
26-15-20-18 连续达标轮数 | j0=0/5 | j1=0/5 | j2=0/5 | j3=0/5(已冻结)
26-15-20-18 Ψ矩阵条件数 cond(Ψ) = 3.00e+01 | 累计|g| = 10.4597 | 有效walker n_valid = 3200
26-15-20-18 Loss=-3.207036 | E0=-1.04512616 | E1=-0.95596388|E2=-0.66214647|E3=-0.54843684
26-15-20-18 误差(Ha): e0=9.22e-03 | e1=1.94e-03 | e2=6.81e-03 | e3=2.97e-03
26-15-20-18 #-----------------------------------------#
26-15-20-18 [Step  93] logΨ: mean=2.576+0.380j
26-15-20-18 梯度监控 | raw=8.5856 | natural=0.0907 | clipped=0.0907(上限20.0) | t_grad=0ms t_qgt=3ms
26-15-20-18 冻结状态 | frozen_set=[3] | P_a/P=831/1108 | QGT=690561 | 本轮实际训练参数=831
26-15-20-18 连续达标轮数 | j0=0/5 | j1=0/5 | j2=0/5 | j3=0/5(已冻结)
26-15-20-18 Ψ矩阵条件数 cond(Ψ) = 2.96e+01 | 累计|g| = 10.4597 | 有效walker n_valid = 3200
26-15-20-18 Loss=-3.183655 | E0=-1.04530108 | E1=-0.95584047|E2=-0.66179597|E3=-0.54825485
26-15-20-18 误差(Ha): e0=9.05e-03 | e1=2.07e-03 | e2=7.16e-03 | e3=3.15e-03
26-15-20-18 #-----------------------------------------#
26-15-20-18 [Step  94] logΨ: mean=2.668+0.738j
26-15-20-18 梯度监控 | raw=5.8369 | natural=0.0730 | clipped=0.0730(上限20.0) | t_grad=0ms t_qgt=2ms
26-15-20-18 冻结状态 | frozen_set=[3] | P_a/P=831/1108 | QGT=690561 | 本轮实际训练参数=831
26-15-20-18 连续达标轮数 | j0=0/5 | j1=0/5 | j2=0/5 | j3=0/5(已冻结)
26-15-20-18 Ψ矩阵条件数 cond(Ψ) = 2.90e+01 | 累计|g| = 10.4597 | 有效walker n_valid = 3200
26-15-20-18 Loss=-3.199095 | E0=-1.04523471 | E1=-0.95566931|E2=-0.66165295|E3=-0.54845093
26-15-20-18 误差(Ha): e0=9.11e-03 | e1=2.24e-03 | e2=7.30e-03 | e3=2.95e-03
26-15-20-18 #-----------------------------------------#
26-15-20-18 [Step  95] logΨ: mean=2.723+0.817j
26-15-20-18 梯度监控 | raw=2.2078 | natural=0.1204 | clipped=0.1204(上限20.0) | t_grad=1ms t_qgt=3ms
26-15-20-18 冻结状态 | frozen_set=[3] | P_a/P=831/1108 | QGT=690561 | 本轮实际训练参数=831
26-15-20-18 连续达标轮数 | j0=0/5 | j1=0/5 | j2=0/5 | j3=0/5(已冻结)
26-15-20-18 Ψ矩阵条件数 cond(Ψ) = 2.91e+01 | 累计|g| = 10.4597 | 有效walker n_valid = 3200
26-15-20-18 Loss=-3.202070 | E0=-1.04503247 | E1=-0.95576454|E2=-0.66159548|E3=-0.54884294
26-15-20-18 误差(Ha): e0=9.31e-03 | e1=2.14e-03 | e2=7.36e-03 | e3=2.56e-03
26-15-20-18 #-----------------------------------------#
26-15-20-18 [Step  96] logΨ: mean=2.643+0.631j
26-15-20-18 梯度监控 | raw=6.2891 | natural=0.0972 | clipped=0.0972(上限20.0) | t_grad=0ms t_qgt=2ms
26-15-20-18 冻结状态 | frozen_set=[3] | P_a/P=831/1108 | QGT=690561 | 本轮实际训练参数=831
26-15-20-18 连续达标轮数 | j0=0/5 | j1=0/5 | j2=0/5 | j3=0/5(已冻结)
26-15-20-18 Ψ矩阵条件数 cond(Ψ) = 2.92e+01 | 累计|g| = 10.4597 | 有效walker n_valid = 3200
26-15-20-18 Loss=-3.203566 | E0=-1.04504232 | E1=-0.95574203|E2=-0.66140391|E3=-0.54899120
26-15-20-18 误差(Ha): e0=9.31e-03 | e1=2.16e-03 | e2=7.55e-03 | e3=2.41e-03
26-15-20-18 #-----------------------------------------#
26-15-20-18 [Step  97] logΨ: mean=2.709+0.142j
26-15-20-18 梯度监控 | raw=4.3543 | natural=0.0561 | clipped=0.0561(上限20.0) | t_grad=1ms t_qgt=3ms
26-15-20-18 冻结状态 | frozen_set=[3] | P_a/P=831/1108 | QGT=690561 | 本轮实际训练参数=831
26-15-20-18 连续达标轮数 | j0=0/5 | j1=0/5 | j2=0/5 | j3=0/5(已冻结)
26-15-20-18 Ψ矩阵条件数 cond(Ψ) = 2.99e+01 | 累计|g| = 10.4597 | 有效walker n_valid = 3200
26-15-20-18 Loss=-3.212515 | E0=-1.04497802 | E1=-0.95576925|E2=-0.66145685|E3=-0.54937931
26-15-20-18 误差(Ha): e0=9.37e-03 | e1=2.14e-03 | e2=7.50e-03 | e3=2.02e-03
26-15-20-18 #-----------------------------------------#
26-15-20-18 [Step  98] logΨ: mean=2.733+0.063j
26-15-20-18 梯度监控 | raw=1.9058 | natural=0.0394 | clipped=0.0394(上限20.0) | t_grad=1ms t_qgt=3ms
26-15-20-18 冻结状态 | frozen_set=[3] | P_a/P=831/1108 | QGT=690561 | 本轮实际训练参数=831
26-15-20-18 连续达标轮数 | j0=0/5 | j1=0/5 | j2=0/5 | j3=0/5(已冻结)
26-15-20-18 Ψ矩阵条件数 cond(Ψ) = 2.46e+01 | 累计|g| = 10.4597 | 有效walker n_valid = 3200
26-15-20-18 Loss=-3.206036 | E0=-1.04499258 | E1=-0.95566442|E2=-0.66140030|E3=-0.54949855
26-15-20-18 误差(Ha): e0=9.35e-03 | e1=2.24e-03 | e2=7.55e-03 | e3=1.90e-03
26-15-20-18 #-----------------------------------------#
26-15-20-18 [Step  99] logΨ: mean=2.821+0.406j
26-15-20-18 梯度监控 | raw=1.0856 | natural=0.0311 | clipped=0.0311(上限20.0) | t_grad=0ms t_qgt=4ms
26-15-20-18 冻结状态 | frozen_set=[3] | P_a/P=831/1108 | QGT=690561 | 本轮实际训练参数=831
26-15-20-18 连续达标轮数 | j0=0/5 | j1=0/5 | j2=0/5 | j3=0/5(已冻结)
26-15-20-18 Ψ矩阵条件数 cond(Ψ) = 2.97e+01 | 累计|g| = 10.4597 | 有效walker n_valid = 3200
26-15-20-18 Loss=-3.209437 | E0=-1.04493802 | E1=-0.95571041|E2=-0.66153441|E3=-0.54923587
26-15-20-18 误差(Ha): e0=9.41e-03 | e1=2.20e-03 | e2=7.42e-03 | e3=2.17e-03
26-15-20-18 #-----------------------------------------#
26-15-20-18 [保存] Step 99 → pickle 已更新 (100 条记录)
26-15-20-18 [GaugeReset@100] 吸收 Δg = Σ Re(col_mean) = +19.5108 | 新|g| = 10.4951
26-15-20-18 [Step 100] logΨ: mean=2.548+0.613j
26-15-20-18 梯度监控 | raw=1.7548 | natural=0.1579 | clipped=0.1579(上限20.0) | t_grad=1ms t_qgt=4ms
26-15-20-18 冻结状态 | frozen_set=[3] | P_a/P=831/1108 | QGT=690561 | 本轮实际训练参数=831
26-15-20-18 连续达标轮数 | j0=0/5 | j1=0/5 | j2=0/5 | j3=0/5(已冻结)
26-15-20-18 Ψ矩阵条件数 cond(Ψ) = 2.93e+01 | 累计|g| = 10.4951 | 有效walker n_valid = 3200
26-15-20-18 Loss=-3.210366 | E0=-1.04487421 | E1=-0.95593549|E2=-0.66272267|E3=-0.54945056
26-15-20-18 误差(Ha): e0=9.47e-03 | e1=1.97e-03 | e2=6.23e-03 | e3=1.95e-03
26-15-20-18 #-----------------------------------------#
26-15-20-18 [Step 101] logΨ: mean=2.310+1.064j
26-15-20-18 梯度监控 | raw=7.8671 | natural=0.7689 | clipped=0.7689(上限20.0) | t_grad=1ms t_qgt=5ms
26-15-20-18 冻结状态 | frozen_set=[3] | P_a/P=831/1108 | QGT=690561 | 本轮实际训练参数=831
26-15-20-18 连续达标轮数 | j0=0/5 | j1=0/5 | j2=0/5 | j3=0/5(已冻结)
26-15-20-18 Ψ矩阵条件数 cond(Ψ) = 2.10e+01 | 累计|g| = 10.4951 | 有效walker n_valid = 3200
26-15-20-18 Loss=-3.204383 | E0=-1.04449692 | E1=-0.95570344|E2=-0.66424825|E3=-0.54522796
26-15-20-18 误差(Ha): e0=9.85e-03 | e1=2.20e-03 | e2=4.70e-03 | e3=6.17e-03
26-15-20-18 #-----------------------------------------#
26-15-20-18 [Step 102] logΨ: mean=2.331+0.940j
26-15-20-18 梯度监控 | raw=1.5645 | natural=0.2432 | clipped=0.2432(上限20.0) | t_grad=2ms t_qgt=15ms
26-15-20-18 冻结状态 | frozen_set=[3] | P_a/P=831/1108 | QGT=690561 | 本轮实际训练参数=831
26-15-20-18 连续达标轮数 | j0=0/5 | j1=0/5 | j2=0/5 | j3=0/5(已冻结)
26-15-20-18 Ψ矩阵条件数 cond(Ψ) = 2.14e+01 | 累计|g| = 10.4951 | 有效walker n_valid = 3200
26-15-20-18 Loss=-3.196799 | E0=-1.04479328 | E1=-0.95551046|E2=-0.66356102|E3=-0.54605565
26-15-20-18 误差(Ha): e0=9.55e-03 | e1=2.40e-03 | e2=5.39e-03 | e3=5.35e-03
26-15-20-18 #-----------------------------------------#
26-15-20-18 [Step 103] logΨ: mean=2.258+0.777j
26-15-20-18 梯度监控 | raw=2.5268 | natural=0.0979 | clipped=0.0979(上限20.0) | t_grad=7ms t_qgt=5ms
26-15-20-18 冻结状态 | frozen_set=[3] | P_a/P=831/1108 | QGT=690561 | 本轮实际训练参数=831
26-15-20-18 连续达标轮数 | j0=0/5 | j1=0/5 | j2=0/5 | j3=0/5(已冻结)
26-15-20-18 Ψ矩阵条件数 cond(Ψ) = 9.99e+01 | 累计|g| = 10.4951 | 有效walker n_valid = 3200
26-15-20-18 Loss=-3.202026 | E0=-1.04474480 | E1=-0.95549388|E2=-0.66368235|E3=-0.54647929
26-15-20-18 误差(Ha): e0=9.60e-03 | e1=2.41e-03 | e2=5.27e-03 | e3=4.92e-03
26-15-20-18 #-----------------------------------------#
26-15-20-18 [Step 104] logΨ: mean=2.387+0.687j
26-15-20-18 梯度监控 | raw=1.7685 | natural=0.1578 | clipped=0.1578(上限20.0) | t_grad=1ms t_qgt=4ms
26-15-20-18 冻结状态 | frozen_set=[3] | P_a/P=831/1108 | QGT=690561 | 本轮实际训练参数=831
26-15-20-18 连续达标轮数 | j0=0/5 | j1=0/5 | j2=0/5 | j3=0/5(已冻结)
26-15-20-18 Ψ矩阵条件数 cond(Ψ) = 2.12e+01 | 累计|g| = 10.4951 | 有效walker n_valid = 3200
26-15-20-18 Loss=-3.198219 | E0=-1.04475938 | E1=-0.95506489|E2=-0.66359568|E3=-0.54634141
26-15-20-18 误差(Ha): e0=9.59e-03 | e1=2.84e-03 | e2=5.36e-03 | e3=5.06e-03
26-15-20-18 #-----------------------------------------#
26-15-20-18 [Step 105] logΨ: mean=2.429+0.395j
26-15-20-18 梯度监控 | raw=1.3808 | natural=0.0411 | clipped=0.0411(上限20.0) | t_grad=1ms t_qgt=10ms
26-15-20-18 冻结状态 | frozen_set=[3] | P_a/P=831/1108 | QGT=690561 | 本轮实际训练参数=831
26-15-20-18 连续达标轮数 | j0=0/5 | j1=0/5 | j2=0/5 | j3=0/5(已冻结)
26-15-20-18 Ψ矩阵条件数 cond(Ψ) = 2.14e+01 | 累计|g| = 10.4951 | 有效walker n_valid = 3200
26-15-20-18 Loss=-3.205441 | E0=-1.04467766 | E1=-0.95487247|E2=-0.66318063|E3=-0.54679706
26-15-20-18 误差(Ha): e0=9.67e-03 | e1=3.03e-03 | e2=5.77e-03 | e3=4.60e-03
26-15-20-18 #-----------------------------------------#
26-15-20-18 [Step 106] logΨ: mean=2.382+0.435j
26-15-20-18 梯度监控 | raw=1.0653 | natural=0.1246 | clipped=0.1246(上限20.0) | t_grad=1ms t_qgt=4ms
26-15-20-18 冻结状态 | frozen_set=[3] | P_a/P=831/1108 | QGT=690561 | 本轮实际训练参数=831
26-15-20-18 连续达标轮数 | j0=0/5 | j1=0/5 | j2=0/5 | j3=0/5(已冻结)
26-15-20-18 Ψ矩阵条件数 cond(Ψ) = 2.17e+01 | 累计|g| = 10.4951 | 有效walker n_valid = 3200
26-15-20-18 Loss=-3.203478 | E0=-1.04469240 | E1=-0.95489768|E2=-0.66282633|E3=-0.54728448
26-15-20-18 误差(Ha): e0=9.66e-03 | e1=3.01e-03 | e2=6.13e-03 | e3=4.12e-03
26-15-20-18 #-----------------------------------------#
26-15-20-18 [Step 107] logΨ: mean=2.335+0.322j
26-15-20-18 梯度监控 | raw=1.9391 | natural=0.1113 | clipped=0.1113(上限20.0) | t_grad=1ms t_qgt=3ms
26-15-20-18 冻结状态 | frozen_set=[3] | P_a/P=831/1108 | QGT=690561 | 本轮实际训练参数=831
26-15-20-18 连续达标轮数 | j0=0/5 | j1=0/5 | j2=0/5 | j3=0/5(已冻结)
26-15-20-18 Ψ矩阵条件数 cond(Ψ) = 2.15e+01 | 累计|g| = 10.4951 | 有效walker n_valid = 3200
26-15-20-18 Loss=-3.204357 | E0=-1.04472702 | E1=-0.95472422|E2=-0.66274262|E3=-0.54745995
26-15-20-18 误差(Ha): e0=9.62e-03 | e1=3.18e-03 | e2=6.21e-03 | e3=3.94e-03
26-15-20-18 #-----------------------------------------#
26-15-20-18 [Step 108] logΨ: mean=2.497+0.335j
26-15-20-18 梯度监控 | raw=1.4906 | natural=0.0542 | clipped=0.0542(上限20.0) | t_grad=1ms t_qgt=3ms
26-15-20-18 冻结状态 | frozen_set=[3] | P_a/P=831/1108 | QGT=690561 | 本轮实际训练参数=831
26-15-20-18 连续达标轮数 | j0=0/5 | j1=0/5 | j2=0/5 | j3=0/5(已冻结)
26-15-20-18 Ψ矩阵条件数 cond(Ψ) = 2.14e+01 | 累计|g| = 10.4951 | 有效walker n_valid = 3200
26-15-20-18 Loss=-3.205703 | E0=-1.04467993 | E1=-0.95465091|E2=-0.66253620|E3=-0.54777229
26-15-20-18 误差(Ha): e0=9.67e-03 | e1=3.25e-03 | e2=6.42e-03 | e3=3.63e-03
26-15-20-18 #-----------------------------------------#
26-15-20-18 [Step 109] logΨ: mean=2.342+0.317j
26-15-20-18 梯度监控 | raw=1.4139 | natural=0.0939 | clipped=0.0939(上限20.0) | t_grad=1ms t_qgt=3ms
26-15-20-18 冻结状态 | frozen_set=[3] | P_a/P=831/1108 | QGT=690561 | 本轮实际训练参数=831
26-15-20-18 连续达标轮数 | j0=0/5 | j1=0/5 | j2=0/5 | j3=0/5(已冻结)
26-15-20-18 Ψ矩阵条件数 cond(Ψ) = 2.17e+01 | 累计|g| = 10.4951 | 有效walker n_valid = 3200
26-15-20-18 Loss=-3.205960 | E0=-1.04475565 | E1=-0.95468886|E2=-0.66211610|E3=-0.54795709
26-15-20-18 误差(Ha): e0=9.59e-03 | e1=3.22e-03 | e2=6.84e-03 | e3=3.44e-03
26-15-20-18 #-----------------------------------------#
26-15-20-18 [GaugeReset@110] 吸收 Δg = Σ Re(col_mean) = +19.0210 | 新|g| = 10.2196
26-15-20-18 [Step 110] logΨ: mean=3.042-0.144j
26-15-20-18 梯度监控 | raw=0.5774 | natural=0.0366 | clipped=0.0366(上限20.0) | t_grad=0ms t_qgt=2ms
26-15-20-18 冻结状态 | frozen_set=[3] | P_a/P=831/1108 | QGT=690561 | 本轮实际训练参数=831
26-15-20-18 连续达标轮数 | j0=0/5 | j1=0/5 | j2=0/5 | j3=0/5(已冻结)
26-15-20-18 Ψ矩阵条件数 cond(Ψ) = 2.95e+01 | 累计|g| = 10.2196 | 有效walker n_valid = 3200
26-15-20-18 Loss=-3.207466 | E0=-1.04462371 | E1=-0.95493926|E2=-0.66204958|E3=-0.54826419
26-15-20-18 误差(Ha): e0=9.72e-03 | e1=2.97e-03 | e2=6.90e-03 | e3=3.14e-03
26-15-20-18 #-----------------------------------------#
26-15-20-18 [Step 111] logΨ: mean=3.194-0.436j
26-15-20-18 梯度监控 | raw=0.9009 | natural=0.0583 | clipped=0.0583(上限20.0) | t_grad=1ms t_qgt=3ms
26-15-20-18 冻结状态 | frozen_set=[3] | P_a/P=831/1108 | QGT=690561 | 本轮实际训练参数=831
26-15-20-18 连续达标轮数 | j0=0/5 | j1=0/5 | j2=0/5 | j3=0/5(已冻结)
26-15-20-18 Ψ矩阵条件数 cond(Ψ) = 3.28e+01 | 累计|g| = 10.2196 | 有效walker n_valid = 3200
26-15-20-18 Loss=-3.205481 | E0=-1.04466758 | E1=-0.95461847|E2=-0.66139039|E3=-0.54840283
26-15-20-18 误差(Ha): e0=9.68e-03 | e1=3.29e-03 | e2=7.56e-03 | e3=3.00e-03
26-15-20-18 #-----------------------------------------#
26-15-20-18 [Step 112] logΨ: mean=4.462-0.885j
26-15-20-18 梯度监控 | raw=4.1427 | natural=0.4879 | clipped=0.4879(上限20.0) | t_grad=0ms t_qgt=2ms
26-15-20-18 冻结状态 | frozen_set=[3] | P_a/P=831/1108 | QGT=690561 | 本轮实际训练参数=831
26-15-20-18 连续达标轮数 | j0=0/5 | j1=0/5 | j2=0/5 | j3=0/5(已冻结)
26-15-20-18 Ψ矩阵条件数 cond(Ψ) = 4.26e+01 | 累计|g| = 10.2196 | 有效walker n_valid = 3200
26-15-20-18 Loss=-3.180947 | E0=-1.04596056 | E1=-0.95307823|E2=-0.66274817|E3=-0.54174803
26-15-20-18 误差(Ha): e0=8.39e-03 | e1=4.83e-03 | e2=6.20e-03 | e3=9.65e-03
26-15-20-18 #-----------------------------------------#
26-15-20-18 [Step 113] logΨ: mean=4.183-0.923j
26-15-20-18 梯度监控 | raw=4.2708 | natural=0.0937 | clipped=0.0937(上限20.0) | t_grad=1ms t_qgt=2ms
26-15-20-18 冻结状态 | frozen_set=[3] | P_a/P=831/1108 | QGT=690561 | 本轮实际训练参数=831
26-15-20-18 连续达标轮数 | j0=0/5 | j1=0/5 | j2=0/5 | j3=0/5(已冻结)
26-15-20-18 Ψ矩阵条件数 cond(Ψ) = 1.86e+01 | 累计|g| = 10.2196 | 有效walker n_valid = 3200
26-15-20-18 Loss=-3.166222 | E0=-1.04608185 | E1=-0.95343025|E2=-0.66241831|E3=-0.54206318
26-15-20-18 误差(Ha): e0=8.27e-03 | e1=4.48e-03 | e2=6.53e-03 | e3=9.34e-03
26-15-20-18 #-----------------------------------------#
26-15-20-18 [Step 114] logΨ: mean=3.981-0.559j
26-15-20-18 梯度监控 | raw=3.5640 | natural=0.2041 | clipped=0.2041(上限20.0) | t_grad=1ms t_qgt=2ms
26-15-20-18 冻结状态 | frozen_set=[3] | P_a/P=831/1108 | QGT=690561 | 本轮实际训练参数=831
26-15-20-18 连续达标轮数 | j0=0/5 | j1=0/5 | j2=0/5 | j3=0/5(已冻结)
26-15-20-18 Ψ矩阵条件数 cond(Ψ) = 1.65e+01 | 累计|g| = 10.2196 | 有效walker n_valid = 3200
26-15-20-18 Loss=-3.174835 | E0=-1.04584653 | E1=-0.95370349|E2=-0.66263958|E3=-0.54231022
26-15-20-18 误差(Ha): e0=8.50e-03 | e1=4.20e-03 | e2=6.31e-03 | e3=9.09e-03
26-15-20-18 #-----------------------------------------#
26-15-20-18 [Step 115] logΨ: mean=4.005+0.091j
26-15-20-18 梯度监控 | raw=3.5752 | natural=0.1132 | clipped=0.1132(上限20.0) | t_grad=0ms t_qgt=3ms
26-15-20-18 冻结状态 | frozen_set=[3] | P_a/P=831/1108 | QGT=690561 | 本轮实际训练参数=831
26-15-20-18 连续达标轮数 | j0=0/5 | j1=0/5 | j2=0/5 | j3=0/5(已冻结)
26-15-20-18 Ψ矩阵条件数 cond(Ψ) = 1.69e+01 | 累计|g| = 10.2196 | 有效walker n_valid = 3200
26-15-20-18 Loss=-3.177099 | E0=-1.04557724 | E1=-0.95411408|E2=-0.66213295|E3=-0.54309075
26-15-20-18 误差(Ha): e0=8.77e-03 | e1=3.79e-03 | e2=6.82e-03 | e3=8.31e-03
26-15-20-18 #-----------------------------------------#
26-15-20-18 [Step 116] logΨ: mean=4.023-0.129j
26-15-20-18 梯度监控 | raw=3.8419 | natural=0.0675 | clipped=0.0675(上限20.0) | t_grad=0ms t_qgt=5ms
26-15-20-18 冻结状态 | frozen_set=[3] | P_a/P=831/1108 | QGT=690561 | 本轮实际训练参数=831
26-15-20-18 连续达标轮数 | j0=0/5 | j1=0/5 | j2=0/5 | j3=0/5(已冻结)
26-15-20-18 Ψ矩阵条件数 cond(Ψ) = 1.85e+01 | 累计|g| = 10.2196 | 有效walker n_valid = 3200
26-15-20-18 Loss=-3.185921 | E0=-1.04550581 | E1=-0.95406809|E2=-0.66160621|E3=-0.54380757
26-15-20-18 误差(Ha): e0=8.84e-03 | e1=3.84e-03 | e2=7.35e-03 | e3=7.59e-03
26-15-20-18 #-----------------------------------------#
26-15-20-18 [Step 117] logΨ: mean=3.996-0.659j
26-15-20-18 梯度监控 | raw=3.4584 | natural=0.0541 | clipped=0.0541(上限20.0) | t_grad=0ms t_qgt=5ms
26-15-20-18 冻结状态 | frozen_set=[3] | P_a/P=831/1108 | QGT=690561 | 本轮实际训练参数=831
26-15-20-18 连续达标轮数 | j0=0/5 | j1=0/5 | j2=0/5 | j3=0/5(已冻结)
26-15-20-18 Ψ矩阵条件数 cond(Ψ) = 1.97e+01 | 累计|g| = 10.2196 | 有效walker n_valid = 3200
26-15-20-18 Loss=-3.192294 | E0=-1.04551314 | E1=-0.95407748|E2=-0.66121078|E3=-0.54426386
26-15-20-18 误差(Ha): e0=8.83e-03 | e1=3.83e-03 | e2=7.74e-03 | e3=7.14e-03
26-15-20-18 #-----------------------------------------#
26-15-20-18 [Step 118] logΨ: mean=4.051-0.582j
26-15-20-18 梯度监控 | raw=1.8104 | natural=0.0438 | clipped=0.0438(上限20.0) | t_grad=1ms t_qgt=3ms
26-15-20-18 冻结状态 | frozen_set=[3] | P_a/P=831/1108 | QGT=690561 | 本轮实际训练参数=831
26-15-20-18 连续达标轮数 | j0=0/5 | j1=0/5 | j2=0/5 | j3=0/5(已冻结)
26-15-20-18 Ψ矩阵条件数 cond(Ψ) = 1.98e+01 | 累计|g| = 10.2196 | 有效walker n_valid = 3200
26-15-20-18 Loss=-3.194064 | E0=-1.04528208 | E1=-0.95438275|E2=-0.66074798|E3=-0.54511091
26-15-20-18 误差(Ha): e0=9.07e-03 | e1=3.52e-03 | e2=8.20e-03 | e3=6.29e-03
26-15-20-18 #-----------------------------------------#
26-15-20-18 [Step 119] logΨ: mean=3.992-0.273j
26-15-20-18 梯度监控 | raw=2.2373 | natural=0.0520 | clipped=0.0520(上限20.0) | t_grad=0ms t_qgt=5ms
26-15-20-18 冻结状态 | frozen_set=[3] | P_a/P=831/1108 | QGT=690561 | 本轮实际训练参数=831
26-15-20-18 连续达标轮数 | j0=0/5 | j1=0/5 | j2=0/5 | j3=0/5(已冻结)
26-15-20-18 Ψ矩阵条件数 cond(Ψ) = 1.80e+01 | 累计|g| = 10.2196 | 有效walker n_valid = 3200
26-15-20-18 Loss=-3.201696 | E0=-1.04516156 | E1=-0.95446580|E2=-0.66082767|E3=-0.54507905
26-15-20-18 误差(Ha): e0=9.19e-03 | e1=3.44e-03 | e2=8.12e-03 | e3=6.32e-03
26-15-20-18 #-----------------------------------------#
26-15-20-18 [保存] Step 119 → pickle 已更新 (120 条记录)
26-15-20-18 [GaugeReset@120] 吸收 Δg = Σ Re(col_mean) = +19.2420 | 新|g| = 10.3887
26-15-20-18 [Step 120] logΨ: mean=3.629-0.304j
26-15-20-18 梯度监控 | raw=2.8683 | natural=0.0991 | clipped=0.0991(上限20.0) | t_grad=1ms t_qgt=3ms
26-15-20-18 冻结状态 | frozen_set=[3] | P_a/P=831/1108 | QGT=690561 | 本轮实际训练参数=831
26-15-20-18 连续达标轮数 | j0=0/5 | j1=0/5 | j2=0/5 | j3=0/5(已冻结)
26-15-20-18 Ψ矩阵条件数 cond(Ψ) = 1.86e+01 | 累计|g| = 10.3887 | 有效walker n_valid = 3200
26-15-20-18 Loss=-3.191231 | E0=-1.04505249 | E1=-0.95437238|E2=-0.66056644|E3=-0.54515770
26-15-20-18 误差(Ha): e0=9.29e-03 | e1=3.53e-03 | e2=8.39e-03 | e3=6.24e-03
26-15-20-18 #-----------------------------------------#
26-15-20-18 [Step 121] logΨ: mean=3.559-0.014j
26-15-20-18 梯度监控 | raw=2.5700 | natural=0.0729 | clipped=0.0729(上限20.0) | t_grad=1ms t_qgt=2ms
26-15-20-18 冻结状态 | frozen_set=[3] | P_a/P=831/1108 | QGT=690561 | 本轮实际训练参数=831
26-15-20-18 连续达标轮数 | j0=0/5 | j1=0/5 | j2=0/5 | j3=0/5(已冻结)
26-15-20-18 Ψ矩阵条件数 cond(Ψ) = 1.99e+01 | 累计|g| = 10.3887 | 有效walker n_valid = 3200
26-15-20-18 Loss=-3.197362 | E0=-1.04508149 | E1=-0.95421356|E2=-0.66055397|E3=-0.54560042
26-15-20-18 误差(Ha): e0=9.27e-03 | e1=3.69e-03 | e2=8.40e-03 | e3=5.80e-03
26-15-20-18 #-----------------------------------------#
26-15-20-18 [Step 122] logΨ: mean=3.519+0.162j
26-15-20-18 梯度监控 | raw=1.4930 | natural=0.0399 | clipped=0.0399(上限20.0) | t_grad=0ms t_qgt=3ms
26-15-20-18 冻结状态 | frozen_set=[3] | P_a/P=831/1108 | QGT=690561 | 本轮实际训练参数=831
26-15-20-18 连续达标轮数 | j0=0/5 | j1=0/5 | j2=0/5 | j3=0/5(已冻结)
26-15-20-18 Ψ矩阵条件数 cond(Ψ) = 2.14e+01 | 累计|g| = 10.3887 | 有效walker n_valid = 3200
26-15-20-18 Loss=-3.205629 | E0=-1.04498693 | E1=-0.95376684|E2=-0.66022965|E3=-0.54592487
26-15-20-18 误差(Ha): e0=9.36e-03 | e1=4.14e-03 | e2=8.72e-03 | e3=5.48e-03
26-15-20-18 #-----------------------------------------#
26-15-20-18 [Step 123] logΨ: mean=3.461-0.166j
26-15-20-18 梯度监控 | raw=1.3186 | natural=0.0529 | clipped=0.0529(上限20.0) | t_grad=0ms t_qgt=2ms
26-15-20-18 冻结状态 | frozen_set=[3] | P_a/P=831/1108 | QGT=690561 | 本轮实际训练参数=831
26-15-20-18 连续达标轮数 | j0=0/5 | j1=0/5 | j2=0/5 | j3=0/5(已冻结)
26-15-20-18 Ψ矩阵条件数 cond(Ψ) = 2.38e+01 | 累计|g| = 10.3887 | 有效walker n_valid = 3200
26-15-20-18 Loss=-3.202091 | E0=-1.04486431 | E1=-0.95369179|E2=-0.66029946|E3=-0.54632812
26-15-20-18 误差(Ha): e0=9.48e-03 | e1=4.21e-03 | e2=8.65e-03 | e3=5.07e-03
26-15-20-18 #-----------------------------------------#
26-15-20-18 [Step 124] logΨ: mean=3.235-0.342j
26-15-20-18 梯度监控 | raw=1.5786 | natural=0.1649 | clipped=0.1649(上限20.0) | t_grad=0ms t_qgt=3ms
26-15-20-18 冻结状态 | frozen_set=[3] | P_a/P=831/1108 | QGT=690561 | 本轮实际训练参数=831
26-15-20-18 连续达标轮数 | j0=0/5 | j1=0/5 | j2=0/5 | j3=0/5(已冻结)
26-15-20-18 Ψ矩阵条件数 cond(Ψ) = 2.24e+01 | 累计|g| = 10.3887 | 有效walker n_valid = 3200
26-15-20-18 Loss=-3.199038 | E0=-1.04491703 | E1=-0.95328148|E2=-0.66092453|E3=-0.54639030
26-15-20-18 误差(Ha): e0=9.43e-03 | e1=4.62e-03 | e2=8.03e-03 | e3=5.01e-03
26-15-20-18 #-----------------------------------------#
26-15-20-18 [Step 125] logΨ: mean=3.361-0.137j
26-15-20-18 梯度监控 | raw=2.1210 | natural=0.0430 | clipped=0.0430(上限20.0) | t_grad=0ms t_qgt=3ms
26-15-20-18 冻结状态 | frozen_set=[3] | P_a/P=831/1108 | QGT=690561 | 本轮实际训练参数=831
26-15-20-18 连续达标轮数 | j0=0/5 | j1=0/5 | j2=0/5 | j3=0/5(已冻结)
26-15-20-18 Ψ矩阵条件数 cond(Ψ) = 2.22e+01 | 累计|g| = 10.3887 | 有效walker n_valid = 3200
26-15-20-18 Loss=-3.200556 | E0=-1.04486280 | E1=-0.95320270|E2=-0.66087726|E3=-0.54646925
26-15-20-18 误差(Ha): e0=9.48e-03 | e1=4.70e-03 | e2=8.08e-03 | e3=4.93e-03
26-15-20-18 #-----------------------------------------#
26-15-20-18 [Step 126] logΨ: mean=3.329+0.151j
26-15-20-18 梯度监控 | raw=1.0460 | natural=0.0388 | clipped=0.0388(上限20.0) | t_grad=1ms t_qgt=3ms
26-15-20-18 冻结状态 | frozen_set=[3] | P_a/P=831/1108 | QGT=690561 | 本轮实际训练参数=831
26-15-20-18 连续达标轮数 | j0=0/5 | j1=0/5 | j2=0/5 | j3=0/5(已冻结)
26-15-20-18 Ψ矩阵条件数 cond(Ψ) = 2.34e+01 | 累计|g| = 10.3887 | 有效walker n_valid = 3200
26-15-20-18 Loss=-3.205950 | E0=-1.04483534 | E1=-0.95311699|E2=-0.66075314|E3=-0.54689445
26-15-20-18 误差(Ha): e0=9.51e-03 | e1=4.79e-03 | e2=8.20e-03 | e3=4.51e-03
26-15-20-18 #-----------------------------------------#
26-15-20-18 [Step 127] logΨ: mean=3.278-0.040j
26-15-20-18 梯度监控 | raw=2.9721 | natural=0.0605 | clipped=0.0605(上限20.0) | t_grad=0ms t_qgt=4ms
26-15-20-18 冻结状态 | frozen_set=[3] | P_a/P=831/1108 | QGT=690561 | 本轮实际训练参数=831
26-15-20-18 连续达标轮数 | j0=0/5 | j1=0/5 | j2=0/5 | j3=0/5(已冻结)
26-15-20-18 Ψ矩阵条件数 cond(Ψ) = 2.44e+01 | 累计|g| = 10.3887 | 有效walker n_valid = 3200
26-15-20-18 Loss=-3.200271 | E0=-1.04479110 | E1=-0.95307334|E2=-0.66037730|E3=-0.54737707
26-15-20-18 误差(Ha): e0=9.56e-03 | e1=4.83e-03 | e2=8.57e-03 | e3=4.02e-03
26-15-20-18 #-----------------------------------------#
26-15-20-18 [Step 128] logΨ: mean=3.000-0.119j
26-15-20-18 梯度监控 | raw=5.0512 | natural=0.0868 | clipped=0.0868(上限20.0) | t_grad=1ms t_qgt=2ms
26-15-20-18 冻结状态 | frozen_set=[3] | P_a/P=831/1108 | QGT=690561 | 本轮实际训练参数=831
26-15-20-18 连续达标轮数 | j0=0/5 | j1=0/5 | j2=0/5 | j3=0/5(已冻结)
26-15-20-18 Ψ矩阵条件数 cond(Ψ) = 2.66e+01 | 累计|g| = 10.3887 | 有效walker n_valid = 3200
26-15-20-18 Loss=-3.216869 | E0=-1.04480059 | E1=-0.95329949|E2=-0.66062219|E3=-0.54767857
26-15-20-18 误差(Ha): e0=9.55e-03 | e1=4.61e-03 | e2=8.33e-03 | e3=3.72e-03
26-15-20-18 #-----------------------------------------#
26-15-20-18 [Step 129] logΨ: mean=3.123+0.261j
26-15-20-18 梯度监控 | raw=2.7575 | natural=0.0948 | clipped=0.0948(上限20.0) | t_grad=0ms t_qgt=3ms
26-15-20-18 冻结状态 | frozen_set=[3] | P_a/P=831/1108 | QGT=690561 | 本轮实际训练参数=831
26-15-20-18 连续达标轮数 | j0=0/5 | j1=0/5 | j2=0/5 | j3=0/5(已冻结)
26-15-20-18 Ψ矩阵条件数 cond(Ψ) = 2.77e+01 | 累计|g| = 10.3887 | 有效walker n_valid = 3200
26-15-20-18 Loss=-3.209813 | E0=-1.04472159 | E1=-0.95338593|E2=-0.66063335|E3=-0.54785407
26-15-20-18 误差(Ha): e0=9.63e-03 | e1=4.52e-03 | e2=8.32e-03 | e3=3.55e-03
26-15-20-18 #-----------------------------------------#
26-15-20-18 [GaugeReset@130] 吸收 Δg = Σ Re(col_mean) = +19.1015 | 新|g| = 10.2670
26-15-20-18 [Step 130] logΨ: mean=3.582+0.525j
26-15-20-18 梯度监控 | raw=0.3372 | natural=0.0330 | clipped=0.0330(上限20.0) | t_grad=1ms t_qgt=3ms
26-15-20-18 冻结状态 | frozen_set=[3] | P_a/P=831/1108 | QGT=690561 | 本轮实际训练参数=831
26-15-20-18 连续达标轮数 | j0=0/5 | j1=0/5 | j2=0/5 | j3=0/5(已冻结)
26-15-20-18 Ψ矩阵条件数 cond(Ψ) = 2.68e+01 | 累计|g| = 10.2670 | 有效walker n_valid = 3200
26-15-20-18 Loss=-3.204901 | E0=-1.04463994 | E1=-0.95312090|E2=-0.66029750|E3=-0.54791570
26-15-20-18 误差(Ha): e0=9.71e-03 | e1=4.78e-03 | e2=8.65e-03 | e3=3.49e-03
26-15-20-18 #-----------------------------------------#
26-15-20-18 [Step 131] logΨ: mean=3.774+0.219j
26-15-20-18 梯度监控 | raw=0.6414 | natural=0.0280 | clipped=0.0280(上限20.0) | t_grad=0ms t_qgt=2ms
26-15-20-18 冻结状态 | frozen_set=[3] | P_a/P=831/1108 | QGT=690561 | 本轮实际训练参数=831
26-15-20-18 连续达标轮数 | j0=0/5 | j1=0/5 | j2=0/5 | j3=0/5(已冻结)
26-15-20-18 Ψ矩阵条件数 cond(Ψ) = 2.86e+01 | 累计|g| = 10.2670 | 有效walker n_valid = 3200
26-15-20-18 Loss=-3.205554 | E0=-1.04459333 | E1=-0.95302927|E2=-0.66005418|E3=-0.54871129
26-15-20-18 误差(Ha): e0=9.75e-03 | e1=4.88e-03 | e2=8.90e-03 | e3=2.69e-03
26-15-20-18 #-----------------------------------------#
26-15-20-18 [Step 132] logΨ: mean=3.549+0.289j
26-15-20-18 梯度监控 | raw=5.0158 | natural=0.1567 | clipped=0.1567(上限20.0) | t_grad=0ms t_qgt=3ms
26-15-20-18 冻结状态 | frozen_set=[3] | P_a/P=831/1108 | QGT=690561 | 本轮实际训练参数=831
26-15-20-18 连续达标轮数 | j0=0/5 | j1=0/5 | j2=0/5 | j3=0/5(已冻结)
26-15-20-18 Ψ矩阵条件数 cond(Ψ) = 3.01e+01 | 累计|g| = 10.2670 | 有效walker n_valid = 3200
26-15-20-18 Loss=-3.209233 | E0=-1.04468354 | E1=-0.95324536|E2=-0.66017273|E3=-0.54858622
26-15-20-18 误差(Ha): e0=9.66e-03 | e1=4.66e-03 | e2=8.78e-03 | e3=2.82e-03
26-15-20-18 #-----------------------------------------#
26-15-20-18 [Step 133] logΨ: mean=3.720+0.200j
26-15-20-18 梯度监控 | raw=0.3387 | natural=0.0335 | clipped=0.0335(上限20.0) | t_grad=0ms t_qgt=2ms
26-15-20-18 冻结状态 | frozen_set=[3] | P_a/P=831/1108 | QGT=690561 | 本轮实际训练参数=831
26-15-20-18 连续达标轮数 | j0=0/5 | j1=0/5 | j2=0/5 | j3=0/5(已冻结)
26-15-20-18 Ψ矩阵条件数 cond(Ψ) = 2.69e+01 | 累计|g| = 10.2670 | 有效walker n_valid = 3200
26-15-20-18 Loss=-3.204741 | E0=-1.04458957 | E1=-0.95316672|E2=-0.66036259|E3=-0.54696116
26-15-20-18 误差(Ha): e0=9.76e-03 | e1=4.74e-03 | e2=8.59e-03 | e3=4.44e-03
26-15-20-18 #-----------------------------------------#
26-15-20-18 [Step 134] logΨ: mean=3.665+0.146j
26-15-20-18 梯度监控 | raw=0.5575 | natural=0.0300 | clipped=0.0300(上限20.0) | t_grad=1ms t_qgt=3ms
26-15-20-18 冻结状态 | frozen_set=[3] | P_a/P=831/1108 | QGT=690561 | 本轮实际训练参数=831
26-15-20-18 连续达标轮数 | j0=0/5 | j1=0/5 | j2=0/5 | j3=0/5(已冻结)
26-15-20-18 Ψ矩阵条件数 cond(Ψ) = 2.84e+01 | 累计|g| = 10.2670 | 有效walker n_valid = 3200
26-15-20-18 Loss=-3.206936 | E0=-1.04459760 | E1=-0.95321374|E2=-0.66020044|E3=-0.54718950
26-15-20-18 误差(Ha): e0=9.75e-03 | e1=4.69e-03 | e2=8.75e-03 | e3=4.21e-03
26-15-20-18 #-----------------------------------------#
26-15-20-18 [Step 135] logΨ: mean=3.704+0.205j
26-15-20-18 梯度监控 | raw=0.1346 | natural=0.0150 | clipped=0.0150(上限20.0) | t_grad=0ms t_qgt=3ms
26-15-20-18 冻结状态 | frozen_set=[3] | P_a/P=831/1108 | QGT=690561 | 本轮实际训练参数=831
26-15-20-18 连续达标轮数 | j0=0/5 | j1=0/5 | j2=0/5 | j3=0/5(已冻结)
26-15-20-18 Ψ矩阵条件数 cond(Ψ) = 3.07e+01 | 累计|g| = 10.2670 | 有效walker n_valid = 3200
26-15-20-18 Loss=-3.205054 | E0=-1.04454854 | E1=-0.95324395|E2=-0.66013255|E3=-0.54788945
26-15-20-18 误差(Ha): e0=9.80e-03 | e1=4.66e-03 | e2=8.82e-03 | e3=3.51e-03
26-15-20-18 #-----------------------------------------#
26-15-20-18 [Step 136] logΨ: mean=3.612+0.224j
26-15-20-18 梯度监控 | raw=0.4672 | natural=0.0279 | clipped=0.0279(上限20.0) | t_grad=0ms t_qgt=2ms
26-15-20-18 冻结状态 | frozen_set=[3] | P_a/P=831/1108 | QGT=690561 | 本轮实际训练参数=831
26-15-20-18 连续达标轮数 | j0=0/5 | j1=0/5 | j2=0/5 | j3=0/5(已冻结)
26-15-20-18 Ψ矩阵条件数 cond(Ψ) = 2.88e+01 | 累计|g| = 10.2670 | 有效walker n_valid = 3200
26-15-20-18 Loss=-3.205856 | E0=-1.04453874 | E1=-0.95336933|E2=-0.66009409|E3=-0.54756916
26-15-20-18 误差(Ha): e0=9.81e-03 | e1=4.54e-03 | e2=8.86e-03 | e3=3.83e-03
26-15-20-18 #-----------------------------------------#
26-15-20-18 [Step 137] logΨ: mean=3.430+0.355j
26-15-20-18 梯度监控 | raw=1.3852 | natural=0.1501 | clipped=0.1501(上限20.0) | t_grad=0ms t_qgt=3ms
26-15-20-18 冻结状态 | frozen_set=[3] | P_a/P=831/1108 | QGT=690561 | 本轮实际训练参数=831
26-15-20-18 连续达标轮数 | j0=0/5 | j1=0/5 | j2=0/5 | j3=0/5(已冻结)
26-15-20-18 Ψ矩阵条件数 cond(Ψ) = 2.89e+01 | 累计|g| = 10.2670 | 有效walker n_valid = 3200
26-15-20-18 Loss=-3.207008 | E0=-1.04453225 | E1=-0.95370157|E2=-0.66023290|E3=-0.54760026
26-15-20-18 误差(Ha): e0=9.82e-03 | e1=4.20e-03 | e2=8.72e-03 | e3=3.80e-03
26-15-20-18 #-----------------------------------------#
26-15-20-18 [Step 138] logΨ: mean=3.520+0.034j
26-15-20-18 梯度监控 | raw=0.9499 | natural=0.0948 | clipped=0.0948(上限20.0) | t_grad=0ms t_qgt=2ms
26-15-20-18 冻结状态 | frozen_set=[3] | P_a/P=831/1108 | QGT=690561 | 本轮实际训练参数=831
26-15-20-18 连续达标轮数 | j0=0/5 | j1=0/5 | j2=0/5 | j3=0/5(已冻结)
26-15-20-18 Ψ矩阵条件数 cond(Ψ) = 2.63e+01 | 累计|g| = 10.2670 | 有效walker n_valid = 3200
26-15-20-18 Loss=-3.203077 | E0=-1.04460977 | E1=-0.95366984|E2=-0.66022869|E3=-0.54684194
26-15-20-18 误差(Ha): e0=9.74e-03 | e1=4.24e-03 | e2=8.72e-03 | e3=4.56e-03
26-15-20-18 #-----------------------------------------#
26-15-20-18 [Step 139] logΨ: mean=3.522-0.183j
26-15-20-18 梯度监控 | raw=1.7540 | natural=0.0489 | clipped=0.0489(上限20.0) | t_grad=0ms t_qgt=3ms
26-15-20-18 冻结状态 | frozen_set=[3] | P_a/P=831/1108 | QGT=690561 | 本轮实际训练参数=831
26-15-20-18 连续达标轮数 | j0=0/5 | j1=0/5 | j2=0/5 | j3=0/5(已冻结)
26-15-20-18 Ψ矩阵条件数 cond(Ψ) = 2.73e+01 | 累计|g| = 10.2670 | 有效walker n_valid = 3200
26-15-20-18 Loss=-3.207585 | E0=-1.04454490 | E1=-0.95369702|E2=-0.66020928|E3=-0.54734674
26-15-20-18 误差(Ha): e0=9.80e-03 | e1=4.21e-03 | e2=8.74e-03 | e3=4.06e-03
26-15-20-18 #-----------------------------------------#
26-15-20-18 [保存] Step 139 → pickle 已更新 (140 条记录)
26-15-20-18 [GaugeReset@140] 吸收 Δg = Σ Re(col_mean) = +19.3177 | 新|g| = 10.3566
26-15-20-18 [Step 140] logΨ: mean=3.237-0.467j
26-15-20-18 梯度监控 | raw=2.0970 | natural=0.1809 | clipped=0.1809(上限20.0) | t_grad=0ms t_qgt=5ms
26-15-20-18 冻结状态 | frozen_set=[3] | P_a/P=831/1108 | QGT=690561 | 本轮实际训练参数=831
26-15-20-18 连续达标轮数 | j0=0/5 | j1=0/5 | j2=0/5 | j3=0/5(已冻结)
26-15-20-18 Ψ矩阵条件数 cond(Ψ) = 2.50e+01 | 累计|g| = 10.3566 | 有效walker n_valid = 3200
26-15-20-18 Loss=-3.206298 | E0=-1.04456486 | E1=-0.95347423|E2=-0.65992242|E3=-0.54753239
26-15-20-18 误差(Ha): e0=9.78e-03 | e1=4.43e-03 | e2=9.03e-03 | e3=3.87e-03
26-15-20-18 #-----------------------------------------#
26-15-20-18 [Step 141] logΨ: mean=2.890-0.560j
26-15-20-18 梯度监控 | raw=3.0085 | natural=0.3490 | clipped=0.3490(上限20.0) | t_grad=1ms t_qgt=4ms
26-15-20-18 冻结状态 | frozen_set=[3] | P_a/P=831/1108 | QGT=690561 | 本轮实际训练参数=831
26-15-20-18 连续达标轮数 | j0=0/5 | j1=0/5 | j2=0/5 | j3=0/5(已冻结)
26-15-20-18 Ψ矩阵条件数 cond(Ψ) = 2.48e+01 | 累计|g| = 10.3566 | 有效walker n_valid = 3200
26-15-20-18 Loss=-3.202784 | E0=-1.04459283 | E1=-0.95386393|E2=-0.66112228|E3=-0.54785454
26-15-20-18 误差(Ha): e0=9.75e-03 | e1=4.04e-03 | e2=7.83e-03 | e3=3.55e-03
26-15-20-18 #-----------------------------------------#
26-15-20-18 [Step 142] logΨ: mean=2.773-0.047j
26-15-20-18 梯度监控 | raw=1.7353 | natural=0.4972 | clipped=0.4972(上限20.0) | t_grad=1ms t_qgt=2ms
26-15-20-18 冻结状态 | frozen_set=[3] | P_a/P=831/1108 | QGT=690561 | 本轮实际训练参数=831
26-15-20-18 连续达标轮数 | j0=0/5 | j1=0/5 | j2=0/5 | j3=0/5(已冻结)
26-15-20-18 Ψ矩阵条件数 cond(Ψ) = 2.06e+01 | 累计|g| = 10.3566 | 有效walker n_valid = 3200
26-15-20-18 Loss=-3.208070 | E0=-1.04483094 | E1=-0.95331881|E2=-0.66124306|E3=-0.54703341
26-15-20-18 误差(Ha): e0=9.52e-03 | e1=4.59e-03 | e2=7.71e-03 | e3=4.37e-03
26-15-20-18 #-----------------------------------------#
26-15-20-18 [Step 143] logΨ: mean=2.777+0.292j
26-15-20-18 梯度监控 | raw=1.3494 | natural=0.0651 | clipped=0.0651(上限20.0) | t_grad=1ms t_qgt=2ms
26-15-20-18 冻结状态 | frozen_set=[3] | P_a/P=831/1108 | QGT=690561 | 本轮实际训练参数=831
26-15-20-18 连续达标轮数 | j0=0/5 | j1=0/5 | j2=0/5 | j3=0/5(已冻结)
26-15-20-18 Ψ矩阵条件数 cond(Ψ) = 2.14e+01 | 累计|g| = 10.3566 | 有效walker n_valid = 3200
26-15-20-18 Loss=-3.203282 | E0=-1.04485913 | E1=-0.95350522|E2=-0.66135221|E3=-0.54695901
26-15-20-18 误差(Ha): e0=9.49e-03 | e1=4.40e-03 | e2=7.60e-03 | e3=4.44e-03
26-15-20-18 #-----------------------------------------#
26-15-20-19 [Step 144] logΨ: mean=3.098+0.153j
26-15-20-19 梯度监控 | raw=1.4123 | natural=0.0866 | clipped=0.0866(上限20.0) | t_grad=0ms t_qgt=4ms
26-15-20-19 冻结状态 | frozen_set=[3] | P_a/P=831/1108 | QGT=690561 | 本轮实际训练参数=831
26-15-20-19 连续达标轮数 | j0=0/5 | j1=0/5 | j2=0/5 | j3=0/5(已冻结)
26-15-20-19 Ψ矩阵条件数 cond(Ψ) = 1.96e+01 | 累计|g| = 10.3566 | 有效walker n_valid = 3200
26-15-20-19 Loss=-3.199298 | E0=-1.04479274 | E1=-0.95309239|E2=-0.66095208|E3=-0.54635719
26-15-20-19 误差(Ha): e0=9.55e-03 | e1=4.81e-03 | e2=8.00e-03 | e3=5.04e-03
26-15-20-19 #-----------------------------------------#
26-15-20-19 [Step 145] logΨ: mean=3.092+0.408j
26-15-20-19 梯度监控 | raw=1.4236 | natural=0.0478 | clipped=0.0478(上限20.0) | t_grad=1ms t_qgt=3ms
26-15-20-19 冻结状态 | frozen_set=[3] | P_a/P=831/1108 | QGT=690561 | 本轮实际训练参数=831
26-15-20-19 连续达标轮数 | j0=0/5 | j1=0/5 | j2=0/5 | j3=0/5(已冻结)
26-15-20-19 Ψ矩阵条件数 cond(Ψ) = 2.02e+01 | 累计|g| = 10.3566 | 有效walker n_valid = 3200
26-15-20-19 Loss=-3.203768 | E0=-1.04476278 | E1=-0.95317173|E2=-0.66089100|E3=-0.54672401
26-15-20-19 误差(Ha): e0=9.58e-03 | e1=4.73e-03 | e2=8.06e-03 | e3=4.68e-03
26-15-20-19 #-----------------------------------------#
26-15-20-19 [Step 146] logΨ: mean=3.091+0.500j
26-15-20-19 梯度监控 | raw=2.4393 | natural=0.0396 | clipped=0.0396(上限20.0) | t_grad=0ms t_qgt=2ms
26-15-20-19 冻结状态 | frozen_set=[3] | P_a/P=831/1108 | QGT=690561 | 本轮实际训练参数=831
26-15-20-19 连续达标轮数 | j0=0/5 | j1=0/5 | j2=0/5 | j3=0/5(已冻结)
26-15-20-19 Ψ矩阵条件数 cond(Ψ) = 2.06e+01 | 累计|g| = 10.3566 | 有效walker n_valid = 3200
26-15-20-19 Loss=-3.211525 | E0=-1.04485592 | E1=-0.95300158|E2=-0.66055195|E3=-0.54706992
26-15-20-19 误差(Ha): e0=9.49e-03 | e1=4.90e-03 | e2=8.40e-03 | e3=4.33e-03
26-15-20-19 #-----------------------------------------#
26-15-20-19 [Step 147] logΨ: mean=2.929+0.337j
26-15-20-19 梯度监控 | raw=9.0367 | natural=0.0946 | clipped=0.0946(上限20.0) | t_grad=0ms t_qgt=3ms
26-15-20-19 冻结状态 | frozen_set=[3] | P_a/P=831/1108 | QGT=690561 | 本轮实际训练参数=831
26-15-20-19 连续达标轮数 | j0=0/5 | j1=0/5 | j2=0/5 | j3=0/5(已冻结)
26-15-20-19 Ψ矩阵条件数 cond(Ψ) = 2.17e+01 | 累计|g| = 10.3566 | 有效walker n_valid = 3200
26-15-20-19 Loss=-3.202923 | E0=-1.04475178 | E1=-0.95331656|E2=-0.66059922|E3=-0.54745949
26-15-20-19 误差(Ha): e0=9.60e-03 | e1=4.59e-03 | e2=8.35e-03 | e3=3.94e-03
26-15-20-19 #-----------------------------------------#
26-15-20-19 [Step 148] logΨ: mean=2.681+0.347j
26-15-20-19 梯度监控 | raw=2.5666 | natural=0.2877 | clipped=0.2877(上限20.0) | t_grad=0ms t_qgt=2ms
26-15-20-19 冻结状态 | frozen_set=[3] | P_a/P=831/1108 | QGT=690561 | 本轮实际训练参数=831
26-15-20-19 连续达标轮数 | j0=0/5 | j1=0/5 | j2=0/5 | j3=0/5(已冻结)
26-15-20-19 Ψ矩阵条件数 cond(Ψ) = 2.12e+01 | 累计|g| = 10.3566 | 有效walker n_valid = 3200
26-15-20-19 Loss=-3.215498 | E0=-1.04471272 | E1=-0.95381923|E2=-0.66141747|E3=-0.54766118
26-15-20-19 误差(Ha): e0=9.63e-03 | e1=4.09e-03 | e2=7.53e-03 | e3=3.74e-03
26-15-20-19 #-----------------------------------------#
26-15-20-19 [Step 149] logΨ: mean=2.810-0.025j
26-15-20-19 梯度监控 | raw=3.6962 | natural=0.1945 | clipped=0.1945(上限20.0) | t_grad=0ms t_qgt=3ms
26-15-20-19 冻结状态 | frozen_set=[3] | P_a/P=831/1108 | QGT=690561 | 本轮实际训练参数=831
26-15-20-19 连续达标轮数 | j0=0/5 | j1=0/5 | j2=0/5 | j3=0/5(已冻结)
26-15-20-19 Ψ矩阵条件数 cond(Ψ) = 3.62e+01 | 累计|g| = 10.3566 | 有效walker n_valid = 3200
26-15-20-19 Loss=-3.207282 | E0=-1.04468504 | E1=-0.95375262|E2=-0.66190071|E3=-0.54775170
26-15-20-19 误差(Ha): e0=9.66e-03 | e1=4.15e-03 | e2=7.05e-03 | e3=3.65e-03
26-15-20-19 #-----------------------------------------#
26-15-20-19 [GaugeReset@150] 吸收 Δg = Σ Re(col_mean) = +19.0374 | 新|g| = 10.1508
26-15-20-19 [Step 150] logΨ: mean=2.616+0.283j
26-15-20-19 梯度监控 | raw=7.5150 | natural=0.6209 | clipped=0.6209(上限20.0) | t_grad=1ms t_qgt=2ms
26-15-20-19 冻结状态 | frozen_set=[3] | P_a/P=831/1108 | QGT=690561 | 本轮实际训练参数=831
26-15-20-19 连续达标轮数 | j0=0/5 | j1=0/5 | j2=0/5 | j3=0/5(已冻结)
26-15-20-19 Ψ矩阵条件数 cond(Ψ) = 2.49e+01 | 累计|g| = 10.1508 | 有效walker n_valid = 3200
26-15-20-19 Loss=-3.208683 | E0=-1.04471844 | E1=-0.95352187|E2=-0.66249150|E3=-0.54797089
26-15-20-19 误差(Ha): e0=9.63e-03 | e1=4.38e-03 | e2=6.46e-03 | e3=3.43e-03
26-15-20-19 #-----------------------------------------#
26-15-20-19 [Step 151] logΨ: mean=2.849+0.412j
26-15-20-19 梯度监控 | raw=2.8353 | natural=0.0535 | clipped=0.0535(上限20.0) | t_grad=1ms t_qgt=3ms
26-15-20-19 冻结状态 | frozen_set=[3] | P_a/P=831/1108 | QGT=690561 | 本轮实际训练参数=831
26-15-20-19 连续达标轮数 | j0=0/5 | j1=0/5 | j2=0/5 | j3=0/5(已冻结)
26-15-20-19 Ψ矩阵条件数 cond(Ψ) = 2.46e+01 | 累计|g| = 10.1508 | 有效walker n_valid = 3200
26-15-20-19 Loss=-3.205840 | E0=-1.04466418 | E1=-0.95342661|E2=-0.66223665|E3=-0.54804822
26-15-20-19 误差(Ha): e0=9.68e-03 | e1=4.48e-03 | e2=6.72e-03 | e3=3.35e-03
26-15-20-19 #-----------------------------------------#
26-15-20-19 [Step 152] logΨ: mean=2.885+0.502j
26-15-20-19 梯度监控 | raw=0.9098 | natural=0.0908 | clipped=0.0908(上限20.0) | t_grad=1ms t_qgt=3ms
26-15-20-19 冻结状态 | frozen_set=[3] | P_a/P=831/1108 | QGT=690561 | 本轮实际训练参数=831
26-15-20-19 连续达标轮数 | j0=0/5 | j1=0/5 | j2=0/5 | j3=0/5(已冻结)
26-15-20-19 Ψ矩阵条件数 cond(Ψ) = 2.52e+01 | 累计|g| = 10.1508 | 有效walker n_valid = 3200
26-15-20-19 Loss=-3.210027 | E0=-1.04459242 | E1=-0.95332218|E2=-0.66207596|E3=-0.54837832
26-15-20-19 误差(Ha): e0=9.76e-03 | e1=4.58e-03 | e2=6.88e-03 | e3=3.02e-03
26-15-20-19 #-----------------------------------------#
26-15-20-19 [Step 153] logΨ: mean=3.041+0.491j
26-15-20-19 梯度监控 | raw=0.9828 | natural=0.0714 | clipped=0.0714(上限20.0) | t_grad=0ms t_qgt=3ms
26-15-20-19 冻结状态 | frozen_set=[3] | P_a/P=831/1108 | QGT=690561 | 本轮实际训练参数=831
26-15-20-19 连续达标轮数 | j0=0/5 | j1=0/5 | j2=0/5 | j3=0/5(已冻结)
26-15-20-19 Ψ矩阵条件数 cond(Ψ) = 2.44e+01 | 累计|g| = 10.1508 | 有效walker n_valid = 3200
26-15-20-19 Loss=-3.207538 | E0=-1.04464364 | E1=-0.95353773|E2=-0.66035496|E3=-0.54879397
26-15-20-19 误差(Ha): e0=9.70e-03 | e1=4.37e-03 | e2=8.60e-03 | e3=2.61e-03
26-15-20-19 #-----------------------------------------#
26-15-20-19 [Step 154] logΨ: mean=2.990+1.075j
26-15-20-19 梯度监控 | raw=6.4877 | natural=0.6424 | clipped=0.6424(上限20.0) | t_grad=1ms t_qgt=3ms
26-15-20-19 冻结状态 | frozen_set=[3] | P_a/P=831/1108 | QGT=690561 | 本轮实际训练参数=831
26-15-20-19 连续达标轮数 | j0=0/5 | j1=0/5 | j2=0/5 | j3=0/5(已冻结)
26-15-20-19 Ψ矩阵条件数 cond(Ψ) = 3.38e+01 | 累计|g| = 10.1508 | 有效walker n_valid = 3200
26-15-20-19 Loss=-3.209240 | E0=-1.10554555 | E1=-0.94618847|E2=-0.65366153|E3=0.13823433
26-15-20-19 误差(Ha): e0=5.12e-02 | e1=1.17e-02 | e2=1.53e-02 | e3=6.90e-01
26-15-20-19 #-----------------------------------------#
26-15-20-19 [Step 155] logΨ: mean=5.496-0.619j
26-15-20-19 梯度监控 | raw=35.7052 | natural=0.0657 | clipped=0.0657(上限20.0) | t_grad=0ms t_qgt=3ms
26-15-20-19 冻结状态 | frozen_set=[3] | P_a/P=831/1108 | QGT=690561 | 本轮实际训练参数=831
26-15-20-19 连续达标轮数 | j0=0/5 | j1=0/5 | j2=0/5 | j3=0/5(已冻结)
26-15-20-19 Ψ矩阵条件数 cond(Ψ) = 4.18e+01 | 累计|g| = 10.1508 | 有效walker n_valid = 3200
26-15-20-19 Loss=-2.324516 | E0=-1.00512617 | E1=-0.94943562|E2=-0.65610072|E3=0.28704076
26-15-20-19 误差(Ha): e0=4.92e-02 | e1=8.47e-03 | e2=1.29e-02 | e3=8.38e-01
26-15-20-19 #-----------------------------------------#
26-15-20-19 [Step 156] logΨ: mean=4.570+1.580j
26-15-20-19 梯度监控 | raw=19.3093 | natural=0.4299 | clipped=0.4299(上限20.0) | t_grad=0ms t_qgt=3ms
26-15-20-19 冻结状态 | frozen_set=[3] | P_a/P=831/1108 | QGT=690561 | 本轮实际训练参数=831
26-15-20-19 连续达标轮数 | j0=0/5 | j1=0/5 | j2=0/5 | j3=0/5(已冻结)
26-15-20-19 Ψ矩阵条件数 cond(Ψ) = 2.20e+02 | 累计|g| = 10.1508 | 有效walker n_valid = 3200
26-15-20-19 Loss=-2.331111 | E0=-1.00362317 | E1=-0.94538222|E2=-0.66084908|E3=0.29678035
26-15-20-19 误差(Ha): e0=5.07e-02 | e1=1.25e-02 | e2=8.10e-03 | e3=8.48e-01
26-15-20-19 #-----------------------------------------#
26-15-20-19 [Step 157] logΨ: mean=4.272+1.281j
26-15-20-19 梯度监控 | raw=62.4443 | natural=0.2568 | clipped=0.2568(上限20.0) | t_grad=1ms t_qgt=3ms
26-15-20-19 冻结状态 | frozen_set=[3] | P_a/P=831/1108 | QGT=690561 | 本轮实际训练参数=831
26-15-20-19 连续达标轮数 | j0=0/5 | j1=0/5 | j2=0/5 | j3=0/5(已冻结)
26-15-20-19 Ψ矩阵条件数 cond(Ψ) = 4.06e+02 | 累计|g| = 10.1508 | 有效walker n_valid = 3200
26-15-20-19 Loss=-2.309053 | E0=-1.00328100 | E1=-0.94605296|E2=-0.66045039|E3=0.29511833
26-15-20-19 误差(Ha): e0=5.11e-02 | e1=1.19e-02 | e2=8.50e-03 | e3=8.47e-01
26-15-20-19 #-----------------------------------------#
26-15-20-19 [Step 158] logΨ: mean=4.070+1.016j
26-15-20-19 梯度监控 | raw=57.5219 | natural=0.2089 | clipped=0.2089(上限20.0) | t_grad=1ms t_qgt=2ms
26-15-20-19 冻结状态 | frozen_set=[3] | P_a/P=831/1108 | QGT=690561 | 本轮实际训练参数=831
26-15-20-19 连续达标轮数 | j0=0/5 | j1=0/5 | j2=0/5 | j3=0/5(已冻结)
26-15-20-19 Ψ矩阵条件数 cond(Ψ) = 1.61e+02 | 累计|g| = 10.1508 | 有效walker n_valid = 3200
26-15-20-19 Loss=-2.321245 | E0=-1.00365520 | E1=-0.94650497|E2=-0.66043926|E3=0.29377510
26-15-20-19 误差(Ha): e0=5.07e-02 | e1=1.14e-02 | e2=8.51e-03 | e3=8.45e-01
26-15-20-19 #-----------------------------------------#
26-15-20-19 [Step 159] logΨ: mean=3.888+1.137j
26-15-20-19 梯度监控 | raw=52.4967 | natural=0.2136 | clipped=0.2136(上限20.0) | t_grad=1ms t_qgt=3ms
26-15-20-19 冻结状态 | frozen_set=[3] | P_a/P=831/1108 | QGT=690561 | 本轮实际训练参数=831
26-15-20-19 连续达标轮数 | j0=0/5 | j1=0/5 | j2=0/5 | j3=0/5(已冻结)
26-15-20-19 Ψ矩阵条件数 cond(Ψ) = 1.10e+02 | 累计|g| = 10.1508 | 有效walker n_valid = 3200
26-15-20-19 Loss=-2.318620 | E0=-1.00384021 | E1=-0.94712408|E2=-0.66044424|E3=0.29298105
26-15-20-19 误差(Ha): e0=5.05e-02 | e1=1.08e-02 | e2=8.51e-03 | e3=8.44e-01
26-15-20-19 #-----------------------------------------#
26-15-20-19 [保存] Step 159 → pickle 已更新 (160 条记录)
26-15-20-19 [GaugeReset@160] 吸收 Δg = Σ Re(col_mean) = +18.1393 | 新|g| = 11.1908
26-15-20-19 [Step 160] logΨ: mean=4.621+0.794j
26-15-20-19 梯度监控 | raw=92.5579 | natural=0.2712 | clipped=0.2712(上限20.0) | t_grad=0ms t_qgt=3ms
26-15-20-19 冻结状态 | frozen_set=[3] | P_a/P=831/1108 | QGT=690561 | 本轮实际训练参数=831
26-15-20-19 连续达标轮数 | j0=0/5 | j1=0/5 | j2=0/5 | j3=0/5(已冻结)
26-15-20-19 Ψ矩阵条件数 cond(Ψ) = 2.39e+01 | 累计|g| = 11.1908 | 有效walker n_valid = 3200
26-15-20-19 Loss=-2.340224 | E0=-1.00482104 | E1=-0.94743483|E2=-0.65967905|E3=0.28929607
26-15-20-19 误差(Ha): e0=4.95e-02 | e1=1.05e-02 | e2=9.27e-03 | e3=8.41e-01
26-15-20-19 #-----------------------------------------#
26-15-20-19 [Step 161] logΨ: mean=4.531+0.722j
26-15-20-19 梯度监控 | raw=72.9859 | natural=0.1393 | clipped=0.1393(上限20.0) | t_grad=1ms t_qgt=4ms
26-15-20-19 冻结状态 | frozen_set=[3] | P_a/P=831/1108 | QGT=690561 | 本轮实际训练参数=831
26-15-20-19 连续达标轮数 | j0=0/5 | j1=0/5 | j2=0/5 | j3=0/5(已冻结)
26-15-20-19 Ψ矩阵条件数 cond(Ψ) = 2.35e+01 | 累计|g| = 11.1908 | 有效walker n_valid = 3200
26-15-20-19 Loss=-2.340826 | E0=-1.00445059 | E1=-0.94781240|E2=-0.65986598|E3=0.28901773
26-15-20-19 误差(Ha): e0=4.99e-02 | e1=1.01e-02 | e2=9.09e-03 | e3=8.40e-01
26-15-20-19 #-----------------------------------------#
26-15-20-19 [Step 162] logΨ: mean=4.558+0.402j
26-15-20-19 梯度监控 | raw=71.3033 | natural=0.2470 | clipped=0.2470(上限20.0) | t_grad=1ms t_qgt=5ms
26-15-20-19 冻结状态 | frozen_set=[3] | P_a/P=831/1108 | QGT=690561 | 本轮实际训练参数=831
26-15-20-19 连续达标轮数 | j0=0/5 | j1=0/5 | j2=0/5 | j3=0/5(已冻结)
26-15-20-19 Ψ矩阵条件数 cond(Ψ) = 2.19e+01 | 累计|g| = 11.1908 | 有效walker n_valid = 3200
26-15-20-19 Loss=-2.332195 | E0=-1.00498882 | E1=-0.94763877|E2=-0.65937649|E3=0.28537523
26-15-20-19 误差(Ha): e0=4.94e-02 | e1=1.03e-02 | e2=9.58e-03 | e3=8.37e-01
26-15-20-19 #-----------------------------------------#
26-15-20-19 [Step 163] logΨ: mean=4.791+0.986j
26-15-20-19 梯度监控 | raw=82.0350 | natural=0.3785 | clipped=0.3785(上限20.0) | t_grad=1ms t_qgt=3ms
26-15-20-19 冻结状态 | frozen_set=[3] | P_a/P=831/1108 | QGT=690561 | 本轮实际训练参数=831
26-15-20-19 连续达标轮数 | j0=0/5 | j1=0/5 | j2=0/5 | j3=0/5(已冻结)
26-15-20-19 Ψ矩阵条件数 cond(Ψ) = 2.13e+01 | 累计|g| = 11.1908 | 有效walker n_valid = 3200
26-15-20-19 Loss=-2.337526 | E0=-1.00473658 | E1=-0.94758884|E2=-0.65894148|E3=0.28371758
26-15-20-19 误差(Ha): e0=4.96e-02 | e1=1.03e-02 | e2=1.00e-02 | e3=8.35e-01
26-15-20-19 #-----------------------------------------#
26-15-20-19 [Step 164] logΨ: mean=4.604+0.363j
26-15-20-19 梯度监控 | raw=134.6561 | natural=0.1255 | clipped=0.1255(上限20.0) | t_grad=0ms t_qgt=4ms
26-15-20-19 冻结状态 | frozen_set=[3] | P_a/P=831/1108 | QGT=690561 | 本轮实际训练参数=831
26-15-20-19 连续达标轮数 | j0=0/5 | j1=0/5 | j2=0/5 | j3=0/5(已冻结)
26-15-20-19 Ψ矩阵条件数 cond(Ψ) = 2.13e+01 | 累计|g| = 11.1908 | 有效walker n_valid = 3200
26-15-20-19 Loss=-2.376547 | E0=-1.00486153 | E1=-0.94748232|E2=-0.65903371|E3=0.27928366
26-15-20-19 误差(Ha): e0=4.95e-02 | e1=1.04e-02 | e2=9.92e-03 | e3=8.31e-01
26-15-20-19 #-----------------------------------------#
26-15-20-19 [Step 165] logΨ: mean=4.854+0.552j
26-15-20-19 梯度监控 | raw=138.6038 | natural=0.3680 | clipped=0.3680(上限20.0) | t_grad=0ms t_qgt=4ms
26-15-20-19 冻结状态 | frozen_set=[3] | P_a/P=831/1108 | QGT=690561 | 本轮实际训练参数=831
26-15-20-19 连续达标轮数 | j0=0/5 | j1=0/5 | j2=0/5 | j3=0/5(已冻结)
26-15-20-19 Ψ矩阵条件数 cond(Ψ) = 2.22e+01 | 累计|g| = 11.1908 | 有效walker n_valid = 3200
26-15-20-19 Loss=-2.378523 | E0=-1.00527409 | E1=-0.94745336|E2=-0.65871754|E3=0.27505489
26-15-20-19 误差(Ha): e0=4.91e-02 | e1=1.05e-02 | e2=1.02e-02 | e3=8.26e-01
26-15-20-19 #-----------------------------------------#
26-15-20-19 [Step 166] logΨ: mean=4.909+0.863j
26-15-20-19 梯度监控 | raw=121.3469 | natural=0.4595 | clipped=0.4595(上限20.0) | t_grad=0ms t_qgt=3ms
26-15-20-19 冻结状态 | frozen_set=[3] | P_a/P=831/1108 | QGT=690561 | 本轮实际训练参数=831
26-15-20-19 连续达标轮数 | j0=0/5 | j1=0/5 | j2=0/5 | j3=0/5(已冻结)
26-15-20-19 Ψ矩阵条件数 cond(Ψ) = 2.21e+01 | 累计|g| = 11.1908 | 有效walker n_valid = 3200
26-15-20-19 Loss=-2.372631 | E0=-1.00528490 | E1=-0.94755302|E2=-0.65897606|E3=0.27325544
26-15-20-19 误差(Ha): e0=4.91e-02 | e1=1.04e-02 | e2=9.98e-03 | e3=8.25e-01
26-15-20-19 #-----------------------------------------#
26-15-20-19 [Step 167] logΨ: mean=4.823+0.957j
26-15-20-19 梯度监控 | raw=165.4293 | natural=0.1790 | clipped=0.1790(上限20.0) | t_grad=1ms t_qgt=3ms
26-15-20-19 冻结状态 | frozen_set=[3] | P_a/P=831/1108 | QGT=690561 | 本轮实际训练参数=831
26-15-20-19 连续达标轮数 | j0=0/5 | j1=0/5 | j2=0/5 | j3=0/5(已冻结)
26-15-20-19 Ψ矩阵条件数 cond(Ψ) = 2.15e+01 | 累计|g| = 11.1908 | 有效walker n_valid = 3200
26-15-20-19 Loss=-2.394353 | E0=-1.00481537 | E1=-0.94840459|E2=-0.65899446|E3=0.27167588
26-15-20-19 误差(Ha): e0=4.95e-02 | e1=9.50e-03 | e2=9.96e-03 | e3=8.23e-01
26-15-20-19 #-----------------------------------------#
26-15-20-19 [Step 168] logΨ: mean=4.693+1.312j
26-15-20-19 梯度监控 | raw=152.2268 | natural=0.0469 | clipped=0.0469(上限20.0) | t_grad=0ms t_qgt=5ms
26-15-20-19 冻结状态 | frozen_set=[3] | P_a/P=831/1108 | QGT=690561 | 本轮实际训练参数=831
26-15-20-19 连续达标轮数 | j0=0/5 | j1=0/5 | j2=0/5 | j3=0/5(已冻结)
26-15-20-19 Ψ矩阵条件数 cond(Ψ) = 2.10e+01 | 累计|g| = 11.1908 | 有效walker n_valid = 3200
26-15-20-19 Loss=-2.394622 | E0=-1.00520521 | E1=-0.94794247|E2=-0.65838462|E3=0.26464967
26-15-20-19 误差(Ha): e0=4.91e-02 | e1=9.96e-03 | e2=1.06e-02 | e3=8.16e-01
26-15-20-19 #-----------------------------------------#
26-15-20-19 [Step 169] logΨ: mean=4.659+0.748j
26-15-20-19 梯度监控 | raw=197.1323 | natural=0.1505 | clipped=0.1505(上限20.0) | t_grad=0ms t_qgt=3ms
26-15-20-19 冻结状态 | frozen_set=[3] | P_a/P=831/1108 | QGT=690561 | 本轮实际训练参数=831
26-15-20-19 连续达标轮数 | j0=0/5 | j1=0/5 | j2=0/5 | j3=0/5(已冻结)
26-15-20-19 Ψ矩阵条件数 cond(Ψ) = 2.23e+01 | 累计|g| = 11.1908 | 有效walker n_valid = 3200
26-15-20-19 Loss=-2.415223 | E0=-1.00524313 | E1=-0.94785500|E2=-0.65801928|E3=0.26163522
26-15-20-19 误差(Ha): e0=4.91e-02 | e1=1.01e-02 | e2=1.09e-02 | e3=8.13e-01
26-15-20-19 #-----------------------------------------#
26-15-20-19 [GaugeReset@170] 吸收 Δg = Σ Re(col_mean) = +18.3854 | 新|g| = 11.1169
26-15-20-19 [Step 170] logΨ: mean=4.357-0.038j
26-15-20-19 梯度监控 | raw=283.1470 | natural=0.1951 | clipped=0.1951(上限20.0) | t_grad=0ms t_qgt=3ms
26-15-20-19 冻结状态 | frozen_set=[3] | P_a/P=831/1108 | QGT=690561 | 本轮实际训练参数=831
26-15-20-19 连续达标轮数 | j0=0/5 | j1=0/5 | j2=0/5 | j3=0/5(已冻结)
26-15-20-19 Ψ矩阵条件数 cond(Ψ) = 2.03e+01 | 累计|g| = 11.1169 | 有效walker n_valid = 3200
26-15-20-19 Loss=-2.460376 | E0=-1.00512639 | E1=-0.94813442|E2=-0.65824658|E3=0.25668105
26-15-20-19 误差(Ha): e0=4.92e-02 | e1=9.77e-03 | e2=1.07e-02 | e3=8.08e-01
26-15-20-19 #-----------------------------------------#
26-15-20-19 [Step 171] logΨ: mean=4.512+0.335j
26-15-20-19 梯度监控 | raw=141.3685 | natural=0.1012 | clipped=0.1012(上限20.0) | t_grad=0ms t_qgt=2ms
26-15-20-19 冻结状态 | frozen_set=[3] | P_a/P=831/1108 | QGT=690561 | 本轮实际训练参数=831
26-15-20-19 连续达标轮数 | j0=0/5 | j1=0/5 | j2=0/5 | j3=0/5(已冻结)
26-15-20-19 Ψ矩阵条件数 cond(Ψ) = 1.94e+01 | 累计|g| = 11.1169 | 有效walker n_valid = 3200
26-15-20-19 Loss=-2.401742 | E0=-1.00569490 | E1=-0.94816232|E2=-0.65820094|E3=0.25505001
26-15-20-19 误差(Ha): e0=4.87e-02 | e1=9.74e-03 | e2=1.08e-02 | e3=8.06e-01
26-15-20-19 #-----------------------------------------#
26-15-20-19 [Step 172] logΨ: mean=4.300-0.075j
26-15-20-19 梯度监控 | raw=197.6680 | natural=0.1216 | clipped=0.1216(上限20.0) | t_grad=1ms t_qgt=5ms
26-15-20-19 冻结状态 | frozen_set=[3] | P_a/P=831/1108 | QGT=690561 | 本轮实际训练参数=831
26-15-20-19 连续达标轮数 | j0=0/5 | j1=0/5 | j2=0/5 | j3=0/5(已冻结)
26-15-20-19 Ψ矩阵条件数 cond(Ψ) = 2.03e+01 | 累计|g| = 11.1169 | 有效walker n_valid = 3200
26-15-20-19 Loss=-2.431978 | E0=-1.00635027 | E1=-0.94799056|E2=-0.65764883|E3=0.24809719
26-15-20-19 误差(Ha): e0=4.80e-02 | e1=9.92e-03 | e2=1.13e-02 | e3=7.99e-01
26-15-20-19 #-----------------------------------------#
26-15-20-19 [Step 173] logΨ: mean=4.249-0.185j
26-15-20-19 梯度监控 | raw=234.4271 | natural=0.1386 | clipped=0.1386(上限20.0) | t_grad=0ms t_qgt=1ms
26-15-20-19 冻结状态 | frozen_set=[3] | P_a/P=831/1108 | QGT=690561 | 本轮实际训练参数=831
26-15-20-19 连续达标轮数 | j0=0/5 | j1=0/5 | j2=0/5 | j3=0/5(已冻结)
26-15-20-19 Ψ矩阵条件数 cond(Ψ) = 2.08e+01 | 累计|g| = 11.1169 | 有效walker n_valid = 3200
26-15-20-19 Loss=-2.441777 | E0=-1.00585249 | E1=-0.94815757|E2=-0.65820885|E3=0.24514868
26-15-20-19 误差(Ha): e0=4.85e-02 | e1=9.75e-03 | e2=1.07e-02 | e3=7.97e-01
26-15-20-19 #-----------------------------------------#
26-15-20-19 [Step 174] logΨ: mean=4.221-0.135j
26-15-20-19 梯度监控 | raw=251.7548 | natural=0.1691 | clipped=0.1691(上限20.0) | t_grad=1ms t_qgt=1ms
26-15-20-19 冻结状态 | frozen_set=[3] | P_a/P=831/1108 | QGT=690561 | 本轮实际训练参数=831
26-15-20-19 连续达标轮数 | j0=0/5 | j1=0/5 | j2=0/5 | j3=0/5(已冻结)
26-15-20-19 Ψ矩阵条件数 cond(Ψ) = 2.06e+01 | 累计|g| = 11.1169 | 有效walker n_valid = 3200
26-15-20-19 Loss=-2.455544 | E0=-1.00602908 | E1=-0.94806562|E2=-0.65739395|E3=0.23575194
26-15-20-19 误差(Ha): e0=4.83e-02 | e1=9.84e-03 | e2=1.16e-02 | e3=7.87e-01
26-15-20-19 #-----------------------------------------#
26-15-20-19 [Step 175] logΨ: mean=4.132+0.124j
26-15-20-19 梯度监控 | raw=241.8793 | natural=0.1186 | clipped=0.1186(上限20.0) | t_grad=0ms t_qgt=3ms
26-15-20-19 冻结状态 | frozen_set=[3] | P_a/P=831/1108 | QGT=690561 | 本轮实际训练参数=831
26-15-20-19 连续达标轮数 | j0=0/5 | j1=0/5 | j2=0/5 | j3=0/5(已冻结)
26-15-20-19 Ψ矩阵条件数 cond(Ψ) = 2.20e+01 | 累计|g| = 11.1169 | 有效walker n_valid = 3200
26-15-20-19 Loss=-2.452507 | E0=-1.00574706 | E1=-0.94848433|E2=-0.65761099|E3=0.23148846
26-15-20-19 误差(Ha): e0=4.86e-02 | e1=9.42e-03 | e2=1.13e-02 | e3=7.83e-01
26-15-20-19 #-----------------------------------------#
26-15-20-19 [Step 176] logΨ: mean=4.066-0.241j
26-15-20-19 梯度监控 | raw=272.5032 | natural=0.0966 | clipped=0.0966(上限20.0) | t_grad=0ms t_qgt=3ms
26-15-20-19 冻结状态 | frozen_set=[3] | P_a/P=831/1108 | QGT=690561 | 本轮实际训练参数=831
26-15-20-19 连续达标轮数 | j0=0/5 | j1=0/5 | j2=0/5 | j3=0/5(已冻结)
26-15-20-19 Ψ矩阵条件数 cond(Ψ) = 2.03e+01 | 累计|g| = 11.1169 | 有效walker n_valid = 3200
26-15-20-19 Loss=-2.475273 | E0=-1.00625057 | E1=-0.94885489|E2=-0.65761976|E3=0.22101872
26-15-20-19 误差(Ha): e0=4.81e-02 | e1=9.05e-03 | e2=1.13e-02 | e3=7.72e-01
26-15-20-19 #-----------------------------------------#
26-15-20-19 [Step 177] logΨ: mean=4.099-0.206j
26-15-20-19 梯度监控 | raw=286.2842 | natural=0.1784 | clipped=0.1784(上限20.0) | t_grad=0ms t_qgt=2ms
26-15-20-19 冻结状态 | frozen_set=[3] | P_a/P=831/1108 | QGT=690561 | 本轮实际训练参数=831
26-15-20-19 连续达标轮数 | j0=0/5 | j1=0/5 | j2=0/5 | j3=0/5(已冻结)
26-15-20-19 Ψ矩阵条件数 cond(Ψ) = 2.28e+01 | 累计|g| = 11.1169 | 有效walker n_valid = 3200
26-15-20-19 Loss=-2.483908 | E0=-1.00611178 | E1=-0.94896828|E2=-0.65725811|E3=0.21182285
26-15-20-19 误差(Ha): e0=4.82e-02 | e1=8.94e-03 | e2=1.17e-02 | e3=7.63e-01
26-15-20-19 #-----------------------------------------#
26-15-20-19 [Step 178] logΨ: mean=4.014+0.083j
26-15-20-19 梯度监控 | raw=295.8968 | natural=0.1056 | clipped=0.1056(上限20.0) | t_grad=1ms t_qgt=3ms
26-15-20-19 冻结状态 | frozen_set=[3] | P_a/P=831/1108 | QGT=690561 | 本轮实际训练参数=831
26-15-20-19 连续达标轮数 | j0=0/5 | j1=0/5 | j2=0/5 | j3=0/5(已冻结)
26-15-20-19 Ψ矩阵条件数 cond(Ψ) = 1.96e+01 | 累计|g| = 11.1169 | 有效walker n_valid = 3200
26-15-20-19 Loss=-2.499459 | E0=-1.00693804 | E1=-0.94896130|E2=-0.65670943|E3=0.19551517
26-15-20-19 误差(Ha): e0=4.74e-02 | e1=8.94e-03 | e2=1.22e-02 | e3=7.47e-01
26-15-20-19 #-----------------------------------------#
26-15-20-19 [Step 179] logΨ: mean=3.950+0.009j
26-15-20-19 梯度监控 | raw=378.6429 | natural=0.0798 | clipped=0.0798(上限20.0) | t_grad=1ms t_qgt=3ms
26-15-20-19 冻结状态 | frozen_set=[3] | P_a/P=831/1108 | QGT=690561 | 本轮实际训练参数=831
26-15-20-19 连续达标轮数 | j0=0/5 | j1=0/5 | j2=0/5 | j3=0/5(已冻结)
26-15-20-19 Ψ矩阵条件数 cond(Ψ) = 1.89e+01 | 累计|g| = 11.1169 | 有效walker n_valid = 3200
26-15-20-19 Loss=-2.553924 | E0=-1.00693315 | E1=-0.94892342|E2=-0.65630526|E3=0.17177602
26-15-20-19 误差(Ha): e0=4.74e-02 | e1=8.98e-03 | e2=1.26e-02 | e3=7.23e-01
26-15-20-19 #-----------------------------------------#
26-15-20-19 [保存] Step 179 → pickle 已更新 (180 条记录)
26-15-20-19 [GaugeReset@180] 吸收 Δg = Σ Re(col_mean) = +18.6603 | 新|g| = 10.7354
26-15-20-19 [Step 180] logΨ: mean=3.640-0.849j
26-15-20-19 梯度监控 | raw=387.4844 | natural=0.1292 | clipped=0.1292(上限20.0) | t_grad=0ms t_qgt=5ms
26-15-20-19 冻结状态 | frozen_set=[3] | P_a/P=831/1108 | QGT=690561 | 本轮实际训练参数=831
26-15-20-19 连续达标轮数 | j0=0/5 | j1=0/5 | j2=0/5 | j3=0/5(已冻结)
26-15-20-19 Ψ矩阵条件数 cond(Ψ) = 2.16e+01 | 累计|g| = 10.7354 | 有效walker n_valid = 3200
26-15-20-19 Loss=-2.572445 | E0=-1.00731014 | E1=-0.94880844|E2=-0.65652204|E3=0.15181128
26-15-20-19 误差(Ha): e0=4.70e-02 | e1=9.10e-03 | e2=1.24e-02 | e3=7.03e-01
26-15-20-19 #-----------------------------------------#
26-15-20-19 [Step 181] logΨ: mean=3.574-0.686j
26-15-20-19 梯度监控 | raw=386.1642 | natural=0.1477 | clipped=0.1477(上限20.0) | t_grad=0ms t_qgt=2ms
26-15-20-19 冻结状态 | frozen_set=[3] | P_a/P=831/1108 | QGT=690561 | 本轮实际训练参数=831
26-15-20-19 连续达标轮数 | j0=0/5 | j1=0/5 | j2=0/5 | j3=0/5(已冻结)
26-15-20-19 Ψ矩阵条件数 cond(Ψ) = 2.17e+01 | 累计|g| = 10.7354 | 有效walker n_valid = 3200
26-15-20-19 Loss=-2.597501 | E0=-1.00850121 | E1=-0.94884692|E2=-0.65648097|E3=0.12781804
26-15-20-19 误差(Ha): e0=4.58e-02 | e1=9.06e-03 | e2=1.25e-02 | e3=6.79e-01
26-15-20-19 #-----------------------------------------#
26-15-20-19 [Step 182] logΨ: mean=3.580-0.485j
26-15-20-19 梯度监控 | raw=416.9697 | natural=0.3642 | clipped=0.3642(上限20.0) | t_grad=1ms t_qgt=4ms
26-15-20-19 冻结状态 | frozen_set=[3] | P_a/P=831/1108 | QGT=690561 | 本轮实际训练参数=831
26-15-20-19 连续达标轮数 | j0=0/5 | j1=0/5 | j2=0/5 | j3=0/5(已冻结)
26-15-20-19 Ψ矩阵条件数 cond(Ψ) = 2.37e+01 | 累计|g| = 10.7354 | 有效walker n_valid = 3200
26-15-20-19 Loss=-2.585276 | E0=-1.00886442 | E1=-0.94887865|E2=-0.65575815|E3=0.10606028
26-15-20-19 误差(Ha): e0=4.55e-02 | e1=9.03e-03 | e2=1.32e-02 | e3=6.57e-01
26-15-20-19 #-----------------------------------------#
26-15-20-19 [Step 183] logΨ: mean=3.561-0.739j
26-15-20-19 梯度监控 | raw=405.4240 | natural=0.1150 | clipped=0.1150(上限20.0) | t_grad=0ms t_qgt=3ms
26-15-20-19 冻结状态 | frozen_set=[3] | P_a/P=831/1108 | QGT=690561 | 本轮实际训练参数=831
26-15-20-19 连续达标轮数 | j0=0/5 | j1=0/5 | j2=0/5 | j3=0/5(已冻结)
26-15-20-19 Ψ矩阵条件数 cond(Ψ) = 2.07e+01 | 累计|g| = 10.7354 | 有效walker n_valid = 3200
26-15-20-19 Loss=-2.594676 | E0=-1.00924586 | E1=-0.94910891|E2=-0.65606709|E3=0.09016222
26-15-20-19 误差(Ha): e0=4.51e-02 | e1=8.80e-03 | e2=1.29e-02 | e3=6.42e-01
26-15-20-19 #-----------------------------------------#
26-15-20-19 [Step 184] logΨ: mean=3.480-0.592j
26-15-20-19 梯度监控 | raw=431.9039 | natural=0.0845 | clipped=0.0845(上限20.0) | t_grad=0ms t_qgt=3ms
26-15-20-19 冻结状态 | frozen_set=[3] | P_a/P=831/1108 | QGT=690561 | 本轮实际训练参数=831
26-15-20-19 连续达标轮数 | j0=0/5 | j1=0/5 | j2=0/5 | j3=0/5(已冻结)
26-15-20-19 Ψ矩阵条件数 cond(Ψ) = 2.32e+01 | 累计|g| = 10.7354 | 有效walker n_valid = 3200
26-15-20-19 Loss=-2.620812 | E0=-1.00962198 | E1=-0.94923346|E2=-0.65584415|E3=0.05620254
26-15-20-19 误差(Ha): e0=4.47e-02 | e1=8.67e-03 | e2=1.31e-02 | e3=6.08e-01
26-15-20-19 #-----------------------------------------#
26-15-20-19 [Step 185] logΨ: mean=3.355-0.559j
26-15-20-19 梯度监控 | raw=403.0083 | natural=0.1630 | clipped=0.1630(上限20.0) | t_grad=0ms t_qgt=4ms
26-15-20-19 冻结状态 | frozen_set=[3] | P_a/P=831/1108 | QGT=690561 | 本轮实际训练参数=831
26-15-20-19 连续达标轮数 | j0=0/5 | j1=0/5 | j2=0/5 | j3=0/5(已冻结)
26-15-20-19 Ψ矩阵条件数 cond(Ψ) = 2.11e+01 | 累计|g| = 10.7354 | 有效walker n_valid = 3200
26-15-20-19 Loss=-2.649943 | E0=-1.01122931 | E1=-0.94937449|E2=-0.65569208|E3=-0.00390008
26-15-20-19 误差(Ha): e0=4.31e-02 | e1=8.53e-03 | e2=1.33e-02 | e3=5.48e-01
26-15-20-19 #-----------------------------------------#
26-15-20-19 [Step 186] logΨ: mean=3.519-0.421j
26-15-20-19 梯度监控 | raw=450.5723 | natural=0.1422 | clipped=0.1422(上限20.0) | t_grad=1ms t_qgt=3ms
26-15-20-19 冻结状态 | frozen_set=[3] | P_a/P=831/1108 | QGT=690561 | 本轮实际训练参数=831
26-15-20-19 连续达标轮数 | j0=0/5 | j1=0/5 | j2=0/5 | j3=0/5(已冻结)
26-15-20-19 Ψ矩阵条件数 cond(Ψ) = 1.30e+01 | 累计|g| = 10.7354 | 有效walker n_valid = 3200
26-15-20-19 Loss=-2.703332 | E0=-1.01278725 | E1=-0.94931906|E2=-0.65543470|E3=-0.07144436
26-15-20-19 误差(Ha): e0=4.16e-02 | e1=8.59e-03 | e2=1.35e-02 | e3=4.80e-01
26-15-20-19 #-----------------------------------------#
26-15-20-19 [Step 187] logΨ: mean=3.321-0.710j
26-15-20-19 梯度监控 | raw=427.4134 | natural=0.1798 | clipped=0.1798(上限20.0) | t_grad=0ms t_qgt=3ms
26-15-20-19 冻结状态 | frozen_set=[3] | P_a/P=831/1108 | QGT=690561 | 本轮实际训练参数=831
26-15-20-19 连续达标轮数 | j0=0/5 | j1=0/5 | j2=0/5 | j3=0/5(已冻结)
26-15-20-19 Ψ矩阵条件数 cond(Ψ) = 1.18e+01 | 累计|g| = 10.7354 | 有效walker n_valid = 3200
26-15-20-19 Loss=-2.751734 | E0=-1.01493408 | E1=-0.94969280|E2=-0.65596015|E3=-0.15103929
26-15-20-19 误差(Ha): e0=3.94e-02 | e1=8.21e-03 | e2=1.30e-02 | e3=4.00e-01
26-15-20-19 #-----------------------------------------#
26-15-20-19 [Step 188] logΨ: mean=3.295-0.548j
26-15-20-19 梯度监控 | raw=444.2448 | natural=0.1814 | clipped=0.1814(上限20.0) | t_grad=0ms t_qgt=3ms
26-15-20-19 冻结状态 | frozen_set=[3] | P_a/P=831/1108 | QGT=690561 | 本轮实际训练参数=831
26-15-20-19 连续达标轮数 | j0=0/5 | j1=0/5 | j2=0/5 | j3=0/5(已冻结)
26-15-20-19 Ψ矩阵条件数 cond(Ψ) = 1.21e+01 | 累计|g| = 10.7354 | 有效walker n_valid = 3200
26-15-20-19 Loss=-2.714313 | E0=-1.01493252 | E1=-0.94986741|E2=-0.65666539|E3=-0.13031179
26-15-20-19 误差(Ha): e0=3.94e-02 | e1=8.04e-03 | e2=1.23e-02 | e3=4.21e-01
26-15-20-19 #-----------------------------------------#
26-15-20-19 [Step 189] logΨ: mean=3.273-0.785j
26-15-20-19 梯度监控 | raw=463.9591 | natural=0.1674 | clipped=0.1674(上限20.0) | t_grad=1ms t_qgt=1ms
26-15-20-19 冻结状态 | frozen_set=[3] | P_a/P=831/1108 | QGT=690561 | 本轮实际训练参数=831
26-15-20-19 连续达标轮数 | j0=0/5 | j1=0/5 | j2=0/5 | j3=0/5(已冻结)
26-15-20-19 Ψ矩阵条件数 cond(Ψ) = 1.19e+01 | 累计|g| = 10.7354 | 有效walker n_valid = 3200
26-15-20-19 Loss=-2.782416 | E0=-1.01789522 | E1=-0.95001475|E2=-0.65671022|E3=-0.23003299
26-15-20-19 误差(Ha): e0=3.65e-02 | e1=7.89e-03 | e2=1.22e-02 | e3=3.21e-01
26-15-20-19 #-----------------------------------------#
26-15-20-19 [GaugeReset@190] 吸收 Δg = Σ Re(col_mean) = +19.1076 | 新|g| = 10.4858
26-15-20-19 [Step 190] logΨ: mean=2.862+0.584j
26-15-20-19 梯度监控 | raw=435.7145 | natural=0.1017 | clipped=0.1017(上限20.0) | t_grad=0ms t_qgt=3ms
26-15-20-19 冻结状态 | frozen_set=[3] | P_a/P=831/1108 | QGT=690561 | 本轮实际训练参数=831
26-15-20-19 连续达标轮数 | j0=0/5 | j1=0/5 | j2=0/5 | j3=0/5(已冻结)
26-15-20-19 Ψ矩阵条件数 cond(Ψ) = 2.61e+01 | 累计|g| = 10.4858 | 有效walker n_valid = 3200
26-15-20-19 Loss=-2.819793 | E0=-1.02061699 | E1=-0.95000243|E2=-0.65664585|E3=-0.28885335
26-15-20-19 误差(Ha): e0=3.37e-02 | e1=7.90e-03 | e2=1.23e-02 | e3=2.63e-01
26-15-20-19 #-----------------------------------------#
26-15-20-19 [Step 191] logΨ: mean=2.908+0.667j
26-15-20-19 梯度监控 | raw=437.3904 | natural=0.1282 | clipped=0.1282(上限20.0) | t_grad=0ms t_qgt=2ms
26-15-20-19 冻结状态 | frozen_set=[3] | P_a/P=831/1108 | QGT=690561 | 本轮实际训练参数=831
26-15-20-19 连续达标轮数 | j0=0/5 | j1=0/5 | j2=0/5 | j3=0/5(已冻结)
26-15-20-19 Ψ矩阵条件数 cond(Ψ) = 2.53e+01 | 累计|g| = 10.4858 | 有效walker n_valid = 3200
26-15-20-19 Loss=-2.846157 | E0=-1.02277731 | E1=-0.95033335|E2=-0.65672569|E3=-0.33296779
26-15-20-19 误差(Ha): e0=3.16e-02 | e1=7.57e-03 | e2=1.22e-02 | e3=2.18e-01
26-15-20-19 #-----------------------------------------#
26-15-20-19 [Step 192] logΨ: mean=3.055+0.452j
26-15-20-19 梯度监控 | raw=465.7342 | natural=0.1389 | clipped=0.1389(上限20.0) | t_grad=1ms t_qgt=3ms
26-15-20-19 冻结状态 | frozen_set=[3] | P_a/P=831/1108 | QGT=690561 | 本轮实际训练参数=831
26-15-20-19 连续达标轮数 | j0=0/5 | j1=0/5 | j2=0/5 | j3=0/5(已冻结)
26-15-20-19 Ψ矩阵条件数 cond(Ψ) = 2.53e+01 | 累计|g| = 10.4858 | 有效walker n_valid = 3200
26-15-20-19 Loss=-2.868355 | E0=-1.02442398 | E1=-0.95058799|E2=-0.65677688|E3=-0.36470845
26-15-20-19 误差(Ha): e0=2.99e-02 | e1=7.32e-03 | e2=1.22e-02 | e3=1.87e-01
26-15-20-19 #-----------------------------------------#
26-15-20-19 [Step 193] logΨ: mean=2.540+0.699j
26-15-20-19 梯度监控 | raw=434.2452 | natural=0.8910 | clipped=0.8910(上限20.0) | t_grad=0ms t_qgt=3ms
26-15-20-19 冻结状态 | frozen_set=[3] | P_a/P=831/1108 | QGT=690561 | 本轮实际训练参数=831
26-15-20-19 连续达标轮数 | j0=0/5 | j1=0/5 | j2=0/5 | j3=0/5(已冻结)
26-15-20-19 Ψ矩阵条件数 cond(Ψ) = 2.12e+01 | 累计|g| = 10.4858 | 有效walker n_valid = 3200
26-15-20-19 Loss=-2.864556 | E0=-1.02491730 | E1=-0.95081395|E2=-0.65867986|E3=-0.38021755
26-15-20-19 误差(Ha): e0=2.94e-02 | e1=7.09e-03 | e2=1.03e-02 | e3=1.71e-01
26-15-20-19 #-----------------------------------------#
26-15-20-19 [Step 194] logΨ: mean=2.524+0.699j
26-15-20-19 梯度监控 | raw=400.7471 | natural=0.0966 | clipped=0.0966(上限20.0) | t_grad=1ms t_qgt=3ms
26-15-20-19 冻结状态 | frozen_set=[3] | P_a/P=831/1108 | QGT=690561 | 本轮实际训练参数=831
26-15-20-19 连续达标轮数 | j0=0/5 | j1=0/5 | j2=0/5 | j3=0/5(已冻结)
26-15-20-19 Ψ矩阵条件数 cond(Ψ) = 2.54e+01 | 累计|g| = 10.4858 | 有效walker n_valid = 3200
26-15-20-19 Loss=-2.910736 | E0=-1.02732031 | E1=-0.95102852|E2=-0.65902353|E3=-0.41770756
26-15-20-19 误差(Ha): e0=2.70e-02 | e1=6.88e-03 | e2=9.93e-03 | e3=1.34e-01
26-15-20-19 #-----------------------------------------#
26-15-20-19 [Step 195] logΨ: mean=2.489+0.528j
26-15-20-19 梯度监控 | raw=341.4248 | natural=0.2068 | clipped=0.2068(上限20.0) | t_grad=0ms t_qgt=3ms
26-15-20-19 冻结状态 | frozen_set=[3] | P_a/P=831/1108 | QGT=690561 | 本轮实际训练参数=831
26-15-20-19 连续达标轮数 | j0=0/5 | j1=0/5 | j2=0/5 | j3=0/5(已冻结)
26-15-20-19 Ψ矩阵条件数 cond(Ψ) = 2.54e+01 | 累计|g| = 10.4858 | 有效walker n_valid = 3200
26-15-20-19 Loss=-2.943962 | E0=-1.02956335 | E1=-0.95165527|E2=-0.66074258|E3=-0.45189881
26-15-20-19 误差(Ha): e0=2.48e-02 | e1=6.25e-03 | e2=8.21e-03 | e3=9.95e-02
26-15-20-19 #-----------------------------------------#
26-15-20-19 [Step 196] logΨ: mean=2.543+0.378j
26-15-20-19 梯度监控 | raw=283.9469 | natural=0.0741 | clipped=0.0741(上限20.0) | t_grad=0ms t_qgt=3ms
26-15-20-19 冻结状态 | frozen_set=[3] | P_a/P=831/1108 | QGT=690561 | 本轮实际训练参数=831
26-15-20-19 连续达标轮数 | j0=0/5 | j1=0/5 | j2=0/5 | j3=0/5(已冻结)
26-15-20-19 Ψ矩阵条件数 cond(Ψ) = 2.56e+01 | 累计|g| = 10.4858 | 有效walker n_valid = 3200
26-15-20-19 Loss=-2.965201 | E0=-1.03143213 | E1=-0.95187111|E2=-0.66117114|E3=-0.47347624
26-15-20-19 误差(Ha): e0=2.29e-02 | e1=6.03e-03 | e2=7.78e-03 | e3=7.79e-02
26-15-20-19 #-----------------------------------------#
26-15-20-19 [Step 197] logΨ: mean=2.886+0.660j
26-15-20-19 梯度监控 | raw=315.2508 | natural=0.6036 | clipped=0.6036(上限20.0) | t_grad=1ms t_qgt=2ms
26-15-20-19 冻结状态 | frozen_set=[3] | P_a/P=831/1108 | QGT=690561 | 本轮实际训练参数=831
26-15-20-19 连续达标轮数 | j0=0/5 | j1=0/5 | j2=0/5 | j3=0/5(已冻结)
26-15-20-19 Ψ矩阵条件数 cond(Ψ) = 2.07e+01 | 累计|g| = 10.4858 | 有效walker n_valid = 3200
26-15-20-19 Loss=-2.984246 | E0=-1.03297896 | E1=-0.95223412|E2=-0.66100170|E3=-0.48570944
26-15-20-19 误差(Ha): e0=2.14e-02 | e1=5.67e-03 | e2=7.95e-03 | e3=6.57e-02
26-15-20-19 #-----------------------------------------#
26-15-20-19 [Step 198] logΨ: mean=2.950+0.956j
26-15-20-19 梯度监控 | raw=199.4292 | natural=0.1312 | clipped=0.1312(上限20.0) | t_grad=1ms t_qgt=3ms
26-15-20-19 冻结状态 | frozen_set=[3] | P_a/P=831/1108 | QGT=690561 | 本轮实际训练参数=831
26-15-20-19 连续达标轮数 | j0=0/5 | j1=0/5 | j2=0/5 | j3=0/5(已冻结)
26-15-20-19 Ψ矩阵条件数 cond(Ψ) = 2.08e+01 | 累计|g| = 10.4858 | 有效walker n_valid = 3200
26-15-20-19 Loss=-3.021466 | E0=-1.03520886 | E1=-0.95235358|E2=-0.66150561|E3=-0.50213510
26-15-20-19 误差(Ha): e0=1.91e-02 | e1=5.55e-03 | e2=7.45e-03 | e3=4.93e-02
26-15-20-19 #-----------------------------------------#
26-15-20-19 [Step 199] logΨ: mean=2.862+0.474j
26-15-20-19 梯度监控 | raw=234.1356 | natural=0.1792 | clipped=0.1792(上限20.0) | t_grad=1ms t_qgt=3ms
26-15-20-19 冻结状态 | frozen_set=[3] | P_a/P=831/1108 | QGT=690561 | 本轮实际训练参数=831
26-15-20-19 连续达标轮数 | j0=0/5 | j1=0/5 | j2=0/5 | j3=0/5(已冻结)
26-15-20-19 Ψ矩阵条件数 cond(Ψ) = 2.04e+01 | 累计|g| = 10.4858 | 有效walker n_valid = 3200
26-15-20-19 Loss=-3.008290 | E0=-1.03594589 | E1=-0.95257344|E2=-0.66168326|E3=-0.50513030
26-15-20-19 误差(Ha): e0=1.84e-02 | e1=5.33e-03 | e2=7.27e-03 | e3=4.63e-02
26-15-20-19 #-----------------------------------------#
26-15-20-19 [保存] Step 199 → pickle 已更新 (200 条记录)
26-15-20-19 [GaugeReset@200] 吸收 Δg = Σ Re(col_mean) = +19.4009 | 新|g| = 10.3477
26-15-20-19 [Step 200] logΨ: mean=2.896+1.036j
26-15-20-19 梯度监控 | raw=177.6606 | natural=0.8062 | clipped=0.8062(上限20.0) | t_grad=1ms t_qgt=4ms
26-15-20-19 冻结状态 | frozen_set=[3] | P_a/P=831/1108 | QGT=690561 | 本轮实际训练参数=831
26-15-20-19 连续达标轮数 | j0=0/5 | j1=0/5 | j2=0/5 | j3=0/5(已冻结)
26-15-20-19 Ψ矩阵条件数 cond(Ψ) = 4.35e+01 | 累计|g| = 10.3477 | 有效walker n_valid = 3200
26-15-20-19 Loss=-3.055894 | E0=-1.03661652 | E1=-0.95315466|E2=-0.66123645|E3=-0.51752996
26-15-20-19 误差(Ha): e0=1.77e-02 | e1=4.75e-03 | e2=7.72e-03 | e3=3.39e-02
26-15-20-19 #-----------------------------------------#
26-15-20-19 [Step 201] logΨ: mean=3.073+1.078j
26-15-20-19 梯度监控 | raw=152.0969 | natural=0.2081 | clipped=0.2081(上限20.0) | t_grad=0ms t_qgt=3ms
26-15-20-19 冻结状态 | frozen_set=[3] | P_a/P=831/1108 | QGT=690561 | 本轮实际训练参数=831
26-15-20-19 连续达标轮数 | j0=0/5 | j1=0/5 | j2=0/5 | j3=0/5(已冻结)
26-15-20-19 Ψ矩阵条件数 cond(Ψ) = 4.37e+01 | 累计|g| = 10.3477 | 有效walker n_valid = 3200
26-15-20-19 Loss=-3.101605 | E0=-1.03727427 | E1=-0.95337413|E2=-0.66226195|E3=-0.52382552
26-15-20-19 误差(Ha): e0=1.71e-02 | e1=4.53e-03 | e2=6.69e-03 | e3=2.76e-02
26-15-20-19 #-----------------------------------------#
26-15-20-19 [Step 202] logΨ: mean=3.008+0.955j
26-15-20-19 梯度监控 | raw=129.5111 | natural=0.1449 | clipped=0.1449(上限20.0) | t_grad=1ms t_qgt=2ms
26-15-20-19 冻结状态 | frozen_set=[3] | P_a/P=831/1108 | QGT=690561 | 本轮实际训练参数=831
26-15-20-19 连续达标轮数 | j0=0/5 | j1=0/5 | j2=0/5 | j3=0/5(已冻结)
26-15-20-19 Ψ矩阵条件数 cond(Ψ) = 4.17e+01 | 累计|g| = 10.3477 | 有效walker n_valid = 3200
26-15-20-19 Loss=-3.094772 | E0=-1.03793306 | E1=-0.95371413|E2=-0.66229567|E3=-0.52578202
26-15-20-19 误差(Ha): e0=1.64e-02 | e1=4.19e-03 | e2=6.66e-03 | e3=2.56e-02
26-15-20-19 #-----------------------------------------#
26-15-20-19 [Step 203] logΨ: mean=3.106+0.946j
26-15-20-19 梯度监控 | raw=104.2533 | natural=0.0635 | clipped=0.0635(上限20.0) | t_grad=0ms t_qgt=3ms
26-15-20-19 冻结状态 | frozen_set=[3] | P_a/P=831/1108 | QGT=690561 | 本轮实际训练参数=831
26-15-20-19 连续达标轮数 | j0=0/5 | j1=0/5 | j2=0/5 | j3=0/5(已冻结)
26-15-20-19 Ψ矩阵条件数 cond(Ψ) = 3.94e+01 | 累计|g| = 10.3477 | 有效walker n_valid = 3200
26-15-20-19 Loss=-3.113038 | E0=-1.03848675 | E1=-0.95376596|E2=-0.66217658|E3=-0.52834062
26-15-20-19 误差(Ha): e0=1.59e-02 | e1=4.14e-03 | e2=6.78e-03 | e3=2.31e-02
26-15-20-19 #-----------------------------------------#
26-15-20-19 [Step 204] logΨ: mean=3.171+0.852j
26-15-20-19 梯度监控 | raw=126.6666 | natural=0.0711 | clipped=0.0711(上限20.0) | t_grad=1ms t_qgt=3ms
26-15-20-19 冻结状态 | frozen_set=[3] | P_a/P=831/1108 | QGT=690561 | 本轮实际训练参数=831
26-15-20-19 连续达标轮数 | j0=0/5 | j1=0/5 | j2=0/5 | j3=0/5(已冻结)
26-15-20-19 Ψ矩阵条件数 cond(Ψ) = 3.83e+01 | 累计|g| = 10.3477 | 有效walker n_valid = 3200
26-15-20-19 Loss=-3.123455 | E0=-1.03883956 | E1=-0.95388689|E2=-0.66216157|E3=-0.53045396
26-15-20-19 误差(Ha): e0=1.55e-02 | e1=4.02e-03 | e2=6.79e-03 | e3=2.09e-02
26-15-20-19 #-----------------------------------------#
26-15-20-19 [Step 205] logΨ: mean=2.636+0.735j
26-15-20-19 梯度监控 | raw=85.1992 | natural=0.7273 | clipped=0.7273(上限20.0) | t_grad=1ms t_qgt=2ms
26-15-20-19 冻结状态 | frozen_set=[3] | P_a/P=831/1108 | QGT=690561 | 本轮实际训练参数=831
26-15-20-19 连续达标轮数 | j0=0/5 | j1=0/5 | j2=0/5 | j3=0/5(已冻结)
26-15-20-19 Ψ矩阵条件数 cond(Ψ) = 3.46e+01 | 累计|g| = 10.3477 | 有效walker n_valid = 3200
26-15-20-19 Loss=-3.143766 | E0=-1.03959498 | E1=-0.95307701|E2=-0.66366936|E3=-0.53193611
26-15-20-19 误差(Ha): e0=1.48e-02 | e1=4.83e-03 | e2=5.28e-03 | e3=1.95e-02
26-15-20-19 #-----------------------------------------#
26-15-20-19 [Step 206] logΨ: mean=2.813+0.840j
26-15-20-19 梯度监控 | raw=46.3646 | natural=0.1488 | clipped=0.1488(上限20.0) | t_grad=1ms t_qgt=2ms
26-15-20-19 冻结状态 | frozen_set=[3] | P_a/P=831/1108 | QGT=690561 | 本轮实际训练参数=831
26-15-20-19 连续达标轮数 | j0=0/5 | j1=0/5 | j2=0/5 | j3=0/5(已冻结)
26-15-20-19 Ψ矩阵条件数 cond(Ψ) = 3.33e+01 | 累计|g| = 10.3477 | 有效walker n_valid = 3200
26-15-20-19 Loss=-3.160348 | E0=-1.04018227 | E1=-0.95298205|E2=-0.66348692|E3=-0.53257797
26-15-20-19 误差(Ha): e0=1.42e-02 | e1=4.92e-03 | e2=5.47e-03 | e3=1.88e-02
26-15-20-19 #-----------------------------------------#
26-15-20-19 [Step 207] logΨ: mean=2.933+1.060j
26-15-20-19 梯度监控 | raw=86.0405 | natural=0.0419 | clipped=0.0419(上限20.0) | t_grad=0ms t_qgt=2ms
26-15-20-19 冻结状态 | frozen_set=[3] | P_a/P=831/1108 | QGT=690561 | 本轮实际训练参数=831
26-15-20-19 连续达标轮数 | j0=0/5 | j1=0/5 | j2=0/5 | j3=0/5(已冻结)
26-15-20-19 Ψ矩阵条件数 cond(Ψ) = 3.37e+01 | 累计|g| = 10.3477 | 有效walker n_valid = 3200
26-15-20-19 Loss=-3.152415 | E0=-1.04037006 | E1=-0.95287615|E2=-0.66382680|E3=-0.53319181
26-15-20-19 误差(Ha): e0=1.40e-02 | e1=5.03e-03 | e2=5.13e-03 | e3=1.82e-02
26-15-20-19 #-----------------------------------------#
26-15-20-19 [Step 208] logΨ: mean=2.934+1.423j
26-15-20-19 梯度监控 | raw=48.6003 | natural=0.1231 | clipped=0.1231(上限20.0) | t_grad=0ms t_qgt=3ms
26-15-20-19 冻结状态 | frozen_set=[3] | P_a/P=831/1108 | QGT=690561 | 本轮实际训练参数=831
26-15-20-19 连续达标轮数 | j0=0/5 | j1=0/5 | j2=0/5 | j3=0/5(已冻结)
26-15-20-19 Ψ矩阵条件数 cond(Ψ) = 3.29e+01 | 累计|g| = 10.3477 | 有效walker n_valid = 3200
26-15-20-19 Loss=-3.162488 | E0=-1.04063517 | E1=-0.95290873|E2=-0.66365271|E3=-0.53394734
26-15-20-19 误差(Ha): e0=1.37e-02 | e1=5.00e-03 | e2=5.30e-03 | e3=1.75e-02
26-15-20-19 #-----------------------------------------#
26-15-20-19 [Step 209] logΨ: mean=2.860+1.322j
26-15-20-19 梯度监控 | raw=57.9010 | natural=0.2315 | clipped=0.2315(上限20.0) | t_grad=0ms t_qgt=2ms
26-15-20-19 冻结状态 | frozen_set=[3] | P_a/P=831/1108 | QGT=690561 | 本轮实际训练参数=831
26-15-20-19 连续达标轮数 | j0=0/5 | j1=0/5 | j2=0/5 | j3=0/5(已冻结)
26-15-20-19 Ψ矩阵条件数 cond(Ψ) = 3.16e+01 | 累计|g| = 10.3477 | 有效walker n_valid = 3200
26-15-20-19 Loss=-3.146353 | E0=-1.04100961 | E1=-0.95320596|E2=-0.66500983|E3=-0.53470237
26-15-20-19 误差(Ha): e0=1.33e-02 | e1=4.70e-03 | e2=3.94e-03 | e3=1.67e-02
26-15-20-19 #-----------------------------------------#
26-15-20-19 [GaugeReset@210] 吸收 Δg = Σ Re(col_mean) = +19.6429 | 新|g| = 10.4631
26-15-20-19 [Step 210] logΨ: mean=2.699+0.725j
26-15-20-19 梯度监控 | raw=41.2839 | natural=0.1014 | clipped=0.1014(上限20.0) | t_grad=0ms t_qgt=3ms
26-15-20-19 冻结状态 | frozen_set=[3] | P_a/P=831/1108 | QGT=690561 | 本轮实际训练参数=831
26-15-20-19 连续达标轮数 | j0=0/5 | j1=0/5 | j2=0/5 | j3=0/5(已冻结)
26-15-20-19 Ψ矩阵条件数 cond(Ψ) = 2.35e+01 | 累计|g| = 10.4631 | 有效walker n_valid = 3200
26-15-20-19 Loss=-3.155775 | E0=-1.04117350 | E1=-0.95314388|E2=-0.66476810|E3=-0.53565125
26-15-20-19 误差(Ha): e0=1.32e-02 | e1=4.76e-03 | e2=4.18e-03 | e3=1.58e-02
26-15-20-19 #-----------------------------------------#
26-15-20-19 [Step 211] logΨ: mean=2.803+0.472j
26-15-20-19 梯度监控 | raw=44.0378 | natural=0.0896 | clipped=0.0896(上限20.0) | t_grad=0ms t_qgt=2ms
26-15-20-19 冻结状态 | frozen_set=[3] | P_a/P=831/1108 | QGT=690561 | 本轮实际训练参数=831
26-15-20-19 连续达标轮数 | j0=0/5 | j1=0/5 | j2=0/5 | j3=0/5(已冻结)
26-15-20-19 Ψ矩阵条件数 cond(Ψ) = 4.66e+01 | 累计|g| = 10.4631 | 有效walker n_valid = 3200
26-15-20-19 Loss=-3.171960 | E0=-1.04134852 | E1=-0.95332041|E2=-0.66462037|E3=-0.53678855
26-15-20-19 误差(Ha): e0=1.30e-02 | e1=4.59e-03 | e2=4.33e-03 | e3=1.46e-02
26-15-20-19 #-----------------------------------------#
26-15-20-19 [Step 212] logΨ: mean=2.725+0.160j
26-15-20-19 梯度监控 | raw=29.5233 | natural=0.1122 | clipped=0.1122(上限20.0) | t_grad=0ms t_qgt=4ms
26-15-20-19 冻结状态 | frozen_set=[3] | P_a/P=831/1108 | QGT=690561 | 本轮实际训练参数=831
26-15-20-19 连续达标轮数 | j0=0/5 | j1=0/5 | j2=0/5 | j3=0/5(已冻结)
26-15-20-19 Ψ矩阵条件数 cond(Ψ) = 4.12e+01 | 累计|g| = 10.4631 | 有效walker n_valid = 3200
26-15-20-19 Loss=-3.165791 | E0=-1.04154190 | E1=-0.95338990|E2=-0.66426658|E3=-0.53769679
26-15-20-19 误差(Ha): e0=1.28e-02 | e1=4.52e-03 | e2=4.69e-03 | e3=1.37e-02
26-15-20-19 #-----------------------------------------#
26-15-20-19 [Step 213] logΨ: mean=2.852+0.645j
26-15-20-19 梯度监控 | raw=38.5137 | natural=0.0895 | clipped=0.0895(上限20.0) | t_grad=0ms t_qgt=3ms
26-15-20-19 冻结状态 | frozen_set=[3] | P_a/P=831/1108 | QGT=690561 | 本轮实际训练参数=831
26-15-20-19 连续达标轮数 | j0=0/5 | j1=0/5 | j2=0/5 | j3=0/5(已冻结)
26-15-20-19 Ψ矩阵条件数 cond(Ψ) = 4.11e+01 | 累计|g| = 10.4631 | 有效walker n_valid = 3200
26-15-20-19 Loss=-3.175775 | E0=-1.04175788 | E1=-0.95343797|E2=-0.66388447|E3=-0.53853110
26-15-20-19 误差(Ha): e0=1.26e-02 | e1=4.47e-03 | e2=5.07e-03 | e3=1.29e-02
26-15-20-19 #-----------------------------------------#
26-15-20-19 [Step 214] logΨ: mean=2.881+0.643j
26-15-20-19 梯度监控 | raw=12.6150 | natural=0.0726 | clipped=0.0726(上限20.0) | t_grad=0ms t_qgt=3ms
26-15-20-19 冻结状态 | frozen_set=[3] | P_a/P=831/1108 | QGT=690561 | 本轮实际训练参数=831
26-15-20-19 连续达标轮数 | j0=0/5 | j1=0/5 | j2=0/5 | j3=0/5(已冻结)
26-15-20-19 Ψ矩阵条件数 cond(Ψ) = 4.45e+01 | 累计|g| = 10.4631 | 有效walker n_valid = 3200
26-15-20-19 Loss=-3.193952 | E0=-1.04200863 | E1=-0.95359891|E2=-0.66396596|E3=-0.54000752
26-15-20-19 误差(Ha): e0=1.23e-02 | e1=4.31e-03 | e2=4.99e-03 | e3=1.14e-02
26-15-20-19 #-----------------------------------------#
26-15-20-19 [Step 215] logΨ: mean=2.881+0.711j
26-15-20-19 梯度监控 | raw=7.0478 | natural=0.0625 | clipped=0.0625(上限20.0) | t_grad=1ms t_qgt=3ms
26-15-20-19 冻结状态 | frozen_set=[3] | P_a/P=831/1108 | QGT=690561 | 本轮实际训练参数=831
26-15-20-19 连续达标轮数 | j0=0/5 | j1=0/5 | j2=0/5 | j3=0/5(已冻结)
26-15-20-19 Ψ矩阵条件数 cond(Ψ) = 4.26e+01 | 累计|g| = 10.4631 | 有效walker n_valid = 3200
26-15-20-19 Loss=-3.187979 | E0=-1.04214633 | E1=-0.95345513|E2=-0.66382220|E3=-0.54035216
26-15-20-19 误差(Ha): e0=1.22e-02 | e1=4.45e-03 | e2=5.13e-03 | e3=1.10e-02
26-15-20-19 #-----------------------------------------#
26-15-20-19 [Step 216] logΨ: mean=2.828+0.436j
26-15-20-19 梯度监控 | raw=21.7203 | natural=0.0744 | clipped=0.0744(上限20.0) | t_grad=0ms t_qgt=4ms
26-15-20-19 冻结状态 | frozen_set=[3] | P_a/P=831/1108 | QGT=690561 | 本轮实际训练参数=831
26-15-20-19 连续达标轮数 | j0=0/5 | j1=0/5 | j2=0/5 | j3=0/5(已冻结)
26-15-20-19 Ψ矩阵条件数 cond(Ψ) = 4.06e+01 | 累计|g| = 10.4631 | 有效walker n_valid = 3200
26-15-20-19 Loss=-3.184765 | E0=-1.04223634 | E1=-0.95336679|E2=-0.66403821|E3=-0.54077306
26-15-20-19 误差(Ha): e0=1.21e-02 | e1=4.54e-03 | e2=4.91e-03 | e3=1.06e-02
26-15-20-19 #-----------------------------------------#
26-15-20-19 [Step 217] logΨ: mean=2.879+0.788j
26-15-20-19 梯度监控 | raw=5.1904 | natural=0.1156 | clipped=0.1156(上限20.0) | t_grad=0ms t_qgt=3ms
26-15-20-19 冻结状态 | frozen_set=[3] | P_a/P=831/1108 | QGT=690561 | 本轮实际训练参数=831
26-15-20-19 连续达标轮数 | j0=0/5 | j1=0/5 | j2=0/5 | j3=0/5(已冻结)
26-15-20-19 Ψ矩阵条件数 cond(Ψ) = 3.60e+01 | 累计|g| = 10.4631 | 有效walker n_valid = 3200
26-15-20-19 Loss=-3.192513 | E0=-1.04240778 | E1=-0.95337440|E2=-0.66433031|E3=-0.54124277
26-15-20-19 误差(Ha): e0=1.19e-02 | e1=4.53e-03 | e2=4.62e-03 | e3=1.02e-02
26-15-20-19 #-----------------------------------------#
26-15-20-19 [Step 218] logΨ: mean=3.067+0.628j
26-15-20-19 梯度监控 | raw=16.1105 | natural=0.1511 | clipped=0.1511(上限20.0) | t_grad=1ms t_qgt=4ms
26-15-20-19 冻结状态 | frozen_set=[3] | P_a/P=831/1108 | QGT=690561 | 本轮实际训练参数=831
26-15-20-19 连续达标轮数 | j0=0/5 | j1=0/5 | j2=0/5 | j3=0/5(已冻结)
26-15-20-19 Ψ矩阵条件数 cond(Ψ) = 4.99e+01 | 累计|g| = 10.4631 | 有效walker n_valid = 3200
26-15-20-19 Loss=-3.176687 | E0=-1.04276947 | E1=-0.95266569|E2=-0.66332645|E3=-0.54160919
26-15-20-19 误差(Ha): e0=1.16e-02 | e1=5.24e-03 | e2=5.63e-03 | e3=9.79e-03
26-15-20-19 #-----------------------------------------#
26-15-20-19 [Step 219] logΨ: mean=2.915+0.702j
26-15-20-19 梯度监控 | raw=21.8431 | natural=0.1221 | clipped=0.1221(上限20.0) | t_grad=1ms t_qgt=3ms
26-15-20-19 冻结状态 | frozen_set=[3] | P_a/P=831/1108 | QGT=690561 | 本轮实际训练参数=831
26-15-20-19 连续达标轮数 | j0=0/5 | j1=0/5 | j2=0/5 | j3=0/5(已冻结)
26-15-20-19 Ψ矩阵条件数 cond(Ψ) = 4.61e+01 | 累计|g| = 10.4631 | 有效walker n_valid = 3200
26-15-20-19 Loss=-3.182466 | E0=-1.04290918 | E1=-0.95278108|E2=-0.66297171|E3=-0.54218196
26-15-20-19 误差(Ha): e0=1.14e-02 | e1=5.12e-03 | e2=5.98e-03 | e3=9.22e-03
26-15-20-19 #-----------------------------------------#
26-15-20-19 [保存] Step 219 → pickle 已更新 (220 条记录)
26-15-20-19 [GaugeReset@220] 吸收 Δg = Σ Re(col_mean) = +19.6679 | 新|g| = 10.4732
26-15-20-19 [Step 220] logΨ: mean=2.963+0.843j
26-15-20-19 梯度监控 | raw=18.1227 | natural=0.1027 | clipped=0.1027(上限20.0) | t_grad=1ms t_qgt=4ms
26-15-20-19 冻结状态 | frozen_set=[3] | P_a/P=831/1108 | QGT=690561 | 本轮实际训练参数=831
26-15-20-19 连续达标轮数 | j0=0/5 | j1=0/5 | j2=0/5 | j3=0/5(已冻结)
26-15-20-19 Ψ矩阵条件数 cond(Ψ) = 6.46e+01 | 累计|g| = 10.4732 | 有效walker n_valid = 3200
26-15-20-19 Loss=-3.189347 | E0=-1.04299577 | E1=-0.95245551|E2=-0.66240753|E3=-0.54280623
26-15-20-19 误差(Ha): e0=1.14e-02 | e1=5.45e-03 | e2=6.54e-03 | e3=8.60e-03
26-15-20-19 #-----------------------------------------#
26-15-20-19 [Step 221] logΨ: mean=3.166+0.649j
26-15-20-19 梯度监控 | raw=7.9481 | natural=0.0636 | clipped=0.0636(上限20.0) | t_grad=1ms t_qgt=3ms
26-15-20-19 冻结状态 | frozen_set=[3] | P_a/P=831/1108 | QGT=690561 | 本轮实际训练参数=831
26-15-20-19 连续达标轮数 | j0=0/5 | j1=0/5 | j2=0/5 | j3=0/5(已冻结)
26-15-20-19 Ψ矩阵条件数 cond(Ψ) = 7.79e+01 | 累计|g| = 10.4732 | 有效walker n_valid = 3200
26-15-20-19 Loss=-3.193288 | E0=-1.04302556 | E1=-0.95235806|E2=-0.66200495|E3=-0.54316905
26-15-20-19 误差(Ha): e0=1.13e-02 | e1=5.55e-03 | e2=6.95e-03 | e3=8.23e-03
26-15-20-19 #-----------------------------------------#
26-15-20-19 [Step 222] logΨ: mean=3.073+0.798j
26-15-20-19 梯度监控 | raw=14.0987 | natural=0.1019 | clipped=0.1019(上限20.0) | t_grad=1ms t_qgt=3ms
26-15-20-19 冻结状态 | frozen_set=[3] | P_a/P=831/1108 | QGT=690561 | 本轮实际训练参数=831
26-15-20-19 连续达标轮数 | j0=0/5 | j1=0/5 | j2=0/5 | j3=0/5(已冻结)
26-15-20-19 Ψ矩阵条件数 cond(Ψ) = 6.52e+01 | 累计|g| = 10.4732 | 有效walker n_valid = 3200
26-15-20-19 Loss=-3.189334 | E0=-1.04314594 | E1=-0.95241402|E2=-0.66192966|E3=-0.54361280
26-15-20-19 误差(Ha): e0=1.12e-02 | e1=5.49e-03 | e2=7.02e-03 | e3=7.79e-03
26-15-20-19 #-----------------------------------------#
26-15-20-19 [Step 223] logΨ: mean=3.053+0.983j
26-15-20-19 梯度监控 | raw=28.2019 | natural=0.1127 | clipped=0.1127(上限20.0) | t_grad=1ms t_qgt=2ms
26-15-20-19 冻结状态 | frozen_set=[3] | P_a/P=831/1108 | QGT=690561 | 本轮实际训练参数=831
26-15-20-19 连续达标轮数 | j0=0/5 | j1=0/5 | j2=0/5 | j3=0/5(已冻结)
26-15-20-19 Ψ矩阵条件数 cond(Ψ) = 1.31e+02 | 累计|g| = 10.4732 | 有效walker n_valid = 3200
26-15-20-19 Loss=-3.197995 | E0=-1.04314019 | E1=-0.95250329|E2=-0.66242535|E3=-0.54288280
26-15-20-19 误差(Ha): e0=1.12e-02 | e1=5.40e-03 | e2=6.53e-03 | e3=8.52e-03
26-15-20-19 #-----------------------------------------#
26-15-20-19 [Step 224] logΨ: mean=3.131+1.440j
26-15-20-19 梯度监控 | raw=3.9605 | natural=0.0192 | clipped=0.0192(上限20.0) | t_grad=1ms t_qgt=2ms
26-15-20-19 冻结状态 | frozen_set=[3] | P_a/P=831/1108 | QGT=690561 | 本轮实际训练参数=831
26-15-20-19 连续达标轮数 | j0=0/5 | j1=0/5 | j2=0/5 | j3=0/5(已冻结)
26-15-20-19 Ψ矩阵条件数 cond(Ψ) = 6.00e+01 | 累计|g| = 10.4732 | 有效walker n_valid = 3200
26-15-20-19 Loss=-3.198257 | E0=-1.04318326 | E1=-0.95271984|E2=-0.66242393|E3=-0.54346021
26-15-20-19 误差(Ha): e0=1.12e-02 | e1=5.19e-03 | e2=6.53e-03 | e3=7.94e-03
26-15-20-19 #-----------------------------------------#
26-15-20-19 [Step 225] logΨ: mean=2.983+1.204j
26-15-20-19 梯度监控 | raw=9.1545 | natural=0.1407 | clipped=0.1407(上限20.0) | t_grad=0ms t_qgt=2ms
26-15-20-19 冻结状态 | frozen_set=[3] | P_a/P=831/1108 | QGT=690561 | 本轮实际训练参数=831
26-15-20-19 连续达标轮数 | j0=0/5 | j1=0/5 | j2=0/5 | j3=0/5(已冻结)
26-15-20-19 Ψ矩阵条件数 cond(Ψ) = 4.88e+01 | 累计|g| = 10.4732 | 有效walker n_valid = 3200
26-15-20-19 Loss=-3.200260 | E0=-1.04327123 | E1=-0.95317608|E2=-0.66256368|E3=-0.54400913
26-15-20-19 误差(Ha): e0=1.11e-02 | e1=4.73e-03 | e2=6.39e-03 | e3=7.39e-03
26-15-20-19 #-----------------------------------------#
26-15-20-19 [Step 226] logΨ: mean=3.032+1.417j
26-15-20-19 梯度监控 | raw=4.3726 | natural=0.0443 | clipped=0.0443(上限20.0) | t_grad=2ms t_qgt=3ms
26-15-20-19 冻结状态 | frozen_set=[3] | P_a/P=831/1108 | QGT=690561 | 本轮实际训练参数=831
26-15-20-19 连续达标轮数 | j0=0/5 | j1=0/5 | j2=0/5 | j3=0/5(已冻结)
26-15-20-19 Ψ矩阵条件数 cond(Ψ) = 4.92e+01 | 累计|g| = 10.4732 | 有效walker n_valid = 3200
26-15-20-19 Loss=-3.196927 | E0=-1.04332579 | E1=-0.95274342|E2=-0.66282942|E3=-0.54397458
26-15-20-19 误差(Ha): e0=1.10e-02 | e1=5.16e-03 | e2=6.12e-03 | e3=7.43e-03
26-15-20-19 #-----------------------------------------#
26-15-20-19 [Step 227] logΨ: mean=3.400+1.542j
26-15-20-19 梯度监控 | raw=3.8981 | natural=0.0912 | clipped=0.0912(上限20.0) | t_grad=0ms t_qgt=3ms
26-15-20-19 冻结状态 | frozen_set=[3] | P_a/P=831/1108 | QGT=690561 | 本轮实际训练参数=831
26-15-20-19 连续达标轮数 | j0=0/5 | j1=0/5 | j2=0/5 | j3=0/5(已冻结)
26-15-20-19 Ψ矩阵条件数 cond(Ψ) = 6.37e+01 | 累计|g| = 10.4732 | 有效walker n_valid = 3200
26-15-20-19 Loss=-3.201042 | E0=-1.04343002 | E1=-0.95179773|E2=-0.66208505|E3=-0.54372092
26-15-20-19 误差(Ha): e0=1.09e-02 | e1=6.11e-03 | e2=6.87e-03 | e3=7.68e-03
26-15-20-19 #-----------------------------------------#
26-15-20-19 [Step 228] logΨ: mean=3.503+1.642j
26-15-20-19 梯度监控 | raw=2.9159 | natural=0.0910 | clipped=0.0910(上限20.0) | t_grad=1ms t_qgt=2ms
26-15-20-19 冻结状态 | frozen_set=[3] | P_a/P=831/1108 | QGT=690561 | 本轮实际训练参数=831
26-15-20-19 连续达标轮数 | j0=0/5 | j1=0/5 | j2=0/5 | j3=0/5(已冻结)
26-15-20-19 Ψ矩阵条件数 cond(Ψ) = 5.66e+01 | 累计|g| = 10.4732 | 有效walker n_valid = 3200
26-15-20-19 Loss=-3.197182 | E0=-1.04350050 | E1=-0.95241197|E2=-0.66194763|E3=-0.54427870
26-15-20-19 误差(Ha): e0=1.08e-02 | e1=5.49e-03 | e2=7.00e-03 | e3=7.12e-03
26-15-20-19 #-----------------------------------------#
26-15-20-19 [Step 229] logΨ: mean=3.353+1.614j
26-15-20-19 梯度监控 | raw=4.5982 | natural=0.0855 | clipped=0.0855(上限20.0) | t_grad=1ms t_qgt=3ms
26-15-20-19 冻结状态 | frozen_set=[3] | P_a/P=831/1108 | QGT=690561 | 本轮实际训练参数=831
26-15-20-19 连续达标轮数 | j0=0/5 | j1=0/5 | j2=0/5 | j3=0/5(已冻结)
26-15-20-19 Ψ矩阵条件数 cond(Ψ) = 5.40e+01 | 累计|g| = 10.4732 | 有效walker n_valid = 3200
26-15-20-19 Loss=-3.196848 | E0=-1.04357407 | E1=-0.95273286|E2=-0.66190704|E3=-0.54465296
26-15-20-19 误差(Ha): e0=1.08e-02 | e1=5.17e-03 | e2=7.05e-03 | e3=6.75e-03
26-15-20-19 #-----------------------------------------#
26-15-20-19 [GaugeReset@230] 吸收 Δg = Σ Re(col_mean) = +19.9740 | 新|g| = 10.6298
26-15-20-19 [Step 230] logΨ: mean=2.980+1.409j
26-15-20-19 梯度监控 | raw=2.4591 | natural=0.0525 | clipped=0.0525(上限20.0) | t_grad=0ms t_qgt=2ms
26-15-20-19 冻结状态 | frozen_set=[3] | P_a/P=831/1108 | QGT=690561 | 本轮实际训练参数=831
26-15-20-19 连续达标轮数 | j0=0/5 | j1=0/5 | j2=0/5 | j3=0/5(已冻结)
26-15-20-19 Ψ矩阵条件数 cond(Ψ) = 4.90e+01 | 累计|g| = 10.6298 | 有效walker n_valid = 3200
26-15-20-19 Loss=-3.198387 | E0=-1.04363779 | E1=-0.95300442|E2=-0.66207902|E3=-0.54515927
26-15-20-19 误差(Ha): e0=1.07e-02 | e1=4.90e-03 | e2=6.87e-03 | e3=6.24e-03
26-15-20-19 #-----------------------------------------#
26-15-20-19 [Step 231] logΨ: mean=2.955+1.125j
26-15-20-19 梯度监控 | raw=3.9018 | natural=0.0868 | clipped=0.0868(上限20.0) | t_grad=0ms t_qgt=2ms
26-15-20-19 冻结状态 | frozen_set=[3] | P_a/P=831/1108 | QGT=690561 | 本轮实际训练参数=831
26-15-20-19 连续达标轮数 | j0=0/5 | j1=0/5 | j2=0/5 | j3=0/5(已冻结)
26-15-20-19 Ψ矩阵条件数 cond(Ψ) = 4.72e+01 | 累计|g| = 10.6298 | 有效walker n_valid = 3200
26-15-20-19 Loss=-3.198708 | E0=-1.04365758 | E1=-0.95311599|E2=-0.66225733|E3=-0.54557075
26-15-20-19 误差(Ha): e0=1.07e-02 | e1=4.79e-03 | e2=6.69e-03 | e3=5.83e-03
26-15-20-19 #-----------------------------------------#
26-15-20-19 [Step 232] logΨ: mean=2.862+0.765j
26-15-20-19 梯度监控 | raw=8.2277 | natural=0.0923 | clipped=0.0923(上限20.0) | t_grad=0ms t_qgt=2ms
26-15-20-19 冻结状态 | frozen_set=[3] | P_a/P=831/1108 | QGT=690561 | 本轮实际训练参数=831
26-15-20-19 连续达标轮数 | j0=0/5 | j1=0/5 | j2=0/5 | j3=0/5(已冻结)
26-15-20-19 Ψ矩阵条件数 cond(Ψ) = 1.35e+02 | 累计|g| = 10.6298 | 有效walker n_valid = 3200
26-15-20-19 Loss=-3.197357 | E0=-1.04378257 | E1=-0.95302150|E2=-0.66249857|E3=-0.54586155
26-15-20-19 误差(Ha): e0=1.06e-02 | e1=4.88e-03 | e2=6.45e-03 | e3=5.54e-03
26-15-20-19 #-----------------------------------------#
26-15-20-19 [Step 233] logΨ: mean=3.094+0.677j
26-15-20-19 梯度监控 | raw=0.3540 | natural=0.0435 | clipped=0.0435(上限20.0) | t_grad=1ms t_qgt=3ms
26-15-20-19 冻结状态 | frozen_set=[3] | P_a/P=831/1108 | QGT=690561 | 本轮实际训练参数=831
26-15-20-19 连续达标轮数 | j0=0/5 | j1=0/5 | j2=0/5 | j3=0/5(已冻结)
26-15-20-19 Ψ矩阵条件数 cond(Ψ) = 4.34e+01 | 累计|g| = 10.6298 | 有效walker n_valid = 3200
26-15-20-19 Loss=-3.204848 | E0=-1.04378330 | E1=-0.95308069|E2=-0.66218871|E3=-0.54614473
26-15-20-19 误差(Ha): e0=1.06e-02 | e1=4.83e-03 | e2=6.76e-03 | e3=5.26e-03
26-15-20-19 #-----------------------------------------#
26-15-20-19 [Step 234] logΨ: mean=3.176+0.602j
26-15-20-19 梯度监控 | raw=1.9896 | natural=0.0713 | clipped=0.0713(上限20.0) | t_grad=1ms t_qgt=3ms
26-15-20-19 冻结状态 | frozen_set=[3] | P_a/P=831/1108 | QGT=690561 | 本轮实际训练参数=831
26-15-20-19 连续达标轮数 | j0=0/5 | j1=0/5 | j2=0/5 | j3=0/5(已冻结)
26-15-20-19 Ψ矩阵条件数 cond(Ψ) = 4.19e+01 | 累计|g| = 10.6298 | 有效walker n_valid = 3200
26-15-20-19 Loss=-3.204700 | E0=-1.04385599 | E1=-0.95305781|E2=-0.66243545|E3=-0.54628886
26-15-20-19 误差(Ha): e0=1.05e-02 | e1=4.85e-03 | e2=6.52e-03 | e3=5.11e-03
26-15-20-19 #-----------------------------------------#
26-15-20-19 [Step 235] logΨ: mean=2.964+0.488j
26-15-20-19 梯度监控 | raw=11.4705 | natural=0.1457 | clipped=0.1457(上限20.0) | t_grad=0ms t_qgt=3ms
26-15-20-19 冻结状态 | frozen_set=[3] | P_a/P=831/1108 | QGT=690561 | 本轮实际训练参数=831
26-15-20-19 连续达标轮数 | j0=0/5 | j1=0/5 | j2=0/5 | j3=0/5(已冻结)
26-15-20-19 Ψ矩阵条件数 cond(Ψ) = 4.23e+01 | 累计|g| = 10.6298 | 有效walker n_valid = 3200
26-15-20-19 Loss=-3.174897 | E0=-1.04391713 | E1=-0.95323977|E2=-0.66243234|E3=-0.54628456
26-15-20-19 误差(Ha): e0=1.04e-02 | e1=4.67e-03 | e2=6.52e-03 | e3=5.12e-03
26-15-20-19 #-----------------------------------------#
26-15-20-19 [Step 236] logΨ: mean=3.007+0.262j
26-15-20-19 梯度监控 | raw=3.2123 | natural=0.0889 | clipped=0.0889(上限20.0) | t_grad=0ms t_qgt=3ms
26-15-20-19 冻结状态 | frozen_set=[3] | P_a/P=831/1108 | QGT=690561 | 本轮实际训练参数=831
26-15-20-19 连续达标轮数 | j0=0/5 | j1=0/5 | j2=0/5 | j3=0/5(已冻结)
26-15-20-19 Ψ矩阵条件数 cond(Ψ) = 3.93e+01 | 累计|g| = 10.6298 | 有效walker n_valid = 3200
26-15-20-19 Loss=-3.207937 | E0=-1.04391161 | E1=-0.95372772|E2=-0.66294692|E3=-0.54674611
26-15-20-19 误差(Ha): e0=1.04e-02 | e1=4.18e-03 | e2=6.01e-03 | e3=4.66e-03
26-15-20-19 #-----------------------------------------#
26-15-20-19 [Step 237] logΨ: mean=3.014+0.468j
26-15-20-19 梯度监控 | raw=2.3614 | natural=0.0870 | clipped=0.0870(上限20.0) | t_grad=0ms t_qgt=2ms
26-15-20-19 冻结状态 | frozen_set=[3] | P_a/P=831/1108 | QGT=690561 | 本轮实际训练参数=831
26-15-20-19 连续达标轮数 | j0=0/5 | j1=0/5 | j2=0/5 | j3=0/5(已冻结)
26-15-20-19 Ψ矩阵条件数 cond(Ψ) = 3.59e+01 | 累计|g| = 10.6298 | 有效walker n_valid = 3200
26-15-20-19 Loss=-3.200259 | E0=-1.04397641 | E1=-0.95366858|E2=-0.66278974|E3=-0.54700406
26-15-20-19 误差(Ha): e0=1.04e-02 | e1=4.24e-03 | e2=6.16e-03 | e3=4.40e-03
26-15-20-19 #-----------------------------------------#
26-15-20-19 [Step 238] logΨ: mean=3.098+0.682j
26-15-20-19 梯度监控 | raw=1.9935 | natural=0.0811 | clipped=0.0811(上限20.0) | t_grad=1ms t_qgt=3ms
26-15-20-19 冻结状态 | frozen_set=[3] | P_a/P=831/1108 | QGT=690561 | 本轮实际训练参数=831
26-15-20-19 连续达标轮数 | j0=0/5 | j1=0/5 | j2=0/5 | j3=0/5(已冻结)
26-15-20-19 Ψ矩阵条件数 cond(Ψ) = 3.62e+01 | 累计|g| = 10.6298 | 有效walker n_valid = 3200
26-15-20-19 Loss=-3.195891 | E0=-1.04401834 | E1=-0.95312951|E2=-0.66223590|E3=-0.54712349
26-15-20-19 误差(Ha): e0=1.03e-02 | e1=4.78e-03 | e2=6.72e-03 | e3=4.28e-03
26-15-20-19 #-----------------------------------------#
26-15-20-19 [Step 239] logΨ: mean=3.051+0.660j
26-15-20-19 梯度监控 | raw=1.7643 | natural=0.0874 | clipped=0.0874(上限20.0) | t_grad=1ms t_qgt=3ms
26-15-20-19 冻结状态 | frozen_set=[3] | P_a/P=831/1108 | QGT=690561 | 本轮实际训练参数=831
26-15-20-19 连续达标轮数 | j0=0/5 | j1=0/5 | j2=0/5 | j3=0/5(已冻结)
26-15-20-19 Ψ矩阵条件数 cond(Ψ) = 3.90e+01 | 累计|g| = 10.6298 | 有效walker n_valid = 3200
26-15-20-19 Loss=-3.204205 | E0=-1.04397211 | E1=-0.95321732|E2=-0.66343596|E3=-0.54660408
26-15-20-19 误差(Ha): e0=1.04e-02 | e1=4.69e-03 | e2=5.52e-03 | e3=4.80e-03
26-15-20-19 #-----------------------------------------#
26-15-20-19 [保存] Step 239 → pickle 已更新 (240 条记录)
26-15-20-19 [GaugeReset@240] 吸收 Δg = Σ Re(col_mean) = +20.0358 | 新|g| = 10.6909
26-15-20-19 [Step 240] logΨ: mean=3.031+0.654j
26-15-20-19 梯度监控 | raw=2.3358 | natural=0.0224 | clipped=0.0224(上限20.0) | t_grad=1ms t_qgt=2ms
26-15-20-19 冻结状态 | frozen_set=[3] | P_a/P=831/1108 | QGT=690561 | 本轮实际训练参数=831
26-15-20-19 连续达标轮数 | j0=0/5 | j1=0/5 | j2=0/5 | j3=0/5(已冻结)
26-15-20-19 Ψ矩阵条件数 cond(Ψ) = 4.08e+01 | 累计|g| = 10.6909 | 有效walker n_valid = 3200
26-15-20-19 Loss=-3.204931 | E0=-1.04400843 | E1=-0.95313550|E2=-0.66317722|E3=-0.54681624
26-15-20-19 误差(Ha): e0=1.03e-02 | e1=4.77e-03 | e2=5.78e-03 | e3=4.59e-03
26-15-20-19 #-----------------------------------------#
26-15-20-19 [Step 241] logΨ: mean=3.263+0.412j
26-15-20-19 梯度监控 | raw=1.5924 | natural=0.2963 | clipped=0.2963(上限20.0) | t_grad=0ms t_qgt=3ms
26-15-20-19 冻结状态 | frozen_set=[3] | P_a/P=831/1108 | QGT=690561 | 本轮实际训练参数=831
26-15-20-19 连续达标轮数 | j0=0/5 | j1=0/5 | j2=0/5 | j3=0/5(已冻结)
26-15-20-19 Ψ矩阵条件数 cond(Ψ) = 5.63e+01 | 累计|g| = 10.6909 | 有效walker n_valid = 3200
26-15-20-19 Loss=-3.196724 | E0=-1.04418653 | E1=-0.95258229|E2=-0.66192291|E3=-0.54697682
26-15-20-19 误差(Ha): e0=1.02e-02 | e1=5.32e-03 | e2=7.03e-03 | e3=4.43e-03
26-15-20-19 #-----------------------------------------#
26-15-20-19 [Step 242] logΨ: mean=3.357+0.421j
26-15-20-19 梯度监控 | raw=0.4537 | natural=0.0083 | clipped=0.0083(上限20.0) | t_grad=1ms t_qgt=2ms
26-15-20-19 冻结状态 | frozen_set=[3] | P_a/P=831/1108 | QGT=690561 | 本轮实际训练参数=831
26-15-20-19 连续达标轮数 | j0=0/5 | j1=0/5 | j2=0/5 | j3=0/5(已冻结)
26-15-20-19 Ψ矩阵条件数 cond(Ψ) = 5.99e+01 | 累计|g| = 10.6909 | 有效walker n_valid = 3200
26-15-20-19 Loss=-3.204301 | E0=-1.04424229 | E1=-0.95227322|E2=-0.66169247|E3=-0.54717130
26-15-20-19 误差(Ha): e0=1.01e-02 | e1=5.63e-03 | e2=7.26e-03 | e3=4.23e-03
26-15-20-19 #-----------------------------------------#
26-15-20-19 [Step 243] logΨ: mean=3.328+0.585j
26-15-20-19 梯度监控 | raw=4.0866 | natural=0.0538 | clipped=0.0538(上限20.0) | t_grad=0ms t_qgt=3ms
26-15-20-19 冻结状态 | frozen_set=[3] | P_a/P=831/1108 | QGT=690561 | 本轮实际训练参数=831
26-15-20-19 连续达标轮数 | j0=0/5 | j1=0/5 | j2=0/5 | j3=0/5(已冻结)
26-15-20-19 Ψ矩阵条件数 cond(Ψ) = 5.17e+01 | 累计|g| = 10.6909 | 有效walker n_valid = 3200
26-15-20-20 Loss=-3.201635 | E0=-1.04431125 | E1=-0.95206615|E2=-0.66108316|E3=-0.54748230
26-15-20-20 误差(Ha): e0=1.00e-02 | e1=5.84e-03 | e2=7.87e-03 | e3=3.92e-03
26-15-20-20 #-----------------------------------------#
26-15-20-20 [Step 244] logΨ: mean=3.349+0.942j
26-15-20-20 梯度监控 | raw=3.1848 | natural=0.0870 | clipped=0.0870(上限20.0) | t_grad=0ms t_qgt=2ms
26-15-20-20 冻结状态 | frozen_set=[3] | P_a/P=831/1108 | QGT=690561 | 本轮实际训练参数=831
26-15-20-20 连续达标轮数 | j0=0/5 | j1=0/5 | j2=0/5 | j3=0/5(已冻结)
26-15-20-20 Ψ矩阵条件数 cond(Ψ) = 5.45e+01 | 累计|g| = 10.6909 | 有效walker n_valid = 3200
26-15-20-20 Loss=-3.205086 | E0=-1.04430915 | E1=-0.95228616|E2=-0.66110644|E3=-0.54763773
26-15-20-20 误差(Ha): e0=1.00e-02 | e1=5.62e-03 | e2=7.85e-03 | e3=3.76e-03
26-15-20-20 #-----------------------------------------#
26-15-20-20 [Step 245] logΨ: mean=3.491+0.975j
26-15-20-20 梯度监控 | raw=2.4191 | natural=0.0624 | clipped=0.0624(上限20.0) | t_grad=1ms t_qgt=2ms
26-15-20-20 冻结状态 | frozen_set=[3] | P_a/P=831/1108 | QGT=690561 | 本轮实际训练参数=831
26-15-20-20 连续达标轮数 | j0=0/5 | j1=0/5 | j2=0/5 | j3=0/5(已冻结)
26-15-20-20 Ψ矩阵条件数 cond(Ψ) = 4.91e+01 | 累计|g| = 10.6909 | 有效walker n_valid = 3200
26-15-20-20 Loss=-3.201451 | E0=-1.04428914 | E1=-0.95215739|E2=-0.66075383|E3=-0.54762911
26-15-20-20 误差(Ha): e0=1.01e-02 | e1=5.75e-03 | e2=8.20e-03 | e3=3.77e-03
26-15-20-20 #-----------------------------------------#
26-15-20-20 [Step 246] logΨ: mean=3.206+0.570j
26-15-20-20 梯度监控 | raw=2.6159 | natural=0.2549 | clipped=0.2549(上限20.0) | t_grad=1ms t_qgt=3ms
26-15-20-20 冻结状态 | frozen_set=[3] | P_a/P=831/1108 | QGT=690561 | 本轮实际训练参数=831
26-15-20-20 连续达标轮数 | j0=0/5 | j1=0/5 | j2=0/5 | j3=0/5(已冻结)
26-15-20-20 Ψ矩阵条件数 cond(Ψ) = 4.10e+01 | 累计|g| = 10.6909 | 有效walker n_valid = 3200
26-15-20-20 Loss=-3.212979 | E0=-1.04429533 | E1=-0.95239286|E2=-0.66181990|E3=-0.54795262
26-15-20-20 误差(Ha): e0=1.01e-02 | e1=5.51e-03 | e2=7.13e-03 | e3=3.45e-03
26-15-20-20 #-----------------------------------------#
26-15-20-20 [Step 247] logΨ: mean=3.415+0.609j
26-15-20-20 梯度监控 | raw=1.7311 | natural=0.0413 | clipped=0.0413(上限20.0) | t_grad=0ms t_qgt=3ms
26-15-20-20 冻结状态 | frozen_set=[3] | P_a/P=831/1108 | QGT=690561 | 本轮实际训练参数=831
26-15-20-20 连续达标轮数 | j0=0/5 | j1=0/5 | j2=0/5 | j3=0/5(已冻结)
26-15-20-20 Ψ矩阵条件数 cond(Ψ) = 4.02e+01 | 累计|g| = 10.6909 | 有效walker n_valid = 3200
26-15-20-20 Loss=-3.203091 | E0=-1.04425836 | E1=-0.95209221|E2=-0.66114610|E3=-0.54793230
26-15-20-20 误差(Ha): e0=1.01e-02 | e1=5.81e-03 | e2=7.81e-03 | e3=3.47e-03
26-15-20-20 #-----------------------------------------#
26-15-20-20 [Step 248] logΨ: mean=3.398+0.325j
26-15-20-20 梯度监控 | raw=1.5900 | natural=0.0326 | clipped=0.0326(上限20.0) | t_grad=0ms t_qgt=4ms
26-15-20-20 冻结状态 | frozen_set=[3] | P_a/P=831/1108 | QGT=690561 | 本轮实际训练参数=831
26-15-20-20 连续达标轮数 | j0=0/5 | j1=0/5 | j2=0/5 | j3=0/5(已冻结)
26-15-20-20 Ψ矩阵条件数 cond(Ψ) = 3.85e+01 | 累计|g| = 10.6909 | 有效walker n_valid = 3200
26-15-20-20 Loss=-3.199034 | E0=-1.04430519 | E1=-0.95213201|E2=-0.66105834|E3=-0.54791173
26-15-20-20 误差(Ha): e0=1.00e-02 | e1=5.77e-03 | e2=7.89e-03 | e3=3.49e-03
26-15-20-20 #-----------------------------------------#
26-15-20-20 [Step 249] logΨ: mean=3.312+0.334j
26-15-20-20 梯度监控 | raw=2.0470 | natural=0.1640 | clipped=0.1640(上限20.0) | t_grad=1ms t_qgt=2ms
26-15-20-20 冻结状态 | frozen_set=[3] | P_a/P=831/1108 | QGT=690561 | 本轮实际训练参数=831
26-15-20-20 连续达标轮数 | j0=0/5 | j1=0/5 | j2=0/5 | j3=0/5(已冻结)
26-15-20-20 Ψ矩阵条件数 cond(Ψ) = 3.49e+01 | 累计|g| = 10.6909 | 有效walker n_valid = 3200
26-15-20-20 Loss=-3.209280 | E0=-1.04439833 | E1=-0.95230644|E2=-0.66159254|E3=-0.54730662
26-15-20-20 误差(Ha): e0=9.95e-03 | e1=5.60e-03 | e2=7.36e-03 | e3=4.10e-03
26-15-20-20 #-----------------------------------------#
26-15-20-20 [GaugeReset@250] 吸收 Δg = Σ Re(col_mean) = +20.0021 | 新|g| = 10.6593
26-15-20-20 [Step 250] logΨ: mean=3.529+0.335j
26-15-20-20 梯度监控 | raw=0.6097 | natural=0.0370 | clipped=0.0370(上限20.0) | t_grad=0ms t_qgt=3ms
26-15-20-20 冻结状态 | frozen_set=[3] | P_a/P=831/1108 | QGT=690561 | 本轮实际训练参数=831
26-15-20-20 连续达标轮数 | j0=0/5 | j1=0/5 | j2=0/5 | j3=0/5(已冻结)
26-15-20-20 Ψ矩阵条件数 cond(Ψ) = 3.84e+01 | 累计|g| = 10.6593 | 有效walker n_valid = 3200
26-15-20-20 Loss=-3.205545 | E0=-1.04434810 | E1=-0.95215873|E2=-0.66138449|E3=-0.54752477
26-15-20-20 误差(Ha): e0=1.00e-02 | e1=5.75e-03 | e2=7.57e-03 | e3=3.88e-03
26-15-20-20 #-----------------------------------------#
26-15-20-20 [Step 251] logΨ: mean=3.380+0.341j
26-15-20-20 梯度监控 | raw=1.3046 | natural=0.0411 | clipped=0.0411(上限20.0) | t_grad=1ms t_qgt=3ms
26-15-20-20 冻结状态 | frozen_set=[3] | P_a/P=831/1108 | QGT=690561 | 本轮实际训练参数=831
26-15-20-20 连续达标轮数 | j0=0/5 | j1=0/5 | j2=0/5 | j3=0/5(已冻结)
26-15-20-20 Ψ矩阵条件数 cond(Ψ) = 3.45e+01 | 累计|g| = 10.6593 | 有效walker n_valid = 3200
26-15-20-20 Loss=-3.203007 | E0=-1.04439817 | E1=-0.95202757|E2=-0.66130737|E3=-0.54766636
26-15-20-20 误差(Ha): e0=9.95e-03 | e1=5.88e-03 | e2=7.64e-03 | e3=3.74e-03
26-15-20-20 #-----------------------------------------#
26-15-20-20 [Step 252] logΨ: mean=3.292+0.433j
26-15-20-20 梯度监控 | raw=1.8902 | natural=0.0948 | clipped=0.0948(上限20.0) | t_grad=1ms t_qgt=3ms
26-15-20-20 冻结状态 | frozen_set=[3] | P_a/P=831/1108 | QGT=690561 | 本轮实际训练参数=831
26-15-20-20 连续达标轮数 | j0=0/5 | j1=0/5 | j2=0/5 | j3=0/5(已冻结)
26-15-20-20 Ψ矩阵条件数 cond(Ψ) = 4.31e+01 | 累计|g| = 10.6593 | 有效walker n_valid = 3200
26-15-20-20 Loss=-3.202087 | E0=-1.04444286 | E1=-0.95197849|E2=-0.66131120|E3=-0.54774699
26-15-20-20 误差(Ha): e0=9.90e-03 | e1=5.93e-03 | e2=7.64e-03 | e3=3.65e-03
26-15-20-20 #-----------------------------------------#
26-15-20-20 [Step 253] logΨ: mean=3.343+0.389j
26-15-20-20 梯度监控 | raw=3.0456 | natural=0.1566 | clipped=0.1566(上限20.0) | t_grad=1ms t_qgt=3ms
26-15-20-20 冻结状态 | frozen_set=[3] | P_a/P=831/1108 | QGT=690561 | 本轮实际训练参数=831
26-15-20-20 连续达标轮数 | j0=0/5 | j1=0/5 | j2=0/5 | j3=0/5(已冻结)
26-15-20-20 Ψ矩阵条件数 cond(Ψ) = 3.56e+01 | 累计|g| = 10.6593 | 有效walker n_valid = 3200
26-15-20-20 Loss=-3.210238 | E0=-1.04439900 | E1=-0.95224656|E2=-0.66155420|E3=-0.54742956
26-15-20-20 误差(Ha): e0=9.95e-03 | e1=5.66e-03 | e2=7.40e-03 | e3=3.97e-03
26-15-20-20 #-----------------------------------------#
26-15-20-20 [Step 254] logΨ: mean=3.357+0.477j
26-15-20-20 梯度监控 | raw=2.7925 | natural=0.1035 | clipped=0.1035(上限20.0) | t_grad=1ms t_qgt=3ms
26-15-20-20 冻结状态 | frozen_set=[3] | P_a/P=831/1108 | QGT=690561 | 本轮实际训练参数=831
26-15-20-20 连续达标轮数 | j0=0/5 | j1=0/5 | j2=0/5 | j3=0/5(已冻结)
26-15-20-20 Ψ矩阵条件数 cond(Ψ) = 3.28e+01 | 累计|g| = 10.6593 | 有效walker n_valid = 3200
26-15-20-20 Loss=-3.203368 | E0=-1.04441920 | E1=-0.95190132|E2=-0.66148093|E3=-0.54769045
26-15-20-20 误差(Ha): e0=9.93e-03 | e1=6.00e-03 | e2=7.47e-03 | e3=3.71e-03
26-15-20-20 #-----------------------------------------#
26-15-20-20 [Step 255] logΨ: mean=3.288+0.534j
26-15-20-20 梯度监控 | raw=2.6984 | natural=0.0709 | clipped=0.0709(上限20.0) | t_grad=1ms t_qgt=3ms
26-15-20-20 冻结状态 | frozen_set=[3] | P_a/P=831/1108 | QGT=690561 | 本轮实际训练参数=831
26-15-20-20 连续达标轮数 | j0=0/5 | j1=0/5 | j2=0/5 | j3=0/5(已冻结)
26-15-20-20 Ψ矩阵条件数 cond(Ψ) = 3.03e+01 | 累计|g| = 10.6593 | 有效walker n_valid = 3200
26-15-20-20 Loss=-3.215191 | E0=-1.04450388 | E1=-0.95155282|E2=-0.66140393|E3=-0.54792999
26-15-20-20 误差(Ha): e0=9.84e-03 | e1=6.35e-03 | e2=7.55e-03 | e3=3.47e-03
26-15-20-20 #-----------------------------------------#
26-15-20-20 [Step 256] logΨ: mean=3.406+0.398j
26-15-20-20 梯度监控 | raw=1.3983 | natural=0.0400 | clipped=0.0400(上限20.0) | t_grad=1ms t_qgt=2ms
26-15-20-20 冻结状态 | frozen_set=[3] | P_a/P=831/1108 | QGT=690561 | 本轮实际训练参数=831
26-15-20-20 连续达标轮数 | j0=0/5 | j1=0/5 | j2=0/5 | j3=0/5(已冻结)
26-15-20-20 Ψ矩阵条件数 cond(Ψ) = 2.92e+01 | 累计|g| = 10.6593 | 有效walker n_valid = 3200
26-15-20-20 Loss=-3.206537 | E0=-1.04443461 | E1=-0.95153020|E2=-0.66171597|E3=-0.54821888
26-15-20-20 误差(Ha): e0=9.91e-03 | e1=6.38e-03 | e2=7.24e-03 | e3=3.18e-03
26-15-20-20 #-----------------------------------------#
26-15-20-20 [Step 257] logΨ: mean=3.432+0.306j
26-15-20-20 梯度监控 | raw=1.7792 | natural=0.0716 | clipped=0.0716(上限20.0) | t_grad=0ms t_qgt=3ms
26-15-20-20 冻结状态 | frozen_set=[3] | P_a/P=831/1108 | QGT=690561 | 本轮实际训练参数=831
26-15-20-20 连续达标轮数 | j0=0/5 | j1=0/5 | j2=0/5 | j3=0/5(已冻结)
26-15-20-20 Ψ矩阵条件数 cond(Ψ) = 3.10e+01 | 累计|g| = 10.6593 | 有效walker n_valid = 3200
26-15-20-20 Loss=-3.203565 | E0=-1.04445509 | E1=-0.95159066|E2=-0.66193564|E3=-0.54899668
26-15-20-20 误差(Ha): e0=9.89e-03 | e1=6.32e-03 | e2=7.02e-03 | e3=2.41e-03
26-15-20-20 #-----------------------------------------#
26-15-20-20 [Step 258] logΨ: mean=3.484+0.525j
26-15-20-20 梯度监控 | raw=1.0141 | natural=0.0619 | clipped=0.0619(上限20.0) | t_grad=1ms t_qgt=3ms
26-15-20-20 冻结状态 | frozen_set=[3] | P_a/P=831/1108 | QGT=690561 | 本轮实际训练参数=831
26-15-20-20 连续达标轮数 | j0=0/5 | j1=0/5 | j2=0/5 | j3=0/5(已冻结)
26-15-20-20 Ψ矩阵条件数 cond(Ψ) = 3.09e+01 | 累计|g| = 10.6593 | 有效walker n_valid = 3200
26-15-20-20 Loss=-3.204151 | E0=-1.04456690 | E1=-0.95114101|E2=-0.66105247|E3=-0.54914323
26-15-20-20 误差(Ha): e0=9.78e-03 | e1=6.76e-03 | e2=7.90e-03 | e3=2.26e-03
26-15-20-20 #-----------------------------------------#
26-15-20-20 [Step 259] logΨ: mean=3.739+0.588j
26-15-20-20 梯度监控 | raw=0.4938 | natural=0.0373 | clipped=0.0373(上限20.0) | t_grad=1ms t_qgt=3ms
26-15-20-20 冻结状态 | frozen_set=[3] | P_a/P=831/1108 | QGT=690561 | 本轮实际训练参数=831
26-15-20-20 连续达标轮数 | j0=0/5 | j1=0/5 | j2=0/5 | j3=0/5(已冻结)
26-15-20-20 Ψ矩阵条件数 cond(Ψ) = 2.76e+01 | 累计|g| = 10.6593 | 有效walker n_valid = 3200
26-15-20-20 Loss=-3.205116 | E0=-1.04458899 | E1=-0.95100873|E2=-0.66124962|E3=-0.54780185
26-15-20-20 误差(Ha): e0=9.76e-03 | e1=6.90e-03 | e2=7.70e-03 | e3=3.60e-03
26-15-20-20 #-----------------------------------------#
26-15-20-20 [保存] Step 259 → pickle 已更新 (260 条记录)
26-15-20-20 [GaugeReset@260] 吸收 Δg = Σ Re(col_mean) = +20.2142 | 新|g| = 10.7687
26-15-20-20 [Step 260] logΨ: mean=3.598+0.814j
26-15-20-20 梯度监控 | raw=1.4198 | natural=0.0090 | clipped=0.0090(上限20.0) | t_grad=1ms t_qgt=4ms
26-15-20-20 冻结状态 | frozen_set=[3] | P_a/P=831/1108 | QGT=690561 | 本轮实际训练参数=831
26-15-20-20 连续达标轮数 | j0=0/5 | j1=0/5 | j2=0/5 | j3=0/5(已冻结)
26-15-20-20 Ψ矩阵条件数 cond(Ψ) = 3.27e+01 | 累计|g| = 10.7687 | 有效walker n_valid = 3200
26-15-20-20 Loss=-3.203657 | E0=-1.04458560 | E1=-0.95080052|E2=-0.66137270|E3=-0.54765055
26-15-20-20 误差(Ha): e0=9.76e-03 | e1=7.11e-03 | e2=7.58e-03 | e3=3.75e-03
26-15-20-20 #-----------------------------------------#
26-15-20-20 [Step 261] logΨ: mean=3.566+1.022j
26-15-20-20 梯度监控 | raw=3.2391 | natural=0.0514 | clipped=0.0514(上限20.0) | t_grad=0ms t_qgt=3ms
26-15-20-20 冻结状态 | frozen_set=[3] | P_a/P=831/1108 | QGT=690561 | 本轮实际训练参数=831
26-15-20-20 连续达标轮数 | j0=0/5 | j1=0/5 | j2=0/5 | j3=0/5(已冻结)
26-15-20-20 Ψ矩阵条件数 cond(Ψ) = 3.57e+01 | 累计|g| = 10.7687 | 有效walker n_valid = 3200
26-15-20-20 Loss=-3.198521 | E0=-1.04455446 | E1=-0.95100197|E2=-0.66106180|E3=-0.54819424
26-15-20-20 误差(Ha): e0=9.79e-03 | e1=6.90e-03 | e2=7.89e-03 | e3=3.21e-03
26-15-20-20 #-----------------------------------------#
26-15-20-20 [Step 262] logΨ: mean=3.364+0.969j
26-15-20-20 梯度监控 | raw=3.0627 | natural=0.2095 | clipped=0.2095(上限20.0) | t_grad=1ms t_qgt=2ms
26-15-20-20 冻结状态 | frozen_set=[3] | P_a/P=831/1108 | QGT=690561 | 本轮实际训练参数=831
26-15-20-20 连续达标轮数 | j0=0/5 | j1=0/5 | j2=0/5 | j3=0/5(已冻结)
26-15-20-20 Ψ矩阵条件数 cond(Ψ) = 3.06e+01 | 累计|g| = 10.7687 | 有效walker n_valid = 3200
26-15-20-20 Loss=-3.217151 | E0=-1.04456095 | E1=-0.95133913|E2=-0.66145869|E3=-0.54823131
26-15-20-20 误差(Ha): e0=9.79e-03 | e1=6.57e-03 | e2=7.49e-03 | e3=3.17e-03
26-15-20-20 #-----------------------------------------#
26-15-20-20 [Step 263] logΨ: mean=3.494+0.756j
26-15-20-20 梯度监控 | raw=0.3204 | natural=0.0422 | clipped=0.0422(上限20.0) | t_grad=0ms t_qgt=3ms
26-15-20-20 冻结状态 | frozen_set=[3] | P_a/P=831/1108 | QGT=690561 | 本轮实际训练参数=831
26-15-20-20 连续达标轮数 | j0=0/5 | j1=0/5 | j2=0/5 | j3=0/5(已冻结)
26-15-20-20 Ψ矩阵条件数 cond(Ψ) = 2.71e+01 | 累计|g| = 10.7687 | 有效walker n_valid = 3200
26-15-20-20 Loss=-3.205864 | E0=-1.04434118 | E1=-0.95213682|E2=-0.66184161|E3=-0.54802187
26-15-20-20 误差(Ha): e0=1.00e-02 | e1=5.77e-03 | e2=7.11e-03 | e3=3.38e-03
26-15-20-20 #-----------------------------------------#
26-15-20-20 [Step 264] logΨ: mean=3.303+0.785j
26-15-20-20 梯度监控 | raw=1.9823 | natural=0.1106 | clipped=0.1106(上限20.0) | t_grad=0ms t_qgt=3ms
26-15-20-20 冻结状态 | frozen_set=[3] | P_a/P=831/1108 | QGT=690561 | 本轮实际训练参数=831
26-15-20-20 连续达标轮数 | j0=0/5 | j1=0/5 | j2=0/5 | j3=0/5(已冻结)
26-15-20-20 Ψ矩阵条件数 cond(Ψ) = 2.88e+01 | 累计|g| = 10.7687 | 有效walker n_valid = 3200
26-15-20-20 Loss=-3.205767 | E0=-1.04439652 | E1=-0.95230659|E2=-0.66188484|E3=-0.54814071
26-15-20-20 误差(Ha): e0=9.95e-03 | e1=5.60e-03 | e2=7.07e-03 | e3=3.26e-03
26-15-20-20 #-----------------------------------------#
26-15-20-20 [Step 265] logΨ: mean=3.081+0.682j
26-15-20-20 梯度监控 | raw=2.8726 | natural=0.0865 | clipped=0.0865(上限20.0) | t_grad=0ms t_qgt=2ms
26-15-20-20 冻结状态 | frozen_set=[3] | P_a/P=831/1108 | QGT=690561 | 本轮实际训练参数=831
26-15-20-20 连续达标轮数 | j0=0/5 | j1=0/5 | j2=0/5 | j3=0/5(已冻结)
26-15-20-20 Ψ矩阵条件数 cond(Ψ) = 3.26e+01 | 累计|g| = 10.7687 | 有效walker n_valid = 3200
26-15-20-20 Loss=-3.199555 | E0=-1.04443411 | E1=-0.95216250|E2=-0.66206843|E3=-0.54851090
26-15-20-20 误差(Ha): e0=9.91e-03 | e1=5.74e-03 | e2=6.88e-03 | e3=2.89e-03
26-15-20-20 #-----------------------------------------#
26-15-20-20 [Step 266] logΨ: mean=3.102+0.392j
26-15-20-20 梯度监控 | raw=2.4684 | natural=0.1278 | clipped=0.1278(上限20.0) | t_grad=0ms t_qgt=3ms
26-15-20-20 冻结状态 | frozen_set=[3] | P_a/P=831/1108 | QGT=690561 | 本轮实际训练参数=831
26-15-20-20 连续达标轮数 | j0=0/5 | j1=0/5 | j2=0/5 | j3=0/5(已冻结)
26-15-20-20 Ψ矩阵条件数 cond(Ψ) = 4.61e+01 | 累计|g| = 10.7687 | 有效walker n_valid = 3200
26-15-20-20 Loss=-3.206315 | E0=-1.04445904 | E1=-0.95146484|E2=-0.66188745|E3=-0.54856900
26-15-20-20 误差(Ha): e0=9.89e-03 | e1=6.44e-03 | e2=7.06e-03 | e3=2.83e-03
26-15-20-20 #-----------------------------------------#
26-15-20-20 [Step 267] logΨ: mean=2.906+0.795j
26-15-20-20 梯度监控 | raw=8.4461 | natural=0.0648 | clipped=0.0648(上限20.0) | t_grad=0ms t_qgt=4ms
26-15-20-20 冻结状态 | frozen_set=[3] | P_a/P=831/1108 | QGT=690561 | 本轮实际训练参数=831
26-15-20-20 连续达标轮数 | j0=0/5 | j1=0/5 | j2=0/5 | j3=0/5(已冻结)
26-15-20-20 Ψ矩阵条件数 cond(Ψ) = 3.42e+01 | 累计|g| = 10.7687 | 有效walker n_valid = 3200
26-15-20-20 Loss=-3.198278 | E0=-1.04449687 | E1=-0.95149654|E2=-0.66201181|E3=-0.54868507
26-15-20-20 误差(Ha): e0=9.85e-03 | e1=6.41e-03 | e2=6.94e-03 | e3=2.72e-03
26-15-20-20 #-----------------------------------------#
26-15-20-20 [Step 268] logΨ: mean=3.038+1.024j
26-15-20-20 梯度监控 | raw=1.6252 | natural=0.0585 | clipped=0.0585(上限20.0) | t_grad=0ms t_qgt=4ms
26-15-20-20 冻结状态 | frozen_set=[3] | P_a/P=831/1108 | QGT=690561 | 本轮实际训练参数=831
26-15-20-20 连续达标轮数 | j0=0/5 | j1=0/5 | j2=0/5 | j3=0/5(已冻结)
26-15-20-20 Ψ矩阵条件数 cond(Ψ) = 3.62e+01 | 累计|g| = 10.7687 | 有效walker n_valid = 3200
26-15-20-20 Loss=-3.206671 | E0=-1.04449155 | E1=-0.95159782|E2=-0.66200319|E3=-0.54930289
26-15-20-20 误差(Ha): e0=9.86e-03 | e1=6.31e-03 | e2=6.95e-03 | e3=2.10e-03
26-15-20-20 #-----------------------------------------#
26-15-20-20 [Step 269] logΨ: mean=2.729+0.561j
26-15-20-20 梯度监控 | raw=2.6394 | natural=0.1351 | clipped=0.1351(上限20.0) | t_grad=1ms t_qgt=2ms
26-15-20-20 冻结状态 | frozen_set=[3] | P_a/P=831/1108 | QGT=690561 | 本轮实际训练参数=831
26-15-20-20 连续达标轮数 | j0=0/5 | j1=0/5 | j2=0/5 | j3=0/5(已冻结)
26-15-20-20 Ψ矩阵条件数 cond(Ψ) = 3.78e+01 | 累计|g| = 10.7687 | 有效walker n_valid = 3200
26-15-20-20 Loss=-3.225848 | E0=-1.04455460 | E1=-0.95133790|E2=-0.66337751|E3=-0.54926717
26-15-20-20 误差(Ha): e0=9.79e-03 | e1=6.57e-03 | e2=5.57e-03 | e3=2.13e-03
26-15-20-20 #-----------------------------------------#
26-15-20-20 [GaugeReset@270] 吸收 Δg = Σ Re(col_mean) = +19.8903 | 新|g| = 10.5769
26-15-20-20 [Step 270] logΨ: mean=3.276+0.555j
26-15-20-20 梯度监控 | raw=4.9371 | natural=0.1283 | clipped=0.1283(上限20.0) | t_grad=0ms t_qgt=2ms
26-15-20-20 冻结状态 | frozen_set=[3] | P_a/P=831/1108 | QGT=690561 | 本轮实际训练参数=831
26-15-20-20 连续达标轮数 | j0=0/5 | j1=0/5 | j2=0/5 | j3=0/5(已冻结)
26-15-20-20 Ψ矩阵条件数 cond(Ψ) = 1.81e+01 | 累计|g| = 10.5769 | 有效walker n_valid = 3200
26-15-20-20 Loss=-3.207309 | E0=-1.04453503 | E1=-0.95135099|E2=-0.66352807|E3=-0.54930637
26-15-20-20 误差(Ha): e0=9.81e-03 | e1=6.55e-03 | e2=5.42e-03 | e3=2.10e-03
26-15-20-20 #-----------------------------------------#
26-15-20-20 [Step 271] logΨ: mean=3.270+0.209j
26-15-20-20 梯度监控 | raw=3.6676 | natural=0.0373 | clipped=0.0373(上限20.0) | t_grad=0ms t_qgt=3ms
26-15-20-20 冻结状态 | frozen_set=[3] | P_a/P=831/1108 | QGT=690561 | 本轮实际训练参数=831
26-15-20-20 连续达标轮数 | j0=0/5 | j1=0/5 | j2=0/5 | j3=0/5(已冻结)
26-15-20-20 Ψ矩阵条件数 cond(Ψ) = 3.21e+01 | 累计|g| = 10.5769 | 有效walker n_valid = 3200
26-15-20-20 Loss=-3.209776 | E0=-1.04456091 | E1=-0.95147708|E2=-0.66343264|E3=-0.54936514
26-15-20-20 误差(Ha): e0=9.79e-03 | e1=6.43e-03 | e2=5.52e-03 | e3=2.04e-03
26-15-20-20 #-----------------------------------------#
26-15-20-20 [Step 272] logΨ: mean=3.292+0.535j
26-15-20-20 梯度监控 | raw=7.6146 | natural=0.4317 | clipped=0.4317(上限20.0) | t_grad=1ms t_qgt=3ms
26-15-20-20 冻结状态 | frozen_set=[3] | P_a/P=831/1108 | QGT=690561 | 本轮实际训练参数=831
26-15-20-20 连续达标轮数 | j0=0/5 | j1=0/5 | j2=0/5 | j3=0/5(已冻结)
26-15-20-20 Ψ矩阵条件数 cond(Ψ) = 4.29e+01 | 累计|g| = 10.5769 | 有效walker n_valid = 3200
26-15-20-20 Loss=-3.203050 | E0=-1.04451741 | E1=-0.95139982|E2=-0.66376421|E3=-0.54858886
26-15-20-20 误差(Ha): e0=9.83e-03 | e1=6.51e-03 | e2=5.19e-03 | e3=2.81e-03
26-15-20-20 #-----------------------------------------#
26-15-20-20 [Step 273] logΨ: mean=3.247+0.720j
26-15-20-20 梯度监控 | raw=1.8480 | natural=0.0718 | clipped=0.0718(上限20.0) | t_grad=0ms t_qgt=2ms
26-15-20-20 冻结状态 | frozen_set=[3] | P_a/P=831/1108 | QGT=690561 | 本轮实际训练参数=831
26-15-20-20 连续达标轮数 | j0=0/5 | j1=0/5 | j2=0/5 | j3=0/5(已冻结)
26-15-20-20 Ψ矩阵条件数 cond(Ψ) = 4.20e+01 | 累计|g| = 10.5769 | 有效walker n_valid = 3200
26-15-20-20 Loss=-3.209352 | E0=-1.04444205 | E1=-0.95137408|E2=-0.66371680|E3=-0.54802500
26-15-20-20 误差(Ha): e0=9.91e-03 | e1=6.53e-03 | e2=5.24e-03 | e3=3.38e-03
26-15-20-20 #-----------------------------------------#
26-15-20-20 [Step 274] logΨ: mean=3.356+0.624j
26-15-20-20 梯度监控 | raw=1.3916 | natural=0.0319 | clipped=0.0319(上限20.0) | t_grad=0ms t_qgt=4ms
26-15-20-20 冻结状态 | frozen_set=[3] | P_a/P=831/1108 | QGT=690561 | 本轮实际训练参数=831
26-15-20-20 连续达标轮数 | j0=0/5 | j1=0/5 | j2=0/5 | j3=0/5(已冻结)
26-15-20-20 Ψ矩阵条件数 cond(Ψ) = 4.32e+01 | 累计|g| = 10.5769 | 有效walker n_valid = 3200
26-15-20-20 Loss=-3.206653 | E0=-1.04443706 | E1=-0.95149707|E2=-0.66357111|E3=-0.54839673
26-15-20-20 误差(Ha): e0=9.91e-03 | e1=6.41e-03 | e2=5.38e-03 | e3=3.01e-03
26-15-20-20 #-----------------------------------------#
26-15-20-20 [Step 275] logΨ: mean=3.425+0.231j
26-15-20-20 梯度监控 | raw=4.4164 | natural=0.2215 | clipped=0.2215(上限20.0) | t_grad=1ms t_qgt=2ms
26-15-20-20 冻结状态 | frozen_set=[3] | P_a/P=831/1108 | QGT=690561 | 本轮实际训练参数=831
26-15-20-20 连续达标轮数 | j0=0/5 | j1=0/5 | j2=0/5 | j3=0/5(已冻结)
26-15-20-20 Ψ矩阵条件数 cond(Ψ) = 5.41e+01 | 累计|g| = 10.5769 | 有效walker n_valid = 3200
26-15-20-20 Loss=-3.182910 | E0=-1.04488790 | E1=-0.95166902|E2=-0.66243759|E3=-0.54896228
26-15-20-20 误差(Ha): e0=9.46e-03 | e1=6.24e-03 | e2=6.51e-03 | e3=2.44e-03
26-15-20-20 #-----------------------------------------#
26-15-20-20 [Step 276] logΨ: mean=3.341+0.395j
26-15-20-20 梯度监控 | raw=3.0797 | natural=0.0505 | clipped=0.0505(上限20.0) | t_grad=1ms t_qgt=5ms
26-15-20-20 冻结状态 | frozen_set=[3] | P_a/P=831/1108 | QGT=690561 | 本轮实际训练参数=831
26-15-20-20 连续达标轮数 | j0=0/5 | j1=0/5 | j2=0/5 | j3=0/5(已冻结)
26-15-20-20 Ψ矩阵条件数 cond(Ψ) = 4.77e+01 | 累计|g| = 10.5769 | 有效walker n_valid = 3200
26-15-20-20 Loss=-3.203800 | E0=-1.04491628 | E1=-0.95168039|E2=-0.66233569|E3=-0.54900920
26-15-20-20 误差(Ha): e0=9.43e-03 | e1=6.23e-03 | e2=6.62e-03 | e3=2.39e-03
26-15-20-20 #-----------------------------------------#
26-15-20-20 [Step 277] logΨ: mean=3.390+0.603j
26-15-20-20 梯度监控 | raw=2.2485 | natural=0.0682 | clipped=0.0682(上限20.0) | t_grad=0ms t_qgt=2ms
26-15-20-20 冻结状态 | frozen_set=[3] | P_a/P=831/1108 | QGT=690561 | 本轮实际训练参数=831
26-15-20-20 连续达标轮数 | j0=0/5 | j1=0/5 | j2=0/5 | j3=0/5(已冻结)
26-15-20-20 Ψ矩阵条件数 cond(Ψ) = 4.63e+01 | 累计|g| = 10.5769 | 有效walker n_valid = 3200
26-15-20-20 Loss=-3.203972 | E0=-1.04484714 | E1=-0.95167190|E2=-0.66193952|E3=-0.54920652
26-15-20-20 误差(Ha): e0=9.50e-03 | e1=6.23e-03 | e2=7.01e-03 | e3=2.20e-03
26-15-20-20 #-----------------------------------------#
26-15-20-20 [Step 278] logΨ: mean=3.349+0.775j
26-15-20-20 梯度监控 | raw=2.1811 | natural=0.0968 | clipped=0.0968(上限20.0) | t_grad=1ms t_qgt=3ms
26-15-20-20 冻结状态 | frozen_set=[3] | P_a/P=831/1108 | QGT=690561 | 本轮实际训练参数=831
26-15-20-20 连续达标轮数 | j0=0/5 | j1=0/5 | j2=0/5 | j3=0/5(已冻结)
26-15-20-20 Ψ矩阵条件数 cond(Ψ) = 4.40e+01 | 累计|g| = 10.5769 | 有效walker n_valid = 3200
26-15-20-20 Loss=-3.208201 | E0=-1.04481532 | E1=-0.95185261|E2=-0.66234922|E3=-0.54780921
26-15-20-20 误差(Ha): e0=9.53e-03 | e1=6.05e-03 | e2=6.60e-03 | e3=3.59e-03
26-15-20-20 #-----------------------------------------#
26-15-20-20 [Step 279] logΨ: mean=3.274+1.251j
26-15-20-20 梯度监控 | raw=4.4255 | natural=0.0894 | clipped=0.0894(上限20.0) | t_grad=0ms t_qgt=3ms
26-15-20-20 冻结状态 | frozen_set=[3] | P_a/P=831/1108 | QGT=690561 | 本轮实际训练参数=831
26-15-20-20 连续达标轮数 | j0=0/5 | j1=0/5 | j2=0/5 | j3=0/5(已冻结)
26-15-20-20 Ψ矩阵条件数 cond(Ψ) = 4.13e+01 | 累计|g| = 10.5769 | 有效walker n_valid = 3200
26-15-20-20 Loss=-3.205045 | E0=-1.04476667 | E1=-0.95170652|E2=-0.66246309|E3=-0.54802232
26-15-20-20 误差(Ha): e0=9.58e-03 | e1=6.20e-03 | e2=6.49e-03 | e3=3.38e-03
26-15-20-20 #-----------------------------------------#
26-15-20-20 [保存] Step 279 → pickle 已更新 (280 条记录)
26-15-20-20 [GaugeReset@280] 吸收 Δg = Σ Re(col_mean) = +20.0945 | 新|g| = 10.6559
26-15-20-20 [Step 280] logΨ: mean=2.989+1.395j
26-15-20-20 梯度监控 | raw=2.3214 | natural=0.3714 | clipped=0.3714(上限20.0) | t_grad=0ms t_qgt=3ms
26-15-20-20 冻结状态 | frozen_set=[3] | P_a/P=831/1108 | QGT=690561 | 本轮实际训练参数=831
26-15-20-20 连续达标轮数 | j0=0/5 | j1=0/5 | j2=0/5 | j3=0/5(已冻结)
26-15-20-20 Ψ矩阵条件数 cond(Ψ) = 3.46e+01 | 累计|g| = 10.6559 | 有效walker n_valid = 3200
26-15-20-20 Loss=-3.207310 | E0=-1.04479381 | E1=-0.95183360|E2=-0.66199191|E3=-0.54822124
26-15-20-20 误差(Ha): e0=9.55e-03 | e1=6.07e-03 | e2=6.96e-03 | e3=3.18e-03
26-15-20-20 #-----------------------------------------#
26-15-20-20 [Step 281] logΨ: mean=3.051+1.094j
26-15-20-20 梯度监控 | raw=2.8182 | natural=0.1005 | clipped=0.1005(上限20.0) | t_grad=0ms t_qgt=3ms
26-15-20-20 冻结状态 | frozen_set=[3] | P_a/P=831/1108 | QGT=690561 | 本轮实际训练参数=831
26-15-20-20 连续达标轮数 | j0=0/5 | j1=0/5 | j2=0/5 | j3=0/5(已冻结)
26-15-20-20 Ψ矩阵条件数 cond(Ψ) = 3.19e+01 | 累计|g| = 10.6559 | 有效walker n_valid = 3200
26-15-20-20 Loss=-3.203626 | E0=-1.04479748 | E1=-0.95185329|E2=-0.66209470|E3=-0.54801421
26-15-20-20 误差(Ha): e0=9.55e-03 | e1=6.05e-03 | e2=6.86e-03 | e3=3.39e-03
26-15-20-20 #-----------------------------------------#
26-15-20-20 [Step 282] logΨ: mean=3.155+0.989j
26-15-20-20 梯度监控 | raw=2.2599 | natural=0.0350 | clipped=0.0350(上限20.0) | t_grad=0ms t_qgt=3ms
26-15-20-20 冻结状态 | frozen_set=[3] | P_a/P=831/1108 | QGT=690561 | 本轮实际训练参数=831
26-15-20-20 连续达标轮数 | j0=0/5 | j1=0/5 | j2=0/5 | j3=0/5(已冻结)
26-15-20-20 Ψ矩阵条件数 cond(Ψ) = 3.17e+01 | 累计|g| = 10.6559 | 有效walker n_valid = 3200
26-15-20-20 Loss=-3.200636 | E0=-1.04474126 | E1=-0.95165655|E2=-0.66181861|E3=-0.54814324
26-15-20-20 误差(Ha): e0=9.61e-03 | e1=6.25e-03 | e2=7.13e-03 | e3=3.26e-03
26-15-20-20 #-----------------------------------------#
26-15-20-20 [Step 283] logΨ: mean=3.067+0.744j
26-15-20-20 梯度监控 | raw=1.0250 | natural=0.0638 | clipped=0.0638(上限20.0) | t_grad=0ms t_qgt=4ms
26-15-20-20 冻结状态 | frozen_set=[3] | P_a/P=831/1108 | QGT=690561 | 本轮实际训练参数=831
26-15-20-20 连续达标轮数 | j0=0/5 | j1=0/5 | j2=0/5 | j3=0/5(已冻结)
26-15-20-20 Ψ矩阵条件数 cond(Ψ) = 3.58e+01 | 累计|g| = 10.6559 | 有效walker n_valid = 3200
26-15-20-20 Loss=-3.206422 | E0=-1.04481607 | E1=-0.95180782|E2=-0.66315511|E3=-0.54801892
26-15-20-20 误差(Ha): e0=9.53e-03 | e1=6.10e-03 | e2=5.80e-03 | e3=3.38e-03
26-15-20-20 #-----------------------------------------#
26-15-20-20 [Step 284] logΨ: mean=3.084+0.725j
26-15-20-20 梯度监控 | raw=1.5385 | natural=0.1219 | clipped=0.1219(上限20.0) | t_grad=0ms t_qgt=3ms
26-15-20-20 冻结状态 | frozen_set=[3] | P_a/P=831/1108 | QGT=690561 | 本轮实际训练参数=831
26-15-20-20 连续达标轮数 | j0=0/5 | j1=0/5 | j2=0/5 | j3=0/5(已冻结)
26-15-20-20 Ψ矩阵条件数 cond(Ψ) = 2.48e+01 | 累计|g| = 10.6559 | 有效walker n_valid = 3200
26-15-20-20 Loss=-3.206504 | E0=-1.04478591 | E1=-0.95199130|E2=-0.66343375|E3=-0.54780248
26-15-20-20 误差(Ha): e0=9.56e-03 | e1=5.91e-03 | e2=5.52e-03 | e3=3.60e-03
26-15-20-20 #-----------------------------------------#
26-15-20-20 [Step 285] logΨ: mean=3.116+0.631j
26-15-20-20 梯度监控 | raw=1.0026 | natural=0.0328 | clipped=0.0328(上限20.0) | t_grad=1ms t_qgt=4ms
26-15-20-20 冻结状态 | frozen_set=[3] | P_a/P=831/1108 | QGT=690561 | 本轮实际训练参数=831
26-15-20-20 连续达标轮数 | j0=0/5 | j1=0/5 | j2=0/5 | j3=0/5(已冻结)
26-15-20-20 Ψ矩阵条件数 cond(Ψ) = 2.49e+01 | 累计|g| = 10.6559 | 有效walker n_valid = 3200
26-15-20-20 Loss=-3.204649 | E0=-1.04483276 | E1=-0.95188953|E2=-0.66332276|E3=-0.54757544
26-15-20-20 误差(Ha): e0=9.51e-03 | e1=6.02e-03 | e2=5.63e-03 | e3=3.83e-03
26-15-20-20 #-----------------------------------------#
26-15-20-20 [Step 286] logΨ: mean=3.032+0.761j
26-15-20-20 梯度监控 | raw=4.8756 | natural=0.0822 | clipped=0.0822(上限20.0) | t_grad=0ms t_qgt=3ms
26-15-20-20 冻结状态 | frozen_set=[3] | P_a/P=831/1108 | QGT=690561 | 本轮实际训练参数=831
26-15-20-20 连续达标轮数 | j0=0/5 | j1=0/5 | j2=0/5 | j3=0/5(已冻结)
26-15-20-20 Ψ矩阵条件数 cond(Ψ) = 2.57e+01 | 累计|g| = 10.6559 | 有效walker n_valid = 3200
26-15-20-20 Loss=-3.203726 | E0=-1.04483683 | E1=-0.95198346|E2=-0.66287202|E3=-0.54785011
26-15-20-20 误差(Ha): e0=9.51e-03 | e1=5.92e-03 | e2=6.08e-03 | e3=3.55e-03
26-15-20-20 #-----------------------------------------#
26-15-20-20 [Step 287] logΨ: mean=3.086+1.052j
26-15-20-20 梯度监控 | raw=1.8468 | natural=0.0272 | clipped=0.0272(上限20.0) | t_grad=0ms t_qgt=2ms
26-15-20-20 冻结状态 | frozen_set=[3] | P_a/P=831/1108 | QGT=690561 | 本轮实际训练参数=831
26-15-20-20 连续达标轮数 | j0=0/5 | j1=0/5 | j2=0/5 | j3=0/5(已冻结)
26-15-20-20 Ψ矩阵条件数 cond(Ψ) = 2.65e+01 | 累计|g| = 10.6559 | 有效walker n_valid = 3200
26-15-20-20 Loss=-3.201255 | E0=-1.04478407 | E1=-0.95202470|E2=-0.66258974|E3=-0.54790929
26-15-20-20 误差(Ha): e0=9.56e-03 | e1=5.88e-03 | e2=6.36e-03 | e3=3.49e-03
26-15-20-20 #-----------------------------------------#
26-15-20-20 [Step 288] logΨ: mean=3.344+1.252j
26-15-20-20 梯度监控 | raw=0.4210 | natural=0.1402 | clipped=0.1402(上限20.0) | t_grad=1ms t_qgt=3ms
26-15-20-20 冻结状态 | frozen_set=[3] | P_a/P=831/1108 | QGT=690561 | 本轮实际训练参数=831
26-15-20-20 连续达标轮数 | j0=0/5 | j1=0/5 | j2=0/5 | j3=0/5(已冻结)
26-15-20-20 Ψ矩阵条件数 cond(Ψ) = 2.83e+01 | 累计|g| = 10.6559 | 有效walker n_valid = 3200
26-15-20-20 Loss=-3.199747 | E0=-1.04458779 | E1=-0.95185672|E2=-0.66207364|E3=-0.54647795
26-15-20-20 误差(Ha): e0=9.76e-03 | e1=6.05e-03 | e2=6.88e-03 | e3=4.92e-03
26-15-20-20 #-----------------------------------------#
26-15-20-20 [Step 289] logΨ: mean=3.204+1.241j
26-15-20-20 梯度监控 | raw=2.0434 | natural=0.2202 | clipped=0.2202(上限20.0) | t_grad=0ms t_qgt=3ms
26-15-20-20 冻结状态 | frozen_set=[3] | P_a/P=831/1108 | QGT=690561 | 本轮实际训练参数=831
26-15-20-20 连续达标轮数 | j0=0/5 | j1=0/5 | j2=0/5 | j3=0/5(已冻结)
26-15-20-20 Ψ矩阵条件数 cond(Ψ) = 2.78e+01 | 累计|g| = 10.6559 | 有效walker n_valid = 3200
26-15-20-20 Loss=-3.205361 | E0=-1.04462843 | E1=-0.95201799|E2=-0.66182272|E3=-0.54633842
26-15-20-20 误差(Ha): e0=9.72e-03 | e1=5.89e-03 | e2=7.13e-03 | e3=5.06e-03
26-15-20-20 #-----------------------------------------#
26-15-20-20 [GaugeReset@290] 吸收 Δg = Σ Re(col_mean) = +19.9969 | 新|g| = 10.5710
26-15-20-20 [Step 290] logΨ: mean=3.221+1.164j
26-15-20-20 梯度监控 | raw=1.4162 | natural=0.0952 | clipped=0.0952(上限20.0) | t_grad=1ms t_qgt=1ms
26-15-20-20 冻结状态 | frozen_set=[3] | P_a/P=831/1108 | QGT=690561 | 本轮实际训练参数=831
26-15-20-20 连续达标轮数 | j0=0/5 | j1=0/5 | j2=0/5 | j3=0/5(已冻结)
26-15-20-20 Ψ矩阵条件数 cond(Ψ) = 2.85e+01 | 累计|g| = 10.5710 | 有效walker n_valid = 3200
26-15-20-20 Loss=-3.207251 | E0=-1.04457009 | E1=-0.95216633|E2=-0.66197816|E3=-0.54666151
26-15-20-20 误差(Ha): e0=9.78e-03 | e1=5.74e-03 | e2=6.97e-03 | e3=4.74e-03
26-15-20-20 #-----------------------------------------#
26-15-20-20 [Step 291] logΨ: mean=3.114+0.997j
26-15-20-20 梯度监控 | raw=2.6425 | natural=0.0942 | clipped=0.0942(上限20.0) | t_grad=1ms t_qgt=2ms
26-15-20-20 冻结状态 | frozen_set=[3] | P_a/P=831/1108 | QGT=690561 | 本轮实际训练参数=831
26-15-20-20 连续达标轮数 | j0=0/5 | j1=0/5 | j2=0/5 | j3=0/5(已冻结)
26-15-20-20 Ψ矩阵条件数 cond(Ψ) = 2.75e+01 | 累计|g| = 10.5710 | 有效walker n_valid = 3200
26-15-20-20 Loss=-3.207747 | E0=-1.04455219 | E1=-0.95267235|E2=-0.66199643|E3=-0.54706114
26-15-20-20 误差(Ha): e0=9.80e-03 | e1=5.23e-03 | e2=6.96e-03 | e3=4.34e-03
26-15-20-20 #-----------------------------------------#
26-15-20-20 [Step 292] logΨ: mean=3.265+0.409j
26-15-20-20 梯度监控 | raw=2.1845 | natural=0.0394 | clipped=0.0394(上限20.0) | t_grad=1ms t_qgt=3ms
26-15-20-20 冻结状态 | frozen_set=[3] | P_a/P=831/1108 | QGT=690561 | 本轮实际训练参数=831
26-15-20-20 连续达标轮数 | j0=0/5 | j1=0/5 | j2=0/5 | j3=0/5(已冻结)
26-15-20-20 Ψ矩阵条件数 cond(Ψ) = 2.80e+01 | 累计|g| = 10.5710 | 有效walker n_valid = 3200
26-15-20-20 Loss=-3.204251 | E0=-1.04456819 | E1=-0.95254888|E2=-0.66158476|E3=-0.54721661
26-15-20-20 误差(Ha): e0=9.78e-03 | e1=5.36e-03 | e2=7.37e-03 | e3=4.19e-03
26-15-20-20 #-----------------------------------------#
26-15-20-20 [Step 293] logΨ: mean=3.129-0.052j
26-15-20-20 梯度监控 | raw=2.2977 | natural=0.0530 | clipped=0.0530(上限20.0) | t_grad=0ms t_qgt=3ms
26-15-20-20 冻结状态 | frozen_set=[3] | P_a/P=831/1108 | QGT=690561 | 本轮实际训练参数=831
26-15-20-20 连续达标轮数 | j0=0/5 | j1=0/5 | j2=0/5 | j3=0/5(已冻结)
26-15-20-20 Ψ矩阵条件数 cond(Ψ) = 3.46e+01 | 累计|g| = 10.5710 | 有效walker n_valid = 3200
26-15-20-20 Loss=-3.205874 | E0=-1.04456217 | E1=-0.95250286|E2=-0.66153821|E3=-0.54759073
26-15-20-20 误差(Ha): e0=9.79e-03 | e1=5.40e-03 | e2=7.41e-03 | e3=3.81e-03
26-15-20-20 #-----------------------------------------#
26-15-20-20 [Step 294] logΨ: mean=3.373-0.126j
26-15-20-20 梯度监控 | raw=0.6575 | natural=0.1254 | clipped=0.1254(上限20.0) | t_grad=0ms t_qgt=3ms
26-15-20-20 冻结状态 | frozen_set=[3] | P_a/P=831/1108 | QGT=690561 | 本轮实际训练参数=831
26-15-20-20 连续达标轮数 | j0=0/5 | j1=0/5 | j2=0/5 | j3=0/5(已冻结)
26-15-20-20 Ψ矩阵条件数 cond(Ψ) = 3.06e+01 | 累计|g| = 10.5710 | 有效walker n_valid = 3200
26-15-20-20 Loss=-3.200190 | E0=-1.04432350 | E1=-0.95225642|E2=-0.66179329|E3=-0.54651886
26-15-20-20 误差(Ha): e0=1.00e-02 | e1=5.65e-03 | e2=7.16e-03 | e3=4.88e-03
26-15-20-20 #-----------------------------------------#
26-15-20-20 [Step 295] logΨ: mean=3.410+0.108j
26-15-20-20 梯度监控 | raw=3.9044 | natural=0.0876 | clipped=0.0876(上限20.0) | t_grad=1ms t_qgt=4ms
26-15-20-20 冻结状态 | frozen_set=[3] | P_a/P=831/1108 | QGT=690561 | 本轮实际训练参数=831
26-15-20-20 连续达标轮数 | j0=0/5 | j1=0/5 | j2=0/5 | j3=0/5(已冻结)
26-15-20-20 Ψ矩阵条件数 cond(Ψ) = 2.74e+01 | 累计|g| = 10.5710 | 有效walker n_valid = 3200
26-15-20-20 Loss=-3.205016 | E0=-1.04439184 | E1=-0.95219287|E2=-0.66140238|E3=-0.54677115
26-15-20-20 误差(Ha): e0=9.96e-03 | e1=5.71e-03 | e2=7.55e-03 | e3=4.63e-03
26-15-20-20 #-----------------------------------------#
26-15-20-20 [Step 296] logΨ: mean=3.368+0.543j
26-15-20-20 梯度监控 | raw=2.0573 | natural=0.1143 | clipped=0.1143(上限20.0) | t_grad=0ms t_qgt=3ms
26-15-20-20 冻结状态 | frozen_set=[3] | P_a/P=831/1108 | QGT=690561 | 本轮实际训练参数=831
26-15-20-20 连续达标轮数 | j0=0/5 | j1=0/5 | j2=0/5 | j3=0/5(已冻结)
26-15-20-20 Ψ矩阵条件数 cond(Ψ) = 2.81e+01 | 累计|g| = 10.5710 | 有效walker n_valid = 3200
26-15-20-20 Loss=-3.204231 | E0=-1.04438552 | E1=-0.95230203|E2=-0.66169849|E3=-0.54728431
26-15-20-20 误差(Ha): e0=9.96e-03 | e1=5.60e-03 | e2=7.25e-03 | e3=4.12e-03
26-15-20-20 #-----------------------------------------#
26-15-20-20 [Step 297] logΨ: mean=3.086+0.822j
26-15-20-20 梯度监控 | raw=4.3054 | natural=0.1014 | clipped=0.1014(上限20.0) | t_grad=0ms t_qgt=2ms
26-15-20-20 冻结状态 | frozen_set=[3] | P_a/P=831/1108 | QGT=690561 | 本轮实际训练参数=831
26-15-20-20 连续达标轮数 | j0=0/5 | j1=0/5 | j2=0/5 | j3=0/5(已冻结)
26-15-20-20 Ψ矩阵条件数 cond(Ψ) = 2.89e+01 | 累计|g| = 10.5710 | 有效walker n_valid = 3200
26-15-20-20 Loss=-3.208152 | E0=-1.04449208 | E1=-0.95241058|E2=-0.66170941|E3=-0.54743308
26-15-20-20 误差(Ha): e0=9.86e-03 | e1=5.50e-03 | e2=7.24e-03 | e3=3.97e-03
26-15-20-20 #-----------------------------------------#
26-15-20-20 [Step 298] logΨ: mean=3.198+0.347j
26-15-20-20 梯度监控 | raw=6.0786 | natural=0.1104 | clipped=0.1104(上限20.0) | t_grad=0ms t_qgt=2ms
26-15-20-20 冻结状态 | frozen_set=[3] | P_a/P=831/1108 | QGT=690561 | 本轮实际训练参数=831
26-15-20-20 连续达标轮数 | j0=0/5 | j1=0/5 | j2=0/5 | j3=0/5(已冻结)
26-15-20-20 Ψ矩阵条件数 cond(Ψ) = 3.04e+01 | 累计|g| = 10.5710 | 有效walker n_valid = 3200
26-15-20-20 Loss=-3.199597 | E0=-1.04443219 | E1=-0.95256897|E2=-0.66165900|E3=-0.54771223
26-15-20-20 误差(Ha): e0=9.92e-03 | e1=5.34e-03 | e2=7.29e-03 | e3=3.69e-03
26-15-20-20 #-----------------------------------------#
26-15-20-20 [Step 299] logΨ: mean=3.372+0.204j
26-15-20-20 梯度监控 | raw=0.8998 | natural=0.0167 | clipped=0.0167(上限20.0) | t_grad=0ms t_qgt=4ms
26-15-20-20 冻结状态 | frozen_set=[3] | P_a/P=831/1108 | QGT=690561 | 本轮实际训练参数=831
26-15-20-20 连续达标轮数 | j0=0/5 | j1=0/5 | j2=0/5 | j3=0/5(已冻结)
26-15-20-20 Ψ矩阵条件数 cond(Ψ) = 3.05e+01 | 累计|g| = 10.5710 | 有效walker n_valid = 3200
26-15-20-20 Loss=-3.210812 | E0=-1.04443385 | E1=-0.95252165|E2=-0.66134931|E3=-0.54796334
26-15-20-20 误差(Ha): e0=9.91e-03 | e1=5.38e-03 | e2=7.60e-03 | e3=3.44e-03
26-15-20-20 #-----------------------------------------#
26-15-20-20 [保存] Step 299 → pickle 已更新 (300 条记录)
26-15-20-20 [GaugeReset@300] 吸收 Δg = Σ Re(col_mean) = +20.1572 | 新|g| = 10.6544
26-15-20-20 训练耗时：201.08 秒
26-15-20-20 [保存] 训练结束，pickle 最终写入 → ./data/26-09-15-20-17_history_chemacc_freeze_H2_molecule_K4.pkl
26-15-20-20 ============================================================
26-15-20-20 训练完成! 冻结事件汇总：
26-15-20-20   step=  74 | 能级 3 (误差 4.08e-04 Ha) → 冻结列 3
26-15-20-20 最终冻结集合 frozen_set = [3] | 活跃参数 P_a = 831/1108
26-15-20-20 ============================================================
