26-17-20-31 
============================================================
26-17-20-31 开始多链 NES-VMC 训练 | P8: 双侧一致列规范 + 周期性 gauge reset
26-17-20-31 超参数配置:
N_CHAINS =16
N_SAMPLES_PER_CHAIN =200
SWEEP_SIZE = 10
N_ITER = 300
Natural_Grad = True
clip_per_param = 10.0
    lr = 0.1
qgt_diag_shift = 0.1
RESET_PERIOD =\ 10
SAVE_INTERVAL = 20
26-17-20-31 ============================================================
26-17-20-31 精确CAS基准：基态=-1.05434745 Ha | 1激发=-0.95790573 Ha|2激发=-0.66895227 Ha|3激发=-0.55140192 Ha|
26-17-20-31 理论 Loss 上限：-3.23260738 
26-17-20-31 超参：clip_per_param=10.0, lr=0.1, QGT diag_shift=0.1, RESET_PERIOD=10
26-17-20-31 [Step   0] logΨ: mean=1.047-0.028j | min=-1.938-1.853j | max=2.293+2.041j
26-17-20-31 梯度监控 | raw=3.7715 | per_param=0.1133 |  natural=1.0026 | clipped=0.0301(per_param上限10.0)
26-17-20-31 原始规范坐标 G(Re Σrow_mean) = +1.0558 | 累计|g| = 0.0000
26-17-20-31 Ψ矩阵条件数 cond(Ψ) = 1.09e+01
26-17-20-31 Loss=0.891533 | E0=-0.46477758 | E1=0.04976835|E2=0.19577370|E3=1.02866740
26-17-20-31 #-----------------------------------------#
26-17-20-31 [Step   1] logΨ: mean=1.388+0.059j | min=-0.958+0.471j | max=2.634+1.989j
26-17-20-31 梯度监控 | raw=3.8033 | per_param=0.1143 |  natural=1.0381 | clipped=0.0312(per_param上限10.0)
26-17-20-31 原始规范坐标 G(Re Σrow_mean) = +1.3595 | 累计|g| = 0.0000
26-17-20-31 Ψ矩阵条件数 cond(Ψ) = 8.07e+00
26-17-20-31 Loss=0.656437 | E0=-0.55989385 | E1=0.00025852|E2=0.09634187|E3=0.94338758
26-17-20-31 #-----------------------------------------#
26-17-20-31 [Step   2] logΨ: mean=1.817-0.018j | min=-1.251-1.515j | max=2.999+1.720j
26-17-20-31 梯度监控 | raw=3.8530 | per_param=0.1158 |  natural=1.0237 | clipped=0.0308(per_param上限10.0)
26-17-20-31 原始规范坐标 G(Re Σrow_mean) = +1.7249 | 累计|g| = 0.0000
26-17-20-31 Ψ矩阵条件数 cond(Ψ) = 8.54e+00
26-17-20-31 Loss=0.380926 | E0=-0.66670858 | E1=-0.10173849|E2=0.04836366|E3=0.83479815
26-17-20-31 #-----------------------------------------#
26-17-20-32 [Step   3] logΨ: mean=2.289+0.148j | min=-0.453-2.905j | max=3.478+1.697j
26-17-20-32 梯度监控 | raw=3.4601 | per_param=0.1039 |  natural=1.0319 | clipped=0.0310(per_param上限10.0)
26-17-20-32 原始规范坐标 G(Re Σrow_mean) = +2.1140 | 累计|g| = 0.0000
26-17-20-32 Ψ矩阵条件数 cond(Ψ) = 1.10e+01
26-17-20-32 Loss=0.137307 | E0=-0.72354124 | E1=-0.21990135|E2=0.01831948|E3=0.71327469
26-17-20-32 #-----------------------------------------#
26-17-20-32 [Step   4] logΨ: mean=2.852+0.070j | min=-0.843+1.739j | max=3.993+1.750j
26-17-20-32 梯度监控 | raw=3.1091 | per_param=0.0934 |  natural=1.0151 | clipped=0.0305(per_param上限10.0)
26-17-20-32 原始规范坐标 G(Re Σrow_mean) = +2.5679 | 累计|g| = 0.0000
26-17-20-32 Ψ矩阵条件数 cond(Ψ) = 9.71e+00
26-17-20-32 Loss=-0.183703 | E0=-0.79583020 | E1=-0.34679726|E2=-0.01511765|E3=0.56397139
26-17-20-32 #-----------------------------------------#
26-17-20-32 [Step   5] logΨ: mean=3.445+0.028j | min=0.612-0.177j | max=4.583+1.733j
26-17-20-32 梯度监控 | raw=3.0908 | per_param=0.0929 |  natural=0.9650 | clipped=0.0290(per_param上限10.0)
26-17-20-32 原始规范坐标 G(Re Σrow_mean) = +3.0546 | 累计|g| = 0.0000
26-17-20-32 Ψ矩阵条件数 cond(Ψ) = 8.07e+00
26-17-20-32 Loss=-0.445526 | E0=-0.84310714 | E1=-0.47171634|E2=-0.04311227|E3=0.44958853
26-17-20-32 #-----------------------------------------#
26-17-20-32 [Step   6] logΨ: mean=4.074+0.126j | min=0.975+0.176j | max=5.232+1.719j
26-17-20-32 梯度监控 | raw=3.1196 | per_param=0.0937 |  natural=1.0155 | clipped=0.0305(per_param上限10.0)
26-17-20-32 原始规范坐标 G(Re Σrow_mean) = +3.5733 | 累计|g| = 0.0000
26-17-20-32 Ψ矩阵条件数 cond(Ψ) = 7.75e+00
26-17-20-32 Loss=-0.642241 | E0=-0.87263913 | E1=-0.56031011|E2=-0.07774756|E3=0.32850565
26-17-20-32 #-----------------------------------------#
26-17-20-32 [Step   7] logΨ: mean=4.815+0.073j | min=1.676+2.991j | max=5.907+1.719j
26-17-20-32 梯度监控 | raw=2.8642 | per_param=0.0860 |  natural=0.9944 | clipped=0.0299(per_param上限10.0)
26-17-20-32 原始规范坐标 G(Re Σrow_mean) = +4.1712 | 累计|g| = 0.0000
26-17-20-32 Ψ矩阵条件数 cond(Ψ) = 1.40e+01
26-17-20-32 Loss=-0.865551 | E0=-0.90120171 | E1=-0.63574956|E2=-0.12673962|E3=0.24232273
26-17-20-32 #-----------------------------------------#
26-17-20-32 [Step   8] logΨ: mean=5.594+0.080j | min=2.198+1.235j | max=6.661+1.894j
26-17-20-32 梯度监控 | raw=3.2795 | per_param=0.0985 |  natural=0.9640 | clipped=0.0290(per_param上限10.0)
26-17-20-32 原始规范坐标 G(Re Σrow_mean) = +4.8074 | 累计|g| = 0.0000
26-17-20-32 Ψ矩阵条件数 cond(Ψ) = 1.05e+01
26-17-20-32 Loss=-1.093217 | E0=-0.92631654 | E1=-0.69920379|E2=-0.20280250|E3=0.18392323
26-17-20-32 #-----------------------------------------#
26-17-20-32 [Step   9] logΨ: mean=6.329+0.085j | min=2.204-1.955j | max=7.455+1.929j
26-17-20-32 梯度监控 | raw=3.2402 | per_param=0.0973 |  natural=0.9379 | clipped=0.0282(per_param上限10.0)
26-17-20-32 原始规范坐标 G(Re Σrow_mean) = +5.4100 | 累计|g| = 0.0000
26-17-20-32 Ψ矩阵条件数 cond(Ψ) = 9.78e+00
26-17-20-32 Loss=-1.260134 | E0=-0.94369972 | E1=-0.76014779|E2=-0.25776709|E3=0.13365403
26-17-20-32 #-----------------------------------------#
26-17-20-32 [GaugeReset@10] 吸收 Δg = Σ Re(col_mean) = +5.4100 | 新|g| = 2.9666
26-17-20-32 [Step  10] logΨ: mean=1.741+0.400j | min=-2.998+2.673j | max=2.866+2.909j
26-17-20-32 梯度监控 | raw=3.5056 | per_param=0.1053 |  natural=0.9153 | clipped=0.0275(per_param上限10.0)
26-17-20-32 原始规范坐标 G(Re Σrow_mean) = +6.1130 | 累计|g| = 2.9666
26-17-20-32 Ψ矩阵条件数 cond(Ψ) = 2.78e+01
26-17-20-32 Loss=-1.425535 | E0=-0.96065110 | E1=-0.80942219|E2=-0.32570447|E3=0.10554570
26-17-20-32 #-----------------------------------------#
26-17-20-32 [Step  11] logΨ: mean=2.604+0.409j | min=-1.921-2.117j | max=3.610+2.944j
26-17-20-32 梯度监控 | raw=3.7380 | per_param=0.1123 |  natural=0.8277 | clipped=0.0249(per_param上限10.0)
26-17-20-32 原始规范坐标 G(Re Σrow_mean) = +6.8530 | 累计|g| = 2.9666
26-17-20-32 Ψ矩阵条件数 cond(Ψ) = 9.91e+00
26-17-20-32 Loss=-1.672823 | E0=-0.97954256 | E1=-0.85870943|E2=-0.39702231|E3=0.08554148
26-17-20-32 #-----------------------------------------#
26-17-20-32 [Step  12] logΨ: mean=3.329+0.500j | min=-1.131+1.788j | max=4.331+3.099j
26-17-20-32 梯度监控 | raw=3.2410 | per_param=0.0974 |  natural=0.7800 | clipped=0.0234(per_param上限10.0)
26-17-20-32 原始规范坐标 G(Re Σrow_mean) = +7.4715 | 累计|g| = 2.9666
26-17-20-32 Ψ矩阵条件数 cond(Ψ) = 1.33e+01
26-17-20-32 Loss=-1.820585 | E0=-0.98997933 | E1=-0.88990066|E2=-0.43444446|E3=0.05853785
26-17-20-32 #-----------------------------------------#
26-17-20-32 [Step  13] logΨ: mean=4.062+0.316j | min=-0.766+0.125j | max=5.092+3.113j
26-17-20-32 梯度监控 | raw=3.7166 | per_param=0.1117 |  natural=0.8145 | clipped=0.0245(per_param上限10.0)
26-17-20-32 原始规范坐标 G(Re Σrow_mean) = +8.1092 | 累计|g| = 2.9666
26-17-20-32 Ψ矩阵条件数 cond(Ψ) = 6.81e+00
26-17-20-32 Loss=-1.868459 | E0=-1.00104971 | E1=-0.90667028|E2=-0.45999182|E3=0.04845047
26-17-20-32 #-----------------------------------------#
26-17-20-32 [Step  14] logΨ: mean=4.829+0.122j | min=0.674-2.013j | max=5.861+0.034j
26-17-20-32 梯度监控 | raw=4.3891 | per_param=0.1319 |  natural=0.7383 | clipped=0.0222(per_param上限10.0)
26-17-20-32 原始规范坐标 G(Re Σrow_mean) = +8.7794 | 累计|g| = 2.9666
26-17-20-32 Ψ矩阵条件数 cond(Ψ) = 8.52e+00
26-17-20-32 Loss=-1.961602 | E0=-1.00661138 | E1=-0.92310110|E2=-0.49430188|E3=0.03399858
26-17-20-32 #-----------------------------------------#
26-17-20-32 [Step  15] logΨ: mean=5.568+0.188j | min=0.858+0.817j | max=6.563+0.061j
26-17-20-32 梯度监控 | raw=4.3164 | per_param=0.1297 |  natural=0.7156 | clipped=0.0215(per_param上限10.0)
26-17-20-32 原始规范坐标 G(Re Σrow_mean) = +9.4322 | 累计|g| = 2.9666
26-17-20-32 Ψ矩阵条件数 cond(Ψ) = 1.65e+01
26-17-20-32 Loss=-2.075026 | E0=-1.02061099 | E1=-0.93504831|E2=-0.51197594|E3=0.01634878
26-17-20-32 #-----------------------------------------#
26-17-20-32 [Step  16] logΨ: mean=6.219-0.030j | min=1.054+2.639j | max=7.132+0.148j
26-17-20-32 梯度监控 | raw=5.2945 | per_param=0.1591 |  natural=0.6325 | clipped=0.0190(per_param上限10.0)
26-17-20-32 原始规范坐标 G(Re Σrow_mean) = +10.0263 | 累计|g| = 2.9666
26-17-20-32 Ψ矩阵条件数 cond(Ψ) = 2.58e+01
26-17-20-32 Loss=-2.171164 | E0=-1.02560503 | E1=-0.94542079|E2=-0.53684951|E3=0.00071768
26-17-20-32 #-----------------------------------------#
26-17-20-32 [Step  17] logΨ: mean=6.791-0.074j | min=1.124+2.729j | max=7.698+0.215j
26-17-20-32 梯度监控 | raw=5.7885 | per_param=0.1739 |  natural=0.6541 | clipped=0.0197(per_param上限10.0)
26-17-20-32 原始规范坐标 G(Re Σrow_mean) = +10.5029 | 累计|g| = 2.9666
26-17-20-32 Ψ矩阵条件数 cond(Ψ) = 1.59e+01
26-17-20-32 Loss=-2.232579 | E0=-1.02875032 | E1=-0.94905823|E2=-0.54734674|E3=-0.01995406
26-17-20-32 #-----------------------------------------#
26-17-20-32 [Step  18] logΨ: mean=7.379-0.351j | min=3.345+2.157j | max=8.194+0.238j
26-17-20-32 梯度监控 | raw=6.0020 | per_param=0.1803 |  natural=0.5267 | clipped=0.0158(per_param上限10.0)
26-17-20-32 原始规范坐标 G(Re Σrow_mean) = +11.0315 | 累计|g| = 2.9666
26-17-20-32 Ψ矩阵条件数 cond(Ψ) = 1.44e+01
26-17-20-32 Loss=-2.320219 | E0=-1.03862745 | E1=-0.95167719|E2=-0.55442527|E3=-0.03680729
26-17-20-32 #-----------------------------------------#
26-17-20-32 [Step  19] logΨ: mean=7.955-0.253j | min=2.842+2.782j | max=8.831+0.210j
26-17-20-32 梯度监控 | raw=7.0540 | per_param=0.2119 |  natural=0.5966 | clipped=0.0179(per_param上限10.0)
26-17-20-32 原始规范坐标 G(Re Σrow_mean) = +11.5673 | 累计|g| = 2.9666
26-17-20-32 Ψ矩阵条件数 cond(Ψ) = 1.44e+01
26-17-20-32 Loss=-2.318922 | E0=-1.03998108 | E1=-0.95310033|E2=-0.56230590|E3=-0.05040536
26-17-20-32 #-----------------------------------------#
26-17-20-32 [保存] Step 19 → pickle 文件已更新 (20 条记录)
26-17-20-32 [GaugeReset@20] 吸收 Δg = Σ Re(col_mean) = +11.5673 | 新|g| = 6.1771
26-17-20-32 [Step  20] logΨ: mean=2.169-0.650j | min=-1.850-0.311j | max=2.988+0.577j
26-17-20-32 梯度监控 | raw=8.1328 | per_param=0.2443 |  natural=0.4718 | clipped=0.0142(per_param上限10.0)
26-17-20-32 原始规范坐标 G(Re Σrow_mean) = +11.9394 | 累计|g| = 6.1771
26-17-20-32 Ψ矩阵条件数 cond(Ψ) = 2.20e+01
26-17-20-32 Loss=-2.403027 | E0=-1.04460721 | E1=-0.95495993|E2=-0.56890363|E3=-0.07672724
26-17-20-32 #-----------------------------------------#
26-17-20-32 [Step  21] logΨ: mean=2.514-0.607j | min=-2.193+1.710j | max=3.294+0.663j
26-17-20-32 梯度监控 | raw=9.3064 | per_param=0.2796 |  natural=0.4633 | clipped=0.0139(per_param上限10.0)
26-17-20-32 原始规范坐标 G(Re Σrow_mean) = +12.2460 | 累计|g| = 6.1771
26-17-20-32 Ψ矩阵条件数 cond(Ψ) = 2.23e+01
26-17-20-32 Loss=-2.425693 | E0=-1.04536665 | E1=-0.95567340|E2=-0.57549742|E3=-0.08945173
26-17-20-32 #-----------------------------------------#
26-17-20-32 [Step  22] logΨ: mean=2.942-0.835j | min=-1.661-1.752j | max=3.702+0.651j
26-17-20-32 梯度监控 | raw=11.4443 | per_param=0.3438 |  natural=0.4197 | clipped=0.0126(per_param上限10.0)
26-17-20-32 原始规范坐标 G(Re Σrow_mean) = +12.6574 | 累计|g| = 6.1771
26-17-20-32 Ψ矩阵条件数 cond(Ψ) = 2.19e+01
26-17-20-32 Loss=-2.478421 | E0=-1.04558490 | E1=-0.95642282|E2=-0.57747508|E3=-0.11252824
26-17-20-32 #-----------------------------------------#
26-17-20-32 [Step  23] logΨ: mean=3.296-0.622j | min=-1.317-2.802j | max=4.033+0.603j
26-17-20-32 梯度监控 | raw=11.0916 | per_param=0.3332 |  natural=0.4250 | clipped=0.0128(per_param上限10.0)
26-17-20-32 原始规范坐标 G(Re Σrow_mean) = +12.9549 | 累计|g| = 6.1771
26-17-20-32 Ψ矩阵条件数 cond(Ψ) = 1.65e+01
26-17-20-32 Loss=-2.492346 | E0=-1.04662845 | E1=-0.95604094|E2=-0.58069985|E3=-0.13265529
26-17-20-32 #-----------------------------------------#
26-17-20-32 [Step  24] logΨ: mean=3.750-0.775j | min=-2.530+0.648j | max=4.503+0.546j
26-17-20-32 梯度监控 | raw=12.7493 | per_param=0.3830 |  natural=0.4310 | clipped=0.0129(per_param上限10.0)
26-17-20-32 原始规范坐标 G(Re Σrow_mean) = +13.4241 | 累计|g| = 6.1771
26-17-20-32 Ψ矩阵条件数 cond(Ψ) = 2.72e+01
26-17-20-32 Loss=-2.505241 | E0=-1.04797296 | E1=-0.95632695|E2=-0.58471000|E3=-0.15588528
26-17-20-32 #-----------------------------------------#
26-17-20-32 [Step  25] logΨ: mean=4.098-0.741j | min=-1.936+1.349j | max=4.746+0.649j
26-17-20-32 梯度监控 | raw=16.2015 | per_param=0.4867 |  natural=0.3746 | clipped=0.0113(per_param上限10.0)
26-17-20-32 原始规范坐标 G(Re Σrow_mean) = +13.7492 | 累计|g| = 6.1771
26-17-20-32 Ψ矩阵条件数 cond(Ψ) = 1.44e+01
26-17-20-32 Loss=-2.559564 | E0=-1.04732131 | E1=-0.95632303|E2=-0.58766113|E3=-0.17018654
26-17-20-32 #-----------------------------------------#
26-17-20-32 [Step  26] logΨ: mean=4.315-0.646j | min=-0.289+0.217j | max=4.995+0.262j
26-17-20-32 梯度监控 | raw=18.8686 | per_param=0.5669 |  natural=0.2917 | clipped=0.0088(per_param上限10.0)
26-17-20-32 原始规范坐标 G(Re Σrow_mean) = +13.9341 | 累计|g| = 6.1771
26-17-20-32 Ψ矩阵条件数 cond(Ψ) = 1.41e+01
26-17-20-32 Loss=-2.572197 | E0=-1.04865232 | E1=-0.95607391|E2=-0.58753127|E3=-0.19607779
26-17-20-32 #-----------------------------------------#
26-17-20-32 [Step  27] logΨ: mean=4.394-0.658j | min=-1.337-1.594j | max=5.086+0.371j
26-17-20-32 梯度监控 | raw=21.4345 | per_param=0.6439 |  natural=0.5083 | clipped=0.0153(per_param上限10.0)
26-17-20-32 原始规范坐标 G(Re Σrow_mean) = +14.0532 | 累计|g| = 6.1771
26-17-20-32 Ψ矩阵条件数 cond(Ψ) = 1.90e+01
26-17-20-32 Loss=-2.598004 | E0=-1.04916493 | E1=-0.95611720|E2=-0.59323127|E3=-0.20175100
26-17-20-32 #-----------------------------------------#
26-17-20-32 [Step  28] logΨ: mean=4.573-0.808j | min=-0.153-2.328j | max=5.264+0.420j
26-17-20-32 梯度监控 | raw=22.5303 | per_param=0.6769 |  natural=0.3852 | clipped=0.0116(per_param上限10.0)
26-17-20-32 原始规范坐标 G(Re Σrow_mean) = +14.3613 | 累计|g| = 6.1771
26-17-20-32 Ψ矩阵条件数 cond(Ψ) = 1.12e+01
26-17-20-32 Loss=-2.608599 | E0=-1.04818968 | E1=-0.95620391|E2=-0.59489017|E3=-0.21513880
26-17-20-32 #-----------------------------------------#
26-17-20-32 [Step  29] logΨ: mean=4.744-0.672j | min=0.331+2.432j | max=5.434+0.503j
26-17-20-32 梯度监控 | raw=29.0088 | per_param=0.8715 |  natural=0.3334 | clipped=0.0100(per_param上限10.0)
26-17-20-32 原始规范坐标 G(Re Σrow_mean) = +14.5455 | 累计|g| = 6.1771
26-17-20-32 Ψ矩阵条件数 cond(Ψ) = 1.84e+01
26-17-20-32 Loss=-2.627278 | E0=-1.04749313 | E1=-0.95629802|E2=-0.59693765|E3=-0.21624090
26-17-20-32 #-----------------------------------------#
26-17-20-32 [GaugeReset@30] 吸收 Δg = Σ Re(col_mean) = +14.5455 | 新|g| = 7.8672
26-17-20-32 [Step  30] logΨ: mean=2.046+0.763j | min=-2.546+0.537j | max=2.733+2.945j
26-17-20-32 梯度监控 | raw=36.3829 | per_param=1.0930 |  natural=0.2855 | clipped=0.0086(per_param上限10.0)
26-17-20-32 原始规范坐标 G(Re Σrow_mean) = +14.8275 | 累计|g| = 7.8672
26-17-20-32 Ψ矩阵条件数 cond(Ψ) = 5.09e+01
26-17-20-32 Loss=-2.642310 | E0=-1.04920905 | E1=-0.95616833|E2=-0.59875034|E3=-0.23737463
26-17-20-32 #-----------------------------------------#
26-17-20-32 [Step  31] logΨ: mean=2.278+0.607j | min=-2.337+0.509j | max=3.005+2.912j
26-17-20-32 梯度监控 | raw=41.6191 | per_param=1.2503 |  natural=0.2222 | clipped=0.0067(per_param上限10.0)
26-17-20-32 原始规范坐标 G(Re Σrow_mean) = +15.0472 | 累计|g| = 7.8672
26-17-20-32 Ψ矩阵条件数 cond(Ψ) = 2.24e+01
26-17-20-32 Loss=-2.654975 | E0=-1.04924674 | E1=-0.95578659|E2=-0.59994463|E3=-0.26672299
26-17-20-32 #-----------------------------------------#
26-17-20-32 [Step  32] logΨ: mean=2.419+0.583j | min=-2.007-0.862j | max=3.222+2.960j
26-17-20-32 梯度监控 | raw=45.6746 | per_param=1.3722 |  natural=0.2719 | clipped=0.0082(per_param上限10.0)
26-17-20-32 原始规范坐标 G(Re Σrow_mean) = +15.2761 | 累计|g| = 7.8672
26-17-20-32 Ψ矩阵条件数 cond(Ψ) = 6.93e+01
26-17-20-32 Loss=-2.682742 | E0=-1.04825686 | E1=-0.95581442|E2=-0.60275887|E3=-0.29367563
26-17-20-32 #-----------------------------------------#
26-17-20-32 [Step  33] logΨ: mean=2.651+0.743j | min=-1.132-0.513j | max=3.465+2.981j
26-17-20-32 梯度监控 | raw=51.7139 | per_param=1.5536 |  natural=0.1948 | clipped=0.0059(per_param上限10.0)
26-17-20-32 原始规范坐标 G(Re Σrow_mean) = +15.5073 | 累计|g| = 7.8672
26-17-20-32 Ψ矩阵条件数 cond(Ψ) = 1.86e+01
26-17-20-32 Loss=-2.701607 | E0=-1.04827407 | E1=-0.95582184|E2=-0.60413143|E3=-0.31827939
26-17-20-32 #-----------------------------------------#
26-17-20-32 [Step  34] logΨ: mean=2.829+0.377j | min=-3.762+1.518j | max=3.710+2.916j
26-17-20-32 梯度监控 | raw=51.1346 | per_param=1.5362 |  natural=0.2453 | clipped=0.0074(per_param上限10.0)
26-17-20-32 原始规范坐标 G(Re Σrow_mean) = +15.5924 | 累计|g| = 7.8672
26-17-20-32 Ψ矩阵条件数 cond(Ψ) = 1.69e+01
26-17-20-32 Loss=-2.691641 | E0=-1.04894427 | E1=-0.95535692|E2=-0.60639071|E3=-0.34232390
26-17-20-32 #-----------------------------------------#
26-17-20-32 [Step  35] logΨ: mean=2.991+0.799j | min=-1.799-1.515j | max=3.854+2.972j
26-17-20-32 梯度监控 | raw=66.1129 | per_param=1.9862 |  natural=0.3296 | clipped=0.0099(per_param上限10.0)
26-17-20-32 原始规范坐标 G(Re Σrow_mean) = +15.8980 | 累计|g| = 7.8672
26-17-20-32 Ψ矩阵条件数 cond(Ψ) = 1.25e+01
26-17-20-32 Loss=-2.749262 | E0=-1.04760795 | E1=-0.95530333|E2=-0.61036694|E3=-0.36784698
26-17-20-32 #-----------------------------------------#
26-17-20-32 [Step  36] logΨ: mean=3.128+0.853j | min=-0.879+0.786j | max=3.987+2.962j
26-17-20-32 梯度监控 | raw=68.5939 | per_param=2.0607 |  natural=0.1946 | clipped=0.0058(per_param上限10.0)
26-17-20-32 原始规范坐标 G(Re Σrow_mean) = +16.0469 | 累计|g| = 7.8672
26-17-20-32 Ψ矩阵条件数 cond(Ψ) = 2.02e+01
26-17-20-32 Loss=-2.754326 | E0=-1.04790782 | E1=-0.95498509|E2=-0.61267733|E3=-0.37876107
26-17-20-32 #-----------------------------------------#
26-17-20-32 [Step  37] logΨ: mean=3.378+0.754j | min=-1.401-1.465j | max=4.250+2.964j
26-17-20-32 梯度监控 | raw=72.4550 | per_param=2.1767 |  natural=0.1814 | clipped=0.0054(per_param上限10.0)
26-17-20-32 原始规范坐标 G(Re Σrow_mean) = +16.2772 | 累计|g| = 7.8672
26-17-20-32 Ψ矩阵条件数 cond(Ψ) = 1.03e+01
26-17-20-32 Loss=-2.767373 | E0=-1.04788386 | E1=-0.95490829|E2=-0.61322074|E3=-0.40826669
26-17-20-32 #-----------------------------------------#
26-17-20-32 [Step  38] logΨ: mean=3.475+0.782j | min=-0.896+3.002j | max=4.376+2.981j
26-17-20-32 梯度监控 | raw=79.4094 | per_param=2.3856 |  natural=0.1661 | clipped=0.0050(per_param上限10.0)
26-17-20-32 原始规范坐标 G(Re Σrow_mean) = +16.4292 | 累计|g| = 7.8672
26-17-20-32 Ψ矩阵条件数 cond(Ψ) = 2.59e+01
26-17-20-32 Loss=-2.787375 | E0=-1.04810903 | E1=-0.95502907|E2=-0.61621354|E3=-0.42690461
26-17-20-32 #-----------------------------------------#
26-17-20-32 [Step  39] logΨ: mean=3.652+0.738j | min=-1.774-0.632j | max=4.594+2.908j
26-17-20-32 梯度监控 | raw=85.1215 | per_param=2.5572 |  natural=0.2572 | clipped=0.0077(per_param上限10.0)
26-17-20-32 原始规范坐标 G(Re Σrow_mean) = +16.6149 | 累计|g| = 7.8672
26-17-20-32 Ψ矩阵条件数 cond(Ψ) = 1.76e+01
26-17-20-32 Loss=-2.800912 | E0=-1.04757419 | E1=-0.95464967|E2=-0.61854713|E3=-0.44752393
26-17-20-32 #-----------------------------------------#
26-17-20-32 [保存] Step 39 → pickle 文件已更新 (40 条记录)
26-17-20-32 [GaugeReset@40] 吸收 Δg = Σ Re(col_mean) = +16.6149 | 新|g| = 8.9587
26-17-20-32 [Step  40] logΨ: mean=1.853+0.703j | min=-1.800-3.118j | max=2.688+2.680j
26-17-20-32 梯度监控 | raw=84.0212 | per_param=2.5242 |  natural=0.1704 | clipped=0.0051(per_param上限10.0)
26-17-20-32 原始规范坐标 G(Re Σrow_mean) = +16.8939 | 累计|g| = 8.9587
26-17-20-32 Ψ矩阵条件数 cond(Ψ) = 5.95e+01
26-17-20-32 Loss=-2.852732 | E0=-1.04814292 | E1=-0.95456916|E2=-0.62344881|E3=-0.47077607
26-17-20-32 #-----------------------------------------#
26-17-20-32 [Step  41] logΨ: mean=1.896+0.819j | min=-2.701-0.639j | max=2.794+2.716j
26-17-20-32 梯度监控 | raw=91.0838 | per_param=2.7363 |  natural=0.1763 | clipped=0.0053(per_param上限10.0)
26-17-20-32 原始规范坐标 G(Re Σrow_mean) = +16.9981 | 累计|g| = 8.9587
26-17-20-32 Ψ矩阵条件数 cond(Ψ) = 2.69e+01
26-17-20-32 Loss=-2.849740 | E0=-1.04761914 | E1=-0.95462966|E2=-0.62377251|E3=-0.47840530
26-17-20-32 #-----------------------------------------#
26-17-20-32 [Step  42] logΨ: mean=1.966+0.623j | min=-2.139-3.066j | max=2.923+2.714j
26-17-20-32 梯度监控 | raw=86.1853 | per_param=2.5892 |  natural=0.1142 | clipped=0.0034(per_param上限10.0)
26-17-20-32 原始规范坐标 G(Re Σrow_mean) = +16.9516 | 累计|g| = 8.9587
26-17-20-32 Ψ矩阵条件数 cond(Ψ) = 1.34e+01
26-17-20-32 Loss=-2.827014 | E0=-1.04736790 | E1=-0.95447135|E2=-0.62535893|E3=-0.48137109
26-17-20-32 #-----------------------------------------#
26-17-20-32 [Step  43] logΨ: mean=2.269+1.026j | min=-1.685+0.069j | max=3.103+2.752j
26-17-20-32 梯度监控 | raw=89.6672 | per_param=2.6938 |  natural=0.2049 | clipped=0.0062(per_param上限10.0)
26-17-20-32 原始规范坐标 G(Re Σrow_mean) = +17.3551 | 累计|g| = 8.9587
26-17-20-32 Ψ矩阵条件数 cond(Ψ) = 1.36e+01
26-17-20-32 Loss=-2.891892 | E0=-1.04746471 | E1=-0.95431912|E2=-0.62924875|E3=-0.50195956
26-17-20-32 #-----------------------------------------#
26-17-20-32 [Step  44] logΨ: mean=2.255+0.769j | min=-2.629+1.409j | max=3.123+2.639j
26-17-20-32 梯度监控 | raw=93.1706 | per_param=2.7990 |  natural=0.1894 | clipped=0.0057(per_param上限10.0)
26-17-20-32 原始规范坐标 G(Re Σrow_mean) = +17.3354 | 累计|g| = 8.9587
26-17-20-32 Ψ矩阵条件数 cond(Ψ) = 1.41e+01
26-17-20-32 Loss=-2.899689 | E0=-1.04713288 | E1=-0.95430182|E2=-0.63144240|E3=-0.51004010
26-17-20-32 #-----------------------------------------#
26-17-20-32 [Step  45] logΨ: mean=2.557+0.631j | min=-1.757-0.041j | max=3.252+2.638j
26-17-20-32 梯度监控 | raw=87.0885 | per_param=2.6163 |  natural=0.0970 | clipped=0.0029(per_param上限10.0)
26-17-20-32 原始规范坐标 G(Re Σrow_mean) = +17.7033 | 累计|g| = 8.9587
26-17-20-32 Ψ矩阵条件数 cond(Ψ) = 1.66e+01
26-17-20-32 Loss=-2.963251 | E0=-1.04738542 | E1=-0.95410642|E2=-0.63649453|E3=-0.52296737
26-17-20-32 #-----------------------------------------#
26-17-20-32 [Step  46] logΨ: mean=2.631+0.650j | min=-4.046-0.056j | max=3.463+2.597j
26-17-20-32 梯度监控 | raw=89.0473 | per_param=2.6752 |  natural=0.3223 | clipped=0.0097(per_param上限10.0)
26-17-20-32 原始规范坐标 G(Re Σrow_mean) = +17.8060 | 累计|g| = 8.9587
26-17-20-32 Ψ矩阵条件数 cond(Ψ) = 1.60e+01
26-17-20-32 Loss=-2.938381 | E0=-1.04733010 | E1=-0.95374390|E2=-0.63828922|E3=-0.52363208
26-17-20-32 #-----------------------------------------#
26-17-20-32 [Step  47] logΨ: mean=2.751+0.398j | min=-1.953+3.097j | max=3.539+2.643j
26-17-20-32 梯度监控 | raw=87.3933 | per_param=2.6255 |  natural=0.2383 | clipped=0.0072(per_param上限10.0)
26-17-20-32 原始规范坐标 G(Re Σrow_mean) = +17.9169 | 累计|g| = 8.9587
26-17-20-32 Ψ矩阵条件数 cond(Ψ) = 2.97e+01
26-17-20-32 Loss=-2.968489 | E0=-1.04686678 | E1=-0.95357813|E2=-0.64223571|E3=-0.53257428
26-17-20-32 #-----------------------------------------#
26-17-20-32 [Step  48] logΨ: mean=3.127+0.475j | min=-2.312+0.042j | max=3.873+2.649j
26-17-20-32 梯度监控 | raw=75.6106 | per_param=2.2715 |  natural=0.3538 | clipped=0.0106(per_param上限10.0)
26-17-20-32 原始规范坐标 G(Re Σrow_mean) = +18.3122 | 累计|g| = 8.9587
26-17-20-32 Ψ矩阵条件数 cond(Ψ) = 3.30e+01
26-17-20-32 Loss=-2.999754 | E0=-1.04640576 | E1=-0.95323276|E2=-0.64306863|E3=-0.53433873
26-17-20-32 #-----------------------------------------#
26-17-20-32 [Step  49] logΨ: mean=3.087+0.524j | min=-2.358-3.030j | max=3.844+2.736j
26-17-20-32 梯度监控 | raw=86.1877 | per_param=2.5893 |  natural=0.1566 | clipped=0.0047(per_param上限10.0)
26-17-20-32 原始规范坐标 G(Re Σrow_mean) = +18.1818 | 累计|g| = 8.9587
26-17-20-32 Ψ矩阵条件数 cond(Ψ) = 1.56e+01
26-17-20-32 Loss=-2.993286 | E0=-1.04681687 | E1=-0.95325223|E2=-0.64593179|E3=-0.53717603
26-17-20-32 #-----------------------------------------#
26-17-20-32 [GaugeReset@50] 吸收 Δg = Σ Re(col_mean) = +18.1818 | 新|g| = 9.7863
26-17-20-32 [Step  50] logΨ: mean=1.662+0.247j | min=-3.377-2.820j | max=2.462+2.335j
26-17-20-32 梯度监控 | raw=86.7150 | per_param=2.6051 |  natural=0.1499 | clipped=0.0045(per_param上限10.0)
26-17-20-32 原始规范坐标 G(Re Σrow_mean) = +18.2791 | 累计|g| = 9.7863
26-17-20-32 Ψ矩阵条件数 cond(Ψ) = 1.79e+01
26-17-20-32 Loss=-2.988679 | E0=-1.04700576 | E1=-0.95320687|E2=-0.64671726|E3=-0.53544905
26-17-20-32 #-----------------------------------------#
26-17-20-32 [Step  51] logΨ: mean=1.946+0.278j | min=-4.113-2.834j | max=2.515+2.349j
26-17-20-32 梯度监控 | raw=72.1605 | per_param=2.1679 |  natural=0.1317 | clipped=0.0040(per_param上限10.0)
26-17-20-32 原始规范坐标 G(Re Σrow_mean) = +18.6727 | 累计|g| = 9.7863
26-17-20-32 Ψ矩阵条件数 cond(Ψ) = 1.80e+01
26-17-20-32 Loss=-3.065367 | E0=-1.04655269 | E1=-0.95316918|E2=-0.65061421|E3=-0.54447833
26-17-20-32 #-----------------------------------------#
26-17-20-32 [Step  52] logΨ: mean=2.037+0.489j | min=-2.721-3.086j | max=2.587+2.372j
26-17-20-32 梯度监控 | raw=79.0890 | per_param=2.3760 |  natural=0.1359 | clipped=0.0041(per_param上限10.0)
26-17-20-32 原始规范坐标 G(Re Σrow_mean) = +18.7626 | 累计|g| = 9.7863
26-17-20-32 Ψ矩阵条件数 cond(Ψ) = 1.79e+01
26-17-20-32 Loss=-3.065084 | E0=-1.04677449 | E1=-0.95310766|E2=-0.65129756|E3=-0.54492313
26-17-20-32 #-----------------------------------------#
26-17-20-32 [Step  53] logΨ: mean=2.158+0.612j | min=-2.530+2.796j | max=2.678+2.367j
26-17-20-32 梯度监控 | raw=67.5739 | per_param=2.0301 |  natural=0.1221 | clipped=0.0037(per_param上限10.0)
26-17-20-32 原始规范坐标 G(Re Σrow_mean) = +18.8441 | 累计|g| = 9.7863
26-17-20-32 Ψ矩阵条件数 cond(Ψ) = 1.83e+01
26-17-20-32 Loss=-3.078868 | E0=-1.04682788 | E1=-0.95289381|E2=-0.65257819|E3=-0.54578663
26-17-20-32 #-----------------------------------------#
26-17-20-32 [Step  54] logΨ: mean=2.090+0.510j | min=-3.499+0.534j | max=2.737+2.385j
26-17-20-32 梯度监控 | raw=67.5296 | per_param=2.0287 |  natural=0.0919 | clipped=0.0028(per_param上限10.0)
26-17-20-32 原始规范坐标 G(Re Σrow_mean) = +18.6528 | 累计|g| = 9.7863
26-17-20-32 Ψ矩阵条件数 cond(Ψ) = 5.57e+01
26-17-20-32 Loss=-3.053352 | E0=-1.04708545 | E1=-0.95301865|E2=-0.65244580|E3=-0.54349054
26-17-20-32 #-----------------------------------------#
26-17-20-32 [Step  55] logΨ: mean=2.371+0.583j | min=-2.542-1.525j | max=2.878+2.354j
26-17-20-32 梯度监控 | raw=58.9222 | per_param=1.7701 |  natural=0.2057 | clipped=0.0062(per_param上限10.0)
26-17-20-32 原始规范坐标 G(Re Σrow_mean) = +18.9371 | 累计|g| = 9.7863
26-17-20-32 Ψ矩阵条件数 cond(Ψ) = 2.01e+01
26-17-20-32 Loss=-3.086429 | E0=-1.04658616 | E1=-0.95294377|E2=-0.65463827|E3=-0.54632602
26-17-20-32 #-----------------------------------------#
26-17-20-32 [Step  56] logΨ: mean=2.474+0.651j | min=-1.734+3.022j | max=2.923+2.361j
26-17-20-32 梯度监控 | raw=60.8060 | per_param=1.8267 |  natural=0.0926 | clipped=0.0028(per_param上限10.0)
26-17-20-32 原始规范坐标 G(Re Σrow_mean) = +19.0902 | 累计|g| = 9.7863
26-17-20-32 Ψ矩阵条件数 cond(Ψ) = 2.03e+01
26-17-20-32 Loss=-3.104863 | E0=-1.04686482 | E1=-0.95313487|E2=-0.65561615|E3=-0.54717008
26-17-20-32 #-----------------------------------------#
26-17-20-32 [Step  57] logΨ: mean=2.593+0.680j | min=-3.955-0.545j | max=3.030+2.320j
26-17-20-32 梯度监控 | raw=46.7935 | per_param=1.4058 |  natural=0.1075 | clipped=0.0032(per_param上限10.0)
26-17-20-32 原始规范坐标 G(Re Σrow_mean) = +19.1009 | 累计|g| = 9.7863
26-17-20-32 Ψ矩阵条件数 cond(Ψ) = 2.01e+01
26-17-20-32 Loss=-3.116925 | E0=-1.04669925 | E1=-0.95299398|E2=-0.65617378|E3=-0.54803193
26-17-20-32 #-----------------------------------------#
26-17-20-32 [Step  58] logΨ: mean=2.580+0.710j | min=-3.646-0.657j | max=3.056+2.342j
26-17-20-32 梯度监控 | raw=42.7397 | per_param=1.2840 |  natural=0.2166 | clipped=0.0065(per_param上限10.0)
26-17-20-32 原始规范坐标 G(Re Σrow_mean) = +19.0748 | 累计|g| = 9.7863
26-17-20-32 Ψ矩阵条件数 cond(Ψ) = 3.79e+01
26-17-20-32 Loss=-3.119298 | E0=-1.04663913 | E1=-0.95314783|E2=-0.65691530|E3=-0.54724513
26-17-20-32 #-----------------------------------------#
26-17-20-32 [Step  59] logΨ: mean=2.791+0.977j | min=-3.277-0.861j | max=3.238+2.405j
26-17-20-32 梯度监控 | raw=36.8973 | per_param=1.1085 |  natural=0.2739 | clipped=0.0082(per_param上限10.0)
26-17-20-32 原始规范坐标 G(Re Σrow_mean) = +19.1477 | 累计|g| = 9.7863
26-17-20-32 Ψ矩阵条件数 cond(Ψ) = 2.05e+01
26-17-20-32 Loss=-3.119752 | E0=-1.04674150 | E1=-0.95315465|E2=-0.65763427|E3=-0.54790259
26-17-20-32 #-----------------------------------------#
26-17-20-32 [保存] Step 59 → pickle 文件已更新 (60 条记录)
26-17-20-32 [GaugeReset@60] 吸收 Δg = Σ Re(col_mean) = +19.1477 | 新|g| = 10.2714
26-17-20-32 [Step  60] logΨ: mean=1.992+1.535j | min=-4.610+0.167j | max=2.331+2.245j
26-17-20-32 梯度监控 | raw=23.8254 | per_param=0.7158 |  natural=0.1678 | clipped=0.0050(per_param上限10.0)
26-17-20-32 原始规范坐标 G(Re Σrow_mean) = +19.3575 | 累计|g| = 10.2714
26-17-20-32 Ψ矩阵条件数 cond(Ψ) = 2.05e+01
26-17-20-32 Loss=-3.147964 | E0=-1.04651266 | E1=-0.95320482|E2=-0.65839641|E3=-0.54886432
26-17-20-32 #-----------------------------------------#
26-17-20-32 [Step  61] logΨ: mean=2.070+0.966j | min=-2.644+2.316j | max=2.387+2.232j
26-17-20-32 梯度监控 | raw=29.6700 | per_param=0.8913 |  natural=0.1028 | clipped=0.0031(per_param上限10.0)
26-17-20-32 原始规范坐标 G(Re Σrow_mean) = +19.3899 | 累计|g| = 10.2714
26-17-20-32 Ψ矩阵条件数 cond(Ψ) = 2.05e+01
26-17-20-32 Loss=-3.151264 | E0=-1.04640565 | E1=-0.95326480|E2=-0.65842272|E3=-0.54932706
26-17-20-32 #-----------------------------------------#
26-17-20-32 [Step  62] logΨ: mean=1.928+1.399j | min=-3.685-0.330j | max=2.402+2.289j
26-17-20-32 梯度监控 | raw=54.0116 | per_param=1.6226 |  natural=0.1184 | clipped=0.0036(per_param上限10.0)
26-17-20-32 原始规范坐标 G(Re Σrow_mean) = +19.2682 | 累计|g| = 10.2714
26-17-20-32 Ψ矩阵条件数 cond(Ψ) = 2.06e+01
26-17-20-32 Loss=-3.129767 | E0=-1.04649951 | E1=-0.95354292|E2=-0.65759677|E3=-0.54845521
26-17-20-32 #-----------------------------------------#
26-17-20-32 [Step  63] logΨ: mean=2.188+0.712j | min=-2.623+2.653j | max=2.468+2.289j
26-17-20-32 梯度监控 | raw=24.8446 | per_param=0.7464 |  natural=0.1409 | clipped=0.0042(per_param上限10.0)
26-17-20-32 原始规范坐标 G(Re Σrow_mean) = +19.4691 | 累计|g| = 10.2714
26-17-20-32 Ψ矩阵条件数 cond(Ψ) = 2.10e+01
26-17-20-32 Loss=-3.160325 | E0=-1.04624228 | E1=-0.95357640|E2=-0.65830777|E3=-0.54961107
26-17-20-32 #-----------------------------------------#
26-17-20-32 [Step  64] logΨ: mean=2.209+0.171j | min=-3.450+2.375j | max=2.571+2.314j
26-17-20-32 梯度监控 | raw=32.6257 | per_param=0.9801 |  natural=0.1803 | clipped=0.0054(per_param上限10.0)
26-17-20-32 原始规范坐标 G(Re Σrow_mean) = +19.4288 | 累计|g| = 10.2714
26-17-20-32 Ψ矩阵条件数 cond(Ψ) = 2.08e+01
26-17-20-32 Loss=-3.143875 | E0=-1.04613080 | E1=-0.95364212|E2=-0.65795407|E3=-0.54924848
26-17-20-32 #-----------------------------------------#
26-17-20-32 [Step  65] logΨ: mean=2.259+0.427j | min=-3.213+0.329j | max=2.644+2.261j
26-17-20-32 梯度监控 | raw=19.7109 | per_param=0.5922 |  natural=0.1763 | clipped=0.0053(per_param上限10.0)
26-17-20-32 原始规范坐标 G(Re Σrow_mean) = +19.4426 | 累计|g| = 10.2714
26-17-20-32 Ψ矩阵条件数 cond(Ψ) = 2.16e+01
26-17-20-32 Loss=-3.159929 | E0=-1.04615166 | E1=-0.95368807|E2=-0.65890739|E3=-0.54962868
26-17-20-32 #-----------------------------------------#
26-17-20-32 [Step  66] logΨ: mean=0.457+0.344j | min=-5.788+2.345j | max=0.763+2.434j
26-17-20-32 梯度监控 | raw=16.2757 | per_param=0.4890 |  natural=1.7852 | clipped=0.0536(per_param上限10.0)
26-17-20-32 原始规范坐标 G(Re Σrow_mean) = +17.5584 | 累计|g| = 10.2714
26-17-20-32 Ψ矩阵条件数 cond(Ψ) = 1.68e+01
26-17-20-32 Loss=-3.181169 | E0=-1.04556969 | E1=-0.95320226|E2=-0.65915253|E3=-0.55525659
26-17-20-32 #-----------------------------------------#
26-17-20-32 [Step  67] logΨ: mean=0.686+0.807j | min=-4.089+2.985j | max=1.021+2.431j
26-17-20-32 梯度监控 | raw=35.8874 | per_param=1.0781 |  natural=0.1026 | clipped=0.0031(per_param上限10.0)
26-17-20-32 原始规范坐标 G(Re Σrow_mean) = +17.6630 | 累计|g| = 10.2714
26-17-20-32 Ψ矩阵条件数 cond(Ψ) = 1.73e+01
26-17-20-32 Loss=-3.104597 | E0=-1.04543459 | E1=-0.95318468|E2=-0.65873807|E3=-0.55295493
26-17-20-32 #-----------------------------------------#
26-17-20-32 [Step  68] logΨ: mean=0.787+0.818j | min=-3.946+0.198j | max=1.109+2.689j
26-17-20-32 梯度监控 | raw=25.7957 | per_param=0.7750 |  natural=0.1316 | clipped=0.0040(per_param上限10.0)
26-17-20-32 原始规范坐标 G(Re Σrow_mean) = +17.7280 | 累计|g| = 10.2714
26-17-20-32 Ψ矩阵条件数 cond(Ψ) = 3.32e+01
26-17-20-32 Loss=-3.133417 | E0=-1.04583320 | E1=-0.95323566|E2=-0.65869208|E3=-0.55316479
26-17-20-32 #-----------------------------------------#
26-17-20-32 [Step  69] logΨ: mean=1.060+0.326j | min=-4.058-0.381j | max=1.338+2.597j
26-17-20-32 梯度监控 | raw=15.9496 | per_param=0.4792 |  natural=0.1071 | clipped=0.0032(per_param上限10.0)
26-17-20-32 原始规范坐标 G(Re Σrow_mean) = +17.9688 | 累计|g| = 10.2714
26-17-20-32 Ψ矩阵条件数 cond(Ψ) = 1.72e+01
26-17-20-32 Loss=-3.160777 | E0=-1.04582045 | E1=-0.95329550|E2=-0.65879285|E3=-0.55348435
26-17-20-32 #-----------------------------------------#
26-17-20-32 [GaugeReset@70] 吸收 Δg = Σ Re(col_mean) = +17.9688 | 新|g| = 10.1890
26-17-20-32 [Step  70] logΨ: mean=2.339-0.010j | min=-3.063+1.325j | max=2.761+2.236j
26-17-20-32 梯度监控 | raw=21.1519 | per_param=0.6354 |  natural=0.4572 | clipped=0.0137(per_param上限10.0)
26-17-20-32 原始规范坐标 G(Re Σrow_mean) = +17.9226 | 累计|g| = 10.1890
26-17-20-32 Ψ矩阵条件数 cond(Ψ) = 4.10e+01
26-17-20-32 Loss=-3.132881 | E0=-1.04600054 | E1=-0.95299315|E2=-0.65945605|E3=-0.55115041
26-17-20-32 #-----------------------------------------#
26-17-20-32 [Step  71] logΨ: mean=2.948-0.061j | min=-2.619+1.804j | max=3.090+2.182j
26-17-20-32 梯度监控 | raw=7.2964 | per_param=0.2192 |  natural=0.0744 | clipped=0.0022(per_param上限10.0)
26-17-20-32 原始规范坐标 G(Re Σrow_mean) = +18.5136 | 累计|g| = 10.1890
26-17-20-32 Ψ矩阵条件数 cond(Ψ) = 2.72e+01
26-17-20-32 Loss=-3.190127 | E0=-1.04579307 | E1=-0.95267819|E2=-0.65965179|E3=-0.55167209
26-17-20-32 #-----------------------------------------#
26-17-20-32 [Step  72] logΨ: mean=2.993+0.431j | min=-1.655-2.353j | max=3.234+2.124j
26-17-20-32 梯度监控 | raw=11.4743 | per_param=0.3447 |  natural=0.2252 | clipped=0.0068(per_param上限10.0)
26-17-20-32 原始规范坐标 G(Re Σrow_mean) = +18.5138 | 累计|g| = 10.1890
26-17-20-32 Ψ矩阵条件数 cond(Ψ) = 2.86e+01
26-17-20-32 Loss=-3.180978 | E0=-1.04575872 | E1=-0.95257220|E2=-0.66018212|E3=-0.55114075
26-17-20-32 #-----------------------------------------#
26-17-20-32 [Step  73] logΨ: mean=3.195+0.309j | min=-0.922+2.228j | max=3.413+2.026j
26-17-20-32 梯度监控 | raw=9.2228 | per_param=0.2771 |  natural=0.0802 | clipped=0.0024(per_param上限10.0)
26-17-20-32 原始规范坐标 G(Re Σrow_mean) = +18.6603 | 累计|g| = 10.1890
26-17-20-32 Ψ矩阵条件数 cond(Ψ) = 3.00e+01
26-17-20-32 Loss=-3.175033 | E0=-1.04570563 | E1=-0.95292430|E2=-0.65989952|E3=-0.55098281
26-17-20-32 #-----------------------------------------#
26-17-20-32 [Step  74] logΨ: mean=3.359+0.250j | min=-1.865-2.459j | max=3.636+2.021j
26-17-20-32 梯度监控 | raw=14.9165 | per_param=0.4481 |  natural=0.1497 | clipped=0.0045(per_param上限10.0)
26-17-20-32 原始规范坐标 G(Re Σrow_mean) = +18.8267 | 累计|g| = 10.1890
26-17-20-32 Ψ矩阵条件数 cond(Ψ) = 3.35e+01
26-17-20-32 Loss=-3.173628 | E0=-1.04578584 | E1=-0.95270675|E2=-0.66013123|E3=-0.55099393
26-17-20-32 #-----------------------------------------#
26-17-20-32 [Step  75] logΨ: mean=3.574+0.685j | min=-1.051-2.689j | max=3.788+1.930j
26-17-20-32 梯度监控 | raw=8.8084 | per_param=0.2646 |  natural=0.1148 | clipped=0.0034(per_param上限10.0)
26-17-20-32 原始规范坐标 G(Re Σrow_mean) = +19.0307 | 累计|g| = 10.1890
26-17-20-32 Ψ矩阵条件数 cond(Ψ) = 3.32e+01
26-17-20-32 Loss=-3.189739 | E0=-1.04570037 | E1=-0.95303186|E2=-0.66000600|E3=-0.55123979
26-17-20-32 #-----------------------------------------#
26-17-20-32 [Step  76] logΨ: mean=3.701+0.176j | min=-0.689-1.509j | max=3.914+1.850j
26-17-20-32 梯度监控 | raw=8.3064 | per_param=0.2495 |  natural=0.1499 | clipped=0.0045(per_param上限10.0)
26-17-20-32 原始规范坐标 G(Re Σrow_mean) = +19.0924 | 累计|g| = 10.1890
26-17-20-32 Ψ矩阵条件数 cond(Ψ) = 2.96e+01
26-17-20-32 Loss=-3.191204 | E0=-1.04548806 | E1=-0.95328781|E2=-0.66001810|E3=-0.55106881
26-17-20-32 #-----------------------------------------#
26-17-20-32 [Step  77] logΨ: mean=3.907+0.156j | min=-0.606+2.026j | max=4.055+1.833j
26-17-20-32 梯度监控 | raw=6.5365 | per_param=0.1964 |  natural=0.0670 | clipped=0.0020(per_param上限10.0)
26-17-20-32 原始规范坐标 G(Re Σrow_mean) = +19.2635 | 累计|g| = 10.1890
26-17-20-32 Ψ矩阵条件数 cond(Ψ) = 2.63e+01
26-17-20-32 Loss=-3.198446 | E0=-1.04562039 | E1=-0.95324068|E2=-0.66011670|E3=-0.55086216
26-17-20-32 #-----------------------------------------#
26-17-20-32 [Step  78] logΨ: mean=3.965+0.075j | min=-0.906-3.010j | max=4.207+1.761j
26-17-20-32 梯度监控 | raw=12.2554 | per_param=0.3682 |  natural=0.1166 | clipped=0.0035(per_param上限10.0)
26-17-20-32 原始规范坐标 G(Re Σrow_mean) = +19.3150 | 累计|g| = 10.1890
26-17-20-32 Ψ矩阵条件数 cond(Ψ) = 2.69e+01
26-17-20-32 Loss=-3.197084 | E0=-1.04561208 | E1=-0.95338960|E2=-0.66046138|E3=-0.55051455
26-17-20-32 #-----------------------------------------#
26-17-20-33 [Step  79] logΨ: mean=4.164-0.142j | min=0.036-0.747j | max=4.336+1.702j
26-17-20-33 梯度监控 | raw=2.8232 | per_param=0.0848 |  natural=0.1044 | clipped=0.0031(per_param上限10.0)
26-17-20-33 原始规范坐标 G(Re Σrow_mean) = +19.3820 | 累计|g| = 10.1890
26-17-20-33 Ψ矩阵条件数 cond(Ψ) = 2.67e+01
26-17-20-33 Loss=-3.196814 | E0=-1.04561838 | E1=-0.95265918|E2=-0.66034158|E3=-0.55133083
26-17-20-33 #-----------------------------------------#
26-17-20-33 [保存] Step 79 → pickle 文件已更新 (80 条记录)
26-17-20-33 [GaugeReset@80] 吸收 Δg = Σ Re(col_mean) = +19.3820 | 新|g| = 10.5633
26-17-20-33 [Step  80] logΨ: mean=2.853-0.212j | min=-1.648-0.518j | max=3.049+1.835j
26-17-20-33 梯度监控 | raw=6.4466 | per_param=0.1937 |  natural=0.0984 | clipped=0.0030(per_param上限10.0)
26-17-20-33 原始规范坐标 G(Re Σrow_mean) = +19.4693 | 累计|g| = 10.5633
26-17-20-33 Ψ矩阵条件数 cond(Ψ) = 3.09e+01
26-17-20-33 Loss=-3.194225 | E0=-1.04557975 | E1=-0.95280179|E2=-0.66000492|E3=-0.55145170
26-17-20-33 #-----------------------------------------#
26-17-20-33 [Step  81] logΨ: mean=2.985-0.223j | min=-1.586-0.360j | max=3.239+1.676j
26-17-20-33 梯度监控 | raw=8.5810 | per_param=0.2578 |  natural=0.2194 | clipped=0.0066(per_param上限10.0)
26-17-20-33 原始规范坐标 G(Re Σrow_mean) = +19.6046 | 累计|g| = 10.5633
26-17-20-33 Ψ矩阵条件数 cond(Ψ) = 3.04e+01
26-17-20-33 Loss=-3.198296 | E0=-1.04556005 | E1=-0.95283914|E2=-0.66050509|E3=-0.55136432
26-17-20-33 #-----------------------------------------#
26-17-20-33 [Step  82] logΨ: mean=3.134+0.305j | min=-0.831+1.944j | max=3.276+1.673j
26-17-20-33 梯度监控 | raw=4.7263 | per_param=0.1420 |  natural=0.0656 | clipped=0.0020(per_param上限10.0)
26-17-20-33 原始规范坐标 G(Re Σrow_mean) = +19.7714 | 累计|g| = 10.5633
26-17-20-33 Ψ矩阵条件数 cond(Ψ) = 4.35e+01
26-17-20-33 Loss=-3.204553 | E0=-1.04544320 | E1=-0.95261267|E2=-0.66078121|E3=-0.55143515
26-17-20-33 #-----------------------------------------#
26-17-20-33 [Step  83] logΨ: mean=3.213-0.046j | min=-0.794+2.478j | max=3.345+1.673j
26-17-20-33 梯度监控 | raw=2.7686 | per_param=0.0832 |  natural=0.0481 | clipped=0.0014(per_param上限10.0)
26-17-20-33 原始规范坐标 G(Re Σrow_mean) = +19.8404 | 累计|g| = 10.5633
26-17-20-33 Ψ矩阵条件数 cond(Ψ) = 3.20e+01
26-17-20-33 Loss=-3.204338 | E0=-1.04530838 | E1=-0.95282254|E2=-0.66082349|E3=-0.55152428
26-17-20-33 #-----------------------------------------#
26-17-20-33 [Step  84] logΨ: mean=3.314-0.423j | min=-1.253-1.722j | max=3.478+1.648j
26-17-20-33 梯度监控 | raw=5.3968 | per_param=0.1621 |  natural=0.0750 | clipped=0.0023(per_param上限10.0)
26-17-20-33 原始规范坐标 G(Re Σrow_mean) = +19.9578 | 累计|g| = 10.5633
26-17-20-33 Ψ矩阵条件数 cond(Ψ) = 3.27e+01
26-17-20-33 Loss=-3.205020 | E0=-1.04542065 | E1=-0.95262820|E2=-0.66108182|E3=-0.55143798
26-17-20-33 #-----------------------------------------#
26-17-20-33 [Step  85] logΨ: mean=3.405-0.273j | min=-1.345-0.464j | max=3.712+1.422j
26-17-20-33 梯度监控 | raw=7.0484 | per_param=0.2117 |  natural=0.1540 | clipped=0.0046(per_param上限10.0)
26-17-20-33 原始规范坐标 G(Re Σrow_mean) = +20.0661 | 累计|g| = 10.5633
26-17-20-33 Ψ矩阵条件数 cond(Ψ) = 3.31e+01
26-17-20-33 Loss=-3.198724 | E0=-1.04527216 | E1=-0.95279914|E2=-0.66114457|E3=-0.55162213
26-17-20-33 #-----------------------------------------#
26-17-20-33 [Step  86] logΨ: mean=3.720-0.152j | min=-0.598+2.170j | max=3.838+1.367j
26-17-20-33 梯度监控 | raw=1.6159 | per_param=0.0485 |  natural=0.0980 | clipped=0.0029(per_param上限10.0)
26-17-20-33 原始规范坐标 G(Re Σrow_mean) = +20.3249 | 累计|g| = 10.5633
26-17-20-33 Ψ矩阵条件数 cond(Ψ) = 3.32e+01
26-17-20-33 Loss=-3.209989 | E0=-1.04533733 | E1=-0.95269910|E2=-0.66174298|E3=-0.55111211
26-17-20-33 #-----------------------------------------#
26-17-20-33 [Step  87] logΨ: mean=3.702-0.275j | min=-1.909+1.712j | max=3.822+1.311j
26-17-20-33 梯度监控 | raw=6.5057 | per_param=0.1954 |  natural=0.0978 | clipped=0.0029(per_param上限10.0)
26-17-20-33 原始规范坐标 G(Re Σrow_mean) = +20.2584 | 累计|g| = 10.5633
26-17-20-33 Ψ矩阵条件数 cond(Ψ) = 3.06e+01
26-17-20-33 Loss=-3.203081 | E0=-1.04525479 | E1=-0.95271041|E2=-0.66195556|E3=-0.55070858
26-17-20-33 #-----------------------------------------#
26-17-20-33 [Step  88] logΨ: mean=3.789+0.061j | min=-2.166+1.144j | max=3.912+1.212j
26-17-20-33 梯度监控 | raw=3.5718 | per_param=0.1073 |  natural=0.0646 | clipped=0.0019(per_param上限10.0)
26-17-20-33 原始规范坐标 G(Re Σrow_mean) = +20.3355 | 累计|g| = 10.5633
26-17-20-33 Ψ矩阵条件数 cond(Ψ) = 2.60e+01
26-17-20-33 Loss=-3.206841 | E0=-1.04516252 | E1=-0.95300129|E2=-0.66206613|E3=-0.55028252
26-17-20-33 #-----------------------------------------#
26-17-20-33 [Step  89] logΨ: mean=3.708-0.118j | min=-1.341+2.446j | max=3.834+1.063j
26-17-20-33 梯度监控 | raw=2.3852 | per_param=0.0717 |  natural=0.2883 | clipped=0.0087(per_param上限10.0)
26-17-20-33 原始规范坐标 G(Re Σrow_mean) = +20.1939 | 累计|g| = 10.5633
26-17-20-33 Ψ矩阵条件数 cond(Ψ) = 2.93e+01
26-17-20-33 Loss=-3.209309 | E0=-1.04502178 | E1=-0.95413490|E2=-0.66187058|E3=-0.54957762
26-17-20-33 #-----------------------------------------#
26-17-20-33 [GaugeReset@90] 吸收 Δg = Σ Re(col_mean) = +20.1939 | 新|g| = 10.8790
26-17-20-33 [Step  90] logΨ: mean=2.994+0.216j | min=-3.046-1.377j | max=3.106+1.443j
26-17-20-33 梯度监控 | raw=1.5963 | per_param=0.0480 |  natural=0.0708 | clipped=0.0021(per_param上限10.0)
26-17-20-33 原始规范坐标 G(Re Σrow_mean) = +20.2891 | 累计|g| = 10.8790
26-17-20-33 Ψ矩阵条件数 cond(Ψ) = 2.89e+01
26-17-20-33 Loss=-3.209441 | E0=-1.04496228 | E1=-0.95421469|E2=-0.66166071|E3=-0.54985493
26-17-20-33 #-----------------------------------------#
26-17-20-33 [Step  91] logΨ: mean=3.161+0.255j | min=-1.630-1.275j | max=3.201+1.311j
26-17-20-33 梯度监控 | raw=0.4353 | per_param=0.0131 |  natural=0.0544 | clipped=0.0016(per_param上限10.0)
26-17-20-33 原始规范坐标 G(Re Σrow_mean) = +20.4208 | 累计|g| = 10.8790
26-17-20-33 Ψ矩阵条件数 cond(Ψ) = 3.65e+01
26-17-20-33 Loss=-3.208645 | E0=-1.04496655 | E1=-0.95397502|E2=-0.66163460|E3=-0.55007317
26-17-20-33 #-----------------------------------------#
26-17-20-33 [Step  92] logΨ: mean=3.086+0.077j | min=-1.721+1.740j | max=3.227+1.298j
26-17-20-33 梯度监控 | raw=2.2508 | per_param=0.0676 |  natural=0.0688 | clipped=0.0021(per_param上限10.0)
26-17-20-33 原始规范坐标 G(Re Σrow_mean) = +20.3211 | 累计|g| = 10.8790
26-17-20-33 Ψ矩阵条件数 cond(Ψ) = 3.50e+01
26-17-20-33 Loss=-3.215813 | E0=-1.04499018 | E1=-0.95424099|E2=-0.66133518|E3=-0.54996512
26-17-20-33 #-----------------------------------------#
26-17-20-33 [Step  93] logΨ: mean=3.045-0.271j | min=-2.943+1.652j | max=3.233+1.322j
26-17-20-33 梯度监控 | raw=1.6516 | per_param=0.0496 |  natural=0.1050 | clipped=0.0032(per_param上限10.0)
26-17-20-33 原始规范坐标 G(Re Σrow_mean) = +20.2680 | 累计|g| = 10.8790
26-17-20-33 Ψ矩阵条件数 cond(Ψ) = 1.87e+01
26-17-20-33 Loss=-3.207889 | E0=-1.04503561 | E1=-0.95446644|E2=-0.66136656|E3=-0.54991564
26-17-20-33 #-----------------------------------------#
26-17-20-33 [Step  94] logΨ: mean=3.227-0.152j | min=-1.864-0.981j | max=3.333+1.451j
26-17-20-33 梯度监控 | raw=2.2566 | per_param=0.0678 |  natural=0.0477 | clipped=0.0014(per_param上限10.0)
26-17-20-33 原始规范坐标 G(Re Σrow_mean) = +20.4189 | 累计|g| = 10.8790
26-17-20-33 Ψ矩阵条件数 cond(Ψ) = 1.86e+01
26-17-20-33 Loss=-3.208053 | E0=-1.04496447 | E1=-0.95405148|E2=-0.66108458|E3=-0.54996232
26-17-20-33 #-----------------------------------------#
26-17-20-33 [Step  95] logΨ: mean=3.033-0.170j | min=-1.781-1.824j | max=3.206+1.507j
26-17-20-33 梯度监控 | raw=1.7887 | per_param=0.0537 |  natural=0.1190 | clipped=0.0036(per_param上限10.0)
26-17-20-33 原始规范坐标 G(Re Σrow_mean) = +20.3283 | 累计|g| = 10.8790
26-17-20-33 Ψ矩阵条件数 cond(Ψ) = 3.22e+01
26-17-20-33 Loss=-3.212325 | E0=-1.04500844 | E1=-0.95450989|E2=-0.66243735|E3=-0.54990055
26-17-20-33 #-----------------------------------------#
26-17-20-33 [Step  96] logΨ: mean=3.044-0.153j | min=-1.942-0.260j | max=3.267+1.569j
26-17-20-33 梯度监控 | raw=10.5068 | per_param=0.3156 |  natural=0.1572 | clipped=0.0047(per_param上限10.0)
26-17-20-33 原始规范坐标 G(Re Σrow_mean) = +20.2853 | 累计|g| = 10.8790
26-17-20-33 Ψ矩阵条件数 cond(Ψ) = 3.09e+01
26-17-20-33 Loss=-3.209139 | E0=-1.04501998 | E1=-0.95350191|E2=-0.66249598|E3=-0.54994265
26-17-20-33 #-----------------------------------------#
26-17-20-33 [Step  97] logΨ: mean=3.182+0.074j | min=-4.994-2.473j | max=3.410+1.555j
26-17-20-33 梯度监控 | raw=2.8806 | per_param=0.0865 |  natural=0.1095 | clipped=0.0033(per_param上限10.0)
26-17-20-33 原始规范坐标 G(Re Σrow_mean) = +20.3818 | 累计|g| = 10.8790
26-17-20-33 Ψ矩阵条件数 cond(Ψ) = 3.00e+01
26-17-20-33 Loss=-3.204397 | E0=-1.04502528 | E1=-0.95310847|E2=-0.66247970|E3=-0.54979568
26-17-20-33 #-----------------------------------------#
26-17-20-33 [Step  98] logΨ: mean=3.357+0.025j | min=-0.865-1.570j | max=3.496+1.542j
26-17-20-33 梯度监控 | raw=4.4495 | per_param=0.1337 |  natural=0.0610 | clipped=0.0018(per_param上限10.0)
26-17-20-33 原始规范坐标 G(Re Σrow_mean) = +20.5145 | 累计|g| = 10.8790
26-17-20-33 Ψ矩阵条件数 cond(Ψ) = 2.98e+01
26-17-20-33 Loss=-3.208591 | E0=-1.04500865 | E1=-0.95290596|E2=-0.66194319|E3=-0.54993683
26-17-20-33 #-----------------------------------------#
26-17-20-33 [Step  99] logΨ: mean=3.351-0.061j | min=-1.888-1.591j | max=3.473+1.539j
26-17-20-33 梯度监控 | raw=1.8306 | per_param=0.0550 |  natural=0.0886 | clipped=0.0027(per_param上限10.0)
26-17-20-33 原始规范坐标 G(Re Σrow_mean) = +20.6196 | 累计|g| = 10.8790
26-17-20-33 Ψ矩阵条件数 cond(Ψ) = 3.05e+01
26-17-20-33 Loss=-3.207744 | E0=-1.04494549 | E1=-0.95301162|E2=-0.66253898|E3=-0.55020798
26-17-20-33 #-----------------------------------------#
26-17-20-33 [保存] Step 99 → pickle 文件已更新 (100 条记录)
26-17-20-33 [GaugeReset@100] 吸收 Δg = Σ Re(col_mean) = +20.6196 | 新|g| = 11.0589
26-17-20-33 [Step 100] logΨ: mean=3.091-0.122j | min=-2.617+2.498j | max=3.228+1.671j
26-17-20-33 梯度监控 | raw=1.9638 | per_param=0.0590 |  natural=0.0351 | clipped=0.0011(per_param上限10.0)
26-17-20-33 原始规范坐标 G(Re Σrow_mean) = +20.6851 | 累计|g| = 11.0589
26-17-20-33 Ψ矩阵条件数 cond(Ψ) = 3.64e+01
26-17-20-33 Loss=-3.204699 | E0=-1.04490573 | E1=-0.95244222|E2=-0.66192337|E3=-0.55027446
26-17-20-33 #-----------------------------------------#
26-17-20-33 [Step 101] logΨ: mean=3.115-0.105j | min=-1.986+1.547j | max=3.263+1.647j
26-17-20-33 梯度监控 | raw=1.9296 | per_param=0.0580 |  natural=0.1111 | clipped=0.0033(per_param上限10.0)
26-17-20-33 原始规范坐标 G(Re Σrow_mean) = +20.6801 | 累计|g| = 11.0589
26-17-20-33 Ψ矩阵条件数 cond(Ψ) = 3.70e+01
26-17-20-33 Loss=-3.212737 | E0=-1.04507112 | E1=-0.95256098|E2=-0.66303485|E3=-0.55065611
26-17-20-33 #-----------------------------------------#
26-17-20-33 [Step 102] logΨ: mean=3.246-0.096j | min=-0.821+0.906j | max=3.347+1.612j
26-17-20-33 梯度监控 | raw=2.0126 | per_param=0.0605 |  natural=0.0511 | clipped=0.0015(per_param上限10.0)
26-17-20-33 原始规范坐标 G(Re Σrow_mean) = +20.8019 | 累计|g| = 11.0589
26-17-20-33 Ψ矩阵条件数 cond(Ψ) = 3.69e+01
26-17-20-33 Loss=-3.209797 | E0=-1.04502536 | E1=-0.95202331|E2=-0.66305699|E3=-0.55082191
26-17-20-33 #-----------------------------------------#
26-17-20-33 [Step 103] logΨ: mean=3.315+0.201j | min=-4.720-0.615j | max=3.563+1.687j
26-17-20-33 梯度监控 | raw=4.5188 | per_param=0.1358 |  natural=0.1290 | clipped=0.0039(per_param上限10.0)
26-17-20-33 原始规范坐标 G(Re Σrow_mean) = +20.8469 | 累计|g| = 11.0589
26-17-20-33 Ψ矩阵条件数 cond(Ψ) = 3.76e+01
26-17-20-33 Loss=-3.209836 | E0=-1.04516476 | E1=-0.95200635|E2=-0.66253608|E3=-0.55063008
26-17-20-33 #-----------------------------------------#
26-17-20-33 [Step 104] logΨ: mean=3.566+0.244j | min=-1.841-0.525j | max=3.671+1.793j
26-17-20-33 梯度监控 | raw=1.3772 | per_param=0.0414 |  natural=0.0536 | clipped=0.0016(per_param上限10.0)
26-17-20-33 原始规范坐标 G(Re Σrow_mean) = +21.0500 | 累计|g| = 11.0589
26-17-20-33 Ψ矩阵条件数 cond(Ψ) = 3.82e+01
26-17-20-33 Loss=-3.207213 | E0=-1.04510849 | E1=-0.95183553|E2=-0.66214111|E3=-0.55107502
26-17-20-33 #-----------------------------------------#
26-17-20-33 [Step 105] logΨ: mean=3.303+0.363j | min=-3.009+1.136j | max=3.670+1.824j
26-17-20-33 梯度监控 | raw=5.4077 | per_param=0.1625 |  natural=0.0924 | clipped=0.0028(per_param上限10.0)
26-17-20-33 原始规范坐标 G(Re Σrow_mean) = +20.8367 | 累计|g| = 11.0589
26-17-20-33 Ψ矩阵条件数 cond(Ψ) = 3.79e+01
26-17-20-33 Loss=-3.202665 | E0=-1.04520988 | E1=-0.95204786|E2=-0.66224014|E3=-0.55079157
26-17-20-33 #-----------------------------------------#
26-17-20-33 [Step 106] logΨ: mean=3.617+0.773j | min=-2.326+1.918j | max=4.023+2.102j
26-17-20-33 梯度监控 | raw=5.1766 | per_param=0.1555 |  natural=0.2651 | clipped=0.0080(per_param上限10.0)
26-17-20-33 原始规范坐标 G(Re Σrow_mean) = +20.9617 | 累计|g| = 11.0589
26-17-20-33 Ψ矩阵条件数 cond(Ψ) = 3.57e+01
26-17-20-33 Loss=-3.197830 | E0=-1.04538800 | E1=-0.95080302|E2=-0.66173123|E3=-0.55087907
26-17-20-33 #-----------------------------------------#
26-17-20-33 [Step 107] logΨ: mean=3.873+0.118j | min=-1.040-1.003j | max=4.114+1.725j
26-17-20-33 梯度监控 | raw=3.9585 | per_param=0.1189 |  natural=0.0445 | clipped=0.0013(per_param上限10.0)
26-17-20-33 原始规范坐标 G(Re Σrow_mean) = +21.2126 | 累计|g| = 11.0589
26-17-20-33 Ψ矩阵条件数 cond(Ψ) = 3.03e+01
26-17-20-33 Loss=-3.208949 | E0=-1.04520475 | E1=-0.94888963|E2=-0.66234486|E3=-0.55080696
26-17-20-33 #-----------------------------------------#
26-17-20-33 [Step 108] logΨ: mean=3.682+0.476j | min=-1.751-0.628j | max=3.807+1.508j
26-17-20-33 梯度监控 | raw=5.1060 | per_param=0.1534 |  natural=0.2207 | clipped=0.0066(per_param上限10.0)
26-17-20-33 原始规范坐标 G(Re Σrow_mean) = +21.0742 | 累计|g| = 11.0589
26-17-20-33 Ψ矩阵条件数 cond(Ψ) = 3.00e+01
26-17-20-33 Loss=-3.211282 | E0=-1.04501712 | E1=-0.94978973|E2=-0.66338482|E3=-0.55105050
26-17-20-33 #-----------------------------------------#
26-17-20-33 [Step 109] logΨ: mean=3.217+0.129j | min=-1.735-1.763j | max=3.356+1.446j
26-17-20-33 梯度监控 | raw=4.3849 | per_param=0.1317 |  natural=0.1943 | clipped=0.0058(per_param上限10.0)
26-17-20-33 原始规范坐标 G(Re Σrow_mean) = +20.6918 | 累计|g| = 11.0589
26-17-20-33 Ψ矩阵条件数 cond(Ψ) = 2.84e+01
26-17-20-33 Loss=-3.211793 | E0=-1.04489097 | E1=-0.95060767|E2=-0.66472775|E3=-0.55039125
26-17-20-33 #-----------------------------------------#
26-17-20-33 [GaugeReset@110] 吸收 Δg = Σ Re(col_mean) = +20.6918 | 新|g| = 11.0698
26-17-20-33 [Step 110] logΨ: mean=3.231-0.001j | min=-0.995+1.899j | max=3.289+1.445j
26-17-20-33 梯度监控 | raw=0.3657 | per_param=0.0110 |  natural=0.0112 | clipped=0.0003(per_param上限10.0)
26-17-20-33 原始规范坐标 G(Re Σrow_mean) = +20.7490 | 累计|g| = 11.0698
26-17-20-33 Ψ矩阵条件数 cond(Ψ) = 3.08e+01
26-17-20-33 Loss=-3.211062 | E0=-1.04485399 | E1=-0.95065141|E2=-0.66463191|E3=-0.55040357
26-17-20-33 #-----------------------------------------#
26-17-20-33 [Step 111] logΨ: mean=3.245-0.119j | min=-1.075+1.010j | max=3.293+1.419j
26-17-20-33 梯度监控 | raw=4.6568 | per_param=0.1399 |  natural=0.0059 | clipped=0.0002(per_param上限10.0)
26-17-20-33 原始规范坐标 G(Re Σrow_mean) = +20.7560 | 累计|g| = 11.0698
26-17-20-33 Ψ矩阵条件数 cond(Ψ) = 3.06e+01
26-17-20-33 Loss=-3.208647 | E0=-1.04483617 | E1=-0.95048695|E2=-0.66456708|E3=-0.55038532
26-17-20-33 #-----------------------------------------#
26-17-20-33 [Step 112] logΨ: mean=3.247-0.182j | min=-0.224+0.175j | max=3.302+1.409j
26-17-20-33 梯度监控 | raw=0.3839 | per_param=0.0115 |  natural=0.0035 | clipped=0.0001(per_param上限10.0)
26-17-20-33 原始规范坐标 G(Re Σrow_mean) = +20.7451 | 累计|g| = 11.0698
26-17-20-33 Ψ矩阵条件数 cond(Ψ) = 3.06e+01
26-17-20-33 Loss=-3.211226 | E0=-1.04483177 | E1=-0.95032868|E2=-0.66459784|E3=-0.55037091
26-17-20-33 #-----------------------------------------#
26-17-20-33 [Step 113] logΨ: mean=3.256-0.170j | min=-3.208+0.543j | max=3.522+1.603j
26-17-20-33 梯度监控 | raw=7.5528 | per_param=0.2269 |  natural=0.5199 | clipped=0.0156(per_param上限10.0)
26-17-20-33 原始规范坐标 G(Re Σrow_mean) = +20.7864 | 累计|g| = 11.0698
26-17-20-33 Ψ矩阵条件数 cond(Ψ) = 2.80e+01
26-17-20-33 Loss=-3.199765 | E0=-1.04501545 | E1=-0.95038067|E2=-0.66572179|E3=-0.54992632
26-17-20-33 #-----------------------------------------#
26-17-20-33 [Step 114] logΨ: mean=3.446-0.043j | min=-2.365-2.379j | max=3.573+1.695j
26-17-20-33 梯度监控 | raw=6.0899 | per_param=0.1830 |  natural=0.0741 | clipped=0.0022(per_param上限10.0)
26-17-20-33 原始规范坐标 G(Re Σrow_mean) = +20.8942 | 累计|g| = 11.0698
26-17-20-33 Ψ矩阵条件数 cond(Ψ) = 2.75e+01
26-17-20-33 Loss=-3.192287 | E0=-1.04486206 | E1=-0.95144788|E2=-0.66435260|E3=-0.55018013
26-17-20-33 #-----------------------------------------#
26-17-20-33 [Step 115] logΨ: mean=3.515-0.069j | min=-1.416-2.246j | max=3.695+1.694j
26-17-20-33 梯度监控 | raw=3.4872 | per_param=0.1048 |  natural=0.0636 | clipped=0.0019(per_param上限10.0)
26-17-20-33 原始规范坐标 G(Re Σrow_mean) = +20.9556 | 累计|g| = 11.0698
26-17-20-33 Ψ矩阵条件数 cond(Ψ) = 2.75e+01
26-17-20-33 Loss=-3.197538 | E0=-1.04480875 | E1=-0.95141022|E2=-0.66360177|E3=-0.55028857
26-17-20-33 #-----------------------------------------#
26-17-20-33 [Step 116] logΨ: mean=3.240+0.181j | min=-2.842-0.954j | max=3.562+1.694j
26-17-20-33 梯度监控 | raw=5.8463 | per_param=0.1756 |  natural=0.2116 | clipped=0.0064(per_param上限10.0)
26-17-20-33 原始规范坐标 G(Re Σrow_mean) = +20.7201 | 累计|g| = 11.0698
26-17-20-33 Ψ矩阵条件数 cond(Ψ) = 2.60e+01
26-17-20-33 Loss=-3.199984 | E0=-1.04494540 | E1=-0.95129772|E2=-0.66285319|E3=-0.55001173
26-17-20-33 #-----------------------------------------#
26-17-20-33 [Step 117] logΨ: mean=3.264-0.285j | min=-4.229-0.205j | max=3.609+1.514j
26-17-20-33 梯度监控 | raw=5.4973 | per_param=0.1652 |  natural=0.0799 | clipped=0.0024(per_param上限10.0)
26-17-20-33 原始规范坐标 G(Re Σrow_mean) = +20.6854 | 累计|g| = 11.0698
26-17-20-33 Ψ矩阵条件数 cond(Ψ) = 2.74e+01
26-17-20-33 Loss=-3.188294 | E0=-1.04503192 | E1=-0.95167116|E2=-0.66243956|E3=-0.54986741
26-17-20-33 #-----------------------------------------#
26-17-20-33 [Step 118] logΨ: mean=3.503-0.416j | min=-3.494-0.956j | max=3.748+1.516j
26-17-20-33 梯度监控 | raw=4.2999 | per_param=0.1292 |  natural=0.0926 | clipped=0.0028(per_param上限10.0)
26-17-20-33 原始规范坐标 G(Re Σrow_mean) = +20.9279 | 累计|g| = 11.0698
26-17-20-33 Ψ矩阵条件数 cond(Ψ) = 2.80e+01
26-17-20-33 Loss=-3.199521 | E0=-1.04496747 | E1=-0.95183046|E2=-0.66199417|E3=-0.55037283
26-17-20-33 #-----------------------------------------#
26-17-20-33 [Step 119] logΨ: mean=3.530-0.312j | min=-1.675+1.714j | max=3.689+1.491j
26-17-20-33 梯度监控 | raw=2.9693 | per_param=0.0892 |  natural=0.0326 | clipped=0.0010(per_param上限10.0)
26-17-20-33 原始规范坐标 G(Re Σrow_mean) = +20.9798 | 累计|g| = 11.0698
26-17-20-33 Ψ矩阵条件数 cond(Ψ) = 2.81e+01
26-17-20-33 Loss=-3.204091 | E0=-1.04489540 | E1=-0.95204184|E2=-0.66184703|E3=-0.55040498
26-17-20-33 #-----------------------------------------#
26-17-20-33 [保存] Step 119 → pickle 文件已更新 (120 条记录)
26-17-20-33 [GaugeReset@120] 吸收 Δg = Σ Re(col_mean) = +20.9798 | 新|g| = 11.1563
26-17-20-33 [Step 120] logΨ: mean=3.469+0.014j | min=-0.534+1.576j | max=3.575+1.560j
26-17-20-33 梯度监控 | raw=0.9352 | per_param=0.0281 |  natural=0.0294 | clipped=0.0009(per_param上限10.0)
26-17-20-33 原始规范坐标 G(Re Σrow_mean) = +21.0901 | 累计|g| = 11.1563
26-17-20-33 Ψ矩阵条件数 cond(Ψ) = 2.95e+01
26-17-20-33 Loss=-3.208807 | E0=-1.04491251 | E1=-0.95166452|E2=-0.66160038|E3=-0.55042820
26-17-20-33 #-----------------------------------------#
26-17-20-33 [Step 121] logΨ: mean=3.573-0.478j | min=-3.063-1.474j | max=3.725+1.276j
26-17-20-33 梯度监控 | raw=2.7638 | per_param=0.0830 |  natural=0.0761 | clipped=0.0023(per_param上限10.0)
26-17-20-33 原始规范坐标 G(Re Σrow_mean) = +21.1071 | 累计|g| = 11.1563
26-17-20-33 Ψ矩阵条件数 cond(Ψ) = 3.17e+01
26-17-20-33 Loss=-3.199342 | E0=-1.04495619 | E1=-0.95140881|E2=-0.66106838|E3=-0.55035557
26-17-20-33 #-----------------------------------------#
26-17-20-33 [Step 122] logΨ: mean=3.578-0.561j | min=-1.682-1.016j | max=3.824+1.288j
26-17-20-33 梯度监控 | raw=5.1486 | per_param=0.1547 |  natural=0.0750 | clipped=0.0023(per_param上限10.0)
26-17-20-33 原始规范坐标 G(Re Σrow_mean) = +21.1069 | 累计|g| = 11.1563
26-17-20-33 Ψ矩阵条件数 cond(Ψ) = 3.31e+01
26-17-20-33 Loss=-3.198432 | E0=-1.04499837 | E1=-0.95152253|E2=-0.66075847|E3=-0.55033140
26-17-20-33 #-----------------------------------------#
26-17-20-33 [Step 123] logΨ: mean=3.870-0.669j | min=-1.545-1.967j | max=4.014+1.010j
26-17-20-33 梯度监控 | raw=1.0259 | per_param=0.0308 |  natural=0.0303 | clipped=0.0009(per_param上限10.0)
26-17-20-33 原始规范坐标 G(Re Σrow_mean) = +21.2439 | 累计|g| = 11.1563
26-17-20-33 Ψ矩阵条件数 cond(Ψ) = 3.62e+01
26-17-20-33 Loss=-3.207691 | E0=-1.04497705 | E1=-0.95109546|E2=-0.66031755|E3=-0.55031278
26-17-20-33 #-----------------------------------------#
26-17-20-33 [Step 124] logΨ: mean=3.758-0.484j | min=-0.080-1.698j | max=3.907+1.147j
26-17-20-33 梯度监控 | raw=3.3212 | per_param=0.0998 |  natural=0.0258 | clipped=0.0008(per_param上限10.0)
26-17-20-33 原始规范坐标 G(Re Σrow_mean) = +21.1894 | 累计|g| = 11.1563
26-17-20-33 Ψ矩阵条件数 cond(Ψ) = 3.48e+01
26-17-20-33 Loss=-3.200579 | E0=-1.04491422 | E1=-0.95146865|E2=-0.66036873|E3=-0.55030754
26-17-20-33 #-----------------------------------------#
26-17-20-33 [Step 125] logΨ: mean=3.332-0.936j | min=-2.414-1.588j | max=3.380+0.642j
26-17-20-33 梯度监控 | raw=2.4282 | per_param=0.0729 |  natural=0.2400 | clipped=0.0072(per_param上限10.0)
26-17-20-33 原始规范坐标 G(Re Σrow_mean) = +20.9193 | 累计|g| = 11.1563
26-17-20-33 Ψ矩阵条件数 cond(Ψ) = 3.07e+01
26-17-20-33 Loss=-3.205228 | E0=-1.04477142 | E1=-0.95467560|E2=-0.66107595|E3=-0.54586324
26-17-20-33 #-----------------------------------------#
26-17-20-33 [Step 126] logΨ: mean=3.339-0.579j | min=-3.063-3.072j | max=3.605+0.975j
26-17-20-33 梯度监控 | raw=13.1570 | per_param=0.3953 |  natural=0.5336 | clipped=0.0160(per_param上限10.0)
26-17-20-33 原始规范坐标 G(Re Σrow_mean) = +20.9978 | 累计|g| = 11.1563
26-17-20-33 Ψ矩阵条件数 cond(Ψ) = 2.91e+01
26-17-20-33 Loss=-3.183916 | E0=-1.04498647 | E1=-0.95447986|E2=-0.66136060|E3=-0.54571509
26-17-20-33 #-----------------------------------------#
26-17-20-33 [Step 127] logΨ: mean=3.298-0.178j | min=-3.369-1.143j | max=3.407+1.330j
26-17-20-33 梯度监控 | raw=8.5824 | per_param=0.2578 |  natural=0.1750 | clipped=0.0053(per_param上限10.0)
26-17-20-33 原始规范坐标 G(Re Σrow_mean) = +21.0999 | 累计|g| = 11.1563
26-17-20-33 Ψ矩阵条件数 cond(Ψ) = 3.04e+01
26-17-20-33 Loss=-3.200557 | E0=-1.04485224 | E1=-0.95448473|E2=-0.66173987|E3=-0.54647079
26-17-20-33 #-----------------------------------------#
26-17-20-33 [Step 128] logΨ: mean=3.319+0.027j | min=-1.603+1.871j | max=3.497+1.272j
26-17-20-33 梯度监控 | raw=2.9049 | per_param=0.0873 |  natural=0.0699 | clipped=0.0021(per_param上限10.0)
26-17-20-33 原始规范坐标 G(Re Σrow_mean) = +21.0841 | 累计|g| = 11.1563
26-17-20-33 Ψ矩阵条件数 cond(Ψ) = 3.15e+01
26-17-20-33 Loss=-3.203195 | E0=-1.04489235 | E1=-0.95413849|E2=-0.66164052|E3=-0.54674463
26-17-20-33 #-----------------------------------------#
26-17-20-33 [Step 129] logΨ: mean=3.330-0.133j | min=-1.251-2.446j | max=3.500+1.357j
26-17-20-33 梯度监控 | raw=11.4100 | per_param=0.3428 |  natural=0.0395 | clipped=0.0012(per_param上限10.0)
26-17-20-33 原始规范坐标 G(Re Σrow_mean) = +21.1129 | 累计|g| = 11.1563
26-17-20-33 Ψ矩阵条件数 cond(Ψ) = 3.02e+01
26-17-20-33 Loss=-3.205512 | E0=-1.04480220 | E1=-0.95410241|E2=-0.66160604|E3=-0.54710228
26-17-20-33 #-----------------------------------------#
26-17-20-33 [GaugeReset@130] 吸收 Δg = Σ Re(col_mean) = +21.1129 | 新|g| = 11.2233
26-17-20-33 [Step 130] logΨ: mean=4.074-0.213j | min=-0.540+1.222j | max=4.225+1.106j
26-17-20-33 梯度监控 | raw=1.0846 | per_param=0.0326 |  natural=0.1649 | clipped=0.0050(per_param上限10.0)
26-17-20-33 原始规范坐标 G(Re Σrow_mean) = +21.4881 | 累计|g| = 11.2233
26-17-20-33 Ψ矩阵条件数 cond(Ψ) = 4.74e+01
26-17-20-33 Loss=-3.205964 | E0=-1.04478523 | E1=-0.94757695|E2=-0.66443569|E3=-0.54520178
26-17-20-33 #-----------------------------------------#
26-17-20-33 [Step 131] logΨ: mean=4.174-0.660j | min=-0.358+1.047j | max=4.246+1.008j
26-17-20-33 梯度监控 | raw=5.7576 | per_param=0.1730 |  natural=0.0179 | clipped=0.0005(per_param上限10.0)
26-17-20-33 原始规范坐标 G(Re Σrow_mean) = +21.6248 | 累计|g| = 11.2233
26-17-20-33 Ψ矩阵条件数 cond(Ψ) = 4.89e+01
26-17-20-33 Loss=-3.196826 | E0=-1.04468886 | E1=-0.94728662|E2=-0.66430939|E3=-0.54567344
26-17-20-33 #-----------------------------------------#
26-17-20-33 [Step 132] logΨ: mean=4.211-0.266j | min=-0.379+0.565j | max=4.332+1.187j
26-17-20-33 梯度监控 | raw=16.8345 | per_param=0.5057 |  natural=0.1195 | clipped=0.0036(per_param上限10.0)
26-17-20-33 原始规范坐标 G(Re Σrow_mean) = +21.6131 | 累计|g| = 11.2233
26-17-20-33 Ψ矩阵条件数 cond(Ψ) = 4.72e+01
26-17-20-33 Loss=-3.184497 | E0=-1.04465812 | E1=-0.94752050|E2=-0.66382237|E3=-0.54615846
26-17-20-33 #-----------------------------------------#
26-17-20-33 [Step 133] logΨ: mean=4.227-0.268j | min=0.576-1.925j | max=4.407+1.091j
26-17-20-33 梯度监控 | raw=22.4318 | per_param=0.6739 |  natural=0.0488 | clipped=0.0015(per_param上限10.0)
26-17-20-33 原始规范坐标 G(Re Σrow_mean) = +21.5487 | 累计|g| = 11.2233
26-17-20-33 Ψ矩阵条件数 cond(Ψ) = 5.24e+01
26-17-20-33 Loss=-3.181270 | E0=-1.04464783 | E1=-0.94760974|E2=-0.66294639|E3=-0.54665709
26-17-20-33 #-----------------------------------------#
26-17-20-33 [Step 134] logΨ: mean=4.291-0.259j | min=0.366-3.059j | max=4.339+1.067j
26-17-20-33 梯度监控 | raw=5.3547 | per_param=0.1609 |  natural=0.0092 | clipped=0.0003(per_param上限10.0)
26-17-20-33 原始规范坐标 G(Re Σrow_mean) = +21.6353 | 累计|g| = 11.2233
26-17-20-33 Ψ矩阵条件数 cond(Ψ) = 5.27e+01
26-17-20-33 Loss=-3.197641 | E0=-1.04454346 | E1=-0.94815782|E2=-0.66271179|E3=-0.54720253
26-17-20-33 #-----------------------------------------#
26-17-20-33 [Step 135] logΨ: mean=4.324-0.082j | min=0.466+2.506j | max=4.360+1.086j
26-17-20-33 梯度监控 | raw=1.6402 | per_param=0.0493 |  natural=0.0058 | clipped=0.0002(per_param上限10.0)
26-17-20-33 原始规范坐标 G(Re Σrow_mean) = +21.6625 | 累计|g| = 11.2233
26-17-20-33 Ψ矩阵条件数 cond(Ψ) = 5.57e+01
26-17-20-33 Loss=-3.200918 | E0=-1.04454632 | E1=-0.94812108|E2=-0.66261957|E3=-0.54734433
26-17-20-33 #-----------------------------------------#
26-17-20-33 [Step 136] logΨ: mean=4.010+0.109j | min=-0.730-2.496j | max=4.144+1.280j
26-17-20-33 梯度监控 | raw=16.4542 | per_param=0.4943 |  natural=0.0852 | clipped=0.0026(per_param上限10.0)
26-17-20-33 原始规范坐标 G(Re Σrow_mean) = +21.4511 | 累计|g| = 11.2233
26-17-20-33 Ψ矩阵条件数 cond(Ψ) = 4.70e+01
26-17-20-33 Loss=-3.196481 | E0=-1.04455208 | E1=-0.94868163|E2=-0.66238628|E3=-0.54754211
26-17-20-33 #-----------------------------------------#
26-17-20-33 [Step 137] logΨ: mean=3.974+0.211j | min=-0.432-0.255j | max=4.151+1.406j
26-17-20-33 梯度监控 | raw=11.8166 | per_param=0.3550 |  natural=0.0440 | clipped=0.0013(per_param上限10.0)
26-17-20-33 原始规范坐标 G(Re Σrow_mean) = +21.4135 | 累计|g| = 11.2233
26-17-20-33 Ψ矩阵条件数 cond(Ψ) = 4.47e+01
26-17-20-33 Loss=-3.187600 | E0=-1.04456221 | E1=-0.94888928|E2=-0.66197781|E3=-0.54770654
26-17-20-33 #-----------------------------------------#
26-17-20-33 [Step 138] logΨ: mean=3.981+0.131j | min=0.473-0.952j | max=4.118+1.408j
26-17-20-33 梯度监控 | raw=10.5935 | per_param=0.3183 |  natural=0.0138 | clipped=0.0004(per_param上限10.0)
26-17-20-33 原始规范坐标 G(Re Σrow_mean) = +21.4424 | 累计|g| = 11.2233
26-17-20-33 Ψ矩阵条件数 cond(Ψ) = 4.43e+01
26-17-20-33 Loss=-3.204568 | E0=-1.04454073 | E1=-0.94930609|E2=-0.66170416|E3=-0.54804981
26-17-20-33 #-----------------------------------------#
26-17-20-33 [Step 139] logΨ: mean=3.978+0.098j | min=-0.855+1.560j | max=4.202+1.425j
26-17-20-33 梯度监控 | raw=6.0941 | per_param=0.1831 |  natural=0.0375 | clipped=0.0011(per_param上限10.0)
26-17-20-33 原始规范坐标 G(Re Σrow_mean) = +21.3835 | 累计|g| = 11.2233
26-17-20-33 Ψ矩阵条件数 cond(Ψ) = 4.39e+01
26-17-20-33 Loss=-3.198146 | E0=-1.04453564 | E1=-0.94960326|E2=-0.66118990|E3=-0.54831924
26-17-20-33 #-----------------------------------------#
26-17-20-33 [保存] Step 139 → pickle 文件已更新 (140 条记录)
26-17-20-33 [GaugeReset@140] 吸收 Δg = Σ Re(col_mean) = +21.3835 | 新|g| = 11.3756
26-17-20-33 [Step 140] logΨ: mean=4.371+0.555j | min=-1.668-0.782j | max=4.557+1.691j
26-17-20-33 梯度监控 | raw=26.3726 | per_param=0.7923 |  natural=0.8331 | clipped=0.0250(per_param上限10.0)
26-17-20-33 原始规范坐标 G(Re Σrow_mean) = +21.8918 | 累计|g| = 11.3756
26-17-20-33 Ψ矩阵条件数 cond(Ψ) = 3.24e+01
26-17-20-33 Loss=-3.167268 | E0=-1.04517362 | E1=-0.94786548|E2=-0.66060174|E3=-0.54962926
26-17-20-33 #-----------------------------------------#
26-17-20-33 [Step 141] logΨ: mean=4.254+0.491j | min=-1.663-0.707j | max=4.456+1.400j
26-17-20-33 梯度监控 | raw=10.3971 | per_param=0.3124 |  natural=0.0626 | clipped=0.0019(per_param上限10.0)
26-17-20-33 原始规范坐标 G(Re Σrow_mean) = +21.9111 | 累计|g| = 11.3756
26-17-20-33 Ψ矩阵条件数 cond(Ψ) = 3.18e+01
26-17-20-33 Loss=-3.183677 | E0=-1.04501007 | E1=-0.94869654|E2=-0.66061292|E3=-0.54981892
26-17-20-33 #-----------------------------------------#
26-17-20-33 [Step 142] logΨ: mean=4.074+0.310j | min=0.472-2.707j | max=4.206+1.322j
26-17-20-33 梯度监控 | raw=3.3949 | per_param=0.1020 |  natural=0.0352 | clipped=0.0011(per_param上限10.0)
26-17-20-33 原始规范坐标 G(Re Σrow_mean) = +21.9300 | 累计|g| = 11.3756
26-17-20-33 Ψ矩阵条件数 cond(Ψ) = 2.87e+01
26-17-20-33 Loss=-3.190396 | E0=-1.04514810 | E1=-0.95008021|E2=-0.66070145|E3=-0.54986146
26-17-20-33 #-----------------------------------------#
26-17-20-33 [Step 143] logΨ: mean=4.047+0.121j | min=-2.725-1.281j | max=4.270+1.377j
26-17-20-33 梯度监控 | raw=15.0923 | per_param=0.4534 |  natural=0.1876 | clipped=0.0056(per_param上限10.0)
26-17-20-33 原始规范坐标 G(Re Σrow_mean) = +21.9952 | 累计|g| = 11.3756
26-17-20-33 Ψ矩阵条件数 cond(Ψ) = 2.69e+01
26-17-20-33 Loss=-3.204799 | E0=-1.04528614 | E1=-0.95059562|E2=-0.66132886|E3=-0.54915310
26-17-20-33 #-----------------------------------------#
26-17-20-33 [Step 144] logΨ: mean=4.055-0.058j | min=-0.164+1.303j | max=4.172+1.351j
26-17-20-33 梯度监控 | raw=3.0127 | per_param=0.0905 |  natural=0.0346 | clipped=0.0010(per_param上限10.0)
26-17-20-33 原始规范坐标 G(Re Σrow_mean) = +22.0614 | 累计|g| = 11.3756
26-17-20-33 Ψ矩阵条件数 cond(Ψ) = 2.62e+01
26-17-20-33 Loss=-3.208033 | E0=-1.04517527 | E1=-0.95100237|E2=-0.66141664|E3=-0.54927495
26-17-20-33 #-----------------------------------------#
26-17-20-33 [Step 145] logΨ: mean=3.949-0.186j | min=-2.165+2.180j | max=4.078+1.406j
26-17-20-33 梯度监控 | raw=5.2248 | per_param=0.1570 |  natural=0.0344 | clipped=0.0010(per_param上限10.0)
26-17-20-33 原始规范坐标 G(Re Σrow_mean) = +21.9736 | 累计|g| = 11.3756
26-17-20-33 Ψ矩阵条件数 cond(Ψ) = 2.59e+01
26-17-20-33 Loss=-3.204268 | E0=-1.04519874 | E1=-0.95149635|E2=-0.66099723|E3=-0.54933329
26-17-20-33 #-----------------------------------------#
26-17-20-33 [Step 146] logΨ: mean=3.952-0.563j | min=-1.608+1.531j | max=4.026+1.342j
26-17-20-33 梯度监控 | raw=1.0182 | per_param=0.0306 |  natural=0.0397 | clipped=0.0012(per_param上限10.0)
26-17-20-33 原始规范坐标 G(Re Σrow_mean) = +21.9390 | 累计|g| = 11.3756
26-17-20-33 Ψ矩阵条件数 cond(Ψ) = 2.63e+01
26-17-20-33 Loss=-3.204919 | E0=-1.04510254 | E1=-0.95148450|E2=-0.66091849|E3=-0.54933914
26-17-20-33 #-----------------------------------------#
26-17-20-33 [Step 147] logΨ: mean=3.798-0.294j | min=-3.082-0.580j | max=3.953+1.932j
26-17-20-33 梯度监控 | raw=4.5676 | per_param=0.1372 |  natural=0.2022 | clipped=0.0061(per_param上限10.0)
26-17-20-33 原始规范坐标 G(Re Σrow_mean) = +21.8305 | 累计|g| = 11.3756
26-17-20-33 Ψ矩阵条件数 cond(Ψ) = 2.62e+01
26-17-20-33 Loss=-3.203063 | E0=-1.04513971 | E1=-0.95192258|E2=-0.66119641|E3=-0.54949778
26-17-20-33 #-----------------------------------------#
26-17-20-33 [Step 148] logΨ: mean=3.785-0.169j | min=-1.024-0.790j | max=3.893+2.185j
26-17-20-33 梯度监控 | raw=1.4392 | per_param=0.0432 |  natural=0.0160 | clipped=0.0005(per_param上限10.0)
26-17-20-33 原始规范坐标 G(Re Σrow_mean) = +21.8593 | 累计|g| = 11.3756
26-17-20-33 Ψ矩阵条件数 cond(Ψ) = 2.69e+01
26-17-20-33 Loss=-3.206270 | E0=-1.04511939 | E1=-0.95211909|E2=-0.66116702|E3=-0.54964539
26-17-20-33 #-----------------------------------------#
26-17-20-33 [Step 149] logΨ: mean=3.520+0.011j | min=-1.853+2.344j | max=3.770+2.434j
26-17-20-33 梯度监控 | raw=4.6310 | per_param=0.1391 |  natural=0.2196 | clipped=0.0066(per_param上限10.0)
26-17-20-33 原始规范坐标 G(Re Σrow_mean) = +21.6150 | 累计|g| = 11.3756
26-17-20-33 Ψ矩阵条件数 cond(Ψ) = 3.93e+01
26-17-20-33 Loss=-3.207076 | E0=-1.04516425 | E1=-0.95216844|E2=-0.66174944|E3=-0.54973162
26-17-20-33 #-----------------------------------------#
26-17-20-33 [GaugeReset@150] 吸收 Δg = Σ Re(col_mean) = +21.6150 | 新|g| = 11.4809
26-17-20-33 [Step 150] logΨ: mean=3.173-1.150j | min=-0.719+1.144j | max=3.248+1.062j
26-17-20-33 梯度监控 | raw=2.1008 | per_param=0.0631 |  natural=0.0730 | clipped=0.0022(per_param上限10.0)
26-17-20-33 原始规范坐标 G(Re Σrow_mean) = +21.6309 | 累计|g| = 11.4809
26-17-20-33 Ψ矩阵条件数 cond(Ψ) = 3.03e+01
26-17-20-33 Loss=-3.208344 | E0=-1.04498711 | E1=-0.95274694|E2=-0.66236884|E3=-0.55003801
26-17-20-33 #-----------------------------------------#
26-17-20-33 [Step 151] logΨ: mean=3.250-1.052j | min=-2.687-1.811j | max=3.387+1.103j
26-17-20-33 梯度监控 | raw=2.4178 | per_param=0.0726 |  natural=0.1159 | clipped=0.0035(per_param上限10.0)
26-17-20-33 原始规范坐标 G(Re Σrow_mean) = +21.6887 | 累计|g| = 11.4809
26-17-20-33 Ψ矩阵条件数 cond(Ψ) = 3.34e+01
26-17-20-33 Loss=-3.206105 | E0=-1.04497417 | E1=-0.95260341|E2=-0.66197695|E3=-0.55001854
26-17-20-33 #-----------------------------------------#
26-17-20-33 [Step 152] logΨ: mean=3.267-0.995j | min=-1.112-1.709j | max=3.359+1.164j
26-17-20-33 梯度监控 | raw=2.0158 | per_param=0.0606 |  natural=0.0297 | clipped=0.0009(per_param上限10.0)
26-17-20-33 原始规范坐标 G(Re Σrow_mean) = +21.7186 | 累计|g| = 11.4809
26-17-20-33 Ψ矩阵条件数 cond(Ψ) = 3.29e+01
26-17-20-33 Loss=-3.210408 | E0=-1.04489922 | E1=-0.95280953|E2=-0.66180532|E3=-0.55022942
26-17-20-33 #-----------------------------------------#
26-17-20-33 [Step 153] logΨ: mean=3.238-0.877j | min=-1.593-2.338j | max=3.388+1.247j
26-17-20-33 梯度监控 | raw=2.7968 | per_param=0.0840 |  natural=0.1201 | clipped=0.0036(per_param上限10.0)
26-17-20-33 原始规范坐标 G(Re Σrow_mean) = +21.6581 | 累计|g| = 11.4809
26-17-20-33 Ψ矩阵条件数 cond(Ψ) = 2.97e+01
26-17-20-33 Loss=-3.208776 | E0=-1.04494693 | E1=-0.95327169|E2=-0.66283350|E3=-0.55036714
26-17-20-33 #-----------------------------------------#
26-17-20-33 [Step 154] logΨ: mean=3.146-0.646j | min=-2.396+1.437j | max=3.457+1.252j
26-17-20-33 梯度监控 | raw=2.9259 | per_param=0.0879 |  natural=0.0439 | clipped=0.0013(per_param上限10.0)
26-17-20-33 原始规范坐标 G(Re Σrow_mean) = +21.5226 | 累计|g| = 11.4809
26-17-20-33 Ψ矩阵条件数 cond(Ψ) = 3.88e+01
26-17-20-33 Loss=-3.209120 | E0=-1.04501373 | E1=-0.95347217|E2=-0.66254451|E3=-0.55033444
26-17-20-33 #-----------------------------------------#
26-17-20-33 [Step 155] logΨ: mean=3.096-0.270j | min=-3.494-1.644j | max=3.356+1.274j
26-17-20-33 梯度监控 | raw=4.7064 | per_param=0.1414 |  natural=0.0642 | clipped=0.0019(per_param上限10.0)
26-17-20-33 原始规范坐标 G(Re Σrow_mean) = +21.4869 | 累计|g| = 11.4809
26-17-20-33 Ψ矩阵条件数 cond(Ψ) = 2.85e+01
26-17-20-33 Loss=-3.207893 | E0=-1.04499639 | E1=-0.95362678|E2=-0.66246992|E3=-0.55039692
26-17-20-33 #-----------------------------------------#
26-17-20-33 [Step 156] logΨ: mean=3.053-0.282j | min=-2.497+1.338j | max=3.158+1.222j
26-17-20-33 梯度监控 | raw=1.8373 | per_param=0.0552 |  natural=0.0587 | clipped=0.0018(per_param上限10.0)
26-17-20-33 原始规范坐标 G(Re Σrow_mean) = +21.5362 | 累计|g| = 11.4809
26-17-20-33 Ψ矩阵条件数 cond(Ψ) = 2.66e+01
26-17-20-33 Loss=-3.216030 | E0=-1.04486150 | E1=-0.95396188|E2=-0.66281537|E3=-0.55038102
26-17-20-33 #-----------------------------------------#
26-17-20-34 [Step 157] logΨ: mean=2.696-0.276j | min=-2.280-1.122j | max=2.902+1.274j
26-17-20-34 梯度监控 | raw=2.6167 | per_param=0.0786 |  natural=0.1207 | clipped=0.0036(per_param上限10.0)
26-17-20-34 原始规范坐标 G(Re Σrow_mean) = +21.2428 | 累计|g| = 11.4809
26-17-20-34 Ψ矩阵条件数 cond(Ψ) = 2.48e+01
26-17-20-34 Loss=-3.213131 | E0=-1.04493619 | E1=-0.95453969|E2=-0.66302991|E3=-0.55038530
26-17-20-34 #-----------------------------------------#
26-17-20-34 [Step 158] logΨ: mean=2.693-0.023j | min=-2.770+1.461j | max=2.853+1.331j
26-17-20-34 梯度监控 | raw=1.7439 | per_param=0.0524 |  natural=0.0208 | clipped=0.0006(per_param上限10.0)
26-17-20-34 原始规范坐标 G(Re Σrow_mean) = +21.2717 | 累计|g| = 11.4809
26-17-20-34 Ψ矩阵条件数 cond(Ψ) = 2.46e+01
26-17-20-34 Loss=-3.217070 | E0=-1.04484664 | E1=-0.95483988|E2=-0.66329334|E3=-0.55044541
26-17-20-34 #-----------------------------------------#
26-17-20-34 [Step 159] logΨ: mean=2.642+0.218j | min=-3.697+2.244j | max=2.904+1.426j
26-17-20-34 梯度监控 | raw=6.3566 | per_param=0.1910 |  natural=0.0705 | clipped=0.0021(per_param上限10.0)
26-17-20-34 原始规范坐标 G(Re Σrow_mean) = +21.1978 | 累计|g| = 11.4809
26-17-20-34 Ψ矩阵条件数 cond(Ψ) = 2.40e+01
26-17-20-34 Loss=-3.205993 | E0=-1.04497364 | E1=-0.95428053|E2=-0.66294713|E3=-0.55035475
26-17-20-34 #-----------------------------------------#
26-17-20-34 [保存] Step 159 → pickle 文件已更新 (160 条记录)
26-17-20-34 [GaugeReset@160] 吸收 Δg = Σ Re(col_mean) = +21.1978 | 新|g| = 11.2850
26-17-20-34 [Step 160] logΨ: mean=3.175+0.255j | min=-2.625+1.307j | max=3.531+1.388j
26-17-20-34 梯度监控 | raw=2.7603 | per_param=0.0829 |  natural=0.0805 | clipped=0.0024(per_param上限10.0)
26-17-20-34 原始规范坐标 G(Re Σrow_mean) = +21.2426 | 累计|g| = 11.2850
26-17-20-34 Ψ矩阵条件数 cond(Ψ) = 2.57e+01
26-17-20-34 Loss=-3.216487 | E0=-1.04500740 | E1=-0.95385311|E2=-0.66304960|E3=-0.55048399
26-17-20-34 #-----------------------------------------#
26-17-20-34 [Step 161] logΨ: mean=3.495+0.111j | min=-0.995+2.316j | max=3.593+1.360j
26-17-20-34 梯度监控 | raw=2.6117 | per_param=0.0785 |  natural=0.0531 | clipped=0.0016(per_param上限10.0)
26-17-20-34 原始规范坐标 G(Re Σrow_mean) = +21.4589 | 累计|g| = 11.2850
26-17-20-34 Ψ矩阵条件数 cond(Ψ) = 3.48e+01
26-17-20-34 Loss=-3.211410 | E0=-1.04483351 | E1=-0.95390895|E2=-0.66372431|E3=-0.55060862
26-17-20-34 #-----------------------------------------#
26-17-20-34 [Step 162] logΨ: mean=3.635-0.051j | min=-0.897-0.786j | max=3.729+1.391j
26-17-20-34 梯度监控 | raw=2.5247 | per_param=0.0758 |  natural=0.0467 | clipped=0.0014(per_param上限10.0)
26-17-20-34 原始规范坐标 G(Re Σrow_mean) = +21.4684 | 累计|g| = 11.2850
26-17-20-34 Ψ矩阵条件数 cond(Ψ) = 2.43e+01
26-17-20-34 Loss=-3.211568 | E0=-1.04482886 | E1=-0.95335676|E2=-0.66338813|E3=-0.55053571
26-17-20-34 #-----------------------------------------#
26-17-20-34 [Step 163] logΨ: mean=3.668+0.109j | min=-0.941-0.695j | max=3.746+1.481j
26-17-20-34 梯度监控 | raw=0.3608 | per_param=0.0108 |  natural=0.0278 | clipped=0.0008(per_param上限10.0)
26-17-20-34 原始规范坐标 G(Re Σrow_mean) = +21.5096 | 累计|g| = 11.2850
26-17-20-34 Ψ矩阵条件数 cond(Ψ) = 2.58e+01
26-17-20-34 Loss=-3.211588 | E0=-1.04486518 | E1=-0.95351281|E2=-0.66335158|E3=-0.55065724
26-17-20-34 #-----------------------------------------#
26-17-20-34 [Step 164] logΨ: mean=3.679+0.036j | min=-1.174-0.928j | max=3.758+1.523j
26-17-20-34 梯度监控 | raw=2.3328 | per_param=0.0701 |  natural=0.0172 | clipped=0.0005(per_param上限10.0)
26-17-20-34 原始规范坐标 G(Re Σrow_mean) = +21.5213 | 累计|g| = 11.2850
26-17-20-34 Ψ矩阵条件数 cond(Ψ) = 2.50e+01
26-17-20-34 Loss=-3.207503 | E0=-1.04483872 | E1=-0.95349251|E2=-0.66316656|E3=-0.55055488
26-17-20-34 #-----------------------------------------#
26-17-20-34 [Step 165] logΨ: mean=2.390+0.087j | min=-2.180-1.283j | max=2.505+1.421j
26-17-20-34 梯度监控 | raw=7.4826 | per_param=0.2248 |  natural=0.3585 | clipped=0.0108(per_param上限10.0)
26-17-20-34 原始规范坐标 G(Re Σrow_mean) = +20.8060 | 累计|g| = 11.2850
26-17-20-34 Ψ矩阵条件数 cond(Ψ) = 2.85e+01
26-17-20-34 Loss=-3.223003 | E0=-1.04520253 | E1=-0.96299549|E2=-0.66732912|E3=-0.54996223
26-17-20-34 #-----------------------------------------#
26-17-20-34 [Step 166] logΨ: mean=2.091-0.252j | min=-2.668-0.360j | max=2.291+0.890j
26-17-20-34 梯度监控 | raw=25.9794 | per_param=0.7805 |  natural=0.1201 | clipped=0.0036(per_param上限10.0)
26-17-20-34 原始规范坐标 G(Re Σrow_mean) = +20.4724 | 累计|g| = 11.2850
26-17-20-34 Ψ矩阵条件数 cond(Ψ) = 3.22e+01
26-17-20-34 Loss=-3.172859 | E0=-1.04518308 | E1=-0.96201383|E2=-0.66638812|E3=-0.55092891
26-17-20-34 #-----------------------------------------#
26-17-20-34 [Step 167] logΨ: mean=1.767-0.483j | min=-2.439-1.168j | max=2.177+0.710j
26-17-20-34 梯度监控 | raw=35.9841 | per_param=1.0810 |  natural=0.1217 | clipped=0.0037(per_param上限10.0)
26-17-20-34 原始规范坐标 G(Re Σrow_mean) = +20.0665 | 累计|g| = 11.2850
26-17-20-34 Ψ矩阵条件数 cond(Ψ) = 3.50e+01
26-17-20-34 Loss=-3.102995 | E0=-1.04511913 | E1=-0.96039159|E2=-0.66481879|E3=-0.54872421
26-17-20-34 #-----------------------------------------#
26-17-20-34 [Step 168] logΨ: mean=1.591-0.967j | min=-3.145-1.935j | max=2.085+0.493j
26-17-20-34 梯度监控 | raw=36.6905 | per_param=1.1023 |  natural=0.1567 | clipped=0.0047(per_param上限10.0)
26-17-20-34 原始规范坐标 G(Re Σrow_mean) = +19.8176 | 累计|g| = 11.2850
26-17-20-34 Ψ矩阵条件数 cond(Ψ) = 3.36e+01
26-17-20-34 Loss=-3.082246 | E0=-1.04536885 | E1=-0.95939974|E2=-0.66389537|E3=-0.54789119
26-17-20-34 #-----------------------------------------#
26-17-20-34 [Step 169] logΨ: mean=1.812-0.872j | min=-2.288-1.190j | max=2.104+0.469j
26-17-20-34 梯度监控 | raw=21.9510 | per_param=0.6595 |  natural=0.0444 | clipped=0.0013(per_param上限10.0)
26-17-20-34 原始规范坐标 G(Re Σrow_mean) = +20.0577 | 累计|g| = 11.2850
26-17-20-34 Ψ矩阵条件数 cond(Ψ) = 3.33e+01
26-17-20-34 Loss=-3.157374 | E0=-1.04540063 | E1=-0.96019688|E2=-0.66422012|E3=-0.55059788
26-17-20-34 #-----------------------------------------#
26-17-20-34 [GaugeReset@170] 吸收 Δg = Σ Re(col_mean) = +20.0577 | 新|g| = 10.7952
26-17-20-34 [Step 170] logΨ: mean=3.142-0.564j | min=-1.665+0.934j | max=3.271+0.736j
26-17-20-34 梯度监控 | raw=8.8342 | per_param=0.2654 |  natural=0.0195 | clipped=0.0006(per_param上限10.0)
26-17-20-34 原始规范坐标 G(Re Σrow_mean) = +20.2431 | 累计|g| = 10.7952
26-17-20-34 Ψ矩阵条件数 cond(Ψ) = 2.59e+01
26-17-20-34 Loss=-3.193543 | E0=-1.04532887 | E1=-0.95997993|E2=-0.66405493|E3=-0.55142213
26-17-20-34 #-----------------------------------------#
26-17-20-34 [Step 171] logΨ: mean=2.774-1.205j | min=-2.894-1.084j | max=3.103+0.283j
26-17-20-34 梯度监控 | raw=20.1960 | per_param=0.6067 |  natural=0.3392 | clipped=0.0102(per_param上限10.0)
26-17-20-34 原始规范坐标 G(Re Σrow_mean) = +19.8476 | 累计|g| = 10.7952
26-17-20-34 Ψ矩阵条件数 cond(Ψ) = 3.05e+01
26-17-20-34 Loss=-3.156828 | E0=-1.04537129 | E1=-0.95949497|E2=-0.66328899|E3=-0.55100886
26-17-20-34 #-----------------------------------------#
26-17-20-34 [Step 172] logΨ: mean=2.792-0.778j | min=-2.246-3.083j | max=3.152+0.345j
26-17-20-34 梯度监控 | raw=21.4464 | per_param=0.6443 |  natural=0.0315 | clipped=0.0009(per_param上限10.0)
26-17-20-34 原始规范坐标 G(Re Σrow_mean) = +19.8484 | 累计|g| = 10.7952
26-17-20-34 Ψ矩阵条件数 cond(Ψ) = 3.16e+01
26-17-20-34 Loss=-3.148870 | E0=-1.04558972 | E1=-0.95908399|E2=-0.66293327|E3=-0.55068883
26-17-20-34 #-----------------------------------------#
26-17-20-34 [Step 173] logΨ: mean=3.134-0.826j | min=-2.584-1.044j | max=3.419+0.363j
26-17-20-34 梯度监控 | raw=17.0654 | per_param=0.5127 |  natural=0.1118 | clipped=0.0034(per_param上限10.0)
26-17-20-34 原始规范坐标 G(Re Σrow_mean) = +20.1439 | 累计|g| = 10.7952
26-17-20-34 Ψ矩阵条件数 cond(Ψ) = 3.66e+01
26-17-20-34 Loss=-3.169773 | E0=-1.04552052 | E1=-0.95885890|E2=-0.66265192|E3=-0.55137382
26-17-20-34 #-----------------------------------------#
26-17-20-34 [Step 174] logΨ: mean=2.768-0.851j | min=-4.133+2.559j | max=3.114+0.361j
26-17-20-34 梯度监控 | raw=20.7541 | per_param=0.6235 |  natural=0.2247 | clipped=0.0067(per_param上限10.0)
26-17-20-34 原始规范坐标 G(Re Σrow_mean) = +19.8224 | 累计|g| = 10.7952
26-17-20-34 Ψ矩阵条件数 cond(Ψ) = 2.98e+01
26-17-20-34 Loss=-3.161738 | E0=-1.04561254 | E1=-0.95893560|E2=-0.66289319|E3=-0.55085086
26-17-20-34 #-----------------------------------------#
26-17-20-34 [Step 175] logΨ: mean=2.357-0.711j | min=-3.516+2.219j | max=2.768+0.431j
26-17-20-34 梯度监控 | raw=23.2239 | per_param=0.6977 |  natural=0.3977 | clipped=0.0119(per_param上限10.0)
26-17-20-34 原始规范坐标 G(Re Σrow_mean) = +19.6111 | 累计|g| = 10.7952
26-17-20-34 Ψ矩阵条件数 cond(Ψ) = 2.90e+01
26-17-20-34 Loss=-3.178494 | E0=-1.04557637 | E1=-0.95882402|E2=-0.66282448|E3=-0.55110883
26-17-20-34 #-----------------------------------------#
26-17-20-34 [Step 176] logΨ: mean=2.504-0.822j | min=-2.324+2.622j | max=2.803+0.459j
26-17-20-34 梯度监控 | raw=22.1239 | per_param=0.6646 |  natural=0.1254 | clipped=0.0038(per_param上限10.0)
26-17-20-34 原始规范坐标 G(Re Σrow_mean) = +19.7780 | 累计|g| = 10.7952
26-17-20-34 Ψ矩阵条件数 cond(Ψ) = 2.88e+01
26-17-20-34 Loss=-3.188044 | E0=-1.04556261 | E1=-0.95890070|E2=-0.66326713|E3=-0.55171417
26-17-20-34 #-----------------------------------------#
26-17-20-34 [Step 177] logΨ: mean=2.566-1.041j | min=-2.953-2.396j | max=2.887+0.438j
26-17-20-34 梯度监控 | raw=20.0337 | per_param=0.6019 |  natural=0.0498 | clipped=0.0015(per_param上限10.0)
26-17-20-34 原始规范坐标 G(Re Σrow_mean) = +19.8363 | 累计|g| = 10.7952
26-17-20-34 Ψ矩阵条件数 cond(Ψ) = 2.82e+01
26-17-20-34 Loss=-3.182635 | E0=-1.04560596 | E1=-0.95860667|E2=-0.66320436|E3=-0.55164249
26-17-20-34 #-----------------------------------------#
26-17-20-34 [Step 178] logΨ: mean=2.589-1.008j | min=-2.805+3.086j | max=2.835+0.388j
26-17-20-34 梯度监控 | raw=13.1263 | per_param=0.3943 |  natural=0.1553 | clipped=0.0047(per_param上限10.0)
26-17-20-34 原始规范坐标 G(Re Σrow_mean) = +19.8934 | 累计|g| = 10.7952
26-17-20-34 Ψ矩阵条件数 cond(Ψ) = 2.20e+01
26-17-20-34 Loss=-3.190266 | E0=-1.04544587 | E1=-0.95844241|E2=-0.66270167|E3=-0.55191924
26-17-20-34 #-----------------------------------------#
26-17-20-34 [Step 179] logΨ: mean=2.574-0.794j | min=-1.908-2.915j | max=2.805+0.379j
26-17-20-34 梯度监控 | raw=12.3031 | per_param=0.3696 |  natural=0.0862 | clipped=0.0026(per_param上限10.0)
26-17-20-34 原始规范坐标 G(Re Σrow_mean) = +19.8775 | 累计|g| = 10.7952
26-17-20-34 Ψ矩阵条件数 cond(Ψ) = 2.96e+01
26-17-20-34 Loss=-3.198889 | E0=-1.04552651 | E1=-0.95838542|E2=-0.66329845|E3=-0.55193752
26-17-20-34 #-----------------------------------------#
26-17-20-34 [保存] Step 179 → pickle 文件已更新 (180 条记录)
26-17-20-34 [GaugeReset@180] 吸收 Δg = Σ Re(col_mean) = +19.8775 | 新|g| = 10.6103
26-17-20-34 [Step 180] logΨ: mean=2.700+0.249j | min=-1.702+1.219j | max=2.973+1.381j
26-17-20-34 梯度监控 | raw=12.3745 | per_param=0.3718 |  natural=0.0247 | clipped=0.0007(per_param上限10.0)
26-17-20-34 原始规范坐标 G(Re Σrow_mean) = +19.7982 | 累计|g| = 10.6103
26-17-20-34 Ψ矩阵条件数 cond(Ψ) = 2.75e+01
26-17-20-34 Loss=-3.190272 | E0=-1.04551269 | E1=-0.95837033|E2=-0.66300980|E3=-0.55165296
26-17-20-34 #-----------------------------------------#
26-17-20-34 [Step 181] logΨ: mean=3.287+0.348j | min=-3.164+0.627j | max=3.446+1.447j
26-17-20-34 梯度监控 | raw=5.2044 | per_param=0.1564 |  natural=0.1146 | clipped=0.0034(per_param上限10.0)
26-17-20-34 原始规范坐标 G(Re Σrow_mean) = +20.3659 | 累计|g| = 10.6103
26-17-20-34 Ψ矩阵条件数 cond(Ψ) = 2.82e+01
26-17-20-34 Loss=-3.211147 | E0=-1.04538211 | E1=-0.95835822|E2=-0.66332922|E3=-0.55181188
26-17-20-34 #-----------------------------------------#
26-17-20-34 [Step 182] logΨ: mean=3.265-0.079j | min=-1.885-0.120j | max=3.372+1.388j
26-17-20-34 梯度监控 | raw=1.7570 | per_param=0.0528 |  natural=0.0405 | clipped=0.0012(per_param上限10.0)
26-17-20-34 原始规范坐标 G(Re Σrow_mean) = +20.3464 | 累计|g| = 10.6103
26-17-20-34 Ψ矩阵条件数 cond(Ψ) = 2.77e+01
26-17-20-34 Loss=-3.216101 | E0=-1.04532675 | E1=-0.95832408|E2=-0.66343780|E3=-0.55173721
26-17-20-34 #-----------------------------------------#
26-17-20-34 [Step 183] logΨ: mean=3.007-0.338j | min=-2.456-2.953j | max=3.263+1.311j
26-17-20-34 梯度监控 | raw=6.5518 | per_param=0.1968 |  natural=0.2322 | clipped=0.0070(per_param上限10.0)
26-17-20-34 原始规范坐标 G(Re Σrow_mean) = +20.1740 | 累计|g| = 10.6103
26-17-20-34 Ψ矩阵条件数 cond(Ψ) = 2.76e+01
26-17-20-34 Loss=-3.205921 | E0=-1.04541174 | E1=-0.95930676|E2=-0.66427597|E3=-0.55132384
26-17-20-34 #-----------------------------------------#
26-17-20-34 [Step 184] logΨ: mean=3.139-0.177j | min=-1.971+1.027j | max=3.320+1.355j
26-17-20-34 梯度监控 | raw=4.8041 | per_param=0.1443 |  natural=0.0942 | clipped=0.0028(per_param上限10.0)
26-17-20-34 原始规范坐标 G(Re Σrow_mean) = +20.2943 | 累计|g| = 10.6103
26-17-20-34 Ψ矩阵条件数 cond(Ψ) = 2.72e+01
26-17-20-34 Loss=-3.218099 | E0=-1.04545082 | E1=-0.95919334|E2=-0.66424031|E3=-0.55121302
26-17-20-34 #-----------------------------------------#
26-17-20-34 [Step 185] logΨ: mean=3.243-0.049j | min=-1.997-1.027j | max=3.474+1.383j
26-17-20-34 梯度监控 | raw=3.0140 | per_param=0.0905 |  natural=0.0854 | clipped=0.0026(per_param上限10.0)
26-17-20-34 原始规范坐标 G(Re Σrow_mean) = +20.3878 | 累计|g| = 10.6103
26-17-20-34 Ψ矩阵条件数 cond(Ψ) = 2.72e+01
26-17-20-34 Loss=-3.210545 | E0=-1.04555406 | E1=-0.95907333|E2=-0.66410440|E3=-0.55103652
26-17-20-34 #-----------------------------------------#
26-17-20-34 [Step 186] logΨ: mean=3.394-0.208j | min=-0.367+2.400j | max=3.494+1.375j
26-17-20-34 梯度监控 | raw=3.4313 | per_param=0.1031 |  natural=0.0336 | clipped=0.0010(per_param上限10.0)
26-17-20-34 原始规范坐标 G(Re Σrow_mean) = +20.5106 | 累计|g| = 10.6103
26-17-20-34 Ψ矩阵条件数 cond(Ψ) = 2.69e+01
26-17-20-34 Loss=-3.214999 | E0=-1.04528137 | E1=-0.95895903|E2=-0.66383519|E3=-0.55160503
26-17-20-34 #-----------------------------------------#
26-17-20-34 [Step 187] logΨ: mean=3.345+0.286j | min=-2.277-0.814j | max=3.606+1.447j
26-17-20-34 梯度监控 | raw=3.6262 | per_param=0.1089 |  natural=0.1008 | clipped=0.0030(per_param上限10.0)
26-17-20-34 原始规范坐标 G(Re Σrow_mean) = +20.4471 | 累计|g| = 10.6103
26-17-20-34 Ψ矩阵条件数 cond(Ψ) = 2.61e+01
26-17-20-34 Loss=-3.203677 | E0=-1.04532925 | E1=-0.95871946|E2=-0.66387855|E3=-0.55140527
26-17-20-34 #-----------------------------------------#
26-17-20-34 [Step 188] logΨ: mean=3.457+0.601j | min=-2.382+0.238j | max=3.726+1.481j
26-17-20-34 梯度监控 | raw=6.6184 | per_param=0.1988 |  natural=0.0830 | clipped=0.0025(per_param上限10.0)
26-17-20-34 原始规范坐标 G(Re Σrow_mean) = +20.5303 | 累计|g| = 10.6103
26-17-20-34 Ψ矩阵条件数 cond(Ψ) = 2.54e+01
26-17-20-34 Loss=-3.207453 | E0=-1.04531620 | E1=-0.95855248|E2=-0.66364390|E3=-0.55134789
26-17-20-34 #-----------------------------------------#
26-17-20-34 [Step 189] logΨ: mean=2.885+0.799j | min=-4.814+0.204j | max=3.139+1.452j
26-17-20-34 梯度监控 | raw=5.3786 | per_param=0.1616 |  natural=0.3244 | clipped=0.0097(per_param上限10.0)
26-17-20-34 原始规范坐标 G(Re Σrow_mean) = +19.9844 | 累计|g| = 10.6103
26-17-20-34 Ψ矩阵条件数 cond(Ψ) = 2.07e+01
26-17-20-34 Loss=-3.214440 | E0=-1.04528433 | E1=-0.95783269|E2=-0.66477575|E3=-0.55191781
26-17-20-34 #-----------------------------------------#
26-17-20-34 [GaugeReset@190] 吸收 Δg = Σ Re(col_mean) = +19.9844 | 新|g| = 10.6867
26-17-20-34 [Step 190] logΨ: mean=2.769-0.537j | min=-2.803-0.780j | max=2.897+0.685j
26-17-20-34 梯度监控 | raw=1.9535 | per_param=0.0587 |  natural=0.2986 | clipped=0.0090(per_param上限10.0)
26-17-20-34 原始规范坐标 G(Re Σrow_mean) = +20.0572 | 累计|g| = 10.6867
26-17-20-34 Ψ矩阵条件数 cond(Ψ) = 4.59e+01
26-17-20-34 Loss=-3.215002 | E0=-1.04524174 | E1=-0.95752038|E2=-0.66319617|E3=-0.55255619
26-17-20-34 #-----------------------------------------#
26-17-20-34 [Step 191] logΨ: mean=2.764-0.594j | min=-0.829-1.640j | max=2.894+0.685j
26-17-20-34 梯度监控 | raw=6.8847 | per_param=0.2068 |  natural=0.0376 | clipped=0.0011(per_param上限10.0)
26-17-20-34 原始规范坐标 G(Re Σrow_mean) = +20.0715 | 累计|g| = 10.6867
26-17-20-34 Ψ矩阵条件数 cond(Ψ) = 3.98e+01
26-17-20-34 Loss=-3.204674 | E0=-1.04528693 | E1=-0.95763996|E2=-0.66334308|E3=-0.55241638
26-17-20-34 #-----------------------------------------#
26-17-20-34 [Step 192] logΨ: mean=2.701-0.270j | min=-2.678-2.305j | max=2.887+0.717j
26-17-20-34 梯度监控 | raw=4.5209 | per_param=0.1358 |  natural=0.3225 | clipped=0.0097(per_param上限10.0)
26-17-20-34 原始规范坐标 G(Re Σrow_mean) = +19.9372 | 累计|g| = 10.6867
26-17-20-34 Ψ矩阵条件数 cond(Ψ) = 3.70e+01
26-17-20-34 Loss=-3.201058 | E0=-1.04543982 | E1=-0.95710770|E2=-0.66352241|E3=-0.55143225
26-17-20-34 #-----------------------------------------#
26-17-20-34 [Step 193] logΨ: mean=3.175-0.031j | min=-2.367-0.285j | max=3.293+0.672j
26-17-20-34 梯度监控 | raw=6.0285 | per_param=0.1811 |  natural=0.0666 | clipped=0.0020(per_param上限10.0)
26-17-20-34 原始规范坐标 G(Re Σrow_mean) = +20.3630 | 累计|g| = 10.6867
26-17-20-34 Ψ矩阵条件数 cond(Ψ) = 1.52e+01
26-17-20-34 Loss=-3.208765 | E0=-1.04551964 | E1=-0.95698741|E2=-0.66296589|E3=-0.55089351
26-17-20-34 #-----------------------------------------#
26-17-20-34 [Step 194] logΨ: mean=3.106-0.356j | min=-1.546+1.924j | max=3.334+0.646j
26-17-20-34 梯度监控 | raw=11.1226 | per_param=0.3341 |  natural=0.0284 | clipped=0.0009(per_param上限10.0)
26-17-20-34 原始规范坐标 G(Re Σrow_mean) = +20.2976 | 累计|g| = 10.6867
26-17-20-34 Ψ矩阵条件数 cond(Ψ) = 3.41e+01
26-17-20-34 Loss=-3.199321 | E0=-1.04556270 | E1=-0.95685977|E2=-0.66297562|E3=-0.55093232
26-17-20-34 #-----------------------------------------#
26-17-20-34 [Step 195] logΨ: mean=3.525-0.576j | min=-2.266+2.851j | max=3.679+0.578j
26-17-20-34 梯度监控 | raw=1.9700 | per_param=0.0592 |  natural=0.0654 | clipped=0.0020(per_param上限10.0)
26-17-20-34 原始规范坐标 G(Re Σrow_mean) = +20.6907 | 累计|g| = 10.6867
26-17-20-34 Ψ矩阵条件数 cond(Ψ) = 3.40e+01
26-17-20-34 Loss=-3.212175 | E0=-1.04517091 | E1=-0.95701665|E2=-0.66311146|E3=-0.55248170
26-17-20-34 #-----------------------------------------#
26-17-20-34 [Step 196] logΨ: mean=3.553-1.125j | min=-1.263+0.617j | max=3.775+0.602j
26-17-20-34 梯度监控 | raw=3.9548 | per_param=0.1188 |  natural=0.0362 | clipped=0.0011(per_param上限10.0)
26-17-20-34 原始规范坐标 G(Re Σrow_mean) = +20.7001 | 累计|g| = 10.6867
26-17-20-34 Ψ矩阵条件数 cond(Ψ) = 3.25e+01
26-17-20-34 Loss=-3.214700 | E0=-1.04524689 | E1=-0.95697590|E2=-0.66305177|E3=-0.55189261
26-17-20-34 #-----------------------------------------#
26-17-20-34 [Step 197] logΨ: mean=3.543-0.917j | min=-1.450-1.053j | max=3.858+0.735j
26-17-20-34 梯度监控 | raw=15.8854 | per_param=0.4772 |  natural=0.1041 | clipped=0.0031(per_param上限10.0)
26-17-20-34 原始规范坐标 G(Re Σrow_mean) = +20.6706 | 累计|g| = 10.6867
26-17-20-34 Ψ矩阵条件数 cond(Ψ) = 3.03e+01
26-17-20-34 Loss=-3.209977 | E0=-1.04537395 | E1=-0.95742668|E2=-0.66317781|E3=-0.55169065
26-17-20-34 #-----------------------------------------#
26-17-20-34 [Step 198] logΨ: mean=2.825-0.900j | min=-3.465-2.502j | max=3.074+0.764j
26-17-20-34 梯度监控 | raw=6.1021 | per_param=0.1833 |  natural=0.3630 | clipped=0.0109(per_param上限10.0)
26-17-20-34 原始规范坐标 G(Re Σrow_mean) = +20.0001 | 累计|g| = 10.6867
26-17-20-34 Ψ矩阵条件数 cond(Ψ) = 2.71e+01
26-17-20-34 Loss=-3.219290 | E0=-1.04540594 | E1=-0.95810814|E2=-0.66372114|E3=-0.55257478
26-17-20-34 #-----------------------------------------#
26-17-20-34 [Step 199] logΨ: mean=2.951-1.216j | min=-1.487+2.772j | max=3.169+0.778j
26-17-20-34 梯度监控 | raw=5.4815 | per_param=0.1647 |  natural=0.0281 | clipped=0.0008(per_param上限10.0)
26-17-20-34 原始规范坐标 G(Re Σrow_mean) = +20.0833 | 累计|g| = 10.6867
26-17-20-34 Ψ矩阵条件数 cond(Ψ) = 2.70e+01
26-17-20-34 Loss=-3.202516 | E0=-1.04528578 | E1=-0.95763585|E2=-0.66357856|E3=-0.55272698
26-17-20-34 #-----------------------------------------#
26-17-20-34 [保存] Step 199 → pickle 文件已更新 (200 条记录)
26-17-20-34 [GaugeReset@200] 吸收 Δg = Σ Re(col_mean) = +20.0833 | 新|g| = 10.7263
26-17-20-34 [Step 200] logΨ: mean=2.158-0.559j | min=-5.922-0.058j | max=2.558+1.463j
26-17-20-34 梯度监控 | raw=6.2993 | per_param=0.1892 |  natural=0.1823 | clipped=0.0055(per_param上限10.0)
26-17-20-34 原始规范坐标 G(Re Σrow_mean) = +19.4196 | 累计|g| = 10.7263
26-17-20-34 Ψ矩阵条件数 cond(Ψ) = 2.02e+01
26-17-20-34 Loss=-3.212237 | E0=-1.04530707 | E1=-0.95770740|E2=-0.66360365|E3=-0.55248205
26-17-20-34 #-----------------------------------------#
26-17-20-34 [Step 201] logΨ: mean=2.393-0.467j | min=-2.114-0.559j | max=2.593+1.493j
26-17-20-34 梯度监控 | raw=2.0437 | per_param=0.0614 |  natural=0.0231 | clipped=0.0007(per_param上限10.0)
26-17-20-34 原始规范坐标 G(Re Σrow_mean) = +19.6161 | 累计|g| = 10.7263
26-17-20-34 Ψ矩阵条件数 cond(Ψ) = 2.02e+01
26-17-20-34 Loss=-3.221913 | E0=-1.04521278 | E1=-0.95762584|E2=-0.66339217|E3=-0.55264758
26-17-20-34 #-----------------------------------------#
26-17-20-34 [Step 202] logΨ: mean=2.530-0.304j | min=-1.060+1.683j | max=2.591+1.463j
26-17-20-34 梯度监控 | raw=0.8395 | per_param=0.0252 |  natural=0.0038 | clipped=0.0001(per_param上限10.0)
26-17-20-34 原始规范坐标 G(Re Σrow_mean) = +19.7581 | 累计|g| = 10.7263
26-17-20-34 Ψ矩阵条件数 cond(Ψ) = 2.02e+01
26-17-20-34 Loss=-3.217744 | E0=-1.04520824 | E1=-0.95743762|E2=-0.66354635|E3=-0.55253835
26-17-20-34 #-----------------------------------------#
26-17-20-34 [Step 203] logΨ: mean=2.511-0.338j | min=-3.217-1.749j | max=2.619+1.423j
26-17-20-34 梯度监控 | raw=2.5233 | per_param=0.0758 |  natural=0.0679 | clipped=0.0020(per_param上限10.0)
26-17-20-34 原始规范坐标 G(Re Σrow_mean) = +19.7658 | 累计|g| = 10.7263
26-17-20-34 Ψ矩阵条件数 cond(Ψ) = 1.90e+01
26-17-20-34 Loss=-3.215759 | E0=-1.04518828 | E1=-0.95743149|E2=-0.66347191|E3=-0.55220329
26-17-20-34 #-----------------------------------------#
26-17-20-34 [Step 204] logΨ: mean=2.486-0.225j | min=-1.544+2.932j | max=2.564+1.461j
26-17-20-34 梯度监控 | raw=0.8693 | per_param=0.0261 |  natural=0.0241 | clipped=0.0007(per_param上限10.0)
26-17-20-34 原始规范坐标 G(Re Σrow_mean) = +19.7393 | 累计|g| = 10.7263
26-17-20-34 Ψ矩阵条件数 cond(Ψ) = 1.86e+01
26-17-20-34 Loss=-3.214982 | E0=-1.04506329 | E1=-0.95770854|E2=-0.66384556|E3=-0.55264058
26-17-20-34 #-----------------------------------------#
26-17-20-34 [Step 205] logΨ: mean=2.192-0.562j | min=-2.772+2.111j | max=2.345+1.315j
26-17-20-34 梯度监控 | raw=4.9861 | per_param=0.1498 |  natural=0.2339 | clipped=0.0070(per_param上限10.0)
26-17-20-34 原始规范坐标 G(Re Σrow_mean) = +19.4347 | 累计|g| = 10.7263
26-17-20-34 Ψ矩阵条件数 cond(Ψ) = 1.92e+01
26-17-20-34 Loss=-3.216235 | E0=-1.04484497 | E1=-0.95799905|E2=-0.66431255|E3=-0.55158661
26-17-20-34 #-----------------------------------------#
26-17-20-34 [Step 206] logΨ: mean=2.123-0.625j | min=-3.382-1.169j | max=2.302+1.273j
26-17-20-34 梯度监控 | raw=1.2714 | per_param=0.0382 |  natural=0.0851 | clipped=0.0026(per_param上限10.0)
26-17-20-34 原始规范坐标 G(Re Σrow_mean) = +19.3356 | 累计|g| = 10.7263
26-17-20-34 Ψ矩阵条件数 cond(Ψ) = 1.86e+01
26-17-20-34 Loss=-3.213511 | E0=-1.04492737 | E1=-0.95791485|E2=-0.66405962|E3=-0.55147748
26-17-20-34 #-----------------------------------------#
26-17-20-34 [Step 207] logΨ: mean=2.160-0.874j | min=-2.539-2.311j | max=2.382+1.270j
26-17-20-34 梯度监控 | raw=4.5476 | per_param=0.1366 |  natural=0.0604 | clipped=0.0018(per_param上限10.0)
26-17-20-34 原始规范坐标 G(Re Σrow_mean) = +19.3803 | 累计|g| = 10.7263
26-17-20-34 Ψ矩阵条件数 cond(Ψ) = 1.82e+01
26-17-20-34 Loss=-3.206311 | E0=-1.04497042 | E1=-0.95777792|E2=-0.66397795|E3=-0.55129760
26-17-20-34 #-----------------------------------------#
26-17-20-34 [Step 208] logΨ: mean=2.134-1.263j | min=-3.538-2.218j | max=2.394+1.099j
26-17-20-34 梯度监控 | raw=5.8009 | per_param=0.1743 |  natural=0.0646 | clipped=0.0019(per_param上限10.0)
26-17-20-34 原始规范坐标 G(Re Σrow_mean) = +19.3402 | 累计|g| = 10.7263
26-17-20-34 Ψ矩阵条件数 cond(Ψ) = 1.76e+01
26-17-20-34 Loss=-3.209420 | E0=-1.04507616 | E1=-0.95771116|E2=-0.66398580|E3=-0.55116435
26-17-20-34 #-----------------------------------------#
26-17-20-34 [Step 209] logΨ: mean=2.200-1.080j | min=-2.404+1.027j | max=2.456+1.067j
26-17-20-34 梯度监控 | raw=3.5688 | per_param=0.1072 |  natural=0.0682 | clipped=0.0020(per_param上限10.0)
26-17-20-34 原始规范坐标 G(Re Σrow_mean) = +19.4429 | 累计|g| = 10.7263
26-17-20-34 Ψ矩阵条件数 cond(Ψ) = 1.71e+01
26-17-20-34 Loss=-3.215559 | E0=-1.04510619 | E1=-0.95706138|E2=-0.66457470|E3=-0.55128543
26-17-20-34 #-----------------------------------------#
26-17-20-34 [GaugeReset@210] 吸收 Δg = Σ Re(col_mean) = +19.4429 | 新|g| = 10.4221
26-17-20-34 [Step 210] logΨ: mean=3.140-0.743j | min=-4.621-1.324j | max=3.382+0.993j
26-17-20-34 梯度监控 | raw=2.4830 | per_param=0.0746 |  natural=0.0863 | clipped=0.0026(per_param上限10.0)
26-17-20-34 原始规范坐标 G(Re Σrow_mean) = +19.7335 | 累计|g| = 10.4221
26-17-20-34 Ψ矩阵条件数 cond(Ψ) = 2.76e+01
26-17-20-34 Loss=-3.205249 | E0=-1.04506782 | E1=-0.95700298|E2=-0.66441156|E3=-0.55118303
26-17-20-34 #-----------------------------------------#
26-17-20-34 [Step 211] logΨ: mean=3.348-0.943j | min=-0.853-1.743j | max=3.486+0.912j
26-17-20-34 梯度监控 | raw=1.4544 | per_param=0.0437 |  natural=0.0242 | clipped=0.0007(per_param上限10.0)
26-17-20-34 原始规范坐标 G(Re Σrow_mean) = +19.8985 | 累计|g| = 10.4221
26-17-20-34 Ψ矩阵条件数 cond(Ψ) = 1.99e+01
26-17-20-34 Loss=-3.215304 | E0=-1.04509615 | E1=-0.95613390|E2=-0.66404724|E3=-0.55116833
26-17-20-34 #-----------------------------------------#
26-17-20-34 [Step 212] logΨ: mean=3.448-0.677j | min=-1.088+2.759j | max=3.615+0.977j
26-17-20-34 梯度监控 | raw=1.9296 | per_param=0.0580 |  natural=0.0878 | clipped=0.0026(per_param上限10.0)
26-17-20-34 原始规范坐标 G(Re Σrow_mean) = +19.9775 | 累计|g| = 10.4221
26-17-20-34 Ψ矩阵条件数 cond(Ψ) = 1.97e+01
26-17-20-34 Loss=-3.211065 | E0=-1.04509562 | E1=-0.95629093|E2=-0.66400906|E3=-0.55105709
26-17-20-34 #-----------------------------------------#
26-17-20-34 [Step 213] logΨ: mean=3.263-0.407j | min=-3.142-1.423j | max=3.806+0.877j
26-17-20-34 梯度监控 | raw=2.6073 | per_param=0.0783 |  natural=0.1420 | clipped=0.0043(per_param上限10.0)
26-17-20-34 原始规范坐标 G(Re Σrow_mean) = +19.8016 | 累计|g| = 10.4221
26-17-20-34 Ψ矩阵条件数 cond(Ψ) = 1.91e+01
26-17-20-34 Loss=-3.210035 | E0=-1.04591123 | E1=-0.95634950|E2=-0.66399055|E3=-0.54731159
26-17-20-34 #-----------------------------------------#
26-17-20-34 [Step 214] logΨ: mean=3.386-0.366j | min=-3.857+3.053j | max=3.623+0.960j
26-17-20-34 梯度监控 | raw=17.0194 | per_param=0.5113 |  natural=0.1138 | clipped=0.0034(per_param上限10.0)
26-17-20-34 原始规范坐标 G(Re Σrow_mean) = +19.9559 | 累计|g| = 10.4221
26-17-20-34 Ψ矩阵条件数 cond(Ψ) = 2.63e+01
26-17-20-34 Loss=-3.213916 | E0=-1.04546100 | E1=-0.95646216|E2=-0.66413998|E3=-0.54821810
26-17-20-34 #-----------------------------------------#
26-17-20-34 [Step 215] logΨ: mean=2.786-1.087j | min=-2.535-0.503j | max=3.085+1.028j
26-17-20-34 梯度监控 | raw=4.6362 | per_param=0.1393 |  natural=0.4501 | clipped=0.0135(per_param上限10.0)
26-17-20-34 原始规范坐标 G(Re Σrow_mean) = +19.1140 | 累计|g| = 10.4221
26-17-20-34 Ψ矩阵条件数 cond(Ψ) = 1.65e+01
26-17-20-34 Loss=-3.205935 | E0=-1.04607600 | E1=-0.95882036|E2=-0.66594380|E3=-0.54578926
26-17-20-34 #-----------------------------------------#
26-17-20-34 [Step 216] logΨ: mean=3.105-1.285j | min=-2.342-1.855j | max=3.170+1.069j
26-17-20-34 梯度监控 | raw=0.4484 | per_param=0.0135 |  natural=0.0355 | clipped=0.0011(per_param上限10.0)
26-17-20-34 原始规范坐标 G(Re Σrow_mean) = +19.3614 | 累计|g| = 10.4221
26-17-20-34 Ψ矩阵条件数 cond(Ψ) = 1.69e+01
26-17-20-34 Loss=-3.216276 | E0=-1.04584017 | E1=-0.95810683|E2=-0.66574747|E3=-0.54607552
26-17-20-34 #-----------------------------------------#
26-17-20-34 [Step 217] logΨ: mean=2.682-1.154j | min=-3.068+1.661j | max=3.017+0.979j
26-17-20-34 梯度监控 | raw=8.7275 | per_param=0.2622 |  natural=0.1959 | clipped=0.0059(per_param上限10.0)
26-17-20-34 原始规范坐标 G(Re Σrow_mean) = +18.9305 | 累计|g| = 10.4221
26-17-20-34 Ψ矩阵条件数 cond(Ψ) = 1.66e+01
26-17-20-34 Loss=-3.205433 | E0=-1.04565869 | E1=-0.95809334|E2=-0.66525065|E3=-0.54704106
26-17-20-34 #-----------------------------------------#
26-17-20-34 [Step 218] logΨ: mean=2.878-1.221j | min=-2.571+1.380j | max=3.111+1.015j
26-17-20-34 梯度监控 | raw=2.0096 | per_param=0.0604 |  natural=0.0604 | clipped=0.0018(per_param上限10.0)
26-17-20-34 原始规范坐标 G(Re Σrow_mean) = +19.1200 | 累计|g| = 10.4221
26-17-20-34 Ψ矩阵条件数 cond(Ψ) = 1.65e+01
26-17-20-34 Loss=-3.209844 | E0=-1.04579442 | E1=-0.95808400|E2=-0.66504552|E3=-0.54629679
26-17-20-34 #-----------------------------------------#
26-17-20-34 [Step 219] logΨ: mean=2.786-1.125j | min=-2.717+1.875j | max=3.115+1.008j
26-17-20-34 梯度监控 | raw=1.8664 | per_param=0.0561 |  natural=0.1502 | clipped=0.0045(per_param上限10.0)
26-17-20-34 原始规范坐标 G(Re Σrow_mean) = +19.0706 | 累计|g| = 10.4221
26-17-20-34 Ψ矩阵条件数 cond(Ψ) = 1.59e+01
26-17-20-34 Loss=-3.206723 | E0=-1.08260187 | E1=-0.95810782|E2=-0.66481770|E3=-0.32928090
26-17-20-34 #-----------------------------------------#
26-17-20-34 [保存] Step 219 → pickle 文件已更新 (220 条记录)
26-17-20-34 [GaugeReset@220] 吸收 Δg = Σ Re(col_mean) = +19.0706 | 新|g| = 10.2516
26-17-20-34 【Step 220 告警】梯度异常！nan=False, raw_grad_norm=558.76
26-17-20-34 [Step 220] logΨ: mean=3.112-1.714j | min=-2.013+3.069j | max=3.832+0.654j
26-17-20-34 梯度监控 | raw=558.7618 | per_param=16.7864 |  natural=0.6038 | clipped=0.0181(per_param上限10.0)
26-17-20-34 原始规范坐标 G(Re Σrow_mean) = +19.0712 | 累计|g| = 10.2516
26-17-20-34 Ψ矩阵条件数 cond(Ψ) = 1.86e+01
26-17-20-34 Loss=-2.897513 | E0=-1.02676384 | E1=-0.94554048|E2=-0.66419333|E3=0.26634287
26-17-20-34 #-----------------------------------------#
26-17-20-34 【Step 221 告警】梯度异常！nan=False, raw_grad_norm=991.97
26-17-20-34 [Step 221] logΨ: mean=1.948+0.089j | min=-3.227-0.694j | max=2.462+0.383j
26-17-20-34 梯度监控 | raw=991.9712 | per_param=29.8009 |  natural=0.3359 | clipped=0.0101(per_param上限10.0)
26-17-20-34 原始规范坐标 G(Re Σrow_mean) = +16.7805 | 累计|g| = 10.2516
26-17-20-34 Ψ矩阵条件数 cond(Ψ) = 1.41e+01
26-17-20-34 Loss=-2.211294 | E0=-1.01658114 | E1=-0.94775017|E2=-0.66413773|E3=0.87122967
26-17-20-34 #-----------------------------------------#
26-17-20-34 【Step 222 告警】梯度异常！nan=False, raw_grad_norm=989.18
26-17-20-34 [Step 222] logΨ: mean=1.953+0.083j | min=-2.583-2.480j | max=2.344+0.431j
26-17-20-34 梯度监控 | raw=989.1807 | per_param=29.7171 |  natural=0.2021 | clipped=0.0061(per_param上限10.0)
26-17-20-34 原始规范坐标 G(Re Σrow_mean) = +16.7464 | 累计|g| = 10.2516
26-17-20-34 Ψ矩阵条件数 cond(Ψ) = 1.33e+01
26-17-20-34 Loss=-2.182964 | E0=-1.01681138 | E1=-0.94851253|E2=-0.66436186|E3=0.78181307
26-17-20-34 #-----------------------------------------#
26-17-20-34 【Step 223 告警】梯度异常！nan=False, raw_grad_norm=1003.51
26-17-20-34 [Step 223] logΨ: mean=1.646-0.264j | min=-3.836+2.328j | max=2.098+0.340j
26-17-20-34 梯度监控 | raw=1003.5106 | per_param=30.1476 |  natural=0.1813 | clipped=0.0054(per_param上限10.0)
26-17-20-34 原始规范坐标 G(Re Σrow_mean) = +16.4346 | 累计|g| = 10.2516
26-17-20-34 Ψ矩阵条件数 cond(Ψ) = 2.82e+01
26-17-20-34 Loss=-2.148064 | E0=-1.01814577 | E1=-0.94951713|E2=-0.66409867|E3=0.70728243
26-17-20-34 #-----------------------------------------#
26-17-20-34 【Step 224 告警】梯度异常！nan=False, raw_grad_norm=1000.58
26-17-20-34 [Step 224] logΨ: mean=1.575-0.086j | min=-3.240+0.442j | max=1.836+0.416j
26-17-20-34 梯度监控 | raw=1000.5814 | per_param=30.0596 |  natural=0.1672 | clipped=0.0050(per_param上限10.0)
26-17-20-34 原始规范坐标 G(Re Σrow_mean) = +16.5033 | 累计|g| = 10.2516
26-17-20-34 Ψ矩阵条件数 cond(Ψ) = 2.96e+01
26-17-20-34 Loss=-2.211149 | E0=-1.02068717 | E1=-0.95002028|E2=-0.66415781|E3=0.49712016
26-17-20-34 #-----------------------------------------#
26-17-20-34 【Step 225 告警】梯度异常！nan=False, raw_grad_norm=1014.10
26-17-20-34 [Step 225] logΨ: mean=1.407+0.098j | min=-3.925+1.814j | max=1.704+2.551j
26-17-20-34 梯度监控 | raw=1014.1033 | per_param=30.4658 |  natural=0.1154 | clipped=0.0035(per_param上限10.0)
26-17-20-34 原始规范坐标 G(Re Σrow_mean) = +16.3759 | 累计|g| = 10.2516
26-17-20-34 Ψ矩阵条件数 cond(Ψ) = 2.88e+01
26-17-20-34 Loss=-2.215470 | E0=-1.02412280 | E1=-0.95081891|E2=-0.66391873|E3=0.35421003
26-17-20-34 #-----------------------------------------#
26-17-20-34 【Step 226 告警】梯度异常！nan=False, raw_grad_norm=1002.71
26-17-20-34 [Step 226] logΨ: mean=1.174-0.333j | min=-4.733+2.079j | max=1.720+2.546j
26-17-20-34 梯度监控 | raw=1002.7076 | per_param=30.1234 |  natural=0.1424 | clipped=0.0043(per_param上限10.0)
26-17-20-34 原始规范坐标 G(Re Σrow_mean) = +16.3494 | 累计|g| = 10.2516
26-17-20-34 Ψ矩阵条件数 cond(Ψ) = 2.87e+01
26-17-20-34 Loss=-2.375123 | E0=-1.02935389 | E1=-0.95188930|E2=-0.66381448|E3=0.09876982
26-17-20-34 #-----------------------------------------#
26-17-20-34 【Step 227 告警】梯度异常！nan=False, raw_grad_norm=1002.01
26-17-20-34 [Step 227] logΨ: mean=1.233-0.641j | min=-3.787+0.330j | max=1.928+2.522j
26-17-20-34 梯度监控 | raw=1002.0139 | per_param=30.1026 |  natural=0.1486 | clipped=0.0045(per_param上限10.0)
26-17-20-34 原始规范坐标 G(Re Σrow_mean) = +16.3081 | 累计|g| = 10.2516
26-17-20-34 Ψ矩阵条件数 cond(Ψ) = 1.27e+01
26-17-20-34 Loss=-2.311065 | E0=-1.03105456 | E1=-0.95267710|E2=-0.66364677|E3=0.05214810
26-17-20-34 #-----------------------------------------#
26-17-20-34 【Step 228 告警】梯度异常！nan=False, raw_grad_norm=924.25
26-17-20-34 [Step 228] logΨ: mean=1.511-0.350j | min=-3.466+0.741j | max=2.022+2.531j
26-17-20-34 梯度监控 | raw=924.2485 | per_param=27.7664 |  natural=0.1021 | clipped=0.0031(per_param上限10.0)
26-17-20-34 原始规范坐标 G(Re Σrow_mean) = +17.0182 | 累计|g| = 10.2516
26-17-20-34 Ψ矩阵条件数 cond(Ψ) = 1.28e+01
26-17-20-34 Loss=-2.602725 | E0=-1.04037242 | E1=-0.95346334|E2=-0.66360295|E3=-0.29780326
26-17-20-34 #-----------------------------------------#
26-17-20-34 【Step 229 告警】梯度异常！nan=False, raw_grad_norm=872.67
26-17-20-34 [Step 229] logΨ: mean=1.191-0.281j | min=-4.232+0.209j | max=1.930+2.511j
26-17-20-34 梯度监控 | raw=872.6700 | per_param=26.2168 |  natural=0.1271 | clipped=0.0038(per_param上限10.0)
26-17-20-34 原始规范坐标 G(Re Σrow_mean) = +16.6750 | 累计|g| = 10.2516
26-17-20-34 Ψ矩阵条件数 cond(Ψ) = 1.26e+01
26-17-20-34 Loss=-2.615632 | E0=-1.04435049 | E1=-0.95446334|E2=-0.66357204|E3=-0.35325998
26-17-20-34 #-----------------------------------------#
26-17-20-34 [GaugeReset@230] 吸收 Δg = Σ Re(col_mean) = +16.6750 | 新|g| = 9.6065
26-17-20-34 【Step 230 告警】梯度异常！nan=False, raw_grad_norm=579.61
26-17-20-34 [Step 230] logΨ: mean=4.088+0.357j | min=-0.011+1.054j | max=4.455+2.865j
26-17-20-34 梯度监控 | raw=579.6138 | per_param=17.4128 |  natural=0.0722 | clipped=0.0022(per_param上限10.0)
26-17-20-34 原始规范坐标 G(Re Σrow_mean) = +17.5338 | 累计|g| = 9.6065
26-17-20-34 Ψ矩阵条件数 cond(Ψ) = 2.61e+01
26-17-20-34 Loss=-2.894696 | E0=-1.04832630 | E1=-0.95556593|E2=-0.66382910|E3=-0.48384014
26-17-20-34 #-----------------------------------------#
26-17-20-34 【Step 231 告警】梯度异常！nan=False, raw_grad_norm=612.70
26-17-20-34 [Step 231] logΨ: mean=4.114+0.621j | min=-0.237+1.772j | max=4.598+2.915j
26-17-20-34 梯度监控 | raw=612.7036 | per_param=18.4069 |  natural=0.0837 | clipped=0.0025(per_param上限10.0)
26-17-20-34 原始规范坐标 G(Re Σrow_mean) = +17.4986 | 累计|g| = 9.6065
26-17-20-34 Ψ矩阵条件数 cond(Ψ) = 1.01e+01
26-17-20-34 Loss=-2.872896 | E0=-1.04896380 | E1=-0.95609445|E2=-0.66371013|E3=-0.49727771
26-17-20-34 #-----------------------------------------#
26-17-20-34 【Step 232 告警】梯度异常！nan=False, raw_grad_norm=408.62
26-17-20-34 [Step 232] logΨ: mean=4.374+0.885j | min=-0.445+0.520j | max=4.832+2.998j
26-17-20-34 梯度监控 | raw=408.6199 | per_param=12.2758 |  natural=0.1178 | clipped=0.0035(per_param上限10.0)
26-17-20-34 原始规范坐标 G(Re Σrow_mean) = +17.9073 | 累计|g| = 9.6065
26-17-20-34 Ψ矩阵条件数 cond(Ψ) = 8.17e+00
26-17-20-34 Loss=-2.981177 | E0=-1.04928286 | E1=-0.95644394|E2=-0.66356408|E3=-0.52400562
26-17-20-34 #-----------------------------------------#
26-17-20-34 【Step 233 告警】梯度异常！nan=False, raw_grad_norm=215.56
26-17-20-35 [Step 233] logΨ: mean=4.484+1.187j | min=-0.792+0.375j | max=4.907+3.072j
26-17-20-35 梯度监控 | raw=215.5586 | per_param=6.4758 |  natural=0.0728 | clipped=0.0022(per_param上限10.0)
26-17-20-35 原始规范坐标 G(Re Σrow_mean) = +18.0653 | 累计|g| = 9.6065
26-17-20-35 Ψ矩阵条件数 cond(Ψ) = 8.00e+00
26-17-20-35 Loss=-3.076294 | E0=-1.04960665 | E1=-0.95692056|E2=-0.66368613|E3=-0.53718677
26-17-20-35 #-----------------------------------------#
26-17-20-35 【Step 234 告警】梯度异常！nan=False, raw_grad_norm=202.42
26-17-20-35 [Step 234] logΨ: mean=4.657+1.715j | min=-0.687+0.335j | max=5.015+3.051j
26-17-20-35 梯度监控 | raw=202.4194 | per_param=6.0811 |  natural=0.0706 | clipped=0.0021(per_param上限10.0)
26-17-20-35 原始规范坐标 G(Re Σrow_mean) = +18.3089 | 累计|g| = 9.6065
26-17-20-35 Ψ矩阵条件数 cond(Ψ) = 7.99e+00
26-17-20-35 Loss=-3.097041 | E0=-1.04891256 | E1=-0.95690765|E2=-0.66354255|E3=-0.54250683
26-17-20-35 #-----------------------------------------#
26-17-20-35 【Step 235 告警】梯度异常！nan=False, raw_grad_norm=176.28
26-17-20-35 [Step 235] logΨ: mean=4.411-1.846j | min=-1.745-2.183j | max=4.863+0.135j
26-17-20-35 梯度监控 | raw=176.2757 | per_param=5.2957 |  natural=0.2929 | clipped=0.0088(per_param上限10.0)
26-17-20-35 原始规范坐标 G(Re Σrow_mean) = +18.0311 | 累计|g| = 9.6065
26-17-20-35 Ψ矩阵条件数 cond(Ψ) = 7.90e+00
26-17-20-35 Loss=-3.113831 | E0=-1.04865453 | E1=-0.95705689|E2=-0.66345940|E3=-0.54570440
26-17-20-35 #-----------------------------------------#
26-17-20-35 【Step 236 告警】梯度异常！nan=False, raw_grad_norm=132.80
26-17-20-35 [Step 236] logΨ: mean=4.683-2.105j | min=-1.765-1.584j | max=5.042+0.142j
26-17-20-35 梯度监控 | raw=132.8017 | per_param=3.9896 |  natural=0.0937 | clipped=0.0028(per_param上限10.0)
26-17-20-35 原始规范坐标 G(Re Σrow_mean) = +18.3529 | 累计|g| = 9.6065
26-17-20-35 Ψ矩阵条件数 cond(Ψ) = 7.71e+00
26-17-20-35 Loss=-3.139030 | E0=-1.04810152 | E1=-0.95712280|E2=-0.66354764|E3=-0.54869750
26-17-20-35 #-----------------------------------------#
26-17-20-35 [Step 237] logΨ: mean=5.162-2.183j | min=0.018-1.131j | max=5.378+0.131j
26-17-20-35 梯度监控 | raw=26.7423 | per_param=0.8034 |  natural=0.0707 | clipped=0.0021(per_param上限10.0)
26-17-20-35 原始规范坐标 G(Re Σrow_mean) = +18.8283 | 累计|g| = 9.6065
26-17-20-35 Ψ矩阵条件数 cond(Ψ) = 8.05e+00
26-17-20-35 Loss=-3.190772 | E0=-1.04785929 | E1=-0.95745891|E2=-0.66370117|E3=-0.55078907
26-17-20-35 #-----------------------------------------#
26-17-20-35 [Step 238] logΨ: mean=5.399-1.732j | min=0.643-0.495j | max=5.569+0.109j
26-17-20-35 梯度监控 | raw=67.8200 | per_param=2.0375 |  natural=0.0627 | clipped=0.0019(per_param上限10.0)
26-17-20-35 原始规范坐标 G(Re Σrow_mean) = +19.0410 | 累计|g| = 9.6065
26-17-20-35 Ψ矩阵条件数 cond(Ψ) = 7.91e+00
26-17-20-35 Loss=-3.184206 | E0=-1.04763385 | E1=-0.95722228|E2=-0.66314098|E3=-0.55193252
26-17-20-35 #-----------------------------------------#
26-17-20-35 [Step 239] logΨ: mean=5.415-1.652j | min=-0.562+0.801j | max=5.694+0.040j
26-17-20-35 梯度监控 | raw=41.3036 | per_param=1.2408 |  natural=0.0871 | clipped=0.0026(per_param上限10.0)
26-17-20-35 原始规范坐标 G(Re Σrow_mean) = +19.0318 | 累计|g| = 9.6065
26-17-20-35 Ψ矩阵条件数 cond(Ψ) = 8.22e+00
26-17-20-35 Loss=-3.186041 | E0=-1.04741183 | E1=-0.95713049|E2=-0.66316056|E3=-0.55244801
26-17-20-35 #-----------------------------------------#
26-17-20-35 [保存] Step 239 → pickle 文件已更新 (240 条记录)
26-17-20-35 [GaugeReset@240] 吸收 Δg = Σ Re(col_mean) = +19.0318 | 新|g| = 10.3184
26-17-20-35 [Step 240] logΨ: mean=2.207-0.156j | min=-3.271+0.065j | max=2.525+1.569j
26-17-20-35 梯度监控 | raw=54.3020 | per_param=1.6313 |  natural=0.7151 | clipped=0.0215(per_param上限10.0)
26-17-20-35 原始规范坐标 G(Re Σrow_mean) = +19.1157 | 累计|g| = 10.3184
26-17-20-35 Ψ矩阵条件数 cond(Ψ) = 1.49e+01
26-17-20-35 Loss=-3.189986 | E0=-1.04579528 | E1=-0.96092216|E2=-0.66595420|E3=-0.54066345
26-17-20-35 #-----------------------------------------#
26-17-20-35 [Step 241] logΨ: mean=2.258-0.363j | min=-1.278+1.184j | max=2.623+1.459j
26-17-20-35 梯度监控 | raw=92.7210 | per_param=2.7855 |  natural=0.0762 | clipped=0.0023(per_param上限10.0)
26-17-20-35 原始规范坐标 G(Re Σrow_mean) = +18.8846 | 累计|g| = 10.3184
26-17-20-35 Ψ矩阵条件数 cond(Ψ) = 1.46e+01
26-17-20-35 Loss=-2.984518 | E0=-1.04366259 | E1=-0.95952293|E2=-0.66492719|E3=-0.52392797
26-17-20-35 #-----------------------------------------#
26-17-20-35 [Step 242] logΨ: mean=2.220-0.284j | min=-1.787-2.168j | max=2.677+1.411j
26-17-20-35 梯度监控 | raw=87.4286 | per_param=2.6265 |  natural=0.0773 | clipped=0.0023(per_param上限10.0)
26-17-20-35 原始规范坐标 G(Re Σrow_mean) = +18.7438 | 累计|g| = 10.3184
26-17-20-35 Ψ矩阵条件数 cond(Ψ) = 1.44e+01
26-17-20-35 Loss=-2.971679 | E0=-1.04399355 | E1=-0.95963906|E2=-0.66447667|E3=-0.52791542
26-17-20-35 #-----------------------------------------#
26-17-20-35 [Step 243] logΨ: mean=2.202-0.237j | min=-2.252+2.118j | max=2.708+1.412j
26-17-20-35 梯度监控 | raw=79.2800 | per_param=2.3817 |  natural=0.0783 | clipped=0.0024(per_param上限10.0)
26-17-20-35 原始规范坐标 G(Re Σrow_mean) = +18.7010 | 累计|g| = 10.3184
26-17-20-35 Ψ矩阵条件数 cond(Ψ) = 1.40e+01
26-17-20-35 Loss=-3.007620 | E0=-1.04458277 | E1=-0.95976637|E2=-0.66400350|E3=-0.53251798
26-17-20-35 #-----------------------------------------#
26-17-20-35 [Step 244] logΨ: mean=2.301-0.420j | min=-2.823-0.650j | max=2.788+1.372j
26-17-20-35 梯度监控 | raw=60.4192 | per_param=1.8151 |  natural=0.0785 | clipped=0.0024(per_param上限10.0)
26-17-20-35 原始规范坐标 G(Re Σrow_mean) = +18.7853 | 累计|g| = 10.3184
26-17-20-35 Ψ矩阵条件数 cond(Ψ) = 1.38e+01
26-17-20-35 Loss=-3.055003 | E0=-1.04510929 | E1=-0.95997554|E2=-0.66382079|E3=-0.53894029
26-17-20-35 #-----------------------------------------#
26-17-20-35 [Step 245] logΨ: mean=2.685-0.116j | min=-2.873+1.009j | max=2.926+1.545j
26-17-20-35 梯度监控 | raw=24.4974 | per_param=0.7360 |  natural=0.0728 | clipped=0.0022(per_param上限10.0)
26-17-20-35 原始规范坐标 G(Re Σrow_mean) = +19.2233 | 累计|g| = 10.3184
26-17-20-35 Ψ矩阵条件数 cond(Ψ) = 1.69e+01
26-17-20-35 Loss=-3.158130 | E0=-1.04501405 | E1=-0.96006646|E2=-0.66364200|E3=-0.54598829
26-17-20-35 #-----------------------------------------#
26-17-20-35 [Step 246] logΨ: mean=3.025-0.149j | min=-2.141+1.988j | max=3.352+1.290j
26-17-20-35 梯度监控 | raw=34.9102 | per_param=1.0488 |  natural=0.0853 | clipped=0.0026(per_param上限10.0)
26-17-20-35 原始规范坐标 G(Re Σrow_mean) = +19.5569 | 累计|g| = 10.3184
26-17-20-35 Ψ矩阵条件数 cond(Ψ) = 2.45e+01
26-17-20-35 Loss=-3.128149 | E0=-1.04501035 | E1=-0.96000011|E2=-0.66370051|E3=-0.54551823
26-17-20-35 #-----------------------------------------#
26-17-20-35 [Step 247] logΨ: mean=3.240-0.095j | min=-1.239-0.939j | max=3.572+0.971j
26-17-20-35 梯度监控 | raw=41.2936 | per_param=1.2405 |  natural=0.0813 | clipped=0.0024(per_param上限10.0)
26-17-20-35 原始规范坐标 G(Re Σrow_mean) = +19.7576 | 累计|g| = 10.3184
26-17-20-35 Ψ矩阵条件数 cond(Ψ) = 3.53e+01
26-17-20-35 Loss=-3.139183 | E0=-1.04482416 | E1=-0.95979689|E2=-0.66370137|E3=-0.54493073
26-17-20-35 #-----------------------------------------#
26-17-20-35 [Step 248] logΨ: mean=3.305-0.317j | min=-1.054+0.587j | max=3.597+0.921j
26-17-20-35 梯度监控 | raw=40.1151 | per_param=1.2051 |  natural=0.0380 | clipped=0.0011(per_param上限10.0)
26-17-20-35 原始规范坐标 G(Re Σrow_mean) = +19.8243 | 累计|g| = 10.3184
26-17-20-35 Ψ矩阵条件数 cond(Ψ) = 1.70e+01
26-17-20-35 Loss=-3.150115 | E0=-1.04509341 | E1=-0.96001679|E2=-0.66360281|E3=-0.54675013
26-17-20-35 #-----------------------------------------#
26-17-20-35 [Step 249] logΨ: mean=3.016-0.623j | min=-2.794+3.135j | max=3.397+0.749j
26-17-20-35 梯度监控 | raw=27.3434 | per_param=0.8215 |  natural=0.3363 | clipped=0.0101(per_param上限10.0)
26-17-20-35 原始规范坐标 G(Re Σrow_mean) = +19.2009 | 累计|g| = 10.3184
26-17-20-35 Ψ矩阵条件数 cond(Ψ) = 1.77e+01
26-17-20-35 Loss=-3.173701 | E0=-1.04519428 | E1=-0.96030063|E2=-0.66237648|E3=-0.54932128
26-17-20-35 #-----------------------------------------#
26-17-20-35 [GaugeReset@250] 吸收 Δg = Σ Re(col_mean) = +19.2009 | 新|g| = 10.2290
26-17-20-35 [Step 250] logΨ: mean=2.287-0.473j | min=-3.860-3.081j | max=2.720+1.222j
26-17-20-35 梯度监控 | raw=14.3549 | per_param=0.4313 |  natural=0.2845 | clipped=0.0085(per_param上限10.0)
26-17-20-35 原始规范坐标 G(Re Σrow_mean) = +18.7006 | 累计|g| = 10.2290
26-17-20-35 Ψ矩阵条件数 cond(Ψ) = 2.45e+01
26-17-20-35 Loss=-3.181355 | E0=-1.04524562 | E1=-0.96034354|E2=-0.66254210|E3=-0.54965014
26-17-20-35 #-----------------------------------------#
26-17-20-35 [Step 251] logΨ: mean=2.379+0.100j | min=-3.564-0.632j | max=2.652+1.448j
26-17-20-35 梯度监控 | raw=9.4789 | per_param=0.2848 |  natural=0.1897 | clipped=0.0057(per_param上限10.0)
26-17-20-35 原始规范坐标 G(Re Σrow_mean) = +18.7965 | 累计|g| = 10.2290
26-17-20-35 Ψ矩阵条件数 cond(Ψ) = 2.30e+01
26-17-20-35 Loss=-3.196343 | E0=-1.04489894 | E1=-0.96011883|E2=-0.66280711|E3=-0.55008130
26-17-20-35 #-----------------------------------------#
26-17-20-35 [Step 252] logΨ: mean=2.482-0.134j | min=-2.221+2.605j | max=2.755+1.447j
26-17-20-35 梯度监控 | raw=13.4466 | per_param=0.4040 |  natural=0.0896 | clipped=0.0027(per_param上限10.0)
26-17-20-35 原始规范坐标 G(Re Σrow_mean) = +18.8803 | 累计|g| = 10.2290
26-17-20-35 Ψ矩阵条件数 cond(Ψ) = 2.33e+01
26-17-20-35 Loss=-3.184218 | E0=-1.04502619 | E1=-0.95985402|E2=-0.66268194|E3=-0.55006930
26-17-20-35 #-----------------------------------------#
26-17-20-35 [Step 253] logΨ: mean=2.334-0.321j | min=-3.261+2.103j | max=2.753+1.459j
26-17-20-35 梯度监控 | raw=8.6237 | per_param=0.2591 |  natural=0.1046 | clipped=0.0031(per_param上限10.0)
26-17-20-35 原始规范坐标 G(Re Σrow_mean) = +18.7235 | 累计|g| = 10.2290
26-17-20-35 Ψ矩阵条件数 cond(Ψ) = 2.35e+01
26-17-20-35 Loss=-3.178582 | E0=-1.04530748 | E1=-0.95976224|E2=-0.66287483|E3=-0.55000544
26-17-20-35 #-----------------------------------------#
26-17-20-35 [Step 254] logΨ: mean=2.461+0.461j | min=-2.631-0.077j | max=2.725+1.696j
26-17-20-35 梯度监控 | raw=6.7096 | per_param=0.2016 |  natural=0.2906 | clipped=0.0087(per_param上限10.0)
26-17-20-35 原始规范坐标 G(Re Σrow_mean) = +18.8814 | 累计|g| = 10.2290
26-17-20-35 Ψ矩阵条件数 cond(Ψ) = 2.37e+01
26-17-20-35 Loss=-3.195078 | E0=-1.04502674 | E1=-0.95963240|E2=-0.66330171|E3=-0.55041952
26-17-20-35 #-----------------------------------------#
26-17-20-35 [Step 255] logΨ: mean=2.430+0.506j | min=-4.565-1.044j | max=2.649+1.828j
26-17-20-35 梯度监控 | raw=6.4882 | per_param=0.1949 |  natural=0.1303 | clipped=0.0039(per_param上限10.0)
26-17-20-35 原始规范坐标 G(Re Σrow_mean) = +18.8209 | 累计|g| = 10.2290
26-17-20-35 Ψ矩阵条件数 cond(Ψ) = 4.27e+01
26-17-20-35 Loss=-3.202805 | E0=-1.04509082 | E1=-0.95947578|E2=-0.66321509|E3=-0.55059779
26-17-20-35 #-----------------------------------------#
26-17-20-35 [Step 256] logΨ: mean=2.559+0.710j | min=-2.945-1.881j | max=2.749+1.850j
26-17-20-35 梯度监控 | raw=2.9557 | per_param=0.0888 |  natural=0.0661 | clipped=0.0020(per_param上限10.0)
26-17-20-35 原始规范坐标 G(Re Σrow_mean) = +18.9017 | 累计|g| = 10.2290
26-17-20-35 Ψ矩阵条件数 cond(Ψ) = 2.35e+01
26-17-20-35 Loss=-3.208429 | E0=-1.04513770 | E1=-0.95944584|E2=-0.66358617|E3=-0.55054056
26-17-20-35 #-----------------------------------------#
26-17-20-35 [Step 257] logΨ: mean=2.384+0.491j | min=-1.577+1.743j | max=2.667+1.881j
26-17-20-35 梯度监控 | raw=8.2403 | per_param=0.2476 |  natural=0.0610 | clipped=0.0018(per_param上限10.0)
26-17-20-35 原始规范坐标 G(Re Σrow_mean) = +18.7410 | 累计|g| = 10.2290
26-17-20-35 Ψ矩阵条件数 cond(Ψ) = 2.35e+01
26-17-20-35 Loss=-3.201449 | E0=-1.04515432 | E1=-0.95936068|E2=-0.66357880|E3=-0.55045840
26-17-20-35 #-----------------------------------------#
26-17-20-35 [Step 258] logΨ: mean=2.539+0.630j | min=-2.309-1.355j | max=2.717+1.992j
26-17-20-35 梯度监控 | raw=2.0650 | per_param=0.0620 |  natural=0.0538 | clipped=0.0016(per_param上限10.0)
26-17-20-35 原始规范坐标 G(Re Σrow_mean) = +18.9255 | 累计|g| = 10.2290
26-17-20-35 Ψ矩阵条件数 cond(Ψ) = 2.44e+01
26-17-20-35 Loss=-3.208856 | E0=-1.04497528 | E1=-0.95945712|E2=-0.66373532|E3=-0.55147537
26-17-20-35 #-----------------------------------------#
26-17-20-35 [Step 259] logΨ: mean=2.300+0.859j | min=-3.569-1.167j | max=2.702+2.021j
26-17-20-35 梯度监控 | raw=6.7511 | per_param=0.2028 |  natural=0.1082 | clipped=0.0032(per_param上限10.0)
26-17-20-35 原始规范坐标 G(Re Σrow_mean) = +18.6620 | 累计|g| = 10.2290
26-17-20-35 Ψ矩阵条件数 cond(Ψ) = 2.47e+01
26-17-20-35 Loss=-3.193843 | E0=-1.04528577 | E1=-0.95915776|E2=-0.66367254|E3=-0.55097827
26-17-20-35 #-----------------------------------------#
26-17-20-35 [保存] Step 259 → pickle 文件已更新 (260 条记录)
26-17-20-35 [GaugeReset@260] 吸收 Δg = Σ Re(col_mean) = +18.6620 | 新|g| = 9.9611
26-17-20-35 [Step 260] logΨ: mean=3.147+0.030j | min=-0.934-1.342j | max=3.322+1.429j
26-17-20-35 梯度监控 | raw=7.7221 | per_param=0.2320 |  natural=0.0519 | clipped=0.0016(per_param上限10.0)
26-17-20-35 原始规范坐标 G(Re Σrow_mean) = +18.9828 | 累计|g| = 9.9611
26-17-20-35 Ψ矩阵条件数 cond(Ψ) = 2.39e+01
26-17-20-35 Loss=-3.204067 | E0=-1.04501317 | E1=-0.95887738|E2=-0.66347921|E3=-0.55137234
26-17-20-35 #-----------------------------------------#
26-17-20-35 [Step 261] logΨ: mean=2.870+0.052j | min=-3.349-0.903j | max=3.109+1.483j
26-17-20-35 梯度监控 | raw=4.2332 | per_param=0.1272 |  natural=0.1653 | clipped=0.0050(per_param上限10.0)
26-17-20-35 原始规范坐标 G(Re Σrow_mean) = +18.6953 | 累计|g| = 9.9611
26-17-20-35 Ψ矩阵条件数 cond(Ψ) = 2.34e+01
26-17-20-35 Loss=-3.212388 | E0=-1.04108917 | E1=-0.95887701|E2=-0.66416572|E3=-0.58393924
26-17-20-35 #-----------------------------------------#
26-17-20-35 【Step 262 告警】梯度异常！nan=False, raw_grad_norm=608.07
26-17-20-35 [Step 262] logΨ: mean=2.882+0.208j | min=-2.193-1.398j | max=3.121+1.457j
26-17-20-35 梯度监控 | raw=608.0715 | per_param=18.2677 |  natural=0.0731 | clipped=0.0022(per_param上限10.0)
26-17-20-35 原始规范坐标 G(Re Σrow_mean) = +18.4685 | 累计|g| = 9.9611
26-17-20-35 Ψ矩阵条件数 cond(Ψ) = 2.39e+01
26-17-20-35 Loss=-3.020026 | E0=-1.03701852 | E1=-0.95735989|E2=-0.66311682|E3=-0.54099687
26-17-20-35 #-----------------------------------------#
26-17-20-35 【Step 263 告警】梯度异常！nan=False, raw_grad_norm=559.47
26-17-20-35 [Step 263] logΨ: mean=2.466-0.212j | min=-3.287-0.315j | max=2.931+1.509j
26-17-20-35 梯度监控 | raw=559.4722 | per_param=16.8077 |  natural=0.3463 | clipped=0.0104(per_param上限10.0)
26-17-20-35 原始规范坐标 G(Re Σrow_mean) = +18.1021 | 累计|g| = 9.9611
26-17-20-35 Ψ矩阵条件数 cond(Ψ) = 2.79e+01
26-17-20-35 Loss=-3.017280 | E0=-1.03864421 | E1=-0.95776901|E2=-0.66311471|E3=-0.54097760
26-17-20-35 #-----------------------------------------#
26-17-20-35 【Step 264 告警】梯度异常！nan=False, raw_grad_norm=333.46
26-17-20-35 [Step 264] logΨ: mean=2.835-0.267j | min=-2.292+1.663j | max=3.032+1.527j
26-17-20-35 梯度监控 | raw=333.4629 | per_param=10.0179 |  natural=0.0496 | clipped=0.0015(per_param上限10.0)
26-17-20-35 原始规范坐标 G(Re Σrow_mean) = +18.5183 | 累计|g| = 9.9611
26-17-20-35 Ψ矩阵条件数 cond(Ψ) = 2.68e+01
26-17-20-35 Loss=-3.117596 | E0=-1.04154148 | E1=-0.95842384|E2=-0.66397182|E3=-0.55988443
26-17-20-35 #-----------------------------------------#
26-17-20-35 【Step 265 告警】梯度异常！nan=False, raw_grad_norm=346.05
26-17-20-35 [Step 265] logΨ: mean=2.721-0.089j | min=-4.318-0.787j | max=3.063+1.549j
26-17-20-35 梯度监控 | raw=346.0491 | per_param=10.3960 |  natural=0.1253 | clipped=0.0038(per_param上限10.0)
26-17-20-35 原始规范坐标 G(Re Σrow_mean) = +18.4315 | 累计|g| = 9.9611
26-17-20-35 Ψ矩阵条件数 cond(Ψ) = 2.77e+01
26-17-20-35 Loss=-3.102280 | E0=-1.04206683 | E1=-0.95873391|E2=-0.66419784|E3=-0.55841866
26-17-20-35 #-----------------------------------------#
26-17-20-35 【Step 266 告警】梯度异常！nan=False, raw_grad_norm=224.83
26-17-20-35 [Step 266] logΨ: mean=3.005+0.041j | min=-4.135-0.646j | max=3.235+1.684j
26-17-20-35 梯度监控 | raw=224.8296 | per_param=6.7544 |  natural=0.3423 | clipped=0.0103(per_param上限10.0)
26-17-20-35 原始规范坐标 G(Re Σrow_mean) = +18.6435 | 累计|g| = 9.9611
26-17-20-35 Ψ矩阵条件数 cond(Ψ) = 2.76e+01
26-17-20-35 Loss=-3.150076 | E0=-1.04283371 | E1=-0.95842802|E2=-0.66449574|E3=-0.55946918
26-17-20-35 #-----------------------------------------#
26-17-20-35 【Step 267 告警】梯度异常！nan=False, raw_grad_norm=307.93
26-17-20-35 [Step 267] logΨ: mean=3.127+0.087j | min=-3.064-2.144j | max=3.443+1.761j
26-17-20-35 梯度监控 | raw=307.9298 | per_param=9.2509 |  natural=0.0847 | clipped=0.0025(per_param上限10.0)
26-17-20-35 原始规范坐标 G(Re Σrow_mean) = +18.7230 | 累计|g| = 9.9611
26-17-20-35 Ψ矩阵条件数 cond(Ψ) = 3.01e+01
26-17-20-35 Loss=-3.109193 | E0=-1.04310918 | E1=-0.95825961|E2=-0.66424409|E3=-0.55665053
26-17-20-35 #-----------------------------------------#
26-17-20-35 【Step 268 告警】梯度异常！nan=False, raw_grad_norm=189.89
26-17-20-35 [Step 268] logΨ: mean=3.409-0.096j | min=-0.654-1.108j | max=3.591+1.761j
26-17-20-35 梯度监控 | raw=189.8928 | per_param=5.7048 |  natural=0.0347 | clipped=0.0010(per_param上限10.0)
26-17-20-35 原始规范坐标 G(Re Σrow_mean) = +18.9688 | 累计|g| = 9.9611
26-17-20-35 Ψ矩阵条件数 cond(Ψ) = 2.99e+01
26-17-20-35 Loss=-3.158358 | E0=-1.04350695 | E1=-0.95785872|E2=-0.66380156|E3=-0.55665206
26-17-20-35 #-----------------------------------------#
26-17-20-35 【Step 269 告警】梯度异常！nan=False, raw_grad_norm=164.49
26-17-20-35 [Step 269] logΨ: mean=3.339+0.176j | min=-2.069+2.136j | max=3.633+1.802j
26-17-20-35 梯度监控 | raw=164.4919 | per_param=4.9417 |  natural=0.0677 | clipped=0.0020(per_param上限10.0)
26-17-20-35 原始规范坐标 G(Re Σrow_mean) = +18.9190 | 累计|g| = 9.9611
26-17-20-35 Ψ矩阵条件数 cond(Ψ) = 3.08e+01
26-17-20-35 Loss=-3.157899 | E0=-1.04384107 | E1=-0.95774968|E2=-0.66385669|E3=-0.55538017
26-17-20-35 #-----------------------------------------#
26-17-20-35 [GaugeReset@270] 吸收 Δg = Σ Re(col_mean) = +18.9190 | 新|g| = 10.1514
26-17-20-35 [Step 270] logΨ: mean=3.342+0.080j | min=-2.341+0.823j | max=3.465+1.344j
26-17-20-35 梯度监控 | raw=44.7988 | per_param=1.3458 |  natural=0.0728 | clipped=0.0022(per_param上限10.0)
26-17-20-35 原始规范坐标 G(Re Σrow_mean) = +19.1455 | 累计|g| = 10.1514
26-17-20-35 Ψ矩阵条件数 cond(Ψ) = 1.82e+01
26-17-20-35 Loss=-3.199986 | E0=-1.04398469 | E1=-0.95765408|E2=-0.66355089|E3=-0.55516320
26-17-20-35 #-----------------------------------------#
26-17-20-35 [Step 271] logΨ: mean=3.583+0.163j | min=-0.972+1.792j | max=3.676+1.323j
26-17-20-35 梯度监控 | raw=29.9086 | per_param=0.8985 |  natural=0.0222 | clipped=0.0007(per_param上限10.0)
26-17-20-35 原始规范坐标 G(Re Σrow_mean) = +19.3199 | 累计|g| = 10.1514
26-17-20-35 Ψ矩阵条件数 cond(Ψ) = 1.89e+01
26-17-20-35 Loss=-3.206391 | E0=-1.04403611 | E1=-0.95738357|E2=-0.66324222|E3=-0.55402216
26-17-20-35 #-----------------------------------------#
26-17-20-35 [Step 272] logΨ: mean=3.565+0.107j | min=-1.414+1.431j | max=3.679+1.355j
26-17-20-35 梯度监控 | raw=36.7607 | per_param=1.1044 |  natural=0.0108 | clipped=0.0003(per_param上限10.0)
26-17-20-35 原始规范坐标 G(Re Σrow_mean) = +19.3102 | 累计|g| = 10.1514
26-17-20-35 Ψ矩阵条件数 cond(Ψ) = 1.87e+01
26-17-20-35 Loss=-3.207197 | E0=-1.04422740 | E1=-0.95746197|E2=-0.66327697|E3=-0.55316332
26-17-20-35 #-----------------------------------------#
26-17-20-35 [Step 273] logΨ: mean=3.470-0.189j | min=-1.640+1.391j | max=3.728+1.432j
26-17-20-35 梯度监控 | raw=57.7395 | per_param=1.7346 |  natural=0.0978 | clipped=0.0029(per_param上限10.0)
26-17-20-35 原始规范坐标 G(Re Σrow_mean) = +19.2319 | 累计|g| = 10.1514
26-17-20-35 Ψ矩阵条件数 cond(Ψ) = 1.89e+01
26-17-20-35 Loss=-3.194597 | E0=-1.04432662 | E1=-0.95754145|E2=-0.66327459|E3=-0.55270362
26-17-20-35 #-----------------------------------------#
26-17-20-35 [Step 274] logΨ: mean=3.628-0.540j | min=-0.744+2.737j | max=3.742+1.436j
26-17-20-35 梯度监控 | raw=10.9703 | per_param=0.3296 |  natural=0.0325 | clipped=0.0010(per_param上限10.0)
26-17-20-35 原始规范坐标 G(Re Σrow_mean) = +19.3734 | 累计|g| = 10.1514
26-17-20-35 Ψ矩阵条件数 cond(Ψ) = 1.89e+01
26-17-20-35 Loss=-3.210636 | E0=-1.04442040 | E1=-0.95750838|E2=-0.66320127|E3=-0.55203964
26-17-20-35 #-----------------------------------------#
26-17-20-35 [Step 275] logΨ: mean=3.640-0.565j | min=-0.837+2.071j | max=3.808+1.375j
26-17-20-35 梯度监控 | raw=12.4977 | per_param=0.3755 |  natural=0.0609 | clipped=0.0018(per_param上限10.0)
26-17-20-35 原始规范坐标 G(Re Σrow_mean) = +19.3353 | 累计|g| = 10.1514
26-17-20-35 Ψ矩阵条件数 cond(Ψ) = 1.86e+01
26-17-20-35 Loss=-3.210873 | E0=-1.04449663 | E1=-0.95741020|E2=-0.66310330|E3=-0.55162192
26-17-20-35 #-----------------------------------------#
26-17-20-35 [Step 276] logΨ: mean=3.581-0.356j | min=-1.150-1.687j | max=3.718+1.438j
26-17-20-35 梯度监控 | raw=15.8488 | per_param=0.4761 |  natural=0.0622 | clipped=0.0019(per_param上限10.0)
26-17-20-35 原始规范坐标 G(Re Σrow_mean) = +19.3176 | 累计|g| = 10.1514
26-17-20-35 Ψ矩阵条件数 cond(Ψ) = 1.84e+01
26-17-20-35 Loss=-3.211646 | E0=-1.04459004 | E1=-0.95758068|E2=-0.66330955|E3=-0.55125732
26-17-20-35 #-----------------------------------------#
26-17-20-35 [Step 277] logΨ: mean=3.531-0.436j | min=-0.358+0.019j | max=3.797+1.384j
26-17-20-35 梯度监控 | raw=8.4982 | per_param=0.2553 |  natural=0.0785 | clipped=0.0024(per_param上限10.0)
26-17-20-35 原始规范坐标 G(Re Σrow_mean) = +19.2028 | 累计|g| = 10.1514
26-17-20-35 Ψ矩阵条件数 cond(Ψ) = 1.81e+01
26-17-20-35 Loss=-3.215702 | E0=-1.04476994 | E1=-0.95679619|E2=-0.66300600|E3=-0.55091110
26-17-20-35 #-----------------------------------------#
26-17-20-35 [Step 278] logΨ: mean=3.583-0.415j | min=-4.001-1.211j | max=3.805+1.397j
26-17-20-35 梯度监控 | raw=8.3228 | per_param=0.2500 |  natural=0.3207 | clipped=0.0096(per_param上限10.0)
26-17-20-35 原始规范坐标 G(Re Σrow_mean) = +19.4435 | 累计|g| = 10.1514
26-17-20-35 Ψ矩阵条件数 cond(Ψ) = 1.93e+01
26-17-20-35 Loss=-3.209489 | E0=-1.04454628 | E1=-0.95661056|E2=-0.66328928|E3=-0.55081829
26-17-20-35 #-----------------------------------------#
26-17-20-35 [Step 279] logΨ: mean=3.685-0.496j | min=-1.592-2.635j | max=3.804+1.290j
26-17-20-35 梯度监控 | raw=6.6068 | per_param=0.1985 |  natural=0.0397 | clipped=0.0012(per_param上限10.0)
26-17-20-35 原始规范坐标 G(Re Σrow_mean) = +19.4959 | 累计|g| = 10.1514
26-17-20-35 Ψ矩阵条件数 cond(Ψ) = 1.82e+01
26-17-20-35 Loss=-3.210003 | E0=-1.04467040 | E1=-0.95625240|E2=-0.66395952|E3=-0.55082126
26-17-20-35 #-----------------------------------------#
26-17-20-35 [保存] Step 279 → pickle 文件已更新 (280 条记录)
26-17-20-35 [GaugeReset@280] 吸收 Δg = Σ Re(col_mean) = +19.4959 | 新|g| = 10.3740
26-17-20-35 [Step 280] logΨ: mean=3.099+0.030j | min=-1.999-1.376j | max=3.193+1.752j
26-17-20-35 梯度监控 | raw=5.7293 | per_param=0.1721 |  natural=0.0099 | clipped=0.0003(per_param上限10.0)
26-17-20-35 原始规范坐标 G(Re Σrow_mean) = +19.4813 | 累计|g| = 10.3740
26-17-20-35 Ψ矩阵条件数 cond(Ψ) = 2.43e+01
26-17-20-35 Loss=-3.215993 | E0=-1.04471847 | E1=-0.95670380|E2=-0.66386223|E3=-0.55065860
26-17-20-35 #-----------------------------------------#
26-17-20-35 [Step 281] logΨ: mean=2.971-0.139j | min=-3.945+2.155j | max=3.198+1.736j
26-17-20-35 梯度监控 | raw=6.1413 | per_param=0.1845 |  natural=0.0464 | clipped=0.0014(per_param上限10.0)
26-17-20-35 原始规范坐标 G(Re Σrow_mean) = +19.3419 | 累计|g| = 10.3740
26-17-20-35 Ψ矩阵条件数 cond(Ψ) = 2.37e+01
26-17-20-35 Loss=-3.214640 | E0=-1.04486304 | E1=-0.95671843|E2=-0.66369853|E3=-0.55044633
26-17-20-35 #-----------------------------------------#
26-17-20-35 [Step 282] logΨ: mean=2.469-0.258j | min=-3.177+1.514j | max=2.790+1.945j
26-17-20-35 梯度监控 | raw=11.8806 | per_param=0.3569 |  natural=0.2827 | clipped=0.0085(per_param上限10.0)
26-17-20-35 原始规范坐标 G(Re Σrow_mean) = +19.3005 | 累计|g| = 10.3740
26-17-20-35 Ψ矩阵条件数 cond(Ψ) = 2.88e+01
26-17-20-35 Loss=-3.214724 | E0=-1.04514907 | E1=-0.95580486|E2=-0.66842032|E3=-0.54954356
26-17-20-35 #-----------------------------------------#
26-17-20-35 [Step 283] logΨ: mean=2.253-0.771j | min=-3.325-2.175j | max=2.437+1.565j
26-17-20-35 梯度监控 | raw=16.8832 | per_param=0.5072 |  natural=0.0777 | clipped=0.0023(per_param上限10.0)
26-17-20-35 原始规范坐标 G(Re Σrow_mean) = +19.0378 | 累计|g| = 10.3740
26-17-20-35 Ψ矩阵条件数 cond(Ψ) = 1.99e+01
26-17-20-35 Loss=-3.190404 | E0=-1.04498573 | E1=-0.95556083|E2=-0.66738154|E3=-0.54965165
26-17-20-35 #-----------------------------------------#
26-17-20-35 [Step 284] logΨ: mean=1.998+0.265j | min=-2.583+2.654j | max=2.184+2.215j
26-17-20-35 梯度监控 | raw=17.1316 | per_param=0.5147 |  natural=0.1088 | clipped=0.0033(per_param上限10.0)
26-17-20-35 原始规范坐标 G(Re Σrow_mean) = +18.6853 | 累计|g| = 10.3740
26-17-20-35 Ψ矩阵条件数 cond(Ψ) = 1.82e+01
26-17-20-35 Loss=-3.195240 | E0=-1.04551382 | E1=-0.95565264|E2=-0.66640560|E3=-0.54793847
26-17-20-35 #-----------------------------------------#
26-17-20-35 [Step 285] logΨ: mean=2.064+0.399j | min=-3.604+2.505j | max=2.292+2.291j
26-17-20-35 梯度监控 | raw=9.5867 | per_param=0.2880 |  natural=0.0952 | clipped=0.0029(per_param上限10.0)
26-17-20-35 原始规范坐标 G(Re Σrow_mean) = +18.7776 | 累计|g| = 10.3740
26-17-20-35 Ψ矩阵条件数 cond(Ψ) = 1.83e+01
26-17-20-35 Loss=-3.201149 | E0=-1.04578987 | E1=-0.95598088|E2=-0.66597957|E3=-0.54607976
26-17-20-35 #-----------------------------------------#
26-17-20-35 [Step 286] logΨ: mean=2.241+0.542j | min=-1.809-0.885j | max=2.280+2.218j
26-17-20-35 梯度监控 | raw=1.3313 | per_param=0.0400 |  natural=0.0166 | clipped=0.0005(per_param上限10.0)
26-17-20-35 原始规范坐标 G(Re Σrow_mean) = +18.9164 | 累计|g| = 10.3740
26-17-20-35 Ψ矩阵条件数 cond(Ψ) = 1.81e+01
26-17-20-35 Loss=-3.210566 | E0=-1.04593989 | E1=-0.95562305|E2=-0.66566042|E3=-0.54546315
26-17-20-35 #-----------------------------------------#
26-17-20-35 [Step 287] logΨ: mean=2.196+0.491j | min=-3.063-0.856j | max=2.353+2.199j
26-17-20-35 梯度监控 | raw=8.2755 | per_param=0.2486 |  natural=0.0743 | clipped=0.0022(per_param上限10.0)
26-17-20-35 原始规范坐标 G(Re Σrow_mean) = +18.8015 | 累计|g| = 10.3740
26-17-20-35 Ψ矩阵条件数 cond(Ψ) = 1.87e+01
26-17-20-35 Loss=-3.205938 | E0=-1.04588121 | E1=-0.95537103|E2=-0.66488549|E3=-0.54639551
26-17-20-35 #-----------------------------------------#
26-17-20-35 [Step 288] logΨ: mean=2.235+0.605j | min=-3.970-0.986j | max=2.320+2.194j
26-17-20-35 梯度监控 | raw=1.4834 | per_param=0.0446 |  natural=0.0603 | clipped=0.0018(per_param上限10.0)
26-17-20-35 原始规范坐标 G(Re Σrow_mean) = +18.8292 | 累计|g| = 10.3740
26-17-20-35 Ψ矩阵条件数 cond(Ψ) = 1.83e+01
26-17-20-35 Loss=-3.207598 | E0=-1.04362447 | E1=-0.95572832|E2=-0.66471663|E3=-0.56538475
26-17-20-35 #-----------------------------------------#
26-17-20-35 【Step 289 告警】梯度异常！nan=False, raw_grad_norm=197.58
26-17-20-35 [Step 289] logΨ: mean=1.956+0.919j | min=-3.117+2.966j | max=2.277+2.341j
26-17-20-35 梯度监控 | raw=197.5784 | per_param=5.9357 |  natural=0.2374 | clipped=0.0071(per_param上限10.0)
26-17-20-35 原始规范坐标 G(Re Σrow_mean) = +18.4360 | 累计|g| = 10.3740
26-17-20-35 Ψ矩阵条件数 cond(Ψ) = 1.65e+01
26-17-20-35 Loss=-3.101437 | E0=-1.04339202 | E1=-0.95637804|E2=-0.66407222|E3=-0.55883681
26-17-20-35 #-----------------------------------------#
26-17-20-35 [GaugeReset@290] 吸收 Δg = Σ Re(col_mean) = +18.4360 | 新|g| = 9.8661
26-17-20-35 [Step 290] logΨ: mean=2.986+0.352j | min=-1.273+1.359j | max=3.191+1.637j
26-17-20-35 梯度监控 | raw=63.3336 | per_param=1.9027 |  natural=0.1375 | clipped=0.0041(per_param上限10.0)
26-17-20-35 原始规范坐标 G(Re Σrow_mean) = +18.4433 | 累计|g| = 9.8661
26-17-20-35 Ψ矩阵条件数 cond(Ψ) = 1.31e+01
26-17-20-35 Loss=-3.189377 | E0=-1.04431703 | E1=-0.95658228|E2=-0.66404043|E3=-0.55969718
26-17-20-35 #-----------------------------------------#
26-17-20-35 [Step 291] logΨ: mean=3.188+0.215j | min=-1.377-1.734j | max=3.316+1.659j
26-17-20-35 梯度监控 | raw=56.2670 | per_param=1.6904 |  natural=0.0299 | clipped=0.0009(per_param上限10.0)
26-17-20-35 原始规范坐标 G(Re Σrow_mean) = +18.6629 | 累计|g| = 9.8661
26-17-20-35 Ψ矩阵条件数 cond(Ψ) = 1.38e+01
26-17-20-35 Loss=-3.190311 | E0=-1.04440663 | E1=-0.95649438|E2=-0.66372886|E3=-0.55847057
26-17-20-35 #-----------------------------------------#
26-17-20-35 [Step 292] logΨ: mean=3.264-0.140j | min=-2.106+1.776j | max=3.434+1.636j
26-17-20-35 梯度监控 | raw=44.9261 | per_param=1.3497 |  natural=0.0623 | clipped=0.0019(per_param上限10.0)
26-17-20-35 原始规范坐标 G(Re Σrow_mean) = +18.7011 | 累计|g| = 9.8661
26-17-20-35 Ψ矩阵条件数 cond(Ψ) = 1.39e+01
26-17-20-35 Loss=-3.193424 | E0=-1.04453786 | E1=-0.95631221|E2=-0.66354415|E3=-0.55756356
26-17-20-35 #-----------------------------------------#
26-17-20-35 [Step 293] logΨ: mean=3.199-0.543j | min=-3.917+0.958j | max=3.383+1.527j
26-17-20-35 梯度监控 | raw=30.3566 | per_param=0.9120 |  natural=0.0985 | clipped=0.0030(per_param上限10.0)
26-17-20-35 原始规范坐标 G(Re Σrow_mean) = +18.5999 | 累计|g| = 9.8661
26-17-20-35 Ψ矩阵条件数 cond(Ψ) = 1.43e+01
26-17-20-35 Loss=-3.201155 | E0=-1.04468087 | E1=-0.95619595|E2=-0.66362023|E3=-0.55648750
26-17-20-35 #-----------------------------------------#
26-17-20-35 [Step 294] logΨ: mean=2.898-0.408j | min=-2.813+1.384j | max=3.204+1.476j
26-17-20-35 梯度监控 | raw=20.3782 | per_param=0.6122 |  natural=0.1667 | clipped=0.0050(per_param上限10.0)
26-17-20-35 原始规范坐标 G(Re Σrow_mean) = +18.2033 | 累计|g| = 9.8661
26-17-20-35 Ψ矩阵条件数 cond(Ψ) = 1.49e+01
26-17-20-35 Loss=-3.207582 | E0=-1.04477258 | E1=-0.95646299|E2=-0.66406707|E3=-0.55518756
26-17-20-35 #-----------------------------------------#
26-17-20-35 [Step 295] logΨ: mean=3.167-0.218j | min=-1.713+2.793j | max=3.319+1.458j
26-17-20-35 梯度监控 | raw=22.0762 | per_param=0.6632 |  natural=0.0729 | clipped=0.0022(per_param上限10.0)
26-17-20-35 原始规范坐标 G(Re Σrow_mean) = +18.4352 | 累计|g| = 9.8661
26-17-20-35 Ψ矩阵条件数 cond(Ψ) = 1.50e+01
26-17-20-35 Loss=-3.211079 | E0=-1.04475875 | E1=-0.95696207|E2=-0.66409269|E3=-0.55444224
26-17-20-35 #-----------------------------------------#
26-17-20-35 [Step 296] logΨ: mean=3.474-0.192j | min=-0.904+1.830j | max=3.504+1.490j
26-17-20-35 梯度监控 | raw=2.0254 | per_param=0.0608 |  natural=0.0133 | clipped=0.0004(per_param上限10.0)
26-17-20-35 原始规范坐标 G(Re Σrow_mean) = +18.6228 | 累计|g| = 9.8661
26-17-20-35 Ψ矩阵条件数 cond(Ψ) = 1.64e+01
26-17-20-35 Loss=-3.217668 | E0=-1.04472960 | E1=-0.95662450|E2=-0.66309743|E3=-0.55368590
26-17-20-35 #-----------------------------------------#
26-17-20-35 [Step 297] logΨ: mean=3.471-0.111j | min=-2.051-1.488j | max=3.618+1.404j
26-17-20-35 梯度监控 | raw=18.4903 | per_param=0.5555 |  natural=0.0590 | clipped=0.0018(per_param上限10.0)
26-17-20-35 原始规范坐标 G(Re Σrow_mean) = +18.5226 | 累计|g| = 9.8661
26-17-20-35 Ψ矩阵条件数 cond(Ψ) = 1.63e+01
26-17-20-35 Loss=-3.202934 | E0=-1.04485057 | E1=-0.95596103|E2=-0.66273262|E3=-0.55291093
26-17-20-35 #-----------------------------------------#
26-17-20-35 [Step 298] logΨ: mean=3.584+0.011j | min=-2.253-1.753j | max=3.740+1.395j
26-17-20-35 梯度监控 | raw=1.8494 | per_param=0.0556 |  natural=0.1056 | clipped=0.0032(per_param上限10.0)
26-17-20-35 原始规范坐标 G(Re Σrow_mean) = +18.6727 | 累计|g| = 9.8661
26-17-20-35 Ψ矩阵条件数 cond(Ψ) = 1.59e+01
26-17-20-35 Loss=-3.213004 | E0=-1.04478788 | E1=-0.95637406|E2=-0.66293334|E3=-0.55261353
26-17-20-35 #-----------------------------------------#
26-17-20-35 [Step 299] logΨ: mean=3.639-0.179j | min=-1.542+0.684j | max=3.829+1.303j
26-17-20-35 梯度监控 | raw=6.4245 | per_param=0.1930 |  natural=0.0952 | clipped=0.0029(per_param上限10.0)
26-17-20-35 原始规范坐标 G(Re Σrow_mean) = +18.7033 | 累计|g| = 9.8661
26-17-20-35 Ψ矩阵条件数 cond(Ψ) = 1.50e+01
26-17-20-35 Loss=-3.209663 | E0=-1.04488902 | E1=-0.95691919|E2=-0.66277553|E3=-0.55207152
26-17-20-35 #-----------------------------------------#
26-17-20-35 [保存] Step 299 → pickle 文件已更新 (300 条记录)
26-17-20-35 [GaugeReset@300] 吸收 Δg = Σ Re(col_mean) = +18.7033 | 新|g| = 9.9605
26-17-20-35 训练耗时：252.47 秒
26-17-20-35 
============================================================
26-17-20-35 训练完成!
26-17-20-35 ============================================================
26-17-20-35 [保存] 训练结束，pickle 最终写入 300 条记录 → ./data/26-09-17-20-31_history_natural_gradient_H2_molecule_K4.pkl
26-17-20-39 Loss 曲线已保存: ./日志/[Loss]26-09-17-20-31_loss_curve_gauge_reset_min120.png
26-17-20-39 logΨ mean 曲线已保存: ./日志/[logPsi]26-09-17-20-31_logPsi_mean_curve_gauge_reset_min120.png
26-17-20-39 Loss 曲线已保存: ./日志/[Loss]26-09-17-20-31_loss_curve_gauge_reset_min120.png
