26-28-10-18 
============================================================
26-28-10-18 开始多链 NES-VMC 训练 | P8: 双侧一致列规范 + 周期性 gauge reset
26-28-10-18 超参数配置:
N_CHAINS =16
N_SAMPLES_PER_CHAIN =200
SWEEP_SIZE = 20
N_ITER = 300
Natural_Grad = True
clip_norm = 20.0
lr = 0.1
qgt_diag_shift = 0.1
RESET_PERIOD = 10
SAVE_INTERVAL = 20
26-28-10-18 ============================================================
26-28-10-18 精确CAS基准：基态=-1.05434745 Ha | 1激发=-0.95790573 Ha|2激发=-0.66895227 Ha|3激发=-0.55140192 Ha|
26-28-10-18 理论 Loss 上限：-3.23260738 
26-28-10-18 超参：clip_norm=20.0, lr=0.1, QGT diag_shift=0.1, RESET_PERIOD=10
26-28-10-19 [Step   0] logΨ: mean=0.622-0.137j | min=-1.566+0.230j | max=1.204+2.181j
26-28-10-19 梯度监控 | raw=1.9865 | per_param=0.0719 |  natural=0.7921 | clipped=0.7921(上限20.0)
26-28-10-19 原始规范坐标 G(Re Σrow_mean) = -0.3168 | 累计|g| = 0.0000
26-28-10-19 Ψ矩阵条件数 cond(Ψ) = 8.76e+00
26-28-10-19 Loss=-0.687549 | E0=-0.65644238+0.00928192j | E1=-0.40155272-0.00017989j|E2=-0.13863875-0.00805518j|E3=0.50908487+0.00011387j
26-28-10-19 #-----------------------------------------#
26-28-10-19 [Step   1] logΨ: mean=1.006-0.253j | min=-1.442-3.119j | max=1.634+2.136j
26-28-10-19 梯度监控 | raw=2.0263 | per_param=0.0733 |  natural=0.8107 | clipped=0.8107(上限20.0)
26-28-10-19 原始规范坐标 G(Re Σrow_mean) = +0.0160 | 累计|g| = 0.0000
26-28-10-19 Ψ矩阵条件数 cond(Ψ) = 9.11e+00
26-28-10-19 Loss=-0.819549 | E0=-0.68272580-0.00110897j | E1=-0.45225945+0.00558003j|E2=-0.16585774-0.00202299j|E3=0.48129363-0.00016578j
26-28-10-19 #-----------------------------------------#
26-28-10-19 [Step   2] logΨ: mean=1.406-0.171j | min=-0.988-1.257j | max=2.061+2.131j
26-28-10-19 梯度监控 | raw=1.7788 | per_param=0.0644 |  natural=0.7847 | clipped=0.7847(上限20.0)
26-28-10-19 原始规范坐标 G(Re Σrow_mean) = +0.3454 | 累计|g| = 0.0000
26-28-10-19 Ψ矩阵条件数 cond(Ψ) = 1.00e+01
26-28-10-19 Loss=-1.002272 | E0=-0.71207310-0.00048721j | E1=-0.51106098+0.00582323j|E2=-0.21630813-0.00419767j|E3=0.43716995+0.00002941j
26-28-10-19 #-----------------------------------------#
26-28-10-19 [Step   3] logΨ: mean=1.840-0.194j | min=-0.416-0.108j | max=2.541+2.087j
26-28-10-19 梯度监控 | raw=1.6357 | per_param=0.0592 |  natural=0.7957 | clipped=0.7957(上限20.0)
26-28-10-19 原始规范坐标 G(Re Σrow_mean) = +0.7032 | 累计|g| = 0.0000
26-28-10-19 Ψ矩阵条件数 cond(Ψ) = 9.19e+00
26-28-10-19 Loss=-1.186964 | E0=-0.74614817+0.00339140j | E1=-0.56513400-0.00118010j|E2=-0.26901984-0.00681530j|E3=0.39333762+0.00160707j
26-28-10-19 #-----------------------------------------#
26-28-10-19 [Step   4] logΨ: mean=2.299-0.049j | min=-0.521+0.159j | max=3.022+2.042j
26-28-10-19 梯度监控 | raw=1.6192 | per_param=0.0586 |  natural=0.7920 | clipped=0.7920(上限20.0)
26-28-10-19 原始规范坐标 G(Re Σrow_mean) = +1.0885 | 累计|g| = 0.0000
26-28-10-19 Ψ矩阵条件数 cond(Ψ) = 9.30e+00
26-28-10-19 Loss=-1.366681 | E0=-0.77932370+0.00546690j | E1=-0.61507021-0.00487009j|E2=-0.32202585-0.00671148j|E3=0.34973923+0.00181595j
26-28-10-19 #-----------------------------------------#
26-28-10-19 [Step   5] logΨ: mean=2.746-0.057j | min=0.328-2.528j | max=3.485+1.998j
26-28-10-19 梯度监控 | raw=1.3899 | per_param=0.0503 |  natural=0.7696 | clipped=0.7696(上限20.0)
26-28-10-19 原始规范坐标 G(Re Σrow_mean) = +1.4699 | 累计|g| = 0.0000
26-28-10-19 Ψ矩阵条件数 cond(Ψ) = 6.86e+00
26-28-10-19 Loss=-1.481709 | E0=-0.82024836-0.00039065j | E1=-0.64901563-0.00858848j|E2=-0.35058489+0.00350876j|E3=0.33813951+0.00156088j
26-28-10-19 #-----------------------------------------#
26-28-10-19 [Step   6] logΨ: mean=3.176-0.059j | min=0.514-2.588j | max=3.934+1.955j
26-28-10-19 梯度监控 | raw=1.3489 | per_param=0.0488 |  natural=0.7404 | clipped=0.7404(上限20.0)
26-28-10-19 原始规范坐标 G(Re Σrow_mean) = +1.8549 | 累计|g| = 0.0000
26-28-10-19 Ψ矩阵条件数 cond(Ψ) = 8.85e+00
26-28-10-19 Loss=-1.590291 | E0=-0.84952917+0.00327589j | E1=-0.67715082-0.00437685j|E2=-0.37661078-0.00103522j|E3=0.31299939+0.00218253j
26-28-10-19 #-----------------------------------------#
26-28-10-19 [Step   7] logΨ: mean=3.671+0.018j | min=0.672+0.512j | max=4.387+1.914j
26-28-10-19 梯度监控 | raw=1.4266 | per_param=0.0516 |  natural=0.7234 | clipped=0.7234(上限20.0)
26-28-10-19 原始规范坐标 G(Re Σrow_mean) = +2.2687 | 累计|g| = 0.0000
26-28-10-19 Ψ矩阵条件数 cond(Ψ) = 1.07e+01
26-28-10-19 Loss=-1.743837 | E0=-0.88880824+0.00018435j | E1=-0.70655636+0.00468398j|E2=-0.41540504-0.00095786j|E3=0.26693304-0.00084719j
26-28-10-19 #-----------------------------------------#
26-28-10-19 [Step   8] logΨ: mean=4.119+0.130j | min=1.396+2.124j | max=4.828+2.213j
26-28-10-19 梯度监控 | raw=1.2729 | per_param=0.0461 |  natural=0.6784 | clipped=0.6784(上限20.0)
26-28-10-19 原始规范坐标 G(Re Σrow_mean) = +2.6541 | 累计|g| = 0.0000
26-28-10-19 Ψ矩阵条件数 cond(Ψ) = 8.50e+00
26-28-10-19 Loss=-1.826002 | E0=-0.91152866+0.00128860j | E1=-0.73238148+0.00396306j|E2=-0.42960605-0.00003421j|E3=0.24751424-0.00030346j
26-28-10-19 #-----------------------------------------#
26-28-10-19 [Step   9] logΨ: mean=4.632+0.063j | min=0.993+0.441j | max=5.320+2.047j
26-28-10-19 梯度监控 | raw=1.2407 | per_param=0.0449 |  natural=0.6599 | clipped=0.6599(上限20.0)
26-28-10-19 原始规范坐标 G(Re Σrow_mean) = +3.0749 | 累计|g| = 0.0000
26-28-10-19 Ψ矩阵条件数 cond(Ψ) = 8.95e+00
26-28-10-19 Loss=-1.968015 | E0=-0.92982307+0.00365838j | E1=-0.76114568-0.00212805j|E2=-0.47076011-0.00099422j|E3=0.19371371-0.00325615j
26-28-10-19 #-----------------------------------------#
26-28-10-19 [GaugeReset@10] 吸收 Δg = Σ Re(col_mean) = +3.0749 | 新|g| = 2.1026
26-28-10-19 [Step  10] logΨ: mean=1.981+0.085j | min=-1.248+2.870j | max=2.766+0.208j
26-28-10-19 梯度监控 | raw=1.3087 | per_param=0.0473 |  natural=0.6222 | clipped=0.6222(上限20.0)
26-28-10-19 原始规范坐标 G(Re Σrow_mean) = +3.4515 | 累计|g| = 2.1026
26-28-10-19 Ψ矩阵条件数 cond(Ψ) = 8.24e+00
26-28-10-19 Loss=-2.023338 | E0=-0.94942941-0.00133782j | E1=-0.77033935+0.00320145j|E2=-0.49303701+0.00150584j|E3=0.18946779-0.00034197j
26-28-10-19 #-----------------------------------------#
26-28-10-19 [Step  11] logΨ: mean=2.490+0.191j | min=-0.898+0.291j | max=3.278+0.174j
26-28-10-19 梯度监控 | raw=1.2399 | per_param=0.0449 |  natural=0.5932 | clipped=0.5932(上限20.0)
26-28-10-19 原始规范坐标 G(Re Σrow_mean) = +3.8517 | 累计|g| = 2.1026
26-28-10-19 Ψ矩阵条件数 cond(Ψ) = 3.76e+01
26-28-10-19 Loss=-2.131794 | E0=-0.96480531-0.00054041j | E1=-0.80232990+0.00153050j|E2=-0.51093414+0.00079554j|E3=0.14627519-0.00376328j
26-28-10-19 #-----------------------------------------#
26-28-10-19 [Step  12] logΨ: mean=2.951+0.114j | min=-0.978-1.300j | max=3.774+0.141j
26-28-10-19 梯度监控 | raw=1.2868 | per_param=0.0466 |  natural=0.5556 | clipped=0.5556(上限20.0)
26-28-10-19 原始规范坐标 G(Re Σrow_mean) = +4.2428 | 累计|g| = 2.1026
26-28-10-19 Ψ矩阵条件数 cond(Ψ) = 1.08e+01
26-28-10-19 Loss=-2.219965 | E0=-0.98259389+0.00281464j | E1=-0.81665410+0.00398517j|E2=-0.53188182-0.00267558j|E3=0.11116439-0.00236230j
26-28-10-19 #-----------------------------------------#
26-28-10-19 [Step  13] logΨ: mean=3.457-0.016j | min=-0.112+0.673j | max=4.301+0.118j
26-28-10-19 梯度监控 | raw=1.3673 | per_param=0.0495 |  natural=0.5559 | clipped=0.5559(上限20.0)
26-28-10-19 原始规范坐标 G(Re Σrow_mean) = +4.6428 | 累计|g| = 2.1026
26-28-10-19 Ψ矩阵条件数 cond(Ψ) = 1.02e+01
26-28-10-19 Loss=-2.292134 | E0=-0.99265002+0.00040472j | E1=-0.84161028+0.00680603j|E2=-0.53777945-0.00033129j|E3=0.07990547-0.00398456j
26-28-10-19 #-----------------------------------------#
26-28-10-19 [Step  14] logΨ: mean=3.948+0.065j | min=0.587+2.237j | max=4.840+0.105j
26-28-10-19 梯度监控 | raw=1.4066 | per_param=0.0509 |  natural=0.5423 | clipped=0.5423(上限20.0)
26-28-10-19 原始规范坐标 G(Re Σrow_mean) = +5.0571 | 累计|g| = 2.1026
26-28-10-19 Ψ矩阵条件数 cond(Ψ) = 1.16e+01
26-28-10-19 Loss=-2.333085 | E0=-0.99862131-0.00077437j | E1=-0.84097304-0.00293389j|E2=-0.54347952+0.00608051j|E3=0.04998902-0.00370404j
26-28-10-19 #-----------------------------------------#
26-28-10-19 [Step  15] logΨ: mean=4.441-0.062j | min=0.363+0.759j | max=5.315+0.092j
26-28-10-19 梯度监控 | raw=1.4616 | per_param=0.0529 |  natural=0.4873 | clipped=0.4873(上限20.0)
26-28-10-19 原始规范坐标 G(Re Σrow_mean) = +5.4377 | 累计|g| = 2.1026
26-28-10-19 Ψ矩阵条件数 cond(Ψ) = 1.20e+01
26-28-10-19 Loss=-2.422282 | E0=-1.00869269+0.00100289j | E1=-0.86393535-0.00354455j|E2=-0.56320046+0.00235789j|E3=0.01354639+0.00059257j
26-28-10-19 #-----------------------------------------#
26-28-10-19 [Step  16] logΨ: mean=4.965-0.092j | min=0.492-1.208j | max=5.855+0.097j
26-28-10-19 梯度监控 | raw=1.5974 | per_param=0.0578 |  natural=0.4965 | clipped=0.4965(上限20.0)
26-28-10-19 原始规范坐标 G(Re Σrow_mean) = +5.8656 | 累计|g| = 2.1026
26-28-10-19 Ψ矩阵条件数 cond(Ψ) = 1.14e+01
26-28-10-19 Loss=-2.490359 | E0=-1.01624787+0.00009885j | E1=-0.87478753+0.00663551j|E2=-0.56822274-0.00123002j|E3=-0.03110037-0.00046204j
26-28-10-19 #-----------------------------------------#
26-28-10-19 [Step  17] logΨ: mean=5.396-0.185j | min=1.895+1.808j | max=6.258+0.083j
26-28-10-19 梯度监控 | raw=1.5240 | per_param=0.0551 |  natural=0.4052 | clipped=0.4052(上限20.0)
26-28-10-19 原始规范坐标 G(Re Σrow_mean) = +6.1832 | 累计|g| = 2.1026
26-28-10-19 Ψ矩阵条件数 cond(Ψ) = 8.79e+00
26-28-10-19 Loss=-2.560001 | E0=-1.02327979+0.00138753j | E1=-0.89165840+0.00535681j|E2=-0.58305193+0.00001394j|E3=-0.06201071-0.00443885j
26-28-10-19 #-----------------------------------------#
26-28-10-19 [Step  18] logΨ: mean=5.888-0.446j | min=1.713+2.759j | max=6.741+0.108j
26-28-10-19 梯度监控 | raw=1.7322 | per_param=0.0627 |  natural=0.4318 | clipped=0.4318(上限20.0)
26-28-10-19 原始规范坐标 G(Re Σrow_mean) = +6.5529 | 累计|g| = 2.1026
26-28-10-19 Ψ矩阵条件数 cond(Ψ) = 1.66e+01
26-28-10-19 Loss=-2.610138 | E0=-1.02297276+0.00106002j | E1=-0.90243659-0.00196221j|E2=-0.58852448+0.00144014j|E3=-0.09620389+0.00408655j
26-28-10-19 #-----------------------------------------#
26-28-10-19 [Step  19] logΨ: mean=6.456-0.572j | min=1.770-1.312j | max=7.278+0.142j
26-28-10-19 梯度监控 | raw=1.7886 | per_param=0.0647 |  natural=0.4301 | clipped=0.4301(上限20.0)
26-28-10-19 原始规范坐标 G(Re Σrow_mean) = +6.9760 | 累计|g| = 2.1026
26-28-10-19 Ψ矩阵条件数 cond(Ψ) = 1.78e+01
26-28-10-19 Loss=-2.663619 | E0=-1.03222790-0.00138107j | E1=-0.90560529+0.00205017j|E2=-0.59139697+0.00233062j|E3=-0.13438883-0.00362935j
26-28-10-19 #-----------------------------------------#
26-28-10-19 [保存] Step 19 → pickle 文件已更新 (20 条记录)
26-28-10-19 [GaugeReset@20] 吸收 Δg = Σ Re(col_mean) = +6.9760 | 新|g| = 3.8854
26-28-10-19 [Step  20] logΨ: mean=3.015+0.857j | min=-1.172+2.525j | max=3.869+2.724j
26-28-10-19 梯度监控 | raw=1.8407 | per_param=0.0666 |  natural=0.3904 | clipped=0.3904(上限20.0)
26-28-10-19 原始规范坐标 G(Re Σrow_mean) = +7.3329 | 累计|g| = 3.8854
26-28-10-19 Ψ矩阵条件数 cond(Ψ) = 9.47e+00
26-28-10-19 Loss=-2.687478 | E0=-1.03027083+0.00078875j | E1=-0.90973992+0.00115282j|E2=-0.59350255+0.00062338j|E3=-0.15396442-0.00284925j
26-28-10-19 #-----------------------------------------#
26-28-10-19 [Step  21] logΨ: mean=3.502+0.788j | min=-0.928-1.528j | max=4.329+2.760j
26-28-10-19 梯度监控 | raw=1.9098 | per_param=0.0691 |  natural=0.3534 | clipped=0.3534(上限20.0)
26-28-10-19 原始规范坐标 G(Re Σrow_mean) = +7.6723 | 累计|g| = 3.8854
26-28-10-19 Ψ矩阵条件数 cond(Ψ) = 1.12e+01
26-28-10-19 Loss=-2.734300 | E0=-1.03572378-0.00040761j | E1=-0.91742883+0.00603860j|E2=-0.59694487-0.00361580j|E3=-0.18420249-0.00186932j
26-28-10-19 #-----------------------------------------#
26-28-10-19 [Step  22] logΨ: mean=3.946+0.753j | min=-0.590+0.434j | max=4.742+2.797j
26-28-10-19 梯度监控 | raw=1.9260 | per_param=0.0697 |  natural=0.3243 | clipped=0.3243(上限20.0)
26-28-10-19 原始规范坐标 G(Re Σrow_mean) = +7.9793 | 累计|g| = 3.8854
26-28-10-19 Ψ矩阵条件数 cond(Ψ) = 2.33e+01
26-28-10-19 Loss=-2.780543 | E0=-1.03857890+0.00229281j | E1=-0.92372047+0.00442681j|E2=-0.60361035-0.00298898j|E3=-0.21463303-0.00090121j
26-28-10-19 #-----------------------------------------#
26-28-10-19 [Step  23] logΨ: mean=4.443+1.036j | min=-0.940-0.871j | max=5.186+2.871j
26-28-10-19 梯度监控 | raw=2.0466 | per_param=0.0740 |  natural=0.3166 | clipped=0.3166(上限20.0)
26-28-10-19 原始规范坐标 G(Re Σrow_mean) = +8.3238 | 累计|g| = 3.8854
26-28-10-19 Ψ矩阵条件数 cond(Ψ) = 1.18e+01
26-28-10-19 Loss=-2.829747 | E0=-1.03815603+0.00117375j | E1=-0.92752267+0.00298729j|E2=-0.60761154-0.00249910j|E3=-0.25645682+0.00034706j
26-28-10-19 #-----------------------------------------#
26-28-10-19 [Step  24] logΨ: mean=4.948+1.134j | min=1.083-0.332j | max=5.594+2.916j
26-28-10-19 梯度监控 | raw=1.8979 | per_param=0.0687 |  natural=0.2836 | clipped=0.2836(上限20.0)
26-28-10-19 原始规范坐标 G(Re Σrow_mean) = +8.6623 | 累计|g| = 3.8854
26-28-10-19 Ψ矩阵条件数 cond(Ψ) = 1.57e+01
26-28-10-19 Loss=-2.895445 | E0=-1.04473998-0.00090957j | E1=-0.93403840+0.00032829j|E2=-0.61588137-0.00163332j|E3=-0.30078528+0.00142454j
26-28-10-19 #-----------------------------------------#
26-28-10-19 [Step  25] logΨ: mean=5.270+1.048j | min=0.296-1.728j | max=5.987+2.962j
26-28-10-19 梯度监控 | raw=2.2625 | per_param=0.0819 |  natural=0.2674 | clipped=0.2674(上限20.0)
26-28-10-19 原始规范坐标 G(Re Σrow_mean) = +8.9038 | 累计|g| = 3.8854
26-28-10-19 Ψ矩阵条件数 cond(Ψ) = 1.25e+01
26-28-10-19 Loss=-2.877405 | E0=-1.04349725+0.00069303j | E1=-0.93171318-0.00279797j|E2=-0.61254781+0.00212407j|E3=-0.28964718-0.00239126j
26-28-10-19 #-----------------------------------------#
26-28-10-19 [Step  26] logΨ: mean=5.841+1.123j | min=1.009+0.875j | max=6.420+3.011j
26-28-10-19 梯度监控 | raw=1.9933 | per_param=0.0721 |  natural=0.2611 | clipped=0.2611(上限20.0)
26-28-10-19 原始规范坐标 G(Re Σrow_mean) = +9.2843 | 累计|g| = 3.8854
26-28-10-19 Ψ矩阵条件数 cond(Ψ) = 1.27e+01
26-28-10-19 Loss=-2.956576 | E0=-1.04324258-0.00140621j | E1=-0.93519253-0.00187071j|E2=-0.61609714-0.00172027j|E3=-0.36204374+0.00273034j
26-28-10-19 #-----------------------------------------#
26-28-10-19 [Step  27] logΨ: mean=6.468-1.013j | min=1.288-0.879j | max=7.058+0.030j
26-28-10-19 梯度监控 | raw=2.0780 | per_param=0.0752 |  natural=0.3350 | clipped=0.3350(上限20.0)
26-28-10-19 原始规范坐标 G(Re Σrow_mean) = +9.7715 | 累计|g| = 3.8854
26-28-10-19 Ψ矩阵条件数 cond(Ψ) = 1.31e+01
26-28-10-19 Loss=-2.962287 | E0=-1.04360151+0.00053375j | E1=-0.93818432-0.00098588j|E2=-0.62051238-0.00106214j|E3=-0.35998902+0.00225474j
26-28-10-19 #-----------------------------------------#
26-28-10-19 [Step  28] logΨ: mean=7.084-1.210j | min=2.690-1.884j | max=7.581+0.215j
26-28-10-19 梯度监控 | raw=1.8271 | per_param=0.0661 |  natural=0.2725 | clipped=0.2725(上限20.0)
26-28-10-19 原始规范坐标 G(Re Σrow_mean) = +10.1939 | 累计|g| = 3.8854
26-28-10-19 Ψ矩阵条件数 cond(Ψ) = 1.60e+01
26-28-10-19 Loss=-3.005459 | E0=-1.04318196+0.00033024j | E1=-0.94181886-0.00348552j|E2=-0.62865286-0.00001788j|E3=-0.39180512+0.00466323j
26-28-10-19 #-----------------------------------------#
26-28-10-19 [Step  29] logΨ: mean=7.237-1.016j | min=2.903+2.940j | max=7.705+0.218j
26-28-10-19 梯度监控 | raw=1.7178 | per_param=0.0621 |  natural=0.2307 | clipped=0.2307(上限20.0)
26-28-10-19 原始规范坐标 G(Re Σrow_mean) = +10.2231 | 累计|g| = 3.8854
26-28-10-19 Ψ矩阵条件数 cond(Ψ) = 1.45e+01
26-28-10-19 Loss=-3.027924 | E0=-1.04796236+0.00001946j | E1=-0.94515832+0.00022809j|E2=-0.63440603-0.00014263j|E3=-0.40039688+0.00036814j
26-28-10-19 #-----------------------------------------#
26-28-10-19 [GaugeReset@30] 吸收 Δg = Σ Re(col_mean) = +10.2231 | 新|g| = 5.6108
26-28-10-19 [Step  30] logΨ: mean=4.477+0.847j | min=-0.846+0.636j | max=4.940+2.422j
26-28-10-19 梯度监控 | raw=1.6939 | per_param=0.0613 |  natural=0.2375 | clipped=0.2375(上限20.0)
26-28-10-19 原始规范坐标 G(Re Σrow_mean) = +10.6022 | 累计|g| = 5.6108
26-28-10-19 Ψ矩阵条件数 cond(Ψ) = 1.49e+01
26-28-10-19 Loss=-3.041953 | E0=-1.04784395-0.00103864j | E1=-0.94285786+0.00144310j|E2=-0.63224748-0.00068297j|E3=-0.41900348-0.00228547j
26-28-10-19 #-----------------------------------------#
26-28-10-19 [Step  31] logΨ: mean=5.003+1.164j | min=0.533-0.665j | max=5.340+2.625j
26-28-10-19 梯度监控 | raw=1.4157 | per_param=0.0512 |  natural=0.2185 | clipped=0.2185(上限20.0)
26-28-10-19 原始规范坐标 G(Re Σrow_mean) = +10.9332 | 累计|g| = 5.6108
26-28-10-19 Ψ矩阵条件数 cond(Ψ) = 4.02e+01
26-28-10-19 Loss=-3.088798 | E0=-1.04519124-0.00149943j | E1=-0.94637438-0.00077812j|E2=-0.63916224+0.00154864j|E3=-0.45807004+0.00394542j
26-28-10-19 #-----------------------------------------#
26-28-10-19 [Step  32] logΨ: mean=5.645+1.583j | min=-0.204+0.329j | max=6.081+3.105j
26-28-10-19 梯度监控 | raw=1.5721 | per_param=0.0569 |  natural=0.2694 | clipped=0.2694(上限20.0)
26-28-10-19 原始规范坐标 G(Re Σrow_mean) = +11.4976 | 累计|g| = 5.6108
26-28-10-19 Ψ矩阵条件数 cond(Ψ) = 1.27e+01
26-28-10-19 Loss=-3.067239 | E0=-1.04548116-0.00117826j | E1=-0.94606716+0.00191479j|E2=-0.63419112-0.00127818j|E3=-0.44149972+0.00241093j
26-28-10-19 #-----------------------------------------#
26-28-10-19 [Step  33] logΨ: mean=6.618-1.005j | min=-0.036+0.661j | max=6.954+0.557j
26-28-10-19 梯度监控 | raw=1.3537 | per_param=0.0490 |  natural=0.2363 | clipped=0.2363(上限20.0)
26-28-10-19 原始规范坐标 G(Re Σrow_mean) = +12.3006 | 累计|g| = 5.6108
26-28-10-19 Ψ矩阵条件数 cond(Ψ) = 1.53e+01
26-28-10-19 Loss=-3.100406 | E0=-1.04573713-0.00057721j | E1=-0.94685882+0.00001662j|E2=-0.63805850-0.00035191j|E3=-0.46975173+0.00277312j
26-28-10-19 #-----------------------------------------#
26-28-10-19 [Step  34] logΨ: mean=7.493+0.385j | min=3.177-2.081j | max=7.795+1.665j
26-28-10-19 梯度监控 | raw=1.0896 | per_param=0.0394 |  natural=0.1865 | clipped=0.1865(上限20.0)
26-28-10-19 原始规范坐标 G(Re Σrow_mean) = +13.0537 | 累计|g| = 5.6108
26-28-10-19 Ψ矩阵条件数 cond(Ψ) = 1.96e+01
26-28-10-19 Loss=-3.115104 | E0=-1.04807730-0.00173135j | E1=-0.94989046-0.00036377j|E2=-0.64387630-0.00105478j|E3=-0.47325978-0.00101314j
26-28-10-19 #-----------------------------------------#
26-28-10-19 [Step  35] logΨ: mean=7.871-0.253j | min=3.710-1.676j | max=8.145+1.446j
26-28-10-19 梯度监控 | raw=1.1683 | per_param=0.0423 |  natural=0.1543 | clipped=0.1543(上限20.0)
26-28-10-19 原始规范坐标 G(Re Σrow_mean) = +13.3597 | 累计|g| = 5.6108
26-28-10-19 Ψ矩阵条件数 cond(Ψ) = 1.95e+01
26-28-10-19 Loss=-3.120940 | E0=-1.04757074-0.00085737j | E1=-0.95015567-0.00138553j|E2=-0.64485293+0.00010489j|E3=-0.47836092-0.00033418j
26-28-10-19 #-----------------------------------------#
26-28-10-19 [Step  36] logΨ: mean=8.079-0.434j | min=2.340+0.315j | max=8.353+1.167j
26-28-10-19 梯度监控 | raw=0.9032 | per_param=0.0327 |  natural=0.1674 | clipped=0.1674(上限20.0)
26-28-10-19 原始规范坐标 G(Re Σrow_mean) = +13.4896 | 累计|g| = 5.6108
26-28-10-19 Ψ矩阵条件数 cond(Ψ) = 4.49e+01
26-28-10-19 Loss=-3.130024 | E0=-1.04845659-0.00089043j | E1=-0.95047438+0.00154939j|E2=-0.64495954-0.00119874j|E3=-0.48613365-0.00069655j
26-28-10-19 #-----------------------------------------#
26-28-10-19 [Step  37] logΨ: mean=7.834-0.680j | min=2.447-1.934j | max=8.131+0.337j
26-28-10-19 梯度监控 | raw=1.1122 | per_param=0.0402 |  natural=0.2040 | clipped=0.2040(上限20.0)
26-28-10-19 原始规范坐标 G(Re Σrow_mean) = +13.1398 | 累计|g| = 5.6108
26-28-10-19 Ψ矩阵条件数 cond(Ψ) = 2.38e+01
26-28-10-19 Loss=-3.124222 | E0=-1.04865911-0.00154638j | E1=-0.94792297-0.00076197j|E2=-0.64274530-0.00058564j|E3=-0.48489471-0.00101522j
26-28-10-19 #-----------------------------------------#
26-28-10-19 [Step  38] logΨ: mean=7.027+0.679j | min=2.522+2.921j | max=7.229+3.019j
26-28-10-19 梯度监控 | raw=0.7486 | per_param=0.0271 |  natural=0.2041 | clipped=0.2041(上限20.0)
26-28-10-19 原始规范坐标 G(Re Σrow_mean) = +12.2179 | 累计|g| = 5.6108
26-28-10-19 Ψ矩阵条件数 cond(Ψ) = 2.01e+01
26-28-10-19 Loss=-3.148478 | E0=-1.04564695+0.00048352j | E1=-0.95117240+0.00033158j|E2=-0.64900627-0.00071972j|E3=-0.50265285+0.00104285j
26-28-10-19 #-----------------------------------------#
26-28-10-19 [Step  39] logΨ: mean=6.264-1.286j | min=-0.138+1.185j | max=6.477+0.321j
26-28-10-19 梯度监控 | raw=0.8295 | per_param=0.0300 |  natural=0.2181 | clipped=0.2181(上限20.0)
26-28-10-19 原始规范坐标 G(Re Σrow_mean) = +11.3660 | 累计|g| = 5.6108
26-28-10-19 Ψ矩阵条件数 cond(Ψ) = 2.55e+01
26-28-10-19 Loss=-3.150238 | E0=-1.04566543+0.00076251j | E1=-0.95024490+0.00070754j|E2=-0.64918738+0.00149325j|E3=-0.50514026+0.00159603j
26-28-10-19 #-----------------------------------------#
26-28-10-19 [保存] Step 39 → pickle 文件已更新 (40 条记录)
26-28-10-19 [GaugeReset@40] 吸收 Δg = Σ Re(col_mean) = +11.3660 | 新|g| = 7.2337
26-28-10-19 [Step  40] logΨ: mean=4.660+0.258j | min=-0.082-1.541j | max=4.835+1.877j
26-28-10-19 梯度监控 | raw=0.7087 | per_param=0.0256 |  natural=0.1555 | clipped=0.1555(上限20.0)
26-28-10-19 原始规范坐标 G(Re Σrow_mean) = +10.8078 | 累计|g| = 7.2337
26-28-10-19 Ψ矩阵条件数 cond(Ψ) = 2.87e+01
26-28-10-19 Loss=-3.161470 | E0=-1.04781261-0.00108966j | E1=-0.95020584-0.00047072j|E2=-0.64984449-0.00020304j|E3=-0.51360693-0.00057909j
26-28-10-19 #-----------------------------------------#
26-28-10-19 [Step  41] logΨ: mean=4.835+0.194j | min=0.471+0.600j | max=5.049+1.923j
26-28-10-19 梯度监控 | raw=0.7408 | per_param=0.0268 |  natural=0.1860 | clipped=0.1860(上限20.0)
26-28-10-19 原始规范坐标 G(Re Σrow_mean) = +10.9704 | 累计|g| = 7.2337
26-28-10-19 Ψ矩阵条件数 cond(Ψ) = 2.63e+01
26-28-10-19 Loss=-3.153813 | E0=-1.04577114+0.00033315j | E1=-0.95196228+0.00054368j|E2=-0.65022886-0.00075080j|E3=-0.50585120+0.00104877j
26-28-10-19 #-----------------------------------------#
26-28-10-19 [Step  42] logΨ: mean=4.392+0.864j | min=-1.531+2.328j | max=4.641+2.061j
26-28-10-19 梯度监控 | raw=0.9695 | per_param=0.0351 |  natural=0.1983 | clipped=0.1983(上限20.0)
26-28-10-19 原始规范坐标 G(Re Σrow_mean) = +10.4550 | 累计|g| = 7.2337
26-28-10-19 Ψ矩阵条件数 cond(Ψ) = 3.15e+01
26-28-10-19 Loss=-3.152349 | E0=-1.04647124+0.00093315j | E1=-0.94761313+0.00217474j|E2=-0.65148596+0.00054220j|E3=-0.50677821+0.00064917j
26-28-10-19 #-----------------------------------------#
26-28-10-19 [Step  43] logΨ: mean=4.722+0.243j | min=0.124-1.455j | max=4.834+2.156j
26-28-10-19 梯度监控 | raw=0.3406 | per_param=0.0123 |  natural=0.1210 | clipped=0.1210(上限20.0)
26-28-10-19 原始规范坐标 G(Re Σrow_mean) = +10.7260 | 累计|g| = 7.2337
26-28-10-19 Ψ矩阵条件数 cond(Ψ) = 3.14e+01
26-28-10-19 Loss=-3.176150 | E0=-1.04768026-0.00094755j | E1=-0.95203085+0.00003555j|E2=-0.65433589+0.00059460j|E3=-0.52210336+0.00001395j
26-28-10-19 #-----------------------------------------#
26-28-10-19 [Step  44] logΨ: mean=4.808+0.350j | min=-0.141+1.980j | max=4.923+2.255j
26-28-10-19 梯度监控 | raw=0.3850 | per_param=0.0139 |  natural=0.0933 | clipped=0.0933(上限20.0)
26-28-10-19 原始规范坐标 G(Re Σrow_mean) = +10.8054 | 累计|g| = 7.2337
26-28-10-19 Ψ矩阵条件数 cond(Ψ) = 3.14e+01
26-28-10-19 Loss=-3.174406 | E0=-1.04783704-0.00038164j | E1=-0.95203834-0.00020977j|E2=-0.65476898+0.00010012j|E3=-0.51976150-0.00032771j
26-28-10-19 #-----------------------------------------#
26-28-10-19 [Step  45] logΨ: mean=4.331+0.374j | min=-1.256-1.423j | max=4.491+2.252j
26-28-10-19 梯度监控 | raw=0.5271 | per_param=0.0191 |  natural=0.1161 | clipped=0.1161(上限20.0)
26-28-10-19 原始规范坐标 G(Re Σrow_mean) = +10.3192 | 累计|g| = 7.2337
26-28-10-19 Ψ矩阵条件数 cond(Ψ) = 3.44e+01
26-28-10-19 Loss=-3.169520 | E0=-1.04641908-0.00139282j | E1=-0.95181972+0.00017050j|E2=-0.65286146-0.00093652j|E3=-0.51841996-0.00087396j
26-28-10-19 #-----------------------------------------#
26-28-10-19 [Step  46] logΨ: mean=4.564+0.810j | min=-0.461+2.583j | max=4.746+2.206j
26-28-10-19 梯度监控 | raw=0.4619 | per_param=0.0167 |  natural=0.1499 | clipped=0.1499(上限20.0)
26-28-10-19 原始规范坐标 G(Re Σrow_mean) = +10.6069 | 累计|g| = 7.2337
26-28-10-19 Ψ矩阵条件数 cond(Ψ) = 3.49e+01
26-28-10-19 Loss=-3.168672 | E0=-1.04942240+0.00006611j | E1=-0.95199151-0.00002467j|E2=-0.65128948-0.00186594j|E3=-0.51596879-0.00017965j
26-28-10-19 #-----------------------------------------#
26-28-10-19 [Step  47] logΨ: mean=4.715+0.210j | min=-0.904+2.172j | max=4.816+2.260j
26-28-10-19 梯度监控 | raw=0.2702 | per_param=0.0098 |  natural=0.1232 | clipped=0.1232(上限20.0)
26-28-10-19 原始规范坐标 G(Re Σrow_mean) = +10.7460 | 累计|g| = 7.2337
26-28-10-19 Ψ矩阵条件数 cond(Ψ) = 3.20e+01
26-28-10-19 Loss=-3.179721 | E0=-1.04811888-0.00043772j | E1=-0.95201807-0.00029460j|E2=-0.65436685+0.00033498j|E3=-0.52521687+0.00023454j
26-28-10-19 #-----------------------------------------#
26-28-10-19 [Step  48] logΨ: mean=5.115+0.941j | min=-1.392-0.453j | max=5.254+2.302j
26-28-10-19 梯度监控 | raw=0.6190 | per_param=0.0224 |  natural=0.2063 | clipped=0.2063(上限20.0)
26-28-10-19 原始规范坐标 G(Re Σrow_mean) = +11.1770 | 累计|g| = 7.2337
26-28-10-19 Ψ矩阵条件数 cond(Ψ) = 2.50e+01
26-28-10-19 Loss=-3.176711 | E0=-1.04614651+0.00345748j | E1=-0.95261618+0.00007265j|E2=-0.65449487+0.00026821j|E3=-0.52345329+0.00122838j
26-28-10-19 #-----------------------------------------#
26-28-10-19 [Step  49] logΨ: mean=4.755+0.195j | min=-0.863-0.719j | max=4.911+2.143j
26-28-10-19 梯度监控 | raw=0.9141 | per_param=0.0331 |  natural=0.1382 | clipped=0.1382(上限20.0)
26-28-10-19 原始规范坐标 G(Re Σrow_mean) = +10.7565 | 累计|g| = 7.2337
26-28-10-19 Ψ矩阵条件数 cond(Ψ) = 2.84e+01
26-28-10-19 Loss=-3.169244 | E0=-1.04842808-0.00080170j | E1=-0.94646140-0.00013260j|E2=-0.65293749+0.00028023j|E3=-0.52141701-0.00037039j
26-28-10-19 #-----------------------------------------#
26-28-10-19 [GaugeReset@50] 吸收 Δg = Σ Re(col_mean) = +10.7565 | 新|g| = 7.0435
26-28-10-19 [Step  50] logΨ: mean=5.052-0.153j | min=0.203-1.750j | max=5.160+1.866j
26-28-10-19 梯度监控 | raw=0.4374 | per_param=0.0158 |  natural=0.1113 | clipped=0.1113(上限20.0)
26-28-10-19 原始规范坐标 G(Re Σrow_mean) = +10.4192 | 累计|g| = 7.0435
26-28-10-19 Ψ矩阵条件数 cond(Ψ) = 2.96e+01
26-28-10-19 Loss=-3.179529 | E0=-1.04700015-0.00043065j | E1=-0.95003909-0.00016084j|E2=-0.65519306+0.00097478j|E3=-0.52729647-0.00027584j
26-28-10-19 #-----------------------------------------#
26-28-10-19 [Step  51] logΨ: mean=4.898-0.271j | min=0.569-0.164j | max=4.988+1.872j
26-28-10-19 梯度监控 | raw=0.8798 | per_param=0.0318 |  natural=0.1101 | clipped=0.1101(上限20.0)
26-28-10-19 原始规范坐标 G(Re Σrow_mean) = +10.1805 | 累计|g| = 7.0435
26-28-10-19 Ψ矩阵条件数 cond(Ψ) = 3.27e+01
26-28-10-19 Loss=-3.178342 | E0=-1.04606990-0.00092944j | E1=-0.94756546-0.00073803j|E2=-0.65571010+0.00148202j|E3=-0.52899634-0.00023016j
26-28-10-19 #-----------------------------------------#
26-28-10-19 [Step  52] logΨ: mean=4.618+0.119j | min=0.503+2.276j | max=4.770+1.912j
26-28-10-19 梯度监控 | raw=0.5898 | per_param=0.0213 |  natural=0.1075 | clipped=0.1075(上限20.0)
26-28-10-19 原始规范坐标 G(Re Σrow_mean) = +9.9311 | 累计|g| = 7.0435
26-28-10-19 Ψ矩阵条件数 cond(Ψ) = 3.37e+01
26-28-10-19 Loss=-3.176249 | E0=-1.04684994-0.00071207j | E1=-0.95199288+0.00015333j|E2=-0.65352467-0.00145413j|E3=-0.52388104-0.00041573j
26-28-10-19 #-----------------------------------------#
26-28-10-19 [Step  53] logΨ: mean=4.605+0.697j | min=-0.432-2.910j | max=4.682+2.072j
26-28-10-19 梯度监控 | raw=0.4749 | per_param=0.0172 |  natural=0.1569 | clipped=0.1569(上限20.0)
26-28-10-19 原始规范坐标 G(Re Σrow_mean) = +9.8534 | 累计|g| = 7.0435
26-28-10-19 Ψ矩阵条件数 cond(Ψ) = 3.30e+01
26-28-10-19 Loss=-3.183973 | E0=-1.04524591+0.00129355j | E1=-0.95174424+0.00035676j|E2=-0.65681543+0.00019967j|E3=-0.53016699+0.00022082j
26-28-10-19 #-----------------------------------------#
26-28-10-19 [Step  54] logΨ: mean=4.568+0.207j | min=-0.639-1.332j | max=4.666+2.050j
26-28-10-19 梯度监控 | raw=0.6444 | per_param=0.0233 |  natural=0.1047 | clipped=0.1047(上限20.0)
26-28-10-19 原始规范坐标 G(Re Σrow_mean) = +9.8097 | 累计|g| = 7.0435
26-28-10-19 Ψ矩阵条件数 cond(Ψ) = 3.41e+01
26-28-10-19 Loss=-3.181296 | E0=-1.04582985-0.00137613j | E1=-0.95049211-0.00012960j|E2=-0.65487081-0.00028527j|E3=-0.53010318-0.00002086j
26-28-10-19 #-----------------------------------------#
26-28-10-19 [Step  55] logΨ: mean=4.477+0.701j | min=0.275+0.221j | max=4.522+2.220j
26-28-10-19 梯度监控 | raw=0.1371 | per_param=0.0050 |  natural=0.0631 | clipped=0.0631(上限20.0)
26-28-10-19 原始规范坐标 G(Re Σrow_mean) = +9.6962 | 累计|g| = 7.0435
26-28-10-19 Ψ矩阵条件数 cond(Ψ) = 3.59e+01
26-28-10-19 Loss=-3.186954 | E0=-1.04563801-0.00026000j | E1=-0.95139977-0.00027396j|E2=-0.65680555+0.00100721j|E3=-0.53311046+0.00012664j
26-28-10-19 #-----------------------------------------#
26-28-10-19 [Step  56] logΨ: mean=3.894+1.772j | min=-2.099+1.957j | max=3.996+2.634j
26-28-10-19 梯度监控 | raw=0.3839 | per_param=0.0139 |  natural=0.1555 | clipped=0.1555(上限20.0)
26-28-10-19 原始规范坐标 G(Re Σrow_mean) = +9.1531 | 累计|g| = 7.0435
26-28-10-19 Ψ矩阵条件数 cond(Ψ) = 4.03e+01
26-28-10-19 Loss=-3.182721 | E0=-1.04661599+0.00186389j | E1=-0.95163857+0.00002722j|E2=-0.65563810-0.00003903j|E3=-0.52882837+0.00033749j
26-28-10-19 #-----------------------------------------#
26-28-10-19 [Step  57] logΨ: mean=3.900+1.065j | min=-1.846-1.680j | max=4.005+2.531j
26-28-10-19 梯度监控 | raw=1.2942 | per_param=0.0468 |  natural=0.0941 | clipped=0.0941(上限20.0)
26-28-10-19 原始规范坐标 G(Re Σrow_mean) = +9.1839 | 累计|g| = 7.0435
26-28-10-19 Ψ矩阵条件数 cond(Ψ) = 3.87e+01
26-28-10-19 Loss=-3.182775 | E0=-1.04856802-0.00109567j | E1=-0.95041172-0.00010614j|E2=-0.65342562+0.00036735j|E3=-0.53036938+0.00016220j
26-28-10-19 #-----------------------------------------#
26-28-10-19 [Step  58] logΨ: mean=3.950+0.945j | min=-0.220+0.370j | max=4.059+2.456j
26-28-10-19 梯度监控 | raw=3.4900 | per_param=0.1263 |  natural=0.0579 | clipped=0.0579(上限20.0)
26-28-10-19 原始规范坐标 G(Re Σrow_mean) = +9.2013 | 累计|g| = 7.0435
26-28-10-19 Ψ矩阵条件数 cond(Ψ) = 3.65e+01
26-28-10-19 Loss=-3.177339 | E0=-1.04553102-0.00062410j | E1=-0.94796192-0.00124019j|E2=-0.65120531+0.00143643j|E3=-0.53264027+0.00028774j
26-28-10-19 #-----------------------------------------#
26-28-10-19 [Step  59] logΨ: mean=4.143+1.225j | min=-1.958-2.714j | max=4.262+2.856j
26-28-10-19 梯度监控 | raw=1.5597 | per_param=0.0564 |  natural=0.2643 | clipped=0.2643(上限20.0)
26-28-10-19 原始规范坐标 G(Re Σrow_mean) = +9.3828 | 累计|g| = 7.0435
26-28-10-19 Ψ矩阵条件数 cond(Ψ) = 3.26e+01
26-28-10-19 Loss=-3.179292 | E0=-1.04545489+0.00412280j | E1=-0.95131614+0.00000256j|E2=-0.65376006-0.00002756j|E3=-0.52876058+0.00066700j
26-28-10-19 #-----------------------------------------#
26-28-10-19 [保存] Step 59 → pickle 文件已更新 (60 条记录)
26-28-10-19 [GaugeReset@60] 吸收 Δg = Σ Re(col_mean) = +9.3828 | 新|g| = 6.9761
26-28-10-19 [Step  60] logΨ: mean=5.066+0.499j | min=0.643+3.056j | max=5.132+2.083j
26-28-10-19 梯度监控 | raw=0.6445 | per_param=0.0233 |  natural=0.0878 | clipped=0.0878(上限20.0)
26-28-10-19 原始规范坐标 G(Re Σrow_mean) = +8.8953 | 累计|g| = 6.9761
26-28-10-19 Ψ矩阵条件数 cond(Ψ) = 2.85e+01
26-28-10-19 Loss=-3.184668 | E0=-1.04627908-0.00059035j | E1=-0.95161450+0.00057376j|E2=-0.65477951+0.00039010j|E3=-0.53199503-0.00006845j
26-28-10-19 #-----------------------------------------#
26-28-10-19 [Step  61] logΨ: mean=4.986+0.019j | min=-1.621-1.813j | max=5.085+1.954j
26-28-10-19 梯度监控 | raw=3.3476 | per_param=0.1211 |  natural=0.0801 | clipped=0.0801(上限20.0)
26-28-10-19 原始规范坐标 G(Re Σrow_mean) = +8.8879 | 累计|g| = 6.9761
26-28-10-19 Ψ矩阵条件数 cond(Ψ) = 2.64e+01
26-28-10-19 Loss=-3.174682 | E0=-1.04693213-0.00110035j | E1=-0.94737756-0.00070019j|E2=-0.65006395+0.00037370j|E3=-0.53030877-0.00004894j
26-28-10-19 #-----------------------------------------#
26-28-10-19 [Step  62] logΨ: mean=5.053+0.099j | min=0.798+2.904j | max=5.122+1.923j
26-28-10-19 梯度监控 | raw=0.2817 | per_param=0.0102 |  natural=0.0553 | clipped=0.0553(上限20.0)
26-28-10-19 原始规范坐标 G(Re Σrow_mean) = +8.9594 | 累计|g| = 6.9761
26-28-10-19 Ψ矩阵条件数 cond(Ψ) = 2.54e+01
26-28-10-19 Loss=-3.186476 | E0=-1.04678106-0.00016566j | E1=-0.95288746+0.00079012j|E2=-0.65485815-0.00032770j|E3=-0.53194889-0.00025010j
26-28-10-19 #-----------------------------------------#
26-28-10-19 [Step  63] logΨ: mean=5.044+0.217j | min=1.069-2.588j | max=5.128+1.832j
26-28-10-19 梯度监控 | raw=1.3962 | per_param=0.0505 |  natural=0.0559 | clipped=0.0559(上限20.0)
26-28-10-19 原始规范坐标 G(Re Σrow_mean) = +8.9632 | 累计|g| = 6.9761
26-28-10-19 Ψ矩阵条件数 cond(Ψ) = 2.46e+01
26-28-10-19 Loss=-3.183956 | E0=-1.04538992-0.00012170j | E1=-0.95109367-0.00017365j|E2=-0.65500005+0.00028875j|E3=-0.53247215-0.00026729j
26-28-10-19 #-----------------------------------------#
26-28-10-19 [Step  64] logΨ: mean=5.096-0.235j | min=-0.787+1.923j | max=5.260+1.799j
26-28-10-19 梯度监控 | raw=4.6729 | per_param=0.1691 |  natural=0.1429 | clipped=0.1429(上限20.0)
26-28-10-19 原始规范坐标 G(Re Σrow_mean) = +9.0593 | 累计|g| = 6.9761
26-28-10-19 Ψ矩阵条件数 cond(Ψ) = 2.32e+01
26-28-10-19 Loss=-3.171778 | E0=-1.04730615-0.00083894j | E1=-0.95127221+0.00068632j|E2=-0.64263555-0.00159277j|E3=-0.53056394-0.00019977j
26-28-10-19 #-----------------------------------------#
26-28-10-19 [Step  65] logΨ: mean=5.310-0.110j | min=0.024-1.918j | max=5.383+1.777j
26-28-10-19 梯度监控 | raw=0.4399 | per_param=0.0159 |  natural=0.0911 | clipped=0.0911(上限20.0)
26-28-10-19 原始规范坐标 G(Re Σrow_mean) = +9.2079 | 累计|g| = 6.9761
26-28-10-19 Ψ矩阵条件数 cond(Ψ) = 2.23e+01
26-28-10-19 Loss=-3.184198 | E0=-1.04564718-0.00065554j | E1=-0.95267501+0.00037785j|E2=-0.65314490+0.00007614j|E3=-0.53273059-0.00032998j
26-28-10-19 #-----------------------------------------#
26-28-10-19 [Step  66] logΨ: mean=5.227+0.011j | min=0.319+2.963j | max=5.363+1.995j
26-28-10-19 梯度监控 | raw=0.6238 | per_param=0.0226 |  natural=0.1733 | clipped=0.1733(上限20.0)
26-28-10-19 原始规范坐标 G(Re Σrow_mean) = +9.2200 | 累计|g| = 6.9761
26-28-10-19 Ψ矩阵条件数 cond(Ψ) = 1.96e+01
26-28-10-19 Loss=-3.184834 | E0=-1.04740568+0.00238610j | E1=-0.95308857+0.00059616j|E2=-0.65393537-0.00053979j|E3=-0.53040389-0.00013365j
26-28-10-19 #-----------------------------------------#
26-28-10-19 [Step  67] logΨ: mean=5.244+0.598j | min=-0.187+1.819j | max=5.338+1.942j
26-28-10-19 梯度监控 | raw=2.7612 | per_param=0.0999 |  natural=0.0635 | clipped=0.0635(上限20.0)
26-28-10-19 原始规范坐标 G(Re Σrow_mean) = +9.2315 | 累计|g| = 6.9761
26-28-10-19 Ψ矩阵条件数 cond(Ψ) = 1.92e+01
26-28-10-19 Loss=-3.184354 | E0=-1.04579111-0.00030057j | E1=-0.95142303-0.00011655j|E2=-0.65407622+0.00009783j|E3=-0.53306316-0.00008159j
26-28-10-19 #-----------------------------------------#
26-28-10-20 [Step  68] logΨ: mean=5.176+0.043j | min=-1.975-0.808j | max=5.249+2.061j
26-28-10-20 梯度监控 | raw=1.3984 | per_param=0.0506 |  natural=0.0947 | clipped=0.0947(上限20.0)
26-28-10-20 原始规范坐标 G(Re Σrow_mean) = +9.2143 | 累计|g| = 6.9761
26-28-10-20 Ψ矩阵条件数 cond(Ψ) = 1.75e+01
26-28-10-20 Loss=-3.188030 | E0=-1.04825697+0.00040154j | E1=-0.95212847+0.00011809j|E2=-0.65437896-0.00024319j|E3=-0.53326592-0.00012899j
26-28-10-20 #-----------------------------------------#
26-28-10-20 [Step  69] logΨ: mean=5.208+0.433j | min=1.120-0.452j | max=5.316+2.077j
26-28-10-20 梯度监控 | raw=0.2284 | per_param=0.0083 |  natural=0.0747 | clipped=0.0747(上限20.0)
26-28-10-20 原始规范坐标 G(Re Σrow_mean) = +9.2257 | 累计|g| = 6.9761
26-28-10-20 Ψ矩阵条件数 cond(Ψ) = 1.78e+01
26-28-10-20 Loss=-3.185251 | E0=-1.04448372-0.00067880j | E1=-0.95238694-0.00033220j|E2=-0.65621799+0.00018984j|E3=-0.53216190+0.00012212j
26-28-10-20 #-----------------------------------------#
26-28-10-20 [GaugeReset@70] 吸收 Δg = Σ Re(col_mean) = +9.2257 | 新|g| = 6.9996
26-28-10-20 [Step  70] logΨ: mean=5.362+0.093j | min=-1.212-1.308j | max=5.509+2.097j
26-28-10-20 梯度监控 | raw=1.2869 | per_param=0.0466 |  natural=0.0775 | clipped=0.0775(上限20.0)
26-28-10-20 原始规范坐标 G(Re Σrow_mean) = +9.2206 | 累计|g| = 6.9996
26-28-10-20 Ψ矩阵条件数 cond(Ψ) = 1.80e+01
26-28-10-20 Loss=-3.184608 | E0=-1.04531736-0.00071834j | E1=-0.95245895-0.00067565j|E2=-0.65456042-0.00030611j|E3=-0.53227142+0.00000691j
26-28-10-20 #-----------------------------------------#
26-28-10-20 [Step  71] logΨ: mean=5.149-0.071j | min=0.850-3.107j | max=5.299+2.051j
26-28-10-20 梯度监控 | raw=0.9901 | per_param=0.0358 |  natural=0.0799 | clipped=0.0799(上限20.0)
26-28-10-20 原始规范坐标 G(Re Σrow_mean) = +9.0120 | 累计|g| = 6.9996
26-28-10-20 Ψ矩阵条件数 cond(Ψ) = 1.80e+01
26-28-10-20 Loss=-3.186660 | E0=-1.04603365-0.00072353j | E1=-0.95148752+0.00061581j|E2=-0.65492118-0.00099436j|E3=-0.53421765-0.00028541j
26-28-10-20 #-----------------------------------------#
26-28-10-20 [Step  72] logΨ: mean=5.305+0.666j | min=1.125+0.858j | max=5.356+2.035j
26-28-10-20 梯度监控 | raw=0.5881 | per_param=0.0213 |  natural=0.0500 | clipped=0.0500(上限20.0)
26-28-10-20 原始规范坐标 G(Re Σrow_mean) = +9.1181 | 累计|g| = 6.9996
26-28-10-20 Ψ矩阵条件数 cond(Ψ) = 1.84e+01
26-28-10-20 Loss=-3.187605 | E0=-1.04566930-0.00045568j | E1=-0.95198535-0.00001360j|E2=-0.65615259+0.00033724j|E3=-0.53379788-0.00004417j
26-28-10-20 #-----------------------------------------#
26-28-10-20 [Step  73] logΨ: mean=5.362+0.565j | min=1.134-3.024j | max=5.496+2.049j
26-28-10-20 梯度监控 | raw=0.7136 | per_param=0.0258 |  natural=0.1021 | clipped=0.1021(上限20.0)
26-28-10-20 原始规范坐标 G(Re Σrow_mean) = +9.1702 | 累计|g| = 6.9996
26-28-10-20 Ψ矩阵条件数 cond(Ψ) = 1.68e+01
26-28-10-20 Loss=-3.185180 | E0=-1.04669143-0.00047880j | E1=-0.95251804+0.00015451j|E2=-0.65432044-0.00063871j|E3=-0.53164996-0.00029580j
26-28-10-20 #-----------------------------------------#
26-28-10-20 [Step  74] logΨ: mean=5.273+0.605j | min=0.788-3.106j | max=5.370+1.982j
26-28-10-20 梯度监控 | raw=1.2534 | per_param=0.0453 |  natural=0.0461 | clipped=0.0461(上限20.0)
26-28-10-20 原始规范坐标 G(Re Σrow_mean) = +9.0866 | 累计|g| = 6.9996
26-28-10-20 Ψ矩阵条件数 cond(Ψ) = 1.63e+01
26-28-10-20 Loss=-3.188262 | E0=-1.04652507-0.00049622j | E1=-0.95291284+0.00060405j|E2=-0.65435318-0.00029362j|E3=-0.53447117-0.00006636j
26-28-10-20 #-----------------------------------------#
26-28-10-20 [Step  75] logΨ: mean=5.344+0.349j | min=1.168+1.354j | max=5.456+1.973j
26-28-10-20 梯度监控 | raw=0.6255 | per_param=0.0226 |  natural=0.0531 | clipped=0.0531(上限20.0)
26-28-10-20 原始规范坐标 G(Re Σrow_mean) = +9.1408 | 累计|g| = 6.9996
26-28-10-20 Ψ矩阵条件数 cond(Ψ) = 1.67e+01
26-28-10-20 Loss=-3.188395 | E0=-1.04587413-0.00073776j | E1=-0.95218812+0.00017778j|E2=-0.65637073-0.00031709j|E3=-0.53396235+0.00007055j
26-28-10-20 #-----------------------------------------#
26-28-10-20 [Step  76] logΨ: mean=5.394+1.313j | min=-0.065-2.852j | max=5.487+2.695j
26-28-10-20 梯度监控 | raw=1.8672 | per_param=0.0676 |  natural=0.3030 | clipped=0.3030(上限20.0)
26-28-10-20 原始规范坐标 G(Re Σrow_mean) = +9.1635 | 累计|g| = 6.9996
26-28-10-20 Ψ矩阵条件数 cond(Ψ) = 1.42e+01
26-28-10-20 Loss=-3.187278 | E0=-1.04763654+0.00547653j | E1=-0.95216316+0.00061960j|E2=-0.65487207-0.00026432j|E3=-0.53260652+0.00104827j
26-28-10-20 #-----------------------------------------#
26-28-10-20 [Step  77] logΨ: mean=5.431+0.785j | min=0.829-2.689j | max=5.517+2.666j
26-28-10-20 梯度监控 | raw=0.7064 | per_param=0.0256 |  natural=0.0554 | clipped=0.0554(上限20.0)
26-28-10-20 原始规范坐标 G(Re Σrow_mean) = +9.1401 | 累计|g| = 6.9996
26-28-10-20 Ψ矩阵条件数 cond(Ψ) = 1.43e+01
26-28-10-20 Loss=-3.186835 | E0=-1.04511974-0.00061339j | E1=-0.95266638+0.00018397j|E2=-0.65606915+0.00003360j|E3=-0.53297980+0.00009660j
26-28-10-20 #-----------------------------------------#
26-28-10-20 [Step  78] logΨ: mean=5.486+0.966j | min=0.910-1.187j | max=5.546+2.575j
26-28-10-20 梯度监控 | raw=3.3317 | per_param=0.1205 |  natural=0.0543 | clipped=0.0543(上限20.0)
26-28-10-20 原始规范坐标 G(Re Σrow_mean) = +9.1584 | 累计|g| = 6.9996
26-28-10-20 Ψ矩阵条件数 cond(Ψ) = 1.39e+01
26-28-10-20 Loss=-3.184851 | E0=-1.04575183+0.00004971j | E1=-0.95164309+0.00037165j|E2=-0.65462616-0.00014986j|E3=-0.53282955-0.00007200j
26-28-10-20 #-----------------------------------------#
26-28-10-20 [Step  79] logΨ: mean=5.547+0.920j | min=0.070-1.055j | max=5.615+2.556j
26-28-10-20 梯度监控 | raw=1.3899 | per_param=0.0503 |  natural=0.0400 | clipped=0.0400(上限20.0)
26-28-10-20 原始规范坐标 G(Re Σrow_mean) = +9.1716 | 累计|g| = 6.9996
26-28-10-20 Ψ矩阵条件数 cond(Ψ) = 1.40e+01
26-28-10-20 Loss=-3.188478 | E0=-1.04536920-0.00037794j | E1=-0.95219208+0.00005943j|E2=-0.65664741-0.00005333j|E3=-0.53426942-0.00006345j
26-28-10-20 #-----------------------------------------#
26-28-10-20 [保存] Step 79 → pickle 文件已更新 (80 条记录)
26-28-10-20 [GaugeReset@80] 吸收 Δg = Σ Re(col_mean) = +9.1716 | 新|g| = 7.2229
26-28-10-20 [Step  80] logΨ: mean=5.649+1.003j | min=0.164+1.743j | max=5.740+2.210j
26-28-10-20 梯度监控 | raw=1.6640 | per_param=0.0602 |  natural=0.0637 | clipped=0.0637(上限20.0)
26-28-10-20 原始规范坐标 G(Re Σrow_mean) = +9.1719 | 累计|g| = 7.2229
26-28-10-20 Ψ矩阵条件数 cond(Ψ) = 1.38e+01
26-28-10-20 Loss=-3.186737 | E0=-1.04606654-0.00005561j | E1=-0.95213198+0.00087926j|E2=-0.65574327-0.00103660j|E3=-0.53279509-0.00005805j
26-28-10-20 #-----------------------------------------#
26-28-10-20 [Step  81] logΨ: mean=5.733+1.287j | min=0.976+0.074j | max=5.837+2.199j
26-28-10-20 梯度监控 | raw=1.9141 | per_param=0.0693 |  natural=0.0478 | clipped=0.0478(上限20.0)
26-28-10-20 原始规范坐标 G(Re Σrow_mean) = +9.2105 | 累计|g| = 7.2229
26-28-10-20 Ψ矩阵条件数 cond(Ψ) = 1.40e+01
26-28-10-20 Loss=-3.187452 | E0=-1.04571760-0.00054400j | E1=-0.95164093+0.00012148j|E2=-0.65591174-0.00004865j|E3=-0.53418210-0.00015557j
26-28-10-20 #-----------------------------------------#
26-28-10-20 [Step  82] logΨ: mean=5.875+1.112j | min=1.384-1.918j | max=5.933+2.182j
26-28-10-20 梯度监控 | raw=0.1709 | per_param=0.0062 |  natural=0.0414 | clipped=0.0414(上限20.0)
26-28-10-20 原始规范坐标 G(Re Σrow_mean) = +9.2768 | 累计|g| = 7.2229
26-28-10-20 Ψ矩阵条件数 cond(Ψ) = 1.40e+01
26-28-10-20 Loss=-3.189602 | E0=-1.04689083-0.00042123j | E1=-0.95221874-0.00002569j|E2=-0.65710838+0.00016706j|E3=-0.53338412+0.00014464j
26-28-10-20 #-----------------------------------------#
26-28-10-20 [Step  83] logΨ: mean=5.982+1.065j | min=1.150+2.828j | max=6.028+2.115j
26-28-10-20 梯度监控 | raw=2.0288 | per_param=0.0734 |  natural=0.0297 | clipped=0.0297(上限20.0)
26-28-10-20 原始规范坐标 G(Re Σrow_mean) = +9.3287 | 累计|g| = 7.2229
26-28-10-20 Ψ矩阵条件数 cond(Ψ) = 1.42e+01
26-28-10-20 Loss=-3.187948 | E0=-1.04596255-0.00054460j | E1=-0.95177797-0.00048228j|E2=-0.65596343+0.00041070j|E3=-0.53424374+0.00025454j
26-28-10-20 #-----------------------------------------#
26-28-10-20 [Step  84] logΨ: mean=5.857+0.506j | min=-0.415-1.152j | max=5.941+2.094j
26-28-10-20 梯度监控 | raw=0.7222 | per_param=0.0261 |  natural=0.0514 | clipped=0.0514(上限20.0)
26-28-10-20 原始规范坐标 G(Re Σrow_mean) = +9.2295 | 累计|g| = 7.2229
26-28-10-20 Ψ矩阵条件数 cond(Ψ) = 1.42e+01
26-28-10-20 Loss=-3.187423 | E0=-1.04570729-0.00003148j | E1=-0.95173891-0.00002161j|E2=-0.65667131-0.00010266j|E3=-0.53330555-0.00014791j
26-28-10-20 #-----------------------------------------#
26-28-10-20 [Step  85] logΨ: mean=5.992+0.040j | min=1.365-1.956j | max=6.040+2.070j
26-28-10-20 梯度监控 | raw=0.2776 | per_param=0.0100 |  natural=0.0299 | clipped=0.0299(上限20.0)
26-28-10-20 原始规范坐标 G(Re Σrow_mean) = +9.2994 | 累计|g| = 7.2229
26-28-10-20 Ψ矩阵条件数 cond(Ψ) = 1.43e+01
26-28-10-20 Loss=-3.189652 | E0=-1.04687102-0.00033950j | E1=-0.95213689-0.00012204j|E2=-0.65687518+0.00004730j|E3=-0.53376915+0.00011499j
26-28-10-20 #-----------------------------------------#
26-28-10-20 [Step  86] logΨ: mean=6.087-0.050j | min=1.387-1.938j | max=6.131+2.061j
26-28-10-20 梯度监控 | raw=0.1462 | per_param=0.0053 |  natural=0.0247 | clipped=0.0247(上限20.0)
26-28-10-20 原始规范坐标 G(Re Σrow_mean) = +9.3450 | 累计|g| = 7.2229
26-28-10-20 Ψ矩阵条件数 cond(Ψ) = 1.45e+01
26-28-10-20 Loss=-3.189294 | E0=-1.04601891-0.00031036j | E1=-0.95247719+0.00008020j|E2=-0.65687205-0.00014586j|E3=-0.53392596+0.00020666j
26-28-10-20 #-----------------------------------------#
26-28-10-20 [Step  87] logΨ: mean=6.062+0.419j | min=1.538+0.846j | max=6.151+2.042j
26-28-10-20 梯度监控 | raw=0.2623 | per_param=0.0095 |  natural=0.0456 | clipped=0.0456(上限20.0)
26-28-10-20 原始规范坐标 G(Re Σrow_mean) = +9.3238 | 累计|g| = 7.2229
26-28-10-20 Ψ矩阵条件数 cond(Ψ) = 1.44e+01
26-28-10-20 Loss=-3.187942 | E0=-1.04528733-0.00004677j | E1=-0.95238375-0.00053192j|E2=-0.65680476-0.00029135j|E3=-0.53346622-0.00001789j
26-28-10-20 #-----------------------------------------#
26-28-10-20 [Step  88] logΨ: mean=6.045+1.021j | min=1.921+0.480j | max=6.150+1.990j
26-28-10-20 梯度监控 | raw=0.7930 | per_param=0.0287 |  natural=0.0469 | clipped=0.0469(上限20.0)
26-28-10-20 原始规范坐标 G(Re Σrow_mean) = +9.3237 | 累计|g| = 7.2229
26-28-10-20 Ψ矩阵条件数 cond(Ψ) = 1.42e+01
26-28-10-20 Loss=-3.188413 | E0=-1.04693052-0.00032307j | E1=-0.95162477-0.00075717j|E2=-0.65666825+0.00000011j|E3=-0.53318966+0.00002757j
26-28-10-20 #-----------------------------------------#
26-28-10-20 [Step  89] logΨ: mean=6.066+0.593j | min=-0.170+1.550j | max=6.206+1.980j
26-28-10-20 梯度监控 | raw=2.5900 | per_param=0.0937 |  natural=0.0560 | clipped=0.0560(上限20.0)
26-28-10-20 原始规范坐标 G(Re Σrow_mean) = +9.2985 | 累计|g| = 7.2229
26-28-10-20 Ψ矩阵条件数 cond(Ψ) = 1.44e+01
26-28-10-20 Loss=-3.186522 | E0=-1.04476331-0.00046168j | E1=-0.95094162-0.00024897j|E2=-0.65671618+0.00003805j|E3=-0.53410058-0.00002797j
26-28-10-20 #-----------------------------------------#
26-28-10-20 [GaugeReset@90] 吸收 Δg = Σ Re(col_mean) = +9.2985 | 新|g| = 7.2902
26-28-10-20 [Step  90] logΨ: mean=6.017+0.371j | min=0.497-1.531j | max=6.138+2.045j
26-28-10-20 梯度监控 | raw=3.4219 | per_param=0.1238 |  natural=0.0511 | clipped=0.0511(上限20.0)
26-28-10-20 原始规范坐标 G(Re Σrow_mean) = +9.3075 | 累计|g| = 7.2902
26-28-10-20 Ψ矩阵条件数 cond(Ψ) = 1.40e+01
26-28-10-20 Loss=-3.187083 | E0=-1.04504532-0.00031654j | E1=-0.95119846-0.00077936j|E2=-0.65703465+0.00037981j|E3=-0.53380445-0.00007462j
26-28-10-20 #-----------------------------------------#
26-28-10-20 [Step  91] logΨ: mean=5.997+0.729j | min=1.602-2.494j | max=6.054+1.985j
26-28-10-20 梯度监控 | raw=0.2232 | per_param=0.0081 |  natural=0.0311 | clipped=0.0311(上限20.0)
26-28-10-20 原始规范坐标 G(Re Σrow_mean) = +9.3070 | 累计|g| = 7.2902
26-28-10-20 Ψ矩阵条件数 cond(Ψ) = 1.41e+01
26-28-10-20 Loss=-3.189535 | E0=-1.04636928-0.00011728j | E1=-0.95236355+0.00012691j|E2=-0.65695154+0.00021936j|E3=-0.53385070-0.00002859j
26-28-10-20 #-----------------------------------------#
26-28-10-20 [Step  92] logΨ: mean=5.908+1.054j | min=2.281-0.326j | max=6.036+2.023j
26-28-10-20 梯度监控 | raw=0.2078 | per_param=0.0075 |  natural=0.0511 | clipped=0.0511(上限20.0)
26-28-10-20 原始规范坐标 G(Re Σrow_mean) = +9.2445 | 累计|g| = 7.2902
26-28-10-20 Ψ矩阵条件数 cond(Ψ) = 1.41e+01
26-28-10-20 Loss=-3.189494 | E0=-1.04543571-0.00006892j | E1=-0.95221090+0.00027143j|E2=-0.65772266-0.00005820j|E3=-0.53412432-0.00013593j
26-28-10-20 #-----------------------------------------#
26-28-10-20 [Step  93] logΨ: mean=6.037+0.596j | min=2.447+1.670j | max=6.067+1.970j
26-28-10-20 梯度监控 | raw=0.0285 | per_param=0.0010 |  natural=0.0433 | clipped=0.0433(上限20.0)
26-28-10-20 原始规范坐标 G(Re Σrow_mean) = +9.3016 | 累计|g| = 7.2902
26-28-10-20 Ψ矩阵条件数 cond(Ψ) = 1.41e+01
26-28-10-20 Loss=-3.189737 | E0=-1.04593293+0.00048055j | E1=-0.95253109-0.00013042j|E2=-0.65745559+0.00000085j|E3=-0.53381694-0.00009831j
26-28-10-20 #-----------------------------------------#
26-28-10-20 [Step  94] logΨ: mean=6.067+0.502j | min=0.406-1.299j | max=6.131+2.001j
26-28-10-20 梯度监控 | raw=0.6753 | per_param=0.0244 |  natural=0.0353 | clipped=0.0353(上限20.0)
26-28-10-20 原始规范坐标 G(Re Σrow_mean) = +9.2886 | 累计|g| = 7.2902
26-28-10-20 Ψ矩阵条件数 cond(Ψ) = 1.39e+01
26-28-10-20 Loss=-3.189793 | E0=-1.04652087-0.00248532j | E1=-0.95204462+0.00001699j|E2=-0.65708301-0.00014849j|E3=-0.53414479+0.00011983j
26-28-10-20 #-----------------------------------------#
26-28-10-20 [Step  95] logΨ: mean=6.031+0.444j | min=1.563+2.794j | max=6.112+1.993j
26-28-10-20 梯度监控 | raw=1.4710 | per_param=0.0532 |  natural=0.0248 | clipped=0.0248(上限20.0)
26-28-10-20 原始规范坐标 G(Re Σrow_mean) = +9.2751 | 累计|g| = 7.2902
26-28-10-20 Ψ矩阵条件数 cond(Ψ) = 1.39e+01
26-28-10-20 Loss=-3.188624 | E0=-1.04632973+0.00053838j | E1=-0.95127445+0.00074783j|E2=-0.65647609-0.00020408j|E3=-0.53454338-0.00008776j
26-28-10-20 #-----------------------------------------#
26-28-10-20 [Step  96] logΨ: mean=6.072+0.708j | min=1.280-1.795j | max=6.177+2.024j
26-28-10-20 梯度监控 | raw=0.4966 | per_param=0.0180 |  natural=0.0366 | clipped=0.0366(上限20.0)
26-28-10-20 原始规范坐标 G(Re Σrow_mean) = +9.2845 | 累计|g| = 7.2902
26-28-10-20 Ψ矩阵条件数 cond(Ψ) = 1.41e+01
26-28-10-20 Loss=-3.189683 | E0=-1.04650236-0.00047542j | E1=-0.95209231-0.00001835j|E2=-0.65719069+0.00027323j|E3=-0.53389721-0.00000974j
26-28-10-20 #-----------------------------------------#
26-28-10-20 [Step  97] logΨ: mean=6.069+0.393j | min=1.200-3.089j | max=6.117+2.060j
26-28-10-20 梯度监控 | raw=1.6083 | per_param=0.0582 |  natural=0.0330 | clipped=0.0330(上限20.0)
26-28-10-20 原始规范坐标 G(Re Σrow_mean) = +9.2611 | 累计|g| = 7.2902
26-28-10-20 Ψ矩阵条件数 cond(Ψ) = 1.40e+01
26-28-10-20 Loss=-3.188218 | E0=-1.04518473+0.00009601j | E1=-0.95212265+0.00033100j|E2=-0.65674445-0.00019788j|E3=-0.53416601-0.00001346j
26-28-10-20 #-----------------------------------------#
26-28-10-20 [Step  98] logΨ: mean=6.095+0.890j | min=2.300+2.813j | max=6.127+2.073j
26-28-10-20 梯度监控 | raw=0.7121 | per_param=0.0258 |  natural=0.0362 | clipped=0.0362(上限20.0)
26-28-10-20 原始规范坐标 G(Re Σrow_mean) = +9.2673 | 累计|g| = 7.2902
26-28-10-20 Ψ矩阵条件数 cond(Ψ) = 1.37e+01
26-28-10-20 Loss=-3.187617 | E0=-1.04587230+0.00060873j | E1=-0.95163923+0.00043884j|E2=-0.65646234-0.00030878j|E3=-0.53364271-0.00013153j
26-28-10-20 #-----------------------------------------#
26-28-10-20 [Step  99] logΨ: mean=6.130+1.185j | min=1.280-1.735j | max=6.208+2.103j
26-28-10-20 梯度监控 | raw=0.5193 | per_param=0.0188 |  natural=0.0309 | clipped=0.0309(上限20.0)
26-28-10-20 原始规范坐标 G(Re Σrow_mean) = +9.2783 | 累计|g| = 7.2902
26-28-10-20 Ψ矩阵条件数 cond(Ψ) = 1.39e+01
26-28-10-20 Loss=-3.189167 | E0=-1.04676484-0.00031974j | E1=-0.95191860+0.00016977j|E2=-0.65656415+0.00008877j|E3=-0.53391948+0.00010612j
26-28-10-20 #-----------------------------------------#
26-28-10-20 [保存] Step 99 → pickle 文件已更新 (100 条记录)
26-28-10-20 [GaugeReset@100] 吸收 Δg = Σ Re(col_mean) = +9.2783 | 新|g| = 7.3331
26-28-10-20 [Step 100] logΨ: mean=6.127+0.966j | min=1.891-0.596j | max=6.230+1.937j
26-28-10-20 梯度监控 | raw=1.6366 | per_param=0.0592 |  natural=0.0562 | clipped=0.0562(上限20.0)
26-28-10-20 原始规范坐标 G(Re Σrow_mean) = +9.2752 | 累计|g| = 7.3331
26-28-10-20 Ψ矩阵条件数 cond(Ψ) = 1.33e+01
26-28-10-20 Loss=-3.187724 | E0=-1.04620339+0.00029823j | E1=-0.95160460-0.00040502j|E2=-0.65567652+0.00070294j|E3=-0.53423935-0.00001935j
26-28-10-20 #-----------------------------------------#
26-28-10-20 [Step 101] logΨ: mean=6.047+0.569j | min=0.612+2.022j | max=6.172+1.892j
26-28-10-20 梯度监控 | raw=2.0017 | per_param=0.0724 |  natural=0.0357 | clipped=0.0357(上限20.0)
26-28-10-20 原始规范坐标 G(Re Σrow_mean) = +9.2534 | 累计|g| = 7.3331
26-28-10-20 Ψ矩阵条件数 cond(Ψ) = 1.31e+01
26-28-10-20 Loss=-3.189047 | E0=-1.04613132+0.00032511j | E1=-0.95201089-0.00066476j|E2=-0.65613856+0.00065990j|E3=-0.53476669-0.00000007j
26-28-10-20 #-----------------------------------------#
26-28-10-20 [Step 102] logΨ: mean=6.120+0.266j | min=1.712-1.643j | max=6.182+1.819j
26-28-10-20 梯度监控 | raw=0.8592 | per_param=0.0311 |  natural=0.0451 | clipped=0.0451(上限20.0)
26-28-10-20 原始规范坐标 G(Re Σrow_mean) = +9.3004 | 累计|g| = 7.3331
26-28-10-20 Ψ矩阵条件数 cond(Ψ) = 1.29e+01
26-28-10-20 Loss=-3.187304 | E0=-1.04516007+0.00019479j | E1=-0.95184933+0.00016756j|E2=-0.65624460-0.00007848j|E3=-0.53405045-0.00006492j
26-28-10-20 #-----------------------------------------#
26-28-10-20 [Step 103] logΨ: mean=5.989+0.435j | min=-0.812+2.505j | max=6.128+1.750j
26-28-10-20 梯度监控 | raw=2.6874 | per_param=0.0972 |  natural=0.0483 | clipped=0.0483(上限20.0)
26-28-10-20 原始规范坐标 G(Re Σrow_mean) = +9.2273 | 累计|g| = 7.3331
26-28-10-20 Ψ矩阵条件数 cond(Ψ) = 1.27e+01
26-28-10-20 Loss=-3.188748 | E0=-1.04566285-0.00107089j | E1=-0.95230992-0.00134195j|E2=-0.65643930+0.00005889j|E3=-0.53433621+0.00005635j
26-28-10-20 #-----------------------------------------#
26-28-10-20 [Step 104] logΨ: mean=5.980+0.366j | min=1.314-1.401j | max=6.079+1.765j
26-28-10-20 梯度监控 | raw=2.2650 | per_param=0.0819 |  natural=0.0548 | clipped=0.0548(上限20.0)
26-28-10-20 原始规范坐标 G(Re Σrow_mean) = +9.2079 | 累计|g| = 7.3331
26-28-10-20 Ψ矩阵条件数 cond(Ψ) = 1.27e+01
26-28-10-20 Loss=-3.189816 | E0=-1.04571549+0.00057961j | E1=-0.95206313+0.00026220j|E2=-0.65749237+0.00038341j|E3=-0.53454531-0.00004628j
26-28-10-20 #-----------------------------------------#
26-28-10-20 [Step 105] logΨ: mean=5.953+0.088j | min=2.352+2.634j | max=6.048+1.752j
26-28-10-20 梯度监控 | raw=0.5696 | per_param=0.0206 |  natural=0.0335 | clipped=0.0335(上限20.0)
26-28-10-20 原始规范坐标 G(Re Σrow_mean) = +9.1958 | 累计|g| = 7.3331
26-28-10-20 Ψ矩阵条件数 cond(Ψ) = 1.27e+01
26-28-10-20 Loss=-3.188618 | E0=-1.04442339+0.00003624j | E1=-0.95229352+0.00039908j|E2=-0.65761917+0.00000099j|E3=-0.53428161-0.00006658j
26-28-10-20 #-----------------------------------------#
26-28-10-20 [Step 106] logΨ: mean=5.937+0.032j | min=-0.415-1.354j | max=6.100+1.755j
26-28-10-20 梯度监控 | raw=2.3943 | per_param=0.0866 |  natural=0.0644 | clipped=0.0644(上限20.0)
26-28-10-20 原始规范坐标 G(Re Σrow_mean) = +9.1520 | 累计|g| = 7.3331
26-28-10-20 Ψ矩阵条件数 cond(Ψ) = 1.28e+01
26-28-10-20 Loss=-3.184085 | E0=-1.04351757-0.00408767j | E1=-0.95123716-0.00051229j|E2=-0.65567383-0.00044216j|E3=-0.53365627-0.00002099j
26-28-10-20 #-----------------------------------------#
26-28-10-20 [Step 107] logΨ: mean=6.028+0.400j | min=2.132+2.626j | max=6.071+1.774j
26-28-10-20 梯度监控 | raw=0.4283 | per_param=0.0155 |  natural=0.0199 | clipped=0.0199(上限20.0)
26-28-10-20 原始规范坐标 G(Re Σrow_mean) = +9.2159 | 累计|g| = 7.3331
26-28-10-20 Ψ矩阵条件数 cond(Ψ) = 1.28e+01
26-28-10-20 Loss=-3.188647 | E0=-1.04502855+0.00099062j | E1=-0.95200802+0.00044471j|E2=-0.65691393-0.00023895j|E3=-0.53469614-0.00008577j
26-28-10-20 #-----------------------------------------#
26-28-10-20 [Step 108] logΨ: mean=5.985+0.837j | min=1.979-0.508j | max=6.035+1.797j
26-28-10-20 梯度监控 | raw=0.4320 | per_param=0.0156 |  natural=0.0224 | clipped=0.0224(上限20.0)
26-28-10-20 原始规范坐标 G(Re Σrow_mean) = +9.1941 | 累计|g| = 7.3331
26-28-10-20 Ψ矩阵条件数 cond(Ψ) = 1.27e+01
26-28-10-20 Loss=-3.189364 | E0=-1.04548234+0.00121151j | E1=-0.95203583+0.00046538j|E2=-0.65702875-0.00020077j|E3=-0.53481754-0.00005219j
26-28-10-20 #-----------------------------------------#
26-28-10-20 [Step 109] logΨ: mean=5.991+0.929j | min=-0.596+2.458j | max=6.070+1.760j
26-28-10-20 梯度监控 | raw=4.8766 | per_param=0.1764 |  natural=0.0428 | clipped=0.0428(上限20.0)
26-28-10-20 原始规范坐标 G(Re Σrow_mean) = +9.1754 | 累计|g| = 7.3331
26-28-10-20 Ψ矩阵条件数 cond(Ψ) = 1.26e+01
26-28-10-20 Loss=-3.186647 | E0=-1.04545030-0.00053719j | E1=-0.95136220-0.00017458j|E2=-0.65596340+0.00012148j|E3=-0.53387137-0.00012389j
26-28-10-20 #-----------------------------------------#
26-28-10-20 [GaugeReset@110] 吸收 Δg = Σ Re(col_mean) = +9.1754 | 新|g| = 7.2877
26-28-10-20 [Step 110] logΨ: mean=6.081+0.695j | min=0.614-1.392j | max=6.242+1.856j
26-28-10-20 梯度监控 | raw=6.3532 | per_param=0.2299 |  natural=0.0430 | clipped=0.0430(上限20.0)
26-28-10-20 原始规范坐标 G(Re Σrow_mean) = +9.1501 | 累计|g| = 7.2877
26-28-10-20 Ψ矩阵条件数 cond(Ψ) = 1.29e+01
26-28-10-20 Loss=-3.186908 | E0=-1.04425757-0.00163466j | E1=-0.95085812-0.00025184j|E2=-0.65646460+0.00021508j|E3=-0.53532810+0.00025642j
26-28-10-20 #-----------------------------------------#
26-28-10-20 [Step 111] logΨ: mean=6.112+0.446j | min=1.098+2.998j | max=6.212+1.774j
26-28-10-20 梯度监控 | raw=3.2981 | per_param=0.1193 |  natural=0.0340 | clipped=0.0340(上限20.0)
26-28-10-20 原始规范坐标 G(Re Σrow_mean) = +9.1741 | 累计|g| = 7.2877
26-28-10-20 Ψ矩阵条件数 cond(Ψ) = 1.27e+01
26-28-10-20 Loss=-3.185743 | E0=-1.04512129-0.00248077j | E1=-0.95115685+0.00056498j|E2=-0.65526926-0.00061048j|E3=-0.53419532-0.00021139j
26-28-10-20 #-----------------------------------------#
26-28-10-20 [Step 112] logΨ: mean=6.190+0.251j | min=1.422+1.537j | max=6.265+1.741j
26-28-10-20 梯度监控 | raw=0.2846 | per_param=0.0103 |  natural=0.0357 | clipped=0.0357(上限20.0)
26-28-10-20 原始规范坐标 G(Re Σrow_mean) = +9.1907 | 累计|g| = 7.2877
26-28-10-20 Ψ矩阵条件数 cond(Ψ) = 1.29e+01
26-28-10-20 Loss=-3.189809 | E0=-1.04573345+0.00042110j | E1=-0.95239577+0.00006740j|E2=-0.65752293+0.00009199j|E3=-0.53415637-0.00004782j
26-28-10-20 #-----------------------------------------#
26-28-10-20 [Step 113] logΨ: mean=6.260+0.732j | min=1.428-1.573j | max=6.333+1.773j
26-28-10-20 梯度监控 | raw=1.1104 | per_param=0.0402 |  natural=0.0289 | clipped=0.0289(上限20.0)
26-28-10-20 原始规范坐标 G(Re Σrow_mean) = +9.2201 | 累计|g| = 7.2877
26-28-10-20 Ψ矩阵条件数 cond(Ψ) = 1.31e+01
26-28-10-20 Loss=-3.188154 | E0=-1.04550177-0.00153995j | E1=-0.95161193+0.00057051j|E2=-0.65686387-0.00031893j|E3=-0.53417669-0.00025650j
26-28-10-20 #-----------------------------------------#
26-28-10-20 [Step 114] logΨ: mean=6.346+0.824j | min=1.436+1.588j | max=6.402+1.794j
26-28-10-20 梯度监控 | raw=0.6622 | per_param=0.0240 |  natural=0.0353 | clipped=0.0353(上限20.0)
26-28-10-20 原始规范坐标 G(Re Σrow_mean) = +9.2473 | 累计|g| = 7.2877
26-28-10-20 Ψ矩阵条件数 cond(Ψ) = 1.33e+01
26-28-10-20 Loss=-3.188950 | E0=-1.04656089+0.00053066j | E1=-0.95175687+0.00040943j|E2=-0.65700585-0.00026061j|E3=-0.53362661-0.00009518j
26-28-10-20 #-----------------------------------------#
26-28-10-20 [Step 115] logΨ: mean=6.295+0.633j | min=-0.134-0.923j | max=6.365+1.821j
26-28-10-20 梯度监控 | raw=1.1350 | per_param=0.0411 |  natural=0.0440 | clipped=0.0440(上限20.0)
26-28-10-20 原始规范坐标 G(Re Σrow_mean) = +9.2119 | 累计|g| = 7.2877
26-28-10-20 Ψ矩阵条件数 cond(Ψ) = 1.31e+01
26-28-10-20 Loss=-3.187764 | E0=-1.04585866+0.00125037j | E1=-0.95144066+0.00051520j|E2=-0.65618762-0.00029306j|E3=-0.53427677+0.00009572j
26-28-10-20 #-----------------------------------------#
26-28-10-20 [Step 116] logΨ: mean=6.223+0.427j | min=1.313+2.278j | max=6.331+1.717j
26-28-10-20 梯度监控 | raw=4.7511 | per_param=0.1719 |  natural=0.0396 | clipped=0.0396(上限20.0)
26-28-10-20 原始规范坐标 G(Re Σrow_mean) = +9.1834 | 累计|g| = 7.2877
26-28-10-20 Ψ矩阵条件数 cond(Ψ) = 1.28e+01
26-28-10-20 Loss=-3.185682 | E0=-1.04457309-0.00204171j | E1=-0.95099707-0.00050801j|E2=-0.65512630+0.00068652j|E3=-0.53498512-0.00003539j
26-28-10-20 #-----------------------------------------#
26-28-10-20 [Step 117] logΨ: mean=6.333+0.347j | min=0.238-1.379j | max=6.430+1.726j
26-28-10-20 梯度监控 | raw=1.4909 | per_param=0.0539 |  natural=0.0335 | clipped=0.0335(上限20.0)
26-28-10-20 原始规范坐标 G(Re Σrow_mean) = +9.2254 | 累计|g| = 7.2877
26-28-10-20 Ψ矩阵条件数 cond(Ψ) = 1.29e+01
26-28-10-20 Loss=-3.187884 | E0=-1.04571955+0.00002639j | E1=-0.95142158-0.00013778j|E2=-0.65606653-0.00017584j|E3=-0.53467599+0.00001151j
26-28-10-20 #-----------------------------------------#
26-28-10-20 [Step 118] logΨ: mean=6.327+0.093j | min=1.982-2.071j | max=6.375+1.717j
26-28-10-20 梯度监控 | raw=0.2516 | per_param=0.0091 |  natural=0.0235 | clipped=0.0235(上限20.0)
26-28-10-20 原始规范坐标 G(Re Σrow_mean) = +9.2222 | 累计|g| = 7.2877
26-28-10-20 Ψ矩阵条件数 cond(Ψ) = 1.28e+01
26-28-10-20 Loss=-3.189970 | E0=-1.04570591+0.00084123j | E1=-0.95223523-0.00033199j|E2=-0.65734772+0.00019302j|E3=-0.53468106-0.00007324j
26-28-10-20 #-----------------------------------------#
26-28-10-20 [Step 119] logΨ: mean=6.248+0.027j | min=1.828+1.020j | max=6.330+1.642j
26-28-10-20 梯度监控 | raw=1.2200 | per_param=0.0441 |  natural=0.0362 | clipped=0.0362(上限20.0)
26-28-10-20 原始规范坐标 G(Re Σrow_mean) = +9.1959 | 累计|g| = 7.2877
26-28-10-20 Ψ矩阵条件数 cond(Ψ) = 1.26e+01
26-28-10-20 Loss=-3.187964 | E0=-1.04582484+0.00085337j | E1=-0.95162143-0.00076311j|E2=-0.65618092+0.00047150j|E3=-0.53433705-0.00002358j
26-28-10-20 #-----------------------------------------#
26-28-10-20 [保存] Step 119 → pickle 文件已更新 (120 条记录)
26-28-10-20 [GaugeReset@120] 吸收 Δg = Σ Re(col_mean) = +9.1959 | 新|g| = 7.2946
26-28-10-20 [Step 120] logΨ: mean=6.276-0.124j | min=2.379+3.097j | max=6.351+1.737j
26-28-10-20 梯度监控 | raw=0.9890 | per_param=0.0358 |  natural=0.0327 | clipped=0.0327(上限20.0)
26-28-10-20 原始规范坐标 G(Re Σrow_mean) = +9.2135 | 累计|g| = 7.2946
26-28-10-20 Ψ矩阵条件数 cond(Ψ) = 1.25e+01
26-28-10-20 Loss=-3.188345 | E0=-1.04478450+0.00087325j | E1=-0.95203611-0.00047682j|E2=-0.65678426+0.00013431j|E3=-0.53474059-0.00025867j
26-28-10-20 #-----------------------------------------#
26-28-10-20 [Step 121] logΨ: mean=6.221+0.024j | min=1.861+2.279j | max=6.296+1.748j
26-28-10-20 梯度监控 | raw=1.9891 | per_param=0.0720 |  natural=0.0316 | clipped=0.0316(上限20.0)
26-28-10-20 原始规范坐标 G(Re Σrow_mean) = +9.1741 | 累计|g| = 7.2946
26-28-10-20 Ψ矩阵条件数 cond(Ψ) = 1.24e+01
26-28-10-20 Loss=-3.186351 | E0=-1.04407811+0.00016883j | E1=-0.95115005+0.00012027j|E2=-0.65580805+0.00005540j|E3=-0.53531476+0.00006147j
26-28-10-20 #-----------------------------------------#
26-28-10-20 [Step 122] logΨ: mean=6.113+0.239j | min=0.417+1.260j | max=6.235+1.651j
26-28-10-20 梯度监控 | raw=1.0534 | per_param=0.0381 |  natural=0.0376 | clipped=0.0376(上限20.0)
26-28-10-20 原始规范坐标 G(Re Σrow_mean) = +9.1260 | 累计|g| = 7.2946
26-28-10-20 Ψ矩阵条件数 cond(Ψ) = 1.21e+01
26-28-10-20 Loss=-3.189075 | E0=-1.04607875+0.00054935j | E1=-0.95174838+0.00006371j|E2=-0.65673030-0.00003339j|E3=-0.53451803+0.00009784j
26-28-10-20 #-----------------------------------------#
26-28-10-20 [Step 123] logΨ: mean=6.124+0.227j | min=-0.918+2.159j | max=6.224+1.567j
26-28-10-20 梯度监控 | raw=2.9548 | per_param=0.1069 |  natural=0.0537 | clipped=0.0537(上限20.0)
26-28-10-20 原始规范坐标 G(Re Σrow_mean) = +9.1164 | 累计|g| = 7.2946
26-28-10-20 Ψ矩阵条件数 cond(Ψ) = 1.19e+01
26-28-10-20 Loss=-3.185233 | E0=-1.04508570-0.00216188j | E1=-0.95142822+0.00023402j|E2=-0.65503685-0.00034746j|E3=-0.53368175+0.00000503j
26-28-10-20 #-----------------------------------------#
26-28-10-20 [Step 124] logΨ: mean=6.233+0.078j | min=1.729+1.305j | max=6.274+1.605j
26-28-10-20 梯度监控 | raw=1.0986 | per_param=0.0397 |  natural=0.0252 | clipped=0.0252(上限20.0)
26-28-10-20 原始规范坐标 G(Re Σrow_mean) = +9.1489 | 累计|g| = 7.2946
26-28-10-20 Ψ矩阵条件数 cond(Ψ) = 1.19e+01
26-28-10-20 Loss=-3.189094 | E0=-1.04648067+0.00078583j | E1=-0.95171017+0.00050740j|E2=-0.65657045-0.00024055j|E3=-0.53433261-0.00006898j
26-28-10-20 #-----------------------------------------#
26-28-10-20 [Step 125] logΨ: mean=6.088+0.017j | min=0.266-1.728j | max=6.183+1.521j
26-28-10-20 梯度监控 | raw=0.7325 | per_param=0.0265 |  natural=0.0521 | clipped=0.0521(上限20.0)
26-28-10-20 原始规范坐标 G(Re Σrow_mean) = +9.0756 | 累计|g| = 7.2946
26-28-10-20 Ψ矩阵条件数 cond(Ψ) = 1.16e+01
26-28-10-20 Loss=-3.188504 | E0=-1.04498604+0.00110838j | E1=-0.95204900-0.00055860j|E2=-0.65673394+0.00025258j|E3=-0.53473539+0.00007884j
26-28-10-20 #-----------------------------------------#
26-28-10-20 [Step 126] logΨ: mean=6.165+0.093j | min=1.689-1.864j | max=6.230+1.503j
26-28-10-20 梯度监控 | raw=0.7605 | per_param=0.0275 |  natural=0.0326 | clipped=0.0326(上限20.0)
26-28-10-20 原始规范坐标 G(Re Σrow_mean) = +9.0896 | 累计|g| = 7.2946
26-28-10-20 Ψ矩阵条件数 cond(Ψ) = 1.19e+01
26-28-10-20 Loss=-3.188825 | E0=-1.04503387-0.00013124j | E1=-0.95246953-0.00034315j|E2=-0.65724255+0.00010521j|E3=-0.53407905-0.00002786j
26-28-10-20 #-----------------------------------------#
26-28-10-20 [Step 127] logΨ: mean=6.238+0.267j | min=1.425-0.129j | max=6.333+1.527j
26-28-10-20 梯度监控 | raw=5.7828 | per_param=0.2092 |  natural=0.0630 | clipped=0.0630(上限20.0)
26-28-10-20 原始规范坐标 G(Re Σrow_mean) = +9.0840 | 累计|g| = 7.2946
26-28-10-20 Ψ矩阵条件数 cond(Ψ) = 1.21e+01
26-28-10-20 Loss=-3.186127 | E0=-1.04472575-0.00024617j | E1=-0.95086595-0.00052855j|E2=-0.65617180+0.00053287j|E3=-0.53436357+0.00012799j
26-28-10-20 #-----------------------------------------#
26-28-10-20 [Step 128] logΨ: mean=6.208+0.327j | min=1.808+0.522j | max=6.283+1.552j
26-28-10-20 梯度监控 | raw=1.0461 | per_param=0.0378 |  natural=0.0260 | clipped=0.0260(上限20.0)
26-28-10-20 原始规范坐标 G(Re Σrow_mean) = +9.0746 | 累计|g| = 7.2946
26-28-10-20 Ψ矩阵条件数 cond(Ψ) = 1.20e+01
26-28-10-20 Loss=-3.188989 | E0=-1.04573833-0.00060748j | E1=-0.95171057+0.00007259j|E2=-0.65727559+0.00005408j|E3=-0.53426499+0.00005334j
26-28-10-20 #-----------------------------------------#
26-28-10-20 [Step 129] logΨ: mean=6.207+0.271j | min=2.096-1.221j | max=6.261+1.544j
26-28-10-20 梯度监控 | raw=0.3349 | per_param=0.0121 |  natural=0.0076 | clipped=0.0076(上限20.0)
26-28-10-20 原始规范坐标 G(Re Σrow_mean) = +9.0780 | 累计|g| = 7.2946
26-28-10-20 Ψ矩阵条件数 cond(Ψ) = 1.21e+01
26-28-10-20 Loss=-3.190449 | E0=-1.04664709+0.00050924j | E1=-0.95223929-0.00003396j|E2=-0.65695013+0.00017318j|E3=-0.53461280+0.00006592j
26-28-10-20 #-----------------------------------------#
26-28-10-20 [GaugeReset@130] 吸收 Δg = Σ Re(col_mean) = +9.0780 | 新|g| = 7.2825
26-28-10-20 [Step 130] logΨ: mean=6.249+0.106j | min=1.765+0.490j | max=6.319+1.531j
26-28-10-20 梯度监控 | raw=1.2088 | per_param=0.0437 |  natural=0.0347 | clipped=0.0347(上限20.0)
26-28-10-20 原始规范坐标 G(Re Σrow_mean) = +9.0523 | 累计|g| = 7.2825
26-28-10-20 Ψ矩阵条件数 cond(Ψ) = 1.17e+01
26-28-10-20 Loss=-3.189039 | E0=-1.04573805+0.00059680j | E1=-0.95159138+0.00011579j|E2=-0.65706611+0.00002565j|E3=-0.53464313-0.00007977j
26-28-10-20 #-----------------------------------------#
26-28-10-20 [Step 131] logΨ: mean=6.307-0.412j | min=1.814-1.794j | max=6.394+1.538j
26-28-10-20 梯度监控 | raw=2.4452 | per_param=0.0885 |  natural=0.0284 | clipped=0.0284(上限20.0)
26-28-10-20 原始规范坐标 G(Re Σrow_mean) = +9.0505 | 累计|g| = 7.2825
26-28-10-20 Ψ矩阵条件数 cond(Ψ) = 1.20e+01
26-28-10-20 Loss=-3.186197 | E0=-1.04362900-0.00070103j | E1=-0.95234393-0.00013218j|E2=-0.65572462-0.00008728j|E3=-0.53449982+0.00005545j
26-28-10-20 #-----------------------------------------#
26-28-10-20 [Step 132] logΨ: mean=6.320-0.064j | min=2.648-2.174j | max=6.370+1.500j
26-28-10-20 梯度监控 | raw=1.2479 | per_param=0.0451 |  natural=0.0300 | clipped=0.0300(上限20.0)
26-28-10-20 原始规范坐标 G(Re Σrow_mean) = +9.0529 | 累计|g| = 7.2825
26-28-10-20 Ψ矩阵条件数 cond(Ψ) = 1.19e+01
26-28-10-20 Loss=-3.188298 | E0=-1.04471935-0.00041932j | E1=-0.95237914-0.00008268j|E2=-0.65725191+0.00002021j|E3=-0.53394757-0.00014810j
26-28-10-20 #-----------------------------------------#
26-28-10-20 [Step 133] logΨ: mean=6.184-0.437j | min=1.720+0.601j | max=6.304+1.396j
26-28-10-20 梯度监控 | raw=4.7445 | per_param=0.1716 |  natural=0.0417 | clipped=0.0417(上限20.0)
26-28-10-20 原始规范坐标 G(Re Σrow_mean) = +8.9967 | 累计|g| = 7.2825
26-28-10-20 Ψ矩阵条件数 cond(Ψ) = 1.15e+01
26-28-10-20 Loss=-3.183015 | E0=-1.04297400-0.00169661j | E1=-0.94898563-0.00037385j|E2=-0.65664096+0.00004574j|E3=-0.53441411-0.00008663j
26-28-10-20 #-----------------------------------------#
26-28-10-20 [Step 134] logΨ: mean=6.241-0.288j | min=2.246+2.621j | max=6.290+1.381j
26-28-10-20 梯度监控 | raw=0.7054 | per_param=0.0255 |  natural=0.0158 | clipped=0.0158(上限20.0)
26-28-10-20 原始规范坐标 G(Re Σrow_mean) = +9.0350 | 累计|g| = 7.2825
26-28-10-20 Ψ矩阵条件数 cond(Ψ) = 1.16e+01
26-28-10-20 Loss=-3.189680 | E0=-1.04621104+0.00053311j | E1=-0.95231405+0.00002500j|E2=-0.65689866-0.00000577j|E3=-0.53425595-0.00031662j
26-28-10-20 #-----------------------------------------#
26-28-10-20 [Step 135] logΨ: mean=6.134-0.162j | min=1.575-1.287j | max=6.350+1.443j
26-28-10-20 梯度监控 | raw=3.4195 | per_param=0.1237 |  natural=0.0453 | clipped=0.0453(上限20.0)
26-28-10-20 原始规范坐标 G(Re Σrow_mean) = +8.9298 | 累计|g| = 7.2825
26-28-10-20 Ψ矩阵条件数 cond(Ψ) = 1.19e+01
26-28-10-20 Loss=-3.186754 | E0=-1.04544834-0.00000470j | E1=-0.95059888+0.00072510j|E2=-0.65720975-0.00089321j|E3=-0.53349707-0.00007610j
26-28-10-20 #-----------------------------------------#
26-28-10-20 [Step 136] logΨ: mean=6.295+0.360j | min=0.643+1.619j | max=6.370+1.496j
26-28-10-20 梯度监控 | raw=0.6040 | per_param=0.0219 |  natural=0.0305 | clipped=0.0305(上限20.0)
26-28-10-20 原始规范坐标 G(Re Σrow_mean) = +8.9885 | 累计|g| = 7.2825
26-28-10-20 Ψ矩阵条件数 cond(Ψ) = 1.22e+01
26-28-10-20 Loss=-3.189750 | E0=-1.04650768+0.00041809j | E1=-0.95213002+0.00025305j|E2=-0.65677113-0.00010151j|E3=-0.53434071+0.00019971j
26-28-10-20 #-----------------------------------------#
26-28-10-20 [Step 137] logΨ: mean=6.254+0.263j | min=2.055-2.835j | max=6.318+1.491j
26-28-10-20 梯度监控 | raw=0.7176 | per_param=0.0260 |  natural=0.0263 | clipped=0.0263(上限20.0)
26-28-10-20 原始规范坐标 G(Re Σrow_mean) = +8.9650 | 累计|g| = 7.2825
26-28-10-20 Ψ矩阵条件数 cond(Ψ) = 1.22e+01
26-28-10-20 Loss=-3.189430 | E0=-1.04632807-0.00007093j | E1=-0.95203677-0.00035866j|E2=-0.65724666+0.00032245j|E3=-0.53381879-0.00010835j
26-28-10-20 #-----------------------------------------#
26-28-10-20 [Step 138] logΨ: mean=6.261-0.095j | min=1.487+1.340j | max=6.377+1.528j
26-28-10-20 梯度监控 | raw=2.6678 | per_param=0.0965 |  natural=0.0187 | clipped=0.0187(上限20.0)
26-28-10-20 原始规范坐标 G(Re Σrow_mean) = +8.9400 | 累计|g| = 7.2825
26-28-10-20 Ψ矩阵条件数 cond(Ψ) = 1.25e+01
26-28-10-20 Loss=-3.190542 | E0=-1.04642030+0.00011116j | E1=-0.95198774-0.00091083j|E2=-0.65787280+0.00053384j|E3=-0.53426166-0.00004645j
26-28-10-20 #-----------------------------------------#
26-28-10-20 [Step 139] logΨ: mean=6.296-0.527j | min=1.843-2.806j | max=6.349+1.463j
26-28-10-20 梯度监控 | raw=1.0641 | per_param=0.0385 |  natural=0.0374 | clipped=0.0374(上限20.0)
26-28-10-20 原始规范坐标 G(Re Σrow_mean) = +8.9825 | 累计|g| = 7.2825
26-28-10-20 Ψ矩阵条件数 cond(Ψ) = 1.22e+01
26-28-10-20 Loss=-3.189607 | E0=-1.04608690+0.00035545j | E1=-0.95176051-0.00015851j|E2=-0.65716502+0.00016592j|E3=-0.53459446-0.00000212j
26-28-10-20 #-----------------------------------------#
26-28-10-20 [保存] Step 139 → pickle 文件已更新 (140 条记录)
26-28-10-20 [GaugeReset@140] 吸收 Δg = Σ Re(col_mean) = +8.9825 | 新|g| = 7.2750
26-28-10-20 [Step 140] logΨ: mean=6.322+0.153j | min=1.734-1.356j | max=6.396+1.503j
26-28-10-20 梯度监控 | raw=2.8945 | per_param=0.1047 |  natural=0.0393 | clipped=0.0393(上限20.0)
26-28-10-20 原始规范坐标 G(Re Σrow_mean) = +8.9296 | 累计|g| = 7.2750
26-28-10-20 Ψ矩阵条件数 cond(Ψ) = 1.20e+01
26-28-10-20 Loss=-3.187458 | E0=-1.04643028+0.00279262j | E1=-0.95124359+0.00072102j|E2=-0.65608322-0.00048911j|E3=-0.53370072+0.00020878j
26-28-10-20 #-----------------------------------------#
26-28-10-20 [Step 141] logΨ: mean=6.286+0.330j | min=0.461+1.417j | max=6.341+1.515j
26-28-10-20 梯度监控 | raw=1.6713 | per_param=0.0605 |  natural=0.0203 | clipped=0.0203(上限20.0)
26-28-10-20 原始规范坐标 G(Re Σrow_mean) = +8.9109 | 累计|g| = 7.2750
26-28-10-20 Ψ矩阵条件数 cond(Ψ) = 1.19e+01
26-28-10-20 Loss=-3.187474 | E0=-1.04485987+0.00065871j | E1=-0.95204343+0.00023448j|E2=-0.65662758-0.00013227j|E3=-0.53394345-0.00009554j
26-28-10-20 #-----------------------------------------#
26-28-10-20 [Step 142] logΨ: mean=6.333-0.193j | min=1.534+1.911j | max=6.397+1.515j
26-28-10-20 梯度监控 | raw=1.0064 | per_param=0.0364 |  natural=0.0228 | clipped=0.0228(上限20.0)
26-28-10-20 原始规范坐标 G(Re Σrow_mean) = +8.9049 | 累计|g| = 7.2750
26-28-10-20 Ψ矩阵条件数 cond(Ψ) = 1.22e+01
26-28-10-20 Loss=-3.188264 | E0=-1.04456146+0.00102972j | E1=-0.95233337-0.00011040j|E2=-0.65697636+0.00020818j|E3=-0.53439242-0.00013437j
26-28-10-20 #-----------------------------------------#
26-28-10-20 [Step 143] logΨ: mean=6.327-0.464j | min=1.526-1.246j | max=6.471+1.518j
26-28-10-20 梯度监控 | raw=1.7040 | per_param=0.0617 |  natural=0.0354 | clipped=0.0354(上限20.0)
26-28-10-20 原始规范坐标 G(Re Σrow_mean) = +8.8588 | 累计|g| = 7.2750
26-28-10-20 Ψ矩阵条件数 cond(Ψ) = 1.25e+01
26-28-10-20 Loss=-3.187535 | E0=-1.04394835-0.00000355j | E1=-0.95202712-0.00011996j|E2=-0.65745581-0.00022931j|E3=-0.53410379-0.00027959j
26-28-10-20 #-----------------------------------------#
26-28-10-20 [Step 144] logΨ: mean=6.420-0.051j | min=0.892-1.510j | max=6.541+1.561j
26-28-10-20 梯度监控 | raw=4.3786 | per_param=0.1584 |  natural=0.0348 | clipped=0.0348(上限20.0)
26-28-10-20 原始规范坐标 G(Re Σrow_mean) = +8.8795 | 累计|g| = 7.2750
26-28-10-20 Ψ矩阵条件数 cond(Ψ) = 1.27e+01
26-28-10-20 Loss=-3.182328 | E0=-1.04284247-0.00221061j | E1=-0.94908819+0.00017883j|E2=-0.65608237-0.00016839j|E3=-0.53431511-0.00035229j
26-28-10-20 #-----------------------------------------#
26-28-10-20 [Step 145] logΨ: mean=6.617-0.360j | min=1.826-1.679j | max=6.686+1.589j
26-28-10-20 梯度监控 | raw=8.2297 | per_param=0.2977 |  natural=0.0329 | clipped=0.0329(上限20.0)
26-28-10-20 原始规范坐标 G(Re Σrow_mean) = +8.9613 | 累计|g| = 7.2750
26-28-10-20 Ψ矩阵条件数 cond(Ψ) = 1.29e+01
26-28-10-20 Loss=-3.185004 | E0=-1.04520364-0.00072757j | E1=-0.94959101+0.00078688j|E2=-0.65655107-0.00064803j|E3=-0.53365823-0.00030370j
26-28-10-20 #-----------------------------------------#
26-28-10-20 [Step 146] logΨ: mean=6.498-0.542j | min=0.891-1.504j | max=6.616+1.582j
26-28-10-20 梯度监控 | raw=5.8849 | per_param=0.2129 |  natural=0.0385 | clipped=0.0385(上限20.0)
26-28-10-20 原始规范坐标 G(Re Σrow_mean) = +8.8702 | 累计|g| = 7.2750
26-28-10-20 Ψ矩阵条件数 cond(Ψ) = 1.29e+01
26-28-10-20 Loss=-3.186606 | E0=-1.04547542-0.00015486j | E1=-0.95084679-0.00073389j|E2=-0.65658905+0.00044030j|E3=-0.53369443-0.00003109j
26-28-10-20 #-----------------------------------------#
26-28-10-20 [Step 147] logΨ: mean=6.488-0.379j | min=2.269+2.717j | max=6.584+1.624j
26-28-10-20 梯度监控 | raw=2.4099 | per_param=0.0872 |  natural=0.0368 | clipped=0.0368(上限20.0)
26-28-10-20 原始规范坐标 G(Re Σrow_mean) = +8.8475 | 累计|g| = 7.2750
26-28-10-20 Ψ矩阵条件数 cond(Ψ) = 1.26e+01
26-28-10-20 Loss=-3.187862 | E0=-1.04422282-0.00074925j | E1=-0.95058146-0.00088338j|E2=-0.65723655+0.00066244j|E3=-0.53582114+0.00028207j
26-28-10-20 #-----------------------------------------#
26-28-10-20 [Step 148] logΨ: mean=6.522-0.487j | min=2.704-2.040j | max=6.569+1.599j
26-28-10-20 梯度监控 | raw=0.5318 | per_param=0.0192 |  natural=0.0136 | clipped=0.0136(上限20.0)
26-28-10-20 原始规范坐标 G(Re Σrow_mean) = +8.8653 | 累计|g| = 7.2750
26-28-10-20 Ψ矩阵条件数 cond(Ψ) = 1.25e+01
26-28-10-20 Loss=-3.189496 | E0=-1.04561326-0.00024822j | E1=-0.95233233+0.00006994j|E2=-0.65712725+0.00006909j|E3=-0.53442323-0.00025909j
26-28-10-20 #-----------------------------------------#
26-28-10-20 [Step 149] logΨ: mean=6.595-0.286j | min=1.041+1.664j | max=6.706+1.579j
26-28-10-20 梯度监控 | raw=4.1013 | per_param=0.1484 |  natural=0.0375 | clipped=0.0375(上限20.0)
26-28-10-20 原始规范坐标 G(Re Σrow_mean) = +8.8770 | 累计|g| = 7.2750
26-28-10-20 Ψ矩阵条件数 cond(Ψ) = 1.27e+01
26-28-10-20 Loss=-3.186437 | E0=-1.04474752-0.00207316j | E1=-0.95027521+0.00032107j|E2=-0.65728296-0.00026801j|E3=-0.53413166-0.00029561j
26-28-10-20 #-----------------------------------------#
26-28-10-20 [GaugeReset@150] 吸收 Δg = Σ Re(col_mean) = +8.8770 | 新|g| = 7.2914
26-28-10-20 [Step 150] logΨ: mean=6.640-0.108j | min=0.959-1.457j | max=6.692+1.593j
26-28-10-20 梯度监控 | raw=4.8500 | per_param=0.1755 |  natural=0.0418 | clipped=0.0418(上限20.0)
26-28-10-20 原始规范坐标 G(Re Σrow_mean) = +8.8410 | 累计|g| = 7.2914
26-28-10-20 Ψ矩阵条件数 cond(Ψ) = 1.23e+01
26-28-10-20 Loss=-3.187511 | E0=-1.04639877+0.00060920j | E1=-0.95068252+0.00072595j|E2=-0.65646485-0.00050966j|E3=-0.53396476+0.00004618j
26-28-10-20 #-----------------------------------------#
26-28-10-20 [Step 151] logΨ: mean=6.620+0.086j | min=0.192+1.921j | max=6.701+1.558j
26-28-10-20 梯度监控 | raw=5.4056 | per_param=0.1956 |  natural=0.0272 | clipped=0.0272(上限20.0)
26-28-10-20 原始规范坐标 G(Re Σrow_mean) = +8.8330 | 累计|g| = 7.2914
26-28-10-20 Ψ矩阵条件数 cond(Ψ) = 1.20e+01
26-28-10-20 Loss=-3.183680 | E0=-1.04389797+0.00306744j | E1=-0.95023620-0.00040255j|E2=-0.65593226+0.00057027j|E3=-0.53361365-0.00045020j
26-28-10-20 #-----------------------------------------#
26-28-10-20 [Step 152] logΨ: mean=6.683+0.322j | min=0.621-1.465j | max=6.797+1.590j
26-28-10-20 梯度监控 | raw=11.8546 | per_param=0.4289 |  natural=0.0241 | clipped=0.0241(上限20.0)
26-28-10-20 原始规范坐标 G(Re Σrow_mean) = +8.8453 | 累计|g| = 7.2914
26-28-10-20 Ψ矩阵条件数 cond(Ψ) = 1.23e+01
26-28-10-20 Loss=-3.171423 | E0=-1.03499314-0.00152117j | E1=-0.94985721+0.00190685j|E2=-0.65348027-0.00125360j|E3=-0.53309249-0.00038874j
26-28-10-20 #-----------------------------------------#
26-28-10-20 [Step 153] logΨ: mean=7.006+0.224j | min=0.264+0.432j | max=7.128+1.764j
26-28-10-20 梯度监控 | raw=16.6050 | per_param=0.6007 |  natural=0.0812 | clipped=0.0812(上限20.0)
26-28-10-20 原始规范坐标 G(Re Σrow_mean) = +8.9901 | 累计|g| = 7.2914
26-28-10-20 Ψ矩阵条件数 cond(Ψ) = 1.23e+01
26-28-10-20 Loss=-3.167020 | E0=-1.02834096-0.00359649j | E1=-0.94975443-0.00021763j|E2=-0.65653601-0.00010020j|E3=-0.53238833-0.00084874j
26-28-10-20 #-----------------------------------------#
26-28-10-21 [Step 154] logΨ: mean=7.029-0.189j | min=2.731+0.161j | max=7.138+1.737j
26-28-10-21 梯度监控 | raw=13.6943 | per_param=0.4954 |  natural=0.0206 | clipped=0.0206(上限20.0)
26-28-10-21 原始规范坐标 G(Re Σrow_mean) = +9.0079 | 累计|g| = 7.2914
26-28-10-21 Ψ矩阵条件数 cond(Ψ) = 1.22e+01
26-28-10-21 Loss=-3.166309 | E0=-1.03091203-0.00638557j | E1=-0.94855991-0.00011484j|E2=-0.65459901+0.00011250j|E3=-0.53223788-0.00021233j
26-28-10-21 #-----------------------------------------#
26-28-10-21 [Step 155] logΨ: mean=7.050-0.045j | min=1.173-0.789j | max=7.178+1.764j
26-28-10-21 梯度监控 | raw=6.6964 | per_param=0.2423 |  natural=0.0324 | clipped=0.0324(上限20.0)
26-28-10-21 原始规范坐标 G(Re Σrow_mean) = +8.9869 | 累计|g| = 7.2914
26-28-10-21 Ψ矩阵条件数 cond(Ψ) = 1.35e+01
26-28-10-21 Loss=-3.179918 | E0=-1.03927895-0.00228809j | E1=-0.95011444+0.00031473j|E2=-0.65656334-0.00029211j|E3=-0.53396112+0.00011878j
26-28-10-21 #-----------------------------------------#
26-28-10-21 [Step 156] logΨ: mean=7.008-0.073j | min=0.646-0.358j | max=7.080+1.765j
26-28-10-21 梯度监控 | raw=4.3334 | per_param=0.1568 |  natural=0.0317 | clipped=0.0317(上限20.0)
26-28-10-21 原始规范坐标 G(Re Σrow_mean) = +8.9543 | 累计|g| = 7.2914
26-28-10-21 Ψ矩阵条件数 cond(Ψ) = 1.24e+01
26-28-10-21 Loss=-3.185855 | E0=-1.04372746+0.00063832j | E1=-0.95088656+0.00046263j|E2=-0.65659094+0.00007382j|E3=-0.53465010-0.00018616j
26-28-10-21 #-----------------------------------------#
26-28-10-21 [Step 157] logΨ: mean=6.958+0.024j | min=2.704+0.312j | max=7.021+1.717j
26-28-10-21 梯度监控 | raw=0.6444 | per_param=0.0233 |  natural=0.0317 | clipped=0.0317(上限20.0)
26-28-10-21 原始规范坐标 G(Re Σrow_mean) = +8.9269 | 累计|g| = 7.2914
26-28-10-21 Ψ矩阵条件数 cond(Ψ) = 1.24e+01
26-28-10-21 Loss=-3.191472 | E0=-1.04756621+0.00226148j | E1=-0.95251706+0.00026318j|E2=-0.65699551-0.00033679j|E3=-0.53439288-0.00011434j
26-28-10-21 #-----------------------------------------#
26-28-10-21 [Step 158] logΨ: mean=6.849-0.197j | min=2.509-1.455j | max=6.965+1.621j
26-28-10-21 梯度监控 | raw=10.5229 | per_param=0.3807 |  natural=0.0346 | clipped=0.0346(上限20.0)
26-28-10-21 原始规范坐标 G(Re Σrow_mean) = +8.8643 | 累计|g| = 7.2914
26-28-10-21 Ψ矩阵条件数 cond(Ψ) = 1.23e+01
26-28-10-21 Loss=-3.181284 | E0=-1.04494008+0.00438099j | E1=-0.94831800+0.00124187j|E2=-0.65472003-0.00017045j|E3=-0.53330624-0.00053285j
26-28-10-21 #-----------------------------------------#
26-28-10-21 [Step 159] logΨ: mean=6.846-0.288j | min=2.479-1.958j | max=6.942+1.599j
26-28-10-21 梯度监控 | raw=16.7103 | per_param=0.6046 |  natural=0.0227 | clipped=0.0227(上限20.0)
26-28-10-21 原始规范坐标 G(Re Σrow_mean) = +8.8634 | 累计|g| = 7.2914
26-28-10-21 Ψ矩阵条件数 cond(Ψ) = 1.23e+01
26-28-10-21 Loss=-3.170580 | E0=-1.03533093+0.00197219j | E1=-0.94924608+0.00146693j|E2=-0.65446890-0.00055252j|E3=-0.53153415-0.00076223j
26-28-10-21 #-----------------------------------------#
26-28-10-21 [保存] Step 159 → pickle 文件已更新 (160 条记录)
26-28-10-21 [GaugeReset@160] 吸收 Δg = Σ Re(col_mean) = +8.8634 | 新|g| = 7.3749
26-28-10-21 [Step 160] logΨ: mean=6.896-0.405j | min=1.156+0.828j | max=7.009+1.580j
26-28-10-21 梯度监控 | raw=10.2908 | per_param=0.3723 |  natural=0.0324 | clipped=0.0324(上限20.0)
26-28-10-21 原始规范坐标 G(Re Σrow_mean) = +8.8544 | 累计|g| = 7.3749
26-28-10-21 Ψ矩阵条件数 cond(Ψ) = 1.26e+01
26-28-10-21 Loss=-3.179352 | E0=-1.04165833+0.00193723j | E1=-0.94916341+0.00096323j|E2=-0.65519757-0.00024810j|E3=-0.53333295+0.00003069j
26-28-10-21 #-----------------------------------------#
26-28-10-21 [Step 161] logΨ: mean=6.850-0.065j | min=1.224+2.532j | max=6.968+1.572j
26-28-10-21 梯度监控 | raw=20.7449 | per_param=0.7505 |  natural=0.0246 | clipped=0.0246(上限20.0)
26-28-10-21 原始规范坐标 G(Re Σrow_mean) = +8.8461 | 累计|g| = 7.3749
26-28-10-21 Ψ矩阵条件数 cond(Ψ) = 1.23e+01
26-28-10-21 Loss=-3.159572 | E0=-1.02836287-0.00172466j | E1=-0.94687399+0.00112641j|E2=-0.65237914-0.00073426j|E3=-0.53195580+0.00010351j
26-28-10-21 #-----------------------------------------#
26-28-10-21 [Step 162] logΨ: mean=6.887+0.053j | min=1.849-2.046j | max=7.046+1.601j
26-28-10-21 梯度监控 | raw=19.9288 | per_param=0.7210 |  natural=0.0286 | clipped=0.0286(上限20.0)
26-28-10-21 原始规范坐标 G(Re Σrow_mean) = +8.8454 | 累计|g| = 7.3749
26-28-10-21 Ψ矩阵条件数 cond(Ψ) = 1.25e+01
26-28-10-21 Loss=-3.159535 | E0=-1.02618427-0.00225870j | E1=-0.94755403-0.00063271j|E2=-0.65419677+0.00078712j|E3=-0.53160039-0.00052889j
26-28-10-21 #-----------------------------------------#
26-28-10-21 [Step 163] logΨ: mean=6.881+0.078j | min=1.263-0.625j | max=6.964+1.596j
26-28-10-21 梯度监控 | raw=6.5839 | per_param=0.2382 |  natural=0.0267 | clipped=0.0267(上限20.0)
26-28-10-21 原始规范坐标 G(Re Σrow_mean) = +8.8309 | 累计|g| = 7.3749
26-28-10-21 Ψ矩阵条件数 cond(Ψ) = 1.26e+01
26-28-10-21 Loss=-3.183481 | E0=-1.04387903+0.00118023j | E1=-0.94982628+0.00031959j|E2=-0.65570915-0.00004448j|E3=-0.53406695-0.00008606j
26-28-10-21 #-----------------------------------------#
26-28-10-21 [Step 164] logΨ: mean=6.759-0.135j | min=1.551+1.125j | max=6.906+1.585j
26-28-10-21 梯度监控 | raw=14.3015 | per_param=0.5174 |  natural=0.0237 | clipped=0.0237(上限20.0)
26-28-10-21 原始规范坐标 G(Re Σrow_mean) = +8.7529 | 累计|g| = 7.3749
26-28-10-21 Ψ矩阵条件数 cond(Ψ) = 1.25e+01
26-28-10-21 Loss=-3.167692 | E0=-1.03045143-0.00340752j | E1=-0.95127813+0.00086703j|E2=-0.65309974-0.00082685j|E3=-0.53286295+0.00026621j
26-28-10-21 #-----------------------------------------#
26-28-10-21 [Step 165] logΨ: mean=6.741+0.141j | min=0.830-1.542j | max=6.932+1.621j
26-28-10-21 梯度监控 | raw=15.7541 | per_param=0.5700 |  natural=0.0305 | clipped=0.0305(上限20.0)
26-28-10-21 原始规范坐标 G(Re Σrow_mean) = +8.7456 | 累计|g| = 7.3749
26-28-10-21 Ψ矩阵条件数 cond(Ψ) = 1.24e+01
26-28-10-21 Loss=-3.164241 | E0=-1.02856777-0.00456660j | E1=-0.94905227+0.00040050j|E2=-0.65272835-0.00024290j|E3=-0.53389279+0.00071009j
26-28-10-21 #-----------------------------------------#
26-28-10-21 [Step 166] logΨ: mean=6.728+0.427j | min=1.069-1.457j | max=6.837+1.629j
26-28-10-21 梯度监控 | raw=4.8088 | per_param=0.1740 |  natural=0.0264 | clipped=0.0264(上限20.0)
26-28-10-21 原始规范坐标 G(Re Σrow_mean) = +8.7136 | 累计|g| = 7.3749
26-28-10-21 Ψ矩阵条件数 cond(Ψ) = 1.25e+01
26-28-10-21 Loss=-3.185447 | E0=-1.04258439-0.00034549j | E1=-0.95180578-0.00034568j|E2=-0.65707566+0.00011416j|E3=-0.53398079-0.00004341j
26-28-10-21 #-----------------------------------------#
26-28-10-21 [Step 167] logΨ: mean=6.772+0.374j | min=3.347-0.700j | max=6.819+1.638j
26-28-10-21 梯度监控 | raw=2.0277 | per_param=0.0734 |  natural=0.0076 | clipped=0.0076(上限20.0)
26-28-10-21 原始规范坐标 G(Re Σrow_mean) = +8.7450 | 累计|g| = 7.3749
26-28-10-21 Ψ矩阵条件数 cond(Ψ) = 1.25e+01
26-28-10-21 Loss=-3.189721 | E0=-1.04723727+0.00121112j | E1=-0.95154928+0.00000428j|E2=-0.65587662+0.00021647j|E3=-0.53505737-0.00006438j
26-28-10-21 #-----------------------------------------#
26-28-10-21 [Step 168] logΨ: mean=6.785+0.247j | min=2.741+1.215j | max=6.818+1.634j
26-28-10-21 梯度监控 | raw=0.6714 | per_param=0.0243 |  natural=0.0160 | clipped=0.0160(上限20.0)
26-28-10-21 原始规范坐标 G(Re Σrow_mean) = +8.7486 | 累计|g| = 7.3749
26-28-10-21 Ψ矩阵条件数 cond(Ψ) = 1.25e+01
26-28-10-21 Loss=-3.191351 | E0=-1.04934897+0.00143183j | E1=-0.95174280+0.00013373j|E2=-0.65654830+0.00018806j|E3=-0.53371073-0.00012586j
26-28-10-21 #-----------------------------------------#
26-28-10-21 [Step 169] logΨ: mean=6.743+0.179j | min=2.903-0.417j | max=6.814+1.645j
26-28-10-21 梯度监控 | raw=3.1285 | per_param=0.1132 |  natural=0.0127 | clipped=0.0127(上限20.0)
26-28-10-21 原始规范坐标 G(Re Σrow_mean) = +8.7241 | 累计|g| = 7.3749
26-28-10-21 Ψ矩阵条件数 cond(Ψ) = 1.25e+01
26-28-10-21 Loss=-3.185999 | E0=-1.04429318-0.00036095j | E1=-0.95199224+0.00023730j|E2=-0.65580819+0.00011916j|E3=-0.53390509+0.00004366j
26-28-10-21 #-----------------------------------------#
26-28-10-21 [GaugeReset@170] 吸收 Δg = Σ Re(col_mean) = +8.7241 | 新|g| = 7.4039
26-28-10-21 [Step 170] logΨ: mean=6.958+0.253j | min=1.936-1.759j | max=7.049+1.584j
26-28-10-21 梯度监控 | raw=7.6572 | per_param=0.2770 |  natural=0.0240 | clipped=0.0240(上限20.0)
26-28-10-21 原始规范坐标 G(Re Σrow_mean) = +8.7479 | 累计|g| = 7.4039
26-28-10-21 Ψ矩阵条件数 cond(Ψ) = 1.26e+01
26-28-10-21 Loss=-3.179830 | E0=-1.04130259-0.00128369j | E1=-0.95042421-0.00020942j|E2=-0.65568851+0.00035951j|E3=-0.53241442-0.00045450j
26-28-10-21 #-----------------------------------------#
26-28-10-21 [Step 171] logΨ: mean=7.017-0.076j | min=2.848-0.507j | max=7.066+1.580j
26-28-10-21 梯度监控 | raw=3.1908 | per_param=0.1154 |  natural=0.0079 | clipped=0.0079(上限20.0)
26-28-10-21 原始规范坐标 G(Re Σrow_mean) = +8.7953 | 累计|g| = 7.4039
26-28-10-21 Ψ矩阵条件数 cond(Ψ) = 1.26e+01
26-28-10-21 Loss=-3.190150 | E0=-1.04749547+0.00088593j | E1=-0.95164947+0.00019048j|E2=-0.65595769+0.00004998j|E3=-0.53504711-0.00009110j
26-28-10-21 #-----------------------------------------#
26-28-10-21 [Step 172] logΨ: mean=6.998-0.271j | min=1.327+1.309j | max=7.082+1.580j
26-28-10-21 梯度监控 | raw=14.4701 | per_param=0.5235 |  natural=0.0148 | clipped=0.0148(上限20.0)
26-28-10-21 原始规范坐标 G(Re Σrow_mean) = +8.7839 | 累计|g| = 7.4039
26-28-10-21 Ψ矩阵条件数 cond(Ψ) = 1.26e+01
26-28-10-21 Loss=-3.187151 | E0=-1.04662043+0.00033471j | E1=-0.95033348+0.00079228j|E2=-0.65537009-0.00035877j|E3=-0.53482718-0.00000081j
26-28-10-21 #-----------------------------------------#
26-28-10-21 [Step 173] logΨ: mean=6.906-0.225j | min=2.851+2.560j | max=7.016+1.527j
26-28-10-21 梯度监控 | raw=3.0937 | per_param=0.1119 |  natural=0.0251 | clipped=0.0251(上限20.0)
26-28-10-21 原始规范坐标 G(Re Σrow_mean) = +8.7245 | 累计|g| = 7.4039
26-28-10-21 Ψ矩阵条件数 cond(Ψ) = 1.26e+01
26-28-10-21 Loss=-3.186098 | E0=-1.04381301-0.00103022j | E1=-0.95257200-0.00020511j|E2=-0.65657172-0.00017348j|E3=-0.53314147-0.00027232j
26-28-10-21 #-----------------------------------------#
26-28-10-21 [Step 174] logΨ: mean=6.854+0.078j | min=1.195+1.377j | max=6.995+1.532j
26-28-10-21 梯度监控 | raw=21.2365 | per_param=0.7683 |  natural=0.0286 | clipped=0.0286(上限20.0)
26-28-10-21 原始规范坐标 G(Re Σrow_mean) = +8.6879 | 累计|g| = 7.4039
26-28-10-21 Ψ矩阵条件数 cond(Ψ) = 1.24e+01
26-28-10-21 Loss=-3.186519 | E0=-1.04664932+0.00000846j | E1=-0.94917119+0.00083528j|E2=-0.65574188-0.00038314j|E3=-0.53495626+0.00036489j
26-28-10-21 #-----------------------------------------#
26-28-10-21 [Step 175] logΨ: mean=6.872+0.063j | min=1.903-0.308j | max=6.979+1.493j
26-28-10-21 梯度监控 | raw=4.7395 | per_param=0.1715 |  natural=0.0228 | clipped=0.0228(上限20.0)
26-28-10-21 原始规范坐标 G(Re Σrow_mean) = +8.7196 | 累计|g| = 7.4039
26-28-10-21 Ψ矩阵条件数 cond(Ψ) = 1.24e+01
26-28-10-21 Loss=-3.186183 | E0=-1.04428415-0.00132448j | E1=-0.95130411+0.00062861j|E2=-0.65663019-0.00041565j|E3=-0.53396458+0.00020330j
26-28-10-21 #-----------------------------------------#
26-28-10-21 [Step 176] logΨ: mean=6.854-0.024j | min=1.325+1.516j | max=6.930+1.481j
26-28-10-21 梯度监控 | raw=1.1533 | per_param=0.0417 |  natural=0.0205 | clipped=0.0205(上限20.0)
26-28-10-21 原始规范坐标 G(Re Σrow_mean) = +8.7101 | 累计|g| = 7.4039
26-28-10-21 Ψ矩阵条件数 cond(Ψ) = 1.24e+01
26-28-10-21 Loss=-3.190778 | E0=-1.04619945+0.00014866j | E1=-0.95207997-0.00008591j|E2=-0.65701424+0.00007699j|E3=-0.53548390+0.00022425j
26-28-10-21 #-----------------------------------------#
26-28-10-21 [Step 177] logΨ: mean=6.892+0.438j | min=1.578+1.336j | max=7.013+1.486j
26-28-10-21 梯度监控 | raw=1.9333 | per_param=0.0699 |  natural=0.0438 | clipped=0.0438(上限20.0)
26-28-10-21 原始规范坐标 G(Re Σrow_mean) = +8.6919 | 累计|g| = 7.4039
26-28-10-21 Ψ矩阵条件数 cond(Ψ) = 1.26e+01
26-28-10-21 Loss=-3.189701 | E0=-1.04536183+0.00015291j | E1=-0.95284851-0.00056435j|E2=-0.65788841-0.00028569j|E3=-0.53360175-0.00010446j
26-28-10-21 #-----------------------------------------#
26-28-10-21 [Step 178] logΨ: mean=6.897+0.577j | min=2.885+1.024j | max=6.956+1.483j
26-28-10-21 梯度监控 | raw=0.3668 | per_param=0.0133 |  natural=0.0229 | clipped=0.0229(上限20.0)
26-28-10-21 原始规范坐标 G(Re Σrow_mean) = +8.6895 | 累计|g| = 7.4039
26-28-10-21 Ψ矩阵条件数 cond(Ψ) = 1.25e+01
26-28-10-21 Loss=-3.190977 | E0=-1.04700863+0.00018520j | E1=-0.95199233+0.00019039j|E2=-0.65724959+0.00015171j|E3=-0.53472614+0.00010953j
26-28-10-21 #-----------------------------------------#
26-28-10-21 [Step 179] logΨ: mean=6.875+0.175j | min=1.185+1.487j | max=6.935+1.458j
26-28-10-21 梯度监控 | raw=3.0134 | per_param=0.1090 |  natural=0.0306 | clipped=0.0306(上限20.0)
26-28-10-21 原始规范坐标 G(Re Σrow_mean) = +8.6729 | 累计|g| = 7.4039
26-28-10-21 Ψ矩阵条件数 cond(Ψ) = 1.25e+01
26-28-10-21 Loss=-3.187629 | E0=-1.04539544+0.00194728j | E1=-0.95187184+0.00076074j|E2=-0.65649854-0.00033157j|E3=-0.53386347+0.00004146j
26-28-10-21 #-----------------------------------------#
26-28-10-21 [保存] Step 179 → pickle 文件已更新 (180 条记录)
26-28-10-21 [GaugeReset@180] 吸收 Δg = Σ Re(col_mean) = +8.6729 | 新|g| = 7.3362
26-28-10-21 [Step 180] logΨ: mean=6.949+0.010j | min=2.068-1.602j | max=7.033+1.605j
26-28-10-21 梯度监控 | raw=7.3255 | per_param=0.2650 |  natural=0.0221 | clipped=0.0221(上限20.0)
26-28-10-21 原始规范坐标 G(Re Σrow_mean) = +8.6665 | 累计|g| = 7.3362
26-28-10-21 Ψ矩阵条件数 cond(Ψ) = 1.27e+01
26-28-10-21 Loss=-3.180995 | E0=-1.04114262-0.00056242j | E1=-0.95023268-0.00051429j|E2=-0.65615701+0.00037120j|E3=-0.53346304+0.00013608j
26-28-10-21 #-----------------------------------------#
26-28-10-21 [Step 181] logΨ: mean=6.903-0.053j | min=2.351-3.109j | max=7.002+1.514j
26-28-10-21 梯度监控 | raw=5.0729 | per_param=0.1835 |  natural=0.0258 | clipped=0.0258(上限20.0)
26-28-10-21 原始规范坐标 G(Re Σrow_mean) = +8.6716 | 累计|g| = 7.3362
26-28-10-21 Ψ矩阵条件数 cond(Ψ) = 1.26e+01
26-28-10-21 Loss=-3.186883 | E0=-1.04431068+0.00048397j | E1=-0.95089112-0.00021331j|E2=-0.65725173+0.00015073j|E3=-0.53442913+0.00004335j
26-28-10-21 #-----------------------------------------#
26-28-10-21 [Step 182] logΨ: mean=6.933+0.136j | min=1.683-1.608j | max=7.010+1.540j
26-28-10-21 梯度监控 | raw=5.4292 | per_param=0.1964 |  natural=0.0125 | clipped=0.0125(上限20.0)
26-28-10-21 原始规范坐标 G(Re Σrow_mean) = +8.6863 | 累计|g| = 7.3362
26-28-10-21 Ψ矩阵条件数 cond(Ψ) = 1.26e+01
26-28-10-21 Loss=-3.187713 | E0=-1.04628350+0.00107485j | E1=-0.95149530+0.00059329j|E2=-0.65673320-0.00021054j|E3=-0.53320080-0.00012733j
26-28-10-21 #-----------------------------------------#
26-28-10-21 [Step 183] logΨ: mean=6.955-0.097j | min=0.871+1.542j | max=7.047+1.564j
26-28-10-21 梯度监控 | raw=6.4694 | per_param=0.2341 |  natural=0.0122 | clipped=0.0122(上限20.0)
26-28-10-21 原始规范坐标 G(Re Σrow_mean) = +8.7134 | 累计|g| = 7.3362
26-28-10-21 Ψ矩阵条件数 cond(Ψ) = 1.26e+01
26-28-10-21 Loss=-3.180139 | E0=-1.03882158-0.00312629j | E1=-0.95203610+0.00011525j|E2=-0.65587703+0.00006064j|E3=-0.53340389-0.00033188j
26-28-10-21 #-----------------------------------------#
26-28-10-21 [Step 184] logΨ: mean=6.957-0.483j | min=2.940-2.024j | max=7.017+1.562j
26-28-10-21 梯度监控 | raw=2.9472 | per_param=0.1066 |  natural=0.0161 | clipped=0.0161(上限20.0)
26-28-10-21 原始规范坐标 G(Re Σrow_mean) = +8.7073 | 累计|g| = 7.3362
26-28-10-21 Ψ矩阵条件数 cond(Ψ) = 1.25e+01
26-28-10-21 Loss=-3.186515 | E0=-1.04465517-0.00047830j | E1=-0.95204285-0.00000652j|E2=-0.65648542+0.00021632j|E3=-0.53333128-0.00027494j
26-28-10-21 #-----------------------------------------#
26-28-10-21 [Step 185] logΨ: mean=7.000-0.666j | min=2.900-1.834j | max=7.059+1.559j
26-28-10-21 梯度监控 | raw=2.1185 | per_param=0.0766 |  natural=0.0183 | clipped=0.0183(上限20.0)
26-28-10-21 原始规范坐标 G(Re Σrow_mean) = +8.7194 | 累计|g| = 7.3362
26-28-10-21 Ψ矩阵条件数 cond(Ψ) = 1.25e+01
26-28-10-21 Loss=-3.187650 | E0=-1.04456620-0.00101641j | E1=-0.95208606+0.00025092j|E2=-0.65715179+0.00007431j|E3=-0.53384597+0.00009259j
26-28-10-21 #-----------------------------------------#
26-28-10-21 [Step 186] logΨ: mean=6.973-0.780j | min=2.340+0.634j | max=7.074+1.578j
26-28-10-21 梯度监控 | raw=7.4094 | per_param=0.2681 |  natural=0.0286 | clipped=0.0286(上限20.0)
26-28-10-21 原始规范坐标 G(Re Σrow_mean) = +8.7181 | 累计|g| = 7.3362
26-28-10-21 Ψ矩阵条件数 cond(Ψ) = 1.22e+01
26-28-10-21 Loss=-3.185460 | E0=-1.04483037-0.00089978j | E1=-0.95111382-0.00047692j|E2=-0.65559587+0.00054694j|E3=-0.53391958+0.00006600j
26-28-10-21 #-----------------------------------------#
26-28-10-21 [Step 187] logΨ: mean=6.997-0.598j | min=1.421+1.625j | max=7.045+1.586j
26-28-10-21 梯度监控 | raw=3.9441 | per_param=0.1427 |  natural=0.0107 | clipped=0.0107(上限20.0)
26-28-10-21 原始规范坐标 G(Re Σrow_mean) = +8.7345 | 累计|g| = 7.3362
26-28-10-21 Ψ矩阵条件数 cond(Ψ) = 1.22e+01
26-28-10-21 Loss=-3.188782 | E0=-1.04689714+0.00096351j | E1=-0.95110622+0.00065816j|E2=-0.65624015-0.00019926j|E3=-0.53453870-0.00014436j
26-28-10-21 #-----------------------------------------#
26-28-10-21 [Step 188] logΨ: mean=6.946-0.616j | min=2.229+2.851j | max=7.009+1.594j
26-28-10-21 梯度监控 | raw=5.0114 | per_param=0.1813 |  natural=0.0236 | clipped=0.0236(上限20.0)
26-28-10-21 原始规范坐标 G(Re Σrow_mean) = +8.6901 | 累计|g| = 7.3362
26-28-10-21 Ψ矩阵条件数 cond(Ψ) = 1.22e+01
26-28-10-21 Loss=-3.189621 | E0=-1.04797741+0.00104264j | E1=-0.95121764+0.00024904j|E2=-0.65694575+0.00001220j|E3=-0.53348018-0.00017156j
26-28-10-21 #-----------------------------------------#
26-28-10-21 [Step 189] logΨ: mean=7.034-0.199j | min=2.186-1.523j | max=7.095+1.602j
26-28-10-21 梯度监控 | raw=1.6550 | per_param=0.0599 |  natural=0.0179 | clipped=0.0179(上限20.0)
26-28-10-21 原始规范坐标 G(Re Σrow_mean) = +8.7035 | 累计|g| = 7.3362
26-28-10-21 Ψ矩阵条件数 cond(Ψ) = 1.25e+01
26-28-10-21 Loss=-3.187590 | E0=-1.04463809+0.00015225j | E1=-0.95169212+0.00010783j|E2=-0.65633500+0.00014954j|E3=-0.53492444-0.00025960j
26-28-10-21 #-----------------------------------------#
26-28-10-21 [GaugeReset@190] 吸收 Δg = Σ Re(col_mean) = +8.7035 | 新|g| = 7.3895
26-28-10-21 [Step 190] logΨ: mean=6.886-0.113j | min=2.247-2.382j | max=7.008+1.537j
26-28-10-21 梯度监控 | raw=5.1498 | per_param=0.1863 |  natural=0.0220 | clipped=0.0220(上限20.0)
26-28-10-21 原始规范坐标 G(Re Σrow_mean) = +8.6391 | 累计|g| = 7.3895
26-28-10-21 Ψ矩阵条件数 cond(Ψ) = 1.25e+01
26-28-10-21 Loss=-3.186479 | E0=-1.04463826-0.00077953j | E1=-0.95089305+0.00001135j|E2=-0.65654746+0.00015139j|E3=-0.53440053+0.00019429j
26-28-10-21 #-----------------------------------------#
26-28-10-21 [Step 191] logΨ: mean=6.951-0.280j | min=0.752+1.227j | max=7.061+1.557j
26-28-10-21 梯度监控 | raw=4.8215 | per_param=0.1744 |  natural=0.0346 | clipped=0.0346(上限20.0)
26-28-10-21 原始规范坐标 G(Re Σrow_mean) = +8.6422 | 累计|g| = 7.3895
26-28-10-21 Ψ矩阵条件数 cond(Ψ) = 1.28e+01
26-28-10-21 Loss=-3.186473 | E0=-1.04544128-0.00008095j | E1=-0.95102327+0.00005589j|E2=-0.65639791+0.00004296j|E3=-0.53361054-0.00026598j
26-28-10-21 #-----------------------------------------#
26-28-10-21 [Step 192] logΨ: mean=7.084-0.266j | min=2.134-2.091j | max=7.159+1.564j
26-28-10-21 梯度监控 | raw=15.5430 | per_param=0.5623 |  natural=0.0299 | clipped=0.0299(上限20.0)
26-28-10-21 原始规范坐标 G(Re Σrow_mean) = +8.7396 | 累计|g| = 7.3895
26-28-10-21 Ψ矩阵条件数 cond(Ψ) = 1.25e+01
26-28-10-21 Loss=-3.188073 | E0=-1.04610210+0.00023939j | E1=-0.95022603+0.00038177j|E2=-0.65570449-0.00013961j|E3=-0.53604010+0.00018241j
26-28-10-21 #-----------------------------------------#
26-28-10-21 [Step 193] logΨ: mean=6.995+0.073j | min=1.212+1.400j | max=7.086+1.542j
26-28-10-21 梯度监控 | raw=1.5857 | per_param=0.0574 |  natural=0.0165 | clipped=0.0165(上限20.0)
26-28-10-21 原始规范坐标 G(Re Σrow_mean) = +8.6833 | 累计|g| = 7.3895
26-28-10-21 Ψ矩阵条件数 cond(Ψ) = 1.26e+01
26-28-10-21 Loss=-3.189491 | E0=-1.04609771-0.00024430j | E1=-0.95192928+0.00015140j|E2=-0.65717128+0.00006701j|E3=-0.53429247-0.00003031j
26-28-10-21 #-----------------------------------------#
26-28-10-21 [Step 194] logΨ: mean=7.051+0.185j | min=1.871-1.093j | max=7.125+1.563j
26-28-10-21 梯度监控 | raw=1.5095 | per_param=0.0546 |  natural=0.0243 | clipped=0.0243(上限20.0)
26-28-10-21 原始规范坐标 G(Re Σrow_mean) = +8.6834 | 累计|g| = 7.3895
26-28-10-21 Ψ矩阵条件数 cond(Ψ) = 1.29e+01
26-28-10-21 Loss=-3.190539 | E0=-1.04479631+0.00045317j | E1=-0.95211464+0.00018632j|E2=-0.65697311-0.00005423j|E3=-0.53665458-0.00002459j
26-28-10-21 #-----------------------------------------#
26-28-10-21 [Step 195] logΨ: mean=7.075-0.249j | min=-0.155+3.107j | max=7.211+1.642j
26-28-10-21 梯度监控 | raw=13.5644 | per_param=0.4907 |  natural=0.0573 | clipped=0.0573(上限20.0)
26-28-10-21 原始规范坐标 G(Re Σrow_mean) = +8.7013 | 累计|g| = 7.3895
26-28-10-21 Ψ矩阵条件数 cond(Ψ) = 1.31e+01
26-28-10-21 Loss=-3.177245 | E0=-1.03748986-0.00003061j | E1=-0.95059273-0.00074151j|E2=-0.65531623+0.00076793j|E3=-0.53384576-0.00003128j
26-28-10-21 #-----------------------------------------#
26-28-10-21 [Step 196] logΨ: mean=7.076+0.025j | min=2.699-0.634j | max=7.190+1.602j
26-28-10-21 梯度监控 | raw=7.8441 | per_param=0.2838 |  natural=0.0186 | clipped=0.0186(上限20.0)
26-28-10-21 原始规范坐标 G(Re Σrow_mean) = +8.7175 | 累计|g| = 7.3895
26-28-10-21 Ψ矩阵条件数 cond(Ψ) = 1.31e+01
26-28-10-21 Loss=-3.184250 | E0=-1.04188693-0.00134720j | E1=-0.95087806-0.00073232j|E2=-0.65605729-0.00007078j|E3=-0.53542788+0.00097779j
26-28-10-21 #-----------------------------------------#
26-28-10-21 [Step 197] logΨ: mean=7.070-0.172j | min=1.516-2.179j | max=7.221+1.572j
26-28-10-21 梯度监控 | raw=10.2125 | per_param=0.3695 |  natural=0.0265 | clipped=0.0265(上限20.0)
26-28-10-21 原始规范坐标 G(Re Σrow_mean) = +8.6797 | 累计|g| = 7.3895
26-28-10-21 Ψ矩阵条件数 cond(Ψ) = 1.31e+01
26-28-10-21 Loss=-3.174266 | E0=-1.03665703-0.00530731j | E1=-0.95152104+0.00081525j|E2=-0.65507337-0.00033625j|E3=-0.53101501-0.00074853j
26-28-10-21 #-----------------------------------------#
26-28-10-21 [Step 198] logΨ: mean=7.344-0.359j | min=2.244-1.560j | max=7.402+1.601j
26-28-10-21 梯度监控 | raw=7.0035 | per_param=0.2534 |  natural=0.0229 | clipped=0.0229(上限20.0)
26-28-10-21 原始规范坐标 G(Re Σrow_mean) = +8.8162 | 累计|g| = 7.3895
26-28-10-21 Ψ矩阵条件数 cond(Ψ) = 1.33e+01
26-28-10-21 Loss=-3.187751 | E0=-1.04660284+0.00271771j | E1=-0.94972397+0.00024117j|E2=-0.65606678+0.00001711j|E3=-0.53535737-0.00018774j
26-28-10-21 #-----------------------------------------#
26-28-10-21 [Step 199] logΨ: mean=7.336-0.449j | min=3.216-1.985j | max=7.368+1.598j
26-28-10-21 梯度监控 | raw=0.0200 | per_param=0.0007 |  natural=0.0290 | clipped=0.0290(上限20.0)
26-28-10-21 原始规范坐标 G(Re Σrow_mean) = +8.8135 | 累计|g| = 7.3895
26-28-10-21 Ψ矩阵条件数 cond(Ψ) = 1.32e+01
26-28-10-21 Loss=-3.190334 | E0=-1.04689208+0.00223822j | E1=-0.95170527+0.00015007j|E2=-0.65687904+0.00010707j|E3=-0.53485734+0.00005608j
26-28-10-21 #-----------------------------------------#
26-28-10-21 [保存] Step 199 → pickle 文件已更新 (200 条记录)
26-28-10-21 [GaugeReset@200] 吸收 Δg = Σ Re(col_mean) = +8.8135 | 新|g| = 7.4462
26-28-10-21 [Step 200] logΨ: mean=6.921-0.603j | min=2.500-0.865j | max=7.132+1.515j
26-28-10-21 梯度监控 | raw=96.0227 | per_param=3.4740 |  natural=0.0357 | clipped=0.0357(上限20.0)
26-28-10-21 原始规范坐标 G(Re Σrow_mean) = +8.6210 | 累计|g| = 7.4462
26-28-10-21 Ψ矩阵条件数 cond(Ψ) = 1.29e+01
26-28-10-21 Loss=-3.081446 | E0=-0.98071972+0.00191263j | E1=-0.92675378+0.00182233j|E2=-0.64990982+0.00038971j|E3=-0.52406257-0.00152864j
26-28-10-21 #-----------------------------------------#
26-28-10-21 [Step 201] logΨ: mean=6.895-0.709j | min=1.602+0.656j | max=7.073+1.504j
26-28-10-21 梯度监控 | raw=68.8951 | per_param=2.4925 |  natural=0.0346 | clipped=0.0346(上限20.0)
26-28-10-21 原始规范坐标 G(Re Σrow_mean) = +8.5698 | 累计|g| = 7.4462
26-28-10-21 Ψ矩阵条件数 cond(Ψ) = 1.25e+02
26-28-10-21 Loss=-3.113985 | E0=-0.99348594-0.00096645j | E1=-0.93756830-0.00236131j|E2=-0.65111699+0.00074490j|E3=-0.53181421+0.00366944j
26-28-10-21 #-----------------------------------------#
26-28-10-21 [Step 202] logΨ: mean=6.666-0.747j | min=1.714-1.047j | max=6.911+1.392j
26-28-10-21 梯度监控 | raw=87.7605 | per_param=3.1751 |  natural=0.0324 | clipped=0.0324(上限20.0)
26-28-10-21 原始规范坐标 G(Re Σrow_mean) = +8.4589 | 累计|g| = 7.4462
26-28-10-21 Ψ矩阵条件数 cond(Ψ) = 1.27e+01
26-28-10-21 Loss=-3.083726 | E0=-0.97565907-0.00481801j | E1=-0.93188900+0.00482219j|E2=-0.65041131-0.00197642j|E3=-0.52576621-0.00041794j
26-28-10-21 #-----------------------------------------#
26-28-10-21 [Step 203] logΨ: mean=6.698-0.285j | min=2.011+1.677j | max=6.852+1.366j
26-28-10-21 梯度监控 | raw=47.0985 | per_param=1.7040 |  natural=0.0215 | clipped=0.0215(上限20.0)
26-28-10-21 原始规范坐标 G(Re Σrow_mean) = +8.4916 | 累计|g| = 7.4462
26-28-10-21 Ψ矩阵条件数 cond(Ψ) = 1.25e+01
26-28-10-21 Loss=-3.140357 | E0=-1.01562406+0.00113417j | E1=-0.94153445-0.00174504j|E2=-0.65177475+0.00104581j|E3=-0.53142409+0.00112168j
26-28-10-21 #-----------------------------------------#
26-28-10-21 [Step 204] logΨ: mean=6.582-0.295j | min=1.085-0.900j | max=6.805+1.352j
26-28-10-21 梯度监控 | raw=66.1387 | per_param=2.3928 |  natural=0.0371 | clipped=0.0371(上限20.0)
26-28-10-21 原始规范坐标 G(Re Σrow_mean) = +8.4435 | 累计|g| = 7.4462
26-28-10-21 Ψ矩阵条件数 cond(Ψ) = 1.24e+01
26-28-10-21 Loss=-3.103832 | E0=-0.99354295-0.00151527j | E1=-0.93504945-0.00351373j|E2=-0.64867763+0.00121019j|E3=-0.52656214-0.00002161j
26-28-10-21 #-----------------------------------------#
26-28-10-21 [Step 205] logΨ: mean=6.569-0.605j | min=2.140+1.685j | max=6.703+1.351j
26-28-10-21 梯度监控 | raw=24.9852 | per_param=0.9039 |  natural=0.0259 | clipped=0.0259(上限20.0)
26-28-10-21 原始规范坐标 G(Re Σrow_mean) = +8.4012 | 累计|g| = 7.4462
26-28-10-21 Ψ矩阵条件数 cond(Ψ) = 1.25e+01
26-28-10-21 Loss=-3.163970 | E0=-1.03145739+0.00194621j | E1=-0.94760604+0.00028910j|E2=-0.65407816+0.00005817j|E3=-0.53082846-0.00037776j
26-28-10-21 #-----------------------------------------#
26-28-10-21 [Step 206] logΨ: mean=6.601-0.674j | min=1.376-0.997j | max=6.668+1.332j
26-28-10-21 梯度监控 | raw=12.5994 | per_param=0.4558 |  natural=0.0077 | clipped=0.0077(上限20.0)
26-28-10-21 原始规范坐标 G(Re Σrow_mean) = +8.4180 | 累计|g| = 7.4462
26-28-10-21 Ψ矩阵条件数 cond(Ψ) = 1.24e+01
26-28-10-21 Loss=-3.181485 | E0=-1.04439985+0.00360400j | E1=-0.95031667+0.00029144j|E2=-0.65499220-0.00015356j|E3=-0.53177620-0.00051661j
26-28-10-21 #-----------------------------------------#
26-28-10-21 [Step 207] logΨ: mean=6.559-0.646j | min=2.234-1.958j | max=6.666+1.314j
26-28-10-21 梯度监控 | raw=22.7582 | per_param=0.8234 |  natural=0.0180 | clipped=0.0180(上限20.0)
26-28-10-21 原始规范坐标 G(Re Σrow_mean) = +8.3987 | 累计|g| = 7.4462
26-28-10-21 Ψ矩阵条件数 cond(Ψ) = 1.23e+01
26-28-10-21 Loss=-3.162698 | E0=-1.02712097-0.00001619j | E1=-0.94923165+0.00011409j|E2=-0.65480946+0.00012706j|E3=-0.53153576-0.00063687j
26-28-10-21 #-----------------------------------------#
26-28-10-21 [Step 208] logΨ: mean=6.481+0.300j | min=-0.404+0.634j | max=6.596+1.311j
26-28-10-21 梯度监控 | raw=10.6510 | per_param=0.3853 |  natural=0.0182 | clipped=0.0182(上限20.0)
26-28-10-21 原始规范坐标 G(Re Σrow_mean) = +8.3275 | 累计|g| = 7.4462
26-28-10-21 Ψ矩阵条件数 cond(Ψ) = 1.16e+01
26-28-10-21 Loss=-3.182578 | E0=-1.04396765+0.00241303j | E1=-0.94982415-0.00002591j|E2=-0.65669722-0.00007979j|E3=-0.53208899-0.00074621j
26-28-10-21 #-----------------------------------------#
26-28-10-21 [Step 209] logΨ: mean=6.378+0.242j | min=0.947+2.124j | max=6.547+1.297j
26-28-10-21 梯度监控 | raw=29.1299 | per_param=1.0539 |  natural=0.0102 | clipped=0.0102(上限20.0)
26-28-10-21 原始规范坐标 G(Re Σrow_mean) = +8.2826 | 累计|g| = 7.4462
26-28-10-21 Ψ矩阵条件数 cond(Ψ) = 8.09e+01
26-28-10-21 Loss=-3.148906 | E0=-1.01244462-0.00539008j | E1=-0.94956839-0.00110193j|E2=-0.65613956+0.00035230j|E3=-0.53075362+0.00033970j
26-28-10-21 #-----------------------------------------#
26-28-10-21 [GaugeReset@210] 吸收 Δg = Σ Re(col_mean) = +8.2826 | 新|g| = 7.3940
26-28-10-21 [Step 210] logΨ: mean=7.085+0.081j | min=2.030+2.159j | max=7.180+1.282j
26-28-10-21 梯度监控 | raw=12.6791 | per_param=0.4587 |  natural=0.0161 | clipped=0.0161(上限20.0)
26-28-10-21 原始规范坐标 G(Re Σrow_mean) = +8.3669 | 累计|g| = 7.3940
26-28-10-21 Ψ矩阵条件数 cond(Ψ) = 1.25e+01
26-28-10-21 Loss=-3.175961 | E0=-1.03640633-0.00125932j | E1=-0.95116229+0.00051853j|E2=-0.65563375-0.00029270j|E3=-0.53275868+0.00073545j
26-28-10-21 #-----------------------------------------#
26-28-10-21 [Step 211] logΨ: mean=7.129-0.085j | min=2.581-1.103j | max=7.195+1.275j
26-28-10-21 梯度监控 | raw=16.4827 | per_param=0.5963 |  natural=0.0076 | clipped=0.0076(上限20.0)
26-28-10-21 原始规范坐标 G(Re Σrow_mean) = +8.4120 | 累计|g| = 7.3940
26-28-10-21 Ψ矩阵条件数 cond(Ψ) = 1.25e+01
26-28-10-21 Loss=-3.178964 | E0=-1.03992756-0.00001737j | E1=-0.95065572+0.00023798j|E2=-0.65572605-0.00008961j|E3=-0.53265440-0.00049703j
26-28-10-21 #-----------------------------------------#
26-28-10-21 [Step 212] logΨ: mean=7.032-0.054j | min=1.800-2.229j | max=7.159+1.299j
26-28-10-21 梯度监控 | raw=10.9015 | per_param=0.3944 |  natural=0.0204 | clipped=0.0204(上限20.0)
26-28-10-21 原始规范坐标 G(Re Σrow_mean) = +8.3329 | 累计|g| = 7.3940
26-28-10-21 Ψ矩阵条件数 cond(Ψ) = 1.25e+01
26-28-10-21 Loss=-3.188268 | E0=-1.04598202+0.00106119j | E1=-0.95225098-0.00106427j|E2=-0.65760584+0.00003364j|E3=-0.53242938-0.00048820j
26-28-10-21 #-----------------------------------------#
26-28-10-21 [Step 213] logΨ: mean=7.221+0.141j | min=2.047+2.154j | max=7.283+1.316j
26-28-10-21 梯度监控 | raw=3.7943 | per_param=0.1373 |  natural=0.0219 | clipped=0.0219(上限20.0)
26-28-10-21 原始规范坐标 G(Re Σrow_mean) = +8.4010 | 累计|g| = 7.3940
26-28-10-21 Ψ矩阵条件数 cond(Ψ) = 1.27e+01
26-28-10-21 Loss=-3.188459 | E0=-1.04695394+0.00165998j | E1=-0.95138212+0.00019521j|E2=-0.65620433-0.00006526j|E3=-0.53391884-0.00047347j
26-28-10-21 #-----------------------------------------#
26-28-10-21 [Step 214] logΨ: mean=7.177-0.030j | min=-1.016-0.131j | max=7.294+1.323j
26-28-10-21 梯度监控 | raw=5.1055 | per_param=0.1847 |  natural=0.0222 | clipped=0.0222(上限20.0)
26-28-10-21 原始规范坐标 G(Re Σrow_mean) = +8.3332 | 累计|g| = 7.3940
26-28-10-21 Ψ矩阵条件数 cond(Ψ) = 1.31e+01
26-28-10-21 Loss=-3.186058 | E0=-1.04314607-0.00049438j | E1=-0.95336955+0.00150066j|E2=-0.65565142-0.00111388j|E3=-0.53389127+0.00027666j
26-28-10-21 #-----------------------------------------#
26-28-10-21 [Step 215] logΨ: mean=7.222-0.551j | min=2.742+2.622j | max=7.277+1.261j
26-28-10-21 梯度监控 | raw=6.5487 | per_param=0.2369 |  natural=0.0192 | clipped=0.0192(上限20.0)
26-28-10-21 原始规范坐标 G(Re Σrow_mean) = +8.3829 | 累计|g| = 7.3940
26-28-10-21 Ψ矩阵条件数 cond(Ψ) = 2.97e+01
26-28-10-21 Loss=-3.185333 | E0=-1.04554889+0.00035913j | E1=-0.95006536-0.00013960j|E2=-0.65588798+0.00020294j|E3=-0.53383064-0.00015721j
26-28-10-21 #-----------------------------------------#
26-28-10-21 [Step 216] logΨ: mean=7.061-0.556j | min=1.853-2.034j | max=7.139+1.132j
26-28-10-21 梯度监控 | raw=18.9200 | per_param=0.6845 |  natural=0.0267 | clipped=0.0267(上限20.0)
26-28-10-21 原始规范坐标 G(Re Σrow_mean) = +8.3524 | 累计|g| = 7.3940
26-28-10-21 Ψ矩阵条件数 cond(Ψ) = 1.23e+01
26-28-10-21 Loss=-3.187748 | E0=-1.04800891+0.00145717j | E1=-0.94795403+0.00028643j|E2=-0.65693411-0.00023017j|E3=-0.53485123-0.00038904j
26-28-10-21 #-----------------------------------------#
26-28-10-21 [Step 217] logΨ: mean=7.090-1.115j | min=1.344-2.096j | max=7.125+1.135j
26-28-10-21 梯度监控 | raw=6.8329 | per_param=0.2472 |  natural=0.0150 | clipped=0.0150(上限20.0)
26-28-10-21 原始规范坐标 G(Re Σrow_mean) = +8.3952 | 累计|g| = 7.3940
26-28-10-21 Ψ矩阵条件数 cond(Ψ) = 1.22e+01
26-28-10-21 Loss=-3.188731 | E0=-1.04709718+0.00213359j | E1=-0.95074462+0.00016094j|E2=-0.65647076-0.00006957j|E3=-0.53441836+0.00048556j
26-28-10-21 #-----------------------------------------#
26-28-10-21 [Step 218] logΨ: mean=7.138-1.000j | min=2.039-1.020j | max=7.224+1.177j
26-28-10-21 梯度监控 | raw=7.0162 | per_param=0.2538 |  natural=0.0202 | clipped=0.0202(上限20.0)
26-28-10-21 原始规范坐标 G(Re Σrow_mean) = +8.3834 | 累计|g| = 7.3940
26-28-10-21 Ψ矩阵条件数 cond(Ψ) = 1.24e+01
26-28-10-21 Loss=-3.181826 | E0=-1.04144406-0.00020141j | E1=-0.95143495+0.00050445j|E2=-0.65526971-0.00032224j|E3=-0.53367767-0.00035593j
26-28-10-21 #-----------------------------------------#
26-28-10-21 [Step 219] logΨ: mean=7.116-1.200j | min=2.856-0.802j | max=7.195+1.082j
26-28-10-21 梯度监控 | raw=18.7574 | per_param=0.6786 |  natural=0.0237 | clipped=0.0237(上限20.0)
26-28-10-21 原始规范坐标 G(Re Σrow_mean) = +8.4162 | 累计|g| = 7.3940
26-28-10-21 Ψ矩阵条件数 cond(Ψ) = 1.21e+01
26-28-10-21 Loss=-3.178105 | E0=-1.04315442-0.00032096j | E1=-0.94747571+0.00032260j|E2=-0.65476837-0.00025862j|E3=-0.53270655-0.00076026j
26-28-10-21 #-----------------------------------------#
26-28-10-21 [保存] Step 219 → pickle 文件已更新 (220 条记录)
26-28-10-21 [GaugeReset@220] 吸收 Δg = Σ Re(col_mean) = +8.4162 | 新|g| = 7.4015
26-28-10-21 [Step 220] logΨ: mean=6.993-1.091j | min=1.484-2.407j | max=7.134+1.153j
26-28-10-21 梯度监控 | raw=9.2729 | per_param=0.3355 |  natural=0.0193 | clipped=0.0193(上限20.0)
26-28-10-21 原始规范坐标 G(Re Σrow_mean) = +8.3911 | 累计|g| = 7.4015
26-28-10-21 Ψ矩阵条件数 cond(Ψ) = 1.25e+01
26-28-10-21 Loss=-3.185347 | E0=-1.04453392+0.00004228j | E1=-0.95106440+0.00005619j|E2=-0.65689387-0.00035747j|E3=-0.53285504-0.00037697j
26-28-10-21 #-----------------------------------------#
26-28-10-21 [Step 221] logΨ: mean=7.013-0.567j | min=1.771+1.139j | max=7.103+1.157j
26-28-10-21 梯度监控 | raw=6.4151 | per_param=0.2321 |  natural=0.0147 | clipped=0.0147(上限20.0)
26-28-10-21 原始规范坐标 G(Re Σrow_mean) = +8.4206 | 累计|g| = 7.4015
26-28-10-21 Ψ矩阵条件数 cond(Ψ) = 1.25e+01
26-28-10-21 Loss=-3.186847 | E0=-1.04456336-0.00042238j | E1=-0.95123058-0.00052608j|E2=-0.65714295+0.00041705j|E3=-0.53391022+0.00009902j
26-28-10-21 #-----------------------------------------#
26-28-10-21 [Step 222] logΨ: mean=7.153-0.319j | min=2.123+1.678j | max=7.182+1.191j
26-28-10-21 梯度监控 | raw=0.0727 | per_param=0.0026 |  natural=0.0117 | clipped=0.0117(上限20.0)
26-28-10-21 原始规范坐标 G(Re Σrow_mean) = +8.4685 | 累计|g| = 7.4015
26-28-10-21 Ψ矩阵条件数 cond(Ψ) = 1.28e+01
26-28-10-21 Loss=-3.190887 | E0=-1.04760378+0.00225655j | E1=-0.95217512+0.00007094j|E2=-0.65716511+0.00006643j|E3=-0.53394317-0.00056053j
26-28-10-21 #-----------------------------------------#
26-28-10-21 [Step 223] logΨ: mean=7.085-0.144j | min=0.845-1.725j | max=7.272+1.222j
26-28-10-21 梯度监控 | raw=10.7242 | per_param=0.3880 |  natural=0.0227 | clipped=0.0227(上限20.0)
26-28-10-21 原始规范坐标 G(Re Σrow_mean) = +8.4151 | 累计|g| = 7.4015
26-28-10-21 Ψ矩阵条件数 cond(Ψ) = 1.32e+01
26-28-10-21 Loss=-3.181674 | E0=-1.04086449-0.00302672j | E1=-0.95134663-0.00004371j|E2=-0.65627154-0.00039611j|E3=-0.53319165+0.00028501j
26-28-10-21 #-----------------------------------------#
26-28-10-21 [Step 224] logΨ: mean=7.192+0.006j | min=1.652+1.167j | max=7.298+1.211j
26-28-10-21 梯度监控 | raw=7.9585 | per_param=0.2879 |  natural=0.0120 | clipped=0.0120(上限20.0)
26-28-10-21 原始规范坐标 G(Re Σrow_mean) = +8.5033 | 累计|g| = 7.4015
26-28-10-21 Ψ矩阵条件数 cond(Ψ) = 1.31e+01
26-28-10-21 Loss=-3.187613 | E0=-1.04449292-0.00022052j | E1=-0.95116737-0.00077593j|E2=-0.65689982+0.00035973j|E3=-0.53505255+0.00033854j
26-28-10-21 #-----------------------------------------#
26-28-10-21 [Step 225] logΨ: mean=7.176+0.032j | min=1.546-1.783j | max=7.282+1.219j
26-28-10-21 梯度监控 | raw=6.8142 | per_param=0.2465 |  natural=0.0258 | clipped=0.0258(上限20.0)
26-28-10-21 原始规范坐标 G(Re Σrow_mean) = +8.5067 | 累计|g| = 7.4015
26-28-10-21 Ψ矩阵条件数 cond(Ψ) = 1.31e+01
26-28-10-21 Loss=-3.185242 | E0=-1.04374443-0.00201931j | E1=-0.95136004-0.00014440j|E2=-0.65650487-0.00005281j|E3=-0.53363309+0.00023061j
26-28-10-21 #-----------------------------------------#
26-28-10-21 [Step 226] logΨ: mean=7.232+0.183j | min=3.035-2.262j | max=7.276+1.267j
26-28-10-21 梯度监控 | raw=0.7128 | per_param=0.0258 |  natural=0.0210 | clipped=0.0210(上限20.0)
26-28-10-21 原始规范坐标 G(Re Σrow_mean) = +8.5303 | 累计|g| = 7.4015
26-28-10-21 Ψ矩阵条件数 cond(Ψ) = 1.29e+01
26-28-10-21 Loss=-3.190579 | E0=-1.04718188+0.00149633j | E1=-0.95210494-0.00005330j|E2=-0.65679406+0.00011528j|E3=-0.53449768+0.00025414j
26-28-10-21 #-----------------------------------------#
26-28-10-21 [Step 227] logΨ: mean=7.234+0.126j | min=2.548+1.481j | max=7.282+1.207j
26-28-10-21 梯度监控 | raw=11.0585 | per_param=0.4001 |  natural=0.0236 | clipped=0.0236(上限20.0)
26-28-10-21 原始规范坐标 G(Re Σrow_mean) = +8.5482 | 累计|g| = 7.4015
26-28-10-21 Ψ矩阵条件数 cond(Ψ) = 1.27e+01
26-28-10-21 Loss=-3.190293 | E0=-1.04744550+0.00118003j | E1=-0.95029761+0.00021339j|E2=-0.65765742+0.00008549j|E3=-0.53489275-0.00026637j
26-28-10-21 #-----------------------------------------#
26-28-10-21 [Step 228] logΨ: mean=7.149+0.052j | min=1.087+1.441j | max=7.219+1.199j
26-28-10-21 梯度监控 | raw=4.6764 | per_param=0.1692 |  natural=0.0302 | clipped=0.0302(上限20.0)
26-28-10-21 原始规范坐标 G(Re Σrow_mean) = +8.5020 | 累计|g| = 7.4015
26-28-10-21 Ψ矩阵条件数 cond(Ψ) = 1.26e+01
26-28-10-21 Loss=-3.187802 | E0=-1.04651267+0.00001453j | E1=-0.95140609-0.00006311j|E2=-0.65613714+0.00010896j|E3=-0.53374657+0.00036574j
26-28-10-21 #-----------------------------------------#
26-28-10-21 [Step 229] logΨ: mean=7.031-0.317j | min=1.291+1.101j | max=7.156+1.103j
26-28-10-21 梯度监控 | raw=22.6329 | per_param=0.8188 |  natural=0.0343 | clipped=0.0343(上限20.0)
26-28-10-21 原始规范坐标 G(Re Σrow_mean) = +8.4617 | 累计|g| = 7.4015
26-28-10-21 Ψ矩阵条件数 cond(Ψ) = 1.23e+01
26-28-10-21 Loss=-3.186117 | E0=-1.04452999-0.00044929j | E1=-0.94935413-0.00024731j|E2=-0.65809989-0.00006455j|E3=-0.53413302+0.00015632j
26-28-10-21 #-----------------------------------------#
26-28-10-21 [GaugeReset@230] 吸收 Δg = Σ Re(col_mean) = +8.4617 | 新|g| = 7.3561
26-28-10-21 [Step 230] logΨ: mean=7.039-0.538j | min=1.076+1.274j | max=7.156+1.153j
26-28-10-21 梯度监控 | raw=5.9684 | per_param=0.2159 |  natural=0.0231 | clipped=0.0231(上限20.0)
26-28-10-21 原始规范坐标 G(Re Σrow_mean) = +8.4485 | 累计|g| = 7.3561
26-28-10-21 Ψ矩阵条件数 cond(Ψ) = 1.27e+01
26-28-10-21 Loss=-3.182444 | E0=-1.04049054-0.00069588j | E1=-0.95187590-0.00021324j|E2=-0.65631416+0.00020493j|E3=-0.53376375-0.00049512j
26-28-10-21 #-----------------------------------------#
26-28-10-21 [Step 231] logΨ: mean=7.084-1.038j | min=1.070-1.896j | max=7.145+1.130j
26-28-10-21 梯度监控 | raw=3.4879 | per_param=0.1262 |  natural=0.0107 | clipped=0.0107(上限20.0)
26-28-10-21 原始规范坐标 G(Re Σrow_mean) = +8.4812 | 累计|g| = 7.3561
26-28-10-21 Ψ矩阵条件数 cond(Ψ) = 1.27e+01
26-28-10-21 Loss=-3.191885 | E0=-1.04713898+0.00035891j | E1=-0.95216944+0.00024284j|E2=-0.65720373-0.00004568j|E3=-0.53537320+0.00024765j
26-28-10-21 #-----------------------------------------#
26-28-10-21 [Step 232] logΨ: mean=7.156-1.141j | min=2.179+1.785j | max=7.207+1.130j
26-28-10-21 梯度监控 | raw=10.9172 | per_param=0.3950 |  natural=0.0163 | clipped=0.0163(上限20.0)
26-28-10-21 原始规范坐标 G(Re Σrow_mean) = +8.5359 | 累计|g| = 7.3561
26-28-10-21 Ψ矩阵条件数 cond(Ψ) = 1.27e+01
26-28-10-21 Loss=-3.187856 | E0=-1.04464190+0.00001929j | E1=-0.95056194+0.00011424j|E2=-0.65691807-0.00002618j|E3=-0.53573408-0.00014783j
26-28-10-21 #-----------------------------------------#
26-28-10-21 [Step 233] logΨ: mean=7.129-1.012j | min=1.021+1.155j | max=7.296+1.152j
26-28-10-21 梯度监控 | raw=5.1578 | per_param=0.1866 |  natural=0.0167 | clipped=0.0167(上限20.0)
26-28-10-21 原始规范坐标 G(Re Σrow_mean) = +8.5155 | 累计|g| = 7.3561
26-28-10-21 Ψ矩阵条件数 cond(Ψ) = 1.30e+01
26-28-10-21 Loss=-3.181785 | E0=-1.03909333-0.00148623j | E1=-0.95231906+0.00002079j|E2=-0.65675934-0.00018790j|E3=-0.53361278-0.00049035j
26-28-10-21 #-----------------------------------------#
26-28-10-21 [Step 234] logΨ: mean=7.190-0.773j | min=2.749-1.845j | max=7.275+1.155j
26-28-10-21 梯度监控 | raw=1.1926 | per_param=0.0431 |  natural=0.0066 | clipped=0.0066(上限20.0)
26-28-10-21 原始规范坐标 G(Re Σrow_mean) = +8.5424 | 累计|g| = 7.3561
26-28-10-21 Ψ矩阵条件数 cond(Ψ) = 1.30e+01
26-28-10-21 Loss=-3.191732 | E0=-1.04763435+0.00028440j | E1=-0.95247781-0.00007482j|E2=-0.65775538-0.00021749j|E3=-0.53386487-0.00018783j
26-28-10-21 #-----------------------------------------#
26-28-10-21 [Step 235] logΨ: mean=7.195-0.908j | min=2.103-1.397j | max=7.269+1.135j
26-28-10-21 梯度监控 | raw=6.0289 | per_param=0.2181 |  natural=0.0102 | clipped=0.0102(上限20.0)
26-28-10-21 原始规范坐标 G(Re Σrow_mean) = +8.5621 | 累计|g| = 7.3561
26-28-10-21 Ψ矩阵条件数 cond(Ψ) = 1.30e+01
26-28-10-21 Loss=-3.189597 | E0=-1.04699770+0.00028211j | E1=-0.95171733-0.00005516j|E2=-0.65593204-0.00009059j|E3=-0.53495007+0.00000702j
26-28-10-21 #-----------------------------------------#
26-28-10-21 [Step 236] logΨ: mean=5.408-0.845j | min=-0.092-2.786j | max=5.437+1.357j
26-28-10-21 梯度监控 | raw=18.2629 | per_param=0.6607 |  natural=0.1811 | clipped=0.1811(上限20.0)
26-28-10-21 原始规范坐标 G(Re Σrow_mean) = +6.4088 | 累计|g| = 7.3561
26-28-10-21 Ψ矩阵条件数 cond(Ψ) = 1.71e+01
26-28-10-21 Loss=-3.167373 | E0=-1.02620526+0.00563962j | E1=-0.95230157-0.00015741j|E2=-0.65703977+0.00042499j|E3=-0.53182654+0.00049999j
26-28-10-21 #-----------------------------------------#
26-28-10-21 [Step 237] logΨ: mean=6.125-0.674j | min=1.538+1.097j | max=6.693+2.948j
26-28-10-21 梯度监控 | raw=134.0990 | per_param=4.8515 |  natural=0.0280 | clipped=0.0280(上限20.0)
26-28-10-21 原始规范坐标 G(Re Σrow_mean) = +6.2134 | 累计|g| = 7.3561
26-28-10-21 Ψ矩阵条件数 cond(Ψ) = 1.66e+01
26-28-10-21 Loss=-2.223390 | E0=-1.04935402-0.00003829j | E1=-0.65673554-0.00785033j|E2=-0.54796874-0.00238114j|E3=0.03066838+0.01224979j
26-28-10-21 #-----------------------------------------#
26-28-10-21 [Step 238] logΨ: mean=6.615-0.309j | min=3.050+1.351j | max=6.891+2.951j
26-28-10-21 梯度监控 | raw=103.7961 | per_param=3.7552 |  natural=0.0229 | clipped=0.0229(上限20.0)
26-28-10-21 原始规范坐标 G(Re Σrow_mean) = +6.1563 | 累计|g| = 7.3561
26-28-10-21 Ψ矩阵条件数 cond(Ψ) = 1.14e+01
26-28-10-21 Loss=-1.641153 | E0=-1.04941489+0.00011310j | E1=-0.66474128+0.00077754j|E2=-0.53988671-0.00049751j|E3=0.61288999+0.00130455j
26-28-10-21 #-----------------------------------------#
26-28-10-21 [Step 239] logΨ: mean=6.846-0.284j | min=0.993-1.883j | max=7.047+3.011j
26-28-10-21 梯度监控 | raw=55.0029 | per_param=1.9899 |  natural=0.0290 | clipped=0.0290(上限20.0)
26-28-10-21 原始规范坐标 G(Re Σrow_mean) = +6.2436 | 累计|g| = 7.3561
26-28-10-21 Ψ矩阵条件数 cond(Ψ) = 1.57e+01
26-28-10-21 Loss=-1.323841 | E0=-1.04906155+0.00002491j | E1=-0.66081380-0.00354409j|E2=-0.53734226+0.00012847j|E3=0.92337625+0.00043980j
26-28-10-21 #-----------------------------------------#
26-28-10-21 [保存] Step 239 → pickle 文件已更新 (240 条记录)
26-28-10-21 [GaugeReset@240] 吸收 Δg = Σ Re(col_mean) = +6.2436 | 新|g| = 5.9440
26-28-10-21 [Step 240] logΨ: mean=9.217-0.121j | min=4.846-1.151j | max=9.412+2.029j
26-28-10-21 梯度监控 | raw=78.8812 | per_param=2.8538 |  natural=0.0358 | clipped=0.0358(上限20.0)
26-28-10-21 原始规范坐标 G(Re Σrow_mean) = +6.6915 | 累计|g| = 5.9440
26-28-10-21 Ψ矩阵条件数 cond(Ψ) = 1.60e+01
26-28-10-21 Loss=-1.518637 | E0=-1.04956958+0.00000168j | E1=-0.66163972-0.00326997j|E2=-0.53945150+0.00033086j|E3=0.73202395-0.00005206j
26-28-10-21 #-----------------------------------------#
26-28-10-22 [Step 241] logΨ: mean=9.387+0.334j | min=3.666-1.258j | max=9.553+2.078j
26-28-10-22 梯度监控 | raw=88.7900 | per_param=3.2123 |  natural=0.0446 | clipped=0.0446(上限20.0)
26-28-10-22 原始规范坐标 G(Re Σrow_mean) = +7.1107 | 累计|g| = 5.9440
26-28-10-22 Ψ矩阵条件数 cond(Ψ) = 2.15e+01
26-28-10-22 Loss=-1.628460 | E0=-1.04924783+0.00023564j | E1=-0.65396419-0.01124627j|E2=-0.53767229+0.00011469j|E3=0.61242444+0.00373188j
26-28-10-22 #-----------------------------------------#
26-28-10-22 [Step 242] logΨ: mean=9.638+0.056j | min=4.275-2.538j | max=9.891+0.492j
26-28-10-22 梯度监控 | raw=85.3918 | per_param=3.0894 |  natural=0.0443 | clipped=0.0443(上限20.0)
26-28-10-22 原始规范坐标 G(Re Σrow_mean) = +7.4300 | 累计|g| = 5.9440
26-28-10-22 Ψ矩阵条件数 cond(Ψ) = 1.82e+01
26-28-10-22 Loss=-1.620131 | E0=-1.04933400+0.00036773j | E1=-0.64927618-0.01621739j|E2=-0.53903866+0.00081223j|E3=0.61751793+0.00301920j
26-28-10-22 #-----------------------------------------#
26-28-10-22 [Step 243] logΨ: mean=9.849-0.006j | min=5.241+2.102j | max=10.175+0.524j
26-28-10-22 梯度监控 | raw=94.3205 | per_param=3.4124 |  natural=0.0530 | clipped=0.0530(上限20.0)
26-28-10-22 原始规范坐标 G(Re Σrow_mean) = +7.9076 | 累计|g| = 5.9440
26-28-10-22 Ψ矩阵条件数 cond(Ψ) = 3.11e+01
26-28-10-22 Loss=-1.910927 | E0=-1.04926304+0.00058533j | E1=-0.66309477-0.00322287j|E2=-0.53885355+0.00023547j|E3=0.34028430+0.00088695j
26-28-10-22 #-----------------------------------------#
26-28-10-22 [Step 244] logΨ: mean=10.200-0.645j | min=4.998-2.954j | max=10.427+0.538j
26-28-10-22 梯度监控 | raw=77.7514 | per_param=2.8129 |  natural=0.0563 | clipped=0.0563(上限20.0)
26-28-10-22 原始规范坐标 G(Re Σrow_mean) = +8.7216 | 累计|g| = 5.9440
26-28-10-22 Ψ矩阵条件数 cond(Ψ) = 1.28e+01
26-28-10-22 Loss=-2.557259 | E0=-1.04958447+0.00093278j | E1=-0.69803798+0.02375396j|E2=-0.54417831-0.00299547j|E3=-0.26545794-0.01427120j
26-28-10-22 #-----------------------------------------#
26-28-10-22 [Step 245] logΨ: mean=10.209-0.414j | min=6.337+0.026j | max=10.607+0.616j
26-28-10-22 梯度监控 | raw=85.6583 | per_param=3.0990 |  natural=0.0583 | clipped=0.0583(上限20.0)
26-28-10-22 原始规范坐标 G(Re Σrow_mean) = +8.7541 | 累计|g| = 5.9440
26-28-10-22 Ψ矩阵条件数 cond(Ψ) = 1.27e+01
26-28-10-22 Loss=-2.371694 | E0=-1.04899888+0.00063680j | E1=-0.67367274+0.00389913j|E2=-0.54254382+0.00081973j|E3=-0.10647856-0.00546379j
26-28-10-22 #-----------------------------------------#
26-28-10-22 [Step 246] logΨ: mean=10.122+0.061j | min=4.909+2.299j | max=10.639+0.823j
26-28-10-22 梯度监控 | raw=85.0895 | per_param=3.0784 |  natural=0.0646 | clipped=0.0646(上限20.0)
26-28-10-22 原始规范坐标 G(Re Σrow_mean) = +8.9056 | 累计|g| = 5.9440
26-28-10-22 Ψ矩阵条件数 cond(Ψ) = 4.46e+01
26-28-10-22 Loss=-2.462320 | E0=-1.04972124-0.00032267j | E1=-0.66774776-0.00421136j|E2=-0.53900654-0.00094412j|E3=-0.20584396+0.00465378j
26-28-10-22 #-----------------------------------------#
26-28-10-22 [Step 247] logΨ: mean=10.286-0.445j | min=5.349-2.677j | max=10.836+0.717j
26-28-10-22 梯度监控 | raw=92.1649 | per_param=3.3344 |  natural=0.0202 | clipped=0.0202(上限20.0)
26-28-10-22 原始规范坐标 G(Re Σrow_mean) = +9.1521 | 累计|g| = 5.9440
26-28-10-22 Ψ矩阵条件数 cond(Ψ) = 5.20e+01
26-28-10-22 Loss=-2.557023 | E0=-1.04582835-0.00484598j | E1=-0.66241925-0.01088052j|E2=-0.54295803-0.00119545j|E3=-0.30581755+0.01103333j
26-28-10-22 #-----------------------------------------#
26-28-10-22 [Step 248] logΨ: mean=10.240-0.856j | min=4.857-0.804j | max=10.559+0.760j
26-28-10-22 梯度监控 | raw=48.2319 | per_param=1.7450 |  natural=0.0457 | clipped=0.0457(上限20.0)
26-28-10-22 原始规范坐标 G(Re Σrow_mean) = +9.3276 | 累计|g| = 5.9440
26-28-10-22 Ψ矩阵条件数 cond(Ψ) = 1.32e+01
26-28-10-22 Loss=-2.906074 | E0=-1.04839260-0.00115042j | E1=-0.70685075-0.01296210j|E2=-0.63013373+0.01724829j|E3=-0.52069737-0.00770558j
26-28-10-22 #-----------------------------------------#
26-28-10-22 [Step 249] logΨ: mean=10.149-1.052j | min=3.484+1.209j | max=10.385+0.806j
26-28-10-22 梯度监控 | raw=32.4411 | per_param=1.1737 |  natural=0.0374 | clipped=0.0374(上限20.0)
26-28-10-22 原始规范坐标 G(Re Σrow_mean) = +9.2984 | 累计|g| = 5.9440
26-28-10-22 Ψ矩阵条件数 cond(Ψ) = 1.21e+01
26-28-10-22 Loss=-3.059270 | E0=-1.04830831-0.00117257j | E1=-0.82024300-0.01616306j|E2=-0.66136241+0.01440457j|E3=-0.52935579+0.00019932j
26-28-10-22 #-----------------------------------------#
26-28-10-22 [GaugeReset@250] 吸收 Δg = Σ Re(col_mean) = +9.2984 | 新|g| = 7.3696
26-28-10-22 [Step 250] logΨ: mean=7.064+0.689j | min=1.649+1.502j | max=7.249+1.689j
26-28-10-22 梯度监控 | raw=27.6235 | per_param=0.9994 |  natural=0.0255 | clipped=0.0255(上限20.0)
26-28-10-22 原始规范坐标 G(Re Σrow_mean) = +9.2054 | 累计|g| = 7.3696
26-28-10-22 Ψ矩阵条件数 cond(Ψ) = 1.38e+01
26-28-10-22 Loss=-3.112623 | E0=-1.04760470-0.00022805j | E1=-0.87692944-0.00529787j|E2=-0.65792287+0.00449674j|E3=-0.53016551+0.00007614j
26-28-10-22 #-----------------------------------------#
26-28-10-22 [Step 251] logΨ: mean=6.729+0.325j | min=1.489-0.340j | max=6.975+1.581j
26-28-10-22 梯度监控 | raw=54.8469 | per_param=1.9843 |  natural=0.0280 | clipped=0.0280(上限20.0)
26-28-10-22 原始规范坐标 G(Re Σrow_mean) = +8.9736 | 累计|g| = 7.3696
26-28-10-22 Ψ矩阵条件数 cond(Ψ) = 4.42e+01
26-28-10-22 Loss=-3.086780 | E0=-1.04857164-0.00000573j | E1=-0.85450121-0.00033672j|E2=-0.65130786+0.00028747j|E3=-0.53239921-0.00058566j
26-28-10-22 #-----------------------------------------#
26-28-10-22 [Step 252] logΨ: mean=6.812+0.527j | min=1.449-0.096j | max=6.953+1.571j
26-28-10-22 梯度监控 | raw=18.1752 | per_param=0.6576 |  natural=0.0221 | clipped=0.0221(上限20.0)
26-28-10-22 原始规范坐标 G(Re Σrow_mean) = +8.9760 | 累计|g| = 7.3696
26-28-10-22 Ψ矩阵条件数 cond(Ψ) = 1.39e+01
26-28-10-22 Loss=-3.166666 | E0=-1.04740160-0.00036816j | E1=-0.93048435+0.00064812j|E2=-0.65602928-0.00055173j|E3=-0.53275115-0.00033242j
26-28-10-22 #-----------------------------------------#
26-28-10-22 [Step 253] logΨ: mean=6.823+0.350j | min=2.319+0.766j | max=6.875+1.522j
26-28-10-22 梯度监控 | raw=10.0321 | per_param=0.3629 |  natural=0.0106 | clipped=0.0106(上限20.0)
26-28-10-22 原始规范坐标 G(Re Σrow_mean) = +8.9510 | 累计|g| = 7.3696
26-28-10-22 Ψ矩阵条件数 cond(Ψ) = 1.40e+01
26-28-10-22 Loss=-3.180759 | E0=-1.04764991+0.00024366j | E1=-0.94300437-0.00052140j|E2=-0.65719000+0.00041833j|E3=-0.53291474+0.00029743j
26-28-10-22 #-----------------------------------------#
26-28-10-22 [Step 254] logΨ: mean=6.746+0.623j | min=0.801+0.337j | max=6.866+1.536j
26-28-10-22 梯度监控 | raw=26.4259 | per_param=0.9561 |  natural=0.0395 | clipped=0.0395(上限20.0)
26-28-10-22 原始规范坐标 G(Re Σrow_mean) = +8.8168 | 累计|g| = 7.3696
26-28-10-22 Ψ矩阵条件数 cond(Ψ) = 1.44e+01
26-28-10-22 Loss=-3.172058 | E0=-1.04721235+0.00073215j | E1=-0.93491118+0.00048770j|E2=-0.65537871-0.00051199j|E3=-0.53455546-0.00033554j
26-28-10-22 #-----------------------------------------#
26-28-10-22 [Step 255] logΨ: mean=6.654+0.849j | min=2.414-1.915j | max=6.732+1.469j
26-28-10-22 梯度监控 | raw=7.1783 | per_param=0.2597 |  natural=0.0252 | clipped=0.0252(上限20.0)
26-28-10-22 原始规范坐标 G(Re Σrow_mean) = +8.7585 | 累计|g| = 7.3696
26-28-10-22 Ψ矩阵条件数 cond(Ψ) = 1.41e+01
26-28-10-22 Loss=-3.185184 | E0=-1.04583844+0.00243023j | E1=-0.94874718-0.00059757j|E2=-0.65758816+0.00048238j|E3=-0.53301010+0.00022090j
26-28-10-22 #-----------------------------------------#
26-28-10-22 [Step 256] logΨ: mean=6.643+0.509j | min=2.545+1.906j | max=6.684+1.452j
26-28-10-22 梯度监控 | raw=1.6051 | per_param=0.0581 |  natural=0.0066 | clipped=0.0066(上限20.0)
26-28-10-22 原始规范坐标 G(Re Σrow_mean) = +8.7428 | 累计|g| = 7.3696
26-28-10-22 Ψ矩阵条件数 cond(Ψ) = 1.42e+01
26-28-10-22 Loss=-3.189260 | E0=-1.04547528+0.00338383j | E1=-0.95153376-0.00027779j|E2=-0.65679085+0.00023820j|E3=-0.53546053-0.00022036j
26-28-10-22 #-----------------------------------------#
26-28-10-22 [Step 257] logΨ: mean=6.598+0.135j | min=2.286+0.492j | max=6.647+1.459j
26-28-10-22 梯度监控 | raw=3.5336 | per_param=0.1278 |  natural=0.0201 | clipped=0.0201(上限20.0)
26-28-10-22 原始规范坐标 G(Re Σrow_mean) = +8.6859 | 累计|g| = 7.3696
26-28-10-22 Ψ矩阵条件数 cond(Ψ) = 1.42e+01
26-28-10-22 Loss=-3.187074 | E0=-1.04626388+0.00199450j | E1=-0.95041643+0.00004603j|E2=-0.65651007+0.00007323j|E3=-0.53388404+0.00005225j
26-28-10-22 #-----------------------------------------#
26-28-10-22 [Step 258] logΨ: mean=6.563-0.074j | min=2.470-0.400j | max=6.624+1.459j
26-28-10-22 梯度监控 | raw=3.8226 | per_param=0.1383 |  natural=0.0076 | clipped=0.0076(上限20.0)
26-28-10-22 原始规范坐标 G(Re Σrow_mean) = +8.6619 | 累计|g| = 7.3696
26-28-10-22 Ψ矩阵条件数 cond(Ψ) = 1.42e+01
26-28-10-22 Loss=-3.186297 | E0=-1.04564711-0.00006464j | E1=-0.95082444+0.00075512j|E2=-0.65647061-0.00051250j|E3=-0.53335513-0.00011476j
26-28-10-22 #-----------------------------------------#
26-28-10-22 [Step 259] logΨ: mean=6.537+0.312j | min=1.375-1.660j | max=6.647+1.433j
26-28-10-22 梯度监控 | raw=6.3501 | per_param=0.2297 |  natural=0.0280 | clipped=0.0280(上限20.0)
26-28-10-22 原始规范坐标 G(Re Σrow_mean) = +8.5982 | 累计|g| = 7.3696
26-28-10-22 Ψ矩阵条件数 cond(Ψ) = 1.45e+01
26-28-10-22 Loss=-3.184324 | E0=-1.04087037-0.00436153j | E1=-0.95071954+0.00031387j|E2=-0.65641623-0.00032265j|E3=-0.53631758+0.00020584j
26-28-10-22 #-----------------------------------------#
26-28-10-22 [保存] Step 259 → pickle 文件已更新 (260 条记录)
26-28-10-22 [GaugeReset@260] 吸收 Δg = Σ Re(col_mean) = +8.5982 | 新|g| = 7.3257
26-28-10-22 [Step 260] logΨ: mean=7.059+0.012j | min=1.733-2.199j | max=7.203+1.401j
26-28-10-22 梯度监控 | raw=15.0779 | per_param=0.5455 |  natural=0.0374 | clipped=0.0374(上限20.0)
26-28-10-22 原始规范坐标 G(Re Σrow_mean) = +8.5144 | 累计|g| = 7.3257
26-28-10-22 Ψ矩阵条件数 cond(Ψ) = 1.30e+01
26-28-10-22 Loss=-3.182547 | E0=-1.04451428-0.00227801j | E1=-0.94666177-0.00004922j|E2=-0.65647940-0.00009881j|E3=-0.53489132+0.00057148j
26-28-10-22 #-----------------------------------------#
26-28-10-22 [Step 261] logΨ: mean=7.047+0.158j | min=2.783-1.966j | max=7.135+1.411j
26-28-10-22 梯度监控 | raw=6.2342 | per_param=0.2255 |  natural=0.0382 | clipped=0.0382(上限20.0)
26-28-10-22 原始规范坐标 G(Re Σrow_mean) = +8.4655 | 累计|g| = 7.3257
26-28-10-22 Ψ矩阵条件数 cond(Ψ) = 2.45e+02
26-28-10-22 Loss=-3.188826 | E0=-1.04641743+0.00102101j | E1=-0.95129602+0.00032970j|E2=-0.65715391-0.00031800j|E3=-0.53395902+0.00029694j
26-28-10-22 #-----------------------------------------#
26-28-10-22 [Step 262] logΨ: mean=6.906-0.049j | min=2.669+0.873j | max=7.005+1.301j
26-28-10-22 梯度监控 | raw=11.9330 | per_param=0.4317 |  natural=0.0260 | clipped=0.0260(上限20.0)
26-28-10-22 原始规范坐标 G(Re Σrow_mean) = +8.4485 | 累计|g| = 7.3257
26-28-10-22 Ψ矩阵条件数 cond(Ψ) = 1.25e+01
26-28-10-22 Loss=-3.182452 | E0=-1.04528630-0.00038767j | E1=-0.94523279-0.00048364j|E2=-0.65647408+0.00030308j|E3=-0.53545840+0.00004586j
26-28-10-22 #-----------------------------------------#
26-28-10-22 [Step 263] logΨ: mean=6.954-0.493j | min=2.010+1.475j | max=7.056+1.256j
26-28-10-22 梯度监控 | raw=6.8201 | per_param=0.2467 |  natural=0.0309 | clipped=0.0309(上限20.0)
26-28-10-22 原始规范坐标 G(Re Σrow_mean) = +8.4169 | 累计|g| = 7.3257
26-28-10-22 Ψ矩阵条件数 cond(Ψ) = 1.28e+01
26-28-10-22 Loss=-3.184711 | E0=-1.04591446-0.00099126j | E1=-0.94838481-0.00082010j|E2=-0.65713624+0.00063290j|E3=-0.53327526-0.00014162j
26-28-10-22 #-----------------------------------------#
26-28-10-22 [Step 264] logΨ: mean=6.775-0.657j | min=1.345-1.915j | max=6.909+1.200j
26-28-10-22 梯度监控 | raw=13.1834 | per_param=0.4770 |  natural=0.0226 | clipped=0.0226(上限20.0)
26-28-10-22 原始规范坐标 G(Re Σrow_mean) = +8.3693 | 累计|g| = 7.3257
26-28-10-22 Ψ矩阵条件数 cond(Ψ) = 1.23e+01
26-28-10-22 Loss=-3.181494 | E0=-1.04522463-0.00009947j | E1=-0.94318110-0.00072846j|E2=-0.65676527+0.00061393j|E3=-0.53632296+0.00025992j
26-28-10-22 #-----------------------------------------#
26-28-10-22 [Step 265] logΨ: mean=6.910+0.204j | min=2.015+1.500j | max=6.992+1.234j
26-28-10-22 梯度监控 | raw=12.4515 | per_param=0.4505 |  natural=0.0191 | clipped=0.0191(上限20.0)
26-28-10-22 原始规范坐标 G(Re Σrow_mean) = +8.4199 | 累计|g| = 7.3257
26-28-10-22 Ψ矩阵条件数 cond(Ψ) = 1.25e+01
26-28-10-22 Loss=-3.184780 | E0=-1.04543636+0.00080198j | E1=-0.94660589+0.00012605j|E2=-0.65707961-0.00023856j|E3=-0.53565832-0.00001468j
26-28-10-22 #-----------------------------------------#
26-28-10-22 [Step 266] logΨ: mean=6.789+0.375j | min=2.700-2.662j | max=6.885+1.185j
26-28-10-22 梯度监控 | raw=7.8869 | per_param=0.2853 |  natural=0.0186 | clipped=0.0186(上限20.0)
26-28-10-22 原始规范坐标 G(Re Σrow_mean) = +8.3939 | 累计|g| = 7.3257
26-28-10-22 Ψ矩阵条件数 cond(Ψ) = 1.21e+01
26-28-10-22 Loss=-3.186415 | E0=-1.04548605-0.00011683j | E1=-0.94826408-0.00011765j|E2=-0.65694084+0.00017016j|E3=-0.53572416-0.00002452j
26-28-10-22 #-----------------------------------------#
26-28-10-22 [Step 267] logΨ: mean=6.843-0.084j | min=1.345+1.194j | max=6.942+1.229j
26-28-10-22 梯度监控 | raw=9.5350 | per_param=0.3450 |  natural=0.0293 | clipped=0.0293(上限20.0)
26-28-10-22 原始规范坐标 G(Re Σrow_mean) = +8.3815 | 累计|g| = 7.3257
26-28-10-22 Ψ矩阵条件数 cond(Ψ) = 1.25e+01
26-28-10-22 Loss=-3.185981 | E0=-1.04567895+0.00030893j | E1=-0.94948748-0.00013053j|E2=-0.65677278-0.00005742j|E3=-0.53404141+0.00004601j
26-28-10-22 #-----------------------------------------#
26-28-10-22 [Step 268] logΨ: mean=6.937-0.346j | min=1.747-1.138j | max=7.016+1.267j
26-28-10-22 梯度监控 | raw=5.6358 | per_param=0.2039 |  natural=0.0132 | clipped=0.0132(上限20.0)
26-28-10-22 原始规范坐标 G(Re Σrow_mean) = +8.4051 | 累计|g| = 7.3257
26-28-10-22 Ψ矩阵条件数 cond(Ψ) = 1.28e+01
26-28-10-22 Loss=-3.188486 | E0=-1.04660376+0.00045202j | E1=-0.95046810-0.00059687j|E2=-0.65729763+0.00052060j|E3=-0.53411637-0.00025920j
26-28-10-22 #-----------------------------------------#
26-28-10-22 [Step 269] logΨ: mean=6.838-0.636j | min=2.286-2.083j | max=6.980+1.258j
26-28-10-22 梯度监控 | raw=14.7910 | per_param=0.5351 |  natural=0.0172 | clipped=0.0172(上限20.0)
26-28-10-22 原始规范坐标 G(Re Σrow_mean) = +8.3475 | 累计|g| = 7.3257
26-28-10-22 Ψ矩阵条件数 cond(Ψ) = 1.27e+01
26-28-10-22 Loss=-3.186685 | E0=-1.04675382-0.00017116j | E1=-0.94897189-0.00068546j|E2=-0.65637253+0.00063575j|E3=-0.53458722+0.00055456j
26-28-10-22 #-----------------------------------------#
26-28-10-22 [GaugeReset@270] 吸收 Δg = Σ Re(col_mean) = +8.3475 | 新|g| = 7.2719
26-28-10-22 [Step 270] logΨ: mean=7.125-0.875j | min=2.535+3.045j | max=7.183+1.278j
26-28-10-22 梯度监控 | raw=3.5335 | per_param=0.1278 |  natural=0.0182 | clipped=0.0182(上限20.0)
26-28-10-22 原始规范坐标 G(Re Σrow_mean) = +8.3979 | 累计|g| = 7.2719
26-28-10-22 Ψ矩阵条件数 cond(Ψ) = 1.25e+01
26-28-10-22 Loss=-3.189629 | E0=-1.04676987+0.00031890j | E1=-0.95159791-0.00006005j|E2=-0.65692025+0.00008201j|E3=-0.53434130-0.00007683j
26-28-10-22 #-----------------------------------------#
26-28-10-22 [Step 271] logΨ: mean=7.227-1.047j | min=1.077+1.285j | max=7.301+1.306j
26-28-10-22 梯度监控 | raw=4.3615 | per_param=0.1578 |  natural=0.0316 | clipped=0.0316(上限20.0)
26-28-10-22 原始规范坐标 G(Re Σrow_mean) = +8.4180 | 累计|g| = 7.2719
26-28-10-22 Ψ矩阵条件数 cond(Ψ) = 1.27e+01
26-28-10-22 Loss=-3.188774 | E0=-1.04651800+0.00013413j | E1=-0.95145743-0.00077808j|E2=-0.65677605+0.00054355j|E3=-0.53402222+0.00026618j
26-28-10-22 #-----------------------------------------#
26-28-10-22 [Step 272] logΨ: mean=7.240-0.862j | min=2.070-1.788j | max=7.342+1.357j
26-28-10-22 梯度监控 | raw=2.0715 | per_param=0.0749 |  natural=0.0199 | clipped=0.0199(上限20.0)
26-28-10-22 原始规范坐标 G(Re Σrow_mean) = +8.3815 | 累计|g| = 7.2719
26-28-10-22 Ψ矩阵条件数 cond(Ψ) = 1.30e+01
26-28-10-22 Loss=-3.189604 | E0=-1.04747450-0.00064808j | E1=-0.95213639-0.00035843j|E2=-0.65722212+0.00018854j|E3=-0.53277140-0.00007365j
26-28-10-22 #-----------------------------------------#
26-28-10-22 [Step 273] logΨ: mean=7.270-1.180j | min=2.980-2.588j | max=7.339+1.362j
26-28-10-22 梯度监控 | raw=3.3076 | per_param=0.1197 |  natural=0.0104 | clipped=0.0104(上限20.0)
26-28-10-22 原始规范坐标 G(Re Σrow_mean) = +8.3998 | 累计|g| = 7.2719
26-28-10-22 Ψ矩阵条件数 cond(Ψ) = 1.30e+01
26-28-10-22 Loss=-3.189453 | E0=-1.04685043-0.00005262j | E1=-0.95117655+0.00000706j|E2=-0.65707277+0.00003718j|E3=-0.53435299-0.00004553j
26-28-10-22 #-----------------------------------------#
26-28-10-22 [Step 274] logΨ: mean=7.238-0.465j | min=1.976+2.104j | max=7.421+1.389j
26-28-10-22 梯度监控 | raw=4.1230 | per_param=0.1492 |  natural=0.0119 | clipped=0.0119(上限20.0)
26-28-10-22 原始规范坐标 G(Re Σrow_mean) = +8.3658 | 累计|g| = 7.2719
26-28-10-22 Ψ矩阵条件数 cond(Ψ) = 1.33e+01
26-28-10-22 Loss=-3.192670 | E0=-1.04642724+0.00030811j | E1=-0.95258165-0.00041994j|E2=-0.65908959-0.00031778j|E3=-0.53457147-0.00021799j
26-28-10-22 #-----------------------------------------#
26-28-10-22 [Step 275] logΨ: mean=7.362-0.766j | min=3.387+2.814j | max=7.410+1.388j
26-28-10-22 梯度监控 | raw=0.9929 | per_param=0.0359 |  natural=0.0039 | clipped=0.0039(上限20.0)
26-28-10-22 原始规范坐标 G(Re Σrow_mean) = +8.4362 | 累计|g| = 7.2719
26-28-10-22 Ψ矩阵条件数 cond(Ψ) = 1.33e+01
26-28-10-22 Loss=-3.190322 | E0=-1.04673745-0.00033489j | E1=-0.95204054+0.00013074j|E2=-0.65727258-0.00010366j|E3=-0.53427128-0.00012317j
26-28-10-22 #-----------------------------------------#
26-28-10-22 [Step 276] logΨ: mean=7.388-0.507j | min=2.481-1.515j | max=7.435+1.367j
26-28-10-22 梯度监控 | raw=9.1908 | per_param=0.3325 |  natural=0.0201 | clipped=0.0201(上限20.0)
26-28-10-22 原始规范坐标 G(Re Σrow_mean) = +8.4444 | 累计|g| = 7.2719
26-28-10-22 Ψ矩阵条件数 cond(Ψ) = 1.33e+01
26-28-10-22 Loss=-3.187317 | E0=-1.04662922-0.00008385j | E1=-0.95045502+0.00097774j|E2=-0.65582567-0.00066204j|E3=-0.53440676+0.00012261j
26-28-10-22 #-----------------------------------------#
26-28-10-22 [Step 277] logΨ: mean=7.304-0.325j | min=1.820-1.751j | max=7.408+1.363j
26-28-10-22 梯度监控 | raw=5.4484 | per_param=0.1971 |  natural=0.0107 | clipped=0.0107(上限20.0)
26-28-10-22 原始规范坐标 G(Re Σrow_mean) = +8.3948 | 累计|g| = 7.2719
26-28-10-22 Ψ矩阵条件数 cond(Ψ) = 1.32e+01
26-28-10-22 Loss=-3.189818 | E0=-1.04660097-0.00020045j | E1=-0.95166861+0.00043535j|E2=-0.65705992-0.00025537j|E3=-0.53448849+0.00005760j
26-28-10-22 #-----------------------------------------#
26-28-10-22 [Step 278] logΨ: mean=7.139-0.347j | min=2.183+1.552j | max=7.311+1.353j
26-28-10-22 梯度监控 | raw=7.3100 | per_param=0.2645 |  natural=0.0419 | clipped=0.0419(上限20.0)
26-28-10-22 原始规范坐标 G(Re Σrow_mean) = +8.3045 | 累计|g| = 7.2719
26-28-10-22 Ψ矩阵条件数 cond(Ψ) = 1.30e+01
26-28-10-22 Loss=-3.188527 | E0=-1.04570746-0.00050982j | E1=-0.95168805-0.00023516j|E2=-0.65658870+0.00030460j|E3=-0.53454268+0.00001039j
26-28-10-22 #-----------------------------------------#
26-28-10-22 [Step 279] logΨ: mean=7.176-0.205j | min=1.644+1.359j | max=7.293+1.355j
26-28-10-22 梯度监控 | raw=0.2520 | per_param=0.0091 |  natural=0.0046 | clipped=0.0046(上限20.0)
26-28-10-22 原始规范坐标 G(Re Σrow_mean) = +8.3396 | 累计|g| = 7.2719
26-28-10-22 Ψ矩阵条件数 cond(Ψ) = 1.30e+01
26-28-10-22 Loss=-3.191636 | E0=-1.04661760-0.00032784j | E1=-0.95274828+0.00009541j|E2=-0.65788213-0.00000424j|E3=-0.53438767-0.00014833j
26-28-10-22 #-----------------------------------------#
26-28-10-22 [保存] Step 279 → pickle 文件已更新 (280 条记录)
26-28-10-22 [GaugeReset@280] 吸收 Δg = Σ Re(col_mean) = +8.3396 | 新|g| = 7.2765
26-28-10-22 [Step 280] logΨ: mean=7.186-0.007j | min=2.247-1.748j | max=7.257+1.399j
26-28-10-22 梯度监控 | raw=2.6032 | per_param=0.0942 |  natural=0.0169 | clipped=0.0169(上限20.0)
26-28-10-22 原始规范坐标 G(Re Σrow_mean) = +8.3263 | 累计|g| = 7.2765
26-28-10-22 Ψ矩阵条件数 cond(Ψ) = 1.29e+01
26-28-10-22 Loss=-3.190772 | E0=-1.04584064-0.00003694j | E1=-0.95261269+0.00018067j|E2=-0.65709933-0.00004737j|E3=-0.53521932+0.00000336j
26-28-10-22 #-----------------------------------------#
26-28-10-22 [Step 281] logΨ: mean=7.121-0.344j | min=-0.492-2.351j | max=7.291+1.394j
26-28-10-22 梯度监控 | raw=12.1792 | per_param=0.4406 |  natural=0.0598 | clipped=0.0598(上限20.0)
26-28-10-22 原始规范坐标 G(Re Σrow_mean) = +8.2274 | 累计|g| = 7.2765
26-28-10-22 Ψ矩阵条件数 cond(Ψ) = 1.30e+01
26-28-10-22 Loss=-3.189941 | E0=-1.04501425+0.00103617j | E1=-0.95226739+0.00020039j|E2=-0.65674110+0.00000362j|E3=-0.53591808+0.00058646j
26-28-10-22 #-----------------------------------------#
26-28-10-22 [Step 282] logΨ: mean=7.187-0.377j | min=2.603+1.496j | max=7.268+1.392j
26-28-10-22 梯度监控 | raw=6.6622 | per_param=0.2410 |  natural=0.0106 | clipped=0.0106(上限20.0)
26-28-10-22 原始规范坐标 G(Re Σrow_mean) = +8.2716 | 累计|g| = 7.2765
26-28-10-22 Ψ矩阵条件数 cond(Ψ) = 1.30e+01
26-28-10-22 Loss=-3.189676 | E0=-1.04544698+0.00031050j | E1=-0.95167197+0.00027636j|E2=-0.65697181-0.00021237j|E3=-0.53558538+0.00011860j
26-28-10-22 #-----------------------------------------#
26-28-10-22 [Step 283] logΨ: mean=7.289-0.346j | min=1.266+1.142j | max=7.357+1.415j
26-28-10-22 梯度监控 | raw=7.9073 | per_param=0.2861 |  natural=0.0102 | clipped=0.0102(上限20.0)
26-28-10-22 原始规范坐标 G(Re Σrow_mean) = +8.3098 | 累计|g| = 7.2765
26-28-10-22 Ψ矩阵条件数 cond(Ψ) = 1.33e+01
26-28-10-22 Loss=-3.190021 | E0=-1.04546489+0.00019257j | E1=-0.95188191+0.00004547j|E2=-0.65693162-0.00007665j|E3=-0.53574222+0.00031119j
26-28-10-22 #-----------------------------------------#
26-28-10-22 [Step 284] logΨ: mean=7.367-0.668j | min=1.941+1.223j | max=7.437+1.413j
26-28-10-22 梯度监控 | raw=1.7121 | per_param=0.0619 |  natural=0.0131 | clipped=0.0131(上限20.0)
26-28-10-22 原始规范坐标 G(Re Σrow_mean) = +8.3264 | 累计|g| = 7.2765
26-28-10-22 Ψ矩阵条件数 cond(Ψ) = 1.35e+01
26-28-10-22 Loss=-3.188956 | E0=-1.04584086-0.00118866j | E1=-0.95217410+0.00013182j|E2=-0.65718035-0.00012078j|E3=-0.53376073-0.00042915j
26-28-10-22 #-----------------------------------------#
26-28-10-22 [Step 285] logΨ: mean=7.685-0.218j | min=0.359+1.935j | max=7.793+1.786j
26-28-10-22 梯度监控 | raw=5.4260 | per_param=0.1963 |  natural=0.3419 | clipped=0.3419(上限20.0)
26-28-10-22 原始规范坐标 G(Re Σrow_mean) = +8.3146 | 累计|g| = 7.2765
26-28-10-22 Ψ矩阵条件数 cond(Ψ) = 1.52e+01
26-28-10-22 Loss=-3.178447 | E0=-1.03648288+0.00608697j | E1=-0.95177106-0.00027493j|E2=-0.65740748+0.00020425j|E3=-0.53278571+0.00045983j
26-28-10-22 #-----------------------------------------#
26-28-10-22 [Step 286] logΨ: mean=7.608+0.325j | min=0.819-0.991j | max=7.781+1.794j
26-28-10-22 梯度监控 | raw=24.7074 | per_param=0.8939 |  natural=0.0364 | clipped=0.0364(上限20.0)
26-28-10-22 原始规范坐标 G(Re Σrow_mean) = +8.2793 | 累计|g| = 7.2765
26-28-10-22 Ψ矩阵条件数 cond(Ψ) = 1.51e+01
26-28-10-22 Loss=-3.090339 | E0=-1.04757501-0.00050280j | E1=-0.84862958-0.00815857j|E2=-0.65944544+0.00678885j|E3=-0.53468941-0.00005002j
26-28-10-22 #-----------------------------------------#
26-28-10-22 [Step 287] logΨ: mean=7.456+0.240j | min=2.921+0.115j | max=7.704+1.840j
26-28-10-22 梯度监控 | raw=35.7221 | per_param=1.2924 |  natural=0.0347 | clipped=0.0347(上限20.0)
26-28-10-22 原始规范坐标 G(Re Σrow_mean) = +8.1802 | 累计|g| = 7.2765
26-28-10-22 Ψ矩阵条件数 cond(Ψ) = 1.50e+01
26-28-10-22 Loss=-3.052526 | E0=-1.04628338+0.00015069j | E1=-0.82584946+0.00405302j|E2=-0.64373281-0.00374314j|E3=-0.53666070+0.00012078j
26-28-10-22 #-----------------------------------------#
26-28-10-22 [Step 288] logΨ: mean=7.469-0.113j | min=1.670-1.361j | max=7.686+1.890j
26-28-10-22 梯度监控 | raw=24.0359 | per_param=0.8696 |  natural=0.0309 | clipped=0.0309(上限20.0)
26-28-10-22 原始规范坐标 G(Re Σrow_mean) = +8.2316 | 累计|g| = 7.2765
26-28-10-22 Ψ矩阵条件数 cond(Ψ) = 1.35e+02
26-28-10-22 Loss=-3.113789 | E0=-1.04695764-0.00159275j | E1=-0.87742442-0.00060687j|E2=-0.65407776+0.00020639j|E3=-0.53532950-0.00006878j
26-28-10-22 #-----------------------------------------#
26-28-10-22 [Step 289] logΨ: mean=7.447+0.110j | min=2.956-1.066j | max=7.657+1.887j
26-28-10-22 梯度监控 | raw=28.6121 | per_param=1.0351 |  natural=0.0306 | clipped=0.0306(上限20.0)
26-28-10-22 原始规范坐标 G(Re Σrow_mean) = +8.2316 | 累计|g| = 7.2765
26-28-10-22 Ψ矩阵条件数 cond(Ψ) = 1.49e+01
26-28-10-22 Loss=-3.096593 | E0=-1.04740020+0.00029862j | E1=-0.86333667+0.00133945j|E2=-0.65051193-0.00121188j|E3=-0.53534459+0.00008815j
26-28-10-22 #-----------------------------------------#
26-28-10-22 [GaugeReset@290] 吸收 Δg = Σ Re(col_mean) = +8.2316 | 新|g| = 7.2675
26-28-10-22 [Step 290] logΨ: mean=7.563-0.327j | min=2.182-1.341j | max=7.715+1.775j
26-28-10-22 梯度监控 | raw=17.0558 | per_param=0.6171 |  natural=0.0366 | clipped=0.0366(上限20.0)
26-28-10-22 原始规范坐标 G(Re Σrow_mean) = +8.2636 | 累计|g| = 7.2675
26-28-10-22 Ψ矩阵条件数 cond(Ψ) = 1.52e+01
26-28-10-22 Loss=-3.142835 | E0=-1.04686105+0.00024317j | E1=-0.90573082+0.00000054j|E2=-0.65474090-0.00006785j|E3=-0.53550228+0.00011119j
26-28-10-22 #-----------------------------------------#
26-28-10-22 [Step 291] logΨ: mean=7.598-0.393j | min=1.790-2.225j | max=7.684+1.730j
26-28-10-22 梯度监控 | raw=9.9187 | per_param=0.3588 |  natural=0.0205 | clipped=0.0205(上限20.0)
26-28-10-22 原始规范坐标 G(Re Σrow_mean) = +8.3310 | 累计|g| = 7.2675
26-28-10-22 Ψ矩阵条件数 cond(Ψ) = 1.40e+01
26-28-10-22 Loss=-3.168770 | E0=-1.04778233+0.00185697j | E1=-0.92970630-0.00046675j|E2=-0.65636320+0.00056506j|E3=-0.53491851+0.00009773j
26-28-10-22 #-----------------------------------------#
26-28-10-22 [Step 292] logΨ: mean=7.504+0.278j | min=2.023-1.173j | max=7.650+1.707j
26-28-10-22 梯度监控 | raw=13.8305 | per_param=0.5004 |  natural=0.0274 | clipped=0.0274(上限20.0)
26-28-10-22 原始规范坐标 G(Re Σrow_mean) = +8.2861 | 累计|g| = 7.2675
26-28-10-22 Ψ矩阵条件数 cond(Ψ) = 1.39e+01
26-28-10-22 Loss=-3.160106 | E0=-1.04723760-0.00025958j | E1=-0.92356208+0.00083236j|E2=-0.65513710-0.00037993j|E3=-0.53416904+0.00008801j
26-28-10-22 #-----------------------------------------#
26-28-10-22 [Step 293] logΨ: mean=7.481+0.945j | min=3.120+1.488j | max=7.556+1.751j
26-28-10-22 梯度监控 | raw=4.5256 | per_param=0.1637 |  natural=0.0390 | clipped=0.0390(上限20.0)
26-28-10-22 原始规范坐标 G(Re Σrow_mean) = +8.2725 | 累计|g| = 7.2675
26-28-10-22 Ψ矩阵条件数 cond(Ψ) = 1.37e+01
26-28-10-22 Loss=-3.182259 | E0=-1.04552525+0.00073990j | E1=-0.94339863-0.00099982j|E2=-0.65797227+0.00076499j|E3=-0.53536301+0.00024677j
26-28-10-22 #-----------------------------------------#
26-28-10-22 [Step 294] logΨ: mean=7.327+0.434j | min=3.960-3.004j | max=7.493+1.680j
26-28-10-22 梯度监控 | raw=20.1049 | per_param=0.7274 |  natural=0.0183 | clipped=0.0183(上限20.0)
26-28-10-22 原始规范坐标 G(Re Σrow_mean) = +8.2342 | 累计|g| = 7.2675
26-28-10-22 Ψ矩阵条件数 cond(Ψ) = 1.34e+01
26-28-10-22 Loss=-3.160404 | E0=-1.04274430-0.00079856j | E1=-0.92735951-0.00185192j|E2=-0.65529909+0.00094362j|E3=-0.53500088+0.00043409j
26-28-10-22 #-----------------------------------------#
26-28-10-22 [Step 295] logΨ: mean=7.353+0.475j | min=1.769+1.008j | max=7.467+1.677j
26-28-10-22 梯度监控 | raw=14.0124 | per_param=0.5070 |  natural=0.0182 | clipped=0.0182(上限20.0)
26-28-10-22 原始规范坐标 G(Re Σrow_mean) = +8.2307 | 累计|g| = 7.2675
26-28-10-22 Ψ矩阵条件数 cond(Ψ) = 1.34e+01
26-28-10-22 Loss=-3.170483 | E0=-1.04300237-0.00153789j | E1=-0.93705529+0.00086606j|E2=-0.65527370-0.00069706j|E3=-0.53515157-0.00001761j
26-28-10-22 #-----------------------------------------#
26-28-10-22 [Step 296] logΨ: mean=7.276-0.334j | min=1.431-1.317j | max=7.400+1.643j
26-28-10-22 梯度监控 | raw=7.8793 | per_param=0.2851 |  natural=0.0214 | clipped=0.0214(上限20.0)
26-28-10-22 原始规范坐标 G(Re Σrow_mean) = +8.1970 | 累计|g| = 7.2675
26-28-10-22 Ψ矩阵条件数 cond(Ψ) = 1.32e+01
26-28-10-22 Loss=-3.184037 | E0=-1.04488822+0.00221890j | E1=-0.94613866+0.00083356j|E2=-0.65646783-0.00011804j|E3=-0.53654191+0.00043941j
26-28-10-22 #-----------------------------------------#
26-28-10-22 [Step 297] logΨ: mean=7.347-0.618j | min=3.147+1.212j | max=7.411+1.612j
26-28-10-22 梯度监控 | raw=5.8149 | per_param=0.2104 |  natural=0.0178 | clipped=0.0178(上限20.0)
26-28-10-22 原始规范坐标 G(Re Σrow_mean) = +8.2699 | 累计|g| = 7.2675
26-28-10-22 Ψ矩阵条件数 cond(Ψ) = 1.30e+01
26-28-10-22 Loss=-3.184763 | E0=-1.04629339+0.00268266j | E1=-0.94770557-0.00013274j|E2=-0.65567928-0.00002764j|E3=-0.53508491+0.00039599j
26-28-10-22 #-----------------------------------------#
26-28-10-22 [Step 298] logΨ: mean=6.908+1.218j | min=0.854-2.285j | max=7.003+2.412j
26-28-10-22 梯度监控 | raw=43.8773 | per_param=1.5874 |  natural=0.7275 | clipped=0.7275(上限20.0)
26-28-10-22 原始规范坐标 G(Re Σrow_mean) = +8.3554 | 累计|g| = 7.2675
26-28-10-22 Ψ矩阵条件数 cond(Ψ) = 1.16e+01
26-28-10-22 Loss=-3.167300 | E0=-1.02920539+0.01784142j | E1=-0.94782153+0.00011890j|E2=-0.65694769+0.00010006j|E3=-0.53332570+0.00143051j
26-28-10-22 #-----------------------------------------#
26-28-10-22 [Step 299] logΨ: mean=6.885+0.843j | min=0.920+2.468j | max=7.137+2.508j
26-28-10-22 梯度监控 | raw=36.9786 | per_param=1.3378 |  natural=0.0366 | clipped=0.0366(上限20.0)
26-28-10-22 原始规范坐标 G(Re Σrow_mean) = +8.3262 | 累计|g| = 7.2675
26-28-10-22 Ψ矩阵条件数 cond(Ψ) = 1.14e+01
26-28-10-22 Loss=-3.074767 | E0=-0.98063747-0.00761696j | E1=-0.91938518-0.00606175j|E2=-0.64818641-0.00146307j|E3=-0.52655746+0.00095255j
26-28-10-22 #-----------------------------------------#
26-28-10-22 [保存] Step 299 → pickle 文件已更新 (300 条记录)
26-28-10-22 [GaugeReset@300] 吸收 Δg = Σ Re(col_mean) = +8.3262 | 新|g| = 7.4432
26-28-10-22 训练耗时：220.74 秒
26-28-10-22 
============================================================
26-28-10-22 训练完成!
26-28-10-22 ============================================================
26-28-10-22 [保存] 训练结束，pickle 最终写入 300 条记录 → ./data/26-09-28-10-18_history_natural_gradient_H2_molecule_K4.pkl
