26-02-14-12 
============================================================
26-02-14-12 开始多链 NES-VMC 训练 | P8: 双侧一致列规范 + 周期性 gauge reset
26-02-14-12 超参数配置:
N_CHAINS =16
N_SAMPLES_PER_CHAIN =200
SWEEP_SIZE = 20
N_ITER = 300
Natural_Grad = True
clip_norm = 20.0
per_param_clip = 0.5
lr = 0.1
qgt_diag_shift = 0.1
RESET_PERIOD = 10
SAVE_INTERVAL = 20
26-02-14-12 ============================================================
26-02-14-12 精确CAS基准：基态=-1.05434745 Ha | 1激发=-0.95790573 Ha|2激发=-0.66895227 Ha|3激发=-0.55140192 Ha|
26-02-14-12 理论 Loss 上限：-2.01225318 
26-02-14-12 超参：clip_norm=20.0, per_param_clip=0.5, lr=0.1, QGT diag_shift=0.1, RESET_PERIOD=10
26-02-14-12 [Step   0] logΨ: mean=0.679+0.497j | min=-1.920-2.095j | max=1.427+2.527j
26-02-14-12 梯度监控 | raw=1.1951 | per_param=0.0582 |  natural=1.0155 | clipped=1.0155(上限20.0)
26-02-14-12 原始规范坐标 G(Re Σrow_mean) = +0.2595 | 累计|g| = 0.0000
26-02-14-12 Ψ矩阵条件数 cond(Ψ) = 2.49e+00
26-02-14-12 Loss=0.608111 | E0=-0.08790869-0.00453028j | E1=0.69601999+0.00611693j|E2=0.69601999+0.00611693j|E3=0.69601999+0.00611693j
26-02-14-12 #-----------------------------------------#
26-02-14-12 [Step   1] logΨ: mean=0.948+0.506j | min=-2.530+1.314j | max=1.737+2.497j
26-02-14-12 梯度监控 | raw=1.2021 | per_param=0.0585 |  natural=1.0232 | clipped=1.0232(上限20.0)
26-02-14-12 原始规范坐标 G(Re Σrow_mean) = +0.4647 | 累计|g| = 0.0000
26-02-14-12 Ψ矩阵条件数 cond(Ψ) = 2.02e+00
26-02-14-12 Loss=0.463805 | E0=-0.14075189+0.00154512j | E1=0.60455718+0.00405217j|E2=0.60455718+0.00405217j|E3=0.60455718+0.00405217j
26-02-14-12 #-----------------------------------------#
26-02-14-12 [Step   2] logΨ: mean=1.231+0.447j | min=-1.220-0.128j | max=2.071+2.462j
26-02-14-12 梯度监控 | raw=1.2754 | per_param=0.0621 |  natural=1.0343 | clipped=1.0343(上限20.0)
26-02-14-12 原始规范坐标 G(Re Σrow_mean) = +0.6982 | 累计|g| = 0.0000
26-02-14-12 Ψ矩阵条件数 cond(Ψ) = 1.34e+00
26-02-14-12 Loss=0.333682 | E0=-0.20338271-0.00025987j | E1=0.53706488-0.00611253j|E2=0.53706488-0.00611253j|E3=0.53706488-0.00611253j
26-02-14-12 #-----------------------------------------#
26-02-14-12 [Step   3] logΨ: mean=1.571+0.491j | min=-0.644-0.283j | max=2.404+2.416j
26-02-14-12 梯度监控 | raw=1.3345 | per_param=0.0650 |  natural=0.9911 | clipped=0.9911(上限20.0)
26-02-14-12 原始规范坐标 G(Re Σrow_mean) = +0.9777 | 累计|g| = 0.0000
26-02-14-12 Ψ矩阵条件数 cond(Ψ) = 1.24e+00
26-02-14-12 Loss=0.105943 | E0=-0.25790330-0.00519731j | E1=0.36384659+0.00387614j|E2=0.36384659+0.00387614j|E3=0.36384659+0.00387614j
26-02-14-12 #-----------------------------------------#
26-02-14-12 [Step   4] logΨ: mean=1.920+0.453j | min=-0.487-1.083j | max=2.748+2.363j
26-02-14-12 梯度监控 | raw=1.3303 | per_param=0.0648 |  natural=0.9421 | clipped=0.9421(上限20.0)
26-02-14-12 原始规范坐标 G(Re Σrow_mean) = +1.2661 | 累计|g| = 0.0000
26-02-14-12 Ψ矩阵条件数 cond(Ψ) = 2.26e+00
26-02-14-12 Loss=-0.029393 | E0=-0.30944015-0.00151846j | E1=0.28004736+0.00014575j|E2=0.28004736+0.00014575j|E3=0.28004736+0.00014575j
26-02-14-12 #-----------------------------------------#
26-02-14-12 [Step   5] logΨ: mean=2.272+0.376j | min=-0.581+2.062j | max=3.093+2.304j
26-02-14-12 梯度监控 | raw=1.4334 | per_param=0.0698 |  natural=0.9070 | clipped=0.9070(上限20.0)
26-02-14-12 原始规范坐标 G(Re Σrow_mean) = +1.5534 | 累计|g| = 0.0000
26-02-14-12 Ψ矩阵条件数 cond(Ψ) = 1.30e+00
26-02-14-12 Loss=-0.178674 | E0=-0.35949143-0.00358276j | E1=0.18081693+0.00278613j|E2=0.18081693+0.00278613j|E3=0.18081693+0.00278613j
26-02-14-12 #-----------------------------------------#
26-02-14-12 [Step   6] logΨ: mean=2.680+0.392j | min=-0.282-1.091j | max=3.447+2.242j
26-02-14-12 梯度监控 | raw=1.4529 | per_param=0.0707 |  natural=0.8822 | clipped=0.8822(上限20.0)
26-02-14-12 原始规范坐标 G(Re Σrow_mean) = +1.9247 | 累计|g| = 0.0000
26-02-14-12 Ψ矩阵条件数 cond(Ψ) = 1.89e+00
26-02-14-12 Loss=-0.336751 | E0=-0.40694143-0.00048328j | E1=0.07019030+0.00420068j|E2=0.07019030+0.00420068j|E3=0.07019030+0.00420068j
26-02-14-12 #-----------------------------------------#
26-02-14-12 [Step   7] logΨ: mean=3.115+0.504j | min=-0.179+2.049j | max=3.870+2.470j
26-02-14-12 梯度监控 | raw=1.4918 | per_param=0.0726 |  natural=0.8404 | clipped=0.8404(上限20.0)
26-02-14-12 原始规范坐标 G(Re Σrow_mean) = +2.2675 | 累计|g| = 0.0000
26-02-14-12 Ψ矩阵条件数 cond(Ψ) = 1.39e+01
26-02-14-12 Loss=-0.475717 | E0=-0.46844186-0.00437740j | E1=-0.00727533+0.00218293j|E2=-0.00727533+0.00218293j|E3=-0.00727533+0.00218293j
26-02-14-12 #-----------------------------------------#
26-02-14-12 [Step   8] logΨ: mean=3.595+0.484j | min=-0.365+0.272j | max=4.316+2.393j
26-02-14-12 梯度监控 | raw=1.4802 | per_param=0.0721 |  natural=0.7970 | clipped=0.7970(上限20.0)
26-02-14-12 原始规范坐标 G(Re Σrow_mean) = +2.6818 | 累计|g| = 0.0000
26-02-14-12 Ψ矩阵条件数 cond(Ψ) = 2.13e+00
26-02-14-12 Loss=-0.661482 | E0=-0.52490999+0.00142914j | E1=-0.13657168-0.00350950j|E2=-0.13657168-0.00350950j|E3=-0.13657168-0.00350950j
26-02-14-12 #-----------------------------------------#
26-02-14-12 [Step   9] logΨ: mean=4.037+0.427j | min=0.355+2.415j | max=4.741+2.315j
26-02-14-12 梯度监控 | raw=1.5381 | per_param=0.0749 |  natural=0.6918 | clipped=0.6918(上限20.0)
26-02-14-12 原始规范坐标 G(Re Σrow_mean) = +3.0722 | 累计|g| = 0.0000
26-02-14-12 Ψ矩阵条件数 cond(Ψ) = 1.33e+00
26-02-14-12 Loss=-0.783235 | E0=-0.57924461-0.00132981j | E1=-0.20399008+0.00497034j|E2=-0.20399008+0.00497034j|E3=-0.20399008+0.00497034j
26-02-14-12 #-----------------------------------------#
26-02-14-12 [GaugeReset@10] 吸收 Δg = Σ Re(col_mean) = +3.0722 | 新|g| = 2.3787
26-02-14-12 [Step  10] logΨ: mean=1.360-1.055j | min=-2.642+0.017j | max=2.071+0.369j
26-02-14-12 梯度监控 | raw=1.5385 | per_param=0.0749 |  natural=0.6355 | clipped=0.6355(上限20.0)
26-02-14-12 原始规范坐标 G(Re Σrow_mean) = +3.4103 | 累计|g| = 2.3787
26-02-14-12 Ψ矩阵条件数 cond(Ψ) = 2.10e+00
26-02-14-12 Loss=-0.875457 | E0=-0.62016083-0.00257865j | E1=-0.25529578+0.00329967j|E2=-0.25529578+0.00329967j|E3=-0.25529578+0.00329967j
26-02-14-12 #-----------------------------------------#
26-02-14-12 [Step  11] logΨ: mean=1.795-0.876j | min=-2.043+2.010j | max=2.473+0.285j
26-02-14-12 梯度监控 | raw=1.5376 | per_param=0.0748 |  natural=0.5765 | clipped=0.5765(上限20.0)
26-02-14-12 原始规范坐标 G(Re Σrow_mean) = +3.7445 | 累计|g| = 2.3787
26-02-14-12 Ψ矩阵条件数 cond(Ψ) = 1.59e+00
26-02-14-12 Loss=-0.971284 | E0=-0.66947997-0.00003436j | E1=-0.30180401-0.00232970j|E2=-0.30180401-0.00232970j|E3=-0.30180401-0.00232970j
26-02-14-12 #-----------------------------------------#
26-02-14-12 [Step  12] logΨ: mean=2.233-0.367j | min=-1.832-0.544j | max=2.864+0.215j
26-02-14-12 梯度监控 | raw=1.5213 | per_param=0.0741 |  natural=0.5354 | clipped=0.5354(上限20.0)
26-02-14-12 原始规范坐标 G(Re Σrow_mean) = +4.1247 | 累计|g| = 2.3787
26-02-14-12 Ψ矩阵条件数 cond(Ψ) = 1.76e+00
26-02-14-12 Loss=-1.070581 | E0=-0.71019574-0.00106463j | E1=-0.36038520+0.00556758j|E2=-0.36038520+0.00556758j|E3=-0.36038520+0.00556758j
26-02-14-12 #-----------------------------------------#
26-02-14-12 [Step  13] logΨ: mean=2.648-0.312j | min=-1.444+2.799j | max=3.257+0.123j
26-02-14-12 梯度监控 | raw=1.5397 | per_param=0.0750 |  natural=0.5101 | clipped=0.5101(上限20.0)
26-02-14-12 原始规范坐标 G(Re Σrow_mean) = +4.4636 | 累计|g| = 2.3787
26-02-14-12 Ψ矩阵条件数 cond(Ψ) = 1.32e+00
26-02-14-12 Loss=-1.145122 | E0=-0.74715373+0.00193008j | E1=-0.39796821+0.00170457j|E2=-0.39796821+0.00170457j|E3=-0.39796821+0.00170457j
26-02-14-12 #-----------------------------------------#
26-02-14-12 [Step  14] logΨ: mean=3.021-0.433j | min=-1.149+1.974j | max=3.581+0.050j
26-02-14-12 梯度监控 | raw=1.3866 | per_param=0.0675 |  natural=0.4010 | clipped=0.4010(上限20.0)
26-02-14-12 原始规范坐标 G(Re Σrow_mean) = +4.7436 | 累计|g| = 2.3787
26-02-14-12 Ψ矩阵条件数 cond(Ψ) = 3.46e+00
26-02-14-12 Loss=-1.223361 | E0=-0.78944782+0.00190345j | E1=-0.43391335-0.00116990j|E2=-0.43391335-0.00116990j|E3=-0.43391335-0.00116990j
26-02-14-12 #-----------------------------------------#
26-02-14-12 [Step  15] logΨ: mean=3.414+1.278j | min=-0.869+2.148j | max=3.944+3.116j
26-02-14-12 梯度监控 | raw=1.3453 | per_param=0.0655 |  natural=0.4086 | clipped=0.4086(上限20.0)
26-02-14-12 原始规范坐标 G(Re Σrow_mean) = +5.0553 | 累计|g| = 2.3787
26-02-14-12 Ψ矩阵条件数 cond(Ψ) = 1.65e+00
26-02-14-12 Loss=-1.266431 | E0=-0.81792924-0.00032772j | E1=-0.44850172+0.00148361j|E2=-0.44850172+0.00148361j|E3=-0.44850172+0.00148361j
26-02-14-12 #-----------------------------------------#
26-02-14-12 [Step  16] logΨ: mean=3.822+1.125j | min=-0.963+1.390j | max=4.324+3.032j
26-02-14-12 梯度监控 | raw=1.3141 | per_param=0.0640 |  natural=0.4283 | clipped=0.4283(上限20.0)
26-02-14-12 原始规范坐标 G(Re Σrow_mean) = +5.3493 | 累计|g| = 2.3787
26-02-14-12 Ψ矩阵条件数 cond(Ψ) = 1.41e+00
26-02-14-12 Loss=-1.298342 | E0=-0.84047351-0.00322030j | E1=-0.45786826+0.00296620j|E2=-0.45786826+0.00296620j|E3=-0.45786826+0.00296620j
26-02-14-12 #-----------------------------------------#
26-02-14-12 [Step  17] logΨ: mean=4.222+1.273j | min=0.197+0.585j | max=4.656+2.967j
26-02-14-12 梯度监控 | raw=1.2080 | per_param=0.0588 |  natural=0.3118 | clipped=0.3118(上限20.0)
26-02-14-12 原始规范坐标 G(Re Σrow_mean) = +5.6823 | 累计|g| = 2.3787
26-02-14-12 Ψ矩阵条件数 cond(Ψ) = 1.42e+00
26-02-14-12 Loss=-1.368191 | E0=-0.87732268-0.00223904j | E1=-0.49086868+0.00165035j|E2=-0.49086868+0.00165035j|E3=-0.49086868+0.00165035j
26-02-14-12 #-----------------------------------------#
26-02-14-12 [Step  18] logΨ: mean=4.601+0.932j | min=-0.477+1.815j | max=5.033+2.858j
26-02-14-12 梯度监控 | raw=1.2802 | per_param=0.0623 |  natural=0.4082 | clipped=0.4082(上限20.0)
26-02-14-12 原始规范坐标 G(Re Σrow_mean) = +5.9772 | 累计|g| = 2.3787
26-02-14-12 Ψ矩阵条件数 cond(Ψ) = 1.67e+00
26-02-14-12 Loss=-1.390957 | E0=-0.89011192+0.00142124j | E1=-0.50084544-0.00614947j|E2=-0.50084544-0.00614947j|E3=-0.50084544-0.00614947j
26-02-14-12 #-----------------------------------------#
26-02-14-12 [Step  19] logΨ: mean=4.920+1.161j | min=0.378+0.353j | max=5.337+2.838j
26-02-14-12 梯度监控 | raw=1.3329 | per_param=0.0649 |  natural=0.2948 | clipped=0.2948(上限20.0)
26-02-14-12 原始规范坐标 G(Re Σrow_mean) = +6.1919 | 累计|g| = 2.3787
26-02-14-12 Ψ矩阵条件数 cond(Ψ) = 1.66e+00
26-02-14-12 Loss=-1.415629 | E0=-0.90131064+0.00183302j | E1=-0.51431862+0.00090249j|E2=-0.51431862+0.00090249j|E3=-0.51431862+0.00090249j
26-02-14-12 #-----------------------------------------#
26-02-14-12 [保存] Step 19 → pickle 文件已更新 (20 条记录)
26-02-14-12 [GaugeReset@20] 吸收 Δg = Σ Re(col_mean) = +6.1919 | 新|g| = 4.6620
26-02-14-12 [Step  20] logΨ: mean=2.147-0.954j | min=-2.971-1.817j | max=2.563+0.359j
26-02-14-12 梯度监控 | raw=1.3708 | per_param=0.0667 |  natural=0.3753 | clipped=0.3753(上限20.0)
26-02-14-12 原始规范坐标 G(Re Σrow_mean) = +6.4707 | 累计|g| = 4.6620
26-02-14-12 Ψ矩阵条件数 cond(Ψ) = 1.60e+00
26-02-14-12 Loss=-1.432744 | E0=-0.91572424+0.00337266j | E1=-0.51701994-0.00745679j|E2=-0.51701994-0.00745679j|E3=-0.51701994-0.00745679j
26-02-14-12 #-----------------------------------------#
26-02-14-12 [Step  21] logΨ: mean=2.452-1.123j | min=-2.633+0.570j | max=2.822+0.292j
26-02-14-12 梯度监控 | raw=1.3781 | per_param=0.0671 |  natural=0.2008 | clipped=0.2008(上限20.0)
26-02-14-12 原始规范坐标 G(Re Σrow_mean) = +6.6850 | 累计|g| = 4.6620
26-02-14-12 Ψ矩阵条件数 cond(Ψ) = 1.34e+00
26-02-14-12 Loss=-1.459945 | E0=-0.92092034+0.00182347j | E1=-0.53902512-0.00171994j|E2=-0.53902512-0.00171994j|E3=-0.53902512-0.00171994j
26-02-14-12 #-----------------------------------------#
26-02-14-12 [Step  22] logΨ: mean=2.725-1.115j | min=-2.638+0.559j | max=3.081+0.303j
26-02-14-12 梯度监控 | raw=1.4029 | per_param=0.0683 |  natural=0.2137 | clipped=0.2137(上限20.0)
26-02-14-12 原始规范坐标 G(Re Σrow_mean) = +6.8472 | 累计|g| = 4.6620
26-02-14-12 Ψ矩阵条件数 cond(Ψ) = 7.46e+01
26-02-14-12 Loss=-1.480042 | E0=-0.94006102-0.00020599j | E1=-0.53998072+0.00063245j|E2=-0.53998072+0.00063245j|E3=-0.53998072+0.00063245j
26-02-14-12 #-----------------------------------------#
26-02-14-12 [Step  23] logΨ: mean=2.993-1.003j | min=-1.247+0.420j | max=3.342+0.329j
26-02-14-12 梯度监控 | raw=1.5775 | per_param=0.0768 |  natural=0.2125 | clipped=0.2125(上限20.0)
26-02-14-12 原始规范坐标 G(Re Σrow_mean) = +7.0502 | 累计|g| = 4.6620
26-02-14-12 Ψ矩阵条件数 cond(Ψ) = 3.33e+00
26-02-14-12 Loss=-1.490791 | E0=-0.94153904-0.00262928j | E1=-0.54925175+0.00384105j|E2=-0.54925175+0.00384105j|E3=-0.54925175+0.00384105j
26-02-14-12 #-----------------------------------------#
26-02-14-12 [Step  24] logΨ: mean=3.221-1.193j | min=-0.959-1.996j | max=3.558+0.319j
26-02-14-12 梯度监控 | raw=1.5247 | per_param=0.0742 |  natural=0.1829 | clipped=0.1829(上限20.0)
26-02-14-12 原始规范坐标 G(Re Σrow_mean) = +7.2091 | 累计|g| = 4.6620
26-02-14-12 Ψ矩阵条件数 cond(Ψ) = 1.53e+00
26-02-14-12 Loss=-1.502096 | E0=-0.94332137-0.00009257j | E1=-0.55877487+0.00075400j|E2=-0.55877487+0.00075400j|E3=-0.55877487+0.00075400j
26-02-14-12 #-----------------------------------------#
26-02-14-12 [Step  25] logΨ: mean=3.466-0.904j | min=-1.584+2.944j | max=3.811+0.327j
26-02-14-12 梯度监控 | raw=1.6924 | per_param=0.0824 |  natural=0.2478 | clipped=0.2478(上限20.0)
26-02-14-12 原始规范坐标 G(Re Σrow_mean) = +7.3701 | 累计|g| = 4.6620
26-02-14-12 Ψ矩阵条件数 cond(Ψ) = 4.85e+00
26-02-14-12 Loss=-1.508395 | E0=-0.94587002+0.00182534j | E1=-0.56252460-0.00079124j|E2=-0.56252460-0.00079124j|E3=-0.56252460-0.00079124j
26-02-14-12 #-----------------------------------------#
26-02-14-12 [Step  26] logΨ: mean=3.716-1.005j | min=-1.094+1.443j | max=4.064+0.366j
26-02-14-12 梯度监控 | raw=1.8875 | per_param=0.0919 |  natural=0.2476 | clipped=0.2476(上限20.0)
26-02-14-12 原始规范坐标 G(Re Σrow_mean) = +7.5416 | 累计|g| = 4.6620
26-02-14-12 Ψ矩阵条件数 cond(Ψ) = 1.23e+00
26-02-14-12 Loss=-1.519865 | E0=-0.95806002-0.00074212j | E1=-0.56180502+0.00410617j|E2=-0.56180502+0.00410617j|E3=-0.56180502+0.00410617j
26-02-14-12 #-----------------------------------------#
26-02-14-12 [Step  27] logΨ: mean=3.951-1.146j | min=-0.902-1.624j | max=4.287+0.140j
26-02-14-12 梯度监控 | raw=1.8421 | per_param=0.0897 |  natural=0.2947 | clipped=0.2947(上限20.0)
26-02-14-12 原始规范坐标 G(Re Σrow_mean) = +7.7440 | 累计|g| = 4.6620
26-02-14-12 Ψ矩阵条件数 cond(Ψ) = 3.28e+00
26-02-14-12 Loss=-1.522122 | E0=-0.95598804+0.00094707j | E1=-0.56613377-0.00245158j|E2=-0.56613377-0.00245158j|E3=-0.56613377-0.00245158j
26-02-14-12 #-----------------------------------------#
26-02-14-12 [Step  28] logΨ: mean=4.136-1.091j | min=0.125+0.204j | max=4.435+0.124j
26-02-14-12 梯度监控 | raw=1.9118 | per_param=0.0931 |  natural=0.0539 | clipped=0.0539(上限20.0)
26-02-14-12 原始规范坐标 G(Re Σrow_mean) = +7.8217 | 累计|g| = 4.6620
26-02-14-12 Ψ矩阵条件数 cond(Ψ) = 1.18e+00
26-02-14-12 Loss=-1.541366 | E0=-0.96191446-0.00148460j | E1=-0.57945193-0.00044887j|E2=-0.57945193-0.00044887j|E3=-0.57945193-0.00044887j
26-02-14-12 #-----------------------------------------#
26-02-14-12 [Step  29] logΨ: mean=4.435-1.150j | min=-0.245-1.514j | max=4.767+0.185j
26-02-14-12 梯度监控 | raw=2.0841 | per_param=0.1015 |  natural=0.3506 | clipped=0.3506(上限20.0)
26-02-14-12 原始规范坐标 G(Re Σrow_mean) = +8.0304 | 累计|g| = 4.6620
26-02-14-12 Ψ矩阵条件数 cond(Ψ) = 2.78e+01
26-02-14-12 Loss=-1.532789 | E0=-0.96274202+0.00179901j | E1=-0.57004700+0.00441155j|E2=-0.57004700+0.00441155j|E3=-0.57004700+0.00441155j
26-02-14-12 #-----------------------------------------#
26-02-14-12 [GaugeReset@30] 吸收 Δg = Σ Re(col_mean) = +8.0304 | 新|g| = 6.0262
26-02-14-12 [Step  30] logΨ: mean=2.802-0.438j | min=-2.420+2.021j | max=3.121+0.032j
26-02-14-12 梯度监控 | raw=2.4165 | per_param=0.1176 |  natural=0.4669 | clipped=0.4669(上限20.0)
26-02-14-12 原始规范坐标 G(Re Σrow_mean) = +8.1457 | 累计|g| = 6.0262
26-02-14-12 Ψ矩阵条件数 cond(Ψ) = 2.98e+00
26-02-14-12 Loss=-1.541035 | E0=-0.96352008-0.00163738j | E1=-0.57751483-0.00430907j|E2=-0.57751483-0.00430907j|E3=-0.57751483-0.00430907j
26-02-14-12 #-----------------------------------------#
26-02-14-12 [Step  31] logΨ: mean=2.990-0.459j | min=-1.288-3.068j | max=3.295+0.040j
26-02-14-12 梯度监控 | raw=2.4544 | per_param=0.1195 |  natural=0.0751 | clipped=0.0751(上限20.0)
26-02-14-12 原始规范坐标 G(Re Σrow_mean) = +8.2432 | 累计|g| = 6.0262
26-02-14-12 Ψ矩阵条件数 cond(Ψ) = 1.54e+00
26-02-14-12 Loss=-1.547630 | E0=-0.96660982-0.00152313j | E1=-0.58102006+0.00100965j|E2=-0.58102006+0.00100965j|E3=-0.58102006+0.00100965j
26-02-14-12 #-----------------------------------------#
26-02-14-12 [Step  32] logΨ: mean=3.060-0.379j | min=-0.689-0.181j | max=3.382+0.011j
26-02-14-12 梯度监控 | raw=2.6531 | per_param=0.1291 |  natural=0.1158 | clipped=0.1158(上限20.0)
26-02-14-12 原始规范坐标 G(Re Σrow_mean) = +8.3194 | 累计|g| = 6.0262
26-02-14-12 Ψ矩阵条件数 cond(Ψ) = 4.37e+00
26-02-14-12 Loss=-1.550772 | E0=-0.96848125-0.00025151j | E1=-0.58229112+0.00023604j|E2=-0.58229112+0.00023604j|E3=-0.58229112+0.00023604j
26-02-14-12 #-----------------------------------------#
26-02-14-12 [Step  33] logΨ: mean=3.152-0.452j | min=-0.588+2.951j | max=3.461+0.006j
26-02-14-12 梯度监控 | raw=2.7281 | per_param=0.1328 |  natural=0.0865 | clipped=0.0865(上限20.0)
26-02-14-12 原始规范坐标 G(Re Σrow_mean) = +8.4076 | 累计|g| = 6.0262
26-02-14-12 Ψ矩阵条件数 cond(Ψ) = 1.53e+00
26-02-14-12 Loss=-1.552033 | E0=-0.96861786-0.00071539j | E1=-0.58341519+0.00079581j|E2=-0.58341519+0.00079581j|E3=-0.58341519+0.00079581j
26-02-14-12 #-----------------------------------------#
26-02-14-12 [Step  34] logΨ: mean=3.823+1.444j | min=-2.544-2.422j | max=4.132+3.025j
26-02-14-12 梯度监控 | raw=3.0943 | per_param=0.1506 |  natural=0.6002 | clipped=0.6002(上限20.0)
26-02-14-12 原始规范坐标 G(Re Σrow_mean) = +8.8456 | 累计|g| = 6.0262
26-02-14-12 Ψ矩阵条件数 cond(Ψ) = 2.99e+00
26-02-14-12 Loss=-1.534949 | E0=-0.96539265+0.00338110j | E1=-0.56955665-0.00424483j|E2=-0.56955665-0.00424483j|E3=-0.56955665-0.00424483j
26-02-14-12 #-----------------------------------------#
26-02-14-12 [Step  35] logΨ: mean=3.886+1.440j | min=-0.035-2.643j | max=4.179+3.086j
26-02-14-12 梯度监控 | raw=3.4652 | per_param=0.1687 |  natural=0.0689 | clipped=0.0689(上限20.0)
26-02-14-12 原始规范坐标 G(Re Σrow_mean) = +8.8584 | 累计|g| = 6.0262
26-02-14-12 Ψ矩阵条件数 cond(Ψ) = 3.03e+00
26-02-14-12 Loss=-1.566149 | E0=-0.97025986+0.00071056j | E1=-0.59588948+0.00076369j|E2=-0.59588948+0.00076369j|E3=-0.59588948+0.00076369j
26-02-14-12 #-----------------------------------------#
26-02-14-12 [Step  36] logΨ: mean=4.197+1.330j | min=-1.370-0.518j | max=4.507+3.092j
26-02-14-12 梯度监控 | raw=3.1683 | per_param=0.1542 |  natural=0.3743 | clipped=0.3743(上限20.0)
26-02-14-12 原始规范坐标 G(Re Σrow_mean) = +9.0883 | 累计|g| = 6.0262
26-02-14-12 Ψ矩阵条件数 cond(Ψ) = 1.46e+00
26-02-14-12 Loss=-1.562014 | E0=-0.97143435-0.00130360j | E1=-0.59057962+0.00213439j|E2=-0.59057962+0.00213439j|E3=-0.59057962+0.00213439j
26-02-14-12 #-----------------------------------------#
26-02-14-12 [Step  37] logΨ: mean=4.369+1.233j | min=0.530-3.031j | max=4.654+3.038j
26-02-14-12 梯度监控 | raw=3.7938 | per_param=0.1847 |  natural=0.0676 | clipped=0.0676(上限20.0)
26-02-14-12 原始规范坐标 G(Re Σrow_mean) = +9.1554 | 累计|g| = 6.0262
26-02-14-12 Ψ矩阵条件数 cond(Ψ) = 3.58e+00
26-02-14-12 Loss=-1.570993 | E0=-0.97014673-0.00086269j | E1=-0.60084628-0.00021631j|E2=-0.60084628-0.00021631j|E3=-0.60084628-0.00021631j
26-02-14-12 #-----------------------------------------#
26-02-14-12 [Step  38] logΨ: mean=4.426+1.346j | min=0.545-2.661j | max=4.720+3.059j
26-02-14-12 梯度监控 | raw=4.0105 | per_param=0.1952 |  natural=0.0764 | clipped=0.0764(上限20.0)
26-02-14-12 原始规范坐标 G(Re Σrow_mean) = +9.2203 | 累计|g| = 6.0262
26-02-14-12 Ψ矩阵条件数 cond(Ψ) = 1.45e+00
26-02-14-12 Loss=-1.572058 | E0=-0.97204033+0.00074845j | E1=-0.60001722+0.00035236j|E2=-0.60001722+0.00035236j|E3=-0.60001722+0.00035236j
26-02-14-12 #-----------------------------------------#
26-02-14-12 [Step  39] logΨ: mean=4.549+1.457j | min=0.490-0.261j | max=4.850+3.067j
26-02-14-12 梯度监控 | raw=4.1443 | per_param=0.2017 |  natural=0.1100 | clipped=0.1100(上限20.0)
26-02-14-12 原始规范坐标 G(Re Σrow_mean) = +9.2752 | 累计|g| = 6.0262
26-02-14-12 Ψ矩阵条件数 cond(Ψ) = 1.20e+00
26-02-14-12 Loss=-1.573722 | E0=-0.97470650+0.00016561j | E1=-0.59901593-0.00044645j|E2=-0.59901593-0.00044645j|E3=-0.59901593-0.00044645j
26-02-14-12 #-----------------------------------------#
26-02-14-12 [保存] Step 39 → pickle 文件已更新 (40 条记录)
26-02-14-12 [GaugeReset@40] 吸收 Δg = Σ Re(col_mean) = +9.2752 | 新|g| = 7.1010
26-02-14-12 [Step  40] logΨ: mean=3.315-0.860j | min=-0.692-2.607j | max=3.603+0.707j
26-02-14-12 梯度监控 | raw=4.1818 | per_param=0.2036 |  natural=0.0464 | clipped=0.0464(上限20.0)
26-02-14-12 原始规范坐标 G(Re Σrow_mean) = +9.2824 | 累计|g| = 7.1010
26-02-14-12 Ψ矩阵条件数 cond(Ψ) = 1.27e+00
26-02-14-12 Loss=-1.576880 | E0=-0.97321375-0.00074208j | E1=-0.60366579+0.00064640j|E2=-0.60366579+0.00064640j|E3=-0.60366579+0.00064640j
26-02-14-12 #-----------------------------------------#
26-02-14-12 [Step  41] logΨ: mean=3.769-1.240j | min=-2.331+1.228j | max=4.066+0.401j
26-02-14-12 梯度监控 | raw=4.2805 | per_param=0.2084 |  natural=0.4175 | clipped=0.4175(上限20.0)
26-02-14-12 原始规范坐标 G(Re Σrow_mean) = +9.6128 | 累计|g| = 7.1010
26-02-14-12 Ψ矩阵条件数 cond(Ψ) = 1.61e+00
26-02-14-12 Loss=-1.563690 | E0=-0.97511302+0.00150209j | E1=-0.58857660-0.00822169j|E2=-0.58857660-0.00822169j|E3=-0.58857660-0.00822169j
26-02-14-12 #-----------------------------------------#
26-02-14-12 [Step  42] logΨ: mean=3.808-1.218j | min=0.093+0.450j | max=4.076+0.378j
26-02-14-12 梯度监控 | raw=4.9986 | per_param=0.2433 |  natural=0.0452 | clipped=0.0452(上限20.0)
26-02-14-12 原始规范坐标 G(Re Σrow_mean) = +9.5691 | 累计|g| = 7.1010
26-02-14-12 Ψ矩阵条件数 cond(Ψ) = 1.59e+00
26-02-14-12 Loss=-1.582200 | E0=-0.97199745-0.00108999j | E1=-0.61020217+0.00017207j|E2=-0.61020217+0.00017207j|E3=-0.61020217+0.00017207j
26-02-14-12 #-----------------------------------------#
26-02-14-12 [Step  43] logΨ: mean=3.927-1.100j | min=-0.142-1.957j | max=4.204+0.406j
26-02-14-12 梯度监控 | raw=5.2198 | per_param=0.2541 |  natural=0.0330 | clipped=0.0330(上限20.0)
26-02-14-12 原始规范坐标 G(Re Σrow_mean) = +9.6295 | 累计|g| = 7.1010
26-02-14-12 Ψ矩阵条件数 cond(Ψ) = 1.28e+00
26-02-14-12 Loss=-1.583777 | E0=-0.97360243-0.00102811j | E1=-0.61017465+0.00079368j|E2=-0.61017465+0.00079368j|E3=-0.61017465+0.00079368j
26-02-14-12 #-----------------------------------------#
26-02-14-12 [Step  44] logΨ: mean=4.063-1.087j | min=0.778-2.331j | max=4.317+0.429j
26-02-14-12 梯度监控 | raw=5.3911 | per_param=0.2624 |  natural=0.0259 | clipped=0.0259(上限20.0)
26-02-14-12 原始规范坐标 G(Re Σrow_mean) = +9.6384 | 累计|g| = 7.1010
26-02-14-12 Ψ矩阵条件数 cond(Ψ) = 1.57e+00
26-02-14-12 Loss=-1.589243 | E0=-0.97246410-0.00098214j | E1=-0.61677905+0.00062546j|E2=-0.61677905+0.00062546j|E3=-0.61677905+0.00062546j
26-02-14-12 #-----------------------------------------#
26-02-14-12 [Step  45] logΨ: mean=4.238-1.207j | min=-1.114+0.135j | max=4.495+0.532j
26-02-14-12 梯度监控 | raw=5.4254 | per_param=0.2641 |  natural=0.1250 | clipped=0.1250(上限20.0)
26-02-14-12 原始规范坐标 G(Re Σrow_mean) = +9.7250 | 累计|g| = 7.1010
26-02-14-12 Ψ矩阵条件数 cond(Ψ) = 1.54e+00
26-02-14-12 Loss=-1.590079 | E0=-0.97303772-0.00024729j | E1=-0.61704107+0.00142520j|E2=-0.61704107+0.00142520j|E3=-0.61704107+0.00142520j
26-02-14-12 #-----------------------------------------#
26-02-14-12 [Step  46] logΨ: mean=4.231-0.759j | min=-0.128+1.223j | max=4.504+0.581j
26-02-14-12 梯度监控 | raw=5.8119 | per_param=0.2829 |  natural=0.0700 | clipped=0.0700(上限20.0)
26-02-14-12 原始规范坐标 G(Re Σrow_mean) = +9.7728 | 累计|g| = 7.1010
26-02-14-12 Ψ矩阵条件数 cond(Ψ) = 1.53e+00
26-02-14-12 Loss=-1.587816 | E0=-0.97402431+0.00054520j | E1=-0.61379193+0.00065207j|E2=-0.61379193+0.00065207j|E3=-0.61379193+0.00065207j
26-02-14-12 #-----------------------------------------#
26-02-14-12 [Step  47] logΨ: mean=4.390-1.203j | min=0.455+1.208j | max=4.644+0.531j
26-02-14-12 梯度监控 | raw=6.1806 | per_param=0.3009 |  natural=0.0522 | clipped=0.0522(上限20.0)
26-02-14-12 原始规范坐标 G(Re Σrow_mean) = +9.7958 | 累计|g| = 7.1010
26-02-14-12 Ψ矩阵条件数 cond(Ψ) = 1.51e+00
26-02-14-12 Loss=-1.596187 | E0=-0.97594816+0.00063139j | E1=-0.62023895-0.00106645j|E2=-0.62023895-0.00106645j|E3=-0.62023895-0.00106645j
26-02-14-12 #-----------------------------------------#
26-02-14-12 [Step  48] logΨ: mean=4.483-0.996j | min=0.929-2.346j | max=4.741+0.545j
26-02-14-12 梯度监控 | raw=6.4689 | per_param=0.3149 |  natural=0.0198 | clipped=0.0198(上限20.0)
26-02-14-12 原始规范坐标 G(Re Σrow_mean) = +9.8457 | 累计|g| = 7.1010
26-02-14-12 Ψ矩阵条件数 cond(Ψ) = 1.50e+00
26-02-14-12 Loss=-1.597867 | E0=-0.97595355-0.00084956j | E1=-0.62191337+0.00062665j|E2=-0.62191337+0.00062665j|E3=-0.62191337+0.00062665j
26-02-14-12 #-----------------------------------------#
26-02-14-12 [Step  49] logΨ: mean=4.547-0.952j | min=0.674-1.833j | max=4.795+0.514j
26-02-14-12 梯度监控 | raw=6.6714 | per_param=0.3248 |  natural=0.0600 | clipped=0.0600(上限20.0)
26-02-14-12 原始规范坐标 G(Re Σrow_mean) = +9.8570 | 累计|g| = 7.1010
26-02-14-12 Ψ矩阵条件数 cond(Ψ) = 1.49e+00
26-02-14-12 Loss=-1.601624 | E0=-0.97605955+0.00035763j | E1=-0.62556435-0.00090711j|E2=-0.62556435-0.00090711j|E3=-0.62556435-0.00090711j
26-02-14-12 #-----------------------------------------#
26-02-14-12 [GaugeReset@50] 吸收 Δg = Σ Re(col_mean) = +9.8570 | 新|g| = 7.5433
26-02-14-12 [Step  50] logΨ: mean=3.956-0.554j | min=0.114+0.689j | max=4.189+0.742j
26-02-14-12 梯度监控 | raw=7.0372 | per_param=0.3426 |  natural=0.0314 | clipped=0.0314(上限20.0)
26-02-14-12 原始规范坐标 G(Re Σrow_mean) = +9.8142 | 累计|g| = 7.5433
26-02-14-12 Ψ矩阵条件数 cond(Ψ) = 3.06e+00
26-02-14-12 Loss=-1.609551 | E0=-0.97763788-0.00077079j | E1=-0.63191330+0.00030159j|E2=-0.63191330+0.00030159j|E3=-0.63191330+0.00030159j
26-02-14-12 #-----------------------------------------#
26-02-14-12 [Step  51] logΨ: mean=3.972-0.849j | min=0.023+0.639j | max=4.222+0.755j
26-02-14-12 梯度监控 | raw=7.2138 | per_param=0.3512 |  natural=0.0399 | clipped=0.0399(上限20.0)
26-02-14-12 原始规范坐标 G(Re Σrow_mean) = +9.8637 | 累计|g| = 7.5433
26-02-14-12 Ψ矩阵条件数 cond(Ψ) = 3.73e+00
26-02-14-12 Loss=-1.603326 | E0=-0.97799269-0.00031754j | E1=-0.62533362+0.00065990j|E2=-0.62533362+0.00065990j|E3=-0.62533362+0.00065990j
26-02-14-12 #-----------------------------------------#
26-02-14-12 [Step  52] logΨ: mean=4.112-0.755j | min=-0.426+1.603j | max=4.344+0.780j
26-02-14-12 梯度监控 | raw=7.4480 | per_param=0.3626 |  natural=0.0250 | clipped=0.0250(上限20.0)
26-02-14-12 原始规范坐标 G(Re Σrow_mean) = +9.8893 | 累计|g| = 7.5433
26-02-14-12 Ψ矩阵条件数 cond(Ψ) = 2.93e+00
26-02-14-12 Loss=-1.610150 | E0=-0.97877055+0.00003036j | E1=-0.63137923-0.00007941j|E2=-0.63137923-0.00007941j|E3=-0.63137923-0.00007941j
26-02-14-12 #-----------------------------------------#
26-02-14-12 [Step  53] logΨ: mean=4.192-1.018j | min=-0.547+0.590j | max=4.426+0.731j
26-02-14-12 梯度监控 | raw=7.4114 | per_param=0.3608 |  natural=0.1456 | clipped=0.1456(上限20.0)
26-02-14-12 原始规范坐标 G(Re Σrow_mean) = +9.9228 | 累计|g| = 7.5433
26-02-14-12 Ψ矩阵条件数 cond(Ψ) = 1.03e+01
26-02-14-12 Loss=-1.614251 | E0=-0.98103836-0.00059705j | E1=-0.63321241+0.00001171j|E2=-0.63321241+0.00001171j|E3=-0.63321241+0.00001171j
26-02-14-12 #-----------------------------------------#
26-02-14-12 [Step  54] logΨ: mean=4.125-0.547j | min=-0.237+1.283j | max=4.348+0.852j
26-02-14-12 梯度监控 | raw=8.0482 | per_param=0.3918 |  natural=0.0648 | clipped=0.0648(上限20.0)
26-02-14-12 原始规范坐标 G(Re Σrow_mean) = +9.8953 | 累计|g| = 7.5433
26-02-14-12 Ψ矩阵条件数 cond(Ψ) = 2.88e+00
26-02-14-12 Loss=-1.614442 | E0=-0.97880341+0.00031965j | E1=-0.63563858+0.00013096j|E2=-0.63563858+0.00013096j|E3=-0.63563858+0.00013096j
26-02-14-12 #-----------------------------------------#
26-02-14-12 [Step  55] logΨ: mean=4.162-0.746j | min=0.301+0.591j | max=4.362+0.846j
26-02-14-12 梯度监控 | raw=8.2451 | per_param=0.4014 |  natural=0.0299 | clipped=0.0299(上限20.0)
26-02-14-12 原始规范坐标 G(Re Σrow_mean) = +9.8574 | 累计|g| = 7.5433
26-02-14-12 Ψ矩阵条件数 cond(Ψ) = 1.39e+00
26-02-14-12 Loss=-1.621310 | E0=-0.97903258-0.00021603j | E1=-0.64227774+0.00023564j|E2=-0.64227774+0.00023564j|E3=-0.64227774+0.00023564j
26-02-14-12 #-----------------------------------------#
26-02-14-12 [Step  56] logΨ: mean=4.318-0.838j | min=0.377-1.843j | max=4.523+0.803j
26-02-14-12 梯度监控 | raw=8.4986 | per_param=0.4137 |  natural=0.0550 | clipped=0.0550(上限20.0)
26-02-14-12 原始规范坐标 G(Re Σrow_mean) = +9.9524 | 累计|g| = 7.5433
26-02-14-12 Ψ矩阵条件数 cond(Ψ) = 1.39e+00
26-02-14-12 Loss=-1.619370 | E0=-0.98056554+0.00022618j | E1=-0.63880447-0.00015182j|E2=-0.63880447-0.00015182j|E3=-0.63880447-0.00015182j
26-02-14-12 #-----------------------------------------#
26-02-14-12 [Step  57] logΨ: mean=4.488-0.925j | min=0.267-1.509j | max=4.657+0.773j
26-02-14-12 梯度监控 | raw=8.7266 | per_param=0.4248 |  natural=0.0221 | clipped=0.0221(上限20.0)
26-02-14-12 原始规范坐标 G(Re Σrow_mean) = +9.9693 | 累计|g| = 7.5433
26-02-14-12 Ψ矩阵条件数 cond(Ψ) = 1.38e+00
26-02-14-12 Loss=-1.629743 | E0=-0.97956965-0.00012797j | E1=-0.65017330-0.00039459j|E2=-0.65017330-0.00039459j|E3=-0.65017330-0.00039459j
26-02-14-12 #-----------------------------------------#
26-02-14-12 [Step  58] logΨ: mean=4.472-0.590j | min=0.013-1.815j | max=4.653+0.842j
26-02-14-12 梯度监控 | raw=9.4749 | per_param=0.4612 |  natural=0.0761 | clipped=0.0761(上限20.0)
26-02-14-12 原始规范坐标 G(Re Σrow_mean) = +9.9537 | 累计|g| = 7.5433
26-02-14-12 Ψ矩阵条件数 cond(Ψ) = 1.38e+00
26-02-14-12 Loss=-1.631905 | E0=-0.98331060+0.00038093j | E1=-0.64859488+0.00090212j|E2=-0.64859488+0.00090212j|E3=-0.64859488+0.00090212j
26-02-14-12 #-----------------------------------------#
26-02-14-12 [Step  59] logΨ: mean=4.378-0.807j | min=0.452+0.642j | max=4.565+0.766j
26-02-14-12 梯度监控 | raw=9.4911 | per_param=0.4620 |  natural=0.0334 | clipped=0.0334(上限20.0)
26-02-14-12 原始规范坐标 G(Re Σrow_mean) = +9.9281 | 累计|g| = 7.5433
26-02-14-12 Ψ矩阵条件数 cond(Ψ) = 1.38e+00
26-02-14-12 Loss=-1.632331 | E0=-0.98362155-0.00055623j | E1=-0.64870928+0.00067073j|E2=-0.64870928+0.00067073j|E3=-0.64870928+0.00067073j
26-02-14-12 #-----------------------------------------#
26-02-14-12 [保存] Step 59 → pickle 文件已更新 (60 条记录)
26-02-14-12 [GaugeReset@60] 吸收 Δg = Σ Re(col_mean) = +9.9281 | 新|g| = 7.6216
26-02-14-12 [Step  60] logΨ: mean=4.371-0.917j | min=0.400+0.696j | max=4.538+0.813j
26-02-14-12 梯度监控 | raw=9.5821 | per_param=0.4664 |  natural=0.0324 | clipped=0.0324(上限20.0)
26-02-14-12 原始规范坐标 G(Re Σrow_mean) = +9.8764 | 累计|g| = 7.6216
26-02-14-12 Ψ矩阵条件数 cond(Ψ) = 1.19e+00
26-02-14-12 Loss=-1.641325 | E0=-0.98340449-0.00078229j | E1=-0.65792013+0.00060202j|E2=-0.65792013+0.00060202j|E3=-0.65792013+0.00060202j
26-02-14-12 #-----------------------------------------#
26-02-14-12 [Step  61] logΨ: mean=4.197-1.083j | min=-0.800-1.435j | max=4.405+0.796j
26-02-14-12 梯度监控 | raw=9.4767 | per_param=0.4613 |  natural=0.0852 | clipped=0.0852(上限20.0)
26-02-14-12 原始规范坐标 G(Re Σrow_mean) = +9.8345 | 累计|g| = 7.6216
26-02-14-12 Ψ矩阵条件数 cond(Ψ) = 2.43e+00
26-02-14-12 Loss=-1.639366 | E0=-0.98684611+0.00034446j | E1=-0.65251970+0.00027659j|E2=-0.65251970+0.00027659j|E3=-0.65251970+0.00027659j
26-02-14-12 #-----------------------------------------#
26-02-14-12 [Step  62] logΨ: mean=3.631-1.023j | min=-1.614-2.743j | max=3.815+0.507j
26-02-14-12 梯度监控 | raw=9.6579 | per_param=0.4701 |  natural=0.2561 | clipped=0.2561(上限20.0)
26-02-14-12 原始规范坐标 G(Re Σrow_mean) = +9.5112 | 累计|g| = 7.6216
26-02-14-12 Ψ矩阵条件数 cond(Ψ) = 1.34e+00
26-02-14-12 Loss=-1.651966 | E0=-0.98871767-0.00242345j | E1=-0.66324848+0.00036598j|E2=-0.66324848+0.00036598j|E3=-0.66324848+0.00036598j
26-02-14-12 #-----------------------------------------#
26-02-14-12 [Step  63] logΨ: mean=3.735-1.215j | min=-0.267-2.433j | max=3.939+0.514j
26-02-14-12 梯度监控 | raw=9.4638 | per_param=0.4607 |  natural=0.0917 | clipped=0.0917(上限20.0)
26-02-14-12 原始规范坐标 G(Re Σrow_mean) = +9.5325 | 累计|g| = 7.6216
26-02-14-12 Ψ矩阵条件数 cond(Ψ) = 1.33e+00
26-02-14-12 Loss=-1.646255 | E0=-0.98727059-0.00026165j | E1=-0.65898393+0.00083638j|E2=-0.65898393+0.00083638j|E3=-0.65898393+0.00083638j
26-02-14-12 #-----------------------------------------#
26-02-14-12 [Step  64] logΨ: mean=3.921-0.987j | min=-0.214+1.120j | max=4.144+0.489j
26-02-14-12 梯度监控 | raw=10.0949 | per_param=0.4914 |  natural=0.1390 | clipped=0.1390(上限20.0)
26-02-14-12 原始规范坐标 G(Re Σrow_mean) = +9.6265 | 累计|g| = 7.6216
26-02-14-12 Ψ矩阵条件数 cond(Ψ) = 1.32e+00
26-02-14-12 Loss=-1.642035 | E0=-0.98570189-0.00079444j | E1=-0.65633313+0.00104068j|E2=-0.65633313+0.00104068j|E3=-0.65633313+0.00104068j
26-02-14-12 #-----------------------------------------#
26-02-14-12 【Step 65】per-param 梯度范数超限，已裁剪：scale=0.9997 | 裁剪后 per_param=0.5000
26-02-14-12 [Step  65] logΨ: mean=3.998-0.821j | min=-0.041+0.673j | max=4.217+0.543j
26-02-14-12 梯度监控 | raw=10.2713 | per_param=0.5000 |  natural=0.0592 | clipped=0.0592(上限20.0)
26-02-14-12 原始规范坐标 G(Re Σrow_mean) = +9.6649 | 累计|g| = 7.6216
26-02-14-12 Ψ矩阵条件数 cond(Ψ) = 1.55e+00
26-02-14-12 Loss=-1.653888 | E0=-0.98855021-0.00018112j | E1=-0.66533826+0.00224708j|E2=-0.66533826+0.00224708j|E3=-0.66533826+0.00224708j
26-02-14-12 #-----------------------------------------#
26-02-14-12 【Step 66】per-param 梯度范数超限，已裁剪：scale=0.9572 | 裁剪后 per_param=0.5000
26-02-14-12 [Step  66] logΨ: mean=4.231-1.278j | min=-0.169+1.168j | max=4.435+0.516j
26-02-14-12 梯度监控 | raw=10.2713 | per_param=0.5000 |  natural=0.0826 | clipped=0.0826(上限20.0)
26-02-14-12 原始规范坐标 G(Re Σrow_mean) = +9.7373 | 累计|g| = 7.6216
26-02-14-12 Ψ矩阵条件数 cond(Ψ) = 2.49e+00
26-02-14-12 Loss=-1.663062 | E0=-0.98945413-0.00110985j | E1=-0.67360761+0.00060842j|E2=-0.67360761+0.00060842j|E3=-0.67360761+0.00060842j
26-02-14-12 #-----------------------------------------#
26-02-14-12 [Step  67] logΨ: mean=4.358-0.654j | min=0.268-1.711j | max=4.590+0.417j
26-02-14-12 梯度监控 | raw=10.0309 | per_param=0.4883 |  natural=0.1056 | clipped=0.1056(上限20.0)
26-02-14-12 原始规范坐标 G(Re Σrow_mean) = +9.8163 | 累计|g| = 7.6216
26-02-14-12 Ψ矩阵条件数 cond(Ψ) = 1.33e+00
26-02-14-12 Loss=-1.657968 | E0=-0.99018170+0.00042369j | E1=-0.66778612-0.00141289j|E2=-0.66778612-0.00141289j|E3=-0.66778612-0.00141289j
26-02-14-12 #-----------------------------------------#
26-02-14-12 【Step 68】per-param 梯度范数超限，已裁剪：scale=0.9295 | 裁剪后 per_param=0.5000
26-02-14-12 [Step  68] logΨ: mean=4.440-0.266j | min=0.711+0.893j | max=4.674+0.422j
26-02-14-12 梯度监控 | raw=10.2713 | per_param=0.5000 |  natural=0.0642 | clipped=0.0642(上限20.0)
26-02-14-12 原始规范坐标 G(Re Σrow_mean) = +9.8324 | 累计|g| = 7.6216
26-02-14-12 Ψ矩阵条件数 cond(Ψ) = 1.34e+00
26-02-14-12 Loss=-1.665210 | E0=-0.99074570+0.00067630j | E1=-0.67446427-0.00079572j|E2=-0.67446427-0.00079572j|E3=-0.67446427-0.00079572j
26-02-14-12 #-----------------------------------------#
26-02-14-12 【Step 69】per-param 梯度范数超限，已裁剪：scale=0.8859 | 裁剪后 per_param=0.5000
26-02-14-12 [Step  69] logΨ: mean=4.695-0.711j | min=0.091-1.913j | max=4.934+0.329j
26-02-14-12 梯度监控 | raw=10.2713 | per_param=0.5000 |  natural=0.0897 | clipped=0.0897(上限20.0)
26-02-14-12 原始规范坐标 G(Re Σrow_mean) = +9.9557 | 累计|g| = 7.6216
26-02-14-12 Ψ矩阵条件数 cond(Ψ) = 1.36e+00
26-02-14-12 Loss=-1.667141 | E0=-0.99098346-0.00068501j | E1=-0.67615763+0.00011430j|E2=-0.67615763+0.00011430j|E3=-0.67615763+0.00011430j
26-02-14-12 #-----------------------------------------#
26-02-14-12 [GaugeReset@70] 吸收 Δg = Σ Re(col_mean) = +9.9557 | 新|g| = 7.6491
26-02-14-12 【Step 70】per-param 梯度范数超限，已裁剪：scale=0.8722 | 裁剪后 per_param=0.5000
26-02-14-12 [Step  70] logΨ: mean=5.164-1.010j | min=0.116+1.545j | max=5.400+0.045j
26-02-14-12 梯度监控 | raw=10.2713 | per_param=0.5000 |  natural=0.1605 | clipped=0.1605(上限20.0)
26-02-14-12 原始规范坐标 G(Re Σrow_mean) = +10.1914 | 累计|g| = 7.6491
26-02-14-12 Ψ矩阵条件数 cond(Ψ) = 2.13e+00
26-02-14-12 Loss=-1.665157 | E0=-0.98897243-0.00119182j | E1=-0.67618451+0.00014717j|E2=-0.67618451+0.00014717j|E3=-0.67618451+0.00014717j
26-02-14-12 #-----------------------------------------#
26-02-14-12 【Step 71】per-param 梯度范数超限，已裁剪：scale=0.8079 | 裁剪后 per_param=0.5000
26-02-14-12 [Step  71] logΨ: mean=5.240-1.662j | min=2.264-3.122j | max=5.467+0.096j
26-02-14-12 梯度监控 | raw=10.2713 | per_param=0.5000 |  natural=0.0404 | clipped=0.0404(上限20.0)
26-02-14-12 原始规范坐标 G(Re Σrow_mean) = +10.2121 | 累计|g| = 7.6491
26-02-14-12 Ψ矩阵条件数 cond(Ψ) = 2.08e+00
26-02-14-12 Loss=-1.676054 | E0=-0.99101124-0.00120432j | E1=-0.68504297+0.00103970j|E2=-0.68504297+0.00103970j|E3=-0.68504297+0.00103970j
26-02-14-12 #-----------------------------------------#
26-02-14-12 【Step 72】per-param 梯度范数超限，已裁剪：scale=0.7989 | 裁剪后 per_param=0.5000
26-02-14-12 [Step  72] logΨ: mean=5.284-1.257j | min=2.291-3.099j | max=5.522+0.124j
26-02-14-12 梯度监控 | raw=10.2713 | per_param=0.5000 |  natural=0.0409 | clipped=0.0409(上限20.0)
26-02-14-12 原始规范坐标 G(Re Σrow_mean) = +10.2323 | 累计|g| = 7.6491
26-02-14-12 Ψ矩阵条件数 cond(Ψ) = 1.41e+00
26-02-14-12 Loss=-1.678630 | E0=-0.99341233-0.00139079j | E1=-0.68521731+0.00029281j|E2=-0.68521731+0.00029281j|E3=-0.68521731+0.00029281j
26-02-14-12 #-----------------------------------------#
26-02-14-12 【Step 73】per-param 梯度范数超限，已裁剪：scale=0.7782 | 裁剪后 per_param=0.5000
26-02-14-12 [Step  73] logΨ: mean=5.336-1.367j | min=1.498-3.053j | max=5.580+0.167j
26-02-14-12 梯度监控 | raw=10.2713 | per_param=0.5000 |  natural=0.0639 | clipped=0.0639(上限20.0)
26-02-14-12 原始规范坐标 G(Re Σrow_mean) = +10.2217 | 累计|g| = 7.6491
26-02-14-12 Ψ矩阵条件数 cond(Ψ) = 1.41e+00
26-02-14-12 Loss=-1.684220 | E0=-0.99591322-0.00109904j | E1=-0.68830660+0.00211559j|E2=-0.68830660+0.00211559j|E3=-0.68830660+0.00211559j
26-02-14-12 #-----------------------------------------#
26-02-14-12 【Step 74】per-param 梯度范数超限，已裁剪：scale=0.7793 | 裁剪后 per_param=0.5000
26-02-14-12 [Step  74] logΨ: mean=5.412-1.115j | min=1.797-2.824j | max=5.647+0.249j
26-02-14-12 梯度监控 | raw=10.2713 | per_param=0.5000 |  natural=0.0541 | clipped=0.0541(上限20.0)
26-02-14-12 原始规范坐标 G(Re Σrow_mean) = +10.2402 | 累计|g| = 7.6491
26-02-14-12 Ψ矩阵条件数 cond(Ψ) = 1.42e+00
26-02-14-12 Loss=-1.686651 | E0=-0.99347372-0.00098856j | E1=-0.69317724+0.00094860j|E2=-0.69317724+0.00094860j|E3=-0.69317724+0.00094860j
26-02-14-12 #-----------------------------------------#
26-02-14-12 【Step 75】per-param 梯度范数超限，已裁剪：scale=0.7655 | 裁剪后 per_param=0.5000
26-02-14-12 [Step  75] logΨ: mean=5.469-1.167j | min=1.521+0.170j | max=5.700+0.311j
26-02-14-12 梯度监控 | raw=10.2713 | per_param=0.5000 |  natural=0.0539 | clipped=0.0539(上限20.0)
26-02-14-12 原始规范坐标 G(Re Σrow_mean) = +10.2487 | 累计|g| = 7.6491
26-02-14-12 Ψ矩阵条件数 cond(Ψ) = 1.43e+00
26-02-14-12 Loss=-1.688305 | E0=-0.99223028-0.00132823j | E1=-0.69607515+0.00078107j|E2=-0.69607515+0.00078107j|E3=-0.69607515+0.00078107j
26-02-14-12 #-----------------------------------------#
26-02-14-12 【Step 76】per-param 梯度范数超限，已裁剪：scale=0.7280 | 裁剪后 per_param=0.5000
26-02-14-12 [Step  76] logΨ: mean=5.446-1.042j | min=1.824-2.777j | max=5.701+0.315j
26-02-14-12 梯度监控 | raw=10.2713 | per_param=0.5000 |  natural=0.0019 | clipped=0.0019(上限20.0)
26-02-14-12 原始规范坐标 G(Re Σrow_mean) = +10.2619 | 累计|g| = 7.6491
26-02-14-12 Ψ矩阵条件数 cond(Ψ) = 1.98e+00
26-02-14-12 Loss=-1.688748 | E0=-0.99551319-0.00098468j | E1=-0.69323520-0.00003738j|E2=-0.69323520-0.00003738j|E3=-0.69323520-0.00003738j
26-02-14-12 #-----------------------------------------#
26-02-14-12 【Step 77】per-param 梯度范数超限，已裁剪：scale=0.7536 | 裁剪后 per_param=0.5000
26-02-14-12 [Step  77] logΨ: mean=5.399-1.191j | min=1.220+1.443j | max=5.649+0.103j
26-02-14-12 梯度监控 | raw=10.2713 | per_param=0.5000 |  natural=0.0767 | clipped=0.0767(上限20.0)
26-02-14-12 原始规范坐标 G(Re Σrow_mean) = +10.2244 | 累计|g| = 7.6491
26-02-14-12 Ψ矩阵条件数 cond(Ψ) = 1.48e+00
26-02-14-12 Loss=-1.692926 | E0=-0.99557705+0.00011905j | E1=-0.69734898-0.00321386j|E2=-0.69734898-0.00321386j|E3=-0.69734898-0.00321386j
26-02-14-12 #-----------------------------------------#
26-02-14-12 【Step 78】per-param 梯度范数超限，已裁剪：scale=0.7856 | 裁剪后 per_param=0.5000
26-02-14-12 [Step  78] logΨ: mean=5.420-1.088j | min=0.946-1.572j | max=5.670+0.108j
26-02-14-12 梯度监控 | raw=10.2713 | per_param=0.5000 |  natural=0.1283 | clipped=0.1283(上限20.0)
26-02-14-12 原始规范坐标 G(Re Σrow_mean) = +10.2157 | 累计|g| = 7.6491
26-02-14-12 Ψ矩阵条件数 cond(Ψ) = 1.52e+00
26-02-14-12 Loss=-1.697421 | E0=-0.99582073+0.00125519j | E1=-0.70160030-0.00192703j|E2=-0.70160030-0.00192703j|E3=-0.70160030-0.00192703j
26-02-14-12 #-----------------------------------------#
26-02-14-12 【Step 79】per-param 梯度范数超限，已裁剪：scale=0.7449 | 裁剪后 per_param=0.5000
26-02-14-12 [Step  79] logΨ: mean=5.445-1.058j | min=2.119-1.416j | max=5.711+0.227j
26-02-14-12 梯度监控 | raw=10.2713 | per_param=0.5000 |  natural=0.0709 | clipped=0.0709(上限20.0)
26-02-14-12 原始规范坐标 G(Re Σrow_mean) = +10.2520 | 累计|g| = 7.6491
26-02-14-12 Ψ矩阵条件数 cond(Ψ) = 2.06e+00
26-02-14-12 Loss=-1.694028 | E0=-0.99643012-0.00062875j | E1=-0.69759770+0.00157055j|E2=-0.69759770+0.00157055j|E3=-0.69759770+0.00157055j
26-02-14-12 #-----------------------------------------#
26-02-14-12 [保存] Step 79 → pickle 文件已更新 (80 条记录)
26-02-14-12 [GaugeReset@80] 吸收 Δg = Σ Re(col_mean) = +10.2520 | 新|g| = 7.8484
26-02-14-12 【Step 80】per-param 梯度范数超限，已裁剪：scale=0.7540 | 裁剪后 per_param=0.5000
26-02-14-12 [Step  80] logΨ: mean=5.155-0.670j | min=1.460+0.752j | max=5.397+0.778j
26-02-14-12 梯度监控 | raw=10.2713 | per_param=0.5000 |  natural=0.0498 | clipped=0.0498(上限20.0)
26-02-14-12 原始规范坐标 G(Re Σrow_mean) = +10.2055 | 累计|g| = 7.8484
26-02-14-12 Ψ矩阵条件数 cond(Ψ) = 1.63e+00
26-02-14-12 Loss=-1.704023 | E0=-0.99593424-0.00098284j | E1=-0.70808827+0.00108942j|E2=-0.70808827+0.00108942j|E3=-0.70808827+0.00108942j
26-02-14-12 #-----------------------------------------#
26-02-14-12 【Step 81】per-param 梯度范数超限，已裁剪：scale=0.7767 | 裁剪后 per_param=0.5000
26-02-14-12 [Step  81] logΨ: mean=5.106-0.490j | min=0.224+1.995j | max=5.357+1.071j
26-02-14-12 梯度监控 | raw=10.2713 | per_param=0.5000 |  natural=0.0849 | clipped=0.0849(上限20.0)
26-02-14-12 原始规范坐标 G(Re Σrow_mean) = +10.1862 | 累计|g| = 7.8484
26-02-14-12 Ψ矩阵条件数 cond(Ψ) = 1.56e+00
26-02-14-12 Loss=-1.705476 | E0=-0.99794058+0.00085414j | E1=-0.70753514+0.00077516j|E2=-0.70753514+0.00077516j|E3=-0.70753514+0.00077516j
26-02-14-12 #-----------------------------------------#
26-02-14-12 【Step 82】per-param 梯度范数超限，已裁剪：scale=0.8050 | 裁剪后 per_param=0.5000
26-02-14-12 [Step  82] logΨ: mean=5.144-0.100j | min=0.976+2.236j | max=5.389+1.260j
26-02-14-12 梯度监控 | raw=10.2713 | per_param=0.5000 |  natural=0.0768 | clipped=0.0768(上限20.0)
26-02-14-12 原始规范坐标 G(Re Σrow_mean) = +10.1884 | 累计|g| = 7.8484
26-02-14-12 Ψ矩阵条件数 cond(Ψ) = 1.54e+00
26-02-14-12 Loss=-1.710765 | E0=-0.99961727-0.00049389j | E1=-0.71114797+0.00129055j|E2=-0.71114797+0.00129055j|E3=-0.71114797+0.00129055j
26-02-14-12 #-----------------------------------------#
26-02-14-12 【Step 83】per-param 梯度范数超限，已裁剪：scale=0.7773 | 裁剪后 per_param=0.5000
26-02-14-12 [Step  83] logΨ: mean=5.186-0.131j | min=1.052+2.353j | max=5.439+1.361j
26-02-14-12 梯度监控 | raw=10.2713 | per_param=0.5000 |  natural=0.0769 | clipped=0.0769(上限20.0)
26-02-14-12 原始规范坐标 G(Re Σrow_mean) = +10.2041 | 累计|g| = 7.8484
26-02-14-12 Ψ矩阵条件数 cond(Ψ) = 1.86e+00
26-02-14-12 Loss=-1.709712 | E0=-0.99763989-0.00057497j | E1=-0.71207191+0.00097343j|E2=-0.71207191+0.00097343j|E3=-0.71207191+0.00097343j
26-02-14-12 #-----------------------------------------#
26-02-14-12 【Step 84】per-param 梯度范数超限，已裁剪：scale=0.8347 | 裁剪后 per_param=0.5000
26-02-14-12 [Step  84] logΨ: mean=5.198+0.145j | min=1.035+2.401j | max=5.486+1.460j
26-02-14-12 梯度监控 | raw=10.2713 | per_param=0.5000 |  natural=0.0990 | clipped=0.0990(上限20.0)
26-02-14-12 原始规范坐标 G(Re Σrow_mean) = +10.2310 | 累计|g| = 7.8484
26-02-14-12 Ψ矩阵条件数 cond(Ψ) = 1.53e+00
26-02-14-12 Loss=-1.714774 | E0=-1.00364650-0.00165837j | E1=-0.71112715+0.00163593j|E2=-0.71112715+0.00163593j|E3=-0.71112715+0.00163593j
26-02-14-12 #-----------------------------------------#
26-02-14-12 【Step 85】per-param 梯度范数超限，已裁剪：scale=0.8620 | 裁剪后 per_param=0.5000
26-02-14-12 [Step  85] logΨ: mean=5.223-0.023j | min=1.526-1.903j | max=5.498+1.472j
26-02-14-12 梯度监控 | raw=10.2713 | per_param=0.5000 |  natural=0.0796 | clipped=0.0796(上限20.0)
26-02-14-12 原始规范坐标 G(Re Σrow_mean) = +10.2457 | 累计|g| = 7.8484
26-02-14-12 Ψ矩阵条件数 cond(Ψ) = 1.36e+00
26-02-14-12 Loss=-1.719430 | E0=-1.00419354-0.00148060j | E1=-0.71523687+0.00151963j|E2=-0.71523687+0.00151963j|E3=-0.71523687+0.00151963j
26-02-14-12 #-----------------------------------------#
26-02-14-12 【Step 86】per-param 梯度范数超限，已裁剪：scale=0.8386 | 裁剪后 per_param=0.5000
26-02-14-12 [Step  86] logΨ: mean=5.038-0.974j | min=0.965-0.003j | max=5.298+0.875j
26-02-14-12 梯度监控 | raw=10.2713 | per_param=0.5000 |  natural=0.1298 | clipped=0.1298(上限20.0)
26-02-14-12 原始规范坐标 G(Re Σrow_mean) = +10.1542 | 累计|g| = 7.8484
26-02-14-12 Ψ矩阵条件数 cond(Ψ) = 1.56e+00
26-02-14-12 Loss=-1.718159 | E0=-1.00067967+0.00068553j | E1=-0.71747924-0.00272838j|E2=-0.71747924-0.00272838j|E3=-0.71747924-0.00272838j
26-02-14-12 #-----------------------------------------#
26-02-14-13 【Step 87】per-param 梯度范数超限，已裁剪：scale=0.9175 | 裁剪后 per_param=0.5000
26-02-14-13 [Step  87] logΨ: mean=4.882-1.125j | min=-0.011+3.043j | max=5.156+0.648j
26-02-14-13 梯度监控 | raw=10.2713 | per_param=0.5000 |  natural=0.1174 | clipped=0.1174(上限20.0)
26-02-14-13 原始规范坐标 G(Re Σrow_mean) = +10.0996 | 累计|g| = 7.8484
26-02-14-13 Ψ矩阵条件数 cond(Ψ) = 1.87e+00
26-02-14-13 Loss=-1.727384 | E0=-1.00359829+0.00090709j | E1=-0.72378534-0.00110050j|E2=-0.72378534-0.00110050j|E3=-0.72378534-0.00110050j
26-02-14-13 #-----------------------------------------#
26-02-14-13 【Step 88】per-param 梯度范数超限，已裁剪：scale=0.8875 | 裁剪后 per_param=0.5000
26-02-14-13 [Step  88] logΨ: mean=4.920-0.983j | min=1.190+0.385j | max=5.197+0.622j
26-02-14-13 梯度监控 | raw=10.2713 | per_param=0.5000 |  natural=0.0387 | clipped=0.0387(上限20.0)
26-02-14-13 原始规范坐标 G(Re Σrow_mean) = +10.1117 | 累计|g| = 7.8484
26-02-14-13 Ψ矩阵条件数 cond(Ψ) = 2.38e+00
26-02-14-13 Loss=-1.728370 | E0=-1.00477500-0.00176436j | E1=-0.72359483+0.00084652j|E2=-0.72359483+0.00084652j|E3=-0.72359483+0.00084652j
26-02-14-13 #-----------------------------------------#
26-02-14-13 【Step 89】per-param 梯度范数超限，已裁剪：scale=0.8352 | 裁剪后 per_param=0.5000
26-02-14-13 [Step  89] logΨ: mean=4.504-1.378j | min=0.767-3.023j | max=4.801+0.327j
26-02-14-13 梯度监控 | raw=10.2713 | per_param=0.5000 |  natural=0.0967 | clipped=0.0967(上限20.0)
26-02-14-13 原始规范坐标 G(Re Σrow_mean) = +9.9326 | 累计|g| = 7.8484
26-02-14-13 Ψ矩阵条件数 cond(Ψ) = 1.70e+00
26-02-14-13 Loss=-1.730665 | E0=-1.00105108+0.00027889j | E1=-0.72961354-0.00346972j|E2=-0.72961354-0.00346972j|E3=-0.72961354-0.00346972j
26-02-14-13 #-----------------------------------------#
26-02-14-13 [GaugeReset@90] 吸收 Δg = Σ Re(col_mean) = +9.9326 | 新|g| = 7.6611
26-02-14-13 【Step 90】per-param 梯度范数超限，已裁剪：scale=0.8921 | 裁剪后 per_param=0.5000
26-02-14-13 [Step  90] logΨ: mean=4.692-0.670j | min=-0.090-2.896j | max=4.964+0.417j
26-02-14-13 梯度监控 | raw=10.2713 | per_param=0.5000 |  natural=0.1478 | clipped=0.1478(上限20.0)
26-02-14-13 原始规范坐标 G(Re Σrow_mean) = +9.8416 | 累计|g| = 7.6611
26-02-14-13 Ψ矩阵条件数 cond(Ψ) = 2.34e+00
26-02-14-13 Loss=-1.742212 | E0=-1.00418680-0.00058435j | E1=-0.73802522-0.00027460j|E2=-0.73802522-0.00027460j|E3=-0.73802522-0.00027460j
26-02-14-13 #-----------------------------------------#
26-02-14-13 【Step 91】per-param 梯度范数超限，已裁剪：scale=0.8805 | 裁剪后 per_param=0.5000
26-02-14-13 [Step  91] logΨ: mean=4.430-0.772j | min=-0.832-3.001j | max=4.716+0.308j
26-02-14-13 梯度监控 | raw=10.2713 | per_param=0.5000 |  natural=0.3440 | clipped=0.3440(上限20.0)
26-02-14-13 原始规范坐标 G(Re Σrow_mean) = +9.7122 | 累计|g| = 7.6611
26-02-14-13 Ψ矩阵条件数 cond(Ψ) = 1.89e+00
26-02-14-13 Loss=-1.748608 | E0=-1.00203030+0.00063231j | E1=-0.74657721-0.00270850j|E2=-0.74657721-0.00270850j|E3=-0.74657721-0.00270850j
26-02-14-13 #-----------------------------------------#
26-02-14-13 【Step 92】per-param 梯度范数超限，已裁剪：scale=0.8973 | 裁剪后 per_param=0.5000
26-02-14-13 [Step  92] logΨ: mean=4.471-0.908j | min=0.574-0.753j | max=4.760+0.316j
26-02-14-13 梯度监控 | raw=10.2713 | per_param=0.5000 |  natural=0.1329 | clipped=0.1329(上限20.0)
26-02-14-13 原始规范坐标 G(Re Σrow_mean) = +9.7484 | 累计|g| = 7.6611
26-02-14-13 Ψ矩阵条件数 cond(Ψ) = 2.46e+00
26-02-14-13 Loss=-1.745399 | E0=-1.00473477+0.00001804j | E1=-0.74066412+0.00070923j|E2=-0.74066412+0.00070923j|E3=-0.74066412+0.00070923j
26-02-14-13 #-----------------------------------------#
26-02-14-13 【Step 93】per-param 梯度范数超限，已裁剪：scale=0.8921 | 裁剪后 per_param=0.5000
26-02-14-13 [Step  93] logΨ: mean=4.566-1.003j | min=0.339+3.012j | max=4.812+0.297j
26-02-14-13 梯度监控 | raw=10.2713 | per_param=0.5000 |  natural=0.1143 | clipped=0.1143(上限20.0)
26-02-14-13 原始规范坐标 G(Re Σrow_mean) = +9.7547 | 累计|g| = 7.6611
26-02-14-13 Ψ矩阵条件数 cond(Ψ) = 2.47e+00
26-02-14-13 Loss=-1.754838 | E0=-1.00446961-0.00068606j | E1=-0.75036849+0.00018498j|E2=-0.75036849+0.00018498j|E3=-0.75036849+0.00018498j
26-02-14-13 #-----------------------------------------#
26-02-14-13 【Step 94】per-param 梯度范数超限，已裁剪：scale=0.8970 | 裁剪后 per_param=0.5000
26-02-14-13 [Step  94] logΨ: mean=4.601-0.746j | min=-0.106+3.026j | max=4.874+0.298j
26-02-14-13 梯度监控 | raw=10.2713 | per_param=0.5000 |  natural=0.1905 | clipped=0.1905(上限20.0)
26-02-14-13 原始规范坐标 G(Re Σrow_mean) = +9.8157 | 累计|g| = 7.6611
26-02-14-13 Ψ矩阵条件数 cond(Ψ) = 1.63e+00
26-02-14-13 Loss=-1.754809 | E0=-1.00439346+0.00067680j | E1=-0.75041599-0.00042902j|E2=-0.75041599-0.00042902j|E3=-0.75041599-0.00042902j
26-02-14-13 #-----------------------------------------#
26-02-14-13 【Step 95】per-param 梯度范数超限，已裁剪：scale=0.9175 | 裁剪后 per_param=0.5000
26-02-14-13 [Step  95] logΨ: mean=4.558-0.830j | min=0.568+2.344j | max=4.816+0.291j
26-02-14-13 梯度监控 | raw=10.2713 | per_param=0.5000 |  natural=0.1136 | clipped=0.1136(上限20.0)
26-02-14-13 原始规范坐标 G(Re Σrow_mean) = +9.8043 | 累计|g| = 7.6611
26-02-14-13 Ψ矩阵条件数 cond(Ψ) = 1.64e+00
26-02-14-13 Loss=-1.764070 | E0=-1.00681459-0.00015588j | E1=-0.75725526+0.00019879j|E2=-0.75725526+0.00019879j|E3=-0.75725526+0.00019879j
26-02-14-13 #-----------------------------------------#
26-02-14-13 [Step  96] logΨ: mean=4.706-0.982j | min=-0.189-0.133j | max=4.972+0.300j
26-02-14-13 梯度监控 | raw=10.2339 | per_param=0.4982 |  natural=0.1730 | clipped=0.1730(上限20.0)
26-02-14-13 原始规范坐标 G(Re Σrow_mean) = +9.8627 | 累计|g| = 7.6611
26-02-14-13 Ψ矩阵条件数 cond(Ψ) = 1.93e+00
26-02-14-13 Loss=-1.765657 | E0=-1.00942226-0.00009919j | E1=-0.75623503+0.00095412j|E2=-0.75623503+0.00095412j|E3=-0.75623503+0.00095412j
26-02-14-13 #-----------------------------------------#
26-02-14-13 【Step 97】per-param 梯度范数超限，已裁剪：scale=0.9081 | 裁剪后 per_param=0.5000
26-02-14-13 [Step  97] logΨ: mean=4.639-1.261j | min=-0.580+2.063j | max=4.904+0.244j
26-02-14-13 梯度监控 | raw=10.2713 | per_param=0.5000 |  natural=0.1182 | clipped=0.1182(上限20.0)
26-02-14-13 原始规范坐标 G(Re Σrow_mean) = +9.8536 | 累计|g| = 7.6611
26-02-14-13 Ψ矩阵条件数 cond(Ψ) = 1.65e+00
26-02-14-13 Loss=-1.775260 | E0=-1.00984600-0.00073527j | E1=-0.76541446-0.00020956j|E2=-0.76541446-0.00020956j|E3=-0.76541446-0.00020956j
26-02-14-13 #-----------------------------------------#
26-02-14-13 【Step 98】per-param 梯度范数超限，已裁剪：scale=0.9896 | 裁剪后 per_param=0.5000
26-02-14-13 [Step  98] logΨ: mean=4.686-1.158j | min=-1.474+2.227j | max=4.982+0.248j
26-02-14-13 梯度监控 | raw=10.2713 | per_param=0.5000 |  natural=0.2007 | clipped=0.2007(上限20.0)
26-02-14-13 原始规范坐标 G(Re Σrow_mean) = +9.8898 | 累计|g| = 7.6611
26-02-14-13 Ψ矩阵条件数 cond(Ψ) = 1.66e+00
26-02-14-13 Loss=-1.783703 | E0=-1.01353404-0.00007060j | E1=-0.77016863-0.00060319j|E2=-0.77016863-0.00060319j|E3=-0.77016863-0.00060319j
26-02-14-13 #-----------------------------------------#
26-02-14-13 [Step  99] logΨ: mean=4.693-1.353j | min=0.188-0.390j | max=4.951+0.257j
26-02-14-13 梯度监控 | raw=10.0740 | per_param=0.4904 |  natural=0.1697 | clipped=0.1697(上限20.0)
26-02-14-13 原始规范坐标 G(Re Σrow_mean) = +9.9061 | 累计|g| = 7.6611
26-02-14-13 Ψ矩阵条件数 cond(Ψ) = 2.05e+00
26-02-14-13 Loss=-1.789828 | E0=-1.01247068-0.00024423j | E1=-0.77735740-0.00026939j|E2=-0.77735740-0.00026939j|E3=-0.77735740-0.00026939j
26-02-14-13 #-----------------------------------------#
26-02-14-13 [保存] Step 99 → pickle 文件已更新 (100 条记录)
26-02-14-13 [GaugeReset@100] 吸收 Δg = Σ Re(col_mean) = +9.9061 | 新|g| = 7.7174
26-02-14-13 [Step 100] logΨ: mean=4.766-1.142j | min=0.798+2.263j | max=5.055+0.541j
26-02-14-13 梯度监控 | raw=9.8558 | per_param=0.4798 |  natural=0.2110 | clipped=0.2110(上限20.0)
26-02-14-13 原始规范坐标 G(Re Σrow_mean) = +9.9781 | 累计|g| = 7.7174
26-02-14-13 Ψ矩阵条件数 cond(Ψ) = 1.64e+00
26-02-14-13 Loss=-1.789664 | E0=-1.01490618+0.00030985j | E1=-0.77475751+0.00187293j|E2=-0.77475751+0.00187293j|E3=-0.77475751+0.00187293j
26-02-14-13 #-----------------------------------------#
26-02-14-13 [Step 101] logΨ: mean=4.877-1.122j | min=0.273+2.224j | max=5.128+0.618j
26-02-14-13 梯度监控 | raw=10.0710 | per_param=0.4902 |  natural=0.2210 | clipped=0.2210(上限20.0)
26-02-14-13 原始规范坐标 G(Re Σrow_mean) = +10.0258 | 累计|g| = 7.7174
26-02-14-13 Ψ矩阵条件数 cond(Ψ) = 2.03e+00
26-02-14-13 Loss=-1.796592 | E0=-1.01112664+0.00039256j | E1=-0.78546558+0.00221752j|E2=-0.78546558+0.00221752j|E3=-0.78546558+0.00221752j
26-02-14-13 #-----------------------------------------#
26-02-14-13 【Step 102】per-param 梯度范数超限，已裁剪：scale=0.9605 | 裁剪后 per_param=0.5000
26-02-14-13 [Step 102] logΨ: mean=4.868-1.030j | min=0.849+0.262j | max=5.138+0.633j
26-02-14-13 梯度监控 | raw=10.2713 | per_param=0.5000 |  natural=0.0967 | clipped=0.0967(上限20.0)
26-02-14-13 原始规范坐标 G(Re Σrow_mean) = +10.0335 | 累计|g| = 7.7174
26-02-14-13 Ψ矩阵条件数 cond(Ψ) = 1.63e+00
26-02-14-13 Loss=-1.797542 | E0=-1.01330268+0.00001752j | E1=-0.78423961-0.00009725j|E2=-0.78423961-0.00009725j|E3=-0.78423961-0.00009725j
26-02-14-13 #-----------------------------------------#
26-02-14-13 [Step 103] logΨ: mean=4.929-0.836j | min=1.351-0.637j | max=5.211+0.682j
26-02-14-13 梯度监控 | raw=10.1592 | per_param=0.4945 |  natural=0.1446 | clipped=0.1446(上限20.0)
26-02-14-13 原始规范坐标 G(Re Σrow_mean) = +10.1120 | 累计|g| = 7.7174
26-02-14-13 Ψ矩阵条件数 cond(Ψ) = 2.08e+00
26-02-14-13 Loss=-1.805768 | E0=-1.01480047+0.00035671j | E1=-0.79096710+0.00067031j|E2=-0.79096710+0.00067031j|E3=-0.79096710+0.00067031j
26-02-14-13 #-----------------------------------------#
26-02-14-13 [Step 104] logΨ: mean=4.987-0.908j | min=1.770-0.419j | max=5.270+0.712j
26-02-14-13 梯度监控 | raw=9.2845 | per_param=0.4520 |  natural=0.1147 | clipped=0.1147(上限20.0)
26-02-14-13 原始规范坐标 G(Re Σrow_mean) = +10.1616 | 累计|g| = 7.7174
26-02-14-13 Ψ矩阵条件数 cond(Ψ) = 2.11e+00
26-02-14-13 Loss=-1.808173 | E0=-1.01480574+0.00038881j | E1=-0.79336688-0.00023480j|E2=-0.79336688-0.00023480j|E3=-0.79336688-0.00023480j
26-02-14-13 #-----------------------------------------#
26-02-14-13 [Step 105] logΨ: mean=5.153-0.723j | min=0.328-0.947j | max=5.417+0.813j
26-02-14-13 梯度监控 | raw=8.0589 | per_param=0.3923 |  natural=0.2044 | clipped=0.2044(上限20.0)
26-02-14-13 原始规范坐标 G(Re Σrow_mean) = +10.2195 | 累计|g| = 7.7174
26-02-14-13 Ψ矩阵条件数 cond(Ψ) = 1.57e+00
26-02-14-13 Loss=-1.813750 | E0=-1.01839615+0.00135307j | E1=-0.79535342+0.00405804j|E2=-0.79535342+0.00405804j|E3=-0.79535342+0.00405804j
26-02-14-13 #-----------------------------------------#
26-02-14-13 [Step 106] logΨ: mean=5.229-0.753j | min=0.492-0.632j | max=5.490+0.879j
26-02-14-13 梯度监控 | raw=8.3049 | per_param=0.4043 |  natural=0.1594 | clipped=0.1594(上限20.0)
26-02-14-13 原始规范坐标 G(Re Σrow_mean) = +10.2889 | 累计|g| = 7.7174
26-02-14-13 Ψ矩阵条件数 cond(Ψ) = 1.55e+00
26-02-14-13 Loss=-1.825265 | E0=-1.01886645+0.00078458j | E1=-0.80639829+0.00226122j|E2=-0.80639829+0.00226122j|E3=-0.80639829+0.00226122j
26-02-14-13 #-----------------------------------------#
26-02-14-13 [Step 107] logΨ: mean=5.301-0.740j | min=0.413+2.137j | max=5.604+0.825j
26-02-14-13 梯度监控 | raw=9.4738 | per_param=0.4612 |  natural=0.0965 | clipped=0.0965(上限20.0)
26-02-14-13 原始规范坐标 G(Re Σrow_mean) = +10.4096 | 累计|g| = 7.7174
26-02-14-13 Ψ矩阵条件数 cond(Ψ) = 1.54e+00
26-02-14-13 Loss=-1.833284 | E0=-1.01557875-0.00022628j | E1=-0.81770495-0.00080347j|E2=-0.81770495-0.00080347j|E3=-0.81770495-0.00080347j
26-02-14-13 #-----------------------------------------#
26-02-14-13 [Step 108] logΨ: mean=5.407-0.755j | min=1.087+2.953j | max=5.702+0.782j
26-02-14-13 梯度监控 | raw=8.2627 | per_param=0.4022 |  natural=0.0843 | clipped=0.0843(上限20.0)
26-02-14-13 原始规范坐标 G(Re Σrow_mean) = +10.4418 | 累计|g| = 7.7174
26-02-14-13 Ψ矩阵条件数 cond(Ψ) = 2.13e+00
26-02-14-13 Loss=-1.838847 | E0=-1.02014464+0.00058177j | E1=-0.81870195-0.00098934j|E2=-0.81870195-0.00098934j|E3=-0.81870195-0.00098934j
26-02-14-13 #-----------------------------------------#
26-02-14-13 [Step 109] logΨ: mean=5.573-0.771j | min=1.111+2.932j | max=5.838+0.843j
26-02-14-13 梯度监控 | raw=7.7562 | per_param=0.3776 |  natural=0.0873 | clipped=0.0873(上限20.0)
26-02-14-13 原始规范坐标 G(Re Σrow_mean) = +10.5143 | 累计|g| = 7.7174
26-02-14-13 Ψ矩阵条件数 cond(Ψ) = 1.52e+00
26-02-14-13 Loss=-1.841818 | E0=-1.02081458-0.00037830j | E1=-0.82100352+0.00107146j|E2=-0.82100352+0.00107146j|E3=-0.82100352+0.00107146j
26-02-14-13 #-----------------------------------------#
26-02-14-13 [GaugeReset@110] 吸收 Δg = Σ Re(col_mean) = +10.5143 | 新|g| = 8.0802
26-02-14-13 [Step 110] logΨ: mean=4.914-0.588j | min=0.358+1.845j | max=5.185+0.999j
26-02-14-13 梯度监控 | raw=7.5852 | per_param=0.3692 |  natural=0.1554 | clipped=0.1554(上限20.0)
26-02-14-13 原始规范坐标 G(Re Σrow_mean) = +10.5150 | 累计|g| = 8.0802
26-02-14-13 Ψ矩阵条件数 cond(Ψ) = 1.48e+00
26-02-14-13 Loss=-1.850594 | E0=-1.02069872+0.00036498j | E1=-0.82989527+0.00205790j|E2=-0.82989527+0.00205790j|E3=-0.82989527+0.00205790j
26-02-14-13 #-----------------------------------------#
26-02-14-13 [Step 111] logΨ: mean=5.014-0.628j | min=0.424-2.640j | max=5.282+1.043j
26-02-14-13 梯度监控 | raw=8.6629 | per_param=0.4217 |  natural=0.0620 | clipped=0.0620(上限20.0)
26-02-14-13 原始规范坐标 G(Re Σrow_mean) = +10.5681 | 累计|g| = 8.0802
26-02-14-13 Ψ矩阵条件数 cond(Ψ) = 2.00e+00
26-02-14-13 Loss=-1.857942 | E0=-1.02459198+0.00058844j | E1=-0.83335004+0.00072553j|E2=-0.83335004+0.00072553j|E3=-0.83335004+0.00072553j
26-02-14-13 #-----------------------------------------#
26-02-14-13 【Step 112】per-param 梯度范数超限，已裁剪：scale=0.6117 | 裁剪后 per_param=0.5000
26-02-14-13 [Step 112] logΨ: mean=4.985-0.609j | min=-0.094+3.135j | max=5.298+1.018j
26-02-14-13 梯度监控 | raw=10.2713 | per_param=0.5000 |  natural=0.1031 | clipped=0.1031(上限20.0)
26-02-14-13 原始规范坐标 G(Re Σrow_mean) = +10.6009 | 累计|g| = 8.0802
26-02-14-13 Ψ矩阵条件数 cond(Ψ) = 1.47e+00
26-02-14-13 Loss=-1.857599 | E0=-1.02219436+0.00103898j | E1=-0.83540491+0.00067988j|E2=-0.83540491+0.00067988j|E3=-0.83540491+0.00067988j
26-02-14-13 #-----------------------------------------#
26-02-14-13 [Step 113] logΨ: mean=4.894-0.220j | min=0.415-1.348j | max=5.177+1.239j
26-02-14-13 梯度监控 | raw=7.5335 | per_param=0.3667 |  natural=0.1456 | clipped=0.1456(上限20.0)
26-02-14-13 原始规范坐标 G(Re Σrow_mean) = +10.5427 | 累计|g| = 8.0802
26-02-14-13 Ψ矩阵条件数 cond(Ψ) = 1.87e+00
26-02-14-13 Loss=-1.868128 | E0=-1.02171160+0.00046026j | E1=-0.84641671+0.00155724j|E2=-0.84641671+0.00155724j|E3=-0.84641671+0.00155724j
26-02-14-13 #-----------------------------------------#
26-02-14-13 [Step 114] logΨ: mean=4.946-0.508j | min=0.227+2.641j | max=5.237+1.182j
26-02-14-13 梯度监控 | raw=7.0825 | per_param=0.3448 |  natural=0.0820 | clipped=0.0820(上限20.0)
26-02-14-13 原始规范坐标 G(Re Σrow_mean) = +10.5946 | 累计|g| = 8.0802
26-02-14-13 Ψ矩阵条件数 cond(Ψ) = 1.47e+00
26-02-14-13 Loss=-1.869101 | E0=-1.02305676-0.00084940j | E1=-0.84604442+0.00046248j|E2=-0.84604442+0.00046248j|E3=-0.84604442+0.00046248j
26-02-14-13 #-----------------------------------------#
26-02-14-13 [Step 115] logΨ: mean=4.998-0.245j | min=0.884-0.787j | max=5.296+1.273j
26-02-14-13 梯度监控 | raw=6.7321 | per_param=0.3277 |  natural=0.0587 | clipped=0.0587(上限20.0)
26-02-14-13 原始规范坐标 G(Re Σrow_mean) = +10.6335 | 累计|g| = 8.0802
26-02-14-13 Ψ矩阵条件数 cond(Ψ) = 1.45e+00
26-02-14-13 Loss=-1.877301 | E0=-1.02440510-0.00014680j | E1=-0.85289572+0.00088262j|E2=-0.85289572+0.00088262j|E3=-0.85289572+0.00088262j
26-02-14-13 #-----------------------------------------#
26-02-14-13 [Step 116] logΨ: mean=4.542-0.119j | min=-0.538-1.680j | max=4.781+1.438j
26-02-14-13 梯度监控 | raw=5.9281 | per_param=0.2886 |  natural=0.1730 | clipped=0.1730(上限20.0)
26-02-14-13 原始规范坐标 G(Re Σrow_mean) = +10.2824 | 累计|g| = 8.0802
26-02-14-13 Ψ矩阵条件数 cond(Ψ) = 1.45e+00
26-02-14-13 Loss=-1.874640 | E0=-1.02782123-0.00021591j | E1=-0.84681836+0.00189948j|E2=-0.84681836+0.00189948j|E3=-0.84681836+0.00189948j
26-02-14-13 #-----------------------------------------#
26-02-14-13 [Step 117] logΨ: mean=4.331+0.159j | min=0.169-1.335j | max=4.589+1.550j
26-02-14-13 梯度监控 | raw=4.6936 | per_param=0.2285 |  natural=0.1674 | clipped=0.1674(上限20.0)
26-02-14-13 原始规范坐标 G(Re Σrow_mean) = +10.2026 | 累计|g| = 8.0802
26-02-14-13 Ψ矩阵条件数 cond(Ψ) = 1.46e+00
26-02-14-13 Loss=-1.884924 | E0=-1.02919987-0.00036586j | E1=-0.85572381+0.00151140j|E2=-0.85572381+0.00151140j|E3=-0.85572381+0.00151140j
26-02-14-13 #-----------------------------------------#
26-02-14-13 [Step 118] logΨ: mean=4.304-0.385j | min=-1.197-1.386j | max=4.593+1.552j
26-02-14-13 梯度监控 | raw=6.0650 | per_param=0.2952 |  natural=0.1400 | clipped=0.1400(上限20.0)
26-02-14-13 原始规范坐标 G(Re Σrow_mean) = +10.2411 | 累计|g| = 8.0802
26-02-14-13 Ψ矩阵条件数 cond(Ψ) = 1.46e+00
26-02-14-13 Loss=-1.891425 | E0=-1.02940843+0.00041508j | E1=-0.86201653+0.00360315j|E2=-0.86201653+0.00360315j|E3=-0.86201653+0.00360315j
26-02-14-13 #-----------------------------------------#
26-02-14-13 [Step 119] logΨ: mean=4.343-0.002j | min=-0.165+2.732j | max=4.603+1.745j
26-02-14-13 梯度监控 | raw=5.2977 | per_param=0.2579 |  natural=0.1248 | clipped=0.1248(上限20.0)
26-02-14-13 原始规范坐标 G(Re Σrow_mean) = +10.2250 | 累计|g| = 8.0802
26-02-14-13 Ψ矩阵条件数 cond(Ψ) = 1.47e+00
26-02-14-13 Loss=-1.883402 | E0=-1.02961740+0.00022213j | E1=-0.85378489+0.00153341j|E2=-0.85378489+0.00153341j|E3=-0.85378489+0.00153341j
26-02-14-13 #-----------------------------------------#
26-02-14-13 [保存] Step 119 → pickle 文件已更新 (120 条记录)
26-02-14-13 [GaugeReset@120] 吸收 Δg = Σ Re(col_mean) = +10.2250 | 新|g| = 7.7604
26-02-14-13 [Step 120] logΨ: mean=4.720-0.234j | min=0.033+1.531j | max=5.019+1.173j
26-02-14-13 梯度监控 | raw=4.9842 | per_param=0.2426 |  natural=0.0679 | clipped=0.0679(上限20.0)
26-02-14-13 原始规范坐标 G(Re Σrow_mean) = +10.3784 | 累计|g| = 7.7604
26-02-14-13 Ψ矩阵条件数 cond(Ψ) = 1.50e+00
26-02-14-13 Loss=-1.895797 | E0=-1.02891003+0.00074219j | E1=-0.86688698+0.00052786j|E2=-0.86688698+0.00052786j|E3=-0.86688698+0.00052786j
26-02-14-13 #-----------------------------------------#
26-02-14-13 [Step 121] logΨ: mean=5.221-0.220j | min=0.110+1.162j | max=5.496+1.321j
26-02-14-13 梯度监控 | raw=5.2426 | per_param=0.2552 |  natural=0.0599 | clipped=0.0599(上限20.0)
26-02-14-13 原始规范坐标 G(Re Σrow_mean) = +10.6488 | 累计|g| = 7.7604
26-02-14-13 Ψ矩阵条件数 cond(Ψ) = 1.51e+00
26-02-14-13 Loss=-1.902090 | E0=-1.02872997-0.00011872j | E1=-0.87336006+0.00117428j|E2=-0.87336006+0.00117428j|E3=-0.87336006+0.00117428j
26-02-14-13 #-----------------------------------------#
26-02-14-13 [Step 122] logΨ: mean=5.337-0.085j | min=0.406+1.906j | max=5.635+1.490j
26-02-14-13 梯度监控 | raw=5.8150 | per_param=0.2831 |  natural=0.1095 | clipped=0.1095(上限20.0)
26-02-14-13 原始规范坐标 G(Re Σrow_mean) = +10.7388 | 累计|g| = 7.7604
26-02-14-13 Ψ矩阵条件数 cond(Ψ) = 3.54e+00
26-02-14-13 Loss=-1.907058 | E0=-1.03085805-0.00072428j | E1=-0.87619993+0.00092626j|E2=-0.87619993+0.00092626j|E3=-0.87619993+0.00092626j
26-02-14-13 #-----------------------------------------#
26-02-14-13 [Step 123] logΨ: mean=5.398-0.092j | min=0.936+2.649j | max=5.708+1.523j
26-02-14-13 梯度监控 | raw=5.9266 | per_param=0.2885 |  natural=0.0485 | clipped=0.0485(上限20.0)
26-02-14-13 原始规范坐标 G(Re Σrow_mean) = +10.7529 | 累计|g| = 7.7604
26-02-14-13 Ψ矩阵条件数 cond(Ψ) = 1.51e+00
26-02-14-13 Loss=-1.903704 | E0=-1.03150241-0.00005704j | E1=-0.87220177+0.00165275j|E2=-0.87220177+0.00165275j|E3=-0.87220177+0.00165275j
26-02-14-13 #-----------------------------------------#
26-02-14-13 [Step 124] logΨ: mean=5.784-0.856j | min=0.040-2.008j | max=6.067+0.863j
26-02-14-13 梯度监控 | raw=5.6208 | per_param=0.2736 |  natural=0.1562 | clipped=0.1562(上限20.0)
26-02-14-13 原始规范坐标 G(Re Σrow_mean) = +10.9713 | 累计|g| = 7.7604
26-02-14-13 Ψ矩阵条件数 cond(Ψ) = 1.51e+00
26-02-14-13 Loss=-1.906080 | E0=-1.02874359-0.00035617j | E1=-0.87733600-0.00078256j|E2=-0.87733600-0.00078256j|E3=-0.87733600-0.00078256j
26-02-14-13 #-----------------------------------------#
26-02-14-13 [Step 125] logΨ: mean=5.886-0.820j | min=0.904-1.072j | max=6.182+0.860j
26-02-14-13 梯度监控 | raw=6.3360 | per_param=0.3084 |  natural=0.0648 | clipped=0.0648(上限20.0)
26-02-14-13 原始规范坐标 G(Re Σrow_mean) = +11.0921 | 累计|g| = 7.7604
26-02-14-13 Ψ矩阵条件数 cond(Ψ) = 1.51e+00
26-02-14-13 Loss=-1.913815 | E0=-1.03089291-0.00033353j | E1=-0.88292244+0.00013486j|E2=-0.88292244+0.00013486j|E3=-0.88292244+0.00013486j
26-02-14-13 #-----------------------------------------#
26-02-14-13 [Step 126] logΨ: mean=5.932-0.229j | min=2.587-2.399j | max=6.206+0.854j
26-02-14-13 梯度监控 | raw=5.4118 | per_param=0.2634 |  natural=0.0074 | clipped=0.0074(上限20.0)
26-02-14-13 原始规范坐标 G(Re Σrow_mean) = +11.0385 | 累计|g| = 7.7604
26-02-14-13 Ψ矩阵条件数 cond(Ψ) = 1.50e+00
26-02-14-13 Loss=-1.916521 | E0=-1.03540026-0.00027009j | E1=-0.88112041+0.00049831j|E2=-0.88112041+0.00049831j|E3=-0.88112041+0.00049831j
26-02-14-13 #-----------------------------------------#
26-02-14-13 [Step 127] logΨ: mean=5.788-0.602j | min=1.408-2.388j | max=6.109+0.928j
26-02-14-13 梯度监控 | raw=6.0508 | per_param=0.2945 |  natural=0.1189 | clipped=0.1189(上限20.0)
26-02-14-13 原始规范坐标 G(Re Σrow_mean) = +11.0769 | 累计|g| = 7.7604
26-02-14-13 Ψ矩阵条件数 cond(Ψ) = 1.51e+00
26-02-14-13 Loss=-1.926031 | E0=-1.03426857+0.00019990j | E1=-0.89176237+0.00115930j|E2=-0.89176237+0.00115930j|E3=-0.89176237+0.00115930j
26-02-14-13 #-----------------------------------------#
26-02-14-13 [Step 128] logΨ: mean=5.702-0.397j | min=1.543-1.964j | max=5.984+1.033j
26-02-14-13 梯度监控 | raw=4.9881 | per_param=0.2428 |  natural=0.1224 | clipped=0.1224(上限20.0)
26-02-14-13 原始规范坐标 G(Re Σrow_mean) = +11.0043 | 累计|g| = 7.7604
26-02-14-13 Ψ矩阵条件数 cond(Ψ) = 4.06e+00
26-02-14-13 Loss=-1.926291 | E0=-1.03580294+0.00016813j | E1=-0.89048834+0.00186859j|E2=-0.89048834+0.00186859j|E3=-0.89048834+0.00186859j
26-02-14-13 #-----------------------------------------#
26-02-14-13 [Step 129] logΨ: mean=5.795-0.348j | min=1.520+2.616j | max=6.084+0.922j
26-02-14-13 梯度监控 | raw=5.1974 | per_param=0.2530 |  natural=0.0904 | clipped=0.0904(上限20.0)
26-02-14-13 原始规范坐标 G(Re Σrow_mean) = +11.0590 | 累计|g| = 7.7604
26-02-14-13 Ψ矩阵条件数 cond(Ψ) = 1.51e+00
26-02-14-13 Loss=-1.924709 | E0=-1.03518302+0.00048711j | E1=-0.88952579-0.00130283j|E2=-0.88952579-0.00130283j|E3=-0.88952579-0.00130283j
26-02-14-13 #-----------------------------------------#
26-02-14-13 [GaugeReset@130] 吸收 Δg = Σ Re(col_mean) = +11.0590 | 新|g| = 8.3369
26-02-14-13 [Step 130] logΨ: mean=5.028-0.439j | min=2.553-2.217j | max=5.275+0.943j
26-02-14-13 梯度监控 | raw=4.4103 | per_param=0.2147 |  natural=0.0071 | clipped=0.0071(上限20.0)
26-02-14-13 原始规范坐标 G(Re Σrow_mean) = +11.0258 | 累计|g| = 8.3369
26-02-14-13 Ψ矩阵条件数 cond(Ψ) = 1.56e+00
26-02-14-13 Loss=-1.924506 | E0=-1.03610703-0.00012049j | E1=-0.88839908+0.00076992j|E2=-0.88839908+0.00076992j|E3=-0.88839908+0.00076992j
26-02-14-13 #-----------------------------------------#
26-02-14-13 [Step 131] logΨ: mean=5.109-0.558j | min=0.210+2.146j | max=5.360+0.868j
26-02-14-13 梯度监控 | raw=4.1700 | per_param=0.2030 |  natural=0.0529 | clipped=0.0529(上限20.0)
26-02-14-13 原始规范坐标 G(Re Σrow_mean) = +11.0976 | 累计|g| = 8.3369
26-02-14-13 Ψ矩阵条件数 cond(Ψ) = 3.35e+00
26-02-14-13 Loss=-1.926124 | E0=-1.03703504-0.00029944j | E1=-0.88908904+0.00058775j|E2=-0.88908904+0.00058775j|E3=-0.88908904+0.00058775j
26-02-14-13 #-----------------------------------------#
26-02-14-13 [Step 132] logΨ: mean=4.924-0.448j | min=0.748+1.141j | max=5.204+0.955j
26-02-14-13 梯度监控 | raw=5.0633 | per_param=0.2465 |  natural=0.1320 | clipped=0.1320(上限20.0)
26-02-14-13 原始规范坐标 G(Re Σrow_mean) = +11.0958 | 累计|g| = 8.3369
26-02-14-13 Ψ矩阵条件数 cond(Ψ) = 1.57e+00
26-02-14-13 Loss=-1.936927 | E0=-1.03630659+0.00013227j | E1=-0.90062063+0.00127393j|E2=-0.90062063+0.00127393j|E3=-0.90062063+0.00127393j
26-02-14-13 #-----------------------------------------#
26-02-14-13 [Step 133] logΨ: mean=5.012-0.902j | min=1.454+2.052j | max=5.309+0.971j
26-02-14-13 梯度监控 | raw=4.6313 | per_param=0.2254 |  natural=0.0449 | clipped=0.0449(上限20.0)
26-02-14-13 原始规范坐标 G(Re Σrow_mean) = +11.1608 | 累计|g| = 8.3369
26-02-14-13 Ψ矩阵条件数 cond(Ψ) = 1.56e+00
26-02-14-13 Loss=-1.936519 | E0=-1.03707263+0.00049469j | E1=-0.89944618+0.00037046j|E2=-0.89944618+0.00037046j|E3=-0.89944618+0.00037046j
26-02-14-13 #-----------------------------------------#
26-02-14-13 [Step 134] logΨ: mean=4.931-0.340j | min=0.915-1.437j | max=5.245+1.102j
26-02-14-13 梯度监控 | raw=5.2199 | per_param=0.2541 |  natural=0.0921 | clipped=0.0921(上限20.0)
26-02-14-13 原始规范坐标 G(Re Σrow_mean) = +11.2094 | 累计|g| = 8.3369
26-02-14-13 Ψ矩阵条件数 cond(Ψ) = 1.55e+00
26-02-14-13 Loss=-1.947802 | E0=-1.03673294-0.00002367j | E1=-0.91106861+0.00177906j|E2=-0.91106861+0.00177906j|E3=-0.91106861+0.00177906j
26-02-14-13 #-----------------------------------------#
26-02-14-13 [Step 135] logΨ: mean=5.199-0.505j | min=-0.114+1.179j | max=5.520+1.154j
26-02-14-13 梯度监控 | raw=5.4799 | per_param=0.2668 |  natural=0.0496 | clipped=0.0496(上限20.0)
26-02-14-13 原始规范坐标 G(Re Σrow_mean) = +11.4902 | 累计|g| = 8.3369
26-02-14-13 Ψ矩阵条件数 cond(Ψ) = 1.55e+00
26-02-14-13 Loss=-1.952598 | E0=-1.03558554+0.00007225j | E1=-0.91701205+0.00099251j|E2=-0.91701205+0.00099251j|E3=-0.91701205+0.00099251j
26-02-14-13 #-----------------------------------------#
26-02-14-13 [Step 136] logΨ: mean=5.246-0.832j | min=2.182+1.118j | max=5.555+1.152j
26-02-14-13 梯度监控 | raw=5.2129 | per_param=0.2538 |  natural=0.0066 | clipped=0.0066(上限20.0)
26-02-14-13 原始规范坐标 G(Re Σrow_mean) = +11.4534 | 累计|g| = 8.3369
26-02-14-13 Ψ矩阵条件数 cond(Ψ) = 3.37e+00
26-02-14-13 Loss=-1.954228 | E0=-1.03769341-0.00002370j | E1=-0.91653501+0.00075371j|E2=-0.91653501+0.00075371j|E3=-0.91653501+0.00075371j
26-02-14-13 #-----------------------------------------#
26-02-14-13 [Step 137] logΨ: mean=5.357-0.224j | min=1.710+2.101j | max=5.632+1.160j
26-02-14-13 梯度监控 | raw=4.7324 | per_param=0.2304 |  natural=0.0265 | clipped=0.0265(上限20.0)
26-02-14-13 原始规范坐标 G(Re Σrow_mean) = +11.4129 | 累计|g| = 8.3369
26-02-14-13 Ψ矩阵条件数 cond(Ψ) = 1.54e+00
26-02-14-13 Loss=-1.947053 | E0=-1.03832448+0.00006971j | E1=-0.90872879+0.00064842j|E2=-0.90872879+0.00064842j|E3=-0.90872879+0.00064842j
26-02-14-13 #-----------------------------------------#
26-02-14-13 [Step 138] logΨ: mean=5.403-0.119j | min=1.201+1.725j | max=5.626+1.226j
26-02-14-13 梯度监控 | raw=4.1617 | per_param=0.2026 |  natural=0.0538 | clipped=0.0538(上限20.0)
26-02-14-13 原始规范坐标 G(Re Σrow_mean) = +11.3708 | 累计|g| = 8.3369
26-02-14-13 Ψ矩阵条件数 cond(Ψ) = 3.29e+00
26-02-14-13 Loss=-1.946209 | E0=-1.03944915+0.00005065j | E1=-0.90675953+0.00123120j|E2=-0.90675953+0.00123120j|E3=-0.90675953+0.00123120j
26-02-14-13 #-----------------------------------------#
26-02-14-13 [Step 139] logΨ: mean=5.454-0.480j | min=1.725+2.109j | max=5.705+1.233j
26-02-14-13 梯度监控 | raw=4.7136 | per_param=0.2295 |  natural=0.0256 | clipped=0.0256(上限20.0)
26-02-14-13 原始规范坐标 G(Re Σrow_mean) = +11.5537 | 累计|g| = 8.3369
26-02-14-13 Ψ矩阵条件数 cond(Ψ) = 1.52e+00
26-02-14-13 Loss=-1.956327 | E0=-1.03912166+0.00007523j | E1=-0.91720540+0.00070028j|E2=-0.91720540+0.00070028j|E3=-0.91720540+0.00070028j
26-02-14-13 #-----------------------------------------#
26-02-14-13 [保存] Step 139 → pickle 文件已更新 (140 条记录)
26-02-14-13 [GaugeReset@140] 吸收 Δg = Σ Re(col_mean) = +11.5537 | 新|g| = 8.6108
26-02-14-13 [Step 140] logΨ: mean=4.985-1.135j | min=1.959-2.369j | max=5.248+0.793j
26-02-14-13 梯度监控 | raw=4.4052 | per_param=0.2144 |  natural=0.0060 | clipped=0.0060(上限20.0)
26-02-14-13 原始规范坐标 G(Re Σrow_mean) = +11.4760 | 累计|g| = 8.6108
26-02-14-13 Ψ矩阵条件数 cond(Ψ) = 2.91e+00
26-02-14-13 Loss=-1.949782 | E0=-1.03923244-0.00006264j | E1=-0.91054932+0.00068055j|E2=-0.91054932+0.00068055j|E3=-0.91054932+0.00068055j
26-02-14-13 #-----------------------------------------#
26-02-14-13 [Step 141] logΨ: mean=4.709-0.808j | min=0.597+0.763j | max=4.941+0.797j
26-02-14-13 梯度监控 | raw=3.7777 | per_param=0.1839 |  natural=0.2213 | clipped=0.2213(上限20.0)
26-02-14-13 原始规范坐标 G(Re Σrow_mean) = +11.1754 | 累计|g| = 8.6108
26-02-14-13 Ψ矩阵条件数 cond(Ψ) = 3.00e+00
26-02-14-13 Loss=-1.944327 | E0=-1.04032046-0.00008467j | E1=-0.90400682+0.00069510j|E2=-0.90400682+0.00069510j|E3=-0.90400682+0.00069510j
26-02-14-13 #-----------------------------------------#
26-02-14-13 [Step 142] logΨ: mean=4.727-0.739j | min=0.422-1.384j | max=4.990+0.844j
26-02-14-13 梯度监控 | raw=3.5940 | per_param=0.1750 |  natural=0.0378 | clipped=0.0378(上限20.0)
26-02-14-13 原始规范坐标 G(Re Σrow_mean) = +11.3268 | 累计|g| = 8.6108
26-02-14-13 Ψ矩阵条件数 cond(Ψ) = 1.62e+00
26-02-14-13 Loss=-1.951447 | E0=-1.04065377-0.00003421j | E1=-0.91079350+0.00162672j|E2=-0.91079350+0.00162672j|E3=-0.91079350+0.00162672j
26-02-14-13 #-----------------------------------------#
26-02-14-13 [Step 143] logΨ: mean=4.831-0.362j | min=1.291+1.690j | max=5.087+0.850j
26-02-14-13 梯度监控 | raw=3.3700 | per_param=0.1640 |  natural=0.0349 | clipped=0.0349(上限20.0)
26-02-14-13 原始规范坐标 G(Re Σrow_mean) = +11.3852 | 累计|g| = 8.6108
26-02-14-13 Ψ矩阵条件数 cond(Ψ) = 1.61e+00
26-02-14-13 Loss=-1.954158 | E0=-1.04222275+0.00008474j | E1=-0.91193519+0.00104547j|E2=-0.91193519+0.00104547j|E3=-0.91193519+0.00104547j
26-02-14-13 #-----------------------------------------#
26-02-14-13 [Step 144] logΨ: mean=4.631-0.333j | min=0.668+0.780j | max=4.876+0.884j
26-02-14-13 梯度监控 | raw=3.7504 | per_param=0.1826 |  natural=0.1655 | clipped=0.1655(上限20.0)
26-02-14-13 原始规范坐标 G(Re Σrow_mean) = +11.2524 | 累计|g| = 8.6108
26-02-14-13 Ψ矩阵条件数 cond(Ψ) = 2.96e+00
26-02-14-13 Loss=-1.956460 | E0=-1.04192325-0.00006537j | E1=-0.91453690+0.00142174j|E2=-0.91453690+0.00142174j|E3=-0.91453690+0.00142174j
26-02-14-13 #-----------------------------------------#
26-02-14-13 [Step 145] logΨ: mean=4.635-0.602j | min=0.032-2.068j | max=4.901+0.916j
26-02-14-13 梯度监控 | raw=3.7240 | per_param=0.1813 |  natural=0.0816 | clipped=0.0816(上限20.0)
26-02-14-13 原始规范坐标 G(Re Σrow_mean) = +11.4555 | 累计|g| = 8.6108
26-02-14-13 Ψ矩阵条件数 cond(Ψ) = 2.93e+00
26-02-14-13 Loss=-1.965565 | E0=-1.04156772+0.00010514j | E1=-0.92399777+0.00164267j|E2=-0.92399777+0.00164267j|E3=-0.92399777+0.00164267j
26-02-14-13 #-----------------------------------------#
26-02-14-13 [Step 146] logΨ: mean=4.638-0.479j | min=0.794-1.901j | max=4.869+0.953j
26-02-14-13 梯度监控 | raw=3.1471 | per_param=0.1532 |  natural=0.0512 | clipped=0.0512(上限20.0)
26-02-14-13 原始规范坐标 G(Re Σrow_mean) = +11.2559 | 累计|g| = 8.6108
26-02-14-13 Ψ矩阵条件数 cond(Ψ) = 2.93e+00
26-02-14-13 Loss=-1.954266 | E0=-1.04165916-0.00009375j | E1=-0.91260730+0.00175449j|E2=-0.91260730+0.00175449j|E3=-0.91260730+0.00175449j
26-02-14-13 #-----------------------------------------#
26-02-14-13 [Step 147] logΨ: mean=4.570-0.232j | min=-0.431-2.367j | max=4.781+0.861j
26-02-14-13 梯度监控 | raw=3.0892 | per_param=0.1504 |  natural=0.1696 | clipped=0.1696(上限20.0)
26-02-14-13 原始规范坐标 G(Re Σrow_mean) = +10.9828 | 累计|g| = 8.6108
26-02-14-13 Ψ矩阵条件数 cond(Ψ) = 2.94e+00
26-02-14-13 Loss=-1.945333 | E0=-1.04296419-0.00023002j | E1=-0.90236876+0.00029849j|E2=-0.90236876+0.00029849j|E3=-0.90236876+0.00029849j
26-02-14-13 #-----------------------------------------#
26-02-14-13 [Step 148] logΨ: mean=4.448-0.554j | min=-0.683-0.841j | max=4.787+0.809j
26-02-14-13 梯度监控 | raw=3.8884 | per_param=0.1893 |  natural=0.1229 | clipped=0.1229(上限20.0)
26-02-14-13 原始规范坐标 G(Re Σrow_mean) = +11.5481 | 累计|g| = 8.6108
26-02-14-13 Ψ矩阵条件数 cond(Ψ) = 1.66e+00
26-02-14-13 Loss=-1.974618 | E0=-1.04120194-0.00014562j | E1=-0.93341647-0.00068135j|E2=-0.93341647-0.00068135j|E3=-0.93341647-0.00068135j
26-02-14-13 #-----------------------------------------#
26-02-14-13 [Step 149] logΨ: mean=4.901-0.512j | min=-0.899+0.831j | max=5.167+0.894j
26-02-14-13 梯度监控 | raw=2.9813 | per_param=0.1451 |  natural=0.1157 | clipped=0.1157(上限20.0)
26-02-14-13 原始规范坐标 G(Re Σrow_mean) = +11.6422 | 累计|g| = 8.6108
26-02-14-13 Ψ矩阵条件数 cond(Ψ) = 1.67e+00
26-02-14-13 Loss=-1.965857 | E0=-1.04205954+0.00021983j | E1=-0.92379702+0.00095436j|E2=-0.92379702+0.00095436j|E3=-0.92379702+0.00095436j
26-02-14-13 #-----------------------------------------#
26-02-14-13 [GaugeReset@150] 吸收 Δg = Σ Re(col_mean) = +11.6422 | 新|g| = 8.7088
26-02-14-13 [Step 150] logΨ: mean=4.822-0.860j | min=1.147-2.008j | max=5.086+0.799j
26-02-14-13 梯度监控 | raw=2.9204 | per_param=0.1422 |  natural=0.0634 | clipped=0.0634(上限20.0)
26-02-14-13 原始规范坐标 G(Re Σrow_mean) = +11.5925 | 累计|g| = 8.7088
26-02-14-13 Ψ矩阵条件数 cond(Ψ) = 1.78e+00
26-02-14-13 Loss=-1.964871 | E0=-1.04304479+0.00017991j | E1=-0.92182654+0.00152379j|E2=-0.92182654+0.00152379j|E3=-0.92182654+0.00152379j
26-02-14-13 #-----------------------------------------#
26-02-14-13 [Step 151] logΨ: mean=3.885-1.039j | min=-2.115-2.653j | max=4.105+0.033j
26-02-14-13 梯度监控 | raw=3.3925 | per_param=0.1651 |  natural=0.2475 | clipped=0.2475(上限20.0)
26-02-14-13 原始规范坐标 G(Re Σrow_mean) = +10.8675 | 累计|g| = 8.7088
26-02-14-13 Ψ矩阵条件数 cond(Ψ) = 2.75e+00
26-02-14-13 Loss=-1.956268 | E0=-1.04027104-0.00402808j | E1=-0.91599658+0.00189879j|E2=-0.91599658+0.00189879j|E3=-0.91599658+0.00189879j
26-02-14-13 #-----------------------------------------#
26-02-14-13 【Step 152】per-param 梯度范数超限，已裁剪：scale=0.8019 | 裁剪后 per_param=0.5000
26-02-14-13 [Step 152] logΨ: mean=3.946+1.944j | min=-0.752-2.704j | max=4.273+3.056j
26-02-14-13 梯度监控 | raw=10.2713 | per_param=0.5000 |  natural=0.0822 | clipped=0.0822(上限20.0)
26-02-14-13 原始规范坐标 G(Re Σrow_mean) = +11.1308 | 累计|g| = 8.7088
26-02-14-13 Ψ矩阵条件数 cond(Ψ) = 2.58e+00
26-02-14-13 Loss=-1.959134 | E0=-1.02971639-0.01200191j | E1=-0.92941754-0.00120350j|E2=-0.92941754-0.00120350j|E3=-0.92941754-0.00120350j
26-02-14-13 #-----------------------------------------#
26-02-14-13 [Step 153] logΨ: mean=4.153+1.774j | min=-0.565+0.397j | max=4.413+3.036j
26-02-14-13 梯度监控 | raw=6.8625 | per_param=0.3341 |  natural=0.0474 | clipped=0.0474(上限20.0)
26-02-14-13 原始规范坐标 G(Re Σrow_mean) = +11.4274 | 累计|g| = 8.7088
26-02-14-13 Ψ矩阵条件数 cond(Ψ) = 2.57e+00
26-02-14-13 Loss=-1.976481 | E0=-1.03577230+0.00661507j | E1=-0.94070824-0.00007324j|E2=-0.94070824-0.00007324j|E3=-0.94070824-0.00007324j
26-02-14-13 #-----------------------------------------#
26-02-14-13 [Step 154] logΨ: mean=4.305+1.400j | min=1.087-0.629j | max=4.466+3.008j
26-02-14-13 梯度监控 | raw=6.3196 | per_param=0.3076 |  natural=0.0076 | clipped=0.0076(上限20.0)
26-02-14-13 原始规范坐标 G(Re Σrow_mean) = +10.9854 | 累计|g| = 8.7088
26-02-14-13 Ψ矩阵条件数 cond(Ψ) = 2.55e+00
26-02-14-13 Loss=-1.949523 | E0=-1.03705243+0.00624407j | E1=-0.91247069+0.00097900j|E2=-0.91247069+0.00097900j|E3=-0.91247069+0.00097900j
26-02-14-13 #-----------------------------------------#
26-02-14-13 [Step 155] logΨ: mean=4.361+1.249j | min=-0.403+0.995j | max=4.525+3.051j
26-02-14-13 梯度监控 | raw=4.4448 | per_param=0.2164 |  natural=0.1468 | clipped=0.1468(上限20.0)
26-02-14-13 原始规范坐标 G(Re Σrow_mean) = +11.1686 | 累计|g| = 8.7088
26-02-14-13 Ψ矩阵条件数 cond(Ψ) = 2.47e+00
26-02-14-13 Loss=-1.961781 | E0=-1.03963819+0.01066746j | E1=-0.92214330+0.00268487j|E2=-0.92214330+0.00268487j|E3=-0.92214330+0.00268487j
26-02-14-13 #-----------------------------------------#
26-02-14-13 [Step 156] logΨ: mean=4.286+0.821j | min=-0.054+1.574j | max=4.561+2.931j
26-02-14-13 梯度监控 | raw=9.6630 | per_param=0.4704 |  natural=0.1136 | clipped=0.1136(上限20.0)
26-02-14-13 原始规范坐标 G(Re Σrow_mean) = +11.2710 | 累计|g| = 8.7088
26-02-14-13 Ψ矩阵条件数 cond(Ψ) = 1.66e+00
26-02-14-13 Loss=-1.964500 | E0=-1.03737969-0.00526459j | E1=-0.92712042-0.00148986j|E2=-0.92712042-0.00148986j|E3=-0.92712042-0.00148986j
26-02-14-13 #-----------------------------------------#
26-02-14-13 [Step 157] logΨ: mean=4.236+1.197j | min=0.371-2.785j | max=4.483+3.032j
26-02-14-13 梯度监控 | raw=7.1223 | per_param=0.3467 |  natural=0.0840 | clipped=0.0840(上限20.0)
26-02-14-13 原始规范坐标 G(Re Σrow_mean) = +11.4222 | 累计|g| = 8.7088
26-02-14-13 Ψ矩阵条件数 cond(Ψ) = 2.06e+00
26-02-14-13 Loss=-1.977058 | E0=-1.03897799+0.00201593j | E1=-0.93807980+0.00122456j|E2=-0.93807980+0.00122456j|E3=-0.93807980+0.00122456j
26-02-14-13 #-----------------------------------------#
26-02-14-13 [Step 158] logΨ: mean=4.152+1.278j | min=0.620-0.025j | max=4.428+3.059j
26-02-14-13 梯度监控 | raw=7.4491 | per_param=0.3626 |  natural=0.1688 | clipped=0.1688(上限20.0)
26-02-14-13 原始规范坐标 G(Re Σrow_mean) = +11.4427 | 累计|g| = 8.7088
26-02-14-13 Ψ矩阵条件数 cond(Ψ) = 2.40e+00
26-02-14-13 Loss=-1.982247 | E0=-1.03991526+0.00026589j | E1=-0.94233185+0.00090396j|E2=-0.94233185+0.00090396j|E3=-0.94233185+0.00090396j
26-02-14-13 #-----------------------------------------#
26-02-14-13 [Step 159] logΨ: mean=4.366+1.404j | min=-0.284+0.997j | max=4.587+2.983j
26-02-14-13 梯度监控 | raw=4.9775 | per_param=0.2423 |  natural=0.0829 | clipped=0.0829(上限20.0)
26-02-14-13 原始规范坐标 G(Re Σrow_mean) = +11.5374 | 累计|g| = 8.7088
26-02-14-13 Ψ矩阵条件数 cond(Ψ) = 2.46e+00
26-02-14-13 Loss=-1.977957 | E0=-1.04084656+0.00566355j | E1=-0.93711087-0.00170466j|E2=-0.93711087-0.00170466j|E3=-0.93711087-0.00170466j
26-02-14-13 #-----------------------------------------#
26-02-14-13 [保存] Step 159 → pickle 文件已更新 (160 条记录)
26-02-14-13 [GaugeReset@160] 吸收 Δg = Σ Re(col_mean) = +11.5374 | 新|g| = 8.3039
26-02-14-13 [Step 160] logΨ: mean=4.599-0.198j | min=0.955-0.718j | max=4.823+1.187j
26-02-14-13 梯度监控 | raw=4.4963 | per_param=0.2189 |  natural=0.0321 | clipped=0.0321(上限20.0)
26-02-14-13 原始规范坐标 G(Re Σrow_mean) = +11.7408 | 累计|g| = 8.3039
26-02-14-13 Ψ矩阵条件数 cond(Ψ) = 1.92e+00
26-02-14-13 Loss=-1.985132 | E0=-1.04122189+0.00709780j | E1=-0.94390962+0.00001362j|E2=-0.94390962+0.00001362j|E3=-0.94390962+0.00001362j
26-02-14-13 #-----------------------------------------#
26-02-14-13 [Step 161] logΨ: mean=4.694-0.265j | min=0.976-0.723j | max=4.931+1.184j
26-02-14-13 梯度监控 | raw=6.5673 | per_param=0.3197 |  natural=0.0235 | clipped=0.0235(上限20.0)
26-02-14-13 原始规范坐标 G(Re Σrow_mean) = +11.5614 | 累计|g| = 8.3039
26-02-14-13 Ψ矩阵条件数 cond(Ψ) = 1.92e+00
26-02-14-13 Loss=-1.975414 | E0=-1.04123479-0.00008211j | E1=-0.93417969+0.00020563j|E2=-0.93417969+0.00020563j|E3=-0.93417969+0.00020563j
26-02-14-13 #-----------------------------------------#
26-02-14-13 [Step 162] logΨ: mean=4.702-0.289j | min=-0.232+2.157j | max=4.934+1.242j
26-02-14-13 梯度监控 | raw=6.8209 | per_param=0.3320 |  natural=0.0947 | clipped=0.0947(上限20.0)
26-02-14-13 原始规范坐标 G(Re Σrow_mean) = +11.3831 | 累计|g| = 8.3039
26-02-14-13 Ψ矩阵条件数 cond(Ψ) = 1.90e+00
26-02-14-13 Loss=-1.968849 | E0=-1.04185334-0.00168197j | E1=-0.92699586+0.00167012j|E2=-0.92699586+0.00167012j|E3=-0.92699586+0.00167012j
26-02-14-13 #-----------------------------------------#
26-02-14-13 [Step 163] logΨ: mean=4.716-0.346j | min=0.982+2.417j | max=5.036+1.239j
26-02-14-13 梯度监控 | raw=10.0378 | per_param=0.4886 |  natural=0.0256 | clipped=0.0256(上限20.0)
26-02-14-13 原始规范坐标 G(Re Σrow_mean) = +11.3074 | 累计|g| = 8.3039
26-02-14-13 Ψ矩阵条件数 cond(Ψ) = 1.89e+00
26-02-14-13 Loss=-1.963897 | E0=-1.04104986-0.01278727j | E1=-0.92284753+0.00053186j|E2=-0.92284753+0.00053186j|E3=-0.92284753+0.00053186j
26-02-14-13 #-----------------------------------------#
26-02-14-13 [Step 164] logΨ: mean=4.730+0.134j | min=0.686+1.673j | max=4.968+1.316j
26-02-14-13 梯度监控 | raw=6.3457 | per_param=0.3089 |  natural=0.0981 | clipped=0.0981(上限20.0)
26-02-14-13 原始规范坐标 G(Re Σrow_mean) = +11.4954 | 累计|g| = 8.3039
26-02-14-13 Ψ矩阵条件数 cond(Ψ) = 1.87e+00
26-02-14-13 Loss=-1.974225 | E0=-1.04192818-0.00147067j | E1=-0.93229667+0.00157983j|E2=-0.93229667+0.00157983j|E3=-0.93229667+0.00157983j
26-02-14-13 #-----------------------------------------#
26-02-14-13 [Step 165] logΨ: mean=4.744-0.009j | min=0.237+3.009j | max=4.956+1.006j
26-02-14-13 梯度监控 | raw=4.2651 | per_param=0.2076 |  natural=0.2245 | clipped=0.2245(上限20.0)
26-02-14-13 原始规范坐标 G(Re Σrow_mean) = +11.8062 | 累计|g| = 8.3039
26-02-14-13 Ψ矩阵条件数 cond(Ψ) = 1.67e+00
26-02-14-13 Loss=-1.986725 | E0=-1.04280075+0.00372427j | E1=-0.94392389-0.00479794j|E2=-0.94392389-0.00479794j|E3=-0.94392389-0.00479794j
26-02-14-13 #-----------------------------------------#
26-02-14-13 [Step 166] logΨ: mean=4.753-0.495j | min=-0.120+2.229j | max=4.989+1.031j
26-02-14-13 梯度监控 | raw=4.6488 | per_param=0.2263 |  natural=0.0784 | clipped=0.0784(上限20.0)
26-02-14-13 原始规范坐标 G(Re Σrow_mean) = +11.8966 | 累计|g| = 8.3039
26-02-14-13 Ψ矩阵条件数 cond(Ψ) = 1.66e+00
26-02-14-13 Loss=-1.988961 | E0=-1.04308758+0.00189999j | E1=-0.94587324+0.00056631j|E2=-0.94587324+0.00056631j|E3=-0.94587324+0.00056631j
26-02-14-13 #-----------------------------------------#
26-02-14-13 [Step 167] logΨ: mean=4.535+1.260j | min=-0.441+2.562j | max=4.771+2.818j
26-02-14-13 梯度监控 | raw=7.3929 | per_param=0.3599 |  natural=0.7477 | clipped=0.7477(上限20.0)
26-02-14-13 原始规范坐标 G(Re Σrow_mean) = +11.3692 | 累计|g| = 8.3039
26-02-14-13 Ψ矩阵条件数 cond(Ψ) = 2.10e+00
26-02-14-13 Loss=-1.971672 | E0=-1.04245832-0.00880216j | E1=-0.92921343-0.00916625j|E2=-0.92921343-0.00916625j|E3=-0.92921343-0.00916625j
26-02-14-13 #-----------------------------------------#
26-02-14-13 [Step 168] logΨ: mean=4.706+1.868j | min=0.627+2.231j | max=4.919+2.974j
26-02-14-13 梯度监控 | raw=6.5517 | per_param=0.3189 |  natural=0.1005 | clipped=0.1005(上限20.0)
26-02-14-13 原始规范坐标 G(Re Σrow_mean) = +11.8425 | 累计|g| = 8.3039
26-02-14-13 Ψ矩阵条件数 cond(Ψ) = 2.06e+00
26-02-14-13 Loss=-1.978084 | E0=-1.04344606-0.00533966j | E1=-0.93463793+0.00056479j|E2=-0.93463793+0.00056479j|E3=-0.93463793+0.00056479j
26-02-14-13 #-----------------------------------------#
26-02-14-13 [Step 169] logΨ: mean=3.446-0.655j | min=-0.955+0.353j | max=3.739+0.499j
26-02-14-13 梯度监控 | raw=7.7227 | per_param=0.3759 |  natural=0.4492 | clipped=0.4492(上限20.0)
26-02-14-13 原始规范坐标 G(Re Σrow_mean) = +10.7474 | 累计|g| = 8.3039
26-02-14-13 Ψ矩阵条件数 cond(Ψ) = 1.99e+00
26-02-14-13 Loss=-1.985735 | E0=-1.04308893-0.00752974j | E1=-0.94264564-0.00852106j|E2=-0.94264564-0.00852106j|E3=-0.94264564-0.00852106j
26-02-14-13 #-----------------------------------------#
26-02-14-13 [GaugeReset@170] 吸收 Δg = Σ Re(col_mean) = +10.7474 | 新|g| = 8.2289
26-02-14-13 [Step 170] logΨ: mean=4.505-1.581j | min=-0.908+0.165j | max=4.627+0.121j
26-02-14-13 梯度监控 | raw=4.3210 | per_param=0.2103 |  natural=0.1033 | clipped=0.1033(上限20.0)
26-02-14-13 原始规范坐标 G(Re Σrow_mean) = +10.9654 | 累计|g| = 8.2289
26-02-14-13 Ψ矩阵条件数 cond(Ψ) = 1.95e+00
26-02-14-13 Loss=-1.976251 | E0=-1.04055713+0.00255353j | E1=-0.93569351-0.00250041j|E2=-0.93569351-0.00250041j|E3=-0.93569351-0.00250041j
26-02-14-13 #-----------------------------------------#
26-02-14-13 [Step 171] logΨ: mean=4.704-0.843j | min=1.045+2.619j | max=4.759+0.285j
26-02-14-13 梯度监控 | raw=1.0874 | per_param=0.0529 |  natural=0.1440 | clipped=0.1440(上限20.0)
26-02-14-13 原始规范坐标 G(Re Σrow_mean) = +11.3101 | 累计|g| = 8.2289
26-02-14-13 Ψ矩阵条件数 cond(Ψ) = 1.76e+00
26-02-14-13 Loss=-1.968738 | E0=-1.03303589-0.00095709j | E1=-0.93570222+0.00509350j|E2=-0.93570222+0.00509350j|E3=-0.93570222+0.00509350j
26-02-14-13 #-----------------------------------------#
26-02-14-13 [Step 172] logΨ: mean=4.836-0.925j | min=-0.676+3.061j | max=4.907+0.348j
26-02-14-13 梯度监控 | raw=2.1241 | per_param=0.1034 |  natural=0.1275 | clipped=0.1275(上限20.0)
26-02-14-13 原始规范坐标 G(Re Σrow_mean) = +11.6884 | 累计|g| = 8.2289
26-02-14-13 Ψ矩阵条件数 cond(Ψ) = 1.73e+00
26-02-14-13 Loss=-1.974195 | E0=-1.03726679-0.00075344j | E1=-0.93692839+0.00243228j|E2=-0.93692839+0.00243228j|E3=-0.93692839+0.00243228j
26-02-14-13 #-----------------------------------------#
26-02-14-13 [Step 173] logΨ: mean=4.858-0.995j | min=-0.286+2.976j | max=4.903+0.395j
26-02-14-13 梯度监控 | raw=1.1781 | per_param=0.0573 |  natural=0.0927 | clipped=0.0927(上限20.0)
26-02-14-13 原始规范坐标 G(Re Σrow_mean) = +11.3497 | 累计|g| = 8.2289
26-02-14-13 Ψ矩阵条件数 cond(Ψ) = 1.89e+00
26-02-14-13 Loss=-1.973955 | E0=-1.03503231-0.00074097j | E1=-0.93892273-0.00032765j|E2=-0.93892273-0.00032765j|E3=-0.93892273-0.00032765j
26-02-14-13 #-----------------------------------------#
26-02-14-13 [Step 174] logΨ: mean=4.910-1.291j | min=0.514-0.579j | max=4.965+0.520j
26-02-14-13 梯度监控 | raw=1.4062 | per_param=0.0685 |  natural=0.1165 | clipped=0.1165(上限20.0)
26-02-14-13 原始规范坐标 G(Re Σrow_mean) = +11.5678 | 累计|g| = 8.2289
26-02-14-13 Ψ矩阵条件数 cond(Ψ) = 1.88e+00
26-02-14-13 Loss=-1.976670 | E0=-1.03654031-0.00057804j | E1=-0.94012995+0.00239988j|E2=-0.94012995+0.00239988j|E3=-0.94012995+0.00239988j
26-02-14-13 #-----------------------------------------#
26-02-14-13 [Step 175] logΨ: mean=4.893-0.891j | min=1.556+0.671j | max=4.976+0.649j
26-02-14-13 梯度监控 | raw=3.1533 | per_param=0.1535 |  natural=0.0899 | clipped=0.0899(上限20.0)
26-02-14-13 原始规范坐标 G(Re Σrow_mean) = +11.2278 | 累计|g| = 8.2289
26-02-14-13 Ψ矩阵条件数 cond(Ψ) = 1.86e+00
26-02-14-13 Loss=-1.983931 | E0=-1.04218998-0.00065234j | E1=-0.94174128-0.00088651j|E2=-0.94174128-0.00088651j|E3=-0.94174128-0.00088651j
26-02-14-13 #-----------------------------------------#
26-02-14-13 [Step 176] logΨ: mean=4.115-0.822j | min=-1.566+2.663j | max=4.256+0.671j
26-02-14-13 梯度监控 | raw=4.2407 | per_param=0.2064 |  natural=0.2881 | clipped=0.2881(上限20.0)
26-02-14-13 原始规范坐标 G(Re Σrow_mean) = +10.4903 | 累计|g| = 8.2289
26-02-14-13 Ψ矩阵条件数 cond(Ψ) = 2.01e+00
26-02-14-13 Loss=-1.988253 | E0=-1.04629679+0.00033402j | E1=-0.94195652-0.00546788j|E2=-0.94195652-0.00546788j|E3=-0.94195652-0.00546788j
26-02-14-13 #-----------------------------------------#
26-02-14-13 [Step 177] logΨ: mean=4.135-1.006j | min=-0.508+2.804j | max=4.225+0.794j
26-02-14-13 梯度监控 | raw=1.9394 | per_param=0.0944 |  natural=0.1108 | clipped=0.1108(上限20.0)
26-02-14-13 原始规范坐标 G(Re Σrow_mean) = +10.5586 | 累计|g| = 8.2289
26-02-14-13 Ψ矩阵条件数 cond(Ψ) = 1.99e+00
26-02-14-13 Loss=-1.987466 | E0=-1.04223798-0.00044872j | E1=-0.94522794+0.00060796j|E2=-0.94522794+0.00060796j|E3=-0.94522794+0.00060796j
26-02-14-13 #-----------------------------------------#
26-02-14-13 [Step 178] logΨ: mean=4.004-1.358j | min=-1.683+1.244j | max=4.105+0.717j
26-02-14-13 梯度监控 | raw=2.0208 | per_param=0.0984 |  natural=0.2307 | clipped=0.2307(上限20.0)
26-02-14-13 原始规范坐标 G(Re Σrow_mean) = +10.7178 | 累计|g| = 8.2289
26-02-14-13 Ψ矩阵条件数 cond(Ψ) = 2.02e+00
26-02-14-13 Loss=-1.989126 | E0=-1.04251154-0.00010217j | E1=-0.94661478-0.00223475j|E2=-0.94661478-0.00223475j|E3=-0.94661478-0.00223475j
26-02-14-13 #-----------------------------------------#
26-02-14-13 [Step 179] logΨ: mean=3.738-1.087j | min=-0.970+1.636j | max=3.818+0.729j
26-02-14-13 梯度监控 | raw=1.4742 | per_param=0.0718 |  natural=0.1896 | clipped=0.1896(上限20.0)
26-02-14-13 原始规范坐标 G(Re Σrow_mean) = +10.5916 | 累计|g| = 8.2289
26-02-14-13 Ψ矩阵条件数 cond(Ψ) = 1.64e+00
26-02-14-13 Loss=-1.985343 | E0=-1.04133584-0.00062714j | E1=-0.94400738-0.00189713j|E2=-0.94400738-0.00189713j|E3=-0.94400738-0.00189713j
26-02-14-13 #-----------------------------------------#
26-02-14-13 [保存] Step 179 → pickle 文件已更新 (180 条记录)
26-02-14-13 [GaugeReset@180] 吸收 Δg = Σ Re(col_mean) = +10.5916 | 新|g| = 7.9044
26-02-14-13 [Step 180] logΨ: mean=4.011+0.862j | min=-0.837+2.238j | max=4.062+3.106j
26-02-14-13 梯度监控 | raw=0.7726 | per_param=0.0376 |  natural=0.0925 | clipped=0.0925(上限20.0)
26-02-14-13 原始规范坐标 G(Re Σrow_mean) = +10.5602 | 累计|g| = 7.9044
26-02-14-13 Ψ矩阵条件数 cond(Ψ) = 1.88e+00
26-02-14-13 Loss=-1.982113 | E0=-1.03926295-0.00118916j | E1=-0.94284995-0.00203108j|E2=-0.94284995-0.00203108j|E3=-0.94284995-0.00203108j
26-02-14-13 #-----------------------------------------#
26-02-14-13 [Step 181] logΨ: mean=4.023-1.086j | min=0.134-0.253j | max=4.114+0.061j
26-02-14-13 梯度监控 | raw=1.3585 | per_param=0.0661 |  natural=0.0636 | clipped=0.0636(上限20.0)
26-02-14-13 原始规范坐标 G(Re Σrow_mean) = +10.5718 | 累计|g| = 7.9044
26-02-14-13 Ψ矩阵条件数 cond(Ψ) = 1.56e+00
26-02-14-13 Loss=-1.985135 | E0=-1.04211221-0.00016418j | E1=-0.94302294-0.00137835j|E2=-0.94302294-0.00137835j|E3=-0.94302294-0.00137835j
26-02-14-13 #-----------------------------------------#
26-02-14-13 [Step 182] logΨ: mean=3.972-1.246j | min=-0.561-1.105j | max=4.253+0.079j
26-02-14-13 梯度监控 | raw=4.0789 | per_param=0.1986 |  natural=0.1429 | clipped=0.1429(上限20.0)
26-02-14-13 原始规范坐标 G(Re Σrow_mean) = +10.6958 | 累计|g| = 7.9044
26-02-14-13 Ψ矩阵条件数 cond(Ψ) = 1.73e+00
26-02-14-13 Loss=-1.995668 | E0=-1.05212507+0.00285312j | E1=-0.94354307+0.00072943j|E2=-0.94354307+0.00072943j|E3=-0.94354307+0.00072943j
26-02-14-13 #-----------------------------------------#
26-02-14-13 [Step 183] logΨ: mean=4.192+0.182j | min=0.126-0.220j | max=4.313+0.024j
26-02-14-13 梯度监控 | raw=2.0759 | per_param=0.1011 |  natural=0.1217 | clipped=0.1217(上限20.0)
26-02-14-13 原始规范坐标 G(Re Σrow_mean) = +10.8994 | 累计|g| = 7.9044
26-02-14-13 Ψ矩阵条件数 cond(Ψ) = 1.52e+00
26-02-14-13 Loss=-1.990122 | E0=-1.04454923+0.00015236j | E1=-0.94557261-0.00162496j|E2=-0.94557261-0.00162496j|E3=-0.94557261-0.00162496j
26-02-14-13 #-----------------------------------------#
26-02-14-13 [Step 184] logΨ: mean=4.303-1.055j | min=0.334-2.001j | max=4.383+0.091j
26-02-14-13 梯度监控 | raw=1.2767 | per_param=0.0621 |  natural=0.0903 | clipped=0.0903(上限20.0)
26-02-14-13 原始规范坐标 G(Re Σrow_mean) = +10.9277 | 累计|g| = 7.9044
26-02-14-13 Ψ矩阵条件数 cond(Ψ) = 1.84e+00
26-02-14-13 Loss=-1.986836 | E0=-1.04253844-0.00050900j | E1=-0.94429757+0.00108940j|E2=-0.94429757+0.00108940j|E3=-0.94429757+0.00108940j
26-02-14-13 #-----------------------------------------#
26-02-14-13 [Step 185] logΨ: mean=4.443-1.160j | min=-0.868-0.516j | max=4.521+0.104j
26-02-14-13 梯度监控 | raw=1.1839 | per_param=0.0576 |  natural=0.1021 | clipped=0.1021(上限20.0)
26-02-14-13 原始规范坐标 G(Re Σrow_mean) = +11.0103 | 累计|g| = 7.9044
26-02-14-13 Ψ矩阵条件数 cond(Ψ) = 1.84e+00
26-02-14-13 Loss=-1.987170 | E0=-1.04199935-0.00070323j | E1=-0.94517111+0.00096713j|E2=-0.94517111+0.00096713j|E3=-0.94517111+0.00096713j
26-02-14-13 #-----------------------------------------#
26-02-14-13 [Step 186] logΨ: mean=4.435-1.602j | min=0.395-1.298j | max=4.594+0.088j
26-02-14-13 梯度监控 | raw=2.3150 | per_param=0.1127 |  natural=0.1277 | clipped=0.1277(上限20.0)
26-02-14-13 原始规范坐标 G(Re Σrow_mean) = +10.7878 | 累计|g| = 7.9044
26-02-14-13 Ψ矩阵条件数 cond(Ψ) = 1.84e+00
26-02-14-13 Loss=-1.989893 | E0=-1.04672280+0.00045566j | E1=-0.94316972-0.00195714j|E2=-0.94316972-0.00195714j|E3=-0.94316972-0.00195714j
26-02-14-13 #-----------------------------------------#
26-02-14-13 [Step 187] logΨ: mean=4.565-1.236j | min=0.575-1.983j | max=4.742+0.114j
26-02-14-13 梯度监控 | raw=2.2018 | per_param=0.1072 |  natural=0.1286 | clipped=0.1286(上限20.0)
26-02-14-13 原始规范坐标 G(Re Σrow_mean) = +11.0771 | 累计|g| = 7.9044
26-02-14-13 Ψ矩阵条件数 cond(Ψ) = 1.83e+00
26-02-14-13 Loss=-1.988173 | E0=-1.04635995+0.00051874j | E1=-0.94181274+0.00165820j|E2=-0.94181274+0.00165820j|E3=-0.94181274+0.00165820j
26-02-14-13 #-----------------------------------------#
26-02-14-13 [Step 188] logΨ: mean=4.424+1.085j | min=-0.071-0.692j | max=4.713+3.109j
26-02-14-13 梯度监控 | raw=3.3910 | per_param=0.1651 |  natural=0.2293 | clipped=0.2293(上限20.0)
26-02-14-13 原始规范坐标 G(Re Σrow_mean) = +10.8819 | 累计|g| = 7.9044
26-02-14-13 Ψ矩阵条件数 cond(Ψ) = 1.86e+00
26-02-14-13 Loss=-2.001056 | E0=-1.05152813+0.00212095j | E1=-0.94952834-0.00354595j|E2=-0.94952834-0.00354595j|E3=-0.94952834-0.00354595j
26-02-14-13 #-----------------------------------------#
26-02-14-13 [Step 189] logΨ: mean=4.468+1.335j | min=-2.120-1.286j | max=4.797+3.086j
26-02-14-13 梯度监控 | raw=3.8235 | per_param=0.1861 |  natural=0.0969 | clipped=0.0969(上限20.0)
26-02-14-13 原始规范坐标 G(Re Σrow_mean) = +10.6024 | 累计|g| = 7.9044
26-02-14-13 Ψ矩阵条件数 cond(Ψ) = 1.85e+00
26-02-14-13 Loss=-1.997087 | E0=-1.05353124+0.00246841j | E1=-0.94355616-0.00187158j|E2=-0.94355616-0.00187158j|E3=-0.94355616-0.00187158j
26-02-14-13 #-----------------------------------------#
26-02-14-13 [GaugeReset@190] 吸收 Δg = Σ Re(col_mean) = +10.6024 | 新|g| = 8.1036
26-02-14-13 [Step 190] logΨ: mean=4.855-0.690j | min=-0.227+0.855j | max=4.965+0.788j
26-02-14-13 梯度监控 | raw=1.2237 | per_param=0.0596 |  natural=0.0747 | clipped=0.0747(上限20.0)
26-02-14-13 原始规范坐标 G(Re Σrow_mean) = +11.2590 | 累计|g| = 8.1036
26-02-14-13 Ψ矩阵条件数 cond(Ψ) = 1.83e+00
26-02-14-13 Loss=-1.987932 | E0=-1.04368789-0.00013888j | E1=-0.94424443+0.00028504j|E2=-0.94424443+0.00028504j|E3=-0.94424443+0.00028504j
26-02-14-13 #-----------------------------------------#
26-02-14-13 [Step 191] logΨ: mean=4.845-0.717j | min=-0.543+0.296j | max=5.000+0.761j
26-02-14-13 梯度监控 | raw=2.1937 | per_param=0.1068 |  natural=0.1509 | clipped=0.1509(上限20.0)
26-02-14-13 原始规范坐标 G(Re Σrow_mean) = +11.1570 | 累计|g| = 8.1036
26-02-14-13 Ψ矩阵条件数 cond(Ψ) = 1.68e+00
26-02-14-13 Loss=-1.992001 | E0=-1.04629846+0.00021976j | E1=-0.94570234-0.00124891j|E2=-0.94570234-0.00124891j|E3=-0.94570234-0.00124891j
26-02-14-13 #-----------------------------------------#
26-02-14-13 [Step 192] logΨ: mean=4.810-0.653j | min=-0.430+0.310j | max=5.059+0.754j
26-02-14-13 梯度监控 | raw=2.9178 | per_param=0.1420 |  natural=0.0861 | clipped=0.0861(上限20.0)
26-02-14-13 原始规范坐标 G(Re Σrow_mean) = +10.8753 | 累计|g| = 8.1036
26-02-14-13 Ψ矩阵条件数 cond(Ψ) = 1.38e+00
26-02-14-13 Loss=-1.996194 | E0=-1.04877020+0.00121618j | E1=-0.94742402-0.00130392j|E2=-0.94742402-0.00130392j|E3=-0.94742402-0.00130392j
26-02-14-13 #-----------------------------------------#
26-02-14-13 [Step 193] logΨ: mean=4.916-0.550j | min=0.116-0.410j | max=5.095+0.790j
26-02-14-13 梯度监控 | raw=1.8059 | per_param=0.0879 |  natural=0.0424 | clipped=0.0424(上限20.0)
26-02-14-13 原始规范坐标 G(Re Σrow_mean) = +11.1812 | 累计|g| = 8.1036
26-02-14-13 Ψ矩阵条件数 cond(Ψ) = 1.82e+00
26-02-14-13 Loss=-1.993454 | E0=-1.04707693+0.00056750j | E1=-0.94637718-0.00001390j|E2=-0.94637718-0.00001390j|E3=-0.94637718-0.00001390j
26-02-14-13 #-----------------------------------------#
26-02-14-13 [Step 194] logΨ: mean=4.959-0.500j | min=0.076-3.112j | max=5.291+0.812j
26-02-14-13 梯度监控 | raw=3.3825 | per_param=0.1647 |  natural=0.0700 | clipped=0.0700(上限20.0)
26-02-14-13 原始规范坐标 G(Re Σrow_mean) = +11.0444 | 累计|g| = 8.1036
26-02-14-13 Ψ矩阵条件数 cond(Ψ) = 1.37e+00
26-02-14-13 Loss=-1.995761 | E0=-1.05166076+0.00208811j | E1=-0.94410041-0.00039998j|E2=-0.94410041-0.00039998j|E3=-0.94410041-0.00039998j
26-02-14-13 #-----------------------------------------#
26-02-14-13 [Step 195] logΨ: mean=5.150-0.240j | min=-0.965+2.775j | max=5.394+0.847j
26-02-14-13 梯度监控 | raw=2.3669 | per_param=0.1152 |  natural=0.0835 | clipped=0.0835(上限20.0)
26-02-14-13 原始规范坐标 G(Re Σrow_mean) = +11.0972 | 累计|g| = 8.1036
26-02-14-13 Ψ矩阵条件数 cond(Ψ) = 1.70e+00
26-02-14-13 Loss=-1.994339 | E0=-1.04813686+0.00094861j | E1=-0.94620240-0.00016318j|E2=-0.94620240-0.00016318j|E3=-0.94620240-0.00016318j
26-02-14-13 #-----------------------------------------#
26-02-14-13 [Step 196] logΨ: mean=5.274+0.029j | min=1.388+0.806j | max=5.459+0.848j
26-02-14-13 梯度监控 | raw=1.9064 | per_param=0.0928 |  natural=0.0158 | clipped=0.0158(上限20.0)
26-02-14-13 原始规范坐标 G(Re Σrow_mean) = +11.3068 | 累计|g| = 8.1036
26-02-14-13 Ψ矩阵条件数 cond(Ψ) = 1.69e+00
26-02-14-13 Loss=-1.992824 | E0=-1.04714430+0.00064107j | E1=-0.94568005-0.00068378j|E2=-0.94568005-0.00068378j|E3=-0.94568005-0.00068378j
26-02-14-13 #-----------------------------------------#
26-02-14-13 [Step 197] logΨ: mean=5.374-0.250j | min=0.567+0.872j | max=5.592+0.850j
26-02-14-13 梯度监控 | raw=2.0438 | per_param=0.0995 |  natural=0.0398 | clipped=0.0398(上限20.0)
26-02-14-13 原始规范坐标 G(Re Σrow_mean) = +11.3355 | 累计|g| = 8.1036
26-02-14-13 Ψ矩阵条件数 cond(Ψ) = 1.67e+00
26-02-14-13 Loss=-1.994088 | E0=-1.04774301+0.00078007j | E1=-0.94634464-0.00039839j|E2=-0.94634464-0.00039839j|E3=-0.94634464-0.00039839j
26-02-14-13 #-----------------------------------------#
26-02-14-13 [Step 198] logΨ: mean=5.556-0.402j | min=0.947-0.479j | max=5.721+0.826j
26-02-14-13 梯度监控 | raw=1.6471 | per_param=0.0802 |  natural=0.0492 | clipped=0.0492(上限20.0)
26-02-14-13 原始规范坐标 G(Re Σrow_mean) = +11.3197 | 累计|g| = 8.1036
26-02-14-13 Ψ矩阵条件数 cond(Ψ) = 1.64e+00
26-02-14-13 Loss=-1.991183 | E0=-1.04639913+0.00026502j | E1=-0.94478362-0.00106963j|E2=-0.94478362-0.00106963j|E3=-0.94478362-0.00106963j
26-02-14-13 #-----------------------------------------#
26-02-14-13 [Step 199] logΨ: mean=5.766-0.640j | min=0.847-2.526j | max=5.819+0.829j
26-02-14-13 梯度监控 | raw=0.4000 | per_param=0.0195 |  natural=0.0064 | clipped=0.0064(上限20.0)
26-02-14-13 原始规范坐标 G(Re Σrow_mean) = +11.6319 | 累计|g| = 8.1036
26-02-14-13 Ψ矩阵条件数 cond(Ψ) = 1.65e+00
26-02-14-13 Loss=-1.989504 | E0=-1.04326614-0.00063178j | E1=-0.94623831-0.00049547j|E2=-0.94623831-0.00049547j|E3=-0.94623831-0.00049547j
26-02-14-13 #-----------------------------------------#
26-02-14-13 [保存] Step 199 → pickle 文件已更新 (200 条记录)
26-02-14-13 [GaugeReset@200] 吸收 Δg = Σ Re(col_mean) = +11.6319 | 新|g| = 8.6396
26-02-14-13 [Step 200] logΨ: mean=4.768-1.417j | min=2.490-2.970j | max=4.781+0.167j
26-02-14-13 梯度监控 | raw=0.2305 | per_param=0.0112 |  natural=0.0018 | clipped=0.0018(上限20.0)
26-02-14-13 原始规范坐标 G(Re Σrow_mean) = +11.8551 | 累计|g| = 8.6396
26-02-14-13 Ψ矩阵条件数 cond(Ψ) = 1.64e+00
26-02-14-13 Loss=-1.989163 | E0=-1.04295206-0.00085777j | E1=-0.94621101+0.00013951j|E2=-0.94621101+0.00013951j|E3=-0.94621101+0.00013951j
26-02-14-13 #-----------------------------------------#
26-02-14-13 [Step 201] logΨ: mean=4.512+1.418j | min=0.141+2.645j | max=4.537+2.999j
26-02-14-13 梯度监控 | raw=0.2550 | per_param=0.0124 |  natural=0.1152 | clipped=0.1152(上限20.0)
26-02-14-13 原始规范坐标 G(Re Σrow_mean) = +11.6666 | 累计|g| = 8.6396
26-02-14-13 Ψ矩阵条件数 cond(Ψ) = 1.67e+00
26-02-14-13 Loss=-1.990943 | E0=-1.04293081-0.00086263j | E1=-0.94801202-0.00126301j|E2=-0.94801202-0.00126301j|E3=-0.94801202-0.00126301j
26-02-14-13 #-----------------------------------------#
26-02-14-13 [Step 202] logΨ: mean=4.498-1.499j | min=0.450+2.035j | max=4.516+0.148j
26-02-14-13 梯度监控 | raw=0.1250 | per_param=0.0061 |  natural=0.0291 | clipped=0.0291(上限20.0)
26-02-14-13 原始规范坐标 G(Re Σrow_mean) = +11.6341 | 累计|g| = 8.6396
26-02-14-13 Ψ矩阵条件数 cond(Ψ) = 1.85e+00
26-02-14-13 Loss=-1.990526 | E0=-1.04460741-0.00611690j | E1=-0.94591838-0.00027536j|E2=-0.94591838-0.00027536j|E3=-0.94591838-0.00027536j
26-02-14-13 #-----------------------------------------#
26-02-14-13 [Step 203] logΨ: mean=4.476-1.333j | min=0.418+0.025j | max=4.569+0.203j
26-02-14-13 梯度监控 | raw=1.1589 | per_param=0.0564 |  natural=0.0658 | clipped=0.0658(上限20.0)
26-02-14-13 原始规范坐标 G(Re Σrow_mean) = +11.5715 | 累计|g| = 8.6396
26-02-14-13 Ψ矩阵条件数 cond(Ψ) = 1.84e+00
26-02-14-13 Loss=-1.990421 | E0=-1.04418498-0.00094249j | E1=-0.94623651+0.00058603j|E2=-0.94623651+0.00058603j|E3=-0.94623651+0.00058603j
26-02-14-13 #-----------------------------------------#
26-02-14-13 [Step 204] logΨ: mean=4.631-1.138j | min=-0.349+2.993j | max=4.697+0.212j
26-02-14-13 梯度监控 | raw=0.8348 | per_param=0.0406 |  natural=0.0075 | clipped=0.0075(上限20.0)
26-02-14-13 原始规范坐标 G(Re Σrow_mean) = +11.6468 | 累计|g| = 8.6396
26-02-14-13 Ψ矩阵条件数 cond(Ψ) = 1.83e+00
26-02-14-13 Loss=-1.990994 | E0=-1.04410147-0.00156597j | E1=-0.94689210-0.00000356j|E2=-0.94689210-0.00000356j|E3=-0.94689210-0.00000356j
26-02-14-13 #-----------------------------------------#
26-02-14-13 [Step 205] logΨ: mean=4.746-0.989j | min=-0.313+3.034j | max=4.862+0.255j
26-02-14-13 梯度监控 | raw=1.1618 | per_param=0.0566 |  natural=0.0468 | clipped=0.0468(上限20.0)
26-02-14-13 原始规范坐标 G(Re Σrow_mean) = +11.6535 | 累计|g| = 8.6396
26-02-14-13 Ψ矩阵条件数 cond(Ψ) = 1.81e+00
26-02-14-13 Loss=-1.990899 | E0=-1.04428352-0.00100662j | E1=-0.94661538+0.00022864j|E2=-0.94661538+0.00022864j|E3=-0.94661538+0.00022864j
26-02-14-13 #-----------------------------------------#
26-02-14-13 [Step 206] logΨ: mean=4.870-1.148j | min=0.762+0.293j | max=4.897+0.235j
26-02-14-13 梯度监控 | raw=0.1730 | per_param=0.0084 |  natural=0.0123 | clipped=0.0123(上限20.0)
26-02-14-13 原始规范坐标 G(Re Σrow_mean) = +11.7869 | 累计|g| = 8.6396
26-02-14-13 Ψ矩阵条件数 cond(Ψ) = 1.81e+00
26-02-14-13 Loss=-1.990912 | E0=-1.04440408-0.00357056j | E1=-0.94650828-0.00013583j|E2=-0.94650828-0.00013583j|E3=-0.94650828-0.00013583j
26-02-14-13 #-----------------------------------------#
26-02-14-13 [Step 207] logΨ: mean=4.660-1.388j | min=0.391+2.909j | max=4.763+0.126j
26-02-14-13 梯度监控 | raw=1.0492 | per_param=0.0511 |  natural=0.1292 | clipped=0.1292(上限20.0)
26-02-14-13 原始规范坐标 G(Re Σrow_mean) = +11.5104 | 累计|g| = 8.6396
26-02-14-13 Ψ矩阵条件数 cond(Ψ) = 1.83e+00
26-02-14-13 Loss=-1.993012 | E0=-1.04475453-0.00129765j | E1=-0.94825748-0.00086285j|E2=-0.94825748-0.00086285j|E3=-0.94825748-0.00086285j
26-02-14-13 #-----------------------------------------#
26-02-14-13 [Step 208] logΨ: mean=4.664-1.390j | min=0.349-3.091j | max=4.786+0.174j
26-02-14-13 梯度监控 | raw=1.3594 | per_param=0.0662 |  natural=0.0346 | clipped=0.0346(上限20.0)
26-02-14-13 原始规范坐标 G(Re Σrow_mean) = +11.4806 | 累计|g| = 8.6396
26-02-14-13 Ψ矩阵条件数 cond(Ψ) = 1.82e+00
26-02-14-13 Loss=-1.992281 | E0=-1.04486455-0.00009348j | E1=-0.94741602+0.00031471j|E2=-0.94741602+0.00031471j|E3=-0.94741602+0.00031471j
26-02-14-13 #-----------------------------------------#
26-02-14-13 [Step 209] logΨ: mean=4.811-1.382j | min=0.770+0.233j | max=4.876+0.163j
26-02-14-13 梯度监控 | raw=0.6064 | per_param=0.0295 |  natural=0.0313 | clipped=0.0313(上限20.0)
26-02-14-13 原始规范坐标 G(Re Σrow_mean) = +11.7035 | 累计|g| = 8.6396
26-02-14-13 Ψ矩阵条件数 cond(Ψ) = 1.64e+00
26-02-14-13 Loss=-1.991016 | E0=-1.04480317-0.00179922j | E1=-0.94621323-0.00012642j|E2=-0.94621323-0.00012642j|E3=-0.94621323-0.00012642j
26-02-14-13 #-----------------------------------------#
26-02-14-13 [GaugeReset@210] 吸收 Δg = Σ Re(col_mean) = +11.7035 | 新|g| = 8.6892
26-02-14-13 [Step 210] logΨ: mean=4.687-1.338j | min=-0.030-3.130j | max=4.890+0.106j
26-02-14-13 梯度监控 | raw=1.9227 | per_param=0.0936 |  natural=0.0584 | clipped=0.0584(上限20.0)
26-02-14-13 原始规范坐标 G(Re Σrow_mean) = +11.5578 | 累计|g| = 8.6892
26-02-14-13 Ψ矩阵条件数 cond(Ψ) = 1.59e+00
26-02-14-13 Loss=-1.990916 | E0=-1.04544320+0.00096739j | E1=-0.94547325+0.00030844j|E2=-0.94547325+0.00030844j|E3=-0.94547325+0.00030844j
26-02-14-13 #-----------------------------------------#
26-02-14-13 [Step 211] logΨ: mean=4.865-1.303j | min=-0.393-0.123j | max=4.921+0.173j
26-02-14-13 梯度监控 | raw=0.5042 | per_param=0.0245 |  natural=0.0321 | clipped=0.0321(上限20.0)
26-02-14-13 原始规范坐标 G(Re Σrow_mean) = +11.7765 | 累计|g| = 8.6892
26-02-14-13 Ψ矩阵条件数 cond(Ψ) = 1.63e+00
26-02-14-13 Loss=-1.991574 | E0=-1.04453335-0.00182405j | E1=-0.94704115+0.00032304j|E2=-0.94704115+0.00032304j|E3=-0.94704115+0.00032304j
26-02-14-13 #-----------------------------------------#
26-02-14-13 [Step 212] logΨ: mean=4.927-1.287j | min=0.812+0.189j | max=4.961+0.195j
26-02-14-13 梯度监控 | raw=0.0836 | per_param=0.0041 |  natural=0.0418 | clipped=0.0418(上限20.0)
26-02-14-13 原始规范坐标 G(Re Σrow_mean) = +11.8102 | 累计|g| = 8.6892
26-02-14-13 Ψ矩阵条件数 cond(Ψ) = 1.63e+00
26-02-14-13 Loss=-1.991358 | E0=-1.04478011-0.00273293j | E1=-0.94657777+0.00035275j|E2=-0.94657777+0.00035275j|E3=-0.94657777+0.00035275j
26-02-14-13 #-----------------------------------------#
26-02-14-13 [Step 213] logΨ: mean=5.075-1.306j | min=1.148-0.997j | max=5.095+0.197j
26-02-14-13 梯度监控 | raw=0.1118 | per_param=0.0054 |  natural=0.0409 | clipped=0.0409(上限20.0)
26-02-14-13 原始规范坐标 G(Re Σrow_mean) = +11.9052 | 累计|g| = 8.6892
26-02-14-13 Ψ矩阵条件数 cond(Ψ) = 1.60e+00
26-02-14-13 Loss=-1.989444 | E0=-1.04462950-0.00369227j | E1=-0.94481419-0.00005681j|E2=-0.94481419-0.00005681j|E3=-0.94481419-0.00005681j
26-02-14-13 #-----------------------------------------#
26-02-14-13 [Step 214] logΨ: mean=5.180-1.413j | min=0.495+1.393j | max=5.219+0.277j
26-02-14-13 梯度监控 | raw=0.1085 | per_param=0.0053 |  natural=0.0378 | clipped=0.0378(上限20.0)
26-02-14-13 原始规范坐标 G(Re Σrow_mean) = +11.8613 | 累计|g| = 8.6892
26-02-14-13 Ψ矩阵条件数 cond(Ψ) = 1.55e+00
26-02-14-13 Loss=-1.989532 | E0=-1.04438839-0.00365416j | E1=-0.94514339+0.00027656j|E2=-0.94514339+0.00027656j|E3=-0.94514339+0.00027656j
26-02-14-13 #-----------------------------------------#
26-02-14-13 [Step 215] logΨ: mean=5.073-1.597j | min=0.485-1.826j | max=5.132+0.135j
26-02-14-13 梯度监控 | raw=0.4475 | per_param=0.0218 |  natural=0.1175 | clipped=0.1175(上限20.0)
26-02-14-13 原始规范坐标 G(Re Σrow_mean) = +11.8193 | 累计|g| = 8.6892
26-02-14-13 Ψ矩阵条件数 cond(Ψ) = 1.57e+00
26-02-14-13 Loss=-1.995140 | E0=-1.04741018-0.00330354j | E1=-0.94773018-0.00109626j|E2=-0.94773018-0.00109626j|E3=-0.94773018-0.00109626j
26-02-14-13 #-----------------------------------------#
26-02-14-13 [Step 216] logΨ: mean=5.082-1.632j | min=-0.645-1.750j | max=5.249+0.154j
26-02-14-13 梯度监控 | raw=2.7022 | per_param=0.1315 |  natural=0.0321 | clipped=0.0321(上限20.0)
26-02-14-13 原始规范坐标 G(Re Σrow_mean) = +11.7347 | 累计|g| = 8.6892
26-02-14-13 Ψ矩阵条件数 cond(Ψ) = 1.55e+00
26-02-14-13 Loss=-1.990389 | E0=-1.04431597+0.00062371j | E1=-0.94607295+0.00020548j|E2=-0.94607295+0.00020548j|E3=-0.94607295+0.00020548j
26-02-14-13 #-----------------------------------------#
26-02-14-13 [Step 217] logΨ: mean=5.206-1.532j | min=-0.211+2.162j | max=5.341+0.131j
26-02-14-13 梯度监控 | raw=2.3354 | per_param=0.1137 |  natural=0.0260 | clipped=0.0260(上限20.0)
26-02-14-13 原始规范坐标 G(Re Σrow_mean) = +11.8658 | 累计|g| = 8.6892
26-02-14-13 Ψ矩阵条件数 cond(Ψ) = 1.54e+00
26-02-14-13 Loss=-1.990532 | E0=-1.04484325+0.00035498j | E1=-0.94568870+0.00007434j|E2=-0.94568870+0.00007434j|E3=-0.94568870+0.00007434j
26-02-14-13 #-----------------------------------------#
26-02-14-13 [Step 218] logΨ: mean=5.269-1.369j | min=0.524-1.846j | max=5.381+0.183j
26-02-14-13 梯度监控 | raw=1.3889 | per_param=0.0676 |  natural=0.0593 | clipped=0.0593(上限20.0)
26-02-14-13 原始规范坐标 G(Re Σrow_mean) = +11.9036 | 累计|g| = 8.6892
26-02-14-13 Ψ矩阵条件数 cond(Ψ) = 1.55e+00
26-02-14-13 Loss=-1.992134 | E0=-1.04568758-0.00103968j | E1=-0.94644618+0.00058343j|E2=-0.94644618+0.00058343j|E3=-0.94644618+0.00058343j
26-02-14-13 #-----------------------------------------#
26-02-14-13 [Step 219] logΨ: mean=5.271-1.382j | min=0.738+0.147j | max=5.354+0.219j
26-02-14-13 梯度监控 | raw=1.1000 | per_param=0.0535 |  natural=0.0537 | clipped=0.0537(上限20.0)
26-02-14-13 原始规范坐标 G(Re Σrow_mean) = +12.0487 | 累计|g| = 8.6892
26-02-14-13 Ψ矩阵条件数 cond(Ψ) = 1.58e+00
26-02-14-13 Loss=-1.993402 | E0=-1.04613284-0.00135868j | E1=-0.94726877+0.00063095j|E2=-0.94726877+0.00063095j|E3=-0.94726877+0.00063095j
26-02-14-13 #-----------------------------------------#
26-02-14-13 [保存] Step 219 → pickle 文件已更新 (220 条记录)
26-02-14-13 [GaugeReset@220] 吸收 Δg = Σ Re(col_mean) = +12.0487 | 新|g| = 8.8915
26-02-14-13 [Step 220] logΨ: mean=5.003+1.703j | min=-2.286-1.047j | max=5.034+3.042j
26-02-14-13 梯度监控 | raw=0.1562 | per_param=0.0076 |  natural=0.1254 | clipped=0.1254(上限20.0)
26-02-14-13 原始规范坐标 G(Re Σrow_mean) = +12.2271 | 累计|g| = 8.8915
26-02-14-13 Ψ矩阵条件数 cond(Ψ) = 1.48e+00
26-02-14-13 Loss=-1.991639 | E0=-1.04756628-0.00259980j | E1=-0.94407278-0.00105741j|E2=-0.94407278-0.00105741j|E3=-0.94407278-0.00105741j
26-02-14-13 #-----------------------------------------#
26-02-14-13 [Step 221] logΨ: mean=5.010+1.778j | min=2.502-0.216j | max=5.044+3.036j
26-02-14-13 梯度监控 | raw=0.9970 | per_param=0.0485 |  natural=0.0007 | clipped=0.0007(上限20.0)
26-02-14-13 原始规范坐标 G(Re Σrow_mean) = +12.2905 | 累计|g| = 8.8915
26-02-14-13 Ψ矩阵条件数 cond(Ψ) = 1.49e+00
26-02-14-13 Loss=-1.998262 | E0=-1.05179744+0.00212220j | E1=-0.94646485+0.00006546j|E2=-0.94646485+0.00006546j|E3=-0.94646485+0.00006546j
26-02-14-13 #-----------------------------------------#
26-02-14-13 [Step 222] logΨ: mean=4.997+1.659j | min=0.604+3.013j | max=5.086+3.036j
26-02-14-13 梯度监控 | raw=2.6100 | per_param=0.1271 |  natural=0.0017 | clipped=0.0017(上限20.0)
26-02-14-13 原始规范坐标 G(Re Σrow_mean) = +12.2212 | 累计|g| = 8.8915
26-02-14-13 Ψ矩阵条件数 cond(Ψ) = 1.49e+00
26-02-14-13 Loss=-1.994199 | E0=-1.04773928+0.00091743j | E1=-0.94645966+0.00008055j|E2=-0.94645966+0.00008055j|E3=-0.94645966+0.00008055j
26-02-14-13 #-----------------------------------------#
26-02-14-13 [Step 223] logΨ: mean=5.128+1.529j | min=0.122+1.052j | max=5.223+3.055j
26-02-14-13 梯度监控 | raw=2.6779 | per_param=0.1304 |  natural=0.0277 | clipped=0.0277(上限20.0)
26-02-14-13 原始规范坐标 G(Re Σrow_mean) = +12.3623 | 累计|g| = 8.8915
26-02-14-13 Ψ矩阵条件数 cond(Ψ) = 1.48e+00
26-02-14-13 Loss=-1.993381 | E0=-1.04725968+0.00082261j | E1=-0.94612092+0.00015163j|E2=-0.94612092+0.00015163j|E3=-0.94612092+0.00015163j
26-02-14-13 #-----------------------------------------#
26-02-14-13 [Step 224] logΨ: mean=4.968+1.708j | min=0.593-0.059j | max=5.121+3.096j
26-02-14-13 梯度监控 | raw=3.9098 | per_param=0.1903 |  natural=0.0329 | clipped=0.0329(上限20.0)
26-02-14-13 原始规范坐标 G(Re Σrow_mean) = +12.2393 | 累计|g| = 8.8915
26-02-14-13 Ψ矩阵条件数 cond(Ψ) = 1.51e+00
26-02-14-13 Loss=-1.990972 | E0=-1.04392139-0.00004638j | E1=-0.94705057+0.00023085j|E2=-0.94705057+0.00023085j|E3=-0.94705057+0.00023085j
26-02-14-13 #-----------------------------------------#
26-02-14-13 [Step 225] logΨ: mean=5.089+1.516j | min=0.472-0.110j | max=5.251+3.091j
26-02-14-13 梯度监控 | raw=3.8086 | per_param=0.1854 |  natural=0.0265 | clipped=0.0265(上限20.0)
26-02-14-13 原始规范坐标 G(Re Σrow_mean) = +12.1944 | 累计|g| = 8.8915
26-02-14-13 Ψ矩阵条件数 cond(Ψ) = 1.49e+00
26-02-14-13 Loss=-1.989732 | E0=-1.04363936-0.00053260j | E1=-0.94609305+0.00014103j|E2=-0.94609305+0.00014103j|E3=-0.94609305+0.00014103j
26-02-14-13 #-----------------------------------------#
26-02-14-13 [Step 226] logΨ: mean=3.001+1.197j | min=-1.606-0.024j | max=3.122+3.110j
26-02-14-13 梯度监控 | raw=3.2718 | per_param=0.1593 |  natural=0.1321 | clipped=0.1321(上限20.0)
26-02-14-13 原始规范坐标 G(Re Σrow_mean) = +11.1031 | 累计|g| = 8.8915
26-02-14-13 Ψ矩阵条件数 cond(Ψ) = 1.60e+00
26-02-14-13 Loss=-1.999741 | E0=-1.05337212+0.00054840j | E1=-0.94636938+0.00010518j|E2=-0.94636938+0.00010518j|E3=-0.94636938+0.00010518j
26-02-14-13 #-----------------------------------------#
26-02-14-13 [Step 227] logΨ: mean=2.987+1.010j | min=-1.575-0.079j | max=3.212+3.115j
26-02-14-13 梯度监控 | raw=7.3790 | per_param=0.3592 |  natural=0.0141 | clipped=0.0141(上限20.0)
26-02-14-13 原始规范坐标 G(Re Σrow_mean) = +10.7857 | 累计|g| = 8.8915
26-02-14-13 Ψ矩阵条件数 cond(Ψ) = 1.59e+00
26-02-14-13 Loss=-1.972927 | E0=-1.02690826+0.00122242j | E1=-0.94601911+0.00034722j|E2=-0.94601911+0.00034722j|E3=-0.94601911+0.00034722j
26-02-14-13 #-----------------------------------------#
26-02-14-13 [Step 228] logΨ: mean=3.066+0.753j | min=-0.140-0.287j | max=3.313+3.117j
26-02-14-13 梯度监控 | raw=7.9488 | per_param=0.3869 |  natural=0.0202 | clipped=0.0202(上限20.0)
26-02-14-13 原始规范坐标 G(Re Σrow_mean) = +10.9087 | 累计|g| = 8.8915
26-02-14-13 Ψ矩阵条件数 cond(Ψ) = 3.43e+00
26-02-14-13 Loss=-1.969573 | E0=-1.02326520+0.00488882j | E1=-0.94630793+0.00021264j|E2=-0.94630793+0.00021264j|E3=-0.94630793+0.00021264j
26-02-14-13 #-----------------------------------------#
26-02-14-13 [Step 229] logΨ: mean=3.147+0.615j | min=-0.140-0.280j | max=3.424+3.122j
26-02-14-13 梯度监控 | raw=8.5193 | per_param=0.4147 |  natural=0.0223 | clipped=0.0223(上限20.0)
26-02-14-13 原始规范坐标 G(Re Σrow_mean) = +10.5881 | 累计|g| = 8.8915
26-02-14-13 Ψ矩阵条件数 cond(Ψ) = 2.11e+00
26-02-14-13 Loss=-1.965581 | E0=-1.01992506+0.00646337j | E1=-0.94565611+0.00040770j|E2=-0.94565611+0.00040770j|E3=-0.94565611+0.00040770j
26-02-14-13 #-----------------------------------------#
26-02-14-13 [GaugeReset@230] 吸收 Δg = Σ Re(col_mean) = +10.5881 | 新|g| = 8.0771
26-02-14-13 [Step 230] logΨ: mean=4.882-0.540j | min=1.324+0.675j | max=4.999+0.940j
26-02-14-13 梯度监控 | raw=4.1974 | per_param=0.2043 |  natural=0.0220 | clipped=0.0220(上限20.0)
26-02-14-13 原始规范坐标 G(Re Σrow_mean) = +11.2985 | 累计|g| = 8.0771
26-02-14-13 Ψ矩阵条件数 cond(Ψ) = 1.67e+00
26-02-14-13 Loss=-1.991747 | E0=-1.04559197-0.00324524j | E1=-0.94615531+0.00018831j|E2=-0.94615531+0.00018831j|E3=-0.94615531+0.00018831j
26-02-14-13 #-----------------------------------------#
26-02-14-13 [Step 231] logΨ: mean=4.791-0.677j | min=1.192+0.711j | max=4.978+0.975j
26-02-14-13 梯度监控 | raw=6.1191 | per_param=0.2979 |  natural=0.0371 | clipped=0.0371(上限20.0)
26-02-14-13 原始规范坐标 G(Re Σrow_mean) = +11.2445 | 累计|g| = 8.0771
26-02-14-13 Ψ矩阵条件数 cond(Ψ) = 1.65e+00
26-02-14-13 Loss=-1.982701 | E0=-1.03587016+0.00056400j | E1=-0.94683098+0.00027918j|E2=-0.94683098+0.00027918j|E3=-0.94683098+0.00027918j
26-02-14-13 #-----------------------------------------#
26-02-14-13 [Step 232] logΨ: mean=4.679-0.801j | min=-0.196+1.001j | max=4.850+0.972j
26-02-14-13 梯度监控 | raw=5.2220 | per_param=0.2542 |  natural=0.1688 | clipped=0.1688(上限20.0)
26-02-14-13 原始规范坐标 G(Re Σrow_mean) = +11.1626 | 累计|g| = 8.0771
26-02-14-13 Ψ矩阵条件数 cond(Ψ) = 1.70e+00
26-02-14-13 Loss=-1.987015 | E0=-1.04091323-0.00060520j | E1=-0.94610160+0.00001810j|E2=-0.94610160+0.00001810j|E3=-0.94610160+0.00001810j
26-02-14-13 #-----------------------------------------#
26-02-14-13 [Step 233] logΨ: mean=4.797-0.416j | min=1.080-2.417j | max=4.949+0.973j
26-02-14-13 梯度监控 | raw=4.5404 | per_param=0.2210 |  natural=0.0173 | clipped=0.0173(上限20.0)
26-02-14-13 原始规范坐标 G(Re Σrow_mean) = +11.0787 | 累计|g| = 8.0771
26-02-14-13 Ψ矩阵条件数 cond(Ψ) = 1.70e+00
26-02-14-13 Loss=-1.987276 | E0=-1.04118941-0.00134152j | E1=-0.94608704+0.00028856j|E2=-0.94608704+0.00028856j|E3=-0.94608704+0.00028856j
26-02-14-13 #-----------------------------------------#
26-02-14-13 [Step 234] logΨ: mean=4.887-0.415j | min=-1.054+1.117j | max=5.065+1.013j
26-02-14-13 梯度监控 | raw=4.8422 | per_param=0.2357 |  natural=0.0800 | clipped=0.0800(上限20.0)
26-02-14-13 原始规范坐标 G(Re Σrow_mean) = +11.0602 | 累计|g| = 8.0771
26-02-14-13 Ψ矩阵条件数 cond(Ψ) = 1.72e+00
26-02-14-13 Loss=-1.986702 | E0=-1.03915377+0.00002867j | E1=-0.94754839+0.00060222j|E2=-0.94754839+0.00060222j|E3=-0.94754839+0.00060222j
26-02-14-13 #-----------------------------------------#
26-02-14-13 [Step 235] logΨ: mean=4.871-0.443j | min=1.421-2.065j | max=5.007+1.032j
26-02-14-13 梯度监控 | raw=3.8566 | per_param=0.1877 |  natural=0.0234 | clipped=0.0234(上限20.0)
26-02-14-13 原始规范坐标 G(Re Σrow_mean) = +11.0824 | 累计|g| = 8.0771
26-02-14-13 Ψ矩阵条件数 cond(Ψ) = 1.75e+00
26-02-14-13 Loss=-1.991402 | E0=-1.04455019-0.00201761j | E1=-0.94685214+0.00048222j|E2=-0.94685214+0.00048222j|E3=-0.94685214+0.00048222j
26-02-14-13 #-----------------------------------------#
26-02-14-13 [Step 236] logΨ: mean=4.939-0.766j | min=0.618-2.124j | max=5.104+1.036j
26-02-14-13 梯度监控 | raw=4.3968 | per_param=0.2140 |  natural=0.0395 | clipped=0.0395(上限20.0)
26-02-14-13 原始规范坐标 G(Re Σrow_mean) = +11.1787 | 累计|g| = 8.0771
26-02-14-13 Ψ矩阵条件数 cond(Ψ) = 1.77e+00
26-02-14-13 Loss=-1.988771 | E0=-1.04210589-0.00057418j | E1=-0.94666508+0.00036714j|E2=-0.94666508+0.00036714j|E3=-0.94666508+0.00036714j
26-02-14-13 #-----------------------------------------#
26-02-14-13 [Step 237] logΨ: mean=5.045-0.491j | min=0.876-0.283j | max=5.273+1.044j
26-02-14-13 梯度监控 | raw=5.8775 | per_param=0.2861 |  natural=0.0596 | clipped=0.0596(上限20.0)
26-02-14-13 原始规范坐标 G(Re Σrow_mean) = +11.3078 | 累计|g| = 8.0771
26-02-14-13 Ψ矩阵条件数 cond(Ψ) = 5.14e+00
26-02-14-13 Loss=-1.983190 | E0=-1.03521680+0.00251249j | E1=-0.94797359+0.00036102j|E2=-0.94797359+0.00036102j|E3=-0.94797359+0.00036102j
26-02-14-13 #-----------------------------------------#
26-02-14-13 [Step 238] logΨ: mean=5.137-0.635j | min=2.130+1.165j | max=5.313+1.045j
26-02-14-13 梯度监控 | raw=4.6958 | per_param=0.2286 |  natural=0.0024 | clipped=0.0024(上限20.0)
26-02-14-13 原始规范坐标 G(Re Σrow_mean) = +11.6700 | 累计|g| = 8.0771
26-02-14-13 Ψ矩阵条件数 cond(Ψ) = 1.78e+00
26-02-14-13 Loss=-1.987833 | E0=-1.04070855+0.00044735j | E1=-0.94712456+0.00009988j|E2=-0.94712456+0.00009988j|E3=-0.94712456+0.00009988j
26-02-14-13 #-----------------------------------------#
26-02-14-13 [Step 239] logΨ: mean=5.206-0.533j | min=1.940-2.064j | max=5.304+1.054j
26-02-14-13 梯度监控 | raw=2.7845 | per_param=0.1355 |  natural=0.0124 | clipped=0.0124(上限20.0)
26-02-14-13 原始规范坐标 G(Re Σrow_mean) = +11.5733 | 累计|g| = 8.0771
26-02-14-13 Ψ矩阵条件数 cond(Ψ) = 1.79e+00
26-02-14-13 Loss=-1.994849 | E0=-1.04767771-0.00254538j | E1=-0.94717121+0.00027697j|E2=-0.94717121+0.00027697j|E3=-0.94717121+0.00027697j
26-02-14-13 #-----------------------------------------#
26-02-14-13 [保存] Step 239 → pickle 文件已更新 (240 条记录)
26-02-14-13 [GaugeReset@240] 吸收 Δg = Σ Re(col_mean) = +11.5733 | 新|g| = 8.4989
26-02-14-13 [Step 240] logΨ: mean=2.065+0.364j | min=-2.220-0.519j | max=2.322+1.668j
26-02-14-13 梯度监控 | raw=4.1633 | per_param=0.2027 |  natural=1.0487 | clipped=1.0487(上限20.0)
26-02-14-13 原始规范坐标 G(Re Σrow_mean) = +10.2923 | 累计|g| = 8.4989
26-02-14-13 Ψ矩阵条件数 cond(Ψ) = 2.07e+00
26-02-14-13 Loss=-1.999044 | E0=-1.04360922-0.00051664j | E1=-0.95543523-0.00978362j|E2=-0.95543523-0.00978362j|E3=-0.95543523-0.00978362j
26-02-14-13 #-----------------------------------------#
26-02-14-13 [Step 241] logΨ: mean=2.221+0.147j | min=-1.722+1.358j | max=2.513+1.724j
26-02-14-13 梯度监控 | raw=3.9898 | per_param=0.1942 |  natural=0.1284 | clipped=0.1284(上限20.0)
26-02-14-13 原始规范坐标 G(Re Σrow_mean) = +10.4510 | 累计|g| = 8.4989
26-02-14-13 Ψ矩阵条件数 cond(Ψ) = 2.05e+00
26-02-14-13 Loss=-1.967653 | E0=-1.03925701+0.00181989j | E1=-0.92839611-0.00049921j|E2=-0.92839611-0.00049921j|E3=-0.92839611-0.00049921j
26-02-14-13 #-----------------------------------------#
26-02-14-13 [Step 242] logΨ: mean=2.115+0.298j | min=-2.530-1.002j | max=2.413+1.837j
26-02-14-13 梯度监控 | raw=3.1866 | per_param=0.1551 |  natural=0.1955 | clipped=0.1955(上限20.0)
26-02-14-13 原始规范坐标 G(Re Σrow_mean) = +9.9890 | 累计|g| = 8.4989
26-02-14-13 Ψ矩阵条件数 cond(Ψ) = 2.11e+00
26-02-14-13 Loss=-1.993950 | E0=-1.04514738-0.00169681j | E1=-0.94880232+0.02069130j|E2=-0.94880232+0.02069130j|E3=-0.94880232+0.02069130j
26-02-14-13 #-----------------------------------------#
26-02-14-13 [Step 243] logΨ: mean=2.247+0.316j | min=-3.883-2.349j | max=2.605+1.859j
26-02-14-13 梯度监控 | raw=4.9803 | per_param=0.2424 |  natural=0.0776 | clipped=0.0776(上限20.0)
26-02-14-13 原始规范坐标 G(Re Σrow_mean) = +10.1341 | 累计|g| = 8.4989
26-02-14-13 Ψ矩阵条件数 cond(Ψ) = 4.50e+00
26-02-14-13 Loss=-1.977838 | E0=-1.03574334+0.00501232j | E1=-0.94209497+0.00779256j|E2=-0.94209497+0.00779256j|E3=-0.94209497+0.00779256j
26-02-14-13 #-----------------------------------------#
26-02-14-13 [Step 244] logΨ: mean=2.328+0.830j | min=-2.360-0.916j | max=2.542+1.974j
26-02-14-13 梯度监控 | raw=2.9745 | per_param=0.1448 |  natural=0.1401 | clipped=0.1401(上限20.0)
26-02-14-13 原始规范坐标 G(Re Σrow_mean) = +10.5211 | 累计|g| = 8.4989
26-02-14-13 Ψ矩阵条件数 cond(Ψ) = 2.15e+00
26-02-14-13 Loss=-1.979309 | E0=-1.04594146-0.00145291j | E1=-0.93336712-0.00277334j|E2=-0.93336712-0.00277334j|E3=-0.93336712-0.00277334j
26-02-14-13 #-----------------------------------------#
26-02-14-13 [Step 245] logΨ: mean=2.520+0.705j | min=-2.156-0.640j | max=2.730+2.004j
26-02-14-13 梯度监控 | raw=2.9899 | per_param=0.1455 |  natural=0.0886 | clipped=0.0886(上限20.0)
26-02-14-13 原始规范坐标 G(Re Σrow_mean) = +10.5554 | 累计|g| = 8.4989
26-02-14-13 Ψ矩阵条件数 cond(Ψ) = 2.13e+00
26-02-14-13 Loss=-1.982196 | E0=-1.04509979-0.00172967j | E1=-0.93709620-0.00064698j|E2=-0.93709620-0.00064698j|E3=-0.93709620-0.00064698j
26-02-14-13 #-----------------------------------------#
26-02-14-13 [Step 246] logΨ: mean=2.605+0.254j | min=-1.301-2.357j | max=2.875+2.033j
26-02-14-13 梯度监控 | raw=3.3642 | per_param=0.1638 |  natural=0.0842 | clipped=0.0842(上限20.0)
26-02-14-13 原始规范坐标 G(Re Σrow_mean) = +10.4315 | 累计|g| = 8.4989
26-02-14-13 Ψ矩阵条件数 cond(Ψ) = 2.10e+00
26-02-14-13 Loss=-1.986234 | E0=-1.04285526-0.00022293j | E1=-0.94337872+0.00790440j|E2=-0.94337872+0.00790440j|E3=-0.94337872+0.00790440j
26-02-14-13 #-----------------------------------------#
26-02-14-13 [Step 247] logΨ: mean=2.614+0.008j | min=-2.259-0.703j | max=2.869+2.044j
26-02-14-13 梯度监控 | raw=3.2254 | per_param=0.1570 |  natural=0.1009 | clipped=0.1009(上限20.0)
26-02-14-13 原始规范坐标 G(Re Σrow_mean) = +10.5027 | 累计|g| = 8.4989
26-02-14-13 Ψ矩阵条件数 cond(Ψ) = 2.09e+00
26-02-14-13 Loss=-1.987270 | E0=-1.04367966-0.00013053j | E1=-0.94359021+0.00404639j|E2=-0.94359021+0.00404639j|E3=-0.94359021+0.00404639j
26-02-14-13 #-----------------------------------------#
26-02-14-13 [Step 248] logΨ: mean=2.755+0.539j | min=-3.513+1.839j | max=3.157+2.014j
26-02-14-13 梯度监控 | raw=5.0060 | per_param=0.2437 |  natural=0.1328 | clipped=0.1328(上限20.0)
26-02-14-13 原始规范坐标 G(Re Σrow_mean) = +10.4662 | 累计|g| = 8.4989
26-02-14-13 Ψ矩阵条件数 cond(Ψ) = 2.10e+00
26-02-14-13 Loss=-1.970678 | E0=-1.03370924+0.00768996j | E1=-0.93696887-0.00038453j|E2=-0.93696887-0.00038453j|E3=-0.93696887-0.00038453j
26-02-14-13 #-----------------------------------------#
26-02-14-13 [Step 249] logΨ: mean=2.890+0.652j | min=-1.132+2.346j | max=3.243+2.035j
26-02-14-13 梯度监控 | raw=3.7349 | per_param=0.1818 |  natural=0.0692 | clipped=0.0692(上限20.0)
26-02-14-13 原始规范坐标 G(Re Σrow_mean) = +10.1634 | 累计|g| = 8.4989
26-02-14-13 Ψ矩阵条件数 cond(Ψ) = 2.07e+00
26-02-14-13 Loss=-1.998864 | E0=-1.04052659+0.00280145j | E1=-0.95833750+0.02224957j|E2=-0.95833750+0.02224957j|E3=-0.95833750+0.02224957j
26-02-14-13 #-----------------------------------------#
26-02-14-13 [GaugeReset@250] 吸收 Δg = Σ Re(col_mean) = +10.1634 | 新|g| = 7.8423
26-02-14-13 [Step 250] logΨ: mean=4.404-1.245j | min=-0.611-2.647j | max=4.576+0.290j
26-02-14-13 梯度监控 | raw=2.2082 | per_param=0.1075 |  natural=0.1511 | clipped=0.1511(上限20.0)
26-02-14-13 原始规范坐标 G(Re Σrow_mean) = +10.6485 | 累计|g| = 7.8423
26-02-14-13 Ψ矩阵条件数 cond(Ψ) = 1.97e+00
26-02-14-13 Loss=-1.996443 | E0=-1.04936520-0.00360720j | E1=-0.94707790+0.00838839j|E2=-0.94707790+0.00838839j|E3=-0.94707790+0.00838839j
26-02-14-13 #-----------------------------------------#
26-02-14-13 [Step 251] logΨ: mean=4.428-1.260j | min=0.314+0.542j | max=4.626+0.297j
26-02-14-13 梯度监控 | raw=2.7652 | per_param=0.1346 |  natural=0.0195 | clipped=0.0195(上限20.0)
26-02-14-13 原始规范坐标 G(Re Σrow_mean) = +10.5916 | 累计|g| = 7.8423
26-02-14-13 Ψ矩阵条件数 cond(Ψ) = 1.96e+00
26-02-14-13 Loss=-1.994859 | E0=-1.04630401-0.00186038j | E1=-0.94855453+0.00802514j|E2=-0.94855453+0.00802514j|E3=-0.94855453+0.00802514j
26-02-14-13 #-----------------------------------------#
26-02-14-13 [Step 252] logΨ: mean=4.569-1.365j | min=0.808-0.380j | max=4.703+0.330j
26-02-14-13 梯度监控 | raw=2.1552 | per_param=0.1049 |  natural=0.0414 | clipped=0.0414(上限20.0)
26-02-14-13 原始规范坐标 G(Re Σrow_mean) = +10.8237 | 累计|g| = 7.8423
26-02-14-13 Ψ矩阵条件数 cond(Ψ) = 1.95e+00
26-02-14-13 Loss=-1.994714 | E0=-1.04915765-0.00434187j | E1=-0.94555668+0.00481193j|E2=-0.94555668+0.00481193j|E3=-0.94555668+0.00481193j
26-02-14-13 #-----------------------------------------#
26-02-14-13 [Step 253] logΨ: mean=4.833-1.187j | min=0.413-2.667j | max=4.940+0.354j
26-02-14-13 梯度监控 | raw=2.0833 | per_param=0.1014 |  natural=0.0404 | clipped=0.0404(上限20.0)
26-02-14-13 原始规范坐标 G(Re Σrow_mean) = +11.0807 | 累计|g| = 7.8423
26-02-14-13 Ψ矩阵条件数 cond(Ψ) = 1.93e+00
26-02-14-13 Loss=-1.990597 | E0=-1.04882107-0.00466222j | E1=-0.94177576+0.00048044j|E2=-0.94177576+0.00048044j|E3=-0.94177576+0.00048044j
26-02-14-13 #-----------------------------------------#
26-02-14-13 [Step 254] logΨ: mean=4.714-1.193j | min=-0.234-3.129j | max=4.855+0.327j
26-02-14-13 梯度监控 | raw=2.3427 | per_param=0.1140 |  natural=0.1504 | clipped=0.1504(上限20.0)
26-02-14-13 原始规范坐标 G(Re Σrow_mean) = +10.9334 | 累计|g| = 7.8423
26-02-14-13 Ψ矩阵条件数 cond(Ψ) = 1.93e+00
26-02-14-13 Loss=-1.993461 | E0=-1.04856876-0.00357479j | E1=-0.94489271+0.00261445j|E2=-0.94489271+0.00261445j|E3=-0.94489271+0.00261445j
26-02-14-13 #-----------------------------------------#
26-02-14-13 [Step 255] logΨ: mean=4.672-1.127j | min=0.501-2.505j | max=4.840+0.356j
26-02-14-13 梯度监控 | raw=2.3524 | per_param=0.1145 |  natural=0.0096 | clipped=0.0096(上限20.0)
26-02-14-13 原始规范坐标 G(Re Σrow_mean) = +10.7879 | 累计|g| = 7.8423
26-02-14-13 Ψ矩阵条件数 cond(Ψ) = 1.93e+00
26-02-14-13 Loss=-1.993947 | E0=-1.04691768-0.00209525j | E1=-0.94702973+0.00508623j|E2=-0.94702973+0.00508623j|E3=-0.94702973+0.00508623j
26-02-14-13 #-----------------------------------------#
26-02-14-13 [Step 256] logΨ: mean=4.660-1.075j | min=-0.199+0.001j | max=4.835+0.357j
26-02-14-13 梯度监控 | raw=2.4977 | per_param=0.1216 |  natural=0.0761 | clipped=0.0761(上限20.0)
26-02-14-13 原始规范坐标 G(Re Σrow_mean) = +10.9947 | 累计|g| = 7.8423
26-02-14-13 Ψ矩阵条件数 cond(Ψ) = 1.92e+00
26-02-14-13 Loss=-1.985631 | E0=-1.04553810-0.00067139j | E1=-0.94009270-0.00504735j|E2=-0.94009270-0.00504735j|E3=-0.94009270-0.00504735j
26-02-14-13 #-----------------------------------------#
26-02-14-13 [Step 257] logΨ: mean=4.765-1.117j | min=0.787+1.135j | max=4.911+0.364j
26-02-14-13 梯度监控 | raw=2.0502 | per_param=0.0998 |  natural=0.0346 | clipped=0.0346(上限20.0)
26-02-14-13 原始规范坐标 G(Re Σrow_mean) = +11.1238 | 累计|g| = 7.8423
26-02-14-13 Ψ矩阵条件数 cond(Ψ) = 1.52e+00
26-02-14-13 Loss=-1.984380 | E0=-1.04623313-0.00124621j | E1=-0.93814717-0.00672029j|E2=-0.93814717-0.00672029j|E3=-0.93814717-0.00672029j
26-02-14-13 #-----------------------------------------#
26-02-14-13 [Step 258] logΨ: mean=4.927-0.952j | min=0.510-2.634j | max=5.112+0.385j
26-02-14-13 梯度监控 | raw=2.1477 | per_param=0.1045 |  natural=0.0553 | clipped=0.0553(上限20.0)
26-02-14-13 原始规范坐标 G(Re Σrow_mean) = +11.2606 | 累计|g| = 7.8423
26-02-14-13 Ψ矩阵条件数 cond(Ψ) = 1.51e+00
26-02-14-13 Loss=-1.979508 | E0=-1.04430898+0.00030762j | E1=-0.93519869-0.00988145j|E2=-0.93519869-0.00988145j|E3=-0.93519869-0.00988145j
26-02-14-13 #-----------------------------------------#
26-02-14-13 [Step 259] logΨ: mean=4.964-0.774j | min=2.483-2.725j | max=5.113+0.391j
26-02-14-13 梯度监控 | raw=2.1088 | per_param=0.1027 |  natural=0.0014 | clipped=0.0014(上限20.0)
26-02-14-13 原始规范坐标 G(Re Σrow_mean) = +11.2132 | 累计|g| = 7.8423
26-02-14-13 Ψ矩阵条件数 cond(Ψ) = 1.51e+00
26-02-14-13 Loss=-1.985351 | E0=-1.04599044-0.00082861j | E1=-0.93936034-0.00604646j|E2=-0.93936034-0.00604646j|E3=-0.93936034-0.00604646j
26-02-14-13 #-----------------------------------------#
26-02-14-13 [保存] Step 259 → pickle 文件已更新 (260 条记录)
26-02-14-13 [GaugeReset@260] 吸收 Δg = Σ Re(col_mean) = +11.2132 | 新|g| = 8.2410
26-02-14-13 [Step 260] logΨ: mean=4.051+0.265j | min=-1.617+0.884j | max=4.187+2.238j
26-02-14-13 梯度监控 | raw=2.0250 | per_param=0.0986 |  natural=0.0532 | clipped=0.0532(上限20.0)
26-02-14-13 原始规范坐标 G(Re Σrow_mean) = +11.1724 | 累计|g| = 8.2410
26-02-14-13 Ψ矩阵条件数 cond(Ψ) = 1.42e+00
26-02-14-13 Loss=-1.989988 | E0=-1.04732789-0.00226457j | E1=-0.94266051+0.00056720j|E2=-0.94266051+0.00056720j|E3=-0.94266051+0.00056720j
26-02-14-13 #-----------------------------------------#
26-02-14-13 [Step 261] logΨ: mean=3.985+0.479j | min=0.464+2.445j | max=4.217+2.249j
26-02-14-13 梯度监控 | raw=2.3011 | per_param=0.1120 |  natural=0.0058 | clipped=0.0058(上限20.0)
26-02-14-13 原始规范坐标 G(Re Σrow_mean) = +10.7844 | 累计|g| = 8.2410
26-02-14-13 Ψ矩阵条件数 cond(Ψ) = 2.00e+00
26-02-14-13 Loss=-1.996319 | E0=-1.04545081-0.00049413j | E1=-0.95086841+0.00901495j|E2=-0.95086841+0.00901495j|E3=-0.95086841+0.00901495j
26-02-14-13 #-----------------------------------------#
26-02-14-13 [Step 262] logΨ: mean=4.084+0.393j | min=-0.063-0.210j | max=4.347+2.253j
26-02-14-13 梯度监控 | raw=2.4059 | per_param=0.1171 |  natural=0.0400 | clipped=0.0400(上限20.0)
26-02-14-13 原始规范坐标 G(Re Σrow_mean) = +10.6667 | 累计|g| = 8.2410
26-02-14-13 Ψ矩阵条件数 cond(Ψ) = 1.99e+00
26-02-14-13 Loss=-1.996948 | E0=-1.04467154+0.00028421j | E1=-0.95227613+0.01258487j|E2=-0.95227613+0.01258487j|E3=-0.95227613+0.01258487j
26-02-14-13 #-----------------------------------------#
26-02-14-13 [Step 263] logΨ: mean=4.208+0.437j | min=-0.013+1.474j | max=4.487+2.271j
26-02-14-13 梯度监控 | raw=2.5437 | per_param=0.1238 |  natural=0.0376 | clipped=0.0376(上限20.0)
26-02-14-13 原始规范坐标 G(Re Σrow_mean) = +10.7659 | 累计|g| = 8.2410
26-02-14-13 Ψ矩阵条件数 cond(Ψ) = 1.98e+00
26-02-14-13 Loss=-1.994758 | E0=-1.04387577+0.00127489j | E1=-0.95088175+0.00942348j|E2=-0.95088175+0.00942348j|E3=-0.95088175+0.00942348j
26-02-14-13 #-----------------------------------------#
26-02-14-13 [Step 264] logΨ: mean=4.296+0.472j | min=0.292-0.745j | max=4.520+2.277j
26-02-14-13 梯度监控 | raw=2.3898 | per_param=0.1163 |  natural=0.0043 | clipped=0.0043(上限20.0)
26-02-14-13 原始规范坐标 G(Re Σrow_mean) = +10.9396 | 累计|g| = 8.2410
26-02-14-13 Ψ矩阵条件数 cond(Ψ) = 1.42e+00
26-02-14-13 Loss=-1.994549 | E0=-1.04479638+0.00035518j | E1=-0.94975223+0.00680220j|E2=-0.94975223+0.00680220j|E3=-0.94975223+0.00680220j
26-02-14-13 #-----------------------------------------#
26-02-14-13 [Step 265] logΨ: mean=4.284+0.616j | min=1.435+2.337j | max=4.516+2.285j
26-02-14-13 梯度监控 | raw=2.3404 | per_param=0.1139 |  natural=0.0022 | clipped=0.0022(上限20.0)
26-02-14-13 原始规范坐标 G(Re Σrow_mean) = +10.9361 | 累计|g| = 8.2410
26-02-14-13 Ψ矩阵条件数 cond(Ψ) = 1.33e+00
26-02-14-13 Loss=-1.993952 | E0=-1.04483653+0.00050237j | E1=-0.94911596+0.00614942j|E2=-0.94911596+0.00614942j|E3=-0.94911596+0.00614942j
26-02-14-13 #-----------------------------------------#
26-02-14-13 [Step 266] logΨ: mean=4.408+0.756j | min=0.065-1.659j | max=4.660+2.302j
26-02-14-13 梯度监控 | raw=2.4881 | per_param=0.1211 |  natural=0.0364 | clipped=0.0364(上限20.0)
26-02-14-13 原始规范坐标 G(Re Σrow_mean) = +11.0492 | 累计|g| = 8.2410
26-02-14-13 Ψ矩阵条件数 cond(Ψ) = 1.42e+00
26-02-14-13 Loss=-1.991248 | E0=-1.04410568+0.00102082j | E1=-0.94714242+0.00369840j|E2=-0.94714242+0.00369840j|E3=-0.94714242+0.00369840j
26-02-14-13 #-----------------------------------------#
26-02-14-13 [Step 267] logΨ: mean=4.668+0.867j | min=-1.018-1.388j | max=4.766+2.307j
26-02-14-13 梯度监控 | raw=2.0254 | per_param=0.0986 |  natural=0.0342 | clipped=0.0342(上限20.0)
26-02-14-13 原始规范坐标 G(Re Σrow_mean) = +11.4888 | 累计|g| = 8.2410
26-02-14-13 Ψ矩阵条件数 cond(Ψ) = 1.41e+00
26-02-14-13 Loss=-1.992226 | E0=-1.04711591-0.00189069j | E1=-0.94511049+0.00059753j|E2=-0.94511049+0.00059753j|E3=-0.94511049+0.00059753j
26-02-14-13 #-----------------------------------------#
26-02-14-13 [Step 268] logΨ: mean=4.740+0.902j | min=-0.260+0.814j | max=4.873+2.316j
26-02-14-13 梯度监控 | raw=2.0585 | per_param=0.1002 |  natural=0.0324 | clipped=0.0324(上限20.0)
26-02-14-13 原始规范坐标 G(Re Σrow_mean) = +11.5143 | 累计|g| = 8.2410
26-02-14-13 Ψ矩阵条件数 cond(Ψ) = 1.41e+00
26-02-14-13 Loss=-1.990336 | E0=-1.04646178-0.00114775j | E1=-0.94387391-0.00021276j|E2=-0.94387391-0.00021276j|E3=-0.94387391-0.00021276j
26-02-14-13 #-----------------------------------------#
26-02-14-13 [Step 269] logΨ: mean=4.838+0.964j | min=0.147-1.627j | max=5.074+2.334j
26-02-14-13 梯度监控 | raw=2.3613 | per_param=0.1149 |  natural=0.0350 | clipped=0.0350(上限20.0)
26-02-14-13 原始规范坐标 G(Re Σrow_mean) = +11.4430 | 累计|g| = 8.2410
26-02-14-13 Ψ矩阵条件数 cond(Ψ) = 1.41e+00
26-02-14-13 Loss=-1.988817 | E0=-1.04441387+0.00055026j | E1=-0.94440296-0.00021061j|E2=-0.94440296-0.00021061j|E3=-0.94440296-0.00021061j
26-02-14-13 #-----------------------------------------#
26-02-14-13 [GaugeReset@270] 吸收 Δg = Σ Re(col_mean) = +11.4430 | 新|g| = 8.4577
26-02-14-13 [Step 270] logΨ: mean=4.794+1.433j | min=-0.087-1.257j | max=4.964+2.711j
26-02-14-13 梯度监控 | raw=2.2265 | per_param=0.1084 |  natural=0.0311 | clipped=0.0311(上限20.0)
26-02-14-13 原始规范坐标 G(Re Σrow_mean) = +11.5974 | 累计|g| = 8.4577
26-02-14-13 Ψ矩阵条件数 cond(Ψ) = 1.40e+00
26-02-14-13 Loss=-1.990487 | E0=-1.04576195-0.00038049j | E1=-0.94472493+0.00012323j|E2=-0.94472493+0.00012323j|E3=-0.94472493+0.00012323j
26-02-14-13 #-----------------------------------------#
26-02-14-13 [Step 271] logΨ: mean=4.907+1.589j | min=1.005+2.889j | max=5.003+2.713j
26-02-14-13 梯度监控 | raw=2.1291 | per_param=0.1036 |  natural=0.0024 | clipped=0.0024(上限20.0)
26-02-14-13 原始规范坐标 G(Re Σrow_mean) = +11.7080 | 累计|g| = 8.4577
26-02-14-13 Ψ矩阵条件数 cond(Ψ) = 1.40e+00
26-02-14-13 Loss=-1.993428 | E0=-1.04699865-0.00203567j | E1=-0.94642914+0.00217181j|E2=-0.94642914+0.00217181j|E3=-0.94642914+0.00217181j
26-02-14-13 #-----------------------------------------#
26-02-14-13 [Step 272] logΨ: mean=4.821+1.429j | min=1.597+2.825j | max=4.999+2.718j
26-02-14-13 梯度监控 | raw=2.2268 | per_param=0.1084 |  natural=0.0008 | clipped=0.0008(上限20.0)
26-02-14-13 原始规范坐标 G(Re Σrow_mean) = +11.5071 | 累计|g| = 8.4577
26-02-14-13 Ψ矩阵条件数 cond(Ψ) = 1.40e+00
26-02-14-13 Loss=-1.992340 | E0=-1.04560872-0.00022370j | E1=-0.94673166+0.00218310j|E2=-0.94673166+0.00218310j|E3=-0.94673166+0.00218310j
26-02-14-13 #-----------------------------------------#
26-02-14-13 [Step 273] logΨ: mean=4.777+1.769j | min=1.965-0.401j | max=4.995+2.722j
26-02-14-13 梯度监控 | raw=2.2578 | per_param=0.1099 |  natural=0.0007 | clipped=0.0007(上限20.0)
26-02-14-13 原始规范坐标 G(Re Σrow_mean) = +11.4301 | 累计|g| = 8.4577
26-02-14-13 Ψ矩阵条件数 cond(Ψ) = 1.40e+00
26-02-14-13 Loss=-1.992159 | E0=-1.04525102+0.00028794j | E1=-0.94690819+0.00228586j|E2=-0.94690819+0.00228586j|E3=-0.94690819+0.00228586j
26-02-14-13 #-----------------------------------------#
26-02-14-13 [Step 274] logΨ: mean=4.800+1.766j | min=0.854+2.774j | max=5.034+2.722j
26-02-14-13 梯度监控 | raw=2.2206 | per_param=0.1081 |  natural=0.0033 | clipped=0.0033(上限20.0)
26-02-14-13 原始规范坐标 G(Re Σrow_mean) = +11.4133 | 累计|g| = 8.4577
26-02-14-13 Ψ矩阵条件数 cond(Ψ) = 1.41e+00
26-02-14-13 Loss=-1.991619 | E0=-1.04474612+0.00063074j | E1=-0.94687274+0.00196930j|E2=-0.94687274+0.00196930j|E3=-0.94687274+0.00196930j
26-02-14-13 #-----------------------------------------#
26-02-14-13 [Step 275] logΨ: mean=4.806+1.332j | min=1.626+2.816j | max=5.032+2.725j
26-02-14-13 梯度监控 | raw=2.1014 | per_param=0.1023 |  natural=0.0005 | clipped=0.0005(上限20.0)
26-02-14-13 原始规范坐标 G(Re Σrow_mean) = +11.3883 | 累计|g| = 8.4577
26-02-14-13 Ψ矩阵条件数 cond(Ψ) = 1.41e+00
26-02-14-13 Loss=-1.992687 | E0=-1.04513081+0.00046393j | E1=-0.94755586+0.00287389j|E2=-0.94755586+0.00287389j|E3=-0.94755586+0.00287389j
26-02-14-13 #-----------------------------------------#
26-02-14-13 [Step 276] logΨ: mean=4.936+1.220j | min=0.194+2.701j | max=5.165+2.734j
26-02-14-13 梯度监控 | raw=2.1827 | per_param=0.1062 |  natural=0.0096 | clipped=0.0096(上限20.0)
26-02-14-13 原始规范坐标 G(Re Σrow_mean) = +11.5014 | 累计|g| = 8.4577
26-02-14-13 Ψ矩阵条件数 cond(Ψ) = 1.41e+00
26-02-14-13 Loss=-1.991304 | E0=-1.04471493+0.00048956j | E1=-0.94658941+0.00154520j|E2=-0.94658941+0.00154520j|E3=-0.94658941+0.00154520j
26-02-14-13 #-----------------------------------------#
26-02-14-13 [Step 277] logΨ: mean=4.874+1.029j | min=2.149-0.397j | max=5.163+2.736j
26-02-14-13 梯度监控 | raw=2.4199 | per_param=0.1178 |  natural=0.0004 | clipped=0.0004(上限20.0)
26-02-14-13 原始规范坐标 G(Re Σrow_mean) = +11.3634 | 累计|g| = 8.4577
26-02-14-13 Ψ矩阵条件数 cond(Ψ) = 1.41e+00
26-02-14-13 Loss=-1.990977 | E0=-1.04418742+0.00150900j | E1=-0.94679005+0.00147658j|E2=-0.94679005+0.00147658j|E3=-0.94679005+0.00147658j
26-02-14-13 #-----------------------------------------#
26-02-14-13 [Step 278] logΨ: mean=4.920+1.046j | min=2.150-0.396j | max=5.162+2.739j
26-02-14-13 梯度监控 | raw=2.0648 | per_param=0.1005 |  natural=0.0004 | clipped=0.0004(上限20.0)
26-02-14-13 原始规范坐标 G(Re Σrow_mean) = +11.4025 | 累计|g| = 8.4577
26-02-14-13 Ψ矩阵条件数 cond(Ψ) = 1.41e+00
26-02-14-13 Loss=-1.993011 | E0=-1.04507259+0.00054620j | E1=-0.94793795+0.00311336j|E2=-0.94793795+0.00311336j|E3=-0.94793795+0.00311336j
26-02-14-13 #-----------------------------------------#
26-02-14-13 [Step 279] logΨ: mean=5.022+1.287j | min=2.151-0.395j | max=5.160+2.741j
26-02-14-13 梯度监控 | raw=1.6931 | per_param=0.0824 |  natural=0.0003 | clipped=0.0003(上限20.0)
26-02-14-13 原始规范坐标 G(Re Σrow_mean) = +11.5495 | 累计|g| = 8.4577
26-02-14-13 Ψ矩阵条件数 cond(Ψ) = 1.41e+00
26-02-14-13 Loss=-1.994802 | E0=-1.04615243-0.00079025j | E1=-0.94864963+0.00402811j|E2=-0.94864963+0.00402811j|E3=-0.94864963+0.00402811j
26-02-14-13 #-----------------------------------------#
26-02-14-13 [保存] Step 279 → pickle 文件已更新 (280 条记录)
26-02-14-13 [GaugeReset@280] 吸收 Δg = Σ Re(col_mean) = +11.5495 | 新|g| = 8.5773
26-02-14-13 [Step 280] logΨ: mean=4.909+1.330j | min=2.046-0.138j | max=5.053+3.000j
26-02-14-13 梯度监控 | raw=1.6851 | per_param=0.0820 |  natural=0.0003 | clipped=0.0003(上限20.0)
26-02-14-13 原始规范坐标 G(Re Σrow_mean) = +11.5496 | 累计|g| = 8.5773
26-02-14-13 Ψ矩阵条件数 cond(Ψ) = 1.50e+00
26-02-14-13 Loss=-1.994345 | E0=-1.04597752-0.00058430j | E1=-0.94836705+0.00345946j|E2=-0.94836705+0.00345946j|E3=-0.94836705+0.00345946j
26-02-14-13 #-----------------------------------------#
26-02-14-13 [Step 281] logΨ: mean=4.913+1.290j | min=2.047-0.137j | max=5.052+3.002j
26-02-14-13 梯度监控 | raw=1.6639 | per_param=0.0810 |  natural=0.0003 | clipped=0.0003(上限20.0)
26-02-14-13 原始规范坐标 G(Re Σrow_mean) = +11.5607 | 累计|g| = 8.5773
26-02-14-13 Ψ矩阵条件数 cond(Ψ) = 1.50e+00
26-02-14-13 Loss=-1.993981 | E0=-1.04587628-0.00046101j | E1=-0.94810429+0.00302212j|E2=-0.94810429+0.00302212j|E3=-0.94810429+0.00302212j
26-02-14-13 #-----------------------------------------#
26-02-14-13 [Step 282] logΨ: mean=4.973+1.364j | min=0.909+3.136j | max=5.093+3.001j
26-02-14-13 梯度监控 | raw=1.5461 | per_param=0.0753 |  natural=0.0028 | clipped=0.0028(上限20.0)
26-02-14-13 原始规范坐标 G(Re Σrow_mean) = +11.6017 | 累计|g| = 8.5773
26-02-14-13 Ψ矩阵条件数 cond(Ψ) = 1.50e+00
26-02-14-13 Loss=-1.994528 | E0=-1.04603187-0.00077530j | E1=-0.94849589+0.00352104j|E2=-0.94849589+0.00352104j|E3=-0.94849589+0.00352104j
26-02-14-13 #-----------------------------------------#
26-02-14-13 [Step 283] logΨ: mean=5.024+1.482j | min=2.090-0.138j | max=5.092+3.002j
26-02-14-13 梯度监控 | raw=1.5066 | per_param=0.0733 |  natural=0.0002 | clipped=0.0002(上限20.0)
26-02-14-13 原始规范坐标 G(Re Σrow_mean) = +11.7298 | 累计|g| = 8.5773
26-02-14-13 Ψ矩阵条件数 cond(Ψ) = 1.51e+00
26-02-14-13 Loss=-1.994558 | E0=-1.04651862-0.00119447j | E1=-0.94803940+0.00277519j|E2=-0.94803940+0.00277519j|E3=-0.94803940+0.00277519j
26-02-14-13 #-----------------------------------------#
26-02-14-14 [Step 284] logΨ: mean=4.998+1.557j | min=2.090-0.137j | max=5.091+3.003j
26-02-14-14 梯度监控 | raw=1.4924 | per_param=0.0727 |  natural=0.0002 | clipped=0.0002(上限20.0)
26-02-14-14 原始规范坐标 G(Re Σrow_mean) = +11.6751 | 累计|g| = 8.5773
26-02-14-14 Ψ矩阵条件数 cond(Ψ) = 1.51e+00
26-02-14-14 Loss=-1.994325 | E0=-1.04626734-0.00089944j | E1=-0.94805736+0.00267753j|E2=-0.94805736+0.00267753j|E3=-0.94805736+0.00267753j
26-02-14-14 #-----------------------------------------#
26-02-14-14 [Step 285] logΨ: mean=4.961+1.540j | min=1.679+3.060j | max=5.090+3.005j
26-02-14-14 梯度监控 | raw=1.5837 | per_param=0.0771 |  natural=0.0002 | clipped=0.0002(上限20.0)
26-02-14-14 原始规范坐标 G(Re Σrow_mean) = +11.6574 | 累计|g| = 8.5773
26-02-14-14 Ψ矩阵条件数 cond(Ψ) = 1.51e+00
26-02-14-14 Loss=-1.993174 | E0=-1.04584573-0.00039443j | E1=-0.94732815+0.00150205j|E2=-0.94732815+0.00150205j|E3=-0.94732815+0.00150205j
26-02-14-14 #-----------------------------------------#
26-02-14-14 [Step 286] logΨ: mean=4.952+1.616j | min=0.914-0.012j | max=5.132+3.004j
26-02-14-14 梯度监控 | raw=1.5188 | per_param=0.0739 |  natural=0.0027 | clipped=0.0027(上限20.0)
26-02-14-14 原始规范坐标 G(Re Σrow_mean) = +11.6768 | 累计|g| = 8.5773
26-02-14-14 Ψ矩阵条件数 cond(Ψ) = 1.51e+00
26-02-14-14 Loss=-1.991387 | E0=-1.04515943+0.00012045j | E1=-0.94622773-0.00018769j|E2=-0.94622773-0.00018769j|E3=-0.94622773-0.00018769j
26-02-14-14 #-----------------------------------------#
26-02-14-14 [Step 287] logΨ: mean=4.917+1.592j | min=0.083+2.978j | max=5.267+3.009j
26-02-14-14 梯度监控 | raw=1.7822 | per_param=0.0868 |  natural=0.0085 | clipped=0.0085(上限20.0)
26-02-14-14 原始规范坐标 G(Re Σrow_mean) = +11.3768 | 累计|g| = 8.5773
26-02-14-14 Ψ矩阵条件数 cond(Ψ) = 1.52e+00
26-02-14-14 Loss=-1.990562 | E0=-1.04391992+0.00150119j | E1=-0.94664207+0.00045897j|E2=-0.94664207+0.00045897j|E3=-0.94664207+0.00045897j
26-02-14-14 #-----------------------------------------#
26-02-14-14 [Step 288] logΨ: mean=5.101+1.677j | min=0.278+0.362j | max=5.304+3.009j
26-02-14-14 梯度监控 | raw=1.5790 | per_param=0.0769 |  natural=0.0089 | clipped=0.0089(上限20.0)
26-02-14-14 原始规范坐标 G(Re Σrow_mean) = +11.6431 | 累计|g| = 8.5773
26-02-14-14 Ψ矩阵条件数 cond(Ψ) = 1.51e+00
26-02-14-14 Loss=-1.992124 | E0=-1.04523456+0.00033400j | E1=-0.94688930+0.00086086j|E2=-0.94688930+0.00086086j|E3=-0.94688930+0.00086086j
26-02-14-14 #-----------------------------------------#
26-02-14-14 [Step 289] logΨ: mean=5.252+1.433j | min=0.238-0.977j | max=5.429+3.025j
26-02-14-14 梯度监控 | raw=1.4279 | per_param=0.0695 |  natural=0.0289 | clipped=0.0289(上限20.0)
26-02-14-14 原始规范坐标 G(Re Σrow_mean) = +11.8269 | 累计|g| = 8.5773
26-02-14-14 Ψ矩阵条件数 cond(Ψ) = 1.49e+00
26-02-14-14 Loss=-1.991406 | E0=-1.04545572+0.00007942j | E1=-0.94595020-0.00006256j|E2=-0.94595020-0.00006256j|E3=-0.94595020-0.00006256j
26-02-14-14 #-----------------------------------------#
26-02-14-14 [GaugeReset@290] 吸收 Δg = Σ Re(col_mean) = +11.8269 | 新|g| = 8.7195
26-02-14-14 [Step 290] logΨ: mean=5.101+1.127j | min=-0.043+1.926j | max=5.280+2.791j
26-02-14-14 梯度监控 | raw=1.4494 | per_param=0.0706 |  natural=0.0271 | clipped=0.0271(上限20.0)
26-02-14-14 原始规范坐标 G(Re Σrow_mean) = +11.9003 | 累计|g| = 8.7195
26-02-14-14 Ψ矩阵条件数 cond(Ψ) = 1.39e+00
26-02-14-14 Loss=-1.991356 | E0=-1.04547487+0.00005791j | E1=-0.94588127-0.00013865j|E2=-0.94588127-0.00013865j|E3=-0.94588127-0.00013865j
26-02-14-14 #-----------------------------------------#
26-02-14-14 [Step 291] logΨ: mean=5.127+1.145j | min=2.271-0.348j | max=5.279+2.792j
26-02-14-14 梯度监控 | raw=1.4438 | per_param=0.0703 |  natural=0.0002 | clipped=0.0002(上限20.0)
26-02-14-14 原始规范坐标 G(Re Σrow_mean) = +11.9697 | 累计|g| = 8.7195
26-02-14-14 Ψ矩阵条件数 cond(Ψ) = 1.39e+00
26-02-14-14 Loss=-1.991607 | E0=-1.04557995-0.00005972j | E1=-0.94602722-0.00064803j|E2=-0.94602722-0.00064803j|E3=-0.94602722-0.00064803j
26-02-14-14 #-----------------------------------------#
26-02-14-14 [Step 292] logΨ: mean=5.299+0.813j | min=0.094+2.762j | max=5.387+2.796j
26-02-14-14 梯度监控 | raw=1.3743 | per_param=0.0669 |  natural=0.0186 | clipped=0.0186(上限20.0)
26-02-14-14 原始规范坐标 G(Re Σrow_mean) = +12.1668 | 累计|g| = 8.7195
26-02-14-14 Ψ矩阵条件数 cond(Ψ) = 1.40e+00
26-02-14-14 Loss=-1.991506 | E0=-1.04550002-0.00052728j | E1=-0.94600573-0.00064340j|E2=-0.94600573-0.00064340j|E3=-0.94600573-0.00064340j
26-02-14-14 #-----------------------------------------#
26-02-14-14 [Step 293] logΨ: mean=5.271+0.668j | min=2.382-0.344j | max=5.387+2.797j
26-02-14-14 梯度监控 | raw=1.3287 | per_param=0.0647 |  natural=0.0002 | clipped=0.0002(上限20.0)
26-02-14-14 原始规范坐标 G(Re Σrow_mean) = +12.1026 | 累计|g| = 8.7195
26-02-14-14 Ψ矩阵条件数 cond(Ψ) = 1.40e+00
26-02-14-14 Loss=-1.991896 | E0=-1.04577405-0.00028581j | E1=-0.94612198-0.00064067j|E2=-0.94612198-0.00064067j|E3=-0.94612198-0.00064067j
26-02-14-14 #-----------------------------------------#
26-02-14-14 [Step 294] logΨ: mean=5.270+0.668j | min=2.383-0.344j | max=5.386+2.798j
26-02-14-14 梯度监控 | raw=1.2887 | per_param=0.0627 |  natural=0.0002 | clipped=0.0002(上限20.0)
26-02-14-14 原始规范坐标 G(Re Σrow_mean) = +12.1014 | 累计|g| = 8.7195
26-02-14-14 Ψ矩阵条件数 cond(Ψ) = 1.40e+00
26-02-14-14 Loss=-1.991917 | E0=-1.04576312-0.00027095j | E1=-0.94615434-0.00064180j|E2=-0.94615434-0.00064180j|E3=-0.94615434-0.00064180j
26-02-14-14 #-----------------------------------------#
26-02-14-14 [Step 295] logΨ: mean=5.268+0.669j | min=2.384-0.343j | max=5.386+2.799j
26-02-14-14 梯度监控 | raw=1.2490 | per_param=0.0608 |  natural=0.0001 | clipped=0.0001(上限20.0)
26-02-14-14 原始规范坐标 G(Re Σrow_mean) = +12.1006 | 累计|g| = 8.7195
26-02-14-14 Ψ矩阵条件数 cond(Ψ) = 1.40e+00
26-02-14-14 Loss=-1.991920 | E0=-1.04575422-0.00026050j | E1=-0.94616587-0.00063197j|E2=-0.94616587-0.00063197j|E3=-0.94616587-0.00063197j
26-02-14-14 #-----------------------------------------#
26-02-14-14 [Step 296] logΨ: mean=5.380+0.775j | min=0.162-1.057j | max=5.521+2.795j
26-02-14-14 梯度监控 | raw=1.2459 | per_param=0.0606 |  natural=0.0273 | clipped=0.0273(上限20.0)
26-02-14-14 原始规范坐标 G(Re Σrow_mean) = +12.1112 | 累计|g| = 8.7195
26-02-14-14 Ψ矩阵条件数 cond(Ψ) = 1.38e+00
26-02-14-14 Loss=-1.991158 | E0=-1.04572199-0.00014797j | E1=-0.94543587-0.00038824j|E2=-0.94543587-0.00038824j|E3=-0.94543587-0.00038824j
26-02-14-14 #-----------------------------------------#
26-02-14-14 [Step 297] logΨ: mean=5.461+1.064j | min=2.520-0.344j | max=5.521+2.796j
26-02-14-14 梯度监控 | raw=1.2292 | per_param=0.0598 |  natural=0.0001 | clipped=0.0001(上限20.0)
26-02-14-14 原始规范坐标 G(Re Σrow_mean) = +12.1133 | 累计|g| = 8.7195
26-02-14-14 Ψ矩阵条件数 cond(Ψ) = 1.38e+00
26-02-14-14 Loss=-1.993658 | E0=-1.04610536-0.00068298j | E1=-0.94755275+0.00166352j|E2=-0.94755275+0.00166352j|E3=-0.94755275+0.00166352j
26-02-14-14 #-----------------------------------------#
26-02-14-14 [Step 298] logΨ: mean=5.461+1.066j | min=2.521-0.344j | max=5.521+2.796j
26-02-14-14 梯度监控 | raw=1.1589 | per_param=0.0564 |  natural=0.0001 | clipped=0.0001(上限20.0)
26-02-14-14 原始规范坐标 G(Re Σrow_mean) = +12.0358 | 累计|g| = 8.7195
26-02-14-14 Ψ矩阵条件数 cond(Ψ) = 1.38e+00
26-02-14-14 Loss=-1.994196 | E0=-1.04610552-0.00068494j | E1=-0.94809073+0.00249231j|E2=-0.94809073+0.00249231j|E3=-0.94809073+0.00249231j
26-02-14-14 #-----------------------------------------#
26-02-14-14 [Step 299] logΨ: mean=5.522+1.058j | min=1.119-0.250j | max=5.562+2.795j
26-02-14-14 梯度监控 | raw=1.1733 | per_param=0.0571 |  natural=0.0014 | clipped=0.0014(上限20.0)
26-02-14-14 原始规范坐标 G(Re Σrow_mean) = +12.2396 | 累计|g| = 8.7195
26-02-14-14 Ψ矩阵条件数 cond(Ψ) = 1.38e+00
26-02-14-14 Loss=-1.992969 | E0=-1.04597746-0.00068390j | E1=-0.94699165+0.00058134j|E2=-0.94699165+0.00058134j|E3=-0.94699165+0.00058134j
26-02-14-14 #-----------------------------------------#
26-02-14-14 [保存] Step 299 → pickle 文件已更新 (300 条记录)
26-02-14-14 [GaugeReset@300] 吸收 Δg = Σ Re(col_mean) = +12.2396 | 新|g| = 8.9782
26-02-14-14 训练耗时：98.32 秒
26-02-14-14 
============================================================
26-02-14-14 训练完成!
26-02-14-14 ============================================================
26-02-14-14 [保存] 训练结束，pickle 最终写入 300 条记录 → ./data/26-10-02-14-12_history_natural_gradient_H2_molecule_K4.pkl
