26-02-10-25 
============================================================
26-02-10-25 开始多链 NES-VMC 训练 | P8: 双侧一致列规范 + 周期性 gauge reset
26-02-10-25 超参数配置:
N_CHAINS =16
N_SAMPLES_PER_CHAIN =200
SWEEP_SIZE = 20
N_ITER = 300
Natural_Grad = True
clip_norm = 20.0
per_param_clip = 0.5
lr = 0.1
qgt_diag_shift = 0.1
RESET_PERIOD = 10
SAVE_INTERVAL = 20
26-02-10-25 ============================================================
26-02-10-25 精确CAS基准：基态=-1.05434745 Ha | 1激发=-0.95790573 Ha|2激发=-0.66895227 Ha|3激发=-0.55140192 Ha|
26-02-10-25 理论 Loss 上限：-3.27514359 
26-02-10-25 超参：clip_norm=20.0, per_param_clip=0.5, lr=0.1, QGT diag_shift=0.1, RESET_PERIOD=10
26-02-10-25 [Step   0] logΨ: mean=0.670+0.258j | min=-2.577-0.444j | max=1.985+1.830j
26-02-10-25 梯度监控 | raw=4.4786 | per_param=0.0976 |  natural=0.9877 | clipped=0.9877(上限20.0)
26-02-10-25 原始规范坐标 G(Re Σrow_mean) = -0.7985 | 累计|g| = 0.0000
26-02-10-25 Ψ矩阵条件数 cond(Ψ) = 6.53e+01
26-02-10-25 Loss=1.717649 | E0=-0.51384054+0.00325940j | E1=-0.29446979-0.00781719j|E2=0.05948307+0.00683595j|E3=0.42257640-0.00636070j
26-02-10-25 #-----------------------------------------#
26-02-10-25 [Step   1] logΨ: mean=0.917+0.246j | min=-1.407-2.896j | max=2.302+1.822j
26-02-10-25 梯度监控 | raw=4.1416 | per_param=0.0902 |  natural=0.9774 | clipped=0.9774(上限20.0)
26-02-10-25 原始规范坐标 G(Re Σrow_mean) = -0.5521 | 累计|g| = 0.0000
26-02-10-25 Ψ矩阵条件数 cond(Ψ) = 2.78e+01
26-02-10-25 Loss=1.401524 | E0=-0.58250640+0.00880245j | E1=-0.32718731-0.00345113j|E2=0.00112696-0.00181218j|E3=0.36356400-0.00692035j
26-02-10-25 #-----------------------------------------#
26-02-10-26 [Step   2] logΨ: mean=1.177+0.302j | min=-1.336-1.863j | max=2.651+2.600j
26-02-10-26 梯度监控 | raw=3.8475 | per_param=0.0838 |  natural=0.9792 | clipped=0.9792(上限20.0)
26-02-10-26 原始规范坐标 G(Re Σrow_mean) = -0.2712 | 累计|g| = 0.0000
26-02-10-26 Ψ矩阵条件数 cond(Ψ) = 2.61e+01
26-02-10-26 Loss=1.083563 | E0=-0.60958600+0.00353701j | E1=-0.37232818-0.00075714j|E2=-0.08048493-0.00307402j|E3=0.29592297-0.00238786j
26-02-10-26 #-----------------------------------------#
26-02-10-26 [Step   3] logΨ: mean=1.537+0.211j | min=-1.622-0.943j | max=3.013+2.593j
26-02-10-26 梯度监控 | raw=3.2102 | per_param=0.0700 |  natural=0.9846 | clipped=0.9846(上限20.0)
26-02-10-26 原始规范坐标 G(Re Σrow_mean) = +0.0251 | 累计|g| = 0.0000
26-02-10-26 Ψ矩阵条件数 cond(Ψ) = 3.30e+01
26-02-10-26 Loss=0.816868 | E0=-0.68659932+0.00352625j | E1=-0.41623127-0.00716833j|E2=-0.15223319+0.00464530j|E3=0.25420440+0.00177473j
26-02-10-26 #-----------------------------------------#
26-02-10-26 [Step   4] logΨ: mean=1.822+0.304j | min=-1.044-0.318j | max=3.350+2.572j
26-02-10-26 梯度监控 | raw=2.9402 | per_param=0.0641 |  natural=0.9735 | clipped=0.9735(上限20.0)
26-02-10-26 原始规范坐标 G(Re Σrow_mean) = +0.3353 | 累计|g| = 0.0000
26-02-10-26 Ψ矩阵条件数 cond(Ψ) = 8.69e+01
26-02-10-26 Loss=0.541880 | E0=-0.70555901+0.00302352j | E1=-0.48814764-0.00054300j|E2=-0.21965598+0.00623147j|E3=0.22590664-0.00689148j
26-02-10-26 #-----------------------------------------#
26-02-10-26 [Step   5] logΨ: mean=2.225+0.260j | min=-0.891-1.372j | max=3.684+2.560j
26-02-10-26 梯度监控 | raw=2.7698 | per_param=0.0604 |  natural=0.9574 | clipped=0.9574(上限20.0)
26-02-10-26 原始规范坐标 G(Re Σrow_mean) = +0.6670 | 累计|g| = 0.0000
26-02-10-26 Ψ矩阵条件数 cond(Ψ) = 1.88e+01
26-02-10-26 Loss=0.310241 | E0=-0.74067158-0.00356015j | E1=-0.52716372+0.00912832j|E2=-0.26875058-0.00455267j|E3=0.18761188-0.00340869j
26-02-10-26 #-----------------------------------------#
26-02-10-26 [Step   6] logΨ: mean=2.614+0.288j | min=-0.476+0.553j | max=4.033+2.874j
26-02-10-26 梯度监控 | raw=2.4533 | per_param=0.0535 |  natural=0.9456 | clipped=0.9456(上限20.0)
26-02-10-26 原始规范坐标 G(Re Σrow_mean) = +1.0166 | 累计|g| = 0.0000
26-02-10-26 Ψ矩阵条件数 cond(Ψ) = 7.46e+01
26-02-10-26 Loss=0.070098 | E0=-0.78210996-0.00268683j | E1=-0.55326340+0.00253113j|E2=-0.31873439+0.00162042j|E3=0.14858547-0.00358267j
26-02-10-26 #-----------------------------------------#
26-02-10-26 [Step   7] logΨ: mean=2.974+0.288j | min=-0.655-1.809j | max=4.426+2.855j
26-02-10-26 梯度监控 | raw=2.1512 | per_param=0.0469 |  natural=0.9363 | clipped=0.9363(上限20.0)
26-02-10-26 原始规范坐标 G(Re Σrow_mean) = +1.3715 | 累计|g| = 0.0000
26-02-10-26 Ψ矩阵条件数 cond(Ψ) = 3.66e+01
26-02-10-26 Loss=-0.147995 | E0=-0.81972210+0.00328625j | E1=-0.58671642-0.00186938j|E2=-0.37284863-0.00445480j|E3=0.13848183-0.00271243j
26-02-10-26 #-----------------------------------------#
26-02-10-26 [Step   8] logΨ: mean=3.469+0.326j | min=-0.300+1.490j | max=4.809+2.560j
26-02-10-26 梯度监控 | raw=1.9563 | per_param=0.0426 |  natural=0.9085 | clipped=0.9085(上限20.0)
26-02-10-26 原始规范坐标 G(Re Σrow_mean) = +1.7722 | 累计|g| = 0.0000
26-02-10-26 Ψ矩阵条件数 cond(Ψ) = 2.57e+01
26-02-10-26 Loss=-0.450925 | E0=-0.84769332-0.00466699j | E1=-0.63975419+0.00355177j|E2=-0.43733558+0.00104872j|E3=0.10054401-0.00871628j
26-02-10-26 #-----------------------------------------#
26-02-10-26 [Step   9] logΨ: mean=3.899+0.378j | min=0.237-2.900j | max=5.250+2.187j
26-02-10-26 梯度监控 | raw=1.8559 | per_param=0.0404 |  natural=0.9100 | clipped=0.9100(上限20.0)
26-02-10-26 原始规范坐标 G(Re Σrow_mean) = +2.1368 | 累计|g| = 0.0000
26-02-10-26 Ψ矩阵条件数 cond(Ψ) = 4.80e+01
26-02-10-26 Loss=-0.591687 | E0=-0.86885559-0.00437968j | E1=-0.67000725-0.00134240j|E2=-0.46509814-0.00382681j|E3=0.09135880+0.00264359j
26-02-10-26 #-----------------------------------------#
26-02-10-26 [GaugeReset@10] 吸收 Δg = Σ Re(col_mean) = +2.1368 | 新|g| = 1.8223
26-02-10-26 [Step  10] logΨ: mean=2.171-0.044j | min=-1.350-0.480j | max=3.603+1.096j
26-02-10-26 梯度监控 | raw=1.8422 | per_param=0.0401 |  natural=0.9201 | clipped=0.9201(上限20.0)
26-02-10-26 原始规范坐标 G(Re Σrow_mean) = +2.5324 | 累计|g| = 1.8223
26-02-10-26 Ψ矩阵条件数 cond(Ψ) = 1.36e+01
26-02-10-26 Loss=-0.743350 | E0=-0.88652602-0.00093863j | E1=-0.71035631-0.00171075j|E2=-0.46582045+0.00182220j|E3=0.07913478+0.00254760j
26-02-10-26 #-----------------------------------------#
26-02-10-26 [Step  11] logΨ: mean=2.674-0.100j | min=-1.782+1.598j | max=4.099+1.058j
26-02-10-26 梯度监控 | raw=1.6743 | per_param=0.0365 |  natural=0.9066 | clipped=0.9066(上限20.0)
26-02-10-26 原始规范坐标 G(Re Σrow_mean) = +2.9914 | 累计|g| = 1.8223
26-02-10-26 Ψ矩阵条件数 cond(Ψ) = 2.65e+01
26-02-10-26 Loss=-0.947948 | E0=-0.91628749-0.00034765j | E1=-0.75574182+0.00249115j|E2=-0.50829555+0.00060077j|E3=0.06920534-0.00527577j
26-02-10-26 #-----------------------------------------#
26-02-10-26 [Step  12] logΨ: mean=3.184-0.046j | min=-0.967+2.957j | max=4.587+1.031j
26-02-10-26 梯度监控 | raw=1.5941 | per_param=0.0347 |  natural=0.8760 | clipped=0.8760(上限20.0)
26-02-10-26 原始规范坐标 G(Re Σrow_mean) = +3.4064 | 累计|g| = 1.8223
26-02-10-26 Ψ矩阵条件数 cond(Ψ) = 2.37e+01
26-02-10-26 Loss=-1.086744 | E0=-0.93013735-0.00135684j | E1=-0.77910329-0.00370608j|E2=-0.51991738+0.00399608j|E3=0.05331271+0.00359604j
26-02-10-26 #-----------------------------------------#
26-02-10-26 [Step  13] logΨ: mean=3.688-0.092j | min=-0.838+2.811j | max=5.104+0.999j
26-02-10-26 梯度监控 | raw=1.5701 | per_param=0.0342 |  natural=0.8909 | clipped=0.8909(上限20.0)
26-02-10-26 原始规范坐标 G(Re Σrow_mean) = +3.8628 | 累计|g| = 1.8223
26-02-10-26 Ψ矩阵条件数 cond(Ψ) = 6.57e+01
26-02-10-26 Loss=-1.233400 | E0=-0.94378794+0.00559185j | E1=-0.79299362-0.00441509j|E2=-0.54426570-0.00150183j|E3=0.04081632-0.00061141j
26-02-10-26 #-----------------------------------------#
26-02-10-26 [Step  14] logΨ: mean=4.195-0.025j | min=-0.197-1.444j | max=5.603+0.959j
26-02-10-26 梯度监控 | raw=1.5516 | per_param=0.0338 |  natural=0.8278 | clipped=0.8278(上限20.0)
26-02-10-26 原始规范坐标 G(Re Σrow_mean) = +4.2913 | 累计|g| = 1.8223
26-02-10-26 Ψ矩阵条件数 cond(Ψ) = 3.86e+01
26-02-10-26 Loss=-1.326761 | E0=-0.94682371+0.00367219j | E1=-0.82447931-0.00614757j|E2=-0.54598140-0.00048323j|E3=0.03413780+0.00419641j
26-02-10-26 #-----------------------------------------#
26-02-10-26 [Step  15] logΨ: mean=4.759-0.177j | min=0.702-2.934j | max=6.104+0.941j
26-02-10-26 梯度监控 | raw=1.4057 | per_param=0.0306 |  natural=0.7983 | clipped=0.7983(上限20.0)
26-02-10-26 原始规范坐标 G(Re Σrow_mean) = +4.7613 | 累计|g| = 1.8223
26-02-10-26 Ψ矩阵条件数 cond(Ψ) = 2.00e+01
26-02-10-26 Loss=-1.484556 | E0=-0.96082334+0.00558062j | E1=-0.83969456-0.00762744j|E2=-0.55589443+0.00143086j|E3=0.02128445-0.00105279j
26-02-10-26 #-----------------------------------------#
26-02-10-26 [Step  16] logΨ: mean=5.306-0.221j | min=-0.528+2.487j | max=6.613+0.921j
26-02-10-26 梯度监控 | raw=1.5797 | per_param=0.0344 |  natural=0.7819 | clipped=0.7819(上限20.0)
26-02-10-26 原始规范坐标 G(Re Σrow_mean) = +5.2371 | 累计|g| = 1.8223
26-02-10-26 Ψ矩阵条件数 cond(Ψ) = 2.32e+02
26-02-10-26 Loss=-1.568414 | E0=-0.98017520+0.00209838j | E1=-0.86956180+0.00013998j|E2=-0.56554426+0.00005559j|E3=0.01974419-0.00169195j
26-02-10-26 #-----------------------------------------#
26-02-10-26 [Step  17] logΨ: mean=5.822-0.054j | min=1.253-0.034j | max=7.102+0.881j
26-02-10-26 梯度监控 | raw=1.5384 | per_param=0.0335 |  natural=0.7524 | clipped=0.7524(上限20.0)
26-02-10-26 原始规范坐标 G(Re Σrow_mean) = +5.6762 | 累计|g| = 1.8223
26-02-10-26 Ψ矩阵条件数 cond(Ψ) = 4.67e+01
26-02-10-26 Loss=-1.655398 | E0=-0.97779750-0.00175592j | E1=-0.87923394-0.00084914j|E2=-0.56447148-0.00095656j|E3=0.00935108-0.00099001j
26-02-10-26 #-----------------------------------------#
26-02-10-26 [Step  18] logΨ: mean=6.418-0.137j | min=0.850+2.002j | max=7.618+0.834j
26-02-10-26 梯度监控 | raw=1.4639 | per_param=0.0319 |  natural=0.7425 | clipped=0.7425(上限20.0)
26-02-10-26 原始规范坐标 G(Re Σrow_mean) = +6.1500 | 累计|g| = 1.8223
26-02-10-26 Ψ矩阵条件数 cond(Ψ) = 2.34e+01
26-02-10-26 Loss=-1.736187 | E0=-0.98937346-0.00100117j | E1=-0.89016325+0.00521447j|E2=-0.57009151-0.00117506j|E3=0.00695527-0.00328625j
26-02-10-26 #-----------------------------------------#
26-02-10-26 [Step  19] logΨ: mean=6.949-0.055j | min=2.330+2.950j | max=8.159+0.844j
26-02-10-26 梯度监控 | raw=2.1997 | per_param=0.0479 |  natural=0.7166 | clipped=0.7166(上限20.0)
26-02-10-26 原始规范坐标 G(Re Σrow_mean) = +6.6322 | 累计|g| = 1.8223
26-02-10-26 Ψ矩阵条件数 cond(Ψ) = 7.37e+02
26-02-10-26 Loss=-1.813868 | E0=-0.99193917+0.00058680j | E1=-0.89318941-0.00038277j|E2=-0.56770789-0.00075383j|E3=0.00676826-0.00258658j
26-02-10-26 #-----------------------------------------#
26-02-10-26 [保存] Step 19 → pickle 文件已更新 (20 条记录)
26-02-10-26 [GaugeReset@20] 吸收 Δg = Σ Re(col_mean) = +6.6322 | 新|g| = 2.9810
26-02-10-26 [Step  20] logΨ: mean=3.052-0.094j | min=-1.614-2.958j | max=4.258+1.027j
26-02-10-26 梯度监控 | raw=2.1571 | per_param=0.0470 |  natural=0.7081 | clipped=0.7081(上限20.0)
26-02-10-26 原始规范坐标 G(Re Σrow_mean) = +7.1105 | 累计|g| = 2.9810
26-02-10-26 Ψ矩阵条件数 cond(Ψ) = 5.73e+01
26-02-10-26 Loss=-1.879279 | E0=-0.99239208+0.00092656j | E1=-0.90597300+0.00121408j|E2=-0.56637850+0.00097251j|E3=0.00327394+0.00084031j
26-02-10-26 #-----------------------------------------#
26-02-10-26 [Step  21] logΨ: mean=3.744-0.164j | min=-1.359+0.998j | max=4.823+1.358j
26-02-10-26 梯度监控 | raw=3.1986 | per_param=0.0697 |  natural=0.6735 | clipped=0.6735(上限20.0)
26-02-10-26 原始规范坐标 G(Re Σrow_mean) = +7.6253 | 累计|g| = 2.9810
26-02-10-26 Ψ矩阵条件数 cond(Ψ) = 2.83e+01
26-02-10-26 Loss=-1.990753 | E0=-1.00082077-0.00140427j | E1=-0.91736865+0.00186638j|E2=-0.57206998+0.00393620j|E3=-0.00503108+0.00019464j
26-02-10-26 #-----------------------------------------#
26-02-10-26 [Step  22] logΨ: mean=4.290-0.126j | min=-0.505-0.488j | max=5.406+1.311j
26-02-10-26 梯度监控 | raw=3.1375 | per_param=0.0684 |  natural=0.6626 | clipped=0.6626(上限20.0)
26-02-10-26 原始规范坐标 G(Re Σrow_mean) = +8.0190 | 累计|g| = 2.9810
26-02-10-26 Ψ矩阵条件数 cond(Ψ) = 3.43e+01
26-02-10-26 Loss=-2.006019 | E0=-1.00406973+0.00317915j | E1=-0.92012190-0.00584061j|E2=-0.56960086-0.00106408j|E3=-0.00773613-0.00002711j
26-02-10-26 #-----------------------------------------#
26-02-10-26 [Step  23] logΨ: mean=4.867-0.315j | min=-1.490+0.712j | max=5.963+1.241j
26-02-10-26 梯度监控 | raw=4.3480 | per_param=0.0947 |  natural=0.6068 | clipped=0.6068(上限20.0)
26-02-10-26 原始规范坐标 G(Re Σrow_mean) = +8.5122 | 累计|g| = 2.9810
26-02-10-26 Ψ矩阵条件数 cond(Ψ) = 9.83e+01
26-02-10-26 Loss=-2.082927 | E0=-1.00681857-0.00226539j | E1=-0.92425286+0.00274289j|E2=-0.57586424+0.00031477j|E3=-0.01296445-0.00111786j
26-02-10-26 #-----------------------------------------#
26-02-10-27 [Step  24] logΨ: mean=5.446-0.123j | min=-0.316-2.869j | max=6.558+1.143j
26-02-10-27 梯度监控 | raw=6.0598 | per_param=0.1320 |  natural=0.6143 | clipped=0.6143(上限20.0)
26-02-10-27 原始规范坐标 G(Re Σrow_mean) = +8.9767 | 累计|g| = 2.9810
26-02-10-27 Ψ矩阵条件数 cond(Ψ) = 2.50e+01
26-02-10-27 Loss=-2.130861 | E0=-1.00974194-0.00126413j | E1=-0.92447748-0.00019352j|E2=-0.57410795+0.00141085j|E3=-0.01369644+0.00136683j
26-02-10-27 #-----------------------------------------#
26-02-10-27 [Step  25] logΨ: mean=6.033-0.184j | min=1.776-1.286j | max=7.103+1.070j
26-02-10-27 梯度监控 | raw=7.1654 | per_param=0.1561 |  natural=0.5547 | clipped=0.5547(上限20.0)
26-02-10-27 原始规范坐标 G(Re Σrow_mean) = +9.5054 | 累计|g| = 2.9810
26-02-10-27 Ψ矩阵条件数 cond(Ψ) = 1.03e+02
26-02-10-27 Loss=-2.200478 | E0=-1.02317137-0.00174635j | E1=-0.93510282+0.01029465j|E2=-0.57566602-0.00071329j|E3=-0.02610896+0.00232790j
26-02-10-27 #-----------------------------------------#
26-02-10-27 [Step  26] logΨ: mean=6.537-0.207j | min=0.940-1.723j | max=7.560+0.994j
26-02-10-27 梯度监控 | raw=8.6944 | per_param=0.1895 |  natural=0.5096 | clipped=0.5096(上限20.0)
26-02-10-27 原始规范坐标 G(Re Σrow_mean) = +9.8944 | 累计|g| = 2.9810
26-02-10-27 Ψ矩阵条件数 cond(Ψ) = 5.86e+01
26-02-10-27 Loss=-2.264529 | E0=-1.02807633+0.00075592j | E1=-0.93592478-0.00175868j|E2=-0.58286826-0.00264443j|E3=-0.03078785+0.00135619j
26-02-10-27 #-----------------------------------------#
26-02-10-27 [Step  27] logΨ: mean=7.175-0.273j | min=2.410-0.136j | max=8.125+0.957j
26-02-10-27 梯度监控 | raw=10.0927 | per_param=0.2199 |  natural=0.5214 | clipped=0.5214(上限20.0)
26-02-10-27 原始规范坐标 G(Re Σrow_mean) = +10.3377 | 累计|g| = 2.9810
26-02-10-27 Ψ矩阵条件数 cond(Ψ) = 3.77e+01
26-02-10-27 Loss=-2.293583 | E0=-1.02765513+0.00349287j | E1=-0.93781784-0.00152790j|E2=-0.57544320+0.00116193j|E3=-0.03514577+0.00143163j
26-02-10-27 #-----------------------------------------#
26-02-10-27 [Step  28] logΨ: mean=7.648-0.366j | min=2.880+0.386j | max=8.718+1.643j
26-02-10-27 梯度监控 | raw=13.3832 | per_param=0.2916 |  natural=0.5059 | clipped=0.5059(上限20.0)
26-02-10-27 原始规范坐标 G(Re Σrow_mean) = +10.8332 | 累计|g| = 2.9810
26-02-10-27 Ψ矩阵条件数 cond(Ψ) = 6.44e+01
26-02-10-27 Loss=-2.341423 | E0=-1.02802907+0.00085230j | E1=-0.94020374+0.00433340j|E2=-0.57842542-0.00125510j|E3=-0.05762252-0.00132155j
26-02-10-27 #-----------------------------------------#
26-02-10-27 [Step  29] logΨ: mean=8.166-0.340j | min=3.451-2.288j | max=9.184+1.575j
26-02-10-27 梯度监控 | raw=17.7794 | per_param=0.3874 |  natural=0.3936 | clipped=0.3936(上限20.0)
26-02-10-27 原始规范坐标 G(Re Σrow_mean) = +11.2317 | 累计|g| = 2.9810
26-02-10-27 Ψ矩阵条件数 cond(Ψ) = 3.36e+01
26-02-10-27 Loss=-2.399929 | E0=-1.03572122+0.00082499j | E1=-0.94664049-0.00003003j|E2=-0.59110946+0.00063001j|E3=-0.06610325-0.00091051j
26-02-10-27 #-----------------------------------------#
26-02-10-27 [GaugeReset@30] 吸收 Δg = Σ Re(col_mean) = +11.2317 | 新|g| = 4.6766
26-02-10-27 [Step  30] logΨ: mean=4.109-0.256j | min=-0.324-1.744j | max=5.114+1.927j
26-02-10-27 梯度监控 | raw=22.2394 | per_param=0.4846 |  natural=0.4104 | clipped=0.4104(上限20.0)
26-02-10-27 原始规范坐标 G(Re Σrow_mean) = +11.6729 | 累计|g| = 4.6766
26-02-10-27 Ψ矩阵条件数 cond(Ψ) = 5.11e+01
26-02-10-27 Loss=-2.445341 | E0=-1.03328164+0.00029738j | E1=-0.94328874-0.00029797j|E2=-0.58841395-0.00037468j|E3=-0.09941027-0.00026403j
26-02-10-27 #-----------------------------------------#
26-02-10-27 【Step 31】per-param 梯度范数超限，已裁剪：scale=0.9470 | 裁剪后 per_param=0.5000
26-02-10-27 [Step  31] logΨ: mean=4.599-0.170j | min=-1.664-0.608j | max=5.640+1.930j
26-02-10-27 梯度监控 | raw=22.9456 | per_param=0.5000 |  natural=0.4053 | clipped=0.4053(上限20.0)
26-02-10-27 原始规范坐标 G(Re Σrow_mean) = +12.0575 | 累计|g| = 4.6766
26-02-10-27 Ψ矩阵条件数 cond(Ψ) = 6.79e+01
26-02-10-27 Loss=-2.490048 | E0=-1.03676889-0.00067380j | E1=-0.94675912+0.00068588j|E2=-0.58785649-0.00024012j|E3=-0.10652736+0.00061192j
26-02-10-27 #-----------------------------------------#
26-02-10-27 【Step 32】per-param 梯度范数超限，已裁剪：scale=0.7532 | 裁剪后 per_param=0.5000
26-02-10-27 [Step  32] logΨ: mean=5.036-0.134j | min=0.766-1.608j | max=6.064+1.850j
26-02-10-27 梯度监控 | raw=22.9456 | per_param=0.5000 |  natural=0.3081 | clipped=0.3081(上限20.0)
26-02-10-27 原始规范坐标 G(Re Σrow_mean) = +12.4641 | 累计|g| = 4.6766
26-02-10-27 Ψ矩阵条件数 cond(Ψ) = 2.50e+01
26-02-10-27 Loss=-2.528565 | E0=-1.03908871+0.00074028j | E1=-0.94857305+0.00108389j|E2=-0.58389058+0.00319466j|E3=-0.13238591-0.00031953j
26-02-10-27 #-----------------------------------------#
26-02-10-27 【Step 33】per-param 梯度范数超限，已裁剪：scale=0.6388 | 裁剪后 per_param=0.5000
26-02-10-27 [Step  33] logΨ: mean=5.361-0.254j | min=-1.512+0.538j | max=6.374+1.769j
26-02-10-27 梯度监控 | raw=22.9456 | per_param=0.5000 |  natural=0.2683 | clipped=0.2683(上限20.0)
26-02-10-27 原始规范坐标 G(Re Σrow_mean) = +12.7658 | 累计|g| = 4.6766
26-02-10-27 Ψ矩阵条件数 cond(Ψ) = 4.27e+01
26-02-10-27 Loss=-2.572023 | E0=-1.03469551-0.00132603j | E1=-0.94644369-0.00012784j|E2=-0.58437830+0.00365290j|E3=-0.16888205-0.00111173j
26-02-10-27 #-----------------------------------------#
26-02-10-27 【Step 34】per-param 梯度范数超限，已裁剪：scale=0.6491 | 裁剪后 per_param=0.5000
26-02-10-27 [Step  34] logΨ: mean=5.603-0.247j | min=1.516-2.182j | max=6.663+1.722j
26-02-10-27 梯度监控 | raw=22.9456 | per_param=0.5000 |  natural=0.2419 | clipped=0.2419(上限20.0)
26-02-10-27 原始规范坐标 G(Re Σrow_mean) = +12.8994 | 累计|g| = 4.6766
26-02-10-27 Ψ矩阵条件数 cond(Ψ) = 1.69e+02
26-02-10-27 Loss=-2.580954 | E0=-1.03674063+0.00244422j | E1=-0.94726735-0.00066621j|E2=-0.59277682+0.00161879j|E3=-0.15249930+0.00095100j
26-02-10-27 #-----------------------------------------#
26-02-10-27 【Step 35】per-param 梯度范数超限，已裁剪：scale=0.6055 | 裁剪后 per_param=0.5000
26-02-10-27 [Step  35] logΨ: mean=5.962-0.186j | min=2.029-1.668j | max=6.999+1.681j
26-02-10-27 梯度监控 | raw=22.9456 | per_param=0.5000 |  natural=0.2042 | clipped=0.2042(上限20.0)
26-02-10-27 原始规范坐标 G(Re Σrow_mean) = +13.1878 | 累计|g| = 4.6766
26-02-10-27 Ψ矩阵条件数 cond(Ψ) = 3.90e+01
26-02-10-27 Loss=-2.607825 | E0=-1.03629637-0.00015760j | E1=-0.94986169+0.00123772j|E2=-0.59476486+0.00027760j|E3=-0.16622977+0.00007637j
26-02-10-27 #-----------------------------------------#
26-02-10-27 【Step 36】per-param 梯度范数超限，已裁剪：scale=0.5078 | 裁剪后 per_param=0.5000
26-02-10-27 [Step  36] logΨ: mean=6.199-0.227j | min=1.435+2.861j | max=7.232+0.465j
26-02-10-27 梯度监控 | raw=22.9456 | per_param=0.5000 |  natural=0.2045 | clipped=0.2045(上限20.0)
26-02-10-27 原始规范坐标 G(Re Σrow_mean) = +13.4014 | 累计|g| = 4.6766
26-02-10-27 Ψ矩阵条件数 cond(Ψ) = 7.57e+01
26-02-10-27 Loss=-2.649536 | E0=-1.04024394-0.00027599j | E1=-0.95043414-0.00001687j|E2=-0.58742347-0.00193984j|E3=-0.19413090+0.00260126j
26-02-10-27 #-----------------------------------------#
26-02-10-27 【Step 37】per-param 梯度范数超限，已裁剪：scale=0.5115 | 裁剪后 per_param=0.5000
26-02-10-27 [Step  37] logΨ: mean=6.461-0.237j | min=1.798-1.710j | max=7.536+0.395j
26-02-10-27 梯度监控 | raw=22.9456 | per_param=0.5000 |  natural=0.1704 | clipped=0.1704(上限20.0)
26-02-10-27 原始规范坐标 G(Re Σrow_mean) = +13.6133 | 累计|g| = 4.6766
26-02-10-27 Ψ矩阵条件数 cond(Ψ) = 3.75e+01
26-02-10-27 Loss=-2.649104 | E0=-1.04213172-0.00038834j | E1=-0.95090412-0.00081704j|E2=-0.59767929-0.00065360j|E3=-0.17816714+0.00320130j
26-02-10-27 #-----------------------------------------#
26-02-10-27 【Step 38】per-param 梯度范数超限，已裁剪：scale=0.4514 | 裁剪后 per_param=0.5000
26-02-10-27 [Step  38] logΨ: mean=6.727-0.258j | min=1.593-2.874j | max=7.739+0.373j
26-02-10-27 梯度监控 | raw=22.9456 | per_param=0.5000 |  natural=0.1432 | clipped=0.1432(上限20.0)
26-02-10-27 原始规范坐标 G(Re Σrow_mean) = +13.8539 | 累计|g| = 4.6766
26-02-10-27 Ψ矩阵条件数 cond(Ψ) = 6.38e+01
26-02-10-27 Loss=-2.700186 | E0=-1.04208852+0.00101320j | E1=-0.95179461-0.00155127j|E2=-0.59674450+0.00079278j|E3=-0.22241259-0.00086193j
26-02-10-27 #-----------------------------------------#
26-02-10-27 【Step 39】per-param 梯度范数超限，已裁剪：scale=0.4074 | 裁剪后 per_param=0.5000
26-02-10-27 [Step  39] logΨ: mean=6.856-0.364j | min=2.176-2.961j | max=7.894+0.343j
26-02-10-27 梯度监控 | raw=22.9456 | per_param=0.5000 |  natural=0.1339 | clipped=0.1339(上限20.0)
26-02-10-27 原始规范坐标 G(Re Σrow_mean) = +13.9572 | 累计|g| = 4.6766
26-02-10-27 Ψ矩阵条件数 cond(Ψ) = 2.66e+01
26-02-10-27 Loss=-2.714286 | E0=-1.03820741-0.00058327j | E1=-0.95036167-0.00017101j|E2=-0.59372839+0.00376556j|E3=-0.22900951-0.00344149j
26-02-10-27 #-----------------------------------------#
26-02-10-27 [保存] Step 39 → pickle 文件已更新 (40 条记录)
26-02-10-27 [GaugeReset@40] 吸收 Δg = Σ Re(col_mean) = +13.9572 | 新|g| = 5.7826
26-02-10-27 【Step 40】per-param 梯度范数超限，已裁剪：scale=0.4182 | 裁剪后 per_param=0.5000
26-02-10-27 [Step  40] logΨ: mean=4.333-0.250j | min=-1.015-1.818j | max=5.352+1.042j
26-02-10-27 梯度监控 | raw=22.9456 | per_param=0.5000 |  natural=0.1571 | clipped=0.1571(上限20.0)
26-02-10-27 原始规范坐标 G(Re Σrow_mean) = +14.1384 | 累计|g| = 5.7826
26-02-10-27 Ψ矩阵条件数 cond(Ψ) = 4.65e+01
26-02-10-27 Loss=-2.738561 | E0=-1.04581904-0.00044308j | E1=-0.95156171-0.00086198j|E2=-0.59944425+0.00165018j|E3=-0.23584366-0.00186482j
26-02-10-27 #-----------------------------------------#
26-02-10-27 【Step 41】per-param 梯度范数超限，已裁剪：scale=0.3725 | 裁剪后 per_param=0.5000
26-02-10-27 [Step  41] logΨ: mean=4.432-0.312j | min=-1.637+1.473j | max=5.493+1.015j
26-02-10-27 梯度监控 | raw=22.9456 | per_param=0.5000 |  natural=0.1180 | clipped=0.1180(上限20.0)
26-02-10-27 原始规范坐标 G(Re Σrow_mean) = +14.2336 | 累计|g| = 5.7826
26-02-10-27 Ψ矩阵条件数 cond(Ψ) = 4.07e+01
26-02-10-27 Loss=-2.752559 | E0=-1.04155818-0.00010382j | E1=-0.95112537-0.00434979j|E2=-0.59717016+0.00098089j|E3=-0.25927237-0.00299234j
26-02-10-27 #-----------------------------------------#
26-02-10-27 【Step 42】per-param 梯度范数超限，已裁剪：scale=0.3786 | 裁剪后 per_param=0.5000
26-02-10-27 [Step  42] logΨ: mean=4.615-0.264j | min=-0.690-2.481j | max=5.680+0.997j
26-02-10-27 梯度监控 | raw=22.9456 | per_param=0.5000 |  natural=0.1247 | clipped=0.1247(上限20.0)
26-02-10-27 原始规范坐标 G(Re Σrow_mean) = +14.3866 | 累计|g| = 5.7826
26-02-10-27 Ψ矩阵条件数 cond(Ψ) = 4.36e+01
26-02-10-27 Loss=-2.747247 | E0=-1.04314376-0.00293519j | E1=-0.95068082+0.00173414j|E2=-0.60021045-0.00030356j|E3=-0.24560654-0.00398197j
26-02-10-27 #-----------------------------------------#
26-02-10-27 【Step 43】per-param 梯度范数超限，已裁剪：scale=0.3668 | 裁剪后 per_param=0.5000
26-02-10-27 [Step  43] logΨ: mean=4.753-0.238j | min=0.368+1.529j | max=5.795+1.007j
26-02-10-27 梯度监控 | raw=22.9456 | per_param=0.5000 |  natural=0.1128 | clipped=0.1128(上限20.0)
26-02-10-27 原始规范坐标 G(Re Σrow_mean) = +14.5073 | 累计|g| = 5.7826
26-02-10-27 Ψ矩阵条件数 cond(Ψ) = 6.85e+01
26-02-10-27 Loss=-2.761802 | E0=-1.04655370+0.00026257j | E1=-0.95135261-0.00152844j|E2=-0.59681821+0.00057293j|E3=-0.25134338-0.00278298j
26-02-10-27 #-----------------------------------------#
26-02-10-27 【Step 44】per-param 梯度范数超限，已裁剪：scale=0.3515 | 裁剪后 per_param=0.5000
26-02-10-27 [Step  44] logΨ: mean=4.786-0.326j | min=-1.521+2.196j | max=5.877+1.031j
26-02-10-27 梯度监控 | raw=22.9456 | per_param=0.5000 |  natural=0.1571 | clipped=0.1571(上限20.0)
26-02-10-27 原始规范坐标 G(Re Σrow_mean) = +14.5204 | 累计|g| = 5.7826
26-02-10-27 Ψ矩阵条件数 cond(Ψ) = 6.43e+01
26-02-10-27 Loss=-2.757296 | E0=-1.04509807-0.00060270j | E1=-0.95213311-0.00220868j|E2=-0.59298377-0.00548091j|E3=-0.24729172+0.00292118j
26-02-10-27 #-----------------------------------------#
26-02-10-27 【Step 45】per-param 梯度范数超限，已裁剪：scale=0.3441 | 裁剪后 per_param=0.5000
26-02-10-27 [Step  45] logΨ: mean=4.825-0.248j | min=-0.314-2.457j | max=5.975+1.026j
26-02-10-27 梯度监控 | raw=22.9456 | per_param=0.5000 |  natural=0.0859 | clipped=0.0859(上限20.0)
26-02-10-27 原始规范坐标 G(Re Σrow_mean) = +14.6403 | 累计|g| = 5.7826
26-02-10-27 Ψ矩阵条件数 cond(Ψ) = 8.65e+01
26-02-10-27 Loss=-2.792376 | E0=-1.04233051+0.00098155j | E1=-0.95414886-0.00047466j|E2=-0.59704999-0.00666170j|E3=-0.27806818+0.00055181j
26-02-10-27 #-----------------------------------------#
26-02-10-27 【Step 46】per-param 梯度范数超限，已裁剪：scale=0.3383 | 裁剪后 per_param=0.5000
26-02-10-27 [Step  46] logΨ: mean=5.132-0.124j | min=0.881-0.099j | max=6.098+1.040j
26-02-10-27 梯度监控 | raw=22.9456 | per_param=0.5000 |  natural=0.0779 | clipped=0.0779(上限20.0)
26-02-10-27 原始规范坐标 G(Re Σrow_mean) = +14.9136 | 累计|g| = 5.7826
26-02-10-27 Ψ矩阵条件数 cond(Ψ) = 4.18e+01
26-02-10-27 Loss=-2.831736 | E0=-1.04427071+0.00130194j | E1=-0.95138127-0.00056927j|E2=-0.60499609-0.00084712j|E3=-0.31872442-0.00199981j
26-02-10-27 #-----------------------------------------#
26-02-10-27 【Step 47】per-param 梯度范数超限，已裁剪：scale=0.3225 | 裁剪后 per_param=0.5000
26-02-10-27 [Step  47] logΨ: mean=5.186-0.266j | min=-1.131-1.090j | max=6.187+1.037j
26-02-10-27 梯度监控 | raw=22.9456 | per_param=0.5000 |  natural=0.0878 | clipped=0.0878(上限20.0)
26-02-10-27 原始规范坐标 G(Re Σrow_mean) = +14.9438 | 累计|g| = 5.7826
26-02-10-27 Ψ矩阵条件数 cond(Ψ) = 4.06e+01
26-02-10-27 Loss=-2.829598 | E0=-1.04492710+0.00140325j | E1=-0.95244710+0.00125478j|E2=-0.60467380-0.00326716j|E3=-0.30596644+0.00348171j
26-02-10-27 #-----------------------------------------#
26-02-10-28 【Step 48】per-param 梯度范数超限，已裁剪：scale=0.3035 | 裁剪后 per_param=0.5000
26-02-10-28 [Step  48] logΨ: mean=5.222-0.062j | min=0.342-2.496j | max=6.281+1.034j
26-02-10-28 梯度监控 | raw=22.9456 | per_param=0.5000 |  natural=0.0948 | clipped=0.0948(上限20.0)
26-02-10-28 原始规范坐标 G(Re Σrow_mean) = +14.9727 | 累计|g| = 5.7826
26-02-10-28 Ψ矩阵条件数 cond(Ψ) = 5.62e+01
26-02-10-28 Loss=-2.845931 | E0=-1.04430561-0.00152092j | E1=-0.95233604+0.00128696j|E2=-0.59765897-0.00401816j|E3=-0.32276512+0.00193516j
26-02-10-28 #-----------------------------------------#
26-02-10-28 【Step 49】per-param 梯度范数超限，已裁剪：scale=0.3398 | 裁剪后 per_param=0.5000
26-02-10-28 [Step  49] logΨ: mean=5.360-0.127j | min=-0.578+2.692j | max=6.386+1.029j
26-02-10-28 梯度监控 | raw=22.9456 | per_param=0.5000 |  natural=0.0858 | clipped=0.0858(上限20.0)
26-02-10-28 原始规范坐标 G(Re Σrow_mean) = +15.0946 | 累计|g| = 5.7826
26-02-10-28 Ψ矩阵条件数 cond(Ψ) = 3.86e+01
26-02-10-28 Loss=-2.852915 | E0=-1.04262958+0.00027584j | E1=-0.95297438+0.00159088j|E2=-0.61171657+0.00351236j|E3=-0.31735939-0.00309992j
26-02-10-28 #-----------------------------------------#
26-02-10-28 [GaugeReset@50] 吸收 Δg = Σ Re(col_mean) = +15.0946 | 新|g| = 6.2506
26-02-10-28 【Step 50】per-param 梯度范数超限，已裁剪：scale=0.3062 | 裁剪后 per_param=0.5000
26-02-10-28 [Step  50] logΨ: mean=4.335+0.064j | min=-1.574-0.927j | max=5.362+1.343j
26-02-10-28 梯度监控 | raw=22.9456 | per_param=0.5000 |  natural=0.0791 | clipped=0.0791(上限20.0)
26-02-10-28 原始规范坐标 G(Re Σrow_mean) = +15.1719 | 累计|g| = 6.2506
26-02-10-28 Ψ矩阵条件数 cond(Ψ) = 2.63e+01
26-02-10-28 Loss=-2.856132 | E0=-1.04739158+0.00003749j | E1=-0.95297887-0.00044492j|E2=-0.61445252-0.00256952j|E3=-0.31280229+0.00500105j
26-02-10-28 #-----------------------------------------#
26-02-10-28 【Step 51】per-param 梯度范数超限，已裁剪：scale=0.3142 | 裁剪后 per_param=0.5000
26-02-10-28 [Step  51] logΨ: mean=4.406-0.033j | min=-1.442+2.808j | max=5.404+1.404j
26-02-10-28 梯度监控 | raw=22.9456 | per_param=0.5000 |  natural=0.0864 | clipped=0.0864(上限20.0)
26-02-10-28 原始规范坐标 G(Re Σrow_mean) = +15.3042 | 累计|g| = 6.2506
26-02-10-28 Ψ矩阵条件数 cond(Ψ) = 7.17e+01
26-02-10-28 Loss=-2.898430 | E0=-1.04257408+0.00039426j | E1=-0.95255533+0.00009617j|E2=-0.60930167+0.00102184j|E3=-0.36408806-0.00573448j
26-02-10-28 #-----------------------------------------#
26-02-10-28 【Step 52】per-param 梯度范数超限，已裁剪：scale=0.3060 | 裁剪后 per_param=0.5000
26-02-10-28 [Step  52] logΨ: mean=4.454+0.131j | min=-0.878-1.409j | max=5.494+1.375j
26-02-10-28 梯度监控 | raw=22.9456 | per_param=0.5000 |  natural=0.0988 | clipped=0.0988(上限20.0)
26-02-10-28 原始规范坐标 G(Re Σrow_mean) = +15.2787 | 累计|g| = 6.2506
26-02-10-28 Ψ矩阵条件数 cond(Ψ) = 1.09e+02
26-02-10-28 Loss=-2.891833 | E0=-1.04747625-0.00080294j | E1=-0.95296354-0.00147623j|E2=-0.60592642+0.00189112j|E3=-0.34119209+0.00012754j
26-02-10-28 #-----------------------------------------#
26-02-10-28 【Step 53】per-param 梯度范数超限，已裁剪：scale=0.3152 | 裁剪后 per_param=0.5000
26-02-10-28 [Step  53] logΨ: mean=4.607-0.232j | min=0.407-2.142j | max=5.596+1.343j
26-02-10-28 梯度监控 | raw=22.9456 | per_param=0.5000 |  natural=0.0746 | clipped=0.0746(上限20.0)
26-02-10-28 原始规范坐标 G(Re Σrow_mean) = +15.4563 | 累计|g| = 6.2506
26-02-10-28 Ψ矩阵条件数 cond(Ψ) = 4.19e+01
26-02-10-28 Loss=-2.927331 | E0=-1.04254777-0.00228831j | E1=-0.95249791+0.00144634j|E2=-0.61371049+0.00321581j|E3=-0.37467854-0.00159886j
26-02-10-28 #-----------------------------------------#
26-02-10-28 【Step 54】per-param 梯度范数超限，已裁剪：scale=0.2915 | 裁剪后 per_param=0.5000
26-02-10-28 [Step  54] logΨ: mean=4.603+0.034j | min=-1.176+1.176j | max=5.678+1.325j
26-02-10-28 梯度监控 | raw=22.9456 | per_param=0.5000 |  natural=0.0687 | clipped=0.0687(上限20.0)
26-02-10-28 原始规范坐标 G(Re Σrow_mean) = +15.4927 | 累计|g| = 6.2506
26-02-10-28 Ψ矩阵条件数 cond(Ψ) = 1.34e+02
26-02-10-28 Loss=-2.925539 | E0=-1.04721991+0.00082157j | E1=-0.95367046+0.00367943j|E2=-0.61328912-0.00331154j|E3=-0.36865144+0.00321951j
26-02-10-28 #-----------------------------------------#
26-02-10-28 【Step 55】per-param 梯度范数超限，已裁剪：scale=0.3277 | 裁剪后 per_param=0.5000
26-02-10-28 [Step  55] logΨ: mean=4.851-0.164j | min=-0.216-0.364j | max=5.762+1.308j
26-02-10-28 梯度监控 | raw=22.9456 | per_param=0.5000 |  natural=0.0717 | clipped=0.0717(上限20.0)
26-02-10-28 原始规范坐标 G(Re Σrow_mean) = +15.6515 | 累计|g| = 6.2506
26-02-10-28 Ψ矩阵条件数 cond(Ψ) = 3.96e+01
26-02-10-28 Loss=-2.949518 | E0=-1.04219325+0.00213967j | E1=-0.95342906-0.00150924j|E2=-0.61681410+0.00389106j|E3=-0.39079423-0.00310095j
26-02-10-28 #-----------------------------------------#
26-02-10-28 【Step 56】per-param 梯度范数超限，已裁剪：scale=0.2904 | 裁剪后 per_param=0.5000
26-02-10-28 [Step  56] logΨ: mean=4.782-0.148j | min=0.207+0.763j | max=5.848+1.311j
26-02-10-28 梯度监控 | raw=22.9456 | per_param=0.5000 |  natural=0.0603 | clipped=0.0603(上限20.0)
26-02-10-28 原始规范坐标 G(Re Σrow_mean) = +15.5885 | 累计|g| = 6.2506
26-02-10-28 Ψ矩阵条件数 cond(Ψ) = 8.60e+01
26-02-10-28 Loss=-2.928910 | E0=-1.04227603+0.00116247j | E1=-0.95282485-0.00136501j|E2=-0.61351097+0.00195374j|E3=-0.37334772-0.00036248j
26-02-10-28 #-----------------------------------------#
26-02-10-28 【Step 57】per-param 梯度范数超限，已裁剪：scale=0.3020 | 裁剪后 per_param=0.5000
26-02-10-28 [Step  57] logΨ: mean=4.945-0.184j | min=0.145-1.087j | max=5.970+1.273j
26-02-10-28 梯度监控 | raw=22.9456 | per_param=0.5000 |  natural=0.0643 | clipped=0.0643(上限20.0)
26-02-10-28 原始规范坐标 G(Re Σrow_mean) = +15.7272 | 累计|g| = 6.2506
26-02-10-28 Ψ矩阵条件数 cond(Ψ) = 5.46e+01
26-02-10-28 Loss=-2.937892 | E0=-1.04590170-0.00015014j | E1=-0.95568766+0.00037526j|E2=-0.61656764-0.00049787j|E3=-0.37289218+0.00335741j
26-02-10-28 #-----------------------------------------#
26-02-10-28 【Step 58】per-param 梯度范数超限，已裁剪：scale=0.3108 | 裁剪后 per_param=0.5000
26-02-10-28 [Step  58] logΨ: mean=5.014-0.077j | min=-0.770-1.291j | max=6.089+1.227j
26-02-10-28 梯度监控 | raw=22.9456 | per_param=0.5000 |  natural=0.0941 | clipped=0.0941(上限20.0)
26-02-10-28 原始规范坐标 G(Re Σrow_mean) = +15.8239 | 累计|g| = 6.2506
26-02-10-28 Ψ矩阵条件数 cond(Ψ) = 5.61e+01
26-02-10-28 Loss=-2.933184 | E0=-1.04084859-0.00443467j | E1=-0.95390378-0.00037734j|E2=-0.61163363-0.00562391j|E3=-0.38344554-0.00195112j
26-02-10-28 #-----------------------------------------#
26-02-10-28 【Step 59】per-param 梯度范数超限，已裁剪：scale=0.3197 | 裁剪后 per_param=0.5000
26-02-10-28 [Step  59] logΨ: mean=5.231-0.075j | min=-0.549+2.901j | max=6.185+1.229j
26-02-10-28 梯度监控 | raw=22.9456 | per_param=0.5000 |  natural=0.0772 | clipped=0.0772(上限20.0)
26-02-10-28 原始规范坐标 G(Re Σrow_mean) = +15.9975 | 累计|g| = 6.2506
26-02-10-28 Ψ矩阵条件数 cond(Ψ) = 4.53e+01
26-02-10-28 Loss=-2.976978 | E0=-1.04714016-0.00068542j | E1=-0.95430880-0.00183873j|E2=-0.61893222-0.00173168j|E3=-0.40122239-0.00037816j
26-02-10-28 #-----------------------------------------#
26-02-10-28 [保存] Step 59 → pickle 文件已更新 (60 条记录)
26-02-10-28 [GaugeReset@60] 吸收 Δg = Σ Re(col_mean) = +15.9975 | 新|g| = 6.6374
26-02-10-28 【Step 60】per-param 梯度范数超限，已裁剪：scale=0.2783 | 裁剪后 per_param=0.5000
26-02-10-28 [Step  60] logΨ: mean=4.337-0.031j | min=-0.661+1.561j | max=5.347+1.424j
26-02-10-28 梯度监控 | raw=22.9456 | per_param=0.5000 |  natural=0.0577 | clipped=0.0577(上限20.0)
26-02-10-28 原始规范坐标 G(Re Σrow_mean) = +16.0374 | 累计|g| = 6.6374
26-02-10-28 Ψ矩阵条件数 cond(Ψ) = 3.80e+01
26-02-10-28 Loss=-2.960868 | E0=-1.04697058+0.00041356j | E1=-0.95277920+0.00325271j|E2=-0.60986653+0.00229605j|E3=-0.40213154+0.00423950j
26-02-10-28 #-----------------------------------------#
26-02-10-28 【Step 61】per-param 梯度范数超限，已裁剪：scale=0.2746 | 裁剪后 per_param=0.5000
26-02-10-28 [Step  61] logΨ: mean=4.393-0.066j | min=-1.066+1.658j | max=5.422+1.432j
26-02-10-28 梯度监控 | raw=22.9456 | per_param=0.5000 |  natural=0.0750 | clipped=0.0750(上限20.0)
26-02-10-28 原始规范坐标 G(Re Σrow_mean) = +16.0597 | 累计|g| = 6.6374
26-02-10-28 Ψ矩阵条件数 cond(Ψ) = 3.88e+01
26-02-10-28 Loss=-2.966010 | E0=-1.04998332-0.00094733j | E1=-0.95566842+0.00125784j|E2=-0.61776252-0.00439857j|E3=-0.38258143+0.00441791j
26-02-10-28 #-----------------------------------------#
26-02-10-28 【Step 62】per-param 梯度范数超限，已裁剪：scale=0.2828 | 裁剪后 per_param=0.5000
26-02-10-28 [Step  62] logΨ: mean=4.526-0.099j | min=-0.472-2.087j | max=5.491+1.398j
26-02-10-28 梯度监控 | raw=22.9456 | per_param=0.5000 |  natural=0.0861 | clipped=0.0861(上限20.0)
26-02-10-28 原始规范坐标 G(Re Σrow_mean) = +16.1851 | 累计|g| = 6.6374
26-02-10-28 Ψ矩阵条件数 cond(Ψ) = 6.10e+01
26-02-10-28 Loss=-2.993673 | E0=-1.04730211+0.00032405j | E1=-0.95435582-0.00310862j|E2=-0.62202512-0.00360018j|E3=-0.40855478-0.00163825j
26-02-10-28 #-----------------------------------------#
26-02-10-28 【Step 63】per-param 梯度范数超限，已裁剪：scale=0.3176 | 裁剪后 per_param=0.5000
26-02-10-28 [Step  63] logΨ: mean=4.622-0.137j | min=-0.826+1.057j | max=5.561+1.394j
26-02-10-28 梯度监控 | raw=22.9456 | per_param=0.5000 |  natural=0.0521 | clipped=0.0521(上限20.0)
26-02-10-28 原始规范坐标 G(Re Σrow_mean) = +16.3127 | 累计|g| = 6.6374
26-02-10-28 Ψ矩阵条件数 cond(Ψ) = 4.34e+01
26-02-10-28 Loss=-3.013830 | E0=-1.04888919-0.00040492j | E1=-0.95457178-0.00061739j|E2=-0.62257192+0.00258694j|E3=-0.42774740-0.00348891j
26-02-10-28 #-----------------------------------------#
26-02-10-28 【Step 64】per-param 梯度范数超限，已裁剪：scale=0.2884 | 裁剪后 per_param=0.5000
26-02-10-28 [Step  64] logΨ: mean=4.744+0.044j | min=0.345+2.327j | max=5.640+1.360j
26-02-10-28 梯度监控 | raw=22.9456 | per_param=0.5000 |  natural=0.0530 | clipped=0.0530(上限20.0)
26-02-10-28 原始规范坐标 G(Re Σrow_mean) = +16.3385 | 累计|g| = 6.6374
26-02-10-28 Ψ矩阵条件数 cond(Ψ) = 4.15e+01
26-02-10-28 Loss=-3.022379 | E0=-1.04684630-0.00113969j | E1=-0.95406186+0.00256596j|E2=-0.62393961+0.00070229j|E3=-0.42612450-0.00138670j
26-02-10-28 #-----------------------------------------#
26-02-10-28 【Step 65】per-param 梯度范数超限，已裁剪：scale=0.2832 | 裁剪后 per_param=0.5000
26-02-10-28 [Step  65] logΨ: mean=4.806-0.311j | min=0.530-2.599j | max=5.749+1.290j
26-02-10-28 梯度监控 | raw=22.9456 | per_param=0.5000 |  natural=0.0678 | clipped=0.0678(上限20.0)
26-02-10-28 原始规范坐标 G(Re Σrow_mean) = +16.4214 | 累计|g| = 6.6374
26-02-10-28 Ψ矩阵条件数 cond(Ψ) = 5.94e+01
26-02-10-28 Loss=-3.020644 | E0=-1.04696661-0.00117507j | E1=-0.95443024+0.00052068j|E2=-0.62085624-0.00165701j|E3=-0.43049057-0.00111929j
26-02-10-28 #-----------------------------------------#
26-02-10-28 【Step 66】per-param 梯度范数超限，已裁剪：scale=0.3207 | 裁剪后 per_param=0.5000
26-02-10-29 [Step  66] logΨ: mean=4.954+0.134j | min=-1.721+3.026j | max=5.913+1.105j
26-02-10-29 梯度监控 | raw=22.9456 | per_param=0.5000 |  natural=0.1111 | clipped=0.1111(上限20.0)
26-02-10-29 原始规范坐标 G(Re Σrow_mean) = +16.6445 | 累计|g| = 6.6374
26-02-10-29 Ψ矩阵条件数 cond(Ψ) = 4.28e+01
26-02-10-29 Loss=-3.027471 | E0=-1.04833313-0.00398082j | E1=-0.95307025-0.00001641j|E2=-0.62112318-0.00586571j|E3=-0.45117583-0.00462862j
26-02-10-29 #-----------------------------------------#
26-02-10-29 【Step 67】per-param 梯度范数超限，已裁剪：scale=0.2778 | 裁剪后 per_param=0.5000
26-02-10-29 [Step  67] logΨ: mean=5.039-0.078j | min=0.041+0.196j | max=5.980+1.077j
26-02-10-29 梯度监控 | raw=22.9456 | per_param=0.5000 |  natural=0.0948 | clipped=0.0948(上限20.0)
26-02-10-29 原始规范坐标 G(Re Σrow_mean) = +16.7036 | 累计|g| = 6.6374
26-02-10-29 Ψ矩阵条件数 cond(Ψ) = 4.14e+01
26-02-10-29 Loss=-3.038207 | E0=-1.04797748-0.00024906j | E1=-0.95567514+0.00222035j|E2=-0.62306088+0.00306300j|E3=-0.44534195-0.00327482j
26-02-10-29 #-----------------------------------------#
26-02-10-29 【Step 68】per-param 梯度范数超限，已裁剪：scale=0.2977 | 裁剪后 per_param=0.5000
26-02-10-29 [Step  68] logΨ: mean=5.187-0.275j | min=0.741-2.226j | max=6.050+1.053j
26-02-10-29 梯度监控 | raw=22.9456 | per_param=0.5000 |  natural=0.0501 | clipped=0.0501(上限20.0)
26-02-10-29 原始规范坐标 G(Re Σrow_mean) = +16.7730 | 累计|g| = 6.6374
26-02-10-29 Ψ矩阵条件数 cond(Ψ) = 7.85e+01
26-02-10-29 Loss=-3.055615 | E0=-1.04546157-0.00045498j | E1=-0.95387320-0.00166273j|E2=-0.62326837+0.00356405j|E3=-0.46346562-0.00614148j
26-02-10-29 #-----------------------------------------#
26-02-10-29 【Step 69】per-param 梯度范数超限，已裁剪：scale=0.3893 | 裁剪后 per_param=0.5000
26-02-10-29 [Step  69] logΨ: mean=5.279-0.261j | min=0.355+2.402j | max=6.103+0.971j
26-02-10-29 梯度监控 | raw=22.9456 | per_param=0.5000 |  natural=0.0691 | clipped=0.0691(上限20.0)
26-02-10-29 原始规范坐标 G(Re Σrow_mean) = +16.9075 | 累计|g| = 6.6374
26-02-10-29 Ψ矩阵条件数 cond(Ψ) = 4.25e+01
26-02-10-29 Loss=-3.067628 | E0=-1.04818829+0.00073991j | E1=-0.95353495+0.00113701j|E2=-0.63123131+0.00090447j|E3=-0.47252606-0.00641880j
26-02-10-29 #-----------------------------------------#
26-02-10-29 [GaugeReset@70] 吸收 Δg = Σ Re(col_mean) = +16.9075 | 新|g| = 7.0418
26-02-10-29 【Step 70】per-param 梯度范数超限，已裁剪：scale=0.2729 | 裁剪后 per_param=0.5000
26-02-10-29 [Step  70] logΨ: mean=4.370+0.140j | min=-1.116+0.976j | max=5.241+1.561j
26-02-10-29 梯度监控 | raw=22.9456 | per_param=0.5000 |  natural=0.0920 | clipped=0.0920(上限20.0)
26-02-10-29 原始规范坐标 G(Re Σrow_mean) = +16.8769 | 累计|g| = 7.0418
26-02-10-29 Ψ矩阵条件数 cond(Ψ) = 4.28e+01
26-02-10-29 Loss=-3.056635 | E0=-1.04661493+0.00166063j | E1=-0.95318571-0.00119559j|E2=-0.61931844-0.00053215j|E3=-0.46716135+0.00011928j
26-02-10-29 #-----------------------------------------#
26-02-10-29 【Step 71】per-param 梯度范数超限，已裁剪：scale=0.4086 | 裁剪后 per_param=0.5000
26-02-10-29 [Step  71] logΨ: mean=4.491+0.356j | min=-0.164+2.754j | max=5.319+1.552j
26-02-10-29 梯度监控 | raw=22.9456 | per_param=0.5000 |  natural=0.0560 | clipped=0.0560(上限20.0)
26-02-10-29 原始规范坐标 G(Re Σrow_mean) = +17.0848 | 累计|g| = 7.0418
26-02-10-29 Ψ矩阵条件数 cond(Ψ) = 4.27e+01
26-02-10-29 Loss=-3.081459 | E0=-1.04867317+0.00309712j | E1=-0.95414879+0.00150110j|E2=-0.63496625+0.00089553j|E3=-0.47921314-0.00655559j
26-02-10-29 #-----------------------------------------#
26-02-10-29 【Step 72】per-param 梯度范数超限，已裁剪：scale=0.2966 | 裁剪后 per_param=0.5000
26-02-10-29 [Step  72] logΨ: mean=4.501+0.124j | min=0.387-1.238j | max=5.391+1.488j
26-02-10-29 梯度监控 | raw=22.9456 | per_param=0.5000 |  natural=0.0519 | clipped=0.0519(上限20.0)
26-02-10-29 原始规范坐标 G(Re Σrow_mean) = +17.0072 | 累计|g| = 7.0418
26-02-10-29 Ψ矩阵条件数 cond(Ψ) = 1.98e+02
26-02-10-29 Loss=-3.087366 | E0=-1.04816407-0.00170712j | E1=-0.95448093+0.00082791j|E2=-0.62949371+0.00117738j|E3=-0.47565233-0.00310786j
26-02-10-29 #-----------------------------------------#
26-02-10-29 【Step 73】per-param 梯度范数超限，已裁剪：scale=0.2765 | 裁剪后 per_param=0.5000
26-02-10-29 [Step  73] logΨ: mean=4.579+0.061j | min=-0.503+2.373j | max=5.454+1.479j
26-02-10-29 梯度监控 | raw=22.9456 | per_param=0.5000 |  natural=0.0544 | clipped=0.0544(上限20.0)
26-02-10-29 原始规范坐标 G(Re Σrow_mean) = +17.0566 | 累计|g| = 7.0418
26-02-10-29 Ψ矩阵条件数 cond(Ψ) = 4.43e+01
26-02-10-29 Loss=-3.075010 | E0=-1.04260777-0.00032073j | E1=-0.95320175+0.00174239j|E2=-0.62925574-0.00177686j|E3=-0.47289268-0.00258292j
26-02-10-29 #-----------------------------------------#
26-02-10-29 【Step 74】per-param 梯度范数超限，已裁剪：scale=0.2443 | 裁剪后 per_param=0.5000
26-02-10-29 [Step  74] logΨ: mean=4.611+0.263j | min=-0.934-2.166j | max=5.530+1.437j
26-02-10-29 梯度监控 | raw=22.9456 | per_param=0.5000 |  natural=0.0683 | clipped=0.0683(上限20.0)
26-02-10-29 原始规范坐标 G(Re Σrow_mean) = +17.1093 | 累计|g| = 7.0418
26-02-10-29 Ψ矩阵条件数 cond(Ψ) = 4.78e+01
26-02-10-29 Loss=-3.071900 | E0=-1.04814325+0.00013172j | E1=-0.95244252-0.00018288j|E2=-0.62998141-0.00364518j|E3=-0.47066642+0.00123349j
26-02-10-29 #-----------------------------------------#
26-02-10-29 【Step 75】per-param 梯度范数超限，已裁剪：scale=0.2232 | 裁剪后 per_param=0.5000
26-02-10-29 [Step  75] logΨ: mean=4.570+0.119j | min=-0.438+0.357j | max=5.591+1.403j
26-02-10-29 梯度监控 | raw=22.9456 | per_param=0.5000 |  natural=0.0393 | clipped=0.0393(上限20.0)
26-02-10-29 原始规范坐标 G(Re Σrow_mean) = +17.0497 | 累计|g| = 7.0418
26-02-10-29 Ψ矩阵条件数 cond(Ψ) = 8.34e+01
26-02-10-29 Loss=-3.061704 | E0=-1.04518154-0.00240441j | E1=-0.95554999-0.00126978j|E2=-0.62777134-0.00052084j|E3=-0.45195600+0.00098050j
26-02-10-29 #-----------------------------------------#
26-02-10-29 【Step 76】per-param 梯度范数超限，已裁剪：scale=0.2598 | 裁剪后 per_param=0.5000
26-02-10-29 [Step  76] logΨ: mean=4.694-0.160j | min=-0.523-1.664j | max=5.626+1.370j
26-02-10-29 梯度监控 | raw=22.9456 | per_param=0.5000 |  natural=0.0497 | clipped=0.0497(上限20.0)
26-02-10-29 原始规范坐标 G(Re Σrow_mean) = +17.2004 | 累计|g| = 7.0418
26-02-10-29 Ψ矩阵条件数 cond(Ψ) = 4.90e+01
26-02-10-29 Loss=-3.081911 | E0=-1.04761189-0.00029219j | E1=-0.95538098-0.00002739j|E2=-0.63415767-0.00069841j|E3=-0.46143979+0.00007690j
26-02-10-29 #-----------------------------------------#
26-02-10-29 【Step 77】per-param 梯度范数超限，已裁剪：scale=0.3498 | 裁剪后 per_param=0.5000
26-02-10-29 [Step  77] logΨ: mean=4.863+0.032j | min=0.159+0.573j | max=5.707+1.391j
26-02-10-29 梯度监控 | raw=22.9456 | per_param=0.5000 |  natural=0.0580 | clipped=0.0580(上限20.0)
26-02-10-29 原始规范坐标 G(Re Σrow_mean) = +17.3350 | 累计|g| = 7.0418
26-02-10-29 Ψ矩阵条件数 cond(Ψ) = 5.73e+01
26-02-10-29 Loss=-3.116996 | E0=-1.04782923+0.00084464j | E1=-0.95346315+0.00009264j|E2=-0.63464352+0.00080855j|E3=-0.49028439-0.00335034j
26-02-10-29 #-----------------------------------------#
26-02-10-29 【Step 78】per-param 梯度范数超限，已裁剪：scale=0.2567 | 裁剪后 per_param=0.5000
26-02-10-29 [Step  78] logΨ: mean=4.876-0.099j | min=-0.205+0.710j | max=5.786+1.339j
26-02-10-29 梯度监控 | raw=22.9456 | per_param=0.5000 |  natural=0.0581 | clipped=0.0581(上限20.0)
26-02-10-29 原始规范坐标 G(Re Σrow_mean) = +17.3445 | 累计|g| = 7.0418
26-02-10-29 Ψ矩阵条件数 cond(Ψ) = 4.98e+01
26-02-10-29 Loss=-3.088774 | E0=-1.04827165-0.00094047j | E1=-0.95435575-0.00190876j|E2=-0.63483667-0.00184827j|E3=-0.47068750+0.00177933j
26-02-10-29 #-----------------------------------------#
26-02-10-29 【Step 79】per-param 梯度范数超限，已裁剪：scale=0.2582 | 裁剪后 per_param=0.5000
26-02-10-29 [Step  79] logΨ: mean=5.008+0.010j | min=-0.930-2.269j | max=5.833+1.242j
26-02-10-29 梯度监控 | raw=22.9456 | per_param=0.5000 |  natural=0.0594 | clipped=0.0594(上限20.0)
26-02-10-29 原始规范坐标 G(Re Σrow_mean) = +17.4332 | 累计|g| = 7.0418
26-02-10-29 Ψ矩阵条件数 cond(Ψ) = 8.16e+01
26-02-10-29 Loss=-3.105675 | E0=-1.04864353+0.00149853j | E1=-0.95382007+0.00034773j|E2=-0.63819348-0.00100838j|E3=-0.48545623+0.00266587j
26-02-10-29 #-----------------------------------------#
26-02-10-29 [保存] Step 79 → pickle 文件已更新 (80 条记录)
26-02-10-29 [GaugeReset@80] 吸收 Δg = Σ Re(col_mean) = +17.4332 | 新|g| = 7.2849
26-02-10-29 【Step 80】per-param 梯度范数超限，已裁剪：scale=0.2196 | 裁剪后 per_param=0.5000
26-02-10-29 [Step  80] logΨ: mean=4.319+0.121j | min=-0.407+0.830j | max=5.337+1.568j
26-02-10-29 梯度监控 | raw=22.9456 | per_param=0.5000 |  natural=0.0562 | clipped=0.0562(上限20.0)
26-02-10-29 原始规范坐标 G(Re Σrow_mean) = +17.3713 | 累计|g| = 7.2849
26-02-10-29 Ψ矩阵条件数 cond(Ψ) = 5.24e+01
26-02-10-29 Loss=-3.097674 | E0=-1.05015454+0.00117274j | E1=-0.95561484-0.00149579j|E2=-0.63892765-0.00241807j|E3=-0.46725435+0.01116925j
26-02-10-29 #-----------------------------------------#
26-02-10-29 【Step 81】per-param 梯度范数超限，已裁剪：scale=0.1980 | 裁剪后 per_param=0.5000
26-02-10-29 [Step  81] logΨ: mean=4.443+0.074j | min=-1.677+0.904j | max=5.372+1.579j
26-02-10-29 梯度监控 | raw=22.9456 | per_param=0.5000 |  natural=0.0433 | clipped=0.0433(上限20.0)
26-02-10-29 原始规范坐标 G(Re Σrow_mean) = +17.3916 | 累计|g| = 7.2849
26-02-10-29 Ψ矩阵条件数 cond(Ψ) = 4.96e+01
26-02-10-29 Loss=-3.089207 | E0=-1.04834754-0.00100580j | E1=-0.95216408+0.00117978j|E2=-0.63158548+0.00254631j|E3=-0.46583396+0.00498267j
26-02-10-29 #-----------------------------------------#
26-02-10-29 【Step 82】per-param 梯度范数超限，已裁剪：scale=0.2372 | 裁剪后 per_param=0.5000
26-02-10-29 [Step  82] logΨ: mean=4.559+0.014j | min=-0.158+1.711j | max=5.414+1.569j
26-02-10-29 梯度监控 | raw=22.9456 | per_param=0.5000 |  natural=0.0398 | clipped=0.0398(上限20.0)
26-02-10-29 原始规范坐标 G(Re Σrow_mean) = +17.4968 | 累计|g| = 7.2849
26-02-10-29 Ψ矩阵条件数 cond(Ψ) = 5.32e+01
26-02-10-29 Loss=-3.111930 | E0=-1.04840833-0.00229492j | E1=-0.95422199+0.00064430j|E2=-0.63543230-0.00046538j|E3=-0.48836672-0.00109029j
26-02-10-29 #-----------------------------------------#
26-02-10-29 【Step 83】per-param 梯度范数超限，已裁剪：scale=0.2987 | 裁剪后 per_param=0.5000
26-02-10-29 [Step  83] logΨ: mean=4.545-0.001j | min=-1.767+2.250j | max=5.423+1.532j
26-02-10-29 梯度监控 | raw=22.9456 | per_param=0.5000 |  natural=0.0380 | clipped=0.0380(上限20.0)
26-02-10-29 原始规范坐标 G(Re Σrow_mean) = +17.5158 | 累计|g| = 7.2849
26-02-10-29 Ψ矩阵条件数 cond(Ψ) = 5.68e+01
26-02-10-29 Loss=-3.117207 | E0=-1.04658158+0.00064459j | E1=-0.95531422-0.00007206j|E2=-0.63921078+0.00045228j|E3=-0.48770595-0.00263303j
26-02-10-29 #-----------------------------------------#
26-02-10-29 【Step 84】per-param 梯度范数超限，已裁剪：scale=0.2579 | 裁剪后 per_param=0.5000
26-02-10-29 [Step  84] logΨ: mean=4.653+0.222j | min=-0.304-2.540j | max=5.453+1.530j
26-02-10-29 梯度监控 | raw=22.9456 | per_param=0.5000 |  natural=0.0372 | clipped=0.0372(上限20.0)
26-02-10-29 原始规范坐标 G(Re Σrow_mean) = +17.5833 | 累计|g| = 7.2849
26-02-10-29 Ψ矩阵条件数 cond(Ψ) = 5.48e+01
26-02-10-29 Loss=-3.120759 | E0=-1.04843891+0.00052994j | E1=-0.95535505+0.00127830j|E2=-0.63840714+0.00223507j|E3=-0.49252607-0.00015928j
26-02-10-29 #-----------------------------------------#
26-02-10-29 【Step 85】per-param 梯度范数超限，已裁剪：scale=0.3176 | 裁剪后 per_param=0.5000
26-02-10-29 [Step  85] logΨ: mean=4.716+0.325j | min=-0.379+0.890j | max=5.544+1.518j
26-02-10-29 梯度监控 | raw=22.9456 | per_param=0.5000 |  natural=0.0727 | clipped=0.0727(上限20.0)
26-02-10-29 原始规范坐标 G(Re Σrow_mean) = +17.6639 | 累计|g| = 7.2849
26-02-10-29 Ψ矩阵条件数 cond(Ψ) = 5.53e+01
26-02-10-29 Loss=-3.128150 | E0=-1.04974575-0.00039661j | E1=-0.95500567-0.00161923j|E2=-0.64243529-0.00074657j|E3=-0.49607972-0.00172782j
26-02-10-29 #-----------------------------------------#
26-02-10-29 【Step 86】per-param 梯度范数超限，已裁剪：scale=0.3374 | 裁剪后 per_param=0.5000
26-02-10-29 [Step  86] logΨ: mean=4.787+0.193j | min=-1.232+2.874j | max=5.623+1.489j
26-02-10-29 梯度监控 | raw=22.9456 | per_param=0.5000 |  natural=0.0672 | clipped=0.0672(上限20.0)
26-02-10-29 原始规范坐标 G(Re Σrow_mean) = +17.8166 | 累计|g| = 7.2849
26-02-10-29 Ψ矩阵条件数 cond(Ψ) = 6.02e+01
26-02-10-29 Loss=-3.124685 | E0=-1.05079726+0.00115998j | E1=-0.95266558-0.00100803j|E2=-0.63933764+0.00255123j|E3=-0.50485743-0.00337644j
26-02-10-29 #-----------------------------------------#
26-02-10-30 【Step 87】per-param 梯度范数超限，已裁剪：scale=0.1876 | 裁剪后 per_param=0.5000
26-02-10-30 [Step  87] logΨ: mean=4.845+0.176j | min=-0.462+2.854j | max=5.653+1.439j
26-02-10-30 梯度监控 | raw=22.9456 | per_param=0.5000 |  natural=0.0353 | clipped=0.0353(上限20.0)
26-02-10-30 原始规范坐标 G(Re Σrow_mean) = +17.7361 | 累计|g| = 7.2849
26-02-10-30 Ψ矩阵条件数 cond(Ψ) = 5.91e+01
26-02-10-30 Loss=-3.124976 | E0=-1.04743925-0.00009754j | E1=-0.95362875+0.00083898j|E2=-0.64589682-0.00045620j|E3=-0.47992312+0.00452528j
26-02-10-30 #-----------------------------------------#
26-02-10-30 【Step 88】per-param 梯度范数超限，已裁剪：scale=0.2560 | 裁剪后 per_param=0.5000
26-02-10-30 [Step  88] logΨ: mean=4.859+0.068j | min=0.221+1.515j | max=5.699+1.409j
26-02-10-30 梯度监控 | raw=22.9456 | per_param=0.5000 |  natural=0.0385 | clipped=0.0385(上限20.0)
26-02-10-30 原始规范坐标 G(Re Σrow_mean) = +17.8428 | 累计|g| = 7.2849
26-02-10-30 Ψ矩阵条件数 cond(Ψ) = 7.13e+01
26-02-10-30 Loss=-3.139468 | E0=-1.04977827+0.00072463j | E1=-0.95502620+0.00137574j|E2=-0.64181779+0.00036753j|E3=-0.50453311-0.00189871j
26-02-10-30 #-----------------------------------------#
26-02-10-30 【Step 89】per-param 梯度范数超限，已裁剪：scale=0.2200 | 裁剪后 per_param=0.5000
26-02-10-30 [Step  89] logΨ: mean=4.863+0.013j | min=-1.612-2.916j | max=5.713+1.409j
26-02-10-30 梯度监控 | raw=22.9456 | per_param=0.5000 |  natural=0.0328 | clipped=0.0328(上限20.0)
26-02-10-30 原始规范坐标 G(Re Σrow_mean) = +17.7964 | 累计|g| = 7.2849
26-02-10-30 Ψ矩阵条件数 cond(Ψ) = 7.12e+01
26-02-10-30 Loss=-3.131542 | E0=-1.04621118+0.00032487j | E1=-0.95496076+0.00257077j|E2=-0.63971482+0.00345379j|E3=-0.49487557-0.00249484j
26-02-10-30 #-----------------------------------------#
26-02-10-30 [GaugeReset@90] 吸收 Δg = Σ Re(col_mean) = +17.7964 | 新|g| = 7.4492
26-02-10-30 【Step 90】per-param 梯度范数超限，已裁剪：scale=0.2649 | 裁剪后 per_param=0.5000
26-02-10-30 [Step  90] logΨ: mean=4.513+0.246j | min=-0.112+1.173j | max=5.358+1.585j
26-02-10-30 梯度监控 | raw=22.9456 | per_param=0.5000 |  natural=0.0314 | clipped=0.0314(上限20.0)
26-02-10-30 原始规范坐标 G(Re Σrow_mean) = +17.8520 | 累计|g| = 7.4492
26-02-10-30 Ψ矩阵条件数 cond(Ψ) = 6.05e+01
26-02-10-30 Loss=-3.136538 | E0=-1.04713267-0.00127487j | E1=-0.95475890-0.00095877j|E2=-0.64204710+0.00115687j|E3=-0.50286907+0.00031996j
26-02-10-30 #-----------------------------------------#
26-02-10-30 【Step 91】per-param 梯度范数超限，已裁剪：scale=0.2190 | 裁剪后 per_param=0.5000
26-02-10-30 [Step  91] logΨ: mean=4.620+0.167j | min=-1.219-1.784j | max=5.402+1.569j
26-02-10-30 梯度监控 | raw=22.9456 | per_param=0.5000 |  natural=0.0382 | clipped=0.0382(上限20.0)
26-02-10-30 原始规范坐标 G(Re Σrow_mean) = +17.8886 | 累计|g| = 7.4492
26-02-10-30 Ψ矩阵条件数 cond(Ψ) = 5.71e+01
26-02-10-30 Loss=-3.149250 | E0=-1.04906717+0.00026343j | E1=-0.95366539+0.00109540j|E2=-0.64284814+0.00117481j|E3=-0.50100918+0.00115999j
26-02-10-30 #-----------------------------------------#
26-02-10-30 【Step 92】per-param 梯度范数超限，已裁剪：scale=0.2453 | 裁剪后 per_param=0.5000
26-02-10-30 [Step  92] logΨ: mean=4.559+0.261j | min=0.051-1.413j | max=5.451+1.571j
26-02-10-30 梯度监控 | raw=22.9456 | per_param=0.5000 |  natural=0.0635 | clipped=0.0635(上限20.0)
26-02-10-30 原始规范坐标 G(Re Σrow_mean) = +17.9430 | 累计|g| = 7.4492
26-02-10-30 Ψ矩阵条件数 cond(Ψ) = 8.64e+01
26-02-10-30 Loss=-3.140268 | E0=-1.05021515+0.00031868j | E1=-0.95545910+0.00121429j|E2=-0.64263534+0.00077276j|E3=-0.49901121+0.00099121j
26-02-10-30 #-----------------------------------------#
26-02-10-30 【Step 93】per-param 梯度范数超限，已裁剪：scale=0.1636 | 裁剪后 per_param=0.5000
26-02-10-30 [Step  93] logΨ: mean=4.605-0.029j | min=-0.330+2.805j | max=5.534+1.521j
26-02-10-30 梯度监控 | raw=22.9456 | per_param=0.5000 |  natural=0.0461 | clipped=0.0461(上限20.0)
26-02-10-30 原始规范坐标 G(Re Σrow_mean) = +17.9525 | 累计|g| = 7.4492
26-02-10-30 Ψ矩阵条件数 cond(Ψ) = 6.31e+01
26-02-10-30 Loss=-3.128073 | E0=-1.04973505-0.00425922j | E1=-0.95424235+0.00105864j|E2=-0.64058716+0.00033555j|E3=-0.48807500+0.00795983j
26-02-10-30 #-----------------------------------------#
26-02-10-30 【Step 94】per-param 梯度范数超限，已裁剪：scale=0.1700 | 裁剪后 per_param=0.5000
26-02-10-30 [Step  94] logΨ: mean=4.840+0.002j | min=0.065-2.666j | max=5.579+1.470j
26-02-10-30 梯度监控 | raw=22.9456 | per_param=0.5000 |  natural=0.0414 | clipped=0.0414(上限20.0)
26-02-10-30 原始规范坐标 G(Re Σrow_mean) = +18.1126 | 累计|g| = 7.4492
26-02-10-30 Ψ矩阵条件数 cond(Ψ) = 8.50e+01
26-02-10-30 Loss=-3.144271 | E0=-1.04884576+0.00038029j | E1=-0.95606544-0.00067126j|E2=-0.64775556-0.00296722j|E3=-0.49362687+0.00569143j
26-02-10-30 #-----------------------------------------#
26-02-10-30 【Step 95】per-param 梯度范数超限，已裁剪：scale=0.1619 | 裁剪后 per_param=0.5000
26-02-10-30 [Step  95] logΨ: mean=4.756+0.060j | min=-0.270+1.884j | max=5.601+1.426j
26-02-10-30 梯度监控 | raw=22.9456 | per_param=0.5000 |  natural=0.0273 | clipped=0.0273(上限20.0)
26-02-10-30 原始规范坐标 G(Re Σrow_mean) = +18.0717 | 累计|g| = 7.4492
26-02-10-30 Ψ矩阵条件数 cond(Ψ) = 9.25e+01
26-02-10-30 Loss=-3.141605 | E0=-1.04840993-0.00238885j | E1=-0.95445157+0.00046664j|E2=-0.64734133-0.00382154j|E3=-0.49507017+0.00621435j
26-02-10-30 #-----------------------------------------#
26-02-10-30 【Step 96】per-param 梯度范数超限，已裁剪：scale=0.1641 | 裁剪后 per_param=0.5000
26-02-10-30 [Step  96] logΨ: mean=4.847+0.020j | min=-1.772-2.863j | max=5.633+1.422j
26-02-10-30 梯度监控 | raw=22.9456 | per_param=0.5000 |  natural=0.0307 | clipped=0.0307(上限20.0)
26-02-10-30 原始规范坐标 G(Re Σrow_mean) = +18.1236 | 累计|g| = 7.4492
26-02-10-30 Ψ矩阵条件数 cond(Ψ) = 6.20e+01
26-02-10-30 Loss=-3.145859 | E0=-1.04898498+0.00102744j | E1=-0.95358667+0.00095552j|E2=-0.64083059+0.00022836j|E3=-0.49986257+0.00180410j
26-02-10-30 #-----------------------------------------#
26-02-10-30 【Step 97】per-param 梯度范数超限，已裁剪：scale=0.2183 | 裁剪后 per_param=0.5000
26-02-10-30 [Step  97] logΨ: mean=4.811-0.123j | min=-0.373-2.221j | max=5.655+1.384j
26-02-10-30 梯度监控 | raw=22.9456 | per_param=0.5000 |  natural=0.0431 | clipped=0.0431(上限20.0)
26-02-10-30 原始规范坐标 G(Re Σrow_mean) = +18.1594 | 累计|g| = 7.4492
26-02-10-30 Ψ矩阵条件数 cond(Ψ) = 6.40e+01
26-02-10-30 Loss=-3.158796 | E0=-1.05028368-0.00133496j | E1=-0.95526659+0.00032132j|E2=-0.64444371-0.00090009j|E3=-0.50909456-0.00079272j
26-02-10-30 #-----------------------------------------#
26-02-10-30 【Step 98】per-param 梯度范数超限，已裁剪：scale=0.2389 | 裁剪后 per_param=0.5000
26-02-10-30 [Step  98] logΨ: mean=5.006+0.057j | min=-2.270+0.488j | max=5.730+1.353j
26-02-10-30 梯度监控 | raw=22.9456 | per_param=0.5000 |  natural=0.0624 | clipped=0.0624(上限20.0)
26-02-10-30 原始规范坐标 G(Re Σrow_mean) = +18.3833 | 累计|g| = 7.4492
26-02-10-30 Ψ矩阵条件数 cond(Ψ) = 5.12e+01
26-02-10-30 Loss=-3.159573 | E0=-1.05178459+0.00116003j | E1=-0.95525621-0.00006691j|E2=-0.65470128-0.00047670j|E3=-0.50912707+0.00108880j
26-02-10-30 #-----------------------------------------#
26-02-10-30 【Step 99】per-param 梯度范数超限，已裁剪：scale=0.1773 | 裁剪后 per_param=0.5000
26-02-10-30 [Step  99] logΨ: mean=4.953-0.031j | min=-0.449+0.085j | max=5.774+1.251j
26-02-10-30 梯度监控 | raw=22.9456 | per_param=0.5000 |  natural=0.0540 | clipped=0.0540(上限20.0)
26-02-10-30 原始规范坐标 G(Re Σrow_mean) = +18.3279 | 累计|g| = 7.4492
26-02-10-30 Ψ矩阵条件数 cond(Ψ) = 6.35e+01
26-02-10-30 Loss=-3.154519 | E0=-1.04775997-0.00243431j | E1=-0.95381665-0.00095989j|E2=-0.64348317+0.00178321j|E3=-0.50924223-0.00001263j
26-02-10-30 #-----------------------------------------#
26-02-10-30 [保存] Step 99 → pickle 文件已更新 (100 条记录)
26-02-10-30 [GaugeReset@100] 吸收 Δg = Σ Re(col_mean) = +18.3279 | 新|g| = 7.6865
26-02-10-30 【Step 100】per-param 梯度范数超限，已裁剪：scale=0.1835 | 裁剪后 per_param=0.5000
26-02-10-30 [Step 100] logΨ: mean=4.438+0.330j | min=-0.036+0.298j | max=5.244+1.633j
26-02-10-30 梯度监控 | raw=22.9456 | per_param=0.5000 |  natural=0.0215 | clipped=0.0215(上限20.0)
26-02-10-30 原始规范坐标 G(Re Σrow_mean) = +18.3459 | 累计|g| = 7.6865
26-02-10-30 Ψ矩阵条件数 cond(Ψ) = 1.01e+02
26-02-10-30 Loss=-3.159951 | E0=-1.04899108+0.00030354j | E1=-0.95515274-0.00148089j|E2=-0.64683228-0.00025724j|E3=-0.50821191+0.00186971j
26-02-10-30 #-----------------------------------------#
26-02-10-30 【Step 101】per-param 梯度范数超限，已裁剪：scale=0.1225 | 裁剪后 per_param=0.5000
26-02-10-30 [Step 101] logΨ: mean=4.354+0.320j | min=-0.816-1.568j | max=5.270+1.606j
26-02-10-30 梯度监控 | raw=22.9456 | per_param=0.5000 |  natural=0.0254 | clipped=0.0254(上限20.0)
26-02-10-30 原始规范坐标 G(Re Σrow_mean) = +18.3019 | 累计|g| = 7.6865
26-02-10-30 Ψ矩阵条件数 cond(Ψ) = 1.20e+02
26-02-10-30 Loss=-3.144316 | E0=-1.04888308-0.00061791j | E1=-0.95351651-0.00106258j|E2=-0.64504877+0.00123493j|E3=-0.49501951+0.00916286j
26-02-10-30 #-----------------------------------------#
26-02-10-30 【Step 102】per-param 梯度范数超限，已裁剪：scale=0.1496 | 裁剪后 per_param=0.5000
26-02-10-30 [Step 102] logΨ: mean=4.456+0.245j | min=-0.878-2.766j | max=5.303+1.584j
26-02-10-30 梯度监控 | raw=22.9456 | per_param=0.5000 |  natural=0.0224 | clipped=0.0224(上限20.0)
26-02-10-30 原始规范坐标 G(Re Σrow_mean) = +18.4040 | 累计|g| = 7.6865
26-02-10-30 Ψ矩阵条件数 cond(Ψ) = 1.08e+02
26-02-10-30 Loss=-3.171114 | E0=-1.05152900-0.00093716j | E1=-0.95733122-0.00048850j|E2=-0.64385652+0.00087629j|E3=-0.51145698+0.00067164j
26-02-10-30 #-----------------------------------------#
26-02-10-30 【Step 103】per-param 梯度范数超限，已裁剪：scale=0.2201 | 裁剪后 per_param=0.5000
26-02-10-30 [Step 103] logΨ: mean=4.525+0.205j | min=-2.090-1.133j | max=5.332+1.552j
26-02-10-30 梯度监控 | raw=22.9456 | per_param=0.5000 |  natural=0.0305 | clipped=0.0305(上限20.0)
26-02-10-30 原始规范坐标 G(Re Σrow_mean) = +18.4724 | 累计|g| = 7.6865
26-02-10-30 Ψ矩阵条件数 cond(Ψ) = 5.88e+01
26-02-10-30 Loss=-3.169016 | E0=-1.04833824-0.00008298j | E1=-0.95673029-0.00022880j|E2=-0.64760448-0.00181596j|E3=-0.51805714-0.00286119j
26-02-10-30 #-----------------------------------------#
26-02-10-30 【Step 104】per-param 梯度范数超限，已裁剪：scale=0.1795 | 裁剪后 per_param=0.5000
26-02-10-30 [Step 104] logΨ: mean=4.555+0.198j | min=-0.638+0.410j | max=5.379+1.485j
26-02-10-30 梯度监控 | raw=22.9456 | per_param=0.5000 |  natural=0.0467 | clipped=0.0467(上限20.0)
26-02-10-30 原始规范坐标 G(Re Σrow_mean) = +18.5302 | 累计|g| = 7.6865
26-02-10-30 Ψ矩阵条件数 cond(Ψ) = 1.20e+02
26-02-10-30 Loss=-3.162673 | E0=-1.04805558+0.00036357j | E1=-0.95665914+0.00075785j|E2=-0.64536005-0.00085399j|E3=-0.51644686-0.00226196j
26-02-10-30 #-----------------------------------------#
26-02-10-30 【Step 105】per-param 梯度范数超限，已裁剪：scale=0.1474 | 裁剪后 per_param=0.5000
26-02-10-30 [Step 105] logΨ: mean=4.603+0.068j | min=-0.724+2.361j | max=5.429+1.489j
26-02-10-30 梯度监控 | raw=22.9456 | per_param=0.5000 |  natural=0.0241 | clipped=0.0241(上限20.0)
26-02-10-30 原始规范坐标 G(Re Σrow_mean) = +18.5431 | 累计|g| = 7.6865
26-02-10-30 Ψ矩阵条件数 cond(Ψ) = 1.71e+02
26-02-10-30 Loss=-3.161505 | E0=-1.05160742-0.00013751j | E1=-0.95241929+0.00120547j|E2=-0.64143427+0.00342707j|E3=-0.51512033-0.00208567j
26-02-10-30 #-----------------------------------------#
26-02-10-30 【Step 106】per-param 梯度范数超限，已裁剪：scale=0.1236 | 裁剪后 per_param=0.5000
26-02-10-30 [Step 106] logΨ: mean=4.630+0.385j | min=-0.431-0.827j | max=5.477+1.473j
26-02-10-30 梯度监控 | raw=22.9456 | per_param=0.5000 |  natural=0.0296 | clipped=0.0296(上限20.0)
26-02-10-30 原始规范坐标 G(Re Σrow_mean) = +18.6466 | 累计|g| = 7.6865
26-02-10-30 Ψ矩阵条件数 cond(Ψ) = 1.43e+02
26-02-10-30 Loss=-3.153605 | E0=-1.05180449+0.00017082j | E1=-0.95245643+0.00228109j|E2=-0.64923829+0.00110832j|E3=-0.50707962+0.00269615j
26-02-10-30 #-----------------------------------------#
26-02-10-30 【Step 107】per-param 梯度范数超限，已裁剪：scale=0.1279 | 裁剪后 per_param=0.5000
26-02-10-30 [Step 107] logΨ: mean=4.679-0.042j | min=0.314+1.984j | max=5.490+1.450j
26-02-10-30 梯度监控 | raw=22.9456 | per_param=0.5000 |  natural=0.0264 | clipped=0.0264(上限20.0)
26-02-10-30 原始规范坐标 G(Re Σrow_mean) = +18.6127 | 累计|g| = 7.6865
26-02-10-30 Ψ矩阵条件数 cond(Ψ) = 9.88e+01
26-02-10-30 Loss=-3.171493 | E0=-1.04772004+0.00146841j | E1=-0.95637687-0.00010057j|E2=-0.64682137-0.00080614j|E3=-0.51431211+0.00338886j
26-02-10-30 #-----------------------------------------#
26-02-10-31 【Step 108】per-param 梯度范数超限，已裁剪：scale=0.1059 | 裁剪后 per_param=0.5000
26-02-10-31 [Step 108] logΨ: mean=4.710-0.065j | min=-1.849+1.170j | max=5.567+1.401j
26-02-10-31 梯度监控 | raw=22.9456 | per_param=0.5000 |  natural=0.0390 | clipped=0.0390(上限20.0)
26-02-10-31 原始规范坐标 G(Re Σrow_mean) = +18.7097 | 累计|g| = 7.6865
26-02-10-31 Ψ矩阵条件数 cond(Ψ) = 1.47e+02
26-02-10-31 Loss=-3.153262 | E0=-1.04969319-0.00109265j | E1=-0.95104547-0.00075391j|E2=-0.64290868-0.00022518j|E3=-0.51061577+0.00227780j
26-02-10-31 #-----------------------------------------#
26-02-10-31 【Step 109】per-param 梯度范数超限，已裁剪：scale=0.0949 | 裁剪后 per_param=0.5000
26-02-10-31 [Step 109] logΨ: mean=4.687+0.189j | min=-1.680+1.436j | max=5.591+1.374j
26-02-10-31 梯度监控 | raw=22.9456 | per_param=0.5000 |  natural=0.0245 | clipped=0.0245(上限20.0)
26-02-10-31 原始规范坐标 G(Re Σrow_mean) = +18.7309 | 累计|g| = 7.6865
26-02-10-31 Ψ矩阵条件数 cond(Ψ) = 9.63e+01
26-02-10-31 Loss=-3.163562 | E0=-1.05232333+0.00002243j | E1=-0.95271517-0.00110311j|E2=-0.65036635-0.00176786j|E3=-0.51110034+0.00318529j
26-02-10-31 #-----------------------------------------#
26-02-10-31 [GaugeReset@110] 吸收 Δg = Σ Re(col_mean) = +18.7309 | 新|g| = 7.8688
26-02-10-31 【Step 110】per-param 梯度范数超限，已裁剪：scale=0.1060 | 裁剪后 per_param=0.5000
26-02-10-31 [Step 110] logΨ: mean=4.393+0.418j | min=-1.031+1.260j | max=5.190+1.729j
26-02-10-31 梯度监控 | raw=22.9456 | per_param=0.5000 |  natural=0.0105 | clipped=0.0105(上限20.0)
26-02-10-31 原始规范坐标 G(Re Σrow_mean) = +18.7727 | 累计|g| = 7.8688
26-02-10-31 Ψ矩阵条件数 cond(Ψ) = 7.99e+01
26-02-10-31 Loss=-3.165849 | E0=-1.05036822+0.00115031j | E1=-0.95487010-0.00074420j|E2=-0.64995891+0.00107307j|E3=-0.50810891+0.00149748j
26-02-10-31 #-----------------------------------------#
26-02-10-31 【Step 111】per-param 梯度范数超限，已裁剪：scale=0.1059 | 裁剪后 per_param=0.5000
26-02-10-31 [Step 111] logΨ: mean=4.445+0.420j | min=-0.787-2.378j | max=5.226+1.726j
26-02-10-31 梯度监控 | raw=22.9456 | per_param=0.5000 |  natural=0.0196 | clipped=0.0196(上限20.0)
26-02-10-31 原始规范坐标 G(Re Σrow_mean) = +18.8216 | 累计|g| = 7.8688
26-02-10-31 Ψ矩阵条件数 cond(Ψ) = 1.33e+02
26-02-10-31 Loss=-3.163972 | E0=-1.04979905+0.00113544j | E1=-0.95291231+0.00050304j|E2=-0.65008465+0.00280469j|E3=-0.50973828+0.00009167j
26-02-10-31 #-----------------------------------------#
26-02-10-31 【Step 112】per-param 梯度范数超限，已裁剪：scale=0.1251 | 裁剪后 per_param=0.5000
26-02-10-31 [Step 112] logΨ: mean=4.504+0.300j | min=-0.094+1.078j | max=5.238+1.722j
26-02-10-31 梯度监控 | raw=22.9456 | per_param=0.5000 |  natural=0.0087 | clipped=0.0087(上限20.0)
26-02-10-31 原始规范坐标 G(Re Σrow_mean) = +18.9064 | 累计|g| = 7.8688
26-02-10-31 Ψ矩阵条件数 cond(Ψ) = 9.72e+01
26-02-10-31 Loss=-3.162450 | E0=-1.04798910+0.00126268j | E1=-0.95509141+0.00074432j|E2=-0.65202216+0.00039221j|E3=-0.51475905+0.00053079j
26-02-10-31 #-----------------------------------------#
26-02-10-31 【Step 113】per-param 梯度范数超限，已裁剪：scale=0.1160 | 裁剪后 per_param=0.5000
26-02-10-31 [Step 113] logΨ: mean=4.459+0.149j | min=-3.184-2.265j | max=5.267+1.703j
26-02-10-31 梯度监控 | raw=22.9456 | per_param=0.5000 |  natural=0.0290 | clipped=0.0290(上限20.0)
26-02-10-31 原始规范坐标 G(Re Σrow_mean) = +18.8595 | 累计|g| = 7.8688
26-02-10-31 Ψ矩阵条件数 cond(Ψ) = 1.32e+02
26-02-10-31 Loss=-3.164070 | E0=-1.05146296-0.00223872j | E1=-0.95548740-0.00026350j|E2=-0.65065971+0.00118776j|E3=-0.51174902+0.00027383j
26-02-10-31 #-----------------------------------------#
26-02-10-31 【Step 114】per-param 梯度范数超限，已裁剪：scale=0.1422 | 裁剪后 per_param=0.5000
26-02-10-31 [Step 114] logΨ: mean=4.477+0.313j | min=-0.870-2.463j | max=5.300+1.681j
26-02-10-31 梯度监控 | raw=22.9456 | per_param=0.5000 |  natural=0.0352 | clipped=0.0352(上限20.0)
26-02-10-31 原始规范坐标 G(Re Σrow_mean) = +18.9437 | 累计|g| = 7.8688
26-02-10-31 Ψ矩阵条件数 cond(Ψ) = 1.00e+02
26-02-10-31 Loss=-3.173935 | E0=-1.05029449-0.00006616j | E1=-0.95501902+0.00075754j|E2=-0.64979166-0.00016314j|E3=-0.51853199-0.00191535j
26-02-10-31 #-----------------------------------------#
26-02-10-31 【Step 115】per-param 梯度范数超限，已裁剪：scale=0.0973 | 裁剪后 per_param=0.5000
26-02-10-31 [Step 115] logΨ: mean=4.419+0.358j | min=-0.688-1.854j | max=5.307+1.659j
26-02-10-31 梯度监控 | raw=22.9456 | per_param=0.5000 |  natural=0.0144 | clipped=0.0144(上限20.0)
26-02-10-31 原始规范坐标 G(Re Σrow_mean) = +18.8669 | 累计|g| = 7.8688
26-02-10-31 Ψ矩阵条件数 cond(Ψ) = 1.07e+02
26-02-10-31 Loss=-3.167240 | E0=-1.04998032-0.00149142j | E1=-0.95434838-0.00136714j|E2=-0.64950747-0.00120730j|E3=-0.51391277+0.00381185j
26-02-10-31 #-----------------------------------------#
26-02-10-31 【Step 116】per-param 梯度范数超限，已裁剪：scale=0.1068 | 裁剪后 per_param=0.5000
26-02-10-31 [Step 116] logΨ: mean=4.528+0.281j | min=-0.896+2.820j | max=5.333+1.625j
26-02-10-31 梯度监控 | raw=22.9456 | per_param=0.5000 |  natural=0.0270 | clipped=0.0270(上限20.0)
26-02-10-31 原始规范坐标 G(Re Σrow_mean) = +18.9072 | 累计|g| = 7.8688
26-02-10-31 Ψ矩阵条件数 cond(Ψ) = 1.07e+02
26-02-10-31 Loss=-3.171389 | E0=-1.04838681+0.00119964j | E1=-0.95553984-0.00005390j|E2=-0.64725385+0.00033431j|E3=-0.51616826+0.00215925j
26-02-10-31 #-----------------------------------------#
26-02-10-31 【Step 117】per-param 梯度范数超限，已裁剪：scale=0.0941 | 裁剪后 per_param=0.5000
26-02-10-31 [Step 117] logΨ: mean=4.553+0.301j | min=-0.456-2.589j | max=5.331+1.618j
26-02-10-31 梯度监控 | raw=22.9456 | per_param=0.5000 |  natural=0.0165 | clipped=0.0165(上限20.0)
26-02-10-31 原始规范坐标 G(Re Σrow_mean) = +18.9446 | 累计|g| = 7.8688
26-02-10-31 Ψ矩阵条件数 cond(Ψ) = 2.55e+02
26-02-10-31 Loss=-3.175042 | E0=-1.04957474+0.00126897j | E1=-0.95542306+0.00223756j|E2=-0.65221393-0.00247936j|E3=-0.51395397+0.00009068j
26-02-10-31 #-----------------------------------------#
26-02-10-31 【Step 118】per-param 梯度范数超限，已裁剪：scale=0.1300 | 裁剪后 per_param=0.5000
26-02-10-31 [Step 118] logΨ: mean=4.579+0.175j | min=-0.392+1.194j | max=5.390+1.610j
26-02-10-31 梯度监控 | raw=22.9456 | per_param=0.5000 |  natural=0.0343 | clipped=0.0343(上限20.0)
26-02-10-31 原始规范坐标 G(Re Σrow_mean) = +19.0289 | 累计|g| = 7.8688
26-02-10-31 Ψ矩阵条件数 cond(Ψ) = 7.43e+01
26-02-10-31 Loss=-3.185535 | E0=-1.05118113+0.00180147j | E1=-0.95546624+0.00057136j|E2=-0.65099164+0.00015488j|E3=-0.52465458-0.00165334j
26-02-10-31 #-----------------------------------------#
26-02-10-31 【Step 119】per-param 梯度范数超限，已裁剪：scale=0.1179 | 裁剪后 per_param=0.5000
26-02-10-31 [Step 119] logΨ: mean=4.631+0.233j | min=-0.226+0.960j | max=5.462+1.555j
26-02-10-31 梯度监控 | raw=22.9456 | per_param=0.5000 |  natural=0.0431 | clipped=0.0431(上限20.0)
26-02-10-31 原始规范坐标 G(Re Σrow_mean) = +19.1174 | 累计|g| = 7.8688
26-02-10-31 Ψ矩阵条件数 cond(Ψ) = 2.27e+02
26-02-10-31 Loss=-3.180541 | E0=-1.04692027-0.00328239j | E1=-0.95453409+0.00010920j|E2=-0.65656517+0.00027539j|E3=-0.52112443+0.00044799j
26-02-10-31 #-----------------------------------------#
26-02-10-31 [保存] Step 119 → pickle 文件已更新 (120 条记录)
26-02-10-31 [GaugeReset@120] 吸收 Δg = Σ Re(col_mean) = +19.1174 | 新|g| = 8.0379
26-02-10-31 【Step 120】per-param 梯度范数超限，已裁剪：scale=0.1020 | 裁剪后 per_param=0.5000
26-02-10-31 [Step 120] logΨ: mean=4.383+0.481j | min=-0.724+1.008j | max=5.109+1.971j
26-02-10-31 梯度监控 | raw=22.9456 | per_param=0.5000 |  natural=0.0120 | clipped=0.0120(上限20.0)
26-02-10-31 原始规范坐标 G(Re Σrow_mean) = +19.1572 | 累计|g| = 8.0379
26-02-10-31 Ψ矩阵条件数 cond(Ψ) = 5.97e+01
26-02-10-31 Loss=-3.180365 | E0=-1.04806942+0.00218625j | E1=-0.95608226+0.00065966j|E2=-0.65232342+0.00031763j|E3=-0.51775438-0.00016881j
26-02-10-31 #-----------------------------------------#
26-02-10-31 【Step 121】per-param 梯度范数超限，已裁剪：scale=0.0969 | 裁剪后 per_param=0.5000
26-02-10-31 [Step 121] logΨ: mean=4.387+0.299j | min=-1.470+2.286j | max=5.109+1.963j
26-02-10-31 梯度监控 | raw=22.9456 | per_param=0.5000 |  natural=0.0080 | clipped=0.0080(上限20.0)
26-02-10-31 原始规范坐标 G(Re Σrow_mean) = +19.1493 | 累计|g| = 8.0379
26-02-10-31 Ψ矩阵条件数 cond(Ψ) = 1.21e+02
26-02-10-31 Loss=-3.190093 | E0=-1.05032452+0.00020903j | E1=-0.95591041+0.00057517j|E2=-0.65199280-0.00006915j|E3=-0.51948437-0.00052919j
26-02-10-31 #-----------------------------------------#
26-02-10-31 【Step 122】per-param 梯度范数超限，已裁剪：scale=0.1341 | 裁剪后 per_param=0.5000
26-02-10-31 [Step 122] logΨ: mean=4.358+0.753j | min=-0.173-2.658j | max=5.118+1.900j
26-02-10-31 梯度监控 | raw=22.9456 | per_param=0.5000 |  natural=0.0192 | clipped=0.0192(上限20.0)
26-02-10-31 原始规范坐标 G(Re Σrow_mean) = +19.2009 | 累计|g| = 8.0379
26-02-10-31 Ψ矩阵条件数 cond(Ψ) = 1.17e+02
26-02-10-31 Loss=-3.182726 | E0=-1.05172840-0.00006950j | E1=-0.95388581-0.00036117j|E2=-0.65235488-0.00156013j|E3=-0.52526371-0.00316317j
26-02-10-31 #-----------------------------------------#
26-02-10-31 【Step 123】per-param 梯度范数超限，已裁剪：scale=0.1386 | 裁剪后 per_param=0.5000
26-02-10-31 [Step 123] logΨ: mean=4.312+0.593j | min=-1.694+2.743j | max=5.163+1.840j
26-02-10-31 梯度监控 | raw=22.9456 | per_param=0.5000 |  natural=0.0497 | clipped=0.0497(上限20.0)
26-02-10-31 原始规范坐标 G(Re Σrow_mean) = +19.2294 | 累计|g| = 8.0379
26-02-10-31 Ψ矩阵条件数 cond(Ψ) = 1.39e+02
26-02-10-31 Loss=-3.169902 | E0=-1.05048045-0.00124059j | E1=-0.95252265+0.00083240j|E2=-0.64915145+0.00365619j|E3=-0.52196313-0.00473040j
26-02-10-31 #-----------------------------------------#
26-02-10-31 【Step 124】per-param 梯度范数超限，已裁剪：scale=0.0770 | 裁剪后 per_param=0.5000
26-02-10-31 [Step 124] logΨ: mean=4.340+0.690j | min=-0.923+2.415j | max=5.170+1.835j
26-02-10-31 梯度监控 | raw=22.9456 | per_param=0.5000 |  natural=0.0095 | clipped=0.0095(上限20.0)
26-02-10-31 原始规范坐标 G(Re Σrow_mean) = +19.2509 | 累计|g| = 8.0379
26-02-10-31 Ψ矩阵条件数 cond(Ψ) = 1.40e+02
26-02-10-31 Loss=-3.171277 | E0=-1.05213034+0.00235015j | E1=-0.95390490+0.00068776j|E2=-0.64982307-0.00128664j|E3=-0.51614666+0.00238457j
26-02-10-31 #-----------------------------------------#
26-02-10-31 【Step 125】per-param 梯度范数超限，已裁剪：scale=0.1354 | 裁剪后 per_param=0.5000
26-02-10-31 [Step 125] logΨ: mean=4.371+0.556j | min=-0.527+0.848j | max=5.162+1.804j
26-02-10-31 梯度监控 | raw=22.9456 | per_param=0.5000 |  natural=0.0198 | clipped=0.0198(上限20.0)
26-02-10-31 原始规范坐标 G(Re Σrow_mean) = +19.2352 | 累计|g| = 8.0379
26-02-10-31 Ψ矩阵条件数 cond(Ψ) = 1.38e+02
26-02-10-31 Loss=-3.177710 | E0=-1.05124248-0.00090760j | E1=-0.95371761+0.00040053j|E2=-0.65018089+0.00187852j|E3=-0.52174920-0.00284189j
26-02-10-31 #-----------------------------------------#
26-02-10-31 【Step 126】per-param 梯度范数超限，已裁剪：scale=0.0914 | 裁剪后 per_param=0.5000
26-02-10-31 [Step 126] logΨ: mean=4.338+0.502j | min=-0.216-0.509j | max=5.194+1.781j
26-02-10-31 梯度监控 | raw=22.9456 | per_param=0.5000 |  natural=0.0163 | clipped=0.0163(上限20.0)
26-02-10-31 原始规范坐标 G(Re Σrow_mean) = +19.2485 | 累计|g| = 8.0379
26-02-10-31 Ψ矩阵条件数 cond(Ψ) = 1.19e+02
26-02-10-31 Loss=-3.174880 | E0=-1.04799537-0.00143849j | E1=-0.95124705+0.00223727j|E2=-0.65496286-0.00256425j|E3=-0.51840971+0.00026332j
26-02-10-31 #-----------------------------------------#
26-02-10-31 【Step 127】per-param 梯度范数超限，已裁剪：scale=0.0601 | 裁剪后 per_param=0.5000
26-02-10-32 [Step 127] logΨ: mean=4.353+0.412j | min=-0.975+1.852j | max=5.200+1.737j
26-02-10-32 梯度监控 | raw=22.9456 | per_param=0.5000 |  natural=0.0182 | clipped=0.0182(上限20.0)
26-02-10-32 原始规范坐标 G(Re Σrow_mean) = +19.2088 | 累计|g| = 8.0379
26-02-10-32 Ψ矩阵条件数 cond(Ψ) = 1.50e+02
26-02-10-32 Loss=-3.177338 | E0=-1.04958742-0.00018035j | E1=-0.95773266+0.00159043j|E2=-0.65291798-0.00171767j|E3=-0.51408048+0.00853828j
26-02-10-32 #-----------------------------------------#
26-02-10-32 【Step 128】per-param 梯度范数超限，已裁剪：scale=0.0843 | 裁剪后 per_param=0.5000
26-02-10-32 [Step 128] logΨ: mean=4.377+0.319j | min=-0.831+1.096j | max=5.205+1.722j
26-02-10-32 梯度监控 | raw=22.9456 | per_param=0.5000 |  natural=0.0091 | clipped=0.0091(上限20.0)
26-02-10-32 原始规范坐标 G(Re Σrow_mean) = +19.2686 | 累计|g| = 8.0379
26-02-10-32 Ψ矩阵条件数 cond(Ψ) = 1.61e+02
26-02-10-32 Loss=-3.178315 | E0=-1.05003356+0.00035478j | E1=-0.95416674+0.00139266j|E2=-0.65044140+0.00003483j|E3=-0.51919516+0.00137297j
26-02-10-32 #-----------------------------------------#
26-02-10-32 【Step 129】per-param 梯度范数超限，已裁剪：scale=0.1275 | 裁剪后 per_param=0.5000
26-02-10-32 [Step 129] logΨ: mean=4.435+0.420j | min=-1.158+2.408j | max=5.214+1.699j
26-02-10-32 梯度监控 | raw=22.9456 | per_param=0.5000 |  natural=0.0184 | clipped=0.0184(上限20.0)
26-02-10-32 原始规范坐标 G(Re Σrow_mean) = +19.3140 | 累计|g| = 8.0379
26-02-10-32 Ψ矩阵条件数 cond(Ψ) = 1.48e+02
26-02-10-32 Loss=-3.181398 | E0=-1.04868474-0.00040720j | E1=-0.95627177-0.00015932j|E2=-0.64947209-0.00089541j|E3=-0.52325013-0.00403985j
26-02-10-32 #-----------------------------------------#
26-02-10-32 [GaugeReset@130] 吸收 Δg = Σ Re(col_mean) = +19.3140 | 新|g| = 8.1393
26-02-10-32 【Step 130】per-param 梯度范数超限，已裁剪：scale=0.1287 | 裁剪后 per_param=0.5000
26-02-10-32 [Step 130] logΨ: mean=4.324+0.789j | min=-0.060+0.856j | max=5.026+2.008j
26-02-10-32 梯度监控 | raw=22.9456 | per_param=0.5000 |  natural=0.0276 | clipped=0.0276(上限20.0)
26-02-10-32 原始规范坐标 G(Re Σrow_mean) = +19.3706 | 累计|g| = 8.1393
26-02-10-32 Ψ矩阵条件数 cond(Ψ) = 1.18e+02
26-02-10-32 Loss=-3.194853 | E0=-1.05049795-0.00287120j | E1=-0.95582634-0.00104623j|E2=-0.65681576+0.00040854j|E3=-0.52503558-0.00278877j
26-02-10-32 #-----------------------------------------#
26-02-10-32 【Step 131】per-param 梯度范数超限，已裁剪：scale=0.0961 | 裁剪后 per_param=0.5000
26-02-10-32 [Step 131] logΨ: mean=4.242+0.546j | min=-1.233+0.386j | max=5.040+1.982j
26-02-10-32 梯度监控 | raw=22.9456 | per_param=0.5000 |  natural=0.0134 | clipped=0.0134(上限20.0)
26-02-10-32 原始规范坐标 G(Re Σrow_mean) = +19.2964 | 累计|g| = 8.1393
26-02-10-32 Ψ矩阵条件数 cond(Ψ) = 1.50e+02
26-02-10-32 Loss=-3.191429 | E0=-1.04942480+0.00075952j | E1=-0.95553649+0.00086297j|E2=-0.65042932-0.00092438j|E3=-0.52582564-0.00313801j
26-02-10-32 #-----------------------------------------#
26-02-10-32 【Step 132】per-param 梯度范数超限，已裁剪：scale=0.0959 | 裁剪后 per_param=0.5000
26-02-10-32 [Step 132] logΨ: mean=4.240+0.460j | min=-0.917-2.069j | max=5.047+1.970j
26-02-10-32 梯度监控 | raw=22.9456 | per_param=0.5000 |  natural=0.0119 | clipped=0.0119(上限20.0)
26-02-10-32 原始规范坐标 G(Re Σrow_mean) = +19.3789 | 累计|g| = 8.1393
26-02-10-32 Ψ矩阵条件数 cond(Ψ) = 1.14e+02
26-02-10-32 Loss=-3.174851 | E0=-1.05011641+0.00112634j | E1=-0.95283017+0.00211291j|E2=-0.65398815-0.00020163j|E3=-0.52238259-0.00264336j
26-02-10-32 #-----------------------------------------#
26-02-10-32 【Step 133】per-param 梯度范数超限，已裁剪：scale=0.0766 | 裁剪后 per_param=0.5000
26-02-10-32 [Step 133] logΨ: mean=4.198+0.456j | min=-0.944-1.791j | max=5.049+1.965j
26-02-10-32 梯度监控 | raw=22.9456 | per_param=0.5000 |  natural=0.0097 | clipped=0.0097(上限20.0)
26-02-10-32 原始规范坐标 G(Re Σrow_mean) = +19.2998 | 累计|g| = 8.1393
26-02-10-32 Ψ矩阵条件数 cond(Ψ) = 8.84e+01
26-02-10-32 Loss=-3.176926 | E0=-1.04831786+0.00267610j | E1=-0.95527739+0.00030185j|E2=-0.65024924+0.00023886j|E3=-0.51970346+0.00265069j
26-02-10-32 #-----------------------------------------#
26-02-10-32 【Step 134】per-param 梯度范数超限，已裁剪：scale=0.0991 | 裁剪后 per_param=0.5000
26-02-10-32 [Step 134] logΨ: mean=4.257+0.613j | min=-1.861-2.335j | max=5.042+1.928j
26-02-10-32 梯度监控 | raw=22.9456 | per_param=0.5000 |  natural=0.0168 | clipped=0.0168(上限20.0)
26-02-10-32 原始规范坐标 G(Re Σrow_mean) = +19.3662 | 累计|g| = 8.1393
26-02-10-32 Ψ矩阵条件数 cond(Ψ) = 1.33e+02
26-02-10-32 Loss=-3.174730 | E0=-1.04915163+0.00151174j | E1=-0.95399846-0.00145413j|E2=-0.65152210-0.00040465j|E3=-0.52362508-0.00317472j
26-02-10-32 #-----------------------------------------#
26-02-10-32 【Step 135】per-param 梯度范数超限，已裁剪：scale=0.1199 | 裁剪后 per_param=0.5000
26-02-10-32 [Step 135] logΨ: mean=4.323+0.465j | min=-1.325-1.541j | max=5.049+1.896j
26-02-10-32 梯度监控 | raw=22.9456 | per_param=0.5000 |  natural=0.0223 | clipped=0.0223(上限20.0)
26-02-10-32 原始规范坐标 G(Re Σrow_mean) = +19.3654 | 累计|g| = 8.1393
26-02-10-32 Ψ矩阵条件数 cond(Ψ) = 1.87e+02
26-02-10-32 Loss=-3.195237 | E0=-1.04855701+0.00131029j | E1=-0.95423949+0.00063430j|E2=-0.65695301-0.00036129j|E3=-0.52705131-0.00138797j
26-02-10-32 #-----------------------------------------#
26-02-10-32 【Step 136】per-param 梯度范数超限，已裁剪：scale=0.0843 | 裁剪后 per_param=0.5000
26-02-10-32 [Step 136] logΨ: mean=4.286+0.488j | min=-2.569-0.323j | max=5.056+1.855j
26-02-10-32 梯度监控 | raw=22.9456 | per_param=0.5000 |  natural=0.0149 | clipped=0.0149(上限20.0)
26-02-10-32 原始规范坐标 G(Re Σrow_mean) = +19.3163 | 累计|g| = 8.1393
26-02-10-32 Ψ矩阵条件数 cond(Ψ) = 1.52e+02
26-02-10-32 Loss=-3.186466 | E0=-1.04832503+0.00162441j | E1=-0.95351868+0.00046033j|E2=-0.65481953-0.00314405j|E3=-0.52136997+0.00079030j
26-02-10-32 #-----------------------------------------#
26-02-10-32 【Step 137】per-param 梯度范数超限，已裁剪：scale=0.1014 | 裁剪后 per_param=0.5000
26-02-10-32 [Step 137] logΨ: mean=4.198+0.523j | min=-1.543+0.985j | max=5.047+1.840j
26-02-10-32 梯度监控 | raw=22.9456 | per_param=0.5000 |  natural=0.0219 | clipped=0.0219(上限20.0)
26-02-10-32 原始规范坐标 G(Re Σrow_mean) = +19.3587 | 累计|g| = 8.1393
26-02-10-32 Ψ矩阵条件数 cond(Ψ) = 1.51e+02
26-02-10-32 Loss=-3.179494 | E0=-1.05147793+0.00156890j | E1=-0.95271112-0.00086414j|E2=-0.65324806-0.00196028j|E3=-0.52291985-0.00027749j
26-02-10-32 #-----------------------------------------#
26-02-10-32 【Step 138】per-param 梯度范数超限，已裁剪：scale=0.1119 | 裁剪后 per_param=0.5000
26-02-10-32 [Step 138] logΨ: mean=4.195+0.591j | min=-0.921+1.970j | max=5.051+1.820j
26-02-10-32 梯度监控 | raw=22.9456 | per_param=0.5000 |  natural=0.0169 | clipped=0.0169(上限20.0)
26-02-10-32 原始规范坐标 G(Re Σrow_mean) = +19.3708 | 累计|g| = 8.1393
26-02-10-32 Ψ矩阵条件数 cond(Ψ) = 1.53e+02
26-02-10-32 Loss=-3.183496 | E0=-1.05272636-0.00172495j | E1=-0.95522454-0.00088733j|E2=-0.65307286+0.00099850j|E3=-0.52848581+0.00089886j
26-02-10-32 #-----------------------------------------#
26-02-10-32 【Step 139】per-param 梯度范数超限，已裁剪：scale=0.0770 | 裁剪后 per_param=0.5000
26-02-10-32 [Step 139] logΨ: mean=4.155+0.319j | min=-1.862+1.848j | max=5.060+1.763j
26-02-10-32 梯度监控 | raw=22.9456 | per_param=0.5000 |  natural=0.0193 | clipped=0.0193(上限20.0)
26-02-10-32 原始规范坐标 G(Re Σrow_mean) = +19.3311 | 累计|g| = 8.1393
26-02-10-32 Ψ矩阵条件数 cond(Ψ) = 1.48e+02
26-02-10-32 Loss=-3.183853 | E0=-1.05009473-0.00178524j | E1=-0.95481593+0.00051772j|E2=-0.65462463+0.00026845j|E3=-0.52303336+0.00243112j
26-02-10-32 #-----------------------------------------#
26-02-10-32 [保存] Step 139 → pickle 文件已更新 (140 条记录)
26-02-10-32 [GaugeReset@140] 吸收 Δg = Σ Re(col_mean) = +19.3311 | 新|g| = 8.1622
26-02-10-32 【Step 140】per-param 梯度范数超限，已裁剪：scale=0.1105 | 裁剪后 per_param=0.5000
26-02-10-32 [Step 140] logΨ: mean=4.295+0.575j | min=-1.711-0.921j | max=5.052+2.047j
26-02-10-32 梯度监控 | raw=22.9456 | per_param=0.5000 |  natural=0.0124 | clipped=0.0124(上限20.0)
26-02-10-32 原始规范坐标 G(Re Σrow_mean) = +19.3718 | 累计|g| = 8.1622
26-02-10-32 Ψ矩阵条件数 cond(Ψ) = 1.33e+02
26-02-10-32 Loss=-3.188605 | E0=-1.05041355-0.00015926j | E1=-0.95442390-0.00022579j|E2=-0.65151321-0.00079807j|E3=-0.52627582-0.00028674j
26-02-10-32 #-----------------------------------------#
26-02-10-32 【Step 141】per-param 梯度范数超限，已裁剪：scale=0.1267 | 裁剪后 per_param=0.5000
26-02-10-32 [Step 141] logΨ: mean=4.332+0.394j | min=-1.627-1.544j | max=5.030+1.986j
26-02-10-32 梯度监控 | raw=22.9456 | per_param=0.5000 |  natural=0.0203 | clipped=0.0203(上限20.0)
26-02-10-32 原始规范坐标 G(Re Σrow_mean) = +19.3293 | 累计|g| = 8.1622
26-02-10-32 Ψ矩阵条件数 cond(Ψ) = 1.49e+02
26-02-10-32 Loss=-3.205023 | E0=-1.05029046-0.00001948j | E1=-0.95445265+0.00025097j|E2=-0.65648447-0.00208386j|E3=-0.52964755-0.00336767j
26-02-10-32 #-----------------------------------------#
26-02-10-32 【Step 142】per-param 梯度范数超限，已裁剪：scale=0.0941 | 裁剪后 per_param=0.5000
26-02-10-32 [Step 142] logΨ: mean=4.244+0.479j | min=-0.943+2.014j | max=5.023+1.968j
26-02-10-32 梯度监控 | raw=22.9456 | per_param=0.5000 |  natural=0.0146 | clipped=0.0146(上限20.0)
26-02-10-32 原始规范坐标 G(Re Σrow_mean) = +19.3092 | 累计|g| = 8.1622
26-02-10-32 Ψ矩阵条件数 cond(Ψ) = 1.58e+02
26-02-10-32 Loss=-3.203143 | E0=-1.05061331+0.00077957j | E1=-0.95584357+0.00225944j|E2=-0.65465619+0.00157664j|E3=-0.52690818+0.00016276j
26-02-10-32 #-----------------------------------------#
26-02-10-33 【Step 143】per-param 梯度范数超限，已裁剪：scale=0.0964 | 裁剪后 per_param=0.5000
26-02-10-33 [Step 143] logΨ: mean=4.330+0.627j | min=-0.768-1.700j | max=5.038+1.953j
26-02-10-33 梯度监控 | raw=22.9456 | per_param=0.5000 |  natural=0.0092 | clipped=0.0092(上限20.0)
26-02-10-33 原始规范坐标 G(Re Σrow_mean) = +19.3910 | 累计|g| = 8.1622
26-02-10-33 Ψ矩阵条件数 cond(Ψ) = 1.23e+02
26-02-10-33 Loss=-3.191340 | E0=-1.04823308+0.00261643j | E1=-0.95522045-0.00048474j|E2=-0.65286197+0.00103141j|E3=-0.52972656-0.00142436j
26-02-10-33 #-----------------------------------------#
26-02-10-33 【Step 144】per-param 梯度范数超限，已裁剪：scale=0.1899 | 裁剪后 per_param=0.5000
26-02-10-33 [Step 144] logΨ: mean=4.359+0.722j | min=-0.211-2.736j | max=5.029+1.928j
26-02-10-33 梯度监控 | raw=22.9456 | per_param=0.5000 |  natural=0.0196 | clipped=0.0196(上限20.0)
26-02-10-33 原始规范坐标 G(Re Σrow_mean) = +19.4171 | 累计|g| = 8.1622
26-02-10-33 Ψ矩阵条件数 cond(Ψ) = 3.54e+02
26-02-10-33 Loss=-3.191830 | E0=-1.05020837+0.00120790j | E1=-0.95486668-0.00029365j|E2=-0.65783677+0.00124982j|E3=-0.52952731-0.00290045j
26-02-10-33 #-----------------------------------------#
26-02-10-33 【Step 145】per-param 梯度范数超限，已裁剪：scale=0.1164 | 裁剪后 per_param=0.5000
26-02-10-33 [Step 145] logΨ: mean=4.353+0.445j | min=-0.418+1.914j | max=5.041+1.861j
26-02-10-33 梯度监控 | raw=22.9456 | per_param=0.5000 |  natural=0.0293 | clipped=0.0293(上限20.0)
26-02-10-33 原始规范坐标 G(Re Σrow_mean) = +19.3632 | 累计|g| = 8.1622
26-02-10-33 Ψ矩阵条件数 cond(Ψ) = 1.61e+02
26-02-10-33 Loss=-3.195796 | E0=-1.04927227-0.00048603j | E1=-0.95542740+0.00056717j|E2=-0.65717743+0.00165440j|E3=-0.52512905+0.00009718j
26-02-10-33 #-----------------------------------------#
26-02-10-33 【Step 146】per-param 梯度范数超限，已裁剪：scale=0.0608 | 裁剪后 per_param=0.5000
26-02-10-33 [Step 146] logΨ: mean=4.286+0.444j | min=-1.106-2.045j | max=5.048+1.856j
26-02-10-33 梯度监控 | raw=22.9456 | per_param=0.5000 |  natural=0.0053 | clipped=0.0053(上限20.0)
26-02-10-33 原始规范坐标 G(Re Σrow_mean) = +19.3790 | 累计|g| = 8.1622
26-02-10-33 Ψ矩阵条件数 cond(Ψ) = 1.63e+02
26-02-10-33 Loss=-3.177414 | E0=-1.05135716-0.00007802j | E1=-0.95390479+0.00019245j|E2=-0.65665730+0.00033012j|E3=-0.51376172+0.00941334j
26-02-10-33 #-----------------------------------------#
26-02-10-33 【Step 147】per-param 梯度范数超限，已裁剪：scale=0.1442 | 裁剪后 per_param=0.5000
26-02-10-33 [Step 147] logΨ: mean=4.228+0.056j | min=-4.158-0.281j | max=5.042+1.540j
26-02-10-33 梯度监控 | raw=22.9456 | per_param=0.5000 |  natural=0.0711 | clipped=0.0711(上限20.0)
26-02-10-33 原始规范坐标 G(Re Σrow_mean) = +19.2793 | 累计|g| = 8.1622
26-02-10-33 Ψ矩阵条件数 cond(Ψ) = 1.83e+02
26-02-10-33 Loss=-3.200126 | E0=-1.04852080-0.00459288j | E1=-0.95615033-0.00617767j|E2=-0.65342604-0.00413977j|E3=-0.53281557-0.00305872j
26-02-10-33 #-----------------------------------------#
26-02-10-33 【Step 148】per-param 梯度范数超限，已裁剪：scale=0.2051 | 裁剪后 per_param=0.5000
26-02-10-33 [Step 148] logΨ: mean=4.363+0.329j | min=-0.761+1.703j | max=5.072+1.515j
26-02-10-33 梯度监控 | raw=22.9456 | per_param=0.5000 |  natural=0.0341 | clipped=0.0341(上限20.0)
26-02-10-33 原始规范坐标 G(Re Σrow_mean) = +19.3795 | 累计|g| = 8.1622
26-02-10-33 Ψ矩阵条件数 cond(Ψ) = 9.23e+02
26-02-10-33 Loss=-3.206588 | E0=-1.05046293+0.00116377j | E1=-0.95506230-0.00021448j|E2=-0.65947557-0.00108140j|E3=-0.53236787-0.00329846j
26-02-10-33 #-----------------------------------------#
26-02-10-33 【Step 149】per-param 梯度范数超限，已裁剪：scale=0.1188 | 裁剪后 per_param=0.5000
26-02-10-33 [Step 149] logΨ: mean=4.364+0.383j | min=-1.469-2.939j | max=5.092+1.429j
26-02-10-33 梯度监控 | raw=22.9456 | per_param=0.5000 |  natural=0.0292 | clipped=0.0292(上限20.0)
26-02-10-33 原始规范坐标 G(Re Σrow_mean) = +19.4188 | 累计|g| = 8.1622
26-02-10-33 Ψ矩阵条件数 cond(Ψ) = 1.98e+02
26-02-10-33 Loss=-3.191095 | E0=-1.05089425+0.00032884j | E1=-0.95457083+0.00007607j|E2=-0.65757965-0.00010769j|E3=-0.52646337-0.00070922j
26-02-10-33 #-----------------------------------------#
26-02-10-33 [GaugeReset@150] 吸收 Δg = Σ Re(col_mean) = +19.4188 | 新|g| = 8.2802
26-02-10-33 【Step 150】per-param 梯度范数超限，已裁剪：scale=0.0866 | 裁剪后 per_param=0.5000
26-02-10-33 [Step 150] logΨ: mean=4.250+0.303j | min=-2.342-3.103j | max=4.997+2.355j
26-02-10-33 梯度监控 | raw=22.9456 | per_param=0.5000 |  natural=0.0191 | clipped=0.0191(上限20.0)
26-02-10-33 原始规范坐标 G(Re Σrow_mean) = +19.3772 | 累计|g| = 8.2802
26-02-10-33 Ψ矩阵条件数 cond(Ψ) = 1.84e+02
26-02-10-33 Loss=-3.182418 | E0=-1.05122547+0.00034164j | E1=-0.95237489+0.00262315j|E2=-0.65361999+0.00188219j|E3=-0.52346615+0.00245920j
26-02-10-33 #-----------------------------------------#
26-02-10-33 【Step 151】per-param 梯度范数超限，已裁剪：scale=0.1812 | 裁剪后 per_param=0.5000
26-02-10-33 [Step 151] logΨ: mean=4.233+0.250j | min=-0.614+0.281j | max=4.966+2.282j
26-02-10-33 梯度监控 | raw=22.9456 | per_param=0.5000 |  natural=0.0436 | clipped=0.0436(上限20.0)
26-02-10-33 原始规范坐标 G(Re Σrow_mean) = +19.3242 | 累计|g| = 8.2802
26-02-10-33 Ψ矩阵条件数 cond(Ψ) = 1.81e+02
26-02-10-33 Loss=-3.204354 | E0=-1.04933301+0.00180187j | E1=-0.95713671-0.00067242j|E2=-0.65765822+0.00090840j|E3=-0.53335176-0.00576043j
26-02-10-33 #-----------------------------------------#
26-02-10-33 【Step 152】per-param 梯度范数超限，已裁剪：scale=0.1120 | 裁剪后 per_param=0.5000
26-02-10-33 [Step 152] logΨ: mean=4.179+0.239j | min=-1.051-2.414j | max=4.940+2.243j
26-02-10-33 梯度监控 | raw=22.9456 | per_param=0.5000 |  natural=0.0202 | clipped=0.0202(上限20.0)
26-02-10-33 原始规范坐标 G(Re Σrow_mean) = +19.2755 | 累计|g| = 8.2802
26-02-10-33 Ψ矩阵条件数 cond(Ψ) = 1.74e+02
26-02-10-33 Loss=-3.195996 | E0=-1.04849874+0.00115317j | E1=-0.95533071+0.00068684j|E2=-0.65813531-0.00142890j|E3=-0.52917747+0.00073269j
26-02-10-33 #-----------------------------------------#
26-02-10-33 【Step 153】per-param 梯度范数超限，已裁剪：scale=0.1692 | 裁剪后 per_param=0.5000
26-02-10-33 [Step 153] logΨ: mean=4.305+0.467j | min=-1.058+0.151j | max=4.952+2.256j
26-02-10-33 梯度监控 | raw=22.9456 | per_param=0.5000 |  natural=0.0190 | clipped=0.0190(上限20.0)
26-02-10-33 原始规范坐标 G(Re Σrow_mean) = +19.3067 | 累计|g| = 8.2802
26-02-10-33 Ψ矩阵条件数 cond(Ψ) = 1.97e+02
26-02-10-33 Loss=-3.210848 | E0=-1.05047576+0.00112090j | E1=-0.95598604-0.00056869j|E2=-0.65791441+0.00169490j|E3=-0.53171910-0.00059835j
26-02-10-33 #-----------------------------------------#
26-02-10-33 【Step 154】per-param 梯度范数超限，已裁剪：scale=0.1573 | 裁剪后 per_param=0.5000
26-02-10-33 [Step 154] logΨ: mean=4.238+0.193j | min=-2.223+2.423j | max=4.960+2.236j
26-02-10-33 梯度监控 | raw=22.9456 | per_param=0.5000 |  natural=0.0281 | clipped=0.0281(上限20.0)
26-02-10-33 原始规范坐标 G(Re Σrow_mean) = +19.2722 | 累计|g| = 8.2802
26-02-10-33 Ψ矩阵条件数 cond(Ψ) = 1.47e+02
26-02-10-33 Loss=-3.195869 | E0=-1.05046777-0.00127633j | E1=-0.95446660+0.00010649j|E2=-0.65622462-0.00123533j|E3=-0.52902347+0.00076858j
26-02-10-33 #-----------------------------------------#
26-02-10-33 【Step 155】per-param 梯度范数超限，已裁剪：scale=0.1287 | 裁剪后 per_param=0.5000
26-02-10-33 [Step 155] logΨ: mean=4.205+0.594j | min=-2.309-2.097j | max=4.950+2.169j
26-02-10-33 梯度监控 | raw=22.9456 | per_param=0.5000 |  natural=0.0317 | clipped=0.0317(上限20.0)
26-02-10-33 原始规范坐标 G(Re Σrow_mean) = +19.2773 | 累计|g| = 8.2802
26-02-10-33 Ψ矩阵条件数 cond(Ψ) = 7.49e+01
26-02-10-33 Loss=-3.185378 | E0=-1.04788747+0.00075650j | E1=-0.95066284-0.00041583j|E2=-0.65472892+0.00205158j|E3=-0.53233533-0.00183426j
26-02-10-33 #-----------------------------------------#
26-02-10-33 【Step 156】per-param 梯度范数超限，已裁剪：scale=0.1899 | 裁剪后 per_param=0.5000
26-02-10-33 [Step 156] logΨ: mean=4.241+0.683j | min=-1.577-1.770j | max=4.953+2.163j
26-02-10-33 梯度监控 | raw=22.9456 | per_param=0.5000 |  natural=0.0343 | clipped=0.0343(上限20.0)
26-02-10-33 原始规范坐标 G(Re Σrow_mean) = +19.2806 | 累计|g| = 8.2802
26-02-10-33 Ψ矩阵条件数 cond(Ψ) = 2.29e+02
26-02-10-33 Loss=-3.195620 | E0=-1.04862994+0.00257195j | E1=-0.95343798-0.00085919j|E2=-0.65677268-0.00057689j|E3=-0.52966732-0.00107424j
26-02-10-33 #-----------------------------------------#
26-02-10-33 【Step 157】per-param 梯度范数超限，已裁剪：scale=0.3353 | 裁剪后 per_param=0.5000
26-02-10-33 [Step 157] logΨ: mean=4.207+0.888j | min=-1.033+2.206j | max=4.994+2.113j
26-02-10-33 梯度监控 | raw=22.9456 | per_param=0.5000 |  natural=0.0400 | clipped=0.0400(上限20.0)
26-02-10-33 原始规范坐标 G(Re Σrow_mean) = +19.3401 | 累计|g| = 8.2802
26-02-10-33 Ψ矩阵条件数 cond(Ψ) = 1.31e+02
26-02-10-33 Loss=-3.196449 | E0=-1.05076528+0.00114415j | E1=-0.95504511-0.00048617j|E2=-0.65742597-0.00000198j|E3=-0.53120821-0.00225013j
26-02-10-33 #-----------------------------------------#
26-02-10-33 【Step 158】per-param 梯度范数超限，已裁剪：scale=0.1274 | 裁剪后 per_param=0.5000
26-02-10-34 [Step 158] logΨ: mean=4.252+0.857j | min=-0.198-1.486j | max=5.000+2.104j
26-02-10-34 梯度监控 | raw=22.9456 | per_param=0.5000 |  natural=0.0135 | clipped=0.0135(上限20.0)
26-02-10-34 原始规范坐标 G(Re Σrow_mean) = +19.3104 | 累计|g| = 8.2802
26-02-10-34 Ψ矩阵条件数 cond(Ψ) = 2.31e+02
26-02-10-34 Loss=-3.188194 | E0=-1.05144921+0.00154125j | E1=-0.95397444-0.00164557j|E2=-0.65638292+0.00042765j|E3=-0.52557645+0.00159020j
26-02-10-34 #-----------------------------------------#
26-02-10-34 【Step 159】per-param 梯度范数超限，已裁剪：scale=0.2144 | 裁剪后 per_param=0.5000
26-02-10-34 [Step 159] logΨ: mean=4.185+0.690j | min=-1.010-2.127j | max=4.937+2.054j
26-02-10-34 梯度监控 | raw=22.9456 | per_param=0.5000 |  natural=0.0294 | clipped=0.0294(上限20.0)
26-02-10-34 原始规范坐标 G(Re Σrow_mean) = +19.2507 | 累计|g| = 8.2802
26-02-10-34 Ψ矩阵条件数 cond(Ψ) = 2.27e+02
26-02-10-34 Loss=-3.201281 | E0=-1.05027591+0.00175622j | E1=-0.95512444-0.00145157j|E2=-0.65733764+0.00039990j|E3=-0.53500791-0.00095669j
26-02-10-34 #-----------------------------------------#
26-02-10-34 [保存] Step 159 → pickle 文件已更新 (160 条记录)
26-02-10-34 [GaugeReset@160] 吸收 Δg = Σ Re(col_mean) = +19.2507 | 新|g| = 8.2503
26-02-10-34 【Step 160】per-param 梯度范数超限，已裁剪：scale=0.4828 | 裁剪后 per_param=0.5000
26-02-10-34 [Step 160] logΨ: mean=4.377-0.193j | min=0.107+1.316j | max=5.095+2.519j
26-02-10-34 梯度监控 | raw=22.9456 | per_param=0.5000 |  natural=0.0474 | clipped=0.0474(上限20.0)
26-02-10-34 原始规范坐标 G(Re Σrow_mean) = +19.2802 | 累计|g| = 8.2503
26-02-10-34 Ψ矩阵条件数 cond(Ψ) = 2.91e+02
26-02-10-34 Loss=-3.189916 | E0=-1.04913717+0.00131896j | E1=-0.95557528+0.00112131j|E2=-0.65651422-0.00050297j|E3=-0.53417472-0.00330109j
26-02-10-34 #-----------------------------------------#
26-02-10-34 【Step 161】per-param 梯度范数超限，已裁剪：scale=0.1946 | 裁剪后 per_param=0.5000
26-02-10-34 [Step 161] logΨ: mean=4.271+0.191j | min=-2.105-0.668j | max=5.088+2.485j
26-02-10-34 梯度监控 | raw=22.9456 | per_param=0.5000 |  natural=0.0390 | clipped=0.0390(上限20.0)
26-02-10-34 原始规范坐标 G(Re Σrow_mean) = +19.1739 | 累计|g| = 8.2503
26-02-10-34 Ψ矩阵条件数 cond(Ψ) = 2.92e+02
26-02-10-34 Loss=-3.208707 | E0=-1.05151071+0.00140174j | E1=-0.95451412+0.00006079j|E2=-0.66015408-0.00189391j|E3=-0.53832570-0.00344634j
26-02-10-34 #-----------------------------------------#
26-02-10-34 【Step 162】per-param 梯度范数超限，已裁剪：scale=0.1569 | 裁剪后 per_param=0.5000
26-02-10-34 [Step 162] logΨ: mean=4.334+0.288j | min=-1.034-1.406j | max=5.084+2.420j
26-02-10-34 梯度监控 | raw=22.9456 | per_param=0.5000 |  natural=0.0272 | clipped=0.0272(上限20.0)
26-02-10-34 原始规范坐标 G(Re Σrow_mean) = +19.1555 | 累计|g| = 8.2503
26-02-10-34 Ψ矩阵条件数 cond(Ψ) = 2.10e+02
26-02-10-34 Loss=-3.203152 | E0=-1.05169758-0.00379283j | E1=-0.95363822+0.00018349j|E2=-0.65834613-0.00030179j|E3=-0.53090600-0.00129873j
26-02-10-34 #-----------------------------------------#
26-02-10-34 【Step 163】per-param 梯度范数超限，已裁剪：scale=0.1690 | 裁剪后 per_param=0.5000
26-02-10-34 [Step 163] logΨ: mean=4.317+0.013j | min=-0.477-0.575j | max=5.057+2.395j
26-02-10-34 梯度监控 | raw=22.9456 | per_param=0.5000 |  natural=0.0193 | clipped=0.0193(上限20.0)
26-02-10-34 原始规范坐标 G(Re Σrow_mean) = +19.1628 | 累计|g| = 8.2503
26-02-10-34 Ψ矩阵条件数 cond(Ψ) = 7.83e+01
26-02-10-34 Loss=-3.208521 | E0=-1.05057299+0.00079678j | E1=-0.95392420-0.00098096j|E2=-0.66395473-0.00056816j|E3=-0.53273746+0.00168582j
26-02-10-34 #-----------------------------------------#
26-02-10-34 【Step 164】per-param 梯度范数超限，已裁剪：scale=0.2823 | 裁剪后 per_param=0.5000
26-02-10-34 [Step 164] logΨ: mean=4.370+0.057j | min=-1.850-1.593j | max=5.064+2.313j
26-02-10-34 梯度监控 | raw=22.9456 | per_param=0.5000 |  natural=0.0373 | clipped=0.0373(上限20.0)
26-02-10-34 原始规范坐标 G(Re Σrow_mean) = +19.1310 | 累计|g| = 8.2503
26-02-10-34 Ψ矩阵条件数 cond(Ψ) = 5.81e+02
26-02-10-34 Loss=-3.210789 | E0=-1.05587449-0.00409145j | E1=-0.95456260-0.00095378j|E2=-0.65683732-0.00059843j|E3=-0.53677146-0.00275120j
26-02-10-34 #-----------------------------------------#
26-02-10-34 【Step 165】per-param 梯度范数超限，已裁剪：scale=0.1586 | 裁剪后 per_param=0.5000
26-02-10-34 [Step 165] logΨ: mean=4.087+0.777j | min=-1.784-2.036j | max=4.993+2.216j
26-02-10-34 梯度监控 | raw=22.9456 | per_param=0.5000 |  natural=0.0746 | clipped=0.0746(上限20.0)
26-02-10-34 原始规范坐标 G(Re Σrow_mean) = +18.9321 | 累计|g| = 8.2503
26-02-10-34 Ψ矩阵条件数 cond(Ψ) = 2.44e+02
26-02-10-34 Loss=-3.217862 | E0=-1.05380441-0.00334441j | E1=-0.95378351-0.00066076j|E2=-0.66198270+0.00432126j|E3=-0.53442459+0.00193929j
26-02-10-34 #-----------------------------------------#
26-02-10-34 【Step 166】per-param 梯度范数超限，已裁剪：scale=0.1385 | 裁剪后 per_param=0.5000
26-02-10-34 [Step 166] logΨ: mean=4.117+0.757j | min=-0.393-2.889j | max=4.962+2.202j
26-02-10-34 梯度监控 | raw=22.9456 | per_param=0.5000 |  natural=0.0216 | clipped=0.0216(上限20.0)
26-02-10-34 原始规范坐标 G(Re Σrow_mean) = +18.9081 | 累计|g| = 8.2503
26-02-10-34 Ψ矩阵条件数 cond(Ψ) = 1.66e+02
26-02-10-34 Loss=-3.216921 | E0=-1.05059003-0.00112104j | E1=-0.95513007-0.00060835j|E2=-0.65745603-0.00070823j|E3=-0.53631519+0.00468140j
26-02-10-34 #-----------------------------------------#
26-02-10-34 【Step 167】per-param 梯度范数超限，已裁剪：scale=0.2142 | 裁剪后 per_param=0.5000
26-02-10-34 [Step 167] logΨ: mean=4.123+0.691j | min=-0.863+3.089j | max=4.921+2.145j
26-02-10-34 梯度监控 | raw=22.9456 | per_param=0.5000 |  natural=0.0339 | clipped=0.0339(上限20.0)
26-02-10-34 原始规范坐标 G(Re Σrow_mean) = +18.9186 | 累计|g| = 8.2503
26-02-10-34 Ψ矩阵条件数 cond(Ψ) = 9.42e+01
26-02-10-34 Loss=-3.216687 | E0=-1.05015113-0.00072609j | E1=-0.95518309-0.00037375j|E2=-0.66050338-0.00265514j|E3=-0.53419803+0.00050797j
26-02-10-34 #-----------------------------------------#
26-02-10-34 【Step 168】per-param 梯度范数超限，已裁剪：scale=0.1747 | 裁剪后 per_param=0.5000
26-02-10-34 [Step 168] logΨ: mean=4.056+0.802j | min=-1.048+2.914j | max=4.895+2.123j
26-02-10-34 梯度监控 | raw=22.9456 | per_param=0.5000 |  natural=0.0366 | clipped=0.0366(上限20.0)
26-02-10-34 原始规范坐标 G(Re Σrow_mean) = +18.8749 | 累计|g| = 8.2503
26-02-10-34 Ψ矩阵条件数 cond(Ψ) = 7.14e+01
26-02-10-34 Loss=-3.205219 | E0=-1.05243437-0.00009331j | E1=-0.95309870-0.00089298j|E2=-0.66152124-0.00178308j|E3=-0.52965043+0.00431310j
26-02-10-34 #-----------------------------------------#
26-02-10-34 【Step 169】per-param 梯度范数超限，已裁剪：scale=0.3996 | 裁剪后 per_param=0.5000
26-02-10-34 [Step 169] logΨ: mean=4.242+0.561j | min=-1.237-1.213j | max=4.948+2.004j
26-02-10-34 梯度监控 | raw=22.9456 | per_param=0.5000 |  natural=0.0502 | clipped=0.0502(上限20.0)
26-02-10-34 原始规范坐标 G(Re Σrow_mean) = +19.0078 | 累计|g| = 8.2503
26-02-10-34 Ψ矩阵条件数 cond(Ψ) = 1.55e+02
26-02-10-34 Loss=-3.222535 | E0=-1.05002149-0.00022051j | E1=-0.95536254+0.00033435j|E2=-0.66010709-0.00019642j|E3=-0.54143666-0.00290810j
26-02-10-34 #-----------------------------------------#
26-02-10-34 [GaugeReset@170] 吸收 Δg = Σ Re(col_mean) = +19.0078 | 新|g| = 8.2011
26-02-10-34 【Step 170】per-param 梯度范数超限，已裁剪：scale=0.2514 | 裁剪后 per_param=0.5000
26-02-10-34 [Step 170] logΨ: mean=4.379+0.460j | min=-1.044+1.712j | max=5.162+2.549j
26-02-10-34 梯度监控 | raw=22.9456 | per_param=0.5000 |  natural=0.0243 | clipped=0.0243(上限20.0)
26-02-10-34 原始规范坐标 G(Re Σrow_mean) = +18.9066 | 累计|g| = 8.2011
26-02-10-34 Ψ矩阵条件数 cond(Ψ) = 2.25e+02
26-02-10-34 Loss=-3.216525 | E0=-1.05456903-0.00081701j | E1=-0.95486668+0.00048703j|E2=-0.65596949+0.00004084j|E3=-0.53618908+0.00072985j
26-02-10-34 #-----------------------------------------#
26-02-10-34 【Step 171】per-param 梯度范数超限，已裁剪：scale=0.2664 | 裁剪后 per_param=0.5000
26-02-10-34 [Step 171] logΨ: mean=4.314+0.156j | min=-1.069+2.129j | max=5.068+2.555j
26-02-10-34 梯度监控 | raw=22.9456 | per_param=0.5000 |  natural=0.0323 | clipped=0.0323(上限20.0)
26-02-10-34 原始规范坐标 G(Re Σrow_mean) = +18.8456 | 累计|g| = 8.2011
26-02-10-34 Ψ矩阵条件数 cond(Ψ) = 2.20e+02
26-02-10-34 Loss=-3.207805 | E0=-1.05250755+0.00008946j | E1=-0.95422720-0.00038543j|E2=-0.65719355-0.00081857j|E3=-0.53390651+0.00186733j
26-02-10-34 #-----------------------------------------#
26-02-10-34 【Step 172】per-param 梯度范数超限，已裁剪：scale=0.2978 | 裁剪后 per_param=0.5000
26-02-10-34 [Step 172] logΨ: mean=4.216+0.153j | min=-0.318-1.028j | max=4.996+2.553j
26-02-10-34 梯度监控 | raw=22.9456 | per_param=0.5000 |  natural=0.0361 | clipped=0.0361(上限20.0)
26-02-10-34 原始规范坐标 G(Re Σrow_mean) = +18.7282 | 累计|g| = 8.2011
26-02-10-34 Ψ矩阵条件数 cond(Ψ) = 2.72e+02
26-02-10-34 Loss=-3.208443 | E0=-1.05151093-0.00004090j | E1=-0.95633464-0.00121483j|E2=-0.65674023-0.00067777j|E3=-0.53445718-0.00080763j
26-02-10-34 #-----------------------------------------#
26-02-10-34 【Step 173】per-param 梯度范数超限，已裁剪：scale=0.5436 | 裁剪后 per_param=0.5000
26-02-10-34 [Step 173] logΨ: mean=4.178+0.483j | min=-0.798-0.419j | max=4.920+2.561j
26-02-10-34 梯度监控 | raw=22.9456 | per_param=0.5000 |  natural=0.0805 | clipped=0.0805(上限20.0)
26-02-10-34 原始规范坐标 G(Re Σrow_mean) = +18.6302 | 累计|g| = 8.2011
26-02-10-34 Ψ矩阵条件数 cond(Ψ) = 8.06e+01
26-02-10-34 Loss=-3.219014 | E0=-1.05299850+0.00009368j | E1=-0.95312443+0.00066641j|E2=-0.66107893-0.00132520j|E3=-0.54161298-0.00291396j
26-02-10-34 #-----------------------------------------#
26-02-10-34 【Step 174】per-param 梯度范数超限，已裁剪：scale=0.2819 | 裁剪后 per_param=0.5000
26-02-10-34 [Step 174] logΨ: mean=4.014+0.336j | min=-2.437+1.182j | max=4.856+2.537j
26-02-10-34 梯度监控 | raw=22.9456 | per_param=0.5000 |  natural=0.0408 | clipped=0.0408(上限20.0)
26-02-10-34 原始规范坐标 G(Re Σrow_mean) = +18.4986 | 累计|g| = 8.2011
26-02-10-34 Ψ矩阵条件数 cond(Ψ) = 4.66e+02
26-02-10-34 Loss=-3.210052 | E0=-1.05361877-0.00197824j | E1=-0.95488659-0.00081046j|E2=-0.65863630-0.00016828j|E3=-0.53338305+0.00237109j
26-02-10-34 #-----------------------------------------#
26-02-10-34 【Step 175】per-param 梯度范数超限，已裁剪：scale=0.2930 | 裁剪后 per_param=0.5000
26-02-10-34 [Step 175] logΨ: mean=3.933+0.428j | min=-2.502-0.623j | max=4.799+2.478j
26-02-10-34 梯度监控 | raw=22.9456 | per_param=0.5000 |  natural=0.0446 | clipped=0.0446(上限20.0)
26-02-10-34 原始规范坐标 G(Re Σrow_mean) = +18.4088 | 累计|g| = 8.2011
26-02-10-34 Ψ矩阵条件数 cond(Ψ) = 6.56e+01
26-02-10-34 Loss=-3.218878 | E0=-1.04995712-0.00003603j | E1=-0.95597183-0.00005893j|E2=-0.66161144-0.00104743j|E3=-0.53483519+0.00737464j
26-02-10-34 #-----------------------------------------#
26-02-10-35 【Step 176】per-param 梯度范数超限，已裁剪：scale=0.9977 | 裁剪后 per_param=0.5000
26-02-10-35 [Step 176] logΨ: mean=4.133+0.565j | min=-0.488+0.088j | max=4.816+2.491j
26-02-10-35 梯度监控 | raw=22.9456 | per_param=0.5000 |  natural=0.0807 | clipped=0.0807(上限20.0)
26-02-10-35 原始规范坐标 G(Re Σrow_mean) = +18.4737 | 累计|g| = 8.2011
26-02-10-35 Ψ矩阵条件数 cond(Ψ) = 1.25e+02
26-02-10-35 Loss=-3.224770 | E0=-1.05161147+0.00076584j | E1=-0.95464548-0.00150448j|E2=-0.66043997+0.00087878j|E3=-0.54248174-0.00439231j
26-02-10-35 #-----------------------------------------#
26-02-10-35 【Step 177】per-param 梯度范数超限，已裁剪：scale=0.4224 | 裁剪后 per_param=0.5000
26-02-10-35 [Step 177] logΨ: mean=3.955+0.074j | min=-3.172+0.841j | max=4.791+2.404j
26-02-10-35 梯度监控 | raw=22.9456 | per_param=0.5000 |  natural=0.0454 | clipped=0.0454(上限20.0)
26-02-10-35 原始规范坐标 G(Re Σrow_mean) = +18.4013 | 累计|g| = 8.2011
26-02-10-35 Ψ矩阵条件数 cond(Ψ) = 1.88e+02
26-02-10-35 Loss=-3.215804 | E0=-1.04981085+0.00088444j | E1=-0.95283304-0.00140308j|E2=-0.66042030-0.00070418j|E3=-0.54161026-0.00317754j
26-02-10-35 #-----------------------------------------#
26-02-10-35 【Step 178】per-param 梯度范数超限，已裁剪：scale=0.4634 | 裁剪后 per_param=0.5000
26-02-10-35 [Step 178] logΨ: mean=4.132+0.204j | min=-0.923+0.954j | max=4.798+2.307j
26-02-10-35 梯度监控 | raw=22.9456 | per_param=0.5000 |  natural=0.0872 | clipped=0.0872(上限20.0)
26-02-10-35 原始规范坐标 G(Re Σrow_mean) = +18.3834 | 累计|g| = 8.2011
26-02-10-35 Ψ矩阵条件数 cond(Ψ) = 1.99e+02
26-02-10-35 Loss=-3.220930 | E0=-1.05323661-0.00229511j | E1=-0.95450560-0.00081788j|E2=-0.66073614-0.00081005j|E3=-0.53726859-0.00156592j
26-02-10-35 #-----------------------------------------#
26-02-10-35 【Step 179】per-param 梯度范数超限，已裁剪：scale=0.7410 | 裁剪后 per_param=0.5000
26-02-10-35 [Step 179] logΨ: mean=3.997+0.309j | min=-0.993-0.354j | max=4.713+2.385j
26-02-10-35 梯度监控 | raw=22.9456 | per_param=0.5000 |  natural=0.1098 | clipped=0.1098(上限20.0)
26-02-10-35 原始规范坐标 G(Re Σrow_mean) = +18.3023 | 累计|g| = 8.2011
26-02-10-35 Ψ矩阵条件数 cond(Ψ) = 2.27e+02
26-02-10-35 Loss=-3.217993 | E0=-1.05458243+0.00050707j | E1=-0.95442679-0.00066097j|E2=-0.66085534-0.00086629j|E3=-0.54148991-0.00269696j
26-02-10-35 #-----------------------------------------#
26-02-10-35 [保存] Step 179 → pickle 文件已更新 (180 条记录)
26-02-10-35 [GaugeReset@180] 吸收 Δg = Σ Re(col_mean) = +18.3023 | 新|g| = 7.9697
26-02-10-35 【Step 180】per-param 梯度范数超限，已裁剪：scale=0.3831 | 裁剪后 per_param=0.5000
26-02-10-35 [Step 180] logΨ: mean=4.342+0.588j | min=-0.656+0.735j | max=5.124+2.704j
26-02-10-35 梯度监控 | raw=22.9456 | per_param=0.5000 |  natural=0.0747 | clipped=0.0747(上限20.0)
26-02-10-35 原始规范坐标 G(Re Σrow_mean) = +17.8720 | 累计|g| = 7.9697
26-02-10-35 Ψ矩阵条件数 cond(Ψ) = 3.15e+02
26-02-10-35 Loss=-3.218700 | E0=-1.05202320-0.00128368j | E1=-0.95408515+0.00051901j|E2=-0.65941883+0.00030242j|E3=-0.53518482+0.00525470j
26-02-10-35 #-----------------------------------------#
26-02-10-35 [Step 181] logΨ: mean=4.471+0.439j | min=-1.655+1.954j | max=5.163+2.734j
26-02-10-35 梯度监控 | raw=21.0967 | per_param=0.4597 |  natural=0.0853 | clipped=0.0853(上限20.0)
26-02-10-35 原始规范坐标 G(Re Σrow_mean) = +17.9013 | 累计|g| = 7.9697
26-02-10-35 Ψ矩阵条件数 cond(Ψ) = 2.62e+02
26-02-10-35 Loss=-3.227743 | E0=-1.05173553+0.00017489j | E1=-0.95609634-0.00015487j|E2=-0.66000571-0.00005865j|E3=-0.54149890-0.00111094j
26-02-10-35 #-----------------------------------------#
26-02-10-35 【Step 182】per-param 梯度范数超限，已裁剪：scale=0.7626 | 裁剪后 per_param=0.5000
26-02-10-35 [Step 182] logΨ: mean=4.435+0.374j | min=-1.587-2.601j | max=5.163+2.850j
26-02-10-35 梯度监控 | raw=22.9456 | per_param=0.5000 |  natural=0.1079 | clipped=0.1079(上限20.0)
26-02-10-35 原始规范坐标 G(Re Σrow_mean) = +17.8564 | 累计|g| = 7.9697
26-02-10-35 Ψ矩阵条件数 cond(Ψ) = 4.12e+02
26-02-10-35 Loss=-3.227363 | E0=-1.05409318+0.00031342j | E1=-0.95492989-0.00062785j|E2=-0.66209645-0.00013319j|E3=-0.54308303-0.00409368j
26-02-10-35 #-----------------------------------------#
26-02-10-35 【Step 183】per-param 梯度范数超限，已裁剪：scale=0.8351 | 裁剪后 per_param=0.5000
26-02-10-35 [Step 183] logΨ: mean=4.427-0.046j | min=0.380-0.915j | max=5.145+2.810j
26-02-10-35 梯度监控 | raw=22.9456 | per_param=0.5000 |  natural=0.0579 | clipped=0.0579(上限20.0)
26-02-10-35 原始规范坐标 G(Re Σrow_mean) = +17.8616 | 累计|g| = 7.9697
26-02-10-35 Ψ矩阵条件数 cond(Ψ) = 2.63e+02
26-02-10-35 Loss=-3.229533 | E0=-1.05368836-0.00039322j | E1=-0.95617808-0.00070065j|E2=-0.65961492+0.00018430j|E3=-0.54145264+0.00171234j
26-02-10-35 #-----------------------------------------#
26-02-10-35 [Step 184] logΨ: mean=4.613+0.193j | min=-0.982+2.048j | max=5.309+2.643j
26-02-10-35 梯度监控 | raw=17.1900 | per_param=0.3746 |  natural=0.1851 | clipped=0.1851(上限20.0)
26-02-10-35 原始规范坐标 G(Re Σrow_mean) = +18.1027 | 累计|g| = 7.9697
26-02-10-35 Ψ矩阵条件数 cond(Ψ) = 6.05e+01
26-02-10-35 Loss=-3.222035 | E0=-1.05142154-0.00131326j | E1=-0.95553721-0.00135894j|E2=-0.65968572-0.00071775j|E3=-0.54102115+0.00133707j
26-02-10-35 #-----------------------------------------#
26-02-10-35 【Step 185】per-param 梯度范数超限，已裁剪：scale=0.7524 | 裁剪后 per_param=0.5000
26-02-10-35 [Step 185] logΨ: mean=4.172+0.449j | min=-2.235-0.650j | max=4.921+2.997j
26-02-10-35 梯度监控 | raw=22.9456 | per_param=0.5000 |  natural=0.1273 | clipped=0.1273(上限20.0)
26-02-10-35 原始规范坐标 G(Re Σrow_mean) = +17.7668 | 累计|g| = 7.9697
26-02-10-35 Ψ矩阵条件数 cond(Ψ) = 7.01e+01
26-02-10-35 Loss=-3.233153 | E0=-1.05297308-0.00083011j | E1=-0.95547068+0.00297308j|E2=-0.66262094+0.00142264j|E3=-0.54237412+0.00335889j
26-02-10-35 #-----------------------------------------#
26-02-10-35 【Step 186】per-param 梯度范数超限，已裁剪：scale=0.4554 | 裁剪后 per_param=0.5000
26-02-10-35 [Step 186] logΨ: mean=4.185+0.512j | min=-0.732+0.997j | max=4.946+2.987j
26-02-10-35 梯度监控 | raw=22.9456 | per_param=0.5000 |  natural=0.0628 | clipped=0.0628(上限20.0)
26-02-10-35 原始规范坐标 G(Re Σrow_mean) = +17.7027 | 累计|g| = 7.9697
26-02-10-35 Ψ矩阵条件数 cond(Ψ) = 1.31e+02
26-02-10-35 Loss=-3.223867 | E0=-1.05031560+0.00063999j | E1=-0.95678827-0.00061895j|E2=-0.65768192+0.00013705j|E3=-0.54089233+0.00158328j
26-02-10-35 #-----------------------------------------#
26-02-10-35 【Step 187】per-param 梯度范数超限，已裁剪：scale=0.6785 | 裁剪后 per_param=0.5000
26-02-10-35 [Step 187] logΨ: mean=3.975+0.080j | min=-0.493+2.463j | max=4.733+3.010j
26-02-10-35 梯度监控 | raw=22.9456 | per_param=0.5000 |  natural=0.1556 | clipped=0.1556(上限20.0)
26-02-10-35 原始规范坐标 G(Re Σrow_mean) = +17.5403 | 累计|g| = 7.9697
26-02-10-35 Ψ矩阵条件数 cond(Ψ) = 1.15e+02
26-02-10-35 Loss=-3.225333 | E0=-1.05271972+0.00024919j | E1=-0.95487222+0.00254795j|E2=-0.66403798+0.00163289j|E3=-0.54229203-0.00277831j
26-02-10-35 #-----------------------------------------#
26-02-10-35 【Step 188】per-param 梯度范数超限，已裁剪：scale=0.7560 | 裁剪后 per_param=0.5000
26-02-10-35 [Step 188] logΨ: mean=3.580+0.041j | min=-2.037-1.428j | max=4.362+2.952j
26-02-10-35 梯度监控 | raw=22.9456 | per_param=0.5000 |  natural=0.1244 | clipped=0.1244(上限20.0)
26-02-10-35 原始规范坐标 G(Re Σrow_mean) = +17.1102 | 累计|g| = 7.9697
26-02-10-35 Ψ矩阵条件数 cond(Ψ) = 8.73e+01
26-02-10-35 Loss=-3.230238 | E0=-1.05286888+0.00009256j | E1=-0.95603661+0.00301994j|E2=-0.66238954+0.00004950j|E3=-0.54310193-0.00314174j
26-02-10-35 #-----------------------------------------#
26-02-10-35 【Step 189】per-param 梯度范数超限，已裁剪：scale=0.9883 | 裁剪后 per_param=0.5000
26-02-10-35 [Step 189] logΨ: mean=3.566+0.445j | min=-1.654+2.678j | max=4.302+2.829j
26-02-10-35 梯度监控 | raw=22.9456 | per_param=0.5000 |  natural=0.1299 | clipped=0.1299(上限20.0)
26-02-10-35 原始规范坐标 G(Re Σrow_mean) = +17.0626 | 累计|g| = 7.9697
26-02-10-35 Ψ矩阵条件数 cond(Ψ) = 7.51e+01
26-02-10-35 Loss=-3.228804 | E0=-1.05460421+0.00004389j | E1=-0.95588718-0.00068314j|E2=-0.66479369-0.00012293j|E3=-0.53916792-0.00125718j
26-02-10-35 #-----------------------------------------#
26-02-10-35 [GaugeReset@190] 吸收 Δg = Σ Re(col_mean) = +17.0626 | 新|g| = 7.5130
26-02-10-35 【Step 190】per-param 梯度范数超限，已裁剪：scale=0.8499 | 裁剪后 per_param=0.5000
26-02-10-35 [Step 190] logΨ: mean=4.807+0.322j | min=-0.093+2.840j | max=5.598+3.104j
26-02-10-35 梯度监控 | raw=22.9456 | per_param=0.5000 |  natural=0.1298 | clipped=0.1298(上限20.0)
26-02-10-35 原始规范坐标 G(Re Σrow_mean) = +16.9956 | 累计|g| = 7.5130
26-02-10-35 Ψ矩阵条件数 cond(Ψ) = 8.97e+01
26-02-10-35 Loss=-3.229210 | E0=-1.05234002+0.00057372j | E1=-0.95634857-0.00043794j|E2=-0.66140036+0.00141957j|E3=-0.54307654+0.00133562j
26-02-10-35 #-----------------------------------------#
26-02-10-35 [Step 191] logΨ: mean=5.103+0.594j | min=-0.888-3.024j | max=5.841+3.013j
26-02-10-35 梯度监控 | raw=13.0152 | per_param=0.2836 |  natural=0.1248 | clipped=0.1248(上限20.0)
26-02-10-35 原始规范坐标 G(Re Σrow_mean) = +17.2109 | 累计|g| = 7.5130
26-02-10-35 Ψ矩阵条件数 cond(Ψ) = 1.14e+02
26-02-10-35 Loss=-3.236647 | E0=-1.05390426-0.00002533j | E1=-0.95586940-0.00067232j|E2=-0.66058421-0.00030060j|E3=-0.54541101-0.00200182j
26-02-10-35 #-----------------------------------------#
26-02-10-36 [Step 192] logΨ: mean=5.008+0.257j | min=-1.122-0.459j | max=5.801+3.122j
26-02-10-36 梯度监控 | raw=20.4640 | per_param=0.4459 |  natural=0.0895 | clipped=0.0895(上限20.0)
26-02-10-36 原始规范坐标 G(Re Σrow_mean) = +17.1835 | 累计|g| = 7.5130
26-02-10-36 Ψ矩阵条件数 cond(Ψ) = 7.38e+01
26-02-10-36 Loss=-3.231824 | E0=-1.05416947-0.00045746j | E1=-0.95548373+0.00047656j|E2=-0.66148666-0.00029685j|E3=-0.54317069+0.00337785j
26-02-10-36 #-----------------------------------------#
26-02-10-36 [Step 193] logΨ: mean=5.197-0.746j | min=0.185-1.488j | max=5.931+0.042j
26-02-10-36 梯度监控 | raw=19.3999 | per_param=0.4227 |  natural=0.1171 | clipped=0.1171(上限20.0)
26-02-10-36 原始规范坐标 G(Re Σrow_mean) = +17.3124 | 累计|g| = 7.5130
26-02-10-36 Ψ矩阵条件数 cond(Ψ) = 1.23e+02
26-02-10-36 Loss=-3.229062 | E0=-1.05323317-0.00016478j | E1=-0.95520927-0.00083883j|E2=-0.66153030+0.00147696j|E3=-0.54151421+0.00131536j
26-02-10-36 #-----------------------------------------#
26-02-10-36 [Step 194] logΨ: mean=4.787-0.873j | min=0.114-0.671j | max=5.615+0.066j
26-02-10-36 梯度监控 | raw=19.6157 | per_param=0.4274 |  natural=0.2674 | clipped=0.2674(上限20.0)
26-02-10-36 原始规范坐标 G(Re Σrow_mean) = +17.0028 | 累计|g| = 7.5130
26-02-10-36 Ψ矩阵条件数 cond(Ψ) = 9.32e+01
26-02-10-36 Loss=-3.233593 | E0=-1.05414584+0.00016400j | E1=-0.95505152+0.00106917j|E2=-0.66573934-0.00022444j|E3=-0.54579768-0.00256893j
26-02-10-36 #-----------------------------------------#
26-02-10-36 [Step 195] logΨ: mean=4.717+0.263j | min=0.489-1.757j | max=5.521+3.046j
26-02-10-36 梯度监控 | raw=12.8666 | per_param=0.2804 |  natural=0.1553 | clipped=0.1553(上限20.0)
26-02-10-36 原始规范坐标 G(Re Σrow_mean) = +16.8604 | 累计|g| = 7.5130
26-02-10-36 Ψ矩阵条件数 cond(Ψ) = 7.66e+01
26-02-10-36 Loss=-3.239913 | E0=-1.05175066+0.00031740j | E1=-0.95555641-0.00010251j|E2=-0.66419459-0.00167845j|E3=-0.54546023+0.00249974j
26-02-10-36 #-----------------------------------------#
26-02-10-36 [Step 196] logΨ: mean=5.020-0.937j | min=-0.234-2.481j | max=5.766+0.021j
26-02-10-36 梯度监控 | raw=8.9479 | per_param=0.1950 |  natural=0.1177 | clipped=0.1177(上限20.0)
26-02-10-36 原始规范坐标 G(Re Σrow_mean) = +17.1082 | 累计|g| = 7.5130
26-02-10-36 Ψ矩阵条件数 cond(Ψ) = 1.06e+02
26-02-10-36 Loss=-3.229846 | E0=-1.05326267+0.00049006j | E1=-0.95500823+0.00131802j|E2=-0.65768349-0.00041579j|E3=-0.54409523-0.00173900j
26-02-10-36 #-----------------------------------------#
26-02-10-36 [Step 197] logΨ: mean=5.114-0.925j | min=-1.308-1.970j | max=5.829+0.013j
26-02-10-36 梯度监控 | raw=10.3772 | per_param=0.2261 |  natural=0.1151 | clipped=0.1151(上限20.0)
26-02-10-36 原始规范坐标 G(Re Σrow_mean) = +17.1615 | 累计|g| = 7.5130
26-02-10-36 Ψ矩阵条件数 cond(Ψ) = 9.64e+01
26-02-10-36 Loss=-3.233465 | E0=-1.05237735-0.00020543j | E1=-0.95613127-0.00003478j|E2=-0.66169596+0.00005387j|E3=-0.54389561-0.00184697j
26-02-10-36 #-----------------------------------------#
26-02-10-36 [Step 198] logΨ: mean=5.189-1.103j | min=-0.625-1.819j | max=5.952+0.088j
26-02-10-36 梯度监控 | raw=13.7621 | per_param=0.2999 |  natural=0.0800 | clipped=0.0800(上限20.0)
26-02-10-36 原始规范坐标 G(Re Σrow_mean) = +17.1837 | 累计|g| = 7.5130
26-02-10-36 Ψ矩阵条件数 cond(Ψ) = 1.11e+02
26-02-10-36 Loss=-3.237475 | E0=-1.05266409+0.00092710j | E1=-0.95596278+0.00013185j|E2=-0.66013168+0.00041292j|E3=-0.54706837-0.00019857j
26-02-10-36 #-----------------------------------------#
26-02-10-36 [Step 199] logΨ: mean=5.149-1.108j | min=-0.357-1.076j | max=6.005+0.205j
26-02-10-36 梯度监控 | raw=12.6257 | per_param=0.2751 |  natural=0.1078 | clipped=0.1078(上限20.0)
26-02-10-36 原始规范坐标 G(Re Σrow_mean) = +17.1049 | 累计|g| = 7.5130
26-02-10-36 Ψ矩阵条件数 cond(Ψ) = 1.84e+02
26-02-10-36 Loss=-3.235639 | E0=-1.05121900+0.00028783j | E1=-0.95531500+0.00110452j|E2=-0.66099503-0.00030455j|E3=-0.54535859+0.00214270j
26-02-10-36 #-----------------------------------------#
26-02-10-36 [保存] Step 199 → pickle 文件已更新 (200 条记录)
26-02-10-36 [GaugeReset@200] 吸收 Δg = Σ Re(col_mean) = +17.1049 | 新|g| = 7.4728
26-02-10-36 [Step 200] logΨ: mean=5.152+0.663j | min=-0.218-1.744j | max=5.862+3.004j
26-02-10-36 梯度监控 | raw=10.6491 | per_param=0.2321 |  natural=0.0698 | clipped=0.0698(上限20.0)
26-02-10-36 原始规范坐标 G(Re Σrow_mean) = +17.0989 | 累计|g| = 7.4728
26-02-10-36 Ψ矩阵条件数 cond(Ψ) = 2.83e+02
26-02-10-36 Loss=-3.240318 | E0=-1.05326369+0.00134646j | E1=-0.95637691-0.00027350j|E2=-0.66083182+0.00041434j|E3=-0.54740251-0.00231162j
26-02-10-36 #-----------------------------------------#
26-02-10-36 [Step 201] logΨ: mean=5.140+0.970j | min=-1.442-1.778j | max=5.893+3.030j
26-02-10-36 梯度监控 | raw=12.0561 | per_param=0.2627 |  natural=0.1916 | clipped=0.1916(上限20.0)
26-02-10-36 原始规范坐标 G(Re Σrow_mean) = +17.0233 | 累计|g| = 7.4728
26-02-10-36 Ψ矩阵条件数 cond(Ψ) = 6.94e+01
26-02-10-36 Loss=-3.236928 | E0=-1.05319798-0.00242520j | E1=-0.95626842+0.00024464j|E2=-0.66019560-0.00010038j|E3=-0.54363004+0.00127344j
26-02-10-36 #-----------------------------------------#
26-02-10-36 [Step 202] logΨ: mean=5.353+0.693j | min=-0.444-1.848j | max=6.044+2.682j
26-02-10-36 梯度监控 | raw=22.8040 | per_param=0.4969 |  natural=0.1498 | clipped=0.1498(上限20.0)
26-02-10-36 原始规范坐标 G(Re Σrow_mean) = +17.1671 | 累计|g| = 7.4728
26-02-10-36 Ψ矩阵条件数 cond(Ψ) = 7.05e+01
26-02-10-36 Loss=-3.235980 | E0=-1.04962774-0.00296616j | E1=-0.95521714+0.00014063j|E2=-0.66211837-0.00104339j|E3=-0.54538150-0.00114257j
26-02-10-36 #-----------------------------------------#
26-02-10-36 [Step 203] logΨ: mean=5.262-0.010j | min=-0.690+2.612j | max=6.062+2.995j
26-02-10-36 梯度监控 | raw=16.5359 | per_param=0.3603 |  natural=0.1901 | clipped=0.1901(上限20.0)
26-02-10-36 原始规范坐标 G(Re Σrow_mean) = +17.3582 | 累计|g| = 7.4728
26-02-10-36 Ψ矩阵条件数 cond(Ψ) = 5.92e+01
26-02-10-36 Loss=-3.238994 | E0=-1.05289183-0.00098317j | E1=-0.95490025+0.00024778j|E2=-0.66573917-0.00068340j|E3=-0.54700277+0.00037568j
26-02-10-36 #-----------------------------------------#
26-02-10-36 [Step 204] logΨ: mean=5.351+0.300j | min=0.036+2.752j | max=6.128+2.988j
26-02-10-36 梯度监控 | raw=13.8669 | per_param=0.3022 |  natural=0.1574 | clipped=0.1574(上限20.0)
26-02-10-36 原始规范坐标 G(Re Σrow_mean) = +17.3482 | 累计|g| = 7.4728
26-02-10-36 Ψ矩阵条件数 cond(Ψ) = 5.87e+01
26-02-10-36 Loss=-3.227518 | E0=-1.05145813+0.00065414j | E1=-0.95273310-0.00001996j|E2=-0.65867399-0.00256957j|E3=-0.54401432+0.00075275j
26-02-10-36 #-----------------------------------------#
26-02-10-36 [Step 205] logΨ: mean=5.349+0.616j | min=-0.157+2.486j | max=6.018+3.001j
26-02-10-36 梯度监控 | raw=8.2968 | per_param=0.1808 |  natural=0.1787 | clipped=0.1787(上限20.0)
26-02-10-36 原始规范坐标 G(Re Σrow_mean) = +17.3031 | 累计|g| = 7.4728
26-02-10-36 Ψ矩阵条件数 cond(Ψ) = 4.71e+01
26-02-10-36 Loss=-3.239135 | E0=-1.05210918+0.00012488j | E1=-0.95583252+0.00018763j|E2=-0.66431183-0.00172299j|E3=-0.54592790-0.00119547j
26-02-10-36 #-----------------------------------------#
26-02-10-37 [Step 206] logΨ: mean=5.066+0.542j | min=-1.740-1.265j | max=5.674+3.090j
26-02-10-37 梯度监控 | raw=9.7003 | per_param=0.2114 |  natural=0.0970 | clipped=0.0970(上限20.0)
26-02-10-37 原始规范坐标 G(Re Σrow_mean) = +16.9700 | 累计|g| = 7.4728
26-02-10-37 Ψ矩阵条件数 cond(Ψ) = 3.96e+01
26-02-10-37 Loss=-3.240425 | E0=-1.05246973+0.00092266j | E1=-0.95643236+0.00078800j|E2=-0.66284905+0.00131222j|E3=-0.54752717+0.00134425j
26-02-10-37 #-----------------------------------------#
26-02-10-37 [Step 207] logΨ: mean=5.058+0.650j | min=-0.124+1.095j | max=5.683+3.028j
26-02-10-37 梯度监控 | raw=15.2425 | per_param=0.3321 |  natural=0.0891 | clipped=0.0891(上限20.0)
26-02-10-37 原始规范坐标 G(Re Σrow_mean) = +16.9728 | 累计|g| = 7.4728
26-02-10-37 Ψ矩阵条件数 cond(Ψ) = 6.99e+01
26-02-10-37 Loss=-3.240202 | E0=-1.05204607+0.00101672j | E1=-0.95543057-0.00051232j|E2=-0.66290112+0.00066342j|E3=-0.54596052-0.00163484j
26-02-10-37 #-----------------------------------------#
26-02-10-37 [Step 208] logΨ: mean=5.150+0.620j | min=-0.807-0.210j | max=5.885+3.050j
26-02-10-37 梯度监控 | raw=15.9551 | per_param=0.3477 |  natural=0.1294 | clipped=0.1294(上限20.0)
26-02-10-37 原始规范坐标 G(Re Σrow_mean) = +17.1703 | 累计|g| = 7.4728
26-02-10-37 Ψ矩阵条件数 cond(Ψ) = 4.41e+01
26-02-10-37 Loss=-3.238632 | E0=-1.05315691+0.00157472j | E1=-0.95463390-0.00061248j|E2=-0.66259117-0.00088907j|E3=-0.54715740-0.00072016j
26-02-10-37 #-----------------------------------------#
26-02-10-37 [Step 209] logΨ: mean=5.350+0.076j | min=0.120-2.110j | max=6.016+3.107j
26-02-10-37 梯度监控 | raw=6.0240 | per_param=0.1313 |  natural=0.0963 | clipped=0.0963(上限20.0)
26-02-10-37 原始规范坐标 G(Re Σrow_mean) = +17.2666 | 累计|g| = 7.4728
26-02-10-37 Ψ矩阵条件数 cond(Ψ) = 4.37e+01
26-02-10-37 Loss=-3.235547 | E0=-1.05148645+0.00123644j | E1=-0.95591167+0.00068542j|E2=-0.66110002-0.00013123j|E3=-0.54644348-0.00253352j
26-02-10-37 #-----------------------------------------#
26-02-10-37 [GaugeReset@210] 吸收 Δg = Σ Re(col_mean) = +17.2666 | 新|g| = 7.5770
26-02-10-37 [Step 210] logΨ: mean=4.933-0.536j | min=-2.313+3.132j | max=5.819+0.188j
26-02-10-37 梯度监控 | raw=8.3300 | per_param=0.1815 |  natural=0.1175 | clipped=0.1175(上限20.0)
26-02-10-37 原始规范坐标 G(Re Σrow_mean) = +17.1314 | 累计|g| = 7.5770
26-02-10-37 Ψ矩阵条件数 cond(Ψ) = 5.53e+01
26-02-10-37 Loss=-3.241344 | E0=-1.05425710+0.00046989j | E1=-0.95538792-0.00080491j|E2=-0.66155148-0.00024865j|E3=-0.54785731-0.00183946j
26-02-10-37 #-----------------------------------------#
26-02-10-37 [Step 211] logΨ: mean=5.045-0.999j | min=-0.915-0.090j | max=5.853+0.049j
26-02-10-37 梯度监控 | raw=12.3824 | per_param=0.2698 |  natural=0.0967 | clipped=0.0967(上限20.0)
26-02-10-37 原始规范坐标 G(Re Σrow_mean) = +17.1122 | 累计|g| = 7.5770
26-02-10-37 Ψ矩阵条件数 cond(Ψ) = 5.68e+01
26-02-10-37 Loss=-3.236935 | E0=-1.05219849+0.00130162j | E1=-0.95570921-0.00021084j|E2=-0.65858139-0.00087879j|E3=-0.54870387-0.00357322j
26-02-10-37 #-----------------------------------------#
26-02-10-37 [Step 212] logΨ: mean=5.162-0.585j | min=0.558-1.723j | max=5.819+0.633j
26-02-10-37 梯度监控 | raw=7.2370 | per_param=0.1577 |  natural=0.1437 | clipped=0.1437(上限20.0)
26-02-10-37 原始规范坐标 G(Re Σrow_mean) = +17.4205 | 累计|g| = 7.5770
26-02-10-37 Ψ矩阵条件数 cond(Ψ) = 9.97e+01
26-02-10-37 Loss=-3.244991 | E0=-1.05203799+0.00087206j | E1=-0.95615444+0.00007898j|E2=-0.66343834+0.00069397j|E3=-0.54753889-0.00195011j
26-02-10-37 #-----------------------------------------#
26-02-10-37 【Step 213】per-param 梯度范数超限，已裁剪：scale=0.8850 | 裁剪后 per_param=0.5000
26-02-10-37 [Step 213] logΨ: mean=5.150-0.388j | min=-1.095-1.556j | max=5.882+0.562j
26-02-10-37 梯度监控 | raw=22.9456 | per_param=0.5000 |  natural=0.1098 | clipped=0.1098(上限20.0)
26-02-10-37 原始规范坐标 G(Re Σrow_mean) = +17.4520 | 累计|g| = 7.5770
26-02-10-37 Ψ矩阵条件数 cond(Ψ) = 1.31e+02
26-02-10-37 Loss=-3.229983 | E0=-1.04994905+0.00187832j | E1=-0.95826431-0.00135503j|E2=-0.65758179+0.00032952j|E3=-0.54593113-0.00085458j
26-02-10-37 #-----------------------------------------#
26-02-10-37 [Step 214] logΨ: mean=5.116-0.551j | min=-0.024+1.677j | max=5.933+0.610j
26-02-10-37 梯度监控 | raw=17.4564 | per_param=0.3804 |  natural=0.1823 | clipped=0.1823(上限20.0)
26-02-10-37 原始规范坐标 G(Re Σrow_mean) = +17.5078 | 累计|g| = 7.5770
26-02-10-37 Ψ矩阵条件数 cond(Ψ) = 4.96e+01
26-02-10-37 Loss=-3.238843 | E0=-1.05050203+0.00017233j | E1=-0.95732758+0.00054535j|E2=-0.66225430-0.00128095j|E3=-0.54627102+0.00111109j
26-02-10-37 #-----------------------------------------#
26-02-10-37 【Step 215】per-param 梯度范数超限，已裁剪：scale=0.8330 | 裁剪后 per_param=0.5000
26-02-10-37 [Step 215] logΨ: mean=5.067-0.673j | min=-0.484-3.005j | max=5.859+0.574j
26-02-10-37 梯度监控 | raw=22.9456 | per_param=0.5000 |  natural=0.1320 | clipped=0.1320(上限20.0)
26-02-10-37 原始规范坐标 G(Re Σrow_mean) = +17.3738 | 累计|g| = 7.5770
26-02-10-37 Ψ矩阵条件数 cond(Ψ) = 4.94e+01
26-02-10-37 Loss=-3.227748 | E0=-1.05156611-0.00041189j | E1=-0.95703134+0.00066583j|E2=-0.65948783+0.00001238j|E3=-0.54464140-0.00309079j
26-02-10-37 #-----------------------------------------#
26-02-10-37 【Step 216】per-param 梯度范数超限，已裁剪：scale=0.9737 | 裁剪后 per_param=0.5000
26-02-10-37 [Step 216] logΨ: mean=5.159-0.729j | min=-0.354+1.135j | max=5.986+0.586j
26-02-10-37 梯度监控 | raw=22.9456 | per_param=0.5000 |  natural=0.1121 | clipped=0.1121(上限20.0)
26-02-10-37 原始规范坐标 G(Re Σrow_mean) = +17.3613 | 累计|g| = 7.5770
26-02-10-37 Ψ矩阵条件数 cond(Ψ) = 4.98e+01
26-02-10-37 Loss=-3.226157 | E0=-1.05260878+0.00062898j | E1=-0.95457970-0.00070198j|E2=-0.65615884-0.00245040j|E3=-0.54630557+0.00265579j
26-02-10-37 #-----------------------------------------#
26-02-10-37 [Step 217] logΨ: mean=5.226-0.806j | min=0.395+0.932j | max=5.952+0.545j
26-02-10-37 梯度监控 | raw=13.1540 | per_param=0.2866 |  natural=0.0910 | clipped=0.0910(上限20.0)
26-02-10-37 原始规范坐标 G(Re Σrow_mean) = +17.3907 | 累计|g| = 7.5770
26-02-10-37 Ψ矩阵条件数 cond(Ψ) = 8.98e+01
26-02-10-37 Loss=-3.235760 | E0=-1.05105102+0.00175412j | E1=-0.95624858-0.00014075j|E2=-0.66169251+0.00018435j|E3=-0.54765445-0.00094583j
26-02-10-37 #-----------------------------------------#
26-02-10-37 [Step 218] logΨ: mean=5.264-0.788j | min=-1.181-2.803j | max=5.917+0.404j
26-02-10-37 梯度监控 | raw=15.0837 | per_param=0.3287 |  natural=0.0965 | clipped=0.0965(上限20.0)
26-02-10-37 原始规范坐标 G(Re Σrow_mean) = +17.2699 | 累计|g| = 7.5770
26-02-10-37 Ψ矩阵条件数 cond(Ψ) = 8.41e+01
26-02-10-37 Loss=-3.242764 | E0=-1.05084043-0.00024416j | E1=-0.95573123+0.00001632j|E2=-0.66350101-0.00036889j|E3=-0.54706637+0.00043425j
26-02-10-37 #-----------------------------------------#
26-02-10-37 [Step 219] logΨ: mean=5.029-0.485j | min=-2.483+1.446j | max=5.863+0.306j
26-02-10-37 梯度监控 | raw=14.8817 | per_param=0.3243 |  natural=0.1436 | clipped=0.1436(上限20.0)
26-02-10-37 原始规范坐标 G(Re Σrow_mean) = +17.2940 | 累计|g| = 7.5770
26-02-10-37 Ψ矩阵条件数 cond(Ψ) = 6.64e+01
26-02-10-37 Loss=-3.235225 | E0=-1.05098847-0.00073691j | E1=-0.95603935-0.00025429j|E2=-0.66382674+0.00055948j|E3=-0.54672342+0.00126000j
26-02-10-37 #-----------------------------------------#
26-02-10-37 [保存] Step 219 → pickle 文件已更新 (220 条记录)
26-02-10-37 [GaugeReset@220] 吸收 Δg = Σ Re(col_mean) = +17.2940 | 新|g| = 7.6114
26-02-10-37 [Step 220] logΨ: mean=5.060-0.545j | min=-1.540-0.651j | max=5.780+0.437j
26-02-10-37 梯度监控 | raw=14.1463 | per_param=0.3083 |  natural=0.1349 | clipped=0.1349(上限20.0)
26-02-10-37 原始规范坐标 G(Re Σrow_mean) = +17.2488 | 累计|g| = 7.6114
26-02-10-37 Ψ矩阵条件数 cond(Ψ) = 7.40e+01
26-02-10-37 Loss=-3.237421 | E0=-1.05264824+0.00001428j | E1=-0.95491026-0.00049642j|E2=-0.66640286-0.00074757j|E3=-0.54310342-0.00122803j
26-02-10-37 #-----------------------------------------#
26-02-10-37 [Step 221] logΨ: mean=5.357-0.698j | min=-0.199-3.018j | max=5.963+0.392j
26-02-10-37 梯度监控 | raw=9.2929 | per_param=0.2025 |  natural=0.0784 | clipped=0.0784(上限20.0)
26-02-10-37 原始规范坐标 G(Re Σrow_mean) = +17.3406 | 累计|g| = 7.6114
26-02-10-37 Ψ矩阵条件数 cond(Ψ) = 7.84e+01
26-02-10-37 Loss=-3.235583 | E0=-1.05149683+0.00086589j | E1=-0.95646936-0.00088726j|E2=-0.65840620-0.00000503j|E3=-0.54549542-0.00090702j
26-02-10-37 #-----------------------------------------#
26-02-10-37 [Step 222] logΨ: mean=5.085-0.714j | min=0.870-2.663j | max=5.747+0.435j
26-02-10-37 梯度监控 | raw=12.7282 | per_param=0.2774 |  natural=0.1056 | clipped=0.1056(上限20.0)
26-02-10-37 原始规范坐标 G(Re Σrow_mean) = +17.1686 | 累计|g| = 7.6114
26-02-10-37 Ψ矩阵条件数 cond(Ψ) = 5.35e+01
26-02-10-37 Loss=-3.242787 | E0=-1.05330081+0.00069277j | E1=-0.95615470-0.00028885j|E2=-0.66272135-0.00015283j|E3=-0.54901917-0.00211425j
26-02-10-37 #-----------------------------------------#
26-02-10-37 [Step 223] logΨ: mean=4.672-0.420j | min=0.269-1.669j | max=5.290+0.497j
26-02-10-37 梯度监控 | raw=12.6661 | per_param=0.2760 |  natural=0.1460 | clipped=0.1460(上限20.0)
26-02-10-37 原始规范坐标 G(Re Σrow_mean) = +17.0119 | 累计|g| = 7.6114
26-02-10-37 Ψ矩阵条件数 cond(Ψ) = 5.34e+01
26-02-10-37 Loss=-3.252388 | E0=-1.05157164+0.00039420j | E1=-0.95890283+0.00171488j|E2=-0.66838999+0.00146637j|E3=-0.54704448-0.00140505j
26-02-10-37 #-----------------------------------------#
26-02-10-37 [Step 224] logΨ: mean=4.567-0.512j | min=-0.321+1.369j | max=5.339+0.529j
26-02-10-37 梯度监控 | raw=13.6164 | per_param=0.2967 |  natural=0.1102 | clipped=0.1102(上限20.0)
26-02-10-37 原始规范坐标 G(Re Σrow_mean) = +16.9818 | 累计|g| = 7.6114
26-02-10-37 Ψ矩阵条件数 cond(Ψ) = 5.33e+01
26-02-10-37 Loss=-3.240476 | E0=-1.05345449+0.00098037j | E1=-0.95593386-0.00014689j|E2=-0.66192224-0.00017702j|E3=-0.54694496-0.00005755j
26-02-10-37 #-----------------------------------------#
26-02-10-37 [Step 225] logΨ: mean=4.651-0.946j | min=-0.112-0.388j | max=5.278+0.459j
26-02-10-37 梯度监控 | raw=18.2458 | per_param=0.3976 |  natural=0.0813 | clipped=0.0813(上限20.0)
26-02-10-37 原始规范坐标 G(Re Σrow_mean) = +16.8763 | 累计|g| = 7.6114
26-02-10-37 Ψ矩阵条件数 cond(Ψ) = 4.67e+01
26-02-10-37 Loss=-3.241092 | E0=-1.05240286+0.00051886j | E1=-0.95603645-0.00048891j|E2=-0.66209186+0.00048556j|E3=-0.54929122-0.00090727j
26-02-10-37 #-----------------------------------------#
26-02-10-37 [Step 226] logΨ: mean=4.733-1.057j | min=-0.575+1.461j | max=5.381+0.333j
26-02-10-37 梯度监控 | raw=9.4373 | per_param=0.2056 |  natural=0.0861 | clipped=0.0861(上限20.0)
26-02-10-37 原始规范坐标 G(Re Σrow_mean) = +16.8602 | 累计|g| = 7.6114
26-02-10-37 Ψ矩阵条件数 cond(Ψ) = 5.28e+01
26-02-10-37 Loss=-3.247040 | E0=-1.05306625-0.00082884j | E1=-0.95593016-0.00080816j|E2=-0.66293232+0.00022237j|E3=-0.54756846-0.00028237j
26-02-10-37 #-----------------------------------------#
26-02-10-38 [Step 227] logΨ: mean=4.857-0.816j | min=-0.716+2.583j | max=5.524+0.331j
26-02-10-38 梯度监控 | raw=10.2980 | per_param=0.2244 |  natural=0.1172 | clipped=0.1172(上限20.0)
26-02-10-38 原始规范坐标 G(Re Σrow_mean) = +16.9696 | 累计|g| = 7.6114
26-02-10-38 Ψ矩阵条件数 cond(Ψ) = 7.22e+01
26-02-10-38 Loss=-3.244740 | E0=-1.05317537-0.00002008j | E1=-0.95580543+0.00030855j|E2=-0.66091476-0.00089765j|E3=-0.54894569-0.00049644j
26-02-10-38 #-----------------------------------------#
26-02-10-38 [Step 228] logΨ: mean=4.783-1.060j | min=-2.211-0.440j | max=5.514+0.244j
26-02-10-38 梯度监控 | raw=10.0940 | per_param=0.2200 |  natural=0.1241 | clipped=0.1241(上限20.0)
26-02-10-38 原始规范坐标 G(Re Σrow_mean) = +16.8647 | 累计|g| = 7.6114
26-02-10-38 Ψ矩阵条件数 cond(Ψ) = 5.42e+01
26-02-10-38 Loss=-3.245744 | E0=-1.05167089-0.00021173j | E1=-0.95594855-0.00064050j|E2=-0.66167512+0.00036663j|E3=-0.54827684-0.00125838j
26-02-10-38 #-----------------------------------------#
26-02-10-38 [Step 229] logΨ: mean=4.852-1.106j | min=-0.849+1.064j | max=5.587+0.041j
26-02-10-38 梯度监控 | raw=8.5086 | per_param=0.1854 |  natural=0.1310 | clipped=0.1310(上限20.0)
26-02-10-38 原始规范坐标 G(Re Σrow_mean) = +16.9005 | 累计|g| = 7.6114
26-02-10-38 Ψ矩阵条件数 cond(Ψ) = 3.38e+01
26-02-10-38 Loss=-3.242669 | E0=-1.05088088-0.00079340j | E1=-0.95532881+0.00063632j|E2=-0.66145571-0.00012371j|E3=-0.54741854-0.00059508j
26-02-10-38 #-----------------------------------------#
26-02-10-38 [GaugeReset@230] 吸收 Δg = Σ Re(col_mean) = +16.9005 | 新|g| = 7.4896
26-02-10-38 [Step 230] logΨ: mean=4.830+0.484j | min=0.085+2.882j | max=5.549+3.038j
26-02-10-38 梯度监控 | raw=10.1509 | per_param=0.2212 |  natural=0.1259 | clipped=0.1259(上限20.0)
26-02-10-38 原始规范坐标 G(Re Σrow_mean) = +17.1979 | 累计|g| = 7.4896
26-02-10-38 Ψ矩阵条件数 cond(Ψ) = 9.77e+01
26-02-10-38 Loss=-3.245330 | E0=-1.05233108+0.00060037j | E1=-0.95718805+0.00066097j|E2=-0.66541211-0.00044417j|E3=-0.54724045-0.00158952j
26-02-10-38 #-----------------------------------------#
26-02-10-38 【Step 231】per-param 梯度范数超限，已裁剪：scale=0.6016 | 裁剪后 per_param=0.5000
26-02-10-38 [Step 231] logΨ: mean=4.833+0.603j | min=-1.783-0.005j | max=5.579+3.075j
26-02-10-38 梯度监控 | raw=22.9456 | per_param=0.5000 |  natural=0.0481 | clipped=0.0481(上限20.0)
26-02-10-38 原始规范坐标 G(Re Σrow_mean) = +17.1483 | 累计|g| = 7.4896
26-02-10-38 Ψ矩阵条件数 cond(Ψ) = 8.36e+01
26-02-10-38 Loss=-3.235628 | E0=-1.04945557+0.00030873j | E1=-0.95510443-0.00209152j|E2=-0.66170539-0.00005632j|E3=-0.54841544-0.00109518j
26-02-10-38 #-----------------------------------------#
26-02-10-38 【Step 232】per-param 梯度范数超限，已裁剪：scale=0.5231 | 裁剪后 per_param=0.5000
26-02-10-38 [Step 232] logΨ: mean=4.680-0.687j | min=-0.265+2.784j | max=5.612+0.042j
26-02-10-38 梯度监控 | raw=22.9456 | per_param=0.5000 |  natural=0.0627 | clipped=0.0627(上限20.0)
26-02-10-38 原始规范坐标 G(Re Σrow_mean) = +17.0965 | 累计|g| = 7.4896
26-02-10-38 Ψ矩阵条件数 cond(Ψ) = 6.71e+01
26-02-10-38 Loss=-3.233253 | E0=-1.05352968-0.00226135j | E1=-0.95452752-0.00131203j|E2=-0.65595509+0.00000028j|E3=-0.55048236+0.00351357j
26-02-10-38 #-----------------------------------------#
26-02-10-38 【Step 233】per-param 梯度范数超限，已裁剪：scale=0.3603 | 裁剪后 per_param=0.5000
26-02-10-38 [Step 233] logΨ: mean=4.784-0.953j | min=-2.141-0.944j | max=5.645+0.123j
26-02-10-38 梯度监控 | raw=22.9456 | per_param=0.5000 |  natural=0.0389 | clipped=0.0389(上限20.0)
26-02-10-38 原始规范坐标 G(Re Σrow_mean) = +17.1335 | 累计|g| = 7.4896
26-02-10-38 Ψ矩阵条件数 cond(Ψ) = 1.15e+02
26-02-10-38 Loss=-3.226445 | E0=-1.04937559+0.00256796j | E1=-0.95537346+0.00086492j|E2=-0.65891753-0.00070600j|E3=-0.54615222-0.00083967j
26-02-10-38 #-----------------------------------------#
26-02-10-38 【Step 234】per-param 梯度范数超限，已裁剪：scale=0.5964 | 裁剪后 per_param=0.5000
26-02-10-38 [Step 234] logΨ: mean=4.997-0.859j | min=-0.232+1.309j | max=5.762+0.147j
26-02-10-38 梯度监控 | raw=22.9456 | per_param=0.5000 |  natural=0.0490 | clipped=0.0490(上限20.0)
26-02-10-38 原始规范坐标 G(Re Σrow_mean) = +17.2621 | 累计|g| = 7.4896
26-02-10-38 Ψ矩阵条件数 cond(Ψ) = 1.83e+02
26-02-10-38 Loss=-3.233191 | E0=-1.05144334+0.00073178j | E1=-0.95584094+0.00056333j|E2=-0.65760850-0.00192092j|E3=-0.54815631-0.00276448j
26-02-10-38 #-----------------------------------------#
26-02-10-38 [Step 235] logΨ: mean=4.777-0.536j | min=-1.793+2.351j | max=5.686+0.401j
26-02-10-38 梯度监控 | raw=20.6856 | per_param=0.4508 |  natural=0.1244 | clipped=0.1244(上限20.0)
26-02-10-38 原始规范坐标 G(Re Σrow_mean) = +17.0986 | 累计|g| = 7.4896
26-02-10-38 Ψ矩阵条件数 cond(Ψ) = 7.87e+01
26-02-10-38 Loss=-3.239732 | E0=-1.05095238-0.00015647j | E1=-0.95513167-0.00014896j|E2=-0.66147549+0.00071294j|E3=-0.54834594+0.00193785j
26-02-10-38 #-----------------------------------------#
26-02-10-38 [Step 236] logΨ: mean=4.784-0.742j | min=0.199-2.312j | max=5.513+0.439j
26-02-10-38 梯度监控 | raw=21.3216 | per_param=0.4646 |  natural=0.1041 | clipped=0.1041(上限20.0)
26-02-10-38 原始规范坐标 G(Re Σrow_mean) = +17.0489 | 累计|g| = 7.4896
26-02-10-38 Ψ矩阵条件数 cond(Ψ) = 9.03e+01
26-02-10-38 Loss=-3.240799 | E0=-1.05200202-0.00025114j | E1=-0.95586759-0.00072036j|E2=-0.66226768-0.00025209j|E3=-0.54853356-0.00160620j
26-02-10-38 #-----------------------------------------#
26-02-10-38 [Step 237] logΨ: mean=4.793-0.609j | min=-0.159+0.152j | max=5.598+0.465j
26-02-10-38 梯度监控 | raw=18.4422 | per_param=0.4019 |  natural=0.1235 | clipped=0.1235(上限20.0)
26-02-10-38 原始规范坐标 G(Re Σrow_mean) = +17.0533 | 累计|g| = 7.4896
26-02-10-38 Ψ矩阵条件数 cond(Ψ) = 1.13e+02
26-02-10-38 Loss=-3.238572 | E0=-1.05054068-0.00069742j | E1=-0.95559404+0.00082520j|E2=-0.66135368-0.00017143j|E3=-0.54626862+0.00051418j
26-02-10-38 #-----------------------------------------#
26-02-10-38 [Step 238] logΨ: mean=4.762-0.665j | min=-0.979+1.188j | max=5.546+0.440j
26-02-10-38 梯度监控 | raw=19.1820 | per_param=0.4180 |  natural=0.1211 | clipped=0.1211(上限20.0)
26-02-10-38 原始规范坐标 G(Re Σrow_mean) = +16.9883 | 累计|g| = 7.4896
26-02-10-38 Ψ矩阵条件数 cond(Ψ) = 9.85e+01
26-02-10-38 Loss=-3.244825 | E0=-1.05447194-0.00091714j | E1=-0.95682942-0.00082504j|E2=-0.66223965+0.00140706j|E3=-0.54665005+0.00004774j
26-02-10-38 #-----------------------------------------#
26-02-10-38 [Step 239] logΨ: mean=4.648-0.552j | min=-1.959-0.755j | max=5.461+0.489j
26-02-10-38 梯度监控 | raw=17.2253 | per_param=0.3754 |  natural=0.1071 | clipped=0.1071(上限20.0)
26-02-10-38 原始规范坐标 G(Re Σrow_mean) = +16.8825 | 累计|g| = 7.4896
26-02-10-38 Ψ矩阵条件数 cond(Ψ) = 1.05e+02
26-02-10-38 Loss=-3.240005 | E0=-1.05255464-0.00036428j | E1=-0.95608869-0.00016963j|E2=-0.65879519+0.00013802j|E3=-0.54837669-0.00194898j
26-02-10-38 #-----------------------------------------#
26-02-10-38 [保存] Step 239 → pickle 文件已更新 (240 条记录)
26-02-10-38 [GaugeReset@240] 吸收 Δg = Σ Re(col_mean) = +16.8825 | 新|g| = 7.4006
26-02-10-38 [Step 240] logΨ: mean=4.651-0.752j | min=-0.361-0.720j | max=5.611+0.016j
26-02-10-38 梯度监控 | raw=13.6141 | per_param=0.2967 |  natural=0.1548 | clipped=0.1548(上限20.0)
26-02-10-38 原始规范坐标 G(Re Σrow_mean) = +16.8303 | 累计|g| = 7.4006
26-02-10-38 Ψ矩阵条件数 cond(Ψ) = 9.21e+01
26-02-10-38 Loss=-3.238557 | E0=-1.05064776-0.00299844j | E1=-0.95458497-0.00067110j|E2=-0.66020312-0.00111273j|E3=-0.54631290+0.00673049j
26-02-10-38 #-----------------------------------------#
26-02-10-38 [Step 241] logΨ: mean=4.803-0.763j | min=-1.458+0.282j | max=5.676+0.018j
26-02-10-38 梯度监控 | raw=19.1907 | per_param=0.4182 |  natural=0.1319 | clipped=0.1319(上限20.0)
26-02-10-38 原始规范坐标 G(Re Σrow_mean) = +16.8961 | 累计|g| = 7.4006
26-02-10-38 Ψ矩阵条件数 cond(Ψ) = 7.54e+01
26-02-10-38 Loss=-3.242496 | E0=-1.05300177-0.00057936j | E1=-0.95586439-0.00065904j|E2=-0.65829143-0.00057042j|E3=-0.54970590+0.00087409j
26-02-10-38 #-----------------------------------------#
26-02-10-38 [Step 242] logΨ: mean=4.765-1.082j | min=-1.410-1.598j | max=5.609+0.049j
26-02-10-38 梯度监控 | raw=9.1689 | per_param=0.1998 |  natural=0.1182 | clipped=0.1182(上限20.0)
26-02-10-38 原始规范坐标 G(Re Σrow_mean) = +16.8643 | 累计|g| = 7.4006
26-02-10-38 Ψ矩阵条件数 cond(Ψ) = 4.77e+02
26-02-10-38 Loss=-3.247837 | E0=-1.05194363-0.00057152j | E1=-0.95547310-0.00039925j|E2=-0.66466491+0.00029084j|E3=-0.54873766+0.00317782j
26-02-10-38 #-----------------------------------------#
26-02-10-38 [Step 243] logΨ: mean=4.712+0.194j | min=-2.547+0.924j | max=5.592+3.107j
26-02-10-38 梯度监控 | raw=9.4549 | per_param=0.2060 |  natural=0.0991 | clipped=0.0991(上限20.0)
26-02-10-38 原始规范坐标 G(Re Σrow_mean) = +16.8471 | 累计|g| = 7.4006
26-02-10-38 Ψ矩阵条件数 cond(Ψ) = 6.72e+01
26-02-10-38 Loss=-3.244970 | E0=-1.05052344+0.00030727j | E1=-0.95514910+0.00025667j|E2=-0.66356670-0.00017701j|E3=-0.54972816+0.00069948j
26-02-10-38 #-----------------------------------------#
26-02-10-38 [Step 244] logΨ: mean=4.727+0.781j | min=-1.084+0.680j | max=5.527+3.073j
26-02-10-38 梯度监控 | raw=7.5639 | per_param=0.1648 |  natural=0.1139 | clipped=0.1139(上限20.0)
26-02-10-38 原始规范坐标 G(Re Σrow_mean) = +16.7039 | 累计|g| = 7.4006
26-02-10-38 Ψ矩阵条件数 cond(Ψ) = 8.70e+01
26-02-10-38 Loss=-3.248688 | E0=-1.05325820-0.00067858j | E1=-0.95636477+0.00002929j|E2=-0.66288220+0.00034274j|E3=-0.54727056+0.00243196j
26-02-10-38 #-----------------------------------------#
26-02-10-38 [Step 245] logΨ: mean=4.893+0.531j | min=-0.981+1.065j | max=5.648+3.026j
26-02-10-38 梯度监控 | raw=12.7429 | per_param=0.2777 |  natural=0.1359 | clipped=0.1359(上限20.0)
26-02-10-38 原始规范坐标 G(Re Σrow_mean) = +16.8719 | 累计|g| = 7.4006
26-02-10-38 Ψ矩阵条件数 cond(Ψ) = 5.88e+01
26-02-10-38 Loss=-3.245585 | E0=-1.05409546+0.00097734j | E1=-0.95399369-0.00042780j|E2=-0.66336662-0.00102827j|E3=-0.54645262-0.00166100j
26-02-10-38 #-----------------------------------------#
26-02-10-38 [Step 246] logΨ: mean=4.785+0.725j | min=0.816-1.801j | max=5.497+3.018j
26-02-10-38 梯度监控 | raw=6.4332 | per_param=0.1402 |  natural=0.0727 | clipped=0.0727(上限20.0)
26-02-10-38 原始规范坐标 G(Re Σrow_mean) = +16.7587 | 累计|g| = 7.4006
26-02-10-38 Ψ矩阵条件数 cond(Ψ) = 5.99e+01
26-02-10-38 Loss=-3.251231 | E0=-1.05368849+0.00024893j | E1=-0.95626686+0.00025599j|E2=-0.66420828+0.00020005j|E3=-0.54965512-0.00065580j
26-02-10-38 #-----------------------------------------#
26-02-10-38 [Step 247] logΨ: mean=4.648+0.643j | min=-0.245+1.612j | max=5.394+3.105j
26-02-10-38 梯度监控 | raw=3.7664 | per_param=0.0821 |  natural=0.1093 | clipped=0.1093(上限20.0)
26-02-10-38 原始规范坐标 G(Re Σrow_mean) = +16.6967 | 累计|g| = 7.4006
26-02-10-38 Ψ矩阵条件数 cond(Ψ) = 5.62e+01
26-02-10-38 Loss=-3.249891 | E0=-1.05186604+0.00061517j | E1=-0.95686994+0.00004072j|E2=-0.66389232+0.00064019j|E3=-0.54990218+0.00068794j
26-02-10-38 #-----------------------------------------#
26-02-10-38 [Step 248] logΨ: mean=4.467+0.595j | min=-1.534+0.480j | max=5.365+2.978j
26-02-10-38 梯度监控 | raw=6.8566 | per_param=0.1494 |  natural=0.1334 | clipped=0.1334(上限20.0)
26-02-10-38 原始规范坐标 G(Re Σrow_mean) = +16.6329 | 累计|g| = 7.4006
26-02-10-38 Ψ矩阵条件数 cond(Ψ) = 5.69e+01
26-02-10-38 Loss=-3.247710 | E0=-1.04986941-0.00198023j | E1=-0.95669976+0.00029280j|E2=-0.66585445+0.00027451j|E3=-0.54774788-0.00039673j
26-02-10-38 #-----------------------------------------#
26-02-10-39 [Step 249] logΨ: mean=4.480+0.513j | min=-0.316-0.081j | max=5.241+3.042j
26-02-10-39 梯度监控 | raw=2.6810 | per_param=0.0584 |  natural=0.0769 | clipped=0.0769(上限20.0)
26-02-10-39 原始规范坐标 G(Re Σrow_mean) = +16.4695 | 累计|g| = 7.4006
26-02-10-39 Ψ矩阵条件数 cond(Ψ) = 6.67e+01
26-02-10-39 Loss=-3.252815 | E0=-1.05331435+0.00080896j | E1=-0.95794908+0.00120571j|E2=-0.66380036-0.00077121j|E3=-0.54999640+0.00003050j
26-02-10-39 #-----------------------------------------#
26-02-10-39 [GaugeReset@250] 吸收 Δg = Σ Re(col_mean) = +16.4695 | 新|g| = 7.2938
26-02-10-39 [Step 250] logΨ: mean=4.994-0.867j | min=-0.123-0.381j | max=5.825+0.156j
26-02-10-39 梯度监控 | raw=6.0482 | per_param=0.1318 |  natural=0.1234 | clipped=0.1234(上限20.0)
26-02-10-39 原始规范坐标 G(Re Σrow_mean) = +16.5706 | 累计|g| = 7.2938
26-02-10-39 Ψ矩阵条件数 cond(Ψ) = 5.01e+01
26-02-10-39 Loss=-3.249276 | E0=-1.05181183-0.00051707j | E1=-0.95666352+0.00062897j|E2=-0.66089964+0.00036474j|E3=-0.55090942-0.00012660j
26-02-10-39 #-----------------------------------------#
26-02-10-39 [Step 251] logΨ: mean=5.123-0.941j | min=0.357-3.097j | max=5.831+0.005j
26-02-10-39 梯度监控 | raw=5.4671 | per_param=0.1191 |  natural=0.0936 | clipped=0.0936(上限20.0)
26-02-10-39 原始规范坐标 G(Re Σrow_mean) = +16.6798 | 累计|g| = 7.2938
26-02-10-39 Ψ矩阵条件数 cond(Ψ) = 5.04e+01
26-02-10-39 Loss=-3.252082 | E0=-1.05246116-0.00003131j | E1=-0.95689019+0.00006504j|E2=-0.66480760-0.00009973j|E3=-0.54880180-0.00048175j
26-02-10-39 #-----------------------------------------#
26-02-10-39 [Step 252] logΨ: mean=5.178+0.349j | min=-0.896+1.790j | max=5.873+3.088j
26-02-10-39 梯度监控 | raw=7.0747 | per_param=0.1542 |  natural=0.0946 | clipped=0.0946(上限20.0)
26-02-10-39 原始规范坐标 G(Re Σrow_mean) = +16.6143 | 累计|g| = 7.2938
26-02-10-39 Ψ矩阵条件数 cond(Ψ) = 1.11e+02
26-02-10-39 Loss=-3.249493 | E0=-1.05343757+0.00001212j | E1=-0.95480981-0.00126576j|E2=-0.66155478+0.00103346j|E3=-0.54993635-0.00050283j
26-02-10-39 #-----------------------------------------#
26-02-10-39 [Step 253] logΨ: mean=5.122+0.139j | min=-0.214-1.844j | max=5.933+3.045j
26-02-10-39 梯度监控 | raw=4.7185 | per_param=0.1028 |  natural=0.1129 | clipped=0.1129(上限20.0)
26-02-10-39 原始规范坐标 G(Re Σrow_mean) = +16.5616 | 累计|g| = 7.2938
26-02-10-39 Ψ矩阵条件数 cond(Ψ) = 7.27e+01
26-02-10-39 Loss=-3.248267 | E0=-1.05236251+0.00087655j | E1=-0.95518950+0.00019108j|E2=-0.66304104+0.00013451j|E3=-0.54993859+0.00044850j
26-02-10-39 #-----------------------------------------#
26-02-10-39 [Step 254] logΨ: mean=5.134+0.513j | min=-0.954+1.355j | max=6.025+3.029j
26-02-10-39 梯度监控 | raw=7.5222 | per_param=0.1639 |  natural=0.1229 | clipped=0.1229(上限20.0)
26-02-10-39 原始规范坐标 G(Re Σrow_mean) = +16.5109 | 累计|g| = 7.2938
26-02-10-39 Ψ矩阵条件数 cond(Ψ) = 4.83e+01
26-02-10-39 Loss=-3.248534 | E0=-1.05350855-0.00127230j | E1=-0.95656783-0.00036349j|E2=-0.66207467-0.00052997j|E3=-0.54728287+0.00351605j
26-02-10-39 #-----------------------------------------#
26-02-10-39 [Step 255] logΨ: mean=5.243+0.699j | min=-1.567-1.591j | max=5.998+2.940j
26-02-10-39 梯度监控 | raw=3.1245 | per_param=0.0681 |  natural=0.0905 | clipped=0.0905(上限20.0)
26-02-10-39 原始规范坐标 G(Re Σrow_mean) = +16.5820 | 累计|g| = 7.2938
26-02-10-39 Ψ矩阵条件数 cond(Ψ) = 2.04e+02
26-02-10-39 Loss=-3.252576 | E0=-1.05312459-0.00004730j | E1=-0.95681068-0.00092900j|E2=-0.66336178+0.00036448j|E3=-0.54969638-0.00028163j
26-02-10-39 #-----------------------------------------#
26-02-10-39 [Step 256] logΨ: mean=5.266+0.547j | min=1.067-0.981j | max=5.961+2.883j
26-02-10-39 梯度监控 | raw=18.3956 | per_param=0.4009 |  natural=0.0463 | clipped=0.0463(上限20.0)
26-02-10-39 原始规范坐标 G(Re Σrow_mean) = +16.7080 | 累计|g| = 7.2938
26-02-10-39 Ψ矩阵条件数 cond(Ψ) = 8.33e+01
26-02-10-39 Loss=-3.255114 | E0=-1.05389516-0.00065344j | E1=-0.95522628+0.00006472j|E2=-0.66619355+0.00054414j|E3=-0.55043897-0.00051390j
26-02-10-39 #-----------------------------------------#
26-02-10-39 [Step 257] logΨ: mean=5.178+0.602j | min=-0.869+0.206j | max=5.867+2.749j
26-02-10-39 梯度监控 | raw=7.8881 | per_param=0.1719 |  natural=0.0930 | clipped=0.0930(上限20.0)
26-02-10-39 原始规范坐标 G(Re Σrow_mean) = +16.5799 | 累计|g| = 7.2938
26-02-10-39 Ψ矩阵条件数 cond(Ψ) = 5.10e+01
26-02-10-39 Loss=-3.249303 | E0=-1.05397787-0.00018308j | E1=-0.95468702+0.00067233j|E2=-0.66492917-0.00097463j|E3=-0.54694413+0.00020776j
26-02-10-39 #-----------------------------------------#
26-02-10-39 [Step 258] logΨ: mean=5.047+0.120j | min=-0.771-1.955j | max=5.821+2.713j
26-02-10-39 梯度监控 | raw=3.9921 | per_param=0.0870 |  natural=0.1037 | clipped=0.1037(上限20.0)
26-02-10-39 原始规范坐标 G(Re Σrow_mean) = +16.4302 | 累计|g| = 7.2938
26-02-10-39 Ψ矩阵条件数 cond(Ψ) = 5.26e+01
26-02-10-39 Loss=-3.251918 | E0=-1.05234479+0.00014695j | E1=-0.95645163-0.00089022j|E2=-0.66309395-0.00040168j|E3=-0.55052089-0.00031475j
26-02-10-39 #-----------------------------------------#
26-02-10-39 [Step 259] logΨ: mean=5.000+0.176j | min=-0.617-2.076j | max=5.834+2.834j
26-02-10-39 梯度监控 | raw=3.9655 | per_param=0.0864 |  natural=0.1019 | clipped=0.1019(上限20.0)
26-02-10-39 原始规范坐标 G(Re Σrow_mean) = +16.5187 | 累计|g| = 7.2938
26-02-10-39 Ψ矩阵条件数 cond(Ψ) = 1.73e+02
26-02-10-39 Loss=-3.250574 | E0=-1.05290110+0.00047237j | E1=-0.95565467-0.00051192j|E2=-0.66353483+0.00105066j|E3=-0.55015014-0.00089442j
26-02-10-39 #-----------------------------------------#
26-02-10-39 [保存] Step 259 → pickle 文件已更新 (260 条记录)
26-02-10-39 [GaugeReset@260] 吸收 Δg = Σ Re(col_mean) = +16.5187 | 新|g| = 7.3811
26-02-10-39 [Step 260] logΨ: mean=4.883-1.144j | min=-0.549+1.957j | max=5.774+0.089j
26-02-10-39 梯度监控 | raw=7.9401 | per_param=0.1730 |  natural=0.1277 | clipped=0.1277(上限20.0)
26-02-10-39 原始规范坐标 G(Re Σrow_mean) = +16.3439 | 累计|g| = 7.3811
26-02-10-39 Ψ矩阵条件数 cond(Ψ) = 4.85e+01
26-02-10-39 Loss=-3.242532 | E0=-1.05375345-0.00080354j | E1=-0.95326696-0.00068440j|E2=-0.66069782-0.00143408j|E3=-0.54619252+0.00308472j
26-02-10-39 #-----------------------------------------#
26-02-10-39 [Step 261] logΨ: mean=4.983-0.957j | min=-0.318-1.320j | max=5.882+0.111j
26-02-10-39 梯度监控 | raw=3.4836 | per_param=0.0759 |  natural=0.1328 | clipped=0.1328(上限20.0)
26-02-10-39 原始规范坐标 G(Re Σrow_mean) = +16.4398 | 累计|g| = 7.3811
26-02-10-39 Ψ矩阵条件数 cond(Ψ) = 8.10e+01
26-02-10-39 Loss=-3.246329 | E0=-1.04919737-0.00047542j | E1=-0.95531112-0.00002239j|E2=-0.66285161-0.00006595j|E3=-0.54904588+0.00039854j
26-02-10-39 #-----------------------------------------#
26-02-10-39 [Step 262] logΨ: mean=5.119-1.118j | min=-1.390-1.468j | max=5.945+0.159j
26-02-10-39 梯度监控 | raw=4.9784 | per_param=0.1085 |  natural=0.1126 | clipped=0.1126(上限20.0)
26-02-10-39 原始规范坐标 G(Re Σrow_mean) = +16.5138 | 累计|g| = 7.3811
26-02-10-39 Ψ矩阵条件数 cond(Ψ) = 6.17e+01
26-02-10-39 Loss=-3.247822 | E0=-1.05305214-0.00121355j | E1=-0.95536269-0.00043455j|E2=-0.66154224-0.00031983j|E3=-0.54913621+0.00041642j
26-02-10-39 #-----------------------------------------#
26-02-10-39 [Step 263] logΨ: mean=5.337-0.937j | min=-0.891+1.000j | max=6.120+0.192j
26-02-10-39 梯度监控 | raw=2.9481 | per_param=0.0642 |  natural=0.0997 | clipped=0.0997(上限20.0)
26-02-10-39 原始规范坐标 G(Re Σrow_mean) = +16.6892 | 累计|g| = 7.3811
26-02-10-39 Ψ矩阵条件数 cond(Ψ) = 8.65e+01
26-02-10-39 Loss=-3.248263 | E0=-1.05263548+0.00095408j | E1=-0.95599928+0.00043501j|E2=-0.66038145-0.00070546j|E3=-0.54998552+0.00013202j
26-02-10-39 #-----------------------------------------#
26-02-10-39 [Step 264] logΨ: mean=4.966-0.640j | min=-0.964-2.933j | max=5.841+0.211j
26-02-10-39 梯度监控 | raw=4.1089 | per_param=0.0895 |  natural=0.1681 | clipped=0.1681(上限20.0)
26-02-10-39 原始规范坐标 G(Re Σrow_mean) = +16.4060 | 累计|g| = 7.3811
26-02-10-39 Ψ矩阵条件数 cond(Ψ) = 4.60e+01
26-02-10-39 Loss=-3.253930 | E0=-1.05431815-0.00005344j | E1=-0.95561301+0.00082095j|E2=-0.66471538+0.00096990j|E3=-0.55035633+0.00100292j
26-02-10-39 #-----------------------------------------#
26-02-10-39 [Step 265] logΨ: mean=5.337-0.964j | min=0.009-2.916j | max=6.027+0.216j
26-02-10-39 梯度监控 | raw=5.1100 | per_param=0.1114 |  natural=0.1081 | clipped=0.1081(上限20.0)
26-02-10-39 原始规范坐标 G(Re Σrow_mean) = +16.5652 | 累计|g| = 7.3811
26-02-10-39 Ψ矩阵条件数 cond(Ψ) = 1.75e+02
26-02-10-39 Loss=-3.249512 | E0=-1.05200916+0.00011540j | E1=-0.95701190-0.00042892j|E2=-0.66113095-0.00013452j|E3=-0.54872036-0.00036087j
26-02-10-39 #-----------------------------------------#
26-02-10-39 [Step 266] logΨ: mean=5.558-0.801j | min=0.200+0.596j | max=6.318+0.343j
26-02-10-39 梯度监控 | raw=5.1350 | per_param=0.1119 |  natural=0.1650 | clipped=0.1650(上限20.0)
26-02-10-39 原始规范坐标 G(Re Σrow_mean) = +16.7637 | 累计|g| = 7.3811
26-02-10-39 Ψ矩阵条件数 cond(Ψ) = 7.03e+01
26-02-10-39 Loss=-3.248494 | E0=-1.05181184-0.00065295j | E1=-0.95732574-0.00089622j|E2=-0.66170557-0.00035058j|E3=-0.54741366+0.00040672j
26-02-10-39 #-----------------------------------------#
26-02-10-39 [Step 267] logΨ: mean=5.529-0.799j | min=0.756-1.877j | max=6.302+0.423j
26-02-10-39 梯度监控 | raw=9.3961 | per_param=0.2047 |  natural=0.1144 | clipped=0.1144(上限20.0)
26-02-10-39 原始规范坐标 G(Re Σrow_mean) = +16.7903 | 累计|g| = 7.3811
26-02-10-39 Ψ矩阵条件数 cond(Ψ) = 4.85e+01
26-02-10-39 Loss=-3.245390 | E0=-1.05235838+0.00031214j | E1=-0.95541843+0.00045915j|E2=-0.66402275-0.00035314j|E3=-0.54714431-0.00037628j
26-02-10-39 #-----------------------------------------#
26-02-10-39 [Step 268] logΨ: mean=5.587-0.570j | min=-2.800-1.110j | max=6.322+0.491j
26-02-10-39 梯度监控 | raw=4.2744 | per_param=0.0931 |  natural=0.2015 | clipped=0.2015(上限20.0)
26-02-10-39 原始规范坐标 G(Re Σrow_mean) = +16.7809 | 累计|g| = 7.3811
26-02-10-39 Ψ矩阵条件数 cond(Ψ) = 7.27e+01
26-02-10-39 Loss=-3.247408 | E0=-1.05204633+0.00091827j | E1=-0.95602006+0.00082457j|E2=-0.66275988+0.00164273j|E3=-0.54771842+0.00018079j
26-02-10-39 #-----------------------------------------#
26-02-10-39 [Step 269] logΨ: mean=5.395-0.785j | min=0.773-3.037j | max=6.204+0.471j
26-02-10-39 梯度监控 | raw=9.7689 | per_param=0.2129 |  natural=0.1432 | clipped=0.1432(上限20.0)
26-02-10-39 原始规范坐标 G(Re Σrow_mean) = +16.6350 | 累计|g| = 7.3811
26-02-10-39 Ψ矩阵条件数 cond(Ψ) = 6.95e+01
26-02-10-39 Loss=-3.244606 | E0=-1.04978617-0.00056988j | E1=-0.95672720+0.00121640j|E2=-0.66094544-0.00003811j|E3=-0.54886557-0.00017757j
26-02-10-39 #-----------------------------------------#
26-02-10-39 [GaugeReset@270] 吸收 Δg = Σ Re(col_mean) = +16.6350 | 新|g| = 7.3369
26-02-10-39 [Step 270] logΨ: mean=5.205-0.857j | min=-2.129-1.959j | max=6.131+0.056j
26-02-10-39 梯度监控 | raw=4.6399 | per_param=0.1011 |  natural=0.1448 | clipped=0.1448(上限20.0)
26-02-10-39 原始规范坐标 G(Re Σrow_mean) = +16.8101 | 累计|g| = 7.3369
26-02-10-39 Ψ矩阵条件数 cond(Ψ) = 4.16e+01
26-02-10-39 Loss=-3.248673 | E0=-1.05224533-0.00042141j | E1=-0.95479693+0.00174215j|E2=-0.66549950-0.00100457j|E3=-0.54918324-0.00000340j
26-02-10-39 #-----------------------------------------#
26-02-10-39 [Step 271] logΨ: mean=5.442-1.122j | min=0.237-0.182j | max=6.088+0.034j
26-02-10-39 梯度监控 | raw=3.9693 | per_param=0.0865 |  natural=0.1217 | clipped=0.1217(上限20.0)
26-02-10-39 原始规范坐标 G(Re Σrow_mean) = +16.8405 | 累计|g| = 7.3369
26-02-10-39 Ψ矩阵条件数 cond(Ψ) = 3.78e+01
26-02-10-39 Loss=-3.253271 | E0=-1.05317487-0.00064243j | E1=-0.95640573+0.00007349j|E2=-0.66427690+0.00024104j|E3=-0.55012227-0.00123287j
26-02-10-39 #-----------------------------------------#
26-02-10-40 [Step 272] logΨ: mean=5.244+0.399j | min=-0.110-1.516j | max=6.065+3.058j
26-02-10-40 梯度监控 | raw=4.3760 | per_param=0.0954 |  natural=0.1266 | clipped=0.1266(上限20.0)
26-02-10-40 原始规范坐标 G(Re Σrow_mean) = +16.7702 | 累计|g| = 7.3369
26-02-10-40 Ψ矩阵条件数 cond(Ψ) = 9.31e+01
26-02-10-40 Loss=-3.250264 | E0=-1.05137398+0.00027265j | E1=-0.95671283+0.00005292j|E2=-0.66293299+0.00005421j|E3=-0.54851203+0.00009718j
26-02-10-40 #-----------------------------------------#
26-02-10-40 [Step 273] logΨ: mean=5.185-0.062j | min=0.060-0.017j | max=5.934+1.295j
26-02-10-40 梯度监控 | raw=4.3599 | per_param=0.0950 |  natural=0.2260 | clipped=0.2260(上限20.0)
26-02-10-40 原始规范坐标 G(Re Σrow_mean) = +16.9190 | 累计|g| = 7.3369
26-02-10-40 Ψ矩阵条件数 cond(Ψ) = 3.67e+01
26-02-10-40 Loss=-3.257053 | E0=-1.05232402-0.00085382j | E1=-0.95703140+0.00074195j|E2=-0.66749888+0.00015639j|E3=-0.54966423+0.00078247j
26-02-10-40 #-----------------------------------------#
26-02-10-40 【Step 274】per-param 梯度范数超限，已裁剪：scale=0.4396 | 裁剪后 per_param=0.5000
26-02-10-40 [Step 274] logΨ: mean=5.303+0.045j | min=-0.181-0.027j | max=6.042+1.215j
26-02-10-40 梯度监控 | raw=22.9456 | per_param=0.5000 |  natural=0.0747 | clipped=0.0747(上限20.0)
26-02-10-40 原始规范坐标 G(Re Σrow_mean) = +16.9368 | 累计|g| = 7.3369
26-02-10-40 Ψ矩阵条件数 cond(Ψ) = 4.67e+01
26-02-10-40 Loss=-3.184906 | E0=-1.04323921-0.00260320j | E1=-0.95623361-0.00089498j|E2=-0.64754456-0.00121758j|E3=-0.54278812+0.00130604j
26-02-10-40 #-----------------------------------------#
26-02-10-40 【Step 275】per-param 梯度范数超限，已裁剪：scale=0.5752 | 裁剪后 per_param=0.5000
26-02-10-40 [Step 275] logΨ: mean=5.500-0.192j | min=0.427-0.976j | max=6.267+1.141j
26-02-10-40 梯度监控 | raw=22.9456 | per_param=0.5000 |  natural=0.0939 | clipped=0.0939(上限20.0)
26-02-10-40 原始规范坐标 G(Re Σrow_mean) = +17.0372 | 累计|g| = 7.3369
26-02-10-40 Ψ矩阵条件数 cond(Ψ) = 1.21e+02
26-02-10-40 Loss=-3.191308 | E0=-1.04697042+0.00102028j | E1=-0.95713238-0.00009191j|E2=-0.64592257+0.00104065j|E3=-0.54407736+0.00038620j
26-02-10-40 #-----------------------------------------#
26-02-10-40 【Step 276】per-param 梯度范数超限，已裁剪：scale=0.4661 | 裁剪后 per_param=0.5000
26-02-10-40 [Step 276] logΨ: mean=5.584-0.231j | min=0.740-2.170j | max=6.391+0.985j
26-02-10-40 梯度监控 | raw=22.9456 | per_param=0.5000 |  natural=0.0662 | clipped=0.0662(上限20.0)
26-02-10-40 原始规范坐标 G(Re Σrow_mean) = +17.1026 | 累计|g| = 7.3369
26-02-10-40 Ψ矩阵条件数 cond(Ψ) = 4.58e+01
26-02-10-40 Loss=-3.177352 | E0=-1.04808263-0.00153490j | E1=-0.95590369-0.00013899j|E2=-0.64481067+0.00308058j|E3=-0.54240577-0.00053628j
26-02-10-40 #-----------------------------------------#
26-02-10-40 【Step 277】per-param 梯度范数超限，已裁剪：scale=0.6979 | 裁剪后 per_param=0.5000
26-02-10-40 [Step 277] logΨ: mean=5.721-0.318j | min=-0.149+0.531j | max=6.505+0.762j
26-02-10-40 梯度监控 | raw=22.9456 | per_param=0.5000 |  natural=0.1218 | clipped=0.1218(上限20.0)
26-02-10-40 原始规范坐标 G(Re Σrow_mean) = +17.1413 | 累计|g| = 7.3369
26-02-10-40 Ψ矩阵条件数 cond(Ψ) = 4.93e+01
26-02-10-40 Loss=-3.192644 | E0=-1.04815665-0.00040668j | E1=-0.95634306+0.00013293j|E2=-0.64856554+0.00065779j|E3=-0.54644828-0.00031841j
26-02-10-40 #-----------------------------------------#
26-02-10-40 【Step 278】per-param 梯度范数超限，已裁剪：scale=0.1311 | 裁剪后 per_param=0.5000
26-02-10-40 [Step 278] logΨ: mean=5.720-0.439j | min=0.237-1.764j | max=6.536+0.725j
26-02-10-40 梯度监控 | raw=22.9456 | per_param=0.5000 |  natural=0.0198 | clipped=0.0198(上限20.0)
26-02-10-40 原始规范坐标 G(Re Σrow_mean) = +17.1307 | 累计|g| = 7.3369
26-02-10-40 Ψ矩阵条件数 cond(Ψ) = 6.15e+01
26-02-10-40 Loss=-3.204555 | E0=-1.05100857-0.00057904j | E1=-0.95796287+0.00058143j|E2=-0.65552955-0.00293494j|E3=-0.54463669+0.00165378j
26-02-10-40 #-----------------------------------------#
26-02-10-40 【Step 279】per-param 梯度范数超限，已裁剪：scale=0.8312 | 裁剪后 per_param=0.5000
26-02-10-40 [Step 279] logΨ: mean=5.853-0.279j | min=0.019+1.750j | max=6.709+0.825j
26-02-10-40 梯度监控 | raw=22.9456 | per_param=0.5000 |  natural=0.1413 | clipped=0.1413(上限20.0)
26-02-10-40 原始规范坐标 G(Re Σrow_mean) = +17.1796 | 累计|g| = 7.3369
26-02-10-40 Ψ矩阵条件数 cond(Ψ) = 8.22e+01
26-02-10-40 Loss=-3.203067 | E0=-1.05024846+0.00067576j | E1=-0.95566459+0.00121333j|E2=-0.64995313-0.00158319j|E3=-0.54562770+0.00222347j
26-02-10-40 #-----------------------------------------#
26-02-10-40 [保存] Step 279 → pickle 文件已更新 (280 条记录)
26-02-10-40 [GaugeReset@280] 吸收 Δg = Σ Re(col_mean) = +17.1796 | 新|g| = 7.6636
26-02-10-40 【Step 280】per-param 梯度范数超限，已裁剪：scale=0.5043 | 裁剪后 per_param=0.5000
26-02-10-40 [Step 280] logΨ: mean=5.495+0.073j | min=-1.951-2.233j | max=6.269+1.557j
26-02-10-40 梯度监控 | raw=22.9456 | per_param=0.5000 |  natural=0.0914 | clipped=0.0914(上限20.0)
26-02-10-40 原始规范坐标 G(Re Σrow_mean) = +17.2680 | 累计|g| = 7.6636
26-02-10-40 Ψ矩阵条件数 cond(Ψ) = 4.36e+01
26-02-10-40 Loss=-3.224462 | E0=-1.05729130-0.00820231j | E1=-0.95714558+0.00053909j|E2=-0.65386145+0.00000866j|E3=-0.54821030-0.00234831j
26-02-10-40 #-----------------------------------------#
26-02-10-40 【Step 281】per-param 梯度范数超限，已裁剪：scale=0.9140 | 裁剪后 per_param=0.5000
26-02-10-40 [Step 281] logΨ: mean=5.400+0.004j | min=-0.150-1.345j | max=6.098+1.360j
26-02-10-40 梯度监控 | raw=22.9456 | per_param=0.5000 |  natural=0.1068 | clipped=0.1068(上限20.0)
26-02-10-40 原始规范坐标 G(Re Σrow_mean) = +17.0369 | 累计|g| = 7.6636
26-02-10-40 Ψ矩阵条件数 cond(Ψ) = 1.41e+02
26-02-10-40 Loss=-3.229653 | E0=-1.04979076+0.00122215j | E1=-0.95743374+0.00073858j|E2=-0.65885449-0.00042146j|E3=-0.54754417-0.00018554j
26-02-10-40 #-----------------------------------------#
26-02-10-40 [Step 282] logΨ: mean=5.411-0.008j | min=-1.624+2.650j | max=6.061+1.065j
26-02-10-40 梯度监控 | raw=14.7472 | per_param=0.3214 |  natural=0.1252 | clipped=0.1252(上限20.0)
26-02-10-40 原始规范坐标 G(Re Σrow_mean) = +16.9511 | 累计|g| = 7.6636
26-02-10-40 Ψ矩阵条件数 cond(Ψ) = 4.99e+01
26-02-10-40 Loss=-3.230875 | E0=-1.05326320-0.00451993j | E1=-0.95522244+0.00021386j|E2=-0.65751671-0.00043424j|E3=-0.54872159-0.00161110j
26-02-10-40 #-----------------------------------------#
26-02-10-40 [Step 283] logΨ: mean=5.202-0.229j | min=-1.919+1.036j | max=5.890+0.937j
26-02-10-40 梯度监控 | raw=12.0482 | per_param=0.2625 |  natural=0.1305 | clipped=0.1305(上限20.0)
26-02-10-40 原始规范坐标 G(Re Σrow_mean) = +16.7707 | 累计|g| = 7.6636
26-02-10-40 Ψ矩阵条件数 cond(Ψ) = 4.79e+01
26-02-10-40 Loss=-3.239561 | E0=-1.05373144-0.00068183j | E1=-0.95733060+0.00096082j|E2=-0.66226765+0.00096209j|E3=-0.54824929+0.00081371j
26-02-10-40 #-----------------------------------------#
26-02-10-40 [Step 284] logΨ: mean=5.022-0.404j | min=0.048-2.313j | max=5.679+0.749j
26-02-10-40 梯度监控 | raw=9.1356 | per_param=0.1991 |  natural=0.1123 | clipped=0.1123(上限20.0)
26-02-10-40 原始规范坐标 G(Re Σrow_mean) = +16.5995 | 累计|g| = 7.6636
26-02-10-40 Ψ矩阵条件数 cond(Ψ) = 7.31e+01
26-02-10-40 Loss=-3.236107 | E0=-1.05140336+0.00011739j | E1=-0.95662645+0.00056975j|E2=-0.66045775+0.00049540j|E3=-0.54821553+0.00057332j
26-02-10-40 #-----------------------------------------#
26-02-10-40 [Step 285] logΨ: mean=4.958-0.687j | min=0.860-0.034j | max=5.708+0.630j
26-02-10-40 梯度监控 | raw=13.6432 | per_param=0.2973 |  natural=0.0819 | clipped=0.0819(上限20.0)
26-02-10-40 原始规范坐标 G(Re Σrow_mean) = +16.5300 | 累计|g| = 7.6636
26-02-10-40 Ψ矩阵条件数 cond(Ψ) = 7.39e+01
26-02-10-40 Loss=-3.239398 | E0=-1.05183998+0.00018420j | E1=-0.95569785-0.00021697j|E2=-0.66469644+0.00084031j|E3=-0.54640005+0.00032422j
26-02-10-40 #-----------------------------------------#
26-02-10-40 [Step 286] logΨ: mean=4.927-0.718j | min=-1.655+1.353j | max=5.656+0.496j
26-02-10-40 梯度监控 | raw=20.3859 | per_param=0.4442 |  natural=0.0647 | clipped=0.0647(上限20.0)
26-02-10-40 原始规范坐标 G(Re Σrow_mean) = +16.5038 | 累计|g| = 7.6636
26-02-10-40 Ψ矩阵条件数 cond(Ψ) = 3.60e+01
26-02-10-40 Loss=-3.240073 | E0=-1.05190048+0.00040501j | E1=-0.95546693+0.00016504j|E2=-0.66110952+0.00041298j|E3=-0.55045563-0.00032917j
26-02-10-40 #-----------------------------------------#
26-02-10-40 [Step 287] logΨ: mean=5.562-0.454j | min=-0.198-3.096j | max=6.152+0.576j
26-02-10-40 梯度监控 | raw=13.1854 | per_param=0.2873 |  natural=0.1394 | clipped=0.1394(上限20.0)
26-02-10-40 原始规范坐标 G(Re Σrow_mean) = +17.0087 | 累计|g| = 7.6636
26-02-10-40 Ψ矩阵条件数 cond(Ψ) = 7.67e+01
26-02-10-40 Loss=-3.242713 | E0=-1.05007398+0.00095752j | E1=-0.95481530-0.00023368j|E2=-0.66605006-0.00063190j|E3=-0.54910499-0.00066512j
26-02-10-40 #-----------------------------------------#
26-02-10-40 【Step 288】per-param 梯度范数超限，已裁剪：scale=0.6861 | 裁剪后 per_param=0.5000
26-02-10-40 [Step 288] logΨ: mean=5.552-0.617j | min=0.290+0.234j | max=6.306+0.594j
26-02-10-40 梯度监控 | raw=22.9456 | per_param=0.5000 |  natural=0.0938 | clipped=0.0938(上限20.0)
26-02-10-40 原始规范坐标 G(Re Σrow_mean) = +17.0381 | 累计|g| = 7.6636
26-02-10-40 Ψ矩阵条件数 cond(Ψ) = 9.92e+01
26-02-10-40 Loss=-3.242696 | E0=-1.05238421-0.00037392j | E1=-0.95582378-0.00029743j|E2=-0.66338274+0.00100102j|E3=-0.54991403-0.00222230j
26-02-10-40 #-----------------------------------------#
26-02-10-40 【Step 289】per-param 梯度范数超限，已裁剪：scale=0.7340 | 裁剪后 per_param=0.5000
26-02-10-40 [Step 289] logΨ: mean=4.950-0.595j | min=0.215-0.133j | max=5.712+0.218j
26-02-10-40 梯度监控 | raw=22.9456 | per_param=0.5000 |  natural=0.0872 | clipped=0.0872(上限20.0)
26-02-10-40 原始规范坐标 G(Re Σrow_mean) = +17.0837 | 累计|g| = 7.6636
26-02-10-40 Ψ矩阵条件数 cond(Ψ) = 4.88e+02
26-02-10-40 Loss=-3.227687 | E0=-1.05074930-0.00015042j | E1=-0.95709893+0.00036188j|E2=-0.66398507-0.00066274j|E3=-0.54386075-0.00071173j
26-02-10-40 #-----------------------------------------#
26-02-10-40 [GaugeReset@290] 吸收 Δg = Σ Re(col_mean) = +17.0837 | 新|g| = 7.5987
26-02-10-40 [Step 290] logΨ: mean=5.016-0.880j | min=-0.399-0.344j | max=5.765+0.206j
26-02-10-40 梯度监控 | raw=20.6321 | per_param=0.4496 |  natural=0.0722 | clipped=0.0722(上限20.0)
26-02-10-40 原始规范坐标 G(Re Σrow_mean) = +16.8933 | 累计|g| = 7.5987
26-02-10-40 Ψ矩阵条件数 cond(Ψ) = 3.44e+02
26-02-10-40 Loss=-3.234064 | E0=-1.05259670-0.00045140j | E1=-0.95598182-0.00082264j|E2=-0.66031269-0.00042632j|E3=-0.54058312-0.00111895j
26-02-10-40 #-----------------------------------------#
26-02-10-41 [Step 291] logΨ: mean=4.923-0.627j | min=-1.775-2.812j | max=5.683+0.387j
26-02-10-41 梯度监控 | raw=17.6564 | per_param=0.3847 |  natural=0.1128 | clipped=0.1128(上限20.0)
26-02-10-41 原始规范坐标 G(Re Σrow_mean) = +16.8854 | 累计|g| = 7.5987
26-02-10-41 Ψ矩阵条件数 cond(Ψ) = 1.75e+02
26-02-10-41 Loss=-3.238302 | E0=-1.04874456-0.00059603j | E1=-0.95739564-0.00099947j|E2=-0.66181809-0.00013799j|E3=-0.54974859+0.00206889j
26-02-10-41 #-----------------------------------------#
26-02-10-41 【Step 292】per-param 梯度范数超限，已裁剪：scale=0.7814 | 裁剪后 per_param=0.5000
26-02-10-41 [Step 292] logΨ: mean=4.868-0.881j | min=-0.617-2.942j | max=5.543+0.489j
26-02-10-41 梯度监控 | raw=22.9456 | per_param=0.5000 |  natural=0.0716 | clipped=0.0716(上限20.0)
26-02-10-41 原始规范坐标 G(Re Σrow_mean) = +16.7566 | 累计|g| = 7.5987
26-02-10-41 Ψ矩阵条件数 cond(Ψ) = 5.71e+01
26-02-10-41 Loss=-3.242086 | E0=-1.05195445-0.00066654j | E1=-0.95586817+0.00024348j|E2=-0.66502032-0.00009071j|E3=-0.54440069-0.00054172j
26-02-10-41 #-----------------------------------------#
26-02-10-41 [Step 293] logΨ: mean=4.930-0.560j | min=-0.868+0.877j | max=5.667+0.609j
26-02-10-41 梯度监控 | raw=16.2776 | per_param=0.3547 |  natural=0.1063 | clipped=0.1063(上限20.0)
26-02-10-41 原始规范坐标 G(Re Σrow_mean) = +16.8727 | 累计|g| = 7.5987
26-02-10-41 Ψ矩阵条件数 cond(Ψ) = 1.79e+02
26-02-10-41 Loss=-3.241089 | E0=-1.05094500+0.00062726j | E1=-0.95677141-0.00093252j|E2=-0.66201781+0.00088922j|E3=-0.54605859+0.00047105j
26-02-10-41 #-----------------------------------------#
26-02-10-41 [Step 294] logΨ: mean=4.858-0.883j | min=-0.779+1.070j | max=5.640+0.560j
26-02-10-41 梯度监控 | raw=21.9002 | per_param=0.4772 |  natural=0.0826 | clipped=0.0826(上限20.0)
26-02-10-41 原始规范坐标 G(Re Σrow_mean) = +16.7381 | 累计|g| = 7.5987
26-02-10-41 Ψ矩阵条件数 cond(Ψ) = 4.90e+01
26-02-10-41 Loss=-3.243262 | E0=-1.05085606-0.00082913j | E1=-0.95535325+0.00013448j|E2=-0.66229788-0.00117712j|E3=-0.54760343+0.00040515j
26-02-10-41 #-----------------------------------------#
26-02-10-41 [Step 295] logΨ: mean=4.735-0.607j | min=-0.198-2.075j | max=5.440+0.504j
26-02-10-41 梯度监控 | raw=8.6437 | per_param=0.1884 |  natural=0.0995 | clipped=0.0995(上限20.0)
26-02-10-41 原始规范坐标 G(Re Σrow_mean) = +16.5165 | 累计|g| = 7.5987
26-02-10-41 Ψ矩阵条件数 cond(Ψ) = 4.72e+01
26-02-10-41 Loss=-3.250738 | E0=-1.05328020+0.00067443j | E1=-0.95823293+0.00101371j|E2=-0.66334213-0.00111483j|E3=-0.54661198-0.00014088j
26-02-10-41 #-----------------------------------------#
26-02-10-41 [Step 296] logΨ: mean=4.424-0.207j | min=-0.736-0.617j | max=5.237+0.732j
26-02-10-41 梯度监控 | raw=9.8382 | per_param=0.2144 |  natural=0.1808 | clipped=0.1808(上限20.0)
26-02-10-41 原始规范坐标 G(Re Σrow_mean) = +16.5140 | 累计|g| = 7.5987
26-02-10-41 Ψ矩阵条件数 cond(Ψ) = 4.73e+01
26-02-10-41 Loss=-3.252328 | E0=-1.05348094+0.00009165j | E1=-0.95703569+0.00019374j|E2=-0.66512896+0.00095384j|E3=-0.54679933+0.00040446j
26-02-10-41 #-----------------------------------------#
26-02-10-41 [Step 297] logΨ: mean=4.411-0.158j | min=-1.445+0.509j | max=5.147+0.723j
26-02-10-41 梯度监控 | raw=11.0381 | per_param=0.2405 |  natural=0.1047 | clipped=0.1047(上限20.0)
26-02-10-41 原始规范坐标 G(Re Σrow_mean) = +16.4511 | 累计|g| = 7.5987
26-02-10-41 Ψ矩阵条件数 cond(Ψ) = 9.52e+01
26-02-10-41 Loss=-3.248463 | E0=-1.05429818+0.00057788j | E1=-0.95748369-0.00074893j|E2=-0.66218909+0.00035611j|E3=-0.54728362+0.00046244j
26-02-10-41 #-----------------------------------------#
26-02-10-41 [Step 298] logΨ: mean=4.303-0.486j | min=-0.848+0.459j | max=5.123+0.665j
26-02-10-41 梯度监控 | raw=13.6943 | per_param=0.2984 |  natural=0.0907 | clipped=0.0907(上限20.0)
26-02-10-41 原始规范坐标 G(Re Σrow_mean) = +16.3303 | 累计|g| = 7.5987
26-02-10-41 Ψ矩阵条件数 cond(Ψ) = 1.82e+02
26-02-10-41 Loss=-3.241099 | E0=-1.05244823-0.00004128j | E1=-0.95684429-0.00176802j|E2=-0.65773804+0.00131275j|E3=-0.54859995+0.00067043j
26-02-10-41 #-----------------------------------------#
26-02-10-41 [Step 299] logΨ: mean=4.670-0.695j | min=-0.010-0.687j | max=5.268+0.646j
26-02-10-41 梯度监控 | raw=7.0264 | per_param=0.1531 |  natural=0.0724 | clipped=0.0724(上限20.0)
26-02-10-41 原始规范坐标 G(Re Σrow_mean) = +16.4179 | 累计|g| = 7.5987
26-02-10-41 Ψ矩阵条件数 cond(Ψ) = 6.41e+01
26-02-10-41 Loss=-3.251244 | E0=-1.05235913+0.00034928j | E1=-0.95588393-0.00058411j|E2=-0.66268700+0.00026310j|E3=-0.54973106-0.00002534j
26-02-10-41 #-----------------------------------------#
26-02-10-41 [保存] Step 299 → pickle 文件已更新 (300 条记录)
26-02-10-41 [GaugeReset@300] 吸收 Δg = Σ Re(col_mean) = +16.4179 | 新|g| = 7.3069
26-02-10-41 训练耗时：946.22 秒
26-02-10-41 
============================================================
26-02-10-41 训练完成!
26-02-10-41 ============================================================
26-02-10-41 [保存] 训练结束，pickle 最终写入 300 条记录 → ./data/26-10-02-10-25_history_natural_gradient_H2_molecule_K4.pkl
