26-02-13-49 
============================================================
26-02-13-49 开始多链 NES-VMC 训练 | P8: 双侧一致列规范 + 周期性 gauge reset
26-02-13-49 超参数配置:
N_CHAINS =16
N_SAMPLES_PER_CHAIN =200
SWEEP_SIZE = 20
N_ITER = 300
Natural_Grad = True
clip_norm = 20.0
per_param_clip = 1.0
lr = 0.1
qgt_diag_shift = 0.1
RESET_PERIOD = 10
SAVE_INTERVAL = 20
26-02-13-49 ============================================================
26-02-13-49 精确CAS基准：基态=-1.05434745 Ha | 1激发=-0.95790573 Ha|2激发=-0.66895227 Ha|3激发=-0.55140192 Ha|
26-02-13-49 理论 Loss 上限：-2.01225318 
26-02-13-49 超参：clip_norm=20.0, per_param_clip=1.0, lr=0.1, QGT diag_shift=0.1, RESET_PERIOD=10
26-02-13-49 [Step   0] logΨ: mean=0.679+0.497j | min=-1.920-2.095j | max=1.427+2.527j
26-02-13-49 梯度监控 | raw=1.1951 | per_param=0.0582 |  natural=1.0155 | clipped=1.0155(上限20.0)
26-02-13-49 原始规范坐标 G(Re Σrow_mean) = +0.2595 | 累计|g| = 0.0000
26-02-13-49 Ψ矩阵条件数 cond(Ψ) = 2.49e+00
26-02-13-49 Loss=0.608111 | E0=-0.08790869-0.00453028j | E1=0.69601999+0.00611693j|E2=0.69601999+0.00611693j|E3=0.69601999+0.00611693j
26-02-13-49 #-----------------------------------------#
26-02-13-49 [Step   1] logΨ: mean=0.948+0.506j | min=-2.530+1.314j | max=1.737+2.497j
26-02-13-49 梯度监控 | raw=1.2021 | per_param=0.0585 |  natural=1.0232 | clipped=1.0232(上限20.0)
26-02-13-49 原始规范坐标 G(Re Σrow_mean) = +0.4647 | 累计|g| = 0.0000
26-02-13-49 Ψ矩阵条件数 cond(Ψ) = 2.02e+00
26-02-13-49 Loss=0.463805 | E0=-0.14075189+0.00154512j | E1=0.60455718+0.00405217j|E2=0.60455718+0.00405217j|E3=0.60455718+0.00405217j
26-02-13-49 #-----------------------------------------#
26-02-13-49 [Step   2] logΨ: mean=1.231+0.447j | min=-1.220-0.128j | max=2.071+2.462j
26-02-13-49 梯度监控 | raw=1.2754 | per_param=0.0621 |  natural=1.0343 | clipped=1.0343(上限20.0)
26-02-13-49 原始规范坐标 G(Re Σrow_mean) = +0.6982 | 累计|g| = 0.0000
26-02-13-49 Ψ矩阵条件数 cond(Ψ) = 1.34e+00
26-02-13-49 Loss=0.333682 | E0=-0.20338271-0.00025987j | E1=0.53706488-0.00611253j|E2=0.53706488-0.00611253j|E3=0.53706488-0.00611253j
26-02-13-49 #-----------------------------------------#
26-02-13-49 [Step   3] logΨ: mean=1.571+0.491j | min=-0.644-0.283j | max=2.404+2.416j
26-02-13-49 梯度监控 | raw=1.3345 | per_param=0.0650 |  natural=0.9911 | clipped=0.9911(上限20.0)
26-02-13-49 原始规范坐标 G(Re Σrow_mean) = +0.9777 | 累计|g| = 0.0000
26-02-13-49 Ψ矩阵条件数 cond(Ψ) = 1.24e+00
26-02-13-49 Loss=0.105943 | E0=-0.25790330-0.00519731j | E1=0.36384659+0.00387614j|E2=0.36384659+0.00387614j|E3=0.36384659+0.00387614j
26-02-13-49 #-----------------------------------------#
26-02-13-49 [Step   4] logΨ: mean=1.920+0.453j | min=-0.487-1.083j | max=2.748+2.363j
26-02-13-49 梯度监控 | raw=1.3303 | per_param=0.0648 |  natural=0.9421 | clipped=0.9421(上限20.0)
26-02-13-49 原始规范坐标 G(Re Σrow_mean) = +1.2661 | 累计|g| = 0.0000
26-02-13-49 Ψ矩阵条件数 cond(Ψ) = 2.26e+00
26-02-13-49 Loss=-0.029393 | E0=-0.30944015-0.00151846j | E1=0.28004736+0.00014575j|E2=0.28004736+0.00014575j|E3=0.28004736+0.00014575j
26-02-13-49 #-----------------------------------------#
26-02-13-49 [Step   5] logΨ: mean=2.272+0.376j | min=-0.581+2.062j | max=3.093+2.304j
26-02-13-49 梯度监控 | raw=1.4334 | per_param=0.0698 |  natural=0.9070 | clipped=0.9070(上限20.0)
26-02-13-49 原始规范坐标 G(Re Σrow_mean) = +1.5534 | 累计|g| = 0.0000
26-02-13-49 Ψ矩阵条件数 cond(Ψ) = 1.30e+00
26-02-13-49 Loss=-0.178674 | E0=-0.35949143-0.00358276j | E1=0.18081693+0.00278613j|E2=0.18081693+0.00278613j|E3=0.18081693+0.00278613j
26-02-13-49 #-----------------------------------------#
26-02-13-49 [Step   6] logΨ: mean=2.680+0.392j | min=-0.282-1.091j | max=3.447+2.242j
26-02-13-49 梯度监控 | raw=1.4529 | per_param=0.0707 |  natural=0.8822 | clipped=0.8822(上限20.0)
26-02-13-49 原始规范坐标 G(Re Σrow_mean) = +1.9247 | 累计|g| = 0.0000
26-02-13-49 Ψ矩阵条件数 cond(Ψ) = 1.89e+00
26-02-13-49 Loss=-0.336751 | E0=-0.40694143-0.00048328j | E1=0.07019030+0.00420068j|E2=0.07019030+0.00420068j|E3=0.07019030+0.00420068j
26-02-13-49 #-----------------------------------------#
26-02-13-49 [Step   7] logΨ: mean=3.115+0.504j | min=-0.179+2.049j | max=3.870+2.470j
26-02-13-49 梯度监控 | raw=1.4918 | per_param=0.0726 |  natural=0.8404 | clipped=0.8404(上限20.0)
26-02-13-49 原始规范坐标 G(Re Σrow_mean) = +2.2675 | 累计|g| = 0.0000
26-02-13-49 Ψ矩阵条件数 cond(Ψ) = 1.39e+01
26-02-13-49 Loss=-0.475717 | E0=-0.46844186-0.00437740j | E1=-0.00727533+0.00218293j|E2=-0.00727533+0.00218293j|E3=-0.00727533+0.00218293j
26-02-13-49 #-----------------------------------------#
26-02-13-49 [Step   8] logΨ: mean=3.595+0.484j | min=-0.365+0.272j | max=4.316+2.393j
26-02-13-49 梯度监控 | raw=1.4802 | per_param=0.0721 |  natural=0.7970 | clipped=0.7970(上限20.0)
26-02-13-49 原始规范坐标 G(Re Σrow_mean) = +2.6818 | 累计|g| = 0.0000
26-02-13-49 Ψ矩阵条件数 cond(Ψ) = 2.13e+00
26-02-13-49 Loss=-0.661482 | E0=-0.52490999+0.00142914j | E1=-0.13657168-0.00350950j|E2=-0.13657168-0.00350950j|E3=-0.13657168-0.00350950j
26-02-13-49 #-----------------------------------------#
26-02-13-49 [Step   9] logΨ: mean=4.037+0.427j | min=0.355+2.415j | max=4.741+2.315j
26-02-13-49 梯度监控 | raw=1.5381 | per_param=0.0749 |  natural=0.6918 | clipped=0.6918(上限20.0)
26-02-13-49 原始规范坐标 G(Re Σrow_mean) = +3.0722 | 累计|g| = 0.0000
26-02-13-49 Ψ矩阵条件数 cond(Ψ) = 1.33e+00
26-02-13-49 Loss=-0.783235 | E0=-0.57924461-0.00132981j | E1=-0.20399008+0.00497034j|E2=-0.20399008+0.00497034j|E3=-0.20399008+0.00497034j
26-02-13-49 #-----------------------------------------#
26-02-13-49 [GaugeReset@10] 吸收 Δg = Σ Re(col_mean) = +3.0722 | 新|g| = 2.3787
26-02-13-49 [Step  10] logΨ: mean=1.360-1.055j | min=-2.642+0.017j | max=2.071+0.369j
26-02-13-49 梯度监控 | raw=1.5385 | per_param=0.0749 |  natural=0.6355 | clipped=0.6355(上限20.0)
26-02-13-49 原始规范坐标 G(Re Σrow_mean) = +3.4103 | 累计|g| = 2.3787
26-02-13-49 Ψ矩阵条件数 cond(Ψ) = 2.10e+00
26-02-13-49 Loss=-0.875457 | E0=-0.62016083-0.00257865j | E1=-0.25529578+0.00329967j|E2=-0.25529578+0.00329967j|E3=-0.25529578+0.00329967j
26-02-13-49 #-----------------------------------------#
26-02-13-49 [Step  11] logΨ: mean=1.795-0.876j | min=-2.043+2.010j | max=2.473+0.285j
26-02-13-49 梯度监控 | raw=1.5376 | per_param=0.0748 |  natural=0.5765 | clipped=0.5765(上限20.0)
26-02-13-49 原始规范坐标 G(Re Σrow_mean) = +3.7445 | 累计|g| = 2.3787
26-02-13-49 Ψ矩阵条件数 cond(Ψ) = 1.59e+00
26-02-13-49 Loss=-0.971284 | E0=-0.66947997-0.00003436j | E1=-0.30180401-0.00232970j|E2=-0.30180401-0.00232970j|E3=-0.30180401-0.00232970j
26-02-13-49 #-----------------------------------------#
26-02-13-49 [Step  12] logΨ: mean=2.233-0.367j | min=-1.832-0.544j | max=2.864+0.215j
26-02-13-49 梯度监控 | raw=1.5213 | per_param=0.0741 |  natural=0.5354 | clipped=0.5354(上限20.0)
26-02-13-49 原始规范坐标 G(Re Σrow_mean) = +4.1247 | 累计|g| = 2.3787
26-02-13-49 Ψ矩阵条件数 cond(Ψ) = 1.76e+00
26-02-13-49 Loss=-1.070581 | E0=-0.71019574-0.00106463j | E1=-0.36038520+0.00556758j|E2=-0.36038520+0.00556758j|E3=-0.36038520+0.00556758j
26-02-13-49 #-----------------------------------------#
26-02-13-49 [Step  13] logΨ: mean=2.648-0.312j | min=-1.444+2.799j | max=3.257+0.123j
26-02-13-49 梯度监控 | raw=1.5397 | per_param=0.0750 |  natural=0.5101 | clipped=0.5101(上限20.0)
26-02-13-49 原始规范坐标 G(Re Σrow_mean) = +4.4636 | 累计|g| = 2.3787
26-02-13-49 Ψ矩阵条件数 cond(Ψ) = 1.32e+00
26-02-13-49 Loss=-1.145122 | E0=-0.74715373+0.00193008j | E1=-0.39796821+0.00170457j|E2=-0.39796821+0.00170457j|E3=-0.39796821+0.00170457j
26-02-13-49 #-----------------------------------------#
26-02-13-49 [Step  14] logΨ: mean=3.021-0.433j | min=-1.149+1.974j | max=3.581+0.050j
26-02-13-49 梯度监控 | raw=1.3866 | per_param=0.0675 |  natural=0.4010 | clipped=0.4010(上限20.0)
26-02-13-49 原始规范坐标 G(Re Σrow_mean) = +4.7436 | 累计|g| = 2.3787
26-02-13-49 Ψ矩阵条件数 cond(Ψ) = 3.46e+00
26-02-13-49 Loss=-1.223361 | E0=-0.78944782+0.00190345j | E1=-0.43391335-0.00116990j|E2=-0.43391335-0.00116990j|E3=-0.43391335-0.00116990j
26-02-13-49 #-----------------------------------------#
26-02-13-49 [Step  15] logΨ: mean=3.414+1.278j | min=-0.869+2.148j | max=3.944+3.116j
26-02-13-49 梯度监控 | raw=1.3453 | per_param=0.0655 |  natural=0.4086 | clipped=0.4086(上限20.0)
26-02-13-49 原始规范坐标 G(Re Σrow_mean) = +5.0553 | 累计|g| = 2.3787
26-02-13-49 Ψ矩阵条件数 cond(Ψ) = 1.65e+00
26-02-13-49 Loss=-1.266431 | E0=-0.81792924-0.00032772j | E1=-0.44850172+0.00148361j|E2=-0.44850172+0.00148361j|E3=-0.44850172+0.00148361j
26-02-13-49 #-----------------------------------------#
26-02-13-49 [Step  16] logΨ: mean=3.822+1.125j | min=-0.963+1.390j | max=4.324+3.032j
26-02-13-49 梯度监控 | raw=1.3141 | per_param=0.0640 |  natural=0.4283 | clipped=0.4283(上限20.0)
26-02-13-49 原始规范坐标 G(Re Σrow_mean) = +5.3493 | 累计|g| = 2.3787
26-02-13-49 Ψ矩阵条件数 cond(Ψ) = 1.41e+00
26-02-13-49 Loss=-1.298342 | E0=-0.84047351-0.00322030j | E1=-0.45786826+0.00296620j|E2=-0.45786826+0.00296620j|E3=-0.45786826+0.00296620j
26-02-13-49 #-----------------------------------------#
26-02-13-49 [Step  17] logΨ: mean=4.222+1.273j | min=0.197+0.585j | max=4.656+2.967j
26-02-13-49 梯度监控 | raw=1.2080 | per_param=0.0588 |  natural=0.3118 | clipped=0.3118(上限20.0)
26-02-13-49 原始规范坐标 G(Re Σrow_mean) = +5.6823 | 累计|g| = 2.3787
26-02-13-49 Ψ矩阵条件数 cond(Ψ) = 1.42e+00
26-02-13-49 Loss=-1.368191 | E0=-0.87732268-0.00223904j | E1=-0.49086868+0.00165035j|E2=-0.49086868+0.00165035j|E3=-0.49086868+0.00165035j
26-02-13-49 #-----------------------------------------#
26-02-13-49 [Step  18] logΨ: mean=4.601+0.932j | min=-0.477+1.815j | max=5.033+2.858j
26-02-13-49 梯度监控 | raw=1.2802 | per_param=0.0623 |  natural=0.4082 | clipped=0.4082(上限20.0)
26-02-13-49 原始规范坐标 G(Re Σrow_mean) = +5.9772 | 累计|g| = 2.3787
26-02-13-49 Ψ矩阵条件数 cond(Ψ) = 1.67e+00
26-02-13-49 Loss=-1.390957 | E0=-0.89011192+0.00142124j | E1=-0.50084544-0.00614947j|E2=-0.50084544-0.00614947j|E3=-0.50084544-0.00614947j
26-02-13-49 #-----------------------------------------#
26-02-13-49 [Step  19] logΨ: mean=4.920+1.161j | min=0.378+0.353j | max=5.337+2.838j
26-02-13-49 梯度监控 | raw=1.3329 | per_param=0.0649 |  natural=0.2948 | clipped=0.2948(上限20.0)
26-02-13-49 原始规范坐标 G(Re Σrow_mean) = +6.1919 | 累计|g| = 2.3787
26-02-13-49 Ψ矩阵条件数 cond(Ψ) = 1.66e+00
26-02-13-49 Loss=-1.415629 | E0=-0.90131064+0.00183302j | E1=-0.51431862+0.00090249j|E2=-0.51431862+0.00090249j|E3=-0.51431862+0.00090249j
26-02-13-49 #-----------------------------------------#
26-02-13-49 [保存] Step 19 → pickle 文件已更新 (20 条记录)
26-02-13-49 [GaugeReset@20] 吸收 Δg = Σ Re(col_mean) = +6.1919 | 新|g| = 4.6620
26-02-13-49 [Step  20] logΨ: mean=2.147-0.954j | min=-2.971-1.817j | max=2.563+0.359j
26-02-13-49 梯度监控 | raw=1.3708 | per_param=0.0667 |  natural=0.3753 | clipped=0.3753(上限20.0)
26-02-13-49 原始规范坐标 G(Re Σrow_mean) = +6.4707 | 累计|g| = 4.6620
26-02-13-49 Ψ矩阵条件数 cond(Ψ) = 1.60e+00
26-02-13-49 Loss=-1.432744 | E0=-0.91572424+0.00337266j | E1=-0.51701994-0.00745679j|E2=-0.51701994-0.00745679j|E3=-0.51701994-0.00745679j
26-02-13-49 #-----------------------------------------#
26-02-13-49 [Step  21] logΨ: mean=2.452-1.123j | min=-2.633+0.570j | max=2.822+0.292j
26-02-13-49 梯度监控 | raw=1.3781 | per_param=0.0671 |  natural=0.2008 | clipped=0.2008(上限20.0)
26-02-13-49 原始规范坐标 G(Re Σrow_mean) = +6.6850 | 累计|g| = 4.6620
26-02-13-49 Ψ矩阵条件数 cond(Ψ) = 1.34e+00
26-02-13-49 Loss=-1.459945 | E0=-0.92092034+0.00182347j | E1=-0.53902512-0.00171994j|E2=-0.53902512-0.00171994j|E3=-0.53902512-0.00171994j
26-02-13-49 #-----------------------------------------#
26-02-13-49 [Step  22] logΨ: mean=2.725-1.115j | min=-2.638+0.559j | max=3.081+0.303j
26-02-13-49 梯度监控 | raw=1.4029 | per_param=0.0683 |  natural=0.2137 | clipped=0.2137(上限20.0)
26-02-13-49 原始规范坐标 G(Re Σrow_mean) = +6.8472 | 累计|g| = 4.6620
26-02-13-49 Ψ矩阵条件数 cond(Ψ) = 7.46e+01
26-02-13-49 Loss=-1.480042 | E0=-0.94006102-0.00020599j | E1=-0.53998072+0.00063245j|E2=-0.53998072+0.00063245j|E3=-0.53998072+0.00063245j
26-02-13-49 #-----------------------------------------#
26-02-13-49 [Step  23] logΨ: mean=2.993-1.003j | min=-1.247+0.420j | max=3.342+0.329j
26-02-13-49 梯度监控 | raw=1.5775 | per_param=0.0768 |  natural=0.2125 | clipped=0.2125(上限20.0)
26-02-13-49 原始规范坐标 G(Re Σrow_mean) = +7.0502 | 累计|g| = 4.6620
26-02-13-49 Ψ矩阵条件数 cond(Ψ) = 3.33e+00
26-02-13-49 Loss=-1.490791 | E0=-0.94153904-0.00262928j | E1=-0.54925175+0.00384105j|E2=-0.54925175+0.00384105j|E3=-0.54925175+0.00384105j
26-02-13-49 #-----------------------------------------#
26-02-13-49 [Step  24] logΨ: mean=3.221-1.193j | min=-0.959-1.996j | max=3.558+0.319j
26-02-13-49 梯度监控 | raw=1.5247 | per_param=0.0742 |  natural=0.1829 | clipped=0.1829(上限20.0)
26-02-13-49 原始规范坐标 G(Re Σrow_mean) = +7.2091 | 累计|g| = 4.6620
26-02-13-49 Ψ矩阵条件数 cond(Ψ) = 1.53e+00
26-02-13-49 Loss=-1.502096 | E0=-0.94332137-0.00009257j | E1=-0.55877487+0.00075400j|E2=-0.55877487+0.00075400j|E3=-0.55877487+0.00075400j
26-02-13-49 #-----------------------------------------#
26-02-13-49 [Step  25] logΨ: mean=3.466-0.904j | min=-1.584+2.944j | max=3.811+0.327j
26-02-13-49 梯度监控 | raw=1.6924 | per_param=0.0824 |  natural=0.2478 | clipped=0.2478(上限20.0)
26-02-13-49 原始规范坐标 G(Re Σrow_mean) = +7.3701 | 累计|g| = 4.6620
26-02-13-49 Ψ矩阵条件数 cond(Ψ) = 4.85e+00
26-02-13-49 Loss=-1.508395 | E0=-0.94587002+0.00182534j | E1=-0.56252460-0.00079124j|E2=-0.56252460-0.00079124j|E3=-0.56252460-0.00079124j
26-02-13-49 #-----------------------------------------#
26-02-13-49 [Step  26] logΨ: mean=3.716-1.005j | min=-1.094+1.443j | max=4.064+0.366j
26-02-13-49 梯度监控 | raw=1.8875 | per_param=0.0919 |  natural=0.2476 | clipped=0.2476(上限20.0)
26-02-13-49 原始规范坐标 G(Re Σrow_mean) = +7.5416 | 累计|g| = 4.6620
26-02-13-49 Ψ矩阵条件数 cond(Ψ) = 1.23e+00
26-02-13-49 Loss=-1.519865 | E0=-0.95806002-0.00074212j | E1=-0.56180502+0.00410617j|E2=-0.56180502+0.00410617j|E3=-0.56180502+0.00410617j
26-02-13-49 #-----------------------------------------#
26-02-13-49 [Step  27] logΨ: mean=3.951-1.146j | min=-0.902-1.624j | max=4.287+0.140j
26-02-13-49 梯度监控 | raw=1.8421 | per_param=0.0897 |  natural=0.2947 | clipped=0.2947(上限20.0)
26-02-13-49 原始规范坐标 G(Re Σrow_mean) = +7.7440 | 累计|g| = 4.6620
26-02-13-49 Ψ矩阵条件数 cond(Ψ) = 3.28e+00
26-02-13-49 Loss=-1.522122 | E0=-0.95598804+0.00094707j | E1=-0.56613377-0.00245158j|E2=-0.56613377-0.00245158j|E3=-0.56613377-0.00245158j
26-02-13-49 #-----------------------------------------#
26-02-13-49 [Step  28] logΨ: mean=4.136-1.091j | min=0.125+0.204j | max=4.435+0.124j
26-02-13-49 梯度监控 | raw=1.9118 | per_param=0.0931 |  natural=0.0539 | clipped=0.0539(上限20.0)
26-02-13-49 原始规范坐标 G(Re Σrow_mean) = +7.8217 | 累计|g| = 4.6620
26-02-13-49 Ψ矩阵条件数 cond(Ψ) = 1.18e+00
26-02-13-49 Loss=-1.541366 | E0=-0.96191446-0.00148460j | E1=-0.57945193-0.00044887j|E2=-0.57945193-0.00044887j|E3=-0.57945193-0.00044887j
26-02-13-49 #-----------------------------------------#
26-02-13-49 [Step  29] logΨ: mean=4.435-1.150j | min=-0.245-1.514j | max=4.767+0.185j
26-02-13-49 梯度监控 | raw=2.0841 | per_param=0.1015 |  natural=0.3506 | clipped=0.3506(上限20.0)
26-02-13-49 原始规范坐标 G(Re Σrow_mean) = +8.0304 | 累计|g| = 4.6620
26-02-13-49 Ψ矩阵条件数 cond(Ψ) = 2.78e+01
26-02-13-49 Loss=-1.532789 | E0=-0.96274202+0.00179901j | E1=-0.57004700+0.00441155j|E2=-0.57004700+0.00441155j|E3=-0.57004700+0.00441155j
26-02-13-49 #-----------------------------------------#
26-02-13-49 [GaugeReset@30] 吸收 Δg = Σ Re(col_mean) = +8.0304 | 新|g| = 6.0262
26-02-13-49 [Step  30] logΨ: mean=2.802-0.438j | min=-2.420+2.021j | max=3.121+0.032j
26-02-13-49 梯度监控 | raw=2.4165 | per_param=0.1176 |  natural=0.4669 | clipped=0.4669(上限20.0)
26-02-13-49 原始规范坐标 G(Re Σrow_mean) = +8.1457 | 累计|g| = 6.0262
26-02-13-49 Ψ矩阵条件数 cond(Ψ) = 2.98e+00
26-02-13-49 Loss=-1.541035 | E0=-0.96352008-0.00163738j | E1=-0.57751483-0.00430907j|E2=-0.57751483-0.00430907j|E3=-0.57751483-0.00430907j
26-02-13-49 #-----------------------------------------#
26-02-13-49 [Step  31] logΨ: mean=2.990-0.459j | min=-1.288-3.068j | max=3.295+0.040j
26-02-13-49 梯度监控 | raw=2.4544 | per_param=0.1195 |  natural=0.0751 | clipped=0.0751(上限20.0)
26-02-13-49 原始规范坐标 G(Re Σrow_mean) = +8.2432 | 累计|g| = 6.0262
26-02-13-49 Ψ矩阵条件数 cond(Ψ) = 1.54e+00
26-02-13-49 Loss=-1.547630 | E0=-0.96660982-0.00152313j | E1=-0.58102006+0.00100965j|E2=-0.58102006+0.00100965j|E3=-0.58102006+0.00100965j
26-02-13-49 #-----------------------------------------#
26-02-13-49 [Step  32] logΨ: mean=3.060-0.379j | min=-0.689-0.181j | max=3.382+0.011j
26-02-13-49 梯度监控 | raw=2.6531 | per_param=0.1291 |  natural=0.1158 | clipped=0.1158(上限20.0)
26-02-13-49 原始规范坐标 G(Re Σrow_mean) = +8.3194 | 累计|g| = 6.0262
26-02-13-49 Ψ矩阵条件数 cond(Ψ) = 4.37e+00
26-02-13-49 Loss=-1.550772 | E0=-0.96848125-0.00025151j | E1=-0.58229112+0.00023604j|E2=-0.58229112+0.00023604j|E3=-0.58229112+0.00023604j
26-02-13-49 #-----------------------------------------#
26-02-13-49 [Step  33] logΨ: mean=3.152-0.452j | min=-0.588+2.951j | max=3.461+0.006j
26-02-13-49 梯度监控 | raw=2.7281 | per_param=0.1328 |  natural=0.0865 | clipped=0.0865(上限20.0)
26-02-13-49 原始规范坐标 G(Re Σrow_mean) = +8.4076 | 累计|g| = 6.0262
26-02-13-49 Ψ矩阵条件数 cond(Ψ) = 1.53e+00
26-02-13-49 Loss=-1.552033 | E0=-0.96861786-0.00071539j | E1=-0.58341519+0.00079581j|E2=-0.58341519+0.00079581j|E3=-0.58341519+0.00079581j
26-02-13-49 #-----------------------------------------#
26-02-13-49 [Step  34] logΨ: mean=3.823+1.444j | min=-2.544-2.422j | max=4.132+3.025j
26-02-13-49 梯度监控 | raw=3.0943 | per_param=0.1506 |  natural=0.6002 | clipped=0.6002(上限20.0)
26-02-13-49 原始规范坐标 G(Re Σrow_mean) = +8.8456 | 累计|g| = 6.0262
26-02-13-49 Ψ矩阵条件数 cond(Ψ) = 2.99e+00
26-02-13-49 Loss=-1.534949 | E0=-0.96539265+0.00338110j | E1=-0.56955665-0.00424483j|E2=-0.56955665-0.00424483j|E3=-0.56955665-0.00424483j
26-02-13-49 #-----------------------------------------#
26-02-13-49 [Step  35] logΨ: mean=3.886+1.440j | min=-0.035-2.643j | max=4.179+3.086j
26-02-13-49 梯度监控 | raw=3.4652 | per_param=0.1687 |  natural=0.0689 | clipped=0.0689(上限20.0)
26-02-13-49 原始规范坐标 G(Re Σrow_mean) = +8.8584 | 累计|g| = 6.0262
26-02-13-49 Ψ矩阵条件数 cond(Ψ) = 3.03e+00
26-02-13-49 Loss=-1.566149 | E0=-0.97025986+0.00071056j | E1=-0.59588948+0.00076369j|E2=-0.59588948+0.00076369j|E3=-0.59588948+0.00076369j
26-02-13-49 #-----------------------------------------#
26-02-13-49 [Step  36] logΨ: mean=4.197+1.330j | min=-1.370-0.518j | max=4.507+3.092j
26-02-13-49 梯度监控 | raw=3.1683 | per_param=0.1542 |  natural=0.3743 | clipped=0.3743(上限20.0)
26-02-13-49 原始规范坐标 G(Re Σrow_mean) = +9.0883 | 累计|g| = 6.0262
26-02-13-49 Ψ矩阵条件数 cond(Ψ) = 1.46e+00
26-02-13-49 Loss=-1.562014 | E0=-0.97143435-0.00130360j | E1=-0.59057962+0.00213439j|E2=-0.59057962+0.00213439j|E3=-0.59057962+0.00213439j
26-02-13-49 #-----------------------------------------#
26-02-13-49 [Step  37] logΨ: mean=4.369+1.233j | min=0.530-3.031j | max=4.654+3.038j
26-02-13-49 梯度监控 | raw=3.7938 | per_param=0.1847 |  natural=0.0676 | clipped=0.0676(上限20.0)
26-02-13-49 原始规范坐标 G(Re Σrow_mean) = +9.1554 | 累计|g| = 6.0262
26-02-13-49 Ψ矩阵条件数 cond(Ψ) = 3.58e+00
26-02-13-49 Loss=-1.570993 | E0=-0.97014673-0.00086269j | E1=-0.60084628-0.00021631j|E2=-0.60084628-0.00021631j|E3=-0.60084628-0.00021631j
26-02-13-49 #-----------------------------------------#
26-02-13-49 [Step  38] logΨ: mean=4.426+1.346j | min=0.545-2.661j | max=4.720+3.059j
26-02-13-49 梯度监控 | raw=4.0105 | per_param=0.1952 |  natural=0.0764 | clipped=0.0764(上限20.0)
26-02-13-49 原始规范坐标 G(Re Σrow_mean) = +9.2203 | 累计|g| = 6.0262
26-02-13-49 Ψ矩阵条件数 cond(Ψ) = 1.45e+00
26-02-13-49 Loss=-1.572058 | E0=-0.97204033+0.00074845j | E1=-0.60001722+0.00035236j|E2=-0.60001722+0.00035236j|E3=-0.60001722+0.00035236j
26-02-13-49 #-----------------------------------------#
26-02-13-49 [Step  39] logΨ: mean=4.549+1.457j | min=0.490-0.261j | max=4.850+3.067j
26-02-13-49 梯度监控 | raw=4.1443 | per_param=0.2017 |  natural=0.1100 | clipped=0.1100(上限20.0)
26-02-13-49 原始规范坐标 G(Re Σrow_mean) = +9.2752 | 累计|g| = 6.0262
26-02-13-49 Ψ矩阵条件数 cond(Ψ) = 1.20e+00
26-02-13-49 Loss=-1.573722 | E0=-0.97470650+0.00016561j | E1=-0.59901593-0.00044645j|E2=-0.59901593-0.00044645j|E3=-0.59901593-0.00044645j
26-02-13-49 #-----------------------------------------#
26-02-13-49 [保存] Step 39 → pickle 文件已更新 (40 条记录)
26-02-13-49 [GaugeReset@40] 吸收 Δg = Σ Re(col_mean) = +9.2752 | 新|g| = 7.1010
26-02-13-49 [Step  40] logΨ: mean=3.315-0.860j | min=-0.692-2.607j | max=3.603+0.707j
26-02-13-49 梯度监控 | raw=4.1818 | per_param=0.2036 |  natural=0.0464 | clipped=0.0464(上限20.0)
26-02-13-49 原始规范坐标 G(Re Σrow_mean) = +9.2824 | 累计|g| = 7.1010
26-02-13-49 Ψ矩阵条件数 cond(Ψ) = 1.27e+00
26-02-13-49 Loss=-1.576880 | E0=-0.97321375-0.00074208j | E1=-0.60366579+0.00064640j|E2=-0.60366579+0.00064640j|E3=-0.60366579+0.00064640j
26-02-13-49 #-----------------------------------------#
26-02-13-49 [Step  41] logΨ: mean=3.769-1.240j | min=-2.331+1.228j | max=4.066+0.401j
26-02-13-49 梯度监控 | raw=4.2805 | per_param=0.2084 |  natural=0.4175 | clipped=0.4175(上限20.0)
26-02-13-49 原始规范坐标 G(Re Σrow_mean) = +9.6128 | 累计|g| = 7.1010
26-02-13-49 Ψ矩阵条件数 cond(Ψ) = 1.61e+00
26-02-13-49 Loss=-1.563690 | E0=-0.97511302+0.00150209j | E1=-0.58857660-0.00822169j|E2=-0.58857660-0.00822169j|E3=-0.58857660-0.00822169j
26-02-13-49 #-----------------------------------------#
26-02-13-49 [Step  42] logΨ: mean=3.808-1.218j | min=0.093+0.450j | max=4.076+0.378j
26-02-13-49 梯度监控 | raw=4.9986 | per_param=0.2433 |  natural=0.0452 | clipped=0.0452(上限20.0)
26-02-13-49 原始规范坐标 G(Re Σrow_mean) = +9.5691 | 累计|g| = 7.1010
26-02-13-49 Ψ矩阵条件数 cond(Ψ) = 1.59e+00
26-02-13-49 Loss=-1.582200 | E0=-0.97199745-0.00108999j | E1=-0.61020217+0.00017207j|E2=-0.61020217+0.00017207j|E3=-0.61020217+0.00017207j
26-02-13-49 #-----------------------------------------#
26-02-13-49 [Step  43] logΨ: mean=3.927-1.100j | min=-0.142-1.957j | max=4.204+0.406j
26-02-13-49 梯度监控 | raw=5.2198 | per_param=0.2541 |  natural=0.0330 | clipped=0.0330(上限20.0)
26-02-13-49 原始规范坐标 G(Re Σrow_mean) = +9.6295 | 累计|g| = 7.1010
26-02-13-49 Ψ矩阵条件数 cond(Ψ) = 1.28e+00
26-02-13-49 Loss=-1.583777 | E0=-0.97360243-0.00102811j | E1=-0.61017465+0.00079368j|E2=-0.61017465+0.00079368j|E3=-0.61017465+0.00079368j
26-02-13-49 #-----------------------------------------#
26-02-13-49 [Step  44] logΨ: mean=4.063-1.087j | min=0.778-2.331j | max=4.317+0.429j
26-02-13-49 梯度监控 | raw=5.3911 | per_param=0.2624 |  natural=0.0259 | clipped=0.0259(上限20.0)
26-02-13-49 原始规范坐标 G(Re Σrow_mean) = +9.6384 | 累计|g| = 7.1010
26-02-13-49 Ψ矩阵条件数 cond(Ψ) = 1.57e+00
26-02-13-49 Loss=-1.589243 | E0=-0.97246410-0.00098214j | E1=-0.61677905+0.00062546j|E2=-0.61677905+0.00062546j|E3=-0.61677905+0.00062546j
26-02-13-49 #-----------------------------------------#
26-02-13-49 [Step  45] logΨ: mean=4.238-1.207j | min=-1.114+0.135j | max=4.495+0.532j
26-02-13-49 梯度监控 | raw=5.4254 | per_param=0.2641 |  natural=0.1250 | clipped=0.1250(上限20.0)
26-02-13-49 原始规范坐标 G(Re Σrow_mean) = +9.7250 | 累计|g| = 7.1010
26-02-13-49 Ψ矩阵条件数 cond(Ψ) = 1.54e+00
26-02-13-49 Loss=-1.590079 | E0=-0.97303772-0.00024729j | E1=-0.61704107+0.00142520j|E2=-0.61704107+0.00142520j|E3=-0.61704107+0.00142520j
26-02-13-49 #-----------------------------------------#
26-02-13-49 [Step  46] logΨ: mean=4.231-0.759j | min=-0.128+1.223j | max=4.504+0.581j
26-02-13-49 梯度监控 | raw=5.8119 | per_param=0.2829 |  natural=0.0700 | clipped=0.0700(上限20.0)
26-02-13-49 原始规范坐标 G(Re Σrow_mean) = +9.7728 | 累计|g| = 7.1010
26-02-13-49 Ψ矩阵条件数 cond(Ψ) = 1.53e+00
26-02-13-49 Loss=-1.587816 | E0=-0.97402431+0.00054520j | E1=-0.61379193+0.00065207j|E2=-0.61379193+0.00065207j|E3=-0.61379193+0.00065207j
26-02-13-49 #-----------------------------------------#
26-02-13-49 [Step  47] logΨ: mean=4.390-1.203j | min=0.455+1.208j | max=4.644+0.531j
26-02-13-49 梯度监控 | raw=6.1806 | per_param=0.3009 |  natural=0.0522 | clipped=0.0522(上限20.0)
26-02-13-49 原始规范坐标 G(Re Σrow_mean) = +9.7958 | 累计|g| = 7.1010
26-02-13-49 Ψ矩阵条件数 cond(Ψ) = 1.51e+00
26-02-13-49 Loss=-1.596187 | E0=-0.97594816+0.00063139j | E1=-0.62023895-0.00106645j|E2=-0.62023895-0.00106645j|E3=-0.62023895-0.00106645j
26-02-13-49 #-----------------------------------------#
26-02-13-49 [Step  48] logΨ: mean=4.483-0.996j | min=0.929-2.346j | max=4.741+0.545j
26-02-13-49 梯度监控 | raw=6.4689 | per_param=0.3149 |  natural=0.0198 | clipped=0.0198(上限20.0)
26-02-13-49 原始规范坐标 G(Re Σrow_mean) = +9.8457 | 累计|g| = 7.1010
26-02-13-49 Ψ矩阵条件数 cond(Ψ) = 1.50e+00
26-02-13-49 Loss=-1.597867 | E0=-0.97595355-0.00084956j | E1=-0.62191337+0.00062665j|E2=-0.62191337+0.00062665j|E3=-0.62191337+0.00062665j
26-02-13-49 #-----------------------------------------#
26-02-13-49 [Step  49] logΨ: mean=4.547-0.952j | min=0.674-1.833j | max=4.795+0.514j
26-02-13-49 梯度监控 | raw=6.6714 | per_param=0.3248 |  natural=0.0600 | clipped=0.0600(上限20.0)
26-02-13-49 原始规范坐标 G(Re Σrow_mean) = +9.8570 | 累计|g| = 7.1010
26-02-13-49 Ψ矩阵条件数 cond(Ψ) = 1.49e+00
26-02-13-49 Loss=-1.601624 | E0=-0.97605955+0.00035763j | E1=-0.62556435-0.00090711j|E2=-0.62556435-0.00090711j|E3=-0.62556435-0.00090711j
26-02-13-49 #-----------------------------------------#
26-02-13-49 [GaugeReset@50] 吸收 Δg = Σ Re(col_mean) = +9.8570 | 新|g| = 7.5433
26-02-13-49 [Step  50] logΨ: mean=3.956-0.554j | min=0.114+0.689j | max=4.189+0.742j
26-02-13-49 梯度监控 | raw=7.0372 | per_param=0.3426 |  natural=0.0314 | clipped=0.0314(上限20.0)
26-02-13-49 原始规范坐标 G(Re Σrow_mean) = +9.8142 | 累计|g| = 7.5433
26-02-13-49 Ψ矩阵条件数 cond(Ψ) = 3.06e+00
26-02-13-49 Loss=-1.609551 | E0=-0.97763788-0.00077079j | E1=-0.63191330+0.00030159j|E2=-0.63191330+0.00030159j|E3=-0.63191330+0.00030159j
26-02-13-49 #-----------------------------------------#
26-02-13-49 [Step  51] logΨ: mean=3.972-0.849j | min=0.023+0.639j | max=4.222+0.755j
26-02-13-49 梯度监控 | raw=7.2138 | per_param=0.3512 |  natural=0.0399 | clipped=0.0399(上限20.0)
26-02-13-49 原始规范坐标 G(Re Σrow_mean) = +9.8637 | 累计|g| = 7.5433
26-02-13-49 Ψ矩阵条件数 cond(Ψ) = 3.73e+00
26-02-13-49 Loss=-1.603326 | E0=-0.97799269-0.00031754j | E1=-0.62533362+0.00065990j|E2=-0.62533362+0.00065990j|E3=-0.62533362+0.00065990j
26-02-13-49 #-----------------------------------------#
26-02-13-49 [Step  52] logΨ: mean=4.112-0.755j | min=-0.426+1.603j | max=4.344+0.780j
26-02-13-49 梯度监控 | raw=7.4480 | per_param=0.3626 |  natural=0.0250 | clipped=0.0250(上限20.0)
26-02-13-49 原始规范坐标 G(Re Σrow_mean) = +9.8893 | 累计|g| = 7.5433
26-02-13-49 Ψ矩阵条件数 cond(Ψ) = 2.93e+00
26-02-13-49 Loss=-1.610150 | E0=-0.97877055+0.00003036j | E1=-0.63137923-0.00007941j|E2=-0.63137923-0.00007941j|E3=-0.63137923-0.00007941j
26-02-13-49 #-----------------------------------------#
26-02-13-49 [Step  53] logΨ: mean=4.192-1.018j | min=-0.547+0.590j | max=4.426+0.731j
26-02-13-49 梯度监控 | raw=7.4114 | per_param=0.3608 |  natural=0.1456 | clipped=0.1456(上限20.0)
26-02-13-49 原始规范坐标 G(Re Σrow_mean) = +9.9228 | 累计|g| = 7.5433
26-02-13-49 Ψ矩阵条件数 cond(Ψ) = 1.03e+01
26-02-13-49 Loss=-1.614251 | E0=-0.98103836-0.00059705j | E1=-0.63321241+0.00001171j|E2=-0.63321241+0.00001171j|E3=-0.63321241+0.00001171j
26-02-13-49 #-----------------------------------------#
26-02-13-49 [Step  54] logΨ: mean=4.125-0.547j | min=-0.237+1.283j | max=4.348+0.852j
26-02-13-49 梯度监控 | raw=8.0482 | per_param=0.3918 |  natural=0.0648 | clipped=0.0648(上限20.0)
26-02-13-49 原始规范坐标 G(Re Σrow_mean) = +9.8953 | 累计|g| = 7.5433
26-02-13-49 Ψ矩阵条件数 cond(Ψ) = 2.88e+00
26-02-13-49 Loss=-1.614442 | E0=-0.97880341+0.00031965j | E1=-0.63563858+0.00013096j|E2=-0.63563858+0.00013096j|E3=-0.63563858+0.00013096j
26-02-13-49 #-----------------------------------------#
26-02-13-49 [Step  55] logΨ: mean=4.162-0.746j | min=0.301+0.591j | max=4.362+0.846j
26-02-13-49 梯度监控 | raw=8.2451 | per_param=0.4014 |  natural=0.0299 | clipped=0.0299(上限20.0)
26-02-13-49 原始规范坐标 G(Re Σrow_mean) = +9.8574 | 累计|g| = 7.5433
26-02-13-49 Ψ矩阵条件数 cond(Ψ) = 1.39e+00
26-02-13-49 Loss=-1.621310 | E0=-0.97903258-0.00021603j | E1=-0.64227774+0.00023564j|E2=-0.64227774+0.00023564j|E3=-0.64227774+0.00023564j
26-02-13-49 #-----------------------------------------#
26-02-13-49 [Step  56] logΨ: mean=4.318-0.838j | min=0.377-1.843j | max=4.523+0.803j
26-02-13-49 梯度监控 | raw=8.4986 | per_param=0.4137 |  natural=0.0550 | clipped=0.0550(上限20.0)
26-02-13-49 原始规范坐标 G(Re Σrow_mean) = +9.9524 | 累计|g| = 7.5433
26-02-13-49 Ψ矩阵条件数 cond(Ψ) = 1.39e+00
26-02-13-49 Loss=-1.619370 | E0=-0.98056554+0.00022618j | E1=-0.63880447-0.00015182j|E2=-0.63880447-0.00015182j|E3=-0.63880447-0.00015182j
26-02-13-49 #-----------------------------------------#
26-02-13-49 [Step  57] logΨ: mean=4.488-0.925j | min=0.267-1.509j | max=4.657+0.773j
26-02-13-49 梯度监控 | raw=8.7266 | per_param=0.4248 |  natural=0.0221 | clipped=0.0221(上限20.0)
26-02-13-49 原始规范坐标 G(Re Σrow_mean) = +9.9693 | 累计|g| = 7.5433
26-02-13-49 Ψ矩阵条件数 cond(Ψ) = 1.38e+00
26-02-13-49 Loss=-1.629743 | E0=-0.97956965-0.00012797j | E1=-0.65017330-0.00039459j|E2=-0.65017330-0.00039459j|E3=-0.65017330-0.00039459j
26-02-13-49 #-----------------------------------------#
26-02-13-49 [Step  58] logΨ: mean=4.472-0.590j | min=0.013-1.815j | max=4.653+0.842j
26-02-13-49 梯度监控 | raw=9.4749 | per_param=0.4612 |  natural=0.0761 | clipped=0.0761(上限20.0)
26-02-13-49 原始规范坐标 G(Re Σrow_mean) = +9.9537 | 累计|g| = 7.5433
26-02-13-49 Ψ矩阵条件数 cond(Ψ) = 1.38e+00
26-02-13-49 Loss=-1.631905 | E0=-0.98331060+0.00038093j | E1=-0.64859488+0.00090212j|E2=-0.64859488+0.00090212j|E3=-0.64859488+0.00090212j
26-02-13-49 #-----------------------------------------#
26-02-13-49 [Step  59] logΨ: mean=4.378-0.807j | min=0.452+0.642j | max=4.565+0.766j
26-02-13-49 梯度监控 | raw=9.4911 | per_param=0.4620 |  natural=0.0334 | clipped=0.0334(上限20.0)
26-02-13-49 原始规范坐标 G(Re Σrow_mean) = +9.9281 | 累计|g| = 7.5433
26-02-13-49 Ψ矩阵条件数 cond(Ψ) = 1.38e+00
26-02-13-49 Loss=-1.632331 | E0=-0.98362155-0.00055623j | E1=-0.64870928+0.00067073j|E2=-0.64870928+0.00067073j|E3=-0.64870928+0.00067073j
26-02-13-49 #-----------------------------------------#
26-02-13-49 [保存] Step 59 → pickle 文件已更新 (60 条记录)
26-02-13-49 [GaugeReset@60] 吸收 Δg = Σ Re(col_mean) = +9.9281 | 新|g| = 7.6216
26-02-13-49 [Step  60] logΨ: mean=4.371-0.917j | min=0.400+0.696j | max=4.538+0.813j
26-02-13-49 梯度监控 | raw=9.5821 | per_param=0.4664 |  natural=0.0324 | clipped=0.0324(上限20.0)
26-02-13-49 原始规范坐标 G(Re Σrow_mean) = +9.8764 | 累计|g| = 7.6216
26-02-13-49 Ψ矩阵条件数 cond(Ψ) = 1.19e+00
26-02-13-49 Loss=-1.641325 | E0=-0.98340449-0.00078229j | E1=-0.65792013+0.00060202j|E2=-0.65792013+0.00060202j|E3=-0.65792013+0.00060202j
26-02-13-49 #-----------------------------------------#
26-02-13-49 [Step  61] logΨ: mean=4.197-1.083j | min=-0.800-1.435j | max=4.405+0.796j
26-02-13-49 梯度监控 | raw=9.4767 | per_param=0.4613 |  natural=0.0852 | clipped=0.0852(上限20.0)
26-02-13-49 原始规范坐标 G(Re Σrow_mean) = +9.8345 | 累计|g| = 7.6216
26-02-13-49 Ψ矩阵条件数 cond(Ψ) = 2.43e+00
26-02-13-49 Loss=-1.639366 | E0=-0.98684611+0.00034446j | E1=-0.65251970+0.00027659j|E2=-0.65251970+0.00027659j|E3=-0.65251970+0.00027659j
26-02-13-49 #-----------------------------------------#
26-02-13-49 [Step  62] logΨ: mean=3.631-1.023j | min=-1.614-2.743j | max=3.815+0.507j
26-02-13-49 梯度监控 | raw=9.6579 | per_param=0.4701 |  natural=0.2561 | clipped=0.2561(上限20.0)
26-02-13-49 原始规范坐标 G(Re Σrow_mean) = +9.5112 | 累计|g| = 7.6216
26-02-13-49 Ψ矩阵条件数 cond(Ψ) = 1.34e+00
26-02-13-49 Loss=-1.651966 | E0=-0.98871767-0.00242345j | E1=-0.66324848+0.00036598j|E2=-0.66324848+0.00036598j|E3=-0.66324848+0.00036598j
26-02-13-49 #-----------------------------------------#
26-02-13-49 [Step  63] logΨ: mean=3.735-1.215j | min=-0.267-2.433j | max=3.939+0.514j
26-02-13-49 梯度监控 | raw=9.4638 | per_param=0.4607 |  natural=0.0917 | clipped=0.0917(上限20.0)
26-02-13-49 原始规范坐标 G(Re Σrow_mean) = +9.5325 | 累计|g| = 7.6216
26-02-13-49 Ψ矩阵条件数 cond(Ψ) = 1.33e+00
26-02-13-49 Loss=-1.646255 | E0=-0.98727059-0.00026165j | E1=-0.65898393+0.00083638j|E2=-0.65898393+0.00083638j|E3=-0.65898393+0.00083638j
26-02-13-49 #-----------------------------------------#
26-02-13-49 [Step  64] logΨ: mean=3.921-0.987j | min=-0.214+1.120j | max=4.144+0.489j
26-02-13-49 梯度监控 | raw=10.0949 | per_param=0.4914 |  natural=0.1390 | clipped=0.1390(上限20.0)
26-02-13-49 原始规范坐标 G(Re Σrow_mean) = +9.6265 | 累计|g| = 7.6216
26-02-13-49 Ψ矩阵条件数 cond(Ψ) = 1.32e+00
26-02-13-49 Loss=-1.642035 | E0=-0.98570189-0.00079444j | E1=-0.65633313+0.00104068j|E2=-0.65633313+0.00104068j|E3=-0.65633313+0.00104068j
26-02-13-49 #-----------------------------------------#
26-02-13-49 [Step  65] logΨ: mean=3.998-0.821j | min=-0.041+0.673j | max=4.217+0.543j
26-02-13-49 梯度监控 | raw=10.2746 | per_param=0.5002 |  natural=0.0592 | clipped=0.0592(上限20.0)
26-02-13-49 原始规范坐标 G(Re Σrow_mean) = +9.6649 | 累计|g| = 7.6216
26-02-13-49 Ψ矩阵条件数 cond(Ψ) = 1.55e+00
26-02-13-49 Loss=-1.653888 | E0=-0.98855021-0.00018112j | E1=-0.66533826+0.00224708j|E2=-0.66533826+0.00224708j|E3=-0.66533826+0.00224708j
26-02-13-49 #-----------------------------------------#
26-02-13-49 [Step  66] logΨ: mean=4.241-1.280j | min=-0.169+1.169j | max=4.446+0.515j
26-02-13-49 梯度监控 | raw=10.7310 | per_param=0.5224 |  natural=0.0863 | clipped=0.0863(上限20.0)
26-02-13-49 原始规范坐标 G(Re Σrow_mean) = +9.7420 | 累计|g| = 7.6216
26-02-13-49 Ψ矩阵条件数 cond(Ψ) = 2.49e+00
26-02-13-49 Loss=-1.663062 | E0=-0.98945414-0.00110978j | E1=-0.67360767+0.00060842j|E2=-0.67360767+0.00060842j|E3=-0.67360767+0.00060842j
26-02-13-49 #-----------------------------------------#
26-02-13-49 [Step  67] logΨ: mean=4.396-0.583j | min=0.275-1.712j | max=4.626+0.376j
26-02-13-49 梯度监控 | raw=10.0645 | per_param=0.4899 |  natural=0.1048 | clipped=0.1048(上限20.0)
26-02-13-49 原始规范坐标 G(Re Σrow_mean) = +9.8328 | 累计|g| = 7.6216
26-02-13-49 Ψ矩阵条件数 cond(Ψ) = 1.34e+00
26-02-13-49 Loss=-1.657917 | E0=-0.98939265+0.00036639j | E1=-0.66852404-0.00158675j|E2=-0.66852404-0.00158675j|E3=-0.66852404-0.00158675j
26-02-13-49 #-----------------------------------------#
26-02-13-49 [Step  68] logΨ: mean=4.474-0.144j | min=0.712+0.903j | max=4.714+0.385j
26-02-13-49 梯度监控 | raw=10.9869 | per_param=0.5348 |  natural=0.0710 | clipped=0.0710(上限20.0)
26-02-13-49 原始规范坐标 G(Re Σrow_mean) = +9.8533 | 累计|g| = 7.6216
26-02-13-49 Ψ矩阵条件数 cond(Ψ) = 1.34e+00
26-02-13-49 Loss=-1.664597 | E0=-0.99070515+0.00098220j | E1=-0.67389227-0.00102077j|E2=-0.67389227-0.00102077j|E3=-0.67389227-0.00102077j
26-02-13-49 #-----------------------------------------#
26-02-13-49 [Step  69] logΨ: mean=4.764-0.772j | min=0.103-1.900j | max=5.006+0.268j
26-02-13-49 梯度监控 | raw=11.6349 | per_param=0.5664 |  natural=0.1023 | clipped=0.1023(上限20.0)
26-02-13-49 原始规范坐标 G(Re Σrow_mean) = +9.9908 | 累计|g| = 7.6216
26-02-13-49 Ψ矩阵条件数 cond(Ψ) = 1.37e+00
26-02-13-49 Loss=-1.666788 | E0=-0.99074058-0.00066703j | E1=-0.67604775+0.00002550j|E2=-0.67604775+0.00002550j|E3=-0.67604775+0.00002550j
26-02-13-49 #-----------------------------------------#
26-02-13-49 [GaugeReset@70] 吸收 Δg = Σ Re(col_mean) = +9.9908 | 新|g| = 7.6747
26-02-13-49 [Step  70] logΨ: mean=5.226+0.747j | min=0.102+1.594j | max=5.457+2.967j
26-02-13-49 梯度监控 | raw=11.9144 | per_param=0.5800 |  natural=0.1862 | clipped=0.1862(上限20.0)
26-02-13-49 原始规范坐标 G(Re Σrow_mean) = +10.2339 | 累计|g| = 7.6747
26-02-13-49 Ψ矩阵条件数 cond(Ψ) = 2.19e+00
26-02-13-49 Loss=-1.667919 | E0=-0.98955625-0.00157910j | E1=-0.67836322-0.00054748j|E2=-0.67836322-0.00054748j|E3=-0.67836322-0.00054748j
26-02-13-49 #-----------------------------------------#
26-02-13-49 [Step  71] logΨ: mean=5.305+1.494j | min=2.313+2.948j | max=5.538+3.036j
26-02-13-49 梯度监控 | raw=13.1305 | per_param=0.6392 |  natural=0.0520 | clipped=0.0520(上限20.0)
26-02-13-49 原始规范坐标 G(Re Σrow_mean) = +10.2675 | 累计|g| = 7.6747
26-02-13-49 Ψ矩阵条件数 cond(Ψ) = 2.14e+00
26-02-13-49 Loss=-1.673995 | E0=-0.99012537-0.00108464j | E1=-0.68386980+0.00097176j|E2=-0.68386980+0.00097176j|E3=-0.68386980+0.00097176j
26-02-13-49 #-----------------------------------------#
26-02-13-49 [Step  72] logΨ: mean=5.365+1.341j | min=2.347-0.160j | max=5.606+3.076j
26-02-13-49 梯度监控 | raw=13.0179 | per_param=0.6337 |  natural=0.0548 | clipped=0.0548(上限20.0)
26-02-13-49 原始规范坐标 G(Re Σrow_mean) = +10.2857 | 累计|g| = 7.6747
26-02-13-49 Ψ矩阵条件数 cond(Ψ) = 1.46e+00
26-02-13-49 Loss=-1.680972 | E0=-0.99463444-0.00144299j | E1=-0.68633768+0.00023906j|E2=-0.68633768+0.00023906j|E3=-0.68633768+0.00023906j
26-02-13-49 #-----------------------------------------#
26-02-13-49 [Step  73] logΨ: mean=5.426+0.664j | min=1.561+2.999j | max=5.671+3.123j
26-02-13-49 梯度监控 | raw=13.6186 | per_param=0.6629 |  natural=0.0667 | clipped=0.0667(上限20.0)
26-02-13-49 原始规范坐标 G(Re Σrow_mean) = +10.2825 | 累计|g| = 7.6747
26-02-13-49 Ψ矩阵条件数 cond(Ψ) = 1.68e+00
26-02-13-49 Loss=-1.686214 | E0=-0.99615208-0.00151473j | E1=-0.69006193+0.00051376j|E2=-0.69006193+0.00051376j|E3=-0.69006193+0.00051376j
26-02-13-49 #-----------------------------------------#
26-02-13-49 [Step  74] logΨ: mean=5.511-1.462j | min=1.905-3.010j | max=5.752+0.104j
26-02-13-49 梯度监控 | raw=13.6118 | per_param=0.6626 |  natural=0.0763 | clipped=0.0763(上限20.0)
26-02-13-49 原始规范坐标 G(Re Σrow_mean) = +10.2980 | 累计|g| = 7.6747
26-02-13-49 Ψ矩阵条件数 cond(Ψ) = 1.48e+00
26-02-13-49 Loss=-1.689015 | E0=-0.99396885-0.00088782j | E1=-0.69504616+0.00097225j|E2=-0.69504616+0.00097225j|E3=-0.69504616+0.00097225j
26-02-13-49 #-----------------------------------------#
26-02-13-49 [Step  75] logΨ: mean=5.071+1.307j | min=0.195-0.071j | max=5.329+2.724j
26-02-13-49 梯度监控 | raw=13.4366 | per_param=0.6541 |  natural=0.1447 | clipped=0.1447(上限20.0)
26-02-13-49 原始规范坐标 G(Re Σrow_mean) = +10.0735 | 累计|g| = 7.6747
26-02-13-49 Ψ矩阵条件数 cond(Ψ) = 1.66e+00
26-02-13-49 Loss=-1.692796 | E0=-0.99551920-0.00011239j | E1=-0.69727700-0.00265433j|E2=-0.69727700-0.00265433j|E3=-0.69727700-0.00265433j
26-02-13-49 #-----------------------------------------#
26-02-13-49 [Step  76] logΨ: mean=5.181+1.452j | min=1.376-1.604j | max=5.440+2.787j
26-02-13-49 梯度监控 | raw=14.0569 | per_param=0.6843 |  natural=0.0204 | clipped=0.0204(上限20.0)
26-02-13-49 原始规范坐标 G(Re Σrow_mean) = +10.1148 | 累计|g| = 7.6747
26-02-13-49 Ψ矩阵条件数 cond(Ψ) = 2.47e+00
26-02-13-49 Loss=-1.695748 | E0=-0.99536882-0.00102040j | E1=-0.70037935-0.00023252j|E2=-0.70037935-0.00023252j|E3=-0.70037935-0.00023252j
26-02-13-49 #-----------------------------------------#
26-02-13-49 [Step  77] logΨ: mean=5.044+1.262j | min=1.215+1.552j | max=5.306+2.690j
26-02-13-49 梯度监控 | raw=13.8770 | per_param=0.6755 |  natural=0.0824 | clipped=0.0824(上限20.0)
26-02-13-49 原始规范坐标 G(Re Σrow_mean) = +10.0445 | 累计|g| = 7.6747
26-02-13-49 Ψ矩阵条件数 cond(Ψ) = 1.66e+00
26-02-13-49 Loss=-1.700160 | E0=-0.99532547-0.00055985j | E1=-0.70483431-0.00154566j|E2=-0.70483431-0.00154566j|E3=-0.70483431-0.00154566j
26-02-13-49 #-----------------------------------------#
26-02-13-49 [Step  78] logΨ: mean=5.232+1.304j | min=0.867-1.568j | max=5.480+2.766j
26-02-13-49 梯度监控 | raw=13.6356 | per_param=0.6638 |  natural=0.0295 | clipped=0.0295(上限20.0)
26-02-13-49 原始规范坐标 G(Re Σrow_mean) = +10.1010 | 累计|g| = 7.6747
26-02-13-49 Ψ矩阵条件数 cond(Ψ) = 1.63e+00
26-02-13-49 Loss=-1.704363 | E0=-0.99435887-0.00074318j | E1=-0.71000375-0.00023605j|E2=-0.71000375-0.00023605j|E3=-0.71000375-0.00023605j
26-02-13-49 #-----------------------------------------#
26-02-13-49 [Step  79] logΨ: mean=4.783+1.248j | min=1.070-0.533j | max=5.064+2.619j
26-02-13-49 梯度监控 | raw=13.6078 | per_param=0.6624 |  natural=0.1359 | clipped=0.1359(上限20.0)
26-02-13-49 原始规范坐标 G(Re Σrow_mean) = +9.9056 | 累计|g| = 7.6747
26-02-13-49 Ψ矩阵条件数 cond(Ψ) = 2.47e+00
26-02-13-49 Loss=-1.703402 | E0=-0.99667286-0.00092148j | E1=-0.70672939-0.00055730j|E2=-0.70672939-0.00055730j|E3=-0.70672939-0.00055730j
26-02-13-49 #-----------------------------------------#
26-02-13-49 [保存] Step 79 → pickle 文件已更新 (80 条记录)
26-02-13-49 [GaugeReset@80] 吸收 Δg = Σ Re(col_mean) = +9.9056 | 新|g| = 7.7289
26-02-13-49 [Step  80] logΨ: mean=5.087-1.432j | min=0.603+3.112j | max=5.333+0.379j
26-02-13-49 梯度监控 | raw=12.8694 | per_param=0.6265 |  natural=0.1177 | clipped=0.1177(上限20.0)
26-02-13-49 原始规范坐标 G(Re Σrow_mean) = +9.9540 | 累计|g| = 7.7289
26-02-13-49 Ψ矩阵条件数 cond(Ψ) = 1.75e+00
26-02-13-49 Loss=-1.715548 | E0=-0.99600496-0.00004972j | E1=-0.71954307+0.00153185j|E2=-0.71954307+0.00153185j|E3=-0.71954307+0.00153185j
26-02-13-49 #-----------------------------------------#
26-02-13-49 [Step  81] logΨ: mean=4.947-1.482j | min=0.082+0.464j | max=5.206+0.412j
26-02-13-49 梯度监控 | raw=12.6196 | per_param=0.6143 |  natural=0.2315 | clipped=0.2315(上限20.0)
26-02-13-49 原始规范坐标 G(Re Σrow_mean) = +9.9062 | 累计|g| = 7.7289
26-02-13-49 Ψ矩阵条件数 cond(Ψ) = 1.58e+00
26-02-13-49 Loss=-1.720799 | E0=-0.99745690+0.00083166j | E1=-0.72334252-0.00158336j|E2=-0.72334252-0.00158336j|E3=-0.72334252-0.00158336j
26-02-13-49 #-----------------------------------------#
26-02-13-49 [Step  82] logΨ: mean=4.841-1.695j | min=0.932-0.618j | max=5.086+0.436j
26-02-13-49 梯度监控 | raw=11.9195 | per_param=0.5802 |  natural=0.1490 | clipped=0.1490(上限20.0)
26-02-13-49 原始规范坐标 G(Re Σrow_mean) = +9.8599 | 累计|g| = 7.7289
26-02-13-49 Ψ矩阵条件数 cond(Ψ) = 1.85e+00
26-02-13-49 Loss=-1.728946 | E0=-1.00013446-0.00044225j | E1=-0.72881150+0.00016521j|E2=-0.72881150+0.00016521j|E3=-0.72881150+0.00016521j
26-02-13-49 #-----------------------------------------#
26-02-13-49 [Step  83] logΨ: mean=4.794-2.050j | min=1.351-0.646j | max=5.045+0.441j
26-02-13-49 梯度监控 | raw=11.8707 | per_param=0.5779 |  natural=0.1204 | clipped=0.1204(上限20.0)
26-02-13-49 原始规范坐标 G(Re Σrow_mean) = +9.8505 | 累计|g| = 7.7289
26-02-13-49 Ψ矩阵条件数 cond(Ψ) = 2.41e+00
26-02-13-49 Loss=-1.729507 | E0=-1.00035636-0.00120773j | E1=-0.72915035+0.00068659j|E2=-0.72915035+0.00068659j|E3=-0.72915035+0.00068659j
26-02-13-49 #-----------------------------------------#
26-02-13-49 [Step  84] logΨ: mean=4.824-1.689j | min=0.792-3.137j | max=5.076+0.436j
26-02-13-49 梯度监控 | raw=11.5757 | per_param=0.5635 |  natural=0.1005 | clipped=0.1005(上限20.0)
26-02-13-49 原始规范坐标 G(Re Σrow_mean) = +9.8706 | 累计|g| = 7.7289
26-02-13-49 Ψ矩阵条件数 cond(Ψ) = 1.88e+00
26-02-13-49 Loss=-1.735989 | E0=-1.00193099-0.00103269j | E1=-0.73405794+0.00112849j|E2=-0.73405794+0.00112849j|E3=-0.73405794+0.00112849j
26-02-13-49 #-----------------------------------------#
26-02-13-49 [Step  85] logΨ: mean=4.626-1.344j | min=0.035-0.079j | max=4.899+0.331j
26-02-13-49 梯度监控 | raw=11.4282 | per_param=0.5563 |  natural=0.1204 | clipped=0.1204(上限20.0)
26-02-13-49 原始规范坐标 G(Re Σrow_mean) = +9.7954 | 累计|g| = 7.7289
26-02-13-49 Ψ矩阵条件数 cond(Ψ) = 1.67e+00
26-02-13-49 Loss=-1.744041 | E0=-1.00271234-0.00007587j | E1=-0.74132843-0.00187359j|E2=-0.74132843-0.00187359j|E3=-0.74132843-0.00187359j
26-02-13-49 #-----------------------------------------#
26-02-13-49 [Step  86] logΨ: mean=4.572-1.102j | min=-0.262+0.386j | max=4.840+0.357j
26-02-13-49 梯度监控 | raw=11.2479 | per_param=0.5475 |  natural=0.2303 | clipped=0.2303(上限20.0)
26-02-13-49 原始规范坐标 G(Re Σrow_mean) = +9.7698 | 累计|g| = 7.7289
26-02-13-49 Ψ矩阵条件数 cond(Ψ) = 1.67e+00
26-02-13-49 Loss=-1.745592 | E0=-1.00300503+0.00039589j | E1=-0.74258667+0.00077549j|E2=-0.74258667+0.00077549j|E3=-0.74258667+0.00077549j
26-02-13-49 #-----------------------------------------#
26-02-13-49 [Step  87] logΨ: mean=4.588-0.912j | min=0.020+3.076j | max=4.849+0.334j
26-02-13-49 梯度监控 | raw=11.3233 | per_param=0.5512 |  natural=0.1483 | clipped=0.1483(上限20.0)
26-02-13-49 原始规范坐标 G(Re Σrow_mean) = +9.7936 | 累计|g| = 7.7289
26-02-13-49 Ψ矩阵条件数 cond(Ψ) = 2.38e+00
26-02-13-49 Loss=-1.745474 | E0=-1.00060313-0.00025199j | E1=-0.74487119-0.00082726j|E2=-0.74487119-0.00082726j|E3=-0.74487119-0.00082726j
26-02-13-49 #-----------------------------------------#
26-02-13-49 [Step  88] logΨ: mean=4.678-1.158j | min=0.023-3.064j | max=4.935+0.356j
26-02-13-49 梯度监控 | raw=11.9944 | per_param=0.5839 |  natural=0.1588 | clipped=0.1588(上限20.0)
26-02-13-49 原始规范坐标 G(Re Σrow_mean) = +9.8503 | 累计|g| = 7.7289
26-02-13-49 Ψ矩阵条件数 cond(Ψ) = 2.41e+00
26-02-13-49 Loss=-1.748273 | E0=-1.00115638-0.00011202j | E1=-0.74711681+0.00007185j|E2=-0.74711681+0.00007185j|E3=-0.74711681+0.00007185j
26-02-13-49 #-----------------------------------------#
26-02-13-49 [Step  89] logΨ: mean=4.682-1.253j | min=0.405-0.935j | max=4.969+0.445j
26-02-13-49 梯度监控 | raw=11.5972 | per_param=0.5645 |  natural=0.2725 | clipped=0.2725(上限20.0)
26-02-13-49 原始规范坐标 G(Re Σrow_mean) = +9.9122 | 累计|g| = 7.7289
26-02-13-49 Ψ矩阵条件数 cond(Ψ) = 1.66e+00
26-02-13-49 Loss=-1.757416 | E0=-1.00416376+0.00154997j | E1=-0.75325210+0.00099096j|E2=-0.75325210+0.00099096j|E3=-0.75325210+0.00099096j
26-02-13-49 #-----------------------------------------#
26-02-13-49 [GaugeReset@90] 吸收 Δg = Σ Re(col_mean) = +9.9122 | 新|g| = 7.7225
26-02-13-49 [Step  90] logΨ: mean=4.596-0.968j | min=-0.244-2.673j | max=4.856+0.435j
26-02-13-49 梯度监控 | raw=10.6749 | per_param=0.5196 |  natural=0.1338 | clipped=0.1338(上限20.0)
26-02-13-49 原始规范坐标 G(Re Σrow_mean) = +9.8489 | 累计|g| = 7.7225
26-02-13-49 Ψ矩阵条件数 cond(Ψ) = 1.99e+00
26-02-13-49 Loss=-1.763453 | E0=-1.00834963-0.00086384j | E1=-0.75510336+0.00065427j|E2=-0.75510336+0.00065427j|E3=-0.75510336+0.00065427j
26-02-13-49 #-----------------------------------------#
26-02-13-49 [Step  91] logΨ: mean=4.500-0.873j | min=-0.435+2.185j | max=4.797+0.460j
26-02-13-49 梯度监控 | raw=11.0720 | per_param=0.5390 |  natural=0.1710 | clipped=0.1710(上限20.0)
26-02-13-49 原始规范坐标 G(Re Σrow_mean) = +9.8254 | 累计|g| = 7.7225
26-02-13-49 Ψ矩阵条件数 cond(Ψ) = 2.30e+00
26-02-13-49 Loss=-1.760962 | E0=-1.00656802+0.00011189j | E1=-0.75439357+0.00089938j|E2=-0.75439357+0.00089938j|E3=-0.75439357+0.00089938j
26-02-13-49 #-----------------------------------------#
26-02-13-49 [Step  92] logΨ: mean=4.368-1.152j | min=-0.313-2.696j | max=4.648+0.392j
26-02-13-49 梯度监控 | raw=10.2706 | per_param=0.5000 |  natural=0.1144 | clipped=0.1144(上限20.0)
26-02-13-49 原始规范坐标 G(Re Σrow_mean) = +9.7423 | 累计|g| = 7.7225
26-02-13-49 Ψ矩阵条件数 cond(Ψ) = 1.65e+00
26-02-13-49 Loss=-1.770483 | E0=-1.00768295-0.00103346j | E1=-0.76280018-0.00149575j|E2=-0.76280018-0.00149575j|E3=-0.76280018-0.00149575j
26-02-13-49 #-----------------------------------------#
26-02-13-49 [Step  93] logΨ: mean=4.481-1.399j | min=-0.538+2.130j | max=4.740+0.409j
26-02-13-49 梯度监控 | raw=9.7663 | per_param=0.4754 |  natural=0.1826 | clipped=0.1826(上限20.0)
26-02-13-49 原始规范坐标 G(Re Σrow_mean) = +9.7962 | 累计|g| = 7.7225
26-02-13-49 Ψ矩阵条件数 cond(Ψ) = 2.33e+00
26-02-13-49 Loss=-1.782966 | E0=-1.00771822-0.00004421j | E1=-0.77524745+0.00008077j|E2=-0.77524745+0.00008077j|E3=-0.77524745+0.00008077j
26-02-13-49 #-----------------------------------------#
26-02-13-49 [Step  94] logΨ: mean=4.466-0.901j | min=0.301-0.656j | max=4.739+0.421j
26-02-13-49 梯度监控 | raw=8.9324 | per_param=0.4348 |  natural=0.0904 | clipped=0.0904(上限20.0)
26-02-13-49 原始规范坐标 G(Re Σrow_mean) = +9.8198 | 累计|g| = 7.7225
26-02-13-49 Ψ矩阵条件数 cond(Ψ) = 2.16e+00
26-02-13-49 Loss=-1.786486 | E0=-1.01309260-0.00034943j | E1=-0.77339368+0.00089969j|E2=-0.77339368+0.00089969j|E3=-0.77339368+0.00089969j
26-02-13-49 #-----------------------------------------#
26-02-13-49 [Step  95] logΨ: mean=2.252-0.670j | min=-2.013+1.954j | max=2.488+0.616j
26-02-13-49 梯度监控 | raw=9.5348 | per_param=0.4641 |  natural=1.2517 | clipped=1.2517(上限20.0)
26-02-13-49 原始规范坐标 G(Re Σrow_mean) = +8.7450 | 累计|g| = 7.7225
26-02-13-49 Ψ矩阵条件数 cond(Ψ) = 4.03e+00
26-02-13-49 Loss=-1.791916 | E0=-1.01013362+0.02258353j | E1=-0.78178189-0.00162234j|E2=-0.78178189-0.00162234j|E3=-0.78178189-0.00162234j
26-02-13-49 #-----------------------------------------#
26-02-13-49 [Step  96] logΨ: mean=2.291-0.234j | min=-2.534+1.060j | max=2.688+0.585j
26-02-13-49 梯度监控 | raw=17.6800 | per_param=0.8607 |  natural=0.2415 | clipped=0.2415(上限20.0)
26-02-13-49 原始规范坐标 G(Re Σrow_mean) = +8.8832 | 累计|g| = 7.7225
26-02-13-49 Ψ矩阵条件数 cond(Ψ) = 3.37e+00
26-02-13-49 Loss=-1.703556 | E0=-0.91901667+0.00132579j | E1=-0.78453926+0.00151163j|E2=-0.78453926+0.00151163j|E3=-0.78453926+0.00151163j
26-02-13-49 #-----------------------------------------#
26-02-13-49 [Step  97] logΨ: mean=2.490-0.242j | min=-3.078+1.198j | max=2.878+0.575j
26-02-13-49 梯度监控 | raw=17.1557 | per_param=0.8351 |  natural=0.1807 | clipped=0.1807(上限20.0)
26-02-13-49 原始规范坐标 G(Re Σrow_mean) = +8.9997 | 累计|g| = 7.7225
26-02-13-49 Ψ矩阵条件数 cond(Ψ) = 3.46e+00
26-02-13-49 Loss=-1.718235 | E0=-0.92850714+0.00296276j | E1=-0.78972750+0.00009628j|E2=-0.78972750+0.00009628j|E3=-0.78972750+0.00009628j
26-02-13-49 #-----------------------------------------#
26-02-13-49 [Step  98] logΨ: mean=2.610-0.337j | min=-1.827-0.998j | max=2.985+0.408j
26-02-13-49 梯度监控 | raw=15.9999 | per_param=0.7789 |  natural=0.1809 | clipped=0.1809(上限20.0)
26-02-13-49 原始规范坐标 G(Re Σrow_mean) = +9.0427 | 累计|g| = 7.7225
26-02-13-49 Ψ矩阵条件数 cond(Ψ) = 3.90e+00
26-02-13-49 Loss=-1.744795 | E0=-0.93767443+0.00081846j | E1=-0.80712096-0.00252352j|E2=-0.80712096-0.00252352j|E3=-0.80712096-0.00252352j
26-02-13-49 #-----------------------------------------#
26-02-13-49 [Step  99] logΨ: mean=2.792-0.346j | min=-2.228-2.275j | max=3.164+0.492j
26-02-13-49 梯度监控 | raw=15.0834 | per_param=0.7343 |  natural=0.2138 | clipped=0.2138(上限20.0)
26-02-13-49 原始规范坐标 G(Re Σrow_mean) = +9.1654 | 累计|g| = 7.7225
26-02-13-49 Ψ矩阵条件数 cond(Ψ) = 2.89e+00
26-02-13-49 Loss=-1.748791 | E0=-0.94388756-0.00108706j | E1=-0.80490360+0.00354193j|E2=-0.80490360+0.00354193j|E3=-0.80490360+0.00354193j
26-02-13-49 #-----------------------------------------#
26-02-13-49 [保存] Step 99 → pickle 文件已更新 (100 条记录)
26-02-13-49 [GaugeReset@100] 吸收 Δg = Σ Re(col_mean) = +9.1654 | 新|g| = 6.9066
26-02-13-49 [Step 100] logΨ: mean=3.525+0.283j | min=-1.222+1.371j | max=3.880+1.988j
26-02-13-49 梯度监控 | raw=13.2648 | per_param=0.6457 |  natural=0.2243 | clipped=0.2243(上限20.0)
26-02-13-49 原始规范坐标 G(Re Σrow_mean) = +9.1457 | 累计|g| = 6.9066
26-02-13-49 Ψ矩阵条件数 cond(Ψ) = 2.06e+00
26-02-13-49 Loss=-1.779418 | E0=-0.96085938+0.00227671j | E1=-0.81855843-0.00115056j|E2=-0.81855843-0.00115056j|E3=-0.81855843-0.00115056j
26-02-13-49 #-----------------------------------------#
26-02-13-49 [Step 101] logΨ: mean=3.587-0.192j | min=-1.348+1.489j | max=3.940+1.778j
26-02-13-49 梯度监控 | raw=13.0428 | per_param=0.6349 |  natural=0.1980 | clipped=0.1980(上限20.0)
26-02-13-49 原始规范坐标 G(Re Σrow_mean) = +9.1630 | 累计|g| = 6.9066
26-02-13-49 Ψ矩阵条件数 cond(Ψ) = 2.43e+00
26-02-13-49 Loss=-1.791687 | E0=-0.96924422+0.00111207j | E1=-0.82244316-0.00208703j|E2=-0.82244316-0.00208703j|E3=-0.82244316-0.00208703j
26-02-13-49 #-----------------------------------------#
26-02-13-49 [Step 102] logΨ: mean=3.726-0.105j | min=-0.356-0.433j | max=4.111+1.775j
26-02-13-49 梯度监控 | raw=13.3156 | per_param=0.6482 |  natural=0.0833 | clipped=0.0833(上限20.0)
26-02-13-49 原始规范坐标 G(Re Σrow_mean) = +9.2606 | 累计|g| = 6.9066
26-02-13-49 Ψ矩阵条件数 cond(Ψ) = 1.93e+00
26-02-13-49 Loss=-1.784203 | E0=-0.96069913-0.00426354j | E1=-0.82350406+0.00071596j|E2=-0.82350406+0.00071596j|E3=-0.82350406+0.00071596j
26-02-13-49 #-----------------------------------------#
26-02-13-50 [Step 103] logΨ: mean=3.994-0.087j | min=-1.519-0.778j | max=4.361+1.828j
26-02-13-50 梯度监控 | raw=11.8936 | per_param=0.5790 |  natural=0.1273 | clipped=0.1273(上限20.0)
26-02-13-50 原始规范坐标 G(Re Σrow_mean) = +9.4147 | 累计|g| = 6.9066
26-02-13-50 Ψ矩阵条件数 cond(Ψ) = 2.25e+00
26-02-13-50 Loss=-1.802349 | E0=-0.97328602-0.00111353j | E1=-0.82906304+0.00266750j|E2=-0.82906304+0.00266750j|E3=-0.82906304+0.00266750j
26-02-13-50 #-----------------------------------------#
26-02-13-50 [Step 104] logΨ: mean=4.139+0.158j | min=-0.241+2.780j | max=4.517+1.806j
26-02-13-50 梯度监控 | raw=12.4957 | per_param=0.6083 |  natural=0.0617 | clipped=0.0617(上限20.0)
26-02-13-50 原始规范坐标 G(Re Σrow_mean) = +9.5043 | 累计|g| = 6.9066
26-02-13-50 Ψ矩阵条件数 cond(Ψ) = 4.02e+00
26-02-13-50 Loss=-1.812760 | E0=-0.97526981-0.00113374j | E1=-0.83748983-0.00047718j|E2=-0.83748983-0.00047718j|E3=-0.83748983-0.00047718j
26-02-13-50 #-----------------------------------------#
26-02-13-50 [Step 105] logΨ: mean=4.223+0.372j | min=-0.428+2.976j | max=4.546+2.047j
26-02-13-50 梯度监控 | raw=10.6160 | per_param=0.5168 |  natural=0.1976 | clipped=0.1976(上限20.0)
26-02-13-50 原始规范坐标 G(Re Σrow_mean) = +9.5122 | 累计|g| = 6.9066
26-02-13-50 Ψ矩阵条件数 cond(Ψ) = 1.66e+00
26-02-13-50 Loss=-1.835070 | E0=-0.99131536+0.00455140j | E1=-0.84375504+0.00485885j|E2=-0.84375504+0.00485885j|E3=-0.84375504+0.00485885j
26-02-13-50 #-----------------------------------------#
26-02-13-50 [Step 106] logΨ: mean=4.226+0.293j | min=0.059+2.975j | max=4.591+1.928j
26-02-13-50 梯度监控 | raw=11.4984 | per_param=0.5597 |  natural=0.0950 | clipped=0.0950(上限20.0)
26-02-13-50 原始规范坐标 G(Re Σrow_mean) = +9.5361 | 累计|g| = 6.9066
26-02-13-50 Ψ矩阵条件数 cond(Ψ) = 1.65e+00
26-02-13-50 Loss=-1.830505 | E0=-0.98602890-0.00378949j | E1=-0.84447585+0.00298415j|E2=-0.84447585+0.00298415j|E3=-0.84447585+0.00298415j
26-02-13-50 #-----------------------------------------#
26-02-13-50 [Step 107] logΨ: mean=4.319-0.174j | min=-0.550-0.201j | max=4.654+1.658j
26-02-13-50 梯度监控 | raw=11.0849 | per_param=0.5396 |  natural=0.1258 | clipped=0.1258(上限20.0)
26-02-13-50 原始规范坐标 G(Re Σrow_mean) = +9.5398 | 累计|g| = 6.9066
26-02-13-50 Ψ矩阵条件数 cond(Ψ) = 1.66e+00
26-02-13-50 Loss=-1.840532 | E0=-0.99300990-0.00132528j | E1=-0.84752171-0.00241953j|E2=-0.84752171-0.00241953j|E3=-0.84752171-0.00241953j
26-02-13-50 #-----------------------------------------#
26-02-13-50 [Step 108] logΨ: mean=4.544+0.048j | min=0.219-2.434j | max=4.868+1.695j
26-02-13-50 梯度监控 | raw=10.2626 | per_param=0.4996 |  natural=0.0813 | clipped=0.0813(上限20.0)
26-02-13-50 原始规范坐标 G(Re Σrow_mean) = +9.6763 | 累计|g| = 6.9066
26-02-13-50 Ψ矩阵条件数 cond(Ψ) = 2.05e+00
26-02-13-50 Loss=-1.849559 | E0=-0.99935398+0.00071657j | E1=-0.85020486-0.00063450j|E2=-0.85020486-0.00063450j|E3=-0.85020486-0.00063450j
26-02-13-50 #-----------------------------------------#
26-02-13-50 [Step 109] logΨ: mean=4.757+0.210j | min=-0.696-2.876j | max=5.044+1.750j
26-02-13-50 梯度监控 | raw=8.6997 | per_param=0.4235 |  natural=0.0878 | clipped=0.0878(上限20.0)
26-02-13-50 原始规范坐标 G(Re Σrow_mean) = +9.7405 | 累计|g| = 6.9066
26-02-13-50 Ψ矩阵条件数 cond(Ψ) = 1.55e+00
26-02-13-50 Loss=-1.863201 | E0=-1.00755910+0.00612394j | E1=-0.85564175+0.00021167j|E2=-0.85564175+0.00021167j|E3=-0.85564175+0.00021167j
26-02-13-50 #-----------------------------------------#
26-02-13-50 [GaugeReset@110] 吸收 Δg = Σ Re(col_mean) = +9.7405 | 新|g| = 7.2753
26-02-13-50 [Step 110] logΨ: mean=3.814-0.099j | min=-2.225-1.212j | max=4.197+1.482j
26-02-13-50 梯度监控 | raw=10.8457 | per_param=0.5280 |  natural=0.3366 | clipped=0.3366(上限20.0)
26-02-13-50 原始规范坐标 G(Re Σrow_mean) = +9.6610 | 累计|g| = 7.2753
26-02-13-50 Ψ矩阵条件数 cond(Ψ) = 1.64e+00
26-02-13-50 Loss=-1.863629 | E0=-1.00261442-0.01069223j | E1=-0.86101490+0.00223704j|E2=-0.86101490+0.00223704j|E3=-0.86101490+0.00223704j
26-02-13-50 #-----------------------------------------#
26-02-13-50 [Step 111] logΨ: mean=4.082-0.048j | min=0.061-3.027j | max=4.422+1.538j
26-02-13-50 梯度监控 | raw=7.6157 | per_param=0.3707 |  natural=0.0567 | clipped=0.0567(上限20.0)
26-02-13-50 原始规范坐标 G(Re Σrow_mean) = +9.7973 | 累计|g| = 7.2753
26-02-13-50 Ψ矩阵条件数 cond(Ψ) = 1.95e+00
26-02-13-50 Loss=-1.879884 | E0=-1.00980320-0.00081620j | E1=-0.87008058+0.00101951j|E2=-0.87008058+0.00101951j|E3=-0.87008058+0.00101951j
26-02-13-50 #-----------------------------------------#
26-02-13-50 [Step 112] logΨ: mean=3.986+0.066j | min=-1.242+3.075j | max=4.345+1.526j
26-02-13-50 梯度监控 | raw=8.2562 | per_param=0.4019 |  natural=0.2244 | clipped=0.2244(上限20.0)
26-02-13-50 原始规范坐标 G(Re Σrow_mean) = +9.7605 | 累计|g| = 7.2753
26-02-13-50 Ψ矩阵条件数 cond(Ψ) = 3.27e+00
26-02-13-50 Loss=-1.886656 | E0=-1.01033822+0.00016665j | E1=-0.87631784+0.00131440j|E2=-0.87631784+0.00131440j|E3=-0.87631784+0.00131440j
26-02-13-50 #-----------------------------------------#
26-02-13-50 [Step 113] logΨ: mean=4.079+0.152j | min=-1.780+2.050j | max=4.396+1.600j
26-02-13-50 梯度监控 | raw=7.3129 | per_param=0.3560 |  natural=0.1628 | clipped=0.1628(上限20.0)
26-02-13-50 原始规范坐标 G(Re Σrow_mean) = +9.7749 | 累计|g| = 7.2753
26-02-13-50 Ψ矩阵条件数 cond(Ψ) = 1.85e+00
26-02-13-50 Loss=-1.890311 | E0=-1.01427152+0.00147529j | E1=-0.87603989+0.00118380j|E2=-0.87603989+0.00118380j|E3=-0.87603989+0.00118380j
26-02-13-50 #-----------------------------------------#
26-02-13-50 [Step 114] logΨ: mean=4.206-0.065j | min=-0.758+2.391j | max=4.536+1.561j
26-02-13-50 梯度监控 | raw=7.2544 | per_param=0.3531 |  natural=0.0781 | clipped=0.0781(上限20.0)
26-02-13-50 原始规范坐标 G(Re Σrow_mean) = +9.8739 | 累计|g| = 7.2753
26-02-13-50 Ψ矩阵条件数 cond(Ψ) = 3.41e+00
26-02-13-50 Loss=-1.898483 | E0=-1.01640702-0.00063856j | E1=-0.88207608+0.00127448j|E2=-0.88207608+0.00127448j|E3=-0.88207608+0.00127448j
26-02-13-50 #-----------------------------------------#
26-02-13-50 [Step 115] logΨ: mean=4.177-0.251j | min=0.046+0.534j | max=4.549+1.368j
26-02-13-50 梯度监控 | raw=7.7113 | per_param=0.3754 |  natural=0.1356 | clipped=0.1356(上限20.0)
26-02-13-50 原始规范坐标 G(Re Σrow_mean) = +9.9069 | 累计|g| = 7.2753
26-02-13-50 Ψ矩阵条件数 cond(Ψ) = 2.56e+00
26-02-13-50 Loss=-1.909008 | E0=-1.01728169-0.00411847j | E1=-0.89172609-0.00190317j|E2=-0.89172609-0.00190317j|E3=-0.89172609-0.00190317j
26-02-13-50 #-----------------------------------------#
26-02-13-50 [Step 116] logΨ: mean=4.411-0.399j | min=0.690-0.200j | max=4.706+1.373j
26-02-13-50 梯度监控 | raw=6.1095 | per_param=0.2974 |  natural=0.0483 | clipped=0.0483(上限20.0)
26-02-13-50 原始规范坐标 G(Re Σrow_mean) = +9.9319 | 累计|g| = 7.2753
26-02-13-50 Ψ矩阵条件数 cond(Ψ) = 1.52e+00
26-02-13-50 Loss=-1.899801 | E0=-1.02236400+0.00162500j | E1=-0.87743721-0.00028414j|E2=-0.87743721-0.00028414j|E3=-0.87743721-0.00028414j
26-02-13-50 #-----------------------------------------#
26-02-13-50 [Step 117] logΨ: mean=4.451-0.172j | min=0.999-0.050j | max=4.786+1.342j
26-02-13-50 梯度监控 | raw=7.0922 | per_param=0.3452 |  natural=0.0155 | clipped=0.0155(上限20.0)
26-02-13-50 原始规范坐标 G(Re Σrow_mean) = +10.0300 | 累计|g| = 7.2753
26-02-13-50 Ψ矩阵条件数 cond(Ψ) = 1.50e+00
26-02-13-50 Loss=-1.909755 | E0=-1.02053269-0.00202148j | E1=-0.88922185+0.00015500j|E2=-0.88922185+0.00015500j|E3=-0.88922185+0.00015500j
26-02-13-50 #-----------------------------------------#
26-02-13-50 [Step 118] logΨ: mean=4.502-0.566j | min=0.259-2.843j | max=4.799+1.376j
26-02-13-50 梯度监控 | raw=6.2441 | per_param=0.3040 |  natural=0.0837 | clipped=0.0837(上限20.0)
26-02-13-50 原始规范坐标 G(Re Σrow_mean) = +10.0058 | 累计|g| = 7.2753
26-02-13-50 Ψ矩阵条件数 cond(Ψ) = 1.45e+00
26-02-13-50 Loss=-1.911974 | E0=-1.02443077-0.00011866j | E1=-0.88754287+0.00075315j|E2=-0.88754287+0.00075315j|E3=-0.88754287+0.00075315j
26-02-13-50 #-----------------------------------------#
26-02-13-50 [Step 119] logΨ: mean=4.339-0.203j | min=-0.247+1.795j | max=4.631+1.433j
26-02-13-50 梯度监控 | raw=5.7904 | per_param=0.2819 |  natural=0.1860 | clipped=0.1860(上限20.0)
26-02-13-50 原始规范坐标 G(Re Σrow_mean) = +9.9241 | 累计|g| = 7.2753
26-02-13-50 Ψ矩阵条件数 cond(Ψ) = 1.40e+00
26-02-13-50 Loss=-1.922861 | E0=-1.02817525+0.00099944j | E1=-0.89468576+0.00222428j|E2=-0.89468576+0.00222428j|E3=-0.89468576+0.00222428j
26-02-13-50 #-----------------------------------------#
26-02-13-50 [保存] Step 119 → pickle 文件已更新 (120 条记录)
26-02-13-50 [GaugeReset@120] 吸收 Δg = Σ Re(col_mean) = +9.9241 | 新|g| = 7.4003
26-02-13-50 [Step 120] logΨ: mean=4.148+0.126j | min=-0.148-0.103j | max=4.503+1.584j
26-02-13-50 梯度监控 | raw=6.2616 | per_param=0.3048 |  natural=0.0642 | clipped=0.0642(上限20.0)
26-02-13-50 原始规范坐标 G(Re Σrow_mean) = +9.9961 | 累计|g| = 7.4003
26-02-13-50 Ψ矩阵条件数 cond(Ψ) = 1.57e+00
26-02-13-50 Loss=-1.922605 | E0=-1.02465136-0.00208736j | E1=-0.89795401+0.00246068j|E2=-0.89795401+0.00246068j|E3=-0.89795401+0.00246068j
26-02-13-50 #-----------------------------------------#
26-02-13-50 [Step 121] logΨ: mean=4.300-0.350j | min=-0.273+1.103j | max=4.631+1.586j
26-02-13-50 梯度监控 | raw=6.0684 | per_param=0.2954 |  natural=0.0343 | clipped=0.0343(上限20.0)
26-02-13-50 原始规范坐标 G(Re Σrow_mean) = +10.1033 | 累计|g| = 7.4003
26-02-13-50 Ψ矩阵条件数 cond(Ψ) = 1.56e+00
26-02-13-50 Loss=-1.930509 | E0=-1.02663302-0.00008664j | E1=-0.90387611+0.00095631j|E2=-0.90387611+0.00095631j|E3=-0.90387611+0.00095631j
26-02-13-50 #-----------------------------------------#
26-02-13-50 [Step 122] logΨ: mean=4.451-0.212j | min=0.683-0.431j | max=4.773+1.592j
26-02-13-50 梯度监控 | raw=5.9759 | per_param=0.2909 |  natural=0.0397 | clipped=0.0397(上限20.0)
26-02-13-50 原始规范坐标 G(Re Σrow_mean) = +10.1725 | 累计|g| = 7.4003
26-02-13-50 Ψ矩阵条件数 cond(Ψ) = 1.54e+00
26-02-13-50 Loss=-1.930118 | E0=-1.02818502-0.00087722j | E1=-0.90193257+0.00058185j|E2=-0.90193257+0.00058185j|E3=-0.90193257+0.00058185j
26-02-13-50 #-----------------------------------------#
26-02-13-50 [Step 123] logΨ: mean=4.515+0.055j | min=0.857+0.423j | max=4.847+1.573j
26-02-13-50 梯度监控 | raw=5.9947 | per_param=0.2918 |  natural=0.0129 | clipped=0.0129(上限20.0)
26-02-13-50 原始规范坐标 G(Re Σrow_mean) = +10.2326 | 累计|g| = 7.4003
26-02-13-50 Ψ矩阵条件数 cond(Ψ) = 1.53e+00
26-02-13-50 Loss=-1.931016 | E0=-1.02709527-0.00051782j | E1=-0.90392099+0.00117406j|E2=-0.90392099+0.00117406j|E3=-0.90392099+0.00117406j
26-02-13-50 #-----------------------------------------#
26-02-13-50 [Step 124] logΨ: mean=4.665+0.150j | min=0.798+2.676j | max=4.975+1.574j
26-02-13-50 梯度监控 | raw=5.5413 | per_param=0.2697 |  natural=0.0312 | clipped=0.0312(上限20.0)
26-02-13-50 原始规范坐标 G(Re Σrow_mean) = +10.2862 | 累计|g| = 7.4003
26-02-13-50 Ψ矩阵条件数 cond(Ψ) = 1.52e+00
26-02-13-50 Loss=-1.934624 | E0=-1.03108436-0.00055733j | E1=-0.90353957+0.00066466j|E2=-0.90353957+0.00066466j|E3=-0.90353957+0.00066466j
26-02-13-50 #-----------------------------------------#
26-02-13-50 [Step 125] logΨ: mean=4.766-0.310j | min=-0.742+2.161j | max=5.053+1.593j
26-02-13-50 梯度监控 | raw=5.3001 | per_param=0.2580 |  natural=0.0539 | clipped=0.0539(上限20.0)
26-02-13-50 原始规范坐标 G(Re Σrow_mean) = +10.3362 | 累计|g| = 7.4003
26-02-13-50 Ψ矩阵条件数 cond(Ψ) = 1.50e+00
26-02-13-50 Loss=-1.941599 | E0=-1.03391322-0.00041709j | E1=-0.90768621+0.00112488j|E2=-0.90768621+0.00112488j|E3=-0.90768621+0.00112488j
26-02-13-50 #-----------------------------------------#
26-02-13-50 [Step 126] logΨ: mean=4.435+0.285j | min=-0.360+0.777j | max=4.734+1.817j
26-02-13-50 梯度监控 | raw=5.4879 | per_param=0.2671 |  natural=0.3757 | clipped=0.3757(上限20.0)
26-02-13-50 原始规范坐标 G(Re Σrow_mean) = +10.1729 | 累计|g| = 7.4003
26-02-13-50 Ψ矩阵条件数 cond(Ψ) = 1.49e+00
26-02-13-50 Loss=-1.943607 | E0=-1.03366457+0.00013609j | E1=-0.90994286+0.00111896j|E2=-0.90994286+0.00111896j|E3=-0.90994286+0.00111896j
26-02-13-50 #-----------------------------------------#
26-02-13-50 [Step 127] logΨ: mean=4.093+0.312j | min=-1.212-1.084j | max=4.378+1.854j
26-02-13-50 梯度监控 | raw=4.6900 | per_param=0.2283 |  natural=0.1721 | clipped=0.1721(上限20.0)
26-02-13-50 原始规范坐标 G(Re Σrow_mean) = +9.8957 | 累计|g| = 7.4003
26-02-13-50 Ψ矩阵条件数 cond(Ψ) = 1.54e+00
26-02-13-50 Loss=-1.931570 | E0=-1.03217228-0.00032837j | E1=-0.89939728+0.00126479j|E2=-0.89939728+0.00126479j|E3=-0.89939728+0.00126479j
26-02-13-50 #-----------------------------------------#
26-02-13-50 [Step 128] logΨ: mean=4.136+0.187j | min=-0.169-0.193j | max=4.421+1.577j
26-02-13-50 梯度监控 | raw=4.3104 | per_param=0.2098 |  natural=0.1238 | clipped=0.1238(上限20.0)
26-02-13-50 原始规范坐标 G(Re Σrow_mean) = +9.9057 | 累计|g| = 7.4003
26-02-13-50 Ψ矩阵条件数 cond(Ψ) = 1.57e+00
26-02-13-50 Loss=-1.935933 | E0=-1.03426585-0.00011770j | E1=-0.90166749-0.00057476j|E2=-0.90166749-0.00057476j|E3=-0.90166749-0.00057476j
26-02-13-50 #-----------------------------------------#
26-02-13-50 [Step 129] logΨ: mean=4.188+0.106j | min=0.248-0.787j | max=4.498+1.636j
26-02-13-50 梯度监控 | raw=4.7543 | per_param=0.2314 |  natural=0.0522 | clipped=0.0522(上限20.0)
26-02-13-50 原始规范坐标 G(Re Σrow_mean) = +10.0083 | 累计|g| = 7.4003
26-02-13-50 Ψ矩阵条件数 cond(Ψ) = 1.54e+00
26-02-13-50 Loss=-1.942763 | E0=-1.03337091-0.00006419j | E1=-0.90939176+0.00124115j|E2=-0.90939176+0.00124115j|E3=-0.90939176+0.00124115j
26-02-13-50 #-----------------------------------------#
26-02-13-50 [GaugeReset@130] 吸收 Δg = Σ Re(col_mean) = +10.0083 | 新|g| = 7.4142
26-02-13-50 [Step 130] logΨ: mean=4.158+0.015j | min=1.209-1.839j | max=4.451+1.412j
26-02-13-50 梯度监控 | raw=4.4367 | per_param=0.2160 |  natural=0.0073 | clipped=0.0073(上限20.0)
26-02-13-50 原始规范坐标 G(Re Σrow_mean) = +10.0169 | 累计|g| = 7.4142
26-02-13-50 Ψ矩阵条件数 cond(Ψ) = 2.09e+00
26-02-13-50 Loss=-1.945127 | E0=-1.03537947-0.00011414j | E1=-0.90974755+0.00068009j|E2=-0.90974755+0.00068009j|E3=-0.90974755+0.00068009j
26-02-13-50 #-----------------------------------------#
26-02-13-50 [Step 131] logΨ: mean=4.158-0.087j | min=-0.637+0.724j | max=4.439+1.313j
26-02-13-50 梯度监控 | raw=4.1595 | per_param=0.2025 |  natural=0.0716 | clipped=0.0716(上限20.0)
26-02-13-50 原始规范坐标 G(Re Σrow_mean) = +9.9619 | 累计|g| = 7.4142
26-02-13-50 Ψ矩阵条件数 cond(Ψ) = 1.58e+00
26-02-13-50 Loss=-1.946612 | E0=-1.03820790-0.00120089j | E1=-0.90840404+0.00096240j|E2=-0.90840404+0.00096240j|E3=-0.90840404+0.00096240j
26-02-13-50 #-----------------------------------------#
26-02-13-50 [Step 132] logΨ: mean=4.176+0.182j | min=1.256-1.926j | max=4.474+1.307j
26-02-13-50 梯度监控 | raw=4.6341 | per_param=0.2256 |  natural=0.0071 | clipped=0.0071(上限20.0)
26-02-13-50 原始规范坐标 G(Re Σrow_mean) = +10.0856 | 累计|g| = 7.4142
26-02-13-50 Ψ矩阵条件数 cond(Ψ) = 1.58e+00
26-02-13-50 Loss=-1.956746 | E0=-1.03736925-0.00026000j | E1=-0.91937700+0.00034818j|E2=-0.91937700+0.00034818j|E3=-0.91937700+0.00034818j
26-02-13-50 #-----------------------------------------#
26-02-13-50 [Step 133] logΨ: mean=4.303-0.238j | min=0.550-2.929j | max=4.560+1.295j
26-02-13-50 梯度监控 | raw=4.0435 | per_param=0.1968 |  natural=0.0146 | clipped=0.0146(上限20.0)
26-02-13-50 原始规范坐标 G(Re Σrow_mean) = +10.0399 | 累计|g| = 7.4142
26-02-13-50 Ψ矩阵条件数 cond(Ψ) = 2.45e+00
26-02-13-50 Loss=-1.948248 | E0=-1.03776095+0.00036072j | E1=-0.91048737+0.00038741j|E2=-0.91048737+0.00038741j|E3=-0.91048737+0.00038741j
26-02-13-50 #-----------------------------------------#
26-02-13-50 [Step 134] logΨ: mean=4.328+0.085j | min=-0.036+0.556j | max=4.647+1.238j
26-02-13-50 梯度监控 | raw=4.7571 | per_param=0.2316 |  natural=0.0728 | clipped=0.0728(上限20.0)
26-02-13-50 原始规范坐标 G(Re Σrow_mean) = +10.2009 | 累计|g| = 7.4142
26-02-13-50 Ψ矩阵条件数 cond(Ψ) = 1.57e+00
26-02-13-50 Loss=-1.960919 | E0=-1.03747930-0.00055647j | E1=-0.92343976+0.00036141j|E2=-0.92343976+0.00036141j|E3=-0.92343976+0.00036141j
26-02-13-50 #-----------------------------------------#
26-02-13-50 [Step 135] logΨ: mean=4.362-0.017j | min=0.260-1.229j | max=4.688+1.313j
26-02-13-50 梯度监控 | raw=5.2053 | per_param=0.2534 |  natural=0.0653 | clipped=0.0653(上限20.0)
26-02-13-50 原始规范坐标 G(Re Σrow_mean) = +10.3011 | 累计|g| = 7.4142
26-02-13-50 Ψ矩阵条件数 cond(Ψ) = 1.53e+00
26-02-13-50 Loss=-1.968225 | E0=-1.03675220+0.00003425j | E1=-0.93147307+0.00079147j|E2=-0.93147307+0.00079147j|E3=-0.93147307+0.00079147j
26-02-13-50 #-----------------------------------------#
26-02-13-50 [Step 136] logΨ: mean=4.318-0.977j | min=-0.050+0.639j | max=4.627+1.207j
26-02-13-50 梯度监控 | raw=4.5927 | per_param=0.2236 |  natural=0.0470 | clipped=0.0470(上限20.0)
26-02-13-50 原始规范坐标 G(Re Σrow_mean) = +10.1122 | 累计|g| = 7.4142
26-02-13-50 Ψ矩阵条件数 cond(Ψ) = 1.54e+00
26-02-13-50 Loss=-1.956129 | E0=-1.03656279-0.00112274j | E1=-0.91956612+0.00049670j|E2=-0.91956612+0.00049670j|E3=-0.91956612+0.00049670j
26-02-13-50 #-----------------------------------------#
26-02-13-50 [Step 137] logΨ: mean=4.433-0.518j | min=0.530+2.204j | max=4.754+1.210j
26-02-13-50 梯度监控 | raw=4.2599 | per_param=0.2074 |  natural=0.0288 | clipped=0.0288(上限20.0)
26-02-13-50 原始规范坐标 G(Re Σrow_mean) = +10.1499 | 累计|g| = 7.4142
26-02-13-50 Ψ矩阵条件数 cond(Ψ) = 1.53e+00
26-02-13-50 Loss=-1.953294 | E0=-1.03740932-0.00193971j | E1=-0.91588493+0.00072056j|E2=-0.91588493+0.00072056j|E3=-0.91588493+0.00072056j
26-02-13-50 #-----------------------------------------#
26-02-13-50 [Step 138] logΨ: mean=4.477-0.802j | min=0.246+1.794j | max=4.726+1.288j
26-02-13-50 梯度监控 | raw=4.0689 | per_param=0.1981 |  natural=0.0687 | clipped=0.0687(上限20.0)
26-02-13-50 原始规范坐标 G(Re Σrow_mean) = +10.1642 | 累计|g| = 7.4142
26-02-13-50 Ψ矩阵条件数 cond(Ψ) = 2.41e+00
26-02-13-50 Loss=-1.962244 | E0=-1.04089494+0.00115305j | E1=-0.92134908+0.00117571j|E2=-0.92134908+0.00117571j|E3=-0.92134908+0.00117571j
26-02-13-50 #-----------------------------------------#
26-02-13-50 [Step 139] logΨ: mean=4.651-0.077j | min=0.123-2.740j | max=4.873+1.286j
26-02-13-50 梯度监控 | raw=3.4876 | per_param=0.1698 |  natural=0.0277 | clipped=0.0277(上限20.0)
26-02-13-50 原始规范坐标 G(Re Σrow_mean) = +10.1562 | 累计|g| = 7.4142
26-02-13-50 Ψ矩阵条件数 cond(Ψ) = 1.49e+00
26-02-13-50 Loss=-1.951793 | E0=-1.03967828+0.00081198j | E1=-0.91211514+0.00064815j|E2=-0.91211514+0.00064815j|E3=-0.91211514+0.00064815j
26-02-13-50 #-----------------------------------------#
26-02-13-50 [保存] Step 139 → pickle 文件已更新 (140 条记录)
26-02-13-50 [GaugeReset@140] 吸收 Δg = Σ Re(col_mean) = +10.1562 | 新|g| = 7.5489
26-02-13-50 [Step 140] logΨ: mean=4.466-0.148j | min=1.647-1.795j | max=4.762+1.395j
26-02-13-50 梯度监控 | raw=4.3832 | per_param=0.2134 |  natural=0.0065 | clipped=0.0065(上限20.0)
26-02-13-50 原始规范坐标 G(Re Σrow_mean) = +10.3312 | 累计|g| = 7.5489
26-02-13-50 Ψ矩阵条件数 cond(Ψ) = 2.33e+00
26-02-13-50 Loss=-1.963587 | E0=-1.03881832-0.00057577j | E1=-0.92476903+0.00046563j|E2=-0.92476903+0.00046563j|E3=-0.92476903+0.00046563j
26-02-13-50 #-----------------------------------------#
26-02-13-50 [Step 141] logΨ: mean=4.597+0.157j | min=0.522-0.814j | max=4.846+1.401j
26-02-13-50 梯度监控 | raw=3.9660 | per_param=0.1931 |  natural=0.0235 | clipped=0.0235(上限20.0)
26-02-13-50 原始规范坐标 G(Re Σrow_mean) = +10.3349 | 累计|g| = 7.5489
26-02-13-50 Ψ矩阵条件数 cond(Ψ) = 1.52e+00
26-02-13-50 Loss=-1.962751 | E0=-1.04056797+0.00023580j | E1=-0.92218311+0.00048938j|E2=-0.92218311+0.00048938j|E3=-0.92218311+0.00048938j
26-02-13-50 #-----------------------------------------#
26-02-13-50 [Step 142] logΨ: mean=4.775+0.109j | min=0.143-2.624j | max=5.017+1.405j
26-02-13-50 梯度监控 | raw=3.7495 | per_param=0.1825 |  natural=0.0303 | clipped=0.0303(上限20.0)
26-02-13-50 原始规范坐标 G(Re Σrow_mean) = +10.3995 | 累计|g| = 7.5489
26-02-13-50 Ψ矩阵条件数 cond(Ψ) = 1.50e+00
26-02-13-50 Loss=-1.960327 | E0=-1.04067485+0.00010910j | E1=-0.91965219+0.00060392j|E2=-0.91965219+0.00060392j|E3=-0.91965219+0.00060392j
26-02-13-50 #-----------------------------------------#
26-02-13-50 [Step 143] logΨ: mean=4.817-0.051j | min=0.679+2.336j | max=5.099+1.411j
26-02-13-50 梯度监控 | raw=4.4538 | per_param=0.2168 |  natural=0.0245 | clipped=0.0245(上限20.0)
26-02-13-50 原始规范坐标 G(Re Σrow_mean) = +10.6176 | 累计|g| = 7.5489
26-02-13-50 Ψ矩阵条件数 cond(Ψ) = 1.50e+00
26-02-13-50 Loss=-1.973039 | E0=-1.04130395-0.00010072j | E1=-0.93173518+0.00022645j|E2=-0.93173518+0.00022645j|E3=-0.93173518+0.00022645j
26-02-13-50 #-----------------------------------------#
26-02-13-50 [Step 144] logΨ: mean=4.764-0.083j | min=0.053+0.858j | max=5.002+1.320j
26-02-13-50 梯度监控 | raw=3.9267 | per_param=0.1911 |  natural=0.0713 | clipped=0.0713(上限20.0)
26-02-13-50 原始规范坐标 G(Re Σrow_mean) = +10.4214 | 累计|g| = 7.5489
26-02-13-50 Ψ矩阵条件数 cond(Ψ) = 2.24e+00
26-02-13-50 Loss=-1.969064 | E0=-1.04305858-0.00014102j | E1=-0.92600540+0.00039142j|E2=-0.92600540+0.00039142j|E3=-0.92600540+0.00039142j
26-02-13-50 #-----------------------------------------#
26-02-13-50 [Step 145] logΨ: mean=4.393-0.179j | min=-0.445+1.025j | max=4.617+1.310j
26-02-13-50 梯度监控 | raw=3.6692 | per_param=0.1786 |  natural=0.1297 | clipped=0.1297(上限20.0)
26-02-13-50 原始规范坐标 G(Re Σrow_mean) = +10.0995 | 累计|g| = 7.5489
26-02-13-50 Ψ矩阵条件数 cond(Ψ) = 1.49e+00
26-02-13-50 Loss=-1.964827 | E0=-1.04311917-0.00023630j | E1=-0.92170808+0.00140546j|E2=-0.92170808+0.00140546j|E3=-0.92170808+0.00140546j
26-02-13-50 #-----------------------------------------#
26-02-13-50 [Step 146] logΨ: mean=4.498-0.055j | min=-0.197-0.867j | max=4.772+1.328j
26-02-13-50 梯度监控 | raw=3.6538 | per_param=0.1779 |  natural=0.0406 | clipped=0.0406(上限20.0)
26-02-13-50 原始规范坐标 G(Re Σrow_mean) = +10.2886 | 累计|g| = 7.5489
26-02-13-50 Ψ矩阵条件数 cond(Ψ) = 2.24e+00
26-02-13-50 Loss=-1.968909 | E0=-1.04273321-0.00045811j | E1=-0.92617614+0.00066986j|E2=-0.92617614+0.00066986j|E3=-0.92617614+0.00066986j
26-02-13-50 #-----------------------------------------#
26-02-13-50 [Step 147] logΨ: mean=4.718-0.177j | min=-0.137-0.865j | max=4.914+1.343j
26-02-13-50 梯度监控 | raw=2.4398 | per_param=0.1188 |  natural=0.0306 | clipped=0.0306(上限20.0)
26-02-13-50 原始规范坐标 G(Re Σrow_mean) = +10.1159 | 累计|g| = 7.5489
26-02-13-50 Ψ矩阵条件数 cond(Ψ) = 2.23e+00
26-02-13-50 Loss=-1.952836 | E0=-1.04242897-0.00000573j | E1=-0.91040734+0.00073375j|E2=-0.91040734+0.00073375j|E3=-0.91040734+0.00073375j
26-02-13-50 #-----------------------------------------#
26-02-13-50 [Step 148] logΨ: mean=4.718-0.547j | min=1.778-1.810j | max=4.956+1.340j
26-02-13-50 梯度监控 | raw=4.0487 | per_param=0.1971 |  natural=0.0062 | clipped=0.0062(上限20.0)
26-02-13-50 原始规范坐标 G(Re Σrow_mean) = +10.4993 | 累计|g| = 7.5489
26-02-13-50 Ψ矩阵条件数 cond(Ψ) = 2.22e+00
26-02-13-50 Loss=-1.977812 | E0=-1.04329229+0.00026867j | E1=-0.93452007+0.00027288j|E2=-0.93452007+0.00027288j|E3=-0.93452007+0.00027288j
26-02-13-50 #-----------------------------------------#
26-02-13-50 [Step 149] logΨ: mean=4.869-0.686j | min=0.261-2.512j | max=5.100+1.338j
26-02-13-50 梯度监控 | raw=3.8785 | per_param=0.1888 |  natural=0.0248 | clipped=0.0248(上限20.0)
26-02-13-50 原始规范坐标 G(Re Σrow_mean) = +10.5504 | 累计|g| = 7.5489
26-02-13-50 Ψ矩阵条件数 cond(Ψ) = 1.46e+00
26-02-13-50 Loss=-1.974157 | E0=-1.04225138+0.00035520j | E1=-0.93190605+0.00037799j|E2=-0.93190605+0.00037799j|E3=-0.93190605+0.00037799j
26-02-13-50 #-----------------------------------------#
26-02-13-50 [GaugeReset@150] 吸收 Δg = Σ Re(col_mean) = +10.5504 | 新|g| = 7.7602
26-02-13-50 [Step 150] logΨ: mean=4.508-0.891j | min=2.073+0.976j | max=4.724+0.991j
26-02-13-50 梯度监控 | raw=4.1046 | per_param=0.1998 |  natural=0.0039 | clipped=0.0039(上限20.0)
26-02-13-50 原始规范坐标 G(Re Σrow_mean) = +10.6557 | 累计|g| = 7.7602
26-02-13-50 Ψ矩阵条件数 cond(Ψ) = 1.54e+00
26-02-13-50 Loss=-1.980096 | E0=-1.04260883+0.00050832j | E1=-0.93748745+0.00025807j|E2=-0.93748745+0.00025807j|E3=-0.93748745+0.00025807j
26-02-13-50 #-----------------------------------------#
26-02-13-50 [Step 151] logΨ: mean=4.453-1.114j | min=1.511-2.160j | max=4.768+0.988j
26-02-13-50 梯度监控 | raw=4.1479 | per_param=0.2019 |  natural=0.0061 | clipped=0.0061(上限20.0)
26-02-13-50 原始规范坐标 G(Re Σrow_mean) = +10.7949 | 累计|g| = 7.7602
26-02-13-50 Ψ矩阵条件数 cond(Ψ) = 1.54e+00
26-02-13-50 Loss=-1.987008 | E0=-1.04337397-0.00042018j | E1=-0.94363378+0.00021443j|E2=-0.94363378+0.00021443j|E3=-0.94363378+0.00021443j
26-02-13-50 #-----------------------------------------#
26-02-13-50 [Step 152] logΨ: mean=4.523-0.412j | min=1.519-2.162j | max=4.813+0.985j
26-02-13-50 梯度监控 | raw=4.1081 | per_param=0.2000 |  natural=0.0060 | clipped=0.0060(上限20.0)
26-02-13-50 原始规范坐标 G(Re Σrow_mean) = +10.7450 | 累计|g| = 7.7602
26-02-13-50 Ψ矩阵条件数 cond(Ψ) = 2.05e+00
26-02-13-50 Loss=-1.982430 | E0=-1.04237859-0.00020366j | E1=-0.94005174+0.00025349j|E2=-0.94005174+0.00025349j|E3=-0.94005174+0.00025349j
26-02-13-50 #-----------------------------------------#
26-02-13-50 [Step 153] logΨ: mean=4.632-0.872j | min=-0.292+2.500j | max=4.844+0.389j
26-02-13-50 梯度监控 | raw=3.4434 | per_param=0.1676 |  natural=0.2863 | clipped=0.2863(上限20.0)
26-02-13-50 原始规范坐标 G(Re Σrow_mean) = +10.5705 | 累计|g| = 7.7602
26-02-13-50 Ψ矩阵条件数 cond(Ψ) = 1.66e+00
26-02-13-50 Loss=-1.973142 | E0=-1.04400407+0.00006865j | E1=-0.92913781-0.00311542j|E2=-0.92913781-0.00311542j|E3=-0.92913781-0.00311542j
26-02-13-50 #-----------------------------------------#
26-02-13-50 [Step 154] logΨ: mean=4.724-0.808j | min=0.301+1.778j | max=4.938+0.399j
26-02-13-50 梯度监控 | raw=3.3653 | per_param=0.1638 |  natural=0.0260 | clipped=0.0260(上限20.0)
26-02-13-50 原始规范坐标 G(Re Σrow_mean) = +10.8342 | 累计|g| = 7.7602
26-02-13-50 Ψ矩阵条件数 cond(Ψ) = 1.66e+00
26-02-13-50 Loss=-1.984475 | E0=-1.04454577+0.00050608j | E1=-0.93992953+0.00082620j|E2=-0.93992953+0.00082620j|E3=-0.93992953+0.00082620j
26-02-13-50 #-----------------------------------------#
26-02-13-50 [Step 155] logΨ: mean=4.766-1.030j | min=1.612-2.599j | max=4.985+0.395j
26-02-13-50 梯度监控 | raw=3.1617 | per_param=0.1539 |  natural=0.0062 | clipped=0.0062(上限20.0)
26-02-13-50 原始规范坐标 G(Re Σrow_mean) = +10.6754 | 累计|g| = 7.7602
26-02-13-50 Ψ矩阵条件数 cond(Ψ) = 1.66e+00
26-02-13-50 Loss=-1.975733 | E0=-1.04395701+0.00000151j | E1=-0.93177590-0.00011790j|E2=-0.93177590-0.00011790j|E3=-0.93177590-0.00011790j
26-02-13-50 #-----------------------------------------#
26-02-13-50 [Step 156] logΨ: mean=4.761-1.206j | min=1.622+0.540j | max=5.032+0.392j
26-02-13-50 梯度监控 | raw=3.5559 | per_param=0.1731 |  natural=0.0062 | clipped=0.0062(上限20.0)
26-02-13-50 原始规范坐标 G(Re Σrow_mean) = +10.8461 | 累计|g| = 7.7602
26-02-13-50 Ψ矩阵条件数 cond(Ψ) = 1.91e+00
26-02-13-50 Loss=-1.981503 | E0=-1.04274961-0.00025334j | E1=-0.93875384+0.00053302j|E2=-0.93875384+0.00053302j|E3=-0.93875384+0.00053302j
26-02-13-50 #-----------------------------------------#
26-02-13-50 [Step 157] logΨ: mean=4.844-1.199j | min=1.632+0.538j | max=5.080+0.389j
26-02-13-50 梯度监控 | raw=3.4056 | per_param=0.1658 |  natural=0.0062 | clipped=0.0062(上限20.0)
26-02-13-50 原始规范坐标 G(Re Σrow_mean) = +11.0894 | 累计|g| = 7.7602
26-02-13-50 Ψ矩阵条件数 cond(Ψ) = 1.89e+00
26-02-13-50 Loss=-1.991867 | E0=-1.04381311+0.00021804j | E1=-0.94805421+0.00149894j|E2=-0.94805421+0.00149894j|E3=-0.94805421+0.00149894j
26-02-13-50 #-----------------------------------------#
26-02-13-50 [Step 158] logΨ: mean=4.874-1.372j | min=1.643-2.606j | max=5.129+0.386j
26-02-13-50 梯度监控 | raw=3.2332 | per_param=0.1574 |  natural=0.0062 | clipped=0.0062(上限20.0)
26-02-13-50 原始规范坐标 G(Re Σrow_mean) = +10.8326 | 累计|g| = 7.7602
26-02-13-50 Ψ矩阵条件数 cond(Ψ) = 1.88e+00
26-02-13-50 Loss=-1.980128 | E0=-1.04419672-0.00021944j | E1=-0.93593080+0.00018744j|E2=-0.93593080+0.00018744j|E3=-0.93593080+0.00018744j
26-02-13-50 #-----------------------------------------#
26-02-13-50 [Step 159] logΨ: mean=4.702+0.964j | min=-0.184+2.516j | max=4.945+3.121j
26-02-13-50 梯度监控 | raw=3.3225 | per_param=0.1617 |  natural=0.2224 | clipped=0.2224(上限20.0)
26-02-13-50 原始规范坐标 G(Re Σrow_mean) = +10.7757 | 累计|g| = 7.7602
26-02-13-50 Ψ矩阵条件数 cond(Ψ) = 1.72e+00
26-02-13-50 Loss=-1.984169 | E0=-1.04440012-0.00007397j | E1=-0.93976927-0.00340763j|E2=-0.93976927-0.00340763j|E3=-0.93976927-0.00340763j
26-02-13-50 #-----------------------------------------#
26-02-13-50 [保存] Step 159 → pickle 文件已更新 (160 条记录)
26-02-13-50 [GaugeReset@160] 吸收 Δg = Σ Re(col_mean) = +10.7757 | 新|g| = 7.9684
26-02-13-50 [Step 160] logΨ: mean=3.996-0.496j | min=-0.705-2.003j | max=4.261+0.884j
26-02-13-50 梯度监控 | raw=2.7831 | per_param=0.1355 |  natural=0.4378 | clipped=0.4378(上限20.0)
26-02-13-50 原始规范坐标 G(Re Σrow_mean) = +10.4602 | 累计|g| = 7.9684
26-02-13-50 Ψ矩阵条件数 cond(Ψ) = 1.58e+00
26-02-13-50 Loss=-1.985222 | E0=-1.04503641-0.00017875j | E1=-0.94018586+0.00552639j|E2=-0.94018586+0.00552639j|E3=-0.94018586+0.00552639j
26-02-13-50 #-----------------------------------------#
26-02-13-50 [Step 161] logΨ: mean=4.022-0.445j | min=-0.074+1.624j | max=4.150+1.044j
26-02-13-50 梯度监控 | raw=1.7376 | per_param=0.0846 |  natural=0.1209 | clipped=0.1209(上限20.0)
26-02-13-50 原始规范坐标 G(Re Σrow_mean) = +10.0543 | 累计|g| = 7.9684
26-02-13-50 Ψ矩阵条件数 cond(Ψ) = 2.01e+00
26-02-13-50 Loss=-1.965321 | E0=-1.04519846+0.00042047j | E1=-0.92012211-0.00122417j|E2=-0.92012211-0.00122417j|E3=-0.92012211-0.00122417j
26-02-13-50 #-----------------------------------------#
26-02-13-50 [Step 162] logΨ: mean=3.917-0.493j | min=-0.696+0.454j | max=4.078+1.168j
26-02-13-50 梯度监控 | raw=1.7621 | per_param=0.0858 |  natural=0.1135 | clipped=0.1135(上限20.0)
26-02-13-50 原始规范坐标 G(Re Σrow_mean) = +10.0029 | 累计|g| = 7.9684
26-02-13-50 Ψ矩阵条件数 cond(Ψ) = 1.52e+00
26-02-13-50 Loss=-1.966011 | E0=-1.04506020+0.00019685j | E1=-0.92095064-0.00106652j|E2=-0.92095064-0.00106652j|E3=-0.92095064-0.00106652j
26-02-13-50 #-----------------------------------------#
26-02-13-50 [Step 163] logΨ: mean=3.529-1.664j | min=-1.659+2.459j | max=3.781+0.265j
26-02-13-50 梯度监控 | raw=2.3039 | per_param=0.1121 |  natural=0.3758 | clipped=0.3758(上限20.0)
26-02-13-50 原始规范坐标 G(Re Σrow_mean) = +10.0942 | 累计|g| = 7.9684
26-02-13-50 Ψ矩阵条件数 cond(Ψ) = 1.57e+00
26-02-13-50 Loss=-1.978433 | E0=-1.04502970-0.00022279j | E1=-0.93340311-0.00658124j|E2=-0.93340311-0.00658124j|E3=-0.93340311-0.00658124j
26-02-13-50 #-----------------------------------------#
26-02-13-50 [Step 164] logΨ: mean=3.246-1.738j | min=-1.721-2.063j | max=3.520+0.275j
26-02-13-50 梯度监控 | raw=2.1098 | per_param=0.1027 |  natural=0.1270 | clipped=0.1270(上限20.0)
26-02-13-50 原始规范坐标 G(Re Σrow_mean) = +9.9096 | 累计|g| = 7.9684
26-02-13-50 Ψ矩阵条件数 cond(Ψ) = 1.91e+00
26-02-13-50 Loss=-1.980695 | E0=-1.04585553+0.00017529j | E1=-0.93483995+0.00016497j|E2=-0.93483995+0.00016497j|E3=-0.93483995+0.00016497j
26-02-13-50 #-----------------------------------------#
26-02-13-50 [Step 165] logΨ: mean=3.393-1.195j | min=-0.730-1.288j | max=3.629+0.286j
26-02-13-50 梯度监控 | raw=2.0594 | per_param=0.1003 |  natural=0.0294 | clipped=0.0294(上限20.0)
26-02-13-50 原始规范坐标 G(Re Σrow_mean) = +9.9768 | 累计|g| = 7.9684
26-02-13-50 Ψ矩阵条件数 cond(Ψ) = 1.89e+00
26-02-13-50 Loss=-1.979543 | E0=-1.04507500-0.00013751j | E1=-0.93446839+0.00005543j|E2=-0.93446839+0.00005543j|E3=-0.93446839+0.00005543j
26-02-13-50 #-----------------------------------------#
26-02-13-50 [Step 166] logΨ: mean=3.503-1.143j | min=-0.251-1.387j | max=3.744+0.296j
26-02-13-50 梯度监控 | raw=2.0215 | per_param=0.0984 |  natural=0.0355 | clipped=0.0355(上限20.0)
26-02-13-50 原始规范坐标 G(Re Σrow_mean) = +9.9638 | 累计|g| = 7.9684
26-02-13-50 Ψ矩阵条件数 cond(Ψ) = 1.86e+00
26-02-13-50 Loss=-1.975747 | E0=-1.04509154-0.00017103j | E1=-0.93065566-0.00129776j|E2=-0.93065566-0.00129776j|E3=-0.93065566-0.00129776j
26-02-13-50 #-----------------------------------------#
26-02-13-50 [Step 167] logΨ: mean=3.559-1.116j | min=-0.533+3.115j | max=3.854+0.302j
26-02-13-50 梯度监控 | raw=2.3871 | per_param=0.1162 |  natural=0.0236 | clipped=0.0236(上限20.0)
26-02-13-50 原始规范坐标 G(Re Σrow_mean) = +10.2680 | 累计|g| = 7.9684
26-02-13-50 Ψ矩阵条件数 cond(Ψ) = 1.59e+00
26-02-13-50 Loss=-1.987929 | E0=-1.04487198-0.00020202j | E1=-0.94305734+0.00315636j|E2=-0.94305734+0.00315636j|E3=-0.94305734+0.00315636j
26-02-13-50 #-----------------------------------------#
26-02-13-50 [Step 168] logΨ: mean=3.488-1.201j | min=-0.711-0.540j | max=3.817+0.142j
26-02-13-50 梯度监控 | raw=2.2891 | per_param=0.1114 |  natural=0.1067 | clipped=0.1067(上限20.0)
26-02-13-50 原始规范坐标 G(Re Σrow_mean) = +10.1217 | 累计|g| = 7.9684
26-02-13-50 Ψ矩阵条件数 cond(Ψ) = 1.62e+00
26-02-13-50 Loss=-1.983940 | E0=-1.04514908-0.00003592j | E1=-0.93879112-0.00050770j|E2=-0.93879112-0.00050770j|E3=-0.93879112-0.00050770j
26-02-13-50 #-----------------------------------------#
26-02-13-50 [Step 169] logΨ: mean=3.539-1.185j | min=-1.027-2.903j | max=3.812+0.177j
26-02-13-50 梯度监控 | raw=1.7953 | per_param=0.0874 |  natural=0.0748 | clipped=0.0748(上限20.0)
26-02-13-50 原始规范坐标 G(Re Σrow_mean) = +9.9824 | 累计|g| = 7.9684
26-02-13-50 Ψ矩阵条件数 cond(Ψ) = 1.65e+00
26-02-13-50 Loss=-1.979032 | E0=-1.04669459-0.00003566j | E1=-0.93233752-0.00111374j|E2=-0.93233752-0.00111374j|E3=-0.93233752-0.00111374j
26-02-13-50 #-----------------------------------------#
26-02-13-50 [GaugeReset@170] 吸收 Δg = Σ Re(col_mean) = +9.9824 | 新|g| = 7.5331
26-02-13-50 [Step 170] logΨ: mean=4.555-0.577j | min=0.104+2.267j | max=4.716+0.554j
26-02-13-50 梯度监控 | raw=1.6394 | per_param=0.0798 |  natural=0.0299 | clipped=0.0299(上限20.0)
26-02-13-50 原始规范坐标 G(Re Σrow_mean) = +9.8757 | 累计|g| = 7.5331
26-02-13-50 Ψ矩阵条件数 cond(Ψ) = 1.68e+00
26-02-13-50 Loss=-1.970857 | E0=-1.04554824-0.00010368j | E1=-0.92530903-0.00420391j|E2=-0.92530903-0.00420391j|E3=-0.92530903-0.00420391j
26-02-13-50 #-----------------------------------------#
26-02-13-50 [Step 171] logΨ: mean=4.193-0.793j | min=-0.179+1.050j | max=4.403+0.713j
26-02-13-50 梯度监控 | raw=2.3521 | per_param=0.1145 |  natural=0.4379 | clipped=0.4379(上限20.0)
26-02-13-50 原始规范坐标 G(Re Σrow_mean) = +9.9198 | 累计|g| = 7.5331
26-02-13-50 Ψ矩阵条件数 cond(Ψ) = 1.62e+00
26-02-13-50 Loss=-1.987243 | E0=-1.04504253-0.00003102j | E1=-0.94220005+0.00278484j|E2=-0.94220005+0.00278484j|E3=-0.94220005+0.00278484j
26-02-13-50 #-----------------------------------------#
26-02-13-50 [Step 172] logΨ: mean=4.055-0.498j | min=-0.831+1.528j | max=4.317+0.823j
26-02-13-50 梯度监控 | raw=2.0012 | per_param=0.0974 |  natural=0.1454 | clipped=0.1454(上限20.0)
26-02-13-50 原始规范坐标 G(Re Σrow_mean) = +10.0599 | 累计|g| = 7.5331
26-02-13-50 Ψ矩阵条件数 cond(Ψ) = 1.60e+00
26-02-13-50 Loss=-1.990425 | E0=-1.04534645-0.00001427j | E1=-0.94507819+0.00390013j|E2=-0.94507819+0.00390013j|E3=-0.94507819+0.00390013j
26-02-13-50 #-----------------------------------------#
26-02-13-50 [Step 173] logΨ: mean=4.163-0.818j | min=0.777+1.161j | max=4.375+0.820j
26-02-13-50 梯度监控 | raw=1.8868 | per_param=0.0918 |  natural=0.0099 | clipped=0.0099(上限20.0)
26-02-13-50 原始规范坐标 G(Re Σrow_mean) = +10.0945 | 累计|g| = 7.5331
26-02-13-50 Ψ矩阵条件数 cond(Ψ) = 1.60e+00
26-02-13-50 Loss=-1.986940 | E0=-1.04467837-0.00011747j | E1=-0.94226165+0.00209750j|E2=-0.94226165+0.00209750j|E3=-0.94226165+0.00209750j
26-02-13-50 #-----------------------------------------#
26-02-13-50 [Step 174] logΨ: mean=4.234-1.290j | min=-0.360+1.534j | max=4.452+0.879j
26-02-13-50 梯度监控 | raw=1.7571 | per_param=0.0855 |  natural=0.0540 | clipped=0.0540(上限20.0)
26-02-13-50 原始规范坐标 G(Re Σrow_mean) = +9.9691 | 累计|g| = 7.5331
26-02-13-50 Ψ矩阵条件数 cond(Ψ) = 1.58e+00
26-02-13-50 Loss=-1.980418 | E0=-1.04543132-0.00005608j | E1=-0.93498696+0.00080803j|E2=-0.93498696+0.00080803j|E3=-0.93498696+0.00080803j
26-02-13-50 #-----------------------------------------#
26-02-13-50 [Step 175] logΨ: mean=4.526-1.116j | min=-0.156+0.648j | max=4.709+0.871j
26-02-13-50 梯度监控 | raw=1.5604 | per_param=0.0760 |  natural=0.0538 | clipped=0.0538(上限20.0)
26-02-13-50 原始规范坐标 G(Re Σrow_mean) = +10.0262 | 累计|g| = 7.5331
26-02-13-50 Ψ矩阵条件数 cond(Ψ) = 1.77e+00
26-02-13-50 Loss=-1.974049 | E0=-1.04483704+0.00007978j | E1=-0.92921197-0.00142224j|E2=-0.92921197-0.00142224j|E3=-0.92921197-0.00142224j
26-02-13-50 #-----------------------------------------#
26-02-13-50 [Step 176] logΨ: mean=4.547-0.877j | min=0.171-2.576j | max=4.898+0.882j
26-02-13-50 梯度监控 | raw=1.6317 | per_param=0.0794 |  natural=0.0443 | clipped=0.0443(上限20.0)
26-02-13-50 原始规范坐标 G(Re Σrow_mean) = +10.0326 | 累计|g| = 7.5331
26-02-13-50 Ψ矩阵条件数 cond(Ψ) = 1.76e+00
26-02-13-50 Loss=-1.974967 | E0=-1.04558845+0.00004319j | E1=-0.92937871-0.00122867j|E2=-0.92937871-0.00122867j|E3=-0.92937871-0.00122867j
26-02-13-50 #-----------------------------------------#
26-02-13-50 [Step 177] logΨ: mean=4.801-0.611j | min=0.379-0.859j | max=5.066+0.889j
26-02-13-50 梯度监控 | raw=1.9787 | per_param=0.0963 |  natural=0.0240 | clipped=0.0240(上限20.0)
26-02-13-50 原始规范坐标 G(Re Σrow_mean) = +10.2292 | 累计|g| = 7.5331
26-02-13-50 Ψ矩阵条件数 cond(Ψ) = 1.73e+00
26-02-13-50 Loss=-1.979216 | E0=-1.04569526-0.00007025j | E1=-0.93352064-0.00049366j|E2=-0.93352064-0.00049366j|E3=-0.93352064-0.00049366j
26-02-13-50 #-----------------------------------------#
26-02-13-50 [Step 178] logΨ: mean=5.033-0.489j | min=-0.101-0.800j | max=5.259+0.859j
26-02-13-50 梯度监控 | raw=1.8242 | per_param=0.0888 |  natural=0.0264 | clipped=0.0264(上限20.0)
26-02-13-50 原始规范坐标 G(Re Σrow_mean) = +10.3332 | 累计|g| = 7.5331
26-02-13-50 Ψ矩阵条件数 cond(Ψ) = 1.53e+00
26-02-13-50 Loss=-1.978243 | E0=-1.04530688+0.00000475j | E1=-0.93293629-0.00078876j|E2=-0.93293629-0.00078876j|E3=-0.93293629-0.00078876j
26-02-13-50 #-----------------------------------------#
26-02-13-50 [Step 179] logΨ: mean=5.585-0.056j | min=-2.145-0.939j | max=5.796+1.333j
26-02-13-50 梯度监控 | raw=2.2047 | per_param=0.1073 |  natural=0.1709 | clipped=0.1709(上限20.0)
26-02-13-50 原始规范坐标 G(Re Σrow_mean) = +10.7208 | 累计|g| = 7.5331
26-02-13-50 Ψ矩阵条件数 cond(Ψ) = 1.58e+00
26-02-13-50 Loss=-1.978831 | E0=-1.04410184+0.00169655j | E1=-0.93472907-0.00021314j|E2=-0.93472907-0.00021314j|E3=-0.93472907-0.00021314j
26-02-13-50 #-----------------------------------------#
26-02-13-50 [保存] Step 179 → pickle 文件已更新 (180 条记录)
26-02-13-50 [GaugeReset@180] 吸收 Δg = Σ Re(col_mean) = +10.7208 | 新|g| = 7.8951
26-02-13-50 [Step 180] logΨ: mean=4.940-0.644j | min=0.756+2.093j | max=5.211+0.760j
26-02-13-50 梯度监控 | raw=2.8672 | per_param=0.1396 |  natural=0.0182 | clipped=0.0182(上限20.0)
26-02-13-50 原始规范坐标 G(Re Σrow_mean) = +10.5817 | 累计|g| = 7.8951
26-02-13-50 Ψ矩阵条件数 cond(Ψ) = 1.61e+00
26-02-13-50 Loss=-1.976496 | E0=-1.04742701+0.00154155j | E1=-0.92906866-0.00166388j|E2=-0.92906866-0.00166388j|E3=-0.92906866-0.00166388j
26-02-13-50 #-----------------------------------------#
26-02-13-50 [Step 181] logΨ: mean=4.641-0.707j | min=0.453+1.410j | max=4.814+1.079j
26-02-13-50 梯度监控 | raw=2.2529 | per_param=0.1097 |  natural=0.0789 | clipped=0.0789(上限20.0)
26-02-13-50 原始规范坐标 G(Re Σrow_mean) = +10.5739 | 累计|g| = 7.8951
26-02-13-50 Ψ矩阵条件数 cond(Ψ) = 1.64e+00
26-02-13-50 Loss=-1.980370 | E0=-1.04528824-0.00000985j | E1=-0.93508130+0.00063051j|E2=-0.93508130+0.00063051j|E3=-0.93508130+0.00063051j
26-02-13-50 #-----------------------------------------#
26-02-13-50 [Step 182] logΨ: mean=4.509-0.494j | min=0.502-1.732j | max=4.752+1.149j
26-02-13-50 梯度监控 | raw=2.7084 | per_param=0.1318 |  natural=0.0536 | clipped=0.0536(上限20.0)
26-02-13-50 原始规范坐标 G(Re Σrow_mean) = +10.6315 | 累计|g| = 7.8951
26-02-13-50 Ψ矩阵条件数 cond(Ψ) = 1.55e+00
26-02-13-50 Loss=-1.984156 | E0=-1.04562091+0.00041288j | E1=-0.93853554+0.00144414j|E2=-0.93853554+0.00144414j|E3=-0.93853554+0.00144414j
26-02-13-50 #-----------------------------------------#
26-02-13-50 [Step 183] logΨ: mean=4.512-0.904j | min=-0.407+2.092j | max=4.767+0.775j
26-02-13-50 梯度监控 | raw=2.1798 | per_param=0.1061 |  natural=0.1490 | clipped=0.1490(上限20.0)
26-02-13-50 原始规范坐标 G(Re Σrow_mean) = +10.6598 | 累计|g| = 7.8951
26-02-13-50 Ψ矩阵条件数 cond(Ψ) = 1.60e+00
26-02-13-50 Loss=-1.985250 | E0=-1.04625434+0.00046717j | E1=-0.93899554-0.00286116j|E2=-0.93899554-0.00286116j|E3=-0.93899554-0.00286116j
26-02-13-50 #-----------------------------------------#
26-02-13-50 [Step 184] logΨ: mean=3.841-0.896j | min=0.060+0.944j | max=4.120+0.898j
26-02-13-50 梯度监控 | raw=2.0430 | per_param=0.0994 |  natural=0.2048 | clipped=0.2048(上限20.0)
26-02-13-50 原始规范坐标 G(Re Σrow_mean) = +10.4122 | 累计|g| = 7.8951
26-02-13-50 Ψ矩阵条件数 cond(Ψ) = 1.64e+00
26-02-13-50 Loss=-1.998278 | E0=-1.04605506+0.00018978j | E1=-0.95222279+0.00395936j|E2=-0.95222279+0.00395936j|E3=-0.95222279+0.00395936j
26-02-13-50 #-----------------------------------------#
26-02-13-50 [Step 185] logΨ: mean=3.844-1.049j | min=-0.415+2.082j | max=4.154+0.888j
26-02-13-50 梯度监控 | raw=1.7601 | per_param=0.0857 |  natural=0.1419 | clipped=0.1419(上限20.0)
26-02-13-50 原始规范坐标 G(Re Σrow_mean) = +10.4117 | 累计|g| = 7.8951
26-02-13-50 Ψ矩阵条件数 cond(Ψ) = 1.83e+00
26-02-13-50 Loss=-1.986545 | E0=-1.04623851-0.00000952j | E1=-0.94030646+0.00206278j|E2=-0.94030646+0.00206278j|E3=-0.94030646+0.00206278j
26-02-13-50 #-----------------------------------------#
26-02-13-50 [Step 186] logΨ: mean=3.964-0.757j | min=0.154-2.226j | max=4.104+0.820j
26-02-13-50 梯度监控 | raw=1.6615 | per_param=0.0809 |  natural=0.0976 | clipped=0.0976(上限20.0)
26-02-13-50 原始规范坐标 G(Re Σrow_mean) = +10.3236 | 累计|g| = 7.8951
26-02-13-50 Ψ矩阵条件数 cond(Ψ) = 1.84e+00
26-02-13-50 Loss=-1.982049 | E0=-1.04471359-0.00035530j | E1=-0.93733496-0.00031471j|E2=-0.93733496-0.00031471j|E3=-0.93733496-0.00031471j
26-02-13-50 #-----------------------------------------#
26-02-13-50 [Step 187] logΨ: mean=3.936-0.483j | min=0.219+2.964j | max=4.102+0.771j
26-02-13-50 梯度监控 | raw=1.6057 | per_param=0.0782 |  natural=0.1247 | clipped=0.1247(上限20.0)
26-02-13-50 原始规范坐标 G(Re Σrow_mean) = +10.3658 | 累计|g| = 7.8951
26-02-13-50 Ψ矩阵条件数 cond(Ψ) = 1.83e+00
26-02-13-50 Loss=-1.984665 | E0=-1.04489135-0.00020871j | E1=-0.93977332-0.00089856j|E2=-0.93977332-0.00089856j|E3=-0.93977332-0.00089856j
26-02-13-50 #-----------------------------------------#
26-02-13-50 [Step 188] logΨ: mean=3.840-0.619j | min=-0.984-0.556j | max=4.021+0.471j
26-02-13-50 梯度监控 | raw=1.4703 | per_param=0.0716 |  natural=0.2208 | clipped=0.2208(上限20.0)
26-02-13-50 原始规范坐标 G(Re Σrow_mean) = +10.2750 | 累计|g| = 7.8951
26-02-13-50 Ψ矩阵条件数 cond(Ψ) = 1.68e+00
26-02-13-50 Loss=-1.982428 | E0=-1.04513374+0.00000080j | E1=-0.93729457-0.00355385j|E2=-0.93729457-0.00355385j|E3=-0.93729457-0.00355385j
26-02-13-50 #-----------------------------------------#
26-02-13-50 [Step 189] logΨ: mean=3.650-0.331j | min=0.080-2.397j | max=3.729+0.569j
26-02-13-50 梯度监控 | raw=1.1887 | per_param=0.0579 |  natural=0.0879 | clipped=0.0879(上限20.0)
26-02-13-50 原始规范坐标 G(Re Σrow_mean) = +10.0128 | 累计|g| = 7.8951
26-02-13-50 Ψ矩阵条件数 cond(Ψ) = 1.70e+00
26-02-13-50 Loss=-1.977694 | E0=-1.04452259-0.00057428j | E1=-0.93317134+0.00006761j|E2=-0.93317134+0.00006761j|E3=-0.93317134+0.00006761j
26-02-13-50 #-----------------------------------------#
26-02-13-50 [GaugeReset@190] 吸收 Δg = Σ Re(col_mean) = +10.0128 | 新|g| = 7.4814
26-02-13-50 [Step 190] logΨ: mean=4.292-0.358j | min=-1.556+2.634j | max=4.575+0.778j
26-02-13-50 梯度监控 | raw=1.3602 | per_param=0.0662 |  natural=0.1356 | clipped=0.1356(上限20.0)
26-02-13-50 原始规范坐标 G(Re Σrow_mean) = +9.9867 | 累计|g| = 7.4814
26-02-13-50 Ψ矩阵条件数 cond(Ψ) = 1.83e+00
26-02-13-50 Loss=-1.973770 | E0=-1.04613225+0.00060260j | E1=-0.92763825+0.00091081j|E2=-0.92763825+0.00091081j|E3=-0.92763825+0.00091081j
26-02-13-50 #-----------------------------------------#
26-02-13-50 [Step 191] logΨ: mean=4.290-0.625j | min=-1.556+1.242j | max=4.527+0.629j
26-02-13-50 梯度监控 | raw=1.9405 | per_param=0.0945 |  natural=0.1889 | clipped=0.1889(上限20.0)
26-02-13-50 原始规范坐标 G(Re Σrow_mean) = +10.0013 | 累计|g| = 7.4814
26-02-13-50 Ψ矩阵条件数 cond(Ψ) = 1.63e+00
26-02-13-50 Loss=-1.976287 | E0=-1.04585202+0.00025488j | E1=-0.93043483-0.00251354j|E2=-0.93043483-0.00251354j|E3=-0.93043483-0.00251354j
26-02-13-50 #-----------------------------------------#
26-02-13-50 [Step 192] logΨ: mean=4.262-0.534j | min=-0.673+0.154j | max=4.585+0.655j
26-02-13-50 梯度监控 | raw=1.8582 | per_param=0.0905 |  natural=0.1460 | clipped=0.1460(上限20.0)
26-02-13-50 原始规范坐标 G(Re Σrow_mean) = +10.2279 | 累计|g| = 7.4814
26-02-13-50 Ψ矩阵条件数 cond(Ψ) = 1.65e+00
26-02-13-50 Loss=-1.990455 | E0=-1.04618960+0.00047253j | E1=-0.94426504+0.00159979j|E2=-0.94426504+0.00159979j|E3=-0.94426504+0.00159979j
26-02-13-50 #-----------------------------------------#
26-02-13-50 [Step 193] logΨ: mean=4.552-0.360j | min=0.458+2.210j | max=4.715+0.679j
26-02-13-50 梯度监控 | raw=1.2483 | per_param=0.0608 |  natural=0.0628 | clipped=0.0628(上限20.0)
26-02-13-50 原始规范坐标 G(Re Σrow_mean) = +10.1207 | 累计|g| = 7.4814
26-02-13-50 Ψ矩阵条件数 cond(Ψ) = 1.83e+00
26-02-13-50 Loss=-1.974797 | E0=-1.04535021-0.00007740j | E1=-0.92944639+0.00068013j|E2=-0.92944639+0.00068013j|E3=-0.92944639+0.00068013j
26-02-13-50 #-----------------------------------------#
26-02-13-50 [Step 194] logΨ: mean=4.575-0.918j | min=0.960-3.019j | max=4.712+0.733j
26-02-13-50 梯度监控 | raw=0.9704 | per_param=0.0472 |  natural=0.0771 | clipped=0.0771(上限20.0)
26-02-13-50 原始规范坐标 G(Re Σrow_mean) = +10.0720 | 累计|g| = 7.4814
26-02-13-50 Ψ矩阵条件数 cond(Ψ) = 1.83e+00
26-02-13-50 Loss=-1.974101 | E0=-1.04502031-0.00016566j | E1=-0.92908087+0.00102592j|E2=-0.92908087+0.00102592j|E3=-0.92908087+0.00102592j
26-02-13-50 #-----------------------------------------#
26-02-13-50 [Step 195] logΨ: mean=4.620-1.384j | min=-0.863+2.596j | max=4.801+0.804j
26-02-13-50 梯度监控 | raw=1.2284 | per_param=0.0598 |  natural=0.0794 | clipped=0.0794(上限20.0)
26-02-13-50 原始规范坐标 G(Re Σrow_mean) = +10.3139 | 累计|g| = 7.4814
26-02-13-50 Ψ矩阵条件数 cond(Ψ) = 1.82e+00
26-02-13-50 Loss=-1.981726 | E0=-1.04571598+0.00018867j | E1=-0.93601009+0.00136124j|E2=-0.93601009+0.00136124j|E3=-0.93601009+0.00136124j
26-02-13-50 #-----------------------------------------#
26-02-13-50 [Step 196] logΨ: mean=4.529-0.552j | min=0.558+2.262j | max=4.794+0.827j
26-02-13-50 梯度监控 | raw=1.3596 | per_param=0.0662 |  natural=0.0904 | clipped=0.0904(上限20.0)
26-02-13-50 原始规范坐标 G(Re Σrow_mean) = +10.2291 | 累计|g| = 7.4814
26-02-13-50 Ψ矩阵条件数 cond(Ψ) = 1.78e+00
26-02-13-50 Loss=-1.983658 | E0=-1.04582250+0.00022509j | E1=-0.93783503+0.00124540j|E2=-0.93783503+0.00124540j|E3=-0.93783503+0.00124540j
26-02-13-50 #-----------------------------------------#
26-02-13-50 [Step 197] logΨ: mean=4.508-0.973j | min=-0.517+2.390j | max=4.750+0.573j
26-02-13-50 梯度监控 | raw=1.2490 | per_param=0.0608 |  natural=0.2303 | clipped=0.2303(上限20.0)
26-02-13-50 原始规范坐标 G(Re Σrow_mean) = +10.3475 | 累计|g| = 7.4814
26-02-13-50 Ψ矩阵条件数 cond(Ψ) = 1.76e+00
26-02-13-50 Loss=-1.986097 | E0=-1.04579232+0.00004518j | E1=-0.94030514-0.00398756j|E2=-0.94030514-0.00398756j|E3=-0.94030514-0.00398756j
26-02-13-50 #-----------------------------------------#
26-02-13-50 [Step 198] logΨ: mean=4.559-0.890j | min=-0.095+0.709j | max=4.797+0.558j
26-02-13-50 梯度监控 | raw=1.2449 | per_param=0.0606 |  natural=0.1037 | clipped=0.1037(上限20.0)
26-02-13-50 原始规范坐标 G(Re Σrow_mean) = +10.1892 | 累计|g| = 7.4814
26-02-13-50 Ψ矩阵条件数 cond(Ψ) = 1.85e+00
26-02-13-50 Loss=-1.979102 | E0=-1.04614958+0.00003646j | E1=-0.93295267+0.00053779j|E2=-0.93295267+0.00053779j|E3=-0.93295267+0.00053779j
26-02-13-50 #-----------------------------------------#
26-02-13-50 [Step 199] logΨ: mean=4.720-0.635j | min=0.904-0.320j | max=4.882+0.541j
26-02-13-50 梯度监控 | raw=1.0520 | per_param=0.0512 |  natural=0.0645 | clipped=0.0645(上限20.0)
26-02-13-50 原始规范坐标 G(Re Σrow_mean) = +10.3202 | 累计|g| = 7.4814
26-02-13-50 Ψ矩阵条件数 cond(Ψ) = 1.85e+00
26-02-13-50 Loss=-1.980227 | E0=-1.04527553-0.00006251j | E1=-0.93495153-0.00028760j|E2=-0.93495153-0.00028760j|E3=-0.93495153-0.00028760j
26-02-13-50 #-----------------------------------------#
26-02-13-50 [保存] Step 199 → pickle 文件已更新 (200 条记录)
26-02-13-50 [GaugeReset@200] 吸收 Δg = Σ Re(col_mean) = +10.3202 | 新|g| = 7.7091
26-02-13-50 [Step 200] logΨ: mean=4.382-0.612j | min=0.676+0.137j | max=4.558+0.726j
26-02-13-50 梯度监控 | raw=1.1030 | per_param=0.0537 |  natural=0.0682 | clipped=0.0682(上限20.0)
26-02-13-50 原始规范坐标 G(Re Σrow_mean) = +10.2228 | 累计|g| = 7.7091
26-02-13-50 Ψ矩阵条件数 cond(Ψ) = 1.65e+00
26-02-13-50 Loss=-1.980275 | E0=-1.04558539-0.00001734j | E1=-0.93468943+0.00096187j|E2=-0.93468943+0.00096187j|E3=-0.93468943+0.00096187j
26-02-13-50 #-----------------------------------------#
26-02-13-50 [Step 201] logΨ: mean=4.410-0.649j | min=0.146-1.083j | max=4.602+0.734j
26-02-13-50 梯度监控 | raw=1.1373 | per_param=0.0554 |  natural=0.1368 | clipped=0.1368(上限20.0)
26-02-13-50 原始规范坐标 G(Re Σrow_mean) = +10.3521 | 累计|g| = 7.7091
26-02-13-50 Ψ矩阵条件数 cond(Ψ) = 1.80e+00
26-02-13-50 Loss=-1.982879 | E0=-1.04535718-0.00005750j | E1=-0.93752166+0.00104815j|E2=-0.93752166+0.00104815j|E3=-0.93752166+0.00104815j
26-02-13-50 #-----------------------------------------#
26-02-13-50 [Step 202] logΨ: mean=4.403-1.147j | min=-0.428+2.807j | max=4.557+0.532j
26-02-13-50 梯度监控 | raw=1.0816 | per_param=0.0526 |  natural=0.1973 | clipped=0.1973(上限20.0)
26-02-13-50 原始规范坐标 G(Re Σrow_mean) = +10.4460 | 累计|g| = 7.7091
26-02-13-50 Ψ矩阵条件数 cond(Ψ) = 1.81e+00
26-02-13-50 Loss=-1.983983 | E0=-1.04525179-0.00011422j | E1=-0.93873098-0.00376997j|E2=-0.93873098-0.00376997j|E3=-0.93873098-0.00376997j
26-02-13-50 #-----------------------------------------#
26-02-13-50 [Step 203] logΨ: mean=4.405-0.972j | min=-0.398+2.427j | max=4.581+0.583j
26-02-13-50 梯度监控 | raw=1.0852 | per_param=0.0528 |  natural=0.0800 | clipped=0.0800(上限20.0)
26-02-13-50 原始规范坐标 G(Re Σrow_mean) = +10.6048 | 累计|g| = 7.7091
26-02-13-50 Ψ矩阵条件数 cond(Ψ) = 1.81e+00
26-02-13-50 Loss=-1.989491 | E0=-1.04543713-0.00006898j | E1=-0.94405345+0.00207231j|E2=-0.94405345+0.00207231j|E3=-0.94405345+0.00207231j
26-02-13-50 #-----------------------------------------#
26-02-13-50 [Step 204] logΨ: mean=4.456-0.718j | min=0.051-1.158j | max=4.661+0.607j
26-02-13-50 梯度监控 | raw=1.1640 | per_param=0.0567 |  natural=0.0637 | clipped=0.0637(上限20.0)
26-02-13-50 原始规范坐标 G(Re Σrow_mean) = +10.6227 | 累计|g| = 7.7091
26-02-13-50 Ψ矩阵条件数 cond(Ψ) = 1.58e+00
26-02-13-50 Loss=-1.989449 | E0=-1.04578135-0.00004400j | E1=-0.94366796+0.00120183j|E2=-0.94366796+0.00120183j|E3=-0.94366796+0.00120183j
26-02-13-50 #-----------------------------------------#
26-02-13-50 [Step 205] logΨ: mean=4.419-0.713j | min=-0.577-0.236j | max=4.681+0.602j
26-02-13-50 梯度监控 | raw=1.1176 | per_param=0.0544 |  natural=0.1328 | clipped=0.1328(上限20.0)
26-02-13-50 原始规范坐标 G(Re Σrow_mean) = +10.4214 | 累计|g| = 7.7091
26-02-13-50 Ψ矩阵条件数 cond(Ψ) = 1.58e+00
26-02-13-50 Loss=-1.986958 | E0=-1.04589830-0.00023150j | E1=-0.94106013+0.00024710j|E2=-0.94106013+0.00024710j|E3=-0.94106013+0.00024710j
26-02-13-50 #-----------------------------------------#
26-02-13-50 [Step 206] logΨ: mean=4.593-0.776j | min=-0.713+2.486j | max=4.738+0.514j
26-02-13-50 梯度监控 | raw=1.1220 | per_param=0.0546 |  natural=0.0745 | clipped=0.0745(上限20.0)
26-02-13-50 原始规范坐标 G(Re Σrow_mean) = +10.6241 | 累计|g| = 7.7091
26-02-13-50 Ψ矩阵条件数 cond(Ψ) = 4.77e+00
26-02-13-50 Loss=-1.986524 | E0=-1.04543950-0.00006852j | E1=-0.94108498-0.00114157j|E2=-0.94108498-0.00114157j|E3=-0.94108498-0.00114157j
26-02-13-50 #-----------------------------------------#
26-02-13-50 [Step 207] logΨ: mean=4.659-0.865j | min=0.481-1.775j | max=4.794+0.557j
26-02-13-50 梯度监控 | raw=1.0363 | per_param=0.0504 |  natural=0.0955 | clipped=0.0955(上限20.0)
26-02-13-50 原始规范坐标 G(Re Σrow_mean) = +10.6393 | 累计|g| = 7.7091
26-02-13-50 Ψ矩阵条件数 cond(Ψ) = 1.56e+00
26-02-13-50 Loss=-1.986030 | E0=-1.04530433-0.00006518j | E1=-0.94072571+0.00117628j|E2=-0.94072571+0.00117628j|E3=-0.94072571+0.00117628j
26-02-13-50 #-----------------------------------------#
26-02-13-50 [Step 208] logΨ: mean=4.735-0.819j | min=0.699+2.917j | max=4.810+0.536j
26-02-13-50 梯度监控 | raw=0.9138 | per_param=0.0445 |  natural=0.0874 | clipped=0.0874(上限20.0)
26-02-13-50 原始规范坐标 G(Re Σrow_mean) = +10.5151 | 累计|g| = 7.7091
26-02-13-50 Ψ矩阵条件数 cond(Ψ) = 1.56e+00
26-02-13-50 Loss=-1.982127 | E0=-1.04521547-0.00016863j | E1=-0.93691174-0.00042497j|E2=-0.93691174-0.00042497j|E3=-0.93691174-0.00042497j
26-02-13-50 #-----------------------------------------#
26-02-13-50 [Step 209] logΨ: mean=4.661-1.012j | min=0.549+1.378j | max=4.914+0.571j
26-02-13-50 梯度监控 | raw=1.3071 | per_param=0.0636 |  natural=0.0593 | clipped=0.0593(上限20.0)
26-02-13-50 原始规范坐标 G(Re Σrow_mean) = +10.2753 | 累计|g| = 7.7091
26-02-13-50 Ψ矩阵条件数 cond(Ψ) = 1.56e+00
26-02-13-50 Loss=-1.978449 | E0=-1.04615618+0.00009080j | E1=-0.93229264-0.00033982j|E2=-0.93229264-0.00033982j|E3=-0.93229264-0.00033982j
26-02-13-50 #-----------------------------------------#
26-02-13-50 [GaugeReset@210] 吸收 Δg = Σ Re(col_mean) = +10.2753 | 新|g| = 7.7889
26-02-13-50 [Step 210] logΨ: mean=4.804-0.559j | min=-2.197+3.134j | max=4.975+1.012j
26-02-13-50 梯度监控 | raw=0.9453 | per_param=0.0460 |  natural=0.0776 | clipped=0.0776(上限20.0)
26-02-13-50 原始规范坐标 G(Re Σrow_mean) = +10.5338 | 累计|g| = 7.7889
26-02-13-50 Ψ矩阵条件数 cond(Ψ) = 1.58e+00
26-02-13-50 Loss=-1.981113 | E0=-1.04599769-0.00044671j | E1=-0.93511573-0.00046728j|E2=-0.93511573-0.00046728j|E3=-0.93511573-0.00046728j
26-02-13-50 #-----------------------------------------#
26-02-13-50 [Step 211] logΨ: mean=4.747-0.683j | min=0.079+1.221j | max=4.917+1.066j
26-02-13-50 梯度监控 | raw=0.9152 | per_param=0.0446 |  natural=0.1339 | clipped=0.1339(上限20.0)
26-02-13-50 原始规范坐标 G(Re Σrow_mean) = +10.4757 | 累计|g| = 7.7889
26-02-13-50 Ψ矩阵条件数 cond(Ψ) = 1.59e+00
26-02-13-50 Loss=-1.983849 | E0=-1.04570501-0.00016660j | E1=-0.93814432+0.00071160j|E2=-0.93814432+0.00071160j|E3=-0.93814432+0.00071160j
26-02-13-50 #-----------------------------------------#
26-02-13-50 [Step 212] logΨ: mean=4.736-0.941j | min=1.232-2.058j | max=4.861+1.108j
26-02-13-50 梯度监控 | raw=1.0823 | per_param=0.0527 |  natural=0.0556 | clipped=0.0556(上限20.0)
26-02-13-50 原始规范坐标 G(Re Σrow_mean) = +10.6171 | 累计|g| = 7.7889
26-02-13-50 Ψ矩阵条件数 cond(Ψ) = 1.61e+00
26-02-13-50 Loss=-1.986017 | E0=-1.04547105-0.00009580j | E1=-0.94054638+0.00068565j|E2=-0.94054638+0.00068565j|E3=-0.94054638+0.00068565j
26-02-13-50 #-----------------------------------------#
26-02-13-50 [Step 213] logΨ: mean=4.757-0.821j | min=0.704-2.879j | max=4.890+1.093j
26-02-13-50 梯度监控 | raw=0.8801 | per_param=0.0428 |  natural=0.1356 | clipped=0.1356(上限20.0)
26-02-13-50 原始规范坐标 G(Re Σrow_mean) = +10.6536 | 累计|g| = 7.7889
26-02-13-50 Ψ矩阵条件数 cond(Ψ) = 1.60e+00
26-02-13-50 Loss=-1.985236 | E0=-1.04558956-0.00002705j | E1=-0.93964675-0.00051909j|E2=-0.93964675-0.00051909j|E3=-0.93964675-0.00051909j
26-02-13-50 #-----------------------------------------#
26-02-13-50 [Step 214] logΨ: mean=4.850-0.456j | min=0.644-1.267j | max=4.962+1.115j
26-02-13-50 梯度监控 | raw=0.8846 | per_param=0.0431 |  natural=0.0616 | clipped=0.0616(上限20.0)
26-02-13-50 原始规范坐标 G(Re Σrow_mean) = +10.7935 | 累计|g| = 7.7889
26-02-13-50 Ψ矩阵条件数 cond(Ψ) = 1.58e+00
26-02-13-50 Loss=-1.986274 | E0=-1.04535765-0.00009811j | E1=-0.94091612+0.00063582j|E2=-0.94091612+0.00063582j|E3=-0.94091612+0.00063582j
26-02-13-50 #-----------------------------------------#
26-02-13-50 [Step 215] logΨ: mean=5.186+0.334j | min=1.158+0.406j | max=5.245+1.957j
26-02-13-50 梯度监控 | raw=0.9005 | per_param=0.0438 |  natural=0.0812 | clipped=0.0812(上限20.0)
26-02-13-50 原始规范坐标 G(Re Σrow_mean) = +10.9728 | 累计|g| = 7.7889
26-02-13-50 Ψ矩阵条件数 cond(Ψ) = 1.52e+00
26-02-13-50 Loss=-1.987377 | E0=-1.04520638-0.00015787j | E1=-0.94217068+0.00096009j|E2=-0.94217068+0.00096009j|E3=-0.94217068+0.00096009j
26-02-13-50 #-----------------------------------------#
26-02-13-50 [Step 216] logΨ: mean=5.133+0.284j | min=0.834+0.389j | max=5.330+1.975j
26-02-13-50 梯度监控 | raw=6.3097 | per_param=0.3071 |  natural=0.0835 | clipped=0.0835(上限20.0)
26-02-13-50 原始规范坐标 G(Re Σrow_mean) = +10.7222 | 累计|g| = 7.7889
26-02-13-50 Ψ矩阵条件数 cond(Ψ) = 1.52e+00
26-02-13-50 Loss=-1.976592 | E0=-1.03928969-0.00672354j | E1=-0.93730276+0.00068434j|E2=-0.93730276+0.00068434j|E3=-0.93730276+0.00068434j
26-02-13-50 #-----------------------------------------#
26-02-13-50 [Step 217] logΨ: mean=5.280+0.285j | min=1.483+1.756j | max=5.364+1.896j
26-02-13-50 梯度监控 | raw=2.2531 | per_param=0.1097 |  natural=0.0324 | clipped=0.0324(上限20.0)
26-02-13-50 原始规范坐标 G(Re Σrow_mean) = +10.7764 | 累计|g| = 7.7889
26-02-13-50 Ψ矩阵条件数 cond(Ψ) = 1.81e+00
26-02-13-50 Loss=-1.971512 | E0=-1.03541973+0.00311116j | E1=-0.93609181-0.00007420j|E2=-0.93609181-0.00007420j|E3=-0.93609181-0.00007420j
26-02-13-50 #-----------------------------------------#
26-02-13-50 [Step 218] logΨ: mean=5.230+0.277j | min=1.864-1.140j | max=5.280+1.842j
26-02-13-50 梯度监控 | raw=0.9896 | per_param=0.0482 |  natural=0.0185 | clipped=0.0185(上限20.0)
26-02-13-50 原始规范坐标 G(Re Σrow_mean) = +10.7917 | 累计|g| = 7.7889
26-02-13-50 Ψ矩阵条件数 cond(Ψ) = 1.80e+00
26-02-13-50 Loss=-1.969513 | E0=-1.03157351+0.00272168j | E1=-0.93793961+0.00039865j|E2=-0.93793961+0.00039865j|E3=-0.93793961+0.00039865j
26-02-13-50 #-----------------------------------------#
26-02-13-50 [Step 219] logΨ: mean=5.068+0.104j | min=-0.415-2.360j | max=5.265+1.766j
26-02-13-50 梯度监控 | raw=6.2178 | per_param=0.3027 |  natural=0.1730 | clipped=0.1730(上限20.0)
26-02-13-50 原始规范坐标 G(Re Σrow_mean) = +10.7468 | 累计|g| = 7.7889
26-02-13-50 Ψ矩阵条件数 cond(Ψ) = 1.81e+00
26-02-13-50 Loss=-1.987223 | E0=-1.04665187-0.00038966j | E1=-0.94057163-0.00026135j|E2=-0.94057163-0.00026135j|E3=-0.94057163-0.00026135j
26-02-13-50 #-----------------------------------------#
26-02-13-50 [保存] Step 219 → pickle 文件已更新 (220 条记录)
26-02-13-50 [GaugeReset@220] 吸收 Δg = Σ Re(col_mean) = +10.7468 | 新|g| = 7.9324
26-02-13-50 [Step 220] logΨ: mean=4.728-0.556j | min=-1.806-0.583j | max=4.849+0.756j
26-02-13-50 梯度监控 | raw=3.1009 | per_param=0.1510 |  natural=0.1632 | clipped=0.1632(上限20.0)
26-02-13-50 原始规范坐标 G(Re Σrow_mean) = +10.8488 | 累计|g| = 7.9324
26-02-13-50 Ψ矩阵条件数 cond(Ψ) = 1.52e+00
26-02-13-50 Loss=-1.978101 | E0=-1.04025016+0.00129151j | E1=-0.93785060-0.00037310j|E2=-0.93785060-0.00037310j|E3=-0.93785060-0.00037310j
26-02-13-50 #-----------------------------------------#
26-02-13-50 [Step 221] logΨ: mean=4.636-0.735j | min=0.575-0.217j | max=4.739+0.635j
26-02-13-50 梯度监控 | raw=2.6243 | per_param=0.1278 |  natural=0.1369 | clipped=0.1369(上限20.0)
26-02-13-50 原始规范坐标 G(Re Σrow_mean) = +10.6730 | 累计|g| = 7.9324
26-02-13-50 Ψ矩阵条件数 cond(Ψ) = 1.54e+00
26-02-13-50 Loss=-1.979863 | E0=-1.04007331-0.00027821j | E1=-0.93978959-0.00148387j|E2=-0.93978959-0.00148387j|E3=-0.93978959-0.00148387j
26-02-13-50 #-----------------------------------------#
26-02-13-50 [Step 222] logΨ: mean=4.779-0.692j | min=0.680-0.264j | max=4.817+0.543j
26-02-13-50 梯度监控 | raw=0.6259 | per_param=0.0305 |  natural=0.0824 | clipped=0.0824(上限20.0)
26-02-13-50 原始规范坐标 G(Re Σrow_mean) = +10.8566 | 累计|g| = 7.9324
26-02-13-50 Ψ矩阵条件数 cond(Ψ) = 1.56e+00
26-02-13-50 Loss=-1.973157 | E0=-1.03388536+0.00291475j | E1=-0.93927154-0.00078060j|E2=-0.93927154-0.00078060j|E3=-0.93927154-0.00078060j
26-02-13-50 #-----------------------------------------#
26-02-13-50 [Step 223] logΨ: mean=4.555-0.682j | min=-0.845+1.301j | max=4.851+0.520j
26-02-13-50 梯度监控 | raw=10.2561 | per_param=0.4993 |  natural=0.1433 | clipped=0.1433(上限20.0)
26-02-13-50 原始规范坐标 G(Re Σrow_mean) = +10.8064 | 累计|g| = 7.9324
26-02-13-50 Ψ矩阵条件数 cond(Ψ) = 1.55e+00
26-02-13-50 Loss=-2.003314 | E0=-1.06362945-0.00223767j | E1=-0.93968420+0.00113518j|E2=-0.93968420+0.00113518j|E3=-0.93968420+0.00113518j
26-02-13-50 #-----------------------------------------#
26-02-13-50 [Step 224] logΨ: mean=4.627-1.116j | min=-1.216+2.137j | max=4.827+0.538j
26-02-13-50 梯度监控 | raw=5.7907 | per_param=0.2819 |  natural=0.0935 | clipped=0.0935(上限20.0)
26-02-13-50 原始规范坐标 G(Re Σrow_mean) = +11.2175 | 累计|g| = 7.9324
26-02-13-50 Ψ矩阵条件数 cond(Ψ) = 1.55e+00
26-02-13-50 Loss=-1.997088 | E0=-1.04947170-0.00264010j | E1=-0.94761583+0.00150825j|E2=-0.94761583+0.00150825j|E3=-0.94761583+0.00150825j
26-02-13-50 #-----------------------------------------#
26-02-13-50 [Step 225] logΨ: mean=4.693-1.113j | min=0.918+0.366j | max=4.811+0.526j
26-02-13-50 梯度监控 | raw=2.8787 | per_param=0.1401 |  natural=0.1009 | clipped=0.1009(上限20.0)
26-02-13-50 原始规范坐标 G(Re Σrow_mean) = +11.0739 | 累计|g| = 7.9324
26-02-13-50 Ψ矩阵条件数 cond(Ψ) = 1.55e+00
26-02-13-50 Loss=-1.985069 | E0=-1.04090578+0.00060637j | E1=-0.94416348+0.00063252j|E2=-0.94416348+0.00063252j|E3=-0.94416348+0.00063252j
26-02-13-50 #-----------------------------------------#
26-02-13-50 [Step 226] logΨ: mean=4.716-1.324j | min=0.624-1.073j | max=4.780+0.523j
26-02-13-50 梯度监控 | raw=1.0005 | per_param=0.0487 |  natural=0.0787 | clipped=0.0787(上限20.0)
26-02-13-50 原始规范坐标 G(Re Σrow_mean) = +11.0574 | 累计|g| = 7.9324
26-02-13-50 Ψ矩阵条件数 cond(Ψ) = 1.92e+00
26-02-13-50 Loss=-1.978931 | E0=-1.03545800-0.00016194j | E1=-0.94347261+0.00062348j|E2=-0.94347261+0.00062348j|E3=-0.94347261+0.00062348j
26-02-13-50 #-----------------------------------------#
26-02-13-50 [Step 227] logΨ: mean=4.692-1.416j | min=0.496-0.355j | max=4.751+0.451j
26-02-13-50 梯度监控 | raw=0.7983 | per_param=0.0389 |  natural=0.0941 | clipped=0.0941(上限20.0)
26-02-13-50 原始规范坐标 G(Re Σrow_mean) = +11.0439 | 累计|g| = 7.9324
26-02-13-50 Ψ矩阵条件数 cond(Ψ) = 1.94e+00
26-02-13-50 Loss=-1.979463 | E0=-1.03520934+0.00028641j | E1=-0.94425325-0.00079616j|E2=-0.94425325-0.00079616j|E3=-0.94425325-0.00079616j
26-02-13-50 #-----------------------------------------#
26-02-13-50 [Step 228] logΨ: mean=4.619-1.249j | min=0.494-0.370j | max=4.716+0.344j
26-02-13-50 梯度监控 | raw=2.2130 | per_param=0.1077 |  natural=0.0685 | clipped=0.0685(上限20.0)
26-02-13-50 原始规范坐标 G(Re Σrow_mean) = +10.9385 | 累计|g| = 7.9324
26-02-13-50 Ψ矩阵条件数 cond(Ψ) = 1.95e+00
26-02-13-50 Loss=-1.983490 | E0=-1.04103222+0.00045902j | E1=-0.94245827-0.00093652j|E2=-0.94245827-0.00093652j|E3=-0.94245827-0.00093652j
26-02-13-50 #-----------------------------------------#
26-02-13-50 [Step 229] logΨ: mean=4.581-0.819j | min=0.575+1.192j | max=4.701+0.344j
26-02-13-50 梯度监控 | raw=2.4804 | per_param=0.1207 |  natural=0.0548 | clipped=0.0548(上限20.0)
26-02-13-50 原始规范坐标 G(Re Σrow_mean) = +10.9238 | 累计|g| = 7.9324
26-02-13-50 Ψ矩阵条件数 cond(Ψ) = 1.95e+00
26-02-13-50 Loss=-1.987006 | E0=-1.04291451+0.00004887j | E1=-0.94409196+0.00052634j|E2=-0.94409196+0.00052634j|E3=-0.94409196+0.00052634j
26-02-13-50 #-----------------------------------------#
26-02-13-50 [GaugeReset@230] 吸收 Δg = Σ Re(col_mean) = +10.9238 | 新|g| = 8.0951
26-02-13-50 [Step 230] logΨ: mean=4.496-0.687j | min=-2.285-0.688j | max=4.570+0.469j
26-02-13-50 梯度监控 | raw=0.8175 | per_param=0.0398 |  natural=0.1708 | clipped=0.1708(上限20.0)
26-02-13-50 原始规范坐标 G(Re Σrow_mean) = +11.2593 | 累计|g| = 8.0951
26-02-13-50 Ψ矩阵条件数 cond(Ψ) = 1.90e+00
26-02-13-50 Loss=-1.980640 | E0=-1.03744245+0.00072006j | E1=-0.94319762+0.00004026j|E2=-0.94319762+0.00004026j|E3=-0.94319762+0.00004026j
26-02-13-50 #-----------------------------------------#
26-02-13-50 [Step 231] logΨ: mean=4.548-1.334j | min=-0.966+2.422j | max=4.622+0.474j
26-02-13-50 梯度监控 | raw=0.8581 | per_param=0.0418 |  natural=0.0816 | clipped=0.0816(上限20.0)
26-02-13-50 原始规范坐标 G(Re Σrow_mean) = +11.2133 | 累计|g| = 8.0951
26-02-13-50 Ψ矩阵条件数 cond(Ψ) = 1.90e+00
26-02-13-50 Loss=-1.984417 | E0=-1.03812474-0.00005161j | E1=-0.94629226+0.00076651j|E2=-0.94629226+0.00076651j|E3=-0.94629226+0.00076651j
26-02-13-50 #-----------------------------------------#
26-02-13-50 [Step 232] logΨ: mean=4.553-1.056j | min=0.650+3.087j | max=4.730+0.482j
26-02-13-50 梯度监控 | raw=3.4882 | per_param=0.1698 |  natural=0.0662 | clipped=0.0662(上限20.0)
26-02-13-50 原始规范坐标 G(Re Σrow_mean) = +11.2133 | 累计|g| = 8.0951
26-02-13-50 Ψ矩阵条件数 cond(Ψ) = 1.90e+00
26-02-13-50 Loss=-1.994074 | E0=-1.04707911-0.00018421j | E1=-0.94699442+0.00060018j|E2=-0.94699442+0.00060018j|E3=-0.94699442+0.00060018j
26-02-13-50 #-----------------------------------------#
26-02-13-50 [Step 233] logΨ: mean=4.653-1.047j | min=-0.111-1.019j | max=4.755+0.409j
26-02-13-50 梯度监控 | raw=1.7831 | per_param=0.0868 |  natural=0.0548 | clipped=0.0548(上限20.0)
26-02-13-50 原始规范坐标 G(Re Σrow_mean) = +11.2782 | 累计|g| = 8.0951
26-02-13-50 Ψ矩阵条件数 cond(Ψ) = 1.90e+00
26-02-13-50 Loss=-1.988073 | E0=-1.04158645+0.00018428j | E1=-0.94648621+0.00071148j|E2=-0.94648621+0.00071148j|E3=-0.94648621+0.00071148j
26-02-13-50 #-----------------------------------------#
26-02-13-50 [Step 234] logΨ: mean=4.640-1.312j | min=1.469+0.517j | max=4.708+0.415j
26-02-13-50 梯度监控 | raw=1.0980 | per_param=0.0534 |  natural=0.0088 | clipped=0.0088(上限20.0)
26-02-13-50 原始规范坐标 G(Re Σrow_mean) = +11.2664 | 累计|g| = 8.0951
26-02-13-50 Ψ矩阵条件数 cond(Ψ) = 1.90e+00
26-02-13-50 Loss=-1.986320 | E0=-1.03952712-0.00001849j | E1=-0.94679293+0.00063755j|E2=-0.94679293+0.00063755j|E3=-0.94679293+0.00063755j
26-02-13-50 #-----------------------------------------#
26-02-13-50 [Step 235] logΨ: mean=4.470-1.588j | min=-0.964-0.577j | max=4.605+0.223j
26-02-13-50 梯度监控 | raw=2.2056 | per_param=0.1074 |  natural=0.1618 | clipped=0.1618(上限20.0)
26-02-13-50 原始规范坐标 G(Re Σrow_mean) = +11.0109 | 累计|g| = 8.0951
26-02-13-50 Ψ矩阵条件数 cond(Ψ) = 1.91e+00
26-02-13-50 Loss=-1.991146 | E0=-1.04500575+0.00005502j | E1=-0.94614036-0.00198537j|E2=-0.94614036-0.00198537j|E3=-0.94614036-0.00198537j
26-02-13-50 #-----------------------------------------#
26-02-13-50 [Step 236] logΨ: mean=4.370-1.820j | min=0.236+2.816j | max=4.612+0.161j
26-02-13-50 梯度监控 | raw=4.0712 | per_param=0.1982 |  natural=0.1031 | clipped=0.1031(上限20.0)
26-02-13-50 原始规范坐标 G(Re Σrow_mean) = +10.8042 | 累计|g| = 8.0951
26-02-13-50 Ψ矩阵条件数 cond(Ψ) = 1.91e+00
26-02-13-50 Loss=-1.996372 | E0=-1.05137684+0.00003786j | E1=-0.94499470-0.00061194j|E2=-0.94499470-0.00061194j|E3=-0.94499470-0.00061194j
26-02-13-50 #-----------------------------------------#
26-02-13-50 [Step 237] logΨ: mean=4.474-1.635j | min=0.543+2.892j | max=4.625+0.170j
26-02-13-50 梯度监控 | raw=2.0956 | per_param=0.1020 |  natural=0.0076 | clipped=0.0076(上限20.0)
26-02-13-50 原始规范坐标 G(Re Σrow_mean) = +10.9620 | 累计|g| = 8.0951
26-02-13-50 Ψ矩阵条件数 cond(Ψ) = 1.91e+00
26-02-13-50 Loss=-1.992044 | E0=-1.04537568-0.00009371j | E1=-0.94666843+0.00041814j|E2=-0.94666843+0.00041814j|E3=-0.94666843+0.00041814j
26-02-13-50 #-----------------------------------------#
26-02-13-50 [Step 238] logΨ: mean=4.592-1.460j | min=0.402-1.115j | max=4.740+0.185j
26-02-13-50 梯度监控 | raw=2.2582 | per_param=0.1099 |  natural=0.0614 | clipped=0.0614(上限20.0)
26-02-13-50 原始规范坐标 G(Re Σrow_mean) = +11.1282 | 累计|g| = 8.0951
26-02-13-50 Ψ矩阵条件数 cond(Ψ) = 1.90e+00
26-02-13-50 Loss=-1.990863 | E0=-1.04539009-0.00020667j | E1=-0.94547247+0.00043820j|E2=-0.94547247+0.00043820j|E3=-0.94547247+0.00043820j
26-02-13-50 #-----------------------------------------#
26-02-13-50 [Step 239] logΨ: mean=3.888-1.156j | min=-1.199-2.703j | max=4.021+0.367j
26-02-13-50 梯度监控 | raw=3.0158 | per_param=0.1468 |  natural=0.0865 | clipped=0.0865(上限20.0)
26-02-13-50 原始规范坐标 G(Re Σrow_mean) = +10.7379 | 累计|g| = 8.0951
26-02-13-50 Ψ矩阵条件数 cond(Ψ) = 1.43e+00
26-02-13-50 Loss=-1.993786 | E0=-1.04802316+0.00079503j | E1=-0.94576309+0.00040293j|E2=-0.94576309+0.00040293j|E3=-0.94576309+0.00040293j
26-02-13-50 #-----------------------------------------#
26-02-13-50 [保存] Step 239 → pickle 文件已更新 (240 条记录)
26-02-13-50 [GaugeReset@240] 吸收 Δg = Σ Re(col_mean) = +10.7379 | 新|g| = 7.9785
26-02-13-50 [Step 240] logΨ: mean=4.289-1.446j | min=-0.496-3.005j | max=4.405+0.468j
26-02-13-50 梯度监控 | raw=0.6283 | per_param=0.0306 |  natural=0.0651 | clipped=0.0651(上限20.0)
26-02-13-50 原始规范坐标 G(Re Σrow_mean) = +11.0333 | 累计|g| = 7.9785
26-02-13-50 Ψ矩阵条件数 cond(Ψ) = 1.56e+00
26-02-13-50 Loss=-1.991090 | E0=-1.04381495-0.00032331j | E1=-0.94727480+0.00060695j|E2=-0.94727480+0.00060695j|E3=-0.94727480+0.00060695j
26-02-13-50 #-----------------------------------------#
26-02-13-50 [Step 241] logΨ: mean=4.377-1.442j | min=-0.108+2.273j | max=4.507+0.481j
26-02-13-50 梯度监控 | raw=0.8454 | per_param=0.0412 |  natural=0.0586 | clipped=0.0586(上限20.0)
26-02-13-50 原始规范坐标 G(Re Σrow_mean) = +11.0576 | 累计|g| = 7.9785
26-02-13-50 Ψ矩阵条件数 cond(Ψ) = 1.54e+00
26-02-13-50 Loss=-1.992130 | E0=-1.04490825-0.00018025j | E1=-0.94722145+0.00060213j|E2=-0.94722145+0.00060213j|E3=-0.94722145+0.00060213j
26-02-13-50 #-----------------------------------------#
26-02-13-50 [Step 242] logΨ: mean=4.346-1.177j | min=1.372-2.611j | max=4.500+0.482j
26-02-13-50 梯度监控 | raw=0.9576 | per_param=0.0466 |  natural=0.0032 | clipped=0.0032(上限20.0)
26-02-13-50 原始规范坐标 G(Re Σrow_mean) = +10.8508 | 累计|g| = 7.9785
26-02-13-50 Ψ矩阵条件数 cond(Ψ) = 1.30e+00
26-02-13-50 Loss=-1.991922 | E0=-1.04614755+0.00016237j | E1=-0.94577485+0.00028979j|E2=-0.94577485+0.00028979j|E3=-0.94577485+0.00028979j
26-02-13-50 #-----------------------------------------#
26-02-13-50 [Step 243] logΨ: mean=4.281-0.922j | min=0.160+0.546j | max=4.523+0.487j
26-02-13-50 梯度监控 | raw=1.5335 | per_param=0.0746 |  natural=0.0053 | clipped=0.0053(上限20.0)
26-02-13-50 原始规范坐标 G(Re Σrow_mean) = +10.6826 | 累计|g| = 7.9785
26-02-13-50 Ψ矩阵条件数 cond(Ψ) = 1.30e+00
26-02-13-50 Loss=-1.993488 | E0=-1.04777762+0.00067661j | E1=-0.94571040+0.00040722j|E2=-0.94571040+0.00040722j|E3=-0.94571040+0.00040722j
26-02-13-50 #-----------------------------------------#
26-02-13-50 [Step 244] logΨ: mean=4.119-1.671j | min=-0.054-0.060j | max=4.328+0.318j
26-02-13-50 梯度监控 | raw=1.1639 | per_param=0.0567 |  natural=0.1793 | clipped=0.1793(上限20.0)
26-02-13-50 原始规范坐标 G(Re Σrow_mean) = +10.4651 | 累计|g| = 7.9785
26-02-13-50 Ψ矩阵条件数 cond(Ψ) = 1.81e+00
26-02-13-50 Loss=-1.993743 | E0=-1.04684521+0.00036673j | E1=-0.94689755-0.00111260j|E2=-0.94689755-0.00111260j|E3=-0.94689755-0.00111260j
26-02-13-50 #-----------------------------------------#
26-02-13-50 [Step 245] logΨ: mean=4.388-1.347j | min=0.319-2.835j | max=4.455+0.323j
26-02-13-50 梯度监控 | raw=0.3007 | per_param=0.0146 |  natural=0.0565 | clipped=0.0565(上限20.0)
26-02-13-50 原始规范坐标 G(Re Σrow_mean) = +10.7119 | 累计|g| = 7.9785
26-02-13-50 Ψ矩阵条件数 cond(Ψ) = 1.81e+00
26-02-13-50 Loss=-1.987222 | E0=-1.04402778-0.00045026j | E1=-0.94319469+0.00092405j|E2=-0.94319469+0.00092405j|E3=-0.94319469+0.00092405j
26-02-13-50 #-----------------------------------------#
26-02-13-50 [Step 246] logΨ: mean=4.398-1.304j | min=0.157-1.685j | max=4.557+0.339j
26-02-13-50 梯度监控 | raw=0.9711 | per_param=0.0473 |  natural=0.0402 | clipped=0.0402(上限20.0)
26-02-13-50 原始规范坐标 G(Re Σrow_mean) = +10.8121 | 累计|g| = 7.9785
26-02-13-50 Ψ矩阵条件数 cond(Ψ) = 1.80e+00
26-02-13-50 Loss=-1.991979 | E0=-1.04586404+0.00012556j | E1=-0.94611527+0.00083269j|E2=-0.94611527+0.00083269j|E3=-0.94611527+0.00083269j
26-02-13-50 #-----------------------------------------#
26-02-13-50 [Step 247] logΨ: mean=4.329-1.305j | min=0.078-0.062j | max=4.393+0.206j
26-02-13-50 梯度监控 | raw=0.5151 | per_param=0.0251 |  natural=0.1132 | clipped=0.1132(上限20.0)
26-02-13-50 原始规范坐标 G(Re Σrow_mean) = +11.0218 | 累计|g| = 7.9785
26-02-13-50 Ψ矩阵条件数 cond(Ψ) = 1.82e+00
26-02-13-50 Loss=-1.993131 | E0=-1.04412484-0.00040888j | E1=-0.94900571-0.00079177j|E2=-0.94900571-0.00079177j|E3=-0.94900571-0.00079177j
26-02-13-50 #-----------------------------------------#
26-02-13-50 [Step 248] logΨ: mean=4.360-1.433j | min=0.748-0.351j | max=4.433+0.218j
26-02-13-50 梯度监控 | raw=0.4762 | per_param=0.0232 |  natural=0.0085 | clipped=0.0085(上限20.0)
26-02-13-50 原始规范坐标 G(Re Σrow_mean) = +11.0612 | 累计|g| = 7.9785
26-02-13-50 Ψ矩阵条件数 cond(Ψ) = 1.81e+00
26-02-13-50 Loss=-1.992135 | E0=-1.04450116-0.00030704j | E1=-0.94763429-0.00029987j|E2=-0.94763429-0.00029987j|E3=-0.94763429-0.00029987j
26-02-13-50 #-----------------------------------------#
26-02-13-50 [Step 249] logΨ: mean=4.137-1.156j | min=0.181+3.090j | max=4.377+0.170j
26-02-13-50 梯度监控 | raw=1.0697 | per_param=0.0521 |  natural=0.0958 | clipped=0.0958(上限20.0)
26-02-13-50 原始规范坐标 G(Re Σrow_mean) = +10.5332 | 累计|g| = 7.9785
26-02-13-50 Ψ矩阵条件数 cond(Ψ) = 4.65e+00
26-02-13-50 Loss=-1.994596 | E0=-1.04725942+0.00053640j | E1=-0.94733646+0.00013920j|E2=-0.94733646+0.00013920j|E3=-0.94733646+0.00013920j
26-02-13-50 #-----------------------------------------#
26-02-13-50 [GaugeReset@250] 吸收 Δg = Σ Re(col_mean) = +10.5332 | 新|g| = 7.9484
26-02-13-50 [Step 250] logΨ: mean=4.544-1.231j | min=0.637-2.394j | max=4.650+0.632j
26-02-13-50 梯度监控 | raw=0.4715 | per_param=0.0230 |  natural=0.0189 | clipped=0.0189(上限20.0)
26-02-13-50 原始规范坐标 G(Re Σrow_mean) = +11.0256 | 累计|g| = 7.9484
26-02-13-50 Ψ矩阵条件数 cond(Ψ) = 1.93e+00
26-02-13-50 Loss=-1.992422 | E0=-1.04475154-0.00020156j | E1=-0.94767092-0.00017609j|E2=-0.94767092-0.00017609j|E3=-0.94767092-0.00017609j
26-02-13-50 #-----------------------------------------#
26-02-13-50 [Step 251] logΨ: mean=4.605-0.925j | min=0.583-2.364j | max=4.758+0.640j
26-02-13-50 梯度监控 | raw=0.7044 | per_param=0.0343 |  natural=0.0380 | clipped=0.0380(上限20.0)
26-02-13-50 原始规范坐标 G(Re Σrow_mean) = +10.8331 | 累计|g| = 7.9484
26-02-13-50 Ψ矩阵条件数 cond(Ψ) = 1.25e+00
26-02-13-50 Loss=-1.992441 | E0=-1.04583427+0.00007279j | E1=-0.94660706+0.00057312j|E2=-0.94660706+0.00057312j|E3=-0.94660706+0.00057312j
26-02-13-50 #-----------------------------------------#
26-02-13-50 [Step 252] logΨ: mean=4.482-0.917j | min=0.528-2.724j | max=4.620+0.587j
26-02-13-50 梯度监控 | raw=0.5153 | per_param=0.0251 |  natural=0.1183 | clipped=0.1183(上限20.0)
26-02-13-50 原始规范坐标 G(Re Σrow_mean) = +10.9703 | 累计|g| = 7.9484
26-02-13-50 Ψ矩阵条件数 cond(Ψ) = 1.27e+00
26-02-13-50 Loss=-1.994869 | E0=-1.04525471-0.00004362j | E1=-0.94961449-0.00079552j|E2=-0.94961449-0.00079552j|E3=-0.94961449-0.00079552j
26-02-13-50 #-----------------------------------------#
26-02-13-50 [Step 253] logΨ: mean=4.710-0.800j | min=0.642+1.887j | max=4.770+0.603j
26-02-13-50 梯度监控 | raw=0.2954 | per_param=0.0144 |  natural=0.0599 | clipped=0.0599(上限20.0)
26-02-13-50 原始规范坐标 G(Re Σrow_mean) = +11.2113 | 累计|g| = 7.9484
26-02-13-50 Ψ矩阵条件数 cond(Ψ) = 1.49e+00
26-02-13-50 Loss=-1.990905 | E0=-1.04421610-0.00032492j | E1=-0.94668873-0.00030613j|E2=-0.94668873-0.00030613j|E3=-0.94668873-0.00030613j
26-02-13-50 #-----------------------------------------#
26-02-13-50 [Step 254] logΨ: mean=4.599-1.524j | min=0.103+2.775j | max=4.744+0.544j
26-02-13-50 梯度监控 | raw=0.4788 | per_param=0.0233 |  natural=0.1139 | clipped=0.1139(上限20.0)
26-02-13-50 原始规范坐标 G(Re Σrow_mean) = +11.1959 | 累计|g| = 7.9484
26-02-13-50 Ψ矩阵条件数 cond(Ψ) = 1.51e+00
26-02-13-50 Loss=-1.996455 | E0=-1.04554073+0.00003375j | E1=-0.95091422-0.00214852j|E2=-0.95091422-0.00214852j|E3=-0.95091422-0.00214852j
26-02-13-50 #-----------------------------------------#
26-02-13-50 [Step 255] logΨ: mean=4.638-1.114j | min=-0.052-2.582j | max=4.871+0.550j
26-02-13-50 梯度监控 | raw=0.7801 | per_param=0.0380 |  natural=0.0440 | clipped=0.0440(上限20.0)
26-02-13-50 原始规范坐标 G(Re Σrow_mean) = +10.9812 | 累计|g| = 7.9484
26-02-13-50 Ψ矩阵条件数 cond(Ψ) = 1.49e+00
26-02-13-50 Loss=-1.994138 | E0=-1.04666063+0.00034480j | E1=-0.94747769-0.00097737j|E2=-0.94747769-0.00097737j|E3=-0.94747769-0.00097737j
26-02-13-50 #-----------------------------------------#
26-02-13-50 [Step 256] logΨ: mean=4.865-1.154j | min=-0.504-2.897j | max=4.992+0.556j
26-02-13-50 梯度监控 | raw=0.4524 | per_param=0.0220 |  natural=0.0234 | clipped=0.0234(上限20.0)
26-02-13-50 原始规范坐标 G(Re Σrow_mean) = +11.4488 | 累计|g| = 7.9484
26-02-13-50 Ψ矩阵条件数 cond(Ψ) = 1.52e+00
26-02-13-50 Loss=-1.994569 | E0=-1.04504541+0.00000424j | E1=-0.94952353-0.00223253j|E2=-0.94952353-0.00223253j|E3=-0.94952353-0.00223253j
26-02-13-50 #-----------------------------------------#
26-02-13-50 [Step 257] logΨ: mean=5.088-1.286j | min=1.067-3.137j | max=5.130+0.562j
26-02-13-50 梯度监控 | raw=0.2814 | per_param=0.0137 |  natural=0.0461 | clipped=0.0461(上限20.0)
26-02-13-50 原始规范坐标 G(Re Σrow_mean) = +11.6445 | 累计|g| = 7.9484
26-02-13-50 Ψ矩阵条件数 cond(Ψ) = 1.50e+00
26-02-13-50 Loss=-1.992945 | E0=-1.04456581-0.00030456j | E1=-0.94837946-0.00190197j|E2=-0.94837946-0.00190197j|E3=-0.94837946-0.00190197j
26-02-13-50 #-----------------------------------------#
26-02-13-50 [Step 258] logΨ: mean=5.016-1.184j | min=0.221-2.565j | max=5.134+0.572j
26-02-13-50 梯度监控 | raw=0.5111 | per_param=0.0249 |  natural=0.0048 | clipped=0.0048(上限20.0)
26-02-13-50 原始规范坐标 G(Re Σrow_mean) = +11.4800 | 累计|g| = 7.9484
26-02-13-50 Ψ矩阵条件数 cond(Ψ) = 1.50e+00
26-02-13-50 Loss=-1.994432 | E0=-1.04541796-0.00006441j | E1=-0.94901442-0.00138413j|E2=-0.94901442-0.00138413j|E3=-0.94901442-0.00138413j
26-02-13-50 #-----------------------------------------#
26-02-13-50 [Step 259] logΨ: mean=4.959-1.373j | min=1.072-3.118j | max=5.175+0.580j
26-02-13-50 梯度监控 | raw=0.7570 | per_param=0.0369 |  natural=0.0054 | clipped=0.0054(上限20.0)
26-02-13-50 原始规范坐标 G(Re Σrow_mean) = +11.1143 | 累计|g| = 7.9484
26-02-13-50 Ψ矩阵条件数 cond(Ψ) = 1.50e+00
26-02-13-50 Loss=-1.994133 | E0=-1.04621359+0.00027492j | E1=-0.94791895-0.00008547j|E2=-0.94791895-0.00008547j|E3=-0.94791895-0.00008547j
26-02-13-50 #-----------------------------------------#
26-02-13-50 [保存] Step 259 → pickle 文件已更新 (260 条记录)
26-02-13-50 [GaugeReset@260] 吸收 Δg = Σ Re(col_mean) = +11.1143 | 新|g| = 8.2521
26-02-13-50 [Step 260] logΨ: mean=4.490-1.805j | min=0.253+2.325j | max=4.674+0.167j
26-02-13-50 梯度监控 | raw=0.7745 | per_param=0.0377 |  natural=0.0386 | clipped=0.0386(上限20.0)
26-02-13-50 原始规范坐标 G(Re Σrow_mean) = +11.1216 | 累计|g| = 8.2521
26-02-13-50 Ψ矩阵条件数 cond(Ψ) = 1.99e+00
26-02-13-50 Loss=-1.993075 | E0=-1.04612558+0.00017023j | E1=-0.94694944+0.00027225j|E2=-0.94694944+0.00027225j|E3=-0.94694944+0.00027225j
26-02-13-50 #-----------------------------------------#
26-02-13-50 [Step 261] logΨ: mean=4.557-1.801j | min=1.713-2.894j | max=4.676+0.174j
26-02-13-50 梯度监控 | raw=0.5026 | per_param=0.0245 |  natural=0.0032 | clipped=0.0032(上限20.0)
26-02-13-50 原始规范坐标 G(Re Σrow_mean) = +11.2529 | 累计|g| = 8.2521
26-02-13-50 Ψ矩阵条件数 cond(Ψ) = 1.99e+00
26-02-13-50 Loss=-1.992877 | E0=-1.04541685-0.00009937j | E1=-0.94746036+0.00064320j|E2=-0.94746036+0.00064320j|E3=-0.94746036+0.00064320j
26-02-13-50 #-----------------------------------------#
26-02-13-50 [Step 262] logΨ: mean=4.405-1.922j | min=0.346-0.016j | max=4.526+0.119j
26-02-13-50 梯度监控 | raw=0.4642 | per_param=0.0226 |  natural=0.1014 | clipped=0.1014(上限20.0)
26-02-13-50 原始规范坐标 G(Re Σrow_mean) = +11.1768 | 累计|g| = 8.2521
26-02-13-50 Ψ矩阵条件数 cond(Ψ) = 1.99e+00
26-02-13-50 Loss=-1.994419 | E0=-1.04550316-0.00005305j | E1=-0.94891600-0.00035461j|E2=-0.94891600-0.00035461j|E3=-0.94891600-0.00035461j
26-02-13-50 #-----------------------------------------#
26-02-13-50 [Step 263] logΨ: mean=4.197-1.919j | min=-0.841+3.126j | max=4.290+0.077j
26-02-13-50 梯度监控 | raw=0.8742 | per_param=0.0426 |  natural=0.1271 | clipped=0.1271(上限20.0)
26-02-13-50 原始规范坐标 G(Re Σrow_mean) = +11.0582 | 累计|g| = 8.2521
26-02-13-50 Ψ矩阵条件数 cond(Ψ) = 2.00e+00
26-02-13-50 Loss=-1.994280 | E0=-1.04531847-0.00013044j | E1=-0.94896158+0.00001479j|E2=-0.94896158+0.00001479j|E3=-0.94896158+0.00001479j
26-02-13-50 #-----------------------------------------#
26-02-13-50 [Step 264] logΨ: mean=4.161-1.845j | min=-0.677-3.069j | max=4.215+0.057j
26-02-13-50 梯度监控 | raw=0.3223 | per_param=0.0157 |  natural=0.0939 | clipped=0.0939(上限20.0)
26-02-13-50 原始规范坐标 G(Re Σrow_mean) = +10.8998 | 累计|g| = 8.2521
26-02-13-50 Ψ矩阵条件数 cond(Ψ) = 3.85e+00
26-02-13-50 Loss=-1.993582 | E0=-1.04493955-0.00026960j | E1=-0.94864250+0.00136116j|E2=-0.94864250+0.00136116j|E3=-0.94864250+0.00136116j
26-02-13-50 #-----------------------------------------#
26-02-13-50 [Step 265] logΨ: mean=4.269-1.922j | min=0.406-2.845j | max=4.310+0.069j
26-02-13-50 梯度监控 | raw=0.2164 | per_param=0.0105 |  natural=0.0552 | clipped=0.0552(上限20.0)
26-02-13-50 原始规范坐标 G(Re Σrow_mean) = +10.8421 | 累计|g| = 8.2521
26-02-13-50 Ψ矩阵条件数 cond(Ψ) = 2.00e+00
26-02-13-50 Loss=-1.990362 | E0=-1.04499470-0.00031128j | E1=-0.94536770+0.00296619j|E2=-0.94536770+0.00296619j|E3=-0.94536770+0.00296619j
26-02-13-50 #-----------------------------------------#
26-02-13-50 [Step 266] logΨ: mean=4.288-1.305j | min=0.234-0.469j | max=4.415+0.071j
26-02-13-50 梯度监控 | raw=0.4181 | per_param=0.0204 |  natural=0.0673 | clipped=0.0673(上限20.0)
26-02-13-50 原始规范坐标 G(Re Σrow_mean) = +11.0775 | 累计|g| = 8.2521
26-02-13-50 Ψ矩阵条件数 cond(Ψ) = 1.99e+00
26-02-13-50 Loss=-1.991800 | E0=-1.04549896-0.00001251j | E1=-0.94630118+0.00004445j|E2=-0.94630118+0.00004445j|E3=-0.94630118+0.00004445j
26-02-13-50 #-----------------------------------------#
26-02-13-50 [Step 267] logΨ: mean=4.297-1.457j | min=-0.719-0.649j | max=4.490+0.075j
26-02-13-50 梯度监控 | raw=0.4047 | per_param=0.0197 |  natural=0.0391 | clipped=0.0391(上限20.0)
26-02-13-50 原始规范坐标 G(Re Σrow_mean) = +10.9049 | 累计|g| = 8.2521
26-02-13-50 Ψ矩阵条件数 cond(Ψ) = 1.45e+00
26-02-13-50 Loss=-1.993109 | E0=-1.04598906+0.00017941j | E1=-0.94711978+0.00048836j|E2=-0.94711978+0.00048836j|E3=-0.94711978+0.00048836j
26-02-13-50 #-----------------------------------------#
26-02-13-50 [Step 268] logΨ: mean=4.324-1.485j | min=0.198+2.656j | max=4.420+0.055j
26-02-13-50 梯度监控 | raw=0.4159 | per_param=0.0202 |  natural=0.0974 | clipped=0.0974(上限20.0)
26-02-13-50 原始规范坐标 G(Re Σrow_mean) = +11.1133 | 累计|g| = 8.2521
26-02-13-50 Ψ矩阵条件数 cond(Ψ) = 1.48e+00
26-02-13-50 Loss=-1.994733 | E0=-1.04530622-0.00010344j | E1=-0.94942670-0.00020147j|E2=-0.94942670-0.00020147j|E3=-0.94942670-0.00020147j
26-02-13-50 #-----------------------------------------#
26-02-13-50 [Step 269] logΨ: mean=4.369-1.199j | min=-0.465+0.066j | max=4.421+0.061j
26-02-13-50 梯度监控 | raw=0.3162 | per_param=0.0154 |  natural=0.0028 | clipped=0.0028(上限20.0)
26-02-13-50 原始规范坐标 G(Re Σrow_mean) = +11.2867 | 累计|g| = 8.2521
26-02-13-50 Ψ矩阵条件数 cond(Ψ) = 1.48e+00
26-02-13-50 Loss=-1.993338 | E0=-1.04516101-0.00022610j | E1=-0.94817686-0.00028792j|E2=-0.94817686-0.00028792j|E3=-0.94817686-0.00028792j
26-02-13-50 #-----------------------------------------#
26-02-13-50 [GaugeReset@270] 吸收 Δg = Σ Re(col_mean) = +11.2867 | 新|g| = 8.3284
26-02-13-50 [Step 270] logΨ: mean=4.247+1.164j | min=0.257+0.095j | max=4.276+3.003j
26-02-13-50 梯度监控 | raw=0.3128 | per_param=0.0152 |  natural=0.0027 | clipped=0.0027(上限20.0)
26-02-13-50 原始规范坐标 G(Re Σrow_mean) = +11.4502 | 累计|g| = 8.3284
26-02-13-50 Ψ矩阵条件数 cond(Ψ) = 1.50e+00
26-02-13-50 Loss=-1.993252 | E0=-1.04507356-0.00025994j | E1=-0.94817857-0.00095052j|E2=-0.94817857-0.00095052j|E3=-0.94817857-0.00095052j
26-02-13-50 #-----------------------------------------#
26-02-13-50 [Step 271] logΨ: mean=4.338+1.243j | min=0.798-1.193j | max=4.354+3.019j
26-02-13-50 梯度监控 | raw=0.2220 | per_param=0.0108 |  natural=0.0370 | clipped=0.0370(上限20.0)
26-02-13-50 原始规范坐标 G(Re Σrow_mean) = +11.7220 | 累计|g| = 8.3284
26-02-13-50 Ψ矩阵条件数 cond(Ψ) = 1.49e+00
26-02-13-50 Loss=-1.991948 | E0=-1.04313870-0.00066469j | E1=-0.94880931-0.00292640j|E2=-0.94880931-0.00292640j|E3=-0.94880931-0.00292640j
26-02-13-50 #-----------------------------------------#
26-02-13-50 [Step 272] logΨ: mean=4.370+0.984j | min=-0.274-1.028j | max=4.464+2.950j
26-02-13-50 梯度监控 | raw=0.7398 | per_param=0.0360 |  natural=0.0542 | clipped=0.0542(上限20.0)
26-02-13-50 原始规范坐标 G(Re Σrow_mean) = +11.9117 | 累计|g| = 8.3284
26-02-13-50 Ψ矩阵条件数 cond(Ψ) = 1.48e+00
26-02-13-50 Loss=-1.993311 | E0=-1.04483979-0.00001036j | E1=-0.94847088-0.00503859j|E2=-0.94847088-0.00503859j|E3=-0.94847088-0.00503859j
26-02-13-50 #-----------------------------------------#
26-02-13-50 [Step 273] logΨ: mean=4.474+1.168j | min=0.371-1.993j | max=4.563+2.970j
26-02-13-50 梯度监控 | raw=0.6792 | per_param=0.0331 |  natural=0.0326 | clipped=0.0326(上限20.0)
26-02-13-50 原始规范坐标 G(Re Σrow_mean) = +11.8876 | 累计|g| = 8.3284
26-02-13-50 Ψ矩阵条件数 cond(Ψ) = 1.46e+00
26-02-13-50 Loss=-1.994223 | E0=-1.04491148-0.00000610j | E1=-0.94931146-0.00438759j|E2=-0.94931146-0.00438759j|E3=-0.94931146-0.00438759j
26-02-13-50 #-----------------------------------------#
26-02-13-50 [Step 274] logΨ: mean=4.533+1.151j | min=1.104+2.970j | max=4.559+2.971j
26-02-13-50 梯度监控 | raw=0.1840 | per_param=0.0090 |  natural=0.0005 | clipped=0.0005(上限20.0)
26-02-13-50 原始规范坐标 G(Re Σrow_mean) = +12.0815 | 累计|g| = 8.3284
26-02-13-50 Ψ矩阵条件数 cond(Ψ) = 1.46e+00
26-02-13-50 Loss=-1.993246 | E0=-1.04357508-0.00009034j | E1=-0.94967050-0.00502201j|E2=-0.94967050-0.00502201j|E3=-0.94967050-0.00502201j
26-02-13-50 #-----------------------------------------#
26-02-13-50 [Step 275] logΨ: mean=4.385+1.201j | min=0.241+2.471j | max=4.526+2.959j
26-02-13-50 梯度监控 | raw=0.7283 | per_param=0.0355 |  natural=0.0757 | clipped=0.0757(上限20.0)
26-02-13-50 原始规范坐标 G(Re Σrow_mean) = +11.6676 | 累计|g| = 8.3284
26-02-13-50 Ψ矩阵条件数 cond(Ψ) = 1.48e+00
26-02-13-50 Loss=-1.995399 | E0=-1.04540822+0.00002316j | E1=-0.94999105-0.00346125j|E2=-0.94999105-0.00346125j|E3=-0.94999105-0.00346125j
26-02-13-50 #-----------------------------------------#
26-02-13-50 [Step 276] logΨ: mean=4.568+1.535j | min=-1.196+2.717j | max=4.695+2.951j
26-02-13-50 梯度监控 | raw=0.6810 | per_param=0.0332 |  natural=0.0183 | clipped=0.0183(上限20.0)
26-02-13-50 原始规范坐标 G(Re Σrow_mean) = +11.5003 | 累计|g| = 8.3284
26-02-13-50 Ψ矩阵条件数 cond(Ψ) = 1.95e+00
26-02-13-50 Loss=-1.993256 | E0=-1.04517889-0.00003805j | E1=-0.94807682-0.00136589j|E2=-0.94807682-0.00136589j|E3=-0.94807682-0.00136589j
26-02-13-50 #-----------------------------------------#
26-02-13-50 [Step 277] logΨ: mean=4.502+1.134j | min=0.276-0.673j | max=4.743+2.947j
26-02-13-50 梯度监控 | raw=1.4602 | per_param=0.0711 |  natural=0.0663 | clipped=0.0663(上限20.0)
26-02-13-50 原始规范坐标 G(Re Σrow_mean) = +11.4551 | 累计|g| = 8.3284
26-02-13-50 Ψ矩阵条件数 cond(Ψ) = 1.94e+00
26-02-13-50 Loss=-1.995959 | E0=-1.04742660+0.00017996j | E1=-0.94853197-0.00229616j|E2=-0.94853197-0.00229616j|E3=-0.94853197-0.00229616j
26-02-13-50 #-----------------------------------------#
26-02-13-50 [Step 278] logΨ: mean=4.563+0.962j | min=0.474-1.113j | max=4.728+2.932j
26-02-13-50 梯度监控 | raw=1.0712 | per_param=0.0521 |  natural=0.0685 | clipped=0.0685(上限20.0)
26-02-13-50 原始规范坐标 G(Re Σrow_mean) = +11.5507 | 累计|g| = 8.3284
26-02-13-50 Ψ矩阵条件数 cond(Ψ) = 3.65e+00
26-02-13-50 Loss=-1.995059 | E0=-1.04626428+0.00007194j | E1=-0.94879468-0.00201257j|E2=-0.94879468-0.00201257j|E3=-0.94879468-0.00201257j
26-02-13-50 #-----------------------------------------#
26-02-13-50 [Step 279] logΨ: mean=4.686+1.166j | min=-0.058-0.206j | max=4.836+2.941j
26-02-13-50 梯度监控 | raw=0.8551 | per_param=0.0416 |  natural=0.0492 | clipped=0.0492(上限20.0)
26-02-13-50 原始规范坐标 G(Re Σrow_mean) = +11.5074 | 累计|g| = 8.3284
26-02-13-50 Ψ矩阵条件数 cond(Ψ) = 3.63e+00
26-02-13-50 Loss=-1.993034 | E0=-1.04570639+0.00000339j | E1=-0.94732717-0.00089672j|E2=-0.94732717-0.00089672j|E3=-0.94732717-0.00089672j
26-02-13-50 #-----------------------------------------#
26-02-13-50 [保存] Step 279 → pickle 文件已更新 (280 条记录)
26-02-13-50 [GaugeReset@280] 吸收 Δg = Σ Re(col_mean) = +11.5074 | 新|g| = 8.4982
26-02-13-50 [Step 280] logΨ: mean=4.471+1.011j | min=0.177+2.541j | max=4.686+3.009j
26-02-13-50 梯度监控 | raw=1.0785 | per_param=0.0525 |  natural=0.0736 | clipped=0.0736(上限20.0)
26-02-13-50 原始规范坐标 G(Re Σrow_mean) = +11.2938 | 累计|g| = 8.4982
26-02-13-50 Ψ矩阵条件数 cond(Ψ) = 1.97e+00
26-02-13-50 Loss=-1.994064 | E0=-1.04657905+0.00008492j | E1=-0.94748451+0.00012736j|E2=-0.94748451+0.00012736j|E3=-0.94748451+0.00012736j
26-02-13-50 #-----------------------------------------#
26-02-13-50 [Step 281] logΨ: mean=4.593+1.010j | min=-0.392-1.188j | max=4.772+2.999j
26-02-13-50 梯度监控 | raw=0.8086 | per_param=0.0394 |  natural=0.0347 | clipped=0.0347(上限20.0)
26-02-13-50 原始规范坐标 G(Re Σrow_mean) = +11.2724 | 累计|g| = 8.4982
26-02-13-50 Ψ矩阵条件数 cond(Ψ) = 1.97e+00
26-02-13-50 Loss=-1.993297 | E0=-1.04637692-0.00000675j | E1=-0.94692044+0.00071554j|E2=-0.94692044+0.00071554j|E3=-0.94692044+0.00071554j
26-02-13-50 #-----------------------------------------#
26-02-13-50 [Step 282] logΨ: mean=4.771+1.243j | min=0.272+2.139j | max=4.872+3.009j
26-02-13-50 梯度监控 | raw=0.6595 | per_param=0.0321 |  natural=0.0390 | clipped=0.0390(上限20.0)
26-02-13-50 原始规范坐标 G(Re Σrow_mean) = +11.5437 | 累计|g| = 8.4982
26-02-13-50 Ψ矩阵条件数 cond(Ψ) = 1.97e+00
26-02-13-50 Loss=-1.992198 | E0=-1.04521762-0.00005410j | E1=-0.94698020+0.00014288j|E2=-0.94698020+0.00014288j|E3=-0.94698020+0.00014288j
26-02-13-50 #-----------------------------------------#
26-02-13-50 [Step 283] logΨ: mean=4.499+1.477j | min=-0.563-0.198j | max=4.568+2.987j
26-02-13-50 梯度监控 | raw=1.0555 | per_param=0.0514 |  natural=0.1270 | clipped=0.1270(上限20.0)
26-02-13-50 原始规范坐标 G(Re Σrow_mean) = +11.3178 | 累计|g| = 8.4982
26-02-13-50 Ψ矩阵条件数 cond(Ψ) = 1.98e+00
26-02-13-50 Loss=-1.993604 | E0=-1.04479536-0.00010086j | E1=-0.94880829+0.00091240j|E2=-0.94880829+0.00091240j|E3=-0.94880829+0.00091240j
26-02-13-50 #-----------------------------------------#
26-02-13-50 [Step 284] logΨ: mean=4.603+1.429j | min=0.270+2.119j | max=4.677+2.998j
26-02-13-50 梯度监控 | raw=0.4780 | per_param=0.0233 |  natural=0.0505 | clipped=0.0505(上限20.0)
26-02-13-50 原始规范坐标 G(Re Σrow_mean) = +11.4775 | 累计|g| = 8.4982
26-02-13-50 Ψ矩阵条件数 cond(Ψ) = 1.97e+00
26-02-13-50 Loss=-1.991658 | E0=-1.04487820-0.00008886j | E1=-0.94678012+0.00049953j|E2=-0.94678012+0.00049953j|E3=-0.94678012+0.00049953j
26-02-13-50 #-----------------------------------------#
26-02-13-50 [Step 285] logΨ: mean=4.694+1.222j | min=-0.237-0.992j | max=4.764+2.935j
26-02-13-50 梯度监控 | raw=0.4498 | per_param=0.0219 |  natural=0.0389 | clipped=0.0389(上限20.0)
26-02-13-50 原始规范坐标 G(Re Σrow_mean) = +11.6090 | 累计|g| = 8.4982
26-02-13-50 Ψ矩阵条件数 cond(Ψ) = 1.42e+00
26-02-13-50 Loss=-1.992152 | E0=-1.04485876-0.00010740j | E1=-0.94729321-0.00036169j|E2=-0.94729321-0.00036169j|E3=-0.94729321-0.00036169j
26-02-13-50 #-----------------------------------------#
26-02-13-50 [Step 286] logΨ: mean=4.778+1.463j | min=0.337-3.109j | max=4.856+2.935j
26-02-13-50 梯度监控 | raw=0.4893 | per_param=0.0238 |  natural=0.0267 | clipped=0.0267(上限20.0)
26-02-13-50 原始规范坐标 G(Re Σrow_mean) = +11.5885 | 累计|g| = 8.4982
26-02-13-50 Ψ矩阵条件数 cond(Ψ) = 1.41e+00
26-02-13-50 Loss=-1.991875 | E0=-1.04505377-0.00006068j | E1=-0.94682149+0.00010822j|E2=-0.94682149+0.00010822j|E3=-0.94682149+0.00010822j
26-02-13-50 #-----------------------------------------#
26-02-13-50 [Step 287] logΨ: mean=4.759+1.302j | min=0.088+2.947j | max=4.966+2.946j
26-02-13-50 梯度监控 | raw=0.8083 | per_param=0.0393 |  natural=0.0441 | clipped=0.0441(上限20.0)
26-02-13-50 原始规范坐标 G(Re Σrow_mean) = +11.4253 | 累计|g| = 8.4982
26-02-13-50 Ψ矩阵条件数 cond(Ψ) = 1.97e+00
26-02-13-50 Loss=-1.992829 | E0=-1.04626882+0.00003067j | E1=-0.94656066+0.00018112j|E2=-0.94656066+0.00018112j|E3=-0.94656066+0.00018112j
26-02-13-50 #-----------------------------------------#
26-02-13-50 [Step 288] logΨ: mean=4.860+0.899j | min=0.186-0.194j | max=5.064+2.948j
26-02-13-50 梯度监控 | raw=0.8595 | per_param=0.0418 |  natural=0.0350 | clipped=0.0350(上限20.0)
26-02-13-50 原始规范坐标 G(Re Σrow_mean) = +11.5422 | 累计|g| = 8.4982
26-02-13-50 Ψ矩阵条件数 cond(Ψ) = 1.38e+00
26-02-13-50 Loss=-1.993263 | E0=-1.04626043+0.00002239j | E1=-0.94700278-0.00052610j|E2=-0.94700278-0.00052610j|E3=-0.94700278-0.00052610j
26-02-13-50 #-----------------------------------------#
26-02-13-50 [Step 289] logΨ: mean=5.090+0.893j | min=0.295-1.022j | max=5.226+2.953j
26-02-13-50 梯度监控 | raw=0.7253 | per_param=0.0353 |  natural=0.0444 | clipped=0.0444(上限20.0)
26-02-13-50 原始规范坐标 G(Re Σrow_mean) = +11.8350 | 累计|g| = 8.4982
26-02-13-50 Ψ矩阵条件数 cond(Ψ) = 1.36e+00
26-02-13-50 Loss=-1.992584 | E0=-1.04545209-0.00002267j | E1=-0.94713151-0.00120559j|E2=-0.94713151-0.00120559j|E3=-0.94713151-0.00120559j
26-02-13-50 #-----------------------------------------#
26-02-13-50 [GaugeReset@290] 吸收 Δg = Σ Re(col_mean) = +11.8350 | 新|g| = 8.7202
26-02-13-50 [Step 290] logΨ: mean=4.796+1.025j | min=1.795-0.153j | max=4.890+3.015j
26-02-13-50 梯度监控 | raw=0.6702 | per_param=0.0326 |  natural=0.0025 | clipped=0.0025(上限20.0)
26-02-13-50 原始规范坐标 G(Re Σrow_mean) = +11.8532 | 累计|g| = 8.7202
26-02-13-50 Ψ矩阵条件数 cond(Ψ) = 1.39e+00
26-02-13-50 Loss=-1.992913 | E0=-1.04533257-0.00004304j | E1=-0.94758084-0.00090610j|E2=-0.94758084-0.00090610j|E3=-0.94758084-0.00090610j
26-02-13-50 #-----------------------------------------#
26-02-13-50 [Step 291] logΨ: mean=4.863+0.985j | min=0.095-3.056j | max=4.932+3.011j
26-02-13-50 梯度监控 | raw=0.5432 | per_param=0.0264 |  natural=0.0091 | clipped=0.0091(上限20.0)
26-02-13-50 原始规范坐标 G(Re Σrow_mean) = +11.8378 | 累计|g| = 8.7202
26-02-13-50 Ψ矩阵条件数 cond(Ψ) = 1.39e+00
26-02-13-50 Loss=-1.992138 | E0=-1.04513926-0.00006567j | E1=-0.94699861-0.00013991j|E2=-0.94699861-0.00013991j|E3=-0.94699861-0.00013991j
26-02-13-50 #-----------------------------------------#
26-02-13-50 [Step 292] logΨ: mean=5.022+0.826j | min=0.534-1.167j | max=5.042+3.016j
26-02-13-50 梯度监控 | raw=0.5249 | per_param=0.0256 |  natural=0.0332 | clipped=0.0332(上限20.0)
26-02-13-50 原始规范坐标 G(Re Σrow_mean) = +11.9769 | 累计|g| = 8.7202
26-02-13-50 Ψ矩阵条件数 cond(Ψ) = 1.37e+00
26-02-13-50 Loss=-1.991405 | E0=-1.04479120-0.00008226j | E1=-0.94661360-0.00003631j|E2=-0.94661360-0.00003631j|E3=-0.94661360-0.00003631j
26-02-13-50 #-----------------------------------------#
26-02-13-50 [Step 293] logΨ: mean=4.976+0.863j | min=1.623+3.008j | max=5.032+3.018j
26-02-13-50 梯度监控 | raw=0.5428 | per_param=0.0264 |  natural=0.0026 | clipped=0.0026(上限20.0)
26-02-13-50 原始规范坐标 G(Re Σrow_mean) = +12.0002 | 累计|g| = 8.7202
26-02-13-50 Ψ矩阵条件数 cond(Ψ) = 1.37e+00
26-02-13-50 Loss=-1.992160 | E0=-1.04484932+0.00008145j | E1=-0.94731074-0.00071286j|E2=-0.94731074-0.00071286j|E3=-0.94731074-0.00071286j
26-02-13-50 #-----------------------------------------#
26-02-13-50 [Step 294] logΨ: mean=4.932+0.883j | min=1.922-0.154j | max=5.022+3.019j
26-02-13-50 梯度监控 | raw=0.6132 | per_param=0.0298 |  natural=0.0024 | clipped=0.0024(上限20.0)
26-02-13-50 原始规范坐标 G(Re Σrow_mean) = +11.9990 | 累计|g| = 8.7202
26-02-13-50 Ψ矩阵条件数 cond(Ψ) = 1.27e+00
26-02-13-50 Loss=-1.993135 | E0=-1.04530890+0.00001836j | E1=-0.94782563-0.00142410j|E2=-0.94782563-0.00142410j|E3=-0.94782563-0.00142410j
26-02-13-50 #-----------------------------------------#
26-02-13-50 [Step 295] logΨ: mean=4.926+0.835j | min=1.928+2.988j | max=5.015+3.020j
26-02-13-50 梯度监控 | raw=0.6296 | per_param=0.0306 |  natural=0.0021 | clipped=0.0021(上限20.0)
26-02-13-50 原始规范坐标 G(Re Σrow_mean) = +12.0221 | 累计|g| = 8.7202
26-02-13-50 Ψ矩阵条件数 cond(Ψ) = 3.19e+00
26-02-13-50 Loss=-1.993133 | E0=-1.04532068+0.00001404j | E1=-0.94781210-0.00157808j|E2=-0.94781210-0.00157808j|E3=-0.94781210-0.00157808j
26-02-13-50 #-----------------------------------------#
26-02-13-50 [Step 296] logΨ: mean=4.612+0.914j | min=0.428-0.171j | max=4.752+3.004j
26-02-13-50 梯度监控 | raw=0.6578 | per_param=0.0320 |  natural=0.1351 | clipped=0.1351(上限20.0)
26-02-13-50 原始规范坐标 G(Re Σrow_mean) = +11.8541 | 累计|g| = 8.7202
26-02-13-50 Ψ矩阵条件数 cond(Ψ) = 3.44e+00
26-02-13-50 Loss=-1.995844 | E0=-1.04567425-0.00003350j | E1=-0.95016998-0.00198929j|E2=-0.95016998-0.00198929j|E3=-0.95016998-0.00198929j
26-02-13-50 #-----------------------------------------#
26-02-13-50 [Step 297] logΨ: mean=4.680+0.921j | min=0.512-1.168j | max=4.855+3.005j
26-02-13-50 梯度监控 | raw=0.7950 | per_param=0.0387 |  natural=0.0335 | clipped=0.0335(上限20.0)
26-02-13-50 原始规范坐标 G(Re Σrow_mean) = +11.8973 | 累计|g| = 8.7202
26-02-13-50 Ψ矩阵条件数 cond(Ψ) = 3.33e+00
26-02-13-50 Loss=-1.993775 | E0=-1.04594708-0.00008175j | E1=-0.94782744-0.00271554j|E2=-0.94782744-0.00271554j|E3=-0.94782744-0.00271554j
26-02-13-50 #-----------------------------------------#
26-02-13-50 [Step 298] logΨ: mean=4.303+0.788j | min=-0.111+2.580j | max=4.480+2.994j
26-02-13-50 梯度监控 | raw=0.7006 | per_param=0.0341 |  natural=0.1458 | clipped=0.1458(上限20.0)
26-02-13-50 原始规范坐标 G(Re Σrow_mean) = +11.6983 | 累计|g| = 8.7202
26-02-13-50 Ψ矩阵条件数 cond(Ψ) = 3.43e+00
26-02-13-50 Loss=-1.996022 | E0=-1.04578339-0.00007323j | E1=-0.95023889-0.00276390j|E2=-0.95023889-0.00276390j|E3=-0.95023889-0.00276390j
26-02-13-50 #-----------------------------------------#
26-02-13-50 [Step 299] logΨ: mean=4.277+0.778j | min=-0.952-1.967j | max=4.424+2.980j
26-02-13-50 梯度监控 | raw=0.5815 | per_param=0.0283 |  natural=0.1220 | clipped=0.1220(上限20.0)
26-02-13-50 原始规范坐标 G(Re Σrow_mean) = +11.7164 | 累计|g| = 8.7202
26-02-13-50 Ψ矩阵条件数 cond(Ψ) = 3.43e+00
26-02-13-50 Loss=-1.995473 | E0=-1.04570663+0.00000190j | E1=-0.94976611-0.00399421j|E2=-0.94976611-0.00399421j|E3=-0.94976611-0.00399421j
26-02-13-50 #-----------------------------------------#
26-02-13-50 [保存] Step 299 → pickle 文件已更新 (300 条记录)
26-02-13-50 [GaugeReset@300] 吸收 Δg = Σ Re(col_mean) = +11.7164 | 新|g| = 8.6215
26-02-13-50 训练耗时：89.61 秒
26-02-13-50 
============================================================
26-02-13-50 训练完成!
26-02-13-50 ============================================================
26-02-13-50 [保存] 训练结束，pickle 最终写入 300 条记录 → ./data/26-10-02-13-49_history_natural_gradient_H2_molecule_K4.pkl
