26-02-14-12 
============================================================
26-02-14-12 开始多链 NES-VMC 训练 | 实参数 FFNN | 双侧一致列规范 + 周期性 gauge reset
26-02-14-12 超参数配置:
N_CHAINS =16
N_SAMPLES_PER_CHAIN =200
SWEEP_SIZE = 20
N_ITER = 300
Natural_Grad = True
clip_norm = 20.0
per_param_clip = 0.5
lr = 0.1
qgt_diag_shift = 0.1
RESET_PERIOD = 10
SAVE_INTERVAL = 20
26-02-14-12 ============================================================
26-02-14-12 精确CAS基准：基态=-1.05434745 Ha | 1激发=-0.95790573 Ha|2激发=-0.66895227 Ha|3激发=-0.55140192 Ha|
26-02-14-12 理论 Loss 上限：-2.01225318 
26-02-14-12 超参：clip_norm=20.0, per_param_clip=0.5, lr=0.1, QGT diag_shift=0.1, RESET_PERIOD=10
26-02-14-12 [Step   0] logΨ: mean=1.032+0.131j | min=-0.941-2.254j | max=1.777+2.874j
26-02-14-12 梯度监控 | raw=1.5138 | per_param=0.0718 |  natural=2.4143 | clipped=2.4143(上限20.0)
26-02-14-12 原始规范坐标 G(Re Σrow_mean) = +0.8879 | 累计|g| = 0.0000
26-02-14-12 Ψ矩阵条件数 cond(Ψ) = 1.99e+00
26-02-14-12 Loss=0.609501 | E0=0.12520759-0.00061008j | E1=0.48429366+0.00223616j|E2=0.48429366+0.00223616j|E3=0.48429366+0.00223616j
26-02-14-12 #-----------------------------------------#
26-02-14-12 [Step   1] logΨ: mean=1.429+0.122j | min=-0.913+1.548j | max=2.161+3.068j
26-02-14-12 梯度监控 | raw=1.6050 | per_param=0.0762 |  natural=2.4882 | clipped=2.4882(上限20.0)
26-02-14-12 原始规范坐标 G(Re Σrow_mean) = +1.3347 | 累计|g| = 0.0000
26-02-14-12 Ψ矩阵条件数 cond(Ψ) = 7.09e+00
26-02-14-12 Loss=0.390919 | E0=0.06966849-0.00541383j | E1=0.32125056+0.00052429j|E2=0.32125056+0.00052429j|E3=0.32125056+0.00052429j
26-02-14-12 #-----------------------------------------#
26-02-14-12 [Step   2] logΨ: mean=1.911+0.184j | min=-0.512+0.182j | max=2.711+3.075j
26-02-14-12 梯度监控 | raw=1.7513 | per_param=0.0831 |  natural=2.3289 | clipped=2.3289(上限20.0)
26-02-14-12 原始规范坐标 G(Re Σrow_mean) = +1.8485 | 累计|g| = 0.0000
26-02-14-12 Ψ矩阵条件数 cond(Ψ) = 4.28e+00
26-02-14-12 Loss=0.158244 | E0=-0.02618502+0.00748438j | E1=0.18442948-0.00214321j|E2=0.18442948-0.00214321j|E3=0.18442948-0.00214321j
26-02-14-12 #-----------------------------------------#
26-02-14-12 [Step   3] logΨ: mean=2.451+0.102j | min=-0.213-0.703j | max=3.258+3.087j
26-02-14-12 梯度监控 | raw=2.0183 | per_param=0.0958 |  natural=2.2205 | clipped=2.2205(上限20.0)
26-02-14-12 原始规范坐标 G(Re Σrow_mean) = +2.4622 | 累计|g| = 0.0000
26-02-14-12 Ψ矩阵条件数 cond(Ψ) = 1.36e+01
26-02-14-12 Loss=-0.127615 | E0=-0.16167698-0.00055576j | E1=0.03406236-0.00150807j|E2=0.03406236-0.00150807j|E3=0.03406236-0.00150807j
26-02-14-12 #-----------------------------------------#
26-02-14-12 [Step   4] logΨ: mean=3.036+0.078j | min=0.318-1.413j | max=3.850+1.572j
26-02-14-12 梯度监控 | raw=2.2179 | per_param=0.1053 |  natural=2.0350 | clipped=2.0350(上限20.0)
26-02-14-12 原始规范坐标 G(Re Σrow_mean) = +3.1151 | 累计|g| = 0.0000
26-02-14-12 Ψ矩阵条件数 cond(Ψ) = 1.07e+01
26-02-14-12 Loss=-0.384169 | E0=-0.27805907-0.00207088j | E1=-0.10611019+0.00049871j|E2=-0.10611019+0.00049871j|E3=-0.10611019+0.00049871j
26-02-14-12 #-----------------------------------------#
26-02-14-12 [Step   5] logΨ: mean=3.630-0.301j | min=-0.083-2.865j | max=4.521+1.587j
26-02-14-12 梯度监控 | raw=2.2904 | per_param=0.1087 |  natural=1.8277 | clipped=1.8277(上限20.0)
26-02-14-12 原始规范坐标 G(Re Σrow_mean) = +3.7864 | 累计|g| = 0.0000
26-02-14-12 Ψ矩阵条件数 cond(Ψ) = 3.41e+00
26-02-14-12 Loss=-0.612141 | E0=-0.39430148+0.00332096j | E1=-0.21783963-0.00523098j|E2=-0.21783963-0.00523098j|E3=-0.21783963-0.00523098j
26-02-14-12 #-----------------------------------------#
26-02-14-12 [Step   6] logΨ: mean=4.205-0.190j | min=-0.235+1.985j | max=5.135+1.624j
26-02-14-12 梯度监控 | raw=2.5425 | per_param=0.1207 |  natural=1.6667 | clipped=1.6667(上限20.0)
26-02-14-12 原始规范坐标 G(Re Σrow_mean) = +4.4212 | 累计|g| = 0.0000
26-02-14-12 Ψ矩阵条件数 cond(Ψ) = 5.08e+00
26-02-14-12 Loss=-0.802269 | E0=-0.48751134-0.00084519j | E1=-0.31475717+0.00302969j|E2=-0.31475717+0.00302969j|E3=-0.31475717+0.00302969j
26-02-14-12 #-----------------------------------------#
26-02-14-12 [Step   7] logΨ: mean=4.799-0.037j | min=1.348+2.749j | max=5.674+1.645j
26-02-14-12 梯度监控 | raw=2.5740 | per_param=0.1222 |  natural=1.4584 | clipped=1.4584(上限20.0)
26-02-14-12 原始规范坐标 G(Re Σrow_mean) = +5.0716 | 累计|g| = 0.0000
26-02-14-12 Ψ矩阵条件数 cond(Ψ) = 4.33e+00
26-02-14-12 Loss=-1.014122 | E0=-0.57896114+0.00077257j | E1=-0.43516052-0.00883768j|E2=-0.43516052-0.00883768j|E3=-0.43516052-0.00883768j
26-02-14-12 #-----------------------------------------#
26-02-14-12 [Step   8] logΨ: mean=5.386+0.105j | min=1.467-1.530j | max=6.190+1.671j
26-02-14-12 梯度监控 | raw=2.3098 | per_param=0.1096 |  natural=1.3308 | clipped=1.3308(上限20.0)
26-02-14-12 原始规范坐标 G(Re Σrow_mean) = +5.7119 | 累计|g| = 0.0000
26-02-14-12 Ψ矩阵条件数 cond(Ψ) = 8.73e+00
26-02-14-12 Loss=-1.211403 | E0=-0.67407047+0.00708197j | E1=-0.53733289-0.00251897j|E2=-0.53733289-0.00251897j|E3=-0.53733289-0.00251897j
26-02-14-12 #-----------------------------------------#
26-02-14-12 [Step   9] logΨ: mean=5.952+0.088j | min=0.950+1.250j | max=6.698+1.693j
26-02-14-12 梯度监控 | raw=2.0282 | per_param=0.0963 |  natural=1.4157 | clipped=1.4157(上限20.0)
26-02-14-12 原始规范坐标 G(Re Σrow_mean) = +6.3217 | 累计|g| = 0.0000
26-02-14-12 Ψ矩阵条件数 cond(Ψ) = 1.79e+00
26-02-14-12 Loss=-1.328344 | E0=-0.74239208+0.00896449j | E1=-0.58595200-0.00666760j|E2=-0.58595200-0.00666760j|E3=-0.58595200-0.00666760j
26-02-14-12 #-----------------------------------------#
26-02-14-12 [GaugeReset@10] 吸收 Δg = Σ Re(col_mean) = +6.3217 | 新|g| = 4.4718
26-02-14-12 [Step  10] logΨ: mean=0.199+0.298j | min=-5.198+1.486j | max=0.844+1.792j
26-02-14-12 梯度监控 | raw=1.8749 | per_param=0.0890 |  natural=1.2135 | clipped=1.2135(上限20.0)
26-02-14-12 原始规范坐标 G(Re Σrow_mean) = +6.8962 | 累计|g| = 4.4718
26-02-14-12 Ψ矩阵条件数 cond(Ψ) = 4.36e+00
26-02-14-12 Loss=-1.417511 | E0=-0.80276439-0.00249090j | E1=-0.61474698+0.00342229j|E2=-0.61474698+0.00342229j|E3=-0.61474698+0.00342229j
26-02-14-12 #-----------------------------------------#
26-02-14-12 [Step  11] logΨ: mean=0.713+0.296j | min=-4.961+1.654j | max=1.207+1.807j
26-02-14-12 梯度监控 | raw=1.3383 | per_param=0.0635 |  natural=0.9680 | clipped=0.9680(上限20.0)
26-02-14-12 原始规范坐标 G(Re Σrow_mean) = +7.4014 | 累计|g| = 4.4718
26-02-14-12 Ψ矩阵条件数 cond(Ψ) = 1.13e+01
26-02-14-12 Loss=-1.537925 | E0=-0.87182283+0.00456526j | E1=-0.66610207-0.00820456j|E2=-0.66610207-0.00820456j|E3=-0.66610207-0.00820456j
26-02-14-12 #-----------------------------------------#
26-02-14-12 [Step  12] logΨ: mean=1.084+0.275j | min=-5.069+2.510j | max=1.515+2.252j
26-02-14-12 梯度监控 | raw=1.0435 | per_param=0.0495 |  natural=0.8524 | clipped=0.8524(上限20.0)
26-02-14-12 原始规范坐标 G(Re Σrow_mean) = +7.7638 | 累计|g| = 4.4718
26-02-14-12 Ψ矩阵条件数 cond(Ψ) = 2.72e+00
26-02-14-12 Loss=-1.599613 | E0=-0.90479844+0.00306921j | E1=-0.69481409-0.00342711j|E2=-0.69481409-0.00342711j|E3=-0.69481409-0.00342711j
26-02-14-12 #-----------------------------------------#
26-02-14-12 [Step  13] logΨ: mean=1.434+0.532j | min=-3.443-1.565j | max=1.850+2.261j
26-02-14-12 梯度监控 | raw=0.9403 | per_param=0.0446 |  natural=1.0151 | clipped=1.0151(上限20.0)
26-02-14-12 原始规范坐标 G(Re Σrow_mean) = +8.1308 | 累计|g| = 4.4718
26-02-14-12 Ψ矩阵条件数 cond(Ψ) = 7.59e+00
26-02-14-12 Loss=-1.635096 | E0=-0.92064619+0.00214226j | E1=-0.71445001-0.00093223j|E2=-0.71445001-0.00093223j|E3=-0.71445001-0.00093223j
26-02-14-12 #-----------------------------------------#
26-02-14-12 [Step  14] logΨ: mean=1.705+0.469j | min=-3.834+1.755j | max=2.132+2.308j
26-02-14-12 梯度监控 | raw=0.8299 | per_param=0.0394 |  natural=0.7582 | clipped=0.7582(上限20.0)
26-02-14-12 原始规范坐标 G(Re Σrow_mean) = +8.4117 | 累计|g| = 4.4718
26-02-14-12 Ψ矩阵条件数 cond(Ψ) = 7.51e+00
26-02-14-12 Loss=-1.666220 | E0=-0.93435131-0.00112845j | E1=-0.73186846+0.00450398j|E2=-0.73186846+0.00450398j|E3=-0.73186846+0.00450398j
26-02-14-12 #-----------------------------------------#
26-02-14-12 [Step  15] logΨ: mean=2.113+0.375j | min=-3.424-1.776j | max=2.496+2.255j
26-02-14-12 梯度监控 | raw=0.7045 | per_param=0.0334 |  natural=1.4950 | clipped=1.4950(上限20.0)
26-02-14-12 原始规范坐标 G(Re Σrow_mean) = +8.9103 | 累计|g| = 4.4718
26-02-14-12 Ψ矩阵条件数 cond(Ψ) = 3.62e+00
26-02-14-12 Loss=-1.700485 | E0=-0.95319641+0.00242292j | E1=-0.74728839-0.00863206j|E2=-0.74728839-0.00863206j|E3=-0.74728839-0.00863206j
26-02-14-12 #-----------------------------------------#
26-02-14-12 [Step  16] logΨ: mean=2.298+0.394j | min=-2.251+2.931j | max=2.656+2.280j
26-02-14-12 梯度监控 | raw=0.6072 | per_param=0.0288 |  natural=0.6544 | clipped=0.6544(上限20.0)
26-02-14-12 原始规范坐标 G(Re Σrow_mean) = +9.1118 | 累计|g| = 4.4718
26-02-14-12 Ψ矩阵条件数 cond(Ψ) = 3.23e+00
26-02-14-12 Loss=-1.737870 | E0=-0.95533480-0.00201714j | E1=-0.78253481-0.00105604j|E2=-0.78253481-0.00105604j|E3=-0.78253481-0.00105604j
26-02-14-12 #-----------------------------------------#
26-02-14-12 [Step  17] logΨ: mean=2.512+0.730j | min=-1.756-1.365j | max=2.832+2.330j
26-02-14-12 梯度监控 | raw=0.4835 | per_param=0.0229 |  natural=0.6183 | clipped=0.6183(上限20.0)
26-02-14-12 原始规范坐标 G(Re Σrow_mean) = +9.3293 | 累计|g| = 4.4718
26-02-14-12 Ψ矩阵条件数 cond(Ψ) = 4.23e+00
26-02-14-12 Loss=-1.761358 | E0=-0.96621019-0.00180284j | E1=-0.79514807+0.00447806j|E2=-0.79514807+0.00447806j|E3=-0.79514807+0.00447806j
26-02-14-12 #-----------------------------------------#
26-02-14-12 [Step  18] logΨ: mean=2.777+0.691j | min=-2.358+2.949j | max=3.113+2.367j
26-02-14-12 梯度监控 | raw=0.5298 | per_param=0.0251 |  natural=0.7108 | clipped=0.7108(上限20.0)
26-02-14-12 原始规范坐标 G(Re Σrow_mean) = +9.5934 | 累计|g| = 4.4718
26-02-14-12 Ψ矩阵条件数 cond(Ψ) = 3.61e+00
26-02-14-12 Loss=-1.769869 | E0=-0.96504322-0.00239384j | E1=-0.80482533+0.00216226j|E2=-0.80482533+0.00216226j|E3=-0.80482533+0.00216226j
26-02-14-12 #-----------------------------------------#
26-02-14-12 [Step  19] logΨ: mean=2.998+0.925j | min=-1.884-1.438j | max=3.345+2.411j
26-02-14-12 梯度监控 | raw=0.4967 | per_param=0.0236 |  natural=0.7005 | clipped=0.7005(上限20.0)
26-02-14-12 原始规范坐标 G(Re Σrow_mean) = +9.8233 | 累计|g| = 4.4718
26-02-14-12 Ψ矩阵条件数 cond(Ψ) = 2.14e+01
26-02-14-12 Loss=-1.784027 | E0=-0.96815800-0.00113233j | E1=-0.81586864+0.00293084j|E2=-0.81586864+0.00293084j|E3=-0.81586864+0.00293084j
26-02-14-12 #-----------------------------------------#
26-02-14-12 [保存] Step 19 → pickle 文件已更新 (20 条记录)
26-02-14-12 [GaugeReset@20] 吸收 Δg = Σ Re(col_mean) = +9.8233 | 新|g| = 6.9464
26-02-14-12 [Step  20] logΨ: mean=-0.345+0.842j | min=-4.887+2.197j | max=0.004+2.282j
26-02-14-12 梯度监控 | raw=0.4588 | per_param=0.0218 |  natural=0.6691 | clipped=0.6691(上限20.0)
26-02-14-12 原始规范坐标 G(Re Σrow_mean) = +9.9868 | 累计|g| = 6.9464
26-02-14-12 Ψ矩阵条件数 cond(Ψ) = 1.21e+01
26-02-14-12 Loss=-1.804715 | E0=-0.96959028+0.00134615j | E1=-0.83512431+0.00231484j|E2=-0.83512431+0.00231484j|E3=-0.83512431+0.00231484j
26-02-14-12 #-----------------------------------------#
26-02-14-12 [Step  21] logΨ: mean=-0.262+0.890j | min=-4.730+0.165j | max=0.046+2.301j
26-02-14-12 梯度监控 | raw=0.3695 | per_param=0.0175 |  natural=0.4989 | clipped=0.4989(上限20.0)
26-02-14-12 原始规范坐标 G(Re Σrow_mean) = +10.0765 | 累计|g| = 6.9464
26-02-14-12 Ψ矩阵条件数 cond(Ψ) = 1.96e+01
26-02-14-12 Loss=-1.834983 | E0=-0.97266347+0.00242118j | E1=-0.86231938-0.00420092j|E2=-0.86231938-0.00420092j|E3=-0.86231938-0.00420092j
26-02-14-12 #-----------------------------------------#
26-02-14-12 [Step  22] logΨ: mean=-0.222+0.333j | min=-4.665-1.233j | max=0.079+2.319j
26-02-14-12 梯度监控 | raw=0.4264 | per_param=0.0202 |  natural=0.4776 | clipped=0.4776(上限20.0)
26-02-14-12 原始规范坐标 G(Re Σrow_mean) = +10.1556 | 累计|g| = 6.9464
26-02-14-12 Ψ矩阵条件数 cond(Ψ) = 1.05e+01
26-02-14-12 Loss=-1.841162 | E0=-0.97562292+0.00063023j | E1=-0.86553900-0.00334351j|E2=-0.86553900-0.00334351j|E3=-0.86553900-0.00334351j
26-02-14-12 #-----------------------------------------#
26-02-14-12 [Step  23] logΨ: mean=-0.105+0.360j | min=-6.411-1.206j | max=0.214+2.343j
26-02-14-12 梯度监控 | raw=0.4549 | per_param=0.0216 |  natural=0.6920 | clipped=0.6920(上限20.0)
26-02-14-12 原始规范坐标 G(Re Σrow_mean) = +10.3277 | 累计|g| = 6.9464
26-02-14-12 Ψ矩阵条件数 cond(Ψ) = 5.01e+00
26-02-14-12 Loss=-1.850905 | E0=-0.98057791-0.00384932j | E1=-0.87032724+0.00430683j|E2=-0.87032724+0.00430683j|E3=-0.87032724+0.00430683j
26-02-14-12 #-----------------------------------------#
26-02-14-12 [Step  24] logΨ: mean=-0.029+0.862j | min=-5.580+0.916j | max=0.247+2.251j
26-02-14-12 梯度监控 | raw=0.4473 | per_param=0.0212 |  natural=0.7842 | clipped=0.7842(上限20.0)
26-02-14-12 原始规范坐标 G(Re Σrow_mean) = +10.4826 | 累计|g| = 6.9464
26-02-14-12 Ψ矩阵条件数 cond(Ψ) = 8.06e+00
26-02-14-12 Loss=-1.864635 | E0=-0.97728993-0.00176789j | E1=-0.88734463-0.00217982j|E2=-0.88734463-0.00217982j|E3=-0.88734463-0.00217982j
26-02-14-12 #-----------------------------------------#
26-02-14-12 [Step  25] logΨ: mean=-0.043+0.749j | min=-4.726-1.295j | max=0.268+2.257j
26-02-14-12 梯度监控 | raw=0.3947 | per_param=0.0187 |  natural=0.5323 | clipped=0.5323(上限20.0)
26-02-14-12 原始规范坐标 G(Re Σrow_mean) = +10.4782 | 累计|g| = 6.9464
26-02-14-12 Ψ矩阵条件数 cond(Ψ) = 8.21e+00
26-02-14-12 Loss=-1.871829 | E0=-0.97695858+0.00164379j | E1=-0.89487018-0.00202385j|E2=-0.89487018-0.00202385j|E3=-0.89487018-0.00202385j
26-02-14-12 #-----------------------------------------#
26-02-14-12 [Step  26] logΨ: mean=0.063+0.769j | min=-6.609+1.847j | max=0.351+2.312j
26-02-14-12 梯度监控 | raw=0.4659 | per_param=0.0221 |  natural=0.6815 | clipped=0.6815(上限20.0)
26-02-14-12 原始规范坐标 G(Re Σrow_mean) = +10.6636 | 累计|g| = 6.9464
26-02-14-12 Ψ矩阵条件数 cond(Ψ) = 9.67e+00
26-02-14-12 Loss=-1.866201 | E0=-0.98293848-0.00054375j | E1=-0.88326302+0.00706581j|E2=-0.88326302+0.00706581j|E3=-0.88326302+0.00706581j
26-02-14-12 #-----------------------------------------#
26-02-14-12 [Step  27] logΨ: mean=0.093+0.210j | min=-6.241+2.147j | max=0.372+2.350j
26-02-14-12 梯度监控 | raw=0.4184 | per_param=0.0199 |  natural=0.4467 | clipped=0.4467(上限20.0)
26-02-14-12 原始规范坐标 G(Re Σrow_mean) = +10.7148 | 累计|g| = 6.9464
26-02-14-12 Ψ矩阵条件数 cond(Ψ) = 2.26e+01
26-02-14-12 Loss=-1.890272 | E0=-0.98059803+0.00064970j | E1=-0.90967432-0.00137825j|E2=-0.90967432-0.00137825j|E3=-0.90967432-0.00137825j
26-02-14-12 #-----------------------------------------#
26-02-14-12 [Step  28] logΨ: mean=0.193+0.345j | min=-4.886-1.267j | max=0.450+2.350j
26-02-14-12 梯度监控 | raw=0.4474 | per_param=0.0212 |  natural=0.5925 | clipped=0.5925(上限20.0)
26-02-14-12 原始规范坐标 G(Re Σrow_mean) = +10.8696 | 累计|g| = 6.9464
26-02-14-12 Ψ矩阵条件数 cond(Ψ) = 1.26e+01
26-02-14-12 Loss=-1.892515 | E0=-0.98201089+0.00032592j | E1=-0.91050428+0.00032733j|E2=-0.91050428+0.00032733j|E3=-0.91050428+0.00032733j
26-02-14-12 #-----------------------------------------#
26-02-14-12 [Step  29] logΨ: mean=0.183+0.443j | min=-3.484-0.830j | max=0.455+2.358j
26-02-14-12 梯度监控 | raw=0.4736 | per_param=0.0225 |  natural=0.3802 | clipped=0.3802(上限20.0)
26-02-14-12 原始规范坐标 G(Re Σrow_mean) = +10.8504 | 累计|g| = 6.9464
26-02-14-12 Ψ矩阵条件数 cond(Ψ) = 1.27e+01
26-02-14-12 Loss=-1.898530 | E0=-0.98494270-0.00120477j | E1=-0.91358702+0.00005397j|E2=-0.91358702+0.00005397j|E3=-0.91358702+0.00005397j
26-02-14-12 #-----------------------------------------#
26-02-14-12 [GaugeReset@30] 吸收 Δg = Σ Re(col_mean) = +10.8504 | 新|g| = 7.6832
26-02-14-12 [Step  30] logΨ: mean=-0.885+0.108j | min=-4.880-1.677j | max=-0.631+1.915j
26-02-14-12 梯度监控 | raw=0.5250 | per_param=0.0249 |  natural=0.3842 | clipped=0.3842(上限20.0)
26-02-14-12 原始规范坐标 G(Re Σrow_mean) = +10.8503 | 累计|g| = 7.6832
26-02-14-12 Ψ矩阵条件数 cond(Ψ) = 1.44e+01
26-02-14-12 Loss=-1.907053 | E0=-0.98450028-0.00063323j | E1=-0.92255243-0.00198731j|E2=-0.92255243-0.00198731j|E3=-0.92255243-0.00198731j
26-02-14-12 #-----------------------------------------#
26-02-14-12 [Step  31] logΨ: mean=-0.889-0.162j | min=-6.601-1.160j | max=-0.633+1.926j
26-02-14-12 梯度监控 | raw=0.4363 | per_param=0.0207 |  natural=0.4464 | clipped=0.4464(上限20.0)
26-02-14-12 原始规范坐标 G(Re Σrow_mean) = +10.8419 | 累计|g| = 7.6832
26-02-14-12 Ψ矩阵条件数 cond(Ψ) = 1.66e+01
26-02-14-12 Loss=-1.912222 | E0=-0.97930057+0.00448993j | E1=-0.93292110-0.00408956j|E2=-0.93292110-0.00408956j|E3=-0.93292110-0.00408956j
26-02-14-12 #-----------------------------------------#
26-02-14-12 [Step  32] logΨ: mean=-0.926+0.244j | min=-4.947-3.130j | max=-0.677+1.933j
26-02-14-12 梯度监控 | raw=0.5056 | per_param=0.0240 |  natural=0.3716 | clipped=0.3716(上限20.0)
26-02-14-12 原始规范坐标 G(Re Σrow_mean) = +10.8138 | 累计|g| = 7.6832
26-02-14-12 Ψ矩阵条件数 cond(Ψ) = 4.57e+01
26-02-14-12 Loss=-1.922443 | E0=-0.98938997+0.00412945j | E1=-0.93305348-0.00325265j|E2=-0.93305348-0.00325265j|E3=-0.93305348-0.00325265j
26-02-14-12 #-----------------------------------------#
26-02-14-12 [Step  33] logΨ: mean=-0.882+0.278j | min=-5.698+1.051j | max=-0.638+1.998j
26-02-14-12 梯度监控 | raw=0.5256 | per_param=0.0249 |  natural=0.7870 | clipped=0.7870(上限20.0)
26-02-14-12 原始规范坐标 G(Re Σrow_mean) = +10.8783 | 累计|g| = 7.6832
26-02-14-12 Ψ矩阵条件数 cond(Ψ) = 3.04e+01
26-02-14-12 Loss=-1.919041 | E0=-0.98856145+0.00327569j | E1=-0.93048001-0.00087296j|E2=-0.93048001-0.00087296j|E3=-0.93048001-0.00087296j
26-02-14-12 #-----------------------------------------#
26-02-14-12 [Step  34] logΨ: mean=-0.860+0.630j | min=-6.306+0.038j | max=-0.628+2.030j
26-02-14-12 梯度监控 | raw=0.4590 | per_param=0.0218 |  natural=0.4423 | clipped=0.4423(上限20.0)
26-02-14-12 原始规范坐标 G(Re Σrow_mean) = +11.0109 | 累计|g| = 7.6832
26-02-14-12 Ψ矩阵条件数 cond(Ψ) = 3.59e+01
26-02-14-12 Loss=-1.911197 | E0=-0.99293929-0.00107475j | E1=-0.91825730+0.00495814j|E2=-0.91825730+0.00495814j|E3=-0.91825730+0.00495814j
26-02-14-12 #-----------------------------------------#
26-02-14-12 [Step  35] logΨ: mean=-0.766+0.815j | min=-6.871-1.420j | max=-0.536+2.056j
26-02-14-12 梯度监控 | raw=0.4590 | per_param=0.0218 |  natural=0.6801 | clipped=0.6801(上限20.0)
26-02-14-12 原始规范坐标 G(Re Σrow_mean) = +11.1198 | 累计|g| = 7.6832
26-02-14-12 Ψ矩阵条件数 cond(Ψ) = 1.74e+01
26-02-14-12 Loss=-1.917645 | E0=-0.99016959+0.00184298j | E1=-0.92747533+0.00285690j|E2=-0.92747533+0.00285690j|E3=-0.92747533+0.00285690j
26-02-14-12 #-----------------------------------------#
26-02-14-12 [Step  36] logΨ: mean=-0.752+0.837j | min=-4.979+1.333j | max=-0.540+2.052j
26-02-14-12 梯度监控 | raw=0.4543 | per_param=0.0216 |  natural=0.2439 | clipped=0.2439(上限20.0)
26-02-14-12 原始规范坐标 G(Re Σrow_mean) = +11.1368 | 累计|g| = 7.6832
26-02-14-12 Ψ矩阵条件数 cond(Ψ) = 2.09e+01
26-02-14-12 Loss=-1.926647 | E0=-0.99411684-0.00026443j | E1=-0.93253025+0.00139316j|E2=-0.93253025+0.00139316j|E3=-0.93253025+0.00139316j
26-02-14-12 #-----------------------------------------#
26-02-14-12 [Step  37] logΨ: mean=-0.755+0.317j | min=-5.081+1.262j | max=-0.536+2.041j
26-02-14-12 梯度监控 | raw=0.5489 | per_param=0.0261 |  natural=0.3094 | clipped=0.3094(上限20.0)
26-02-14-12 原始规范坐标 G(Re Σrow_mean) = +11.0907 | 累计|g| = 7.6832
26-02-14-12 Ψ矩阵条件数 cond(Ψ) = 4.07e+01
26-02-14-12 Loss=-1.926711 | E0=-0.99122531-0.00059782j | E1=-0.93548546-0.00023445j|E2=-0.93548546-0.00023445j|E3=-0.93548546-0.00023445j
26-02-14-12 #-----------------------------------------#
26-02-14-12 [Step  38] logΨ: mean=-0.641+0.424j | min=-5.292-1.114j | max=-0.445+2.097j
26-02-14-12 梯度监控 | raw=0.3483 | per_param=0.0165 |  natural=0.4879 | clipped=0.4879(上限20.0)
26-02-14-12 原始规范坐标 G(Re Σrow_mean) = +11.2130 | 累计|g| = 7.6832
26-02-14-12 Ψ矩阵条件数 cond(Ψ) = 2.43e+01
26-02-14-12 Loss=-1.927164 | E0=-0.98615627+0.00391402j | E1=-0.94100742+0.00060784j|E2=-0.94100742+0.00060784j|E3=-0.94100742+0.00060784j
26-02-14-12 #-----------------------------------------#
26-02-14-13 [Step  39] logΨ: mean=-0.607+0.541j | min=-4.817-1.218j | max=-0.441+2.060j
26-02-14-13 梯度监控 | raw=0.5269 | per_param=0.0250 |  natural=0.2238 | clipped=0.2238(上限20.0)
26-02-14-13 原始规范坐标 G(Re Σrow_mean) = +11.3141 | 累计|g| = 7.6832
26-02-14-13 Ψ矩阵条件数 cond(Ψ) = 2.64e+01
26-02-14-13 Loss=-1.931880 | E0=-0.99461976-0.00255679j | E1=-0.93725975+0.00090747j|E2=-0.93725975+0.00090747j|E3=-0.93725975+0.00090747j
26-02-14-13 #-----------------------------------------#
26-02-14-13 [保存] Step 39 → pickle 文件已更新 (40 条记录)
26-02-14-13 [GaugeReset@40] 吸收 Δg = Σ Re(col_mean) = +11.3141 | 新|g| = 8.0319
26-02-14-13 [Step  40] logΨ: mean=-1.139-0.223j | min=-5.203-2.732j | max=-0.961+1.574j
26-02-14-13 梯度监控 | raw=0.5097 | per_param=0.0242 |  natural=0.2425 | clipped=0.2425(上限20.0)
26-02-14-13 原始规范坐标 G(Re Σrow_mean) = +11.1470 | 累计|g| = 8.0319
26-02-14-13 Ψ矩阵条件数 cond(Ψ) = 2.22e+01
26-02-14-13 Loss=-1.939806 | E0=-0.99251187+0.00055698j | E1=-0.94729378-0.00209908j|E2=-0.94729378-0.00209908j|E3=-0.94729378-0.00209908j
26-02-14-13 #-----------------------------------------#
26-02-14-13 [Step  41] logΨ: mean=-1.124+0.726j | min=-5.422-2.662j | max=-0.962+1.568j
26-02-14-13 梯度监控 | raw=0.4025 | per_param=0.0191 |  natural=0.1943 | clipped=0.1943(上限20.0)
26-02-14-13 原始规范坐标 G(Re Σrow_mean) = +11.2757 | 累计|g| = 8.0319
26-02-14-13 Ψ矩阵条件数 cond(Ψ) = 2.45e+01
26-02-14-13 Loss=-1.933910 | E0=-0.99410882-0.00136730j | E1=-0.93980130+0.00212256j|E2=-0.93980130+0.00212256j|E3=-0.93980130+0.00212256j
26-02-14-13 #-----------------------------------------#
26-02-14-13 [Step  42] logΨ: mean=-1.153+0.435j | min=-5.769+0.864j | max=-0.979+1.558j
26-02-14-13 梯度监控 | raw=0.4267 | per_param=0.0202 |  natural=0.2673 | clipped=0.2673(上限20.0)
26-02-14-13 原始规范坐标 G(Re Σrow_mean) = +11.1729 | 累计|g| = 8.0319
26-02-14-13 Ψ矩阵条件数 cond(Ψ) = 5.77e+01
26-02-14-13 Loss=-1.939008 | E0=-0.99554412+0.00070201j | E1=-0.94346430-0.00005780j|E2=-0.94346430-0.00005780j|E3=-0.94346430-0.00005780j
26-02-14-13 #-----------------------------------------#
26-02-14-13 [Step  43] logΨ: mean=-1.109-0.015j | min=-5.688+0.984j | max=-0.960+1.534j
26-02-14-13 梯度监控 | raw=0.3581 | per_param=0.0170 |  natural=0.1923 | clipped=0.1923(上限20.0)
26-02-14-13 原始规范坐标 G(Re Σrow_mean) = +11.2258 | 累计|g| = 8.0319
26-02-14-13 Ψ矩阵条件数 cond(Ψ) = 8.94e+00
26-02-14-13 Loss=-1.938602 | E0=-0.99494939-0.00090916j | E1=-0.94365294+0.00045987j|E2=-0.94365294+0.00045987j|E3=-0.94365294+0.00045987j
26-02-14-13 #-----------------------------------------#
26-02-14-13 [Step  44] logΨ: mean=-1.106+0.048j | min=-5.415-1.757j | max=-0.966+1.546j
26-02-14-13 梯度监控 | raw=0.3622 | per_param=0.0172 |  natural=0.1846 | clipped=0.1846(上限20.0)
26-02-14-13 原始规范坐标 G(Re Σrow_mean) = +11.1799 | 累计|g| = 8.0319
26-02-14-13 Ψ矩阵条件数 cond(Ψ) = 5.52e+01
26-02-14-13 Loss=-1.944832 | E0=-0.99515208+0.00044739j | E1=-0.94967961-0.00025817j|E2=-0.94967961-0.00025817j|E3=-0.94967961-0.00025817j
26-02-14-13 #-----------------------------------------#
26-02-14-13 [Step  45] logΨ: mean=-1.119-0.240j | min=-5.446-2.497j | max=-0.965+1.524j
26-02-14-13 梯度监控 | raw=0.3931 | per_param=0.0187 |  natural=0.1743 | clipped=0.1743(上限20.0)
26-02-14-13 原始规范坐标 G(Re Σrow_mean) = +11.1711 | 累计|g| = 8.0319
26-02-14-13 Ψ矩阵条件数 cond(Ψ) = 2.45e+01
26-02-14-13 Loss=-1.939376 | E0=-0.99449486-0.00169313j | E1=-0.94488069+0.00058135j|E2=-0.94488069+0.00058135j|E3=-0.94488069+0.00058135j
26-02-14-13 #-----------------------------------------#
26-02-14-13 [Step  46] logΨ: mean=-0.869-0.146j | min=-6.696-2.804j | max=-0.724+1.564j
26-02-14-13 梯度监控 | raw=0.4093 | per_param=0.0194 |  natural=0.8447 | clipped=0.8447(上限20.0)
26-02-14-13 原始规范坐标 G(Re Σrow_mean) = +11.3350 | 累计|g| = 8.0319
26-02-14-13 Ψ矩阵条件数 cond(Ψ) = 3.24e+01
26-02-14-13 Loss=-1.932479 | E0=-0.98890491+0.00176883j | E1=-0.94357415+0.00043326j|E2=-0.94357415+0.00043326j|E3=-0.94357415+0.00043326j
26-02-14-13 #-----------------------------------------#
26-02-14-13 [Step  47] logΨ: mean=-1.017-0.090j | min=-6.040-1.215j | max=-0.886+1.644j
26-02-14-13 梯度监控 | raw=0.3809 | per_param=0.0181 |  natural=0.6779 | clipped=0.6779(上限20.0)
26-02-14-13 原始规范坐标 G(Re Σrow_mean) = +11.1675 | 累计|g| = 8.0319
26-02-14-13 Ψ矩阵条件数 cond(Ψ) = 2.36e+01
26-02-14-13 Loss=-1.954199 | E0=-1.00250938+0.00430240j | E1=-0.95168941-0.00230088j|E2=-0.95168941-0.00230088j|E3=-0.95168941-0.00230088j
26-02-14-13 #-----------------------------------------#
26-02-14-13 [Step  48] logΨ: mean=-1.072-0.093j | min=-6.182-1.583j | max=-0.942+1.637j
26-02-14-13 梯度监控 | raw=0.5012 | per_param=0.0238 |  natural=0.3644 | clipped=0.3644(上限20.0)
26-02-14-13 原始规范坐标 G(Re Σrow_mean) = +11.1916 | 累计|g| = 8.0319
26-02-14-13 Ψ矩阵条件数 cond(Ψ) = 2.43e+01
26-02-14-13 Loss=-1.944193 | E0=-0.99923537+0.00045317j | E1=-0.94495772-0.00166342j|E2=-0.94495772-0.00166342j|E3=-0.94495772-0.00166342j
26-02-14-13 #-----------------------------------------#
26-02-14-13 [Step  49] logΨ: mean=-1.069-0.135j | min=-5.186+1.255j | max=-0.926+1.622j
26-02-14-13 梯度监控 | raw=0.4586 | per_param=0.0218 |  natural=0.1835 | clipped=0.1835(上限20.0)
26-02-14-13 原始规范坐标 G(Re Σrow_mean) = +11.1050 | 累计|g| = 8.0319
26-02-14-13 Ψ矩阵条件数 cond(Ψ) = 2.98e+01
26-02-14-13 Loss=-1.941818 | E0=-0.99376988-0.00092520j | E1=-0.94804853-0.00059778j|E2=-0.94804853-0.00059778j|E3=-0.94804853-0.00059778j
26-02-14-13 #-----------------------------------------#
26-02-14-13 [GaugeReset@50] 吸收 Δg = Σ Re(col_mean) = +11.1050 | 新|g| = 7.8977
26-02-14-13 [Step  50] logΨ: mean=-0.858-0.804j | min=-5.542-1.213j | max=-0.724+1.427j
26-02-14-13 梯度监控 | raw=0.4809 | per_param=0.0228 |  natural=0.2581 | clipped=0.2581(上限20.0)
26-02-14-13 原始规范坐标 G(Re Σrow_mean) = +11.1274 | 累计|g| = 7.8977
26-02-14-13 Ψ矩阵条件数 cond(Ψ) = 3.49e+01
26-02-14-13 Loss=-1.941859 | E0=-0.99785446-0.00143144j | E1=-0.94400424-0.00050669j|E2=-0.94400424-0.00050669j|E3=-0.94400424-0.00050669j
26-02-14-13 #-----------------------------------------#
26-02-14-13 [Step  51] logΨ: mean=-0.792-0.158j | min=-5.763+1.811j | max=-0.675+1.403j
26-02-14-13 梯度监控 | raw=0.3391 | per_param=0.0161 |  natural=0.2169 | clipped=0.2169(上限20.0)
26-02-14-13 原始规范坐标 G(Re Σrow_mean) = +11.2603 | 累计|g| = 7.8977
26-02-14-13 Ψ矩阵条件数 cond(Ψ) = 1.40e+01
26-02-14-13 Loss=-1.941368 | E0=-0.99668582-0.00154189j | E1=-0.94468200+0.00205678j|E2=-0.94468200+0.00205678j|E3=-0.94468200+0.00205678j
26-02-14-13 #-----------------------------------------#
26-02-14-13 [Step  52] logΨ: mean=-0.804-0.251j | min=-5.468-1.881j | max=-0.696+1.407j
26-02-14-13 梯度监控 | raw=0.2826 | per_param=0.0134 |  natural=0.1671 | clipped=0.1671(上限20.0)
26-02-14-13 原始规范坐标 G(Re Σrow_mean) = +11.0860 | 累计|g| = 7.8977
26-02-14-13 Ψ矩阵条件数 cond(Ψ) = 1.33e+01
26-02-14-13 Loss=-1.950584 | E0=-0.99630714+0.00136494j | E1=-0.95427644-0.00209668j|E2=-0.95427644-0.00209668j|E3=-0.95427644-0.00209668j
26-02-14-13 #-----------------------------------------#
26-02-14-13 [Step  53] logΨ: mean=-0.798-0.229j | min=-4.789-2.043j | max=-0.685+1.373j
26-02-14-13 梯度监控 | raw=0.3118 | per_param=0.0148 |  natural=0.1566 | clipped=0.1566(上限20.0)
26-02-14-13 原始规范坐标 G(Re Σrow_mean) = +11.2071 | 累计|g| = 7.8977
26-02-14-13 Ψ矩阵条件数 cond(Ψ) = 5.51e+00
26-02-14-13 Loss=-1.943906 | E0=-0.99784100-0.00127283j | E1=-0.94606544+0.00070422j|E2=-0.94606544+0.00070422j|E3=-0.94606544+0.00070422j
26-02-14-13 #-----------------------------------------#
26-02-14-13 [Step  54] logΨ: mean=-0.858-0.722j | min=-5.782+0.675j | max=-0.732+1.338j
26-02-14-13 梯度监控 | raw=0.3023 | per_param=0.0143 |  natural=0.2045 | clipped=0.2045(上限20.0)
26-02-14-13 原始规范坐标 G(Re Σrow_mean) = +11.0195 | 累计|g| = 7.8977
26-02-14-13 Ψ矩阵条件数 cond(Ψ) = 2.80e+01
26-02-14-13 Loss=-1.946344 | E0=-0.99546307-0.00137846j | E1=-0.95088055-0.00149535j|E2=-0.95088055-0.00149535j|E3=-0.95088055-0.00149535j
26-02-14-13 #-----------------------------------------#
26-02-14-13 [Step  55] logΨ: mean=-0.816-0.630j | min=-5.565+0.664j | max=-0.710+1.302j
26-02-14-13 梯度监控 | raw=0.2500 | per_param=0.0119 |  natural=0.1497 | clipped=0.1497(上限20.0)
26-02-14-13 原始规范坐标 G(Re Σrow_mean) = +11.0855 | 累计|g| = 7.8977
26-02-14-13 Ψ矩阵条件数 cond(Ψ) = 1.41e+01
26-02-14-13 Loss=-1.947046 | E0=-0.99563885-0.00123387j | E1=-0.95140701-0.00002649j|E2=-0.95140701-0.00002649j|E3=-0.95140701-0.00002649j
26-02-14-13 #-----------------------------------------#
26-02-14-13 [Step  56] logΨ: mean=-0.958+0.058j | min=-6.241-1.586j | max=-0.852+1.340j
26-02-14-13 梯度监控 | raw=0.3072 | per_param=0.0146 |  natural=0.6254 | clipped=0.6254(上限20.0)
26-02-14-13 原始规范坐标 G(Re Σrow_mean) = +11.0046 | 累计|g| = 7.8977
26-02-14-13 Ψ矩阵条件数 cond(Ψ) = 1.37e+01
26-02-14-13 Loss=-1.954354 | E0=-1.00169068+0.00127474j | E1=-0.95266344-0.00046519j|E2=-0.95266344-0.00046519j|E3=-0.95266344-0.00046519j
26-02-14-13 #-----------------------------------------#
26-02-14-13 [Step  57] logΨ: mean=-0.908+0.176j | min=-5.484+1.094j | max=-0.806+1.317j
26-02-14-13 梯度监控 | raw=0.2637 | per_param=0.0125 |  natural=0.1701 | clipped=0.1701(上限20.0)
26-02-14-13 原始规范坐标 G(Re Σrow_mean) = +10.8147 | 累计|g| = 7.8977
26-02-14-13 Ψ矩阵条件数 cond(Ψ) = 1.35e+01
26-02-14-13 Loss=-1.947302 | E0=-0.99088445-0.00022691j | E1=-0.95641767-0.00265072j|E2=-0.95641767-0.00265072j|E3=-0.95641767-0.00265072j
26-02-14-13 #-----------------------------------------#
26-02-14-13 [Step  58] logΨ: mean=-0.940+0.013j | min=-5.383-2.457j | max=-0.846+1.292j
26-02-14-13 梯度监控 | raw=0.2659 | per_param=0.0126 |  natural=0.1990 | clipped=0.1990(上限20.0)
26-02-14-13 原始规范坐标 G(Re Σrow_mean) = +10.8639 | 累计|g| = 7.8977
26-02-14-13 Ψ矩阵条件数 cond(Ψ) = 2.47e+01
26-02-14-13 Loss=-1.951634 | E0=-0.99349599-0.00013999j | E1=-0.95813816-0.00291821j|E2=-0.95813816-0.00291821j|E3=-0.95813816-0.00291821j
26-02-14-13 #-----------------------------------------#
26-02-14-13 [Step  59] logΨ: mean=-0.902-0.189j | min=-4.569-2.379j | max=-0.817+1.257j
26-02-14-13 梯度监控 | raw=0.2493 | per_param=0.0118 |  natural=0.1346 | clipped=0.1346(上限20.0)
26-02-14-13 原始规范坐标 G(Re Σrow_mean) = +10.9132 | 累计|g| = 7.8977
26-02-14-13 Ψ矩阵条件数 cond(Ψ) = 2.48e+01
26-02-14-13 Loss=-1.949042 | E0=-0.99682249-0.00085043j | E1=-0.95221960-0.00118682j|E2=-0.95221960-0.00118682j|E3=-0.95221960-0.00118682j
26-02-14-13 #-----------------------------------------#
26-02-14-13 [保存] Step 59 → pickle 文件已更新 (60 条记录)
26-02-14-13 [GaugeReset@60] 吸收 Δg = Σ Re(col_mean) = +10.9132 | 新|g| = 7.7546
26-02-14-13 [Step  60] logΨ: mean=-0.657-0.477j | min=-5.924-1.998j | max=-0.582+1.309j
26-02-14-13 梯度监控 | raw=0.2031 | per_param=0.0096 |  natural=0.1682 | clipped=0.1682(上限20.0)
26-02-14-13 原始规范坐标 G(Re Σrow_mean) = +11.0051 | 累计|g| = 7.7546
26-02-14-13 Ψ矩阵条件数 cond(Ψ) = 2.11e+01
26-02-14-13 Loss=-1.948069 | E0=-0.99396662-0.00108391j | E1=-0.95410278-0.00036752j|E2=-0.95410278-0.00036752j|E3=-0.95410278-0.00036752j
26-02-14-13 #-----------------------------------------#
26-02-14-13 [Step  61] logΨ: mean=-0.648-0.215j | min=-5.119+2.001j | max=-0.581+1.369j
26-02-14-13 梯度监控 | raw=0.1388 | per_param=0.0066 |  natural=0.2349 | clipped=0.2349(上限20.0)
26-02-14-13 原始规范坐标 G(Re Σrow_mean) = +11.1318 | 累计|g| = 7.7546
26-02-14-13 Ψ矩阵条件数 cond(Ψ) = 2.75e+01
26-02-14-13 Loss=-1.952184 | E0=-0.99981926+0.00217161j | E1=-0.95236481+0.00085429j|E2=-0.95236481+0.00085429j|E3=-0.95236481+0.00085429j
26-02-14-13 #-----------------------------------------#
26-02-14-13 [Step  62] logΨ: mean=-0.612-0.401j | min=-4.368-0.682j | max=-0.551+1.346j
26-02-14-13 梯度监控 | raw=0.1678 | per_param=0.0080 |  natural=0.1172 | clipped=0.1172(上限20.0)
26-02-14-13 原始规范坐标 G(Re Σrow_mean) = +11.3023 | 累计|g| = 7.7546
26-02-14-13 Ψ矩阵条件数 cond(Ψ) = 2.19e+01
26-02-14-13 Loss=-1.947984 | E0=-0.99954094-0.00145666j | E1=-0.94844306+0.00258883j|E2=-0.94844306+0.00258883j|E3=-0.94844306+0.00258883j
26-02-14-13 #-----------------------------------------#
26-02-14-13 [Step  63] logΨ: mean=-0.647-0.893j | min=-4.957-1.927j | max=-0.557+1.345j
26-02-14-13 梯度监控 | raw=0.1928 | per_param=0.0092 |  natural=0.1743 | clipped=0.1743(上限20.0)
26-02-14-13 原始规范坐标 G(Re Σrow_mean) = +11.1377 | 累计|g| = 7.7546
26-02-14-13 Ψ矩阵条件数 cond(Ψ) = 2.82e+01
26-02-14-13 Loss=-1.946850 | E0=-0.99721436-0.00127609j | E1=-0.94963581+0.00137700j|E2=-0.94963581+0.00137700j|E3=-0.94963581+0.00137700j
26-02-14-13 #-----------------------------------------#
26-02-14-13 [Step  64] logΨ: mean=-0.609-0.602j | min=-5.467-2.528j | max=-0.535+1.317j
26-02-14-13 梯度监控 | raw=0.1906 | per_param=0.0090 |  natural=0.1239 | clipped=0.1239(上限20.0)
26-02-14-13 原始规范坐标 G(Re Σrow_mean) = +11.1476 | 累计|g| = 7.7546
26-02-14-13 Ψ矩阵条件数 cond(Ψ) = 2.08e+01
26-02-14-13 Loss=-1.948238 | E0=-0.99808648-0.00138547j | E1=-0.95015140+0.00099175j|E2=-0.95015140+0.00099175j|E3=-0.95015140+0.00099175j
26-02-14-13 #-----------------------------------------#
26-02-14-13 [Step  65] logΨ: mean=-0.587-0.463j | min=-4.610-0.597j | max=-0.515+1.291j
26-02-14-13 梯度监控 | raw=0.1514 | per_param=0.0072 |  natural=0.1286 | clipped=0.1286(上限20.0)
26-02-14-13 原始规范坐标 G(Re Σrow_mean) = +11.0969 | 累计|g| = 7.7546
26-02-14-13 Ψ矩阵条件数 cond(Ψ) = 2.23e+01
26-02-14-13 Loss=-1.948343 | E0=-0.99657225-0.00102717j | E1=-0.95177111+0.00047013j|E2=-0.95177111+0.00047013j|E3=-0.95177111+0.00047013j
26-02-14-13 #-----------------------------------------#
26-02-14-13 [Step  66] logΨ: mean=-0.572-0.003j | min=-5.181+0.868j | max=-0.497+1.256j
26-02-14-13 梯度监控 | raw=0.1347 | per_param=0.0064 |  natural=0.1132 | clipped=0.1132(上限20.0)
26-02-14-13 原始规范坐标 G(Re Σrow_mean) = +11.0228 | 累计|g| = 7.7546
26-02-14-13 Ψ矩阵条件数 cond(Ψ) = 3.95e+01
26-02-14-13 Loss=-1.949885 | E0=-0.99623288-0.00081981j | E1=-0.95365256-0.00027408j|E2=-0.95365256-0.00027408j|E3=-0.95365256-0.00027408j
26-02-14-13 #-----------------------------------------#
26-02-14-13 [Step  67] logΨ: mean=-0.624+0.105j | min=-5.207+0.907j | max=-0.555+1.264j
26-02-14-13 梯度监控 | raw=0.1035 | per_param=0.0049 |  natural=0.1860 | clipped=0.1860(上限20.0)
26-02-14-13 原始规范坐标 G(Re Σrow_mean) = +11.1060 | 累计|g| = 7.7546
26-02-14-13 Ψ矩阵条件数 cond(Ψ) = 2.26e+01
26-02-14-13 Loss=-1.950655 | E0=-0.99643596-0.00102247j | E1=-0.95421876+0.00108424j|E2=-0.95421876+0.00108424j|E3=-0.95421876+0.00108424j
26-02-14-13 #-----------------------------------------#
26-02-14-13 [Step  68] logΨ: mean=-0.658-0.159j | min=-4.628-2.467j | max=-0.592+1.270j
26-02-14-13 梯度监控 | raw=0.1337 | per_param=0.0063 |  natural=0.1620 | clipped=0.1620(上限20.0)
26-02-14-13 原始规范坐标 G(Re Σrow_mean) = +11.0272 | 累计|g| = 7.7546
26-02-14-13 Ψ矩阵条件数 cond(Ψ) = 3.49e+01
26-02-14-13 Loss=-1.951928 | E0=-0.99784954-0.00100096j | E1=-0.95407860+0.00051446j|E2=-0.95407860+0.00051446j|E3=-0.95407860+0.00051446j
26-02-14-13 #-----------------------------------------#
26-02-14-13 [Step  69] logΨ: mean=-0.587-0.166j | min=-5.105-2.198j | max=-0.527+1.272j
26-02-14-13 梯度监控 | raw=0.1016 | per_param=0.0048 |  natural=0.1791 | clipped=0.1791(上限20.0)
26-02-14-13 原始规范坐标 G(Re Σrow_mean) = +10.9410 | 累计|g| = 7.7546
26-02-14-13 Ψ矩阵条件数 cond(Ψ) = 3.21e+01
26-02-14-13 Loss=-1.948817 | E0=-0.99439213-0.00054034j | E1=-0.95442492-0.00009975j|E2=-0.95442492-0.00009975j|E3=-0.95442492-0.00009975j
26-02-14-13 #-----------------------------------------#
26-02-14-13 [GaugeReset@70] 吸收 Δg = Σ Re(col_mean) = +10.9410 | 新|g| = 7.7728
26-02-14-13 [Step  70] logΨ: mean=-0.647-0.355j | min=-5.774+1.916j | max=-0.548+1.263j
26-02-14-13 梯度监控 | raw=0.2176 | per_param=0.0103 |  natural=0.1749 | clipped=0.1749(上限20.0)
26-02-14-13 原始规范坐标 G(Re Σrow_mean) = +10.9989 | 累计|g| = 7.7728
26-02-14-13 Ψ矩阵条件数 cond(Ψ) = 2.50e+01
26-02-14-13 Loss=-1.948221 | E0=-0.99620765-0.00101671j | E1=-0.95201383-0.00018517j|E2=-0.95201383-0.00018517j|E3=-0.95201383-0.00018517j
26-02-14-13 #-----------------------------------------#
26-02-14-13 [Step  71] logΨ: mean=-0.563+0.066j | min=-5.139+1.005j | max=-0.510+1.238j
26-02-14-13 梯度监控 | raw=0.0913 | per_param=0.0043 |  natural=0.1120 | clipped=0.1120(上限20.0)
26-02-14-13 原始规范坐标 G(Re Σrow_mean) = +10.8870 | 累计|g| = 7.7728
26-02-14-13 Ψ矩阵条件数 cond(Ψ) = 4.32e+01
26-02-14-13 Loss=-1.950462 | E0=-0.99517308-0.00076814j | E1=-0.95528922-0.00061366j|E2=-0.95528922-0.00061366j|E3=-0.95528922-0.00061366j
26-02-14-13 #-----------------------------------------#
26-02-14-13 [Step  72] logΨ: mean=-0.577-0.267j | min=-4.678-0.649j | max=-0.516+1.236j
26-02-14-13 梯度监控 | raw=0.0751 | per_param=0.0036 |  natural=0.1272 | clipped=0.1272(上限20.0)
26-02-14-13 原始规范坐标 G(Re Σrow_mean) = +10.9011 | 累计|g| = 7.7728
26-02-14-13 Ψ矩阵条件数 cond(Ψ) = 2.67e+01
26-02-14-13 Loss=-1.949775 | E0=-0.99476719-0.00066698j | E1=-0.95500826-0.00052606j|E2=-0.95500826-0.00052606j|E3=-0.95500826-0.00052606j
26-02-14-13 #-----------------------------------------#
26-02-14-13 [Step  73] logΨ: mean=-0.533-0.163j | min=-5.062+0.881j | max=-0.481+1.229j
26-02-14-13 梯度监控 | raw=0.0593 | per_param=0.0028 |  natural=0.1049 | clipped=0.1049(上限20.0)
26-02-14-13 原始规范坐标 G(Re Σrow_mean) = +10.8549 | 累计|g| = 7.7728
26-02-14-13 Ψ矩阵条件数 cond(Ψ) = 2.76e+01
26-02-14-13 Loss=-1.950847 | E0=-0.99465736-0.00056160j | E1=-0.95619001-0.00077550j|E2=-0.95619001-0.00077550j|E3=-0.95619001-0.00077550j
26-02-14-13 #-----------------------------------------#
26-02-14-13 [Step  74] logΨ: mean=-0.532-0.041j | min=-5.234-1.951j | max=-0.473+1.239j
26-02-14-13 梯度监控 | raw=0.0533 | per_param=0.0025 |  natural=0.0875 | clipped=0.0875(上限20.0)
26-02-14-13 原始规范坐标 G(Re Σrow_mean) = +10.7864 | 累计|g| = 7.7728
26-02-14-13 Ψ矩阵条件数 cond(Ψ) = 4.21e+01
26-02-14-13 Loss=-1.952467 | E0=-0.99539889-0.00054280j | E1=-0.95706779-0.00083374j|E2=-0.95706779-0.00083374j|E3=-0.95706779-0.00083374j
26-02-14-13 #-----------------------------------------#
26-02-14-13 [Step  75] logΨ: mean=-0.621-0.202j | min=-4.871+2.815j | max=-0.554+1.253j
26-02-14-13 梯度监控 | raw=0.0754 | per_param=0.0036 |  natural=0.1929 | clipped=0.1929(上限20.0)
26-02-14-13 原始规范坐标 G(Re Σrow_mean) = +10.8528 | 累计|g| = 7.7728
26-02-14-13 Ψ矩阵条件数 cond(Ψ) = 3.91e+01
26-02-14-13 Loss=-1.952873 | E0=-0.99545352-0.00065782j | E1=-0.95741908-0.00033244j|E2=-0.95741908-0.00033244j|E3=-0.95741908-0.00033244j
26-02-14-13 #-----------------------------------------#
26-02-14-13 [Step  76] logΨ: mean=-0.609-0.288j | min=-5.159+0.897j | max=-0.544+1.247j
26-02-14-13 梯度监控 | raw=0.0716 | per_param=0.0034 |  natural=0.1095 | clipped=0.1095(上限20.0)
26-02-14-13 原始规范坐标 G(Re Σrow_mean) = +10.8634 | 累计|g| = 7.7728
26-02-14-13 Ψ矩阵条件数 cond(Ψ) = 2.65e+01
26-02-14-13 Loss=-1.951126 | E0=-0.99554939-0.00072626j | E1=-0.95557683-0.00023242j|E2=-0.95557683-0.00023242j|E3=-0.95557683-0.00023242j
26-02-14-13 #-----------------------------------------#
26-02-14-13 [Step  77] logΨ: mean=-0.554-0.692j | min=-5.285+1.141j | max=-0.481+1.236j
26-02-14-13 梯度监控 | raw=0.1898 | per_param=0.0090 |  natural=0.1365 | clipped=0.1365(上限20.0)
26-02-14-13 原始规范坐标 G(Re Σrow_mean) = +10.8797 | 累计|g| = 7.7728
26-02-14-13 Ψ矩阵条件数 cond(Ψ) = 3.64e+01
26-02-14-13 Loss=-1.949132 | E0=-0.99586101-0.00070874j | E1=-0.95327077-0.00048773j|E2=-0.95327077-0.00048773j|E3=-0.95327077-0.00048773j
26-02-14-13 #-----------------------------------------#
26-02-14-13 [Step  78] logΨ: mean=-0.561-0.682j | min=-4.967-2.057j | max=-0.507+1.247j
26-02-14-13 梯度监控 | raw=0.0661 | per_param=0.0031 |  natural=0.1129 | clipped=0.1129(上限20.0)
26-02-14-13 原始规范坐标 G(Re Σrow_mean) = +10.8135 | 累计|g| = 7.7728
26-02-14-13 Ψ矩阵条件数 cond(Ψ) = 3.22e+01
26-02-14-13 Loss=-1.952405 | E0=-0.99609614-0.00055479j | E1=-0.95630935-0.00071279j|E2=-0.95630935-0.00071279j|E3=-0.95630935-0.00071279j
26-02-14-13 #-----------------------------------------#
26-02-14-13 [Step  79] logΨ: mean=-0.515-0.682j | min=-6.035+1.078j | max=-0.463+1.239j
26-02-14-13 梯度监控 | raw=0.0793 | per_param=0.0038 |  natural=0.1350 | clipped=0.1350(上限20.0)
26-02-14-13 原始规范坐标 G(Re Σrow_mean) = +10.9010 | 累计|g| = 7.7728
26-02-14-13 Ψ矩阵条件数 cond(Ψ) = 3.25e+01
26-02-14-13 Loss=-1.949689 | E0=-0.99422871-0.00099319j | E1=-0.95545988+0.00007787j|E2=-0.95545988+0.00007787j|E3=-0.95545988+0.00007787j
26-02-14-13 #-----------------------------------------#
26-02-14-13 [保存] Step 79 → pickle 文件已更新 (80 条记录)
26-02-14-13 [GaugeReset@80] 吸收 Δg = Σ Re(col_mean) = +10.9010 | 新|g| = 7.7414
26-02-14-13 [Step  80] logΨ: mean=-0.529-0.848j | min=-4.919-0.522j | max=-0.466+1.296j
26-02-14-13 梯度监控 | raw=0.0679 | per_param=0.0032 |  natural=0.1201 | clipped=0.1201(上限20.0)
26-02-14-13 原始规范坐标 G(Re Σrow_mean) = +10.9811 | 累计|g| = 7.7414
26-02-14-13 Ψ矩阵条件数 cond(Ψ) = 3.76e+01
26-02-14-13 Loss=-1.952506 | E0=-0.99687510-0.00085059j | E1=-0.95563077+0.00066740j|E2=-0.95563077+0.00066740j|E3=-0.95563077+0.00066740j
26-02-14-13 #-----------------------------------------#
26-02-14-13 [Step  81] logΨ: mean=-0.547-0.495j | min=-5.944-2.247j | max=-0.494+1.296j
26-02-14-13 梯度监控 | raw=0.0503 | per_param=0.0024 |  natural=0.1521 | clipped=0.1521(上限20.0)
26-02-14-13 原始规范坐标 G(Re Σrow_mean) = +10.7900 | 累计|g| = 7.7414
26-02-14-13 Ψ矩阵条件数 cond(Ψ) = 3.96e+00
26-02-14-13 Loss=-1.952851 | E0=-0.99583890-0.00019321j | E1=-0.95701249-0.00103536j|E2=-0.95701249-0.00103536j|E3=-0.95701249-0.00103536j
26-02-14-13 #-----------------------------------------#
26-02-14-13 [Step  82] logΨ: mean=-0.585-0.531j | min=-4.790-2.282j | max=-0.542+1.327j
26-02-14-13 梯度监控 | raw=0.0470 | per_param=0.0022 |  natural=0.1204 | clipped=0.1204(上限20.0)
26-02-14-13 原始规范坐标 G(Re Σrow_mean) = +10.8625 | 累计|g| = 7.7414
26-02-14-13 Ψ矩阵条件数 cond(Ψ) = 3.35e+01
26-02-14-13 Loss=-1.953034 | E0=-0.99608716-0.00065978j | E1=-0.95694696+0.00042872j|E2=-0.95694696+0.00042872j|E3=-0.95694696+0.00042872j
26-02-14-13 #-----------------------------------------#
26-02-14-13 [Step  83] logΨ: mean=-0.559-0.649j | min=-5.679-1.333j | max=-0.507+1.312j
26-02-14-13 梯度监控 | raw=0.1352 | per_param=0.0064 |  natural=0.1410 | clipped=0.1410(上限20.0)
26-02-14-13 原始规范坐标 G(Re Σrow_mean) = +11.0555 | 累计|g| = 7.7414
26-02-14-13 Ψ矩阵条件数 cond(Ψ) = 2.61e+01
26-02-14-13 Loss=-1.950080 | E0=-0.99507851-0.00084793j | E1=-0.95500141+0.00081030j|E2=-0.95500141+0.00081030j|E3=-0.95500141+0.00081030j
26-02-14-13 #-----------------------------------------#
26-02-14-13 [Step  84] logΨ: mean=-0.582-0.402j | min=-4.820+0.840j | max=-0.532+1.307j
26-02-14-13 梯度监控 | raw=0.0570 | per_param=0.0027 |  natural=0.0981 | clipped=0.0981(上限20.0)
26-02-14-13 原始规范坐标 G(Re Σrow_mean) = +11.0663 | 累计|g| = 7.7414
26-02-14-13 Ψ矩阵条件数 cond(Ψ) = 2.63e+01
26-02-14-13 Loss=-1.951925 | E0=-0.99628409-0.00096400j | E1=-0.95564044+0.00124851j|E2=-0.95564044+0.00124851j|E3=-0.95564044+0.00124851j
26-02-14-13 #-----------------------------------------#
26-02-14-13 [Step  85] logΨ: mean=-0.623-0.334j | min=-4.421-0.631j | max=-0.566+1.315j
26-02-14-13 梯度监控 | raw=0.0673 | per_param=0.0032 |  natural=0.1084 | clipped=0.1084(上限20.0)
26-02-14-13 原始规范坐标 G(Re Σrow_mean) = +10.9439 | 累计|g| = 7.7414
26-02-14-13 Ψ矩阵条件数 cond(Ψ) = 3.34e+01
26-02-14-13 Loss=-1.952565 | E0=-0.99665048-0.00082196j | E1=-0.95591493+0.00093052j|E2=-0.95591493+0.00093052j|E3=-0.95591493+0.00093052j
26-02-14-13 #-----------------------------------------#
26-02-14-13 [Step  86] logΨ: mean=-0.671-0.486j | min=-5.923+1.771j | max=-0.609+1.319j
26-02-14-13 梯度监控 | raw=0.1621 | per_param=0.0077 |  natural=0.1779 | clipped=0.1779(上限20.0)
26-02-14-13 原始规范坐标 G(Re Σrow_mean) = +10.7262 | 累计|g| = 7.7414
26-02-14-13 Ψ矩阵条件数 cond(Ψ) = 3.48e+01
26-02-14-13 Loss=-1.952813 | E0=-0.99605001-0.00028795j | E1=-0.95676327-0.00028517j|E2=-0.95676327-0.00028517j|E3=-0.95676327-0.00028517j
26-02-14-13 #-----------------------------------------#
26-02-14-13 [Step  87] logΨ: mean=-0.617-0.318j | min=-6.078+1.153j | max=-0.554+1.285j
26-02-14-13 梯度监控 | raw=0.1091 | per_param=0.0052 |  natural=0.1384 | clipped=0.1384(上限20.0)
26-02-14-13 原始规范坐标 G(Re Σrow_mean) = +10.7249 | 累计|g| = 7.7414
26-02-14-13 Ψ矩阵条件数 cond(Ψ) = 5.05e+01
26-02-14-13 Loss=-1.950528 | E0=-0.99535704-0.00075139j | E1=-0.95517135-0.00038124j|E2=-0.95517135-0.00038124j|E3=-0.95517135-0.00038124j
26-02-14-13 #-----------------------------------------#
26-02-14-13 [Step  88] logΨ: mean=-0.582+0.143j | min=-4.339-1.568j | max=-0.546+1.281j
26-02-14-13 梯度监控 | raw=0.0572 | per_param=0.0027 |  natural=0.0875 | clipped=0.0875(上限20.0)
26-02-14-13 原始规范坐标 G(Re Σrow_mean) = +10.8301 | 累计|g| = 7.7414
26-02-14-13 Ψ矩阵条件数 cond(Ψ) = 2.73e+01
26-02-14-13 Loss=-1.952487 | E0=-0.99660022-0.00077056j | E1=-0.95588706+0.00047969j|E2=-0.95588706+0.00047969j|E3=-0.95588706+0.00047969j
26-02-14-13 #-----------------------------------------#
26-02-14-13 [Step  89] logΨ: mean=-0.595+0.440j | min=-4.960+1.003j | max=-0.549+1.253j
26-02-14-13 梯度监控 | raw=0.0614 | per_param=0.0029 |  natural=0.0845 | clipped=0.0845(上限20.0)
26-02-14-13 原始规范坐标 G(Re Σrow_mean) = +10.7033 | 累计|g| = 7.7414
26-02-14-13 Ψ矩阵条件数 cond(Ψ) = 2.86e+01
26-02-14-13 Loss=-1.952828 | E0=-0.99638301-0.00051099j | E1=-0.95644460-0.00088603j|E2=-0.95644460-0.00088603j|E3=-0.95644460-0.00088603j
26-02-14-13 #-----------------------------------------#
26-02-14-13 [GaugeReset@90] 吸收 Δg = Σ Re(col_mean) = +10.7033 | 新|g| = 7.5988
26-02-14-13 [Step  90] logΨ: mean=-0.409+0.419j | min=-4.722+0.883j | max=-0.354+1.325j
26-02-14-13 梯度监控 | raw=0.0461 | per_param=0.0022 |  natural=0.1178 | clipped=0.1178(上限20.0)
26-02-14-13 原始规范坐标 G(Re Σrow_mean) = +10.6003 | 累计|g| = 7.5988
26-02-14-13 Ψ矩阵条件数 cond(Ψ) = 2.93e+01
26-02-14-13 Loss=-1.952506 | E0=-0.99556659-0.00041181j | E1=-0.95693924-0.00061214j|E2=-0.95693924-0.00061214j|E3=-0.95693924-0.00061214j
26-02-14-13 #-----------------------------------------#
26-02-14-13 [Step  91] logΨ: mean=-0.411+0.429j | min=-5.841+0.924j | max=-0.370+1.345j
26-02-14-13 梯度监控 | raw=0.1383 | per_param=0.0066 |  natural=0.1266 | clipped=0.1266(上限20.0)
26-02-14-13 原始规范坐标 G(Re Σrow_mean) = +10.6838 | 累计|g| = 7.5988
26-02-14-13 Ψ矩阵条件数 cond(Ψ) = 2.97e+01
26-02-14-13 Loss=-1.951453 | E0=-0.99590055-0.00004186j | E1=-0.95555224-0.00045378j|E2=-0.95555224-0.00045378j|E3=-0.95555224-0.00045378j
26-02-14-13 #-----------------------------------------#
26-02-14-13 [Step  92] logΨ: mean=-0.413+0.183j | min=-4.712+1.036j | max=-0.368+1.331j
26-02-14-13 梯度监控 | raw=0.0641 | per_param=0.0030 |  natural=0.0642 | clipped=0.0642(上限20.0)
26-02-14-13 原始规范坐标 G(Re Σrow_mean) = +10.5726 | 累计|g| = 7.5988
26-02-14-13 Ψ矩阵条件数 cond(Ψ) = 3.12e+01
26-02-14-13 Loss=-1.953492 | E0=-0.99690938-0.00024309j | E1=-0.95658302-0.00121311j|E2=-0.95658302-0.00121311j|E3=-0.95658302-0.00121311j
26-02-14-13 #-----------------------------------------#
26-02-14-13 [Step  93] logΨ: mean=-0.411+0.351j | min=-4.149-1.470j | max=-0.366+1.337j
26-02-14-13 梯度监控 | raw=0.0324 | per_param=0.0015 |  natural=0.0619 | clipped=0.0619(上限20.0)
26-02-14-13 原始规范坐标 G(Re Σrow_mean) = +10.6827 | 累计|g| = 7.5988
26-02-14-13 Ψ矩阵条件数 cond(Ψ) = 3.00e+01
26-02-14-13 Loss=-1.953279 | E0=-0.99658162-0.00047798j | E1=-0.95669731-0.00016679j|E2=-0.95669731-0.00016679j|E3=-0.95669731-0.00016679j
26-02-14-13 #-----------------------------------------#
26-02-14-13 [Step  94] logΨ: mean=-0.391+0.216j | min=-4.479-0.881j | max=-0.346+1.327j
26-02-14-13 梯度监控 | raw=0.0670 | per_param=0.0032 |  natural=0.0931 | clipped=0.0931(上限20.0)
26-02-14-13 原始规范坐标 G(Re Σrow_mean) = +10.8271 | 累计|g| = 7.5988
26-02-14-13 Ψ矩阵条件数 cond(Ψ) = 3.05e+01
26-02-14-13 Loss=-1.952190 | E0=-0.99703524-0.00088889j | E1=-0.95515461+0.00041680j|E2=-0.95515461+0.00041680j|E3=-0.95515461+0.00041680j
26-02-14-13 #-----------------------------------------#
26-02-14-13 [Step  95] logΨ: mean=-0.372-0.226j | min=-4.689-2.517j | max=-0.328+1.301j
26-02-14-13 梯度监控 | raw=0.0781 | per_param=0.0037 |  natural=0.0950 | clipped=0.0950(上限20.0)
26-02-14-13 原始规范坐标 G(Re Σrow_mean) = +10.8149 | 累计|g| = 7.5988
26-02-14-13 Ψ矩阵条件数 cond(Ψ) = 2.33e+01
26-02-14-13 Loss=-1.951753 | E0=-0.99617094-0.00073561j | E1=-0.95558244-0.00043444j|E2=-0.95558244-0.00043444j|E3=-0.95558244-0.00043444j
26-02-14-13 #-----------------------------------------#
26-02-14-13 [Step  96] logΨ: mean=-0.401-0.150j | min=-5.270-1.955j | max=-0.344+1.292j
26-02-14-13 梯度监控 | raw=0.0431 | per_param=0.0020 |  natural=0.1282 | clipped=0.1282(上限20.0)
26-02-14-13 原始规范坐标 G(Re Σrow_mean) = +10.6958 | 累计|g| = 7.5988
26-02-14-13 Ψ矩阵条件数 cond(Ψ) = 2.30e+01
26-02-14-13 Loss=-1.952864 | E0=-0.99610719-0.00066855j | E1=-0.95675729-0.00048829j|E2=-0.95675729-0.00048829j|E3=-0.95675729-0.00048829j
26-02-14-13 #-----------------------------------------#
26-02-14-13 [Step  97] logΨ: mean=-0.356-0.282j | min=-5.277+1.204j | max=-0.295+1.283j
26-02-14-13 梯度监控 | raw=0.0432 | per_param=0.0020 |  natural=0.1245 | clipped=0.1245(上限20.0)
26-02-14-13 原始规范坐标 G(Re Σrow_mean) = +10.8564 | 累计|g| = 7.5988
26-02-14-13 Ψ矩阵条件数 cond(Ψ) = 2.93e+01
26-02-14-13 Loss=-1.950912 | E0=-0.99586691-0.00081690j | E1=-0.95504502+0.00038396j|E2=-0.95504502+0.00038396j|E3=-0.95504502+0.00038396j
26-02-14-13 #-----------------------------------------#
26-02-14-13 [Step  98] logΨ: mean=-0.414-0.500j | min=-4.368-0.131j | max=-0.352+1.304j
26-02-14-13 梯度监控 | raw=0.0304 | per_param=0.0014 |  natural=0.1278 | clipped=0.1278(上限20.0)
26-02-14-13 原始规范坐标 G(Re Σrow_mean) = +10.8271 | 累计|g| = 7.5988
26-02-14-13 Ψ矩阵条件数 cond(Ψ) = 2.75e+01
26-02-14-13 Loss=-1.954234 | E0=-0.99641732-0.00073056j | E1=-0.95781687+0.00076706j|E2=-0.95781687+0.00076706j|E3=-0.95781687+0.00076706j
26-02-14-13 #-----------------------------------------#
26-02-14-13 [Step  99] logΨ: mean=-0.413+0.018j | min=-4.434-0.152j | max=-0.354+1.294j
26-02-14-13 梯度监控 | raw=0.0635 | per_param=0.0030 |  natural=0.0625 | clipped=0.0625(上限20.0)
26-02-14-13 原始规范坐标 G(Re Σrow_mean) = +10.7070 | 累计|g| = 7.5988
26-02-14-13 Ψ矩阵条件数 cond(Ψ) = 2.27e+01
26-02-14-13 Loss=-1.952673 | E0=-0.99671453-0.00060670j | E1=-0.95595866-0.00007050j|E2=-0.95595866-0.00007050j|E3=-0.95595866-0.00007050j
26-02-14-13 #-----------------------------------------#
26-02-14-13 [保存] Step 99 → pickle 文件已更新 (100 条记录)
26-02-14-13 [GaugeReset@100] 吸收 Δg = Σ Re(col_mean) = +10.7070 | 新|g| = 7.5980
26-02-14-13 [Step 100] logΨ: mean=-0.327-0.373j | min=-5.444-1.344j | max=-0.280+1.310j
26-02-14-13 梯度监控 | raw=0.1222 | per_param=0.0058 |  natural=0.1423 | clipped=0.1423(上限20.0)
26-02-14-13 原始规范坐标 G(Re Σrow_mean) = +10.7874 | 累计|g| = 7.5980
26-02-14-13 Ψ矩阵条件数 cond(Ψ) = 4.60e+01
26-02-14-13 Loss=-1.950279 | E0=-0.99644145-0.00043267j | E1=-0.95383710-0.00046339j|E2=-0.95383710-0.00046339j|E3=-0.95383710-0.00046339j
26-02-14-13 #-----------------------------------------#
26-02-14-13 [Step 101] logΨ: mean=-0.381-0.439j | min=-4.969+2.727j | max=-0.331+1.331j
26-02-14-13 梯度监控 | raw=0.1001 | per_param=0.0047 |  natural=0.1173 | clipped=0.1173(上限20.0)
26-02-14-13 原始规范坐标 G(Re Σrow_mean) = +10.7338 | 累计|g| = 7.5980
26-02-14-13 Ψ矩阵条件数 cond(Ψ) = 4.58e+01
26-02-14-13 Loss=-1.952979 | E0=-0.99616248-0.00053914j | E1=-0.95681619+0.00016843j|E2=-0.95681619+0.00016843j|E3=-0.95681619+0.00016843j
26-02-14-13 #-----------------------------------------#
26-02-14-13 [Step 102] logΨ: mean=-0.370-0.373j | min=-5.174+2.805j | max=-0.321+1.314j
26-02-14-13 梯度监控 | raw=0.1010 | per_param=0.0048 |  natural=0.0612 | clipped=0.0612(上限20.0)
26-02-14-13 原始规范坐标 G(Re Σrow_mean) = +10.8306 | 累计|g| = 7.5980
26-02-14-13 Ψ矩阵条件数 cond(Ψ) = 4.71e+01
26-02-14-13 Loss=-1.952631 | E0=-0.99678651-0.00077050j | E1=-0.95584478+0.00019436j|E2=-0.95584478+0.00019436j|E3=-0.95584478+0.00019436j
26-02-14-13 #-----------------------------------------#
26-02-14-13 [Step 103] logΨ: mean=-0.370-0.083j | min=-5.717+0.753j | max=-0.315+1.309j
26-02-14-13 梯度监控 | raw=0.1311 | per_param=0.0062 |  natural=0.0793 | clipped=0.0793(上限20.0)
26-02-14-13 原始规范坐标 G(Re Σrow_mean) = +10.6705 | 累计|g| = 7.5980
26-02-14-13 Ψ矩阵条件数 cond(Ψ) = 3.65e+01
26-02-14-13 Loss=-1.952202 | E0=-0.99639145-0.00045562j | E1=-0.95581080-0.00063919j|E2=-0.95581080-0.00063919j|E3=-0.95581080-0.00063919j
26-02-14-13 #-----------------------------------------#
26-02-14-13 [Step 104] logΨ: mean=-0.384-0.013j | min=-4.685-0.090j | max=-0.350+1.334j
26-02-14-13 梯度监控 | raw=0.0264 | per_param=0.0013 |  natural=0.0735 | clipped=0.0735(上限20.0)
26-02-14-13 原始规范坐标 G(Re Σrow_mean) = +10.6005 | 累计|g| = 7.5980
26-02-14-13 Ψ矩阵条件数 cond(Ψ) = 4.66e+01
26-02-14-13 Loss=-1.953582 | E0=-0.99680334-0.00041777j | E1=-0.95677890-0.00016892j|E2=-0.95677890-0.00016892j|E3=-0.95677890-0.00016892j
26-02-14-13 #-----------------------------------------#
26-02-14-13 [Step 105] logΨ: mean=-0.421-0.143j | min=-4.777-1.870j | max=-0.370+1.341j
26-02-14-13 梯度监控 | raw=0.0342 | per_param=0.0016 |  natural=0.1065 | clipped=0.1065(上限20.0)
26-02-14-13 原始规范坐标 G(Re Σrow_mean) = +10.6681 | 累计|g| = 7.5980
26-02-14-13 Ψ矩阵条件数 cond(Ψ) = 3.86e+01
26-02-14-13 Loss=-1.953736 | E0=-0.99657085-0.00043541j | E1=-0.95716474+0.00022777j|E2=-0.95716474+0.00022777j|E3=-0.95716474+0.00022777j
26-02-14-13 #-----------------------------------------#
26-02-14-13 [Step 106] logΨ: mean=-0.398+0.090j | min=-6.337-2.490j | max=-0.339+1.333j
26-02-14-13 梯度监控 | raw=0.0437 | per_param=0.0021 |  natural=0.1110 | clipped=0.1110(上限20.0)
26-02-14-13 原始规范坐标 G(Re Σrow_mean) = +10.6588 | 累计|g| = 7.5980
26-02-14-13 Ψ矩阵条件数 cond(Ψ) = 4.18e+01
26-02-14-13 Loss=-1.952270 | E0=-0.99624188-0.00020736j | E1=-0.95602805-0.00063444j|E2=-0.95602805-0.00063444j|E3=-0.95602805-0.00063444j
26-02-14-13 #-----------------------------------------#
26-02-14-13 [Step 107] logΨ: mean=-0.409+0.272j | min=-4.251-1.469j | max=-0.342+1.320j
26-02-14-13 梯度监控 | raw=0.0293 | per_param=0.0014 |  natural=0.0791 | clipped=0.0791(上限20.0)
26-02-14-13 原始规范坐标 G(Re Σrow_mean) = +10.7153 | 累计|g| = 7.5980
26-02-14-13 Ψ矩阵条件数 cond(Ψ) = 4.16e+01
26-02-14-13 Loss=-1.952697 | E0=-0.99599507-0.00061921j | E1=-0.95670144-0.00004178j|E2=-0.95670144-0.00004178j|E3=-0.95670144-0.00004178j
26-02-14-13 #-----------------------------------------#
26-02-14-13 [Step 108] logΨ: mean=-0.392+0.338j | min=-4.906+0.891j | max=-0.340+1.314j
26-02-14-13 梯度监控 | raw=0.1365 | per_param=0.0065 |  natural=0.0577 | clipped=0.0577(上限20.0)
26-02-14-13 原始规范坐标 G(Re Σrow_mean) = +10.6910 | 累计|g| = 7.5980
26-02-14-13 Ψ矩阵条件数 cond(Ψ) = 4.30e+01
26-02-14-13 Loss=-1.952343 | E0=-0.99639016-0.00046240j | E1=-0.95595301-0.00015910j|E2=-0.95595301-0.00015910j|E3=-0.95595301-0.00015910j
26-02-14-13 #-----------------------------------------#
26-02-14-13 [Step 109] logΨ: mean=-0.378+0.129j | min=-4.797-0.814j | max=-0.299+1.304j
26-02-14-13 梯度监控 | raw=0.1076 | per_param=0.0051 |  natural=0.1242 | clipped=0.1242(上限20.0)
26-02-14-13 原始规范坐标 G(Re Σrow_mean) = +10.7122 | 累计|g| = 7.5980
26-02-14-13 Ψ矩阵条件数 cond(Ψ) = 3.49e+01
26-02-14-13 Loss=-1.950835 | E0=-0.99633070-0.00055170j | E1=-0.95450392-0.00021449j|E2=-0.95450392-0.00021449j|E3=-0.95450392-0.00021449j
26-02-14-13 #-----------------------------------------#
26-02-14-13 [GaugeReset@110] 吸收 Δg = Σ Re(col_mean) = +10.7122 | 新|g| = 7.6002
26-02-14-13 [Step 110] logΨ: mean=-0.362-0.254j | min=-6.903+2.493j | max=-0.322+1.342j
26-02-14-13 梯度监控 | raw=0.0609 | per_param=0.0029 |  natural=0.1557 | clipped=0.1557(上限20.0)
26-02-14-13 原始规范坐标 G(Re Σrow_mean) = +10.6173 | 累计|g| = 7.6002
26-02-14-13 Ψ矩阵条件数 cond(Ψ) = 3.40e+01
26-02-14-13 Loss=-1.954006 | E0=-0.99667120-0.00124528j | E1=-0.95733508-0.00011572j|E2=-0.95733508-0.00011572j|E3=-0.95733508-0.00011572j
26-02-14-13 #-----------------------------------------#
26-02-14-13 [Step 111] logΨ: mean=-0.390-0.438j | min=-5.481-1.984j | max=-0.333+1.355j
26-02-14-13 梯度监控 | raw=0.0393 | per_param=0.0019 |  natural=0.1252 | clipped=0.1252(上限20.0)
26-02-14-13 原始规范坐标 G(Re Σrow_mean) = +10.6417 | 累计|g| = 7.6002
26-02-14-13 Ψ矩阵条件数 cond(Ψ) = 2.96e+01
26-02-14-13 Loss=-1.953576 | E0=-0.99626782-0.00036658j | E1=-0.95730802-0.00008880j|E2=-0.95730802-0.00008880j|E3=-0.95730802-0.00008880j
26-02-14-13 #-----------------------------------------#
26-02-14-13 [Step 112] logΨ: mean=-0.344-0.281j | min=-5.451+1.152j | max=-0.289+1.354j
26-02-14-13 梯度监控 | raw=0.1334 | per_param=0.0063 |  natural=0.1078 | clipped=0.1078(上限20.0)
26-02-14-13 原始规范坐标 G(Re Σrow_mean) = +10.7567 | 累计|g| = 7.6002
26-02-14-13 Ψ矩阵条件数 cond(Ψ) = 2.92e+00
26-02-14-13 Loss=-1.950677 | E0=-0.99607837-0.00067128j | E1=-0.95459890+0.00021338j|E2=-0.95459890+0.00021338j|E3=-0.95459890+0.00021338j
26-02-14-13 #-----------------------------------------#
26-02-14-13 [Step 113] logΨ: mean=-0.384-0.041j | min=-4.945-2.190j | max=-0.326+1.374j
26-02-14-13 梯度监控 | raw=0.0326 | per_param=0.0015 |  natural=0.1006 | clipped=0.1006(上限20.0)
26-02-14-13 原始规范坐标 G(Re Σrow_mean) = +10.7407 | 累计|g| = 7.6002
26-02-14-13 Ψ矩阵条件数 cond(Ψ) = 3.97e+01
26-02-14-13 Loss=-1.953704 | E0=-0.99647945-0.00055095j | E1=-0.95722501+0.00054187j|E2=-0.95722501+0.00054187j|E3=-0.95722501+0.00054187j
26-02-14-13 #-----------------------------------------#
26-02-14-13 [Step 114] logΨ: mean=-0.398+0.124j | min=-4.545-1.969j | max=-0.344+1.377j
26-02-14-13 梯度监控 | raw=0.0704 | per_param=0.0033 |  natural=0.1064 | clipped=0.1064(上限20.0)
26-02-14-13 原始规范坐标 G(Re Σrow_mean) = +10.7009 | 累计|g| = 7.6002
26-02-14-13 Ψ矩阵条件数 cond(Ψ) = 3.08e+01
26-02-14-13 Loss=-1.954026 | E0=-0.99687949-0.00048622j | E1=-0.95714677+0.00012633j|E2=-0.95714677+0.00012633j|E3=-0.95714677+0.00012633j
26-02-14-13 #-----------------------------------------#
26-02-14-13 [Step 115] logΨ: mean=-0.412-0.011j | min=-4.989-2.196j | max=-0.357+1.365j
26-02-14-13 梯度监控 | raw=0.0219 | per_param=0.0010 |  natural=0.0770 | clipped=0.0770(上限20.0)
26-02-14-13 原始规范坐标 G(Re Σrow_mean) = +10.7585 | 累计|g| = 7.6002
26-02-14-13 Ψ矩阵条件数 cond(Ψ) = 3.08e+01
26-02-14-13 Loss=-1.954227 | E0=-0.99669515-0.00053078j | E1=-0.95753205-0.00034928j|E2=-0.95753205-0.00034928j|E3=-0.95753205-0.00034928j
26-02-14-13 #-----------------------------------------#
26-02-14-13 [Step 116] logΨ: mean=-0.402-0.141j | min=-5.926-2.152j | max=-0.346+1.357j
26-02-14-13 梯度监控 | raw=0.0410 | per_param=0.0019 |  natural=0.0800 | clipped=0.0800(上限20.0)
26-02-14-13 原始规范坐标 G(Re Σrow_mean) = +10.7865 | 累计|g| = 7.6002
26-02-14-13 Ψ矩阵条件数 cond(Ψ) = 2.88e+01
26-02-14-13 Loss=-1.952640 | E0=-0.99598963-0.00075810j | E1=-0.95665022+0.00000394j|E2=-0.95665022+0.00000394j|E3=-0.95665022+0.00000394j
26-02-14-13 #-----------------------------------------#
26-02-14-13 [Step 117] logΨ: mean=-0.294-0.406j | min=-6.355-2.486j | max=-0.235+1.576j
26-02-14-13 梯度监控 | raw=0.3951 | per_param=0.0188 |  natural=0.8348 | clipped=0.8348(上限20.0)
26-02-14-13 原始规范坐标 G(Re Σrow_mean) = +10.7547 | 累计|g| = 7.6002
26-02-14-13 Ψ矩阵条件数 cond(Ψ) = 3.09e+01
26-02-14-13 Loss=-1.950130 | E0=-0.99573663+0.01581625j | E1=-0.95439363-0.00055669j|E2=-0.95439363-0.00055669j|E3=-0.95439363-0.00055669j
26-02-14-13 #-----------------------------------------#
26-02-14-13 [Step 118] logΨ: mean=-0.260-0.426j | min=-4.498-1.938j | max=-0.204+1.556j
26-02-14-13 梯度监控 | raw=0.0754 | per_param=0.0036 |  natural=0.0974 | clipped=0.0974(上限20.0)
26-02-14-13 原始规范坐标 G(Re Σrow_mean) = +10.7387 | 累计|g| = 7.6002
26-02-14-13 Ψ矩阵条件数 cond(Ψ) = 3.37e+01
26-02-14-13 Loss=-1.952120 | E0=-0.99668497-0.00028089j | E1=-0.95543470-0.00043536j|E2=-0.95543470-0.00043536j|E3=-0.95543470-0.00043536j
26-02-14-13 #-----------------------------------------#
26-02-14-13 [Step 119] logΨ: mean=-0.223-0.222j | min=-5.194+1.082j | max=-0.167+1.555j
26-02-14-13 梯度监控 | raw=0.0279 | per_param=0.0013 |  natural=0.0945 | clipped=0.0945(上限20.0)
26-02-14-13 原始规范坐标 G(Re Σrow_mean) = +10.8954 | 累计|g| = 7.6002
26-02-14-13 Ψ矩阵条件数 cond(Ψ) = 3.22e+01
26-02-14-13 Loss=-1.951586 | E0=-0.99614156-0.00041080j | E1=-0.95544464+0.00033126j|E2=-0.95544464+0.00033126j|E3=-0.95544464+0.00033126j
26-02-14-13 #-----------------------------------------#
26-02-14-13 [保存] Step 119 → pickle 文件已更新 (120 条记录)
26-02-14-13 [GaugeReset@120] 吸收 Δg = Σ Re(col_mean) = +10.8954 | 新|g| = 7.7461
26-02-14-13 [Step 120] logΨ: mean=-0.383-0.412j | min=-4.550-2.766j | max=-0.333+1.284j
26-02-14-13 梯度监控 | raw=0.0617 | per_param=0.0029 |  natural=0.0672 | clipped=0.0672(上限20.0)
26-02-14-13 原始规范坐标 G(Re Σrow_mean) = +10.9923 | 累计|g| = 7.7461
26-02-14-13 Ψ矩阵条件数 cond(Ψ) = 5.08e+01
26-02-14-13 Loss=-1.952498 | E0=-0.99707906-0.00056935j | E1=-0.95541889+0.00057291j|E2=-0.95541889+0.00057291j|E3=-0.95541889+0.00057291j
26-02-14-13 #-----------------------------------------#
26-02-14-13 [Step 121] logΨ: mean=-0.370-0.599j | min=-4.554+2.419j | max=-0.330+1.289j
26-02-14-13 梯度监控 | raw=0.0526 | per_param=0.0025 |  natural=0.0516 | clipped=0.0516(上限20.0)
26-02-14-13 原始规范坐标 G(Re Σrow_mean) = +11.0394 | 累计|g| = 7.7461
26-02-14-13 Ψ矩阵条件数 cond(Ψ) = 5.31e+01
26-02-14-13 Loss=-1.952913 | E0=-0.99716866-0.00065217j | E1=-0.95574465+0.00061129j|E2=-0.95574465+0.00061129j|E3=-0.95574465+0.00061129j
26-02-14-13 #-----------------------------------------#
26-02-14-13 [Step 122] logΨ: mean=-0.360-0.797j | min=-4.755+1.354j | max=-0.315+1.282j
26-02-14-13 梯度监控 | raw=0.0320 | per_param=0.0015 |  natural=0.0808 | clipped=0.0808(上限20.0)
26-02-14-13 原始规范坐标 G(Re Σrow_mean) = +10.9911 | 累计|g| = 7.7461
26-02-14-13 Ψ矩阵条件数 cond(Ψ) = 4.57e+01
26-02-14-13 Loss=-1.952643 | E0=-0.99723862-0.00054726j | E1=-0.95540465+0.00012783j|E2=-0.95540465+0.00012783j|E3=-0.95540465+0.00012783j
26-02-14-13 #-----------------------------------------#
26-02-14-13 [Step 123] logΨ: mean=-0.394-0.623j | min=-4.610-2.589j | max=-0.344+1.279j
26-02-14-13 梯度监控 | raw=0.0540 | per_param=0.0026 |  natural=0.0949 | clipped=0.0949(上限20.0)
26-02-14-13 原始规范坐标 G(Re Σrow_mean) = +10.9888 | 累计|g| = 7.7461
26-02-14-13 Ψ矩阵条件数 cond(Ψ) = 4.56e+01
26-02-14-13 Loss=-1.953927 | E0=-0.99704525-0.00046705j | E1=-0.95688127-0.00012706j|E2=-0.95688127-0.00012706j|E3=-0.95688127-0.00012706j
26-02-14-13 #-----------------------------------------#
26-02-14-13 [Step 124] logΨ: mean=-0.356-0.774j | min=-4.758-1.840j | max=-0.313+1.252j
26-02-14-13 梯度监控 | raw=0.0297 | per_param=0.0014 |  natural=0.0810 | clipped=0.0810(上限20.0)
26-02-14-13 原始规范坐标 G(Re Σrow_mean) = +10.8916 | 累计|g| = 7.7461
26-02-14-13 Ψ矩阵条件数 cond(Ψ) = 4.30e+01
26-02-14-13 Loss=-1.952670 | E0=-0.99709237-0.00054225j | E1=-0.95557787-0.00007079j|E2=-0.95557787-0.00007079j|E3=-0.95557787-0.00007079j
26-02-14-13 #-----------------------------------------#
26-02-14-13 [Step 125] logΨ: mean=-0.353-0.601j | min=-5.012+0.717j | max=-0.301+1.245j
26-02-14-13 梯度监控 | raw=0.0585 | per_param=0.0028 |  natural=0.0666 | clipped=0.0666(上限20.0)
26-02-14-13 原始规范坐标 G(Re Σrow_mean) = +10.9230 | 累计|g| = 7.7461
26-02-14-13 Ψ矩阵条件数 cond(Ψ) = 7.54e+01
26-02-14-13 Loss=-1.952575 | E0=-0.99691091-0.00050933j | E1=-0.95566449-0.00012167j|E2=-0.95566449-0.00012167j|E3=-0.95566449-0.00012167j
26-02-14-13 #-----------------------------------------#
26-02-14-13 [Step 126] logΨ: mean=-0.397-0.364j | min=-4.452-0.777j | max=-0.326+1.240j
26-02-14-13 梯度监控 | raw=0.0254 | per_param=0.0012 |  natural=0.0788 | clipped=0.0788(上限20.0)
26-02-14-13 原始规范坐标 G(Re Σrow_mean) = +10.8246 | 累计|g| = 7.7461
26-02-14-13 Ψ矩阵条件数 cond(Ψ) = 7.33e+01
26-02-14-13 Loss=-1.953554 | E0=-0.99691944-0.00058050j | E1=-0.95663409-0.00001768j|E2=-0.95663409-0.00001768j|E3=-0.95663409-0.00001768j
26-02-14-13 #-----------------------------------------#
26-02-14-13 [Step 127] logΨ: mean=-0.379-0.406j | min=-4.866+1.260j | max=-0.328+1.239j
26-02-14-13 梯度监控 | raw=0.0356 | per_param=0.0017 |  natural=0.0983 | clipped=0.0983(上限20.0)
26-02-14-13 原始规范坐标 G(Re Σrow_mean) = +10.7935 | 累计|g| = 7.7461
26-02-14-13 Ψ矩阵条件数 cond(Ψ) = 6.27e+01
26-02-14-13 Loss=-1.953552 | E0=-0.99733744-0.00050730j | E1=-0.95621437+0.00018539j|E2=-0.95621437+0.00018539j|E3=-0.95621437+0.00018539j
26-02-14-13 #-----------------------------------------#
26-02-14-13 [Step 128] logΨ: mean=-0.385-0.201j | min=-5.067-2.428j | max=-0.333+1.240j
26-02-14-13 梯度监控 | raw=0.0803 | per_param=0.0038 |  natural=0.0867 | clipped=0.0867(上限20.0)
26-02-14-13 原始规范坐标 G(Re Σrow_mean) = +10.7707 | 累计|g| = 7.7461
26-02-14-13 Ψ矩阵条件数 cond(Ψ) = 6.68e+01
26-02-14-13 Loss=-1.952375 | E0=-0.99664172-0.00023578j | E1=-0.95573331-0.00009129j|E2=-0.95573331-0.00009129j|E3=-0.95573331-0.00009129j
26-02-14-13 #-----------------------------------------#
26-02-14-13 [Step 129] logΨ: mean=-0.427-0.166j | min=-4.937+1.290j | max=-0.376+1.244j
26-02-14-13 梯度监控 | raw=0.0312 | per_param=0.0015 |  natural=0.1469 | clipped=0.1469(上限20.0)
26-02-14-13 原始规范坐标 G(Re Σrow_mean) = +10.7519 | 累计|g| = 7.7461
26-02-14-13 Ψ矩阵条件数 cond(Ψ) = 5.79e+01
26-02-14-13 Loss=-1.954794 | E0=-0.99729661-0.00045246j | E1=-0.95749740+0.00006817j|E2=-0.95749740+0.00006817j|E3=-0.95749740+0.00006817j
26-02-14-13 #-----------------------------------------#
26-02-14-13 [GaugeReset@130] 吸收 Δg = Σ Re(col_mean) = +10.7519 | 新|g| = 7.6414
26-02-14-13 [Step 130] logΨ: mean=-0.277-0.191j | min=-4.530+0.742j | max=-0.234+1.304j
26-02-14-13 梯度监控 | raw=0.0879 | per_param=0.0042 |  natural=0.0595 | clipped=0.0595(上限20.0)
26-02-14-13 原始规范坐标 G(Re Σrow_mean) = +10.7431 | 累计|g| = 7.6414
26-02-14-13 Ψ矩阵条件数 cond(Ψ) = 3.95e+01
26-02-14-13 Loss=-1.952843 | E0=-0.99704964-0.00027116j | E1=-0.95579360-0.00015025j|E2=-0.95579360-0.00015025j|E3=-0.95579360-0.00015025j
26-02-14-13 #-----------------------------------------#
26-02-14-13 [Step 131] logΨ: mean=-0.288-0.306j | min=-4.997+0.784j | max=-0.245+1.304j
26-02-14-13 梯度监控 | raw=0.0946 | per_param=0.0045 |  natural=0.1259 | clipped=0.1259(上限20.0)
26-02-14-13 原始规范坐标 G(Re Σrow_mean) = +10.8084 | 累计|g| = 7.6414
26-02-14-13 Ψ矩阵条件数 cond(Ψ) = 4.05e+01
26-02-14-13 Loss=-1.953212 | E0=-0.99676981-0.00065279j | E1=-0.95644254+0.00022508j|E2=-0.95644254+0.00022508j|E3=-0.95644254+0.00022508j
26-02-14-13 #-----------------------------------------#
26-02-14-13 [Step 132] logΨ: mean=-0.270-0.634j | min=-4.795-1.889j | max=-0.227+1.294j
26-02-14-13 梯度监控 | raw=0.0204 | per_param=0.0010 |  natural=0.0582 | clipped=0.0582(上限20.0)
26-02-14-13 原始规范坐标 G(Re Σrow_mean) = +10.9230 | 累计|g| = 7.6414
26-02-14-13 Ψ矩阵条件数 cond(Ψ) = 4.08e+01
26-02-14-13 Loss=-1.953631 | E0=-0.99753508-0.00070805j | E1=-0.95609623+0.00023517j|E2=-0.95609623+0.00023517j|E3=-0.95609623+0.00023517j
26-02-14-13 #-----------------------------------------#
26-02-14-13 [Step 133] logΨ: mean=-0.308-0.217j | min=-4.472-0.312j | max=-0.250+1.290j
26-02-14-13 梯度监控 | raw=0.0650 | per_param=0.0031 |  natural=0.0641 | clipped=0.0641(上限20.0)
26-02-14-13 原始规范坐标 G(Re Σrow_mean) = +10.8903 | 累计|g| = 7.6414
26-02-14-13 Ψ矩阵条件数 cond(Ψ) = 3.00e+01
26-02-14-13 Loss=-1.954115 | E0=-0.99731584-0.00063403j | E1=-0.95679897-0.00001216j|E2=-0.95679897-0.00001216j|E3=-0.95679897-0.00001216j
26-02-14-13 #-----------------------------------------#
26-02-14-13 [Step 134] logΨ: mean=-0.271-0.333j | min=-4.419-0.373j | max=-0.226+1.293j
26-02-14-13 梯度监控 | raw=0.0615 | per_param=0.0029 |  natural=0.0627 | clipped=0.0627(上限20.0)
26-02-14-13 原始规范坐标 G(Re Σrow_mean) = +10.9514 | 累计|g| = 7.6414
26-02-14-13 Ψ矩阵条件数 cond(Ψ) = 4.23e+01
26-02-14-13 Loss=-1.953169 | E0=-0.99727317-0.00066808j | E1=-0.95589613+0.00038816j|E2=-0.95589613+0.00038816j|E3=-0.95589613+0.00038816j
26-02-14-13 #-----------------------------------------#
26-02-14-13 [Step 135] logΨ: mean=-0.306-0.437j | min=-3.902-1.753j | max=-0.252+1.292j
26-02-14-13 梯度监控 | raw=0.0163 | per_param=0.0008 |  natural=0.0638 | clipped=0.0638(上限20.0)
26-02-14-13 原始规范坐标 G(Re Σrow_mean) = +10.9407 | 累计|g| = 7.6414
26-02-14-13 Ψ矩阵条件数 cond(Ψ) = 3.04e+01
26-02-14-13 Loss=-1.954520 | E0=-0.99706028-0.00063024j | E1=-0.95745975-0.00012728j|E2=-0.95745975-0.00012728j|E3=-0.95745975-0.00012728j
26-02-14-13 #-----------------------------------------#
26-02-14-13 [Step 136] logΨ: mean=-0.295-0.658j | min=-4.596+0.494j | max=-0.246+1.288j
26-02-14-13 梯度监控 | raw=0.1135 | per_param=0.0054 |  natural=0.0965 | clipped=0.0965(上限20.0)
26-02-14-13 原始规范坐标 G(Re Σrow_mean) = +10.8668 | 累计|g| = 7.6414
26-02-14-13 Ψ矩阵条件数 cond(Ψ) = 3.27e+01
26-02-14-13 Loss=-1.952699 | E0=-0.99706526-0.00038768j | E1=-0.95563390-0.00029391j|E2=-0.95563390-0.00029391j|E3=-0.95563390-0.00029391j
26-02-14-13 #-----------------------------------------#
26-02-14-13 [Step 137] logΨ: mean=-0.230-0.509j | min=-5.446-2.242j | max=-0.194+1.261j
26-02-14-13 梯度监控 | raw=0.0488 | per_param=0.0023 |  natural=0.1028 | clipped=0.1028(上限20.0)
26-02-14-13 原始规范坐标 G(Re Σrow_mean) = +10.9140 | 累计|g| = 7.6414
26-02-14-13 Ψ矩阵条件数 cond(Ψ) = 3.22e+01
26-02-14-13 Loss=-1.952362 | E0=-0.99702889-0.00068513j | E1=-0.95533341+0.00019379j|E2=-0.95533341+0.00019379j|E3=-0.95533341+0.00019379j
26-02-14-13 #-----------------------------------------#
26-02-14-13 [Step 138] logΨ: mean=-0.217-0.371j | min=-6.025+1.037j | max=-0.166+1.249j
26-02-14-13 梯度监控 | raw=0.1756 | per_param=0.0083 |  natural=0.0934 | clipped=0.0934(上限20.0)
26-02-14-13 原始规范坐标 G(Re Σrow_mean) = +10.8336 | 累计|g| = 7.6414
26-02-14-13 Ψ矩阵条件数 cond(Ψ) = 4.86e+01
26-02-14-13 Loss=-1.952017 | E0=-0.99659933-0.00058730j | E1=-0.95541784-0.00021656j|E2=-0.95541784-0.00021656j|E3=-0.95541784-0.00021656j
26-02-14-13 #-----------------------------------------#
26-02-14-13 [Step 139] logΨ: mean=-0.160-0.160j | min=-5.439+1.676j | max=-0.101+1.252j
26-02-14-13 梯度监控 | raw=0.1250 | per_param=0.0059 |  natural=0.1513 | clipped=0.1513(上限20.0)
26-02-14-13 原始规范坐标 G(Re Σrow_mean) = +10.9735 | 累计|g| = 7.6414
26-02-14-13 Ψ矩阵条件数 cond(Ψ) = 5.07e+01
26-02-14-13 Loss=-1.951030 | E0=-0.99713385-0.00034654j | E1=-0.95389586+0.00019438j|E2=-0.95389586+0.00019438j|E3=-0.95389586+0.00019438j
26-02-14-13 #-----------------------------------------#
26-02-14-13 [保存] Step 139 → pickle 文件已更新 (140 条记录)
26-02-14-13 [GaugeReset@140] 吸收 Δg = Σ Re(col_mean) = +10.9735 | 新|g| = 7.7976
26-02-14-13 [Step 140] logΨ: mean=-0.379-0.194j | min=-4.244-1.748j | max=-0.337+1.252j
26-02-14-13 梯度监控 | raw=0.0251 | per_param=0.0012 |  natural=0.0913 | clipped=0.0913(上限20.0)
26-02-14-13 原始规范坐标 G(Re Σrow_mean) = +11.0072 | 累计|g| = 7.7976
26-02-14-13 Ψ矩阵条件数 cond(Ψ) = 8.89e+01
26-02-14-13 Loss=-1.953272 | E0=-0.99714791-0.00038540j | E1=-0.95612400+0.00035889j|E2=-0.95612400+0.00035889j|E3=-0.95612400+0.00035889j
26-02-14-13 #-----------------------------------------#
26-02-14-13 [Step 141] logΨ: mean=-0.384-0.290j | min=-4.777-1.825j | max=-0.320+1.246j
26-02-14-13 梯度监控 | raw=0.0544 | per_param=0.0026 |  natural=0.0868 | clipped=0.0868(上限20.0)
26-02-14-13 原始规范坐标 G(Re Σrow_mean) = +10.9663 | 累计|g| = 7.7976
26-02-14-13 Ψ矩阵条件数 cond(Ψ) = 8.00e+01
26-02-14-13 Loss=-1.952064 | E0=-0.99708906-0.00050679j | E1=-0.95497474-0.00004215j|E2=-0.95497474-0.00004215j|E3=-0.95497474-0.00004215j
26-02-14-13 #-----------------------------------------#
26-02-14-13 [Step 142] logΨ: mean=-0.405-0.573j | min=-5.091-2.634j | max=-0.340+1.249j
26-02-14-13 梯度监控 | raw=0.1326 | per_param=0.0063 |  natural=0.1266 | clipped=0.1266(上限20.0)
26-02-14-13 原始规范坐标 G(Re Σrow_mean) = +11.0070 | 累计|g| = 7.7976
26-02-14-13 Ψ矩阵条件数 cond(Ψ) = 5.93e+01
26-02-14-13 Loss=-1.953581 | E0=-0.99775009-0.00063228j | E1=-0.95583087+0.00050249j|E2=-0.95583087+0.00050249j|E3=-0.95583087+0.00050249j
26-02-14-13 #-----------------------------------------#
26-02-14-13 [Step 143] logΨ: mean=-0.405-0.579j | min=-3.491-2.572j | max=-0.360+1.246j
26-02-14-13 梯度监控 | raw=0.0113 | per_param=0.0005 |  natural=0.0424 | clipped=0.0424(上限20.0)
26-02-14-13 原始规范坐标 G(Re Σrow_mean) = +11.0073 | 累计|g| = 7.7976
26-02-14-13 Ψ矩阵条件数 cond(Ψ) = 6.46e+01
26-02-14-13 Loss=-1.954303 | E0=-0.99740623-0.00054524j | E1=-0.95689714-0.00012062j|E2=-0.95689714-0.00012062j|E3=-0.95689714-0.00012062j
26-02-14-13 #-----------------------------------------#
26-02-14-13 [Step 144] logΨ: mean=-0.418-0.292j | min=-4.901-1.839j | max=-0.358+1.248j
26-02-14-13 梯度监控 | raw=0.0229 | per_param=0.0011 |  natural=0.0731 | clipped=0.0731(上限20.0)
26-02-14-13 原始规范坐标 G(Re Σrow_mean) = +11.0295 | 累计|g| = 7.7976
26-02-14-13 Ψ矩阵条件数 cond(Ψ) = 5.57e+01
26-02-14-13 Loss=-1.953363 | E0=-0.99704478-0.00060647j | E1=-0.95631865+0.00044917j|E2=-0.95631865+0.00044917j|E3=-0.95631865+0.00044917j
26-02-14-13 #-----------------------------------------#
26-02-14-13 [Step 145] logΨ: mean=-0.422-0.476j | min=-5.051+0.451j | max=-0.376+1.240j
26-02-14-13 梯度监控 | raw=0.1044 | per_param=0.0050 |  natural=0.0627 | clipped=0.0627(上限20.0)
26-02-14-13 原始规范坐标 G(Re Σrow_mean) = +11.0178 | 累计|g| = 7.7976
26-02-14-13 Ψ矩阵条件数 cond(Ψ) = 6.19e+01
26-02-14-13 Loss=-1.953977 | E0=-0.99767495-0.00062009j | E1=-0.95630226-0.00025787j|E2=-0.95630226-0.00025787j|E3=-0.95630226-0.00025787j
26-02-14-13 #-----------------------------------------#
26-02-14-13 [Step 146] logΨ: mean=-0.419-0.481j | min=-4.673+2.715j | max=-0.372+1.244j
26-02-14-13 梯度监控 | raw=0.1434 | per_param=0.0068 |  natural=0.0795 | clipped=0.0795(上限20.0)
26-02-14-13 原始规范坐标 G(Re Σrow_mean) = +10.9823 | 累计|g| = 7.7976
26-02-14-13 Ψ矩阵条件数 cond(Ψ) = 7.45e+01
26-02-14-13 Loss=-1.952555 | E0=-0.99705323-0.00044643j | E1=-0.95550199+0.00001007j|E2=-0.95550199+0.00001007j|E3=-0.95550199+0.00001007j
26-02-14-13 #-----------------------------------------#
26-02-14-13 [Step 147] logΨ: mean=-0.379-0.443j | min=-4.830-0.390j | max=-0.332+1.238j
26-02-14-13 梯度监控 | raw=0.0804 | per_param=0.0038 |  natural=0.0878 | clipped=0.0878(上限20.0)
26-02-14-13 原始规范坐标 G(Re Σrow_mean) = +10.9156 | 累计|g| = 7.7976
26-02-14-13 Ψ矩阵条件数 cond(Ψ) = 2.17e+02
26-02-14-13 Loss=-1.952291 | E0=-0.99736216-0.00042624j | E1=-0.95492853+0.00000099j|E2=-0.95492853+0.00000099j|E3=-0.95492853+0.00000099j
26-02-14-13 #-----------------------------------------#
26-02-14-13 [Step 148] logΨ: mean=-0.417-0.290j | min=-3.635+1.280j | max=-0.375+1.244j
26-02-14-13 梯度监控 | raw=0.0211 | per_param=0.0010 |  natural=0.0769 | clipped=0.0769(上限20.0)
26-02-14-13 原始规范坐标 G(Re Σrow_mean) = +10.9017 | 累计|g| = 7.7976
26-02-14-13 Ψ矩阵条件数 cond(Ψ) = 7.31e+01
26-02-14-13 Loss=-1.954500 | E0=-0.99725446-0.00045458j | E1=-0.95724519+0.00009378j|E2=-0.95724519+0.00009378j|E3=-0.95724519+0.00009378j
26-02-14-13 #-----------------------------------------#
26-02-14-13 [Step 149] logΨ: mean=-0.447-0.074j | min=-4.911+2.434j | max=-0.385+1.247j
26-02-14-13 梯度监控 | raw=0.0487 | per_param=0.0023 |  natural=0.1068 | clipped=0.1068(上限20.0)
26-02-14-13 原始规范坐标 G(Re Σrow_mean) = +10.8086 | 累计|g| = 7.7976
26-02-14-13 Ψ矩阵条件数 cond(Ψ) = 6.43e+01
26-02-14-13 Loss=-1.952854 | E0=-0.99657274-0.00044866j | E1=-0.95628110-0.00003013j|E2=-0.95628110-0.00003013j|E3=-0.95628110-0.00003013j
26-02-14-13 #-----------------------------------------#
26-02-14-13 [GaugeReset@150] 吸收 Δg = Σ Re(col_mean) = +10.8086 | 新|g| = 7.6788
26-02-14-13 [Step 150] logΨ: mean=-0.264+0.146j | min=-5.410+0.823j | max=-0.224+1.310j
26-02-14-13 梯度监控 | raw=0.0374 | per_param=0.0018 |  natural=0.1106 | clipped=0.1106(上限20.0)
26-02-14-13 原始规范坐标 G(Re Σrow_mean) = +10.7592 | 累计|g| = 7.6788
26-02-14-13 Ψ矩阵条件数 cond(Ψ) = 3.09e+01
26-02-14-13 Loss=-1.953316 | E0=-0.99667140-0.00040603j | E1=-0.95664462+0.00007046j|E2=-0.95664462+0.00007046j|E3=-0.95664462+0.00007046j
26-02-14-13 #-----------------------------------------#
26-02-14-13 [Step 151] logΨ: mean=-0.272+0.373j | min=-5.427+0.831j | max=-0.229+1.319j
26-02-14-13 梯度监控 | raw=0.0704 | per_param=0.0033 |  natural=0.0922 | clipped=0.0922(上限20.0)
26-02-14-13 原始规范坐标 G(Re Σrow_mean) = +10.7821 | 累计|g| = 7.6788
26-02-14-13 Ψ矩阵条件数 cond(Ψ) = 3.10e+01
26-02-14-13 Loss=-1.953125 | E0=-0.99677040-0.00037480j | E1=-0.95635495+0.00010358j|E2=-0.95635495+0.00010358j|E3=-0.95635495+0.00010358j
26-02-14-13 #-----------------------------------------#
26-02-14-13 [Step 152] logΨ: mean=-0.275+0.328j | min=-4.003+1.417j | max=-0.227+1.311j
26-02-14-13 梯度监控 | raw=0.0283 | per_param=0.0013 |  natural=0.0634 | clipped=0.0634(上限20.0)
26-02-14-13 原始规范坐标 G(Re Σrow_mean) = +10.8841 | 累计|g| = 7.6788
26-02-14-13 Ψ矩阵条件数 cond(Ψ) = 3.31e+01
26-02-14-13 Loss=-1.953737 | E0=-0.99723340-0.00041348j | E1=-0.95650385-0.00020914j|E2=-0.95650385-0.00020914j|E3=-0.95650385-0.00020914j
26-02-14-13 #-----------------------------------------#
26-02-14-13 [Step 153] logΨ: mean=-0.262+0.061j | min=-4.332-1.476j | max=-0.208+1.297j
26-02-14-13 梯度监控 | raw=0.0325 | per_param=0.0015 |  natural=0.0956 | clipped=0.0956(上限20.0)
26-02-14-13 原始规范坐标 G(Re Σrow_mean) = +11.0005 | 累计|g| = 7.6788
26-02-14-13 Ψ矩阵条件数 cond(Ψ) = 3.59e+01
26-02-14-13 Loss=-1.953680 | E0=-0.99746837-0.00056720j | E1=-0.95621114-0.00034464j|E2=-0.95621114-0.00034464j|E3=-0.95621114-0.00034464j
26-02-14-13 #-----------------------------------------#
26-02-14-13 [Step 154] logΨ: mean=-0.268-0.332j | min=-5.011+2.623j | max=-0.228+1.305j
26-02-14-13 梯度监控 | raw=0.1188 | per_param=0.0056 |  natural=0.0727 | clipped=0.0727(上限20.0)
26-02-14-13 原始规范坐标 G(Re Σrow_mean) = +10.9943 | 累计|g| = 7.6788
26-02-14-13 Ψ矩阵条件数 cond(Ψ) = 3.59e+01
26-02-14-13 Loss=-1.953613 | E0=-0.99725059-0.00054059j | E1=-0.95636228+0.00019766j|E2=-0.95636228+0.00019766j|E3=-0.95636228+0.00019766j
26-02-14-13 #-----------------------------------------#
26-02-14-13 [Step 155] logΨ: mean=-0.308-0.083j | min=-4.740-1.851j | max=-0.259+1.306j
26-02-14-13 梯度监控 | raw=0.0311 | per_param=0.0015 |  natural=0.1273 | clipped=0.1273(上限20.0)
26-02-14-13 原始规范坐标 G(Re Σrow_mean) = +10.7814 | 累计|g| = 7.6788
26-02-14-13 Ψ矩阵条件数 cond(Ψ) = 5.01e+01
26-02-14-13 Loss=-1.955077 | E0=-0.99731313-0.00037202j | E1=-0.95776408+0.00005592j|E2=-0.95776408+0.00005592j|E3=-0.95776408+0.00005592j
26-02-14-13 #-----------------------------------------#
26-02-14-13 [Step 156] logΨ: mean=-0.303-0.177j | min=-4.402-1.517j | max=-0.268+1.304j
26-02-14-13 梯度监控 | raw=0.0104 | per_param=0.0005 |  natural=0.0593 | clipped=0.0593(上限20.0)
26-02-14-13 原始规范坐标 G(Re Σrow_mean) = +10.8126 | 累计|g| = 7.6788
26-02-14-13 Ψ矩阵条件数 cond(Ψ) = 4.84e+01
26-02-14-13 Loss=-1.953818 | E0=-0.99698482-0.00042583j | E1=-0.95683272-0.00006911j|E2=-0.95683272-0.00006911j|E3=-0.95683272-0.00006911j
26-02-14-13 #-----------------------------------------#
26-02-14-13 [Step 157] logΨ: mean=-0.300-0.142j | min=-4.728+0.239j | max=-0.260+1.308j
26-02-14-13 梯度监控 | raw=0.0781 | per_param=0.0037 |  natural=0.0714 | clipped=0.0714(上限20.0)
26-02-14-13 原始规范坐标 G(Re Σrow_mean) = +10.7850 | 累计|g| = 7.6788
26-02-14-13 Ψ矩阵条件数 cond(Ψ) = 4.82e+01
26-02-14-13 Loss=-1.953298 | E0=-0.99735639-0.00033936j | E1=-0.95594149+0.00005341j|E2=-0.95594149+0.00005341j|E3=-0.95594149+0.00005341j
26-02-14-13 #-----------------------------------------#
26-02-14-13 [Step 158] logΨ: mean=-0.305-0.145j | min=-4.096-1.754j | max=-0.257+1.306j
26-02-14-13 梯度监控 | raw=0.0400 | per_param=0.0019 |  natural=0.0935 | clipped=0.0935(上限20.0)
26-02-14-13 原始规范坐标 G(Re Σrow_mean) = +10.7578 | 累计|g| = 7.6788
26-02-14-13 Ψ矩阵条件数 cond(Ψ) = 4.86e+01
26-02-14-13 Loss=-1.953327 | E0=-0.99730797-0.00020077j | E1=-0.95601910-0.00023270j|E2=-0.95601910-0.00023270j|E3=-0.95601910-0.00023270j
26-02-14-13 #-----------------------------------------#
26-02-14-13 [Step 159] logΨ: mean=-0.304-0.390j | min=-4.124-1.762j | max=-0.267+1.314j
26-02-14-13 梯度监控 | raw=0.0070 | per_param=0.0003 |  natural=0.0410 | clipped=0.0410(上限20.0)
26-02-14-13 原始规范坐标 G(Re Σrow_mean) = +10.7647 | 累计|g| = 7.6788
26-02-14-13 Ψ矩阵条件数 cond(Ψ) = 4.78e+01
26-02-14-13 Loss=-1.953980 | E0=-0.99719437-0.00028058j | E1=-0.95678607-0.00005862j|E2=-0.95678607-0.00005862j|E3=-0.95678607-0.00005862j
26-02-14-13 #-----------------------------------------#
26-02-14-13 [保存] Step 159 → pickle 文件已更新 (160 条记录)
26-02-14-13 [GaugeReset@160] 吸收 Δg = Σ Re(col_mean) = +10.7647 | 新|g| = 7.6471
26-02-14-13 [Step 160] logΨ: mean=-0.294-0.044j | min=-5.485-2.088j | max=-0.244+1.338j
26-02-14-13 梯度监控 | raw=0.1463 | per_param=0.0069 |  natural=0.0898 | clipped=0.0898(上限20.0)
26-02-14-13 原始规范坐标 G(Re Σrow_mean) = +10.7385 | 累计|g| = 7.6471
26-02-14-13 Ψ矩阵条件数 cond(Ψ) = 3.57e+01
26-02-14-13 Loss=-1.953448 | E0=-0.99689008-0.00033811j | E1=-0.95655760-0.00034324j|E2=-0.95655760-0.00034324j|E3=-0.95655760-0.00034324j
26-02-14-13 #-----------------------------------------#
26-02-14-13 [Step 161] logΨ: mean=-0.283-0.001j | min=-4.663+1.442j | max=-0.239+1.338j
26-02-14-13 梯度监控 | raw=0.0139 | per_param=0.0007 |  natural=0.0678 | clipped=0.0678(上限20.0)
26-02-14-13 原始规范坐标 G(Re Σrow_mean) = +10.7823 | 累计|g| = 7.6471
26-02-14-13 Ψ矩阵条件数 cond(Ψ) = 4.58e+01
26-02-14-13 Loss=-1.953505 | E0=-0.99700171-0.00026551j | E1=-0.95650309-0.00028385j|E2=-0.95650309-0.00028385j|E3=-0.95650309-0.00028385j
26-02-14-13 #-----------------------------------------#
26-02-14-13 [Step 162] logΨ: mean=-0.296+0.048j | min=-4.123+1.346j | max=-0.250+1.336j
26-02-14-13 梯度监控 | raw=0.0105 | per_param=0.0005 |  natural=0.0474 | clipped=0.0474(上限20.0)
26-02-14-13 原始规范坐标 G(Re Σrow_mean) = +10.8473 | 累计|g| = 7.6471
26-02-14-13 Ψ矩阵条件数 cond(Ψ) = 3.33e+01
26-02-14-13 Loss=-1.954346 | E0=-0.99734837-0.00041168j | E1=-0.95699810-0.00004200j|E2=-0.95699810-0.00004200j|E3=-0.95699810-0.00004200j
26-02-14-13 #-----------------------------------------#
26-02-14-13 [Step 163] logΨ: mean=-0.274-0.286j | min=-4.296-1.420j | max=-0.226+1.326j
26-02-14-13 梯度监控 | raw=0.0197 | per_param=0.0009 |  natural=0.0666 | clipped=0.0666(上限20.0)
26-02-14-13 原始规范坐标 G(Re Σrow_mean) = +10.8819 | 累计|g| = 7.6471
26-02-14-13 Ψ矩阵条件数 cond(Ψ) = 2.82e+01
26-02-14-13 Loss=-1.953267 | E0=-0.99716853-0.00050642j | E1=-0.95609832+0.00024331j|E2=-0.95609832+0.00024331j|E3=-0.95609832+0.00024331j
26-02-14-13 #-----------------------------------------#
26-02-14-13 [Step 164] logΨ: mean=-0.336-0.598j | min=-5.171-2.314j | max=-0.275+1.331j
26-02-14-13 梯度监控 | raw=0.0514 | per_param=0.0024 |  natural=0.1123 | clipped=0.1123(上限20.0)
26-02-14-13 原始规范坐标 G(Re Σrow_mean) = +10.7253 | 累计|g| = 7.6471
26-02-14-13 Ψ矩阵条件数 cond(Ψ) = 2.80e+01
26-02-14-13 Loss=-1.954868 | E0=-0.99685268-0.00034204j | E1=-0.95801523-0.00011826j|E2=-0.95801523-0.00011826j|E3=-0.95801523-0.00011826j
26-02-14-13 #-----------------------------------------#
26-02-14-13 [Step 165] logΨ: mean=-0.304-0.840j | min=-4.670-1.727j | max=-0.258+1.332j
26-02-14-13 梯度监控 | raw=0.1718 | per_param=0.0082 |  natural=0.0730 | clipped=0.0730(上限20.0)
26-02-14-13 原始规范坐标 G(Re Σrow_mean) = +10.7959 | 累计|g| = 7.6471
26-02-14-13 Ψ矩阵条件数 cond(Ψ) = 2.75e+01
26-02-14-13 Loss=-1.952983 | E0=-0.99732710-0.00034257j | E1=-0.95565562-0.00003174j|E2=-0.95565562-0.00003174j|E3=-0.95565562-0.00003174j
26-02-14-13 #-----------------------------------------#
26-02-14-13 [Step 166] logΨ: mean=-0.248-0.774j | min=-5.494+1.067j | max=-0.202+1.334j
26-02-14-13 梯度监控 | raw=0.1019 | per_param=0.0048 |  natural=0.1340 | clipped=0.1340(上限20.0)
26-02-14-13 原始规范坐标 G(Re Σrow_mean) = +10.8047 | 累计|g| = 7.6471
26-02-14-13 Ψ矩阵条件数 cond(Ψ) = 3.46e+01
26-02-14-13 Loss=-1.950917 | E0=-0.99614338-0.00031860j | E1=-0.95477386-0.00002297j|E2=-0.95477386-0.00002297j|E3=-0.95477386-0.00002297j
26-02-14-13 #-----------------------------------------#
26-02-14-13 [Step 167] logΨ: mean=-0.289-0.479j | min=-5.702-1.512j | max=-0.235+1.334j
26-02-14-13 梯度监控 | raw=0.1085 | per_param=0.0051 |  natural=0.1268 | clipped=0.1268(上限20.0)
26-02-14-13 原始规范坐标 G(Re Σrow_mean) = +10.8975 | 累计|g| = 7.6471
26-02-14-13 Ψ矩阵条件数 cond(Ψ) = 3.65e+01
26-02-14-13 Loss=-1.954301 | E0=-0.99720548-0.00028175j | E1=-0.95709579-0.00001760j|E2=-0.95709579-0.00001760j|E3=-0.95709579-0.00001760j
26-02-14-13 #-----------------------------------------#
26-02-14-13 [Step 168] logΨ: mean=-0.272-0.278j | min=-4.724-3.030j | max=-0.223+1.330j
26-02-14-13 梯度监控 | raw=0.1663 | per_param=0.0079 |  natural=0.0662 | clipped=0.0662(上限20.0)
26-02-14-13 原始规范坐标 G(Re Σrow_mean) = +10.9363 | 累计|g| = 7.6471
26-02-14-13 Ψ矩阵条件数 cond(Ψ) = 3.66e+01
26-02-14-13 Loss=-1.952877 | E0=-0.99729298-0.00045086j | E1=-0.95558353+0.00020385j|E2=-0.95558353+0.00020385j|E3=-0.95558353+0.00020385j
26-02-14-13 #-----------------------------------------#
26-02-14-13 [Step 169] logΨ: mean=-0.280-0.249j | min=-3.493-2.498j | max=-0.232+1.323j
26-02-14-13 梯度监控 | raw=0.0182 | per_param=0.0009 |  natural=0.0388 | clipped=0.0388(上限20.0)
26-02-14-13 原始规范坐标 G(Re Σrow_mean) = +10.8908 | 累计|g| = 7.6471
26-02-14-13 Ψ矩阵条件数 cond(Ψ) = 3.56e+01
26-02-14-13 Loss=-1.954172 | E0=-0.99719080-0.00047364j | E1=-0.95698163-0.00042311j|E2=-0.95698163-0.00042311j|E3=-0.95698163-0.00042311j
26-02-14-13 #-----------------------------------------#
26-02-14-13 [GaugeReset@170] 吸收 Δg = Σ Re(col_mean) = +10.8908 | 新|g| = 7.7357
26-02-14-13 [Step 170] logΨ: mean=-0.407-0.163j | min=-4.370-1.843j | max=-0.368+1.306j
26-02-14-13 梯度监控 | raw=0.0107 | per_param=0.0005 |  natural=0.0458 | clipped=0.0458(上限20.0)
26-02-14-13 原始规范坐标 G(Re Σrow_mean) = +10.9106 | 累计|g| = 7.7357
26-02-14-13 Ψ矩阵条件数 cond(Ψ) = 1.27e+02
26-02-14-13 Loss=-1.954260 | E0=-0.99730394-0.00042971j | E1=-0.95695625+0.00001377j|E2=-0.95695625+0.00001377j|E3=-0.95695625+0.00001377j
26-02-14-13 #-----------------------------------------#
26-02-14-13 [Step 171] logΨ: mean=-0.395-0.341j | min=-4.755-0.971j | max=-0.343+1.285j
26-02-14-13 梯度监控 | raw=0.0445 | per_param=0.0021 |  natural=0.0656 | clipped=0.0656(上限20.0)
26-02-14-13 原始规范坐标 G(Re Σrow_mean) = +10.8384 | 累计|g| = 7.7357
26-02-14-13 Ψ矩阵条件数 cond(Ψ) = 1.49e+02
26-02-14-13 Loss=-1.952970 | E0=-0.99724111-0.00053738j | E1=-0.95572915+0.00008206j|E2=-0.95572915+0.00008206j|E3=-0.95572915+0.00008206j
26-02-14-13 #-----------------------------------------#
26-02-14-13 [Step 172] logΨ: mean=-0.345-0.535j | min=-4.650+1.459j | max=-0.300-1.854j
26-02-14-13 梯度监控 | raw=0.0289 | per_param=0.0014 |  natural=0.1053 | clipped=0.1053(上限20.0)
26-02-14-13 原始规范坐标 G(Re Σrow_mean) = +10.9179 | 累计|g| = 7.7357
26-02-14-13 Ψ矩阵条件数 cond(Ψ) = 1.48e+02
26-02-14-13 Loss=-1.952728 | E0=-0.99730368-0.00028478j | E1=-0.95542441+0.00021959j|E2=-0.95542441+0.00021959j|E3=-0.95542441+0.00021959j
26-02-14-13 #-----------------------------------------#
26-02-14-13 [Step 173] logΨ: mean=-0.354-0.322j | min=-4.651+0.001j | max=-0.307+1.288j
26-02-14-13 梯度监控 | raw=0.0766 | per_param=0.0036 |  natural=0.0338 | clipped=0.0338(上限20.0)
26-02-14-13 原始规范坐标 G(Re Σrow_mean) = +10.8871 | 累计|g| = 7.7357
26-02-14-13 Ψ矩阵条件数 cond(Ψ) = 1.29e+02
26-02-14-13 Loss=-1.953618 | E0=-0.99726035-0.00042683j | E1=-0.95635729+0.00003739j|E2=-0.95635729+0.00003739j|E3=-0.95635729+0.00003739j
26-02-14-13 #-----------------------------------------#
26-02-14-13 [Step 174] logΨ: mean=-0.349+0.049j | min=-4.645-3.037j | max=-0.294+1.266j
26-02-14-13 梯度监控 | raw=0.1008 | per_param=0.0048 |  natural=0.0909 | clipped=0.0909(上限20.0)
26-02-14-13 原始规范坐标 G(Re Σrow_mean) = +10.9305 | 累计|g| = 7.7357
26-02-14-13 Ψ矩阵条件数 cond(Ψ) = 7.37e+01
26-02-14-13 Loss=-1.952371 | E0=-0.99715735-0.00055538j | E1=-0.95521374+0.00018618j|E2=-0.95521374+0.00018618j|E3=-0.95521374+0.00018618j
26-02-14-13 #-----------------------------------------#
26-02-14-13 [Step 175] logΨ: mean=-0.331+0.088j | min=-4.526-3.115j | max=-0.285+1.269j
26-02-14-13 梯度监控 | raw=0.0743 | per_param=0.0035 |  natural=0.0558 | clipped=0.0558(上限20.0)
26-02-14-13 原始规范坐标 G(Re Σrow_mean) = +10.8997 | 累计|g| = 7.7357
26-02-14-13 Ψ矩阵条件数 cond(Ψ) = 7.63e+01
26-02-14-13 Loss=-1.953197 | E0=-0.99723939-0.00040535j | E1=-0.95595785-0.00000941j|E2=-0.95595785-0.00000941j|E3=-0.95595785-0.00000941j
26-02-14-13 #-----------------------------------------#
26-02-14-13 [Step 176] logΨ: mean=-0.352+0.109j | min=-4.747+1.402j | max=-0.312+1.281j
26-02-14-13 梯度监控 | raw=0.0299 | per_param=0.0014 |  natural=0.0985 | clipped=0.0985(上限20.0)
26-02-14-13 原始规范坐标 G(Re Σrow_mean) = +10.8467 | 累计|g| = 7.7357
26-02-14-13 Ψ矩阵条件数 cond(Ψ) = 7.19e+01
26-02-14-13 Loss=-1.954244 | E0=-0.99708934-0.00038889j | E1=-0.95715450+0.00011344j|E2=-0.95715450+0.00011344j|E3=-0.95715450+0.00011344j
26-02-14-13 #-----------------------------------------#
26-02-14-13 [Step 177] logΨ: mean=-0.395+0.201j | min=-3.633+0.613j | max=-0.343+1.286j
26-02-14-13 梯度监控 | raw=0.0094 | per_param=0.0004 |  natural=0.0573 | clipped=0.0573(上限20.0)
26-02-14-13 原始规范坐标 G(Re Σrow_mean) = +10.8225 | 累计|g| = 7.7357
26-02-14-13 Ψ矩阵条件数 cond(Ψ) = 7.55e+01
26-02-14-13 Loss=-1.954575 | E0=-0.99720802-0.00039873j | E1=-0.95736725-0.00004008j|E2=-0.95736725-0.00004008j|E3=-0.95736725-0.00004008j
26-02-14-13 #-----------------------------------------#
26-02-14-13 [Step 178] logΨ: mean=-0.416+0.014j | min=-3.669-2.525j | max=-0.369+1.291j
26-02-14-13 梯度监控 | raw=0.0095 | per_param=0.0005 |  natural=0.0572 | clipped=0.0572(上限20.0)
26-02-14-13 原始规范坐标 G(Re Σrow_mean) = +10.7799 | 累计|g| = 7.7357
26-02-14-13 Ψ矩阵条件数 cond(Ψ) = 7.60e+01
26-02-14-13 Loss=-1.954082 | E0=-0.99685147-0.00036351j | E1=-0.95723083+0.00000155j|E2=-0.95723083+0.00000155j|E3=-0.95723083+0.00000155j
26-02-14-13 #-----------------------------------------#
26-02-14-13 [Step 179] logΨ: mean=-0.434-0.058j | min=-4.702+0.302j | max=-0.383+1.294j
26-02-14-13 梯度监控 | raw=0.1478 | per_param=0.0070 |  natural=0.0375 | clipped=0.0375(上限20.0)
26-02-14-13 原始规范坐标 G(Re Σrow_mean) = +10.8241 | 累计|g| = 7.7357
26-02-14-13 Ψ矩阵条件数 cond(Ψ) = 7.43e+01
26-02-14-13 Loss=-1.953748 | E0=-0.99733324-0.00041310j | E1=-0.95641444+0.00008968j|E2=-0.95641444+0.00008968j|E3=-0.95641444+0.00008968j
26-02-14-13 #-----------------------------------------#
26-02-14-13 [保存] Step 179 → pickle 文件已更新 (180 条记录)
26-02-14-13 [GaugeReset@180] 吸收 Δg = Σ Re(col_mean) = +10.8241 | 新|g| = 7.6872
26-02-14-13 [Step 180] logΨ: mean=-0.379+0.120j | min=-4.827-0.565j | max=-0.331+1.314j
26-02-14-13 梯度监控 | raw=0.0412 | per_param=0.0020 |  natural=0.0786 | clipped=0.0786(上限20.0)
26-02-14-13 原始规范坐标 G(Re Σrow_mean) = +10.7542 | 累计|g| = 7.6872
26-02-14-13 Ψ矩阵条件数 cond(Ψ) = 6.02e+01
26-02-14-13 Loss=-1.954225 | E0=-0.99728451-0.00060591j | E1=-0.95694003+0.00013421j|E2=-0.95694003+0.00013421j|E3=-0.95694003+0.00013421j
26-02-14-13 #-----------------------------------------#
26-02-14-13 [Step 181] logΨ: mean=-0.350+0.234j | min=-4.766-1.720j | max=-0.308+1.322j
26-02-14-13 梯度监控 | raw=0.0191 | per_param=0.0009 |  natural=0.0846 | clipped=0.0846(上限20.0)
26-02-14-13 原始规范坐标 G(Re Σrow_mean) = +10.7686 | 累计|g| = 7.6872
26-02-14-13 Ψ矩阵条件数 cond(Ψ) = 5.41e+01
26-02-14-13 Loss=-1.953500 | E0=-0.99743479-0.00030910j | E1=-0.95606501+0.00022177j|E2=-0.95606501+0.00022177j|E3=-0.95606501+0.00022177j
26-02-14-13 #-----------------------------------------#
26-02-14-13 [Step 182] logΨ: mean=-0.374+0.140j | min=-4.796+0.466j | max=-0.324+1.329j
26-02-14-13 梯度监控 | raw=0.0785 | per_param=0.0037 |  natural=0.0817 | clipped=0.0817(上限20.0)
26-02-14-13 原始规范坐标 G(Re Σrow_mean) = +10.7698 | 累计|g| = 7.6872
26-02-14-13 Ψ矩阵条件数 cond(Ψ) = 5.21e+01
26-02-14-13 Loss=-1.954221 | E0=-0.99733931-0.00027945j | E1=-0.95688193-0.00000082j|E2=-0.95688193-0.00000082j|E3=-0.95688193-0.00000082j
26-02-14-13 #-----------------------------------------#
26-02-14-13 [Step 183] logΨ: mean=-0.398-0.102j | min=-4.482-1.918j | max=-0.332+1.334j
26-02-14-13 梯度监控 | raw=0.2865 | per_param=0.0136 |  natural=0.0914 | clipped=0.0914(上限20.0)
26-02-14-13 原始规范坐标 G(Re Σrow_mean) = +10.7774 | 累计|g| = 7.6872
26-02-14-13 Ψ矩阵条件数 cond(Ψ) = 5.43e+01
26-02-14-13 Loss=-1.952273 | E0=-0.99728873-0.00038525j | E1=-0.95498443-0.00011482j|E2=-0.95498443-0.00011482j|E3=-0.95498443-0.00011482j
26-02-14-13 #-----------------------------------------#
26-02-14-13 [Step 184] logΨ: mean=-0.394-0.046j | min=-4.497-0.695j | max=-0.341+1.329j
26-02-14-13 梯度监控 | raw=0.0631 | per_param=0.0030 |  natural=0.0547 | clipped=0.0547(上限20.0)
26-02-14-13 原始规范坐标 G(Re Σrow_mean) = +10.7432 | 累计|g| = 7.6872
26-02-14-13 Ψ矩阵条件数 cond(Ψ) = 5.85e+01
26-02-14-13 Loss=-1.953703 | E0=-0.99686078-0.00036859j | E1=-0.95684188-0.00006657j|E2=-0.95684188-0.00006657j|E3=-0.95684188-0.00006657j
26-02-14-13 #-----------------------------------------#
26-02-14-13 [Step 185] logΨ: mean=-0.410+0.068j | min=-5.077-0.555j | max=-0.354+1.335j
26-02-14-13 梯度监控 | raw=0.0445 | per_param=0.0021 |  natural=0.1246 | clipped=0.1246(上限20.0)
26-02-14-13 原始规范坐标 G(Re Σrow_mean) = +10.6973 | 累计|g| = 7.6872
26-02-14-13 Ψ矩阵条件数 cond(Ψ) = 5.19e+01
26-02-14-13 Loss=-1.953703 | E0=-0.99745978-0.00043820j | E1=-0.95624372+0.00004554j|E2=-0.95624372+0.00004554j|E3=-0.95624372+0.00004554j
26-02-14-13 #-----------------------------------------#
26-02-14-13 [Step 186] logΨ: mean=-0.414-0.047j | min=-5.134-0.593j | max=-0.363+1.336j
26-02-14-13 梯度监控 | raw=0.0276 | per_param=0.0013 |  natural=0.0532 | clipped=0.0532(上限20.0)
26-02-14-13 原始规范坐标 G(Re Σrow_mean) = +10.7084 | 累计|g| = 7.6872
26-02-14-13 Ψ矩阵条件数 cond(Ψ) = 5.33e+01
26-02-14-13 Loss=-1.953726 | E0=-0.99690484-0.00045470j | E1=-0.95682164+0.00016707j|E2=-0.95682164+0.00016707j|E3=-0.95682164+0.00016707j
26-02-14-13 #-----------------------------------------#
26-02-14-13 [Step 187] logΨ: mean=-0.414-0.650j | min=-4.548-1.501j | max=-0.365+1.324j
26-02-14-13 梯度监控 | raw=0.0287 | per_param=0.0014 |  natural=0.0763 | clipped=0.0763(上限20.0)
26-02-14-13 原始规范坐标 G(Re Σrow_mean) = +10.7149 | 累计|g| = 7.6872
26-02-14-13 Ψ矩阵条件数 cond(Ψ) = 4.90e+01
26-02-14-13 Loss=-1.953988 | E0=-0.99718048-0.00047098j | E1=-0.95680755-0.00000007j|E2=-0.95680755-0.00000007j|E3=-0.95680755-0.00000007j
26-02-14-13 #-----------------------------------------#
26-02-14-13 [Step 188] logΨ: mean=-0.391-0.321j | min=-5.322-2.313j | max=-0.340+1.316j
26-02-14-13 梯度监控 | raw=0.0252 | per_param=0.0012 |  natural=0.0697 | clipped=0.0697(上限20.0)
26-02-14-13 原始规范坐标 G(Re Σrow_mean) = +10.6078 | 累计|g| = 7.6872
26-02-14-13 Ψ矩阵条件数 cond(Ψ) = 1.05e+02
26-02-14-13 Loss=-1.953113 | E0=-0.99711926-0.00027213j | E1=-0.95599389+0.00012924j|E2=-0.95599389+0.00012924j|E3=-0.95599389+0.00012924j
26-02-14-13 #-----------------------------------------#
26-02-14-13 [Step 189] logΨ: mean=-0.403-0.243j | min=-4.294-1.746j | max=-0.358+1.328j
26-02-14-13 梯度监控 | raw=0.0364 | per_param=0.0017 |  natural=0.0998 | clipped=0.0998(上限20.0)
26-02-14-13 原始规范坐标 G(Re Σrow_mean) = +10.5938 | 累计|g| = 7.6872
26-02-14-13 Ψ矩阵条件数 cond(Ψ) = 1.14e+02
26-02-14-13 Loss=-1.953449 | E0=-0.99737146-0.00015781j | E1=-0.95607728+0.00044691j|E2=-0.95607728+0.00044691j|E3=-0.95607728+0.00044691j
26-02-14-13 #-----------------------------------------#
26-02-14-13 [GaugeReset@190] 吸收 Δg = Σ Re(col_mean) = +10.5938 | 新|g| = 7.5228
26-02-14-13 [Step 190] logΨ: mean=-0.195-0.247j | min=-3.502+0.739j | max=-0.155+1.416j
26-02-14-13 梯度监控 | raw=0.0157 | per_param=0.0007 |  natural=0.0604 | clipped=0.0604(上限20.0)
26-02-14-13 原始规范坐标 G(Re Σrow_mean) = +10.6318 | 累计|g| = 7.5228
26-02-14-13 Ψ矩阵条件数 cond(Ψ) = 1.95e+01
26-02-14-13 Loss=-1.954757 | E0=-0.99708722-0.00031115j | E1=-0.95766953+0.00007972j|E2=-0.95766953+0.00007972j|E3=-0.95766953+0.00007972j
26-02-14-13 #-----------------------------------------#
26-02-14-13 [Step 191] logΨ: mean=-0.199-0.805j | min=-5.265-0.288j | max=-0.150+1.402j
26-02-14-13 梯度监控 | raw=0.1708 | per_param=0.0081 |  natural=0.0621 | clipped=0.0621(上限20.0)
26-02-14-13 原始规范坐标 G(Re Σrow_mean) = +10.7263 | 累计|g| = 7.5228
26-02-14-13 Ψ矩阵条件数 cond(Ψ) = 1.97e+01
26-02-14-13 Loss=-1.953330 | E0=-0.99743956-0.00059796j | E1=-0.95589002-0.00015025j|E2=-0.95589002-0.00015025j|E3=-0.95589002-0.00015025j
26-02-14-13 #-----------------------------------------#
26-02-14-13 [Step 192] logΨ: mean=-0.204-1.321j | min=-5.144-2.231j | max=-0.146+1.398j
26-02-14-13 梯度监控 | raw=0.1783 | per_param=0.0085 |  natural=0.0866 | clipped=0.0866(上限20.0)
26-02-14-13 原始规范坐标 G(Re Σrow_mean) = +10.7682 | 累计|g| = 7.5228
26-02-14-13 Ψ矩阵条件数 cond(Ψ) = 2.01e+01
26-02-14-13 Loss=-1.953231 | E0=-0.99693848-0.00037017j | E1=-0.95629206-0.00027325j|E2=-0.95629206-0.00027325j|E3=-0.95629206-0.00027325j
26-02-14-13 #-----------------------------------------#
26-02-14-13 [Step 193] logΨ: mean=-0.181-1.156j | min=-5.206+2.513j | max=-0.144+1.403j
26-02-14-13 梯度监控 | raw=0.0254 | per_param=0.0012 |  natural=0.0469 | clipped=0.0469(上限20.0)
26-02-14-13 原始规范坐标 G(Re Σrow_mean) = +10.7694 | 累计|g| = 7.5228
26-02-14-13 Ψ矩阵条件数 cond(Ψ) = 2.02e+01
26-02-14-13 Loss=-1.953766 | E0=-0.99698783-0.00051727j | E1=-0.95677858+0.00025678j|E2=-0.95677858+0.00025678j|E3=-0.95677858+0.00025678j
26-02-14-13 #-----------------------------------------#
26-02-14-13 [Step 194] logΨ: mean=-0.203-1.153j | min=-3.519+0.725j | max=-0.159+1.399j
26-02-14-13 梯度监控 | raw=0.0123 | per_param=0.0006 |  natural=0.0415 | clipped=0.0415(上限20.0)
26-02-14-13 原始规范坐标 G(Re Σrow_mean) = +10.7661 | 累计|g| = 7.5228
26-02-14-13 Ψ矩阵条件数 cond(Ψ) = 1.98e+01
26-02-14-13 Loss=-1.954849 | E0=-0.99731022-0.00040796j | E1=-0.95753921-0.00025818j|E2=-0.95753921-0.00025818j|E3=-0.95753921-0.00025818j
26-02-14-13 #-----------------------------------------#
26-02-14-13 [Step 195] logΨ: mean=-0.211-1.187j | min=-4.401-0.694j | max=-0.163+1.397j
26-02-14-13 梯度监控 | raw=0.1349 | per_param=0.0064 |  natural=0.0571 | clipped=0.0571(上限20.0)
26-02-14-13 原始规范坐标 G(Re Σrow_mean) = +10.7833 | 累计|g| = 7.5228
26-02-14-13 Ψ矩阵条件数 cond(Ψ) = 2.04e+01
26-02-14-13 Loss=-1.953925 | E0=-0.99732715-0.00041115j | E1=-0.95659784-0.00035221j|E2=-0.95659784-0.00035221j|E3=-0.95659784-0.00035221j
26-02-14-13 #-----------------------------------------#
26-02-14-13 [Step 196] logΨ: mean=-0.200-0.637j | min=-4.284-1.433j | max=-0.148+1.384j
26-02-14-13 梯度监控 | raw=0.0252 | per_param=0.0012 |  natural=0.0650 | clipped=0.0650(上限20.0)
26-02-14-13 原始规范坐标 G(Re Σrow_mean) = +10.7688 | 累计|g| = 7.5228
26-02-14-13 Ψ矩阵条件数 cond(Ψ) = 2.01e+01
26-02-14-13 Loss=-1.953164 | E0=-0.99645303-0.00048312j | E1=-0.95671105+0.00018909j|E2=-0.95671105+0.00018909j|E3=-0.95671105+0.00018909j
26-02-14-13 #-----------------------------------------#
26-02-14-13 [Step 197] logΨ: mean=-0.218-0.619j | min=-4.551+1.492j | max=-0.159+1.379j
26-02-14-13 梯度监控 | raw=0.0804 | per_param=0.0038 |  natural=0.0840 | clipped=0.0840(上限20.0)
26-02-14-13 原始规范坐标 G(Re Σrow_mean) = +10.7849 | 累计|g| = 7.5228
26-02-14-13 Ψ矩阵条件数 cond(Ψ) = 1.99e+01
26-02-14-13 Loss=-1.953682 | E0=-0.99698316-0.00044824j | E1=-0.95669906-0.00014468j|E2=-0.95669906-0.00014468j|E3=-0.95669906-0.00014468j
26-02-14-13 #-----------------------------------------#
26-02-14-13 [Step 198] logΨ: mean=-0.206-0.467j | min=-4.269-1.856j | max=-0.161+1.372j
26-02-14-13 梯度监控 | raw=0.0098 | per_param=0.0005 |  natural=0.0438 | clipped=0.0438(上限20.0)
26-02-14-13 原始规范坐标 G(Re Σrow_mean) = +10.7693 | 累计|g| = 7.5228
26-02-14-13 Ψ矩阵条件数 cond(Ψ) = 2.01e+01
26-02-14-13 Loss=-1.954565 | E0=-0.99730547-0.00043962j | E1=-0.95725916-0.00003254j|E2=-0.95725916-0.00003254j|E3=-0.95725916-0.00003254j
26-02-14-13 #-----------------------------------------#
26-02-14-13 [Step 199] logΨ: mean=-0.201-0.268j | min=-5.520+1.803j | max=-0.155+1.376j
26-02-14-13 梯度监控 | raw=0.0375 | per_param=0.0018 |  natural=0.1102 | clipped=0.1102(上限20.0)
26-02-14-13 原始规范坐标 G(Re Σrow_mean) = +10.7033 | 累计|g| = 7.5228
26-02-14-13 Ψ矩阵条件数 cond(Ψ) = 2.06e+01
26-02-14-13 Loss=-1.954041 | E0=-0.99731945-0.00025592j | E1=-0.95672114+0.00003477j|E2=-0.95672114+0.00003477j|E3=-0.95672114+0.00003477j
26-02-14-13 #-----------------------------------------#
26-02-14-13 [保存] Step 199 → pickle 文件已更新 (200 条记录)
26-02-14-13 [GaugeReset@200] 吸收 Δg = Σ Re(col_mean) = +10.7033 | 新|g| = 7.5984
26-02-14-13 [Step 200] logΨ: mean=-0.358-0.108j | min=-4.695-0.423j | max=-0.304+1.365j
26-02-14-13 梯度监控 | raw=0.1384 | per_param=0.0066 |  natural=0.0900 | clipped=0.0900(上限20.0)
26-02-14-13 原始规范坐标 G(Re Σrow_mean) = +10.6754 | 累计|g| = 7.5984
26-02-14-13 Ψ矩阵条件数 cond(Ψ) = 5.92e+01
26-02-14-13 Loss=-1.955214 | E0=-0.99740361-0.00037589j | E1=-0.95781066+0.00013605j|E2=-0.95781066+0.00013605j|E3=-0.95781066+0.00013605j
26-02-14-13 #-----------------------------------------#
26-02-14-13 [Step 201] logΨ: mean=-0.355-0.353j | min=-4.176+1.366j | max=-0.312+1.368j
26-02-14-13 梯度监控 | raw=0.0071 | per_param=0.0003 |  natural=0.0419 | clipped=0.0419(上限20.0)
26-02-14-13 原始规范坐标 G(Re Σrow_mean) = +10.7490 | 累计|g| = 7.5984
26-02-14-13 Ψ矩阵条件数 cond(Ψ) = 5.68e+01
26-02-14-13 Loss=-1.954781 | E0=-0.99743438-0.00042840j | E1=-0.95734647+0.00017637j|E2=-0.95734647+0.00017637j|E3=-0.95734647+0.00017637j
26-02-14-13 #-----------------------------------------#
26-02-14-13 [Step 202] logΨ: mean=-0.355-0.311j | min=-4.808+2.643j | max=-0.296+1.365j
26-02-14-13 梯度监控 | raw=0.1039 | per_param=0.0049 |  natural=0.0817 | clipped=0.0817(上限20.0)
26-02-14-13 原始规范坐标 G(Re Σrow_mean) = +10.7481 | 累计|g| = 7.5984
26-02-14-13 Ψ矩阵条件数 cond(Ψ) = 4.32e+01
26-02-14-13 Loss=-1.952911 | E0=-0.99712284-0.00044303j | E1=-0.95578847-0.00004642j|E2=-0.95578847-0.00004642j|E3=-0.95578847-0.00004642j
26-02-14-13 #-----------------------------------------#
26-02-14-13 [Step 203] logΨ: mean=-0.366-0.455j | min=-4.468+1.717j | max=-0.301+1.363j
26-02-14-13 梯度监控 | raw=0.0176 | per_param=0.0008 |  natural=0.0620 | clipped=0.0620(上限20.0)
26-02-14-13 原始规范坐标 G(Re Σrow_mean) = +10.7817 | 累计|g| = 7.5984
26-02-14-13 Ψ矩阵条件数 cond(Ψ) = 4.12e+01
26-02-14-13 Loss=-1.954451 | E0=-0.99721531-0.00054087j | E1=-0.95723603+0.00034062j|E2=-0.95723603+0.00034062j|E3=-0.95723603+0.00034062j
26-02-14-13 #-----------------------------------------#
26-02-14-13 [Step 204] logΨ: mean=-0.351-0.539j | min=-5.662-2.284j | max=-0.296+1.362j
26-02-14-13 梯度监控 | raw=0.0977 | per_param=0.0046 |  natural=0.0597 | clipped=0.0597(上限20.0)
26-02-14-13 原始规范坐标 G(Re Σrow_mean) = +10.7190 | 累计|g| = 7.5984
26-02-14-13 Ψ矩阵条件数 cond(Ψ) = 5.49e+01
26-02-14-13 Loss=-1.953297 | E0=-0.99625095-0.00042014j | E1=-0.95704646+0.00001852j|E2=-0.95704646+0.00001852j|E3=-0.95704646+0.00001852j
26-02-14-13 #-----------------------------------------#
26-02-14-13 [Step 205] logΨ: mean=-0.356-0.365j | min=-4.381-1.871j | max=-0.302+1.363j
26-02-14-13 梯度监控 | raw=0.0109 | per_param=0.0005 |  natural=0.0468 | clipped=0.0468(上限20.0)
26-02-14-13 原始规范坐标 G(Re Σrow_mean) = +10.7266 | 累计|g| = 7.5984
26-02-14-13 Ψ矩阵条件数 cond(Ψ) = 5.74e+01
26-02-14-13 Loss=-1.954651 | E0=-0.99718817-0.00041527j | E1=-0.95746333+0.00021204j|E2=-0.95746333+0.00021204j|E3=-0.95746333+0.00021204j
26-02-14-13 #-----------------------------------------#
26-02-14-13 [Step 206] logΨ: mean=-0.365-0.131j | min=-5.074-3.025j | max=-0.307+1.361j
26-02-14-13 梯度监控 | raw=0.2311 | per_param=0.0110 |  natural=0.0557 | clipped=0.0557(上限20.0)
26-02-14-13 原始规范坐标 G(Re Σrow_mean) = +10.7055 | 累计|g| = 7.5984
26-02-14-13 Ψ矩阵条件数 cond(Ψ) = 5.72e+01
26-02-14-13 Loss=-1.953745 | E0=-0.99733172-0.00038238j | E1=-0.95641287-0.00031366j|E2=-0.95641287-0.00031366j|E3=-0.95641287-0.00031366j
26-02-14-13 #-----------------------------------------#
26-02-14-13 [Step 207] logΨ: mean=-0.340-0.128j | min=-4.241-1.810j | max=-0.304+1.363j
26-02-14-13 梯度监控 | raw=0.0119 | per_param=0.0006 |  natural=0.0450 | clipped=0.0450(上限20.0)
26-02-14-13 原始规范坐标 G(Re Σrow_mean) = +10.6827 | 累计|g| = 7.5984
26-02-14-13 Ψ矩阵条件数 cond(Ψ) = 5.66e+01
26-02-14-13 Loss=-1.954514 | E0=-0.99743144-0.00032596j | E1=-0.95708215-0.00003664j|E2=-0.95708215-0.00003664j|E3=-0.95708215-0.00003664j
26-02-14-13 #-----------------------------------------#
26-02-14-13 [Step 208] logΨ: mean=-0.369-0.111j | min=-4.864+2.610j | max=-0.313+1.359j
26-02-14-13 梯度监控 | raw=0.0696 | per_param=0.0033 |  natural=0.0798 | clipped=0.0798(上限20.0)
26-02-14-13 原始规范坐标 G(Re Σrow_mean) = +10.6581 | 累计|g| = 7.5984
26-02-14-13 Ψ矩阵条件数 cond(Ψ) = 5.62e+01
26-02-14-13 Loss=-1.954096 | E0=-0.99684422-0.00042961j | E1=-0.95725217-0.00003892j|E2=-0.95725217-0.00003892j|E3=-0.95725217-0.00003892j
26-02-14-13 #-----------------------------------------#
26-02-14-13 [Step 209] logΨ: mean=-0.363-0.029j | min=-5.186-0.165j | max=-0.323+1.369j
26-02-14-13 梯度监控 | raw=0.0529 | per_param=0.0025 |  natural=0.0437 | clipped=0.0437(上限20.0)
26-02-14-13 原始规范坐标 G(Re Σrow_mean) = +10.5453 | 累计|g| = 7.5984
26-02-14-13 Ψ矩阵条件数 cond(Ψ) = 4.34e+01
26-02-14-13 Loss=-1.954284 | E0=-0.99764254-0.00043283j | E1=-0.95664150+0.00020554j|E2=-0.95664150+0.00020554j|E3=-0.95664150+0.00020554j
26-02-14-13 #-----------------------------------------#
26-02-14-13 [GaugeReset@210] 吸收 Δg = Σ Re(col_mean) = +10.5453 | 新|g| = 7.4846
26-02-14-13 [Step 210] logΨ: mean=-0.206-0.092j | min=-4.347-1.404j | max=-0.147+1.432j
26-02-14-13 梯度监控 | raw=0.0218 | per_param=0.0010 |  natural=0.0561 | clipped=0.0561(上限20.0)
26-02-14-13 原始规范坐标 G(Re Σrow_mean) = +10.5523 | 累计|g| = 7.4846
26-02-14-13 Ψ矩阵条件数 cond(Ψ) = 2.75e+01
26-02-14-13 Loss=-1.954294 | E0=-0.99738746-0.00027113j | E1=-0.95690645-0.00005557j|E2=-0.95690645-0.00005557j|E3=-0.95690645-0.00005557j
26-02-14-13 #-----------------------------------------#
26-02-14-13 [Step 211] logΨ: mean=-0.181+0.386j | min=-4.729-0.238j | max=-0.145+1.432j
26-02-14-13 梯度监控 | raw=0.1025 | per_param=0.0049 |  natural=0.0296 | clipped=0.0296(上限20.0)
26-02-14-13 原始规范坐标 G(Re Σrow_mean) = +10.6131 | 累计|g| = 7.4846
26-02-14-13 Ψ矩阵条件数 cond(Ψ) = 2.24e+01
26-02-14-13 Loss=-1.954029 | E0=-0.99710253-0.00027134j | E1=-0.95692642-0.00008600j|E2=-0.95692642-0.00008600j|E3=-0.95692642-0.00008600j
26-02-14-13 #-----------------------------------------#
26-02-14-13 [Step 212] logΨ: mean=-0.231+0.438j | min=-5.675+1.851j | max=-0.178+1.444j
26-02-14-13 梯度监控 | raw=0.0517 | per_param=0.0025 |  natural=0.1316 | clipped=0.1316(上限20.0)
26-02-14-13 原始规范坐标 G(Re Σrow_mean) = +10.6069 | 累计|g| = 7.4846
26-02-14-13 Ψ矩阵条件数 cond(Ψ) = 2.86e+01
26-02-14-13 Loss=-1.954984 | E0=-0.99741284-0.00012966j | E1=-0.95757115+0.00010787j|E2=-0.95757115+0.00010787j|E3=-0.95757115+0.00010787j
26-02-14-13 #-----------------------------------------#
26-02-14-13 [Step 213] logΨ: mean=-0.163-0.010j | min=-5.195-2.175j | max=-0.135+1.444j
26-02-14-13 梯度监控 | raw=0.0200 | per_param=0.0009 |  natural=0.0935 | clipped=0.0935(上限20.0)
26-02-14-13 原始规范坐标 G(Re Σrow_mean) = +10.7156 | 累计|g| = 7.4846
26-02-14-13 Ψ矩阵条件数 cond(Ψ) = 2.32e+01
26-02-14-13 Loss=-1.953228 | E0=-0.99692884-0.00032674j | E1=-0.95629923+0.00007121j|E2=-0.95629923+0.00007121j|E3=-0.95629923+0.00007121j
26-02-14-13 #-----------------------------------------#
26-02-14-13 [Step 214] logΨ: mean=-0.148+0.057j | min=-4.412+1.553j | max=-0.094+1.452j
26-02-14-13 梯度监控 | raw=0.0283 | per_param=0.0013 |  natural=0.1197 | clipped=0.1197(上限20.0)
26-02-14-13 原始规范坐标 G(Re Σrow_mean) = +10.8225 | 累计|g| = 7.4846
26-02-14-13 Ψ矩阵条件数 cond(Ψ) = 2.18e+01
26-02-14-13 Loss=-1.952573 | E0=-0.99713022-0.00039876j | E1=-0.95544248+0.00045611j|E2=-0.95544248+0.00045611j|E3=-0.95544248+0.00045611j
26-02-14-13 #-----------------------------------------#
26-02-14-13 [Step 215] logΨ: mean=-0.147-0.077j | min=-4.178-1.702j | max=-0.101+1.458j
26-02-14-13 梯度监控 | raw=0.0115 | per_param=0.0005 |  natural=0.0480 | clipped=0.0480(上限20.0)
26-02-14-13 原始规范坐标 G(Re Σrow_mean) = +10.8321 | 累计|g| = 7.4846
26-02-14-13 Ψ矩阵条件数 cond(Ψ) = 2.21e+01
26-02-14-13 Loss=-1.954456 | E0=-0.99732518-0.00041139j | E1=-0.95713049+0.00026926j|E2=-0.95713049+0.00026926j|E3=-0.95713049+0.00026926j
26-02-14-13 #-----------------------------------------#
26-02-14-13 [Step 216] logΨ: mean=0.037+0.420j | min=-5.577-2.274j | max=0.099+1.867j
26-02-14-13 梯度监控 | raw=0.6612 | per_param=0.0314 |  natural=2.9393 | clipped=2.9393(上限20.0)
26-02-14-13 原始规范坐标 G(Re Σrow_mean) = +10.9785 | 累计|g| = 7.4846
26-02-14-13 Ψ矩阵条件数 cond(Ψ) = 2.10e+01
26-02-14-13 Loss=-1.955466 | E0=-0.99962727+0.02686695j | E1=-0.95583857-0.00025173j|E2=-0.95583857-0.00025173j|E3=-0.95583857-0.00025173j
26-02-14-13 #-----------------------------------------#
26-02-14-13 [Step 217] logΨ: mean=0.071+0.413j | min=-5.164+1.783j | max=0.175+1.846j
26-02-14-13 梯度监控 | raw=0.6072 | per_param=0.0288 |  natural=0.2079 | clipped=0.2079(上限20.0)
26-02-14-13 原始规范坐标 G(Re Σrow_mean) = +10.9785 | 累计|g| = 7.4846
26-02-14-13 Ψ矩阵条件数 cond(Ψ) = 1.96e+01
26-02-14-13 Loss=-1.933091 | E0=-1.00170312+0.00122269j | E1=-0.93138829-0.00406032j|E2=-0.93138829-0.00406032j|E3=-0.93138829-0.00406032j
26-02-14-13 #-----------------------------------------#
26-02-14-13 [Step 218] logΨ: mean=0.073+0.451j | min=-4.296-0.863j | max=0.189+1.817j
26-02-14-13 梯度监控 | raw=0.6963 | per_param=0.0330 |  natural=0.2036 | clipped=0.2036(上限20.0)
26-02-14-13 原始规范坐标 G(Re Σrow_mean) = +10.9415 | 累计|g| = 7.4846
26-02-14-13 Ψ矩阵条件数 cond(Ψ) = 2.38e+01
26-02-14-13 Loss=-1.933384 | E0=-1.00236764-0.00110125j | E1=-0.93101654-0.00035575j|E2=-0.93101654-0.00035575j|E3=-0.93101654-0.00035575j
26-02-14-13 #-----------------------------------------#
26-02-14-13 [Step 219] logΨ: mean=0.108-0.030j | min=-4.750-1.978j | max=0.217+1.804j
26-02-14-13 梯度监控 | raw=0.4512 | per_param=0.0214 |  natural=0.1601 | clipped=0.1601(上限20.0)
26-02-14-13 原始规范坐标 G(Re Σrow_mean) = +10.9233 | 累计|g| = 7.4846
26-02-14-13 Ψ矩阵条件数 cond(Ψ) = 2.40e+01
26-02-14-13 Loss=-1.944365 | E0=-1.00104301-0.00029690j | E1=-0.94332167+0.00308368j|E2=-0.94332167+0.00308368j|E3=-0.94332167+0.00308368j
26-02-14-13 #-----------------------------------------#
26-02-14-13 [保存] Step 219 → pickle 文件已更新 (220 条记录)
26-02-14-13 [GaugeReset@220] 吸收 Δg = Σ Re(col_mean) = +10.9233 | 新|g| = 7.7956
26-02-14-13 [Step 220] logΨ: mean=-0.260-0.763j | min=-5.771-2.173j | max=-0.173+1.160j
26-02-14-13 梯度监控 | raw=0.4074 | per_param=0.0193 |  natural=0.1872 | clipped=0.1872(上限20.0)
26-02-14-13 原始规范坐标 G(Re Σrow_mean) = +10.9194 | 累计|g| = 7.7956
26-02-14-13 Ψ矩阵条件数 cond(Ψ) = 8.36e+01
26-02-14-13 Loss=-1.947855 | E0=-0.99801704+0.00216514j | E1=-0.94983761-0.00006896j|E2=-0.94983761-0.00006896j|E3=-0.94983761-0.00006896j
26-02-14-13 #-----------------------------------------#
26-02-14-13 [Step 221] logΨ: mean=-0.231-0.223j | min=-5.128+0.494j | max=-0.152+1.144j
26-02-14-13 梯度监控 | raw=0.2455 | per_param=0.0117 |  natural=0.1104 | clipped=0.1104(上限20.0)
26-02-14-13 原始规范坐标 G(Re Σrow_mean) = +10.9217 | 累计|g| = 7.7956
26-02-14-13 Ψ矩阵条件数 cond(Ψ) = 8.82e+01
26-02-14-13 Loss=-1.951662 | E0=-0.99916153-0.00059705j | E1=-0.95250091+0.00366215j|E2=-0.95250091+0.00366215j|E3=-0.95250091+0.00366215j
26-02-14-13 #-----------------------------------------#
26-02-14-13 [Step 222] logΨ: mean=-0.227-0.398j | min=-3.914+1.736j | max=-0.154+1.132j
26-02-14-13 梯度监控 | raw=0.3900 | per_param=0.0185 |  natural=0.1246 | clipped=0.1246(上限20.0)
26-02-14-13 原始规范坐标 G(Re Σrow_mean) = +10.9611 | 累计|g| = 7.7956
26-02-14-13 Ψ矩阵条件数 cond(Ψ) = 9.06e+01
26-02-14-13 Loss=-1.948388 | E0=-0.99942574-0.00062637j | E1=-0.94896208-0.00054684j|E2=-0.94896208-0.00054684j|E3=-0.94896208-0.00054684j
26-02-14-13 #-----------------------------------------#
26-02-14-13 [Step 223] logΨ: mean=-0.213-0.747j | min=-4.523-0.042j | max=-0.145+1.121j
26-02-14-13 梯度监控 | raw=0.2905 | per_param=0.0138 |  natural=0.1120 | clipped=0.1120(上限20.0)
26-02-14-13 原始规范坐标 G(Re Σrow_mean) = +10.9273 | 累计|g| = 7.7956
26-02-14-13 Ψ矩阵条件数 cond(Ψ) = 9.60e+01
26-02-14-13 Loss=-1.950810 | E0=-0.99910412-0.00020018j | E1=-0.95170609+0.00190620j|E2=-0.95170609+0.00190620j|E3=-0.95170609+0.00190620j
26-02-14-13 #-----------------------------------------#
26-02-14-13 [Step 224] logΨ: mean=-0.227-0.798j | min=-4.010+1.694j | max=-0.173+1.113j
26-02-14-13 梯度监控 | raw=0.2159 | per_param=0.0102 |  natural=0.1115 | clipped=0.1115(上限20.0)
26-02-14-13 原始规范坐标 G(Re Σrow_mean) = +10.9393 | 累计|g| = 7.7956
26-02-14-13 Ψ矩阵条件数 cond(Ψ) = 9.57e+01
26-02-14-13 Loss=-1.952397 | E0=-0.99836054-0.00050266j | E1=-0.95403624-0.00099470j|E2=-0.95403624-0.00099470j|E3=-0.95403624-0.00099470j
26-02-14-13 #-----------------------------------------#
26-02-14-13 [Step 225] logΨ: mean=-0.248-0.917j | min=-4.648-3.067j | max=-0.169+1.108j
26-02-14-13 梯度监控 | raw=0.2007 | per_param=0.0095 |  natural=0.1041 | clipped=0.1041(上限20.0)
26-02-14-13 原始规范坐标 G(Re Σrow_mean) = +10.9334 | 累计|g| = 7.7956
26-02-14-13 Ψ矩阵条件数 cond(Ψ) = 3.44e+01
26-02-14-13 Loss=-1.949998 | E0=-0.99973098+0.00033882j | E1=-0.95026672-0.00259586j|E2=-0.95026672-0.00259586j|E3=-0.95026672-0.00259586j
26-02-14-13 #-----------------------------------------#
26-02-14-13 [Step 226] logΨ: mean=-0.251-0.428j | min=-5.880+0.479j | max=-0.184+1.096j
26-02-14-13 梯度监控 | raw=0.2310 | per_param=0.0110 |  natural=0.1240 | clipped=0.1240(上限20.0)
26-02-14-13 原始规范坐标 G(Re Σrow_mean) = +10.9263 | 累计|g| = 7.7956
26-02-14-13 Ψ矩阵条件数 cond(Ψ) = 3.35e+01
26-02-14-13 Loss=-1.951082 | E0=-0.99900507-0.00035935j | E1=-0.95207663-0.00185691j|E2=-0.95207663-0.00185691j|E3=-0.95207663-0.00185691j
26-02-14-13 #-----------------------------------------#
26-02-14-13 [Step 227] logΨ: mean=-0.242-0.162j | min=-4.904+1.175j | max=-0.183+1.092j
26-02-14-13 梯度监控 | raw=0.1382 | per_param=0.0066 |  natural=0.1263 | clipped=0.1263(上限20.0)
26-02-14-13 原始规范坐标 G(Re Σrow_mean) = +10.9702 | 累计|g| = 7.7956
26-02-14-13 Ψ矩阵条件数 cond(Ψ) = 3.11e+01
26-02-14-13 Loss=-1.950840 | E0=-0.99949062-0.00056755j | E1=-0.95134978-0.00467297j|E2=-0.95134978-0.00467297j|E3=-0.95134978-0.00467297j
26-02-14-13 #-----------------------------------------#
26-02-14-13 [Step 228] logΨ: mean=-0.241-0.116j | min=-4.250-0.273j | max=-0.179+1.087j
26-02-14-13 梯度监控 | raw=0.1587 | per_param=0.0075 |  natural=0.0624 | clipped=0.0624(上限20.0)
26-02-14-13 原始规范坐标 G(Re Σrow_mean) = +10.9053 | 累计|g| = 7.7956
26-02-14-13 Ψ矩阵条件数 cond(Ψ) = 3.12e+01
26-02-14-13 Loss=-1.952220 | E0=-0.99920946-0.00058122j | E1=-0.95301030-0.00000625j|E2=-0.95301030-0.00000625j|E3=-0.95301030-0.00000625j
26-02-14-13 #-----------------------------------------#
26-02-14-13 [Step 229] logΨ: mean=-0.201-0.532j | min=-4.724+0.351j | max=-0.156+1.084j
26-02-14-13 梯度监控 | raw=0.1557 | per_param=0.0074 |  natural=0.0649 | clipped=0.0649(上限20.0)
26-02-14-13 原始规范坐标 G(Re Σrow_mean) = +10.9135 | 累计|g| = 7.7956
26-02-14-13 Ψ矩阵条件数 cond(Ψ) = 3.15e+01
26-02-14-13 Loss=-1.952538 | E0=-0.99770161-0.00013004j | E1=-0.95483656+0.00102976j|E2=-0.95483656+0.00102976j|E3=-0.95483656+0.00102976j
26-02-14-13 #-----------------------------------------#
26-02-14-13 [GaugeReset@230] 吸收 Δg = Σ Re(col_mean) = +10.9135 | 新|g| = 7.7843
26-02-14-13 [Step 230] logΨ: mean=-0.229-0.655j | min=-4.693-0.804j | max=-0.180+1.131j
26-02-14-13 梯度监控 | raw=0.1939 | per_param=0.0092 |  natural=0.0941 | clipped=0.0941(上限20.0)
26-02-14-13 原始规范坐标 G(Re Σrow_mean) = +10.8922 | 累计|g| = 7.7843
26-02-14-13 Ψ矩阵条件数 cond(Ψ) = 4.34e+01
26-02-14-13 Loss=-1.953619 | E0=-0.99779997-0.00051528j | E1=-0.95581872+0.00044439j|E2=-0.95581872+0.00044439j|E3=-0.95581872+0.00044439j
26-02-14-13 #-----------------------------------------#
26-02-14-13 [Step 231] logΨ: mean=-0.259-0.703j | min=-4.545+1.174j | max=-0.198+1.130j
26-02-14-13 梯度监控 | raw=0.1224 | per_param=0.0058 |  natural=0.0815 | clipped=0.0815(上限20.0)
26-02-14-13 原始规范坐标 G(Re Σrow_mean) = +10.9251 | 累计|g| = 7.7843
26-02-14-13 Ψ矩阵条件数 cond(Ψ) = 8.69e+01
26-02-14-13 Loss=-1.952238 | E0=-0.99925783-0.00053044j | E1=-0.95298046-0.00272979j|E2=-0.95298046-0.00272979j|E3=-0.95298046-0.00272979j
26-02-14-13 #-----------------------------------------#
26-02-14-13 [Step 232] logΨ: mean=-0.274-0.268j | min=-4.307-1.565j | max=-0.230+1.135j
26-02-14-13 梯度监控 | raw=0.1112 | per_param=0.0053 |  natural=0.0987 | clipped=0.0987(上限20.0)
26-02-14-13 原始规范坐标 G(Re Σrow_mean) = +10.8701 | 累计|g| = 7.7843
26-02-14-13 Ψ矩阵条件数 cond(Ψ) = 8.96e+01
26-02-14-13 Loss=-1.953800 | E0=-0.99820628-0.00046851j | E1=-0.95559422-0.00064531j|E2=-0.95559422-0.00064531j|E3=-0.95559422-0.00064531j
26-02-14-13 #-----------------------------------------#
26-02-14-13 [Step 233] logΨ: mean=-0.286-0.319j | min=-4.537+1.229j | max=-0.236+1.133j
26-02-14-13 梯度监控 | raw=0.1011 | per_param=0.0048 |  natural=0.0632 | clipped=0.0632(上限20.0)
26-02-14-13 原始规范坐标 G(Re Σrow_mean) = +10.8645 | 累计|g| = 7.7843
26-02-14-13 Ψ矩阵条件数 cond(Ψ) = 9.84e+01
26-02-14-13 Loss=-1.953095 | E0=-0.99802170-0.00044702j | E1=-0.95507304-0.00100284j|E2=-0.95507304-0.00100284j|E3=-0.95507304-0.00100284j
26-02-14-13 #-----------------------------------------#
26-02-14-13 [Step 234] logΨ: mean=-0.330-0.583j | min=-4.903-2.129j | max=-0.268+1.139j
26-02-14-13 梯度监控 | raw=0.1041 | per_param=0.0049 |  natural=0.1059 | clipped=0.1059(上限20.0)
26-02-14-13 原始规范坐标 G(Re Σrow_mean) = +10.8053 | 累计|g| = 7.7843
26-02-14-13 Ψ矩阵条件数 cond(Ψ) = 3.85e+01
26-02-14-13 Loss=-1.953871 | E0=-0.99787755-0.00040299j | E1=-0.95599379-0.00045074j|E2=-0.95599379-0.00045074j|E3=-0.95599379-0.00045074j
26-02-14-13 #-----------------------------------------#
26-02-14-13 [Step 235] logΨ: mean=-0.355-0.749j | min=-4.352-0.708j | max=-0.312+1.139j
26-02-14-13 梯度监控 | raw=0.1193 | per_param=0.0057 |  natural=0.0883 | clipped=0.0883(上限20.0)
26-02-14-13 原始规范坐标 G(Re Σrow_mean) = +10.7995 | 累计|g| = 7.7843
26-02-14-13 Ψ矩阵条件数 cond(Ψ) = 3.94e+01
26-02-14-13 Loss=-1.954704 | E0=-0.99800348-0.00045147j | E1=-0.95670032-0.00074095j|E2=-0.95670032-0.00074095j|E3=-0.95670032-0.00074095j
26-02-14-13 #-----------------------------------------#
26-02-14-13 [Step 236] logΨ: mean=-0.376-0.224j | min=-4.613+0.776j | max=-0.328+1.142j
26-02-14-13 梯度监控 | raw=0.0894 | per_param=0.0042 |  natural=0.0723 | clipped=0.0723(上限20.0)
26-02-14-13 原始规范坐标 G(Re Σrow_mean) = +10.7625 | 累计|g| = 7.7843
26-02-14-13 Ψ矩阵条件数 cond(Ψ) = 8.40e+01
26-02-14-13 Loss=-1.954433 | E0=-0.99795785-0.00029512j | E1=-0.95647497+0.00013305j|E2=-0.95647497+0.00013305j|E3=-0.95647497+0.00013305j
26-02-14-13 #-----------------------------------------#
26-02-14-13 [Step 237] logΨ: mean=-0.434-0.420j | min=-6.049-2.694j | max=-0.357+1.134j
26-02-14-13 梯度监控 | raw=0.1370 | per_param=0.0065 |  natural=0.1076 | clipped=0.1076(上限20.0)
26-02-14-13 原始规范坐标 G(Re Σrow_mean) = +10.7520 | 累计|g| = 7.7843
26-02-14-13 Ψ矩阵条件数 cond(Ψ) = 4.01e+01
26-02-14-13 Loss=-1.953545 | E0=-0.99763558-0.00036659j | E1=-0.95590910-0.00167909j|E2=-0.95590910-0.00167909j|E3=-0.95590910-0.00167909j
26-02-14-13 #-----------------------------------------#
26-02-14-13 [Step 238] logΨ: mean=-0.366-0.497j | min=-4.656-2.331j | max=-0.322+1.131j
26-02-14-13 梯度监控 | raw=0.0851 | per_param=0.0040 |  natural=0.0814 | clipped=0.0814(上限20.0)
26-02-14-13 原始规范坐标 G(Re Σrow_mean) = +10.7940 | 累计|g| = 7.7843
26-02-14-13 Ψ矩阵条件数 cond(Ψ) = 4.36e+01
26-02-14-13 Loss=-1.952999 | E0=-0.99768974-0.00023893j | E1=-0.95530954-0.00067318j|E2=-0.95530954-0.00067318j|E3=-0.95530954-0.00067318j
26-02-14-13 #-----------------------------------------#
26-02-14-13 [Step 239] logΨ: mean=-0.375-0.585j | min=-3.527-1.355j | max=-0.336+1.128j
26-02-14-13 梯度监控 | raw=0.0736 | per_param=0.0035 |  natural=0.0380 | clipped=0.0380(上限20.0)
26-02-14-13 原始规范坐标 G(Re Σrow_mean) = +10.7334 | 累计|g| = 7.7843
26-02-14-13 Ψ矩阵条件数 cond(Ψ) = 4.29e+01
26-02-14-13 Loss=-1.954735 | E0=-0.99773672-0.00044641j | E1=-0.95699796+0.00083487j|E2=-0.95699796+0.00083487j|E3=-0.95699796+0.00083487j
26-02-14-13 #-----------------------------------------#
26-02-14-13 [保存] Step 239 → pickle 文件已更新 (240 条记录)
26-02-14-13 [GaugeReset@240] 吸收 Δg = Σ Re(col_mean) = +10.7334 | 新|g| = 7.6525
26-02-14-13 [Step 240] logΨ: mean=-0.225-0.680j | min=-5.903-2.633j | max=-0.172+1.196j
26-02-14-13 梯度监控 | raw=0.0788 | per_param=0.0037 |  natural=0.0663 | clipped=0.0663(上限20.0)
26-02-14-13 原始规范坐标 G(Re Σrow_mean) = +10.7018 | 累计|g| = 7.6525
26-02-14-13 Ψ矩阵条件数 cond(Ψ) = 6.05e+01
26-02-14-13 Loss=-1.954820 | E0=-0.99700452-0.00049494j | E1=-0.95781566+0.00124506j|E2=-0.95781566+0.00124506j|E3=-0.95781566+0.00124506j
26-02-14-13 #-----------------------------------------#
26-02-14-13 [Step 241] logΨ: mean=-0.251-0.187j | min=-4.492+2.482j | max=-0.201+1.197j
26-02-14-13 梯度监控 | raw=0.1421 | per_param=0.0067 |  natural=0.0813 | clipped=0.0813(上限20.0)
26-02-14-13 原始规范坐标 G(Re Σrow_mean) = +10.7214 | 累计|g| = 7.6525
26-02-14-13 Ψ矩阵条件数 cond(Ψ) = 6.18e+01
26-02-14-13 Loss=-1.954017 | E0=-0.99774151-0.00042593j | E1=-0.95627585-0.00014729j|E2=-0.95627585-0.00014729j|E3=-0.95627585-0.00014729j
26-02-14-13 #-----------------------------------------#
26-02-14-13 [Step 242] logΨ: mean=-0.266+0.291j | min=-4.482-2.203j | max=-0.214+1.196j
26-02-14-13 梯度监控 | raw=0.0518 | per_param=0.0025 |  natural=0.1195 | clipped=0.1195(上限20.0)
26-02-14-13 原始规范坐标 G(Re Σrow_mean) = +10.7822 | 累计|g| = 7.6525
26-02-14-13 Ψ矩阵条件数 cond(Ψ) = 4.02e+01
26-02-14-13 Loss=-1.954165 | E0=-0.99827095-0.00020377j | E1=-0.95589393-0.00224318j|E2=-0.95589393-0.00224318j|E3=-0.95589393-0.00224318j
26-02-14-13 #-----------------------------------------#
26-02-14-13 [Step 243] logΨ: mean=-0.256-0.053j | min=-4.359+1.503j | max=-0.220+1.193j
26-02-14-13 梯度监控 | raw=0.0473 | per_param=0.0022 |  natural=0.0520 | clipped=0.0520(上限20.0)
26-02-14-13 原始规范坐标 G(Re Σrow_mean) = +10.7735 | 累计|g| = 7.6525
26-02-14-13 Ψ矩阵条件数 cond(Ψ) = 3.80e+01
26-02-14-13 Loss=-1.953928 | E0=-0.99853463-0.00046717j | E1=-0.95539318-0.00127813j|E2=-0.95539318-0.00127813j|E3=-0.95539318-0.00127813j
26-02-14-13 #-----------------------------------------#
26-02-14-13 [Step 244] logΨ: mean=-0.318-0.233j | min=-4.352-0.858j | max=-0.247+1.191j
26-02-14-13 梯度监控 | raw=0.0745 | per_param=0.0035 |  natural=0.0769 | clipped=0.0769(上限20.0)
26-02-14-13 原始规范坐标 G(Re Σrow_mean) = +10.6940 | 累计|g| = 7.6525
26-02-14-13 Ψ矩阵条件数 cond(Ψ) = 6.28e+01
26-02-14-13 Loss=-1.954563 | E0=-0.99802292-0.00041221j | E1=-0.95654039-0.00078516j|E2=-0.95654039-0.00078516j|E3=-0.95654039-0.00078516j
26-02-14-13 #-----------------------------------------#
26-02-14-13 [Step 245] logΨ: mean=-0.321-0.223j | min=-4.440-2.140j | max=-0.265+1.199j
26-02-14-13 梯度监控 | raw=0.0563 | per_param=0.0027 |  natural=0.0828 | clipped=0.0828(上限20.0)
26-02-14-13 原始规范坐标 G(Re Σrow_mean) = +10.6500 | 累计|g| = 7.6525
26-02-14-13 Ψ矩阵条件数 cond(Ψ) = 3.73e+01
26-02-14-13 Loss=-1.955188 | E0=-0.99783147-0.00036853j | E1=-0.95735613+0.00044473j|E2=-0.95735613+0.00044473j|E3=-0.95735613+0.00044473j
26-02-14-13 #-----------------------------------------#
26-02-14-13 [Step 246] logΨ: mean=-0.372-0.144j | min=-5.264-1.027j | max=-0.303+1.200j
26-02-14-13 梯度监控 | raw=0.1423 | per_param=0.0068 |  natural=0.1337 | clipped=0.1337(上限20.0)
26-02-14-13 原始规范坐标 G(Re Σrow_mean) = +10.6107 | 累计|g| = 7.6525
26-02-14-13 Ψ矩阵条件数 cond(Ψ) = 4.36e+01
26-02-14-13 Loss=-1.954657 | E0=-0.99690177-0.00053186j | E1=-0.95775510+0.00054234j|E2=-0.95775510+0.00054234j|E3=-0.95775510+0.00054234j
26-02-14-13 #-----------------------------------------#
26-02-14-13 [Step 247] logΨ: mean=-0.319-0.114j | min=-4.526-2.186j | max=-0.281+1.202j
26-02-14-13 梯度监控 | raw=0.0605 | per_param=0.0029 |  natural=0.0859 | clipped=0.0859(上限20.0)
26-02-14-13 原始规范坐标 G(Re Σrow_mean) = +10.6281 | 累计|g| = 7.6525
26-02-14-13 Ψ矩阵条件数 cond(Ψ) = 4.66e+01
26-02-14-13 Loss=-1.953960 | E0=-0.99715280-0.00018702j | E1=-0.95680731+0.00081916j|E2=-0.95680731+0.00081916j|E3=-0.95680731+0.00081916j
26-02-14-13 #-----------------------------------------#
26-02-14-13 [Step 248] logΨ: mean=-0.315+0.085j | min=-5.666+0.654j | max=-0.247+1.205j
26-02-14-13 梯度监控 | raw=0.0510 | per_param=0.0024 |  natural=0.1079 | clipped=0.1079(上限20.0)
26-02-14-13 原始规范坐标 G(Re Σrow_mean) = +10.6729 | 累计|g| = 7.6525
26-02-14-13 Ψ矩阵条件数 cond(Ψ) = 4.87e+01
26-02-14-13 Loss=-1.952662 | E0=-0.99710284-0.00018886j | E1=-0.95555878+0.00005685j|E2=-0.95555878+0.00005685j|E3=-0.95555878+0.00005685j
26-02-14-13 #-----------------------------------------#
26-02-14-13 [Step 249] logΨ: mean=-0.294+0.104j | min=-4.590-2.035j | max=-0.228+1.207j
26-02-14-13 梯度监控 | raw=0.0608 | per_param=0.0029 |  natural=0.1025 | clipped=0.1025(上限20.0)
26-02-14-13 原始规范坐标 G(Re Σrow_mean) = +10.6891 | 累计|g| = 7.6525
26-02-14-13 Ψ矩阵条件数 cond(Ψ) = 4.54e+01
26-02-14-13 Loss=-1.952741 | E0=-0.99710724-0.00039345j | E1=-0.95563419+0.00011620j|E2=-0.95563419+0.00011620j|E3=-0.95563419+0.00011620j
26-02-14-13 #-----------------------------------------#
26-02-14-13 [GaugeReset@250] 吸收 Δg = Σ Re(col_mean) = +10.6891 | 新|g| = 7.6197
26-02-14-13 [Step 250] logΨ: mean=-0.222+0.306j | min=-5.482+2.142j | max=-0.161+1.218j
26-02-14-13 梯度监控 | raw=0.1293 | per_param=0.0061 |  natural=0.1120 | clipped=0.1120(上限20.0)
26-02-14-13 原始规范坐标 G(Re Σrow_mean) = +10.6775 | 累计|g| = 7.6197
26-02-14-13 Ψ矩阵条件数 cond(Ψ) = 7.65e+01
26-02-14-13 Loss=-1.953030 | E0=-0.99663074-0.00060673j | E1=-0.95639886+0.00040559j|E2=-0.95639886+0.00040559j|E3=-0.95639886+0.00040559j
26-02-14-13 #-----------------------------------------#
26-02-14-13 [Step 251] logΨ: mean=-0.213-0.114j | min=-3.644-2.779j | max=-0.179+1.218j
26-02-14-13 梯度监控 | raw=0.0326 | per_param=0.0015 |  natural=0.0496 | clipped=0.0496(上限20.0)
26-02-14-13 原始规范坐标 G(Re Σrow_mean) = +10.7321 | 累计|g| = 7.6197
26-02-14-13 Ψ矩阵条件数 cond(Ψ) = 7.06e+01
26-02-14-13 Loss=-1.954758 | E0=-0.99773793-0.00039216j | E1=-0.95702009-0.00049229j|E2=-0.95702009-0.00049229j|E3=-0.95702009-0.00049229j
26-02-14-13 #-----------------------------------------#
26-02-14-13 [Step 252] logΨ: mean=-0.270-0.456j | min=-3.169-1.917j | max=-0.211+1.218j
26-02-14-13 梯度监控 | raw=0.0444 | per_param=0.0021 |  natural=0.0690 | clipped=0.0690(上限20.0)
26-02-14-13 原始规范坐标 G(Re Σrow_mean) = +10.6597 | 累计|g| = 7.6197
26-02-14-13 Ψ矩阵条件数 cond(Ψ) = 6.52e+01
26-02-14-13 Loss=-1.955915 | E0=-0.99754268-0.00039684j | E1=-0.95837210-0.00021805j|E2=-0.95837210-0.00021805j|E3=-0.95837210-0.00021805j
26-02-14-13 #-----------------------------------------#
26-02-14-13 [Step 253] logΨ: mean=-0.272-0.454j | min=-5.556+0.716j | max=-0.222+1.228j
26-02-14-13 梯度监控 | raw=0.0909 | per_param=0.0043 |  natural=0.0915 | clipped=0.0915(上限20.0)
26-02-14-13 原始规范坐标 G(Re Σrow_mean) = +10.6724 | 累计|g| = 7.6197
26-02-14-13 Ψ矩阵条件数 cond(Ψ) = 1.04e+02
26-02-14-13 Loss=-1.954284 | E0=-0.99708407-0.00047293j | E1=-0.95720039-0.00000957j|E2=-0.95720039-0.00000957j|E3=-0.95720039-0.00000957j
26-02-14-13 #-----------------------------------------#
26-02-14-13 [Step 254] logΨ: mean=-0.296-0.360j | min=-4.687+2.121j | max=-0.239+1.230j
26-02-14-13 梯度监控 | raw=0.0739 | per_param=0.0035 |  natural=0.0585 | clipped=0.0585(上限20.0)
26-02-14-13 原始规范坐标 G(Re Σrow_mean) = +10.6407 | 累计|g| = 7.6197
26-02-14-13 Ψ矩阵条件数 cond(Ψ) = 1.09e+02
26-02-14-13 Loss=-1.954542 | E0=-0.99723940-0.00041698j | E1=-0.95730217+0.00011523j|E2=-0.95730217+0.00011523j|E3=-0.95730217+0.00011523j
26-02-14-13 #-----------------------------------------#
26-02-14-13 [Step 255] logΨ: mean=-0.299-0.295j | min=-3.825+2.044j | max=-0.246+1.224j
26-02-14-13 梯度监控 | raw=0.0266 | per_param=0.0013 |  natural=0.0433 | clipped=0.0433(上限20.0)
26-02-14-13 原始规范坐标 G(Re Σrow_mean) = +10.6249 | 累计|g| = 7.6197
26-02-14-13 Ψ矩阵条件数 cond(Ψ) = 1.08e+02
26-02-14-13 Loss=-1.954734 | E0=-0.99721909-0.00040801j | E1=-0.95751451-0.00007169j|E2=-0.95751451-0.00007169j|E3=-0.95751451-0.00007169j
26-02-14-13 #-----------------------------------------#
26-02-14-13 [Step 256] logΨ: mean=-0.265-0.206j | min=-4.670+0.026j | max=-0.217+1.217j
26-02-14-13 梯度监控 | raw=0.0849 | per_param=0.0040 |  natural=0.0573 | clipped=0.0573(上限20.0)
26-02-14-13 原始规范坐标 G(Re Σrow_mean) = +10.6492 | 累计|g| = 7.6197
26-02-14-13 Ψ矩阵条件数 cond(Ψ) = 1.27e+02
26-02-14-13 Loss=-1.953370 | E0=-0.99719563-0.00046808j | E1=-0.95617403+0.00023753j|E2=-0.95617403+0.00023753j|E3=-0.95617403+0.00023753j
26-02-14-13 #-----------------------------------------#
26-02-14-13 [Step 257] logΨ: mean=-0.252-0.348j | min=-4.697-2.052j | max=-0.209+1.220j
26-02-14-13 梯度监控 | raw=0.0484 | per_param=0.0023 |  natural=0.0796 | clipped=0.0796(上限20.0)
26-02-14-13 原始规范坐标 G(Re Σrow_mean) = +10.6953 | 累计|g| = 7.6197
26-02-14-13 Ψ矩阵条件数 cond(Ψ) = 5.24e+01
26-02-14-13 Loss=-1.953927 | E0=-0.99759202-0.00046691j | E1=-0.95633454-0.00039291j|E2=-0.95633454-0.00039291j|E3=-0.95633454-0.00039291j
26-02-14-13 #-----------------------------------------#
26-02-14-13 [Step 258] logΨ: mean=-0.272-0.076j | min=-4.706-0.783j | max=-0.229+1.218j
26-02-14-13 梯度监控 | raw=0.0796 | per_param=0.0038 |  natural=0.0467 | clipped=0.0467(上限20.0)
26-02-14-13 原始规范坐标 G(Re Σrow_mean) = +10.6617 | 累计|g| = 7.6197
26-02-14-13 Ψ矩阵条件数 cond(Ψ) = 5.40e+01
26-02-14-13 Loss=-1.955101 | E0=-0.99769757-0.00043997j | E1=-0.95740322-0.00016725j|E2=-0.95740322-0.00016725j|E3=-0.95740322-0.00016725j
26-02-14-13 #-----------------------------------------#
26-02-14-13 [Step 259] logΨ: mean=-0.247-0.101j | min=-5.600-1.081j | max=-0.195+1.221j
26-02-14-13 梯度监控 | raw=0.1511 | per_param=0.0072 |  natural=0.1515 | clipped=0.1515(上限20.0)
26-02-14-13 原始规范坐标 G(Re Σrow_mean) = +10.6912 | 累计|g| = 7.6197
26-02-14-13 Ψ矩阵条件数 cond(Ψ) = 6.33e+01
26-02-14-13 Loss=-1.952530 | E0=-0.99726644-0.00012033j | E1=-0.95526326-0.00032163j|E2=-0.95526326-0.00032163j|E3=-0.95526326-0.00032163j
26-02-14-13 #-----------------------------------------#
26-02-14-13 [保存] Step 259 → pickle 文件已更新 (260 条记录)
26-02-14-13 [GaugeReset@260] 吸收 Δg = Σ Re(col_mean) = +10.6912 | 新|g| = 7.6197
26-02-14-13 [Step 260] logΨ: mean=-0.272-0.234j | min=-3.140-1.896j | max=-0.222+1.241j
26-02-14-13 梯度监控 | raw=0.0262 | per_param=0.0012 |  natural=0.0446 | clipped=0.0446(上限20.0)
26-02-14-13 原始规范坐标 G(Re Σrow_mean) = +10.6995 | 累计|g| = 7.6197
26-02-14-13 Ψ矩阵条件数 cond(Ψ) = 6.35e+01
26-02-14-13 Loss=-1.955342 | E0=-0.99767258-0.00039741j | E1=-0.95766925-0.00019077j|E2=-0.95766925-0.00019077j|E3=-0.95766925-0.00019077j
26-02-14-13 #-----------------------------------------#
26-02-14-13 [Step 261] logΨ: mean=-0.286-0.515j | min=-5.791+2.069j | max=-0.219+1.239j
26-02-14-13 梯度监控 | raw=0.0551 | per_param=0.0026 |  natural=0.1151 | clipped=0.1151(上限20.0)
26-02-14-13 原始规范坐标 G(Re Σrow_mean) = +10.7160 | 累计|g| = 7.6197
26-02-14-13 Ψ矩阵条件数 cond(Ψ) = 7.09e+01
26-02-14-13 Loss=-1.954453 | E0=-0.99745796-0.00044926j | E1=-0.95699546-0.00085538j|E2=-0.95699546-0.00085538j|E3=-0.95699546-0.00085538j
26-02-14-13 #-----------------------------------------#
26-02-14-13 [Step 262] logΨ: mean=-0.272-0.523j | min=-4.663+1.190j | max=-0.210+1.237j
26-02-14-13 梯度监控 | raw=0.0483 | per_param=0.0023 |  natural=0.0862 | clipped=0.0862(上限20.0)
26-02-14-13 原始规范坐标 G(Re Σrow_mean) = +10.7019 | 累计|g| = 7.6197
26-02-14-13 Ψ矩阵条件数 cond(Ψ) = 5.92e+01
26-02-14-13 Loss=-1.954027 | E0=-0.99769031-0.00055313j | E1=-0.95633718+0.00010647j|E2=-0.95633718+0.00010647j|E3=-0.95633718+0.00010647j
26-02-14-13 #-----------------------------------------#
26-02-14-13 [Step 263] logΨ: mean=-0.257-0.369j | min=-4.654+2.628j | max=-0.212+1.236j
26-02-14-13 梯度监控 | raw=0.0939 | per_param=0.0045 |  natural=0.0530 | clipped=0.0530(上限20.0)
26-02-14-13 原始规范坐标 G(Re Σrow_mean) = +10.6861 | 累计|g| = 7.6197
26-02-14-13 Ψ矩阵条件数 cond(Ψ) = 6.09e+01
26-02-14-13 Loss=-1.954015 | E0=-0.99726594-0.00041267j | E1=-0.95674921-0.00020993j|E2=-0.95674921-0.00020993j|E3=-0.95674921-0.00020993j
26-02-14-13 #-----------------------------------------#
26-02-14-13 [Step 264] logΨ: mean=-0.248-0.500j | min=-4.826-0.468j | max=-0.196+1.233j
26-02-14-13 梯度监控 | raw=0.1523 | per_param=0.0072 |  natural=0.0617 | clipped=0.0617(上限20.0)
26-02-14-13 原始规范坐标 G(Re Σrow_mean) = +10.6781 | 累计|g| = 7.6197
26-02-14-13 Ψ矩阵条件数 cond(Ψ) = 1.24e+02
26-02-14-13 Loss=-1.953196 | E0=-0.99781526-0.00056661j | E1=-0.95538100-0.00006603j|E2=-0.95538100-0.00006603j|E3=-0.95538100-0.00006603j
26-02-14-13 #-----------------------------------------#
26-02-14-13 [Step 265] logΨ: mean=-0.260-0.454j | min=-5.013+2.736j | max=-0.211+1.237j
26-02-14-13 梯度监控 | raw=0.0851 | per_param=0.0040 |  natural=0.0693 | clipped=0.0693(上限20.0)
26-02-14-13 原始规范坐标 G(Re Σrow_mean) = +10.6488 | 累计|g| = 7.6197
26-02-14-13 Ψ矩阵条件数 cond(Ψ) = 1.14e+02
26-02-14-13 Loss=-1.954518 | E0=-0.99758458-0.00045466j | E1=-0.95693304-0.00000593j|E2=-0.95693304-0.00000593j|E3=-0.95693304-0.00000593j
26-02-14-13 #-----------------------------------------#
26-02-14-13 [Step 266] logΨ: mean=-0.265-0.731j | min=-5.947-2.679j | max=-0.214+1.234j
26-02-14-13 梯度监控 | raw=0.0206 | per_param=0.0010 |  natural=0.0497 | clipped=0.0497(上限20.0)
26-02-14-13 原始规范坐标 G(Re Σrow_mean) = +10.6756 | 累计|g| = 7.6197
26-02-14-13 Ψ矩阵条件数 cond(Ψ) = 5.84e+01
26-02-14-13 Loss=-1.954574 | E0=-0.99723843-0.00064472j | E1=-0.95733600+0.00007382j|E2=-0.95733600+0.00007382j|E3=-0.95733600+0.00007382j
26-02-14-13 #-----------------------------------------#
26-02-14-13 [Step 267] logΨ: mean=-0.257-1.049j | min=-4.056-0.949j | max=-0.220+1.230j
26-02-14-13 梯度监控 | raw=0.0114 | per_param=0.0005 |  natural=0.0197 | clipped=0.0197(上限20.0)
26-02-14-13 原始规范坐标 G(Re Σrow_mean) = +10.6487 | 累计|g| = 7.6197
26-02-14-13 Ψ矩阵条件数 cond(Ψ) = 5.80e+01
26-02-14-13 Loss=-1.954964 | E0=-0.99765767-0.00041577j | E1=-0.95730637+0.00007376j|E2=-0.95730637+0.00007376j|E3=-0.95730637+0.00007376j
26-02-14-13 #-----------------------------------------#
26-02-14-13 [Step 268] logΨ: mean=-0.238-1.121j | min=-4.528+0.399j | max=-0.203+1.229j
26-02-14-13 梯度监控 | raw=0.0805 | per_param=0.0038 |  natural=0.0455 | clipped=0.0455(上限20.0)
26-02-14-13 原始规范坐标 G(Re Σrow_mean) = +10.6726 | 累计|g| = 7.6197
26-02-14-13 Ψ矩阵条件数 cond(Ψ) = 1.73e+02
26-02-14-13 Loss=-1.954090 | E0=-0.99770244-0.00048499j | E1=-0.95638778+0.00021671j|E2=-0.95638778+0.00021671j|E3=-0.95638778+0.00021671j
26-02-14-13 #-----------------------------------------#
26-02-14-13 [Step 269] logΨ: mean=-0.240-0.938j | min=-5.002-0.197j | max=-0.195+1.223j
26-02-14-13 梯度监控 | raw=0.1151 | per_param=0.0055 |  natural=0.0447 | clipped=0.0447(上限20.0)
26-02-14-13 原始规范坐标 G(Re Σrow_mean) = +10.7213 | 累计|g| = 7.6197
26-02-14-13 Ψ矩阵条件数 cond(Ψ) = 1.73e+02
26-02-14-13 Loss=-1.954269 | E0=-0.99754979-0.00049474j | E1=-0.95671886-0.00038492j|E2=-0.95671886-0.00038492j|E3=-0.95671886-0.00038492j
26-02-14-13 #-----------------------------------------#
26-02-14-13 [GaugeReset@270] 吸收 Δg = Σ Re(col_mean) = +10.7213 | 新|g| = 7.6409
26-02-14-13 [Step 270] logΨ: mean=-0.290-0.541j | min=-3.108-1.881j | max=-0.242+1.225j
26-02-14-13 梯度监控 | raw=0.0165 | per_param=0.0008 |  natural=0.0302 | clipped=0.0302(上限20.0)
26-02-14-13 原始规范坐标 G(Re Σrow_mean) = +10.7332 | 累计|g| = 7.6409
26-02-14-13 Ψ矩阵条件数 cond(Ψ) = 8.05e+01
26-02-14-13 Loss=-1.955292 | E0=-0.99767512-0.00045112j | E1=-0.95761663-0.00064090j|E2=-0.95761663-0.00064090j|E3=-0.95761663-0.00064090j
26-02-14-13 #-----------------------------------------#
26-02-14-13 [Step 271] logΨ: mean=-0.284-0.319j | min=-4.545-1.668j | max=-0.250+1.226j
26-02-14-13 梯度监控 | raw=0.0161 | per_param=0.0008 |  natural=0.0494 | clipped=0.0494(上限20.0)
26-02-14-13 原始规范坐标 G(Re Σrow_mean) = +10.6539 | 累计|g| = 7.6409
26-02-14-13 Ψ矩阵条件数 cond(Ψ) = 7.80e+01
26-02-14-13 Loss=-1.954889 | E0=-0.99737423-0.00046993j | E1=-0.95751491+0.00001555j|E2=-0.95751491+0.00001555j|E3=-0.95751491+0.00001555j
26-02-14-13 #-----------------------------------------#
26-02-14-13 [Step 272] logΨ: mean=-0.285-0.196j | min=-5.670+2.069j | max=-0.244+1.226j
26-02-14-13 梯度监控 | raw=0.0553 | per_param=0.0026 |  natural=0.0953 | clipped=0.0953(上限20.0)
26-02-14-13 原始规范坐标 G(Re Σrow_mean) = +10.6722 | 累计|g| = 7.6409
26-02-14-13 Ψ矩阵条件数 cond(Ψ) = 9.00e+01
26-02-14-13 Loss=-1.954514 | E0=-0.99738412-0.00033672j | E1=-0.95712954-0.00025719j|E2=-0.95712954-0.00025719j|E3=-0.95712954-0.00025719j
26-02-14-13 #-----------------------------------------#
26-02-14-13 [Step 273] logΨ: mean=-0.280-0.447j | min=-4.679-1.976j | max=-0.235+1.225j
26-02-14-13 梯度监控 | raw=0.1365 | per_param=0.0065 |  natural=0.0542 | clipped=0.0542(上限20.0)
26-02-14-13 原始规范坐标 G(Re Σrow_mean) = +10.6724 | 累计|g| = 7.6409
26-02-14-13 Ψ矩阵条件数 cond(Ψ) = 8.67e+01
26-02-14-13 Loss=-1.953889 | E0=-0.99769444-0.00043403j | E1=-0.95619414-0.00002896j|E2=-0.95619414-0.00002896j|E3=-0.95619414-0.00002896j
26-02-14-13 #-----------------------------------------#
26-02-14-13 [Step 274] logΨ: mean=-0.296-0.543j | min=-3.788-2.770j | max=-0.247+1.226j
26-02-14-13 梯度监控 | raw=0.0109 | per_param=0.0005 |  natural=0.0216 | clipped=0.0216(上限20.0)
26-02-14-13 原始规范坐标 G(Re Σrow_mean) = +10.6556 | 累计|g| = 7.6409
26-02-14-13 Ψ矩阵条件数 cond(Ψ) = 9.10e+01
26-02-14-13 Loss=-1.955114 | E0=-0.99743891-0.00038336j | E1=-0.95767544-0.00009835j|E2=-0.95767544-0.00009835j|E3=-0.95767544-0.00009835j
26-02-14-13 #-----------------------------------------#
26-02-14-13 [Step 275] logΨ: mean=-0.287-0.366j | min=-4.639+0.228j | max=-0.230+1.228j
26-02-14-13 梯度监控 | raw=0.0919 | per_param=0.0044 |  natural=0.0572 | clipped=0.0572(上限20.0)
26-02-14-13 原始规范坐标 G(Re Σrow_mean) = +10.6672 | 累计|g| = 7.6409
26-02-14-13 Ψ矩阵条件数 cond(Ψ) = 8.22e+01
26-02-14-13 Loss=-1.953722 | E0=-0.99738954-0.00045141j | E1=-0.95633283+0.00013430j|E2=-0.95633283+0.00013430j|E3=-0.95633283+0.00013430j
26-02-14-13 #-----------------------------------------#
26-02-14-13 [Step 276] logΨ: mean=-0.282-0.132j | min=-3.091+1.251j | max=-0.243+1.229j
26-02-14-13 梯度监控 | raw=0.0111 | per_param=0.0005 |  natural=0.0217 | clipped=0.0217(上限20.0)
26-02-14-13 原始规范坐标 G(Re Σrow_mean) = +10.6809 | 累计|g| = 7.6409
26-02-14-13 Ψ矩阵条件数 cond(Ψ) = 8.74e+01
26-02-14-13 Loss=-1.955199 | E0=-0.99758232-0.00040622j | E1=-0.95761691-0.00008115j|E2=-0.95761691-0.00008115j|E3=-0.95761691-0.00008115j
26-02-14-13 #-----------------------------------------#
26-02-14-13 [Step 277] logΨ: mean=-0.296-0.143j | min=-6.015-2.671j | max=-0.245+1.230j
26-02-14-13 梯度监控 | raw=0.0178 | per_param=0.0008 |  natural=0.0544 | clipped=0.0544(上限20.0)
26-02-14-13 原始规范坐标 G(Re Σrow_mean) = +10.6844 | 累计|g| = 7.6409
26-02-14-13 Ψ矩阵条件数 cond(Ψ) = 9.27e+01
26-02-14-13 Loss=-1.954685 | E0=-0.99719678-0.00044743j | E1=-0.95748792-0.00019016j|E2=-0.95748792-0.00019016j|E3=-0.95748792-0.00019016j
26-02-14-13 #-----------------------------------------#
26-02-14-13 [Step 278] logΨ: mean=-0.306-0.471j | min=-5.696+0.686j | max=-0.255+1.234j
26-02-14-13 梯度监控 | raw=0.0086 | per_param=0.0004 |  natural=0.0431 | clipped=0.0431(上限20.0)
26-02-14-13 原始规范坐标 G(Re Σrow_mean) = +10.6721 | 累计|g| = 7.6409
26-02-14-13 Ψ矩阵条件数 cond(Ψ) = 9.34e+01
26-02-14-13 Loss=-1.955112 | E0=-0.99720197-0.00042680j | E1=-0.95790980+0.00008186j|E2=-0.95790980+0.00008186j|E3=-0.95790980+0.00008186j
26-02-14-13 #-----------------------------------------#
26-02-14-13 [Step 279] logΨ: mean=-0.312-0.408j | min=-4.810-0.993j | max=-0.255+1.232j
26-02-14-13 梯度监控 | raw=0.1100 | per_param=0.0052 |  natural=0.0510 | clipped=0.0510(上限20.0)
26-02-14-13 原始规范坐标 G(Re Σrow_mean) = +10.6921 | 累计|g| = 7.6409
26-02-14-13 Ψ矩阵条件数 cond(Ψ) = 1.05e+02
26-02-14-13 Loss=-1.954803 | E0=-0.99751541-0.00037130j | E1=-0.95728801-0.00039803j|E2=-0.95728801-0.00039803j|E3=-0.95728801-0.00039803j
26-02-14-13 #-----------------------------------------#
26-02-14-13 [保存] Step 279 → pickle 文件已更新 (280 条记录)
26-02-14-13 [GaugeReset@280] 吸收 Δg = Σ Re(col_mean) = +10.6921 | 新|g| = 7.6192
26-02-14-13 [Step 280] logΨ: mean=-0.258-0.496j | min=-4.644+1.254j | max=-0.204+1.241j
26-02-14-13 梯度监控 | raw=0.0186 | per_param=0.0009 |  natural=0.0628 | clipped=0.0628(上限20.0)
26-02-14-13 原始规范坐标 G(Re Σrow_mean) = +10.6963 | 累计|g| = 7.6192
26-02-14-13 Ψ矩阵条件数 cond(Ψ) = 7.79e+01
26-02-14-13 Loss=-1.953984 | E0=-0.99727010-0.00033370j | E1=-0.95671341-0.00017704j|E2=-0.95671341-0.00017704j|E3=-0.95671341-0.00017704j
26-02-14-13 #-----------------------------------------#
26-02-14-13 [Step 281] logΨ: mean=-0.229-0.554j | min=-5.525-1.131j | max=-0.184+1.235j
26-02-14-13 梯度监控 | raw=0.0615 | per_param=0.0029 |  natural=0.1120 | clipped=0.1120(上限20.0)
26-02-14-13 原始规范坐标 G(Re Σrow_mean) = +10.7332 | 累计|g| = 7.6192
26-02-14-13 Ψ矩阵条件数 cond(Ψ) = 9.27e+01
26-02-14-13 Loss=-1.954104 | E0=-0.99747296-0.00036901j | E1=-0.95663102-0.00016458j|E2=-0.95663102-0.00016458j|E3=-0.95663102-0.00016458j
26-02-14-13 #-----------------------------------------#
26-02-14-13 [Step 282] logΨ: mean=-0.229-0.594j | min=-4.488-1.630j | max=-0.182+1.231j
26-02-14-13 梯度监控 | raw=0.0931 | per_param=0.0044 |  natural=0.0731 | clipped=0.0731(上限20.0)
26-02-14-13 原始规范坐标 G(Re Σrow_mean) = +10.7507 | 累计|g| = 7.6192
26-02-14-13 Ψ矩阵条件数 cond(Ψ) = 7.57e+01
26-02-14-13 Loss=-1.954014 | E0=-0.99771802-0.00059284j | E1=-0.95629592+0.00034623j|E2=-0.95629592+0.00034623j|E3=-0.95629592+0.00034623j
26-02-14-13 #-----------------------------------------#
26-02-14-13 [Step 283] logΨ: mean=-0.245-0.403j | min=-4.143-2.069j | max=-0.193+1.234j
26-02-14-13 梯度监控 | raw=0.0169 | per_param=0.0008 |  natural=0.0505 | clipped=0.0505(上限20.0)
26-02-14-13 原始规范坐标 G(Re Σrow_mean) = +10.7094 | 累计|g| = 7.6192
26-02-14-13 Ψ矩阵条件数 cond(Ψ) = 8.02e+01
26-02-14-13 Loss=-1.955021 | E0=-0.99716412-0.00034379j | E1=-0.95785685-0.00022813j|E2=-0.95785685-0.00022813j|E3=-0.95785685-0.00022813j
26-02-14-13 #-----------------------------------------#
26-02-14-13 [Step 284] logΨ: mean=-0.234-0.229j | min=-4.492-1.651j | max=-0.189+1.238j
26-02-14-13 梯度监控 | raw=0.0312 | per_param=0.0015 |  natural=0.0576 | clipped=0.0576(上限20.0)
26-02-14-13 原始规范坐标 G(Re Σrow_mean) = +10.7075 | 累计|g| = 7.6192
26-02-14-13 Ψ矩阵条件数 cond(Ψ) = 1.02e+02
26-02-14-13 Loss=-1.954646 | E0=-0.99787314-0.00047481j | E1=-0.95677280+0.00012716j|E2=-0.95677280+0.00012716j|E3=-0.95677280+0.00012716j
26-02-14-13 #-----------------------------------------#
26-02-14-13 [Step 285] logΨ: mean=-0.246-0.133j | min=-4.132-0.855j | max=-0.206+1.242j
26-02-14-13 梯度监控 | raw=0.0155 | per_param=0.0007 |  natural=0.0337 | clipped=0.0337(上限20.0)
26-02-14-13 原始规范坐标 G(Re Σrow_mean) = +10.7751 | 累计|g| = 7.6192
26-02-14-13 Ψ矩阵条件数 cond(Ψ) = 7.23e+01
26-02-14-13 Loss=-1.955295 | E0=-0.99781584-0.00048062j | E1=-0.95747897+0.00002075j|E2=-0.95747897+0.00002075j|E3=-0.95747897+0.00002075j
26-02-14-13 #-----------------------------------------#
26-02-14-13 [Step 286] logΨ: mean=-0.217-0.135j | min=-5.538+2.084j | max=-0.177+1.240j
26-02-14-13 梯度监控 | raw=0.0589 | per_param=0.0028 |  natural=0.1173 | clipped=0.1173(上限20.0)
26-02-14-13 原始规范坐标 G(Re Σrow_mean) = +10.7946 | 累计|g| = 7.6192
26-02-14-13 Ψ矩阵条件数 cond(Ψ) = 8.85e+01
26-02-14-13 Loss=-1.953450 | E0=-0.99714950-0.00035101j | E1=-0.95630050-0.00030696j|E2=-0.95630050-0.00030696j|E3=-0.95630050-0.00030696j
26-02-14-13 #-----------------------------------------#
26-02-14-13 [Step 287] logΨ: mean=-0.237-0.398j | min=-5.896+2.119j | max=-0.189+1.239j
26-02-14-13 梯度监控 | raw=0.0804 | per_param=0.0038 |  natural=0.0866 | clipped=0.0866(上限20.0)
26-02-14-13 原始规范坐标 G(Re Σrow_mean) = +10.7993 | 累计|g| = 7.6192
26-02-14-13 Ψ矩阵条件数 cond(Ψ) = 1.02e+02
26-02-14-13 Loss=-1.954459 | E0=-0.99710374-0.00033752j | E1=-0.95735498-0.00019373j|E2=-0.95735498-0.00019373j|E3=-0.95735498-0.00019373j
26-02-14-13 #-----------------------------------------#
26-02-14-13 [Step 288] logΨ: mean=-0.209-0.446j | min=-5.391+0.578j | max=-0.171+1.237j
26-02-14-13 梯度监控 | raw=0.0134 | per_param=0.0006 |  natural=0.0564 | clipped=0.0564(上限20.0)
26-02-14-13 原始规范坐标 G(Re Σrow_mean) = +10.7791 | 累计|g| = 7.6192
26-02-14-13 Ψ矩阵条件数 cond(Ψ) = 9.62e+01
26-02-14-13 Loss=-1.954122 | E0=-0.99727866-0.00033138j | E1=-0.95684307+0.00001278j|E2=-0.95684307+0.00001278j|E3=-0.95684307+0.00001278j
26-02-14-13 #-----------------------------------------#
26-02-14-13 [Step 289] logΨ: mean=-0.217-0.696j | min=-5.398-2.554j | max=-0.171+1.242j
26-02-14-13 梯度监控 | raw=0.0610 | per_param=0.0029 |  natural=0.0835 | clipped=0.0835(上限20.0)
26-02-14-13 原始规范坐标 G(Re Σrow_mean) = +10.7297 | 累计|g| = 7.6192
26-02-14-13 Ψ矩阵条件数 cond(Ψ) = 9.36e+01
26-02-14-13 Loss=-1.953990 | E0=-0.99738932-0.00051331j | E1=-0.95660118+0.00025076j|E2=-0.95660118+0.00025076j|E3=-0.95660118+0.00025076j
26-02-14-13 #-----------------------------------------#
26-02-14-13 [GaugeReset@290] 吸收 Δg = Σ Re(col_mean) = +10.7297 | 新|g| = 7.6434
26-02-14-13 [Step 290] logΨ: mean=-0.239-0.603j | min=-4.550-1.852j | max=-0.186+1.260j
26-02-14-13 梯度监控 | raw=0.0854 | per_param=0.0041 |  natural=0.0588 | clipped=0.0588(上限20.0)
26-02-14-13 原始规范坐标 G(Re Σrow_mean) = +10.7469 | 累计|g| = 7.6434
26-02-14-13 Ψ矩阵条件数 cond(Ψ) = 1.25e+02
26-02-14-13 Loss=-1.953611 | E0=-0.99762023-0.00036253j | E1=-0.95599058-0.00000477j|E2=-0.95599058-0.00000477j|E3=-0.95599058-0.00000477j
26-02-14-13 #-----------------------------------------#
26-02-14-13 [Step 291] logΨ: mean=-0.236-0.524j | min=-5.977-1.100j | max=-0.180+1.262j
26-02-14-13 梯度监控 | raw=0.0542 | per_param=0.0026 |  natural=0.0841 | clipped=0.0841(上限20.0)
26-02-14-13 原始规范坐标 G(Re Σrow_mean) = +10.7342 | 累计|g| = 7.6434
26-02-14-13 Ψ矩阵条件数 cond(Ψ) = 7.04e+01
26-02-14-13 Loss=-1.954266 | E0=-0.99702307-0.00030785j | E1=-0.95724268-0.00009454j|E2=-0.95724268-0.00009454j|E3=-0.95724268-0.00009454j
26-02-14-13 #-----------------------------------------#
26-02-14-13 [Step 292] logΨ: mean=-0.209-0.304j | min=-5.420-2.533j | max=-0.179+1.264j
26-02-14-13 梯度监控 | raw=0.0868 | per_param=0.0041 |  natural=0.0369 | clipped=0.0369(上限20.0)
26-02-14-13 原始规范坐标 G(Re Σrow_mean) = +10.7190 | 累计|g| = 7.6434
26-02-14-13 Ψ矩阵条件数 cond(Ψ) = 1.67e+02
26-02-14-13 Loss=-1.954326 | E0=-0.99732213-0.00036626j | E1=-0.95700369-0.00007328j|E2=-0.95700369-0.00007328j|E3=-0.95700369-0.00007328j
26-02-14-13 #-----------------------------------------#
26-02-14-13 [Step 293] logΨ: mean=-0.236+0.339j | min=-7.400-2.462j | max=-0.174+1.270j
26-02-14-13 梯度监控 | raw=0.0152 | per_param=0.0007 |  natural=0.0606 | clipped=0.0606(上限20.0)
26-02-14-13 原始规范坐标 G(Re Σrow_mean) = +10.6823 | 累计|g| = 7.6434
26-02-14-13 Ψ矩阵条件数 cond(Ψ) = 1.59e+02
26-02-14-13 Loss=-1.954601 | E0=-0.99701913-0.00028542j | E1=-0.95758152+0.00006817j|E2=-0.95758152+0.00006817j|E3=-0.95758152+0.00006817j
26-02-14-13 #-----------------------------------------#
26-02-14-13 [Step 294] logΨ: mean=-0.225+0.556j | min=-5.755+2.056j | max=-0.176+1.264j
26-02-14-13 梯度监控 | raw=0.0589 | per_param=0.0028 |  natural=0.1018 | clipped=0.1018(上限20.0)
26-02-14-13 原始规范坐标 G(Re Σrow_mean) = +10.7203 | 累计|g| = 7.6434
26-02-14-13 Ψ矩阵条件数 cond(Ψ) = 1.27e+02
26-02-14-13 Loss=-1.954495 | E0=-0.99751647-0.00030800j | E1=-0.95697882-0.00019242j|E2=-0.95697882-0.00019242j|E3=-0.95697882-0.00019242j
26-02-14-13 #-----------------------------------------#
26-02-14-13 [Step 295] logΨ: mean=-0.213+0.245j | min=-4.513-0.158j | max=-0.178+1.266j
26-02-14-13 梯度监控 | raw=0.1045 | per_param=0.0050 |  natural=0.0347 | clipped=0.0347(上限20.0)
26-02-14-13 原始规范坐标 G(Re Σrow_mean) = +10.7518 | 累计|g| = 7.6434
26-02-14-13 Ψ矩阵条件数 cond(Ψ) = 1.52e+02
26-02-14-13 Loss=-1.954206 | E0=-0.99784362-0.00045864j | E1=-0.95636221+0.00008196j|E2=-0.95636221+0.00008196j|E3=-0.95636221+0.00008196j
26-02-14-13 #-----------------------------------------#
26-02-14-13 [Step 296] logΨ: mean=-0.251+0.411j | min=-5.629+0.170j | max=-0.175+1.266j
26-02-14-13 梯度监控 | raw=0.1688 | per_param=0.0080 |  natural=0.0737 | clipped=0.0737(上限20.0)
26-02-14-13 原始规范坐标 G(Re Σrow_mean) = +10.7630 | 累计|g| = 7.6434
26-02-14-13 Ψ矩阵条件数 cond(Ψ) = 7.25e+01
26-02-14-13 Loss=-1.954282 | E0=-0.99726450-0.00033789j | E1=-0.95701711-0.00015145j|E2=-0.95701711-0.00015145j|E3=-0.95701711-0.00015145j
26-02-14-13 #-----------------------------------------#
26-02-14-13 [Step 297] logΨ: mean=-0.186+0.430j | min=-4.502+1.326j | max=-0.147+1.252j
26-02-14-13 梯度监控 | raw=0.0146 | per_param=0.0007 |  natural=0.0540 | clipped=0.0540(上限20.0)
26-02-14-13 原始规范坐标 G(Re Σrow_mean) = +10.8418 | 累计|g| = 7.6434
26-02-14-13 Ψ矩阵条件数 cond(Ψ) = 6.82e+01
26-02-14-13 Loss=-1.954165 | E0=-0.99771741-0.00042211j | E1=-0.95644738+0.00002329j|E2=-0.95644738+0.00002329j|E3=-0.95644738+0.00002329j
26-02-14-13 #-----------------------------------------#
26-02-14-13 [Step 298] logΨ: mean=-0.190+0.784j | min=-4.618-0.281j | max=-0.147+1.254j
26-02-14-13 梯度监控 | raw=0.1398 | per_param=0.0066 |  natural=0.0616 | clipped=0.0616(上限20.0)
26-02-14-13 原始规范坐标 G(Re Σrow_mean) = +10.8115 | 累计|g| = 7.6434
26-02-14-13 Ψ矩阵条件数 cond(Ψ) = 6.93e+01
26-02-14-13 Loss=-1.953965 | E0=-0.99747132-0.00030385j | E1=-0.95649346-0.00035076j|E2=-0.95649346-0.00035076j|E3=-0.95649346-0.00035076j
26-02-14-13 #-----------------------------------------#
26-02-14-13 [Step 299] logΨ: mean=-0.180+0.640j | min=-3.761+0.400j | max=-0.150+1.253j
26-02-14-13 梯度监控 | raw=0.0059 | per_param=0.0003 |  natural=0.0116 | clipped=0.0116(上限20.0)
26-02-14-13 原始规范坐标 G(Re Σrow_mean) = +10.7846 | 累计|g| = 7.6434
26-02-14-13 Ψ矩阵条件数 cond(Ψ) = 7.09e+01
26-02-14-13 Loss=-1.954727 | E0=-0.99746288-0.00035065j | E1=-0.95726441-0.00007778j|E2=-0.95726441-0.00007778j|E3=-0.95726441-0.00007778j
26-02-14-13 #-----------------------------------------#
26-02-14-13 [保存] Step 299 → pickle 文件已更新 (300 条记录)
26-02-14-13 [GaugeReset@300] 吸收 Δg = Σ Re(col_mean) = +10.7846 | 新|g| = 7.6822
26-02-14-13 训练耗时：60.90 秒
26-02-14-13 
============================================================
26-02-14-13 训练完成!
26-02-14-13 ============================================================
26-02-14-13 [保存] 训练结束，pickle 最终写入 300 条记录 → ./data/26-10-02-14-12_history_natural_gradient_H2_molecule_K4_realFFNN.pkl
